a e inc Omega omega Manom LibCen LibAmp KozCen KozAmp
39.28710663655643 0.2804494015585 21.832883533650502 178.80338088639695 254.82892096628478 305.2559277089939 172.5 82.5 262.5 60.0
39.38833076591107 0.265957419487528 15.383453816373892 324.37152181813735 96.44949743831008 167.70680567660182 172.5 45.0 82.5 75.0
39.439780408097334 0.3134708216679 41.19862006657285 143.24058978530928 98.09827372658422 291.3806732774754 172.5 45.0 82.5 15.0
39.241853528667725 0.275690971693859 34.2366064068364 215.9861163542302 68.77746882109165 136.69285466334514 171.75 111.75 82.5 45.0
39.446707651854304 0.245323665674006 18.206012873409993 185.98770756183248 126.71280330398601 4.780566904782083 172.5 45.0 82.5 45.0
39.41822309430686 0.263653737880576 29.95045682104321 354.5182415540116 226.82086801154676 291.29440894884095 173.25 98.25 262.5 60.0
39.257693076743266 0.207619707655738 20.355962608228335 313.8247194916727 107.69102847515448 73.25346734500285 172.5 105.0 82.5 75.0
39.27172935908996 0.305505654592572 19.442233167105165 242.27654123421684 265.4721827442427 352.7873733598022 172.5 90.0 262.5 75.0
39.58805088981503 0.241023347977792 28.746212290404394 130.1116834093913 295.37074325892377 62.1924567994199 171.75 117.75 262.5 45.0
39.53699926790013 0.248344750647265 12.460065021173488 135.43239974524568 276.5444870088479 196.92562881286844 172.5 90.0 262.5 45.0
39.44673360491274 0.370494400441073 27.704612010288173 333.24279908231534 274.21786024680284 175.99560318267632 172.5 58.5 262.5 75.0
39.39956625083652 0.360278910290711 45.86567792123776 7.729078103865646 260.58861482675974 180.25997676896662 172.5 69.0 262.5 30.0
39.24163772618555 0.253923425985958 36.70144135104005 281.13943446167127 104.46372783435855 340.88823086914135 172.5 94.5 172.5 150.0
39.31605523390547 0.288711217813823 20.037379754702513 13.344009382421033 111.74723393256572 142.19482923199723 171.75 92.25 82.5 60.0
39.325427289582834 0.22593408979202 30.78387424020017 347.1095350154184 266.7020401888748 139.46083259624731 171.75 111.75 262.5 45.0
39.30813234776064 0.312684475798534 44.00518193073087 281.1619003310342 271.90895830075203 323.99501897112424 172.5 75.0 262.5 15.0
39.406920387450064 0.30609227186428 31.974074583188 348.0637448887061 209.53160276443856 95.21019618271663 172.5 54.0 262.5 75.0
39.37049402346927 0.264545273653504 39.021509769003245 155.7971537226258 221.6337716423765 88.26428645204376 172.5 64.5 262.5 75.0
39.44032783775529 0.255335805221306 8.952275181897654 51.74085376885847 257.94894265147434 354.4188549583686 172.5 75.0 262.5 45.0
39.33784416564736 0.274523912877534 19.396685988040062 264.6975398418412 60.355220741799094 23.496497046868296 171.0 90.0 82.5 60.0
39.51734818581665 0.267756183439728 29.74197752633445 220.70132879163364 265.37662086275236 234.82761903286465 172.5 105.0 262.5 30.0
39.49569318744205 0.226448153036734 24.792127743498504 127.0171106233553 55.71731809078034 344.96039412821005 172.5 93.0 82.5 75.0
39.48861443590554 0.278155796964492 28.80596882555626 162.57982022954153 294.0143469607066 152.36553000134168 172.5 70.5 262.5 30.0
39.48951188368291 0.289070700959876 20.45171252365515 269.17422874271546 101.81581032729606 345.2914747832212 171.75 86.25 82.5 60.0
39.49690573939594 0.269324020075447 26.68286453547596 330.7124719789515 70.73762526031244 210.3504048134899 173.25 90.75 82.5 30.0
39.43209695273144 0.25602620591676 30.169923253452392 298.4698095838013 207.41836330125093 233.73354645411126 172.5 55.5 262.5 75.0
39.40113817006293 0.248593239867312 25.601073312499807 347.46180678932456 60.33431631245608 169.89607999517315 174.0 96.0 82.5 45.0
39.376916609729314 0.24912659612154 34.26267425087276 164.88784034818073 264.4140771876505 24.32566965258343 172.5 105.0 262.5 30.0
39.42246934562777 0.270326264449569 25.884943864125198 102.49594479348036 290.47482206945773 214.94696402767545 172.5 84.0 262.5 45.0
39.409910697555446 0.291950633044669 28.23269333007272 319.07403695971993 281.2521190629261 281.584187645514 171.75 84.75 262.5 45.0
39.33919059983631 0.328501951954564 26.641783087202114 80.35060614422372 106.96444358125733 221.98753861695138 172.5 60.0 82.5 60.0
39.36087368357204 0.232745323380722 20.91510198131131 155.657030957865 239.70653317373365 330.40836697342195 172.5 60.0 262.5 75.0
39.47316843227545 0.235612464242703 26.588639952602165 84.49372277154433 45.50067392011171 119.12930781293441 172.5 102.0 82.5 75.0
39.269976533632786 0.223966422166372 20.21320030545312 277.4745597809579 50.12881550426102 246.08351943517198 172.5 85.5 82.5 90.0
39.420773186988086 0.289519767699341 38.93870612813332 340.0260389413606 120.4350990206118 27.378686970588625 172.5 30.0 82.5 45.0
39.498473238659145 0.30383139442127 33.55265934154714 255.18169181249425 302.2270448909719 205.73641105265276 171.75 87.75 262.5 60.0
39.37512189117769 0.17446391489511 31.36851627817731 202.01135872434142 271.7494893345367 17.245647362866176 173.25 51.75 262.5 75.0
39.39704150696315 0.365063354233336 44.06708731668871 139.29654328929283 291.5713239838685 187.91701738700263 173.25 69.75 262.5 45.0
39.4969342541213 0.290827779943225 22.163901998776012 198.39866731887315 273.85064289802284 283.7045431458055 172.5 69.0 262.5 60.0
39.32539753461652 0.301380856665241 22.07517230082139 129.4106772883652 243.06737327637774 213.23336479283515 171.75 57.75 262.5 60.0
39.4300768856103 0.276509565346681 15.18335511571173 113.04326548110075 290.31189176149394 87.25747990172684 172.5 73.5 262.5 45.0
39.443797486227076 0.276871608425591 46.01121279764543 299.13681957715573 118.09487176639476 291.5754755928129 172.5 48.0 82.5 45.0
39.38022634656698 0.294813084963601 34.347742889446806 34.733298990760545 272.6453377145425 143.12993831412788 172.5 45.0 262.5 15.0
39.405704024187536 0.325344665429994 26.765448513793153 354.338457017227 55.251741421466065 91.02545267853436 171.0 72.0 82.5 75.0
39.46452181432364 0.31260270097573 31.613203758325454 307.5645366154038 220.28045596926475 105.97023388667766 172.5 72.0 262.5 75.0
39.431298540156746 0.362974114292781 52.031327893486704 307.9274227274334 258.07697441121707 223.76510379893853 172.5 75.0 262.5 30.0
39.3660028656864 0.276540996444031 37.41695882029962 171.65737663162503 263.51318185147215 190.14869425372893 172.5 75.0 262.5 15.0
39.299460064257055 0.240691415321791 20.2543053590713 103.95166063547596 249.85158745774652 315.3729786764633 172.5 120.0 262.5 45.0
39.54907248282514 0.227268443182359 25.28904967519736 285.9770121203987 118.74709050782147 61.854099624396554 172.5 100.5 82.5 75.0
39.52591027262202 0.278771950384995 25.545772000303824 70.04261174166544 57.608888427075414 19.608557207134826 173.25 87.75 82.5 45.0
39.40368163763573 0.314818657304932 45.90965129615076 233.4816053109657 97.54658794170376 229.42215823095242 172.5 45.0 82.5 15.0
39.3343610838805 0.349519702663538 40.454670917643824 191.4313780177482 303.44748842855165 354.3716617163318 172.5 64.5 262.5 45.0
39.33418410047392 0.310423241347439 18.341245676402263 119.07297964170118 279.36075594130546 75.56548439214012 172.5 60.0 262.5 75.0
39.456889798158244 0.235381617091349 26.145443642867605 75.41349061512769 123.23944154784606 81.48727737362101 171.75 57.75 82.5 60.0
39.31103338422382 0.280201795369811 26.3031846829322 309.8732046500521 303.0245118235 167.8763727895391 173.25 98.25 262.5 60.0
39.46695360175896 0.297129721157522 33.13830094833789 209.4138066740974 83.21939446122866 284.09240557275666 171.75 105.75 82.5 30.0
39.465444670311655 0.301318308831688 20.6961523356579 226.92269073698301 107.92702500666654 129.8601762424173 172.5 60.0 82.5 60.0
39.28558079464242 0.30662496934221 49.72700179020364 349.18804070572145 93.17855691360009 182.60227981447164 173.25 90.75 82.5 15.0
39.346962590501434 0.264956583033562 29.656597884231413 195.05969644621533 262.99051997130204 188.98340673231178 173.25 119.25 262.5 30.0
39.44414859828163 0.242868826774451 37.81040230562169 100.00053949211356 77.4767037116694 238.16066965725008 172.5 63.0 82.5 30.0
39.40033141271321 0.307559310906248 35.95838441799326 59.92451749137276 105.60948650768552 228.48381383329314 172.5 15.0 82.5 30.0
39.570210803592495 0.26856062124208 31.720331824168284 255.9957161599347 82.41176724969606 111.54577004231533 171.75 102.75 82.5 30.0
39.30568383526473 0.335253739179026 48.09335740672422 47.35458435558674 260.2771374025685 134.6936041921854 172.5 75.0 262.5 15.0
39.41484209847312 0.244471677317615 37.07884970722617 245.75883411206968 120.35500986764858 109.80308144499693 171.75 65.25 82.5 60.0
39.368550623865616 0.230132500187742 21.80430063800586 40.568495269468514 99.22342264385361 1.321043984121762 172.5 34.5 82.5 60.0
39.43208651556705 0.316898841470437 33.70064799500289 140.45127018046344 137.81534773317728 168.93820187847632 172.5 63.0 82.5 60.0
39.492734438262154 0.292949165301608 19.676226335939152 133.0478573356875 270.3655214284586 177.39134583032288 173.25 87.75 262.5 60.0
39.4714726611128 0.3408475340297 45.24558073333277 331.9994425607711 81.29598891047176 183.29021729323168 172.5 60.0 82.5 30.0
39.438280039367946 0.242898687316164 27.71554740683711 307.2056244414411 262.3015310970154 310.0123865256529 172.5 60.0 262.5 30.0
39.38039807491343 0.336125571906656 37.27096006757344 185.03397264789882 52.40289108409417 175.79921371146648 172.5 58.5 82.5 60.0
39.39413361871584 0.245372702974693 20.908665025391503 70.52906995241699 297.72017535442353 242.72271804627775 172.5 105.0 262.5 60.0
39.35673757090156 0.287437064119045 20.451687383870635 98.91327652635599 94.94654928902087 210.86377063157659 172.5 45.0 82.5 45.0
39.40347407046359 0.220941302652012 21.048510428812985 275.9547395450656 111.99273191984923 223.60746511269616 172.5 85.5 82.5 60.0
39.431564083597344 0.21304423450661 41.74538572989924 17.318253741499216 96.76628764537614 256.3141373206021 173.25 56.25 82.5 60.0
39.49072435682791 0.319407999939521 27.339888251573512 86.79916032121405 78.59903049096621 101.53309102645541 173.25 89.25 82.5 60.0
39.411070959808534 0.201726864816231 39.514697800107996 53.983647216221925 82.7946104624363 24.09197391501076 172.5 42.0 82.5 60.0
39.41753826139937 0.240322174068542 13.160770303354159 147.85920453300355 112.17189137660864 192.41288361385858 172.5 90.0 82.5 45.0
39.3834780407983 0.315806879017663 50.041878054348494 115.06538699249069 305.2773299696773 40.19964956987077 173.25 69.75 262.5 45.0
39.513721144799305 0.244683465531255 11.012641718093741 241.15974092518218 279.8557674385238 224.7282490939264 172.5 72.0 262.5 60.0
39.50744843531305 0.299353239177296 23.108750259146873 140.53330812549302 91.45467345801345 178.16987988616228 171.75 87.75 82.5 45.0
39.3849564021393 0.318329333059632 39.012049173428736 132.92806426683288 82.11037445781612 194.54680264371532 172.5 30.0 82.5 30.0
39.38417986031259 0.26039063009893 14.789846955152836 263.59071819713836 105.90042296757501 328.412608168944 172.5 30.0 82.5 60.0
39.47821294801158 0.200344853015841 32.06376339838841 135.3322253615921 95.6499588551965 36.51679789050596 172.5 112.5 82.5 75.0
39.48779450892708 0.218332425020962 21.716447451841876 318.83945462793343 278.71812727621887 302.82392622096154 173.25 77.25 262.5 60.0
39.30686319998274 0.280308778265022 26.46706325728975 218.08152008006695 109.00751052375107 129.40571595256657 172.5 88.5 82.5 30.0
39.3609174553079 0.277363630625966 20.66799859294301 149.64564055175416 326.235507123443 143.07050565697554 172.5 34.5 262.5 75.0
39.237752324486664 0.228778296146135 23.836549952782224 339.2368421269043 306.0237513472358 135.39064205047464 172.5 97.5 262.5 60.0
39.36447440349371 0.257632075253955 18.48860607669918 128.55635210641975 295.41310431216425 158.56275725085973 172.5 75.0 262.5 45.0
39.318881449680575 0.296873012238089 36.918671627225166 333.6173043732387 104.28509235638707 180.0508961052095 172.5 75.0 82.5 30.0
39.518414519119595 0.279973306364641 26.89651236531233 97.01022354293278 129.75906650001127 286.2810244127651 173.25 113.25 82.5 90.0
39.3996434885143 0.322864929728375 29.263129623627282 340.0863006624025 85.17540186384376 191.27263488369846 172.5 60.0 82.5 45.0
39.36400142850857 0.315423728690544 42.069776636037815 202.3373996284833 70.6452379673311 271.44585271589733 172.5 45.0 82.5 30.0
39.28608328939103 0.236545162233447 26.353318160709556 86.16797394074325 114.01640546566497 107.87615789859275 172.5 105.0 82.5 60.0
39.572217136684266 0.235702656174227 25.014560737491294 236.8253274091989 131.0044328810861 197.41294596011357 172.5 115.5 75.0 52.5
39.53103486117172 0.266520246063537 26.782622081621824 210.4502359877727 262.23269247271355 148.17057838289696 172.5 94.5 262.5 45.0
39.421086307398085 0.288395475784834 23.01714497602597 215.4531292927645 302.7611807127717 351.99752828887523 172.5 30.0 262.5 60.0
39.34456400878918 0.284196672456119 26.930524329632892 330.6946581394885 87.5010498124608 303.8030132684433 171.75 56.25 82.5 30.0
39.431177658884536 0.231532400655801 26.362539640113926 145.45537010069418 292.5931057427349 296.4328107056762 172.5 45.0 262.5 45.0
39.376646714129 0.284659562652248 19.023799438868103 307.6801564414938 56.36523419509704 352.0497398960111 172.5 60.0 82.5 60.0
39.42206880562204 0.233319655895772 19.782179830425104 270.1747907545133 84.32620167194328 309.1033477714894 172.5 120.0 82.5 45.0
39.27486509944327 0.242294005820428 28.982752394611534 209.31040005239538 68.11452108109904 278.4882404229592 172.5 105.0 82.5 45.0
39.57000475063917 0.218364117046878 29.491380230856493 94.58375518452343 100.71701320602199 316.6798350960558 173.25 119.25 82.5 45.0
39.44238046285832 0.223193037082946 27.217215196139318 284.4000972206576 126.95578225132557 62.30195800097746 172.5 43.5 82.5 60.0
39.5149584152149 0.236935404560985 34.62301805869192 166.218562565192 283.14644455796224 135.58430146934703 171.75 117.75 262.5 30.0
39.35264445980719 0.21960469209791 32.7029075958019 204.79079968848242 250.40098831919283 266.1036908102791 172.5 75.0 262.5 45.0
39.47734510175104 0.372923721756224 49.06205513298758 200.5668069278827 289.4752404184693 20.002866060553156 172.5 57.0 262.5 30.0
39.39417262377547 0.332648993334097 24.174941719424165 64.70921161161425 231.66198597856283 11.270039519735212 171.0 69.0 262.5 75.0
39.40024330702997 0.301183420984814 25.161567235897202 65.62554477896562 129.4356418844179 339.5293030778472 173.25 59.25 82.5 60.0
39.49878767547105 0.249972500483217 38.27145124062759 261.8490731400818 38.200147791141625 131.52610198093575 172.5 64.5 82.5 90.0
39.48266956061001 0.24907287071546 18.04062928866464 296.53329457624903 55.440000012717654 109.05364335105554 172.5 60.0 82.5 45.0
39.46607542097638 0.288144070657571 23.90933642283221 169.3378380304777 48.12239899999677 97.73087275066486 171.75 96.75 82.5 75.0
39.45073645628598 0.285589781236746 23.786479068798428 80.34609042166784 237.7212679679721 130.76968432853735 172.5 31.5 262.5 60.0
39.388134305810816 0.353487865598082 57.58868905114174 78.18185178670603 268.3653956951622 235.9329915593509 171.75 48.75 262.5 30.0
39.30573544159396 0.248364736350048 14.605387142110557 1.686663666511804 84.73941083587502 192.26606883843866 174.0 112.5 82.5 60.0
39.387583951201066 0.351456319198117 40.243049115326876 338.92319608649876 252.56073671418181 197.62758367699735 172.5 45.0 262.5 30.0
39.37215366460567 0.246793984607656 21.302677093648107 70.19133283475041 260.0509707116466 30.451003283195092 172.5 105.0 262.5 60.0
39.48747720993278 0.280079851343917 22.726645205027257 235.92639854715105 89.74311147036825 14.999864031424057 172.5 82.5 82.5 45.0
39.346418863575515 0.22077912745373 33.290933249691285 136.36999592175988 233.65056741673118 239.63468434253608 172.5 105.0 262.5 75.0
39.395001539820086 0.353910836480629 38.99585418614102 236.08824217308685 264.8631614758525 136.64011101766357 172.5 58.5 262.5 45.0
39.39437036307597 0.262468959914927 27.7115299404544 53.39690060545252 284.88186970729527 84.63875580077165 172.5 105.0 262.5 30.0
39.40659754818288 0.269365476445255 34.46836914125105 51.287971446259945 255.02114052304313 149.9102019647887 171.75 53.25 262.5 30.0
39.43481389607151 0.343581653495518 45.190216625214255 101.90584905127652 91.38341748230462 204.47720898415895 172.5 45.0 82.5 30.0
39.39648000401153 0.255990149746683 27.31172212106572 135.08582654109213 240.94434341180158 77.85466807886715 172.5 60.0 262.5 60.0
39.42170187047588 0.272554662379595 22.355014680665704 142.59819427668688 81.9235699761006 83.64812325817375 172.5 60.0 82.5 60.0
39.454488795367475 0.38386274680891 46.21706178917786 187.0914251504121 100.72878027833376 154.62263685633127 172.5 51.0 82.5 30.0
39.36730007454524 0.252045159847459 24.17851809970492 302.3028755360774 251.75373992224684 236.84511491523605 171.75 86.25 262.5 30.0
39.529169558721875 0.232592088513003 19.3592648273463 78.77326693932514 258.64168032311846 242.21112934322332 173.25 86.25 262.5 60.0
39.317376781927166 0.299424995673934 44.7157275109107 239.23512398415295 94.70545070681929 239.63835122155677 173.25 60.75 82.5 15.0
39.53173647204215 0.324346234426681 49.51746603893882 151.9218469004453 275.85984077946387 294.80095535725843 172.5 90.0 262.5 15.0
39.55754060471874 0.272170941358862 23.11118666957929 7.27421238267487 251.34115225982964 298.4765168564885 172.5 105.0 270.0 37.5
39.246137340667175 0.265214157354192 30.67167982836068 186.3105682035052 67.1535190768135 307.06354066231677 172.5 105.0 82.5 45.0
39.53396438647719 0.258713742194532 37.55281217493615 208.05713967639258 279.9284329869906 284.3837733095762 172.5 120.0 262.5 15.0
39.45129044482228 0.306243684964473 48.1033356243303 93.1440253088374 67.68703142733293 335.6756246329964 172.5 76.5 82.5 30.0
39.28857150185727 0.277075659710919 17.927612502881452 98.72821490836546 272.6252766857761 343.4837961460677 172.5 84.0 262.5 45.0
39.28925827185423 0.294437596933191 27.60779015609506 116.36526226292071 126.17055740733342 79.82207544946571 172.5 94.5 82.5 60.0
39.379666969023894 0.269602292648738 33.81546470768574 183.84596497134126 288.28869107775546 161.9209792671339 172.5 60.0 262.5 30.0
39.22317724944598 0.279902487752968 29.28259723415169 53.47225331320797 295.07951521110556 109.00171174759565 172.5 120.0 262.5 45.0
39.50796038635483 0.293115605605988 17.57755729551489 133.40645729086296 296.4698741608773 170.29865081582534 172.5 87.0 262.5 75.0
39.47599241066731 0.263536447364603 25.304648304705353 302.8300127304184 269.3676511458215 316.29411324430873 172.5 60.0 262.5 30.0
39.31416101483011 0.378735471703447 50.75743725610557 235.64995102932545 95.54347263361672 348.98703785564953 172.5 75.0 82.5 30.0
39.295711473686275 0.274704381063046 24.78047102569111 326.0744245063357 98.23076970260554 31.528016602872757 174.0 108.0 82.5 45.0
39.45753469398569 0.362946019697812 38.974911781017674 312.90649388924953 111.3616839924289 57.582927456304894 173.25 33.75 82.5 45.0
39.23404559135904 0.235435468223512 27.908880144730425 204.3708465584951 122.92336788311049 232.08074808206453 172.5 102.0 82.5 60.0
39.4622136532838 0.235883866650765 17.196040431327727 146.23551455976823 119.82473364407333 291.2761094256664 172.5 60.0 82.5 60.0
39.52720523065689 0.23824778167235 26.86374836049213 144.59201053862787 251.2979622155004 310.30184970597105 171.75 102.75 262.5 45.0
39.486607905896925 0.21489652864372 25.464244418504492 122.51844074564133 73.561260135751 66.47825767781276 172.5 105.0 82.5 60.0
39.312852148311386 0.289237989739754 22.715169966187137 214.4092130903101 250.0915065873503 12.674996842866062 171.75 99.75 262.5 60.0
39.498179171203304 0.285786575761461 33.41473004327337 254.71750403351388 261.33689261737834 240.35635354283613 173.25 72.75 262.5 30.0
39.570208017404404 0.250190235891909 17.95539853689614 279.0985211720563 273.0810563531566 204.586080376257 172.5 105.0 262.5 45.0
39.41056454349158 0.24623052807285 35.48450186746523 203.34898983928073 77.31370628752975 277.19542666920114 172.5 30.0 82.5 45.0
39.25277126142137 0.277470261064456 36.385602738349945 97.07693501070639 70.7164160100154 335.4946990988567 170.25 114.75 82.5 45.0
39.34512422695151 0.293481980158899 45.089119371429035 187.1310871527032 231.32181944775033 60.610159124600024 173.25 53.25 262.5 60.0
39.51757451667454 0.290209206684707 27.424187031926298 127.52497285726297 69.40762557183554 224.96123952075376 172.5 102.0 82.5 60.0
39.31994031553663 0.391904922760581 45.925797528904745 105.13846040606701 285.3469441321182 199.65806852872822 171.75 59.25 262.5 45.0
39.309406027599046 0.21120822217764 19.709915214967857 314.29238997901456 105.20165050867656 185.94687851077182 171.75 87.75 82.5 60.0
39.27992295518199 0.269860856146764 20.953886144922116 19.15774287587425 113.35517246345644 123.48846602238815 172.5 90.0 82.5 60.0
39.43684272243555 0.19949048823857 21.33078672284329 317.3840498797129 250.52366829078284 330.5570055028893 173.25 48.75 262.5 60.0
39.53679623564071 0.232545134441285 21.392710754156976 169.20795106115324 308.77358695496633 350.5682192287092 172.5 120.0 262.5 45.0
39.43941371725155 0.228341755293308 28.05760671103127 249.11764986584808 257.59813753228786 117.91144447559829 172.5 45.0 262.5 30.0
39.261613117889375 0.285224668052106 24.371849044090236 250.64744907857266 110.08205970515145 100.83791378429133 171.75 99.75 82.5 45.0
39.3319038565837 0.286399481076484 26.71099249489137 196.39913122930952 102.33288109757405 120.56858792523299 174.75 93.75 82.5 45.0
39.388816574464954 0.362486895420606 48.96006624365639 72.12970446651339 131.4394100567563 334.0945285589119 173.25 51.75 82.5 60.0
39.58999503527941 0.24224363740271 19.01441098696781 121.14033048775707 80.558927342684 70.5067966591687 172.5 120.0 82.5 60.0
39.29440352234915 0.242938697114335 14.779710506384623 256.7400329477895 131.44859923053968 222.19706477745248 171.75 102.75 82.5 60.0
39.4490606204503 0.281082995494052 18.13565358980275 276.3968058317512 237.56614499317098 338.2761554058889 173.25 77.25 255.0 67.5
39.39771677379096 0.300733770781693 35.966477486059986 67.68582308723866 61.47116428850812 346.1726841529061 172.5 121.5 82.5 45.0
39.365121360932996 0.364505841895325 55.42220584753151 70.28411869521163 76.40697309911917 256.0852455344065 172.5 61.5 82.5 30.0
39.604166057396974 0.268968782484257 32.16024054471576 213.96388093585767 259.1494044277483 33.073592827047754 172.5 120.0 262.5 30.0
39.297102305045776 0.256140299443174 32.00022596638408 62.75987308526195 263.7385584274228 20.95692771791952 172.5 96.0 262.5 30.0
39.37096148375157 0.377698276010104 45.97705295777554 272.70936090048957 156.06666007549006 80.95328023323913 171.75 86.25 82.5 75.0
39.30967607523091 0.286255603508217 48.35466923576129 322.34121311587063 81.6702222844694 204.412747195981 172.5 75.0 82.5 30.0
39.41790419646443 0.269935403015619 27.323854839706023 19.650980348737935 279.4329446624478 260.8022626182544 172.5 30.0 262.5 30.0
39.38120547725796 0.247763964843792 14.579985613204766 197.88024350281398 264.27638839714695 129.7213383184932 171.75 77.25 262.5 60.0
39.43239080623128 0.25523127477479 21.48864614313691 272.0130368167353 285.1780709955739 208.0041559367274 172.5 30.0 262.5 45.0
39.394554952647674 0.287669575469743 28.866348603301393 66.54546633469805 262.47863497253604 239.2915410101693 172.5 15.0 262.5 30.0
39.39821299685387 0.189089186291305 22.427138138479464 357.27435468612526 80.86193443732014 285.2794154207161 172.5 30.0 82.5 60.0
39.40863509066162 0.210998086913925 25.246475886188154 143.78892736506697 114.3809955585658 58.023974551841484 174.0 48.0 82.5 60.0
39.323053006420736 0.267235635865681 25.675833336878828 184.864277829917 65.03161515993851 70.66929973257129 172.5 85.5 82.5 60.0
39.41854678166465 0.306401727677118 43.81020491035773 254.578733084745 69.18330533089491 138.20260608086414 172.5 46.5 82.5 30.0
39.355436774684634 0.358489917585723 52.09398209962381 337.408319419211 92.59488864106136 166.94559799912653 172.5 45.0 82.5 15.0
39.35253560670452 0.354778192944215 44.99522570577878 148.5213631656419 281.1365649390525 41.03476966577235 172.5 75.0 262.5 30.0
39.577531156386016 0.266992728432598 36.18716217740807 0.695164370916062 275.0877444638413 274.4108744014418 172.5 120.0 262.5 30.0
39.4816339028361 0.299324632441732 33.24814518720178 357.5135171367807 70.34724033406036 29.91692383770627 172.5 91.5 82.5 45.0
39.32924636209925 0.245586859629988 32.730288420135416 147.32007143814087 268.2166811649647 330.1576182087879 171.75 95.25 262.5 30.0
39.409304434987384 0.311777391927475 44.18467743664632 244.67263016919412 308.8068022145213 334.1572581659414 174.0 67.5 262.5 60.0
39.39002555503328 0.38319224115365 47.679084572779075 313.01616610883536 260.171728313098 313.11562692699033 172.5 30.0 262.5 30.0
39.444678416448454 0.262761606345587 25.881313123944317 115.06148386723831 296.930524107916 211.80529608605323 171.0 102.0 262.5 45.0
39.38320118100725 0.419440622320074 54.38466585283942 167.1994028586233 260.6705425057761 285.33758783229297 172.5 58.5 262.5 30.0
39.4601379418657 0.269674894828374 29.197669033296027 50.6784887683631 299.4597140950421 238.46481552959165 172.5 75.0 262.5 45.0
39.29694480589164 0.23416652408836 24.86321839298355 52.903391543366475 120.38023292591977 203.20422549183647 172.5 105.0 82.5 60.0
39.41118985660787 0.235141642479738 23.668905417743996 144.0239619671478 62.77265426334892 347.6958056375166 174.75 86.25 82.5 60.0
39.4177599402718 0.294172009960457 26.528917915221964 294.20935723954983 279.3970495725282 61.848235798368016 173.25 66.75 262.5 45.0
39.43068392120221 0.269999441899342 27.20783515645763 289.2708914890285 35.92717335716628 357.22342904368577 172.5 54.0 82.5 75.0
39.53721902361534 0.236966969113011 22.03545163204075 84.22322546856336 284.8648395772163 344.9745963802105 172.5 90.0 262.5 60.0
39.32837202196297 0.301045354737013 49.78483161307048 49.192017331091094 287.48280364909374 120.74471643580422 172.5 60.0 262.5 45.0
39.3994095763766 0.328382924819686 48.45320558385609 276.2812976171883 94.6477054243877 189.37313169914574 171.75 87.75 82.5 15.0
39.47501941946431 0.255567047702035 41.54735600053485 13.909584253100666 265.11876768780326 145.59924995449336 172.5 73.5 262.5 30.0
39.279769048577506 0.24775199832866 28.382617550091556 231.73366608402864 246.93487694925238 28.204037613565035 172.5 91.5 262.5 45.0
39.3605083962144 0.381275953528525 44.15271026764476 238.34305229094215 265.4053886001801 120.58510119020116 172.5 45.0 262.5 30.0
39.28429361515507 0.241767727839535 22.844099384027107 183.28679450132364 278.4409161618757 167.1982978964261 171.0 87.0 262.5 45.0
39.34145650184357 0.387647452230776 54.550886088998496 73.788548503593 293.2269011998671 338.9151921361503 171.75 36.75 262.5 30.0
39.49970826751684 0.364630249559299 39.81025263880445 190.24735526803818 264.05827675531623 158.43801265657163 172.5 63.0 262.5 60.0
39.42401557832585 0.299237484987771 24.996644184079372 23.520479431742242 262.96941387078755 142.57464194674822 173.25 32.25 262.5 30.0
39.34334126750209 0.294009925050188 23.277737607884287 320.63830168237985 261.2460459181849 314.02412790909005 172.5 45.0 262.5 45.0
39.54868534735253 0.254282416191421 21.748429734657233 150.0113156392927 318.8865881896948 279.3539366232848 172.5 99.0 262.5 60.0
39.429953171159056 0.351015836137478 41.00079118617455 311.1333181728652 136.04048957061434 282.0962816776573 172.5 39.0 82.5 75.0
39.453311510279974 0.187644460414362 28.756434786401098 215.22684598593872 280.119297313011 357.8530997217694 172.5 58.5 262.5 60.0
39.34646143445329 0.283373304867496 14.527445353697653 26.619695087837055 61.63532111058534 172.29190918130251 174.0 54.0 82.5 60.0
39.40878774093949 0.322449927320611 23.73274927374882 45.96477348661676 217.89415210282 171.46737625214905 172.5 46.5 262.5 75.0
39.50029249648897 0.288732854795272 35.228022053283034 138.18787349257096 318.9108600908857 45.20352064694616 172.5 76.5 262.5 75.0
39.47688306450666 0.306212575510912 25.375125813379885 191.83852945454075 119.14912899905768 122.9345494022884 172.5 90.0 82.5 60.0
39.48131236129717 0.252414464153568 14.357382737426532 227.05535169390564 112.46854021678999 229.3297699200675 172.5 70.5 82.5 60.0
39.43808122440489 0.287444843861275 44.063045542320936 338.6807167608299 243.5097201259296 58.13330248056179 172.5 78.0 262.5 45.0
39.49458269517023 0.246260247489445 31.901855865782288 350.48877175974025 106.25846477128134 35.43225536758862 172.5 63.0 82.5 45.0
39.45860344254726 0.193496535047119 21.215253613263478 195.22988732366673 268.9621917529765 266.689173089421 172.5 45.0 262.5 60.0
39.41972633388862 0.317761126912241 32.5977036362974 274.33565014084024 76.63982551958826 347.06531652446375 172.5 30.0 82.5 30.0
39.259757629371336 0.23754053856014 22.960529108186343 64.34779116103276 75.41151055042495 343.0758035304087 173.25 122.25 82.5 60.0
39.37240676811606 0.256482021986945 16.748143139103494 108.84506293321154 73.3200849295805 122.40997735360372 171.75 80.25 82.5 60.0
39.39499644776662 0.225990260128548 30.24825542013993 68.38830400099951 85.03142806946393 18.110911004401736 172.5 84.0 82.5 45.0
39.437953506630144 0.402242242399822 44.38052368556825 11.21020773209081 257.7154656144619 286.97475485173976 172.5 52.5 262.5 45.0
39.438051528043275 0.23089212008933 38.57782504441759 276.88130775970467 116.02238044637808 56.51269830442553 172.5 79.5 82.5 60.0
39.34048012790125 0.248144838656856 16.77785004111232 67.76731984042594 79.04564805092684 260.6410454047112 172.5 75.0 82.5 60.0
39.277323092504304 0.237358517521497 19.022148455838153 25.83595623607596 66.86957497951416 283.89163281163826 172.5 81.0 82.5 45.0
39.33565682322332 0.401094546303826 49.21052105530949 56.00289566628461 243.73211748266726 13.33647155028825 172.5 72.0 262.5 45.0
39.46490854579128 0.251939737147769 35.07103155158605 7.519933028757994 85.55735785824409 30.6354014848343 172.5 60.0 82.5 30.0
39.449332866335496 0.325675535837941 47.78272409021904 144.88839611429253 90.1241982251824 47.901769920404625 172.5 75.0 82.5 15.0
39.39594480310457 0.260072833397304 34.66286476176173 173.43052341488593 124.84216776049036 230.92225124729998 173.25 98.25 82.5 60.0
39.54183879740934 0.255732513423841 26.81329381334328 250.3241228440586 271.94700691245976 218.40498515722842 172.5 105.0 262.5 15.0
39.323649322956584 0.293817135444056 33.52573531745486 297.38690121238795 244.80294322509167 84.66100019515288 173.25 96.75 262.5 45.0
39.389339825544766 0.345339197238411 42.35459231556422 340.0113777887767 55.3924174803645 187.2983579580971 172.5 49.5 82.5 60.0
39.39547977116805 0.237158459588515 15.239069738086995 34.03762439064086 261.0740179067019 356.50884249930454 172.5 90.0 262.5 45.0
39.446551322387606 0.275878904475812 41.745484274601026 113.08861130267402 297.0876128443522 51.75533996742839 172.5 60.0 262.5 45.0
39.43552375470113 0.252349624704739 20.02030602264265 173.76376016199566 246.642953835367 31.277989801933366 172.5 105.0 262.5 60.0
39.51374574808158 0.303170345920208 37.01787588757243 115.36433776856404 69.80009477936545 322.151732653468 173.25 105.75 82.5 45.0
39.36148228602486 0.284488569889721 25.4558796792003 104.22445957359923 240.45596719818775 127.72155530861671 172.5 96.0 262.5 75.0
39.19291401297951 0.2484085130105 18.930320561773346 346.1540050839078 73.07174726466855 188.5692545139575 172.5 120.0 82.5 45.0
39.416808614145495 0.243310988477708 41.43651669610499 306.471016898757 108.47356717344596 75.2621702299436 171.75 57.75 82.5 45.0
39.39427405599923 0.301367025193767 31.21786451497128 85.82634141288936 221.5593377529316 135.1396842835635 173.25 50.25 262.5 75.0
39.34588261260115 0.240431385781679 27.5071778399403 233.23332562736238 237.0726119810958 10.143838171527571 172.5 108.0 262.5 60.0
39.33341165345363 0.222512311087389 26.198125550413152 9.464050738969165 78.77473405063141 132.83628867079756 172.5 105.0 82.5 45.0
39.41855154706286 0.282714796482253 35.23982905339353 153.84500164366588 71.75155722979935 325.9135192282614 172.5 60.0 82.5 30.0
39.46642319257622 0.30394459288143 41.836932258071315 2.189680083816986 290.98120737950234 21.081698957413707 172.5 60.0 262.5 30.0
39.299897014528504 0.322292122639643 45.174588742587446 12.93231533591769 260.1984742656292 285.13274568330985 172.5 78.0 262.5 15.0
39.51647720294306 0.221771427124787 27.46653519360721 300.0411419016259 310.4654777947699 155.3534971391951 172.5 106.5 262.5 75.0
39.26827845228748 0.262342232788251 39.02145953285566 134.4685936848896 109.848497061415 182.64083829714033 172.5 120.0 82.5 45.0
39.46601125753929 0.32191127350898 36.453713913916324 216.18505801776226 63.2117338047716 155.96904592604173 172.5 48.0 82.5 45.0
39.402900219866474 0.202930297778256 23.35997618699749 272.0626142934527 108.712309752269 88.2012141979035 172.5 30.0 82.5 60.0
39.36243478192525 0.270670372386961 20.90886012069783 221.34930784038005 138.8915878356401 211.66521001514948 172.5 42.0 82.5 60.0
39.3363839149539 0.311136757404969 28.040269971633673 239.94491757625684 84.66950593070712 253.71966676875434 172.5 60.0 82.5 45.0
39.37329054554367 0.206509536586829 38.358961742701496 105.30871459152347 86.24295293172723 98.61147143935175 172.5 46.5 82.5 60.0
39.55643126713542 0.222222292861547 23.27104874432092 105.91077562312464 98.95903645490061 200.92874985353717 171.75 102.75 82.5 60.0
39.4505302269796 0.276381701445367 34.538236590690566 7.242432306121682 68.43439233498924 64.89172621804198 172.5 60.0 82.5 30.0
39.46600120798647 0.234135982292213 18.04819998553031 256.17737654432824 301.70383174371676 346.7508440554517 173.25 74.25 262.5 60.0
39.424729976654525 0.268547917376778 22.36248043007275 54.88472361975292 274.0345501427025 351.4455372867171 172.5 45.0 262.5 60.0
39.35945123890628 0.227992960301539 38.612595337057144 242.24483956405192 292.63776565290067 355.57060775455784 172.5 81.0 262.5 60.0
39.31502095337103 0.235058841204652 30.22902289985453 167.34869086721443 298.040006073261 243.15006074765662 172.5 99.0 262.5 45.0
39.2856541931662 0.27097602320411 16.473084938481538 101.947451486742 82.57893907563344 202.64645364300435 172.5 90.0 82.5 60.0
39.45527882306518 0.241623595368755 31.813863798784432 190.4428915701419 217.6773523172684 199.788650074235 172.5 67.5 270.0 82.5
39.503447360429554 0.283210314837734 35.23068762475167 6.927945277418269 238.84765784351129 318.7755180077901 172.5 114.0 262.5 45.0
39.43066224204744 0.229164029550104 15.183287530169139 283.0519374750706 272.73616965435576 191.0779513086647 172.5 70.5 262.5 60.0
39.39374106772652 0.236887905373893 12.57252463369695 311.3525342281726 86.78149771923634 186.29282225306096 172.5 45.0 82.5 60.0
39.457832224329294 0.275543516375623 18.232374857885958 318.01536787898715 216.27613946972534 249.51538602127044 174.75 93.75 262.5 75.0
39.49732915316562 0.275031210724514 21.05302615793714 320.90063840396436 266.5265253850621 283.6217032075343 172.5 105.0 262.5 45.0
39.443892173317074 0.25599178190767 30.972502519199512 160.3913837030967 109.09198280754718 164.307338526114 174.75 42.75 82.5 30.0
39.32783038744273 0.291537852318391 45.15770895687794 112.97390626146428 94.02665823992528 306.5091586133989 172.5 75.0 82.5 75.0
39.527068383775514 0.277303841437173 34.434812293921 117.5900690500896 105.09259579854418 296.1557299165523 174.0 103.5 82.5 30.0
39.32307998650997 0.309884930415875 33.80594403010576 190.60976983454267 293.0871542852948 127.93583853602131 173.25 72.75 262.5 45.0
39.36303406785644 0.272456707519513 39.14668085296328 301.9293405096711 226.19784670562586 236.81825462007902 172.5 66.0 262.5 75.0
39.466443390897325 0.374302011116389 49.53912227050797 321.23805122192584 289.3319498725502 161.38180907810215 171.75 66.75 262.5 30.0
39.31012751015127 0.248323870545818 32.686757303751286 115.303620499353 99.38702323378982 61.37307588312618 171.75 89.25 82.5 30.0
39.429961421606215 0.261250914590501 19.502272431868676 5.849980321004201 51.55857277838635 47.756821068344 173.25 77.25 82.5 45.0
39.45945134049239 0.23505808388729 14.510169897319315 297.24606876769167 224.76447071272102 349.0870091879322 172.5 45.0 262.5 60.0
39.35004877164992 0.277951981875269 11.916908163813892 240.48921441060384 109.27579404291772 248.4268066953117 172.5 78.0 90.0 67.5
39.432537425354646 0.281714703647984 24.727276532766027 209.04988304413496 50.65876881275684 62.62974434484772 172.5 60.0 82.5 60.0
39.4187590702345 0.254191023940149 9.923476638919077 44.21601342150957 248.79334668329994 278.61787865010126 172.5 60.0 262.5 45.0
39.591247464592946 0.234725709887521 24.63253496587859 234.67507241403604 300.67620293083706 206.0091498607543 172.5 121.5 255.0 52.5
39.56166286834768 0.276646099490313 23.943315023918828 51.49941088431303 293.8090920858891 110.4405663107714 172.5 102.0 262.5 75.0
39.4472456841344 0.353726435579174 56.3494195542995 167.88060869651866 76.57227983472495 318.374921048087 172.5 75.0 82.5 30.0
39.37408977677325 0.212398251969777 23.01561432323127 4.878696304776156 99.5036340891146 151.4235309088545 172.5 30.0 82.5 60.0
39.55339789188634 0.272015323614244 26.59641182936017 101.70062815761645 133.89609303923757 294.9453142612411 173.25 95.25 82.5 60.0
39.354370120422814 0.311387056308161 29.337865406219542 339.77681544276595 242.4252508169862 306.39652953635016 172.5 45.0 262.5 45.0
39.52184269255841 0.282857457796637 22.411999900279085 296.91566157444873 255.82722035058453 307.59009473237967 172.5 105.0 270.0 52.5
39.367718502480734 0.327815138940904 54.4141123145882 173.76369348425018 95.16334665318514 46.77474156830244 173.25 39.75 82.5 30.0
39.3577742221328 0.248197520723184 16.638324359368216 56.14975984106883 274.55173166275733 105.61086174280499 172.5 70.5 262.5 60.0
39.50442618928669 0.244213228155986 26.02001718985693 267.63646420121313 291.3630398608726 232.79946762986498 171.75 110.25 262.5 45.0
39.217338423545435 0.257554955055227 28.126501337852158 320.7021546274997 262.4115689525112 73.9069539227229 172.5 105.0 262.5 15.0
39.37169767106616 0.290885844513792 37.46001155846855 195.22767425425545 48.810028053165055 179.0815854219366 173.25 36.75 82.5 60.0
39.39740032047271 0.257500614558526 34.90486254340239 241.21752161859288 284.58418248769726 195.2332819894423 172.5 112.5 262.5 30.0
39.43952391861577 0.323458837799217 50.04460283672696 318.73309921277774 87.80804126317125 42.19157074184067 172.5 90.0 82.5 15.0
39.45248625234633 0.304713524827642 48.563878997989384 227.8098925421454 259.185869980539 126.16244079823103 172.5 70.5 262.5 30.0
39.431905334775635 0.239720317897894 18.34184036469446 210.51613873656393 287.62129526029776 34.36506590985417 172.5 90.0 262.5 45.0
39.38104744675552 0.245540691515738 37.5520891331453 103.25364959954037 55.04008121963423 352.29111250773786 172.5 45.0 82.5 60.0
39.32859149040194 0.373684215484534 49.661718981216794 9.507289826300733 299.3582078626379 263.02180539668586 171.75 57.75 262.5 45.0
39.42328585890883 0.302811898521698 25.778270024105638 89.6697207775147 265.43393597470094 93.62699096119997 172.5 45.0 262.5 45.0
39.299379955211215 0.260667051452067 39.58515975122559 105.84781443579833 72.15699250390189 127.60775503744391 172.5 106.5 90.0 37.5
39.589680209521916 0.242811131632631 15.418299560288554 1.846913777485367 66.1255688802481 56.904400194244324 173.25 107.25 82.5 45.0
39.458773153823465 0.279157926059328 33.479141132795526 311.07486535782556 314.46281292319543 50.830976817335504 172.5 60.0 262.5 60.0
39.5429915300888 0.257447504927697 25.641607863736617 249.6008310154466 84.74169019919331 22.153656627905214 172.5 118.5 82.5 30.0
39.36101926877696 0.350327285423017 39.29379466518817 42.77071491101407 313.17759618130054 96.9397352129168 172.5 54.0 262.5 75.0
39.44663096573128 0.37782562690683 35.35855599361954 53.329564834102676 278.2501317966605 357.32010562050294 172.5 55.5 262.5 60.0
39.4405055114423 0.230491722786462 31.459710038381925 156.0417229099441 234.04591765826802 85.86420469328759 172.5 43.5 262.5 60.0
39.38347252403363 0.178190269919084 29.07762951237188 19.74955044694065 100.28533835878153 4.408270137380763 172.5 60.0 82.5 75.0
39.44066646522244 0.296574290853733 38.920051811183754 247.50794170757837 310.9086046932851 317.68474466370276 173.25 48.75 262.5 45.0
39.421559960444206 0.214049983459004 43.42149952130568 94.52838499817115 281.41539945855317 311.6186199049219 171.75 69.75 262.5 60.0
39.30446469810477 0.26318564281497 35.81762415474029 221.96697209301558 75.78624825349212 254.726503092739 172.5 75.0 82.5 30.0
39.37821482378454 0.470223177103421 62.85570375567491 146.24920026932446 85.69636307406093 312.0000623964123 172.5 37.5 82.5 15.0
39.49320939535905 0.261162670882564 31.950204180825885 157.77247859519315 309.7212788097204 296.665795536531 171.75 104.25 262.5 45.0
39.47257606882215 0.386793825659576 55.39464514153818 270.3908493908829 104.27287078360679 196.0934083575233 172.5 69.0 82.5 30.0
39.249756471554356 0.228102873975076 23.339351102175357 337.4754286466372 257.15796489049114 57.72613606806359 171.75 93.75 262.5 45.0
39.39159870552553 0.282580523312275 17.74847410581288 4.52712247620269 69.67778528967663 48.793933129657994 172.5 30.0 82.5 45.0
39.42558353444692 0.322263711178905 50.65284314436836 162.57144036812429 244.33590715851565 55.730881900133625 173.25 57.75 262.5 45.0
39.447483825302704 0.203343448889088 20.334250530589145 322.7559482171587 81.70677007718162 311.1204746384765 172.5 45.0 82.5 60.0
39.43856835665374 0.273317724355997 18.34833495535699 299.3904679644036 36.65856213366716 0.738104856776738 171.75 36.75 82.5 75.0
39.44333874862258 0.376060425163554 47.05711113818857 290.13984562271764 288.58115715482666 196.43300220580466 173.25 48.75 262.5 30.0
39.56461071007521 0.218666928102262 20.238221036272357 203.93224407360114 305.91071905589854 113.27603884209394 172.5 105.0 262.5 60.0
39.580182753089545 0.256377944866792 24.674977984609892 54.915376874384904 89.8911791669418 219.39935431563998 173.25 120.75 82.5 45.0
39.41416526613874 0.294899084825461 36.77795503107814 231.17996376531516 71.10439227924144 243.66292482815373 171.0 61.5 82.5 30.0
39.5398830809784 0.314844792489798 52.991598527408726 66.7142422260726 80.53502194973893 244.68682110183818 172.5 90.0 82.5 15.0
39.51303662111024 0.281502702219014 35.482669264511806 348.7427161620704 276.75152388021576 162.30005501865847 172.5 75.0 262.5 15.0
39.36657092453626 0.303762628710036 39.69499341034312 327.29044063707585 76.18980846165628 171.41661917000337 172.5 75.0 82.5 30.0
39.37050183810736 0.29442862639813 34.46947520707896 163.586817083576 313.361460722221 269.35405994501195 171.75 62.25 262.5 60.0
39.344397324078585 0.316452151742875 36.22947161914554 97.59255640014997 255.75388053867502 201.36683262647622 172.5 118.5 262.5 45.0
39.450941817312724 0.3311245390885 38.989652580610276 144.9572848392421 75.53566262835625 89.13334059076756 172.5 75.0 82.5 45.0
39.487542401968646 0.231819344593012 29.732729945488817 31.60184818648947 293.3372759633867 117.04455175692817 172.5 105.0 262.5 60.0
39.22716859481294 0.218658536716602 17.612006481470374 28.30254553574668 277.7466951067338 141.36864476944058 172.5 117.0 262.5 60.0
39.48989301583896 0.264002076834736 19.237308971212112 73.07692852993046 86.99386677410169 220.77803443764986 174.0 79.5 82.5 60.0
39.357265240071605 0.277403982157242 21.62457089768707 142.2899554958921 84.77741912178318 189.08590310526807 172.5 45.0 82.5 60.0
39.498251966581506 0.229873429688418 26.095922859473525 302.7458800219272 55.15877623507003 99.14529962396477 172.5 84.0 82.5 75.0
39.408693917625186 0.186237932932044 42.34544220757475 159.9234531237033 264.9722914024134 193.16184873069247 172.5 52.5 262.5 75.0
39.39456183228167 0.224349637957418 27.323201287455422 96.47026606408777 89.10623449483194 66.10308864513198 172.5 105.0 82.5 45.0
39.26221676678594 0.226541951509754 28.751155695595227 356.0262292419637 81.37945179663413 163.31536304692594 172.5 103.5 82.5 30.0
39.49148627672132 0.277426604290017 14.810381685808522 306.93054237267074 56.69052502107321 232.73003713628404 172.5 87.0 82.5 60.0
39.46165147102837 0.237020802206799 37.6471564799459 283.7498510372739 76.86361448505603 224.7904502679196 172.5 60.0 82.5 45.0
39.36442725782893 0.339072862704097 44.30529597394626 307.47478555420247 91.45589598635217 312.64176058791315 172.5 45.0 82.5 15.0
39.40262984368841 0.350277272653008 40.14394178040698 283.7649192098239 88.11757534783715 210.03035347088658 172.5 30.0 82.5 30.0
39.44899082790772 0.315107748907883 29.134134775281975 331.9876329309749 117.20566677762857 21.087846681621045 171.75 75.75 82.5 60.0
39.46846361627724 0.384398079956094 54.537780751612885 258.3652468879553 101.71343994860693 233.6006311024492 172.5 75.0 82.5 30.0
39.304598258327175 0.265340166239147 14.96823839584623 59.207867170431356 44.50349954832711 269.28792305633715 172.5 63.0 82.5 60.0
39.44352003880002 0.220521116540721 46.228455275795646 137.5622474198842 72.64868825501468 310.0589268917028 171.75 56.25 82.5 60.0
39.450266129042475 0.283647976872233 46.26157052167182 302.6201042398758 261.06742632854645 316.0168687842357 172.5 60.0 262.5 30.0
39.4747991845349 0.250033616030671 24.074206206311793 67.47975904149187 94.16643451626433 343.52642393145885 172.5 85.5 82.5 45.0
39.55788659737465 0.2339666980645 22.783789726806365 21.831996091225232 122.26765183093416 346.76845704961806 171.75 107.25 82.5 75.0
39.46106222274989 0.335206114073886 33.163361473737204 118.31417924364047 98.38154830310197 195.38177825012605 172.5 49.5 82.5 45.0
39.26576118355059 0.279213996635573 27.950250257420677 54.50046216659882 85.72043842181317 245.07287956963773 173.25 87.75 82.5 30.0
39.43908849522355 0.338078613803412 46.72731649069506 5.738114811859576 100.78048449529534 133.37178066045954 172.5 66.0 82.5 30.0
39.43683351072112 0.23286430143519 12.964700692684472 247.20954335836322 279.2329486550439 224.47012915850743 173.25 36.75 262.5 45.0
39.32377938136224 0.261285481267005 28.537414190113424 337.7442717703062 66.92579264176982 88.6442410806609 173.25 90.75 82.5 30.0
39.434915689692936 0.299505226542897 36.479770253790136 264.0170196151646 335.45079653102835 178.68681958361879 173.25 69.75 262.5 75.0
39.47079591951796 0.290199308792529 27.430118491067244 279.72542676545277 270.02473014853933 358.44418046347096 172.5 96.0 262.5 45.0
39.37605117120128 0.310371723441956 24.148535567637083 227.34688392418366 75.50798590993313 6.646552707250051 172.5 60.0 82.5 60.0
39.44905300716641 0.255055163538141 37.24640685336016 263.11194672493787 93.84604846928347 247.91909309786658 172.5 115.5 82.5 45.0
39.45805677463652 0.232242175548297 28.669481402793842 1.74312504870739 257.91671938001684 59.82928825795735 173.25 83.25 262.5 45.0
39.412406434843355 0.242904086271567 29.895295975343103 104.37481313517515 58.045209413576075 4.278909195673678 173.25 54.75 82.5 60.0
39.39752266407012 0.256949177657964 14.029198481775092 312.9344745332694 63.30067247700944 101.62398678347877 172.5 45.0 82.5 60.0
39.34949761751747 0.370892161782107 44.05184277647785 320.9625684951916 95.62935801049484 306.64089159621363 172.5 60.0 82.5 30.0
39.34311917231737 0.361448603854675 40.15392761977827 180.75055301204077 79.26596336147253 287.3523883193927 172.5 60.0 82.5 45.0
39.409427174809544 0.38481770313182 51.02264493616493 231.70674297383104 108.88610241148868 347.629747967397 172.5 34.5 82.5 30.0
39.367884152685846 0.297287609804082 43.73370897054155 350.08073301226534 234.57891764528517 194.39047401122667 173.25 57.75 262.5 45.0
39.35814420839902 0.197911822322503 43.80187502751816 144.34906028652082 96.864166010452 63.684558791894354 172.5 60.0 82.5 75.0
39.360051382063325 0.360660417663163 51.78888138975322 267.24949061842256 91.41921030118539 320.12518297220487 172.5 90.0 82.5 30.0
39.27659984345256 0.22038312362367 19.34769587116827 286.1132998482506 255.1003712095678 337.455435429256 171.75 83.25 262.5 45.0
39.47365439421785 0.21627572133735 15.955264283695806 225.69284341334898 96.9875658336126 17.33513955909764 172.5 69.0 82.5 45.0
39.37119857250767 0.247133566208923 41.196454200974394 315.1741866434224 301.37586992554725 56.1346395627081 171.75 59.25 262.5 60.0
39.522046560709605 0.289432670917124 27.242365339166504 158.01577681111618 116.1046737166493 18.846645914447965 172.5 102.0 82.5 60.0
39.33818617511632 0.321260996787546 51.54962351826927 130.1681719501508 288.6163503369092 60.54472712540995 172.5 61.5 262.5 30.0
39.38375859500306 0.264602254314529 26.117182565251582 146.28836911565034 245.1021916895036 71.69509993190981 173.25 47.25 262.5 60.0
39.373199567971945 0.264501758860642 14.299284429215637 15.560535453676026 236.0626641553071 143.26679875523442 172.5 105.0 262.5 60.0
39.431904981307106 0.335421640741747 43.25043202009338 292.3773581159863 96.8911822377717 88.48998285878673 172.5 45.0 82.5 15.0
39.429531818875695 0.255811315601127 30.785747459299433 162.02518075031605 84.80735638682971 186.484162658873 172.5 45.0 82.5 30.0
39.481603898394226 0.256130769579623 17.82296780002963 29.800607271346344 275.86510024712834 25.035589710437165 172.5 79.5 262.5 60.0
39.340241021794476 0.424175771164398 47.8266875615946 64.22041808541725 79.12771320597017 6.330458803544843 171.0 52.5 82.5 60.0
39.31205371010452 0.213623433593925 20.418127435205978 256.4598446992635 65.32825841616214 258.52469090792806 172.5 75.0 82.5 60.0
39.59003107646326 0.267529083527368 33.84284860490736 185.72550983750216 291.0579490763028 266.6208911871998 172.5 108.0 262.5 30.0
39.357033225412934 0.233031980362701 12.957993146266958 288.15019440540317 94.89282872904481 185.28569953166104 171.75 77.25 82.5 45.0
39.35135191308683 0.23733763980401 24.054318125468537 297.1463157370144 121.75179437429468 289.4447973821862 173.25 74.25 82.5 60.0
39.321007156042945 0.271715470162957 31.241096941451577 264.4796455514087 284.6787886580182 83.93595870784758 174.0 66.0 262.5 30.0
39.327461611151925 0.258219994370426 34.255366995410945 272.98624545960485 87.0153739765228 191.06844779736022 172.5 105.0 82.5 30.0
39.42958061077246 0.268426391542374 33.09199947732682 203.50691906829624 316.84096665875705 247.0623821522802 173.25 62.25 262.5 60.0
39.404350546802014 0.35051950612456 47.123022709673656 50.832387209590216 259.03165331019113 142.3459882945126 172.5 42.0 262.5 15.0
39.37544147100674 0.324881954629171 49.877688985694746 140.69427753716886 82.1508514293666 97.68782978420612 172.5 90.0 82.5 30.0
39.28554530694041 0.273335938907097 31.461772063066505 309.31216697357166 272.89187414635643 307.37132722460905 173.25 96.75 262.5 30.0
39.36899264563752 0.315121147107828 31.045840933808446 22.43103359172408 27.68094242184113 309.3409046138478 174.0 55.5 82.5 75.0
39.34027573674407 0.251203908946414 8.384678397033055 274.72456778763626 98.46294353725912 205.3162453288019 171.75 48.75 90.0 52.5
39.407613392108445 0.265804461516362 17.688873453460538 273.0003543905731 47.738756123730816 138.4096027538018 172.5 45.0 82.5 60.0
39.348248660970455 0.259586838594426 38.21740451526391 109.65127515315568 317.14348467645937 46.60728909920037 172.5 57.0 262.5 60.0
39.417496156791934 0.356493137987669 42.44765876572931 63.35723420213616 249.48857782327272 358.4283702222664 173.25 65.25 262.5 45.0
39.38624266246804 0.377417990148925 34.01258113543906 35.85371806925731 291.16979031432584 108.81675842485583 173.25 63.75 262.5 75.0
39.285221328942065 0.229136649282242 16.74920117672698 229.17841601717038 109.11645815331131 238.58438059205218 172.5 73.5 82.5 45.0
39.28285263842888 0.248515977326032 16.195775689073088 172.07427327371875 119.04008683824374 279.22207214178536 172.5 90.0 82.5 45.0
39.474145689699135 0.298302039092347 20.371487382416156 129.44080954777738 293.319979542393 315.8416393501487 172.5 82.5 262.5 60.0
39.48725070633884 0.272211988943306 41.597094456192295 139.8918999136427 275.86091058296734 312.24072850163185 172.5 75.0 262.5 30.0
39.366978612795094 0.289575168278953 32.5657652654487 199.34347969970233 40.99296524976608 201.37435169034995 173.25 80.25 82.5 75.0
39.391539208250066 0.336789242445051 37.69885968602914 9.417505010543405 299.7091386685421 3.823938118606332 173.25 50.25 262.5 45.0
39.47289225077932 0.241254280939398 47.75635077689034 113.67567120215186 88.55399000990819 206.5306113505348 172.5 66.0 82.5 45.0
39.381671246421 0.390944800647688 49.50877524638289 221.28846343690418 96.24706284093055 151.0954093653224 171.75 63.75 82.5 60.0
39.372670721341954 0.255865075419072 17.8432762713404 236.2617614578915 116.58203959879934 96.27806843713067 172.5 45.0 82.5 60.0
39.45839712398334 0.296269295082682 36.049023353036354 340.2555249047594 299.8524649144102 29.626309267225956 172.5 58.5 262.5 45.0
39.43980187889354 0.249231140347381 37.448234687837534 213.32343847168465 122.08127923128811 247.79437356522328 171.75 74.25 82.5 60.0
39.50013459149047 0.24814106042548 13.371560684643315 101.52562850244874 283.9093001488911 354.53044972010923 172.5 117.0 262.5 45.0
39.46063198283714 0.308224017021743 47.083869456211154 57.389999482919904 95.35946910157682 1.156938985108516 172.5 45.0 82.5 15.0
39.453241452883205 0.289781677498209 44.68163357248015 95.14620278254371 102.44951469189436 194.9521240116662 171.75 60.75 82.5 30.0
39.49502008585289 0.250552567154747 26.242749156887133 339.17581001711255 51.4986232385689 226.76104924458951 171.75 95.25 82.5 60.0
39.50176415897436 0.291947353897333 22.645034025800907 166.88901254018577 109.0504603600187 279.1076849265495 172.5 82.5 82.5 45.0
39.41375461135023 0.182087849956534 42.79084823604403 259.8238231054777 106.52983126780076 101.08487371576379 172.5 61.5 82.5 75.0
39.38186008781657 0.235139733091386 13.962713054852383 69.50940617526629 74.09661345922318 239.2867888169025 173.25 30.75 82.5 60.0
39.41625502174017 0.258718122776751 27.241969639653433 356.85222628370343 304.10713019304825 49.30797959978314 172.5 99.0 262.5 60.0
39.26583073495221 0.24513623690659 30.732090034443306 286.50265182012265 236.7172704266327 114.74196227450557 172.5 103.5 262.5 45.0
39.35116243662719 0.378570504563127 46.34127033700883 284.8694268036897 127.10696540611139 197.47559833321213 172.5 57.0 82.5 60.0
39.34166659515617 0.32228976453974 28.140400865272966 352.5326055638834 242.56533656856783 199.08410629503186 172.5 72.0 262.5 60.0
39.388435139113454 0.272773126281039 52.34698180614572 238.25818211347752 98.20983677786963 348.28368747408257 172.5 90.0 105.0 97.5
39.41605527596698 0.324993887050905 44.23874848477974 18.0160083975572 110.77978428849758 30.717536565897603 173.25 74.25 82.5 30.0
39.20775752431534 0.225260498974367 35.55003853247101 90.82229804092113 120.24243784557343 77.24049036812073 172.5 109.5 82.5 60.0
39.34682628418481 0.282632875115434 34.715214833541765 53.24556509399643 73.1022632809982 272.4233354248197 172.5 81.0 82.5 30.0
39.39027218924399 0.349244168108438 48.184557347112765 354.19296509822124 159.42017119660204 83.89996240967783 173.25 65.25 90.0 67.5
39.530408719376226 0.267248129770439 38.18404478789697 134.19554169057855 269.8720497067387 96.04416306488103 171.0 106.5 262.5 15.0
39.41383139909313 0.312797649211061 32.941611938753496 308.1679402937708 144.8994810942225 175.3167152753852 171.0 70.5 82.5 75.0
39.40983383437341 0.322002758708505 22.973311450993183 186.79076666516886 104.16420449089541 159.29477646407122 172.5 60.0 82.5 60.0
39.40939455855486 0.277184502745375 29.003320635576635 236.74140986813495 90.09244014444317 118.77316536266528 172.5 30.0 82.5 15.0
39.279088039425105 0.256484275215459 20.153119759553196 219.0139048110341 251.41212995883134 156.9777324053952 172.5 84.0 262.5 75.0
39.45621289016089 0.253059350200399 19.054454982682202 182.16735136283066 76.20035540093761 24.220643181858264 172.5 88.5 82.5 60.0
39.46595406830165 0.288157918887432 16.891722601123707 94.87385568640067 89.8774894040944 226.71167048078232 172.5 67.5 82.5 45.0
39.38463746209574 0.307324205038029 48.83812374875129 328.51454587267364 264.1066765037817 166.0747926678794 172.5 75.0 262.5 30.0
39.38963292730919 0.277655588155348 18.55084736754008 1.788848643418316 119.70004298456388 242.74225805952796 172.5 61.5 82.5 75.0
39.32263493592856 0.315708248392609 47.59893317991687 356.12441548092846 290.62404059448846 22.186164100614118 172.5 60.0 262.5 30.0
39.445357751831864 0.381450181538595 44.94015104589917 256.63862285132524 112.14919321832846 102.81670969071469 172.5 60.0 82.5 45.0
39.25057376976092 0.273788444379395 34.07527008252015 91.77632084168717 259.3914017194337 340.02457280684183 171.75 90.75 262.5 30.0
39.341643810823555 0.258076057156811 28.641451851059163 140.1013058251824 103.83084295502776 204.10098002301865 173.25 104.25 82.5 30.0
39.38040475327115 0.387960845373852 57.676090462275596 147.0039558034852 254.60281006993236 310.0447494233334 173.25 54.75 262.5 45.0
39.39658592297937 0.417618301502972 54.74761048681854 196.47019872982264 103.20322076572421 36.95707632628542 173.25 60.75 82.5 30.0
39.32077782255483 0.251293016948138 29.612816427683303 225.48748511015688 80.39808187411565 142.30352688815563 171.0 70.5 82.5 30.0
39.41610830385617 0.281888626170809 33.652265251149956 34.2396944252443 266.3584309779932 1.728034307235699 172.5 60.0 262.5 15.0
39.35651451652255 0.385451579304187 41.24860931826891 237.25181950865525 278.9135671132057 126.20996915124705 172.5 57.0 262.5 45.0
39.36124403063941 0.279831645217126 25.434284983483924 102.0493490497928 107.21191669556671 73.81208882226936 172.5 45.0 82.5 30.0
39.44075836289921 0.265344492209318 27.773334535147843 41.39851554687138 224.12471913714967 310.58690116581244 172.5 102.0 262.5 60.0
39.41915759391667 0.288927331388826 19.114060880655853 63.234942617444204 258.7849443643469 356.29818991758674 172.5 45.0 262.5 45.0
39.350423487824415 0.260542846763859 38.25769447907799 14.398228750755997 285.7602591307075 273.85154978642134 173.25 63.75 262.5 30.0
39.347358330718954 0.285341216289559 33.67127707826547 131.72674892691865 250.4307008600313 338.41204930117675 172.5 60.0 262.5 45.0
39.28841067057596 0.274587591091966 15.96605015848023 36.7081270650765 256.6014158905725 128.98030256411687 172.5 90.0 262.5 45.0
39.3707550969822 0.204525398599832 32.9040506480442 328.35863699428756 96.87410861758869 50.1837491095499 173.25 47.25 82.5 45.0
39.31164352467474 0.323781905732788 29.158887732469964 48.666180655799785 70.73606411297543 270.74451697323263 171.75 71.25 82.5 60.0
39.42460714621255 0.411675014543351 57.76221954630071 6.839063501225483 94.77948036481472 161.43967484702404 171.75 54.75 82.5 15.0
39.2746172203124 0.228767918316617 20.90129364574595 255.04868798941447 247.50906437005713 143.84763234078483 172.5 105.0 262.5 45.0
39.49890874442934 0.262966724321283 11.770021101850597 346.1553650868068 37.96488383329089 89.69941762564169 171.0 76.5 82.5 60.0
39.41973743723709 0.321155522108866 44.689671496212696 11.361282252539882 262.22141211752796 39.531392528747475 172.5 30.0 262.5 15.0
39.43057214481611 0.307071345918931 26.610720092013395 35.91166441368837 302.9720218587295 245.33754364664406 174.0 61.5 262.5 60.0
39.34504120802649 0.278980429888237 13.698815700541132 52.329431204746335 261.2490466865865 355.3367965215879 172.5 75.0 262.5 45.0
39.36870153003053 0.285584284139964 50.44531072215212 274.74997890280133 113.62215620223947 325.07182799136314 173.25 62.25 82.5 60.0
39.55612702129416 0.277833596670513 27.46690266215903 54.13539500924424 104.15115021287824 243.22100407536777 172.5 94.5 82.5 45.0
39.44510969673293 0.220810361186565 44.938912350203566 221.55114550950964 273.43722387954983 239.76408443090656 173.25 66.75 262.5 60.0
39.40679118560388 0.280224481178608 30.07465669078333 141.3253324994422 93.16007931708204 318.603212921183 172.5 60.0 82.5 15.0
39.4333466136397 0.261219488285398 12.974446845682762 76.27703671247889 254.2748649571022 115.98164921782619 172.5 30.0 262.5 45.0
39.42178067656619 0.24552112662292 38.38079197484386 182.67746405494233 253.80678007591098 323.67595875188454 172.5 87.0 262.5 45.0
39.58242591945235 0.273638269268821 28.989971734397535 179.40736583157042 112.6199792586903 269.3795674338273 174.0 114.0 82.5 45.0
39.405167110074835 0.386162553079749 54.5841687655139 131.53617320580494 252.54372729238307 205.47669811711273 174.0 24.0 262.5 30.0
39.487506118553874 0.337491611767141 51.29628629450577 273.49425569683706 282.32838611590125 314.5208431571253 172.5 75.0 270.0 22.5
39.45491519442842 0.27100069498807 13.432785419192342 169.26674636483514 114.08661871561135 167.63476003858253 171.75 75.75 82.5 60.0
39.40912817032627 0.322165073432222 50.22691324057755 202.9818748637528 76.9352366356702 301.8612446405889 171.75 89.25 82.5 30.0
39.46471812393401 0.192950601886431 26.69571888506738 339.41810560260296 83.1677308396875 290.8111001998047 172.5 60.0 82.5 60.0
39.380103036788455 0.21406922528887 30.699639637203326 35.377985743663935 299.3548368240679 242.64046762241026 171.75 48.75 262.5 75.0
39.391834959550714 0.305990488000229 36.428688457399076 204.52924307655005 127.40403974013012 122.20622519050426 171.75 38.25 82.5 45.0
39.3499356957636 0.345129723668154 53.07458393646236 332.5959478236177 306.2414595514296 60.03211070934039 171.75 84.75 262.5 45.0
39.44632880875597 0.291009718818022 21.495475286954683 138.3031521886717 325.78319254476287 268.4220876367607 174.0 39.0 262.5 75.0
39.36766215072213 0.230283657036804 18.987361081869725 84.13698845975354 102.15970214573122 61.68268679098067 172.5 117.0 90.0 82.5
39.392957026374035 0.222659779227666 23.708034315340406 177.2753143895737 113.43614626948886 146.54242419032195 172.5 30.0 82.5 45.0
39.339373170572514 0.267885984212586 25.670511785755167 343.5519617266117 272.38725494220705 44.38587266376011 171.0 55.5 262.5 30.0
39.46881162153797 0.196778829335827 25.97725680889707 125.14928470666398 251.53346024973746 78.23120872815217 173.25 89.25 262.5 75.0
39.408192258028734 0.246833881985668 38.707678194618616 216.47476843842023 125.44257924268011 244.51335029677608 172.5 73.5 82.5 60.0
39.49364259953775 0.358799712836042 56.88136705352697 206.462121904918 272.9686123266596 155.04541003131203 172.5 75.0 262.5 15.0
39.38130335997215 0.379756778417627 38.83412225912784 67.59246100513208 96.62752616188317 115.73109689825142 172.5 42.0 82.5 60.0
39.40422558764358 0.327886304373428 48.717655206095074 195.88421065747002 274.6075437633072 250.48132947488787 172.5 60.0 262.5 15.0
39.44385969523915 0.268255879488883 44.900732335351954 316.40490164936546 69.12734927668427 323.508787044711 172.5 45.0 82.5 45.0
39.46756781947695 0.283317577909162 37.04309113416102 293.21568453283317 99.76889762672346 54.341783701409675 171.75 120.75 172.5 135.0
39.392006700395385 0.278063079684461 44.95898494783367 304.2924575651657 286.39335346096607 46.79237700834001 174.0 85.5 262.5 75.0
39.347074422130916 0.255506521767348 23.3123294443123 2.02588588456421 134.29769121927032 11.400125636574444 173.25 45.75 82.5 75.0
39.41736098364986 0.392625348661662 49.00306383618849 160.0172945372446 284.8618655474518 165.67717517142458 172.5 25.5 262.5 30.0
39.464796493284254 0.282921340062695 27.494555396508947 18.565907871556544 252.6873234248003 294.5295255552861 171.0 73.5 262.5 30.0
39.4471011565624 0.224495010878497 26.61924676283232 309.05536463305 116.07103678180826 311.52548273974475 173.25 80.25 82.5 60.0
39.45089052143589 0.270091341044633 21.63217071687781 18.823779753968445 248.86208019966932 131.05787103590197 171.75 105.75 262.5 45.0
39.392590729582835 0.391214696411357 45.665958129296556 104.27700271510751 259.1039243357101 324.54859092491967 172.5 64.5 270.0 52.5
39.24513830049229 0.253748534471499 20.81370851905011 31.75289284345855 42.85893721691155 292.2800400616718 172.5 105.0 82.5 60.0
39.510402915578915 0.377034669876719 48.34707790976662 77.96216923583164 35.17287498724952 258.3309835805589 173.25 74.25 90.0 67.5
39.459879591591324 0.375001793635729 50.34920985047593 147.92371375709976 277.4036941781969 308.1412535643658 172.5 73.5 262.5 30.0
39.41861549322796 0.313951440201116 35.553826387325365 51.64505244832605 94.60178980916344 353.5553594590936 172.5 45.0 82.5 30.0
39.396644252937975 0.272852033996169 37.37702199898058 40.43540079299758 98.79440610900406 130.5868010171158 172.5 30.0 82.5 30.0
39.40142404023728 0.262896158265498 46.37361033446094 185.1273223066123 91.95627875800392 177.70897661460117 172.5 75.0 82.5 30.0
39.317309588228454 0.21488406791382 46.74189902721983 240.33468016660066 275.23317637687114 120.41208177740785 172.5 64.5 262.5 60.0
39.2755814673446 0.234455117851779 32.68660707560694 174.25140603840092 67.70647336489743 292.84190310646784 172.5 112.5 82.5 45.0
39.349470261499846 0.244393534449878 30.100064279834257 228.40090031646469 294.4436174626986 213.49684526462465 172.5 73.5 262.5 30.0
39.36652988985309 0.349347852362267 49.25426764872947 122.78959309802374 249.18508558492567 103.78512890540009 173.25 50.25 262.5 30.0
39.4928549421698 0.295876970159634 49.66633604192252 54.16762562551916 259.9064994155842 128.2585648219535 172.5 75.0 262.5 30.0
39.45652797841551 0.344363255558615 29.924747413617226 238.80309946669428 130.09567387100495 207.6475557833767 173.25 57.75 82.5 75.0
39.38709990138606 0.267438142897819 42.0683044552103 26.266368621452774 80.51651816152514 18.993153189424085 172.5 45.0 82.5 30.0
39.39948043863887 0.299259450573932 42.59618579305892 236.28600914941785 80.79760220458722 8.075547968436071 171.75 18.75 82.5 30.0
39.441329782583175 0.277405838983106 25.202569914954683 35.49397285458039 105.70377668601675 261.3350528036127 173.25 77.25 82.5 45.0
39.315583154165864 0.266648633864935 17.462472959144446 149.70255755739365 111.95280832194129 160.9083797012734 171.75 87.75 82.5 45.0
39.42738967183979 0.271988174935125 43.19906390461249 128.26923656344215 122.86377594422159 50.7797599623732 171.75 36.75 82.5 45.0
39.45556821535902 0.233956248866093 28.970896908798856 307.6366766487334 220.12335297383152 111.31800564156048 171.75 60.75 262.5 75.0
39.42294921102912 0.288557726802094 32.15244539572361 154.56802767679022 96.8391705838612 307.36612057842973 172.5 60.0 90.0 22.5
39.504479744224675 0.292864205574896 26.154719458072893 133.03435146302607 253.2385053288892 303.37196656572746 172.5 99.0 262.5 75.0
39.27096198536553 0.22583680473711 21.19380721177621 316.4739571734078 267.6720314708044 43.228671665092435 172.5 120.0 262.5 30.0
39.48745215585059 0.273054327248531 23.717018743943886 323.91178338370696 124.33121968535795 53.79560651111137 172.5 88.5 82.5 60.0
39.522921741493185 0.242528927650305 20.71794115382886 0.79445832241286 257.54664835661094 297.89008158408785 172.5 70.5 262.5 45.0
39.51174906538298 0.255292479511732 31.276278942613544 313.20419135452113 74.40334770300063 187.71465056248582 171.75 96.75 82.5 30.0
39.50595961819693 0.273893717555483 37.29536577707577 97.1048812248219 107.88580540280314 335.47723275976125 172.5 105.0 82.5 30.0
39.471396808539694 0.278819162341044 28.730053375147193 151.49028466597585 124.06573534766048 299.91019095648466 173.25 102.75 82.5 45.0
39.37760366625482 0.304122855224366 29.953541698071554 260.09440978556205 128.04314322448175 63.24379984194886 172.5 66.0 82.5 60.0
39.452118639602446 0.297392150995141 36.60783054487029 77.38711346194269 295.2609253555865 99.28699019099722 172.5 60.0 262.5 45.0
39.26169362607412 0.254439483966882 26.65315734911143 228.9294537441264 257.87299265187556 144.82254412389 174.0 91.5 262.5 30.0
39.48745023168911 0.264169366784442 40.256306459479035 322.06805670657786 248.60404080638267 325.272017121206 172.5 75.0 262.5 45.0
39.327128462345016 0.219289336496745 15.723367118884092 332.9960404736833 265.596655032795 315.9072495745026 172.5 79.5 262.5 60.0
39.47393566874625 0.213774819906451 20.3267023479339 218.59570564117374 275.264379099759 15.504172831785995 173.25 59.25 262.5 45.0
39.381151101152504 0.373447525754666 53.935018881632345 128.5027696043275 270.89579127883337 302.394740704217 172.5 48.0 262.5 15.0
39.40620208442577 0.252609420368259 21.761571933507778 194.68562871533908 238.03460175747938 166.02035880425672 173.25 41.25 262.5 60.0
39.36226271679806 0.274935555975337 47.3715552228785 5.196296947508624 258.2096647920639 151.74147239567108 172.5 60.0 262.5 30.0
39.399263525691914 0.276981052422686 36.459861771128644 144.57674442044055 310.73261579948144 19.12328657987366 173.25 66.75 262.5 60.0
39.46647534439735 0.218213352984246 33.014825689584896 124.39937306182658 299.1642933417582 298.0018873702945 172.5 52.5 262.5 60.0
39.33712714589351 0.283979882320725 35.33490576075036 171.89483767460771 299.13752942953465 141.08022429301988 172.5 60.0 255.0 37.5
39.525335319445915 0.280009035034171 22.639987389136074 322.8509633291754 46.36046011679842 317.6396083644222 172.5 94.5 82.5 60.0
39.232819256835356 0.28217349944169 38.31977902253153 169.21327424341138 272.7146744587913 162.0845817276688 171.75 107.25 262.5 30.0
39.47007266727781 0.233413375726813 28.02663709489893 95.61525571542371 295.1955280308428 323.0507467452626 172.5 63.0 262.5 60.0
39.54425970817407 0.232364966302514 9.515321945556863 297.4034234773335 97.03900389120852 322.9430056721449 172.5 90.0 82.5 45.0
39.33378773975862 0.398697995981056 47.31309565175091 224.5381896734479 99.38405464455816 244.4433250441499 172.5 48.0 82.5 45.0
39.44948627409892 0.282559275233533 29.86851032556849 87.46933945329167 292.53206193444703 195.6133634019811 172.5 60.0 262.5 45.0
39.579453956641764 0.252127738786737 27.902486646727404 84.3514220078605 263.45782500720685 216.72623305770335 173.25 120.75 262.5 30.0
39.49808629871623 0.305531357488118 27.396793840670707 23.061155176197747 282.80752756490045 268.1359423878098 172.5 103.5 262.5 45.0
39.35932886077859 0.257325968680868 33.62683019446471 327.58407388008095 41.749974516509575 100.89423653370194 173.25 47.25 82.5 60.0
39.28381600698477 0.225190551567036 19.91307961791621 323.48223130548087 287.06942127726836 137.95287803843473 172.5 120.0 262.5 45.0
39.43456113895988 0.293855632893034 17.875571685936883 77.13972039979542 259.3037415493065 351.2493731601425 172.5 45.0 262.5 45.0
39.342171560516476 0.236805993817368 17.13774960316147 237.81993112804378 274.3978995657378 267.08972741900027 172.5 105.0 262.5 45.0
39.31405792711847 0.380755063623136 56.8322152290674 57.944094492937644 267.83889724630495 126.33851365636448 173.25 72.75 262.5 15.0
39.45693768920597 0.247853564960616 15.52178157706965 219.0696776357979 296.3713524242382 17.28865657412002 173.25 81.75 262.5 60.0
39.40979805555513 0.24075875300569 24.965981178235282 186.03006783574688 117.16949396188436 353.8883214245813 171.75 83.25 82.5 45.0
39.33814891635839 0.352027491875305 33.73855350769401 176.27193360850845 80.40782713316939 285.6089899353025 172.5 60.0 82.5 60.0
39.39128721055916 0.358565366629628 54.01998723954756 118.48232264409447 237.2689913776731 331.75088240926027 171.75 68.25 262.5 45.0
39.346030264385774 0.411294201134486 53.807699619660426 281.3297967505446 97.51224427001884 211.33110576072968 172.5 48.0 82.5 30.0
39.45898675532912 0.253472612820993 38.06457559964824 37.56491756964426 102.26350846268897 240.14128143329285 171.75 53.25 82.5 30.0
39.42959779922538 0.422070552344213 59.10205770912231 96.36390930240799 278.6689336181522 209.50840510753235 172.5 48.0 262.5 30.0
39.296267828454226 0.319246273110018 30.90415010673723 73.62794474805598 264.7440192875876 214.3205389767102 172.5 111.0 262.5 60.0
39.3707892099581 0.195996036977768 35.105527437974644 197.52537997897542 236.37057518644116 45.473766526496085 172.5 54.0 262.5 75.0
39.42293019470745 0.268822151408534 19.08792480366764 37.706595934340264 65.07774739823854 287.7787023960803 172.5 64.5 82.5 45.0
39.45421484681993 0.261867448376546 40.19031398264884 7.13741727362232 80.60952884426955 145.74314644328302 172.5 75.0 82.5 30.0
39.32768237025409 0.347711612313287 40.34557272374855 292.8428685860381 321.92958100925006 180.47579008149128 173.25 59.25 262.5 75.0
39.42738716410075 0.286438686834423 17.66124355049192 298.8432234959304 90.2901568624642 206.3951087552702 172.5 45.0 82.5 60.0
39.36686473599835 0.234391194059264 29.172062447246898 334.5889363909743 272.6875256466691 286.3404421391317 172.5 45.0 262.5 30.0
39.46596136745306 0.266043039505092 36.532346581655375 33.70561160543016 68.0487197898761 275.79522239922863 171.0 51.0 82.5 30.0
39.48390360757039 0.247111738348332 38.86206382636988 59.17453838001139 277.71137914580873 355.03340707932614 172.5 75.0 262.5 30.0
39.34240979508154 0.313408279756999 40.106649856332695 40.18515799294849 313.77239412113 341.8319189029428 173.25 59.25 262.5 60.0
39.34807437920671 0.261429223544421 26.959046410493038 152.16111578472484 289.29213830740855 307.3713556517216 172.5 87.0 262.5 30.0
39.407449930524116 0.374045952114527 49.9784672240265 312.8160283910727 282.5812935417043 44.293098093152636 172.5 78.0 262.5 45.0
39.329744332711414 0.297317357740926 29.62595117879504 58.619994965105114 70.4144813542576 240.18941271773014 172.5 100.5 82.5 45.0
39.3902891325475 0.226273997257196 12.890797325934185 226.91877490731574 310.7030499854532 201.18087897023952 171.0 73.5 262.5 60.0
39.28221756624949 0.284305806617159 26.898352387933173 228.86386454133537 249.75102107741088 243.2786946628803 172.5 108.0 262.5 60.0
39.393077219024654 0.322134392200635 35.89671007036286 194.31119099729443 306.8322364877557 135.73405883992572 171.75 47.25 262.5 45.0
39.39115687486147 0.249218800928701 31.851578887184612 346.6891838770926 323.55096701132555 266.09051704206 172.5 75.0 262.5 75.0
39.48363963354194 0.280713168932037 19.310950441990723 125.02833710519361 48.42322152283567 123.15703899601331 172.5 85.5 82.5 75.0
39.40584282446224 0.23430362387095 22.603211903673277 173.52056543588236 313.3050785760996 103.68014596843504 172.5 105.0 262.5 60.0
39.348116071567 0.224637960343452 25.904289687455094 173.5698524761624 116.73959533321414 10.855987869032193 172.5 87.0 82.5 75.0
39.389516949336354 0.304612808558594 31.63359808357097 279.5769394192103 140.29635023037773 164.66794113510383 173.25 54.75 82.5 75.0
39.31414217706653 0.382163554410398 44.08740361860454 260.1905544764951 96.1591773303423 95.72792437765617 171.75 83.25 82.5 60.0
39.36495544917065 0.302475774587777 31.268049372670056 182.15005394921423 94.38179797223786 143.54546532653592 172.5 60.0 82.5 30.0
39.47240862119578 0.233795760345021 23.435385998979978 267.03840471026814 125.8433534178672 330.5913430000787 172.5 94.5 82.5 60.0
39.48900550583977 0.237616044318132 19.561795343962704 120.15620792776441 301.4162595014264 209.33707437996284 172.5 120.0 262.5 60.0
39.40034132850474 0.261302578684996 30.522929840059376 69.51911664025788 235.91971560965925 352.53208932782 171.75 104.25 262.5 60.0
39.332394330371315 0.274065349466806 28.944141425410027 166.2087961338579 54.76600959041536 330.3661789300024 173.25 104.25 82.5 60.0
39.44053730804571 0.261643006421738 21.223390503473293 71.2006758947177 233.11669918482062 107.67745998181695 172.5 105.0 262.5 60.0
39.6184272752947 0.218092148824229 19.069619370833724 245.65614925867746 28.979875974286923 158.9445621404445 172.5 120.0 172.5 165.0
39.37613869999027 0.276934723771744 42.49525951655229 94.27243610036118 241.9776253120269 352.55333362265833 171.75 33.75 262.5 45.0
39.410982922318254 0.398700892836488 47.91580183802762 130.3111225247518 254.21369443904715 92.03404759464628 171.75 60.75 262.5 45.0
39.46623889361613 0.272464130799603 34.26262372337035 12.867978071643126 266.97979465657784 246.27310905986138 172.5 105.0 262.5 30.0
39.45916765757387 0.431364682048426 58.4266185627761 341.4984071356867 76.08273163925517 62.61681913555036 172.5 48.0 82.5 30.0
39.42368576160154 0.218305300760329 28.714568138027733 246.7316535353861 75.68483550870003 133.34000289062072 172.5 42.0 82.5 45.0
39.4469401230186 0.271481996577674 43.238728708176566 301.6464226721443 252.03662996942032 339.74298496397904 171.75 47.25 262.5 30.0
39.227379609045066 0.233168292881871 22.303223451446343 339.9263979905112 261.39035938913986 314.94744043844594 172.5 109.5 262.5 30.0
39.35578146657868 0.245582077615927 26.059821616018183 72.97995328807956 228.00141024517382 356.13578395180105 172.5 94.5 262.5 75.0
39.48567978174064 0.277942683223721 26.437102996986795 253.43654630440733 275.05700966428384 247.43037431614965 174.0 97.5 270.0 37.5
39.45552314672795 0.298627404523404 37.263617640376914 78.84395023666607 108.21068272731976 89.0879540430548 172.5 60.0 82.5 30.0
39.43357007743034 0.332414474589065 41.85572344122418 290.1146137646007 286.1663986084317 69.55934449777271 171.75 54.75 262.5 60.0
39.35184157699087 0.276771374684668 24.635925739695658 206.45203285827336 239.57478152789935 158.7653397083936 172.5 45.0 262.5 60.0
39.499641740763686 0.292839964528045 31.783337930124755 357.8878460384627 267.5196210764593 267.09925472497605 171.75 102.75 262.5 30.0
39.31632267619353 0.238861632268904 35.66150160905511 45.07359217429779 80.74092832998127 5.798197046276383 173.25 107.25 82.5 45.0
39.37162644798756 0.334041222518991 32.56242988077697 99.23591818208482 230.48513710488055 4.339987069176036 172.5 55.5 262.5 60.0
39.250203813801924 0.241093005025207 27.09147395827312 319.80862863370965 243.38383676529486 324.51867862982476 174.0 93.0 262.5 45.0
39.38788182249952 0.261734134662803 36.41716763655522 281.87913548743734 277.5298233048183 334.2982228527341 170.25 33.75 262.5 30.0
39.45091727045093 0.452158051675339 61.687653317948744 146.81055770724961 260.77834376459174 189.7978414268679 172.5 30.0 262.5 30.0
39.54868909790188 0.298219917479422 33.72180259670285 192.25764457506395 274.9740605580395 167.15471660891805 171.0 114.0 262.5 45.0
39.47804937691744 0.25672308997849 29.835724288369374 346.93253700371196 285.59150399635826 70.22307288816502 172.5 120.0 262.5 30.0
39.46249379122359 0.315920609170397 28.08526305725219 146.14093195271235 302.31807024130643 28.939569699159264 171.75 71.25 262.5 60.0
39.372814536011866 0.284024691398469 32.751890239605615 114.69088886545495 306.75678849428823 161.2479421508796 172.5 60.0 262.5 45.0
39.479008192258554 0.260404630963278 13.007358658498783 13.758407505916226 83.94799490834882 45.399230476782265 171.75 50.25 82.5 60.0
39.22291594943962 0.239501367578729 15.968343914737968 24.904888761675608 101.06876513448435 240.26662864223135 173.25 119.25 82.5 45.0
39.501063343100306 0.312650888530881 47.30062578152973 134.9329747035344 274.7587678682757 197.51482990632806 173.25 77.25 262.5 15.0
39.37603287535758 0.324547638933124 30.986971167406956 125.67335844528756 322.5345362940819 49.65280339727182 172.5 60.0 262.5 75.0
39.415630640903395 0.277850607101585 52.97896662819845 97.67499379405005 285.13369007445147 84.64859274830485 173.25 51.75 262.5 60.0
39.32926908545848 0.267404129707394 35.082425947604946 55.07101031124765 58.7897284675701 32.37506710791874 169.5 64.5 82.5 45.0
39.33932453360146 0.246502940542491 23.28489851725591 177.61211278802065 240.48484275440248 165.85094670757346 171.0 81.0 262.5 60.0
39.38079448682027 0.301656457721569 19.930215448050525 38.03942049139288 70.33442880158583 158.50259468812723 172.5 45.0 82.5 60.0
39.398418388872386 0.285943809921505 23.171298974738473 46.75312601423938 95.21265064474588 347.4507876965818 172.5 81.0 82.5 45.0
39.34683014417615 0.341354621997249 29.712264013580693 19.82437277283379 256.0938153846664 37.63377702875603 174.0 48.0 262.5 45.0
39.55812429476995 0.252943316728314 15.535587090833067 11.276399664395107 89.32251085231387 166.5758432746386 172.5 108.0 82.5 60.0
39.3870673398177 0.264951470191459 23.296751664212362 340.5857002263424 69.28772220735803 54.88453191399529 172.5 60.0 82.5 30.0
39.436405516668124 0.291889423247404 39.606802191128885 7.524262046309388 115.29152940244492 123.06620839080361 174.0 61.5 82.5 45.0
39.49780843644999 0.304567165323993 46.89019267018763 50.55517324734415 45.756908628789596 44.37342383366913 172.5 61.5 82.5 60.0
39.370425272033 0.345542679708114 40.209046856256045 297.717814451232 249.64648045275794 238.3300290377154 173.25 101.25 262.5 75.0
39.38944382983136 0.260719591102226 12.001331651641735 33.91967007588078 65.6855923392171 269.2746137848026 172.5 30.0 82.5 45.0
39.36673723331478 0.248918111229311 27.978276303029546 118.19120300466419 283.33368002910896 100.87117169002292 172.5 105.0 262.5 30.0
39.53367170852285 0.248416094895237 20.63179820833286 66.75626033315125 119.0376161915995 97.26043610640228 172.5 79.5 82.5 60.0
39.38893091520843 0.266574135705095 18.725533487538446 69.82517382620527 282.9891898542228 69.67978657436261 172.5 120.0 262.5 60.0
39.36051601327097 0.285776791625598 34.15471635537748 118.59277325382342 95.42698873582472 69.38108500387068 172.5 45.0 82.5 15.0
39.40581477952289 0.290335948468729 37.66002649785553 251.52454879357973 61.74465466792557 244.04231502664678 172.5 48.0 82.5 45.0
39.35083860691497 0.252025183770915 34.341908830117006 253.086518714487 111.27183737904204 311.8514873030506 172.5 105.0 82.5 30.0
39.35248005672562 0.300007565403096 37.24253225484595 126.10707634936058 97.07261347835322 65.41304033713553 172.5 45.0 82.5 15.0
39.38085800738666 0.252083278583609 11.080028099980916 127.60465624527404 287.5687579568528 287.6260183115883 172.5 75.0 262.5 45.0
39.437428245479076 0.262687812588561 26.394487076866888 35.713161459867045 102.5037905344607 145.90370603347677 172.5 94.5 82.5 45.0
39.35381204776664 0.274961194547815 39.91254596245587 109.50926399098607 137.96501659675658 64.64114904025739 172.5 64.5 82.5 60.0
39.45351029675405 0.260936834370266 30.81399196440325 358.4192835028701 281.56386736508057 36.725739526755596 172.5 45.0 262.5 30.0
39.410095056014406 0.24093111774982 19.849285391723893 343.6463834188593 126.79892789175337 34.453210144537884 172.5 46.5 82.5 75.0
39.36759231413683 0.248849864884928 9.961570241028276 204.80216033317265 111.7909188481148 107.41683352952369 172.5 75.0 82.5 45.0
39.400422836270934 0.292595225668756 53.78300379641823 117.27841645612821 123.2431493894203 281.2122885028379 172.5 60.0 82.5 60.0
39.32706651310426 0.249452681476787 27.813318350968434 192.09609190818674 299.5129325620372 21.363855646161458 172.5 91.5 262.5 45.0
39.27003158933652 0.265253203720094 30.132606346625636 44.1326285598701 68.80361552789908 122.19432987449598 172.5 106.5 82.5 30.0
39.339442657284955 0.195254634777475 22.755764852624488 220.260601757918 106.69507117336892 336.0426010042238 172.5 94.5 82.5 75.0
39.57622959992048 0.256651971679496 30.363123654777848 310.674668049301 264.4754115829443 300.3285732430688 172.5 120.0 262.5 15.0
39.37785300753526 0.377701917931214 49.298687470576624 230.45994980321342 116.304658704886 217.93573888247977 172.5 45.0 75.0 37.5
39.34008602165545 0.211922281577775 30.50891463761439 329.123284711181 317.34602894289714 262.30517492091724 172.5 57.0 270.0 82.5
39.3553921178474 0.283556689532894 29.75133307557004 173.28843621762724 71.12199084977583 301.7115223925912 172.5 45.0 82.5 45.0
39.46742532317656 0.274940247657885 32.671440003051764 324.56950205883237 107.70425591022334 183.30249394363298 172.5 75.0 82.5 30.0
39.465190264357105 0.332183984039549 33.71976944793325 150.39610597569992 141.99908280294514 24.859981475797827 172.5 49.5 82.5 75.0
39.370650070938574 0.373652699752395 46.49244146269731 313.84044997827357 262.3170803104326 181.0245637621809 171.75 63.75 262.5 30.0
39.39962951697033 0.249253205361847 12.921257753116087 77.75509463962241 105.26742286137946 101.38981284523032 171.75 29.25 82.5 45.0
39.46926408663388 0.358481746735354 35.486968949598634 3.213887680024416 245.06984443806573 176.92728988428357 172.5 60.0 262.5 60.0
39.5314217070238 0.268727029263125 35.41547832897435 347.89801026051015 106.20703402972998 181.75276275612634 172.5 114.0 82.5 45.0
39.38999545483748 0.248608597820061 24.454603629149716 195.55089797039759 225.23977906991092 171.1252586074165 171.75 44.25 262.5 75.0
39.24958965247725 0.252547577629974 19.0318254167981 29.181976587789805 293.8015216018795 266.9089308124182 172.5 120.0 262.5 60.0
39.45424863956115 0.366320973240149 48.48962437097469 197.60734784944125 118.59403086112351 120.4948995223989 172.5 63.0 82.5 45.0
39.423351470822666 0.341703110263989 36.300312011593896 205.79572008134136 321.4242783503714 222.90236800509317 172.5 52.5 255.0 67.5
39.34680134465526 0.282800179115959 27.860347393344853 80.4933026770488 128.02494058462278 302.2385895188876 172.5 78.0 82.5 60.0
39.30607859305568 0.286813514977873 27.128059570860792 197.53695154151097 270.2888605150878 25.735506351432658 172.5 91.5 262.5 45.0
39.41097539188921 0.222601396866925 35.62637528705595 66.83785194525807 93.07943880565716 83.5730095061436 172.5 108.0 82.5 60.0
39.520041699908894 0.247733434061889 22.97538786273137 185.70286111247157 114.1305460594516 6.508667518641607 172.5 90.0 82.5 30.0
39.44944387092172 0.330171428542381 45.93240284686639 136.5471753529863 250.9928352529621 78.21531121566953 172.5 49.5 262.5 30.0
39.349846905265764 0.356911619828225 45.75560806164765 271.0434078482126 270.97996800287376 323.4276505192293 172.5 75.0 262.5 30.0
39.433350906189105 0.365471231397106 31.63266708208991 9.295801102574202 292.3718507661006 269.24382332547793 172.5 60.0 262.5 75.0
39.4546108017137 0.275825286721827 23.81164529309486 320.6219123712833 33.63624450013785 342.68042150845366 171.75 66.75 82.5 75.0
39.47341551586724 0.213103151913984 17.090825951966853 245.12136356680898 304.5822583996517 352.2249814577576 172.5 85.5 262.5 60.0
39.46677595771496 0.324790062572493 39.99263626481478 280.39564774733844 141.13818858538434 274.5613253361711 173.25 87.75 82.5 90.0
39.46253280201263 0.34613283662117 57.32472588438345 129.9308526378571 287.54650180705005 64.70704226809815 173.25 35.25 262.5 30.0
39.245221959803004 0.222977131654042 22.76995104662643 1.768469519350393 288.0964280457487 152.60457818799696 172.5 105.0 262.5 60.0
39.402593945541696 0.269819336004227 26.666870931678496 15.506843272943877 259.81517171428516 61.15523306719884 171.75 89.25 262.5 30.0
39.54183238423523 0.261584566186585 17.896330245734458 254.5922983202572 62.62439768685468 149.07236659839128 172.5 105.0 82.5 60.0
39.446584535798614 0.300723247600665 42.97221300952017 54.00697409751989 229.37602013029965 163.83926005070956 171.75 65.25 262.5 60.0
39.28495691143533 0.236210032288058 23.001561464135868 314.9876439849495 299.6842407873012 34.90269493751304 172.5 90.0 262.5 60.0
39.5566941595523 0.228238321038963 27.31273413895949 136.01811353669888 257.6640703421719 309.4515499463713 171.75 99.75 262.5 45.0
39.47122534744167 0.300531051475075 27.564794924195308 173.30108678037072 260.50573003064983 284.2065604147798 172.5 60.0 262.5 45.0
39.49670249485269 0.260925595715552 15.557416476295147 99.1727235586244 119.80663448641612 215.0874975230479 172.5 90.0 82.5 60.0
39.41621127068324 0.304451158358465 45.039039672468874 26.608891615899974 61.69257749910088 52.354866880391945 174.0 46.5 82.5 45.0
39.28813425004987 0.262123530603752 14.506283506055308 207.99585124213488 109.50889576799763 14.208757940336653 173.25 74.25 82.5 60.0
39.46918323922694 0.217504236211283 25.06500205699305 165.39144675146966 272.7859329165434 296.81072039790797 172.5 60.0 262.5 45.0
39.46928456489392 0.241159190466222 22.03952691701896 257.82743984151136 292.371928293961 227.73340019000372 172.5 87.0 262.5 45.0
39.44349345711175 0.257510110526356 17.130223209703185 258.006486139071 242.73420961990686 4.699728695344153 173.25 41.25 262.5 60.0
39.40517460485933 0.232217164900388 47.123668446834735 76.38972624472996 273.47156122694275 119.19976170401152 172.5 52.5 262.5 60.0
39.268877904526256 0.247056956033894 17.64198703896343 178.63087227436066 139.51801309900253 28.474918392450547 172.5 120.0 90.0 67.5
39.388834582268125 0.297567068720171 36.34845558526193 123.70979046252377 234.64211739326842 85.8555906927012 172.5 75.0 262.5 60.0
39.38144659767523 0.367169773723321 31.57749523435903 311.44970623119127 64.92360778167775 319.1526476480012 171.75 56.25 82.5 75.0
39.400383199624066 0.217403540947554 31.849197746342373 280.0870563134507 294.2458241278415 304.24970667931416 172.5 45.0 262.5 45.0
39.51193417052259 0.249715878053233 14.16926441923341 315.2574354876668 95.98979419157733 90.73474619870846 172.5 105.0 82.5 60.0
39.52287601287086 0.35488634875521 55.034434580544804 351.8008779550374 81.3580966271976 284.4549187259447 172.5 90.0 82.5 30.0
39.5301959196996 0.262600218134742 28.906149680021397 358.7809006332363 251.886951564811 299.0711589206906 171.75 90.75 262.5 30.0
39.43879856315678 0.352489507597827 29.763282064922997 0.094816930339559 289.5078846649472 257.36696182720254 172.5 54.0 262.5 60.0
39.38705160874945 0.318727639095205 30.506191603385503 335.38142048359543 36.977209758208765 197.06065298204717 173.25 68.25 82.5 75.0
39.532088511644226 0.272052343431415 17.52209110339579 137.5655773584602 295.4136812333786 294.0329435455223 171.75 81.75 262.5 60.0
39.44326667984595 0.215594069471239 21.157794829218755 277.5884819523847 57.650260517899525 347.48958781444156 172.5 72.0 82.5 60.0
39.32074316151564 0.259431052631723 39.57514024990327 188.98595208701488 308.5633482427123 235.60626495628668 171.75 74.25 262.5 60.0
39.29485489337976 0.271448185544375 16.75310214290236 237.38550312900912 254.88435086294285 1.251813400783966 173.25 83.25 262.5 60.0
39.33814822253833 0.266495807777289 47.83388572619426 293.78675010181365 260.1193142147058 223.63739362540687 171.75 72.75 262.5 45.0
39.343068534233595 0.280359410046148 38.91120448027689 321.583963293706 73.06126407217978 328.6886783278494 172.5 60.0 82.5 30.0
39.37125932421444 0.183670208990328 24.170975712262234 184.04645991075154 279.7466013439593 26.079033789444242 172.5 40.5 262.5 75.0
39.4124101166586 0.257566806466109 23.463541638202745 46.5948676692099 41.90290662761801 21.17612915658317 172.5 88.5 82.5 60.0
39.359461913076956 0.21524585847003 32.80515537731363 189.4776458536758 100.41120985566566 140.5756751509227 172.5 45.0 82.5 45.0
39.40107170867255 0.181501331616363 31.57101488049621 243.52573590175328 84.72364727196792 356.0280949380896 172.5 42.0 82.5 75.0
39.36918274770979 0.234321207265399 15.016901162970733 331.83408852585836 226.76750750096673 64.79130041760344 171.75 80.25 262.5 60.0
39.50105921893321 0.290728341672388 26.22387617015306 61.171956587361024 73.55304199918658 11.585027046786417 172.5 90.0 82.5 45.0
39.26578176474749 0.253408552841379 30.81850449630032 29.918454357130997 110.36572359105925 117.44047191643702 173.25 102.75 82.5 45.0
39.40933623684138 0.262890214945898 30.5914567853499 151.2309319052176 270.4822341848289 188.2618818822752 172.5 45.0 262.5 15.0
39.373539204745136 0.224415763264305 17.324596884057623 233.48984991300404 94.68997979385301 99.40844872948425 171.0 78.0 82.5 45.0
39.45546475844766 0.346546920256039 56.49255758632093 118.10473393070274 273.4053837834308 301.4164706313005 172.5 63.0 262.5 15.0
39.4705748504218 0.275869074790972 22.501532445799448 46.18642410957233 215.08726017134708 289.1638943455842 173.25 59.25 262.5 75.0
39.392060020879626 0.366183923259031 40.8933097749029 46.31180642771477 295.5675020644652 231.27401466540036 172.5 30.0 262.5 45.0
39.365889907486554 0.199143099807458 18.61076048840185 320.9914472339694 77.43314398818978 196.18724963040478 171.75 39.75 82.5 60.0
39.358036606421756 0.342703792013678 36.55238709491486 138.5935602635244 294.311930013182 189.3908263588446 172.5 72.0 262.5 45.0
39.242334414689175 0.215074570961999 27.956720244698705 82.16288194515096 299.7912840089063 212.29468103483495 172.5 100.5 262.5 60.0
39.30866936621657 0.316077988764314 34.31636040183881 113.56739602379783 91.45806985746437 331.7620343530734 171.75 74.25 82.5 30.0
39.44004246004447 0.286838026754715 21.903203538320927 304.3125064513895 289.95547341093516 64.83756841670926 172.5 45.0 262.5 60.0
39.25309876467555 0.22503308054801 11.280588901820128 192.01052086373153 85.05641368552695 143.80340917828997 172.5 105.0 82.5 60.0
39.46689532983336 0.296790887797974 16.452752167621018 157.85729742469906 128.6636337111251 154.2085345998494 172.5 45.0 82.5 75.0
39.53470881146689 0.235284922940533 20.66952912807937 190.2975068286318 237.76502888058985 70.04558778570419 171.75 89.25 255.0 67.5
39.35363898758373 0.338900188530448 34.086833389566976 206.35705026003873 261.79741481169117 140.20042736456494 172.5 60.0 262.5 45.0
39.25200913464765 0.248188203986335 22.122664343090594 10.004505279119652 92.3154490998799 17.889568827109258 172.5 105.0 82.5 45.0
39.31242268375997 0.369172411181325 51.13535035941914 117.5262378150594 68.8314470787786 325.0286009710352 173.25 83.25 172.82608695652175 172.5
39.40279547815039 0.386073087285865 53.788999416877225 14.563001621371237 111.16610059344312 142.7903440791941 172.5 42.0 82.5 30.0
39.45367576721453 0.207670845095625 30.742948829001698 10.129293754512997 269.71332544597084 286.8055013878628 172.5 73.5 262.5 60.0
39.33384992444629 0.383544104878184 48.94475914848953 178.0549668066979 281.34319244913854 48.03209480035378 173.25 80.25 262.5 45.0
39.55054246241392 0.294639681289321 25.284907797444845 8.010085613568053 120.12713019479224 10.343020790736103 172.5 108.0 82.5 60.0
39.397716569104034 0.387909042342407 36.60522464690436 355.17094493099006 238.2829179543836 310.34679116039223 171.0 52.5 262.5 60.0
39.51018347925916 0.295408772168771 38.42910977624972 201.8693917721916 266.1372922225885 20.87779874022167 172.5 79.5 262.5 30.0
39.30876349735341 0.348443686067355 50.90945795438182 183.3717329853298 67.14237546894931 294.27449834637883 172.5 63.0 82.5 30.0
39.35017409482296 0.293305091104423 26.10965788460662 107.01895227527076 305.9912909753257 185.53722331210446 172.5 45.0 262.5 60.0
39.282522902659494 0.264778572004838 16.583021213125217 198.36784679427217 316.72186467373297 123.57584847465361 172.5 67.5 262.5 60.0
39.45303455329282 0.369528200500421 51.08176971465782 160.0678264662479 258.3714226500428 69.28880390551772 171.75 57.75 262.5 30.0
39.361392982612784 0.269721625267925 16.492434373926432 14.82139503463175 214.8400462588293 73.70012265094549 172.5 42.0 262.5 60.0
39.462978687174974 0.291065764528904 16.374525067328708 88.8035919967629 106.91019011357807 330.57361695096995 174.0 57.0 82.5 60.0
39.4579094080112 0.259580362280827 33.505081339273005 247.42699388146198 94.2240069814598 345.3107784409422 172.5 60.0 82.5 30.0
39.37792144532448 0.321545214678801 44.96882267979407 74.9977730052406 224.25522381202808 9.499024518107456 171.0 63.0 262.5 60.0
39.41298335664757 0.354685280744911 46.01890845821025 137.03871025592514 58.86970964733212 209.63636741229982 171.75 41.25 82.5 45.0
39.35377462894172 0.365912427336683 49.512187763400185 29.565059563232516 109.02121772175096 121.82941764055676 172.5 57.0 82.5 30.0
39.49032079070648 0.274872407098353 36.14861075158294 319.35934550246316 95.6820501829409 310.82006585470987 174.0 69.0 82.5 15.0
39.40443684918998 0.319793593802105 46.843228805048874 356.20255986019146 269.51437036001846 180.89955279159335 172.5 60.0 262.5 15.0
39.32969151635959 0.278553173546798 31.251605722944895 319.47253003786807 232.72668773347982 328.16141435625195 172.5 60.0 262.5 45.0
39.34413466615793 0.311980927147592 38.10857785709847 110.30969855176515 82.35595235852956 76.13540992242619 171.75 72.75 82.5 30.0
39.36097406573346 0.320475074936322 32.60899827614675 269.8881501998363 145.34637525204022 194.1454029775698 172.5 64.5 82.5 75.0
39.454377302447426 0.248097682151413 25.25070647222937 56.84779813246743 84.09859213959417 22.21276903386413 171.75 81.75 82.5 45.0
39.27013242945667 0.282979637474448 29.734121822811996 122.30841100713164 114.72188675839084 188.65288337176435 172.5 105.0 82.5 45.0
39.36348284294239 0.4080970340198 50.24632788496869 74.61630142402417 275.95528658831694 233.07839328618542 172.5 42.0 262.5 45.0
39.45099480744395 0.331782165908627 22.39540975881333 190.64044684183196 284.92037008173605 143.52094354932458 172.5 43.5 262.5 75.0
39.382260023919336 0.261032930005432 17.113858316317522 326.9005905997234 105.83748605794005 297.15811988756525 171.0 42.0 82.5 75.0
39.346656614738855 0.305006122083765 28.71233877519451 223.7633823364777 270.6062839019685 123.04822601106186 172.5 60.0 262.5 45.0
39.34670867321507 0.304738801449332 27.278947610178708 113.08594235660273 137.45209978979128 165.3505465623854 172.5 57.0 82.5 60.0
39.25235209790619 0.236342845588667 21.165886344489962 155.0102777296902 287.7948181670838 56.527834756789694 172.5 105.0 262.5 30.0
39.46797449825046 0.30554798154219 29.502565405886696 87.8953771786269 121.2013430929223 202.20322889777722 172.5 60.0 82.5 60.0
39.47924503226551 0.304388652562096 40.66269678172858 324.0473675782692 119.93230859501948 294.8147414148234 172.5 75.0 82.5 45.0
39.34507406521396 0.35253694164502 46.368476306572454 6.287056119358914 93.99583643394371 258.2634650772846 172.5 75.0 82.5 30.0
39.480233344004866 0.372686116351922 37.997078345497314 259.7639427773432 114.90213542679864 328.1139933933426 172.5 58.5 82.5 60.0
39.46048152620323 0.201940795529726 26.726302426595975 262.38515948554965 85.24954159261944 137.54286984125244 172.5 105.0 82.5 75.0
39.406723440210286 0.210806507558816 27.064952423523188 336.57696990849263 103.93922383978015 294.02667085086216 172.5 45.0 82.5 60.0
39.4460667036924 0.277858231269587 16.529229416404853 123.78660753804706 75.56289378219952 93.08618491830825 172.5 45.0 82.5 60.0
39.300585422188426 0.278076703721779 28.506038638591804 322.48445570522665 119.82982660040797 189.45850757649066 171.75 81.75 82.5 60.0
39.27858986786311 0.272757742157461 26.75683366333543 163.23904312803492 120.82487945367258 5.117187291999747 172.5 105.0 82.5 60.0
39.4114174163322 0.256008596872448 49.736358651627114 104.17113779199518 64.02602055244094 243.7384501082622 171.75 69.75 82.5 60.0
39.58038539101686 0.232305175935081 14.053884273907325 166.4602398605349 246.99095702774753 181.59776323153696 171.75 105.75 262.5 60.0
39.4934123901232 0.239703853887297 33.54661639708958 242.1298686660436 285.7554982494379 137.79994865190238 172.5 120.0 262.5 30.0
39.40706963927778 0.380324601902817 34.7324304017346 305.568844637096 46.33009586908824 359.1611171424347 173.25 47.25 82.5 75.0
39.334007422465625 0.342508314449825 36.145817708619006 142.51746028306948 271.60852211973315 65.70961387531936 172.5 60.0 262.5 45.0
39.440715410393494 0.312386107234133 19.659280287894013 272.3117541613666 81.49196570581377 92.39136232316238 172.5 60.0 82.5 75.0
39.46465138905015 0.266217338572671 25.621310079252662 0.198996626340413 290.368869961449 356.8026681171287 172.5 105.0 262.5 60.0
39.470579907740564 0.30090571002279 46.241597116109574 50.15315812465454 272.1946393782503 251.21978985865957 172.5 60.0 262.5 15.0
39.21812336034743 0.263466522302242 24.38798292460442 338.99988697034684 265.75417416320636 305.8897422545095 172.5 120.0 262.5 30.0
39.395931781839465 0.335465275967194 44.381137841776244 129.6252674883007 137.1825455387042 145.96193553648664 173.25 57.75 82.5 60.0
39.476325894644205 0.227980378219744 22.60268852285398 240.9183272894207 69.89920809330427 151.94692339421493 172.5 84.0 82.5 45.0
39.51573457910772 0.248570898319123 22.1959667152636 354.7138815059883 34.12178163471405 200.98914102014857 172.5 105.0 82.5 60.0
39.39317862364373 0.25893629299229 12.822351829612934 111.42809689182363 102.94505203736482 339.8250901062624 172.5 76.5 82.5 45.0
39.42775856902104 0.192921561109251 26.464181868738606 34.96404006374652 278.6651638012936 18.563841099633834 173.25 45.75 262.5 75.0
39.483631351588954 0.286042183048348 34.62411670710173 226.48468638636882 315.86437563289167 225.5798422052374 173.25 71.25 262.5 60.0
39.51019095629543 0.302180544743673 29.106706700058368 65.47640046252378 95.47259544255698 136.64692639090185 171.75 117.75 82.5 60.0
39.468433243722636 0.271152250864712 30.674384110443743 236.18303859337504 293.55752027963456 354.9949579218045 172.5 60.0 262.5 30.0
39.39026291612085 0.284045184849465 35.9066899077265 170.6418397078119 117.62128417469917 143.99511212307743 172.5 30.0 82.5 30.0
39.3605011272211 0.260377927585407 37.327345508594966 134.42182288619784 115.77393049668925 295.981066797446 172.5 45.0 82.5 45.0
39.31187311478793 0.335372659512489 51.37085850626411 208.60537155356002 281.532785249879 8.312633434833222 171.75 71.25 262.5 15.0
39.35482736441644 0.271735026948072 23.754481967716973 224.0994443606615 78.96292650206941 3.16801487119686 172.5 93.0 82.5 45.0
39.4267690614578 0.244226501331115 37.7369212786927 46.72627885320518 58.3525493337464 265.8224301498692 171.75 53.25 82.5 45.0
39.399626034344635 0.313301316206969 48.23741792080563 294.2775138026792 236.4003400462999 226.22294881346963 172.5 49.5 262.5 45.0
39.417782697121766 0.354701160876724 45.34390014393037 358.86189273984405 110.10065037566602 143.26804977758422 172.5 33.0 82.5 30.0
39.49814997123935 0.251382480087815 18.97271888917767 292.21249186014603 218.9167039089353 5.889577378279714 171.0 88.5 255.0 67.5
39.45242014218857 0.380132202871239 47.347522807606595 90.20478087110689 266.5393757039261 114.91253199726393 173.25 74.25 262.5 60.0
39.50946945089416 0.298838680826947 47.572280491500976 164.20867477614283 294.77919933961465 29.02144738464594 172.5 75.0 262.5 30.0
39.330076455212186 0.274964226369927 31.734359660259408 351.01216875928395 235.09772102171053 199.5038088729723 172.5 60.0 262.5 45.0
39.45094544552592 0.213035464557222 18.704193593092864 224.2991359157106 76.30344302243644 20.428601147043505 172.5 45.0 82.5 60.0
39.48918240623049 0.277851608709272 24.160509512928314 103.29481890158091 92.36372871440204 213.22320213529613 172.5 82.5 82.5 30.0
39.42994299471075 0.215663627147168 43.50743557649188 191.32328151919555 312.2120789030854 8.512734464889743 172.5 73.5 262.5 75.0
39.310893525130545 0.366019161683927 37.55695729590175 54.43750589818681 68.61008233595162 359.91421800968095 172.5 76.5 82.5 75.0
39.5607527415363 0.24433404822188 11.639555952256735 99.2009537673652 81.8144066893625 106.80471533867824 172.5 105.0 82.5 45.0
39.36287029452084 0.264437461983018 23.402073507236523 204.35349699076954 261.4590344617033 22.101811384332215 172.5 51.0 262.5 45.0
39.255265582578495 0.230637061097059 9.969270918884007 208.31756777490722 304.7091230985265 238.26613640357766 172.5 90.0 262.5 45.0
39.33588233253981 0.261140238460671 31.45829057338344 139.58618559620726 104.19775383880486 88.30053749160446 171.0 118.5 82.5 30.0
39.45092002523071 0.277902008307657 17.095869731701352 260.31502403666013 85.46440499923018 123.79233634832445 171.75 74.25 82.5 60.0
39.34388137346118 0.242510272901487 25.454394940315023 266.89883660290036 84.326244847909 114.31152991934546 172.5 60.0 82.5 30.0
39.41958178949681 0.330810129703763 49.90842023156912 270.2859916417801 273.94882805341217 85.58592451731838 172.5 54.0 262.5 15.0
39.25444950313567 0.240603986463782 12.231648788279625 237.24114314302426 273.8965381502543 242.58837723084082 172.5 90.0 270.0 52.5
39.458772663046524 0.24020588298659 27.976282359639306 268.6531337629179 51.48658006348968 15.261521557556653 172.5 60.0 82.5 60.0
39.4206666220415 0.328582751530877 54.12206596301053 128.3012651387596 68.91124290030075 203.88804743737032 172.5 43.5 82.5 45.0
39.38618639855417 0.220284647384722 36.108437166388036 119.99358244554631 285.5887953494936 53.39056345422493 172.5 60.0 262.5 45.0
39.33185310917576 0.335128380822455 40.32783613977488 274.058775998328 276.1370978265627 344.5834273963893 172.5 60.0 262.5 30.0
39.217165673681706 0.230545968713091 9.677185487237683 35.438866009889686 61.92123983535044 31.102865080707904 172.5 105.0 82.5 45.0
39.429057018339385 0.239295765344816 38.52799617640146 48.5457700099789 245.00948005626248 47.973387288539264 172.5 88.5 262.5 75.0
39.450920513571006 0.285208048045628 37.84817569977819 280.2449017713796 255.51645062818312 135.28602411962274 172.5 118.5 262.5 30.0
39.49779639946587 0.264736043041288 21.968215755629565 213.08289438626437 287.96424763271153 32.877008482551744 173.25 105.75 262.5 45.0
39.42112425407046 0.270725389697113 14.39824316220455 286.0630576459373 49.76050666298273 18.93627202428762 173.25 77.25 75.0 67.5
39.38951860544272 0.25069765891734 24.149067476062726 302.5496875166837 253.01655662677845 177.21671547494228 173.25 110.25 262.5 30.0
39.34920051063761 0.216382991670163 20.335918758192896 184.45373002825303 271.75892527990396 263.35031646817225 172.5 75.0 262.5 60.0
39.500202835947746 0.22419876685703 16.394267529397933 347.74538497462237 52.27158010518567 194.79715300011344 172.5 76.5 82.5 60.0
39.22727577316143 0.242193570099504 35.26755398359719 266.8093744954681 99.8453937775466 75.33086996208117 172.5 133.5 82.5 30.0
39.23467052365141 0.230060557417639 26.055017241600595 160.2545054734695 68.05294845410998 196.95936801483177 174.0 108.0 82.5 45.0
39.3231478609736 0.204476733550522 21.646447824516056 218.96067429339678 310.53949583472036 350.1173564697241 172.5 60.0 262.5 75.0
39.248555730566494 0.263730220493475 24.109910813402486 226.20251792409556 280.0078979236623 4.327193558849199 172.5 105.0 262.5 45.0
39.39928510195715 0.250954307602817 42.473354603344426 161.00472720746603 54.50481624488251 198.89272741105842 172.5 37.5 82.5 60.0
39.46305808982106 0.367205291845389 32.18495893647497 209.6275555627729 289.94075949565024 115.54268673920035 172.5 60.0 262.5 75.0
39.5266086782175 0.29972392102676 26.470754901668236 46.473083451530435 73.67919127122985 152.82513753930456 171.75 95.25 82.5 45.0
39.42930565503599 0.267228079711894 33.20092450075895 316.2563671900834 44.70959658764521 95.34211366121788 172.5 54.0 82.5 60.0
39.423318049794155 0.366928231096531 30.85153554353148 166.9614178163641 289.6635227870535 158.03885489280498 172.5 46.5 262.5 75.0
39.461787351532415 0.308330794997633 39.49217421038049 270.7794820839456 282.33606119659527 227.7421620039648 172.5 75.0 262.5 30.0
39.36153047596341 0.267291265574913 48.73667651541137 8.503000544296544 56.71280919752578 306.32334967435906 175.5 70.5 82.5 75.0
39.45414833175392 0.269373587178473 37.08897765435372 146.2635334183499 282.55654343906406 294.04930652826476 172.5 45.0 262.5 30.0
39.39237570380068 0.248864823211604 20.734710734295543 287.70949932346036 262.51290331647965 318.1034892414296 172.5 63.0 262.5 45.0
39.368161668545916 0.370444143880958 45.631454323179184 304.0831451623569 122.98721265356923 74.43337768528599 172.5 58.5 82.5 45.0
39.40997374125626 0.293515023382759 32.5809010634783 3.087531803769818 203.03263586955103 185.28795749918845 172.5 60.0 262.5 75.0
39.554911528474044 0.26818438438354 20.434759728731667 62.88844150021234 311.4470607961213 325.75757744233715 173.25 99.75 262.5 75.0
39.5429083483453 0.299908790330755 27.860618197205874 38.772130383685905 271.9994185557372 269.3453468091725 172.5 97.5 262.5 45.0
39.49664175574378 0.253836023586087 18.198779849578944 196.14807250111846 245.52461478098206 53.95806656124344 173.25 84.75 262.5 60.0
39.54928307229072 0.280653216028458 32.256180575940476 333.73617338134204 78.67641428969075 300.7493496669195 172.5 103.5 82.5 30.0
39.38628011851137 0.297326993006655 42.10812784452904 3.186141400071799 75.6750790579611 65.51825473025757 171.75 60.75 82.5 30.0
39.49221429878956 0.361169859122643 41.8074696969262 280.60685586144905 322.86643140095555 45.18492158943211 172.5 60.0 262.5 75.0
39.251656930155825 0.224154932704685 12.382732609735237 351.4159265138259 271.9569119538868 289.812291719107 173.25 92.25 262.5 60.0
39.45396801884838 0.274330596552958 25.33099700607364 339.8888870359931 269.6742387818248 313.61002635123793 173.25 87.75 262.5 30.0
39.458522895938245 0.307689329013461 47.769257272617345 252.2845614636154 102.20196030659613 326.1311253753893 172.5 75.0 82.5 30.0
39.39841801076594 0.203903300905117 34.71169949128157 70.40363420827597 60.28231559852921 128.5259700787958 172.5 54.0 82.5 60.0
39.42886711246182 0.40743714413409 43.216368321824035 230.9438178636153 112.48453573320245 227.8465403900277 171.75 51.75 82.5 60.0
39.481473011025976 0.332805265427342 39.61993485543808 167.04430637062993 303.94410220770504 269.44032159656416 172.5 58.5 262.5 60.0
39.52158187720202 0.234986066078358 21.211605972969807 19.16051427150219 57.07357703034328 52.534085545821206 173.25 80.25 82.5 60.0
39.45335461408601 0.354590888964826 34.14625014769255 248.75281077956993 270.8133518874662 246.6513228623633 172.5 75.0 262.5 60.0
39.42642874333658 0.28998886069215 38.64020399103352 224.53650436966922 55.18205123864246 279.1739883367471 173.25 53.25 82.5 45.0
39.342134801713705 0.329326644379046 26.569243299959492 28.705516705416724 290.0984355497437 25.117849970199753 171.75 105.75 262.5 75.0
39.35318557655434 0.290129264788745 17.19937090012338 34.94009814963922 263.70436410214745 144.5668825023159 172.5 55.5 255.0 52.5
39.234898766257764 0.258714182200277 23.143044647915776 238.07729476609336 263.55732136026734 256.09168973056273 172.5 118.5 262.5 45.0
39.466256672539224 0.267651937469071 20.71341766510492 197.16108501939925 125.11340327816355 343.3843312357332 171.75 86.25 82.5 45.0
39.327075919880244 0.348943817287643 41.44940692603946 193.78595117007356 95.76104062813471 271.746844322399 172.5 60.0 82.5 30.0
39.35690818915257 0.419094617096498 52.1481328727403 106.24836450835618 295.4192811241967 70.31000429890162 173.25 51.75 262.5 45.0
39.59496273929931 0.249395474597437 18.871335058578673 201.6947917644403 267.91754049500037 39.19113679736194 172.5 118.5 262.5 45.0
39.30213719557435 0.300304419276289 18.77979364884888 264.3071374354786 67.71494196149564 1.333326501110819 173.25 95.25 75.0 67.5
39.47773240427374 0.41292719188129 58.08305892682187 113.31557608018795 264.4067314631414 98.58936512752267 172.5 75.0 262.5 45.0
39.378829936883626 0.316921472510717 28.39921180669488 130.59145218758857 315.8648492115734 292.64552954069256 171.75 69.75 262.5 75.0
39.42366395121144 0.242394395896534 26.68132695591617 143.98329036161925 112.91430133936595 76.37092940073268 172.5 105.0 82.5 30.0
39.270641080597684 0.239431636382972 22.544192219586044 237.59458044721958 319.4110007210277 93.74986887608631 172.5 99.0 262.5 60.0
39.53398929337036 0.258182102261874 31.560939738470054 266.9900124162165 50.170186261516534 25.400119998992192 173.25 110.25 82.5 60.0
39.40263220391596 0.249523369855279 40.771775818107216 357.0655383226467 234.92625235976146 320.4476606891633 172.5 49.5 262.5 60.0
39.29541978454169 0.283125474107251 31.87197679251884 339.00114528148754 259.28922574228454 303.4650274301007 172.5 75.0 262.5 15.0
39.433782262932915 0.335556345087569 38.91616134458857 353.6342700498471 247.16839522864822 305.3905264711882 172.5 45.0 262.5 30.0
39.3196900744003 0.262144830338377 29.423989495559468 264.06023048720994 44.1233290875373 135.29285639243605 172.5 78.0 82.5 60.0
39.53868984636908 0.254843013946068 22.12545010939743 157.33757541703088 138.55668607574168 3.988807555406086 172.5 105.0 82.5 60.0
39.35541092107773 0.366431380760964 30.713083514696716 271.90131426975336 264.94758481527236 210.51893667075933 171.75 60.75 262.5 75.0
39.548413080153075 0.250352364950565 25.611672744323574 144.45358181647126 278.9219594379805 300.70690128538666 172.5 84.0 262.5 30.0
39.42445838692383 0.243880709292857 23.603239832870763 223.47969044455218 259.7881968406447 348.1703400142379 172.5 105.0 262.5 30.0
39.335194361243616 0.248738396035196 14.470684067273742 46.72882263743825 85.12834125312327 273.05094536638546 170.25 86.25 82.5 45.0
39.38491027271203 0.288931448749196 35.1365393033794 349.9542931426028 260.0478232247759 303.5863836987552 172.5 45.0 262.5 15.0
39.44686591584435 0.297543919233231 22.190262405051772 58.35363587819717 303.42103457452583 341.26456022631794 172.5 45.0 262.5 60.0
39.4198000080828 0.318315972478659 27.141413297387054 42.727231548144225 234.33176759155475 157.08090588175182 172.5 15.0 262.5 60.0
39.545682139667434 0.253404184210173 20.20837317279959 276.4006518312608 78.84428824237033 90.80495092112498 172.5 105.0 82.5 45.0
39.437072996291 0.315781853463069 54.29514546298264 126.78593107745021 65.43104542478305 89.59844086231257 171.75 41.25 82.5 45.0
39.410921401070496 0.206712340505559 30.84962770849293 87.42784068165332 296.88546923143815 78.49687019442013 172.5 40.5 262.5 75.0
39.558817529230126 0.203341055578891 29.458380449940538 102.18204438035364 269.4559925032982 348.11311833034887 172.5 100.5 262.5 75.0
39.426530810392855 0.306571143424997 43.40909415532027 36.70906798125011 107.11163196202568 10.051429154991485 172.5 39.0 82.5 30.0
39.35442180801076 0.336085848906094 35.530903333313326 132.32278316044116 267.8732537443117 310.47699086256483 172.5 46.5 262.5 45.0
39.460133449267964 0.355349189934852 42.153422771243356 40.01728963595522 289.42909541682144 128.30373717252454 171.75 59.25 262.5 45.0
39.35448865939923 0.374666973039165 59.202046770508375 21.557849643651473 79.71804495684533 41.79135318877251 172.5 60.0 82.5 30.0
39.46579224772781 0.331328308588152 47.141724919834054 25.161656412480813 255.63362550832966 53.16035678265798 172.5 90.0 262.5 30.0
39.323394432002765 0.22873381058596 29.97965107637044 308.2233704632017 94.37669629823623 311.13915017824064 172.5 60.0 82.5 30.0
39.49265361540582 0.289850235394441 26.803576557453226 74.88988745184618 279.6109570214355 0.210700760753265 173.25 90.75 262.5 45.0
39.40880125860216 0.288358471434889 25.804185287012327 11.981808930011226 95.84715321326759 294.48279059087355 172.5 100.5 82.5 45.0
39.350118400982836 0.277045455261833 25.51602923199593 171.50563891280618 309.976990828107 28.44146683619465 172.5 76.5 262.5 60.0
39.3348544885973 0.268740125525768 36.405154023353575 43.34671110831681 225.2750105468405 52.95555267108491 172.5 60.0 262.5 60.0
39.39911990448283 0.253948267940976 44.71408065091998 156.9018409750684 248.2454719712086 298.7009001074661 172.5 60.0 262.5 45.0
39.48558342471012 0.318226336963538 48.491113255745006 359.04279052906793 77.20987722363513 46.48276657107715 172.5 60.0 82.5 30.0
39.564927127375874 0.269750925959534 21.64947544010427 89.5822581974931 230.46465284688634 351.5461702952686 172.5 108.0 262.5 75.0
39.32536725548503 0.242580114534487 25.22127003556634 161.5418160364565 53.906807071253695 69.7829324397583 172.5 60.0 82.5 75.0
39.26244945335579 0.271384479929557 21.652016424496406 296.55898347299376 78.61175619332842 71.0006143662689 172.5 105.0 82.5 45.0
39.40752885231247 0.39025286432944 55.19380652741719 144.437624881105 94.22155850968825 284.02520129901893 174.0 72.0 82.5 30.0
39.42045770253407 0.370083312211394 54.68837542246946 67.48905410487971 272.4712929032416 110.19482820179608 172.5 30.0 262.5 15.0
39.43662224757523 0.264277315885999 16.85423345987922 88.42784165493208 250.80520030219094 329.2827429457986 172.5 90.0 262.5 45.0
39.37027062816908 0.265153661402663 22.200385526799025 117.09015332995149 267.57809021539794 82.37564038786047 172.5 30.0 262.5 60.0
39.393886257243686 0.208349132956493 24.80612004461162 5.524304952605545 106.26873473015642 152.61199319277313 172.5 43.5 82.5 60.0
39.44858393958399 0.239006808755434 36.72635206196683 139.9737162299137 301.90501063036106 70.98426525160421 171.75 117.75 262.5 45.0
39.55664494144905 0.242402771065046 23.67263777515086 90.13519290618774 102.79790582567948 343.8950459357903 172.5 105.0 82.5 45.0
39.44644803828824 0.29531972788436 42.31562820732508 94.81894239757382 272.14886327074254 78.38843179194907 172.5 75.0 262.5 15.0
39.32950119385123 0.379155829854624 55.16836829109419 198.4845477858194 249.81699871179603 166.75264799730402 172.5 45.0 262.5 30.0
39.35944986385607 0.331950940488548 45.143261125161644 85.82200777073328 219.62630104940035 15.521877094157306 171.75 59.25 262.5 60.0
39.47296019307192 0.262746130487801 16.309854050048557 16.065466548720174 222.13834153328602 80.35885742153455 173.25 78.75 262.5 60.0
39.49939958504852 0.300116313449968 51.875757663401856 133.81805431276905 254.56883846745802 80.55380492204135 172.5 76.5 262.5 45.0
39.35511670158522 0.418996311530038 54.531254212535224 24.747396216364645 264.2499947827677 10.777243697472505 171.75 53.25 262.5 45.0
39.433429758250504 0.265329075791927 38.9650786975594 166.93097875817372 75.2003436614087 288.82360011259163 172.5 60.0 82.5 30.0
39.56624940502388 0.225078229177022 19.70045317155381 300.61191010254237 248.83452873216547 85.92018921893074 172.5 118.5 262.5 45.0
39.2819042658421 0.233713230619572 34.81608062528221 300.78426808770666 253.65567278116262 204.58054151474693 172.5 76.5 262.5 45.0
39.49439895268953 0.381699844841268 41.772955104352015 69.66906427873752 233.65449808527973 272.2727582540553 172.5 64.5 262.5 75.0
39.36666778571555 0.240336171052391 16.055613079392366 260.56815949397003 247.68746363066452 15.469154384457088 172.5 64.5 262.5 60.0
39.35958790929558 0.31251618856835 50.48418748055242 152.99383766048447 100.31005114221318 311.0643724851366 172.5 75.0 82.5 15.0
39.24560898249025 0.269303502793795 35.8319009082953 280.3341506207426 110.35177852668616 74.36373659943129 172.5 118.5 82.5 45.0
39.50282713909748 0.206531709210485 25.13630099387546 26.433563343142122 268.7398077739386 261.71673066579393 174.0 93.0 262.5 60.0
39.49267009035183 0.309735048308169 39.50184726591816 212.0981472106538 85.0490338612803 152.59541420574175 172.5 75.0 82.5 15.0
39.33814910145613 0.221733456407352 25.47984532803379 308.4941661479508 88.87816675056786 298.6639571718884 172.5 82.5 82.5 45.0
39.46569771626297 0.309098813086709 42.290526549162045 79.34810209419678 249.50610188943642 105.66163750683384 172.5 75.0 262.5 30.0
39.43369294535542 0.236199890208049 21.807902095168185 324.5449001918988 280.85704719070856 23.109346746047983 173.25 117.75 262.5 45.0
39.431839789447075 0.431706268474142 52.4646173216949 190.4732693327302 260.7830375807789 278.25534915851637 173.25 26.25 262.5 30.0
39.48056691794867 0.375468736506002 48.232587056516024 258.3792890859352 274.5291220856913 105.96669703052858 172.5 67.5 262.5 30.0
39.52361690130459 0.238838632568512 11.29212844717729 175.8711635669797 291.3453492207989 39.603811542825646 171.75 84.75 262.5 45.0
39.59334828492801 0.226993746609454 23.24646576647754 173.2446300921951 275.65169517930605 270.4012530392399 172.5 120.0 262.5 30.0
39.51411306577181 0.207521562328185 34.74565068930424 115.6959203075129 256.43841578993766 311.3023570613245 174.0 93.0 262.5 75.0
39.2853019898966 0.26161714227484 17.741384094858887 52.591462849041235 83.11716789478366 117.5391531658301 171.75 81.75 82.5 45.0
39.465642735470794 0.337644964053304 50.286138429377594 92.76695791631087 110.50464580646782 93.62515577444044 172.5 75.0 82.5 30.0
39.33431162667237 0.344557426918227 40.29089956886538 145.95818999191425 80.49506626461883 323.80960922065765 172.5 75.0 82.5 45.0
39.41303894142358 0.25656394682792 26.909360907761634 295.427181792422 117.73681665949061 273.01521681915364 172.5 103.5 82.5 45.0
39.42875556120592 0.323335992836557 52.800309662006555 122.20937337207685 85.31809569100437 313.61594171157515 171.75 48.75 82.5 30.0
39.42006683898535 0.304292356422008 18.125153269538156 239.7443927373546 269.7056069345716 351.0730489778915 172.5 51.0 262.5 75.0
39.42779670823611 0.279979273890672 24.81280026478477 67.65257594845178 270.36698430720566 118.75106878510603 172.5 30.0 262.5 30.0
39.58946877375522 0.242221300759718 14.684828962578784 257.4447995059551 70.11382581442251 351.94604581559963 172.5 120.0 82.5 45.0
39.56417639214617 0.212565633636859 32.84981591622845 267.70213059350465 269.15218490536824 334.5061822027158 173.25 110.25 262.5 45.0
39.450744920465816 0.238640708128531 20.981488075158683 37.689339014819126 288.66892390936476 239.97941178197146 172.5 45.0 262.5 60.0
39.44693183650299 0.306753260903595 25.814085043477185 252.02341602861986 316.1360505938957 199.65796980276784 172.5 64.5 262.5 75.0
39.22554213179453 0.207553852010155 27.12458420078139 149.4802960964075 113.65292077301375 277.19899282772013 174.75 107.25 82.5 60.0
39.53524732556239 0.253715752697609 28.07386325273795 87.15865469378683 78.9391038613693 351.5488696644804 172.5 90.0 82.5 30.0
39.461775200112655 0.211201029024864 16.626880609351048 236.42133608322646 261.94273739394026 17.417472507042298 172.5 60.0 262.5 45.0
39.419312570851496 0.309549901592925 21.50026891800861 303.7439418819881 266.19056624489883 321.7518362784385 172.5 30.0 262.5 60.0
39.40137656456516 0.365260339319329 26.8382104192992 256.11267745387954 87.39642042419547 223.66732699343817 172.5 45.0 82.5 75.0
39.470123572778405 0.254326370197176 21.241991342718695 27.019876476306806 45.35579634059425 309.63609267322755 171.75 63.75 82.5 60.0
39.43694926186406 0.362134705223048 44.49230436002936 250.7206126548572 301.2466881896428 207.12470449281108 172.5 48.0 262.5 45.0
39.46440176475977 0.300215682547537 30.989424807597597 111.57397913566669 120.01710026675514 68.59253526515158 172.5 60.0 82.5 45.0
39.405295587751546 0.231925015142953 31.116236321490263 135.32881242261348 244.28636319680288 62.999027828375525 172.5 111.0 262.5 60.0
39.48156657855116 0.209351779961716 26.201775635333714 309.8422962932646 290.68564054835804 53.49379121290802 172.5 66.0 262.5 60.0
39.42644279484241 0.240201197270082 35.400082919731396 246.47841093828168 49.612225910015646 149.57186881561347 173.25 50.25 82.5 60.0
39.47444865451923 0.229496875868416 16.58744405131901 308.87402108593034 267.49018568222806 170.68856940693757 171.0 97.5 262.5 45.0
39.38039213864603 0.38707350756299 41.99651726213359 189.64919022580995 61.885696028815964 154.14547821501833 174.0 69.0 82.5 60.0
39.24755298753831 0.243349871069431 15.435068929797191 60.538165165011065 246.33777929512857 27.927122611382714 172.5 105.0 262.5 45.0
39.358462612485226 0.255288690873179 22.916444647326138 2.200210415193668 305.17416314548575 116.16086681868141 172.5 72.0 262.5 75.0
39.62294747872421 0.235943536608219 29.560088808556976 169.26139244286645 256.01836502568256 53.251962704345495 171.75 125.25 262.5 30.0
39.44119314215914 0.247019794924095 30.032109908193046 312.2539549522683 255.38099971829905 178.38635434226185 172.5 93.0 262.5 30.0
39.34849843995172 0.370344094663439 35.464599117236254 287.10274741175897 269.179475341835 331.96546222311144 172.5 42.0 262.5 45.0
39.35160284850246 0.247636776611751 21.45274496573639 130.5893157671586 93.03910931063277 326.1276895702689 172.5 63.0 82.5 60.0
39.491145770158376 0.300563862843453 26.833735106977404 258.9763073953252 303.4583633124125 99.1943675695911 171.0 111.0 262.5 60.0
39.34315214286373 0.264753571429459 26.086208418910942 7.211312719918207 287.05215827820473 33.110045381106694 172.5 88.5 262.5 60.0
39.24387439010271 0.235978512809498 20.30467719897111 75.79621173674713 73.33923235970637 144.81827576868986 171.75 119.25 82.5 45.0
39.40989122362599 0.237295632431996 18.983223950739596 125.38454324840106 89.45946290667938 76.59094177044724 172.5 15.0 82.5 60.0
39.36971605337769 0.231462896567865 40.403427450908666 91.15216151203005 49.30210266625117 241.75018062881412 172.5 48.0 82.5 60.0
39.45009624745209 0.22843224844876 21.7720248122063 252.60626360614955 74.75828414893599 347.02239121939874 172.5 75.0 82.5 45.0
39.52160608232446 0.25939762704752 22.712519254446818 150.98986612844584 139.54842230006562 274.40997275139995 172.5 100.5 82.5 60.0
39.38529153227946 0.28769953916007 23.221482852988462 349.28009389061003 252.69195563413876 67.68099825015855 172.5 45.0 262.5 45.0
39.30382791748148 0.270107130539117 14.53776827576855 177.6391222580197 131.5103383109835 130.6136857008248 171.75 74.25 82.5 60.0
39.35563273783332 0.287382355876811 36.58074639777009 190.12233098587006 98.50290258612274 8.532796142100349 172.5 75.0 82.5 15.0
39.459667498374664 0.343749527307523 49.11442770717508 125.54678988069081 261.7373815324862 199.95791521254318 171.0 48.0 262.5 15.0
39.49537815017283 0.382967445494819 49.832785819896735 245.82215196329204 248.00831135297045 10.87044937217692 172.5 75.0 262.5 45.0
39.31717412235731 0.391324528176423 45.95871554022293 306.5833698545113 87.50723419426892 321.24844794621475 172.5 73.5 82.5 45.0
39.33045856507145 0.214850897544777 44.07270891991903 132.60055497863334 125.54508741637864 36.241266438126175 171.75 89.25 90.0 82.5
39.338986641760165 0.280302949453928 22.24175752419347 24.756061097270422 35.5627362064592 66.36527134833032 172.5 60.0 82.5 75.0
39.34722446088675 0.412347367776263 58.743024897776564 102.95665151811426 86.94919154199825 96.06097427645271 172.5 45.0 82.5 15.0
39.39350383548441 0.275629025859026 35.26710848609897 289.89765984431847 96.40410239486523 165.3668749460317 172.5 129.0 82.5 30.0
39.41634414169877 0.266759797206461 39.201318424606846 296.4447898793512 46.16608350400861 227.94754967664562 172.5 58.5 82.5 75.0
39.49438065201891 0.269915921055863 38.69784522404502 27.35668580946852 252.27444974966926 127.5854903062676 172.5 106.5 262.5 45.0
39.43483270321803 0.325024751403979 27.155314564996424 65.11818297038732 231.25773008220855 133.81418864637044 171.75 54.75 262.5 60.0
39.45455444659168 0.259119451197851 46.618458080043936 250.54423378659615 71.26625080357896 131.8362287478138 172.5 66.0 82.5 45.0
39.39531754753462 0.273080591163605 36.45782748462062 75.99488891022679 262.3776957429053 107.80698445489331 172.5 30.0 262.5 15.0
39.439408184935225 0.312659890289117 20.5806506439079 74.10788931139494 90.11866254735631 330.49615836860784 174.0 93.0 82.5 75.0
39.453413112710244 0.206221171962274 31.858107089582198 178.06558125932776 258.35864291422746 323.04917963188217 172.5 88.5 262.5 60.0
39.515897394819916 0.249117603518682 22.15477278583415 210.55966459837268 124.63523596503481 216.97539543956546 174.0 96.0 82.5 45.0
39.37927431709698 0.343152205921462 37.66860278952283 189.12237376628832 83.66707481193812 168.1195719686589 172.5 45.0 82.5 45.0
39.37611177657184 0.304020491834447 31.826229017380335 65.08801990742863 249.96028326078562 12.064923757922003 172.5 30.0 262.5 30.0
39.39628908961819 0.304422662097472 38.158172186880165 65.303024947979 309.4299928603448 88.1331605854478 171.75 35.25 262.5 60.0
39.441981415918704 0.322522726420152 30.732119412545064 9.91788199579616 298.2193808338443 131.72196938314258 171.75 45.75 262.5 60.0
39.540272374962406 0.201351928164009 23.30246601964014 9.004089845078019 285.2779177036856 265.70963033540636 172.5 102.0 262.5 75.0
39.24473977563202 0.259126360479622 21.246880384096514 28.01809728663595 282.26359386338885 132.93556727230091 172.5 105.0 262.5 45.0
39.41843702707349 0.254997928414866 26.66678721313805 228.86006269235818 231.79801138106808 139.2152908399809 171.75 101.25 262.5 60.0
39.41940582527828 0.270535183379484 32.58107451262649 141.9332728672793 55.78584430484248 92.04028672825801 173.25 41.25 82.5 60.0
39.511928521408095 0.250536941618964 29.769152384893744 17.09333455666801 258.06752027016876 143.11016469374695 172.5 84.0 262.5 30.0
39.476569068062716 0.254187352600733 31.954934395656917 10.367527835589776 274.91963531920277 153.02526091012786 172.5 60.0 262.5 30.0
39.42565973574572 0.289668191550006 41.725901184019456 292.275471031969 46.55628658141004 230.33086748922452 171.75 59.25 82.5 90.0
39.57464485375765 0.292207746663699 23.807908707720156 178.93294830521154 292.0121434860224 146.1744792408786 173.25 89.25 262.5 60.0
39.58760532649155 0.247062309812823 16.114469543255865 51.76348260018456 87.04575658758591 121.01934506161179 174.0 111.0 82.5 60.0
39.29142831814432 0.299097675761021 22.5865542847499 48.500118322699834 73.373022018507 6.589298392315209 173.25 80.25 82.5 60.0
39.42494225413241 0.251731496937235 27.104854859532953 52.614278129211264 296.5768437541204 236.35952315084495 172.5 46.5 262.5 60.0
39.35699427952873 0.248070815827611 31.542250671056543 108.92847759879416 122.57224017940133 294.93406368728984 171.75 53.25 82.5 45.0
39.392904593214084 0.331686582213185 50.779683938060884 254.5802088486073 281.04306211875553 352.6346508872474 174.0 40.5 262.5 30.0
39.38778085910888 0.313162490872617 31.21847666967971 96.92332178877727 216.06920447302025 8.849489510671443 172.5 55.5 262.5 75.0
39.52470577397117 0.311285239622946 32.203723962313575 265.1612072318876 272.8975382196433 219.64878184490553 171.75 114.75 262.5 45.0
39.54211082136334 0.285411956839658 21.121664750212922 149.36681093325893 114.46026551975051 295.5753316511843 172.5 81.0 82.5 60.0
39.40637543225894 0.244342242000872 22.40651255235431 79.05466647785909 63.130961404497384 250.66761484812145 172.5 30.0 82.5 60.0
39.43998404385705 0.353424303478898 56.24056844319642 91.69632464028399 268.3255340648273 92.6219439112701 172.5 45.0 262.5 30.0
39.37736698594107 0.384374073884194 53.17667406509603 238.10531255621063 101.94516708237566 9.591217114568865 172.5 60.0 82.5 30.0
39.57335759247417 0.248873276182619 32.287910792985535 124.6997778338699 79.95922206508358 324.5408016591157 172.5 108.0 82.5 30.0
39.28262716749649 0.333944107347325 48.01970888873455 243.99508429908502 282.53171608358997 226.67897526947482 173.25 83.25 262.5 30.0
39.44505374367385 0.335492486091717 39.425064055078956 80.79178822273667 80.1574218584485 235.18761707676398 172.5 45.0 82.5 30.0
39.44360356945764 0.236259190016573 24.676238278550922 315.5447585491172 292.7090985429505 323.6429995965678 172.5 105.0 262.5 60.0
39.42117772098239 0.234654807740923 26.254790525730904 321.9767898127822 228.51138590153212 222.94442785927137 172.5 51.0 262.5 60.0
39.40819607999618 0.254607516029416 18.727954902710874 234.4594990464276 140.10957695903474 77.81008610531075 172.5 58.5 82.5 60.0
39.39436993152436 0.270173712183577 28.15030820107884 136.24052646570533 111.32934747366784 42.44069280079576 172.5 45.0 82.5 30.0
39.23246990308484 0.234929684961277 22.428477266567782 227.4952292546773 277.9667293060815 338.6958054432442 172.5 120.0 262.5 30.0
39.42008169999005 0.24620333669034 48.25005375701917 170.02345482424536 82.31411665803526 297.1089871434215 171.75 48.75 82.5 60.0
39.47282010978755 0.329300518363603 37.25814516310609 171.82660343125045 124.6554820286806 143.73355517311703 172.5 49.5 82.5 45.0
39.446541389774495 0.358977442136038 32.72243598145687 134.53651700187683 262.4945933141413 325.20572867494946 174.0 48.0 262.5 60.0
39.392827453451545 0.345553498599796 36.02503058030026 145.25045439783452 267.12535047090074 312.6780981185343 172.5 45.0 262.5 45.0
39.43564573950353 0.303531711201196 35.564122148057194 113.3119212110052 289.3077553526386 71.71063581340236 172.5 30.0 262.5 30.0
39.451187920387326 0.236838362340653 8.407913515301347 286.30815985078334 97.88977805214836 349.8479402083735 172.5 90.0 82.5 45.0
39.40628305224671 0.329437895980459 42.81916459431733 253.09118685146098 50.97686253570414 27.047618902926903 172.5 63.0 82.5 60.0
39.43413272540183 0.26914044964532 38.92270705062906 201.84907642629196 95.92573102619886 267.38246484659123 172.5 45.0 82.5 30.0
39.43768637749471 0.270953047331654 33.54542786507625 290.3028398047212 54.491266647056904 107.19828676347998 172.5 45.0 82.5 45.0
39.39932208662867 0.289102178710595 30.809224303714974 54.828555138533964 138.36710600006055 88.46386700828664 172.5 34.5 82.5 75.0
39.41819138162037 0.246762649661069 24.111207041749534 25.759020215659312 106.1776938549966 26.821592252094906 172.5 60.0 82.5 60.0
39.28072591845516 0.257792835520808 33.929778733417734 77.28627790448367 256.2139293457778 210.17187925546958 172.5 120.0 262.5 30.0
39.390246476170255 0.22405608950337 16.967519209722322 321.10788550610187 250.9583320988849 305.5270877371113 172.5 60.0 262.5 45.0
39.460558220449585 0.258939927631978 25.965414540886425 339.92985195108355 263.8022629996422 42.55958169030114 173.25 81.75 262.5 30.0
39.4315350601593 0.248491467047578 23.09296757945015 154.53310901848195 140.53578576587697 278.6234517871829 172.5 81.0 82.5 60.0
39.24440146456721 0.244320658583621 23.839713291331655 307.00204733898624 257.6674759690366 61.299170946945026 172.5 120.0 262.5 30.0
39.42045748169268 0.208287771737906 18.85529681575618 330.9558595586524 101.09391284669654 284.1713171935188 172.5 45.0 82.5 60.0
39.40922991398005 0.301942251408247 29.978508999595636 283.0110924314065 87.64078855059599 194.5218769844744 172.5 75.0 82.5 30.0
39.46841985878443 0.274680322135448 36.99538387876383 120.97441767049038 111.45600776394751 274.5726363448342 171.0 108.0 82.5 30.0
39.238839327159425 0.269586930935261 35.212586831052334 168.07332908884524 57.38742914439695 170.87010098924998 172.5 82.5 82.5 60.0
39.44156757843733 0.403972500776543 54.26400340289836 21.86913248357107 285.3865867774174 32.485247654467535 172.5 67.5 262.5 45.0
39.394252581309786 0.246585617107281 49.82278941165546 65.34833924515763 262.609368930709 14.283018126553072 172.5 54.0 255.0 52.5
39.38790174654953 0.404030634390538 47.87421996407999 316.86990306277573 60.58890790355794 84.24084980136747 171.75 44.25 82.5 45.0
39.41677745971381 0.272809216347005 17.21555180892878 233.43535659191144 88.12139608668832 128.68765969733576 171.75 24.75 82.5 60.0
39.282223629797656 0.246258918869577 20.146797063857235 298.9859616545075 67.91126127017158 233.09007469786263 172.5 90.0 82.5 45.0
39.36540689220198 0.312849823610562 21.980578457698584 344.92108530727535 45.40634045789545 73.92835997581209 172.5 58.5 82.5 75.0
39.28738445062591 0.247689488164418 35.6822755147747 118.29477577314633 257.3792447319803 100.15301903666422 172.5 103.5 262.5 30.0
39.37838989221846 0.303654512908539 46.92830689618833 153.79303982919652 104.91434151626851 188.47035032999221 171.75 80.25 82.5 30.0
39.287496047822074 0.267756467738369 22.638779565482697 51.64782626595 222.3270470303484 153.35575459313156 172.5 97.5 262.5 75.0
39.384450213273745 0.310078042444872 50.19052036821585 48.556657066735454 278.63344902208854 25.794910186115345 172.5 87.0 262.5 30.0
39.38643151765729 0.30804645867286 32.921433586396475 328.24939633091094 260.58300326533106 338.1220443309181 171.75 117.75 262.5 45.0
39.257365607831105 0.237671718327167 25.364673792141932 183.66465150475392 109.10185237966098 140.5505489428264 174.0 100.5 82.5 30.0
39.253725386035086 0.207228158096603 20.56424057567073 237.45406807149004 251.88300867440867 279.50975863041594 172.5 108.0 262.5 45.0
39.50779850381604 0.245862001453763 19.623498102672066 295.7621987545026 69.95614600133409 216.47415611506685 171.75 83.25 82.5 45.0
39.32750147235501 0.225340342416676 30.055975631101628 297.82793206937595 71.55372301148775 216.96574595883024 172.5 60.0 82.5 45.0
39.261041073267165 0.24577056429952 25.460501292305214 87.69196688138615 237.60410340605395 344.5488650697559 172.5 105.0 262.5 45.0
39.36082604430435 0.350057505378816 27.249819233008424 4.923464041772947 296.01366882226296 139.67928840118628 173.25 66.75 262.5 75.0
39.548580533943145 0.27116635863153 18.995759972040428 328.9483017966353 42.31390088680302 112.9664873690186 172.5 100.5 82.5 75.0
39.3894618966918 0.293304685774914 34.3547850223122 301.68264799156316 132.2871661422004 22.722608442236893 173.25 96.75 82.5 60.0
39.37386686680677 0.322724331837874 26.329454593234694 350.2188022931153 58.984474512745415 297.4112407973147 172.5 60.0 82.5 60.0
39.35193859797751 0.365253509829569 58.332957447524755 116.74060593563915 94.67014582558002 315.7013289046293 172.5 58.5 82.5 30.0
39.3566104515227 0.289620395193147 43.97364283246065 273.8765475186065 78.7023035913466 86.16075535130393 173.25 75.75 82.5 30.0
39.42537521415757 0.273814679665111 22.612436313421618 163.82209694007736 75.42934755479718 48.35623169649324 172.5 64.5 82.5 60.0
39.462747265340575 0.230115355736897 30.75007957063585 147.30738769867506 101.11606593296105 165.3134756213497 172.5 60.0 82.5 45.0
39.44172259820657 0.242802493724041 36.50178761900351 113.82579818593334 84.93303637314756 226.34909462500653 173.25 80.25 82.5 45.0
39.30726751594432 0.237854057072686 28.56141336744121 129.01705876504093 252.23265817204765 343.0094724366336 174.0 99.0 262.5 45.0
39.42061173726758 0.263325565712648 33.048322868850825 13.447640274583534 272.5737045268403 159.6866269304433 172.5 45.0 262.5 30.0
39.47002616067464 0.364906728696495 35.65393203163401 57.249591460820255 292.07667133096624 109.14987575004163 172.5 61.5 262.5 60.0
39.43344467688799 0.360771246815233 55.46136291128226 294.44366595457626 100.49130876646838 306.3659315673512 172.5 58.5 82.5 30.0
39.38731220862935 0.314741941740768 40.7778110096899 88.21556855102175 95.6375512524594 227.3335398861035 172.5 45.0 82.5 15.0
39.43427485296024 0.254050925227749 44.97973702515405 322.9305974960952 263.4644750767463 296.5298323116169 172.5 60.0 262.5 45.0
39.381988453535406 0.349253308071594 49.329940918126674 242.76764149790262 277.9647973373146 126.5658075744633 171.75 50.25 262.5 15.0
39.31537867879382 0.230645940701409 12.026209463241122 239.61387631319076 74.50312199926213 22.88795244708662 172.5 75.0 82.5 45.0
39.40101470223291 0.23648743185688 32.41453734128474 354.23985718842493 233.687701915633 306.62171569368155 171.75 39.75 262.5 60.0
39.324388160307954 0.334819680872377 43.675383063152715 211.28992150102567 74.03438355553057 163.54710120856012 172.5 75.0 82.5 30.0
39.41087687028132 0.270550132277079 21.328627190545326 13.13972679599766 222.0459664073933 76.78107873293297 171.75 59.25 262.5 60.0
39.23135756379564 0.251093002433561 19.14270266544774 187.78968326810357 93.28391509725729 263.78631196003107 172.5 105.0 82.5 45.0
39.522940281103374 0.293053662530192 22.601011409791873 212.60031926791805 115.17643615709227 107.30318085253376 171.75 101.25 82.5 60.0
39.414870789338615 0.298682851087631 26.2058898838365 102.17846505720975 304.95234716572435 212.5394652504836 171.0 99.0 270.0 67.5
39.38962452747508 0.251778074619825 25.465048503108164 244.1509748962339 109.61227489355285 239.6458481125953 172.5 60.0 82.5 30.0
39.32590462175789 0.250531617638247 42.474237171004596 280.20319567474826 98.40211566099521 342.36205972698104 172.5 75.0 82.5 60.0
39.45122071537553 0.251087466141743 32.06460670610814 225.71353916926768 101.00756600533461 113.30543069243882 173.25 54.75 82.5 30.0
39.36411824769376 0.309959492454335 38.23204121920986 1.32616756565597 264.4815376256392 49.73576159876461 172.5 45.0 262.5 15.0
39.504490136584344 0.262537971266056 29.433416070166754 337.8817459293526 83.88661533654272 164.6924198975278 171.75 95.25 82.5 30.0
39.27221595931057 0.310952806775139 24.897605573822773 236.551738513285 71.46632588209161 256.5806571015624 172.5 78.0 82.5 60.0
39.38726604556512 0.302879788587348 37.52869192676035 264.1667990430351 257.367404565029 97.52838635729726 172.5 60.0 262.5 30.0
39.3847968004801 0.268391824414761 16.972474678635713 97.42762360821096 272.31115772492143 326.0163445451042 172.5 40.5 270.0 52.5
39.35130205055062 0.355474703407508 51.81653935774298 312.7956312845441 103.76204160240279 319.45559644600365 172.5 63.0 82.5 30.0
39.430119228736125 0.350512233583669 35.62384816571358 41.272433003657085 34.93850423450123 300.5199761327989 172.5 54.0 82.5 75.0
39.54977778586384 0.269884122937186 35.88668503984365 17.13087629193863 243.82771395755515 181.54047738135318 172.5 111.0 262.5 45.0
39.27963299551805 0.23300784102528 28.356246293336635 150.19294155042576 263.54329141394686 150.45517491326757 172.5 135.0 262.5 30.0
39.417469285499294 0.210677632088983 18.196076736034783 339.66644208956734 72.38578281495381 291.31602353877145 172.5 78.0 82.5 60.0
39.30633673734683 0.222572564071557 22.54217009103841 246.10726241383088 106.71795398365846 317.17320662588315 172.5 105.0 82.5 45.0
39.511033098583205 0.222620086269404 30.4034817834854 235.50823894888416 279.20989097648567 232.6343514167981 172.5 100.5 262.5 45.0
39.44652563543275 0.234423676586246 15.98417014270909 34.01166858340103 277.62031314495493 285.94520582336446 171.75 119.25 262.5 60.0
39.51706735260071 0.221681898330986 14.672297055053251 266.5521724734333 110.27456169598568 118.5611197771964 171.75 116.25 82.5 75.0
39.409632102322504 0.27662532274912 43.47858438127665 216.86610882544258 51.12420958162296 287.81513130955574 172.5 51.0 82.5 75.0
39.403067522189765 0.222475382194364 21.954405322908297 150.7738462965068 95.89649363227203 203.57527244936364 172.5 105.0 82.5 45.0
39.51388235185545 0.282527422056358 27.305931967762053 40.31480501464579 285.3920667044531 5.121984558971503 172.5 96.0 262.5 45.0
39.42130809030623 0.299534201222518 41.54397616380169 328.10819098824555 312.5577498962998 276.7118031865988 173.25 60.75 262.5 90.0
39.55150624221103 0.226577785726313 21.29631278622111 313.4727308349847 76.84089789316636 316.6412112202921 171.75 92.25 82.5 45.0
39.451523563677426 0.325571645199259 23.615902780312613 338.3230858556486 276.5417273553501 52.477974652089124 172.5 36.0 262.5 60.0
39.336962666682524 0.230971709218764 25.20289183372371 117.29469090119308 269.69353845294734 308.8059855270242 173.25 83.25 262.5 60.0
39.37407781742206 0.282716358783839 42.35111437508911 46.89125415115779 279.2065517333661 129.77479936714352 172.5 45.0 262.5 30.0
39.51286685542424 0.240375872728068 11.848825950194708 207.21145369628593 116.02138489842547 251.96468980627847 173.25 69.75 82.5 45.0
39.43548772129376 0.287526771922871 25.889925147715054 288.9616953116066 90.03892406928497 345.77340263752177 173.25 93.75 82.5 45.0
39.54840760628242 0.257500498554689 25.821947400252952 300.0912454496072 241.56404908605032 327.91650878333104 172.5 105.0 262.5 45.0
39.38939710254666 0.289608195563658 25.258726910145676 34.69897903899019 89.26146391873118 151.60132158602417 172.5 60.0 82.5 30.0
39.46234680651035 0.267043493480749 27.410253345781346 55.702111802143015 48.34263095735167 265.3294508527635 172.5 60.0 82.5 60.0
39.3625140049841 0.295689491485551 31.02408357649774 144.67410233521525 269.524702120234 327.97182083313794 172.5 100.5 262.5 30.0
39.39854123224758 0.301972593952069 45.20617753031008 11.527188345980791 68.13688828135902 50.55767406011954 172.5 30.0 82.5 30.0
39.324222586391706 0.295169961382466 20.31365870848454 136.28346995384732 263.389592591465 329.32905983181706 173.25 80.25 262.5 60.0
39.53590131665098 0.248302835657701 14.95190616493487 78.28195480059468 250.0197612996979 256.76784732667807 172.5 90.0 262.5 45.0
39.541396681334106 0.294906057844937 34.0354158739008 315.04441777103347 77.30124326075637 60.64005821504704 173.25 111.75 82.5 45.0
39.36301977782278 0.272040489615393 18.898110136960902 233.3636196310398 246.53402973961863 159.56853197798185 171.75 89.25 262.5 60.0
39.35767006761844 0.28134160682439 25.385627050087813 343.3026680584731 259.2161513967949 67.57294191705223 172.5 45.0 262.5 30.0
39.43658806628196 0.194634116643393 25.040398368381126 268.66725757919454 273.24085679764005 85.8739886926411 172.5 60.0 262.5 60.0
39.29358832208742 0.241367318838558 25.02129464081978 257.1486643648752 258.94375696958787 236.04825789267005 171.75 89.25 262.5 30.0
39.46006145402251 0.257434150774963 40.78563825772774 270.26296971092336 95.76107883661236 227.83031606615188 172.5 69.0 82.5 30.0
39.28807284770926 0.277616321297462 29.202710828258517 308.37111950123347 287.5843174276407 67.37464720203278 172.5 100.5 262.5 45.0
39.42532722605131 0.237675937017328 25.953449185118846 199.53352206987435 273.27452679289905 155.99745165878153 172.5 45.0 262.5 30.0
39.40154546099173 0.302649635889031 40.785085424821176 284.16107265290714 90.90166081476926 97.82006611556619 172.5 30.0 82.5 15.0
39.46731878187736 0.321227049226631 26.42659417989591 268.71417410704134 300.56119887964667 98.2140131068918 173.25 78.75 262.5 75.0
39.400586730577984 0.30030418712497 25.20415118090713 203.39038119308407 97.2777950362672 139.57881079516537 171.75 15.75 82.5 45.0
39.422688627006266 0.240622337574006 20.01270127378689 64.28650862441818 263.5757222077204 276.8411910371093 172.5 120.0 262.5 45.0
39.35225673262012 0.267622528785185 21.652584713874383 91.51043637014425 102.6130240180117 67.28033865467445 173.25 87.75 82.5 45.0
39.365691978182284 0.255577720607711 17.02026414928085 274.698532239961 83.22054507336344 213.70482243615774 172.5 45.0 82.5 60.0
39.24736385743307 0.22749188785426 31.390306249484173 96.02476843527418 255.78456131826516 334.4876732365104 172.5 106.5 262.5 45.0
39.32055343929664 0.308751247847432 32.55069814137783 7.070088085086017 304.9924210338884 105.64749635276624 172.5 88.5 165.0 157.5
39.522576220414074 0.22804156127026 18.14310423893688 287.02447858645763 76.92734717296426 100.3933677978165 174.0 76.5 82.5 45.0
39.29693939311541 0.258615434736587 33.35688539951501 41.64268556859987 277.6268280658861 133.2540806887668 173.25 104.25 262.5 30.0
39.48852369700299 0.211406144621567 23.693429916762785 252.5251452531092 104.84012032863811 124.48166476386072 172.5 87.0 82.5 60.0
39.57774370091504 0.238657293932332 16.933332597488224 61.029797245380884 277.5558236800352 96.84054959936327 172.5 120.0 262.5 45.0
39.39679091781601 0.296971791725404 26.640068554587337 29.415759035176276 129.9552711194238 353.2396327024087 171.75 27.75 82.5 60.0
39.44805387421145 0.272382130822108 23.88830951337611 235.43316467603586 279.8049340832851 149.5852571021977 172.5 120.0 262.5 45.0
39.45501537995846 0.336060403644888 45.46047268631484 301.7327877440552 92.6705539914852 212.80171885757719 172.5 75.0 82.5 15.0
39.44302614836698 0.206352692862112 21.492188407887088 349.3316935932186 105.19959819311056 22.423237761548194 172.5 70.5 82.5 75.0
39.4043939630675 0.315378886819303 21.695340093866836 342.0206558781304 91.08777593798555 302.66540842342886 171.0 51.0 82.5 60.0
39.35961161581383 0.316429180957311 35.18234429410651 240.13148342902377 288.7746234140835 230.7604280227475 172.5 45.0 262.5 30.0
39.336395189042825 0.247361909232523 34.78900544125799 106.90929947940542 133.30190509525832 57.84211346818692 172.5 58.5 82.5 60.0
39.534590486017564 0.296568952413307 27.995054209821166 63.994847147261815 267.82149301714185 114.66581885230588 172.5 93.0 262.5 30.0
39.38842062007605 0.328452302234288 55.22586911242103 155.35621967023687 268.5298571372095 70.36874214778972 172.5 60.0 262.5 30.0
39.365247994342205 0.210152434479107 23.067702386186497 271.0135597483528 299.2812762330609 293.0686227605441 171.75 93.75 262.5 60.0
39.4257757677199 0.249003483992578 33.87943920929738 214.15255808096472 244.14781913183526 48.638118292368084 173.25 53.25 262.5 45.0
39.368486452914674 0.330241858777595 48.38067254007563 78.24492879829967 96.40804612059604 86.40524975672483 172.5 60.0 82.5 15.0
39.49526995908335 0.209590072367014 22.622272791134336 190.98857279109257 312.99523670862 131.32020215675016 172.5 76.5 262.5 75.0
39.2861054331603 0.28783094779677 33.024556646014545 65.4637937703413 116.23940768494587 223.96423402487153 172.5 105.0 82.5 45.0
39.45708105383105 0.290313269915659 45.79183985628115 145.61137149737115 72.49553569273537 335.29951834887294 172.5 75.0 82.5 30.0
39.4086363141388 0.298070794310607 46.433170857879894 202.98077495784543 107.87364687302727 137.52368048989644 172.5 30.0 82.5 30.0
39.381759547213065 0.240175498423964 15.324725159386626 165.10423709990386 307.88936785595564 43.17773181523683 172.5 72.0 262.5 45.0
39.4712642653894 0.320076995245232 29.592429444937384 227.77914535358113 268.0948016506096 17.20361171959171 172.5 60.0 262.5 45.0
39.37416227124595 0.313321627172997 44.150941203367374 313.34615561106216 241.11965662597655 87.78941050796226 171.75 50.25 262.5 45.0
39.33383854095216 0.262025318670284 27.094262736212418 324.0611335691066 62.195844341796274 66.45533125936245 170.25 96.75 82.5 45.0
39.49032645635009 0.301008927866078 28.729306674858176 338.0900606739372 119.30081127139445 164.88747254125775 172.5 82.5 82.5 60.0
39.313772606320455 0.246441540930541 26.292046000532977 55.579732014969174 311.7041992872741 69.10029779807402 171.75 104.25 270.0 67.5
39.428678816764204 0.344329735050827 44.97738435216438 75.37961607198419 255.72945410317436 341.62801697790843 172.5 75.0 262.5 30.0
39.396392660493134 0.420462450169062 45.98984159390592 143.8358218044526 67.42455872728208 318.0216831737624 172.5 61.5 82.5 60.0
39.37125750284115 0.23897655431094 27.493295508709636 273.81723183725757 122.97106465702315 77.31552227390459 174.0 42.0 82.5 45.0
39.45227923934566 0.223139175422497 32.672101372343995 358.8753584940685 91.51727317638436 168.55915629860445 172.5 60.0 82.5 45.0
39.270381501725474 0.288930707530585 34.7365437908811 264.8145067805343 267.59406613333516 98.9878039555292 172.5 117.0 262.5 45.0
39.39732414166265 0.255798369245178 15.857682331935104 231.31154002134667 294.80841688245295 132.2466395643951 172.5 78.0 262.5 60.0
39.270833318423975 0.210576587822171 27.639391605738318 237.07756208378657 247.25022204875728 248.0926003870248 172.5 105.0 262.5 60.0
39.40388128031816 0.346191060321379 38.019961914661735 67.54661551750797 74.36686803449858 222.95215458947692 172.5 79.5 82.5 45.0
39.27447721617057 0.250584846427327 27.63519009534007 339.42963001034764 289.44395799097265 258.822077481812 172.5 105.0 262.5 45.0
39.40353672846068 0.297406754752696 38.33676475870483 138.47327595760424 258.54978023110044 68.4789032188461 172.5 43.5 262.5 30.0
39.44031458756957 0.408206652119137 53.78557546061131 276.51264326045964 270.51795307554124 209.95637822929237 172.5 33.0 262.5 15.0
39.38358659144135 0.356086334056156 52.52621589072792 157.21736100015255 109.61692134389665 283.7191156414663 172.5 28.5 82.5 30.0
39.49057578079725 0.272346164490784 23.705425602961235 262.97552175562026 257.2102380857949 213.18582356020187 172.5 90.0 262.5 45.0
39.33010436148277 0.225358980380704 33.46254715424198 222.8103775669248 311.2694867451639 348.919689616357 172.5 72.0 262.5 75.0
39.421994386171946 0.377790294365305 49.466969414169114 241.9472051107067 103.11601504127509 115.662428156098 173.25 30.75 82.5 30.0
39.43778639896566 0.229122658262924 47.58444190415356 181.40489956434328 268.58624248304085 149.77481023692619 172.5 37.5 262.5 60.0
39.30147490575472 0.255008597029912 26.29348035399567 250.73856570878112 233.299838500997 2.939166488997423 172.5 94.5 262.5 60.0
39.44961933443734 0.258942454158147 22.580676385656584 154.39591242496837 262.78090272925755 36.02455693042989 173.25 104.25 262.5 45.0
39.401077195484774 0.30306407762906 32.803844459389836 81.00275059391673 232.42130087604662 257.31108414932817 172.5 30.0 262.5 45.0
39.33176307847465 0.329927941527493 36.08949856097331 191.87389466772376 136.47561930691325 251.2483169436013 171.75 71.25 82.5 60.0
39.45712095583339 0.263286312707913 26.344315006745273 304.3337951770478 43.74357146837805 121.57669736997887 172.5 60.0 82.5 60.0
39.47675096989659 0.22930102340005 25.07935645938377 240.96638079527537 137.11977126929767 75.09937047604994 172.5 114.0 82.5 90.0
39.37114764493062 0.34511916233038 34.51854019859191 173.54764465130572 249.75820543391723 183.22019636670126 173.25 30.75 262.5 60.0
39.38888533884388 0.225874890870579 24.2834285866453 342.31860407001307 268.01799314554466 58.18969243573648 172.5 30.0 262.5 45.0
39.40562551437495 0.229918504134411 38.773093213366884 341.8352540447875 81.79471279812348 175.7669454127973 172.5 30.0 82.5 45.0
39.28179390838252 0.292088115025925 30.041111358495208 156.3899123890036 74.54581294093853 87.52024853786915 171.75 93.75 82.5 45.0
39.37663796915376 0.304744093057228 29.679403241309316 35.13077409818804 259.32447847662513 133.35553994859941 171.75 48.75 262.5 30.0
39.35946513460173 0.29494391354446 48.789451171103316 109.42728018050094 112.87444273827546 185.0107261007417 173.25 59.25 82.5 45.0
39.55415968231111 0.249908057649412 28.725430195551127 41.30189653788001 247.2923214929396 16.512309721836225 172.5 105.0 262.5 30.0
39.43180896124541 0.341959564002011 30.774393593426943 60.337812925200254 62.07598440594214 33.452214783536064 171.0 67.5 82.5 75.0
39.345947236874785 0.284375197053969 47.14039031211529 327.1084248691126 249.0596709741165 327.3035216423717 172.5 55.5 262.5 45.0
39.414658368384835 0.275875997459215 29.776031858587412 204.61379765077618 115.57287933623071 276.3569592418599 172.5 99.0 82.5 45.0
39.36263646607778 0.299510330488714 27.39738880884744 302.9997399146598 90.91010124743508 291.46214071981797 173.25 104.25 82.5 60.0
39.35763521937675 0.290796087560085 27.099370693720164 208.4849628323179 56.36838165627113 288.43527264662805 172.5 57.0 82.5 60.0
39.392544791181486 0.295284914846675 34.05538870345435 81.1100228127152 130.3028487399568 179.78855175666317 172.5 61.5 82.5 60.0
39.366916683022026 0.380720362663074 45.08543243738889 276.59942298895186 58.01670021618744 245.17184731219425 172.5 55.5 82.5 60.0
39.495042337730645 0.238747517210819 17.712748234028357 47.98643651610836 280.9426878325169 5.153601406930656 173.25 72.75 262.5 60.0
39.52428290781371 0.250893112203022 18.12074279829372 226.7126319290869 123.98596934874188 87.06383159165223 172.5 105.0 82.5 45.0
39.310590711427906 0.329666405033352 38.6265023043985 126.46398476184709 281.8968079042583 175.30253253542617 171.75 75.75 262.5 45.0
39.43586898683345 0.411042152709082 59.137932965422834 339.81986049200304 89.42041709747816 183.6790555979962 172.5 48.0 82.5 15.0
39.328900820573516 0.381076457285668 44.97970711676861 187.35358224353956 112.65357217096778 9.605938502136365 172.5 55.5 82.5 45.0
39.28928112649306 0.279169245078094 45.876232606961395 6.557365080675089 43.03478936075015 184.49150302534338 171.75 57.75 82.5 60.0
39.33527122059745 0.262363110907863 25.253388155172523 73.01905879584737 128.5102552818614 59.90551407925526 172.5 82.5 90.0 67.5
39.41641531834366 0.253630209869793 38.739859936505404 226.75817402995924 69.09810313761275 125.546790648976 172.5 75.0 82.5 45.0
39.3632496743954 0.262396603938057 23.397122827904642 275.2266314950542 287.246117216998 206.07448236652397 172.5 45.0 262.5 45.0
39.33977010450119 0.240517081136703 16.12827931674167 357.9726618287445 226.92874352469357 87.00419514807776 171.75 80.25 262.5 60.0
39.41140845446944 0.29802109292131 25.472577110154933 177.12561801215725 253.52226484989242 44.81139582544277 172.5 45.0 262.5 60.0
39.522273930398576 0.319992375159776 33.56604983692754 133.9910281793118 278.06567274939135 314.72953562714383 171.75 80.25 262.5 45.0
39.49654588487432 0.224383171138972 18.691514013360436 154.24409705147045 105.53530956124088 21.953506521792036 172.5 105.0 90.0 52.5
39.478853603380415 0.31107966289654 29.572000971577296 122.83622680896829 62.49845566505859 101.73073505546338 171.0 73.5 82.5 60.0
39.353369769724125 0.270282572955113 32.06950529132686 48.69291967518852 60.80959838911898 277.5939459897565 172.5 60.0 82.5 45.0
39.41174777031156 0.281080058333923 42.62572891920172 156.78813466498536 235.29667874209264 330.431591416275 172.5 57.0 262.5 60.0
39.26444502512962 0.247238397682502 13.936170758269313 271.3266656062636 59.142269393845005 232.9317060777826 172.5 90.0 82.5 60.0
39.460466325210014 0.424534674875334 54.375653742714306 15.342270384995683 290.6944807151589 265.07967934473106 173.25 53.25 262.5 45.0
39.299903433314626 0.310226529098422 51.07187088918664 317.0120683346592 267.0365201569782 303.6057294113164 172.5 75.0 262.5 30.0
39.388483133058074 0.349692710022763 48.73376868039337 257.4625821122038 72.06851410031577 0.13088426256238 172.5 28.5 82.5 30.0
39.298908340106735 0.366066337043679 56.61313001832464 297.85443720197986 96.84739124406778 312.49988816403277 174.0 84.0 82.5 15.0
39.289976576989346 0.264955099916875 24.10848491852752 350.3336107523987 88.78355330651874 191.7553355140813 172.5 105.0 82.5 45.0
39.3320521150421 0.286167546802847 25.913740671251013 178.7352563780854 83.59054130795492 164.10668423891983 172.5 73.5 82.5 45.0
39.39591759611103 0.27693397992846 45.2910204678539 325.7640071686402 293.8896987393085 282.25261544544145 173.25 27.75 262.5 45.0
39.45884477755005 0.308198290064727 30.094185205128547 180.08394832885085 297.1253216747294 141.31384267055614 172.5 55.5 262.5 45.0
39.48744651763682 0.250136384772999 43.19546413474278 142.772813425435 93.25222773013448 178.8280877994254 172.5 75.0 82.5 30.0
39.35727690235517 0.250477284032362 27.78536255069966 176.00607210899366 71.17786466567075 180.89129571549265 172.5 45.0 82.5 45.0
39.33905360854771 0.353182949990912 29.31212208427648 264.59066620776434 253.08974379665514 124.01481345132511 171.75 59.25 262.5 75.0
39.43138518565146 0.246922352376629 22.030590655074842 32.11536220390867 246.73558217710445 25.90447892142711 172.5 45.0 262.5 60.0
39.47029432498557 0.344079388357489 30.645333805888583 193.33573432348493 304.20531147748943 255.2513294009632 171.75 63.75 262.5 75.0
39.3144466490913 0.262721183646008 12.449900103241589 301.7505692102662 53.67074708970321 215.91086997122736 172.5 75.0 82.5 60.0
39.36607329167068 0.230770510246546 30.814266182019413 233.76333525573398 303.30044106036166 311.81871815819943 173.25 114.75 262.5 60.0
39.27992820034202 0.259193403002779 31.31080883740611 321.5119170369463 45.874777960924824 231.3822030380002 171.75 93.75 82.5 75.0
39.398040958908126 0.202588576952676 24.188468368505006 139.62468167610552 75.38999965204158 172.90971890009197 173.25 93.75 82.5 75.0
39.26187004904852 0.277369377535348 32.24336874741181 233.98669518529135 285.2362453505522 1.302130027967545 171.75 98.25 262.5 30.0
39.35011793428662 0.290646262754975 22.68806578490023 134.1655846536898 122.14091276599365 40.8428654643567 172.5 60.0 82.5 45.0
39.334249918135235 0.302135084741034 38.55458981129764 19.77827187563441 57.70814113288543 48.9929004632397 173.25 60.75 82.5 45.0
39.39200162764591 0.342098275238921 37.95921624708308 148.5991986120984 117.98917717936455 168.71200202666935 171.75 39.75 82.5 45.0
39.39570515350395 0.260989999291456 16.64486998732277 188.5352522288759 82.34621636546642 16.70438397925597 172.5 90.0 82.5 60.0
39.42819455879163 0.279839408735619 22.881608033595764 170.51066875214602 253.1744004140573 47.66592887790443 173.25 56.25 262.5 60.0
39.36463160425564 0.329173806968171 31.88277415055303 351.2695777031802 280.81832419665966 42.611365142657164 172.5 45.0 262.5 45.0
39.54364999310402 0.255466764853993 32.45050616191286 133.81495036151586 63.50358437682834 355.80523029630797 172.5 120.0 82.5 45.0
39.476366488315826 0.280950767447667 32.30912326374814 64.16265549377296 95.47131578091965 243.68930006256812 172.5 60.0 82.5 30.0
39.48486254696619 0.261359239269916 25.246924488466497 293.0532064394977 61.78850834884241 12.708863038281267 172.5 105.0 82.5 45.0
39.58434932237069 0.261413661064516 21.237000046814366 179.04799280933273 75.2405899930988 44.231921324728944 172.5 105.0 82.5 45.0
39.42871595780534 0.270066516107601 33.807230382706464 37.20389376017102 226.2205557206182 290.3262262082509 172.5 31.5 262.5 60.0
39.318477102076905 0.290790198065874 40.64567607102307 278.7008409510602 103.48074549926628 310.50670329877227 172.5 79.5 82.5 30.0
39.35440578252411 0.246336743547179 30.026068568653155 172.19592980108374 277.69354989993474 140.4877869791533 172.5 88.5 262.5 30.0
39.258135600666506 0.220661220173598 24.079877716217197 98.40876363903416 86.83981850655091 229.6650206424174 172.5 105.0 75.0 52.5
39.4315202771462 0.271411576527853 20.517159273673453 99.58459273330698 266.53339041889205 324.52821915678066 173.25 59.25 262.5 60.0
39.489370360779965 0.229824489869982 11.903092421624363 250.74760221970178 84.53743019208613 117.07735062641892 172.5 75.0 82.5 45.0
39.46270740773408 0.227989621835906 14.322121812738008 31.463598350439423 76.63150045112629 276.5045897764384 172.5 49.5 82.5 60.0
39.54715525336797 0.211329607715007 27.584693711211898 177.0242532460371 82.52583205810699 54.221078320942794 172.5 99.0 82.5 75.0
39.347168070375474 0.324292873847369 51.04714079299009 8.971629843326552 116.3950704220344 122.04452847346097 173.25 62.25 82.5 45.0
39.49772910981242 0.25315346985607 14.696310094502142 275.35375539955095 119.03890139613873 336.4299756839969 172.5 90.0 82.5 60.0
39.370728557921396 0.406959755832806 45.32575262173666 49.05708213186482 259.38222339572144 8.1388512879987 173.25 56.25 262.5 60.0
39.47674229256257 0.350878188038408 39.9372763529087 314.96041606293016 245.7074338583784 91.47896843177185 173.25 66.75 262.5 45.0
39.411341703832925 0.223562053684275 26.967092914460693 187.9023455712572 246.2112939388404 200.15601304578806 171.0 96.0 262.5 75.0
39.2646296561499 0.216535639041772 28.88816865481163 42.675762462872584 125.22505390956768 246.46145901163064 172.5 97.5 82.5 60.0
39.40559798697532 0.266683645541037 40.75536276651221 173.81732744534253 286.6586109827926 308.8205359693724 172.5 120.0 262.5 30.0
39.33864848872542 0.232273223794907 16.147384652816985 13.48342678935129 270.6591297575567 45.26427619312139 172.5 66.0 262.5 60.0
39.37993312064154 0.243184617138046 36.237110441224694 176.25942636658982 299.97680199270536 32.98949532937188 172.5 58.5 262.5 45.0
39.39364540671503 0.257289003904742 17.09397268592418 308.9386308634579 47.058842148733056 89.46344006401473 172.5 69.0 82.5 60.0
39.48565369767334 0.291019153996255 25.92902405979184 310.55116368544253 236.28315248210214 321.4581224972072 173.25 107.25 262.5 60.0
39.24314253135454 0.295951200262386 21.242274117325017 91.84444542118989 264.00044539110615 216.6364752698987 171.75 80.25 255.0 67.5
39.35646239955686 0.329284875443515 34.96279603475019 258.7908597548036 250.14073576825962 8.587263267205948 172.5 55.5 262.5 45.0
39.385959613928925 0.30910780549787 29.578737992294535 149.54435302346408 81.82263584795494 212.73439962038725 172.5 115.5 82.5 60.0
39.370123930434275 0.317675554290089 46.47666465919429 136.3881193348854 267.6063916259626 328.650415811015 173.25 60.75 262.5 15.0
39.42535469814447 0.27543374517023 31.827815282249066 146.1415541454158 269.935556477368 95.7347763977703 173.25 110.25 262.5 45.0
39.42555588021403 0.3736372217313 50.4882383497453 190.14584604243734 80.95203042272402 157.05892003049362 173.25 29.25 82.5 30.0
39.39018091571427 0.37039216593962 37.06200257033775 271.34995317085645 61.256016921144855 351.3788304770359 171.75 48.75 82.5 60.0
39.41592705813921 0.268164471943445 36.59641160815046 203.54237709646 320.87819152186125 242.84657639384744 172.5 67.5 262.5 60.0
39.48742380476119 0.287511002221208 24.524588274914592 29.840215504799154 56.580950175284876 26.475396561814684 172.5 90.0 82.5 45.0
39.35467378532136 0.273340700620847 33.08832134412517 150.23459209695613 208.01610499214337 328.79564165775054 172.5 48.0 262.5 75.0
39.38003065900223 0.260300642374218 41.05297952872297 261.24343960124696 271.1859974648033 107.62261597873737 171.75 27.75 262.5 30.0
39.44679390880146 0.259357732250584 24.30242169972936 183.34805112400022 55.989956169413574 43.909733541084236 172.5 94.5 82.5 75.0
39.40924284301805 0.309524599916193 30.428355884340775 333.1420415365125 102.858012322267 185.9199348442353 172.5 94.5 82.5 45.0
39.51546274239901 0.244807794089185 33.41046244842148 40.661593646018616 234.15951937853686 173.6644130192072 171.75 113.25 262.5 60.0
39.3910804962801 0.289090400800122 43.08995625082801 22.83799732575615 39.820144588330926 76.57150499225918 171.75 75.75 82.5 75.0
39.402281577285564 0.279715436953044 30.048914266735228 355.8814920083292 55.05027185038242 67.2017902298939 171.75 18.75 82.5 45.0
39.322969206354706 0.206458931925273 26.97179041950243 317.1970152703227 255.3102413533643 225.40203032671943 171.75 92.25 262.5 60.0
39.43528475619232 0.262605837067669 23.21392992912302 226.49857913526773 127.52286174919227 351.13213642827725 172.5 45.0 82.5 45.0
39.431131853850424 0.2270774525367 19.2751627460311 294.3792151624311 294.0601036844462 181.49828392401866 174.0 43.5 262.5 60.0
39.3943113741245 0.394238844372876 56.923937255201544 26.343291933347853 100.48295039613134 20.228123515817916 172.5 33.0 82.5 30.0
39.391888684578724 0.28025693351944 36.23155871143158 348.14307564858217 263.19941029351696 39.94610260958867 172.5 45.0 262.5 15.0
39.33834370492958 0.369643619102016 38.18858559622678 39.0941471441596 246.29847892608586 276.6333211549405 172.5 63.0 262.5 60.0
39.30139996952867 0.224303832772418 42.93959833788935 304.62725927671124 258.79146205106605 320.07066547522766 171.75 71.25 262.5 75.0
39.3195098239725 0.248699848469399 24.037198855482107 328.3945080718596 27.165068305679732 87.37181728733101 172.5 103.5 82.5 75.0
39.5021004353116 0.233520519158145 23.607556750842168 333.7949716134259 82.20226730774223 320.9557832789013 172.5 82.5 82.5 30.0
39.421998332857164 0.223600376490462 36.676801824061094 326.833771841223 277.4027720109617 188.5154903153522 172.5 46.5 262.5 45.0
39.41954318539333 0.223746294947293 18.223914806280238 286.0905300672266 227.32576000331315 36.15631593380879 172.5 120.0 262.5 60.0
39.40654802918832 0.254385909008053 34.76275835063392 136.08995010114984 112.47080881842462 327.77954031309883 172.5 120.0 82.5 30.0
39.37493521862941 0.234011129328105 28.725866023981517 42.345080740295465 95.28919629852079 234.69747128684762 172.5 60.0 82.5 45.0
39.415795027084194 0.253022126767258 36.13359423523693 204.26063797441063 70.16954786195366 15.545643668844617 172.5 112.5 82.5 45.0
39.451895835576295 0.293316848485182 24.01958035394654 58.577684750626155 298.8388089056108 120.94059765965676 172.5 72.0 262.5 60.0
39.403323841864626 0.26529813894169 23.032638364472128 291.2616794804438 272.5413109781802 310.60280096213984 172.5 60.0 262.5 45.0
39.24672263691862 0.212864903950752 19.31181934089568 67.84061799830596 106.53188998395781 109.74515360660193 172.5 105.0 82.5 60.0
39.41349737300868 0.244768048488989 21.42111242826665 202.94095260610692 307.9394338822697 5.132760278898312 173.25 33.75 262.5 45.0
39.402757711821344 0.368729985767451 39.19687698501963 70.48043851921018 305.860823945219 320.04809591158187 171.75 53.25 262.5 60.0
39.565243971262774 0.268241298070157 25.158970206323097 249.64203842217535 279.4248389511754 217.52369583979706 172.5 105.0 262.5 30.0
39.42080899280321 0.258438102796156 16.99100797195452 35.9302763123333 60.78017805749651 72.47900456521853 174.0 114.0 82.5 75.0
39.49943379372356 0.201725883877462 40.34756529704748 152.28190058558178 275.3810702168985 185.6867357115499 171.75 80.25 262.5 60.0
39.441643597302516 0.328571204845873 33.207057575326424 343.19146529476376 78.84980086653479 71.3424718897825 172.5 60.0 82.5 45.0
39.24524566525762 0.234286821629654 14.269376780672433 322.47482549064847 270.46503294219906 44.76341016027379 171.0 109.5 262.5 45.0
39.30667604703084 0.264347252239979 18.272239664067985 199.00571776148038 295.45067963346855 259.2883167236875 172.5 79.5 262.5 60.0
39.367763326287964 0.297675831655165 18.64379524514307 54.14935984497769 265.1976608184522 0.207250394909804 172.5 45.0 262.5 45.0
39.36204236907919 0.363804439358727 37.72611676076912 289.82603249680227 77.08894531673926 229.1446769142905 172.5 60.0 82.5 45.0
39.44388224346497 0.305889810139691 31.747960501454454 259.75559177315307 66.38375830792064 237.09167831295645 172.5 46.5 82.5 45.0
39.2888626241451 0.251480830140709 18.3139953730459 62.1804083945941 115.14573765862026 122.07522735893119 172.5 105.0 82.5 60.0
39.49109988604256 0.27812194921439 18.032026433489975 96.84986492181017 288.61569217972794 182.56360215013328 172.5 90.0 262.5 60.0
39.46571776750915 0.306916832829494 36.29020139181662 80.01254188999877 82.51993297042387 347.43098717900085 172.5 60.0 82.5 30.0
39.58988943866813 0.261358295057094 31.990658341002344 149.22190054723 275.93024382817634 66.53517053437821 172.5 120.0 262.5 15.0
39.367493653493305 0.368969734197403 52.76661982005814 52.60284033206146 244.01002352414199 143.46519286718265 171.75 48.75 262.5 30.0
39.34358728703906 0.238528547969167 25.519251461879126 249.25282741489238 282.2965405956528 315.18887677633626 172.5 105.0 262.5 30.0
39.48563559271115 0.355793733952014 45.00048053537218 34.1808477352101 234.30496215205187 46.67425981589065 173.25 74.25 262.5 45.0
39.42297720391401 0.207725747907163 23.99515668397745 140.4624860853055 292.1088851100043 165.0974673506696 171.0 37.5 262.5 60.0
39.343185639470995 0.247723603553475 16.25332442270077 68.11416956559748 79.59753985472915 135.88329816020124 173.25 65.25 82.5 60.0
39.27615080587769 0.244913493241893 31.856303503046423 68.01196918901674 299.1829744504587 186.81631059818994 172.5 120.0 262.5 45.0
39.435194378444415 0.23830741375775 22.233273013307777 149.3496349282565 303.8017484083082 14.178824635323476 174.0 75.0 262.5 45.0
39.489644910346165 0.301014872981331 18.847595953310286 9.023229587827357 89.26392399937978 46.26121521209304 174.0 97.5 82.5 60.0
39.27076953357669 0.266289918884056 35.38327403045287 88.21309263765298 68.87983801551863 335.62266758443684 172.5 105.0 82.5 45.0
39.458613801413954 0.319237849942878 39.8243797422231 306.0059230159809 92.75477992570602 93.26905171784757 172.5 75.0 82.5 30.0
39.467566489142115 0.414936870462548 59.61902967984944 131.97448934526577 260.5469812071474 190.1610625902254 172.5 61.5 255.0 22.5
39.52989710245134 0.211317415819289 23.09928715807964 338.36493574753877 62.846127742421636 200.93026325562596 172.5 91.5 82.5 60.0
39.37646781581468 0.30265177607814 23.87944018170386 26.010703185914466 247.03445308550909 135.75649825250176 172.5 93.0 262.5 45.0
39.51510582638609 0.195897147366108 22.095575864589687 261.765830141145 281.8681577807621 224.82988653696603 173.25 90.75 262.5 60.0
39.32565300960908 0.258807695544248 13.494774049566768 53.48541014383859 67.74866831008781 119.1467342338179 172.5 90.0 82.5 45.0
39.31144899741362 0.271808944921287 29.56920818988993 38.81595643143478 262.6000425129033 36.82281135648833 172.5 90.0 262.5 15.0
39.367683266915414 0.292573366665667 17.868038258529186 40.48363116607906 86.6468202790333 117.80526475363993 171.75 81.75 82.5 60.0
39.6187859572155 0.246551946692821 25.220832364682217 44.775922850290165 252.31958493373847 148.0888372332399 172.5 124.5 262.5 45.0
39.48570052474762 0.19533279688699 40.93643078451498 133.8760674939129 260.97644871865083 182.91549136780026 173.25 72.75 262.5 75.0
39.51984702688585 0.362560141058299 42.43483801339845 292.30050627954813 228.06906257893996 349.92370354018317 172.5 75.0 255.0 67.5
39.566369912310776 0.216582290597162 28.47517276783679 82.79603753739875 280.8725152491114 330.8885166522973 172.5 105.0 262.5 60.0
39.37081947884528 0.366014910434276 51.6480321131061 248.375966133006 272.3751266974695 222.4202710570899 172.5 45.0 262.5 15.0
39.43391768360079 0.282454067773623 39.25841704515027 123.60578358783827 77.9105403797168 202.9351350234922 171.75 41.25 82.5 30.0
39.466785700115025 0.231852546076828 23.076647642155052 30.074741743325283 284.71901017813093 122.85616892276093 171.75 80.25 262.5 60.0
39.443904177897736 0.330816289108475 33.99372551989762 293.51194342948173 90.40967285214238 193.79271956273763 172.5 60.0 82.5 30.0
39.401761875978856 0.230234824563964 28.122845851212887 109.50054537569468 119.85782920899757 189.85091414814897 172.5 30.0 82.5 60.0
39.338854765396945 0.400426076013154 59.07372255667308 194.9028287841289 81.11123797577308 52.56331536699608 172.5 66.0 82.5 15.0
39.57043721384893 0.237911236851154 25.18424027989295 100.87181738452041 130.4807151326747 196.72334025922248 170.25 111.75 90.0 67.5
39.419316419337434 0.215722212866525 37.22686277287039 5.438091928442227 302.2736565809149 139.90886267674452 173.25 69.75 262.5 75.0
39.501634375830264 0.274564534922341 15.053519394524034 24.475435767212804 85.70853082435552 12.686401794558645 170.25 83.25 82.5 60.0
39.45749380266706 0.251349381217221 28.361765008081917 69.10697204073895 87.60278294021829 220.870537514351 172.5 84.0 82.5 30.0
39.33667869018422 0.299561680384437 29.1775921053274 343.7091627384122 294.09646428574115 279.38582788557574 172.5 60.0 262.5 45.0
39.32269225947042 0.206640713470009 44.015896108777994 102.45555410931894 78.21768456172393 94.09755766395864 173.25 69.75 82.5 60.0
39.30721789099521 0.264002057416774 23.843737730731018 0.128168036993483 88.92311416568116 37.701444769264185 171.0 87.0 82.5 45.0
39.47821242421926 0.323756893159467 29.09314655472819 324.2637421290075 225.42658466390913 212.66476994835085 172.5 82.5 262.5 75.0
39.37201311127625 0.247875290178042 13.732633021078895 336.62781206172593 62.124380619508955 90.16542701840682 173.25 71.25 82.5 45.0
39.48041841804632 0.356845484475219 50.47895513980172 91.10689150434231 64.74421222641386 357.36333632581045 173.25 65.25 82.5 45.0
39.39975664609106 0.27783627660851 45.52035294801594 92.20496370917633 91.52145879593574 331.41731357801046 172.5 30.0 82.5 30.0
39.35754283890522 0.24641733199396 14.734629603186594 305.25264879715746 225.8703900998979 128.27455171163945 171.75 86.25 262.5 60.0
39.550297284131645 0.289561352305863 32.53571191118607 168.66952357472502 298.8429740827167 24.092169727237255 172.5 84.0 262.5 45.0
39.398379208532745 0.374450544797303 33.14571802129037 16.48380217861197 66.37628198091645 156.1809237028787 171.75 56.25 82.5 60.0
39.388024570029096 0.322523174411841 24.567123836666898 252.4848570677338 268.1992464821683 243.4065822427421 173.25 47.25 262.5 60.0
39.42582050195521 0.36878088198243 36.073826132166666 85.55847786922017 266.34149650427184 213.5745636403537 172.5 48.0 262.5 60.0
39.30399136157769 0.297163785717713 29.277846077193434 62.60604917663405 228.32812673083606 154.06611816458462 172.5 76.5 262.5 60.0
39.50775296515754 0.308681380019669 32.27925745766522 83.62605935496481 270.72897795225185 239.56326030659667 172.5 102.0 262.5 45.0
39.32770687062923 0.298640795266769 29.27968653086369 53.279462861653556 287.1389131932001 213.48283805871998 171.75 99.75 262.5 45.0
39.560426969289544 0.261295352210796 28.33381576358775 134.9098134063102 287.1532008427284 32.431743229039114 173.25 129.75 262.5 30.0
39.463283449976366 0.264618044936531 21.44730519962401 148.882515156855 254.09681427153066 297.73696460012104 172.5 84.0 262.5 60.0
39.458097885578276 0.345837983065044 50.928481294919145 134.71775868500444 289.99351069980634 302.3202206551138 172.5 51.0 262.5 30.0
39.35255467463297 0.247757343221694 21.081723215982862 49.06571049054808 113.79985720857957 194.48602818331395 172.5 120.0 82.5 60.0
39.41827605068623 0.283218986387033 21.325245641734657 218.25903536966197 77.51285954827723 31.146274271310745 172.5 34.5 82.5 60.0
39.490948160620036 0.281582376488577 30.147953446037743 263.9330801185059 272.270773587587 349.50643905429274 172.5 75.0 262.5 30.0
39.40507805323708 0.282569981669738 29.597962631703403 277.4983984641034 305.3628321536072 325.2662335479188 172.5 67.5 270.0 52.5
39.43900873500852 0.383074423271327 54.976320607623975 156.62509274788124 276.3110994818885 39.573155801206916 171.75 54.75 262.5 15.0
39.45409604567255 0.328681634803581 22.948551609844813 67.01862354336346 53.07159235751793 265.01035920579363 173.25 35.25 82.5 75.0
39.41324403933301 0.369509501109146 41.28072642768096 25.553924787986855 85.23067459332555 37.44405520252469 172.5 55.5 82.5 45.0
39.26320733738811 0.269425210807324 24.522815168077038 90.27553801861397 84.75706407195432 204.3007896177017 172.5 105.0 82.5 30.0
39.56600818964604 0.239020735089045 10.710167946872335 312.04118858617693 100.82850341092882 57.044010198695894 172.5 105.0 82.5 60.0
39.35065551611659 0.345138480078573 51.79753515634376 250.6394935291971 285.9672273780108 320.0355786259072 171.75 87.75 262.5 30.0
39.26578837588352 0.199744033895229 27.277654020885905 74.01226121383657 86.88317469967804 97.61645293424368 172.5 88.5 82.5 60.0
39.292577037098624 0.249250210421301 21.555814056609986 165.0792774776121 293.8934650052305 30.7278152213092 171.75 80.25 262.5 45.0
39.353913329897495 0.269435275217111 19.868616395189637 300.96238440326977 94.03167050777222 56.62430136266481 172.5 79.5 82.5 60.0
39.52460418083535 0.252225266065759 14.207181102885775 265.5580520301937 265.3186744771551 104.08202283307482 171.0 85.5 262.5 60.0
39.41003097575415 0.310670481756619 32.73076196931904 83.08316467790402 66.86050125385893 250.4634980499148 172.5 45.0 82.5 45.0
39.401939708118526 0.257442113266508 22.839914776136084 324.53045699184014 318.37069442682724 140.37522054587302 172.5 52.5 262.5 75.0
39.35828238542264 0.407193620801096 43.16401993955241 258.8012512856076 287.5675800392827 94.9923064941273 171.75 38.25 270.0 52.5
39.451874956531505 0.25094608920276 26.60853950898085 254.82986137767097 255.76529527591828 96.44391360549808 172.5 82.5 262.5 30.0
39.3540404024189 0.267502722260091 34.91793117689971 358.04467576561314 255.36484354269027 163.1404564016849 173.25 59.25 262.5 30.0
39.44595644587506 0.256426941790042 16.552267852649003 325.5426965361049 82.95769101148719 288.9408885858521 172.5 87.0 82.5 60.0
39.47487707252301 0.238732981909398 41.20318249389874 328.22210138464374 278.3378632448183 169.9936524279069 172.5 75.0 262.5 60.0
39.35611758178105 0.387172521953253 45.635796675944576 353.40435354613396 75.43138731372126 297.2964590937634 171.75 53.25 82.5 45.0
39.41153912802921 0.268858170201618 41.69891908476637 299.50802733942527 26.3576862875063 267.0661449363838 171.0 61.5 82.5 75.0
39.45290943311993 0.367084068222528 47.891348461237754 245.47448362124132 88.65022321194485 247.15046077858491 172.5 60.0 82.5 30.0
39.427615607184414 0.268708717528657 27.364711872697118 281.99114382453354 126.82183823820596 70.14177134678974 173.25 36.75 82.5 60.0
39.23047147532057 0.259355274978494 19.198699625434916 254.658992191971 239.00824254838432 126.96480677846962 172.5 105.0 262.5 60.0
39.45684850653579 0.25347067463919 42.165954250658295 47.26767033864363 85.41163675189308 215.02795521573378 171.75 134.25 82.5 30.0
39.428818159000045 0.236024750892398 28.126331866700436 319.7830815058592 98.99959262378479 281.459179033034 172.5 94.5 82.5 45.0
39.33087509734089 0.278140778575479 32.698019881028785 348.76891768480226 263.64166834003936 318.91966875980887 172.5 102.0 262.5 30.0
39.35697536816554 0.329564073032515 28.678307544279317 125.14606017994609 117.43185328153476 311.361764243699 172.5 67.5 82.5 60.0
39.47108602032876 0.183331496668484 29.27484021276297 312.00217469202136 81.13920581447303 204.47091223400065 172.5 58.5 82.5 75.0
39.58282490300864 0.227557487822562 22.122836515660907 355.04997452692146 55.340188815457154 313.82088529036264 171.75 107.25 82.5 60.0
39.34931569897805 0.329739960303977 46.36565752677688 315.191450640132 252.09756069118174 209.89014392263513 173.25 57.75 262.5 30.0
39.38655490727788 0.414424782342132 50.7708564437003 250.9241564328361 94.75643746911133 340.62495049423455 172.5 45.0 82.5 30.0
39.451253698670776 0.410379417916333 53.8269458226181 131.53815491944914 289.02138157750414 290.01262782031927 172.5 60.0 262.5 45.0
39.42589807624402 0.313956556151797 33.39529352022097 14.399389087589686 83.0954901644331 152.6124673151999 172.5 30.0 82.5 30.0
39.51441728368478 0.307697212398258 24.38684187443198 0.879871110606345 88.19401614808163 48.93946771550322 171.75 87.75 82.5 60.0
39.53617080369536 0.306642071144983 22.972766993037006 100.20702950103062 101.01692082110772 77.42887064187236 172.5 91.5 82.5 75.0
39.243791712939924 0.242400659497728 26.1531740927313 168.85955242069213 250.78783966896066 299.1801968390303 172.5 105.0 262.5 60.0
39.32119603650914 0.250521834664935 51.757171917459225 68.253273488632 269.79797336146896 115.22790227648687 172.5 61.5 262.5 60.0
39.40166909580075 0.382320562728853 38.39106008451281 12.194662805148859 99.5407101867145 16.943866509420257 172.5 49.5 82.5 60.0
39.35034071060914 0.264728791960982 30.932677572383323 186.9236039988837 117.9556947829408 110.55725467705173 173.25 93.75 82.5 45.0
39.3682464958789 0.248711836500781 31.39457956877529 21.908604862229268 105.09463008676623 35.78052935144886 172.5 103.5 82.5 45.0
39.463490324816156 0.25752872157528 20.39533292171295 256.66011030346186 329.0737269972141 306.4323097408104 172.5 48.0 262.5 75.0
39.533316732753974 0.227655716225045 18.767084823028757 295.56863780704504 303.9063304896707 197.58964852293374 172.5 105.0 262.5 60.0
39.43961574906367 0.321378472520876 27.62651777232379 26.134937359375993 240.0157631495407 267.3846818308606 172.5 94.5 262.5 60.0
39.27757468832753 0.278044074449487 16.632208659211198 169.99435775072 272.6985832258184 171.6430411292872 172.5 87.0 262.5 60.0
39.330771030862245 0.253814156808195 32.561437458326935 263.15692465647646 250.50102330606342 92.61828077841881 172.5 105.0 262.5 30.0
39.45463303364675 0.282058122993046 40.98309474687034 116.50775032001063 56.645139700454855 350.7000321151068 172.5 58.5 82.5 45.0
39.41070444269403 0.331836396977032 44.39290572894119 120.49949919709186 304.18776440219574 282.04126183363684 172.5 60.0 262.5 60.0
39.27138182655841 0.240444405223961 36.32990094519116 157.75845060271678 258.50387359192223 72.91824961426202 172.5 105.0 262.5 30.0
39.48419629257863 0.24488110491944 17.827805387387357 290.6387006047349 307.06362097719386 291.2266846827257 173.25 75.75 262.5 75.0
39.517071951098686 0.27645827943461 22.014773487036745 37.43008664358575 254.4225815548719 247.04557141315425 172.5 105.0 262.5 30.0
39.48560436322004 0.260717882144985 22.69169867300113 170.2647690817141 117.36441816633517 117.79540541941626 171.75 114.75 82.5 45.0
39.527366178957976 0.286863074928811 29.572435634368656 110.60635696034312 91.55921289833978 71.73040314450272 172.5 91.5 82.5 30.0
39.348054132343556 0.33940347351896 39.970473698154116 310.2500971498572 245.81948702564776 95.93052216220526 171.75 45.75 262.5 45.0
39.365385475677904 0.322857837183275 37.12674605758799 335.9619813292056 75.24318156151153 303.83440347679266 172.5 45.0 82.5 30.0
39.3143018221499 0.283047727591051 33.571363302556314 359.9729324470789 40.506245169856214 311.62098228691286 172.5 72.0 82.5 75.0
39.36926025266808 0.355573507046224 50.26579830783578 132.1754602529041 128.15995532024402 180.47988853009784 173.25 69.75 82.5 45.0
39.46606125541696 0.288112791644384 52.80107026036588 105.73759115389326 88.1474312576648 104.32891418813722 172.5 75.0 82.5 30.0
39.319472404144946 0.272214143796822 26.026908704259398 223.08147605557787 261.8074944569937 264.4948060337204 173.25 93.75 262.5 45.0
39.37362887934283 0.354183657060848 34.50110790183314 300.3947736832344 85.4554476354289 191.1011146066797 173.25 53.25 82.5 45.0
39.56080320448701 0.241881179002076 38.09624721632319 168.43455068404697 263.17168693913624 45.77249561955006 171.75 107.25 262.5 30.0
39.397117300436705 0.294432173501537 21.088950027514354 139.7937898272674 303.11399562784726 143.18410760310616 172.5 75.0 262.5 60.0
39.52060046893367 0.293549270732115 35.66775286609969 165.36274720302487 98.2300228584717 140.6039614050524 173.25 111.75 82.5 45.0
39.28265393920022 0.277720281695386 29.58199956393443 274.9928675359582 71.16054105383418 253.4194628076662 172.5 112.5 82.5 60.0
39.38290979030157 0.345893998512214 49.264011937337806 231.66995711418383 238.46441200965768 16.490586948177256 172.5 58.5 262.5 45.0
39.239477745381514 0.240002649600821 27.265867267541157 172.5655292690104 295.7080536536894 130.7307718435501 172.5 105.0 262.5 30.0
39.327422004089314 0.316371989382902 37.88131691395156 62.50322113646655 96.87920162158254 13.263802319239964 172.5 117.0 82.5 45.0
39.425709259348096 0.277209457994424 35.273219091034555 133.22689363615982 90.18075734004843 221.25816083744454 172.5 103.5 82.5 30.0
39.25084767551161 0.21009605304272 24.276528546660224 247.25401087929095 81.70724434778795 134.97811621930674 172.5 105.0 82.5 45.0
39.45260528692216 0.260997569822806 36.77154791124191 303.1779754471435 105.45132417586596 192.26073253535586 172.5 60.0 82.5 30.0
39.45470053860407 0.271751641623775 16.851769951614386 114.28820504290208 270.1129655309312 203.81870311251387 172.5 45.0 262.5 45.0
39.493106020240994 0.23296693566165 35.890234389678284 36.54367864148891 268.86611080267824 128.5407550960038 171.75 102.75 262.5 45.0
39.48838823908416 0.381056889699079 49.9740241683617 4.894348694131285 98.2719495096492 25.037221145834287 172.5 75.0 82.5 45.0
39.28239019348642 0.282928548239675 36.84023958713219 219.17507786166234 97.0208801478443 145.79478586491138 172.5 109.5 82.5 30.0
39.38200864304312 0.362937768396806 48.577473840259024 43.92375667401398 229.67912144268604 162.986771397196 171.75 42.75 262.5 45.0
39.34859606425277 0.222727083480102 24.21520445351689 351.59192357794143 290.20090602886614 123.33549486599011 172.5 93.0 262.5 60.0
39.45509135116276 0.293644512148878 20.920282577979847 108.24203267612138 123.34477604462897 283.64138818634206 171.75 84.75 82.5 60.0
39.25644338262254 0.2761739605349 22.89036502638455 200.2732771798643 287.2948371248933 266.2945738384434 172.5 75.0 262.5 60.0
39.28925574644427 0.337984581914369 54.051823387495745 41.601769215472956 273.67014632859525 355.7688674452393 172.5 90.0 262.5 15.0
39.48650403240026 0.350831397067868 42.23624150275428 330.5688685931198 299.3713459954076 160.8573568555183 172.5 66.0 262.5 45.0
39.468845626844086 0.310875908387147 50.11294257500297 300.698397870427 100.47797893879115 329.3549260301109 171.75 78.75 82.5 30.0
39.38514051417218 0.303114143856911 20.665212045381708 97.22865332801261 124.68098202797819 185.4968398097069 173.25 44.25 82.5 60.0
39.32367903271497 0.189488646243587 33.09870374420678 178.38158060625486 269.5159388173918 156.2297309909662 171.75 68.25 262.5 60.0
39.460581585137774 0.231587007547212 30.56427775805641 198.31195155461953 295.30645087555223 356.1005964863519 173.25 80.25 262.5 45.0
39.46424184762227 0.35818490381034 32.91438366181658 93.50574740742258 108.0855990033038 72.94793035861566 172.5 72.0 82.5 75.0
39.40459182779388 0.344820421752116 43.97918889096634 203.11635006204946 298.9842000604136 244.44215715312015 173.25 26.25 262.5 45.0
39.51270776465088 0.257246875262435 41.4226839212836 57.51759918146479 76.23278431372914 100.63504372493607 173.25 123.75 82.5 30.0
39.32315260597008 0.260593456136409 34.06845654923009 355.9578259949293 95.66154386986386 166.96867791423597 172.5 60.0 82.5 30.0
39.53635387176984 0.217099795200347 27.817130713979523 245.4366993783134 109.34416551263496 223.19531133996583 173.25 110.25 75.0 67.5
39.45819935645339 0.2367522461031 29.406008041863522 55.52004557179533 286.5197196493989 80.4643551356729 172.5 105.0 262.5 45.0
39.41940282059747 0.348064624554802 37.660902596407226 135.51606107217287 125.6763419264048 52.38152827993023 172.5 58.5 82.5 60.0
39.49061916764227 0.247204760391482 41.49093238789362 334.38782991240174 91.1086676646121 278.8650180382211 172.5 78.0 82.5 45.0
39.38990867917058 0.317231766447953 21.356694168702546 315.7809307916836 106.2209653550038 301.48412496953995 172.5 33.0 75.0 67.5
39.41651310915928 0.337422199481958 36.34782710009288 290.38347998003326 111.23394014548872 187.44878824740567 171.75 33.75 82.5 45.0
39.40641934746193 0.26339828322287 36.79045017554523 201.6967698820623 219.4131291754141 185.50093946403405 171.75 50.25 262.5 75.0
39.359919486282415 0.264560103175538 40.401811034040506 48.81286332835595 80.35325405306003 271.2934008623613 172.5 75.0 82.5 30.0
39.494193075737364 0.274698036715671 34.682004659887156 174.52975024447255 108.8335715486279 157.58151166498493 172.5 73.5 82.5 30.0
39.403857417874455 0.259950318259691 36.40117348225047 131.14302785300163 248.9589645686085 67.55167735630792 174.0 94.5 262.5 45.0
39.34885651147877 0.237728311845849 29.00755275393044 100.0067618644299 112.92141306446968 101.02029220197296 171.75 89.25 82.5 45.0
39.504223538114836 0.385741482886682 56.79241098593744 56.64250828490735 79.69235496710291 128.96887935032802 173.25 75.75 82.5 30.0
39.449455654981904 0.281855553999503 24.232495563854833 286.74241598132147 74.47199540866717 196.58484181572487 172.5 87.0 82.5 45.0
39.47757802579592 0.303959947931808 33.39929086520495 352.66021141360085 234.54323304735175 192.2331113473238 171.75 66.75 262.5 45.0
39.275425100081414 0.331348211307998 54.94715199925178 242.69356393413867 268.62781554730736 346.03491450927174 173.25 89.25 262.5 30.0
39.38983596547921 0.267119157074143 27.223433452738867 84.05125429979742 87.79601224379171 210.07671788920547 172.5 60.0 82.5 30.0
39.39641414553255 0.234694315716933 20.52675717257334 146.86622023525945 294.40744510110915 185.30037808055067 173.25 69.75 262.5 45.0
39.380159693715505 0.270140094168324 30.421028387705014 81.91123035351195 68.59565666836627 341.1470192074198 172.5 87.0 82.5 30.0
39.345243139052066 0.303034346900564 22.323289964107047 69.97418832073163 307.1230615778622 210.54638298831452 172.5 46.5 262.5 75.0
39.28679226179086 0.351451165130722 53.1499515050358 79.36198875848466 76.19350687527233 105.36304022228394 171.75 80.25 82.5 30.0
39.46853405920809 0.281539635130464 35.45617957467208 330.04787599235317 231.67778083729522 215.656480728433 172.5 60.0 262.5 45.0
39.354508364858646 0.300267084900752 36.21559941675926 203.49144479757277 117.52768200951867 238.4286798546808 172.5 45.0 82.5 30.0
39.303990304169744 0.237815286946898 14.189790757804468 308.3964037141809 50.144880208135774 351.02525707591116 172.5 76.5 82.5 60.0
39.4792674658335 0.223128591778488 19.248895103128593 272.8867870008611 287.68906657297117 0.011196605165313 172.5 120.0 262.5 45.0
39.33620398481386 0.368519085744619 48.39625885704665 166.88548648085631 73.28463506109907 311.4475303258088 172.5 60.0 82.5 30.0
39.503984744576485 0.267354641715364 32.44923795326219 112.33622808102997 88.05008343425665 64.22431605210566 172.5 102.0 82.5 30.0
39.561878247946765 0.273046489718691 25.03379125668902 129.34522323852332 107.90875321545988 296.6548326945803 172.5 105.0 82.5 30.0
39.416735362160075 0.284521975650255 40.458243673228125 49.44993647389679 69.95509887997335 156.67017940870525 172.5 60.0 82.5 30.0
39.333579306837244 0.326960845026021 55.69625615024422 200.3307234726149 298.88843754601476 136.27731240927798 172.5 69.0 262.5 45.0
39.44514667586457 0.275992811618724 24.50669795649027 231.6960042842026 34.953808792066944 275.3964285287767 172.5 54.0 82.5 75.0
39.40128535264195 0.23298910310988 21.280427876156224 312.13075132250674 129.72464573173315 185.69016915783666 173.25 86.25 82.5 75.0
39.38846035899243 0.233606304012453 21.061567419038216 153.24627009386234 301.2269223349705 276.5469446926842 172.5 30.0 262.5 60.0
39.341153277475165 0.252841296400411 19.613280981363044 102.96398613133616 282.455572656225 56.36363929783034 172.5 105.0 262.5 45.0
39.28776705208061 0.268617127104743 30.730875456971475 218.64477146993858 71.3171831452145 166.60379409286367 172.5 103.5 82.5 30.0
39.44081753371162 0.216029884127051 24.41895920923065 201.7217816113198 71.38468327910962 160.40170077060978 173.25 36.75 82.5 60.0
39.30465101579407 0.261881816812264 14.772916230982371 260.337471428263 283.4536689319302 74.55570086856454 174.0 103.5 262.5 60.0
39.29768217656467 0.23670449000993 32.79232458860203 289.7971197437208 98.60733161432232 99.79064717996526 172.5 115.5 82.5 30.0
39.46046746004329 0.201095910202091 36.2402328583884 160.65091516409333 288.04247776597146 40.27295734646604 171.75 62.25 262.5 60.0
39.39846742355074 0.287114573531899 24.283728559215934 289.4687405135275 251.592178577232 199.32879200259114 173.25 90.75 262.5 45.0
39.46757636993808 0.298699529059074 49.80070508539739 150.36654443240866 273.5080730021714 174.87511781685984 172.5 60.0 262.5 30.0
39.42384929920374 0.355070102092419 39.39528084711156 160.1650072730066 304.87784714140025 35.6196534009327 173.25 60.75 262.5 60.0
39.36130410812086 0.305904354449688 24.56910454438215 271.4997135605248 49.503759692595416 28.29246711123654 174.0 99.0 82.5 75.0
39.28395639341927 0.317806742408965 44.1369088170697 224.1650587171588 101.33840636714777 125.45657241131319 173.25 81.75 82.5 30.0
39.36449864655434 0.30628853624149 51.01526083236325 358.68606048364177 265.09624919003033 39.672938568063955 173.25 47.25 262.5 30.0
39.50774862872438 0.281394081761117 17.015892408819813 272.7769374236857 92.2273174632256 2.634267525835671 172.5 105.0 82.5 60.0
39.35906687482035 0.327567593181718 33.52517325620111 209.99848480028868 111.45547376200973 136.17797317219296 172.5 60.0 82.5 45.0
39.50170181549395 0.224575761754864 23.610723670917096 215.62345955038674 70.60546003857678 163.92746899082 173.25 86.25 82.5 60.0
39.291097051453896 0.250161183832295 25.7333515513551 128.42917862112688 256.54044734468863 80.09133807818439 172.5 85.5 262.5 45.0
39.61348569116177 0.237777629481787 26.31833521808617 17.478142174793494 256.5510695902076 164.9757294825412 173.25 125.25 270.0 52.5
39.272937359893895 0.251194375133137 24.975859840610884 313.03110384758236 285.5838526682713 44.344505514215406 171.0 91.5 262.5 45.0
39.36712529326335 0.263070015288266 23.059906877775138 151.6125655346163 244.8025284620722 167.5621577649755 172.5 105.0 262.5 60.0
39.52021744646232 0.25258048646272 20.419155732561627 32.36829433560318 38.780585503582124 303.2168145115814 173.25 84.75 82.5 60.0
39.47465484382339 0.246641116485055 36.23542527597358 120.52250579448459 219.47419087931405 3.182922248938606 171.75 45.75 262.5 75.0
39.45305281315897 0.338614127864458 34.132326480556934 322.9792414631284 82.37158556831317 198.2252422922971 172.5 60.0 82.5 45.0
39.3663101986433 0.284249641155128 44.58912292303282 142.3461822363264 258.1797808715844 321.07247053753724 172.5 45.0 262.5 30.0
39.42630282409789 0.183232707825217 30.00925818657555 37.58726831164582 106.85265759858144 260.70676579956114 172.5 69.0 82.5 75.0
39.475279435916164 0.292539562138715 32.796823852599296 317.1187184641364 241.4100994597921 196.0076720307446 172.5 106.5 262.5 45.0
39.480760385757314 0.269722778234573 24.97778031560382 120.48809115138847 260.75684025159376 338.9094364356439 173.25 81.75 262.5 45.0
39.43430850865823 0.281549503813127 50.381097353022376 189.9890517309634 278.1198797663661 165.08441689582463 172.5 70.5 262.5 30.0
39.29489150844866 0.209902311865903 19.888253182280373 197.86586219600764 263.54127479648093 161.34432651221817 171.0 87.0 262.5 60.0
39.32236036425491 0.236439664955168 20.76934779889775 213.1589139986499 77.66413324250409 358.84847058031943 172.5 105.0 82.5 45.0
39.50401833895728 0.210013399810839 31.382805595350213 74.31427547193881 90.16735861385547 229.2388832613388 172.5 99.0 90.0 52.5
39.20812733488044 0.234719270294063 37.972043534144255 212.51909522810416 100.87647087613081 254.59570407152347 173.25 122.25 82.5 45.0
39.39817415664956 0.186201584399039 30.002463626524715 103.13411097736251 245.6084115227115 232.85644321538464 173.25 38.25 262.5 75.0
39.458675080686355 0.309166440548161 35.86914615462468 68.72763894485173 294.00275410277266 207.84083104723578 172.5 60.0 262.5 45.0
39.308891092514884 0.265723372666956 28.867563004592967 42.49712957265544 94.7064561593782 137.81876411129093 173.25 98.25 82.5 30.0
39.36669532443057 0.355866613907165 51.05304756214763 283.63155634999777 84.91155660130471 114.7479462208921 171.75 75.75 82.5 15.0
39.24144245179476 0.267771855167985 19.70824772321641 64.4975693871574 235.6347993360361 150.95830840825397 172.5 120.0 262.5 60.0
39.44618680220586 0.22507074124239 21.602688525693484 5.172146185651539 262.4867037911908 54.070497875349055 172.5 82.5 262.5 60.0
39.423787965308605 0.332409167933744 33.43252763114378 91.51117938049312 237.71877853944443 239.8357692699622 172.5 45.0 262.5 60.0
39.421624786699084 0.24371109957051 32.850543337485334 259.39830637139784 72.78341413018016 150.24419002205573 173.25 104.25 82.5 30.0
39.434920214005714 0.294483383270216 47.67178595599603 44.59866334969646 91.10643650818344 119.69976279281458 171.0 51.0 82.5 30.0
39.39217434843618 0.317395095288431 51.77405954728478 113.52795004632797 110.4532222328607 199.5699276099702 173.25 50.25 82.5 30.0
39.429899440301426 0.238849883578957 46.480436567975424 248.1675688253818 98.03389842914873 115.36904233559237 172.5 43.5 82.5 60.0
39.35392866985712 0.265543770452308 21.528532124760265 115.92836050674428 144.31140968056096 183.69784325395509 173.25 89.25 82.5 75.0
39.454383587818896 0.275960036912738 25.85426389870739 331.9183341385624 72.13125208853734 44.38155996172414 172.5 103.5 82.5 45.0
39.44718093565862 0.26811383140531 26.377362310030584 308.28475360072946 61.637831760865986 342.18131289280404 172.5 45.0 82.5 45.0
39.471334739014246 0.319557820114718 39.140026832288314 204.8848352137158 89.00477219762537 276.02313847121695 173.25 72.75 82.5 30.0
39.37064431539803 0.411081453537908 51.980345226401745 110.26223131782741 102.85360492627464 187.32349246730934 172.5 57.0 82.5 45.0
39.37513671287777 0.354813629504246 37.71614388088463 64.47061536194806 225.72171893887696 159.23581063226888 171.75 41.25 262.5 60.0
39.41204468460333 0.198207903198668 45.080492478618375 23.08802388163916 269.24636348514923 151.22439695389517 173.25 39.75 262.5 75.0
39.35745505610023 0.283344022968967 45.583819412742855 114.25526529470558 267.6114096736353 226.102563392486 171.75 77.25 262.5 30.0
39.53608804218924 0.218634613835557 22.254564247109062 200.89963632845323 303.3706137877022 12.949122250260272 171.75 86.25 262.5 60.0
39.30633634943664 0.275841956985813 23.191029493421357 93.80501907095741 248.7252065978878 108.09490030446054 173.25 69.75 262.5 60.0
39.45955988461535 0.245878219748897 27.93204455863521 227.4272732039965 112.72503966093532 17.539884491323214 172.5 84.0 82.5 30.0
39.41006561376197 0.326624473870679 23.031296410633953 268.7039039661113 297.7087741351564 205.06556266752065 172.5 52.5 262.5 75.0
39.46758248035938 0.256644231709041 21.388568673032225 142.05269382364278 62.325458560975584 342.7319821998719 172.5 82.5 82.5 60.0
39.439022288827125 0.295335069888987 29.980239055425308 142.4070065848126 140.557551930518 290.9029641584034 172.5 78.0 82.5 75.0
39.28243582190221 0.337525619909311 54.16313081008867 58.411935719335425 274.60564902608587 128.02730409254247 172.5 90.0 262.5 15.0
39.39620876830563 0.270779392048242 12.749708963602716 208.91403980295138 105.98722802711413 146.86884982561887 172.5 72.0 90.0 67.5
39.42161522108167 0.344087839809031 42.849554645472544 250.03935748782942 285.90373459102966 229.3372761575552 173.25 35.25 262.5 30.0
39.48870928082103 0.269432823666696 29.968765834460513 175.5408555124759 89.36038661002863 12.905682612472237 172.5 120.0 82.5 30.0
39.4424492949057 0.224712369711136 18.97351219230385 23.791038528657396 75.4672945076317 155.19497069419302 172.5 45.0 82.5 60.0
39.46630199603864 0.278649495376355 15.215561399558581 30.33840343601474 55.63660495463614 46.97667672559263 172.5 45.0 82.5 60.0
39.33086480082329 0.277625695392647 27.05281402576141 95.76610866604236 267.8554958178507 342.28333782161496 172.5 60.0 262.5 30.0
39.39796311614056 0.21103100501218 23.447479918150126 259.70388594300823 260.8354041806002 101.995969941057 172.5 48.0 262.5 45.0
39.35996779002797 0.358770483221127 32.21500781667153 163.3518601435917 99.90053815985749 273.6201050639413 172.5 60.0 82.5 60.0
39.24027849248106 0.259757137440258 29.506337870706002 219.446443991351 117.74938427031096 14.778005826841822 172.5 120.0 90.0 52.5
39.2684845371681 0.307998038384426 48.990487241672874 28.425638229604903 103.152231410468 128.8012043897616 172.5 90.0 82.5 30.0
39.46274656928911 0.28972552385576 35.29131288423343 235.46965574578442 287.2212872906368 208.0045943870848 172.5 106.5 262.5 30.0
39.28470838020458 0.229600256540997 16.746742133212834 256.02611640611656 235.2817399108742 148.98411219848919 172.5 84.0 262.5 75.0
39.25594272541356 0.280814426538155 19.27025999418428 109.2297719842799 71.71935536249335 333.3992916615341 173.25 87.75 82.5 60.0
39.386326680161645 0.226001060604818 27.63773146928384 31.552446403012887 94.84122469740424 24.950485304213828 172.5 46.5 82.5 45.0
39.33964592196994 0.248441044720822 17.798396656608208 97.65567575392701 129.69725144215928 289.28958883214733 171.75 69.75 82.5 60.0
39.34842117245843 0.287789197504194 40.31156770981782 283.59526210667326 133.1489881954319 305.90208785027903 174.0 49.5 82.5 60.0
39.444487876677044 0.244149424938299 30.3184184177877 241.89512181155305 266.6727602131906 28.398766275262943 172.5 99.0 262.5 30.0
39.444167768653806 0.374474769682452 34.810029392079336 103.29339589350816 247.05756118542104 216.26706076918103 173.25 59.25 262.5 75.0
39.26156286938937 0.238060364929523 29.03695536389078 303.18927546018426 71.27561648292257 79.30357799170811 171.75 99.75 82.5 30.0
39.469912487741574 0.273610299140553 32.250791496953944 300.8817669956713 90.71327707934006 87.61857536714258 172.5 60.0 82.5 15.0
39.41293056360051 0.271132596070335 40.63907279516212 173.41941031749735 73.97022761706451 57.63999801089204 172.5 30.0 82.5 45.0
39.402345078014015 0.275727196736814 43.60184228013005 298.11941980958056 231.1451803156325 229.18629516213815 174.75 42.75 262.5 60.0
39.496595056945104 0.249169578254709 27.52679189029015 187.99873203495548 291.7281511255446 28.348671680799853 172.5 87.0 262.5 30.0
39.29607740799903 0.25732355204057 29.60791127239134 213.25278677141614 76.82905493033304 13.477789767632473 172.5 100.5 82.5 45.0
39.508855600505946 0.259178250483281 31.49232549358864 67.40209053958456 114.40910030085962 1.209896644014147 172.5 97.5 82.5 45.0
39.31114294206339 0.22504554399095 29.19911379926862 267.5201691287624 283.6951273202048 326.6010298674013 172.5 90.0 262.5 45.0
39.34457992507511 0.227462986608653 21.30043825081813 32.4044070143076 291.7256425417656 3.79921118675681 171.0 51.0 262.5 75.0
39.39767849810551 0.358973824468533 37.823850576578025 220.03344415700164 61.30176100957243 142.93255462729118 172.5 49.5 82.5 60.0
39.51479937611272 0.243043473050639 31.407762229883883 205.26786999091985 255.06282985978666 177.62907051752063 172.5 109.5 262.5 45.0
39.43584092954547 0.220228510415022 26.119223132998492 147.6277691924282 112.85926044081289 63.875105869512815 172.5 91.5 82.5 60.0
39.5042090733939 0.208641163092805 24.348909941232733 203.62555990273904 100.65759853205317 245.51437876064682 171.75 95.25 82.5 60.0
39.29760397195485 0.196560095169507 23.181512571773567 243.06057373663566 265.13446599483404 17.408552965489292 173.25 77.25 255.0 52.5
39.343915540659225 0.386596083505871 45.74060576377583 79.39280558345001 258.8988601291168 125.22301597470829 172.5 61.5 262.5 45.0
39.444281462904904 0.293054051731041 22.042099921035515 76.68385841722547 286.4197034774245 332.14237849773764 172.5 45.0 262.5 45.0
39.4176426236453 0.228013827025335 31.076130056182688 4.474999539491353 269.6680109020767 303.2513677900784 174.0 96.0 262.5 45.0
39.402936623642475 0.26097004290351 22.31822934540101 8.869570429825906 80.8924210947454 156.69050320983783 172.5 30.0 82.5 45.0
39.48187777032033 0.225873912552008 18.5688119037283 147.29244950829218 270.4241458045942 293.23910168328416 173.25 81.75 262.5 60.0
39.4773137948933 0.23974766625217 41.89992745259215 336.111529360886 255.30652724734642 175.82523541465983 171.75 84.75 262.5 60.0
39.42152596865203 0.210540573750706 21.84582157234373 70.27666709052782 256.79125848966754 104.19291631203217 173.25 83.25 262.5 75.0
39.54118667640443 0.328703279335224 32.26241158150545 4.588439705174403 73.89905090599973 165.57431624637528 172.5 118.5 82.5 60.0
39.456097938896676 0.257149355895372 32.27055704878981 213.8374053440693 258.91895587160724 237.46842406805084 172.5 105.0 270.0 52.5
39.4246592370422 0.31512524250174 27.48447178853802 62.9697536652347 72.7348714646222 244.09368625032346 172.5 45.0 82.5 45.0
39.27504047871923 0.212823514028762 19.58274886727261 276.68693549877054 106.32144342929627 209.10351973402257 172.5 88.5 82.5 60.0
39.21920369284281 0.241522236949005 32.25301509667558 54.94526050660409 81.80673559581784 257.17529166264836 172.5 120.0 82.5 15.0
39.46573849004315 0.227399164775497 20.551529298327907 237.3998822937001 125.48350450478122 332.8643400812187 172.5 60.0 82.5 60.0
39.48187345950323 0.38942865952424 45.59300759917693 191.04791134248762 266.5004850396814 278.0321120949825 172.5 64.5 262.5 45.0
39.58614222210602 0.246021436878359 12.067091080923689 100.78991777035586 88.94138068488684 82.57841436909298 173.25 105.75 82.5 45.0
39.37619437042985 0.360040601601229 30.573318446748438 79.59581619438839 260.26147094328456 347.05249331207926 172.5 49.5 262.5 60.0
39.4375003932762 0.237078042029413 12.4754103421932 171.88602819571665 275.0568394936079 48.14694861567428 172.5 30.0 262.5 45.0
39.35712681864245 0.308545596040759 48.362035568154006 5.825965435406272 290.3862076651429 11.158991787881012 172.5 60.0 262.5 45.0
39.3713535538715 0.275456487652779 27.518765273134637 126.12573243970368 67.22287015125738 95.73661272975514 172.5 30.0 82.5 45.0
39.44124529006918 0.295361209911947 31.930380911304695 254.33749141363455 116.20093587623414 349.20592658269743 172.5 76.5 82.5 45.0
39.4730556314692 0.239865707863127 40.38356578478676 142.75901069368157 288.05102446975417 298.04262126219555 172.5 60.0 262.5 45.0
39.40084308885035 0.306547883150347 26.52733285888007 234.1040601736112 91.79657106619393 138.36189308779538 172.5 60.0 82.5 45.0
39.46267589598572 0.220099389120283 30.60996936027337 143.39932957836467 74.5101623817231 314.3286845751846 172.5 54.0 82.5 45.0
39.5248993475257 0.26487010305663 34.665575236098476 101.42079491501016 85.36124006607186 317.0520500896726 172.5 99.0 82.5 30.0
39.312076193181916 0.248836219478834 28.528316645112557 132.98807373166918 84.04424076852072 61.97470120230806 171.75 86.25 82.5 30.0
39.51073167962404 0.291534011770805 34.98155390576143 194.82496045287482 278.3088679711767 172.16253927440985 171.75 108.75 270.0 37.5
39.490424528664036 0.213697691448946 19.663310748508323 287.026551095134 262.8927069064207 326.1188092393553 172.5 76.5 262.5 45.0
39.46068902937278 0.248774675269038 26.043712483339547 266.35416864564684 92.02052528163368 256.86753746689993 172.5 126.0 82.5 30.0
39.37948251823939 0.24383701671673 16.607347543766657 307.82763410463787 290.4085225216337 85.33510490909305 172.5 87.0 262.5 60.0
39.337902428641776 0.28654079946237 38.06958449572835 355.506393004193 271.70583507552726 166.09819024766966 173.25 57.75 262.5 15.0
39.460947337312426 0.289157660858021 33.93515575902036 200.0700340339726 136.4882953255308 355.2098669088079 172.5 61.5 82.5 60.0
39.26563870923133 0.249171256400718 19.351604864782132 122.38123185960704 117.91901569180115 190.89837390919624 173.25 98.25 82.5 45.0
39.47975086081141 0.333415745554247 44.47013251315035 115.4780695711695 258.0916785533587 342.23691431356883 172.5 75.0 262.5 60.0
39.3810802982265 0.34388336270297 35.696814608596156 256.0744210684436 101.21898784348134 328.8301285685974 171.75 59.25 82.5 45.0
39.40586893844126 0.285175198922203 37.26760518154121 73.82228792835204 261.5924293096688 237.3307841508631 172.5 15.0 262.5 15.0
39.39423319435647 0.2843063402937 19.056993966341828 352.03288604056155 64.57853432537148 318.2252245266695 172.5 60.0 82.5 45.0
39.544071957846754 0.303484625554389 33.20572897420737 303.9003422328312 65.64948428791139 99.51142333677244 171.0 118.5 82.5 60.0
39.48158115481182 0.244950647407915 23.450011321979304 178.42447267022078 111.94420434622425 164.891396707416 172.5 64.5 82.5 30.0
39.35593889283755 0.272642224889226 32.78276504336722 142.83700130690724 130.58872677422247 159.5574338962103 172.5 60.0 82.5 45.0
39.376375775451315 0.347358072676905 31.03060236132372 349.23529154748235 240.95613200835615 183.82061875821685 171.0 57.0 262.5 60.0
39.33527394018187 0.307350890835563 27.137819242763765 138.82231913932964 92.55670575103365 81.29901942106822 172.5 96.0 82.5 45.0
39.267529192769594 0.248816432386766 24.17758307037558 314.82753176244626 261.27593065119333 347.28538222485327 172.5 120.0 262.5 30.0
39.400519201623716 0.318864333567059 25.234791036050908 62.071940533844355 66.93221655097499 270.193176589152 171.75 63.75 82.5 60.0
39.39790990617054 0.241800530001378 28.250238403103054 354.77656790085996 140.320164744887 347.9104492434155 173.25 89.25 82.5 75.0
39.34390875916371 0.221930232381675 27.044291660241214 343.122475327404 49.81451171281474 219.58865295972964 171.0 72.0 82.5 60.0
39.44620581013087 0.304718976737328 33.07105177327135 207.18741781931251 109.74715954605925 17.105196675416483 172.5 48.0 82.5 30.0
39.45511553174301 0.209005421824613 25.0744864212384 103.10253229960021 98.10026660708195 177.07739117472298 172.5 105.0 82.5 60.0
39.45546995425464 0.296957842028845 32.76954471419287 28.753736914981157 106.70822851466043 229.49244299584257 171.75 105.75 82.5 45.0
39.52608891271719 0.25712224125326 24.188950717800058 306.18851230341863 253.01400359208236 200.00745947351868 172.5 90.0 262.5 30.0
39.3199202059462 0.273928704373408 16.22005404770988 77.72814771550583 236.19689227049588 146.9788554231646 172.5 72.0 255.0 67.5
39.27483731699395 0.210971546900765 23.27672995910288 279.9718747109647 255.85218819524226 356.000226933231 174.0 82.5 262.5 45.0
39.40792551590327 0.269063920428587 15.341698090528604 68.21207350187325 260.36371657307365 250.8067655355768 172.5 39.0 262.5 45.0
39.5083472072341 0.30443825118779 46.822438152407734 118.01514762627163 106.96185208480408 64.91774240520299 172.5 90.0 82.5 30.0
39.46131782713947 0.352238539487399 34.20824616223589 141.90991358338798 315.2939596732788 273.60467185610344 173.25 54.75 262.5 75.0
39.41056084116003 0.237224170749886 11.841963003305064 172.8440844730121 98.72774164029255 36.45741468493879 172.5 15.0 82.5 45.0
39.42677571420374 0.286425667335161 47.362059423425336 334.9657006122975 94.54531734081901 278.1688515785573 171.75 63.75 82.5 30.0
39.40742093239751 0.250180098506884 25.120641013001865 297.7824809625526 76.76521189102348 192.95820810625594 174.0 88.5 82.5 30.0
39.50346784152942 0.260455272993822 15.764212273333186 15.096678154090606 95.61316842474727 52.312550086495754 172.5 105.0 82.5 60.0
39.44062402343024 0.276158197706973 39.883666373653185 75.91804974644134 220.8414210878507 153.41941654777054 173.25 63.75 262.5 75.0
39.412839581930854 0.341762811475458 30.287179441470055 306.7465769286141 122.51735978428614 278.39858892727847 173.25 59.25 82.5 75.0
39.39812825047054 0.293563518706755 30.823434006602106 31.665839308638933 60.03488665519424 56.59924989235612 173.25 63.75 82.5 45.0
39.329606500599496 0.406214530555542 51.76620463748496 74.1394390337535 249.89171523828975 117.31658582906405 173.25 74.25 262.5 45.0
39.30082322894825 0.246685583555652 34.871123902913176 99.69121171566896 77.65541923328392 229.2747511702188 172.5 103.5 90.0 37.5
39.44676047722095 0.302758077790778 45.925886355599275 212.2578668041588 107.40290072179054 227.11090456615392 172.5 72.0 82.5 30.0
39.54354871963747 0.206595325607149 29.238716371319633 294.59327656657473 264.50561977286486 326.09319892051764 172.5 106.5 262.5 60.0
39.32267942882424 0.370664186770573 41.530081135624194 359.80640038135516 67.4616840692683 290.50024903500764 174.0 75.0 82.5 75.0
39.417583625224914 0.241140010336582 22.833684796689564 158.56771408091814 95.03694120669672 20.01088344356657 172.5 105.0 82.5 45.0
39.55862038618953 0.243734062061366 17.007443440744265 326.12541659856237 77.97905336559718 320.65972423106666 172.5 105.0 82.5 45.0
39.39196446187965 0.352548411768519 49.23138485702543 168.2271308633587 234.41143100524005 325.2180771107352 171.75 59.25 262.5 45.0
39.48387136293421 0.267786477571454 31.20167100804372 312.59331427934205 61.95425653502033 124.35332315195647 172.5 120.0 82.5 45.0
39.488358183722994 0.237408347895809 24.50041184480076 306.57520110466055 90.38266700461466 95.69581446765011 172.5 87.0 82.5 30.0
39.445343564169384 0.270500296069582 49.77852319492101 296.263915006432 110.1705776499298 318.9958690183977 171.75 59.25 75.0 52.5
39.41314684783746 0.376140869561504 46.974959432850476 262.29529787631606 113.18961511824527 191.41346376384593 172.5 66.0 82.5 45.0
39.340922261780925 0.335817214399153 53.89694422238929 157.93438005687608 86.49073149652531 299.47763285428346 172.5 45.0 82.5 30.0
39.28474779510542 0.255108240601574 23.854343567709613 53.19514101565134 287.547795808886 357.33655807365284 172.5 88.5 262.5 45.0
39.41190818016684 0.305379417781352 42.92912423072278 85.33597306088159 56.252520069095425 123.32392123350098 173.25 53.25 82.5 45.0
39.3728071557542 0.371725306103974 39.724621669654404 19.656078930399655 262.62309877926543 45.54009752800711 171.75 63.75 262.5 45.0
39.41041334750401 0.365574511654728 45.13670382862668 238.5895349342614 269.6020660852048 358.13425700697314 172.5 30.0 262.5 30.0
39.481335175126006 0.230677938983157 25.690201964664823 160.49850524849268 112.10060485139775 241.77446147983687 172.5 120.0 82.5 45.0
39.330442918275246 0.249145500313444 38.608371762700365 176.88138765583258 108.81479500822277 137.4644509308262 171.75 69.75 82.5 45.0
39.41672742824111 0.289854571244828 21.56580382352395 200.4898495449916 97.32629686531779 273.7917329883701 173.25 50.25 82.5 60.0
39.31373937607856 0.233327035822513 25.27561440402944 118.17957987490858 246.3475315341244 245.55264592611002 172.5 105.0 262.5 60.0
39.42710929623696 0.247787681286395 29.280074201913028 256.3832135513539 95.22262402625896 311.8832456325541 172.5 120.0 82.5 15.0
39.36050612668412 0.231640697164074 22.367917081201547 168.17073986066268 111.26523791944408 165.6812155212311 171.75 66.75 82.5 45.0
39.34664649897001 0.226047404763029 29.29031857669791 42.702048825752094 87.02021999057816 342.69208584057316 172.5 109.5 82.5 45.0
39.537614547336915 0.317057624299364 25.70955895481836 149.1951904973676 284.48429050325217 285.7207770819509 172.5 109.5 262.5 75.0
39.47281898216272 0.218729399898181 23.108217128008604 106.01574813016248 266.2969487412787 110.23198435781723 172.5 67.5 262.5 60.0
39.530530860538455 0.228956461836077 14.558973912929925 321.2265157777293 57.90549498803246 334.96789248644774 173.25 89.25 82.5 60.0
39.30305340543599 0.341694785613158 47.345429658059864 149.18100999873386 238.2726274059441 196.86934370485136 173.25 77.25 262.5 60.0
39.48695657268266 0.224015079895587 16.772263281923664 17.406408913727937 260.0321305494648 249.50789685806888 172.5 105.0 262.5 60.0
39.26794054768956 0.279034540357555 33.72508341095548 189.52488849966886 92.11619328324204 298.96339732880625 172.5 120.0 82.5 30.0
39.34603220421351 0.273821574160935 14.578140627624052 183.4824218377469 299.8613754405526 14.310687526147342 174.0 46.5 262.5 60.0
39.23655557308804 0.234356749325151 12.210908585099398 328.35080176830945 88.65209412495243 79.90506616716759 171.75 105.75 82.5 45.0
39.47200661686579 0.38054950171313 60.06097076387776 102.2634789576605 114.94130893850017 329.382006969921 171.75 72.75 82.5 45.0
39.581928110348606 0.226943777417022 24.111762747619665 307.007404335105 67.2484284153752 339.48160220579643 170.25 107.25 82.5 45.0
39.53839538304879 0.291172270643669 26.364594217367863 352.2599858486765 236.24121124808067 72.75977308151282 172.5 96.0 270.0 67.5
39.312936745981546 0.268383896644712 25.31157793204581 79.29632807853946 36.64536283017405 144.84927976135668 173.25 60.75 82.5 75.0
39.5046478755566 0.301574400989761 36.64269131667249 60.18698754495198 280.10761328821513 247.1239279854018 171.75 104.25 262.5 30.0
39.29385919775921 0.216607200450058 18.733594761890984 16.44128665943929 238.7504756644426 284.49751949562506 172.5 79.5 262.5 75.0
39.29957410033111 0.210505385073099 33.54163088231641 207.41598728980625 310.0970328451458 229.3694069393575 171.75 71.25 262.5 60.0
39.46706022650606 0.240382711715885 41.83449858851446 77.20098122773976 122.84373580941127 202.3795791718575 171.75 59.25 82.5 60.0
39.43111036193042 0.243800272704888 35.242099568735185 52.396173756029064 101.63775084357135 233.0099792695259 172.5 30.0 82.5 30.0
39.372041190062184 0.275863637552151 28.9839156431141 231.39522541588104 40.52928341438515 290.34299719201886 172.5 48.0 82.5 60.0
39.423061803262584 0.233651587202648 11.553396599009464 337.4952056339114 88.40259817446812 308.77407029312167 175.5 51.0 82.5 60.0
39.411668214206976 0.296117498861695 18.523308683501256 202.8330028827082 132.6900046528738 98.51934360549821 172.5 87.0 82.5 75.0
39.30651177292842 0.231759412227144 11.932637401742268 117.90947026705742 278.74071787028447 286.4313707173054 172.5 105.0 262.5 45.0
39.50136201281666 0.243049823063192 21.80105386931951 218.81907084137725 49.68027117591842 32.58680514705976 173.25 89.25 82.5 60.0
39.37207705510961 0.218710883649645 37.8663666594011 9.35543200396722 88.0954577309288 287.1142150715324 172.5 60.0 82.5 45.0
39.36574135184429 0.294873443134159 21.25391611131575 70.30281768365408 289.97386531068923 114.01078151495365 172.5 79.5 262.5 60.0
39.295883124743156 0.289429292344475 26.19478417369769 153.4400256467935 264.102402729839 307.8651107852561 172.5 82.5 262.5 45.0
39.49181671115167 0.207090007193197 26.096727803437922 40.117050753394416 272.38132267924897 107.35963046798506 171.75 96.75 262.5 60.0
39.39606714109692 0.304040556309629 44.99965434810725 165.1603347731817 242.02310535118875 323.9879377008882 172.5 51.0 262.5 45.0
39.42271028386104 0.309205939985194 28.661138922526316 225.16699569700017 258.3406889940915 39.02972059270657 173.25 104.25 255.0 67.5
39.380287223662904 0.425992374465732 50.578422346881624 94.08130374206341 265.8238375448826 83.81006836559278 172.5 57.0 262.5 75.0
39.39424392548994 0.227660372873359 30.960982453051017 174.3897447114834 46.446673277535155 312.8858156079283 172.5 30.0 82.5 75.0
39.49816406206264 0.273658032259755 16.70959816515671 151.2878324407256 115.62708578936589 152.80631101989457 172.5 73.5 82.5 45.0
39.44745199373471 0.237020605924058 39.16003574645471 10.96234879707055 122.06816087618682 262.0480105746136 173.25 53.25 82.5 60.0
39.46065808884461 0.294456428651617 50.06470596886474 266.53712400225305 87.80044868239271 350.00996709939153 172.5 61.5 82.5 45.0
39.226056434646296 0.236494366650891 19.549204650367365 65.21705785590451 254.74040213959722 343.77159189280934 172.5 120.0 262.5 30.0
39.386859388001426 0.22587229887695 19.49573097279191 91.95920321400942 119.34717769653612 97.75240111370142 172.5 85.5 82.5 75.0
39.36187188421481 0.256111224777708 13.216020711217341 231.8943693343851 121.31094713119306 114.02059062498381 172.5 45.0 82.5 60.0
39.50420651302254 0.219127060943398 19.246200195430234 325.8900265864497 246.92876723735344 211.60729546564605 172.5 88.5 262.5 60.0
39.38230597379551 0.191199991379169 30.39045261538933 258.37349753582737 294.494682304345 347.063248505313 171.75 71.25 262.5 75.0
39.417051244544254 0.275401059454759 42.442175665216716 187.73433575075458 230.33550138238655 320.29605720558015 172.5 55.5 262.5 60.0
39.44874432458754 0.2348899251719 31.206494134154507 350.98749281090016 291.79920351365456 156.2838759063079 171.75 45.75 262.5 45.0
39.329427356297906 0.256254506690305 33.41118111249413 113.22518907094896 67.80471987731991 191.35054040887994 171.75 108.75 82.5 45.0
39.37430659813874 0.299028826643456 32.66684348192424 80.16816447044039 305.57491551024117 333.3621123820547 172.5 60.0 262.5 60.0
39.40935971565499 0.324280254927866 36.56061805628114 228.69325999049312 82.79529212947662 15.937651872263178 173.25 29.25 82.5 30.0
39.333740910583835 0.282447016136828 22.950357157039345 41.966220047996025 305.3254427280729 341.4877741499011 172.5 69.0 262.5 75.0
39.28745391054538 0.260626924493701 25.8718077256118 276.6852580521668 86.32489200292298 95.39370520251677 172.5 90.0 82.5 30.0
39.40588678728164 0.241185082778353 24.832456178635663 148.79694676109685 263.0000500457901 59.439033312290064 171.75 41.25 262.5 45.0
39.49538743868045 0.247051579588134 31.923983974797725 2.541291634381234 71.57224519233273 262.33929476776905 172.5 120.0 82.5 30.0
39.273713721640654 0.205729895070977 28.6964062546767 156.34196471768252 280.2012483001198 283.3578802484083 172.5 103.5 262.5 60.0
39.36047659643108 0.331831058616809 43.68063824890635 356.58093920442724 125.2340882721001 24.029289819861333 172.5 49.5 82.5 45.0
39.418407043537016 0.281777868883043 34.06183644979973 228.10984558281885 100.98419899726696 355.7256988608794 172.5 30.0 82.5 15.0
39.379416365029634 0.409020004610508 50.29446857062022 269.95673943038423 95.16930689398102 228.92365263575257 172.5 45.0 82.5 30.0
39.39076956419554 0.19414906485196 29.138300108712635 218.07181849524702 266.3295159142141 273.2871215190431 172.5 60.0 262.5 60.0
39.336137762154166 0.267393281408447 47.25222768077545 64.33407292868058 111.15619786020329 94.98754159111347 172.5 52.5 82.5 45.0
39.32492384639095 0.32903830779802 32.416443621952965 32.910935846832466 127.48676112551804 240.45708647375085 171.75 74.25 75.0 67.5
39.21914567266216 0.279055440518145 30.281958696250886 69.16846199787031 101.85419553367623 343.146450123843 171.75 113.25 82.5 45.0
39.25131433129583 0.285734152312705 34.02402540061068 339.95191229256295 75.08295263998174 318.431436701286 173.25 101.25 82.5 45.0
39.367729805158156 0.23312747916928 25.889656284554633 136.48805765368593 291.54394376221796 298.0925978034189 172.5 43.5 262.5 45.0
39.36990995111841 0.326519514827307 37.46563661560089 15.17216214348646 93.73108566609997 136.27500211203215 169.5 52.5 82.5 30.0
39.308005229731286 0.261300125902918 37.12183342176974 103.83186741708172 282.56441553587484 169.07765036312526 172.5 120.0 262.5 30.0
39.38406525813557 0.193320921897389 31.58602472836322 274.4332089574744 268.5916360824743 233.02636319153243 172.5 60.0 262.5 60.0
39.34415255373957 0.273324038207822 25.88950137400476 237.7123730015686 100.38584181614387 254.95746725228662 172.5 90.0 82.5 30.0
39.30129476628006 0.264394607856269 32.05946710740903 97.66517159188747 268.3116414150573 65.99391847313844 172.5 120.0 262.5 30.0
39.44613660696195 0.36418497943471 50.25304241432466 192.5014941827586 93.23575213727379 277.7192794535993 172.5 45.0 82.5 15.0
39.45468025678837 0.206405321735613 33.09868810026151 245.2711918655079 112.34760804063308 216.10765695004028 172.5 60.0 82.5 60.0
39.382928950836366 0.411968594369269 45.88953663717819 278.51907539798367 87.2481989046768 114.61109353333795 172.5 70.5 82.5 60.0
39.474905275825634 0.392535251857144 45.31041139752657 10.96306916678752 103.69801842073734 250.34667997085057 172.5 75.0 82.5 60.0
39.35012254623261 0.351182735564742 43.43563248331229 347.9410922030481 88.89163756465068 305.12743717007095 172.5 75.0 82.5 30.0
39.23662859025695 0.2191764224526 19.014179001302214 269.8847766262349 118.31113979728681 211.55619782318868 172.5 105.0 82.5 60.0
39.34164150851438 0.34043846854743 28.970632189316447 335.63509849185454 239.1067358797068 219.6895899967273 172.5 79.5 262.5 75.0
39.34512582843561 0.325013218596839 21.006030031580867 266.4292483260538 269.0219235397706 217.18876118391623 171.75 57.75 262.5 75.0
39.29750826894963 0.257646362022941 20.33113855218294 57.49216575132166 76.02820973052863 35.04089261717785 172.5 105.0 82.5 30.0
39.546900488177315 0.250550014601351 30.199543738011677 232.1730529406912 295.4639264912448 247.61722852048445 172.5 99.0 262.5 45.0
39.35373969314235 0.280982692940199 25.864254515520862 179.76549739964634 311.48336177706136 237.55860970058575 173.25 90.75 262.5 75.0
39.412082551180184 0.275189537741138 46.08568298264347 39.5971094401928 297.6120536712654 348.9453607662402 171.75 38.25 262.5 60.0
39.49269188167281 0.221148132208742 20.5336976117324 326.34294335055046 78.00110063175742 337.79996606535326 172.5 105.0 82.5 45.0
39.35884658875641 0.267837531533802 43.39190007556624 66.67243353858888 34.312582136422385 131.4526639623454 171.0 91.5 82.5 75.0
39.36730431033001 0.246641727852151 14.388304448191754 276.221969209277 222.87820356995624 17.62496126475322 171.0 52.5 262.5 75.0
39.25712912669216 0.239494794152241 23.931935589391145 99.00169181949904 317.10954242145203 75.68462946549414 172.5 105.0 262.5 75.0
39.45591750409529 0.27964393414861 42.36184767138172 42.95429264678638 278.5136836607804 19.66048344896351 172.5 75.0 262.5 30.0
39.38845001843032 0.218607778926491 36.22784662218916 112.5450535211903 318.41076334087904 41.04225784777589 171.75 54.75 262.5 90.0
39.42608313536175 0.345397684898374 27.43897557163165 132.87486312233915 83.39625311116522 78.76948297832156 172.5 45.0 82.5 60.0
39.37885492953493 0.195987690855127 22.3577743037162 197.21640316789657 108.34968418678623 129.48262908859485 172.5 42.0 82.5 75.0
39.26672000887464 0.231296918633235 23.508913944947377 33.397352373882676 270.07788682228556 346.48671109328336 172.5 120.0 262.5 30.0
39.32129537015532 0.242362234262571 18.96938924021028 337.43534722771085 73.30951458882518 74.7015214336641 172.5 79.5 82.5 45.0
39.33984618407976 0.278356449316683 29.961644358930908 146.7008707739663 278.81645333551694 304.1655710176721 172.5 60.0 262.5 15.0
39.34349605091107 0.252883988624761 26.922289220098346 187.46636702251124 122.37062952693701 21.33937765720645 172.5 60.0 82.5 45.0
39.471492267832524 0.230057353906562 28.671311966480538 316.0307538043174 80.37440155146106 319.99436525142886 172.5 60.0 82.5 30.0
39.446789883782465 0.259758441306346 27.118557808130383 29.80841656964829 135.46833909544597 221.86822293170113 172.5 52.5 82.5 75.0
39.41156854758696 0.300797960210195 27.492953764183216 274.5575523803459 310.9233994964418 307.6943322719456 171.75 23.25 262.5 60.0
39.36672396018885 0.265856842011026 36.50238254811091 133.58451144714576 84.9379969457698 311.9437467422254 172.5 30.0 82.5 30.0
39.5284700195522 0.244454309598559 23.369661948635397 268.89530363949996 242.9753348223123 256.7709053613595 171.75 92.25 262.5 60.0
39.37011981357036 0.33193638913493 50.35817798148678 101.9128315097237 266.627360905528 317.06577210832165 172.5 66.0 262.5 15.0
39.37050015169483 0.248065430652792 28.373015719908764 175.27977334414356 321.71993016213906 239.07870867120909 172.5 55.5 262.5 60.0
39.260852309841965 0.225637016444819 18.259858416305967 38.41664836400425 115.02787964973035 2.328210751821468 172.5 90.0 82.5 60.0
39.442878371667334 0.317315204303359 46.801088912343765 121.76872541883684 261.21438444158485 344.21058988252383 171.75 74.25 262.5 15.0
39.42320100777172 0.27821190808377 42.23736985908647 113.67569216270543 224.4910747289145 13.943738565701723 174.0 76.5 262.5 60.0
39.362058003463254 0.290382338996077 30.304998477386807 311.4724520128744 73.3653384592937 207.23306016571513 172.5 30.0 82.5 30.0
39.46164763016597 0.290062522326774 44.475281743617856 35.66210473227119 62.4281065694435 147.65855746328774 172.5 60.0 82.5 45.0
39.215610426723906 0.231093266578319 22.040359683864658 62.59335955961114 242.1980238355629 14.135797791776561 172.5 120.0 262.5 60.0
39.26988122608708 0.260441170959181 28.782535415559828 267.1167985734434 126.65339366793971 178.94395154029536 172.5 100.5 90.0 52.5
39.34651034380996 0.326414301475664 38.9597290744902 282.38434322498154 310.06704892069564 173.52860578257466 172.5 69.0 262.5 60.0
39.415025503311895 0.264853865338728 20.425680774788617 27.42535406675592 289.11501381868845 113.15760293509874 173.25 77.25 262.5 60.0
39.34165909848845 0.307499907048502 49.09803289250651 195.61304937967094 267.26006042921534 147.20012813645383 173.25 54.75 262.5 30.0
39.38700421462325 0.296580777208134 24.602870642791398 191.7291952220974 259.7318237475756 28.566046077335802 172.5 58.5 262.5 60.0
39.4582468574011 0.208299736309066 30.324965259921306 221.33161140121757 268.6698181067422 125.73589028154082 172.5 60.0 262.5 45.0
39.324414079743484 0.340087191233477 24.615760922678025 252.1018922826159 96.35362327708998 341.9815745555945 173.25 62.25 82.5 75.0
39.34889737611234 0.272641794826967 46.3837644323473 17.67231887006136 294.0494604567681 143.0998945710094 172.5 63.0 262.5 45.0
39.37535148811141 0.19912656549464 35.96994455861119 177.64214147207622 121.56246009759718 155.49981961099894 171.75 72.75 82.5 75.0
39.45610476529662 0.228158767035943 34.83235354041897 168.8341607540854 306.23998580388724 28.16732030892298 171.75 60.75 262.5 60.0
39.45102572897311 0.36932441686102 43.64258083490165 3.177941275365788 85.39211268477554 31.643907000023173 173.25 50.25 82.5 30.0
39.54470401276361 0.245613505625558 27.232562284170225 309.7003096164958 304.1460704287031 166.24201770594925 173.25 99.75 262.5 60.0
39.41457362569468 0.356487178545699 32.06307387403356 317.9205979011516 96.72185993579859 59.92144236407619 172.5 40.5 82.5 60.0
39.25767395328217 0.285284971628765 34.02212625451279 50.20846841455624 269.58519669336886 31.146208503083724 172.5 120.0 262.5 30.0
39.49127127281822 0.276307871365461 14.999180129554368 269.04587227708873 261.6841088819413 115.04226592253525 173.25 78.75 262.5 60.0
39.35951758505881 0.294461183203262 25.95607694026973 145.71508965599173 222.3785574898731 100.51196330998245 173.25 39.75 262.5 75.0
39.33387206348922 0.320645949425029 50.00828211833493 122.30095452005845 82.78611802227337 203.45829070376305 171.75 54.75 82.5 15.0
39.387995600679666 0.210973598076959 26.55179859499571 140.99144148500102 278.0728203007007 297.59269401299224 172.5 30.0 262.5 60.0
39.198240259443644 0.249380026274104 28.488797881825384 32.19211021302951 85.03251141277089 140.13486148318614 172.5 121.5 82.5 30.0
39.367442061455364 0.379875872965695 50.88773951889251 239.39113230845288 78.9751617712152 109.7062900923558 172.5 75.0 82.5 30.0
39.34136247776056 0.261537198515617 22.44351183380917 241.65179779874512 62.25401189014833 48.16228254011546 172.5 105.0 82.5 45.0
39.433493483605055 0.273866838464878 19.027606551330766 315.0336034484488 263.8488101156507 332.0140068560105 173.25 87.75 262.5 60.0
39.42815973378905 0.282230070528023 36.2675469289124 24.09659302432055 238.46638299560368 261.4093313056834 171.75 98.25 262.5 45.0
39.26587443588854 0.23270103925498 21.549819090260666 3.316914004909078 266.51366712323414 262.8126823985266 172.5 105.0 262.5 45.0
39.555761716274866 0.248456819415338 25.97885438460091 287.5802524732933 232.91910791227235 123.49725273739702 172.5 96.0 262.5 60.0
39.411880613054024 0.358368924729804 37.89704647607155 301.3626506290375 66.4111798915778 328.4297182641464 172.5 36.0 82.5 45.0
39.385026079384176 0.220856575369424 39.69594424908626 143.7657114094065 69.26606840678343 207.93697631902197 172.5 49.5 82.5 60.0
39.370537339981205 0.387392153266259 44.68397223590966 109.93024306689468 294.3043882239415 85.35592807443568 171.0 63.0 262.5 60.0
39.31647260460589 0.299108033544072 44.25052513352784 241.82259544756823 277.84099570061534 119.57148818510338 172.5 72.0 262.5 15.0
39.44328509808278 0.224245783455289 31.66337431267492 296.48571466700383 298.8042477853312 65.1199978635532 172.5 45.0 262.5 60.0
39.335499197968836 0.285063077809682 19.162842057667664 86.99679834638397 88.30169776325803 238.364233462218 171.75 87.75 82.5 45.0
39.491770238631204 0.306697805193141 39.02660306879544 341.20412123673043 266.7931898190038 171.6938020063653 170.25 65.25 262.5 15.0
39.494429430094534 0.301804893632653 21.975165081614726 327.08046756206346 92.8794232223613 76.3470012356885 171.75 98.25 82.5 60.0
39.46948361823195 0.323080055003558 50.983683893364976 123.88289292872405 303.51588706528196 166.24849116077732 172.5 48.0 262.5 45.0
39.25238974644787 0.204466180026729 23.61202670806345 154.633159812149 92.18509758649633 44.63167414933375 171.0 103.5 90.0 67.5
39.25716006098209 0.259674561381403 20.730986278266382 113.99312883368799 244.40995954620328 352.2363588968362 172.5 105.0 262.5 60.0
39.318965128292916 0.278793382584445 33.21284603115161 72.0844686904816 83.3071006459886 213.36153744725885 171.75 101.25 82.5 30.0
39.44768709331573 0.223545155124818 44.90250992886664 141.4689902488912 279.9592315593578 173.90948971988774 173.25 59.25 262.5 60.0
39.217016634058766 0.230483718513288 27.38655926196278 316.9948916550827 269.72634841129894 298.6309269028883 172.5 120.0 262.5 30.0
39.38906133220601 0.187422404587963 38.46380573027227 141.0404407355995 237.61624817877794 96.6483137604583 173.25 48.75 262.5 75.0
39.39737739853877 0.275628108912598 23.778734441650744 283.27641825302555 83.5780683612501 249.55906533167501 171.0 117.0 82.5 45.0
39.46373319046205 0.251930030531279 35.615852184127085 188.97184815208718 45.3254251371636 64.59145132318231 172.5 55.5 90.0 67.5
39.43669979800455 0.240614317194837 25.80942081936537 94.69863421956629 89.60230652522083 95.64208917469571 173.25 44.25 82.5 45.0
39.420000301337446 0.3839285609892 57.26314585611755 186.03865696922605 86.01456693374831 300.56498734474235 172.5 73.5 82.5 30.0
39.55219917673277 0.242413040580664 35.47075298342033 244.32629088491308 257.57521573751006 21.82194931255245 171.75 107.25 262.5 30.0
39.45462076176492 0.275423176351416 21.536709207769874 93.57888393479953 299.6436866120292 211.78965903851474 173.25 84.75 262.5 60.0
39.23131753047933 0.275680931695881 33.565997401764555 66.77657721825845 74.64763320493519 125.21205367310803 172.5 103.5 82.5 30.0
39.41295303863093 0.245828356020841 22.31916509476733 211.02613451511814 124.50161367870213 1.363477625988744 172.5 30.0 82.5 45.0
39.34866228277903 0.29076833041882 35.85493157892174 186.21844104218533 327.9436359038558 347.53681084400836 172.5 69.0 262.5 75.0
39.323226553212194 0.277818956942823 14.81141618064297 80.99254712206057 290.0714470711868 319.2384885331972 171.75 78.75 262.5 60.0
39.375919269607586 0.219054119952612 21.97462806827466 148.96808822006452 276.0578127157528 83.28052221593786 173.25 81.75 262.5 60.0
39.36835302839857 0.233542086919949 38.749833525878714 240.1424554742527 107.03800298483708 241.39478774293957 171.0 63.0 82.5 45.0
39.32969935041712 0.273474718848522 18.044229438367452 297.44945204273023 91.29354227533342 193.49982606618067 174.0 76.5 82.5 60.0
39.58527220762891 0.260529134260552 13.680842237499945 328.05787043177327 70.64315396004149 200.51736713015174 171.75 116.25 90.0 82.5
39.36649331139881 0.255849043968543 14.795896922813847 251.67055801617857 269.85855995165014 85.54046401595431 172.5 94.5 262.5 60.0
39.41521740573539 0.278276514799033 32.41391325630359 182.58953245667743 243.83703158258805 168.20606643438305 172.5 45.0 262.5 45.0
39.42208042232031 0.30330765941227 35.76518702471414 62.26745735621523 127.1488820886898 89.49363019156668 172.5 30.0 82.5 60.0
39.44752163121472 0.302430672016588 35.70888341154587 87.36728224395681 96.92890500719548 86.49909384971716 172.5 60.0 82.5 30.0
39.43391314441774 0.333670421168929 30.229378462238685 19.30350683658071 126.70521237944341 232.5010368429069 170.25 57.75 82.5 75.0
39.37412874352212 0.267333816195088 31.342855256135667 215.84654907201556 52.04733323295704 34.71432831198125 172.5 39.0 82.5 60.0
39.31084642235369 0.325267833434301 26.35330274930364 49.12354836700752 255.20587769363655 259.5765458549285 171.0 69.0 262.5 60.0
39.477514774577976 0.285054626726676 15.605065941390112 317.79769823858004 74.95699374684989 307.6374243717425 171.75 74.25 82.5 60.0
39.3551979273581 0.327483430114089 48.51168754495211 59.588281101691386 45.06475926525155 133.5468275441975 171.75 66.75 82.5 60.0
39.43013058464456 0.240996599769619 19.592258898338137 50.16563228271984 265.93454773826267 144.31074870584033 172.5 60.0 262.5 60.0
39.45713779776198 0.238766512835682 32.05509729551598 136.0310863005434 302.5599773581789 253.88414350201356 172.5 120.0 262.5 45.0
39.34439679651311 0.362527001838975 52.049353540541084 48.6681108495903 289.40314976084437 347.0737380393339 173.25 57.75 262.5 45.0
39.42588021846084 0.258937451039281 15.00096391200519 144.15543215545 119.22749655013196 258.30792478452645 172.5 90.0 82.5 45.0
39.30015563181016 0.230400960873405 22.754814112214298 31.2346557238501 71.4138638835788 48.095208544442585 171.75 84.75 82.5 45.0
39.445039809448254 0.297653440214836 26.51904822336188 355.47318327589477 84.80673586095412 289.0364753681156 172.5 30.0 82.5 30.0
39.22138164569057 0.23816531893469 37.74859610437835 26.799363088174026 269.0974104582737 120.60700637366622 173.25 123.75 262.5 45.0
39.33403710818185 0.420291837102436 58.89087799868317 240.87840343365883 104.93594133707305 118.46247050824812 172.5 45.0 82.5 30.0
39.31543171286123 0.216103542616939 25.062155100059098 62.89947371798829 90.48586274748739 20.769299260741718 173.25 90.75 82.5 60.0
39.39103204800445 0.250157754472092 23.684154271524065 280.4533795955151 224.48911186857106 2.065008697966179 172.5 30.0 262.5 60.0
39.386476909142175 0.335718058219692 31.07616714849487 16.331649701716735 315.4311165351828 120.21175776204014 172.5 43.5 262.5 75.0
39.484851025464394 0.257754927749913 37.684498734499584 57.390155380854026 69.45634307042857 245.0444586147603 172.5 75.0 82.5 30.0
39.373255540259045 0.307514931086514 27.82175088178729 180.41427344744173 97.39795895200605 177.683250302133 174.0 102.0 82.5 45.0
39.53168359800016 0.30009700552866 48.549193236921546 160.61807479667286 284.0661723106168 38.70336568700995 172.5 90.0 262.5 30.0
39.350113050344255 0.287652771936013 41.98571149291083 41.65588669252642 40.15975707840258 274.4598237685565 171.75 66.75 82.5 90.0
39.49817355760731 0.250651099445157 10.86355176172601 46.64280776434921 263.75135284733375 250.3010876996266 172.5 75.0 262.5 45.0
39.35285467297275 0.294790465947668 41.302844100069024 49.04215932868858 95.76681882164918 359.0910681603061 172.5 45.0 82.5 15.0
39.359678581300955 0.226279840014109 32.972331458877555 9.371347241718716 302.5299934287747 131.4049520628786 171.75 36.75 262.5 60.0
39.420411039270455 0.239573972142224 18.911048473385137 352.1536939575072 95.36503069017961 50.89472877733295 172.5 45.0 82.5 60.0
39.62489170242807 0.236103089814511 24.853711656546423 211.8593933663769 289.98682552494137 12.563475554620753 172.5 121.5 262.5 30.0
39.47692294264969 0.372519822179287 48.39445763856602 287.9952861681252 84.50380063026107 113.32826376117676 172.5 96.0 82.5 60.0
39.309424853616356 0.242488343579673 11.84180509310189 312.6169450824857 70.11190002334628 305.76838703036924 172.5 90.0 82.5 45.0
39.31106997364886 0.270588668479607 32.605446033880504 97.34330857983889 272.95378478307373 68.5756070232339 172.5 94.5 262.5 30.0
39.31908641283154 0.288533592332402 23.93521562143285 25.055475150079083 302.5387662706177 227.9806126969898 172.5 100.5 262.5 60.0
39.35932988462491 0.354339365548839 48.70552371861856 325.7149139000978 256.6277587498447 75.6680182861628 172.5 39.0 262.5 30.0
39.410586758276075 0.283543489150249 24.917559182059296 353.1294161146569 93.62036162059262 304.56559195609447 173.25 84.75 82.5 45.0
39.36561056841259 0.325313431469829 29.371861133929556 214.19128563828238 273.16206228760143 247.11328011280744 174.0 52.5 262.5 45.0
39.36357212432737 0.304893631451469 45.04594465872129 108.03226143056798 276.9624105782508 199.90859972112432 172.5 34.5 262.5 30.0
39.49093350406872 0.272659643418213 25.494959951060768 178.51632869425072 272.85571724592734 287.38467778183735 172.5 84.0 262.5 45.0
39.369860939889975 0.304242249405401 47.86695445080001 160.75446747922612 308.4237812095398 33.10226314758495 173.25 54.75 262.5 45.0
39.31447916891832 0.254382469880833 24.73715465911538 276.14992741378063 133.89621681164985 89.67921031898702 172.5 105.0 90.0 67.5
39.38638888020116 0.349832241513232 35.03758894714676 260.2141013168222 230.08585244083017 23.92570539713472 172.5 64.5 262.5 75.0
39.57410601106376 0.275573777561336 36.48340401164967 122.33294565244223 303.9819221458348 284.9182565686141 171.75 114.75 172.5 150.0
39.44616901434505 0.277725604009986 34.225213385737504 349.0998170035 244.85667599622607 211.5544951055519 172.5 100.5 262.5 45.0
39.590945070758394 0.239362240133739 27.22838656285482 130.55629601128527 105.26483404600107 316.6743357121566 172.5 120.0 82.5 30.0
39.210250459979186 0.254055244878986 21.923077051481066 107.88825841662776 105.32493826307483 315.73675513292346 172.5 120.0 82.5 30.0
39.370994773990816 0.238783144086378 13.926604603494003 51.96180396310038 94.07066832359293 215.31126246961784 171.75 90.75 82.5 45.0
39.32214940848324 0.385840612889924 52.01040621695107 132.9072746520001 279.1960008303859 175.2596080491781 172.5 75.0 262.5 30.0
39.41643240258569 0.197433046020641 33.48051326923584 219.54890545689338 275.6445628100396 23.998669952891238 172.5 57.0 270.0 52.5
39.32475567788762 0.269280741297798 32.402716403663376 88.76523020175063 239.32393652153968 230.21159711077277 173.25 77.25 262.5 45.0
39.393191481582 0.2730768127228 14.88244254626491 110.47802304358014 290.75775047789125 287.9638360038928 172.5 90.0 262.5 60.0
39.47914570499988 0.283450657703688 32.19944061501237 334.4358037662612 264.2846868012262 179.75152241742413 172.5 60.0 262.5 15.0
39.24144108534929 0.235026780426101 21.39009929915956 203.80699100151034 51.45711257562412 51.07668144201719 172.5 105.0 82.5 60.0
39.34095773699693 0.305719125808823 44.70395387501575 260.33936912268484 78.8540884829824 104.9481768058141 173.25 62.25 82.5 30.0
39.378883160988984 0.313964782264439 50.15879848495803 199.8832076455046 299.97190973429 134.0377720431269 172.5 43.5 262.5 45.0
39.34409684221572 0.262274734651684 29.673264580562268 284.8751392759406 117.40778599873025 210.19732388194637 172.5 105.0 82.5 45.0
39.38679528053823 0.294551256973453 35.132000863906335 131.5924824938118 214.14115250695022 120.61646861369717 172.5 55.5 262.5 75.0
39.35258399604361 0.24101026562043 33.03590784589847 359.17852231732985 268.9940456726282 40.895005739577705 172.5 45.0 262.5 30.0
39.29002105892778 0.290954275634775 31.672602804746177 286.0033312099498 270.12476714650586 93.79560566912947 172.5 103.5 262.5 45.0
39.51533607234609 0.270370178219409 22.132768658707445 203.27760060869628 80.52409198202014 142.84769233104225 172.5 87.0 75.0 52.5
39.42399896127594 0.324169276934648 28.087884755584895 347.5879761457348 85.2317237889499 165.07405023938335 172.5 45.0 82.5 45.0
39.47899984848939 0.24876509394575 24.32531465805259 307.19010640718324 81.59731035626915 57.857847341775596 172.5 90.0 82.5 15.0
39.26408128533852 0.246752560519098 9.231002676714645 275.8669302651906 72.09676428725251 215.72973944696227 172.5 90.0 82.5 60.0
39.43047548176338 0.317437918993167 29.478519400157037 290.49042272333884 71.30058025521274 322.89914213872265 172.5 76.5 82.5 45.0
39.3639181986057 0.330840320384609 51.96044375314649 285.7821329199977 88.82782205572907 76.0681794815171 172.5 60.0 82.5 30.0
39.482354748745834 0.228387161215544 29.88559894692852 250.46809725410304 67.77036391573814 279.4968829460305 172.5 105.0 82.5 45.0
39.42102795353048 0.392871534559582 52.60794665932463 7.653377701284968 238.56825792053678 176.6868566826969 172.5 42.0 262.5 45.0
39.49948900976338 0.251155052957846 32.50933111145228 305.9631389411651 254.52089568199992 300.5904666041412 172.5 105.0 262.5 30.0
39.38050808519986 0.212163802098109 37.53055787050438 291.9297027891309 121.93204588249965 59.99833569868503 172.5 48.0 82.5 75.0
39.456937775362285 0.26145550542532 36.54651372000207 188.04852064894712 111.44702748952739 258.51371232862357 174.0 51.0 82.5 30.0
39.51602874236467 0.250959849426639 52.15156278391405 122.81941629281917 264.2522008644877 80.83435005577566 171.75 66.75 262.5 60.0
39.396394151948286 0.307346187555368 38.51052049798524 327.81756926811755 40.739932759540984 95.78477292950261 171.0 48.0 82.5 60.0
39.54795672322122 0.22932657284319 18.337914400730114 333.95973357612405 80.4894127125447 288.46908639041015 172.5 105.0 82.5 45.0
39.461211877908205 0.247170144828224 23.52047032429403 199.73384948942925 79.47334400942351 63.48188401098541 172.5 105.0 82.5 45.0
39.5670001969002 0.276396442907346 16.964223073636898 250.80326600107315 53.65717334719218 265.7693502614452 172.5 79.5 90.0 67.5
39.512857951323 0.26297969637536 27.550558927061235 291.3635605356888 92.02573434184828 352.0176193533015 171.75 110.25 82.5 30.0
39.437461734629125 0.320534852463306 51.272116296999 316.0094236175663 242.6289331604097 71.04922091354481 173.25 72.75 262.5 45.0
39.44072992565262 0.32640982995372 29.231261817025207 30.5835244094574 62.32622907480872 168.2199601306514 172.5 57.0 82.5 60.0
39.401118478298265 0.198512552175265 28.926734824445802 245.39554226346957 277.3661135162341 21.111117891321907 172.5 118.5 262.5 60.0
39.43164586813736 0.255510393088526 16.40891890407827 278.2338397075406 282.69810626019535 66.99153410111973 172.5 78.0 262.5 60.0
39.295418271673476 0.251163830295841 25.410642942903817 140.66114302962671 60.41658086989876 193.13337758709875 172.5 82.5 82.5 60.0
39.41944493604104 0.272056552439346 17.021481736925246 148.2947160368536 95.26298319467976 162.21104133061974 172.5 73.5 82.5 75.0
39.39276381633106 0.322000423322713 27.831219483185972 215.68365856009427 95.08257845230561 123.79350611418302 171.0 49.5 82.5 45.0
39.53220409401985 0.357570378032927 36.098783811933714 97.89385827919097 86.0261378173749 111.63180564144902 172.5 81.0 90.0 82.5
39.339261845815685 0.344302795709491 24.92850441269984 3.765056914660331 70.17154773381641 296.6323275099681 172.5 70.5 82.5 75.0
39.49286573574377 0.304795573116389 30.03483616543885 82.23127747029123 104.16959635625528 83.40625291080322 171.75 84.75 82.5 45.0
39.540160245880045 0.260817916672753 9.42057114102435 2.465050604726636 250.10607133196203 167.60465095210094 172.5 75.0 262.5 45.0
39.5223962921615 0.218095678241241 22.46368731991747 80.55299761064317 294.17393393093545 206.9715918069762 171.75 87.75 262.5 75.0
39.43696577417081 0.247343999935563 18.714344691322673 246.33913206550994 57.31437413360688 126.1563961490774 172.5 70.5 82.5 60.0
39.366484730453415 0.278012907472117 24.575198448553362 90.10402157903059 260.1141060255773 202.51785198703413 171.75 87.75 262.5 45.0
39.57692976080922 0.247910509298725 35.80802651084957 200.99731199711604 88.24903482264646 141.69425160492602 172.5 120.0 82.5 30.0
39.35638755474832 0.300089982144685 34.84717824346491 122.97048842291068 122.86781340156108 172.7887119328108 172.5 55.5 82.5 45.0
39.52182826282567 0.252062346782078 20.405929632938502 151.76539350046923 268.24033481518507 166.17505443285216 172.5 90.0 262.5 45.0
39.400308857511504 0.22505931680462 32.02101227988456 78.86294814692147 66.55729781316607 217.6108438811047 172.5 118.5 82.5 75.0
39.52851213571256 0.232232880406697 26.96316726289794 2.275620486624581 73.14186672793976 184.60091002931898 171.0 90.0 82.5 45.0
39.48866816544748 0.254123911505465 40.91170556910363 129.1704299836256 226.41156249748073 111.5725367935886 172.5 69.0 262.5 60.0
39.34333782492993 0.353564578504774 41.14115638043204 47.50943452035532 245.3124960912184 249.52735012767744 173.25 72.75 262.5 45.0
39.381373646355215 0.265292829227693 34.65643819562747 156.5058034554128 292.73089893220055 28.450716904327678 173.25 45.75 262.5 30.0
39.38618920315245 0.263015274211342 24.483153106097422 132.36855848375407 140.9801361125856 299.4585354449676 171.75 72.75 82.5 60.0
39.545553455817064 0.298301901864592 24.1423331657362 136.23774679282857 98.48078650355686 69.82019217342234 172.5 91.5 82.5 60.0
39.50715714112762 0.279649423998922 24.410010734412367 13.27376729115901 286.4050258493145 25.067860130917282 172.5 99.0 262.5 45.0
39.44225273807347 0.233247919335028 25.385881895061146 151.63005669098067 285.65615214352954 256.78702013267264 172.5 105.0 262.5 30.0
39.43151858386544 0.352942749684089 32.810274564866475 282.47129088501606 65.98716449520053 220.060109460943 172.5 54.0 82.5 60.0
39.27422862782473 0.26386227972525 28.29412707945222 329.6893703845927 256.3235752354046 52.79664156419139 172.5 96.0 262.5 30.0
39.37403562643815 0.255551542433765 28.17047136301435 207.44805798841304 255.6257861398504 24.061842025583402 172.5 45.0 262.5 30.0
39.46669053728361 0.349934562190829 24.40596473614563 267.26567549155993 98.21891099918942 328.02747439244763 171.75 56.25 82.5 75.0
39.31816801155669 0.239154015457155 16.855612235783582 267.45214467399137 60.46111871029373 22.995355966585873 172.5 90.0 82.5 60.0
39.36597890860336 0.314309239987034 35.35824442315644 148.61236840217188 112.07112511940994 296.83593225638515 172.5 60.0 82.5 30.0
39.55746791280645 0.236709536902723 28.196712847812396 138.85641232576967 262.62651688613585 104.66345513927737 173.25 131.25 262.5 30.0
39.46899245828663 0.241600082430096 22.81273937566728 254.08195403515637 279.25921966251 75.83787569144005 172.5 105.0 262.5 30.0
39.58674378482614 0.24535098727471 38.871160763775116 190.43761120464967 84.31710653923058 37.176396648647994 171.75 132.75 82.5 45.0
39.47541028873773 0.193705617312959 23.52847988579304 218.48485292754296 293.43472946333543 222.5829494091334 172.5 85.5 262.5 60.0
39.53753019030009 0.246095721083977 13.360392018783285 222.8716087961282 122.92440005322264 225.85761053923025 172.5 90.0 82.5 45.0
39.43739993628079 0.265172999811624 40.834189810883885 116.63974466374012 128.9844030438169 74.38390020349837 173.25 81.75 82.5 60.0
39.33771685213973 0.357466655071482 32.66175305087167 339.2158088727885 306.37258574642954 264.7344719314538 172.5 43.5 262.5 75.0
39.5138319313522 0.264972092370515 35.808285226342534 79.26954117116028 275.6283807835616 204.27910641457913 172.5 105.0 262.5 30.0
39.52212365255952 0.263746285632779 15.398509999295108 6.790546539455041 41.30469173115341 55.36778104824079 172.5 85.5 82.5 60.0
39.26688870758153 0.231003559727167 32.121749357231764 19.210468697390944 286.53910872312576 118.02000080541717 171.75 105.75 262.5 45.0
39.4918495499709 0.270686900579916 18.751376165810022 166.48960424973035 276.7863042523969 35.47340997576957 172.5 78.0 262.5 60.0
39.283298040676456 0.277343636425254 23.34744187436118 286.0871685524554 76.95953195899477 326.2849981581775 172.5 94.5 82.5 45.0
39.37756930735359 0.240381191547285 13.320854553091957 161.96859172884086 295.4323861129049 263.719494623059 173.25 48.75 262.5 30.0
39.44312372946632 0.253722202051744 15.787848663954847 291.94823029846043 270.81755977913684 232.78993320401628 172.5 105.0 262.5 60.0
39.37747752025005 0.226703214638982 23.182587404975344 312.1484226869093 72.44524571121461 222.56060972378637 171.75 90.75 82.5 45.0
39.39260498036254 0.4620496041501 57.082237190402 292.1290614366225 97.53075562118124 87.21185015277663 172.5 46.5 82.5 30.0
39.31157035747963 0.238262874424014 22.56424172062318 191.5243202010545 119.16895854296568 45.039280168074995 172.5 120.0 82.5 45.0
39.36495573038429 0.245004494178373 21.51434513246017 19.895992953427864 259.4977232292629 251.57842449835027 172.5 84.0 262.5 60.0
39.36888599978454 0.242618646292291 23.171435496264273 222.48615024534092 318.3072083441352 123.89190048003057 172.5 93.0 262.5 60.0
39.206653799697435 0.264982192594863 38.24239802803471 138.2231262470609 109.68761326505567 43.102755221251584 172.5 120.0 90.0 37.5
39.363063799573666 0.380062186182765 44.7121792882624 45.54040178258877 115.03531799229937 235.95656474036878 171.75 51.75 82.5 45.0
39.50845928896192 0.241019131920837 27.062835729039282 164.82734274934916 270.7240769461255 62.17442737566272 172.5 84.0 255.0 37.5
39.442133746311754 0.325635990356869 26.571793476953204 300.20300732280293 281.51682161294565 174.0514455894677 173.25 101.25 255.0 67.5
39.321305728094515 0.385154803149181 41.11252417845755 20.24749363309289 247.29305576050842 280.65416766491535 172.5 58.5 262.5 75.0
39.31340173599199 0.33236355044161 52.30817620441676 277.3233604888331 96.49501686203597 352.5855125201771 172.5 90.0 82.5 15.0
39.31181319364991 0.308192624266674 26.79509840660603 29.66811523114782 243.44771466579184 170.4166648088678 172.5 108.0 262.5 75.0
39.519790069578185 0.282022575285256 30.47846647111316 146.51860552458788 105.63356310317157 183.46787670311898 172.5 94.5 82.5 45.0
39.32883262187804 0.264590848422612 32.13825651432196 79.79288386168338 251.4220437677302 15.105751344250779 173.25 99.75 262.5 30.0
39.41833316241995 0.406101151973547 56.394801093375364 147.98497642626364 264.2840174252033 70.28996305852245 172.5 27.0 262.5 15.0
39.338843774054595 0.344750125744902 40.859031699418004 147.46630459370957 253.8420816054867 320.88528624767525 172.5 60.0 262.5 45.0
39.431293993210005 0.31616074742148 24.956258656879996 37.5316085945662 49.077632757935014 167.2842636413499 172.5 33.0 82.5 60.0
39.418419386810584 0.257783497827868 33.461829063899216 184.36274580627733 109.24244148220711 108.61407043582643 172.5 120.0 82.5 30.0
39.24193231596457 0.264869359234121 17.242956190466312 281.5308756340602 81.88838340550818 105.36133949252914 172.5 105.0 90.0 52.5
39.449667482837796 0.354035295765848 55.83993057821007 189.8464606091369 269.5389182647793 281.9681480778018 173.25 56.25 262.5 30.0
39.420438032008356 0.260345302845445 39.3970202523929 165.14676004448276 68.99322927561093 99.06337465208314 172.5 111.0 82.5 30.0
39.37521181905304 0.228843440739346 14.306214232544427 218.8687311502099 101.50995496142058 338.8833204813535 172.5 90.0 82.5 45.0
39.48041371719294 0.234683097993454 18.82188850230931 195.292583970405 89.18182839937904 304.1205175638771 172.5 120.0 82.5 45.0
39.424923985626926 0.336001228319945 28.034639073354302 119.50403822551831 120.03052610701242 57.96980214330802 171.75 39.75 82.5 60.0
39.387661242235836 0.343309546020659 29.466156384585123 60.57595457427432 109.89021399036214 352.0871773079249 172.5 43.5 82.5 60.0
39.27883684006627 0.266280899474835 27.448154631525842 82.94221394129009 88.54838468122198 333.5398658937162 172.5 88.5 82.5 30.0
39.49256930588863 0.286097981858882 22.38062468911119 258.5554344334174 263.2651140033432 12.628658394628419 171.75 101.25 262.5 75.0
39.389352704838025 0.312669953101633 24.940969525376012 25.997674413210625 75.45612335958346 51.6691679318153 172.5 82.5 82.5 60.0
39.420435997269166 0.28506757790319 32.926465660938526 7.409062069976532 104.60034385630638 176.33014838621182 171.75 105.75 82.5 45.0
39.32242465891433 0.344991374069908 44.73161867016399 316.17663757916387 91.12180264056582 64.53686914442875 172.5 75.0 82.5 30.0
39.47089894350308 0.230040120735908 28.653637038537518 314.6405858744033 245.18268727582011 225.79490531999048 174.0 106.5 262.5 75.0
39.341518003519475 0.193855846247497 25.575979623301283 278.5887045906402 277.8877503393988 217.3149403571924 172.5 60.0 262.5 60.0
39.40452231215012 0.323556986658766 46.66072972033472 312.34274992919956 284.1278519435189 71.31962572902292 172.5 45.0 262.5 30.0
39.3788277804565 0.20374679691945 30.741020843786664 22.891534350491252 106.5090446809931 358.0447131501632 173.25 69.75 82.5 60.0
39.54446158385211 0.268307247660903 15.820222661035123 220.8803444746448 93.14568408429591 123.91600469261454 172.5 90.0 82.5 60.0
39.37715647444608 0.342602326574889 30.821734791892816 194.3870569417081 62.60126560086745 154.595426156003 172.5 75.0 82.5 75.0
39.55598130810908 0.28544268049935 25.341423167022644 70.05865266046891 262.77840777394033 104.95200532049883 171.75 108.75 262.5 45.0
39.22906260729227 0.268415400488672 24.877107610650786 312.6938289489102 236.72491334217278 89.7811283143427 171.0 100.5 262.5 60.0
39.53900534428768 0.227883286363458 31.293230383703783 177.0942027540415 249.95726792011664 185.09915519340566 174.0 87.0 262.5 60.0
39.49776764571704 0.300021703810815 33.91424533356873 47.055847097693835 125.43779974806411 341.3377203742275 173.25 74.25 82.5 60.0
39.406236684294974 0.254720051731377 23.237044227256188 125.31858075826675 138.07742141257822 278.0818066896186 172.5 42.0 82.5 75.0
39.35937589590303 0.280830566951607 19.008734041391072 63.13874935624472 242.40137522238075 11.806091176713526 172.5 45.0 262.5 45.0
39.38705730829852 0.248221586523554 40.87944251243216 353.4859671091821 105.34205975623044 27.916706585007237 172.5 39.0 82.5 45.0
39.30583383932616 0.302329899496006 49.162849204816304 51.97602111868181 81.67878106756432 114.56318460915243 172.5 76.5 82.5 15.0
39.442733743937836 0.326680596501208 34.88503463607566 43.69069108026729 229.28942331919995 177.64201529180477 173.25 78.75 262.5 60.0
39.50488250557562 0.264540179099489 25.970981268548822 101.8732401486242 277.3653953149681 193.69041766712567 173.25 80.25 262.5 30.0
39.32454587298243 0.336775823398458 50.05027264983366 79.1235206275638 256.7022775449502 1.040385752893284 172.5 60.0 262.5 30.0
39.468432480250705 0.278893577080931 38.413510110165774 285.01717300701773 300.88106672737865 62.913703546514064 171.75 59.25 262.5 45.0
39.49923360227261 0.245982026060443 30.08874949350887 298.28909737112895 100.8382073173078 100.8319487047223 172.5 105.0 82.5 30.0
39.47367970835247 0.248054801848196 32.98692996024524 143.3744230775018 316.1232690836583 33.20685768564497 172.5 63.0 262.5 75.0
39.3612009193107 0.235912897687672 43.75977197451971 331.30509441126776 236.22212689944934 217.82965714346696 174.0 60.0 262.5 60.0
39.2579881411203 0.281272036376737 27.324474910019575 131.40763382941992 122.34188348354735 284.8648881810215 172.5 103.5 82.5 60.0
39.53950076828218 0.295504050876563 22.89588913353958 70.5736563261032 286.8106794958153 359.6274388102026 172.5 105.0 262.5 60.0
39.31111084009749 0.397135212468269 41.03264531674887 57.219630954950645 262.3287053858865 122.93820342844316 172.5 61.5 262.5 75.0
39.48915527472065 0.353095332541371 46.0728917288329 261.4801841507324 285.9165635213238 93.59042715257874 172.5 76.5 262.5 30.0
39.44439526163994 0.256550439660174 25.103760824839195 272.9537928552103 227.94692081919916 124.10209483824401 171.75 57.75 262.5 60.0
39.509969634231446 0.25641064299938 14.135910133467565 288.0573947231023 89.9240933250818 231.57614666832671 172.5 105.0 82.5 60.0
39.39002869784511 0.268986112455037 18.083198913130477 353.662048148679 67.51707471040453 287.53864718531065 172.5 60.0 82.5 45.0
39.40041854370995 0.233146526460024 24.606067126099806 271.5963240550627 138.81670520778871 61.15315562958509 172.5 30.0 82.5 75.0
39.22628242739686 0.288853353967087 28.59892866010926 116.66292523183441 62.13093798842256 103.671290564483 171.75 110.25 82.5 60.0
39.330398741531646 0.304180378854111 42.22899426374675 229.71503858349172 239.61460997888744 157.8538319037306 171.75 66.75 262.5 75.0
39.60318481177884 0.241485812845173 39.17838806758768 175.85863831180694 281.95019260381997 29.778982768368273 171.75 131.25 262.5 45.0
39.448389621345385 0.190121351033746 26.54635355110883 197.6583555532 257.31520115118656 155.9257877753363 173.25 56.25 262.5 60.0
39.309119733795406 0.260002854048066 24.4104408253904 69.3928315713519 262.5945268143844 134.8113347312491 171.75 84.75 262.5 45.0
39.477440203742844 0.292279297580029 45.74069652379158 310.81412109158896 97.93505181047085 311.8952759862096 173.25 59.25 82.5 30.0
39.37984331620688 0.412442423826144 43.12777273854963 184.19058012919407 280.92542956109173 279.1779647447694 173.25 65.25 262.5 75.0
39.491890034222195 0.225740900916436 23.41506181778747 214.96705360322096 64.53933923219996 41.85094692093067 171.75 96.75 82.5 60.0
39.41549711807083 0.337475471965358 28.54456536919797 217.05623501555965 102.33427030864955 236.91261968901392 171.75 53.25 82.5 60.0
39.34443716999689 0.315249243552637 30.17391266643553 76.63370041209504 89.33667299832462 90.90103624667526 173.25 107.25 82.5 60.0
39.45539953873603 0.32725326133421 52.69655828951471 258.2628276882334 271.3530594987863 224.4757373168651 172.5 45.0 262.5 30.0
39.44265780646233 0.208510305336376 17.754972388848334 194.40913808126493 280.6710558317686 124.34924417592525 172.5 75.0 262.5 60.0
39.28833836676559 0.235140392405196 20.728892325299082 315.3501456750546 49.99620062249144 324.1400200938076 172.5 76.5 82.5 60.0
39.47995769898196 0.259538925342296 19.953208059146174 68.88189567621866 74.74099838388243 145.16569843157498 172.5 73.5 82.5 60.0
39.31163689064985 0.310147954053629 53.68951913138443 49.235171551947474 74.91393077311848 258.7553150948296 172.5 75.0 82.5 30.0
39.39047779217477 0.301176761331802 51.526927782359245 216.57583978372838 276.5909244162281 259.32980744156805 171.75 44.25 262.5 30.0
39.46409620224027 0.263813237076223 34.24595356943572 10.025363969648758 222.47441824729026 32.476834286470904 172.5 117.0 262.5 60.0
39.37550251899849 0.234789729311437 8.820216305614236 217.1301847196415 273.56265957404634 166.92305795728302 171.75 113.25 262.5 60.0
39.355784905169486 0.250993203254881 18.25539496533891 132.87840207435158 286.3325900671041 294.77003381413977 172.5 45.0 262.5 60.0
39.28881256052927 0.248043374390641 23.245679916165166 109.3875157324171 278.52091463741965 341.4845842766352 171.75 101.25 262.5 45.0
39.38203279691087 0.293168792949506 22.279104216050367 309.82842194318573 101.78661216319882 96.55687699796795 172.5 102.0 90.0 67.5
39.50757043381506 0.25591923812965 17.47958070027857 243.9845489759793 315.09913867007884 198.155894834991 172.5 87.0 262.5 60.0
39.239359285670155 0.232321719357619 21.016147448701116 26.200755149409588 241.91152626914783 35.391891029108216 172.5 105.0 262.5 45.0
39.3317515716558 0.268903406981082 24.32460059127266 177.84889115199547 282.9053612122558 133.69903822456192 172.5 90.0 262.5 30.0
39.36005706204296 0.252819890764967 36.468344649689506 26.484424890717495 297.67741682463287 106.11157953472886 173.25 60.75 262.5 45.0
39.40138829560286 0.298208879637477 35.195361028166914 88.37076272616669 107.60244449825026 301.42295419034315 172.5 90.0 82.5 45.0
39.3027305925469 0.369507159163517 54.173827026461254 132.12432028955735 128.66532723591948 145.9533609558314 174.0 66.0 90.0 52.5
39.487021889680214 0.295961256840627 25.741735872492217 267.6086817152265 65.17378124762392 246.68011130250585 172.5 90.0 82.5 45.0
39.457671898067936 0.308997768294203 28.56614682618275 172.68727990574448 298.7866390092175 157.7543717058149 172.5 72.0 262.5 45.0
39.28676317754028 0.35089484163865 56.09505698323642 0.302348304071847 271.1913364898046 280.9594245944015 171.0 88.5 262.5 15.0
39.35966127545731 0.318692475805013 36.14539206013318 59.22478407876792 132.7903306880569 90.63155438772858 172.5 54.0 82.5 60.0
39.404495212807745 0.210991950444616 28.078307428930042 263.8628247375352 273.83304779850164 343.8606041469423 171.75 27.75 262.5 45.0
39.44357706970798 0.272635859914287 30.30115504450901 196.06841123321223 112.54401775233002 270.9693580954611 172.5 75.0 82.5 30.0
39.351435023347854 0.269152510228567 24.125494008072767 8.155282589013433 56.78022923925403 266.69524898830826 173.25 110.25 82.5 45.0
39.460280741530745 0.264298943039225 24.16426898852866 167.5632190157417 48.82620958973962 306.57548815760026 171.75 75.75 75.0 82.5
39.45778530868827 0.319137394920138 23.05103785113374 192.2126465064172 272.82067679155006 32.500738882021345 173.25 60.75 262.5 60.0
39.55151829232285 0.246674001574732 16.805899747555166 317.58996509050326 232.51448667987438 332.374324662503 173.25 99.75 262.5 60.0
39.42828770382251 0.212300859943629 37.551781536228354 25.642357163092335 235.23624717523478 172.62263297076038 171.75 48.75 262.5 75.0
39.28689995456112 0.252395155785053 23.413892326353558 96.08390009067438 87.76607115735192 97.61613918165612 172.5 82.5 82.5 45.0
39.46276253709962 0.256815529989526 24.790163613282914 203.06486348919998 303.92700446996105 338.45943504844445 172.5 91.5 262.5 45.0
39.28240405309745 0.319233993409339 26.784186357304737 325.0902482594461 278.79825345161 185.91113323987852 174.0 108.0 262.5 60.0
39.400460789201475 0.439660330488682 54.17328974787479 64.60458873495996 101.92293625405381 356.51659449721495 172.5 37.5 82.5 45.0
39.52482147260866 0.24660235961185 37.00434467969514 146.20224555062455 268.29223701738596 284.42424028505616 172.5 105.0 262.5 30.0
39.40554886486875 0.220024475816916 32.37602989591997 100.2269772877684 273.8140068075268 81.35278778995607 172.5 45.0 262.5 45.0
39.50911189990565 0.255421177878962 7.35104238249235 353.95748705720246 238.56638994305547 317.72795124008104 171.75 75.75 262.5 60.0
39.32920267079557 0.408465743368904 57.63390432246202 93.53313812506939 109.06718613214572 321.8318720190757 172.5 49.5 82.5 30.0
39.44314092232701 0.359690299084066 32.792399027952655 62.24241061710237 277.33605622115016 237.05308293711784 172.5 58.5 262.5 60.0
39.52189692872491 0.26880957788448 25.54676631937012 355.68332231642245 103.35742065460579 257.04575488487836 171.75 90.75 82.5 45.0
39.42360640104362 0.19913528319504 37.815608427767856 2.3414763959941 267.78086456208104 271.89110493565795 172.5 54.0 270.0 67.5
39.3830766135177 0.232977595794251 41.77765977421568 73.74011224125398 230.1923065836418 132.91330763734743 171.75 59.25 262.5 75.0
39.40762718042603 0.314169922156558 40.571132342482294 21.808604896248426 63.765991876095356 27.109608032635006 172.5 75.0 82.5 30.0
39.39467035220066 0.232065948954345 42.99045303512845 130.5977880765236 88.66544194108822 181.32043063102088 172.5 60.0 82.5 45.0
39.36664118315443 0.364365545483616 42.78927676996584 47.89220240402872 115.2285617844376 351.571482690892 172.5 61.5 82.5 75.0
39.4312387748898 0.288194136047169 31.876073198816062 304.1694763254392 245.81268435093364 348.4566267592062 172.5 60.0 262.5 30.0
39.35910238648533 0.347251875375855 35.75759931396029 166.38669283831908 101.1446802136349 278.40101527061336 172.5 40.5 82.5 45.0
39.3464916457858 0.313017792864779 25.46506533307993 258.0243305049863 125.43709421098585 301.73294108275667 172.5 84.0 82.5 60.0
39.48776277384475 0.25619030664126 33.80956991460554 76.95051325530072 58.059368282961174 351.9385513714872 172.5 93.0 82.5 45.0
39.570799203145384 0.217558792982797 18.337477197045466 166.0830395832235 303.55736105337047 275.1981967620707 172.5 105.0 262.5 60.0
39.386333478445714 0.287101752087367 18.570846822206402 298.858521773602 58.56071150395237 356.3732034382758 172.5 60.0 82.5 60.0
39.25617680873953 0.233667649865625 26.1360101217117 8.537081945421926 78.93241433195489 292.7209309121064 172.5 105.0 82.5 30.0
39.422474688970695 0.240133211878336 11.448432227281524 168.5694982719595 108.3744333102419 243.68533475017557 172.5 105.0 82.5 45.0
39.405129817725964 0.43873754919467 57.56402911246631 65.78699670614778 255.96962013872314 117.25629371010713 171.75 41.25 262.5 30.0
39.434348280786516 0.312929164402549 28.296562873435455 121.69921318083067 64.6704317468242 88.01572745616592 173.25 51.75 82.5 60.0
39.57893692570877 0.24286342713152 20.48926842191976 125.48570551923056 264.27715672547737 59.554012791515134 172.5 120.0 262.5 30.0
39.46161012777309 0.23751173653196 25.20331509696286 139.86308482093727 226.72220554347606 206.7305424476055 172.5 85.5 262.5 75.0
39.42256704969205 0.385139248284715 42.858701031399505 173.09473129636177 63.11888988928729 74.26434468637412 172.5 54.0 82.5 60.0
39.49218129749215 0.319813433334349 52.828868235833255 18.08962471440257 284.4630970859522 138.5683490589039 172.5 76.5 262.5 45.0
39.41696628482991 0.224937767917149 22.3382776687089 241.25679869253287 250.66481191885185 1.830439173701949 174.0 58.5 262.5 45.0
39.345652876107486 0.316143746191359 35.36343242640161 48.44068193734699 283.2518796600467 250.57458681614577 172.5 60.0 262.5 30.0
39.47641802559521 0.331035898333535 44.42422567778576 170.5907337391435 263.67399899307316 164.95169805230617 172.5 60.0 262.5 30.0
39.17365226203702 0.22494018025534 23.081633009318278 301.0359870113468 260.1295352542883 92.24394083888981 170.25 123.75 262.5 30.0
39.352916466611155 0.252381268686947 45.42083418216769 334.9927132386011 71.37354210177023 67.31711530044127 171.75 54.75 82.5 45.0
39.31483144190126 0.334547118717965 51.12050264653839 333.42661282919 101.52150283855993 162.59490457104835 173.25 72.75 82.5 30.0
39.26739275220043 0.282092352742426 25.36896117253688 106.32190860776933 278.13755110183644 312.4925699369428 172.5 94.5 262.5 45.0
39.41945373347955 0.347012984787526 31.26373384998998 95.87993791910614 135.9952266712993 188.4187223360131 171.0 52.5 82.5 75.0
39.435418946120365 0.25684708280381 41.04543094597795 27.63446855977465 108.96021740849231 7.195706543515906 172.5 42.0 82.5 45.0
39.38773158742246 0.248693305546483 14.801719963384869 342.89547265894873 68.83202573210144 272.7970773130276 172.5 105.0 82.5 60.0
39.37234927441072 0.35310823418257 49.062251137222695 346.34312044336275 236.13756449238775 191.46995606927507 171.75 48.75 262.5 45.0
39.48711328417839 0.320881223211859 21.813048902112413 39.84185662664066 289.63997980467843 239.17377867513233 172.5 66.0 262.5 75.0
39.36941977416329 0.254715371006113 18.28857504904163 167.25423049074664 298.8206260823178 24.44406162575642 172.5 45.0 262.5 45.0
39.304564629905656 0.235460357155828 18.762677218219036 205.9537492121534 105.7443898696148 35.75602029831278 172.5 105.0 82.5 30.0
39.31304724421357 0.287822563824869 33.807106895419366 340.4979777999971 112.82246634582951 133.97053456288378 172.5 103.5 82.5 45.0
39.4182551434341 0.261655016865724 20.24610732796154 160.58053693210147 265.3660537952675 186.00214553956528 172.5 45.0 262.5 60.0
39.491555184993366 0.299228842120099 45.67213326660355 198.97880511967375 303.5050752233177 234.9569950126783 173.25 78.75 262.5 60.0
39.36315927243188 0.339563110270622 53.330152810946544 77.92788933278005 274.650552904188 119.28261827308623 172.5 60.0 262.5 15.0
39.264534589341224 0.256842955001395 34.03247237713643 97.44244683848378 286.48272308092453 232.2245471092633 172.5 120.0 262.5 30.0
39.53677858708006 0.273751569384178 19.9231121798876 114.86460294625601 294.94225918389276 183.71609571932635 172.5 90.0 262.5 45.0
39.208699631336486 0.264390878976349 39.02501962821536 235.43663759312042 274.50525115596207 122.42453922064264 172.5 120.0 255.0 22.5
39.335399137602025 0.285648397895346 43.70659919587191 34.89138757214171 251.86642894324007 141.68844321940833 174.0 69.0 262.5 30.0
39.44022829295769 0.395457958530713 50.53957001968754 61.06851119388805 247.51744140537994 144.91556884109323 172.5 60.0 262.5 45.0
39.38195882869006 0.317488196340714 50.36843901927275 104.56841706512978 71.20103790706821 3.792826576249813 172.5 75.0 82.5 30.0
39.30109161198943 0.264205231387128 35.466289708789134 320.95908038070513 83.69347997416266 58.29269332426185 172.5 105.0 82.5 30.0
39.335676982877764 0.359952614418076 53.34239794561502 43.36717349784657 62.10795172616849 150.33526267975293 172.5 48.0 82.5 30.0
39.381900165194494 0.250019980874904 24.30148163735599 297.60798258365463 216.4307730097547 120.22009252821546 171.75 38.25 262.5 75.0
39.41099332970678 0.315442293989744 25.36547991498568 14.59369506989547 90.9577688123194 135.4503899730114 173.25 66.75 82.5 60.0
39.43100200987533 0.260577347828764 40.75166156095642 288.8871613429694 127.13786626777954 287.98806903044544 172.5 54.0 82.5 60.0
39.32595760109375 0.326977140631717 46.20388362284216 282.8268827224896 267.1162133289395 87.17793613625591 172.5 60.0 262.5 15.0
39.39759067932256 0.237473913858656 28.573716549130133 226.30798344039903 139.77225137429986 235.52205372140818 172.5 81.0 82.5 75.0
39.38925184757876 0.319007251126243 40.39352998597131 138.63968147462046 280.2886897249423 184.75810432765056 172.5 30.0 262.5 30.0
39.45777825441624 0.335165563140149 34.152362456899624 222.24119819053857 256.81047295556 33.23119635886173 172.5 60.0 262.5 45.0
39.41988646286408 0.400131896836008 47.09824258674804 1.879519819591938 279.8719188562882 42.6412917325813 172.5 43.5 262.5 45.0
39.45397160931294 0.2908911502793 43.55008169783812 308.985212273002 77.25622665003529 76.32763569377656 172.5 52.5 82.5 30.0
39.3821579318847 0.287170271468249 13.133395688475042 65.91694694334811 259.77273191435813 111.7697723457209 172.5 45.0 262.5 60.0
39.32203743242318 0.389431594428073 49.428128689520285 101.3977053233063 90.84827375334214 85.65645149416306 172.5 54.0 82.5 45.0
39.31348602088305 0.322228078079112 32.739940371276546 94.26307097948595 130.64003868145718 88.96842108099122 173.25 98.25 82.5 75.0
39.379678338213566 0.320234923817734 28.52669052869971 322.43190693241894 227.9600574076026 90.16316654967709 171.75 42.75 262.5 60.0
39.2929794784912 0.238328097410079 15.233071767982512 173.0432976509426 102.44838955175562 160.32519125451194 171.75 86.25 82.5 45.0
39.24964870008088 0.275265388115996 23.56743913825629 210.40638342565688 100.75044806764116 265.08936789971733 172.5 105.0 82.5 45.0
39.32831967579843 0.215272831441042 24.954646564749662 99.64867460192 283.32285089168005 328.6300421139966 171.75 65.25 262.5 60.0
39.35972867369565 0.398282074113069 56.54647429819364 26.67080862616107 101.43585166102174 12.428941940130285 173.25 42.75 82.5 30.0
39.34203751426536 0.36579657544287 42.18032291533582 144.65040187354947 270.76269026133775 169.235542153038 172.5 69.0 262.5 45.0
39.36791621716486 0.331149020142813 26.25070892610687 132.3303658111079 120.42361060697417 276.6456026462406 173.25 66.75 82.5 75.0
39.34081644985678 0.21202274164411 21.404601627595746 21.809133374580913 87.9839770890138 285.94130922129324 174.0 94.5 82.5 60.0
39.43472035945406 0.268876648228863 45.369497030146896 317.22947450633757 261.5145724445971 92.40798316663421 172.5 70.5 262.5 30.0
39.36432428814398 0.316597031726078 35.1977476788607 279.6159489699718 313.13584089934733 308.743223509167 172.5 55.5 262.5 60.0
39.46270151293659 0.233348239773009 24.38807083928217 73.21569611123913 257.8144170112402 204.91549494307202 172.5 120.0 262.5 45.0
39.416673244944995 0.368055291612004 30.84936640170091 111.29712443464385 88.55176870881685 340.02432744535304 171.75 59.25 82.5 75.0
39.332749327143446 0.239882171300246 17.616879081026752 98.74930418008097 145.74872832500662 186.9126722425074 172.5 88.5 82.5 75.0
39.244259043301646 0.214077944835723 20.801132682422946 309.1718785547023 237.3934817639666 341.32962420794155 172.5 105.0 262.5 60.0
39.39744734770301 0.218808443834593 23.410598241380164 290.2969333217651 103.06845806730837 289.92428225702207 173.25 81.75 82.5 45.0
39.37243417843184 0.26043965516096 27.700783152058516 265.7676699125125 237.57678841043628 245.53437431215224 172.5 34.5 262.5 45.0
39.30008586204345 0.259759407877749 24.781596213919443 187.8458918349899 129.68641634201418 154.12710504538293 174.0 114.0 82.5 45.0
39.51669003486487 0.294138441596854 19.703713391361628 161.36737821099769 302.78728496674864 149.83175600304733 173.25 86.25 262.5 60.0
39.57162288885289 0.249843791576443 24.891552182114825 267.2484913458241 265.600382226531 332.8926197406828 171.75 108.75 262.5 30.0
39.43040907929598 0.380487448796263 42.16479156561364 254.6935762753809 260.6246665039699 250.22692450787977 172.5 63.0 262.5 45.0
39.37653497838475 0.284216299887812 19.75069654630124 167.3391160147415 75.79346240549637 173.88181677150732 172.5 45.0 90.0 67.5
39.39335084491893 0.28452909264259 19.30185652848562 299.237665376302 224.98250829491514 220.54315443198232 172.5 61.5 262.5 75.0
39.35340450800962 0.228465375406678 32.969854171703474 84.79009596358036 97.4975002371585 82.01402657141789 173.25 69.75 82.5 45.0
39.372618205890014 0.408872016762666 58.18266314609619 333.53049268746366 102.79530921752183 288.15950334627826 172.5 42.0 82.5 30.0
39.432680983012105 0.25787279656583 23.12682195261059 210.2177791918431 125.13413624009532 83.85412966201794 172.5 105.0 82.5 45.0
39.401996010376116 0.219279613830666 32.92632732303956 172.1898680333045 223.24329031029447 344.98929771002906 172.5 76.5 262.5 75.0
39.35569461957491 0.236717786741026 15.913914750786759 162.70609987729082 96.60092176094807 266.93491903794717 173.25 74.25 82.5 60.0
39.41841150722356 0.260445254505368 27.654277350045344 95.67896272249403 225.9932017268972 251.4533681764649 172.5 45.0 262.5 75.0
39.430856917154955 0.269360666023673 33.18776189880688 239.08806021770198 209.16977883364763 149.0494014187375 171.75 62.25 255.0 82.5
39.30472302093934 0.281387662909153 43.30700798576512 10.606341926103077 225.7824005028376 70.02938167845582 172.5 81.0 262.5 60.0
39.376481985956 0.257620549060661 34.72912459539377 129.22432176953672 52.995048739205394 216.13847295535717 172.5 48.0 82.5 60.0
39.354463932887484 0.214805161602742 24.341085351254392 39.50122962422918 62.69057806818192 278.58070398934547 172.5 48.0 82.5 60.0
39.417088722384946 0.315289982783585 49.2386251702052 327.1679968895207 86.14701266987684 190.89641823353853 172.5 33.0 82.5 30.0
39.515684056132976 0.260906883246525 19.3693605193963 14.987428981515782 252.8743960876488 151.67285407679879 173.25 74.25 262.5 45.0
39.30564519270779 0.391658579934242 41.321323664383435 259.4511982304781 98.5972843767522 96.47684576899968 173.25 62.25 82.5 60.0
39.424720404648966 0.22343900331877 46.33607601102751 277.7537883553164 277.0485608741286 310.84963692312766 172.5 55.5 262.5 60.0
39.387143285007205 0.21461940595495 37.89578709487954 286.6951774072518 58.804813274529515 112.3172045469904 172.5 66.0 82.5 75.0
39.34500928429037 0.259084527923257 40.928069737013175 250.25892840744757 246.86269065881802 247.7071655827153 172.5 60.0 262.5 45.0
39.30325201980775 0.275119373685513 31.386283370055676 127.85172595916325 113.92068861752398 285.27767564119347 171.75 98.25 82.5 30.0
39.39698020296872 0.198374500951478 35.03302754544447 139.84488947693842 110.03071541259074 47.97137921205973 172.5 30.0 82.5 60.0
39.42933088804807 0.334492911803857 31.091780453879075 62.78495361406462 273.61780374061425 357.7418640255284 171.75 38.25 262.5 45.0
39.422294142953334 0.276918900071284 12.913913302879568 45.701464535008526 267.1852242912189 240.3726177199183 173.25 51.75 255.0 52.5
39.52502807833742 0.300377471990856 39.750330695608056 208.7037227635737 280.75440256489355 254.58335116028968 172.5 75.0 262.5 15.0
39.44179360764424 0.32909355882041 29.755385024452703 146.4574583421898 91.5691758089632 173.77614363471446 172.5 45.0 82.5 45.0
39.38168730957312 0.341847821558631 49.18719845825355 151.28289709494052 267.24478183279 180.4654983449746 172.5 30.0 262.5 15.0
39.29792287770614 0.268818388171213 24.479323965665433 99.07925675877757 247.10088009893747 120.68561299594093 171.75 87.75 262.5 45.0
39.39067894284719 0.340777302404935 26.18068876531511 123.18684260451855 283.1563377984383 312.7106185219436 172.5 43.5 262.5 60.0
39.313259365333984 0.265247997705262 28.76150186716275 37.44792109210164 75.78481871762804 44.86710074943859 172.5 85.5 82.5 30.0
39.39398661110999 0.257341949343105 12.418937293174075 180.34757141608588 121.55187288320451 350.58589332620534 172.5 94.5 82.5 60.0
39.47806130041199 0.296962011844181 32.08314922393888 328.1609246956236 269.19550490076483 325.9630616531877 173.25 110.25 262.5 30.0
39.50325934654178 0.352094921812636 52.091018193350116 315.6095505601519 84.30606540446892 179.5093719286284 172.5 90.0 82.5 15.0
39.52445829257764 0.266993197928759 26.458837137330057 251.6111641907767 134.52816940681373 301.59277074575834 172.5 106.5 82.5 75.0
39.3412836881935 0.314980605999471 34.974317338444386 74.8389699845028 280.46076632680445 214.196218404296 170.25 54.75 262.5 30.0
39.4023623514998 0.24859208765236 11.576394817967483 216.206453329445 109.86840318315235 110.58078895173476 172.5 45.0 82.5 45.0
39.48883654416509 0.312044548394144 53.391194687418924 126.82431455009831 282.5553511325741 57.8113544834057 172.5 75.0 262.5 30.0
39.38747374129899 0.260090302613629 19.698933638459227 133.71885791866185 89.78783140532921 161.68739052159464 172.5 105.0 82.5 60.0
39.421371737352025 0.356500145427968 43.463980368083526 121.39645919579395 41.79063631454897 254.53917389100016 172.5 55.5 82.5 75.0
39.31961927093428 0.289738359528013 34.14222440557098 235.42726879594073 283.97437690661855 252.92893727648783 172.5 106.5 262.5 45.0
39.36515959037709 0.393464758729885 53.96428905182515 112.32151165548284 84.2198954231473 83.7817487972745 172.5 42.0 82.5 30.0
39.40701215833961 0.402791855847835 47.23965358809086 194.3141148046856 120.01865633377702 254.33007929230183 173.25 48.75 82.5 60.0
39.555504840675106 0.244821308913685 22.625051079909692 33.71307156341131 66.3247500715173 17.704810309133507 172.5 105.0 82.5 30.0
39.32508348902621 0.270063894315561 25.429039196989624 335.8343436067427 284.09323905704116 147.1713738967242 173.25 96.75 262.5 60.0
39.27399153952667 0.242282586717799 28.92423953946519 220.91005195438277 87.11085221282168 122.63717229171971 173.25 98.25 82.5 30.0
39.37163478453769 0.285293529212828 45.83438265187862 154.9739698423673 104.53621013995208 274.04721116623705 174.0 55.5 82.5 30.0
39.38897929462585 0.301981234405832 24.294909166363833 75.95993104665146 281.39315949023626 209.58976265183512 171.75 54.75 262.5 45.0
39.37660916558477 0.381587393364168 31.954658895577197 70.21464206729185 97.31926165740315 108.0368648189234 171.75 50.25 82.5 75.0
39.34042925418897 0.290097515583096 40.86064112127814 357.47530666851117 247.86064384207498 189.75334450507245 172.5 60.0 262.5 30.0
39.46239565236196 0.364284511903973 27.337212409999278 266.1020638260034 113.26862805558645 200.08919963302597 173.25 56.25 82.5 75.0
39.37275058463566 0.326832783619866 27.33957549633274 220.3560743497782 84.70387648505572 259.9714531312494 172.5 30.0 82.5 45.0
39.45721287407381 0.336199262753572 41.513643629254084 185.92473792995443 96.456445182142 263.3619278847684 172.5 60.0 82.5 30.0
39.237656793841914 0.22825529237448 16.954438109620504 78.9890700523797 103.88371036801323 225.7222833535133 172.5 105.0 82.5 60.0
39.4159659239252 0.250334420837455 14.076741320403988 9.887585759797323 61.78229189517891 310.29789709000977 172.5 70.5 82.5 45.0
39.428254430622175 0.29445177988251 36.2154026841025 349.1082575660612 137.22840961235318 254.15378956766094 173.25 36.75 82.5 60.0
39.36854025150816 0.273720972343185 50.853313480406 239.039960043036 289.2136100297553 89.26476517956797 172.5 73.5 262.5 60.0
39.50553676234696 0.309105175280391 35.28435034700995 95.66752251011211 69.89737856486404 230.27045562771414 172.5 75.0 82.5 45.0
39.43334560012908 0.267207058744536 35.018638374710676 34.72080660838344 89.99676799977199 246.53790248075634 172.5 45.0 82.5 15.0
39.40080042014422 0.345090273053566 44.61079956324531 195.2508399026982 251.69895292465924 299.3102211944541 171.75 54.75 262.5 30.0
39.27148647131727 0.204334002351823 34.037901460553606 69.57610541160223 273.8013038760683 325.3832312889343 171.75 99.75 262.5 60.0
39.35168288276572 0.227773421984966 24.42329931381933 129.79962551348348 318.5851965063006 133.98259511259127 172.5 105.0 262.5 75.0
39.550265802932664 0.273920774692962 35.58138827894476 305.50863002731035 270.45753420798076 219.46397266873484 172.5 120.0 262.5 30.0
39.36421256249647 0.258981949818488 24.55314478276626 260.32021192353204 110.14480044629973 230.4208028287457 172.5 87.0 82.5 45.0
39.472881144389255 0.303862290634937 41.77120628128133 233.32722488500735 69.1764315591919 25.584342542518634 172.5 60.0 82.5 30.0
39.420880483385446 0.286737289276871 38.72029065681028 326.8972738623321 218.61896565859374 98.17563594629935 172.5 58.5 262.5 60.0
39.33206917466485 0.401356776450854 54.80554480264305 354.7090774023666 245.14261750678898 190.13285321356392 172.5 73.5 255.0 37.5
39.397373039453754 0.40937759361686 44.178389712927945 152.70903967714418 262.97635907336274 181.0303925875076 172.5 33.0 262.5 60.0
39.42283092858576 0.415529090040774 58.47943115195339 25.23408210384232 100.60428347232603 24.519039420985433 172.5 34.5 82.5 30.0
39.43161738589258 0.328325234942232 40.51709833927152 8.86099298224483 300.47788499178824 256.18035724087315 172.5 54.0 262.5 45.0
39.320384942989016 0.280408182431818 42.03451974470136 137.3509527443747 264.0319065189633 79.9288448504897 171.75 68.25 262.5 30.0
39.43175880259459 0.330731449018914 39.18928309905527 118.9443279788204 300.9266741272626 301.512795575099 172.5 39.0 262.5 45.0
39.38118539758073 0.253756492969671 35.81860992368428 236.95042374230908 283.4405528807111 323.04833707126147 172.5 106.5 262.5 30.0
39.30861310691834 0.312657328511086 33.83759291195677 329.25058787123226 86.1603316638491 203.68770812265333 172.5 109.5 82.5 45.0
39.35177664057336 0.301178281893947 28.225783638561616 24.76634436363386 264.1483272802282 165.0368695027827 172.5 87.0 262.5 45.0
39.26801829924259 0.242154351466246 13.693918699077717 267.67394415640763 57.44085711656378 29.339825897739722 172.5 114.0 82.5 60.0
39.336484038445235 0.39845709497261 45.23062279374575 186.72505764432762 95.96197242317244 29.81708436015134 173.25 74.25 82.5 45.0
39.40197713703688 0.425901351670616 51.2715026048782 152.20699150957185 258.0719603405763 306.4682761851982 173.25 41.25 262.5 45.0
39.46918170176139 0.332061000638216 50.656421011842696 195.93688729392366 74.96167546112981 277.39134265055174 172.5 60.0 82.5 30.0
39.54481231431008 0.299528151638064 35.11033691622212 299.18847919436774 276.4308278571243 180.31493829963244 172.5 112.5 262.5 30.0
39.396923600809565 0.300942411067245 25.630882677208522 184.18875820000125 267.74103284476973 21.98418054390849 173.25 92.25 262.5 60.0
39.37269619480271 0.283092618209145 31.777576157436606 261.8213730796548 269.85960057653364 231.22958849554664 171.75 30.75 262.5 15.0
39.45376468426681 0.294396936540876 25.562636103247318 153.56994459513038 310.5861767689409 18.22185825568237 172.5 73.5 262.5 60.0
39.49916394097318 0.22895863782105 28.23448026340155 196.6211699366361 320.3202801307496 334.06292344170777 173.25 98.25 262.5 60.0
39.42686172787733 0.255139107287609 35.42201627531235 273.9485836370096 49.88525763910359 125.11605766464442 173.25 54.75 82.5 60.0
39.38280916085851 0.326188014699777 54.18656029454689 159.86842524095897 303.3792922933817 293.76637480812036 174.0 76.5 262.5 60.0
39.28142158357527 0.270145621009968 34.83299893492378 144.46655058654778 128.61009213660313 28.34566215388004 172.5 102.0 82.5 45.0
39.45949620770385 0.227251504945621 18.867368341008355 334.9458373791493 296.6648962469607 8.909141551876587 172.5 105.0 262.5 60.0
39.33349621674894 0.305131730670368 53.93824827364393 37.35498608715115 77.22900834834567 34.81295843399175 172.5 66.0 82.5 30.0
39.55954530436293 0.238789863743304 21.238453287353526 5.310252192443411 109.65426474828382 242.35554611738405 172.5 118.5 82.5 60.0
39.38623935814503 0.23539177679852 16.21086222000675 186.54952956887743 127.16677742133271 164.2604126439357 171.0 114.0 82.5 45.0
39.33290600136005 0.242094893347425 23.744221328082162 174.06454619862197 260.28320744493953 283.5232896028216 171.75 68.25 262.5 60.0
39.3677094265903 0.336046004111358 32.92624516635059 120.62931399565784 241.51232767421828 216.0896864367725 172.5 42.0 262.5 60.0
39.460705253764104 0.24616069923824 21.232522033505543 188.34757624877028 134.14356375718563 101.03279750464604 171.75 86.25 82.5 60.0
39.36185643708338 0.323641097875495 37.37623714059319 55.357341152242455 68.3369939460096 247.62696665227077 172.5 60.0 82.5 45.0
39.404613895721205 0.394611457297061 42.59627972756637 213.52852758370295 115.33754228092214 359.86960319381143 172.5 46.5 82.5 60.0
39.45718398509122 0.223037009206757 23.267220256230168 204.14806998786577 313.47478081891165 101.16283536356623 172.5 94.5 262.5 75.0
39.43934873714551 0.288158342335897 46.76563562797223 17.80258025544016 63.44792476824682 66.88331541588036 171.75 83.25 82.5 45.0
39.37976921516971 0.234874830321386 26.69753278783289 144.54894915532725 334.35290487995843 230.2498383804999 173.25 99.75 270.0 82.5
39.38738457615527 0.243512595897236 39.45096193034718 152.5849180754093 78.48672417678581 189.81042923224365 173.25 33.75 82.5 45.0
39.540106543162814 0.264555646707733 18.055549030252244 304.4791239252508 62.91860788768829 87.06172198663879 172.5 90.0 82.5 45.0
39.43225808218297 0.299424605905859 40.53741185142859 220.84779130504216 115.57460031044135 104.26258309933233 174.0 46.5 82.5 30.0
39.34505367276252 0.326900115692608 34.449034517035614 355.55664491184575 100.1421752269364 270.2946921392521 172.5 60.0 82.5 45.0
39.47210151563007 0.332259108179509 40.19643269864114 323.34855550367246 50.2083415494011 197.66766495636898 172.5 69.0 82.5 45.0
39.477704237643515 0.270969191598329 33.39500224164651 254.37790662177247 276.8702451605466 231.7050964688492 172.5 60.0 262.5 15.0
39.26929149147555 0.261217243722648 25.554408272872408 148.17048089966536 135.74305182198486 148.0852318567223 174.0 97.5 82.5 75.0
39.446400876929914 0.222887162739045 23.608901957726435 309.3974960036348 279.54759996709623 199.51299970366682 172.5 60.0 262.5 45.0
39.46832678561423 0.338463726491308 44.042352749777166 172.79734018107175 107.84834148867786 280.3631064567191 172.5 60.0 82.5 45.0
39.49216110536908 0.285670354695389 38.99683998452262 231.36332143159157 299.9840172915357 221.46351191257648 172.5 75.0 262.5 45.0
39.39920309297449 0.422708760639199 55.682271754065994 326.7440147141991 85.40484597360977 53.41135956679327 171.75 53.25 82.5 30.0
39.46573056758665 0.215116670508511 24.501847340206947 186.1805696784677 273.91266322238437 265.6374661533959 172.5 60.0 262.5 45.0
39.27938851879063 0.273313460388611 27.15185002996793 82.0516353087576 257.07201092601184 118.93476585432107 172.5 84.0 262.5 30.0
39.42697891380268 0.249118763707205 16.086531941929 212.58683548804075 140.02498296479985 3.319296038198143 172.5 79.5 82.5 60.0
39.348648078674415 0.333675279044299 45.23358243596842 210.4512973245484 265.6767187513249 8.235136167423608 173.25 60.75 262.5 15.0
39.35708289178927 0.206820968291216 26.4023583568486 168.25659341556567 104.54877340751261 294.44130861768457 173.25 92.25 82.5 60.0
39.36392854778025 0.310191415630065 32.43471530220114 45.909234562607445 59.44443279774872 268.33458357673913 172.5 45.0 82.5 45.0
39.43559431062362 0.236831809943679 26.41184544109795 302.58072974172353 109.33504367721984 274.32819410339107 172.5 105.0 82.5 45.0
39.48726888609768 0.201304411861023 24.471769398277075 3.719535317909694 97.90939950212427 146.8707801667338 171.75 63.75 82.5 60.0
39.4955291652618 0.268996175189088 28.030595516043057 286.7557078384711 91.85713665068425 327.66158702077166 172.5 60.0 82.5 15.0
39.394795160478445 0.283062597591276 15.288172593918233 292.55836645905924 58.25432080635339 238.0684568870392 172.5 45.0 82.5 60.0
39.294191853543055 0.290604670443973 34.41324624393606 19.74461492169159 259.1805187881457 301.54478920347015 174.0 112.5 262.5 45.0
39.496076567113306 0.433628348254017 59.23893613112943 357.9693339031614 90.24335500093107 279.4049197786017 173.25 60.75 82.5 30.0
39.33737222875028 0.319405073383892 43.93484929826881 147.2572899415084 326.51794260810635 138.14506648275193 172.5 52.5 262.5 75.0
39.49260439485596 0.269901487898102 42.70909316859628 49.18631555801488 87.70809404728067 119.30854065369235 172.5 75.0 82.5 30.0
39.4494264728489 0.22654469012198 25.418829700787242 139.79336003762137 50.119244429808376 114.80444408138706 174.0 84.0 82.5 75.0
39.34928486383326 0.284943126787066 22.966185301309647 346.3103247937693 58.04693695737871 185.69213294868229 172.5 45.0 82.5 45.0
39.59098111131385 0.236859160568135 21.532736289023934 215.55862414515903 72.10778460937308 35.75076113172465 171.75 122.25 82.5 60.0
39.352881929305525 0.336274178580507 26.811327830546343 86.1300782789583 264.0736470005436 102.17012660719246 171.75 48.75 262.5 60.0
39.342654276118125 0.237644469657826 29.65758213388061 95.02835706015155 71.80051230494935 242.58046162170152 174.0 73.5 82.5 45.0
39.418315439702674 0.270762459394348 31.832684230347763 60.382612034573555 47.343185488691624 145.8875145777334 172.5 46.5 82.5 60.0
39.345950981250205 0.249488580428458 25.798115794386185 325.37517424866957 242.25526052433588 70.83574373223533 173.25 60.75 262.5 45.0
39.35845520978313 0.247891281881254 26.21838883274278 214.12123201660205 97.940168786532 19.165354785561668 172.5 45.0 82.5 30.0
39.472090689641334 0.24216274365629 42.78377698236042 256.22949313955615 242.94097085100952 128.79275774468994 172.5 69.0 262.5 75.0
39.400177485441986 0.210677157760306 32.26989428909025 267.5568100498754 252.51470947884908 352.0311554576337 172.5 40.5 262.5 45.0
39.456578212441045 0.271353461799601 25.797606018208537 163.39385994379532 292.9409023737781 306.4671244458565 171.75 105.75 262.5 45.0
39.290890180598765 0.294538157905991 33.35061675697945 187.40118753731835 268.2081069256998 45.599976487815034 171.75 111.75 262.5 45.0
39.229344982728584 0.269440362713904 25.18394967897245 2.873563282064452 253.00734788506367 288.55891668110405 172.5 105.0 262.5 30.0
39.39985422265825 0.262635028607133 24.433881655411014 272.7107256575324 100.85232276673997 319.9507146528668 172.5 45.0 82.5 30.0
39.41489918036043 0.221553224309927 32.93253343599786 137.0789106482287 268.8311011254007 216.27510420116946 172.5 108.0 262.5 60.0
39.35920461372385 0.272022973253722 37.40434045505743 171.42162452527992 128.55925665493407 149.4551725880353 172.5 60.0 82.5 45.0
39.41547475009614 0.23752382070272 25.90127539342351 344.23844520869164 128.98996776290767 255.3709308889886 172.5 55.5 82.5 60.0
39.319288085138794 0.238910908857787 17.83940971861334 245.8456729792248 286.03826838635774 226.66254094277656 172.5 61.5 262.5 60.0
39.524244766952066 0.222182100723345 19.3331992499284 307.19519637883707 291.21107704454795 285.1201329924923 173.25 90.75 262.5 60.0
39.26405508170017 0.303748244736622 27.709942908745223 305.27230335800743 249.6526479548054 71.44834070261633 172.5 93.0 262.5 60.0
39.53312728123842 0.275072024095608 24.80337656459518 197.96339052105523 246.6460434198633 31.375396993948492 171.75 102.75 262.5 60.0
39.32166348050135 0.318424997081967 52.666512147258594 68.91244715051872 85.97828341945608 251.40586450474626 172.5 88.5 82.5 15.0
39.298645461971084 0.290120808655648 20.868955449321433 342.0845018255174 239.9081982574387 202.30791951055014 172.5 84.0 262.5 60.0
39.32015555931235 0.267389953574306 31.85709149595178 79.26261099473928 51.10022641730465 252.5848441108293 171.75 66.75 82.5 60.0
39.439224214979575 0.282816233279196 43.227621730219994 290.384482784728 121.35019955558413 168.11344791374668 173.25 81.75 82.5 60.0
39.400476428364684 0.220022712490664 41.36616292684512 345.97500289957884 63.965069144935136 307.44758198432515 172.5 48.0 82.5 60.0
39.437125555158254 0.307701548426662 42.70458132889377 4.808368167349989 309.7319936403833 258.3799682509454 174.0 69.0 262.5 75.0
39.45229229285013 0.320411127984911 34.217277923877624 332.3045616689943 81.5430133560796 177.7465159283754 171.0 46.5 82.5 30.0
39.243561616275514 0.276636789077713 27.571446173499062 127.39905412495757 279.971569746988 199.57314706453948 172.5 105.0 262.5 30.0
39.48668913778188 0.343739206447905 46.0315738310502 56.58641698370388 71.51088522598421 145.99872267573357 172.5 75.0 82.5 30.0
39.39842912793239 0.251663878640668 14.300827806033917 51.0958702244643 266.84159215003154 351.7431649352177 172.5 72.0 262.5 60.0
39.442387732960725 0.321143812238296 45.56761586213003 348.5937257320205 266.4253375070326 296.8530323389808 172.5 45.0 262.5 15.0
39.345646535774996 0.197575902090529 20.274080684356875 256.4082279100784 255.3642490093751 128.13709357438205 172.5 60.0 262.5 60.0
39.415003574602196 0.217469184528612 22.509449547190375 29.610942207036178 256.87127263303967 241.7766928474446 173.25 90.75 262.5 60.0
39.41277394649843 0.376122857662246 52.02111366067457 34.54554431207581 247.01429714962606 14.529832335921101 172.5 81.0 262.5 45.0
39.504520048324046 0.283772685548619 17.77192131892859 299.2441459634525 43.79527690178942 234.37771629202464 172.5 90.0 82.5 75.0
39.28793465256154 0.271476403237095 30.585472977782082 23.44708933128636 49.71218462364072 175.12425263823536 172.5 78.0 90.0 52.5
39.38570264334617 0.3247528511832 55.90203909438813 32.964949101183215 91.76952714297352 40.62775661555065 174.0 84.0 82.5 30.0
39.30869536070176 0.228456084907716 30.67705613730585 58.610675279573954 103.04595740114256 102.30097688054718 172.5 94.5 90.0 52.5
39.34962829424651 0.398860380852508 37.91127811408409 79.67560323775305 271.3894491517303 109.88252662143847 172.5 60.0 262.5 60.0
39.510498781361896 0.229598470200638 21.311419322353867 227.28651196694554 229.61717523359886 295.5814021852194 171.75 98.25 255.0 82.5
39.51791772015323 0.220959859336471 13.136738180673056 257.0399697186189 265.28374046332226 337.954856923859 172.5 90.0 262.5 45.0
39.454037638089304 0.234649184046553 15.844262584379624 222.4835265504067 261.35005933519153 264.5182258849961 172.5 45.0 262.5 60.0
39.288533082712675 0.211022443946222 27.8715508334865 154.74988467272237 88.95895894471462 184.24335451997408 173.25 99.75 82.5 45.0
39.40038819557717 0.263192167743262 20.638256631234487 19.761834386112017 302.5240226433653 31.38159440288209 172.5 70.5 262.5 60.0
39.3875654303012 0.237137985601365 31.648720191102083 99.68604232614753 126.41780182809596 342.53336692765646 172.5 115.5 82.5 60.0
39.32650916514369 0.268354845256571 15.388807084400153 281.48134301536567 53.014640280114 114.18046616260418 172.5 61.5 82.5 60.0
39.35686374272482 0.389825256994107 40.19478587082699 189.9350038227447 106.80403954118175 263.4739414710299 172.5 42.0 82.5 60.0
39.30292906150591 0.232601373213346 26.452574890484684 259.60706160560187 135.85652610905123 342.9379545973274 173.25 101.25 82.5 75.0
39.353498924513474 0.227471660911635 22.541753137483756 25.32110745764166 118.84480374785954 100.60650495757874 172.5 85.5 82.5 75.0
39.354005784292546 0.296997758600897 32.90736294373561 44.69322566130237 243.20268311199914 157.80458646358025 172.5 60.0 255.0 37.5
39.50742135424189 0.276405395542971 19.654091961024005 116.46045971958446 220.91943637992892 2.586669177114612 173.25 80.25 262.5 75.0
39.362630684784655 0.339070448393149 36.43024907843704 118.1029894109232 296.3691213370908 301.06658155054924 173.25 41.25 262.5 45.0
39.55612570181475 0.235590900121663 17.68894065357284 102.30750413013331 105.16048300219332 209.1563538082242 173.25 92.25 82.5 45.0
39.44239549837535 0.250689711199211 13.181481793482895 104.56502038276317 111.57018066746429 50.94386307584582 172.5 90.0 82.5 45.0
39.326800307829785 0.274792678064749 19.899628829189393 278.47611207265163 280.62492280882316 211.6024601049701 172.5 60.0 262.5 60.0
39.459268833896324 0.273845666059009 22.15728979397351 124.87853756924387 317.87530009229675 158.5879350463415 171.75 66.75 262.5 60.0
39.430080347781285 0.307173121593434 47.22156455866659 260.23996774716045 74.09586259595014 238.12267446377405 171.0 49.5 82.5 30.0
39.4187646175453 0.288743669253726 48.52003414359317 328.17323458332277 252.06540665652435 65.53413738530043 172.5 58.5 262.5 45.0
39.399453537786286 0.289926664941917 28.15185422504343 84.39320636176757 136.57338598577968 173.88328343739218 174.0 84.0 82.5 75.0
39.4216943662327 0.276677710137654 21.066728191931677 101.18898143682819 127.85601243220799 177.18436092949875 172.5 45.0 82.5 60.0
39.40846984365948 0.306946578878557 32.2282901228886 205.77454119064876 124.73119199183809 106.92627128241091 173.25 45.75 82.5 45.0
39.44494700416756 0.285973183105182 33.488004607053206 229.57145889884336 65.00271291280876 276.6172422978981 172.5 60.0 82.5 45.0
39.33236252929122 0.240899015800114 19.803322553640424 323.43409738455887 304.50022493047044 134.38288968217535 174.0 97.5 262.5 60.0
39.495941335908675 0.295291823788552 46.719745717591955 184.6089843069269 105.25190480995363 264.72604128297235 172.5 75.0 82.5 30.0
39.430087233738554 0.308097043156143 53.191114581239624 242.87945447961624 99.1110649859956 5.937046590008642 172.5 54.0 82.5 45.0
39.35059839678342 0.299359733631912 35.99657153299363 85.5035118182389 258.9241903389548 252.9958630475624 171.75 77.25 262.5 30.0
39.31254208789502 0.329492878490466 37.20020950816218 44.49251098359182 266.8488178513436 130.61422625150706 172.5 75.0 262.5 30.0
39.328725043503745 0.259297578122402 36.255552679889526 258.0094002503855 106.4299493742831 224.72499263772437 172.5 60.0 82.5 30.0
39.43691194643865 0.304006783250574 36.20170230214942 21.521849210869924 97.77615762250217 256.8191373305308 172.5 30.0 82.5 30.0
39.43782118341326 0.251324697696217 25.195406595570415 309.22523230968767 123.03415038401037 150.37093976091938 172.5 106.5 82.5 60.0
39.54213682229739 0.224371612169484 9.823781762126876 245.15850402451593 278.76946565735403 103.46840191786838 172.5 90.0 262.5 30.0
39.35270415991178 0.289227095712553 31.449627600815223 92.76245112973308 82.74533406103609 190.53642857206307 172.5 120.0 82.5 45.0
39.55202116667149 0.251985443283612 18.66532765257503 101.18291201725438 75.57585998946907 216.3468187485116 173.25 90.75 82.5 45.0
39.37927909864293 0.217257599231892 19.161139142171336 308.44109195256885 72.83399052818044 359.6000422858159 172.5 118.5 82.5 60.0
39.40406337367531 0.301406082730635 39.00251347724085 260.6124718609933 278.935629843038 327.0613852118173 172.5 60.0 262.5 15.0
39.50438314232385 0.256270563198953 37.02282428440527 178.49155148086007 318.5934359387436 13.601116045786027 172.5 61.5 262.5 60.0
39.36356968746609 0.354751830124911 36.36326582157863 272.10535043890394 106.94804099105642 83.63581516835968 173.25 44.25 82.5 45.0
39.34731696197157 0.347344527967311 40.23327334084614 34.48815212218625 270.62676647202716 241.16341236747775 172.5 75.0 262.5 45.0
39.44867634023059 0.232095468595801 33.6384229708426 288.1947333188856 96.95138744344959 337.08533097647114 172.5 61.5 82.5 45.0
39.27502622239814 0.234592753123158 18.049165518541578 155.13185920861517 111.2097766211457 187.92901522046574 173.25 117.75 82.5 45.0
39.47416740759795 0.253907926128987 27.14748734601945 23.27038253373375 114.86095010839188 134.78280949819725 172.5 60.0 82.5 45.0
39.28544629179831 0.230546262941053 21.236223685391696 3.5015080639953 266.0579005515931 273.6984015410273 173.25 84.75 262.5 60.0
39.2727509607141 0.266301502766525 26.339194837034217 127.65465269727251 271.4192602954412 83.33013305557417 172.5 88.5 262.5 30.0
39.38994015979122 0.474774007029976 59.27665096840811 239.22567525801367 94.39806519419035 232.11194620746045 172.5 45.0 82.5 30.0
39.45217317286031 0.211197630916464 19.27705825565323 210.74591517980068 111.53021829916509 135.30838248355016 172.5 63.0 82.5 60.0
39.2821249958508 0.242179377264202 37.26912979872847 348.73953979117937 79.77968280176655 290.56599165096134 172.5 111.0 82.5 30.0
39.44701591637641 0.26883263291301 20.904629942513022 253.76050198679303 37.37997388861369 164.61421082194417 172.5 64.5 82.5 75.0
39.49708555780273 0.27180230559955 22.816552523068268 183.25511868550402 226.9606787891777 318.4920466546546 172.5 97.5 262.5 75.0
39.32990315229984 0.248597784962288 20.92824934992508 356.94560424880115 81.86319162879784 68.82859522918024 172.5 81.0 82.5 45.0
39.511165207326364 0.291056179454929 35.27404598946105 312.8316740467714 107.33467175457517 309.3854437510606 172.5 103.5 82.5 45.0
39.54588708193262 0.254268451013927 19.543280109460166 258.2345890528399 119.64606226187223 97.83169222710167 171.75 102.75 82.5 45.0
39.3833551986875 0.251899839612906 40.075796391921685 347.9947989930911 263.7444706974345 75.21242882359321 172.5 75.0 262.5 30.0
39.46339631370844 0.234301098500828 10.376641876838624 198.82399444535457 288.47735781155694 39.967896820993005 172.5 90.0 262.5 45.0
39.4000219362018 0.252716550455724 30.640569382533602 25.758980707732523 35.65947259563611 189.61050680744026 172.5 57.0 75.0 67.5
39.39839202719005 0.257346142342623 26.697482937511783 193.591793639529 288.28832852790134 354.9299479894428 172.5 87.0 262.5 30.0
39.30450188460198 0.248835750548173 33.519910952020055 246.47554445061434 92.66501939914832 27.222523560375866 172.5 120.0 82.5 15.0
39.562470889200576 0.301200458968179 31.566290043430833 255.72538313083072 48.089859990084605 132.58063717551866 172.5 127.5 75.0 67.5
39.58941064546476 0.246160974303463 16.550689810113997 231.0623176977362 294.0007296358805 214.61587602657514 172.5 120.0 262.5 60.0
39.378539748898795 0.308256567952906 32.497080325877846 77.7905102866718 73.49525446471029 131.44018709701635 171.0 52.5 82.5 45.0
39.48078743763711 0.227804493018106 20.274840559850123 262.0233235600458 251.38497230752267 241.86439113961922 172.5 60.0 262.5 45.0
39.39281297107142 0.200423666411689 34.82839222061495 168.137712685276 123.01046866949696 264.6660495589098 172.5 54.0 82.5 75.0
39.269040876096916 0.286211410440559 22.28005650535886 57.827768161479646 79.38897341261669 247.22940476598268 171.0 87.0 82.5 45.0
39.51323915100059 0.255403634109401 25.233439858236792 238.48529097870798 248.74705303997325 39.99747052326718 172.5 105.0 262.5 45.0
39.38176497445909 0.247194485934367 29.35930885192451 198.58379676148124 61.78503653466405 298.27288907798095 173.25 51.75 82.5 45.0
39.4417709118363 0.326217852311344 46.08622183613442 118.6353426048148 108.61765257875516 297.310327073018 172.5 60.0 82.5 30.0
39.585587666762535 0.256524271450108 20.545249719335235 136.7067748925551 83.57978848633168 305.3341379504673 172.5 120.0 82.5 45.0
39.44484415134921 0.401285620379591 42.02331010060576 352.6062086445766 107.904309988656 30.960518117876976 172.5 55.5 82.5 60.0
39.431672664572154 0.321738429877141 47.579697113500124 6.826679139818201 114.94161505930353 34.95729129932129 172.5 72.0 82.5 45.0
39.35570196224261 0.279912152137895 43.25603093448919 203.6994490300876 256.8948967760707 281.56052907619045 171.75 57.75 262.5 30.0
39.33673212515666 0.365419981840717 28.420844946142413 1.111520622703035 278.6611839953144 257.4461358773298 171.75 60.75 262.5 75.0
39.451674929455784 0.266756158724116 31.874111224013912 263.4803308902742 123.80979353346676 166.27991221645027 172.5 112.5 82.5 75.0
39.48049603363652 0.295250429211236 40.34799141985445 316.2460867126839 92.16137027461025 312.0556773203089 172.5 60.0 82.5 15.0
39.41241869408577 0.261929223172037 39.25676494475246 74.75568899932804 240.27488358286575 165.24197564975046 172.5 111.0 270.0 52.5
39.29172435243053 0.230714896012032 31.856258997770933 52.71834270958062 77.36132671289303 344.04871359551055 172.5 120.0 82.5 30.0
39.45555001541125 0.353695342366675 43.25976331034035 39.04843191606294 285.7112717152512 118.12964906889336 171.75 63.75 262.5 60.0
39.34945870890943 0.29863186842756 20.114082141410794 152.94085429535556 87.97391568982971 296.6909373689545 173.25 59.25 82.5 60.0
39.314144956043094 0.251377358814118 36.80302597249683 111.84849131363805 253.8001773879423 9.551784794586496 172.5 120.0 262.5 30.0
39.39337875653771 0.279194354032355 18.743291104744966 256.34749786330116 288.9361723726028 312.424865026832 172.5 69.0 262.5 60.0
39.425241984636706 0.241347332994401 17.497744209845294 4.194681268400732 43.92417158478024 91.51364273122631 173.25 72.75 82.5 60.0
39.25551519535 0.246974987016355 10.913553269769647 161.21755618612298 109.28412432267847 32.176991695027944 172.5 90.0 82.5 45.0
39.31737525705599 0.284135322750585 45.556758823890135 62.940076891513584 287.293064419354 224.28076531035435 172.5 61.5 262.5 45.0
39.31897474910627 0.26102326265129 17.791474103847797 188.9540240901799 148.89407181381748 234.70097936567083 172.5 55.5 82.5 60.0
39.26956813435439 0.267309214058238 27.211166879410346 18.072842312697574 244.07539671532402 140.13328518714508 172.5 120.0 262.5 45.0
39.37168137786292 0.291882588614322 33.06105093687621 119.23031037157936 70.56815692820084 82.06671080771703 172.5 60.0 82.5 45.0
39.39373924124542 0.222231315509875 26.414291360464542 119.28169130117986 276.59244542869135 107.70058564791742 172.5 105.0 255.0 52.5
39.51196163816882 0.221711247587133 18.218660854500115 160.23799611416885 298.35834130845757 143.28745569668942 172.5 90.0 262.5 60.0
39.381814300846735 0.306160853304533 42.45367405249753 41.57802996531915 248.32775468515942 20.853649207798483 172.5 45.0 262.5 30.0
39.38325723784279 0.247765557445048 26.473777964945764 258.95887743602515 242.83814543998216 337.5829893992308 171.75 105.75 262.5 60.0
39.39941675807827 0.280772050785151 18.746170016771178 89.15810121549772 84.1339787890543 98.50085266592136 172.5 30.0 82.5 45.0
39.292695436454856 0.223385107651478 30.804697340168175 110.47786465423427 262.9197762326911 357.67327104177775 173.25 108.75 262.5 45.0
39.437035391607694 0.356223730849162 36.79769038994324 83.20445982172792 108.07307339403914 341.82812805949004 172.5 58.5 82.5 45.0
39.20810918866868 0.221026781890885 30.512376631152016 215.0888564971482 268.31984404748175 24.800106642576008 172.5 120.0 262.5 30.0
39.43097328589652 0.254003883142521 14.468644227692709 50.90150704781581 257.33631013355557 150.99420829440587 172.5 66.0 262.5 45.0
39.545659343703505 0.23866128835184 10.605337579792973 80.58562115995247 93.03098490119531 108.9128373514732 172.5 90.0 82.5 45.0
39.452516726718656 0.332272537749753 27.6344448322472 60.322622858729346 85.77407945973336 247.15792117974712 172.5 45.0 82.5 60.0
39.27131838501185 0.241220622995348 22.687273351568432 309.32789924153764 89.72341130832032 322.85174420401313 172.5 90.0 82.5 45.0
39.21013033143237 0.229492129006008 24.43496680546766 124.68038684601511 268.1945881995766 306.16927733785997 172.5 120.0 262.5 30.0
39.28473036273324 0.225971135084527 26.433750122871277 210.9888973581739 88.84159195342886 10.802897941663382 172.5 87.0 82.5 45.0
39.462400939552836 0.247531808045687 27.98737847341478 126.42275729346964 115.32359775177875 293.8973451072225 172.5 60.0 82.5 45.0
39.38709241499898 0.270321030061413 33.135411478620064 149.85980615775767 100.12457057675574 86.9463864818961 172.5 120.0 82.5 30.0
39.33824654831054 0.284411697634666 31.326330233297835 128.52113405164206 276.87486360586536 214.48588426843904 172.5 100.5 262.5 30.0
39.36284059276769 0.25982330805967 26.331867510877498 325.4490884249775 69.57843384625421 317.9773770534331 172.5 45.0 82.5 30.0
39.37145224340551 0.352687419147876 33.68490306946326 228.96451214839692 106.90789043523341 102.63380556985513 172.5 67.5 82.5 60.0
39.35867827214237 0.374857250321369 47.48538653542662 351.3004808595986 131.36281782395542 262.9904390496222 172.5 52.5 82.5 60.0
39.365939885135276 0.242797364380285 21.368519889282037 225.97121899030589 221.37886960080974 281.33083900505926 172.5 43.5 262.5 75.0
39.43239659070796 0.246339131582071 12.33089595842151 50.98050105296851 271.95602322913 154.67678950400878 172.5 105.0 262.5 60.0
39.45293165927802 0.27009138979374 22.205929458265132 3.595522425424512 102.03772702904774 255.72530603891795 173.25 83.25 82.5 60.0
39.59024462636981 0.275146552791747 39.1766884974874 100.6409647194809 273.42738257657055 343.3812265861408 172.5 120.0 262.5 30.0
39.339713382185295 0.287982384022408 28.941930629511482 203.4663899125769 277.91134805070396 31.464321322760064 173.25 71.25 262.5 30.0
39.46201311407523 0.289459567364232 34.57883778203144 321.3470298250094 243.58967036353806 304.72064034243414 171.75 101.25 262.5 45.0
39.27985351570805 0.224789181103458 22.48386175343828 80.74294817183512 270.2898359140856 224.48318772036183 172.5 78.0 262.5 60.0
39.47312769041759 0.37947473505604 38.11173826754862 159.04986378107589 102.6992986570447 291.16025449549204 172.5 72.0 82.5 60.0
39.35896145484867 0.26998804811956 27.892775879456916 264.7988638981908 258.93563062035804 202.42978977588743 172.5 105.0 262.5 30.0
39.329611052690126 0.313495948069688 49.75867679542409 158.76066210402078 72.79607500088422 55.05120353002125 172.5 75.0 82.5 30.0
39.398809641895895 0.333592915055263 44.17308300774666 18.329911321305374 109.78665640028765 25.80307491665249 172.5 60.0 82.5 30.0
39.397475183210254 0.271882575617206 47.164295785872575 61.259838440898264 73.90058765111182 9.365760282514918 172.5 30.0 82.5 45.0
39.49163171623411 0.278053776039191 27.69350238894623 222.21755580552338 221.72428210980155 292.5995516737757 172.5 61.5 262.5 60.0
39.27815734528681 0.233158186482115 12.588691967736674 253.062102298682 64.4266735063737 28.016325602768404 172.5 105.0 82.5 45.0
39.36922006731749 0.215073889328459 25.090902782146507 60.79762283669045 91.34112518912082 340.30048727917625 172.5 91.5 82.5 60.0
39.327256382590896 0.318218544896312 41.26402829148123 72.19265575938151 296.39806569774146 96.97308859900537 174.0 64.5 262.5 45.0
39.375448694174516 0.296794695929651 35.75153813861634 260.2217390153728 56.033261958993016 268.4052920139094 171.75 74.25 82.5 45.0
39.39754953518548 0.275293051057459 13.150941199992802 93.3062486601607 271.52389801807 223.71158695525253 172.5 30.0 262.5 45.0
39.21252086978915 0.249156833832443 25.52648512126176 288.8882218013014 255.50255115318907 209.10849467876994 172.5 120.0 262.5 30.0
39.330071740487654 0.248199433880477 26.677248220554002 303.9952046716705 139.87697674479082 284.957219525581 173.25 62.25 82.5 75.0
39.56314776169114 0.242238603180514 26.708653123889285 85.70089757698888 300.82328822738236 95.59717658077751 173.25 105.75 262.5 60.0
39.40652264765457 0.295112016037961 17.341453955136377 355.5227645196013 255.48907854361542 55.164153288989205 174.0 19.5 262.5 60.0
39.405418224648756 0.240491797910244 22.78764887389791 102.02242522770516 248.52648128847943 235.3708895102178 173.25 38.25 262.5 60.0
39.466673213331184 0.221873887594608 29.172236511868824 334.5514680703543 67.0143431310584 42.361385105247514 172.5 120.0 82.5 60.0
39.37266959739888 0.374177294127427 52.860387296768614 280.52722672770994 115.91697793250322 66.45350846797068 172.5 63.0 82.5 45.0
39.46874500237727 0.337662657542858 26.212010443640843 164.73403105200182 266.1684620381158 58.060964824630986 171.75 63.75 262.5 75.0
39.44982614414556 0.256848901595868 30.437816980094208 304.6445816104713 62.59419577672525 118.48072848586882 172.5 103.5 82.5 45.0
39.3880745105204 0.254576834383402 31.126450670170662 311.66986978434966 298.9198171178805 169.4096217213591 172.5 30.0 262.5 60.0
39.46524191766458 0.204743088151229 37.90715212626711 228.30443464750292 287.5170956464381 246.51290583505826 172.5 72.0 262.5 75.0
39.29217517387901 0.294165842133626 36.30439811522596 102.0887317525199 282.2700741140022 299.95709624629353 173.25 114.75 262.5 45.0
39.36550941971308 0.302003798269568 47.46942586147579 91.86347635250276 94.32931593950578 92.60499429105933 173.25 35.25 82.5 15.0
39.397129048778574 0.250640302438703 23.813697523056085 0.626336885673067 234.85365894566937 80.1861105307934 172.5 60.0 262.5 45.0
39.38850653969199 0.246384752794815 25.955329155808247 305.69251820937933 75.21860636682409 309.30379536950517 172.5 88.5 82.5 30.0
39.37093274794345 0.372670892747166 56.24506468938695 356.80445232493963 269.6190635880522 64.60731094047475 172.5 75.0 262.5 15.0
39.3116697251404 0.294858006646991 21.099005494644445 51.524723378950874 101.32090859939667 108.00182154450653 172.5 90.0 82.5 60.0
39.44579195452935 0.256617122739225 26.445515494765363 278.8291234860252 88.56386125321 116.12535997539155 173.25 89.25 82.5 15.0
39.40648524442371 0.248990650047997 16.31390646763692 346.3033849266966 269.6433282459908 292.0524534888735 173.25 17.25 262.5 60.0
39.352199332304586 0.217364034542925 38.06346069378932 120.27322375686288 93.02978702273826 79.21555499373173 172.5 48.0 82.5 45.0
39.34117949696148 0.260423365664251 32.02453431488073 278.4685596989243 257.01491377658556 107.17711264963935 172.5 45.0 262.5 30.0
39.366534804334044 0.291428883083866 26.837551526503752 215.69762348574278 278.2813279563758 113.33693637940726 172.5 93.0 262.5 45.0
39.48278503038646 0.303488530971083 31.318464848776976 162.69510744732915 71.79221048968314 187.4627758127693 172.5 60.0 82.5 45.0
39.45454812396127 0.270146869536426 30.174622546533076 281.72720064917826 250.3442997554583 206.9937690160969 171.75 77.25 262.5 30.0
39.57549535049951 0.251858748577429 13.755275168075096 138.57073943753895 273.7387213198783 298.3175651976196 172.5 105.0 255.0 52.5
39.48329160765003 0.316058083261701 45.242227921444886 17.641627628548477 65.18925367214027 164.59561921024272 172.5 75.0 82.5 30.0
39.507038122769444 0.303133390722532 34.520397139219256 229.03046155341022 77.53982131505381 14.780280570304456 173.25 75.75 82.5 30.0
39.369438153807785 0.268888022027777 39.305882840550105 299.4515668727807 276.88781376052117 298.38990184348114 172.5 69.0 262.5 30.0
39.446645820047024 0.234040222105942 4.888292576688875 283.0318915309649 269.60310582019986 350.55087984375774 172.5 75.0 262.5 45.0
39.403867964445126 0.256932336615573 15.862148876474652 61.35321393086664 94.56274230625951 355.2292275292827 172.5 15.0 82.5 60.0
39.4090634379888 0.266241848096225 41.9120463508582 300.4626353970041 44.16735753635404 252.93468655637972 173.25 77.25 82.5 60.0
39.28013218229436 0.290505961297579 34.91156401389922 330.72595655810625 257.85436548459893 182.05536710110044 172.5 99.0 255.0 37.5
39.36153540010285 0.234118241595246 34.48139740473215 267.9384650408583 311.1299609960457 189.1040919179466 173.25 59.25 262.5 60.0
39.371566127199706 0.219698284414081 23.29519807816427 333.98372879103033 288.2917447264832 258.3632882521915 172.5 90.0 262.5 60.0
39.440711382776655 0.288576572935418 18.11501542441655 152.56854841597092 296.35583953382127 157.46729037011738 172.5 45.0 262.5 60.0
39.42567906732555 0.307172755061189 35.87604679767297 137.31447821935623 106.43289500765837 43.198034754210326 172.5 60.0 82.5 30.0
39.301803115745805 0.332823984452049 56.046152008121176 175.63721712163678 262.39165024675174 150.76676124522868 171.75 93.75 262.5 30.0
39.27023788396031 0.24035979442106 16.913855260997245 71.82771051753589 106.01712819382342 346.77241746347346 172.5 90.0 82.5 60.0
39.331139180742404 0.271347643539177 21.131841708735823 41.71910775212993 263.9596715909362 285.79141223753084 172.5 105.0 262.5 45.0
39.52810470490973 0.23246926172965 33.35701912133363 160.21219404779595 270.2919703070888 267.94813694505757 172.5 120.0 262.5 30.0
39.426598362934456 0.306344689717967 39.23060390392651 129.8469488322299 62.7103806401155 200.8508519654961 172.5 60.0 82.5 45.0
39.4348329212649 0.427723079209459 56.12515025309373 127.9073973223825 298.875799347192 307.36755298316496 172.5 52.5 262.5 45.0
39.321568983926895 0.36342611029114 38.38853879548612 181.06301618669997 279.35106582648416 36.189137982689616 172.5 75.0 262.5 60.0
39.35265376221757 0.368355919180705 48.25794521065406 29.870931064514313 76.70182508621073 273.9542175710972 171.75 47.25 82.5 30.0
39.3814755309594 0.353510142987157 38.65154185495721 118.61110744798795 228.27602118693636 348.996095761356 172.5 40.5 262.5 60.0
39.49588044053593 0.225210036347527 30.64967887993733 122.32970761502303 91.4214570906037 62.47175292460253 172.5 94.5 82.5 45.0
39.37641864035108 0.340694545285111 41.305965747948 314.95718299321555 50.51289857306944 207.38593469126877 172.5 60.0 82.5 75.0
39.4085022936438 0.257952523328346 16.5596749387968 223.80596227577539 127.1120456811865 1.974837356274312 171.75 71.25 82.5 60.0
39.27309358655224 0.364241048123005 37.67107756244689 50.16147901106467 97.41525490764421 357.90614970160834 172.5 81.0 82.5 60.0
39.42974350981729 0.277178800654754 16.205440044800778 64.34079834958516 247.89412136361892 242.4634966359704 172.5 46.5 262.5 45.0
39.40187956107981 0.264832185616166 26.635921367032832 134.83512253227798 68.83424988125552 295.5521881624641 172.5 105.0 82.5 45.0
39.388947604125306 0.350410322458789 47.519051901766375 109.53849912449792 100.2202117823065 87.01528778979548 171.75 38.25 82.5 30.0
39.204983946945184 0.254308318894585 33.04536121070828 74.5396945458891 254.57892586857434 4.310276410250986 172.5 120.0 262.5 30.0
39.339192674915054 0.225249653888627 17.118004525791996 133.32302056352123 300.8670943457061 19.238267919598933 172.5 115.5 262.5 60.0
39.41685808251349 0.286834023828646 37.19024280638868 222.38213795682148 69.73599763122643 29.645365978075073 172.5 30.0 82.5 30.0
39.393914413831865 0.345694139568029 49.16678739128483 194.74813633651482 97.40024536330256 7.968601626508399 171.0 63.0 82.5 15.0
39.398445688057386 0.276946545261573 46.26686312705046 174.79849576245746 81.87726046980062 183.0772410969564 173.25 45.75 82.5 30.0
39.43612933339946 0.37696088685966 43.41576536707003 258.05757600034394 97.75087162058287 332.81168250128957 172.5 55.5 82.5 30.0
39.47815983133007 0.278100605753217 25.93169261427937 285.03655784254465 66.10952779485824 78.30806474937263 171.0 114.0 82.5 45.0
39.394391612129496 0.295844764807807 34.15527526838853 242.17066219995212 42.86823273252022 265.3532666452193 171.75 59.25 82.5 60.0
39.233586400525915 0.268063235943712 36.366580352654935 180.84669582345632 96.28094889203183 140.57199537598197 173.25 102.75 82.5 30.0
39.46051318216938 0.243790041540334 20.181169191669873 189.90663943883408 321.10943952276494 118.09560198375102 172.5 60.0 262.5 60.0
39.45384875276868 0.341140513035689 45.73803244011107 132.53279046845051 94.73672121392651 199.15917085735015 172.5 60.0 82.5 30.0
39.41389466919405 0.259240474552688 21.251581514319643 236.65775612368412 86.13153886468935 219.77945854736953 171.75 90.75 82.5 60.0
39.372622235009 0.297274268590889 50.85789081070435 159.47967119906767 286.12952124317275 170.24392312080786 173.25 47.25 262.5 30.0
39.27763938959799 0.246929279448617 15.969735493958677 222.75999754717986 247.36553290122168 45.70449482335586 174.0 103.5 262.5 60.0
39.437458205131534 0.336613890961806 34.48028386596674 314.5396635678078 292.24013043090713 76.73171697810113 173.25 81.75 262.5 60.0
39.3423585314719 0.333508802176756 32.87797940289692 5.317948215561161 269.6143919893874 277.189958594487 172.5 52.5 262.5 45.0
39.26707770723055 0.239994776359035 28.736443998054 62.12725468416292 240.09762684008996 146.74383403081498 172.5 102.0 262.5 45.0
39.62001104651047 0.235307552655642 23.375707900514247 167.13388529771404 279.87839138379434 291.0910962790721 172.5 120.0 262.5 45.0
39.58030647610936 0.282328552328462 33.698754886359666 187.09042022719456 253.61869973364793 291.52511898244603 172.5 114.0 262.5 45.0
39.41671833100437 0.366518528427154 41.062920410850225 111.18876000505159 288.01549102175073 66.09577806550617 172.5 45.0 262.5 45.0
39.29592677438906 0.305514065267889 53.21884905410366 248.16890314902315 65.1272468261089 263.3096030842351 171.75 57.75 82.5 45.0
39.38615648076539 0.216783149361738 33.14419447724978 17.01087782484794 281.2580134858176 260.20241271810505 172.5 30.0 262.5 60.0
39.60263291101563 0.247311353092391 19.5876955665244 262.7064695482553 68.73190706493186 108.40530539637 171.75 119.25 82.5 45.0
39.5508305591155 0.22754435228024 25.581593918315498 55.535440617620175 111.45027566234475 227.2409032181979 172.5 93.0 82.5 60.0
39.449486023079814 0.405835673575414 45.13406605281231 200.64003612732196 268.8593458366752 15.3323630276463 171.75 77.25 262.5 60.0
39.30792944939907 0.298134107243504 22.274150814001356 17.964772776256936 52.1436814941688 190.32920218503818 171.75 89.25 82.5 60.0
39.34924331154123 0.303072905091743 26.103267021709886 295.0833179244278 284.0019154252948 97.14097230810448 171.0 114.0 262.5 60.0
39.48620569325137 0.254030399827536 25.15643712685539 89.60808242602992 118.03481192668568 213.28414682620453 171.75 66.75 82.5 45.0
39.40782207909218 0.357622492687755 45.16197369119772 246.190017454116 94.71551763569983 9.774473453727117 172.5 60.0 82.5 30.0
39.334783985082225 0.208933689944286 25.572990740735552 98.79566748978142 245.03985901439864 216.6235277556549 173.25 81.75 262.5 75.0
39.40935650162712 0.417621335429335 50.10518011199717 222.62264516700859 111.13475964900877 9.467212124590615 172.5 54.0 82.5 45.0
39.460144791193116 0.364195606465715 46.154348500068686 71.0510423102723 302.571585746971 308.26220007997233 174.0 75.0 262.5 60.0
39.32205925926894 0.345864329013115 27.07055982299761 105.00668557413695 86.66928562771639 100.4892114417682 172.5 63.0 82.5 75.0
39.38642077931585 0.345643520256066 52.51160787677194 195.5241561719538 60.416383071187575 277.62981690597 171.0 54.0 82.5 45.0
39.30705080071899 0.263644781878135 28.271063293444595 13.610433136741989 100.2571573176776 260.21759408811874 172.5 84.0 75.0 37.5
39.392410840798966 0.201593899945633 46.36940443390029 115.52559562544754 106.04855901655475 71.03399981047495 170.25 50.25 82.5 75.0
39.35342422620419 0.273708327046448 18.70352235828331 67.18544817870934 67.39970281704238 135.73944897556802 172.5 45.0 82.5 45.0
39.411059347069305 0.377694751692689 46.53684173331595 7.467312362032752 250.10354134355077 290.2036742737982 171.75 30.75 262.5 30.0
39.3693812825635 0.320500748034947 52.400851174039374 310.9098516911075 84.52248523414484 188.20507727623763 172.5 52.5 82.5 30.0
39.452890159483104 0.298021932238166 43.94167626859121 348.19020209332666 305.597569587974 147.49825518728332 173.25 60.75 262.5 60.0
39.49285900996141 0.206697574596872 38.55522849262894 58.46718911389398 277.39734581726157 110.08846845730848 172.5 75.0 262.5 60.0
39.39200929920115 0.306259725557175 38.11270775481985 252.57627793631363 122.29283554669507 81.94837435917069 173.25 33.75 82.5 45.0
39.39893612424844 0.277846013458472 21.787932938884932 25.495782850645476 291.02074305703604 134.21020250843105 172.5 30.0 262.5 60.0
39.482632046558166 0.251630511224188 25.397200122770773 240.08929295335406 242.46359137989344 240.49300864338946 171.75 96.75 262.5 60.0
39.43064419300187 0.265217117516987 22.713354226034046 318.89258166968267 276.6321724664408 63.291171228421156 174.0 31.5 262.5 45.0
39.46492582121838 0.246349789560785 9.025419138421466 339.4277722499987 242.91939474984815 84.79822936925308 173.25 59.25 262.5 45.0
39.36863074459422 0.202826776713747 23.902675554386164 242.21176782507723 278.6650239982698 208.99139039969913 173.25 89.25 262.5 45.0
39.30504491419767 0.338952730975404 49.575771192486094 97.04658984445639 283.59266260731704 321.69912744089186 172.5 75.0 262.5 30.0
39.36289205420213 0.356250924928197 37.42466048787417 196.1329362775136 297.9457149262131 11.690450782611823 173.25 39.75 262.5 60.0
39.25284553769243 0.209048689867769 25.25805526980326 152.14822444222392 100.2103921738988 179.5756315507214 172.5 105.0 82.5 60.0
39.37973857281736 0.213314079196831 44.320675582775294 61.19491922676221 100.19501476487325 111.11641141563847 173.25 39.75 82.5 60.0
39.50397916798632 0.265137317185597 21.577021812971076 206.0462430821042 250.61372107515217 268.3946233051191 173.25 99.75 262.5 75.0
39.30965513684589 0.246332241857638 24.73843104514691 205.05091576296604 89.76777782648745 354.7179373586742 171.0 106.5 82.5 30.0
39.46504496514027 0.358246299261549 30.93982246941809 343.4023013544623 71.15355200532959 172.23925436318208 172.5 63.0 82.5 60.0
39.36312548786454 0.218645990425337 26.487723116735673 32.4156484317661 63.13779407859962 63.04739142214791 171.75 87.75 82.5 45.0
39.42746099079265 0.189879039351923 33.628690718038484 222.66700562399893 117.91964705704335 96.82110282633911 172.5 72.0 82.5 75.0
39.549629712928194 0.207611654830682 23.470313508079613 175.54433901787723 303.4771348161762 251.83509121199017 174.0 88.5 262.5 60.0
39.44509855756621 0.364502098274177 40.00880720753184 173.04758921330736 282.8344697049071 35.42119998131389 172.5 43.5 262.5 45.0
39.45092492586582 0.406325920941241 47.73742779066074 130.01370890359775 253.65774034507024 86.06808540794466 173.25 71.25 262.5 60.0
39.361197883631675 0.209859939939588 30.470895981432182 312.5811945539381 106.80133387651624 74.50898467793672 173.25 65.25 75.0 52.5
39.31006329420615 0.291876023705427 43.30127854993683 205.920227558995 301.24411884861144 112.8823721626143 173.25 89.25 262.5 60.0
39.37557311343121 0.357046508679772 52.78749789394492 11.779008909697206 256.9900574138613 58.644780369444234 172.5 60.0 262.5 15.0
39.28171254504982 0.230294955567875 26.10252024542654 58.39208902617602 98.74481728960959 238.31729869637513 172.5 82.5 82.5 45.0
39.45878226146766 0.302349423600546 43.8737632284838 345.33568528898894 286.54723136539565 272.566511288569 172.5 60.0 262.5 30.0
39.26775405966923 0.233534987955266 22.56238943955932 196.01152194594513 249.01325234332634 185.98727588184994 172.5 105.0 262.5 45.0
39.33347602453573 0.247089643263701 18.477312568218117 233.9723984618814 264.6229877229391 97.67714884812013 172.5 112.5 262.5 45.0
39.31603792175711 0.296329064682313 36.61474128484447 289.7319061972169 258.7825000913327 331.5961380373771 172.5 60.0 262.5 30.0
39.45186771614324 0.380756021228966 53.37066134432216 158.26160543835843 95.88153200394449 296.2190827710565 172.5 45.0 82.5 15.0
39.42144808122385 0.369083043984176 57.00262535306509 314.0450514282195 252.69958470165125 309.9399812883689 172.5 43.5 262.5 30.0
39.561013868597335 0.259575787084976 14.606864475693648 186.17629491921946 125.30427412183674 31.1803245618722 171.75 113.25 82.5 60.0
39.472541218268766 0.279095684527046 35.9916347845211 208.55032033423535 302.40855358450784 229.64998190211284 171.75 62.25 262.5 45.0
39.562713154866614 0.301748889259343 34.801756767273645 323.56586265297466 109.32716728203864 54.56887973837042 172.5 78.0 82.5 45.0
39.45658233799341 0.23609566282148 11.342329909575025 39.41754226140275 249.50376878182294 177.37506885153934 172.5 105.0 262.5 45.0
39.35946092054717 0.431240547967276 57.754102123705316 264.1365275625331 273.2424689080346 105.99472860150604 171.0 45.0 262.5 15.0
39.383598014866635 0.226219092529708 31.417869946829942 357.1303734637559 39.69302316763261 201.94696665658657 172.5 42.0 82.5 75.0
39.3775266210609 0.209920528617947 16.126085084011148 282.84172260416483 91.9968052985098 118.0537175591748 174.0 91.5 82.5 60.0
39.380639968021555 0.30232520725941 28.767828971287937 158.39178284234745 125.4653886713288 37.425748453862816 172.5 45.0 82.5 45.0
39.3572960589778 0.256755835336398 41.38738531869938 56.42196506685474 273.74250522566433 251.84201980077046 172.5 60.0 262.5 30.0
39.44474552952145 0.298768243247089 16.955654912592 246.08724165890249 94.23871325611724 344.4319236939254 172.5 57.0 75.0 67.5
39.40066835486265 0.297465409704211 16.85474402387038 120.27638062180515 106.60286123067253 180.51771394745052 172.5 45.0 82.5 60.0
39.50113868078206 0.271576129563637 14.77144809981081 10.057928672559841 228.3775706128281 50.07510924583412 172.5 75.0 262.5 60.0
39.44880035948038 0.25423168391563 27.07793525913593 198.74781625365924 108.19876421396422 105.46746875885145 172.5 105.0 82.5 30.0
39.49067962342144 0.24998114431522 13.781148040166089 136.6451360111999 281.1253384584437 90.25679792788367 172.5 105.0 262.5 45.0
39.201928974361444 0.235370276184386 21.65261927496796 333.28005863982355 284.9469084817348 291.1767216512309 172.5 120.0 262.5 45.0
39.48101618797866 0.366997448363273 46.42962267337959 186.84144581905716 304.42694703455174 21.33664456770591 171.75 54.75 262.5 45.0
39.35851461808208 0.201459591736126 35.85554623307381 176.9490376167618 278.6345686975292 158.653047471832 173.25 54.75 262.5 60.0
39.44074532144624 0.23790041466838 13.139253343601814 304.9515109285913 46.138702712407834 139.47430201105553 172.5 115.5 82.5 75.0
39.45116687839131 0.258983917429615 29.68230511018159 204.63608320049755 265.30602115271085 263.0264000624493 172.5 45.0 262.5 30.0
39.34733927418674 0.30972062135961 32.76239467210106 5.945504085710638 257.884792769132 177.34752217011092 172.5 60.0 262.5 30.0
39.36735573638336 0.324097041009486 25.076243867742388 146.31256370002365 264.87071830682936 196.8225705971652 172.5 51.0 262.5 60.0
39.45424644262041 0.341040459403308 35.634520126067 31.929589275167434 250.6185018581483 261.73821503362575 172.5 76.5 262.5 45.0
39.37498959634478 0.263002567236273 12.008772972450732 49.241193581397035 92.51976045855436 18.047434504938995 172.5 48.0 90.0 52.5
39.299794279667815 0.268486530188834 16.799094706058117 197.52988899772714 109.25905533645215 159.56323990321872 172.5 105.0 82.5 60.0
39.42212554590422 0.271499829138996 36.339337239540875 79.1427631138714 266.4723434799238 263.31299922417776 171.75 108.75 262.5 15.0
39.44302442386342 0.368786243444436 48.230440027334964 338.1156233715998 298.93562431444167 273.10086184497646 172.5 63.0 262.5 45.0
39.38060228408972 0.301710602189233 31.493059563439335 94.06694564258251 281.29419127742256 191.70653961358556 172.5 78.0 262.5 30.0
39.57022783013747 0.259546991478638 14.285701172324703 99.77370679193143 258.9751521940068 338.61490150482797 172.5 105.0 262.5 45.0
39.25569971382931 0.271291446716893 31.841614544519782 148.08234506745364 94.46610947570397 317.67088770972924 172.5 105.0 82.5 30.0
39.452156871919804 0.373283241425643 52.60378916745401 355.1244763018115 237.08867051633803 196.61488847371987 172.5 66.0 262.5 45.0
39.485981781211514 0.277952142138944 47.18968611732057 146.92168362699633 239.88702459391675 210.6505391014552 173.25 75.75 262.5 60.0
39.37886202834163 0.380263555326547 56.4371739897957 8.98688691105043 78.22275789950902 172.36475313091123 172.5 51.0 82.5 30.0
39.54804042360994 0.292354138706497 34.91564833425423 83.48815634412799 253.8522270282606 342.50018530075795 173.25 104.25 262.5 30.0
39.36686873671089 0.258394072352155 14.133866394936133 157.87764385574172 275.47556743567884 179.95368546967728 172.5 45.0 262.5 60.0
39.53051955277688 0.287952662339737 28.202696657066564 90.88896079137147 251.30013095541653 130.3702752434533 172.5 100.5 262.5 45.0
39.41809912289532 0.346209357132161 30.078801324592117 74.3942902533312 76.37579412526976 123.81155680617276 172.5 30.0 82.5 60.0
39.40358164965938 0.195293791406296 38.73482166987789 124.86896357213908 272.8926954121431 313.6524301126014 172.5 36.0 262.5 60.0
39.435317557279255 0.313104499273118 34.22199474369811 129.3629092314326 53.54706078591732 235.1042628736377 171.75 78.75 82.5 60.0
39.30199284095006 0.251937176553376 34.570954885029 116.87211506337519 81.5571767305037 187.9227856427568 172.5 96.0 82.5 30.0
39.44748425580358 0.266516082734945 25.76228115119803 126.23327708762804 120.79122330238563 84.02611371917307 172.5 105.0 82.5 60.0
39.235575588974044 0.249674033274652 21.938624861734336 211.5790392505642 303.9747024585125 121.1756300438384 172.5 105.0 262.5 45.0
39.26370333764675 0.268549229942586 22.87515702025861 91.17964129374842 134.04259462865318 322.6240560062636 173.25 89.25 82.5 75.0
39.36648855195303 0.260937952504076 27.66134763029727 81.73188857491286 233.29170705209074 135.98385291498522 173.25 56.25 262.5 60.0
39.22754233334867 0.241348095381267 18.66518020679303 164.8809236955585 290.64967157305523 169.7061820598744 172.5 115.5 262.5 45.0
39.428652129739014 0.222988079216288 24.307454784293547 116.66852060204562 285.80844151650115 55.50827489801444 172.5 72.0 262.5 60.0
39.50501876293992 0.280403837575848 20.565917509672502 202.3247917119916 258.72646905379526 11.781936578116646 172.5 105.0 262.5 60.0
39.53392931685873 0.293340001140581 21.810639089674197 28.79169438015497 284.0218062969332 127.5886853907881 172.5 94.5 262.5 60.0
39.518598301412084 0.209413552615899 20.511816697483575 228.2317749032297 285.3905608518549 254.08302752172824 172.5 90.0 262.5 45.0
39.254336058516294 0.230046367908352 31.02628541335966 87.70487964066452 84.68603245514161 7.300500090149311 172.5 120.0 82.5 30.0
39.54199892950434 0.250896815502773 20.2872526747625 33.31613866622676 290.56649264050776 27.90375065825758 172.5 120.0 262.5 45.0
39.204404976128025 0.231286918166693 30.828849173641043 66.73393644635773 264.2176585010031 237.3128388813619 172.5 120.0 262.5 45.0
39.31948323032274 0.320858179667482 44.82363618342188 299.6185158380944 85.70777140106247 324.3187109259966 172.5 60.0 82.5 15.0
39.334582820713464 0.279432333907197 18.79164784712795 63.91435813266493 49.59979052032127 282.9892645320632 172.5 81.0 75.0 67.5
39.41146872070202 0.22476888540068 25.97811966810484 54.439980498604996 294.4366584600757 226.51983122207798 172.5 30.0 262.5 60.0
39.389432123900754 0.252426361739968 26.70079450566921 246.34539301645282 294.81842790721896 105.49950509020275 171.75 39.75 262.5 30.0
39.44887762215006 0.252236331286628 19.76763455969616 215.10117036256503 120.41478345986569 100.26090334991002 172.5 82.5 82.5 45.0
39.43588712505463 0.327349893452883 28.607478174810762 319.24252277957817 65.89748941191232 310.9538477585916 172.5 60.0 82.5 60.0
39.43768754391523 0.370407061807497 37.137532054616635 133.16885363409588 274.88915831336516 74.60992460489665 173.25 56.25 262.5 60.0
39.40907448359605 0.353291374101561 49.0719626908037 266.77418762044414 245.94601703205598 256.2126003370263 172.5 60.0 262.5 30.0
39.46825437066307 0.325072961461058 34.183009590174066 84.38871633966419 288.87723028337746 339.90408287591333 173.25 60.75 262.5 45.0
39.44897437033309 0.212089002245425 22.505161642485206 181.2310893992117 72.52625193828926 287.94390286813154 174.0 48.0 82.5 60.0
39.485659680869304 0.253383492714823 24.619306260707464 14.612141918218754 43.70013297670371 37.50702185929748 172.5 105.0 82.5 60.0
39.355221401485124 0.324856706821116 48.36423540258441 6.317270405651732 276.6837777910408 248.3274998016537 171.75 78.75 262.5 15.0
39.42281975633704 0.230076516282674 29.79244429239912 92.95297169779818 256.3096887998775 325.7302963643443 174.0 105.0 262.5 60.0
39.308898268492996 0.225154057959765 12.52537658564589 291.8025975531285 101.69113296125565 89.9946321213586 172.5 70.5 90.0 52.5
39.395905057380986 0.261108924548858 26.086476363548478 220.2279644328387 258.63943387614313 238.06417127337926 173.25 90.75 262.5 45.0
39.44102626361946 0.314413804672127 38.92890845257662 334.0788003849885 240.60106585406265 67.63283781821801 172.5 60.0 262.5 45.0
39.340801681281185 0.330082115578138 41.78925170316685 158.28664056903537 102.13975793617752 177.39644369282792 172.5 66.0 82.5 30.0
39.46360992850062 0.318405706154998 29.021805090984582 234.19549667260682 244.22814351775003 145.557994519684 172.5 60.0 262.5 60.0
39.325701874300854 0.40069019542472 52.90113174074662 170.85212066107934 121.84662875822538 266.4520304646092 172.5 52.5 82.5 45.0
39.38685556117979 0.310621262388468 49.243935002563546 136.01784785661096 66.32674327446735 74.44795496077153 171.75 48.75 82.5 45.0
39.36339810889136 0.268607000392877 29.91726538474878 163.4881814440515 226.61073578617547 207.36422135091348 172.5 54.0 262.5 60.0
39.4520397542018 0.345835820757805 43.2789992446363 65.42314415993603 76.80913798138602 358.74687978704696 172.5 60.0 82.5 30.0
39.34143569531851 0.297552801081043 25.08919276619134 169.77641188265102 301.7304651738885 49.71530771651731 171.75 101.25 262.5 60.0
39.50451393169816 0.293822356818266 29.33652243723756 332.82170221268757 56.838735397567156 227.95955618105617 171.75 90.75 82.5 60.0
39.36372249505507 0.378488167762295 35.7787026487476 150.6298543165795 95.00916993687346 67.56481294344634 171.75 50.25 82.5 60.0
39.471000045664134 0.224251919422558 20.035059829690464 125.76480381726678 250.79148084450247 120.03172043679272 172.5 105.0 262.5 60.0
39.377023588370655 0.307032500956529 20.132554497739306 42.74824391494191 241.70949632118163 22.743793684186127 172.5 45.0 262.5 60.0
39.42234727115246 0.240304925428374 34.486057053758756 84.28166458401101 283.53506751207965 248.8763205408777 172.5 120.0 262.5 30.0
39.36149797302219 0.383032487864862 49.25768365346947 257.24998698530214 107.40989314560011 84.76506035568309 172.5 60.0 82.5 30.0
39.26487442390207 0.234376367070073 23.288142754745767 251.50923079854772 275.8462574369121 139.56619647833134 172.5 120.0 262.5 15.0
39.40835043237449 0.266041904990289 14.928535558626383 240.6026453922791 273.6285245850875 224.73876981576637 172.5 60.0 262.5 75.0
39.221545169967236 0.225479875806624 28.860942267644567 48.680885570345595 96.61969453645695 254.45019731263088 172.5 120.0 82.5 30.0
39.40430254371958 0.217481246175396 31.209883521420757 30.47521392759188 262.98243143146664 32.75807129481742 172.5 31.5 262.5 45.0
39.38052844885047 0.21799958385385 16.080823409409188 207.6520175100473 264.4815038867484 234.93922491477207 172.5 115.5 270.0 52.5
39.503664640778375 0.287150831249715 16.824714350685856 176.01716219852352 92.29058372713467 30.00960062078822 172.5 76.5 82.5 60.0
39.357155094826865 0.263917956735091 20.93243941560069 39.57333738147073 243.67907999724122 180.1976320462224 172.5 105.0 262.5 45.0
39.34186473364814 0.241252587626874 15.516951920607166 120.67578645017663 111.08308863512384 336.6349729238046 171.75 107.25 82.5 45.0
39.27427632166835 0.248539383580102 28.979751608192505 286.53742901906844 60.514167424258936 4.995642487683579 172.5 102.0 82.5 45.0
39.29847530582531 0.235743328113446 28.161009829150224 62.89078233113561 89.59646428298764 140.40495846755408 172.5 105.0 82.5 30.0
39.442577094993666 0.263722143418282 33.13789761969828 186.48293215550228 109.06251838312467 225.04073545333046 172.5 120.0 82.5 30.0
39.37390505396833 0.281954246178656 37.68500932048329 299.1288541795962 97.56400522302772 94.72651638360354 172.5 75.0 82.5 15.0
39.3609122979485 0.203675027370526 27.556422169113215 5.532590421801294 291.9961305566363 140.45774665151242 172.5 52.5 262.5 75.0
39.45056207017481 0.428808033902979 45.36121148032466 328.02644352721654 80.28555826966624 61.394709736038216 174.0 91.5 82.5 75.0
39.51520318037884 0.214833285365814 30.4112402527857 125.26448120819374 109.47043154468402 39.09466358668054 173.25 119.25 82.5 60.0
39.45201071996069 0.286093917441105 18.634041718314702 130.36338558468537 81.70454523684532 209.42869928592427 172.5 60.0 82.5 60.0
39.329267452654484 0.313872687527701 48.77101522094749 67.25337021569973 241.58665243183484 271.04855593172846 172.5 75.0 262.5 45.0
39.5523376932521 0.2164980814516 30.211493177315482 105.23902498628436 55.73619721443388 106.76779634893703 171.0 102.0 82.5 75.0
39.38314331911375 0.366789938359883 29.65685317798492 186.5953344653115 271.1562498075173 160.31642141766397 173.25 57.75 262.5 75.0
39.39126055258079 0.327477584638072 33.507823348631796 188.3696532036604 281.403742234669 38.62576285108633 172.5 60.0 262.5 45.0
39.53074957403403 0.295049130684007 43.128824669017774 180.58544663030708 276.47166824596707 276.5488717846842 173.25 78.75 262.5 15.0
39.24158501262741 0.233864990048024 31.28132635578173 224.3991496183717 253.29383781659183 161.24099772777225 172.5 120.0 262.5 30.0
39.357134797441525 0.322820450497681 45.021833357215264 0.720682460597512 257.5831574852181 162.43179693677362 172.5 45.0 262.5 15.0
39.43848364442438 0.290482173109779 41.74064325800337 269.9449390934737 240.96064496932178 237.47153098312413 173.25 51.75 262.5 45.0
39.439689573765726 0.27406264715081 37.4046275723373 171.70861705500775 47.46201956512657 309.88899134132396 172.5 57.0 82.5 60.0
39.397214447536875 0.308607724479691 39.83830115946645 248.11961211455596 79.33180496129505 243.54036873961294 172.5 15.0 82.5 30.0
39.431738464421784 0.352234895437594 43.90797314619795 50.84781780831772 212.25723137018778 283.2995104253911 170.25 62.25 262.5 75.0
39.37416987831674 0.283179429683113 42.08441954376761 46.693493552397776 82.93721689557968 144.08377876263023 172.5 45.0 82.5 15.0
39.530835740538116 0.286642204180093 24.99088629239381 146.66884808869398 104.00564793957143 163.58524708758 173.25 87.75 82.5 45.0
39.43793682207476 0.327051246591061 46.48422934637586 92.27832059023827 79.47596457597683 88.39869542343058 172.5 75.0 82.5 30.0
39.33198830356795 0.247802617084158 25.68588476273759 258.29550823378986 289.1607243173287 74.33418770221209 172.5 88.5 262.5 30.0
39.213065129201276 0.248052178545784 25.823850098407814 346.1184292876553 265.3778701246819 61.58968617858085 172.5 120.0 262.5 15.0
39.53029229803743 0.305587023747184 20.691179444379237 19.106225417188632 252.83466162105222 53.47156323550804 172.5 97.5 262.5 60.0
39.45060244858539 0.235433430124101 40.48089849850234 11.770964736639929 263.91800203858173 29.767083097759926 172.5 60.0 262.5 45.0
39.40061313629211 0.226782208719654 25.702842273961732 74.89909456242617 99.48443925120291 310.47844695532405 171.75 105.75 82.5 45.0
39.497703221426185 0.250900003115887 9.702578037895226 115.97931079807103 95.60366223964414 83.50043499845437 172.5 70.5 82.5 45.0
39.431915581689985 0.293102167981999 47.140419806259466 277.27837007966207 281.15977844566476 83.2276125136212 172.5 37.5 262.5 30.0
39.317062309450215 0.282579460545445 30.441116109527847 274.31281639544875 294.7580378450297 325.67663909698115 172.5 69.0 262.5 45.0
39.455161503698086 0.38176143674969 51.621785051206345 99.53714741306973 109.45021746020902 206.2381354173772 171.75 45.75 82.5 30.0
39.426942211632614 0.270482551212836 22.009448682607577 116.11540211002743 65.55862441969322 227.17866324184078 172.5 45.0 82.5 60.0
39.47443063528348 0.300554371630838 35.523587427796976 253.04966391145956 292.41699231970705 334.077421600293 172.5 60.0 262.5 30.0
39.502140583949874 0.262633319692198 36.78812793341202 39.25634867666218 66.96394022934099 1.33006724251771 172.5 120.0 82.5 45.0
39.40127508148494 0.402138081264207 40.485764051390994 219.97891613857036 79.25777988049806 261.0426685430438 171.75 35.25 82.5 60.0
39.49796599223394 0.352821476748028 54.167746844160064 49.044627763786536 232.21677987437624 277.84606827754976 171.75 78.75 255.0 52.5
39.528959031512834 0.213721076010755 22.535625782581818 115.97309603138449 70.30900830802781 214.36271687930156 171.75 84.75 82.5 75.0
39.42358569878311 0.290478470294489 30.890956662572982 256.54913107619336 87.1927948544129 90.49994743010164 172.5 82.5 82.5 30.0
39.34967667692839 0.26480217537422 22.34006181945938 118.72098810406705 65.30158190145958 324.4533717756709 172.5 79.5 82.5 60.0
39.50446071907734 0.228802688375896 21.789466194589597 91.39127598275189 291.3285054924404 99.14128753530014 172.5 88.5 262.5 60.0
39.46537588493497 0.271114450986915 30.567232258659136 296.7115390750615 105.90008098377142 200.0862135949225 172.5 60.0 82.5 30.0
39.43069311234446 0.231046524919045 26.863406792649066 47.49120364878943 57.045308939974156 278.46082995623806 172.5 45.0 82.5 60.0
39.4811652789248 0.371201487353457 42.01237624114944 81.19150669607711 79.22010219572633 0.351561702080499 172.5 61.5 82.5 45.0
39.40509619655377 0.267369679338967 11.906349113416498 70.36492161974043 248.37644243909153 359.04491368921754 172.5 45.0 262.5 45.0
39.38582283204627 0.235642968286192 11.63442995027246 172.4138231473222 311.2243792077702 279.4208266771279 172.5 75.0 262.5 45.0
39.45755750294095 0.292740513404028 34.74476232915667 5.642987215280987 126.11470045580081 23.6689447511901 172.5 70.5 82.5 60.0
39.41430316229077 0.348724335524418 33.37070477748655 26.69873936140808 94.35470213480846 260.70396550465415 172.5 30.0 82.5 45.0
39.29550297868298 0.354647031508561 51.836734812409226 340.78237606489967 270.8357786370875 303.29601222621443 173.25 80.25 262.5 15.0
39.380063396010364 0.364880001741186 46.90089370348594 10.545953081302079 95.22867704108401 17.619895551022996 171.75 59.25 82.5 30.0
39.47349468615547 0.378797110490692 59.153760407786685 168.59277156684672 283.68889808161487 21.480024359345233 172.5 79.5 262.5 30.0
39.32667957977802 0.335559692121678 47.778071058186335 168.32280597015557 131.28843760872175 152.52515868778738 171.75 65.25 82.5 90.0
39.35722635941413 0.189401253383692 28.047647481428335 263.8379393642631 269.252827251271 215.10852603550396 172.5 51.0 262.5 60.0
39.469525817252695 0.274188926594022 15.978748587330458 50.53480144962285 241.79551419612076 26.910040553255712 172.5 45.0 262.5 45.0
39.46036847046697 0.234098425062543 9.14460561180476 293.1101782594251 248.16344785334837 116.76678463896623 172.5 75.0 262.5 45.0
39.33083949145287 0.274622709006566 41.922117405013836 357.89101866593865 281.73976618931744 162.06996695493993 172.5 75.0 262.5 30.0
39.42701575404607 0.252967227642166 46.48154804008682 295.0203166785782 79.53231863207687 83.24473694229643 172.5 40.5 82.5 45.0
39.37418366016058 0.324425583359954 54.423047322591046 96.74823135300352 96.27805880093383 186.80294479180642 173.25 87.75 82.5 15.0
39.48133287897487 0.303903099360633 49.7546399508712 290.56902248744547 294.832898270932 180.2517120829554 172.5 72.0 262.5 45.0
39.59971088808403 0.2833322152953 36.75586199775557 62.68606532449077 95.30969711200291 111.2982838852545 173.25 132.75 82.5 45.0
39.582821340032154 0.2457050918742 21.975165248520945 75.88142029265941 124.54802680142835 197.61769483160697 172.5 106.5 82.5 75.0
39.495516280565866 0.285804480569023 29.750489904321853 178.58915154860588 288.91666324149674 289.22150002925235 173.25 87.75 262.5 45.0
39.453678617856575 0.252818013754857 26.96194770359578 207.55282533213847 316.1981378837524 98.72902147086855 172.5 75.0 262.5 60.0
39.39091655390142 0.257220933424432 32.38439300181567 159.1949697073596 296.48532292753174 256.30205066063377 172.5 84.0 262.5 45.0
39.40056505890459 0.250219290833832 18.24880303154979 339.3822531321163 48.19592224216729 330.3045177935689 172.5 30.0 82.5 45.0
39.47385394678195 0.234595901425969 22.63205990685505 44.39649291717713 278.0212260283832 250.676436457767 172.5 72.0 262.5 60.0
39.417703679918965 0.280312188736247 21.80698447327802 132.03439074808608 289.37855351449707 182.42930220948622 172.5 30.0 262.5 45.0
39.41547866574175 0.287825860003054 42.32664876002034 80.16183694835804 91.79754211531468 129.6137767450163 172.5 90.0 82.5 15.0
39.3341054246642 0.253410031116928 22.913222666031608 38.9515741987917 263.9480751332469 47.432730450495534 172.5 105.0 262.5 30.0
39.379006219437656 0.271230405970018 30.836926586382535 122.67460851866407 302.85724772010786 50.22596669155342 174.75 42.75 262.5 45.0
39.537748640832596 0.227844732450616 20.549740400592228 214.98739225149967 283.9685429577924 0.485401513655497 172.5 90.0 262.5 30.0
39.42662746501516 0.357641321484181 45.39596593520612 109.26727575438248 300.0346825232192 308.8757674633421 172.5 34.5 262.5 45.0
39.325934995808396 0.272866313116664 27.58932817474145 295.35524733918635 248.59268202771463 224.41524873942288 172.5 60.0 262.5 30.0
39.436570821842984 0.446904574214908 57.48133889429649 96.73172941124922 79.31964823823778 346.6651724733028 171.75 50.25 82.5 45.0
39.29048416083003 0.262753640103863 30.395549395689184 94.762504366508 297.7985832733636 343.315069629073 170.25 113.25 262.5 45.0
39.51016173148305 0.382177385603458 49.28936325183034 62.13267174270126 80.32957921821675 137.10747166234094 172.5 70.5 82.5 45.0
39.413308446856966 0.295357180883936 21.744695865357485 122.46495049659704 90.16708091265379 292.6084404769759 172.5 93.0 82.5 75.0
39.43257527761261 0.353024145806701 31.020987312204046 163.57641404850503 113.25431621859482 160.3154526693434 173.25 42.75 82.5 60.0
39.39866487065326 0.308567896624124 29.9218633370121 293.8894877013019 84.18364629577567 181.65559947909432 173.25 99.75 82.5 45.0
39.481541035184975 0.238960969815536 26.692295268788293 206.63482003411758 277.35294421979927 118.04763258917298 172.5 88.5 262.5 30.0
39.32223574794248 0.360131304661305 53.02993205918026 70.12823099337915 286.12635344787145 353.18241620798636 171.75 60.75 262.5 30.0
39.49609039899232 0.237242984458011 19.866772431402207 134.36824680376847 255.39106180247757 207.49559289665925 174.0 73.5 262.5 60.0
39.38015231249805 0.349531718417989 29.310492441103566 65.83915926786821 295.5085468760097 223.50208831627987 172.5 34.5 262.5 60.0
39.3727719481721 0.329470001437087 34.49059084459679 239.48632937884003 264.566380771116 352.58229531241244 172.5 60.0 262.5 45.0
39.484633956132726 0.374823127011867 55.610166641366376 5.17822704625442 249.7648296396126 178.37568259446277 172.5 72.0 262.5 30.0
39.24547644457684 0.245109425237679 26.18286447908696 306.94076594802107 276.7386443717884 281.0796247201718 172.5 132.0 262.5 45.0
39.365483753901536 0.279245535968652 23.58137004706816 151.07100732824932 69.80937723984158 201.1081979471338 172.5 45.0 82.5 60.0
39.34586637387713 0.325973711487371 49.15973856006567 270.29898971920557 264.5625841713735 113.24750643729892 174.0 55.5 262.5 15.0
39.27407912201126 0.253543807044031 13.281488404529636 119.70304205473079 120.61131744552131 54.566395254001094 172.5 90.0 82.5 45.0
39.410880922559606 0.381959179910009 37.28405769683805 177.11060207508078 244.17004401957263 297.4250244974007 173.25 35.25 262.5 75.0
39.50473884122323 0.285355666836736 29.66099521357457 48.830179076760835 44.29046253068995 295.88078122284765 172.5 99.0 82.5 60.0
39.38909578874493 0.356928791175588 50.85492834005234 179.86211892444456 300.56389755220755 247.5399130466956 171.75 53.25 262.5 45.0
39.445479970400285 0.246412084895928 28.039114223340874 328.6791091912628 241.63628961975252 317.59667787129496 174.75 53.25 262.5 45.0
39.53082771482452 0.28933219612486 20.740775758582416 353.39951286956864 51.437324372291606 177.92847229966176 171.75 101.25 82.5 60.0
39.386773634991165 0.272978661280925 19.888376804753786 245.36402502571974 47.49986834244923 18.794103605982325 172.5 46.5 82.5 60.0
39.278853838392386 0.319457123694647 52.465910021987824 7.406061029546803 263.4072189303353 24.22508527567581 172.5 90.0 262.5 15.0
39.44084976312615 0.329737032475652 46.357693053531484 56.58552274405948 93.9628546962791 1.877695753927179 172.5 45.0 82.5 15.0
39.37312170039176 0.352716405375818 36.26532019170873 31.31164415499457 251.93508100700862 136.5197912338585 173.25 68.25 262.5 60.0
39.4891962717765 0.251425327984953 24.525944243064238 324.65478112008833 285.88166673269177 180.79270129338124 173.25 92.25 262.5 45.0
39.38837939747006 0.315672560597037 21.63972267455474 118.88174407106841 277.91432234445097 220.9789311876293 171.75 99.75 262.5 75.0
39.38717980505863 0.26838337952791 15.993394922831877 179.24287780153992 106.57269458403606 16.926927782901537 173.25 45.75 82.5 60.0
39.32386380116623 0.290596262051198 34.04240295741319 220.4984233593631 259.52798813666436 242.05261289572746 171.75 110.25 262.5 45.0
39.39097348133441 0.334408006278884 22.992651380967093 8.90813017055545 232.32636081593245 61.51752937821631 172.5 30.0 262.5 75.0
39.461540969160275 0.208821586969818 21.21268755218914 349.88027197300573 93.67022108198324 144.4953080783892 171.75 92.25 82.5 60.0
39.24530451013718 0.273974702506496 29.500345940716926 145.58783711810295 91.44273784622378 67.18919372191925 172.5 97.5 82.5 30.0
39.49534601117494 0.288987776301064 23.67361774925831 258.9435098236034 249.66497629041362 237.7751206178009 172.5 94.5 262.5 60.0
39.44361354967895 0.246461795246353 29.80873645853397 210.21832769956325 220.81395807747663 283.4475644469138 171.75 74.25 262.5 75.0
39.337115703250014 0.27343896437219 27.10900871959733 95.56420006824152 103.0482887573287 192.1585915553631 172.5 88.5 82.5 30.0
39.46180398373757 0.361480776579533 49.38887433089189 219.56076122140732 247.67805690339623 148.0214270989588 172.5 67.5 262.5 45.0
39.33452129593745 0.275456474548807 28.020437831555252 177.16328281846668 333.86941245852404 21.107263444272476 171.75 78.75 262.5 75.0
39.44826960909026 0.26491261440943 15.062921629536369 156.81715149589067 260.63993610082974 70.65037119155726 172.5 45.0 262.5 60.0
39.32379476072107 0.370805784968438 45.246582917570876 26.03502451680407 260.6475391106651 260.52811162400207 173.25 62.25 262.5 30.0
39.34122486850578 0.341008559213635 49.70521771771336 139.56030093509224 127.54786521023946 176.4423621613558 172.5 61.5 82.5 45.0
39.346384809729805 0.339273937800612 41.533764996475746 28.434119289798172 235.83978957802475 174.69567933339314 172.5 51.0 262.5 45.0
39.29644127189786 0.217309948090449 19.230169289274244 132.97357366079987 275.6097852147471 209.6440530296094 171.0 96.0 262.5 60.0
39.557498307881964 0.279103401495871 25.210717010904574 37.484229116269475 78.08403370967497 24.456176733983053 172.5 103.5 82.5 30.0
39.32842628832105 0.369396727725603 55.84965290709311 336.57021258296044 268.02640767984093 285.61510615458616 172.5 75.0 262.5 15.0
39.45303027441335 0.246923576579494 32.1888015693386 297.50097851626776 239.11922020064742 6.18917337233527 172.5 105.0 262.5 60.0
39.33402597808084 0.255976505252367 45.702845823525685 223.50711231827606 274.5706064933385 139.6730054429948 172.5 75.0 255.0 37.5
39.413455401144 0.236885735261312 20.138216674780264 3.302794125898583 115.57222602832812 122.23443370501568 172.5 88.5 82.5 60.0
39.33971543448511 0.271585577694701 43.164133220223725 184.43753969186815 111.66619667793074 26.92289318602465 172.5 60.0 82.5 45.0
39.424172547712566 0.336510053751209 45.73621226862068 243.67004391797045 268.29649461601394 340.7308119131671 172.5 75.0 262.5 15.0
39.39188337819749 0.244109232443821 17.911299037198226 249.80244409691247 72.22356594735736 41.73484170105264 172.5 120.0 82.5 45.0
39.39998735928511 0.323350024271398 43.73298555905848 291.74041686215264 271.667270630244 302.59612999112437 172.5 81.0 262.5 15.0
39.574176439334224 0.224065002307612 32.21873492825944 23.217372841750326 83.20877237040406 281.080097810329 171.0 106.5 82.5 45.0
39.29500442928633 0.355890590349438 56.261225020521714 350.36014562644147 279.1958198294386 275.5037135231962 171.75 75.75 262.5 30.0
39.342832643377875 0.260943807947627 22.05210201471161 232.8662801667932 313.1253750185645 118.46204700306426 172.5 99.0 262.5 60.0
39.39003587003828 0.330270244326379 42.031835287227025 11.428011834552002 84.51310993219235 270.0637352028216 172.5 33.0 82.5 15.0
39.38594237715459 0.322481087488384 32.67601315760654 231.67313836656797 260.9109497900709 130.71424851922245 173.25 29.25 262.5 45.0
39.43101027107365 0.298272023334143 40.29922188597158 158.11544646497217 258.67814805694815 290.02887796696746 172.5 60.0 262.5 30.0
39.486733689325 0.272432249810222 33.50406743323517 278.2792241952941 295.5225399582603 73.90774781332918 173.25 75.75 262.5 45.0
39.481719551516946 0.307524000188603 26.61367301766634 34.7849451346943 97.72820337499822 262.77365173921584 172.5 79.5 82.5 45.0
39.50320926251879 0.359764588494618 43.89955891116692 216.76237429000284 62.46938678041833 168.67397907749287 171.0 84.0 75.0 67.5
39.39250130316636 0.240783445528216 18.65667480795232 185.30752423750536 245.94206271787203 316.81469348445984 172.5 87.0 262.5 60.0
39.439283317428576 0.260320188515842 42.56705306063436 153.7825799294547 248.82374909237853 181.03314549850904 172.5 60.0 262.5 45.0
39.57449793866605 0.273118692579572 32.347036092968544 56.75226463620377 281.9719514592266 228.8345338439274 172.5 120.0 262.5 30.0
39.42584891435509 0.314544921979828 51.10094357505245 148.45847239332747 77.2776636982977 91.09170216586922 172.5 75.0 82.5 30.0
39.50048582459575 0.278153271450228 21.95344507757016 132.47326861025653 291.64787349765754 322.4582832532259 172.5 105.0 262.5 45.0
39.36361015063679 0.368923881715754 50.419512450435896 131.1300966294404 287.75885836189104 56.383289775228796 171.75 53.25 262.5 30.0
39.475579510773926 0.26855347159649 33.49686401641885 33.750168361672955 271.0786386109879 127.77111444250309 172.5 60.0 262.5 30.0
39.35138058245405 0.211961360612226 21.08603182166011 175.21222510831402 250.7899065522617 49.67166806400232 173.25 62.25 262.5 60.0
39.389352195779864 0.345266306566247 35.27940887966037 327.6393962342792 233.034697831498 323.4391673482235 172.5 43.5 262.5 60.0
39.41094925363439 0.220026960464294 28.484245823789557 325.74097592559224 274.0065820997893 174.20831722117603 172.5 30.0 262.5 45.0
39.39145499561957 0.273924895138098 50.184079903550874 229.1262668531682 255.08440970763118 23.75326726151489 172.5 48.0 262.5 45.0
39.465097084387736 0.258675556223604 20.77183728190972 219.9646685176977 115.13560363797393 254.0585190745665 171.75 89.25 82.5 45.0
39.4213667313762 0.308785286027235 35.45326654263444 109.02815822921134 134.01485716527847 298.2586618772873 172.5 42.0 82.5 60.0
39.418088620070336 0.218838562308031 29.29959811720653 198.600295732669 301.8820894940916 125.84798058763688 172.5 30.0 262.5 60.0
39.33876632492683 0.399734988456054 51.53053249707717 267.8018235887364 271.80402367724855 345.9859175222771 171.75 44.25 262.5 30.0
39.35967409473345 0.2134282287787 14.754964767642313 220.5710866563827 258.045043560155 127.09510545299838 171.75 77.25 262.5 60.0
39.471673214103156 0.276277991223062 34.941083818066865 343.9676496762661 118.12454613114686 155.92127587667358 173.25 62.25 82.5 45.0
39.36508646737843 0.234242165156395 19.55262489767318 31.28488101363023 264.2160170240671 133.95071335138078 172.5 54.0 262.5 60.0
39.45672541974051 0.268640408843509 24.249603088600168 239.30662952941663 104.07778439847732 334.1858524859108 172.5 90.0 82.5 30.0
39.43932991727753 0.408048140790817 44.500116752805965 295.1573536774174 311.0277143939482 39.96546079330487 171.75 78.75 262.5 75.0
39.37942215236401 0.231104332052903 18.062356918300893 85.06705889899385 290.0513380367547 352.0339965010969 171.75 89.25 262.5 60.0
39.43055003391741 0.290645362787426 40.61235894016173 21.6341312613033 303.8365311398009 108.91333081258335 171.0 66.0 262.5 45.0
39.52334785982955 0.265414303420421 23.666458200206772 120.40546288451092 315.0419111229395 44.43987397821417 173.25 87.75 262.5 60.0
39.53206599393902 0.25441258713197 18.228809270821113 288.7028578486759 281.88183315117124 202.82210391367698 172.5 90.0 262.5 60.0
39.406805172671234 0.23248661187039 28.483049910915557 2.863092203010309 240.70614279616387 25.092618671341608 172.5 120.0 262.5 45.0
39.328569598847395 0.297491463287193 39.09786017849283 31.31293577277595 74.25831020316751 273.9507950110938 172.5 60.0 82.5 30.0
39.42944405017973 0.234901229163752 21.708981076981832 258.6313076702861 138.8443763347487 194.85112700762693 172.5 40.5 82.5 75.0
39.484029620038946 0.270636426319125 35.56883373937734 97.82992743452918 95.16409754098161 214.20950229726216 172.5 60.0 82.5 15.0
39.378432199969886 0.319448513972215 26.56539094040261 55.84939574514443 269.80780184563685 255.00611023828287 172.5 48.0 262.5 45.0
39.48834676093588 0.207610995240849 30.190675294736476 221.11230206594968 59.94650154596445 292.5920027952394 171.75 102.75 82.5 75.0
39.422508850522526 0.352505919635196 41.97781717924834 180.62762371615926 114.9519167476357 249.48416090890905 172.5 60.0 82.5 45.0
39.43826737242708 0.279068569500172 38.862290383599415 172.86211246236536 88.29382645229343 156.4702268471218 172.5 45.0 82.5 15.0
39.46970538535387 0.301925768139733 40.262756791785385 310.9588688537347 230.2384121084005 225.29116808087255 172.5 51.0 262.5 45.0
39.45083511805645 0.264878314139368 26.95848504796039 312.19940071914243 75.34276149094003 234.87540941599272 171.0 111.0 82.5 30.0
39.4922588650086 0.303470367296391 35.01855587340545 14.19486437280851 125.58974508335652 238.1147182416567 172.5 75.0 82.5 60.0
39.52911830393062 0.235220220046049 20.197686622024822 43.52223602215611 275.8055791640198 142.0771138600245 172.5 84.0 262.5 60.0
39.429939006216415 0.249220111626239 29.848340748581116 148.06320659236823 293.8645841032393 40.356208951455095 172.5 30.0 262.5 45.0
39.338404382456304 0.22716923382869 14.33789921323107 181.66393348588016 296.37079268109363 11.214773986447454 172.5 69.0 262.5 45.0
39.46455906277795 0.260224903573258 39.16579670159738 46.45069597963076 304.89167197586835 339.9699439894676 172.5 60.0 262.5 60.0
39.37886730453349 0.290466581915265 25.4715530123682 319.09788862491513 135.79803867828844 145.98181469562707 172.5 37.5 82.5 75.0
39.41269936438747 0.2511147233667 14.30306017907499 164.3165314188638 102.95241666604286 177.27013781399944 171.75 71.25 82.5 60.0
39.47188425156188 0.275383542213579 33.45597961229584 339.7426678778244 60.45415786259543 61.29073768352876 171.75 108.75 82.5 45.0
39.351875579304206 0.21261410685808 20.203756693793647 227.13548128290188 107.74778113852577 128.98019532071515 172.5 63.0 82.5 60.0
39.38861051488085 0.277498410026616 35.06868073954484 146.7668503270737 291.0374586163134 287.58734758639434 172.5 30.0 262.5 30.0
39.475281418351685 0.271269405920166 32.10751826766347 135.42243852126052 85.72365252818011 316.92094386897145 172.5 60.0 82.5 30.0
39.45871250902124 0.255152772089129 33.50325912788018 231.0807724221377 272.68332467328156 214.83334098043764 172.5 105.0 262.5 15.0
39.52755782265071 0.321114051967108 26.422855249880136 26.978148759107597 262.4351431860324 137.46424223478854 172.5 96.0 262.5 60.0
39.27079925815232 0.249285007291763 26.197944846832453 294.88124809712536 131.17086124195148 165.43815881405197 172.5 79.5 82.5 60.0
39.52929364005182 0.298495796335135 25.021594377563606 35.65805835061529 261.50373924294934 155.16242151125016 173.25 93.75 262.5 45.0
39.37954112294151 0.196479188066443 26.578573745778556 284.46804432396937 103.22169933254723 60.15715704659697 172.5 82.5 82.5 60.0
39.38151427703475 0.221499776775349 42.28089862099444 71.03694711222249 284.84002465960225 239.8960759736447 172.5 67.5 262.5 60.0
39.34090303127971 0.227806256908926 13.807907733607763 171.6695940690433 276.12178146676786 270.87413522532927 171.75 68.25 262.5 45.0
39.401307334162624 0.267998507393442 44.457409854310896 86.61812735752828 282.26141402528606 335.4455758380452 171.0 16.5 262.5 30.0
39.460499113861665 0.291036199962173 35.68522110095747 299.94371432655487 119.06905071524302 191.22629612570913 172.5 75.0 82.5 45.0
39.27604100697705 0.254032583450179 17.944717550573458 207.56213447281837 267.636132324207 269.11244222338684 172.5 90.0 262.5 60.0
39.42376153069739 0.333924783732145 26.739049678886694 270.178212737179 284.399564837418 314.87578534501216 172.5 61.5 262.5 60.0
39.3540256685504 0.34338841203682 42.34747107103178 185.115495340059 296.5505092179588 146.6764694513483 174.0 49.5 262.5 45.0
39.51310900885508 0.235330759054789 16.277154535851192 245.2623096488369 235.76883008894293 127.38823644953037 172.5 90.0 262.5 60.0
39.352174949366486 0.271567603917028 39.24293737677477 156.92132223358973 128.68627801704406 273.91718765523353 172.5 60.0 82.5 45.0
39.45025606146962 0.334811429345114 26.278344356581048 98.82660229944274 273.5735763458411 98.87195565857955 173.25 66.75 262.5 60.0
39.398749176931126 0.257538704576676 11.674564305089609 206.9850279973779 124.65082883270837 1.276261243423969 172.5 15.0 82.5 60.0
39.31755767381515 0.258654550575574 42.71878991770172 59.41479099407915 94.75537814402783 227.18251563477332 172.5 75.0 82.5 30.0
39.29609712468362 0.266089620846185 35.399885685713436 1.385134780571778 98.56215595633954 299.64842328569796 172.5 108.0 82.5 30.0
39.37870652595938 0.291947214047068 39.01286599992607 108.24264162969074 123.33657006114073 169.37492225056948 172.5 60.0 82.5 45.0
39.21369189051738 0.243568667025624 26.251403596302968 250.43073469184588 82.89409487136037 220.6628804714044 174.0 126.0 82.5 30.0
39.46800071166214 0.284180961382151 18.675260565287704 36.66938877475957 262.2859937550494 159.8026354671836 173.25 83.25 262.5 45.0
39.481318549659676 0.259805345264323 25.69868479984066 149.12030386260457 104.58466688830283 257.2781062817766 171.75 126.75 82.5 45.0
39.57388633467984 0.271864558825146 24.962171296310203 300.86276252859165 265.147688658177 95.40740835105382 173.25 114.75 262.5 45.0
39.566924410703066 0.2590004742038 21.670278685786005 25.966372629495037 244.4848163447985 143.8128627644094 171.75 117.75 262.5 60.0
39.414457759984316 0.214407006254811 22.56010007528713 244.42479256874128 252.780394607856 149.5515919541062 171.75 86.25 262.5 45.0
39.4277864974127 0.27346875865739 34.97093002638939 348.17481278935816 281.0590555090336 61.6631824695951 172.5 100.5 262.5 30.0
39.275486780764844 0.228283014331013 35.060011716965874 343.56094562783113 62.59498784344043 99.18448448293434 171.0 115.5 82.5 45.0
39.370230472023884 0.26261898879889 16.878209893408503 209.76739578005035 314.58215395900197 233.2436867584605 172.5 43.5 262.5 60.0
39.417727120426974 0.366908819394867 43.63501096795202 231.77809648056004 82.26006499737133 16.141958846387592 172.5 30.0 82.5 30.0
39.24559340648419 0.261675031686972 35.839737516645954 19.591090337724076 244.58174261968347 177.72723541372014 171.75 108.75 262.5 45.0
39.36800556076752 0.305016644039474 43.63003230239855 55.72072954187827 80.14650640489036 262.53185128401907 172.5 60.0 82.5 15.0
39.455168870081884 0.315543857610201 32.61330708996449 98.18387953570661 98.27760988723307 216.80025507955952 172.5 60.0 82.5 45.0
39.48126790621597 0.254614754188227 23.600717514011155 298.630180840292 126.82335722364387 34.43012277294878 172.5 88.5 82.5 60.0
39.48692451245294 0.251311121000447 27.5908511511397 352.2965366782539 111.32683874951046 168.77276817420025 171.75 102.75 82.5 45.0
39.298698657808195 0.268037978212144 39.308439260373284 74.25738503332903 126.9522298905875 338.9333465801235 172.5 94.5 82.5 60.0
39.55623491948167 0.276349846054133 30.894127796651393 87.77768161407307 115.40402341437793 342.7106395613116 172.5 120.0 82.5 45.0
39.26784278817664 0.217463465030045 21.475713969492507 7.051982872493981 85.01045364214573 278.6301047123757 172.5 90.0 82.5 60.0
39.46452838143436 0.250832468220138 21.192277765543796 52.947221372089864 87.57861061769069 345.6640447667534 172.5 90.0 82.5 60.0
39.35968590744897 0.384975895668965 50.888095527661335 104.46696679154964 305.24705293835996 291.6422396434057 172.5 78.0 262.5 45.0
39.59345488206221 0.265901014239633 32.922466787165185 331.4733293055841 104.27578990598391 46.512236871172455 172.5 114.0 82.5 30.0
39.344851988125804 0.313393087461544 28.132417548631068 233.69338330673799 117.11141887259016 327.17420660853736 172.5 109.5 90.0 67.5
39.40081134814383 0.256714417650494 23.96114542726538 28.022814524371697 43.746235541720765 27.956954374856608 172.5 103.5 82.5 60.0
39.32834326016139 0.228660377159201 30.33639354647589 100.09632653000253 64.38004006527926 85.01818601425877 172.5 87.0 82.5 60.0
39.49197835935386 0.227299595848008 16.595768503205633 164.2851915983478 258.9851222524279 182.96432493799276 173.25 65.25 255.0 67.5
39.2431091475828 0.263400325955873 32.261395413333716 49.54159561627933 256.42984948981336 259.3334562519867 172.5 99.0 262.5 30.0
39.40856648849996 0.348921309008918 38.05482832087438 35.610684575265246 266.86012183474014 15.755918281980692 172.5 30.0 262.5 30.0
39.44904949107603 0.202835588642254 27.231946523615818 4.897526689617758 272.97289762387044 124.64408531968918 172.5 97.5 262.5 60.0
39.32308698401537 0.283775407418559 36.0802084856946 192.165963675204 324.14550450922775 100.24334543125073 172.5 81.0 270.0 67.5
39.26729048357508 0.27856690891325 31.73440361453295 122.4167419733319 237.92652953229697 97.44685947081118 172.5 105.0 262.5 60.0
39.405473340232476 0.333468471401849 33.904785008776486 268.6264571139827 40.328405422051596 44.5332868801339 172.5 73.5 82.5 75.0
39.39677301739787 0.346017443499125 25.720807184227752 52.20940065549964 267.6383961044618 121.84830876403703 172.5 30.0 262.5 60.0
39.46747805869888 0.2339959981306 19.429856993573033 259.2444221706194 84.59237245851132 237.8862275274211 172.5 60.0 82.5 45.0
39.54493184236141 0.228925255988822 11.366288309698739 319.69887131424116 239.80105220076274 66.5759631951345 172.5 105.0 262.5 45.0
39.491139315755085 0.246785217389464 17.061485280910627 34.59395722547891 105.7477094640638 33.988569230806306 172.5 105.0 82.5 60.0
39.520184841957494 0.267972522804702 14.060865579601902 45.894999277848434 74.25753332071494 253.8630857884784 172.5 75.0 82.5 45.0
39.44111967531923 0.294653625255088 29.5439468452648 297.1971456371298 212.34020662599627 117.90411801545307 172.5 58.5 262.5 75.0
39.27860704857269 0.384566793010752 37.9790888313753 270.31737141563804 83.03612176618054 224.31212258812238 172.5 73.5 75.0 67.5
39.40504832537481 0.328427180407026 29.047202808299467 100.97835949051863 100.77250097865083 99.73804562735195 172.5 60.0 82.5 45.0
39.55886841169119 0.226006969580555 24.326635452478172 241.66823718890527 88.50123513360964 16.86252314445096 173.25 107.25 82.5 45.0
39.42936745226602 0.318912222581253 27.64238387705676 303.710891611297 270.53742843892957 75.46567959190666 172.5 40.5 262.5 45.0
39.42574678215105 0.255099473501796 30.110952920265607 149.69449177562592 248.80527405974925 199.0862185748883 172.5 31.5 262.5 45.0
39.20596109761649 0.262070552277264 41.600722815383875 127.55594212561208 74.60478134303882 196.65252944702968 173.25 120.75 82.5 30.0
39.43968196578241 0.248852499441392 23.864732965517984 107.67457035006011 68.3363369945638 124.637214280898 173.25 87.75 82.5 60.0
39.54451142853956 0.28861968827947 31.53670216699595 51.6679613954668 249.26081794136502 359.305108807779 172.5 111.0 262.5 45.0
39.40407859297343 0.202334250803645 29.642557983790844 185.51748655740832 299.14965542363313 9.832697943734406 172.5 30.0 262.5 60.0
39.60728080500694 0.261437392398279 20.91276763791658 193.38978478205115 94.3314811673399 39.01365106665883 171.75 117.75 82.5 45.0
39.30833422722425 0.220493902763818 25.520978357932904 113.53125511614104 251.20356757874077 315.46887371907917 172.5 102.0 262.5 60.0
39.43087013644065 0.365227790559562 37.28128902701532 278.99009949996326 71.85198693134087 213.50329426757986 171.75 63.75 75.0 52.5
39.35349240573142 0.377964024402872 42.40467496103529 144.76320482213373 52.827011967026046 72.66648705664039 173.25 77.25 82.5 75.0
39.43184697893407 0.259541180619678 34.84829121210051 131.83735494754401 264.47816726080043 286.5872463694935 172.5 102.0 262.5 30.0
39.36423297095963 0.311188315124149 41.38196553490642 31.066015396257168 252.941380214295 171.31715276484633 172.5 75.0 262.5 30.0
39.28846488046268 0.316026788747049 30.480694862418822 160.5469191553213 88.9388884897493 182.77829481913534 172.5 88.5 82.5 60.0
39.32416936284073 0.314803823586051 36.73822325099385 134.82817947011452 297.98723244915175 45.66846874126011 172.5 75.0 262.5 45.0
39.383643179916426 0.243107030868669 26.259853591141887 267.41891182524813 131.05138770301173 64.28707767124432 172.5 64.5 82.5 60.0
39.24079407686005 0.222768919580067 22.921218039072798 252.9096700265073 82.4609588416053 329.7906150876142 173.25 120.75 82.5 45.0
39.37162876861891 0.317430377809512 43.92530121227578 217.08069810857108 68.27076063770185 24.072542372316054 172.5 45.0 82.5 45.0
39.482124844695605 0.261196848511024 19.21572010618509 82.97416823656671 270.7352721748541 92.55449339485284 172.5 67.5 262.5 60.0
39.42033484662456 0.400683839336714 36.50139150892081 212.7913415351878 99.29790251692668 12.333565236185096 173.25 51.75 82.5 75.0
39.239059345373036 0.245281035698134 21.210142791785948 42.88301176235721 224.48534220520972 290.7821831399549 172.5 105.0 262.5 60.0
39.48295414160104 0.358795979280234 50.76963090581774 311.02812490890864 258.93301927669614 193.95028734670154 170.25 68.25 262.5 15.0
39.34950654683082 0.370992980656635 38.880798250223044 14.769040024226722 291.4558383360151 241.23841051946115 173.25 60.75 262.5 60.0
39.40824743395664 0.21338699928004 18.03097241862623 243.05403579104188 79.7401292222372 221.4642618973563 172.5 67.5 82.5 60.0
39.41028859859422 0.236608837045341 40.765802332722494 305.9774554785777 282.82324592574776 77.84935790819075 171.75 50.25 262.5 45.0
39.46385195167692 0.230381086323366 27.586553064426433 215.07408277383158 281.5583432540581 352.33891084806726 171.75 89.25 262.5 30.0
39.40364993218215 0.357492972203356 37.31745654530844 38.7871857655587 75.47198310785767 129.37139089575115 174.0 61.5 82.5 45.0
39.49591614161225 0.342815875947468 53.02650151769946 344.60562664773283 277.91171383297444 272.1506752478994 172.5 90.0 262.5 30.0
39.475471020836224 0.259070773260645 25.25598721185314 85.43860426354043 140.73158124697383 312.8886870280437 172.5 63.0 82.5 75.0
39.33233324026592 0.245245766583661 15.722700302347933 248.4132203198791 285.3114708106663 123.71688502254948 172.5 66.0 262.5 60.0
39.29105452738619 0.214405548461838 30.99496345433073 268.39282885279937 300.29791530356425 230.66121958694424 174.75 110.25 262.5 60.0
39.4443364018709 0.24329777561955 27.09779703728576 306.02311593158674 38.44015883411118 242.32958885516558 171.0 43.5 82.5 75.0
39.293618276551335 0.286882592854492 25.636374149745443 301.5440563420547 243.6616930650157 333.04383076121434 172.5 79.5 262.5 45.0
39.46090134759904 0.270665939044865 25.8567377284132 313.4657767566468 268.4498581050718 330.2155665771843 173.25 89.25 262.5 30.0
39.3491094994584 0.267794504600402 34.65068223737329 256.472264623294 98.43471022707719 69.61115612008892 172.5 120.0 82.5 15.0
39.440886548628065 0.253094691477628 17.835007241749516 121.89264902215268 285.9182794048348 211.30383744580448 171.75 84.75 262.5 45.0
39.42968491491063 0.251724958519797 32.28495560950989 220.64574936793548 298.0273027577008 97.35620395286308 173.25 62.25 262.5 45.0
39.33950115704155 0.317209679828183 20.65127999191351 107.75564754393203 254.01542334614814 103.05730957635997 172.5 64.5 270.0 67.5
39.465238594368664 0.260421982191778 32.47416863989453 201.14335279607246 33.50352976850188 309.43331596127916 172.5 67.5 82.5 75.0
39.30806848071238 0.245428524073528 12.029715228314709 130.90229317255154 300.08041644129725 295.6088827533299 172.5 69.0 262.5 45.0
39.19037885244205 0.247065618845299 22.914179607896063 95.06260986325472 294.2106430028996 322.4972457172774 172.5 120.0 262.5 45.0
39.41004423193636 0.268163406989962 30.89749346868024 242.37248262356502 86.55594343454943 122.8682679501653 172.5 15.0 82.5 15.0
39.37706664562191 0.242405948428922 47.96891327312367 331.9368673454482 93.0711827510755 190.7517735091792 173.25 75.75 82.5 60.0
39.51195705336122 0.282245198183718 16.651454422793027 78.95570802724372 116.79967045731692 332.79972355933967 171.75 83.25 82.5 60.0
39.40444514642153 0.23846633744925 17.767728874641822 153.5887478121959 286.3252856943652 175.28579503799176 172.5 39.0 262.5 60.0
39.5453223027042 0.260953248602387 25.951219847001806 255.31895468453854 115.07886906276549 114.48308648182525 171.75 116.25 82.5 45.0
39.505345439728615 0.286335634344512 24.173999106864663 185.77579749886263 117.34219795756314 359.7346553357912 171.75 89.25 75.0 52.5
39.535564517996455 0.264751727718512 29.446264313608268 214.69533229669827 104.62197392708323 105.31596055312838 172.5 105.0 82.5 30.0
39.55136025391384 0.313703249105818 26.791884875380514 107.14888676742055 280.3151399063173 324.3809005417697 173.25 102.75 262.5 60.0
39.26394657070052 0.272246134519815 21.30989755994242 96.4796808773043 264.9149649992778 215.32438460660035 172.5 78.0 262.5 45.0
39.4043581772634 0.334716930641368 31.07164555280152 37.519723838784174 259.1104702752216 14.279084899161033 172.5 45.0 262.5 45.0
39.39783866102003 0.263079283592147 34.09477875066012 148.83938968224078 102.15458351650388 65.17237376765834 174.0 51.0 82.5 30.0
39.37109632637977 0.276058716307933 25.45844867402679 108.28420538215036 142.63483187212702 44.13331560196634 172.5 49.5 82.5 75.0
39.272799236827716 0.264537495175646 18.686568393002258 326.43499519196837 67.56692345979594 329.06250572595087 172.5 90.0 82.5 45.0
39.32587431930376 0.196964330901137 24.08554627203425 199.498617567993 267.90312064151044 297.4297638042723 172.5 105.0 262.5 60.0
39.394866945433705 0.246735265259093 16.729352682484798 224.66245842109677 235.36944882285576 29.452849677336467 172.5 36.0 270.0 67.5
39.40641868554713 0.240539431302287 13.867585795305619 304.3117266665152 89.17453302271443 299.3676451916716 172.5 66.0 82.5 60.0
39.37312311646045 0.312351428700755 20.66185931822236 2.538432770940839 274.4651175009661 28.882894256798497 172.5 45.0 262.5 60.0
39.54273742750393 0.2266345960621 29.631267645522215 287.94264483166205 91.34025382270997 221.87875665540145 172.5 97.5 82.5 45.0
39.210834108634195 0.241635772890253 32.959374424931056 299.1385579520864 267.0386256498511 311.14561817793344 172.5 120.0 262.5 30.0
39.28925953625652 0.2846170518843 22.951212284497622 89.12715976861618 70.6021402707245 359.34300793281784 171.75 86.25 82.5 60.0
39.48332636109626 0.306774369543847 23.902518489357114 127.72729819598372 94.45683348917036 73.6943703118753 171.75 62.25 82.5 45.0
39.39073656653776 0.301706562876817 48.04590981010743 129.6540040869358 265.29768987644815 64.4956863011109 172.5 48.0 270.0 22.5
39.37910642679235 0.323780694605132 39.83110521309764 239.49794078258958 61.2926649888874 248.10586592961437 172.5 60.0 82.5 45.0
39.40022853196108 0.262327265150539 27.536858765218202 353.12792056993163 255.19398980775048 190.28046280660385 172.5 60.0 262.5 30.0
39.35972285190576 0.338613616766093 50.68681196845716 126.8547884774525 229.7930299949496 233.09271465827965 173.25 54.75 262.5 60.0
39.5155724024298 0.277840486937275 34.94014324030866 65.0772224261007 215.09051178920603 283.3030441284154 171.75 78.75 262.5 75.0
39.41939914722222 0.276914321981257 44.92350312969225 324.9450549507879 129.30072828868228 20.059450205182596 172.5 70.5 82.5 60.0
39.31740088903179 0.372929150464805 56.49422650553085 158.80440423718042 288.3688764703074 289.4335958816649 172.5 75.0 262.5 30.0
39.31742437599151 0.244383114133666 32.19051010081233 282.5422384492503 61.85527390746734 7.113555939348162 171.75 84.75 82.5 45.0
39.37954113254833 0.226479043630249 44.985354289286676 217.2741532635768 112.55454219742656 234.72160716373855 172.5 67.5 82.5 75.0
39.29790139731476 0.268946996906351 14.805887623740977 74.15912513365353 286.94217778387946 356.17311269764207 172.5 90.0 262.5 60.0
39.476795953729756 0.26401580003627 16.069867165855168 14.512267674193653 48.83416787705053 45.291517724878865 172.5 63.0 82.5 60.0
39.24087376752634 0.235829777683 20.567608792372695 359.09417145133324 257.24412485852883 161.3271665834695 172.5 105.0 270.0 37.5
39.33748698750929 0.16776676223621 34.17479388858454 222.57970711738957 277.58906774860776 10.065999044133246 174.0 70.5 262.5 75.0
39.446514438958125 0.349977868653854 36.947044905220366 182.83315723326885 307.00008450599677 18.931301691585755 171.75 59.25 262.5 60.0
39.34555275968551 0.274209847648312 30.155467953060196 102.04023392784346 296.0168129969644 226.56188003515467 172.5 120.0 262.5 45.0
39.55172105895425 0.287014722054749 22.379662865129415 304.09263599425844 254.5583270348855 194.77632824676644 172.5 103.5 262.5 60.0
39.48327129672306 0.236689748377571 22.61990077415255 51.72957745484714 279.9401916065993 211.1464451388631 172.5 105.0 255.0 52.5
39.329492536381366 0.232555935997919 26.49673073240519 178.9657683139553 239.59586588731705 309.83140113663336 172.5 63.0 262.5 60.0
39.375236279347135 0.359161601855152 50.54542233902221 33.48915417228126 215.2271782587597 71.44644638124379 172.5 69.0 262.5 60.0
39.43004329494712 0.310170946030124 21.84200784885478 80.31052719330097 84.4298516282221 209.04280537129657 172.5 102.0 82.5 60.0
39.36813741350813 0.310811724978926 35.86598750903888 118.91647303469817 218.1161073723942 248.77527984828882 172.5 54.0 262.5 75.0
39.47080971426059 0.323956001178143 40.95138169320081 193.60249903743292 127.10853306484175 250.0025462715256 172.5 70.5 82.5 45.0
39.55854317957962 0.295649311712317 26.475907462067067 126.35613737923063 105.40320836728658 294.78589704885326 172.5 99.0 82.5 60.0
39.4615261263409 0.205535542244868 28.13192520209434 104.18062414440756 282.8888970208903 320.79346509289195 173.25 45.75 262.5 60.0
39.49364356845339 0.254103340281132 21.656137288132737 293.85947249975885 88.56304704050763 340.73060445921647 172.5 87.0 82.5 45.0
39.62663501258954 0.25583533893267 13.148536104006332 40.68525583213541 241.81178350161423 156.55429947575243 172.5 115.5 262.5 45.0
39.33613394653538 0.246494741667519 31.57809623719414 272.5039362387543 94.10856326004759 129.1263460360958 172.5 120.0 82.5 15.0
39.49876366411805 0.248655212000487 22.94039264861559 107.53276119563515 81.53473072456624 113.09841350720654 172.5 87.0 82.5 60.0
39.50087933608644 0.248314679769052 22.61313242076925 262.4277211712874 304.47283490448973 192.52652840966303 171.75 92.25 262.5 60.0
39.60598483321181 0.276301772517302 35.79696721894787 40.55637535245831 97.05200180283516 17.203547239658597 172.5 123.0 82.5 45.0
39.35160049192705 0.260000713570507 10.961792398815419 108.19910359989827 271.05015262597857 81.28493537353175 171.75 48.75 262.5 45.0
39.33917683935658 0.393050410187815 48.03345945668549 238.43967236589793 70.10857009929975 121.89769211883011 172.5 58.5 82.5 60.0
39.30489302039252 0.24239457687703 20.89405554728997 86.30557604278992 255.27817286063987 0.177180905721562 172.5 90.0 262.5 60.0
39.42693139765657 0.391441456425115 48.348141853276495 83.44114931747197 98.84572029207447 217.50414473341382 172.5 33.0 82.5 30.0
39.34901804565928 0.285467236957375 41.512906381528566 3.77673075009703 309.02448629086547 4.825348769115519 172.5 37.5 262.5 60.0
39.32867626591427 0.336662199245158 38.03720964008108 334.8664149113494 69.46432509914183 87.35544547245787 174.0 79.5 82.5 45.0
39.385235812016234 0.314970753717985 40.12266143969029 54.58161595820532 70.76988152268729 244.18995514699628 172.5 60.0 82.5 30.0
39.40355426851064 0.3392855713618 41.196637533096144 192.77969949321056 83.48319526825513 284.7353745380419 171.75 35.25 82.5 30.0
39.54041716805453 0.268235281651332 29.37754899786703 37.49384001245141 223.6326838404372 154.163996959464 173.25 110.25 262.5 60.0
39.4134239259378 0.290023133818333 18.540219044950224 10.614755925457345 78.1327530896917 138.36110996081854 172.5 79.5 82.5 60.0
39.42401381195653 0.302946165017682 51.314384557071186 285.93532743108244 260.5862766807422 225.68211075998272 173.25 42.75 262.5 30.0
39.401644421631964 0.251735957121601 31.08136924835738 19.185873212607415 114.11664465450957 353.3908869433939 172.5 79.5 82.5 60.0
39.538042546051706 0.24681883370136 30.671841813236245 163.83173154665403 122.56626893494301 268.38508995538723 172.5 111.0 82.5 60.0
39.440562512498275 0.252637779572059 18.59998679281171 225.11899669727967 285.5754482164401 91.2993848944288 172.5 105.0 262.5 45.0
39.50681199031446 0.266533791619066 22.87281076069632 232.58921513939046 127.95552415119194 105.67168218491756 173.25 90.75 82.5 45.0
39.42932644089641 0.32116992489939 53.05617360767557 144.0581107798191 264.65224938644405 283.57831294578403 172.5 90.0 262.5 15.0
39.34658795554107 0.327369134683924 41.60878899674645 75.06400679946127 242.33412069236232 9.238429049035888 171.75 47.25 262.5 45.0
39.34258662193037 0.231341328048603 22.06148293325543 145.66704910076632 213.48904943519983 84.01580313213955 174.0 88.5 262.5 90.0
39.35011755402656 0.234525167513449 38.498359573138835 279.1833119125246 235.17126730014218 127.71953985269353 173.25 41.25 262.5 60.0
39.433791699069396 0.25336659198713 20.16905057306223 142.53420638364892 288.7406301691168 166.97944205821827 172.5 45.0 255.0 52.5
39.43766494995981 0.301890645869038 23.35286063455088 37.04014740529151 272.2443601388952 231.56755524167713 173.25 81.75 262.5 45.0
39.32212063610425 0.223802312917283 16.110766546134535 239.91725245529292 92.40947094222746 114.87220839619908 173.25 69.75 82.5 45.0
39.2687937742257 0.262719534633853 16.27289259354127 352.77044033437517 86.3538258073049 301.6900061333864 174.0 100.5 82.5 60.0
39.50181308557195 0.273295202167175 19.246851749952953 128.88088282989852 46.92862395964271 91.04878655270419 171.0 72.0 82.5 75.0
39.273686909514886 0.273559407767699 16.09599963873661 34.54593662646682 51.41646824495617 44.86039115988511 172.5 79.5 82.5 60.0
39.471045622691804 0.233714270630358 22.10172986390127 351.17639467077225 282.88824350907896 150.09898379338392 173.25 63.75 262.5 60.0
39.28518680537017 0.312283491319162 28.584319429255928 209.0144527401309 284.753828192702 6.455784610407207 172.5 78.0 262.5 60.0
39.399297151379024 0.261278902712482 10.158886782898954 107.57700995836191 265.93034804323577 318.5430576114056 172.5 64.5 262.5 45.0
39.418374617265016 0.399000645608407 53.91243912698869 295.75139841729026 110.46256201693275 81.0063708196882 172.5 42.0 82.5 30.0
39.46170058187193 0.275276258292434 44.84920586424647 291.88963208977606 93.09528987274896 208.79065701025655 172.5 60.0 82.5 30.0
39.247661942878196 0.256894183650739 19.938339615022407 233.60507575540845 90.68462037544032 231.68498597729814 172.5 105.0 82.5 45.0
39.459571052824664 0.345110691776186 36.25417919651853 149.7409512306217 96.28890979582543 286.69793962457993 172.5 60.0 82.5 45.0
39.38898014864558 0.325537338262241 34.51480581457598 144.33956323064444 227.4002004210666 96.12299918651489 172.5 43.5 262.5 75.0
39.317875806730356 0.337782902238493 30.19763614091211 347.6750589520183 220.29940851596234 77.32152179658539 172.5 73.5 262.5 75.0
39.43658543327164 0.277195546101199 29.560353849458814 54.43145573867557 122.40126469237327 233.62967654194 172.5 58.5 82.5 60.0
39.41672523152714 0.306111663188017 19.011236509972605 301.13317970719754 294.9836454294882 183.45412890385646 171.0 28.5 262.5 75.0
39.34011844293797 0.34872071618117 35.00140227317207 49.79397578524471 73.59362695526119 143.10320140954337 172.5 60.0 82.5 45.0
39.39445425066303 0.261439454506404 17.47397613941948 126.54563031002293 281.57717428203046 287.1034489326914 172.5 75.0 262.5 45.0
39.40608682232586 0.19242635498589 19.66311398383545 347.35083918846397 278.2259264477656 272.86455005400796 171.75 35.25 262.5 75.0
39.35140710438126 0.287261242559764 27.366591398531483 298.3375273989583 279.49694179835996 69.86406843270942 172.5 45.0 262.5 30.0
39.33929746603628 0.358850666914715 33.04649523121804 213.50339481894844 74.46218389331388 27.848369655980672 173.25 63.75 82.5 60.0
39.397813030039146 0.264179397796208 51.68131135008078 146.15034408613613 270.11045780858274 173.40640953083008 172.5 60.0 262.5 45.0
39.544508190109845 0.292948558295858 31.11709757791103 69.90474645651355 276.0468829049747 100.7422784892429 172.5 100.5 262.5 30.0
39.45039907244482 0.389315399444629 45.868770275578804 352.9826661994177 67.48096829670652 305.82885330872807 172.5 55.5 82.5 45.0
39.38961230745149 0.35189762282532 53.22247146527114 211.8723530931666 111.7659185479638 104.41738963072375 172.5 72.0 82.5 30.0
39.390977102819 0.22829758826649 29.145102876845105 180.4265316063459 306.4548109587258 284.2745373343224 172.5 102.0 262.5 60.0
39.291027508805016 0.241512277782223 25.186892996609735 45.50083038316308 64.44763914016205 248.53670528005551 173.25 101.25 82.5 45.0
39.49337715163442 0.237793070976952 15.12553988201013 89.30825976689175 289.33891438981857 359.8150989402802 172.5 120.0 262.5 45.0
39.45683936324707 0.212185055634129 36.27480666991334 114.26880275637295 227.8071079317613 352.75544883936794 172.5 58.5 262.5 75.0
39.39585231726343 0.306298838529252 25.422557046652187 159.8655143185821 131.8440329080113 130.82854982016357 172.5 58.5 82.5 60.0
39.419678445170916 0.260844976773586 21.104849785939454 78.24963990999598 235.58261101467144 227.83169945982954 171.75 95.25 262.5 60.0
39.46759247113521 0.237422835327927 26.939617989821862 325.0167516872629 282.75233595076674 42.057122130386645 172.5 78.0 262.5 45.0
39.46097968648024 0.255781358791807 25.23162384357498 256.27034661313263 135.00471510310348 81.64862197259157 172.5 60.0 82.5 60.0
39.23392533591173 0.276877088789786 32.703560133717275 117.9576757755002 68.90064460146402 348.0268011833961 171.75 101.25 82.5 45.0
39.32328525455824 0.279050372600802 32.81895058768183 102.8020212168599 205.55438734782146 15.194492750914904 172.5 60.0 262.5 75.0
39.437775556944146 0.241731604225736 14.347961259331328 350.4762641582829 272.75533529032384 12.088571212476802 172.5 108.0 262.5 45.0
39.36739595522284 0.284518869934912 38.65297755146016 236.79322300008855 279.4692514197859 241.22474210152058 172.5 45.0 262.5 15.0
39.384504925880776 0.227304890958234 23.02089303776835 271.66264818766007 62.26207956712129 124.77696028033473 172.5 40.5 82.5 45.0
39.50575439240624 0.29307925344459 20.66881120922315 228.66078961708405 84.20476567912466 22.76662820620188 173.25 87.75 82.5 60.0
39.38119412331197 0.332573666666374 34.310247569191745 244.74131665361324 253.50302598614178 358.36548246243615 171.75 45.75 262.5 45.0
39.372230105979604 0.264358099925565 14.529371160509799 88.98956713410168 119.21589365042026 175.01813116173545 172.5 90.0 82.5 60.0
39.578986053883 0.227265581328344 14.639201080985037 143.98081254189538 276.0109899072006 75.65095054975924 174.0 106.5 262.5 45.0
39.391027946896735 0.271579977708525 32.68120295307315 164.02948437033942 106.39541869204108 297.4128125351018 172.5 67.5 82.5 30.0
39.484759490431074 0.237871807398316 25.70693828552694 180.034519864072 118.1189785141234 248.49130966659803 173.25 87.75 82.5 45.0
39.314190026329825 0.257142821253361 20.111567066536207 19.342328625213817 40.363561261423015 307.346923524012 172.5 82.5 82.5 60.0
39.332216332844396 0.310623759888924 32.88067739630614 155.80134393586158 306.6675385825237 145.79151431368308 172.5 60.0 262.5 45.0
39.47389293849696 0.27444697522932 20.33026094812561 46.60195751244288 272.75168091640137 359.6073711282219 172.5 85.5 262.5 45.0
39.50321433757492 0.305565425621938 45.66795281052522 36.029430923571915 79.04151454953646 258.0068199216597 172.5 75.0 82.5 15.0
39.4327811527381 0.308012386690392 21.04987686697438 149.0739407164691 251.66255419607046 63.81694363406846 171.75 57.75 262.5 60.0
39.43642550799094 0.261602276137656 24.022710331906328 38.97332320515853 254.06596428929498 18.139682073594162 172.5 45.0 262.5 45.0
39.39631398436678 0.262441826080956 41.6763892079596 342.6012619670502 98.34346364755343 50.41043744968949 172.5 30.0 82.5 30.0
39.47595165282855 0.270106141149692 34.10298868144313 197.0177772250476 247.47032815728403 278.54696165835696 172.5 60.0 262.5 45.0
39.53201809136036 0.223756757686114 16.87389050386419 338.67178254335244 242.4146066600697 327.4834421411176 172.5 90.0 262.5 60.0
39.55802087653519 0.225981519882942 23.012014953362797 333.7532168080564 69.68712265580879 178.23533552334027 172.5 105.0 82.5 45.0
39.428470770092524 0.207654803824565 34.88922564791993 5.22408516777278 307.1967685217063 6.025814241285587 172.5 52.5 262.5 75.0
39.442470892075534 0.264737710836301 42.868494835139046 300.6494780366746 54.16673625488998 111.77359294203124 171.75 53.25 82.5 60.0
39.31486829166341 0.321500978085201 47.46579256136485 281.1425345291458 267.5104792093955 227.3356917368666 172.5 75.0 262.5 15.0
39.37591855852314 0.257712515344318 19.621588157141275 41.708782206355416 256.8783530356011 43.86676731664038 172.5 85.5 262.5 60.0
39.57990394723009 0.284300161827892 31.72960866853928 147.25044033433207 270.6821255135299 305.04060308218965 174.0 108.0 255.0 37.5
39.35342562240848 0.27504583457131 24.51539188592288 42.84875390612089 82.71446766377086 250.44645719667045 172.5 45.0 82.5 30.0
39.59628304083551 0.269737388726904 35.98590370233095 223.81258579697231 21.654950692456502 291.1346060461538 173.25 116.25 172.5 165.0
39.41859916639825 0.349285483202218 54.0240705253215 178.23963211500634 264.10865787825713 64.99726262869294 171.75 68.25 262.5 15.0
39.485560651451586 0.245857585631025 30.798037085267655 211.40306647749023 121.86382158692365 252.87025015063182 172.5 99.0 82.5 60.0
39.26099952892151 0.244758452700197 16.164037542807705 195.15480762526346 140.57479481979883 343.6938745383967 173.25 101.25 82.5 60.0
39.41867766330923 0.343193504743976 47.006812147834474 279.25620524836904 256.0991376904342 216.7769863946114 174.0 36.0 262.5 30.0
39.339133886013975 0.223505912006134 17.108134328529637 182.06407320815094 92.0445389954076 293.4706562295454 172.5 78.0 82.5 60.0
39.429542034999145 0.254440697520186 26.2084684200759 120.75831725750756 260.81437604883234 359.2735243284368 171.0 109.5 262.5 45.0
39.586284782809045 0.29428368527075 27.216057647715786 151.638365987496 88.638679199428 185.09261214600807 172.5 97.5 82.5 60.0
39.4971282353972 0.326724724384091 30.427619300077527 293.51218854437104 66.33528498108815 332.1736592835324 171.75 80.25 82.5 60.0
39.48288294672129 0.246315583439435 24.08731764062976 152.6428694916132 111.94046482493522 12.25400634943826 171.75 111.75 82.5 30.0
39.36853989518406 0.342613282574826 48.99498262251353 133.49791982503186 110.85703882717324 283.21177382565196 174.0 61.5 82.5 30.0
39.49653712630569 0.348361580031308 55.58278482074312 177.3939627172498 264.4001461425146 281.12128767445085 172.5 60.0 262.5 15.0
39.38567566131467 0.403655085357782 50.746555686316036 211.31757490654155 62.05043117641997 33.87082877411393 171.75 53.25 82.5 45.0
39.411519831457205 0.254855464469004 16.227361666287628 3.189650399196094 253.64916530037453 79.48094884097767 172.5 105.0 262.5 45.0
39.50334583422041 0.265988616522931 29.122519052372375 74.30623260144871 113.97089029441346 357.48878537149636 171.0 99.0 82.5 45.0
39.4638212343669 0.257251645374892 19.10368282645022 270.2744471482306 268.1657588960759 215.54557703798662 171.75 59.25 262.5 60.0
39.44412822957019 0.274601939749334 20.009224424736388 5.547814735004666 269.12794477068724 187.77760821313416 172.5 118.5 262.5 60.0
39.409673489882 0.29380130183978 24.183615953921404 139.27014683691476 109.69870939956566 286.7872267508534 173.25 42.75 82.5 45.0
39.56626935959333 0.284703124623487 29.501258620327977 105.48946020328962 237.42203385107297 340.3610126120907 171.75 108.75 262.5 60.0
39.47180266861676 0.274233286900963 26.480337299344402 343.93980970993226 292.71981404863175 293.3880347913637 172.5 100.5 262.5 45.0
39.431306517068535 0.318395348223092 50.77903903276273 87.22018407598718 67.97427165009222 352.7245646828464 171.75 41.25 82.5 30.0
39.37486789023553 0.174184663327841 28.548363975927874 179.45258295435877 291.6632045583437 274.9072043278001 173.25 48.75 262.5 75.0
39.40194666334207 0.415394045367619 52.454162886435824 178.14322334722857 73.30225262875274 161.28944357736094 173.25 69.75 82.5 45.0
39.40787593280124 0.251622556093475 23.012780267292023 259.45816276206847 43.22754386402757 23.433739969323607 172.5 30.0 82.5 60.0
39.34255545089402 0.257502062316222 41.105503284610265 151.1227936178696 312.8327318236965 142.53092578964734 172.5 54.0 262.5 60.0
39.366265155519116 0.335802843290216 49.373803786342606 139.81627372015683 296.33806303237344 60.65138926694748 172.5 60.0 262.5 30.0
39.341791707352996 0.330205223163545 32.11867893790415 224.49312909862186 116.19154235900189 346.6416989651245 172.5 58.5 82.5 45.0
39.28914213491027 0.252112742589349 32.076656678496654 44.90029716616103 262.20459785014066 19.744896220877045 172.5 94.5 262.5 30.0
39.36993223466983 0.305863302193292 41.82472500767081 295.20293099485735 115.74238016005405 183.52514459476404 172.5 30.0 82.5 30.0
39.309737289248886 0.221302445580665 17.489817385173684 223.23242491828654 118.05104228014858 111.99998138957717 172.5 75.0 82.5 60.0
39.44553311301346 0.305603736608231 35.568317228266864 92.43534384219095 77.16830753873457 357.54681455326676 173.25 50.25 82.5 30.0
39.459568823318676 0.267397411817352 44.44637784160512 67.86147613666623 118.75526179592089 91.19235077038901 173.25 60.75 82.5 45.0
39.36964216563719 0.283543233022633 26.72057371777146 324.46296981023795 60.279768323681374 327.9788682459583 171.75 39.75 82.5 45.0
39.43385955987587 0.255345399737675 17.489945055037833 329.0411037319603 111.90689830779698 311.1133831242011 171.75 84.75 82.5 60.0
39.331471079406775 0.297032879871841 17.854626871701424 340.67666802455904 72.51161743620037 310.97216699424956 172.5 60.0 82.5 60.0
39.49048601685163 0.365169931342084 41.31236016899087 180.40200862538308 270.71673134709334 281.7258872719758 172.5 60.0 262.5 45.0
39.538726067767016 0.244320365758337 18.845830975396247 86.57733382312668 275.48921297272966 309.64158507832326 172.5 120.0 262.5 30.0
39.39088072318295 0.269838211750044 34.73332902934521 182.7103671181731 252.27395014825953 152.97538912782204 172.5 75.0 262.5 30.0
39.38182009591926 0.38004269121759 52.5459643779404 82.6810168483911 82.40940295561424 92.7944009867482 174.0 72.0 82.5 30.0
39.46278033243116 0.382352659775302 45.74556315226966 29.921415572808872 83.01332225769981 279.56096725426124 173.25 72.75 82.5 45.0
39.340237701670404 0.310445748125488 39.94716807608586 281.98894227737617 54.8154241101386 224.16145865071917 173.25 65.25 82.5 45.0
39.427910391015764 0.235642282515905 9.177003936556815 88.86286048316833 86.41796033375378 202.5763835348734 172.5 75.0 82.5 45.0
39.43941291352145 0.298049917143089 45.831661700516605 230.5959143502672 292.20442407458194 352.21273341030064 171.75 48.75 262.5 30.0
39.348438748519094 0.234398632673931 15.588405445983268 349.78298916727897 53.43989449634622 185.2097098417228 172.5 45.0 82.5 45.0
39.3194614370973 0.266363384421905 16.90243088748591 228.6407756680583 272.5454124634936 23.332630979084385 173.25 80.25 262.5 60.0
39.449360868106474 0.202837913152078 41.91928411714194 96.95463208396804 115.6144623826743 204.97805104408928 173.25 66.75 82.5 60.0
39.33101963170838 0.302330867986055 27.14120873917949 184.72535651707597 84.84101483982778 57.76045528506508 172.5 102.0 82.5 60.0
39.48285942807057 0.321311236017334 41.39977443723 354.28905067623367 251.63652012977516 58.24298605433801 171.75 69.75 262.5 30.0
39.43310453461939 0.267206015731958 41.621612734239115 143.5500207665364 238.70097463961181 324.7916763898742 172.5 55.5 262.5 60.0
39.46715668377956 0.252086479904046 22.852158562232674 136.84797120476495 303.20944200294593 281.70896439340004 173.25 45.75 262.5 45.0
39.48505623693337 0.272231706917405 19.064371790488675 26.10205051442042 255.81440867181723 258.9742552674537 172.5 90.0 262.5 45.0
39.393655432285954 0.237973935686484 37.44880418204772 70.32309792142121 277.17751985162636 227.89491909000878 172.5 15.0 262.5 45.0
39.334698836139225 0.230567066847392 24.579779948885047 201.97743392285557 263.0552648457368 61.924583756775284 170.25 117.75 262.5 45.0
39.31952195833057 0.276062216286954 18.531595501370575 3.052133160114586 112.31040391984814 15.052443897610118 171.75 87.75 82.5 60.0
39.29140329066054 0.248238221696729 34.42973382232179 26.042378334120293 263.12996242255116 267.34910192195633 172.5 75.0 262.5 30.0
39.54899512722608 0.249130067989866 18.02584977180769 30.409244267451125 119.88340218393783 115.24552268426352 171.75 104.25 82.5 75.0
39.361906601931324 0.352182917427862 28.908312256693993 72.89598529608732 262.71254458917895 101.96773579119052 172.5 73.5 262.5 75.0
39.31762376252844 0.353924003704249 54.492051480139224 342.7241328606331 95.3530898825218 188.43858744437355 172.5 90.0 82.5 30.0
39.467671024789205 0.326743310241686 53.25262886768687 118.90895260506217 106.76940126222819 67.34987197495153 171.75 57.75 82.5 30.0
39.37204113776065 0.26371748333041 27.64888911358396 208.30624752468927 118.70485704177551 125.74172396074724 174.0 34.5 82.5 45.0
39.368910237003824 0.22639932289885 24.637790044057827 220.89253772832947 272.7094237203228 41.740057354540895 172.5 105.0 262.5 30.0
39.362672944791036 0.250448810288594 31.01622133596377 51.54543489787732 39.382925240015275 175.37807840667568 172.5 60.0 82.5 75.0
39.413876169346366 0.319760331598658 27.612329516691144 47.835640869302175 306.1042412560768 348.4138479521772 171.0 49.5 262.5 60.0
39.55904093661532 0.24644460121808 28.56657185036768 342.6776049442341 102.19775418023038 290.9344621282916 172.5 100.5 82.5 30.0
39.39136299357469 0.25297777852037 39.557942834290785 245.18715016023373 251.24767428717087 355.22339593105403 173.25 75.75 262.5 60.0
39.36479248407707 0.215321892746165 39.11116725272584 101.67663145630247 293.54730607230505 67.54174052607887 173.25 77.25 262.5 90.0
39.30365652091879 0.260472015948982 34.41305544395088 166.19503983436354 292.06266974183444 302.2877219180914 172.5 120.0 262.5 30.0
39.59629966477524 0.269753279917385 26.991224372566244 268.28676348331913 277.91840887757473 220.64114966589096 174.0 115.5 262.5 30.0
39.41167760710329 0.228017718859092 29.046967338076733 175.84574575708976 242.46801870949912 59.221005542378485 172.5 30.0 262.5 60.0
39.3335112205242 0.23360892785335 18.914408153447276 84.89585490464992 284.1523466433634 120.20591282709876 173.25 104.25 262.5 60.0
39.39254230558853 0.328953775326773 35.50356830295725 105.09504253775994 224.5832447804914 358.75737102825923 172.5 39.0 262.5 75.0
39.23842051176964 0.242272637729572 17.402130719476343 354.3329058523472 30.251402659408 69.3573160326863 172.5 117.0 82.5 75.0
39.43125865807813 0.245418885659432 24.89943119699832 191.6513939353793 219.26708656395786 319.65032560879916 172.5 43.5 262.5 75.0
39.3837049560782 0.29000931543544 28.283625204490317 123.48557750735098 302.7294538608406 81.9526482977777 172.5 106.5 262.5 60.0
39.373373641542436 0.411623079229457 42.88107326393158 316.0730880541003 96.61867505655044 68.24287497256847 172.5 52.5 82.5 60.0
39.47926276405391 0.301607394044373 48.03501164734176 79.31276630305915 273.96431790149546 101.64624915301201 172.5 69.0 262.5 30.0
39.25122622055591 0.224438807042632 20.120280356961512 301.9393434339825 112.40804712685438 162.50461248448585 172.5 105.0 82.5 45.0
39.47528399128138 0.2544258205529 23.855949074365885 32.937221737218756 261.3843786216719 234.6672269837575 172.5 105.0 262.5 30.0
39.39514030246262 0.208352872044696 36.325204828537764 255.32604196305118 271.3843952331181 222.0392491397756 171.75 36.75 262.5 45.0
39.4159632691515 0.269316508854623 23.461308686770625 286.66831075759984 251.75715700615376 335.40601261173543 172.5 45.0 262.5 45.0
39.39868550669353 0.220245426589911 32.63243087075595 34.96508011454 78.75428186770563 35.9835612123112 172.5 45.0 82.5 45.0
39.41137326916784 0.285420442584868 36.187807200729154 23.332249868795614 273.12177932604595 120.13115021570967 172.5 87.0 262.5 30.0
39.58213990645824 0.226842863673137 13.453583338448068 275.1060402880137 259.47165240729305 348.44752148296516 173.25 107.25 262.5 45.0
39.4042033353138 0.200312081591798 34.51041367927004 94.22027188160536 102.13000591097952 122.37938698980814 171.75 119.25 82.5 60.0
39.37661658161869 0.344671373276459 33.644644665406084 331.3798932566328 74.9956608985132 88.00725752608781 173.25 75.75 82.5 60.0
39.59541629737443 0.227790292432483 24.790177127103526 356.06439329217204 93.1199059771298 24.699247673079448 173.25 123.75 82.5 45.0
39.35480946458055 0.260475731559256 27.252252974909876 143.15619270550306 101.05071631177107 205.75286644918984 172.5 105.0 82.5 30.0
39.33917832583051 0.415258588698164 58.329105876818545 130.7735386552837 88.01021431164055 70.40277624266454 172.5 45.0 82.5 15.0
39.41898609149943 0.289335421667239 35.25070277894226 352.6638592935474 144.23069472863722 1.367934135224327 171.75 50.25 82.5 75.0
39.39460990726433 0.369942790182832 52.07805535143178 21.162206026364533 64.62440462249086 278.71396130229687 172.5 25.5 82.5 30.0
39.364390516555304 0.303151897568438 33.420487246339455 247.28422189273402 132.7431821554983 76.11691578851662 172.5 55.5 82.5 60.0
39.27767581035651 0.263426090366493 30.313378055263843 105.82452611876032 118.47222984984589 193.2967400053609 172.5 96.0 82.5 45.0
39.27344385797671 0.249208529809743 21.64167431840994 94.09232974054052 114.46083651992795 340.8860793124593 172.5 105.0 82.5 45.0
39.37542178840383 0.301933433877967 22.895976330327073 164.27222186658864 297.0760415689517 161.13765735576055 172.5 45.0 262.5 60.0
39.388719108626596 0.214606528818906 35.768691808604636 214.21260417324277 91.6845504693678 271.4410750805521 172.5 60.0 82.5 45.0
39.433380876882154 0.38747846185057 46.831835098187035 156.12216178648683 267.94839649857374 295.31160297231384 172.5 30.0 262.5 30.0
39.47854489559841 0.244794196597155 36.5262238248904 113.11071765626929 89.59761959910102 0.395797802367667 171.0 130.5 82.5 45.0
39.39436600489764 0.252371835961804 34.60720843827501 13.428869063726482 120.69870113285887 131.02996647500325 172.5 30.0 82.5 45.0
39.43777793254554 0.276055684768024 24.347860526269674 28.50386153965509 72.64824680031587 27.26125044261321 172.5 45.0 82.5 30.0
39.435667449931884 0.251801141474283 19.600774111869292 107.07187563777585 279.7099076500589 51.64676692636053 172.5 109.5 262.5 45.0
39.37118322469293 0.285508306386044 25.973768920815118 89.35998079930363 56.40936659395572 26.122665011280493 173.25 80.25 82.5 60.0
39.330782696097856 0.235247532632887 24.600206174094236 187.1430107977033 240.6485681464504 296.62948904686203 173.25 77.25 262.5 60.0
39.33618749764209 0.286941758197966 31.878936662292652 113.36737753211067 56.91565042004063 17.362577861386438 171.75 105.75 82.5 60.0
39.422678184009506 0.344823708871541 28.404173771719705 158.87633438233962 248.43614786293037 73.93241010238988 173.25 41.25 262.5 75.0
39.25107171493071 0.267079564195583 40.46877454002702 126.79674418213757 41.10259808845568 337.0858491715243 173.25 120.75 75.0 82.5
39.43498225536658 0.325911066667286 21.84228912236777 301.8782211484219 244.12893578287344 341.316374264744 172.5 39.0 262.5 75.0
39.36786930086363 0.320525447658311 32.70073299461439 177.4367206909394 77.62325503212121 302.53772442680605 172.5 60.0 82.5 45.0
39.42356512895573 0.216543505318103 23.97406981243245 196.32028040126988 60.5831362626423 278.3301854587371 172.5 60.0 90.0 67.5
39.396401822426476 0.313523652670311 19.24374831235525 125.42537126073088 73.56586065911806 328.18123376918373 173.25 18.75 82.5 75.0
39.332699805063534 0.240533044513847 16.732446824982016 12.662313556976153 238.84733870921855 288.2738751061012 173.25 65.25 262.5 60.0
39.48260238039227 0.332986533151958 48.774989288725465 144.778179060869 273.004149419128 300.4687104238289 172.5 60.0 262.5 15.0
39.29244304014457 0.270601885457022 23.763001539238466 359.8201226992381 46.17933226908758 186.1296706888325 172.5 91.5 82.5 60.0
39.42645458737134 0.312452461983878 36.8143169964304 247.94717803983258 141.04398697616494 219.82353075500225 172.5 66.0 82.5 60.0
39.431111845578364 0.246791691032982 44.888445435980046 41.73503056642097 95.54693868523479 232.76803512230924 172.5 60.0 82.5 45.0
39.382739968933976 0.342988813211167 43.59420119789758 272.14199769641505 280.9878316877694 224.12862959472574 172.5 58.5 262.5 30.0
39.39469915740398 0.275310966818163 14.042200176257824 70.75060446062864 260.83354642175937 20.644905513750214 173.25 74.25 262.5 45.0
39.33703974113976 0.295496556543892 29.291455106652187 210.06074158482045 321.18678858119017 124.34203738104739 172.5 64.5 262.5 75.0
39.266857768469755 0.243385305910142 17.79179722993254 18.913117917554686 262.4191011117343 123.0809448890133 172.5 120.0 262.5 30.0
39.401697734718134 0.264446492048883 24.768645966986192 78.46917381976697 86.63476854864126 239.5974548299014 172.5 45.0 82.5 30.0
39.416928450852346 0.214261121251797 29.297722844994258 149.43268086781688 248.7197035885334 221.1732310833487 171.75 108.75 262.5 75.0
39.31550072592726 0.400154667456766 40.65500727244961 221.9637786619903 270.80022609591265 6.552246451548226 172.5 82.5 262.5 75.0
39.416982226506114 0.286712083455403 40.345037608629404 200.88627510137934 286.335588265936 25.830966638292413 172.5 45.0 262.5 30.0
39.41158336336538 0.291638772831834 28.135149126124304 276.45585187944454 308.84191404091706 57.5066184484489 173.25 56.25 262.5 60.0
39.476704008529396 0.365707252745689 49.06181008394963 162.6672819690856 274.25543695041506 176.5501309185106 172.5 60.0 262.5 30.0
39.41766643477489 0.28866292652827 36.08620782940604 341.57054789758683 84.29908922678186 185.3398423484085 172.5 45.0 82.5 15.0
39.4334510972588 0.25622981364973 16.40479930627305 290.2843873344818 64.58496818869112 74.52723061520335 172.5 105.0 82.5 45.0
39.444126611598584 0.304427509571641 52.491666669441905 12.155484743096158 275.6879074610094 19.06984985586148 173.25 51.75 262.5 30.0
39.270436421919335 0.301573548048961 26.232118360369537 101.76634281652649 259.77127121284957 342.53598496322604 172.5 90.0 262.5 45.0
39.470290949265916 0.290528672953209 51.39611758052844 216.26758684316744 125.79183989476016 101.16137801247783 172.5 76.5 82.5 60.0
39.31212237628713 0.392444880017567 46.723680682865265 232.401529167773 244.2972316793565 34.49292615567618 171.75 63.75 262.5 60.0
39.43948089712277 0.266977362947891 18.190833407699177 211.3567559920428 292.0192268456888 9.169431747494585 172.5 37.5 262.5 60.0
39.37226795995532 0.284648209284564 16.421865187877227 130.03571244726731 281.109458596334 84.18494715927118 173.25 68.25 262.5 60.0
39.570770824185544 0.258190125967818 34.08422917809619 245.7470896336156 276.04254057360873 104.87166395659847 171.75 105.75 262.5 15.0
39.4691635451773 0.308109528240115 29.28307581642092 201.68489219871893 269.8732476070354 48.30675857413647 172.5 109.5 262.5 60.0
39.38546383535605 0.24609107281583 29.255436931163906 165.04471634210813 64.65719123819211 37.762188092551874 172.5 108.0 82.5 60.0
39.37876760618374 0.309211661311478 37.17935784166034 70.52393138824142 117.11668084270292 323.03806722119185 172.5 45.0 82.5 45.0
39.41427722031388 0.323077481389987 42.137206765225955 0.057346229996147 109.8493989087752 33.24178662037342 172.5 45.0 82.5 45.0
39.54213203944843 0.222555720347156 18.692169597609848 304.8536462568236 275.589459930128 340.13956485278635 172.5 120.0 262.5 45.0
39.425705191350474 0.377589817890439 49.65365195271692 92.10922797715675 50.68289497606147 21.871138209232367 172.5 54.0 82.5 60.0
39.45234376734034 0.301534344238343 24.422458686375922 286.8637050875555 310.50053460721887 165.18110059383804 171.75 69.75 262.5 75.0
39.52889332508019 0.251026077431774 20.560859294553172 53.16677933292764 230.40267731599909 247.99490693032175 173.25 111.75 262.5 60.0
39.37917663831394 0.201020870093752 30.25989256361529 237.29851082413597 273.2396370541602 133.1127246545855 172.5 60.0 262.5 45.0
39.47784963672802 0.246938561723663 25.614088528132164 30.15032326049475 62.63162539826716 185.23142497491276 172.5 105.0 82.5 45.0
39.40578626637227 0.245696051279541 14.158065373701554 356.88149805656366 257.82493929015845 306.2676385595789 172.5 52.5 262.5 60.0
39.44021542357519 0.245263846704407 7.551177569220494 319.327830047489 243.2987857979598 208.9314342814125 172.5 30.0 262.5 45.0
39.31511827643899 0.223555627653023 15.717802664716835 286.54868894231856 96.01582367798372 65.8077458833768 172.5 90.0 82.5 45.0
39.4123104443961 0.274720234644948 36.5656837824762 135.05538376014866 85.71951629604717 183.8435596666748 172.5 45.0 82.5 15.0
39.451884101224515 0.186489675906106 34.39581772902461 105.51360639730973 261.09396203912945 342.6268159256104 172.5 60.0 262.5 75.0
39.51166468714076 0.238456610219466 12.582383488162241 154.75054013388927 99.67532664618159 45.33569500920477 172.5 75.0 82.5 45.0
39.56145466827292 0.220506433040996 20.636822197453476 71.67514467224487 79.23859013390599 349.71048369270846 172.5 105.0 82.5 60.0
39.45463414937875 0.273189726714805 23.797249274099528 293.8760218388343 223.0596419429428 120.08746865124101 172.5 58.5 262.5 60.0
39.34975585764119 0.193978374420895 33.151257761827495 350.9629058794647 249.70141802746264 302.08861384542774 172.5 52.5 262.5 60.0
39.39883542859287 0.296054228295201 16.713591402439686 57.180228213004355 76.553958819457 19.46903250456765 172.5 45.0 82.5 60.0
39.615353496845835 0.251081360041455 36.06663241688344 213.05808495071048 279.0789110144617 257.16338748934373 172.5 120.0 262.5 15.0
39.528691493306475 0.28351758770385 21.038391983313904 254.3934280071639 295.83496269254044 312.2688384660072 171.75 102.75 262.5 60.0
39.47002598250517 0.307141978501468 24.49915123753862 333.2770425146903 50.208938994687486 102.49200277272534 174.0 103.5 82.5 60.0
39.3352740134751 0.255506212948692 47.290839910665746 110.73259564266678 81.84749636200446 218.70763209078254 172.5 69.0 82.5 45.0
39.41370103736365 0.272459267452614 19.34124550417338 201.7659952529278 313.50588905563063 111.29560491671077 173.25 36.75 262.5 60.0
39.32862281008035 0.257931992922686 23.14765778854789 280.00418014030066 114.87188933700243 347.51951383941315 174.0 111.0 82.5 45.0
39.38209580490063 0.294981720647213 36.320940578243125 151.9935089424708 248.9613458067846 308.74391309508394 171.75 42.75 262.5 30.0
39.40532765792613 0.268212768721158 18.98506463067383 243.45776680779505 321.15437647826366 89.9582181181004 172.5 45.0 262.5 60.0
39.405303511247446 0.270846731528112 26.465584377102306 111.18117378422264 55.81973521076859 257.9126031970063 172.5 90.0 82.5 60.0
39.4420997320957 0.293765672136598 27.770033071861366 32.45586437625059 275.3671170401624 10.84012411988251 172.5 45.0 262.5 30.0
39.259949073351265 0.225761591490795 29.48013885318921 212.71932257073055 93.13637277224102 154.17167107101827 172.5 106.5 82.5 45.0
39.51792314223642 0.277931865039463 31.938515584765756 305.0601751778016 90.08333945906898 346.4329636574146 172.5 120.0 82.5 30.0
39.553653498753974 0.291990982337608 25.364575782964636 57.067783576019345 236.9725596011603 38.861141804489314 172.5 102.0 262.5 60.0
39.410543512548074 0.272716504552501 48.373935394337614 213.93963067686724 291.75335443786764 242.16162510434114 173.25 30.75 262.5 45.0
39.374348983006804 0.282968540317252 21.75988249118493 68.96604332350444 266.59405083076916 245.58212368399467 172.5 45.0 262.5 45.0
39.497096587561366 0.327078263624671 37.473490444295116 27.511472435314655 88.79459220046871 146.6000789501066 172.5 75.0 82.5 30.0
39.482860487680085 0.231425190232911 29.316578485626447 158.84561280945505 258.7787828528347 279.356420633728 171.75 90.75 262.5 45.0
39.39094475459487 0.250233581026462 33.70028494574267 328.28028913541857 71.67771441259104 294.57256943341855 172.5 75.0 82.5 30.0
39.322242769624964 0.296262759309911 44.108809886105746 160.6051257997258 87.31712657295773 289.6009012508125 172.5 60.0 82.5 15.0
39.58168090870036 0.265504487597109 34.62441185297537 50.70088686212034 289.20473528675325 356.7998858115847 172.5 120.0 262.5 30.0
39.425470032093074 0.381483256519438 45.88146724586967 123.24611160658802 98.00353033342134 173.79030055900867 171.75 78.75 82.5 60.0
39.451812625829966 0.329285571172267 37.06174767016398 175.52325969449194 77.12098330688204 49.529999306336194 172.5 45.0 75.0 37.5
39.33281142231315 0.305765255788184 19.52201258826558 68.36926324988067 121.88638600055147 103.63211849109575 173.25 72.75 82.5 75.0
39.36001027794502 0.295688977015361 49.44962878666573 184.05765886334981 112.64695442046722 136.26000504765085 172.5 51.0 82.5 45.0
39.24777299435498 0.273192499666034 32.627427437618834 188.15551576535188 263.2992273835267 259.6174362736698 172.5 120.0 262.5 30.0
39.400010294270245 0.235779666429795 19.354282701019727 12.998046281649904 54.44139275650958 65.75755374848976 171.75 38.25 82.5 60.0
39.347554586726034 0.257335211413798 18.39467605775853 252.9944233614734 73.37276387693984 25.018011806598132 173.25 84.75 82.5 60.0
39.371524624983415 0.239895892429124 32.96395472140519 185.25364638415272 125.46725298919124 240.84870003823144 172.5 52.5 82.5 45.0
39.208724422236536 0.239988420835829 26.13202488456711 86.93457336270863 90.39545520441034 98.7817642169776 173.25 110.25 82.5 30.0
39.28392290488779 0.288390366233696 25.189164431515074 54.20203303103232 94.65990238738937 338.2624143470006 172.5 105.0 82.5 60.0
39.54702700426354 0.283086309113645 30.407497507500707 55.70383735409436 79.80866845600416 138.58062608550478 172.5 102.0 82.5 30.0
39.57987850749521 0.190325492085243 28.331292291146237 48.299796331255266 78.8420324450193 135.04277324102418 172.5 100.5 82.5 75.0
39.27440206855086 0.26211412665682 18.8528696111934 54.73888739820907 63.58743969567263 41.30115231610986 172.5 105.0 82.5 45.0
39.230711348445354 0.235501351181249 33.93085809048885 158.0835322008581 115.09756028576398 39.94058585367834 171.75 108.75 82.5 45.0
39.513131758145036 0.286453374249074 41.76035003707135 148.832628347564 277.77978099490616 168.27931853819385 171.75 89.25 262.5 15.0
39.523408067885036 0.272885762020241 13.36131672101174 335.5345145994859 265.65826450427033 178.48559808985337 172.5 84.0 262.5 60.0
39.38426763112278 0.285713108876949 27.999601423855836 333.43258056489236 239.23660634343443 198.46580716686057 172.5 30.0 262.5 45.0
39.37777574536952 0.298585564265479 48.75907001900339 21.57960522979143 124.3774352545901 114.02741924342178 172.5 64.5 82.5 60.0
39.41039227400502 0.289850734022533 26.01383260578707 286.6649682551117 295.90300664746553 203.65811899109715 172.5 60.0 262.5 45.0
39.2941425988491 0.269195326650331 21.548833865561445 92.36739798120887 146.51287398614343 174.93754891421403 172.5 84.0 82.5 75.0
39.36367940850587 0.275839350380266 13.92162497667928 66.85387628900128 268.6676844936533 139.9247422836769 172.5 90.0 262.5 45.0
39.282955846703196 0.218123558218713 25.34585005476122 359.0467498270147 273.79841132549893 261.9170249982909 172.5 87.0 262.5 45.0
39.35196214337118 0.278220392867682 18.803812181777204 122.43440173794122 114.12098497510593 45.43724700616683 173.25 81.75 82.5 45.0
39.48097430679525 0.242294172446921 29.40207743621153 287.3958683058398 288.7068061971937 308.49795711623955 173.25 60.75 262.5 30.0
39.29267493045732 0.267143894157107 41.07706903013568 19.232491679078457 274.78511292233395 255.46970169132044 172.5 75.0 262.5 30.0
39.59133403958651 0.236240052223172 25.31280254018069 174.5060377317545 208.768125947429 309.0812512031725 173.25 123.75 255.0 67.5
39.459163470667896 0.364762045995366 56.230170940103285 344.58425800108114 86.07942653764842 69.05661930626009 171.75 66.75 82.5 15.0
39.31840640693884 0.25890294192641 37.046709842203406 329.0221166953999 69.69041346246901 207.14176277501525 172.5 75.0 82.5 30.0
39.39699950762286 0.231263588084966 35.07754414166637 239.17295764180756 265.51928806598085 258.19094868308025 172.5 60.0 262.5 30.0
39.343887749737455 0.292035064195803 47.49883135783136 345.5045888977069 98.60815508635936 291.2580626056287 172.5 60.0 82.5 30.0
39.38425818286425 0.341044590583775 39.77974279796725 146.8796457042346 323.28636478469423 13.281251745786774 173.25 54.75 262.5 75.0
39.375663573811785 0.338284708247444 30.022857550988792 79.11353797014814 218.1151177863178 269.85333912143807 173.25 47.25 262.5 75.0
39.36504321725628 0.351134225696775 28.24106827947467 131.4604041238555 284.0815842676618 73.38292740719527 171.0 55.5 262.5 75.0
39.42811525507941 0.273374351529227 45.00015527178379 276.5604499819123 255.77752404214806 220.31462958554516 172.5 42.0 262.5 30.0
39.41930204147398 0.25021221399188 11.170728102354769 188.08093791727651 310.4423328031754 359.3187101774984 171.75 39.75 262.5 60.0
39.477710425258785 0.25239159160014 23.58420228310728 274.03320681646983 290.8517727295479 173.81847508074534 171.75 116.25 262.5 45.0
39.472659484288 0.290521090475076 29.350757155925315 22.40168236765117 251.91562035459387 155.78302562531704 172.5 46.5 262.5 30.0
39.569544764930036 0.22882950369569 20.99710324655824 231.4704990402806 125.57108872969953 319.5059385008984 172.5 120.0 82.5 60.0
39.34460094972371 0.238101440865728 34.83685363017284 66.37183754732143 253.1898123544768 39.14456915586262 171.75 105.75 262.5 45.0
39.36525678612878 0.304375365408351 28.600534385625522 242.28556298917812 282.69397008101106 222.53131006931915 172.5 45.0 262.5 45.0
39.48786441480411 0.333227242014668 38.052137502904664 272.2304748171916 67.32000378120189 239.8317054040989 172.5 76.5 82.5 45.0
39.38092129747898 0.267673432247972 25.858089750778543 239.0403616956001 83.23882700146085 98.08040213600174 173.25 96.75 82.5 30.0
39.548381030340714 0.228391540850504 34.88007287947018 130.91268261958783 106.9728247558572 171.06408753645277 172.5 108.0 82.5 45.0
39.36658475868022 0.240630640370057 36.58692257406776 55.76896469218179 249.50718517232013 130.13890058485066 171.75 44.25 262.5 45.0
39.52152967097235 0.244394259310778 11.2873439329246 339.06659415293433 248.69881663534568 93.95781796284896 172.5 105.0 262.5 60.0
39.377656571004934 0.375435853016184 51.922187462501626 233.1747166460765 289.71601815029953 114.4651694810795 172.5 33.0 262.5 30.0
39.28820929662608 0.286774982947754 41.15486020647865 357.55125395883476 76.71642609726052 167.39873587604393 173.25 75.75 82.5 15.0
39.36650251966709 0.29891906015923 30.495628406008443 149.64750996185072 246.55039583897008 88.65784311806235 174.0 54.0 262.5 45.0
39.38665238140386 0.278056321257873 35.924648868244226 100.80937427107747 99.5920864602191 238.9058809209158 171.75 117.75 82.5 30.0
39.54423172143054 0.260634794363675 37.04390014900572 193.58005974771015 110.6614870987786 11.27246940605691 172.5 108.0 82.5 30.0
39.44647726894189 0.171087224661904 38.06368347034939 184.6359919291934 274.21563634508493 264.25619108771815 172.5 64.5 262.5 75.0
39.24520452211805 0.255762394818713 32.98512945502014 171.56770558904915 261.7257652995589 309.27658718444724 172.5 120.0 262.5 30.0
39.58550704971641 0.253028067669242 26.74278971429837 277.29877622802996 269.7165675737402 320.44368603220016 172.5 133.5 262.5 45.0
39.420364282594534 0.262281300646506 23.443518146214938 342.5943989725145 264.9804595420958 266.00966844332766 172.5 105.0 262.5 30.0
39.426585254710716 0.354942967381977 35.61030003789023 319.24931755081417 129.35275783537864 159.9771771082356 173.25 60.75 82.5 75.0
39.47754287901668 0.249280498983714 19.34123797682063 105.18086380687109 104.41449273880204 50.271437561181 172.5 108.0 82.5 45.0
39.458173048260754 0.269497536566834 29.0989847840548 140.2424583043161 81.02479803529563 219.976804581143 172.5 94.5 82.5 45.0
39.348231843382024 0.280619689449884 27.385143619528083 51.484195890098796 117.45865712549062 242.0056532344895 172.5 93.0 82.5 60.0
39.32174891979392 0.282443561008208 30.219965083883082 313.4692144250486 112.04873410783055 268.29410711543113 171.75 98.25 82.5 45.0
39.339441564244964 0.276306359131047 29.531439067249206 356.93312590208507 86.37943386702817 194.63416805338144 172.5 105.0 82.5 30.0
39.45626766429508 0.203514034399866 38.06527192675111 98.43830926578119 102.14491724817523 212.64519536252817 172.5 60.0 82.5 60.0
39.53317710146674 0.281495661876475 17.792430011156068 261.5383450866442 87.76555731733944 106.47485890948636 171.75 86.25 82.5 60.0
39.42499993445783 0.327033678349317 27.647314929799524 110.871218420884 260.5567308026904 110.62902342456769 173.25 71.25 262.5 60.0
39.31747739209868 0.235768999304942 17.634173167299288 143.3767201453361 299.50570305218497 174.28909094862541 172.5 73.5 262.5 60.0
39.3891957732028 0.233626164474781 29.758103815765317 125.3664651014527 298.87329116069463 49.1493449488198 172.5 45.0 262.5 45.0
39.39912094749415 0.344507311731288 39.983989691053694 40.229469830011524 60.60184333897948 13.959399446625932 174.0 76.5 82.5 45.0
39.46943334793182 0.293336288778693 47.896477871603466 319.8002704973641 74.21758281780963 97.37799062236773 173.25 75.75 82.5 30.0
39.424156094412304 0.239465422838982 26.69868266101851 180.26807730522103 41.53687080740661 60.82299941382096 171.75 65.25 82.5 75.0
39.42248668390643 0.232579664799995 31.349619801643048 104.78076860626206 266.3019279913453 319.7621607542752 172.5 60.0 262.5 45.0
39.55434156303062 0.238922234734083 24.80925128933332 163.7054529941905 105.33567243322766 264.15457046128483 171.75 107.25 82.5 45.0
39.46635807779223 0.231519257696137 16.756329431907588 84.41736932819316 86.2045732193172 258.5125783360293 171.75 114.75 82.5 45.0
39.23396854977163 0.23413564163122 13.785854291421352 304.90623377979864 109.0104331795268 324.1242764163767 172.5 118.5 82.5 45.0
39.546107616382656 0.269682935680222 14.089104755588362 219.38451433461125 109.60883261781487 134.49880597079198 172.5 90.0 82.5 60.0
39.43247416824175 0.396209496555481 36.85325651016812 93.6438115349242 295.64673648944984 195.9553475574993 172.5 54.0 262.5 75.0
39.44612732952568 0.340177680829794 33.366965830816945 159.13452003049076 305.33654249624743 151.51092438404973 171.0 49.5 262.5 60.0
39.44401177554768 0.266663667379592 16.993150377560188 330.5632462188514 84.06680082849392 82.92388780101565 172.5 67.5 82.5 60.0
39.47046667823828 0.247029406669411 16.150246827703093 165.3798040294189 261.4332543265766 279.8362310202764 172.5 78.0 262.5 60.0
39.378507757941165 0.380555829663486 44.61253068274979 99.33210302040901 245.5913902278408 218.52020197215577 172.5 67.5 262.5 60.0
39.4510855447488 0.310784510449309 37.232222309834405 116.5348917260606 59.586196598771686 351.108852071659 172.5 57.0 82.5 45.0
39.54966854570956 0.246922066679467 25.24207765981579 73.54674281163668 76.5371889830068 10.252890109293023 172.5 93.0 82.5 45.0
39.42943273523989 0.324320689592558 37.814100435652776 265.02473214659403 110.40082383859803 315.7098374599536 172.5 60.0 82.5 45.0
39.32313130965306 0.249327994782548 35.12658405650477 310.22561497260267 249.2563459451947 292.6818040685098 172.5 132.0 262.5 30.0
39.35457723205422 0.279265439575208 37.486182169859916 158.6011298077057 259.76502193055103 76.11001065482428 172.5 60.0 262.5 30.0
39.44496280905576 0.233949311431228 17.682241859639742 345.6619415178907 293.6825991094133 277.6080696650914 172.5 45.0 262.5 75.0
39.54824496261262 0.294129920895118 29.890476346343434 114.5737649868855 301.5955949856635 198.44432137061798 171.75 119.25 262.5 60.0
39.32136599801568 0.331606579863232 35.91871595770251 228.8272681561014 141.4102458374116 206.37292210319114 172.5 67.5 82.5 60.0
39.365832605341524 0.307503952378081 24.560712537007586 281.92487817919505 101.01805889520126 209.7021323933479 172.5 43.5 82.5 45.0
39.389185445255116 0.243419571333026 29.268955430038062 356.64797461578655 103.97132989824458 29.269807893791004 172.5 30.0 82.5 45.0
39.44014791764019 0.256217308536914 40.04599459890331 121.48610516308507 266.58186997905324 206.16140699169222 172.5 45.0 262.5 30.0
39.46423529023575 0.315704431216971 36.646738446974524 336.04301143802485 127.23381448975275 261.0547586455509 173.25 48.75 82.5 60.0
39.51348609416534 0.26344569182459 18.47294577745488 69.27743598860751 250.43907871606012 224.6646647356832 172.5 105.0 262.5 45.0
39.43261853991875 0.293195595818826 17.66146702608594 77.58638746283471 249.6954916484588 262.3000770490933 172.5 79.5 262.5 60.0
39.4406500366796 0.34267555262668 48.31914601504412 359.75884191494896 78.73824369791909 295.23919739669634 172.5 45.0 82.5 15.0
39.4062320369476 0.303920029805943 21.149142018293517 178.83318851282414 313.12812608904835 139.38104185643303 172.5 45.0 262.5 75.0
39.422371033545566 0.290297855863431 41.40909976240777 50.77957613374297 250.48248398470759 267.9669482324424 171.75 42.75 262.5 30.0
39.37602816876003 0.414462654490765 55.983115064496594 70.83570480208842 70.85186741533269 248.44240706814224 172.5 45.0 82.5 30.0
39.38294878841161 0.273090869135096 29.96617435137589 177.6292955919446 134.02949739242237 258.72798213077846 172.5 45.0 82.5 45.0
39.5357480783305 0.27303703084156 30.664646637723802 218.0395715754479 287.9017971480962 221.58796867547397 172.5 102.0 262.5 30.0
39.42566161569401 0.348599658314837 48.46771154300303 298.03272315050987 280.26343498168467 313.4091428050396 172.5 30.0 262.5 15.0
39.406467877443674 0.272235059917194 39.07332473866785 144.00483691972823 309.5436314476675 171.6182775185724 172.5 66.0 262.5 60.0
39.35022513572266 0.437846851831108 58.42359470231715 104.99523695995929 263.72069882486016 335.5457479497404 172.5 43.5 262.5 30.0
39.41651379515341 0.332293535623452 33.16968968966596 85.08391057144624 298.39527756374554 199.23058450085867 174.0 43.5 262.5 60.0
39.45272401543038 0.315248470743639 53.55404085478629 54.316160113012785 280.01824858440324 241.66124028448115 173.25 60.75 262.5 30.0
39.223232290405704 0.259587924725083 27.244977917122643 199.6826925104027 310.9079860558787 352.2896341713519 172.5 117.0 262.5 60.0
39.41639970999468 0.192242670656188 25.985892090726157 159.331064058876 262.2429964929587 301.5743691483987 171.75 27.75 262.5 75.0
39.46073023384427 0.245612314609619 10.919018598894793 181.94525065865858 299.86188929493676 240.6652930099284 172.5 73.5 262.5 45.0
39.511100455588256 0.241099097673045 14.872388794326321 163.22794653188126 279.3486258517496 68.01032225658213 171.75 104.25 262.5 45.0
39.36008619870219 0.315328840944875 31.652274672045834 304.22968402676895 93.17261171557656 48.30112833641479 171.75 105.75 82.5 45.0
39.503671651071016 0.237561242343017 24.78760076312268 238.84387640228465 313.60139079422834 232.92306205487904 172.5 103.5 262.5 60.0
39.36531774356757 0.30709556078773 35.40569229337259 107.83187827568074 216.7747271325727 259.09673152444066 172.5 78.0 262.5 75.0
39.42303099722861 0.292584982421374 50.33571167022696 124.23426345235625 106.05250004066353 202.05302602796078 173.25 65.25 82.5 30.0
39.29805965566157 0.267549044568468 17.21266504649234 212.4358044473243 136.71456397941694 341.2304416762195 173.25 86.25 82.5 60.0
39.380564431199474 0.215968001138084 25.50504636611728 72.04992963435657 100.21345688964345 198.68016317961843 171.75 81.75 90.0 67.5
39.396049656947326 0.321700333713213 48.80394192335337 225.3611978118777 296.98028108612453 250.59169877226128 172.5 76.5 270.0 37.5
39.3599293623336 0.217471266722035 31.43147646504673 248.0664814527383 278.3581337696596 320.51512557300333 173.25 105.75 262.5 45.0
39.42233530007736 0.29948218428904 32.04896688433969 261.50359637475094 145.19101510219258 294.88973804126186 173.25 63.75 82.5 75.0
39.4923360709519 0.369483781488436 53.1480468672029 8.273762655457741 278.49110427124447 145.3685826788761 172.5 75.0 262.5 30.0
39.38905987057869 0.350863976245328 42.23375087103235 173.10842995013095 69.5318388918294 311.0325639877069 172.5 51.0 82.5 45.0
39.532984192327525 0.209811225007212 22.988139601190845 159.69890848077654 68.25920626540719 178.11014682426418 172.5 82.5 82.5 75.0
39.337851389746184 0.254838425859748 33.9703603420945 153.91247977200618 285.174055163161 75.15044567117938 173.25 98.25 262.5 45.0
39.42348150950646 0.306487286853795 42.80546282926399 101.95345542707085 274.6113211604708 72.26616317138887 172.5 60.0 262.5 15.0
39.42254530798349 0.269823657360087 20.233642941928125 190.564979816957 58.898144948451964 164.65442217805824 171.75 51.75 75.0 67.5
39.46497961536553 0.259612446070633 18.930848757068322 53.413334437604696 225.03841978422005 160.81836378781688 172.5 45.0 262.5 60.0
39.280349998142434 0.305116855289866 26.799132495821166 258.0486106482102 84.02570999032659 356.0097019420626 172.5 93.0 82.5 45.0
39.21210878984037 0.266036773484209 20.25815428442989 103.50886188524392 269.90104201084966 204.6927020470142 172.5 120.0 262.5 45.0
39.34649646090578 0.286529314432718 25.878682949114218 111.34312823419113 329.4987814744964 33.19291471018719 173.25 62.25 262.5 75.0
39.315614261117375 0.278168719395852 16.84726100893471 247.32280152028267 85.96800066579931 231.2606224354693 173.25 78.75 82.5 75.0
39.336782638959924 0.187291631783046 27.49332371285803 84.82010881344613 279.6145281800755 345.2788676884063 171.0 63.0 262.5 75.0
39.33994932313353 0.247563162790269 19.730318028133212 66.35369201501068 76.32744211499532 149.3215966312755 172.5 90.0 82.5 45.0
39.42490355702153 0.291729512778556 35.46624152510166 98.37732669556844 283.81713235853385 96.97694114850417 172.5 46.5 262.5 30.0
39.334587995698094 0.405045815572381 54.12888252682778 17.948640636832806 249.7566154169591 41.34674819169861 173.25 50.25 262.5 30.0
39.503832798005135 0.235059474600889 22.752183586414183 116.25966887730988 285.2324884992134 332.75753060620326 172.5 88.5 262.5 45.0
39.275604154605084 0.282918269075989 33.07880879490654 223.60772953553723 40.300743578708605 167.6636800224993 172.5 103.5 172.5 165.0
39.46659337006655 0.241300978614559 21.745762817984605 24.57613779373359 302.5049885839171 232.1114844722381 172.5 73.5 262.5 75.0
39.46894540623326 0.221002385840251 30.82095264319858 207.05551397683666 290.7444929158135 96.84534759102337 172.5 108.0 262.5 45.0
39.399196006590145 0.320446907162956 45.936830747690514 333.03481870892364 99.16381991629491 171.52990670765718 172.5 15.0 82.5 30.0
39.21189230757072 0.244195168828601 33.71989660464911 41.05141109812062 294.0061462046838 229.2277208543251 172.5 120.0 262.5 45.0
39.32126211530248 0.267032325429539 19.57091574866546 5.474936216558811 248.51589911791297 202.91385577399578 172.5 120.0 262.5 45.0
39.562357531194806 0.289594841741441 22.834109499214193 120.75813861049438 126.31263728123686 297.5838007273721 171.75 83.25 82.5 60.0
39.403945641849916 0.226084812260941 24.087248194366666 223.23629029642237 99.85978360585922 3.446800040904872 172.5 15.0 82.5 45.0
39.49415950188783 0.349662896496701 49.70113940939286 132.40827968626505 133.1997273206674 58.046207791560654 172.5 76.5 82.5 60.0
39.403783045070675 0.245413470574313 34.20669911527742 89.97073456605756 111.84182372158475 309.6471498517857 172.5 60.0 82.5 45.0
39.42288331497628 0.258324020468014 14.995942222591943 170.6046616007242 288.1225682411138 164.45741151672306 172.5 45.0 262.5 60.0
39.48066738426819 0.214226122954796 18.24325108469225 306.8874540839159 288.5357518091414 66.62232683579869 172.5 60.0 262.5 60.0
39.29852895572786 0.259346854661319 28.305322866847767 0.193544844216179 240.18214803637642 275.8762040375422 172.5 105.0 262.5 45.0
39.54914932201154 0.32284158342722 35.13554553726001 184.63246114024446 295.1704533015921 147.56562961619656 171.75 116.25 262.5 60.0
39.39350447987996 0.350012728304405 54.15587043104263 327.7188682472676 70.09988185535218 57.61268948914601 171.0 69.0 82.5 45.0
39.469050936708285 0.191851397997507 24.506898943813344 349.79533703054966 78.8503471869911 195.08373799237768 172.5 94.5 82.5 60.0
39.40406348313402 0.331254016759644 37.978943648273024 116.06148864271199 274.06548602817855 193.23027556858088 172.5 30.0 262.5 30.0
39.414664585443866 0.225545018389886 16.10757073723621 134.87197661523936 295.2439412261489 81.75884847808992 171.75 93.75 262.5 60.0
39.36190163503558 0.393906347965837 49.22269357156287 61.36007050351743 247.26334900046504 5.556725540604067 172.5 55.5 262.5 45.0
39.49860928040411 0.265900911059076 24.258944044450637 126.03816965226872 79.58076529030897 224.7647147856699 171.75 89.25 82.5 45.0
39.49196075806755 0.317502887903825 45.744185680155354 237.82443881215792 94.12646624412845 239.03191947859523 172.5 75.0 82.5 15.0
39.46018299670224 0.246799407981619 39.593337386662014 49.36685183653317 100.92123510815703 274.29793793483395 172.5 129.0 82.5 30.0
39.37624704579174 0.265082713529595 21.81291644963705 42.25268062020727 226.33097512391555 161.93539538575837 173.25 44.25 262.5 60.0
39.25605115074153 0.370280772894576 36.411751129546055 306.3491874781268 66.77984677610493 333.7362059304146 171.75 80.25 194.11764705882354 127.5
39.36535279770432 0.355584313827861 32.10209926372151 155.16220085898712 98.22292229812744 288.9655108025237 171.75 56.25 82.5 60.0
39.503355010256065 0.256358000932696 14.825291936531972 43.128445941091925 105.31064126567993 222.5323283432502 172.5 90.0 82.5 60.0
39.41084632397752 0.304090087082621 23.040086017006654 264.3367087521711 226.95792348933543 142.35133930639086 172.5 58.5 262.5 75.0
39.47436947491803 0.254487678231817 16.47839402999517 322.88042434889394 81.54472972898962 313.79703404565157 172.5 60.0 82.5 60.0
39.46465845082925 0.32527679718705 40.779375867859244 103.29285949402842 268.5986913766578 81.95751689276128 172.5 60.0 262.5 30.0
39.3889114400775 0.280679787593762 15.38090500793693 183.38392068501528 102.54667311258024 256.95317100719564 173.25 56.25 82.5 60.0
39.40514521345818 0.257915493465919 45.191589603796295 104.5700044490815 112.42359912192737 85.31300949505315 172.5 49.5 82.5 45.0
39.399408780457755 0.313456549622193 40.270311051801464 75.32744078759674 287.6115981707587 220.81120901575 172.5 30.0 262.5 30.0
39.460047612157624 0.375853746792175 43.620506665548824 20.927960270290413 51.06788158851088 42.17678042527064 171.75 65.25 82.5 60.0
39.41972114563677 0.326567449808058 43.54341984220283 141.38045227586335 298.404110250209 155.47689620422614 173.25 45.75 262.5 45.0
39.41830291511869 0.28342991555129 22.467695437918827 194.6059967883577 136.60562158544812 117.64170418127767 172.5 30.0 82.5 60.0
39.44217718998797 0.234675622991526 33.5944467467025 144.97195691042978 291.7735837327358 18.378423055943504 172.5 105.0 262.5 45.0
39.39814480480542 0.284563950560009 25.71172927425672 291.48968727775866 288.98277251223755 186.3948306157529 172.5 30.0 262.5 45.0
39.54202335755202 0.251704739642905 25.419659528434334 322.67596034381626 59.69798850315971 199.99152982944196 172.5 96.0 82.5 45.0
39.40970155363234 0.193229765478632 37.02700417888928 345.1980983284068 253.5891246557918 169.67689408884513 172.5 67.5 262.5 75.0
39.38396785576434 0.373017833079402 42.9949198480025 68.83644284470242 217.31683661088712 256.1201231501167 172.5 58.5 262.5 75.0
39.37974037884084 0.23182903268523 22.04622280543903 74.09619300499698 109.47338007188584 223.56579420994746 172.5 45.0 82.5 60.0
39.42225394902767 0.343384858058184 30.207119028941253 127.2518791144289 275.2203942840924 321.694111017292 172.5 60.0 262.5 60.0
39.39810430296159 0.273990584509674 15.334335693597765 14.508305644930081 255.63962569779602 296.9193374854541 172.5 73.5 262.5 45.0
39.41381421494984 0.272910444642813 34.98856220194494 190.16419029071662 223.16432942702303 189.17544821564258 173.25 63.75 262.5 75.0
39.2431406095982 0.250049167945792 34.99041536543554 230.21572360477344 125.28117222830014 325.87153351345495 173.25 113.25 82.5 45.0
39.55941712484829 0.282478136191625 25.04749035503906 154.15738086738105 289.207676081925 39.36436076576636 174.0 91.5 262.5 45.0
39.37867338486543 0.319319072433997 51.67884812696787 287.875291389459 264.959961403933 199.28638547767707 172.5 60.0 262.5 30.0
39.378935718628505 0.328018352774927 45.3471652284547 215.79837159951117 127.44861482682221 243.7151621440994 172.5 75.0 90.0 52.5
39.363171280670144 0.2513285666328 21.458468016216194 284.62856557775785 223.93401387138465 353.7205779558861 173.25 45.75 262.5 60.0
39.37030836408655 0.264158206609109 33.7639168988196 110.26667448022383 276.4467992196897 337.732333468196 172.5 60.0 262.5 15.0
39.47690825360396 0.288701313790275 42.89880119551428 205.72623829016757 262.0481767334792 17.209111916323767 172.5 75.0 262.5 15.0
39.3103256094854 0.340760618180408 32.67873689172497 249.33540882309075 104.5090311351791 231.34355249929627 172.5 81.0 82.5 60.0
39.44933674358046 0.227271159043838 16.470481860203694 171.03467395478663 88.57530924058837 156.69650089301888 171.75 59.25 82.5 60.0
39.53270545635011 0.287301477914471 27.106673385380954 204.41085355072127 110.77493986587378 354.09038368229784 172.5 91.5 82.5 45.0
39.61849818776751 0.233062263873481 25.6542229199534 129.0216436849104 267.1619617156829 205.53492809328668 171.0 126.0 262.5 30.0
39.57027541269745 0.267068652008589 41.722712361780076 131.95742659936747 77.60950865264351 300.96674315629036 172.5 135.0 82.5 30.0
39.42842551301414 0.274063446918766 15.351426562998109 180.25069212793215 119.45897079519317 123.42045146231035 171.75 68.25 82.5 60.0
39.51803415932127 0.275137834939693 22.584086754065844 313.6412228039353 126.21925678458555 264.8038997554878 173.25 93.75 82.5 60.0
39.280779547333715 0.250387618827839 26.251490908522214 262.7667172494697 281.3207968955368 104.92592247588424 172.5 90.0 262.5 30.0
39.45800987470165 0.318172802275654 42.16444963348696 69.7887520652297 267.42830133027206 343.8381318336635 172.5 60.0 262.5 15.0
39.51356802187756 0.37855170678018 42.172253280642884 281.0629314992775 301.66318323076314 65.93703771408491 172.5 67.5 262.5 60.0
39.45125476164406 0.36491526781774 35.732687884732876 26.987829928789047 83.17018454221166 150.16618398885342 172.5 57.0 82.5 60.0
39.40470869087495 0.366304383000818 45.43809578797921 38.639846052652764 268.8551506615954 129.56393927655603 173.25 39.75 262.5 30.0
39.32838251468709 0.285173759772544 38.133478376025856 165.14626772887763 95.92235473936884 154.22352928091715 172.5 66.0 82.5 15.0
39.29543754284048 0.249295258065335 21.998277429675493 216.6906800301319 250.1090058723674 163.36114734872208 172.5 87.0 262.5 75.0
39.29595457030469 0.216356260047444 40.51083514334144 161.2739026453764 294.40018980541925 289.4946336952044 172.5 79.5 262.5 75.0
39.47506989006764 0.301077623010208 35.649392553678645 94.74234894092106 254.78848936482837 18.566878362676192 171.75 117.75 262.5 45.0
39.295087066076334 0.218934256299716 37.11323573229837 69.9262704593982 63.89780249940531 10.81254226542103 171.0 85.5 82.5 60.0
39.36657305884622 0.305217708157363 25.78486917165536 244.2350418577396 104.20827248334234 127.0873115152836 171.75 101.25 82.5 60.0
39.433864186410155 0.213559103711969 30.566243620480957 346.90976139668356 300.6111158626822 44.63019959758832 173.25 72.75 262.5 60.0
39.45511340469921 0.25741520859272 16.590090124617216 349.7452147701366 103.73491053988822 128.65808981721312 172.5 105.0 82.5 60.0
39.44044050157994 0.311622352306893 28.740252963322455 283.2554107804515 82.78039897348444 228.49819724932723 172.5 60.0 82.5 45.0
39.44379881734889 0.30292189751418 27.132375215555445 100.54169870181475 49.23983169585977 246.36657945716635 173.25 54.75 82.5 60.0
39.21916424784162 0.232282539816432 30.82772436238378 177.63764205713233 283.5912547028411 281.6558701600957 172.5 120.0 262.5 30.0
39.33679197283066 0.299747067099781 29.699977889773006 168.98751179803733 56.19532245734546 93.39721314165477 172.5 114.0 82.5 60.0
39.424362313047716 0.241925378067395 35.17869838524955 313.9732773074104 292.13237149237636 89.21350487149222 173.25 95.25 262.5 60.0
39.4252894369643 0.374251516843748 36.019024169305354 165.25077083573922 254.0813466523648 62.244356939435164 172.5 39.0 262.5 60.0
39.500259423909654 0.318165897173281 27.73284795095775 23.16512990213513 253.20700824492758 18.587788739026664 172.5 100.5 262.5 60.0
39.446684068673356 0.325350554482238 40.80712561385079 85.185730540672 43.24469227645224 5.853897357865292 173.25 60.75 82.5 60.0
39.407998989311224 0.286344290517475 15.5124290199046 34.3406998111298 253.52747113498268 250.73793181085358 172.5 73.5 262.5 60.0
39.370407260033964 0.26283940259621 34.78363521211402 59.941591191598555 85.93619453852673 33.507576160333414 172.5 105.0 82.5 15.0
39.2811755140868 0.267747955907204 32.025832216996584 40.88470951884213 64.93007397196959 140.89316902366204 172.5 102.0 82.5 30.0
39.32246655646721 0.333893330930349 43.00557227905795 85.04953725483446 272.87063545851504 327.7599881295215 172.5 75.0 262.5 30.0
39.406761551266996 0.375333195941124 46.81639594097667 101.70175325962066 72.89911766835026 322.0795859596265 173.25 80.25 82.5 60.0
39.364352968241015 0.243970801988836 24.190511150770543 274.3312899154897 313.21811811681624 300.1704919314333 172.5 45.0 262.5 60.0
39.43800656241546 0.226028767401279 35.11624736103903 208.32238900005612 312.99567935935 221.15710197642738 171.75 66.75 262.5 75.0
39.356309062518065 0.297403222633977 46.77549073493535 217.42835248997744 92.6024345718905 260.45426242111745 172.5 45.0 82.5 30.0
39.41192148140623 0.422588933444357 56.0017019826087 182.97282250694627 88.88099419094326 154.65052623273283 173.25 30.75 82.5 15.0
39.38406210304217 0.323329345499652 39.456078253347506 248.34731386202995 87.298247581087 128.84297750270238 172.5 48.0 82.5 15.0
39.495980824907384 0.311198050480689 49.415563655586546 330.4710075044225 254.3791278252744 311.9732202889237 172.5 75.0 262.5 30.0
39.510261490565206 0.276030817114476 30.94407192985558 170.79461293166162 67.41828506131391 299.3229875579307 173.25 105.75 82.5 45.0
39.38861164133811 0.264055652746999 21.27136088599557 227.75357727036626 105.12457295409186 331.6653954035026 172.5 90.0 82.5 45.0
39.390512123063175 0.412961743826281 55.10562858494346 151.18754018849492 71.79575159913956 62.42782373566869 172.5 49.5 82.5 30.0
39.34940814789059 0.350787260570452 53.49403760206713 245.2525547030301 107.69236544368741 105.07919641457245 172.5 45.0 82.5 30.0
39.408950451699056 0.250749457434072 24.758296823876734 45.62535143085105 295.85887618135325 225.93560761182044 173.25 32.25 262.5 60.0
39.28955043830646 0.265891472922515 21.688119934363517 194.77822303656745 325.4609631497631 2.666875461784592 172.5 99.0 262.5 75.0
39.452272420857376 0.239452629597953 24.246822179021844 350.2024708140069 119.45451945115057 267.1032923298182 173.25 53.25 82.5 60.0
39.39861748292299 0.239044630622986 32.44375428660229 150.39273168629896 122.54130195118731 21.734911312126417 172.5 60.0 82.5 45.0
39.53180987015128 0.272947473674183 14.649179369175263 47.47051606578651 264.20778096753867 124.28677129105061 172.5 90.0 262.5 45.0
39.38218547527473 0.215183430219115 19.338182998715308 249.26031854861526 262.7073866668947 21.285183220139356 174.0 84.0 262.5 45.0
39.40148556764768 0.246440750322036 22.281936192942176 199.70600089590133 310.77356540101755 259.49910464424124 174.0 78.0 262.5 60.0
39.3753915882864 0.267546396187675 40.51951413472697 76.17586393561308 75.59173693861702 339.9503697855488 172.5 75.0 82.5 30.0
39.297658213753685 0.255742211745011 29.04642276672227 2.225853167167348 246.5544352325912 158.7919730075978 173.25 99.75 262.5 60.0
39.364465173180655 0.293190725324763 31.750502571769495 123.99420555901435 274.3773774557602 163.13350024021167 173.25 114.75 262.5 45.0
39.49506166001873 0.234556445461444 22.265440437484305 204.77294429795083 248.56926607959338 257.3234273204871 172.5 94.5 262.5 60.0
39.29699021951344 0.228669818217645 28.2997590259535 257.5496979663178 114.33890064425158 317.58118665282154 171.75 104.25 82.5 60.0
39.42619780204486 0.326620306018702 32.203980346267386 288.3683602098528 287.26383087789264 94.76460455670426 172.5 75.0 262.5 45.0
39.42485444919466 0.277718619027043 24.68020258320818 101.83572113103374 144.3153290701121 162.39235228927586 171.75 56.25 82.5 75.0
39.29858584909143 0.280213648462772 36.23382672062223 306.9783479427117 258.510035544856 326.8529075829321 172.5 75.0 262.5 15.0
39.353210086891735 0.31642591935942 22.417125239611902 16.287144188556493 292.09195317661414 264.64946372761585 172.5 60.0 262.5 60.0
39.4386345526832 0.291406520379161 32.48272829425125 297.6109015091396 86.66294303482891 183.80080181770055 172.5 97.5 82.5 30.0
39.49533578620866 0.230146124892259 29.287964751039745 275.03734580334714 66.39610281740384 140.5233168637085 172.5 115.5 82.5 60.0
39.328261229042695 0.272989774021038 26.61228637548512 202.46184278892406 104.71996421915296 346.1189484261884 172.5 105.0 82.5 30.0
39.463198131131605 0.264671340435427 28.034904907034846 45.18686941173259 40.36793607025816 59.18060067990393 171.75 101.25 82.5 60.0
39.43415189850101 0.274981361143231 18.617455477129557 213.65120698826783 245.92631131859463 134.41157699043353 172.5 90.0 262.5 60.0
39.232349896240564 0.229085863065554 23.609262373792852 160.15275308195515 307.3590819889621 265.12714937671836 172.5 105.0 262.5 45.0
39.29417633535928 0.314850126225442 23.802448174307454 81.52099306716065 79.8640100345679 246.06952416826795 172.5 94.5 82.5 75.0
39.415653655620154 0.271485782470841 41.6084951725147 42.20708468014429 257.1116926195219 145.7645071320702 172.5 30.0 262.5 30.0
39.2680921008242 0.30656035033809 31.81916963672121 196.46014829425965 283.0288166055332 133.63290462665242 173.25 102.75 262.5 45.0
39.38193017212594 0.355467578895206 30.656463192182112 85.05929503697548 222.73593784867845 19.21164938861555 172.5 48.0 262.5 90.0
39.36325127845708 0.25546754857649 47.12944021652959 188.15372957622418 257.9758864185816 53.98102701102615 172.5 60.0 262.5 45.0
39.450663920210346 0.325788715096857 48.94230124915966 98.62062731566826 91.86014036413711 94.06197132914828 172.5 45.0 82.5 15.0
39.599734342193734 0.239199881864391 37.6686715770367 127.74247583553812 76.99403428622288 210.04009508195685 170.25 122.25 82.5 45.0
39.37701339499899 0.270376715987623 30.668591874940788 119.25198467105429 69.14904012812644 329.4278892044563 172.5 45.0 82.5 45.0
39.45587241272072 0.345862537851741 44.36114960147301 39.355251199726155 130.02607950098394 103.59871083813431 172.5 60.0 82.5 60.0
39.434002396083315 0.351331193471791 48.27397437202527 306.2525371186792 260.08069463735325 76.48539598161825 171.75 44.25 262.5 15.0
39.3155117666663 0.205737647896329 27.08959730478722 241.81158515502665 268.80910997419414 342.1632066444574 172.5 103.5 262.5 45.0
39.528414521959434 0.26976011340364 28.203533401789223 65.02803238478596 241.88357016743996 355.15766898868225 172.5 100.5 262.5 60.0
39.29003587475462 0.261130233903274 23.786114842220254 128.32829613280623 248.8821214288194 235.4984179842831 172.5 105.0 262.5 45.0
39.33665270615996 0.213834237267575 33.92610056618869 266.19168702860793 306.24295046211245 67.14946096001383 172.5 73.5 262.5 75.0
39.352637487907394 0.360019435714137 35.092627265668895 117.13389540659595 252.29428348310398 198.249841646742 174.0 72.0 270.0 67.5
39.34968976010072 0.270634097713438 47.95613496610287 80.29910083724344 291.5774340170643 321.0486836541905 172.5 72.0 262.5 45.0
39.26764418303733 0.309185447412591 22.782193123843687 176.21661147010113 294.87498854902043 147.11274980547716 172.5 105.0 262.5 75.0
39.35091099471469 0.339109041171537 30.70527353265618 351.14444207551634 250.0104782807722 193.70285243011864 174.0 73.5 262.5 60.0
39.37353583873916 0.309576898004276 39.01432775461079 184.32312648879488 257.02682475608003 180.26429952942496 172.5 60.0 262.5 30.0
39.29646832311052 0.28593690962081 33.77860853070865 278.8846201534545 87.0211325127017 116.29202109266944 172.5 103.5 82.5 30.0
39.57827025692003 0.26479194586697 26.19870454971765 338.5178092518539 80.5535047188084 64.05733531845492 172.5 105.0 82.5 30.0
39.36617705918033 0.285674845739137 18.04701534206452 234.86311089850744 288.0299670665021 129.38497389098552 171.75 93.75 262.5 60.0
39.473136265390075 0.340294654757093 43.67153419281028 101.85436435927475 219.57464145493947 246.2477630497944 172.5 70.5 262.5 75.0
39.42773015590754 0.313395544570913 30.65536742686885 193.36136662500442 213.95132743006604 73.22523651520262 173.25 33.75 262.5 75.0
39.39101855353495 0.300019702838125 21.19971338676905 153.7117433026708 135.67809149445347 252.9902281269919 172.5 60.0 82.5 60.0
39.35190793552551 0.222030321273904 28.610356174135546 345.5418041159265 248.93345937315024 331.5014856748707 171.75 98.25 262.5 60.0
39.412576280574704 0.358805409430991 43.95297893242872 23.917375387411163 231.73978480772107 52.855540840159605 173.25 30.75 262.5 45.0
39.454990598935716 0.299853102213594 23.73257200708147 289.5830265055507 288.13506610252693 307.5553175855121 172.5 45.0 262.5 60.0
39.281306713814345 0.1955049449997 35.7286971671791 56.06374703251427 68.9913862585481 6.137594837833902 171.75 111.75 82.5 75.0
39.44717284441123 0.265081945615616 35.81655357382629 269.5242018965314 248.50028744804735 223.19303443761902 172.5 60.0 262.5 30.0
39.399198426539414 0.271255110040195 29.782163043519652 317.1301071682263 299.7832441526821 181.91814740126924 172.5 60.0 262.5 45.0
39.33323812454839 0.282124689523576 30.01413510315252 48.99219561565262 122.59119819950506 356.3815801243404 171.0 88.5 82.5 60.0
39.352667769005805 0.278393255194727 47.24560870441785 106.34674850315108 91.19379960285309 220.28256555524945 172.5 60.0 82.5 30.0
39.36368185229898 0.36873643379241 39.10040880686327 206.60465902603335 294.3065977924344 7.675419450235907 172.5 66.0 262.5 60.0
39.445158395578424 0.259032682379416 30.347827817144307 167.47734145169326 281.6381020004573 130.99241682601888 172.5 105.0 262.5 15.0
39.51620568282857 0.284939543633058 42.840412689202346 31.42484612896924 116.24726878053553 235.2817168451404 172.5 84.0 82.5 60.0
39.36457332587757 0.207938480877359 25.486507400059775 81.47058824962409 93.16802696350464 195.60998851524653 172.5 96.0 82.5 60.0
39.35232999147732 0.298047967692738 47.16356495653928 113.07312904046202 113.58662799049915 195.83249479337067 172.5 60.0 82.5 30.0
39.31416718623716 0.273665769481231 28.043276075693708 303.2073186936619 87.52018130888399 93.00588758932193 173.25 92.25 82.5 30.0
39.31413644501437 0.331779260440654 46.085353436115554 15.123145656508877 279.0949581526621 131.49692188110726 173.25 69.75 262.5 30.0
39.53444287698498 0.292997163258174 25.033260283168346 72.6821232680482 262.3613457204286 106.68999612894797 172.5 87.0 262.5 45.0
39.55215417308161 0.295817224398426 26.64943499892613 41.33043260636529 233.16825563233334 168.6908292515664 171.75 92.25 262.5 60.0
39.4827780847414 0.236083252235874 14.55287581616308 161.9932451232622 294.77107204059917 50.17805295193165 172.5 73.5 262.5 45.0
39.379245534393036 0.304477809654646 39.511905494375334 250.64950168355878 244.68249548149228 16.153907390913954 172.5 34.5 262.5 45.0
39.48958333137273 0.298115135206043 18.396006809338274 187.71008952813435 270.078963409371 40.31466291209191 173.25 60.75 262.5 60.0
39.424697476124884 0.219439106765242 31.852012582869147 359.4474663938944 302.8586758987815 3.954194249864364 172.5 54.0 270.0 67.5
39.32544046238048 0.338343253031783 37.77189346090129 28.81935018939838 92.00170367842352 144.13947887256455 172.5 60.0 82.5 45.0
39.392067889649596 0.264912258588556 14.308291683488923 92.71082031634452 273.57401482948546 94.25366358938227 172.5 22.5 262.5 45.0
39.387234796922236 0.284083110882098 25.15307570096423 297.6332606504329 83.19575057819941 333.8810687832856 172.5 30.0 82.5 30.0
39.515529708063056 0.272925211889547 22.33222652165916 331.34875820946263 34.972382650739526 112.79466595998677 171.0 81.0 82.5 75.0
39.57833492462164 0.284084214097573 34.59793349864032 219.866870152723 95.89906475337946 9.075377727666257 172.5 120.0 82.5 30.0
39.27474304818353 0.217018349398086 26.73797430601117 168.40378597153313 99.83047737838099 261.7358872512465 172.5 105.0 82.5 45.0
39.5447588708006 0.244566023025666 25.57930379965286 117.01391743467923 305.2873916225196 181.55079886628582 172.5 97.5 262.5 60.0
39.383698213598244 0.235373315871923 26.64077283701526 86.65992207946017 251.96133301151986 333.11626297204845 172.5 85.5 262.5 60.0
39.38777052474831 0.316206569521834 41.64052496647571 54.562452261487515 297.4154698034107 340.84393857323187 172.5 30.0 262.5 45.0
39.402798999225915 0.431455768128594 49.00614681839232 16.544225674147178 269.5731345991876 24.884471584614225 172.5 43.5 262.5 45.0
39.37949481921204 0.306983979069436 34.98658280775875 125.66234902185063 85.24020167193598 171.8102214117391 174.0 103.5 82.5 45.0
39.32338268310677 0.253338510033109 36.41905938013054 37.17962771254487 255.39644299901937 241.7218402903086 172.5 97.5 262.5 30.0
39.49175058882141 0.26145048592085 15.652265303572369 311.742398471112 92.52613795453962 176.87714784724727 173.25 78.75 82.5 60.0
39.39192153603199 0.310940631274354 22.551970193490366 283.06716478464733 240.79951806962424 103.76586449251509 171.75 45.75 262.5 60.0
39.31064693384437 0.225372174094668 24.420047580726493 303.2087732064435 93.63604015976021 286.46700990612874 171.0 112.5 82.5 45.0
39.3238451191236 0.279122797948134 21.425987642693133 17.7577216533655 55.28672662854946 198.1688845383428 172.5 105.0 82.5 60.0
39.45453394491918 0.309199554399551 37.41665750351162 141.16670144527635 109.59677081219952 59.11640596691661 171.0 52.5 82.5 30.0
39.367545909658276 0.271598352897121 29.700136831697456 346.7338754891548 57.44237898484272 340.9142388910797 172.5 99.0 75.0 52.5
39.421566794529774 0.252944377438425 34.25116666606499 91.805018362582 67.37699344077413 208.98924001188058 172.5 102.0 82.5 45.0
39.335349327675786 0.235829741142287 27.742652582197216 35.2055406682647 106.43400633276963 112.0393081622339 174.0 84.0 82.5 45.0
39.57728297308786 0.23452909656565 21.538509330048928 328.57600251944854 75.33759226020011 196.4794936082573 172.5 105.0 82.5 30.0
39.30105049078598 0.245439501159087 17.28734558670758 153.12662296744816 102.79918575255127 151.40339421684376 172.5 90.0 82.5 45.0
39.35819261021964 0.336049862641388 47.17632828471879 39.476460979620654 243.47371056360814 22.98411857650944 171.0 58.5 262.5 30.0
39.46476956110867 0.313676900868544 35.818174391937376 303.21662908462395 243.83172049011273 210.42852390153638 172.5 60.0 262.5 45.0
39.53518987096481 0.254927467873897 20.909812435812775 327.8411274677015 41.69228610603264 229.30699730957625 171.0 85.5 82.5 75.0
39.32225649342346 0.250750088177901 38.253035292364075 72.88492418313719 128.71132261684403 324.2207017116116 172.5 75.0 82.5 60.0
39.31256745695799 0.293912826345036 32.89256403169537 110.66964398154838 280.20708799077727 50.14718215474879 171.75 102.75 262.5 45.0
39.35469025660774 0.303538420933132 21.316967503525017 268.4476878327342 287.76099129051704 64.71748161544896 171.75 99.75 262.5 60.0
39.468014081072 0.214427004040412 25.759385224799164 59.25087299239876 86.79480441264532 222.64119159177352 171.75 92.25 82.5 60.0
39.389358875433395 0.211557796701984 23.85554251437903 245.70622668335005 109.23114304477448 322.30493860800976 171.0 85.5 82.5 60.0
39.565011269402575 0.216311869655927 23.0314798173078 331.88093965907206 262.6091632322225 187.0069110488548 172.5 105.0 262.5 60.0
39.51046837272278 0.312888400938337 34.49168552407032 297.4441172177335 264.7111558798521 208.72740045867448 172.5 91.5 262.5 45.0
39.35928845826801 0.233493443445003 36.15972905048373 112.74474440448316 280.1965699628417 191.13072013556118 172.5 45.0 262.5 45.0
39.40658578834929 0.363812157046005 37.520132684372655 111.66765387258388 249.45916172117248 94.65105226408053 171.0 46.5 262.5 60.0
39.444401067206236 0.360709454262555 33.928457856049825 132.15597369425032 97.78066022882835 188.3780098305269 173.25 48.75 82.5 60.0
39.41946632783069 0.274112012938163 28.474030419336493 355.36850771653127 250.87221371775158 297.009419780816 172.5 30.0 262.5 30.0
39.28587731423989 0.261154191707204 24.722942831372247 1.040091484974329 109.72381004558002 39.885649247649305 172.5 103.5 82.5 60.0
39.46211883522261 0.227645212161383 28.527395011067934 239.14575939658698 60.0673523367042 148.98767222758195 174.75 56.25 82.5 60.0
39.38830518894759 0.232722795778349 22.641780621991128 127.67499470331742 100.37648192859541 153.79196394570974 172.5 120.0 82.5 30.0
39.45045765111545 0.257746496821628 21.64966771971434 157.10701301239482 327.0928075627986 249.1399631979934 171.0 48.0 262.5 75.0
39.4952074185799 0.299866907708247 31.64269895017477 138.3738535306879 120.66545726903992 167.919336949465 172.5 60.0 82.5 45.0
39.340951646052154 0.261775242806656 29.95746485613302 55.422400234089395 53.31610393622724 123.13481677929622 172.5 105.0 82.5 45.0
39.28221602037293 0.284232253684962 43.33966494696009 324.781497104932 257.40695476161375 69.57495956155572 171.0 81.0 262.5 30.0
39.497710327029964 0.198249856217583 27.613004532513187 189.46479740463042 91.68008517740581 20.300109320107158 172.5 103.5 82.5 75.0
39.4322041245111 0.283900654179246 42.32089058948865 308.27923954944924 280.4782026419156 206.6126640495985 172.5 94.5 262.5 60.0
39.38734387661988 0.258711062712454 20.777386993439915 319.33399113184055 127.7491723158025 283.6132306443011 172.5 42.0 82.5 75.0
39.46655025665672 0.373355951825406 42.72283975560261 10.108042287889763 296.14170802137664 144.9903594457981 172.5 55.5 262.5 45.0
39.35358199429383 0.264929404688825 21.356207207587154 171.9785089778067 101.69079404345135 282.6898917177731 172.5 45.0 82.5 45.0
39.28109992990229 0.255871632548136 24.211299795112648 196.2454209599584 288.93033205337264 148.5984588369429 172.5 81.0 262.5 30.0
39.34250544378805 0.295523649637922 18.33146243037999 294.5424660073071 276.13249983851426 323.8746379084904 171.0 51.0 262.5 60.0
39.39951481825649 0.306205783332837 22.29385921550386 91.36589222347929 221.95173983583368 13.790726615728166 172.5 36.0 262.5 75.0
39.49060125518236 0.329682122653968 49.94516121597534 83.20564885136503 79.86920092078505 232.74542142561694 171.75 62.25 82.5 15.0
39.23853537782591 0.211903499699377 19.13036794755694 149.0907853747387 93.33852939310182 69.59909182370737 172.5 117.0 82.5 60.0
39.222061405191475 0.225686853414597 15.277809020946254 36.07099141436998 290.895456358713 341.75109953433775 172.5 118.5 262.5 60.0
39.23982760525326 0.304357450179999 28.847521244420207 201.73070407935805 69.60738052153397 21.695546715262775 173.25 90.75 82.5 75.0
39.44697635827511 0.26529539065566 20.133849824966035 316.24340586625937 85.52553587689653 186.46420768066986 171.75 54.75 82.5 60.0
39.449248112084014 0.268596334814744 15.600518149794764 123.68817203558315 253.75858293887876 65.28879633561974 172.5 90.0 262.5 60.0
39.40060027616257 0.235511295168546 35.22115280019931 73.21623550409767 281.9504751827495 216.43392642301865 172.5 36.0 262.5 45.0
39.260089384134474 0.236716118624728 14.93561666818943 145.49877780202516 97.552995243325 71.98660674860146 172.5 90.0 82.5 45.0
39.42112844996966 0.298933695178947 29.691672587619856 113.63863555506654 271.20090702157495 108.91184382963455 169.5 94.5 262.5 45.0
39.37560031724369 0.306340512425246 25.947335709531803 116.02786796677033 47.85492843015111 8.741613877347902 172.5 66.0 82.5 75.0
39.590358221893986 0.22606159249793 16.646962894007146 248.08362449152293 53.08580809982263 247.2260203044465 172.5 114.0 82.5 75.0
39.25822529283004 0.240994195570655 18.47068548365624 12.00915573440505 241.68326700058185 164.43865055449416 174.0 96.0 262.5 45.0
39.41773306431776 0.302320814197247 35.950872469524946 311.7492244508694 291.5893743975541 283.3988605762815 172.5 60.0 262.5 30.0
39.3427423979416 0.247787055519492 19.290797057124298 229.84750867859972 125.87507185715718 236.73611634666244 172.5 82.5 82.5 60.0
39.54842298541489 0.259327593010076 19.281991212724893 203.0969564676348 81.22077299392646 150.45035526751835 171.75 80.25 82.5 60.0
39.47780202490454 0.231863891857712 27.06359885552769 190.2111304328345 118.75294994616733 43.88664684390156 174.0 108.0 82.5 45.0
39.253812942748404 0.228345669791334 27.285352664214667 287.0955132404098 265.3983194338162 113.61484837954883 172.5 120.0 262.5 30.0
39.37029395631896 0.25005949998869 33.959067006815125 1.641725534722336 287.4997849296989 172.2739949213925 172.5 105.0 262.5 30.0
39.263452058458604 0.225079094132404 14.07698967593269 140.46310371272668 91.87243860625667 83.39161293782429 172.5 105.0 82.5 60.0
39.347406095246 0.226520346762942 17.647801341305982 315.33276798437646 241.63139665012642 182.9986350396317 169.5 99.0 262.5 45.0
39.26928541548559 0.26864395756894 20.19253188578743 263.4074166778059 285.01897817526276 99.35813045745324 172.5 93.0 262.5 60.0
39.43056580497508 0.399341736999208 48.27609830756566 238.17579611420146 282.26754685585036 234.98822885656472 172.5 55.5 262.5 45.0
39.30631263585183 0.342016839230022 53.229260667719 19.937264566763528 263.31039291356353 261.82456095780594 172.5 76.5 262.5 15.0
39.45633290152365 0.395350104969636 49.32299121410122 152.65154827040263 284.4721294397445 50.53467965927304 172.5 39.0 262.5 30.0
39.2514204260716 0.228128941174798 20.68394412437814 271.54909298623124 227.75369265073343 128.23119638340708 172.5 87.0 262.5 60.0
39.23944541091406 0.219022762329914 20.993248829133993 100.86329236587008 110.13063516225866 216.28639105483836 172.5 120.0 82.5 60.0
39.391233469730665 0.284716726364769 34.3320415524736 15.153002771692123 88.34181584240545 22.844324986039936 172.5 45.0 82.5 15.0
39.3866775105506 0.284172644236122 22.427404273231495 319.83495471996673 81.59860913665098 161.776023117417 172.5 105.0 82.5 60.0
39.24454264483464 0.278224216124655 35.3592814271698 16.621476331099412 249.48585236557884 20.520390060071755 172.5 120.0 262.5 30.0
39.449295401969245 0.363391521158112 37.33585405649085 205.03474128442878 294.9441247925224 140.9118965923334 172.5 61.5 262.5 60.0
39.52074980492506 0.303493471559249 22.016896958889017 61.94934439180125 113.55904986249328 228.8437779363787 172.5 103.5 82.5 60.0
39.47424338322772 0.266393105813725 28.610243777372656 140.1336983001367 85.7887234239387 312.93214143559715 172.5 60.0 82.5 30.0
39.398494343106 0.279506630794131 19.275099291865754 191.02602820887506 93.55119412910167 137.52740643712798 172.5 73.5 82.5 60.0
39.32682640219053 0.31666540331754 22.267162312382002 31.182265485243022 272.88207444936864 149.85294837029238 172.5 96.0 262.5 60.0
39.36000655536893 0.386747707211308 36.99917647584441 262.50264939502256 264.3855193206272 116.53319514752434 171.75 53.25 262.5 60.0
39.42243073557119 0.293432343137296 32.41338617281977 175.85799246717406 334.7520723732851 241.70104402739304 172.5 55.5 262.5 75.0
39.47842867853644 0.378367287448914 54.26605254301459 316.077002903926 272.52073209419683 72.92107564715027 172.5 70.5 262.5 15.0
39.4571292443761 0.232431059598737 39.47066603316323 110.54211767955299 95.6525158611109 176.36692030422324 173.25 101.25 82.5 45.0
39.423278205879136 0.225988994322667 26.397839284888125 21.853298184570544 56.236215930851124 76.01644894977352 172.5 102.0 82.5 60.0
39.396821539881195 0.379584307209915 44.89300193691107 127.3092847124879 287.42336349774735 183.3369483056959 173.25 23.25 262.5 45.0
39.362581092054846 0.263893452156974 39.36045695111964 196.4510127073817 228.19625112287773 81.31288865739634 171.75 80.25 262.5 75.0
39.30855765942342 0.314329680788779 28.17290768559898 47.81316639033796 264.3142710919854 260.79878888446297 172.5 96.0 262.5 45.0
39.340572907336025 0.280210646320483 14.913364520979384 348.1913453527208 255.7604148653024 71.01543830441548 172.5 84.0 262.5 60.0
39.34699095306901 0.373012500099669 36.29436709656347 29.393549269662003 87.22256438660365 135.63612239496706 173.25 42.75 82.5 60.0
39.40649756723283 0.241805031004206 32.60862632607658 167.87569211883246 79.57385490901052 86.61076575809219 171.75 89.25 82.5 30.0
39.57143932548047 0.227025047179519 31.435294714394587 276.92272327224805 282.9344432672631 98.34204208287653 172.5 120.0 262.5 45.0
39.37046881554452 0.38220227247453 46.9465595728631 309.04047442385706 263.8214428942027 221.63911986610148 172.5 79.5 262.5 45.0
39.451056945317816 0.342459189953414 40.2439688630477 48.61655373728701 269.2038246320436 249.08177488882563 174.0 52.5 262.5 30.0
39.32079178847551 0.237784684854147 26.509265560139614 135.49304871775536 318.3803344641519 302.74810116061826 173.25 104.25 262.5 60.0
39.36749045657894 0.273895359786231 31.396150527582535 96.78232436411359 123.76965602056234 192.86272683905432 172.5 45.0 82.5 45.0
39.39311519297862 0.293055364384203 21.26936969637129 120.35455262580078 284.24297956590334 284.1117033321695 173.25 86.25 262.5 60.0
39.56442261830956 0.288018910616724 22.327094661449564 278.5445400522947 255.67680221648737 240.4097433095394 172.5 105.0 262.5 60.0
39.34558886080127 0.229208349493463 16.004754017742993 126.60057328867619 294.70022974295813 295.0137136267868 173.25 48.75 262.5 60.0
39.51322833143758 0.263859128554414 26.607249002745235 78.47953156757261 240.2446676079501 27.731053692573962 172.5 85.5 262.5 45.0
39.2607821041498 0.250421318779198 31.122211898291095 156.30515042832997 284.24292633549754 288.90639811556144 172.5 100.5 262.5 30.0
39.447993565502955 0.378190305333968 35.33679721776324 338.1635633895565 272.4658267831345 282.66570179509495 172.5 55.5 262.5 60.0
39.43047370427028 0.284108374896738 46.11632382355405 333.9946107677175 93.57720830498185 64.43402097052993 173.25 48.75 82.5 30.0
39.349605910813246 0.205398384007967 32.960158875717795 179.10545599975475 305.0699749299612 242.70806319046608 172.5 60.0 262.5 60.0
39.349486856101166 0.299343993939933 46.84379627340371 213.72776265981895 269.01951861881696 156.1421733020774 172.5 75.0 262.5 15.0
39.471587965539605 0.247720726753513 20.72951089538186 138.36373777755173 71.40799359426634 339.46842436628685 172.5 90.0 82.5 60.0
39.587416609609136 0.264831810265518 24.85321567942615 290.74399672953365 266.09554109170085 341.7245394540503 172.5 127.5 262.5 45.0
39.389401261756596 0.260940683234018 48.345195166082505 134.67741750446837 128.77834152802012 171.61810038299748 171.75 63.75 82.5 60.0
39.55289562317415 0.254103090702369 29.75445728028143 177.2077852024827 96.17381319635797 158.37325787708303 172.5 87.0 82.5 30.0
39.384424164756346 0.228658915459708 26.67404806291688 186.81774152480364 284.0957037269108 22.138721160188965 172.5 30.0 262.5 30.0
39.428264021979686 0.341325671921904 36.28473822960719 24.859043023509223 277.9239005011846 149.08492744789135 172.5 45.0 262.5 45.0
39.49871633038018 0.332557793488184 48.924992664173836 15.731132124107813 73.96285670888925 296.54580255552264 171.75 89.25 82.5 30.0
39.45630851681868 0.28970876698338 34.967796239418206 108.42558720422932 108.65717320179635 190.41788198982195 172.5 45.0 82.5 30.0
39.398099246587506 0.361023476443586 43.849936949903636 211.19943162545775 89.14132579744762 145.82331879913664 172.5 30.0 82.5 30.0
39.54197839024289 0.239139413921352 23.575056527886243 297.289117986028 274.79995297427456 291.82117339196077 173.25 116.25 262.5 30.0
39.335609355896736 0.228239449224712 13.208878011459811 244.06359473490005 264.15598739182457 212.23939555745955 172.5 105.0 262.5 60.0
39.534940655022524 0.260236323270353 28.891723914158923 196.59349105373283 118.71394069096917 137.85222131268685 172.5 93.0 82.5 30.0
39.4873250771165 0.269517171180835 21.57258330718175 257.5010625657391 227.92457525864006 269.31082318941424 171.75 95.25 262.5 75.0
39.23668828104627 0.242995522466776 22.626937411615188 55.35388101501886 267.79344356232855 219.49923236875603 172.5 120.0 262.5 15.0
39.348636416585805 0.228751838540104 16.362966832470114 192.0159248863761 256.5582677047429 254.3984493269558 172.5 105.0 262.5 60.0
39.481294059496754 0.233280963493178 19.552486865111703 321.7205640784075 241.20857702433403 309.72503356792345 172.5 79.5 262.5 45.0
39.39137255904612 0.208988389839371 27.70838352982379 342.4609705323362 271.49899005134023 283.58983739138864 172.5 45.0 262.5 45.0
39.40436772257184 0.344243585800821 50.921661053782316 34.35585952517214 268.9741278066837 128.9279730430382 172.5 45.0 262.5 15.0
39.545009757757306 0.28267569265065 29.52111036639165 239.9064992813636 60.398827545951974 158.1714871327878 172.5 117.0 82.5 45.0
39.24799190080391 0.261347557132674 27.6986190876834 89.48742579229352 44.64168872032239 1.778293525390002 172.5 97.5 82.5 60.0
39.354647864174105 0.277915385375786 30.676338255190633 220.49495935600453 331.8708438118088 331.0870296439638 172.5 54.0 262.5 75.0
39.51058614096133 0.293821493046715 23.28257914399777 206.18529691041195 270.2409357306129 15.5688994204155 172.5 103.5 262.5 75.0
39.351850787144336 0.280993332588491 22.112694245112753 207.13321905585133 81.5431606686551 53.60859610931716 173.25 99.75 82.5 75.0
39.42673556463135 0.278153853973395 17.19532454268547 157.00252290100119 78.7621547786404 277.5419021033115 173.25 78.75 82.5 60.0
39.28012523027693 0.230269880466617 26.404876295833652 65.30574598866829 261.9447435694385 136.49072308454322 172.5 90.0 262.5 45.0
39.43814155628946 0.221345581380777 23.81975673031254 108.64374486904887 289.3317000065614 77.79122292676986 172.5 45.0 262.5 60.0
39.505789140282936 0.306850298732782 29.68435599307094 140.68775409391367 76.06671856961549 194.42871720576105 172.5 114.0 82.5 60.0
39.31274821836901 0.268608978357099 22.185332443764864 271.0424149422225 250.14612657619278 325.8751682842534 172.5 108.0 262.5 45.0
39.41627430905697 0.3195658339991 29.02969093840223 3.821328500543443 60.63908251184599 186.49630672645935 172.5 54.0 82.5 45.0
39.48543460277557 0.293365193743346 26.332168655411305 44.78005394116075 294.65658209111837 123.59605618713786 172.5 88.5 262.5 60.0
39.45149621204745 0.28825788767855 13.126224672323474 357.93421003191366 254.41925319721045 161.6957991627713 174.0 48.0 262.5 60.0
39.4003884716467 0.413507579869412 44.32278519084518 311.3858539222655 259.15742758032087 212.753488498028 172.5 51.0 262.5 60.0
39.30980715553844 0.283068069402154 35.79881045981672 156.49193836808817 74.83869445289952 178.68402191980869 172.5 115.5 82.5 30.0
39.52575524681633 0.247706622312736 33.25062234206308 37.71820400487301 267.5079531884147 116.95854834090906 172.5 94.5 262.5 30.0
39.34749776413194 0.316706229516465 20.52868406571635 295.10901261163855 90.36880973358254 67.32981837450195 171.75 69.75 82.5 75.0
39.387935945247435 0.351965314289029 28.229476857810305 67.84825889463241 291.22871360068154 328.123091978753 172.5 45.0 262.5 75.0
39.54291251363739 0.294329578424144 27.5807738317185 269.7175985985555 115.80823384660235 332.08111118451603 172.5 88.5 82.5 60.0
39.34976174848958 0.390093701299216 50.5858568546661 160.85418102314307 268.1059315216056 180.67886317681408 172.5 40.5 262.5 30.0
39.24749982605647 0.260218259191459 21.193736260608365 31.560244176730098 92.58372701264238 31.465286593050042 172.5 105.0 82.5 45.0
39.38081130018098 0.251352757241792 22.599139490624335 146.85520791744798 317.6081604432036 256.9862787941348 172.5 49.5 262.5 60.0
39.50402106951175 0.270652751831713 15.983316513225693 134.98757165041877 109.11808961883102 284.0276986870647 172.5 72.0 90.0 52.5
39.3455331780581 0.329841128637011 39.384819768167716 38.848402671157295 84.10797246333655 132.45983836070602 172.5 45.0 82.5 30.0
39.50131335498851 0.215789734496258 17.3298776701418 244.92004308878663 106.29226402321513 92.10406205528255 172.5 78.0 82.5 60.0
39.420969003368114 0.366890565972704 32.73500959263593 343.4115083523695 271.0508188550563 294.966808081547 172.5 43.5 262.5 60.0
39.362198103902166 0.277129157540522 38.24625554502727 109.60940804770557 261.9652990519908 350.53138110250455 172.5 75.0 262.5 15.0
39.402223164641434 0.188191742622461 31.1803120165912 201.95908951565096 77.37900112928632 266.22358271702166 173.25 48.75 82.5 75.0
39.408222529447016 0.380495588918183 49.38505753789499 359.11471638477764 96.23360741009121 262.5946920646614 172.5 55.5 82.5 30.0
39.376694484807274 0.27206403310223 22.965597591201572 160.24410172196355 313.57595159614306 47.437345425072515 172.5 75.0 262.5 60.0
39.503468868431355 0.33847780155217 50.27806299093389 260.0714501520728 98.30247923910518 110.43841419135745 172.5 85.5 82.5 15.0
39.26397123665123 0.230256126475918 18.402051756186058 96.77176913153677 123.78064995044099 167.9759294524989 172.5 118.5 82.5 60.0
39.38740496325312 0.33166939906425 52.488383260264314 269.18201082067435 98.84013247169753 190.91921794834906 172.5 90.0 82.5 30.0
39.47282993828112 0.304154473486029 48.840091659903614 187.12414944253973 272.95444839014533 143.60048078783709 172.5 75.0 262.5 15.0
39.45381858963604 0.456343683408094 59.3442389620103 242.50939010622074 261.8458454849018 8.242514874448974 172.5 55.5 262.5 15.0
39.43036911056743 0.382509294567211 39.91530491082068 111.25362105021937 276.3787942464187 68.15608442485407 172.5 64.5 262.5 60.0
39.29529296411531 0.29031407933668 26.980162895875583 61.0711080728884 59.85585367463363 269.3936469076722 172.5 87.0 82.5 45.0
39.5364721847434 0.2644292399253 37.91977586532883 169.8379460876014 277.92315067257005 36.704668356518546 172.5 94.5 262.5 30.0
39.387171325336105 0.239346400317591 8.830589654611003 203.1509899998479 107.36468708164712 239.69500451526488 173.25 62.25 82.5 30.0
39.36288329655028 0.32896832231417 49.567221123176495 37.88588559575979 255.9198509138153 289.03953093783025 172.5 90.0 255.0 22.5
39.351826628444854 0.173374836067719 34.41270206207724 165.71548291914348 82.36188127248211 174.69796147172937 173.25 50.25 82.5 75.0
39.45355278413195 0.288122791677245 41.31265246897903 164.67805175011793 260.1813505931184 192.9645243705088 172.5 75.0 262.5 30.0
39.249193027191424 0.240022808713829 34.13251112069973 261.3604535103045 97.65608133605664 109.92000848512272 172.5 103.5 82.5 45.0
39.27352109394813 0.25973086489896 36.44494013040353 253.42243310396194 95.89231115188358 104.31391573744784 174.0 106.5 82.5 30.0
39.4934776560166 0.349959668580233 47.699786599414324 56.79106461366062 71.58848560477583 23.23306421901421 172.5 75.0 82.5 30.0
39.33777990511307 0.230621961151962 17.334182823752332 333.52499717630246 280.3201125399504 152.51857804640412 172.5 67.5 262.5 60.0
39.39550010011469 0.257314553702835 20.849187053754147 233.82310343832683 216.16335905152079 33.707259018998606 173.25 47.25 262.5 75.0
39.29908929667669 0.33125226588184 40.35691316455501 157.6947716094069 76.673129009163 198.31437630436938 172.5 81.0 82.5 45.0
39.335498008744615 0.252601658450126 15.830684103080825 195.2831020347292 302.617378869716 141.64159222197713 172.5 85.5 262.5 60.0
39.42087597932632 0.296412635396577 53.03048852581489 188.7597973580004 262.59388372843966 168.60272823016538 171.75 45.75 262.5 45.0
39.33311589763625 0.394268687153218 57.28064798339147 22.828853282543996 90.74063540474488 255.07785547079388 172.5 75.0 82.5 15.0
39.39594837243405 0.267440800371963 18.228453083649015 302.78003183613544 87.10216014038566 328.91452316849865 172.5 45.0 82.5 60.0
39.334034766851715 0.267114710157755 26.323276603375174 257.6463581276839 98.82644197819235 96.57478556483622 172.5 60.0 82.5 30.0
39.370896805485714 0.335923450836161 56.410703078921685 355.4500549572658 274.28668776394807 58.36792327845247 173.25 56.25 262.5 45.0
39.51764524723433 0.309361277559634 26.414780740551947 35.90092447402166 239.4064849534909 288.62837044558574 174.0 87.0 262.5 60.0
39.39072949488354 0.324916837414088 23.333860069575824 226.7625171433863 127.19260469769036 344.7087383861577 172.5 30.0 82.5 75.0
39.44643165385432 0.212262301695152 32.11914484417079 78.29648181697823 72.98209377672337 26.41297392862307 173.25 102.75 82.5 60.0
39.32252912793646 0.216420900028789 27.192278159554515 333.7750347085653 66.26787202792357 52.57706438990522 174.0 93.0 82.5 60.0
39.3801492303289 0.199058657638108 34.556449538855034 207.00617722203003 84.54642762971565 133.48067967180438 172.5 69.0 82.5 60.0
39.29775122614459 0.247466819413467 30.229024011702876 303.63475011204775 71.89830257186959 344.684726605482 174.0 102.0 82.5 30.0
39.370570410264186 0.226992207260072 12.799449044166822 329.7135515158403 95.5226722282914 54.49047277924588 172.5 31.5 82.5 60.0
39.31774299895395 0.309527070277849 47.160090094523426 204.37983813020983 289.9013288229361 126.9221609014189 172.5 60.0 262.5 30.0
39.51499394062443 0.331383070832479 30.086813058366587 184.68550635233163 233.62780602035048 65.41333858431636 172.5 76.5 262.5 75.0
39.404732374994104 0.315189468715392 29.973759571862303 3.83859343743465 241.5660784729765 51.00704301537083 172.5 39.0 262.5 45.0
39.402975759723745 0.298970934451115 20.674541737813065 25.941422991781874 255.551089097638 274.1365425554561 172.5 15.0 262.5 45.0
39.3610780932774 0.241097840463162 17.23563411977153 190.42767110971738 92.75818739056757 54.66391625298519 172.5 90.0 82.5 60.0
39.31238192699483 0.269857570089072 27.374491543060067 242.10243558737042 294.51891157530906 216.054561807665 172.5 96.0 262.5 45.0
39.44565832261086 0.253637671238254 32.991708914966765 330.8463190783435 273.73481650657305 146.50129637507055 171.75 104.25 262.5 30.0
39.38165332809453 0.315264483002387 30.97355625693687 246.34382854849918 314.72697714529863 318.0647547774035 172.5 52.5 262.5 60.0
39.49563844797785 0.299566020132657 24.618161690299086 65.28892191874327 265.64826990330477 118.10621181172331 172.5 84.0 262.5 45.0
39.365705523682074 0.42447969943917 54.68710115739859 344.3370412409845 115.42806972677722 253.5808247544722 171.75 51.75 82.5 45.0
39.39279752795615 0.31827449523879 23.31517921858581 205.31081222523926 312.8715079040671 234.61056934337086 172.5 30.0 262.5 75.0
39.527772064091586 0.240618871882247 17.01415723008698 254.50677220447483 57.381941780266445 143.03788319303186 171.75 83.25 82.5 60.0
39.4677962913792 0.29734352953841 47.312220280995994 347.6941394766959 60.33804674747422 307.3688594360613 172.5 46.5 82.5 45.0
39.43010948911452 0.255282801187501 31.126275770729773 274.5908187780498 322.4798155935552 61.48731647110357 172.5 37.5 262.5 60.0
39.39864026745972 0.268998077487863 14.495824731614812 153.28422933815796 275.2601596886258 275.4319428382578 172.5 69.0 262.5 60.0
39.41994073647603 0.319636819128842 26.49965460078829 42.44511651418679 225.9206699081048 174.06174812359964 172.5 60.0 262.5 60.0
39.44388357625047 0.332479370650173 35.65374890226292 110.65019405760117 254.71596756363343 347.2396523829894 172.5 54.0 262.5 45.0
39.368108810140605 0.216774079907239 28.270315726233896 244.2972776632937 120.95945301121147 100.69447967332896 174.0 40.5 82.5 60.0
39.37278320873576 0.233955380537168 13.204273005430455 233.029530094422 120.22168010443886 226.73202110172826 172.5 30.0 82.5 45.0
39.506419591649376 0.257332295981942 18.925641957607336 324.36998397770526 213.43020008907425 221.8069765634869 173.25 87.75 270.0 67.5
39.33415422936706 0.225740783608819 17.02286956455906 233.42912957258972 265.7255115983119 101.09384949630139 172.5 103.5 262.5 45.0
39.49458373576674 0.23763999583274 25.586837588547837 357.2588823910749 268.43063272214397 163.04748838587872 172.5 85.5 262.5 45.0
39.27283977117316 0.240721146755353 32.88974900289307 36.14929398348827 29.332929505010146 32.06118753890978 172.5 100.5 82.5 75.0
39.49468581567228 0.241404291570125 33.99821021133182 38.030850134480055 289.5315973404809 88.26475964020993 172.5 120.0 262.5 45.0
39.360564565154405 0.31602018879187 29.600143816103706 46.42329848777502 96.83189854667715 122.93449295813916 172.5 40.5 82.5 45.0
39.405272080507395 0.312363619875685 35.6754397228071 241.5757154664251 254.77816817733813 118.81518080168932 173.25 56.25 262.5 30.0
39.581602116223166 0.252483823949706 19.176005465865966 106.24205847281715 244.2135906963823 334.25617017945024 172.5 118.5 262.5 60.0
39.38711275489093 0.285786095986582 32.31264461603767 338.66461787793696 210.83834084589344 82.84359702580252 172.5 60.0 262.5 75.0
39.4449447460232 0.320124909022013 41.078622502783816 341.4725729032743 248.73210652363207 207.1006091745162 172.5 75.0 262.5 30.0
39.307448922508094 0.216776835917106 27.356663902175633 158.77077402294762 290.0752246071274 56.37382709721267 172.5 97.5 262.5 60.0
39.382467273231086 0.357994007477862 53.42605566140472 134.26557808901987 240.4719383246 206.4307641498109 172.5 37.5 262.5 45.0
39.58269464762508 0.284643411006124 32.98227357379847 163.90681387738204 281.81679607918954 271.26831742621835 172.5 120.0 262.5 30.0
39.333616636368546 0.324854893249329 26.540495440001557 211.31596048398308 133.49934577339306 234.98620308671377 172.5 55.5 82.5 75.0
39.43460462063409 0.256061388746462 26.038153420731486 204.07078132598005 280.0303631615395 118.69702647566103 173.25 81.75 262.5 30.0
39.43203671677603 0.304547168443561 25.88730798717618 85.78196744842037 100.64411291977244 108.53681173748748 172.5 60.0 82.5 45.0
39.36424736557017 0.287837139324629 27.353892016996113 291.04127207543615 113.23452827708293 322.1044191718205 172.5 60.0 82.5 45.0
39.30014039916572 0.230226609624715 29.173465829872978 302.03962027167097 227.4230411950995 118.35103542877187 174.0 72.0 262.5 75.0
39.449064728234035 0.245944295258176 19.693455292858157 231.76524690128903 332.48657423622615 87.540171073194 172.5 60.0 262.5 75.0
39.346196826580716 0.217353987083371 18.656767197398857 352.86109351264884 73.67379233538702 42.87351846670004 172.5 72.0 82.5 60.0
39.36011371273495 0.323062350590498 46.524841095550904 243.77733642592213 269.2672316433286 356.7315125787835 171.75 30.75 262.5 15.0
39.484917304255575 0.192473164826179 24.437812997198535 20.163793859576135 80.9771578465735 12.018787245389152 171.75 98.25 82.5 75.0
39.40506369465788 0.23216435333501 21.92096793289319 285.57331587379804 248.54223837967 120.1246113787573 172.5 60.0 262.5 45.0
39.596017058946344 0.236908502691263 14.050132357790698 307.1361651611944 250.85678346645744 218.3754087238997 172.5 108.0 262.5 45.0
39.3945930127545 0.259703450523453 18.859588815579436 325.58704512771465 74.12478326495558 62.33794268771668 171.75 45.75 82.5 45.0
39.34866848926359 0.367426041955234 51.032314956227005 32.684107363556954 267.88584054892897 269.32853705827563 171.75 56.25 262.5 15.0
39.32805748716827 0.3020698534827 22.61834769388837 100.60841676838713 65.38122155140742 352.04808087272716 172.5 63.0 82.5 60.0
39.22939031268555 0.244259910433634 16.798438389127774 150.70055020948092 296.99816062933667 43.52645548011967 172.5 105.0 262.5 45.0
39.38269318090065 0.254335600448571 27.958147690616286 292.42508280148 259.2360912882488 212.21142234011535 172.5 30.0 262.5 30.0
39.48120265427749 0.267694991615866 17.157819769190006 172.29666414661128 266.52979723545263 54.56144194530913 173.25 74.25 262.5 60.0
39.32204910837836 0.256247112068033 24.88963644440872 234.55819321873855 137.80519249438606 101.3855180536334 173.25 108.75 82.5 75.0
39.41635846337999 0.344937611612212 34.088986586147456 359.4658033935247 312.06269151146205 132.55234838353243 172.5 46.5 262.5 75.0
39.36749767441745 0.335087594425486 54.024400031935855 285.63529202061846 253.65782783110313 91.76915724397222 171.75 50.25 262.5 45.0
39.533283245125546 0.268726678255585 23.686446798592904 160.17590041442918 297.24810052108944 257.6102842228562 172.5 105.0 262.5 45.0
39.35429662819768 0.324121784749287 42.079852474775194 208.00060054886308 280.080905377199 258.098499782358 172.5 45.0 262.5 15.0
39.39378102096639 0.24395825069874 31.770515764644724 338.4378571367448 320.1256099247952 269.3648463922086 173.25 33.75 262.5 75.0
39.227845229813504 0.223838670256354 16.747224656539412 212.28486912509544 296.0899940034751 258.0936378325582 171.0 117.0 262.5 45.0
39.5011263693027 0.240089391973958 22.447805289370514 88.74650889588565 70.0183200356107 221.60794224751635 171.0 72.0 82.5 60.0
39.41249232068975 0.211227047061006 18.85291935158732 166.55055098153042 276.17174661571005 144.396535783001 171.75 83.25 262.5 60.0
39.47939198401983 0.336388799830325 52.016496058341275 267.6682635528439 251.52761438042592 0.548273827383614 172.5 72.0 262.5 30.0
39.49014131375443 0.288375842352098 38.61383711476447 83.94464866563536 262.3869952576661 106.57130052908369 174.0 63.0 262.5 15.0
39.396024818057796 0.286778778303036 24.01147984315454 296.6716507691297 85.31453481794254 190.65269536340386 172.5 60.0 82.5 45.0
39.369250249634064 0.305511468008308 37.424829368356505 253.77031605391434 287.8995199196005 231.61788738646516 172.5 60.0 262.5 30.0
39.47371798307016 0.265933675868219 33.12307932172507 2.035362497194431 247.17669296490885 73.53273281281415 172.5 106.5 262.5 45.0
39.36777395788287 0.353399872253862 39.148489877593185 9.874697067458847 277.215587337107 257.0842226969272 172.5 60.0 262.5 45.0
39.33840669956135 0.262163664281957 18.858362788343214 151.37041739762014 313.92249206190843 22.252945278677835 172.5 76.5 262.5 60.0
39.45284774389704 0.242649072008607 44.194236849536445 40.992330521365254 79.19005270371888 157.20568822382666 174.0 69.0 82.5 45.0
39.59086550737269 0.232590911500231 31.03892691807786 224.93231297179568 68.53987368606073 29.712236374725162 173.25 110.25 82.5 75.0
39.29314588352834 0.255857543055568 21.669617263280887 330.0217835819437 222.73537953838294 340.05783988692326 171.75 84.75 262.5 60.0
39.24742328456065 0.289249305094272 28.760075283195846 173.63482848834173 312.791803098013 253.46362769956102 173.25 99.75 262.5 60.0
39.38360973457179 0.287362804340232 22.97612545803691 304.71198565151406 63.928914374106014 210.794395863779 172.5 30.0 82.5 45.0
39.398304122219635 0.310675473687362 39.349715776636984 289.33771812662053 316.60040912508543 53.22542861348405 172.5 57.0 262.5 60.0
39.30357161273095 0.280752676948391 19.353239022618244 124.76820272452615 289.90976670915484 48.552525614808815 172.5 78.0 270.0 52.5
39.28996096393635 0.286767651290441 32.733867000361904 36.45697860158934 217.3444893572945 55.87165635893192 173.25 68.25 262.5 60.0
39.36436282864045 0.372509131586048 42.56199216661306 57.090463018496344 317.16889452946407 82.84715965012573 173.25 57.75 262.5 75.0
39.33010417120375 0.247892473752365 31.561448024142912 77.42872242162899 71.93615223852231 139.96779284916917 172.5 102.0 82.5 30.0
39.19716806043883 0.228186781165407 17.70225260323641 154.14319906823226 239.34599228612478 315.45355081740956 171.75 113.25 262.5 60.0
39.469473223499264 0.266048139070031 30.22059303470531 229.51358656508773 122.40438284010692 340.2592857240944 172.5 60.0 82.5 45.0
39.34293202112044 0.264658368351795 25.701886222867046 354.56022463391866 26.142094424850768 217.13987340586866 171.75 54.75 82.5 75.0
39.39555022283671 0.361643539124383 44.72658424445995 216.10901385979815 285.2929693231779 130.62117618269912 172.5 30.0 262.5 30.0
39.47011102088765 0.255033306165447 19.609143905004505 178.19476802639986 266.1550292805071 63.89738901408663 173.25 89.25 262.5 60.0
39.34710815254041 0.220620899911912 15.580502829285978 182.2509879508116 80.81940907693482 154.26270317551808 172.5 70.5 82.5 60.0
39.40361262265522 0.252576419564212 22.69472803639997 281.16036675571394 125.41944780516341 302.58322083946865 172.5 33.0 82.5 60.0
39.31823410197906 0.291271816154821 39.23150969733666 2.325362677894651 231.91430159411226 316.1607563756984 172.5 75.0 262.5 45.0
39.44922026041884 0.330522449419773 56.61980125767838 99.64109877875339 62.22343590065355 124.2178247293659 172.5 54.0 82.5 45.0
39.34946096491581 0.270787431748398 32.155243988274954 302.28071936607574 67.10783599149826 347.81006133397204 172.5 60.0 82.5 30.0
39.50872829276729 0.339446738349337 53.500796191575375 81.90188947384272 272.5013269172983 333.9933489458137 172.5 81.0 262.5 15.0
39.494174684698834 0.24710010499711 11.313000483120955 296.62692699474644 236.59862227179707 220.0526221007277 172.5 75.0 262.5 60.0
39.323843517913545 0.232498165712201 35.89864620483294 8.565321222621952 256.80355232361177 164.45592686133938 171.75 63.75 262.5 45.0
39.41902148993787 0.320621035151608 35.4850897653987 249.13075356656373 276.6711785888588 338.0039278933564 173.25 59.25 262.5 30.0
39.24065403970435 0.264985013909231 34.60363511516452 71.99056845678469 83.74288245647126 216.47484506776755 172.5 120.0 82.5 15.0
39.472737309630915 0.206682754935275 23.99583313289523 236.4922195769679 106.14218131375975 135.2922944739299 172.5 105.0 82.5 60.0
39.41715121399306 0.213361707441411 24.01352735150367 170.2183294011242 306.3078040567669 247.7669133138985 172.5 64.5 262.5 60.0
39.56913726907966 0.265590945982002 30.706851763505632 259.02606361054893 244.16131530326726 112.33639384349813 171.75 120.75 262.5 60.0
39.49420624424406 0.244137261849691 12.77424488468932 57.8499556784859 60.9502172231818 267.254428350158 172.5 60.0 82.5 60.0
39.49763899781508 0.261915911618343 17.3093672976051 140.4221746158769 134.76185560711085 259.71019641087037 172.5 90.0 82.5 60.0
39.45509620560186 0.296540413615437 32.44607446606169 189.9932163336604 258.6068110791135 288.0406965434537 172.5 45.0 262.5 30.0
39.4324176728193 0.24723003100637 38.67076404476899 175.2678587699452 285.41662782466517 30.77099401712071 172.5 30.0 262.5 30.0
39.414077516320134 0.39428581113642 47.86245328417885 225.9473010513917 103.04368506152909 123.41414698421553 172.5 43.5 82.5 30.0
39.38477419923547 0.287953953688896 16.630974679335402 104.99105482810312 272.14183112752414 312.8862404107704 173.25 84.75 262.5 45.0
39.53563269776307 0.246672516833241 26.313493510791385 39.04171833124043 291.2896813905254 148.43986724533005 171.75 125.25 262.5 45.0
39.57195281974484 0.261834899456707 21.145338483753783 74.07644341792101 73.64197798563121 238.3959864366238 172.5 105.0 82.5 45.0
39.23483144679541 0.233683772587062 18.617902025224236 192.92053438877358 96.557617490332 28.320546879286756 172.5 105.0 82.5 45.0
39.427120488737806 0.27737103381045 33.86423988553624 112.56039712665934 83.6897191292182 187.0854673045274 171.75 98.25 82.5 30.0
39.41237541397265 0.26242983463409 21.31438517859377 194.51105927270012 68.87027082001146 158.527503722692 172.5 45.0 82.5 60.0
39.26164620241444 0.260042379954687 18.8923704765147 235.5268274734142 269.293204579237 122.48230303838854 172.5 82.5 262.5 60.0
39.33530282014516 0.264771021181752 17.728978678080104 28.6067524024309 271.37813995952644 256.6008566622466 173.25 51.75 262.5 60.0
39.3634776067573 0.315463389064744 43.80133196814431 117.44904196841954 286.35476983613177 84.41224475730967 172.5 60.0 262.5 30.0
39.367906995122425 0.324680403724774 52.10851574226271 179.60151300079707 267.55782336030177 69.68326497032852 172.5 99.0 262.5 15.0
39.30309872245432 0.236846660939967 15.760543583755778 248.04643692915644 82.66182097175263 30.352534708768527 172.5 118.5 82.5 45.0
39.559439488135716 0.238168514985634 26.02058220823497 104.33924539277771 252.51829755448364 227.81822810748244 172.5 105.0 262.5 45.0
39.26499426282745 0.255871103227624 33.63539578163565 205.15163277846767 286.2031821587628 27.66132412038783 172.5 103.5 262.5 30.0
39.42156163904338 0.276306820116029 22.642963358801882 82.24545589428469 90.20233854464026 99.33175960989946 170.25 39.75 82.5 45.0
39.33048412552653 0.249512769836645 42.39369763877889 117.31108773585426 294.8770574664268 177.0606917810349 172.5 60.0 262.5 60.0
39.39768669084264 0.294859141408909 47.27873464347106 128.8623949433484 261.62406123989945 316.90717618260203 172.5 30.0 262.5 30.0
39.3252770247872 0.249634212472984 39.430066326616156 192.04238499017737 114.39003265466799 128.15299757029845 174.75 68.25 82.5 45.0
39.5463920533759 0.283730030591642 43.16768530562383 143.81824030875745 275.25652144676803 297.66058115967365 172.5 123.0 172.5 135.0
39.59322188137616 0.251937986395865 17.842031690391295 350.123102202299 76.40127594486339 192.84117357614866 172.5 120.0 82.5 45.0
39.3290238611743 0.238159629269176 17.005946313551252 272.4954477162096 105.59744382298612 335.5067977556692 173.25 80.25 82.5 60.0
39.50415082092976 0.323563502793651 24.5738611793444 67.08659326006361 58.16899798059052 262.08411946209674 171.0 73.5 82.5 75.0
39.41719155437207 0.243571751254693 24.093185599349855 313.8492862437147 284.618397332922 284.8912760498929 173.25 80.25 262.5 45.0
39.4666380787048 0.321502142536681 33.43975856937465 357.9533796819449 219.87001001994267 196.0116057459454 172.5 61.5 262.5 75.0
39.479196772086475 0.254593123562438 31.13238464491606 10.286520132047348 224.33559212527447 65.09458001420457 172.5 63.0 262.5 60.0
39.49405665865973 0.232212724851289 28.06134834869043 94.45481837244944 88.79877296903494 110.35642097196397 172.5 66.0 82.5 45.0
39.36118127036053 0.375299750478916 46.76527696430824 133.87886831827413 65.4590483669456 86.35015179005596 172.5 39.0 82.5 45.0
39.29638637618466 0.283106757968816 34.97529037196907 339.06120988989335 95.48827663249884 160.81163031329353 172.5 99.0 82.5 30.0
39.345133965369776 0.356690443712859 35.95480903271463 251.67800212308634 241.70354955039863 253.06385578358368 172.5 64.5 262.5 60.0
39.47218169209957 0.31844800915156 29.314215219787393 21.74449469848156 241.74009235541916 263.4286783686757 173.25 89.25 262.5 75.0
39.36871494873703 0.223999142550915 25.331172934222344 258.70573517757344 50.65270362898282 6.079386485625029 172.5 52.5 82.5 60.0
39.379637064409046 0.40440269023606 47.90165792930803 40.65822778054249 278.49678295358893 2.72870999299254 172.5 27.0 262.5 45.0
39.28615663762749 0.217679780435539 35.261520164907274 99.32514353661414 98.6087646290617 355.0468271139707 172.5 108.0 82.5 60.0
39.38561221562444 0.261008549329537 25.796971350651223 346.0410964261052 299.47804355545514 280.0628801481943 172.5 60.0 262.5 60.0
39.472493819427115 0.328064653729019 45.35877418302803 163.8816687926577 267.309104608604 295.5143019017998 172.5 45.0 262.5 15.0
39.524335691675205 0.273658627647095 16.392104120112357 157.12748940870347 125.21888037545641 164.48811580601918 172.5 76.5 82.5 60.0
39.42165710397168 0.341665121921488 51.444642229656246 294.7258406435516 72.10171858066624 348.2386107871696 171.75 50.25 82.5 30.0
39.354825437214735 0.339794498846234 51.49735442825547 108.10392820998275 299.42794993827147 305.3700687669228 172.5 55.5 262.5 45.0
39.36764807378322 0.284720291618878 42.16708727049896 37.423588666385115 301.7687708058183 249.6587868792115 172.5 72.0 262.5 60.0
39.30838742353971 0.300676314437321 20.443834003308343 352.81583304848635 41.77778014512511 195.95725102056517 171.75 86.25 82.5 75.0
39.44246175280834 0.443332599689729 58.20731268254885 35.44552214580936 76.34782121161233 26.34495097400609 172.5 46.5 82.5 30.0
39.32196118122808 0.349424666385292 44.982037726733665 315.2964488040062 84.08681693853569 66.5969103906349 171.75 66.75 82.5 30.0
39.50917136638409 0.231524675297989 19.064850138072135 43.88602395235559 56.36861695474922 138.6567315621087 172.5 90.0 82.5 60.0
39.405895568522794 0.355647138462972 47.17720132332315 186.75241835997466 266.7969873462698 286.3603054452356 172.5 33.0 262.5 15.0
39.34908587496414 0.335884197426526 42.27172307516573 318.1678575175187 253.11350349517429 315.8413674432702 172.5 45.0 262.5 30.0
39.41129789125607 0.359777706939066 46.256059051248656 58.552436415374196 290.8478625716404 341.4638160560072 172.5 30.0 262.5 30.0
39.43693180705354 0.279307628175604 34.08259892996651 161.189662745601 99.74912434471453 72.92766643409524 171.75 101.25 82.5 15.0
39.421411884351215 0.205748637919119 31.765303649899536 311.3660254167439 67.03050703565383 207.32535287405784 173.25 50.25 82.5 60.0
39.381708691574495 0.291186655362046 28.85415761436184 349.24042875468024 78.98894064675993 62.77794227459163 172.5 45.0 82.5 30.0
39.309043318600416 0.33675665908255 35.0551388065888 14.5554689821872 268.86999772945865 266.5831823237059 172.5 63.0 262.5 45.0
39.47807477799153 0.209419831448695 43.49455725510425 69.39739162554325 87.52374274695826 348.0312624131734 173.25 69.75 82.5 60.0
39.50806723092767 0.221869719102481 18.04902541535021 336.3267031688486 88.16677237322358 180.74440040392048 173.25 84.75 82.5 60.0
39.37912572724645 0.33622896657432 38.81826803805559 67.73402825408938 94.52223396636259 345.1738340160742 172.5 30.0 82.5 30.0
39.425308288430905 0.333297389712848 34.05298044853642 347.32830058478487 313.4074960121745 123.40734942130457 171.75 59.25 262.5 75.0
39.26809908738647 0.235524059426766 17.13939858063529 206.24910582242705 314.15769380982204 358.053142398579 173.25 89.25 262.5 60.0
39.587145770040664 0.229753132000327 17.004993534735508 144.07932498854453 266.8483653204324 69.27135381640582 171.0 111.0 262.5 60.0
39.458439531828546 0.262235962837151 43.64656755438903 232.4599853130847 82.4248272293268 240.6983788929681 171.75 65.25 82.5 45.0
39.35839505507459 0.29649365637452 30.984734290227177 29.356703987305778 236.36531893167793 149.86731714122655 172.5 72.0 262.5 45.0
39.57551584876841 0.237632849081865 23.667517883842667 176.84625412598348 261.27486822093516 272.1726778714416 172.5 120.0 262.5 30.0
39.42918750898413 0.291107428597275 44.63378571967756 139.17496068502214 93.04647402737724 74.70973133480382 172.5 45.0 82.5 15.0
39.295903588532404 0.285769944695567 20.901584203178917 60.12424528903153 106.92534325290177 236.3576952638894 173.25 74.25 82.5 60.0
39.3938977163677 0.256113120529458 18.93716135551839 279.78474480312343 108.78020878887087 192.15867726641 172.5 45.0 82.5 60.0
39.400352563517146 0.262702398021682 20.110097244210625 338.53213979809 249.11423885739788 284.38825251179594 172.5 85.5 262.5 45.0
39.46319246386822 0.220813347362348 17.277172639462616 269.9512980067156 126.1310323862368 179.48202002281857 172.5 81.0 82.5 60.0
39.43518256050222 0.274439605800606 17.72364855787713 240.67279595215547 244.65977947757167 114.02091529241252 172.5 85.5 262.5 75.0
39.28602620899194 0.269321092018205 28.129733095603644 182.67164886857168 264.6920198313159 271.3796834553049 173.25 89.25 262.5 30.0
39.28561653364919 0.244048601593372 18.652387336020027 134.5600069958637 102.80158961566825 313.7492413516908 172.5 90.0 82.5 45.0
39.33291709732477 0.214126919405407 21.059909947644194 154.54650036522605 286.0971079295235 46.952823521149874 172.5 60.0 262.5 60.0
39.36666233829436 0.334340098001608 37.937391334455924 296.68033428083095 106.38558037888828 80.32726074014829 172.5 46.5 82.5 30.0
39.60066959203345 0.24049623481497 28.812376827603476 281.4680162286972 80.89381776906868 104.04137363453063 172.5 120.0 82.5 30.0
39.34711806873457 0.404792282060216 52.03987078944081 198.76246938323345 298.0766573882621 247.24128073053453 172.5 39.0 262.5 45.0
39.45214612908632 0.27850447110944 40.53452451205169 102.03348998558721 122.36824119686362 185.9236928752688 172.5 34.5 82.5 45.0
39.42023910433806 0.396040814794166 49.889241655963694 125.82989862727914 276.26046455380776 63.71634141655636 172.5 51.0 262.5 30.0
39.406603217483024 0.230157338712435 26.347986295078513 70.06503740788875 261.56656941832813 215.09332518205835 172.5 88.5 262.5 45.0
39.39638666872333 0.25285689621485 29.14397891681568 257.11460922690856 318.5030593742414 328.4041702509998 171.75 68.25 262.5 75.0
39.47197128547951 0.253242415576406 39.822972034984375 304.30365311108653 282.5523779992266 300.81524107834616 170.25 65.25 262.5 30.0
39.40914983886329 0.328192887010002 34.65101558515847 66.47853018216225 81.71542094615283 243.88374866128473 172.5 15.0 82.5 30.0
39.461420279071305 0.324921857874392 29.879243510588612 36.632264391189786 298.78742146279217 124.63294764446138 173.25 59.25 262.5 60.0
39.52997923227654 0.246445902932115 34.269453646795554 43.99917154192195 82.79100315054878 152.0418484191582 173.25 101.25 82.5 30.0
39.38915957952332 0.251368824502271 13.039334939220161 270.01298604658865 92.98096992005264 330.3203487153202 172.5 45.0 82.5 60.0
39.370971602749094 0.433051392025632 51.689995723835516 245.80401261815715 78.26751215063547 354.5946343720962 171.75 47.25 82.5 45.0
39.570842402816325 0.233663666114597 18.509067304364898 148.6852192041264 125.78440861397517 264.1916197968669 172.5 120.0 82.5 60.0
39.33298385971262 0.310248678691415 30.141710958293505 16.296907941965383 287.29824790491944 133.4802116030202 172.5 60.0 262.5 45.0
39.431526461556025 0.286117943994865 35.07837204531942 8.260435999357062 69.47363331291068 184.04587657796552 172.5 60.0 82.5 30.0
39.49626139741286 0.349460059041183 37.68052404111496 328.52095041784975 107.41996348420484 287.7193677685143 172.5 69.0 82.5 45.0
39.2855988449694 0.269209499871246 38.05127417325722 80.4805298466265 236.87955403916794 149.45210065787904 172.5 123.0 262.5 45.0
39.34005370727898 0.350842138740047 45.73804869839375 112.10709604120943 275.47899656646206 333.28352114301947 172.5 60.0 262.5 30.0
39.48516658416281 0.236960918934733 26.601368477021193 121.52483824242344 89.06282592545442 203.25436526598224 172.5 60.0 82.5 45.0
39.41085958449135 0.407780748973777 46.07042046833567 79.45606420626761 95.35271612197313 94.76651039592878 172.5 70.5 82.5 60.0
39.25872903246708 0.316101235947988 31.478300721013383 274.6682458326023 269.6449443222407 349.23599538611677 171.75 102.75 262.5 60.0
39.267101772242555 0.319337396976103 33.26066362924145 333.2864384109347 261.2256113668277 60.40251343798726 172.5 111.0 262.5 60.0
39.37400257624332 0.27733460528464 29.370170676252002 317.0443398984241 68.40999013759019 347.6029111529355 171.75 95.25 82.5 30.0
39.441558846991995 0.24611966029285 34.86390562212379 279.8544606026491 293.0909372916948 203.64253156911417 172.5 43.5 262.5 45.0
39.3517139889293 0.35420150050082 30.921099465335327 57.38114127339402 300.2347399933515 226.33706391213894 171.75 57.75 262.5 75.0
39.46284547158542 0.304084557714053 43.24707015927853 173.5101151443408 295.152812503468 251.95290505070085 172.5 75.0 262.5 45.0
39.56832939669611 0.258390453783188 21.030327643131645 22.384328323699705 111.86333626620385 8.3328321157125 172.5 105.0 82.5 60.0
39.42329916556263 0.22403821154684 26.264003598249495 34.53725846641502 141.55903201882728 315.96016400334986 172.5 100.5 82.5 75.0
39.454273871651765 0.277768745149418 21.87038249943997 350.2712341079037 258.81348355080684 38.692153023373976 173.25 72.75 262.5 45.0
39.278056821812726 0.283901868959389 37.430184994530066 99.8256083692681 237.0272346613474 255.82932169633034 172.5 108.0 262.5 45.0
39.26346900927362 0.286886900743617 34.13943027294384 9.536367755238759 87.95542064731217 165.48672897080348 172.5 103.5 82.5 30.0
39.435279772647725 0.338046457379221 39.73790113280229 119.459937427777 244.64776928216077 330.62877339320295 173.25 56.25 262.5 45.0
39.47860718432419 0.238607779231596 25.134168123456448 214.5501054522234 254.92650216168823 272.43391520117734 172.5 60.0 262.5 45.0
39.328549971475 0.319737376857654 32.313311544804236 280.7818523828876 233.6053219789153 120.95072061791697 171.75 62.25 262.5 60.0
39.51167098177565 0.24881547065486 25.433628841645167 127.50886768939922 288.00105157324145 89.80768083545374 172.5 105.0 262.5 30.0
39.538610109224365 0.247276039526133 22.811738980002318 342.4468818828533 103.8766812914809 159.86990066402186 172.5 96.0 82.5 60.0
39.31051741705674 0.26874751761159 23.88829768076252 276.7429888330615 55.97627844885156 125.80217452363625 172.5 102.0 82.5 45.0
39.27581728242719 0.304332014159122 45.34774361696103 124.56063468214455 82.24483083784125 74.36769635846746 172.5 90.0 82.5 15.0
39.41972272935844 0.300690814948459 25.44064725602428 41.48408409123654 115.87925138818717 112.25898670439032 172.5 30.0 82.5 60.0
39.3831220325467 0.269503461900973 32.05707141050398 214.33377558980374 270.9403468905543 132.93322060149433 172.5 30.0 262.5 30.0
39.292809502847575 0.28962656442598 31.170178731292946 358.8633281757677 76.94446961762058 170.2594887730179 172.5 103.5 82.5 30.0
39.36837294756568 0.262528212001495 39.52930851579015 14.100252402386653 287.18246049818777 255.1005144199196 172.5 30.0 262.5 45.0
39.46212831267133 0.292487492004255 28.12697135539035 158.5100259099533 56.70670916686544 183.1732545797507 172.5 85.5 82.5 60.0
39.28097932546563 0.274822880607321 34.200272616910155 23.961589158683168 105.29541332749605 112.38088461409136 171.75 105.75 82.5 45.0
39.43718853150311 0.399506879111213 52.008003211235035 78.69971077284995 60.89433490027682 245.94838558987374 172.5 61.5 82.5 45.0
39.47117443190583 0.238082333629166 21.74920877656716 176.786275102377 71.34067669554665 61.28507159196549 172.5 60.0 82.5 60.0
39.49042899654743 0.275019299138131 26.867488545870096 10.681721652922231 49.53502068413564 162.49440875905722 171.75 104.25 82.5 60.0
39.43484359919473 0.344098241431754 41.630747578338514 344.01049929679164 87.59388231925465 283.4462854538546 172.5 45.0 82.5 30.0
39.43215953959245 0.288508788629593 38.08771448750338 293.5010141692427 84.05014822157653 350.9420840095667 173.25 75.75 82.5 15.0
39.45376989248822 0.35873252096627 43.888205145045156 242.54321288947045 248.38801512820132 352.27339069258124 171.75 77.25 262.5 45.0
39.33963994238908 0.243689073311413 27.53403845930219 58.58286841158445 256.45528859622203 153.05573322019168 172.5 91.5 262.5 45.0
39.330480951564425 0.254197349659407 32.95906786878791 331.0931024753224 260.7236435939915 311.0873269605404 172.5 60.0 262.5 30.0
39.55335716815248 0.253643713374918 19.07796084889507 288.12633157111463 66.00344584022314 335.08194931285175 172.5 105.0 82.5 45.0
39.54122772570466 0.234322348156943 9.587697744149052 332.42671323166985 236.61011120148777 199.71804298418962 172.5 90.0 262.5 60.0
39.293756259648234 0.26901127990761 37.78246555396405 82.79360580901043 257.7627361627136 206.2350456280097 172.5 120.0 262.5 30.0
39.408604884937716 0.225438059528541 36.77721804221718 347.3532374439063 82.691467263163 185.7803807720741 173.25 48.75 82.5 45.0
39.408112180904354 0.364075768166761 49.88135159537456 162.98973318010556 94.67735381749334 36.038513594500536 171.75 57.75 82.5 15.0
39.41827839053737 0.270188696078028 23.607582533850625 34.59944189398955 132.73106002627569 215.8211137254765 172.5 58.5 82.5 75.0
39.22163005615263 0.214165517187628 14.087283323182342 253.29262896050201 86.65672030162692 122.20407877111937 173.25 116.25 82.5 60.0
39.46467453216875 0.283866855600681 32.99727052843041 337.21439477104786 233.5785651952608 326.0526008847538 172.5 60.0 262.5 45.0
39.507042619057984 0.226742614928105 27.803017563593222 174.75084767264926 76.73066429408254 174.06670343115618 173.25 81.75 82.5 45.0
39.44785604132574 0.317454853933089 29.5522932725496 100.44540529207929 285.5434599222265 316.15736063067664 172.5 45.0 262.5 45.0
39.391584023158906 0.275584719036319 13.123399450603948 185.21065268424624 114.25246140603298 278.497454940508 172.5 60.0 82.5 60.0
39.35062049096709 0.184252830267052 30.082570262454254 60.85996806928545 78.19543125015305 142.13058466084715 171.75 63.75 82.5 75.0
39.31878907745541 0.282166824213288 15.38229026601239 305.46122656973154 254.3691725367519 215.08842171363617 172.5 79.5 262.5 75.0
39.41186389766517 0.272454933506928 33.018748518589966 65.18277822499405 80.10904713534717 346.7266222634632 172.5 60.0 82.5 15.0
39.24007223077431 0.205595036842453 30.374910514387114 353.6561716505501 282.33890036463924 283.3181218187347 172.5 108.0 262.5 60.0
39.45064146518615 0.276762185561641 29.011258528411695 340.3503933871563 50.208776690936716 71.96351609225137 172.5 60.0 82.5 45.0
39.369112983728726 0.275224547138525 39.88876355617462 311.7428852030012 76.765688377843 82.54766796514231 172.5 40.5 82.5 30.0
39.40900640578724 0.288816603823681 37.35136777948847 163.04952386416693 312.21673659589806 23.886566446328235 172.5 43.5 262.5 45.0
39.42066494731261 0.350437273224084 33.82368746777238 0.860686299836487 71.68322270669489 165.6303685200431 172.5 34.5 82.5 45.0
39.45699514566146 0.306732048217731 32.81559807902468 297.8122311492966 33.67169076054754 246.69112168688912 174.0 54.0 82.5 75.0
39.47576886471312 0.331321353489522 29.07852469934597 1.170162480809537 100.9935533962547 272.76873775081003 172.5 60.0 82.5 60.0
39.43013168738236 0.209120284306873 24.98392550843829 180.20960611006498 92.37398303894196 21.806953683983014 172.5 72.0 82.5 60.0
39.46576267252572 0.250687181810068 40.1284664449964 1.442306491793424 108.09944124735289 257.8695973479241 172.5 60.0 82.5 45.0
39.48489415672021 0.226746167135579 15.87621716361034 341.3441257375049 95.62406688552647 196.5196904298343 172.5 111.0 82.5 60.0
39.351098006495 0.296765720739458 18.069846753206036 359.34910447412085 244.23298240598237 284.7688809331414 172.5 90.0 262.5 60.0
39.47172922902782 0.326564536256725 37.38845302660298 162.51552176339237 293.77106285353716 19.692297892270616 172.5 88.5 262.5 45.0
39.39533499355789 0.224239399448938 30.23395357838837 270.1889771981218 233.87472802948997 245.09419383600152 172.5 30.0 262.5 60.0
39.359740092787064 0.32489713917427 26.559861960122134 33.661165289445364 277.30014630668325 133.59930355972332 172.5 45.0 262.5 45.0
39.32975504989635 0.195591306370121 23.148021913792835 184.74133313859156 285.22501761329704 9.033319510588798 171.75 86.25 262.5 75.0
39.4185813860185 0.245141103719805 46.388654916930655 88.58983736324464 275.95200656221454 226.95596347908102 172.5 58.5 262.5 60.0
39.35274115720346 0.360279157517396 50.52226197184553 287.1710804375183 256.2773546752182 97.3088099926765 172.5 39.0 262.5 30.0
39.24595918365382 0.266268123728546 16.855075159334195 7.342133955928256 236.18311383785408 70.64689371896121 172.5 105.0 270.0 52.5
39.27307937267791 0.268420254188075 22.97754908670188 220.9365161062711 255.93712198955564 135.71804896061053 172.5 94.5 262.5 60.0
39.344285126915146 0.223931560044984 43.534875750969924 143.47489048613545 247.15346223773753 330.9641294428688 171.75 56.25 262.5 60.0
39.508932932372176 0.258288699098994 35.98709702822808 211.32219826775176 272.4221174381947 281.8337953661709 172.5 105.0 262.5 30.0
39.320342813035154 0.257310308796804 26.92248990674452 57.84592355914114 313.00283452056686 73.58011431145788 172.5 97.5 262.5 60.0
39.349111406836215 0.335231592862322 32.3874666956163 193.57693926576155 234.26210087828616 171.6553890199942 171.75 51.75 262.5 75.0
39.31575806960185 0.25634314135509 36.45207590497727 42.2026006310175 112.38664351496453 344.1300712603835 173.25 114.75 82.5 60.0
39.31910940887513 0.200187565887624 23.853119527290943 322.74761511463464 301.70658296828174 270.2570367297998 172.5 63.0 262.5 75.0
39.46457828272942 0.263477762262991 30.70495019809516 293.26911530285923 238.4659554415881 200.63391253687774 172.5 108.0 262.5 45.0
39.42294348076459 0.333460157059263 41.114517542255754 180.82390198923858 114.10927607112471 37.90690821610619 172.5 60.0 82.5 30.0
39.44627879789881 0.244920666358103 30.14540315648948 143.98579623919528 249.16393499708863 218.2334389561713 171.75 89.25 262.5 45.0
39.365395362723575 0.217663158096532 21.01001557346671 227.72242705513932 56.42356144881155 282.9185536052132 174.0 52.5 82.5 75.0
39.27641573768524 0.310828843124118 24.885275507549032 170.51680068063587 89.03893246170554 48.193022456070224 172.5 81.0 82.5 60.0
39.37689837298138 0.345146230719037 35.03490244327677 100.03838281377239 285.2285849396162 318.99340263489586 173.25 38.25 262.5 45.0
39.35524947007341 0.281081904411958 24.07069050553182 218.52431457433457 271.81189789784565 265.80743650467963 171.75 83.25 262.5 45.0
39.386755535828726 0.335973944640262 23.163212274724827 246.101786839222 67.4083512819902 3.16765999980744 173.25 59.25 82.5 75.0
39.49806698388437 0.26105405419372 17.769949157772448 16.766764442679506 246.69477788775168 284.1371998872477 174.0 85.5 262.5 45.0
39.46689040053655 0.254337263435125 50.267065355134264 85.77056267958392 106.68005977307541 221.5630579805289 172.5 69.0 82.5 60.0
39.38173168745797 0.302878738401602 33.66748858292618 310.7572320837473 131.91503548125297 155.41997034787104 172.5 55.5 82.5 60.0
39.402356846422045 0.287341813819325 31.14979990856368 337.26970914351125 150.52443409807708 253.17394122079054 171.75 39.75 82.5 75.0
39.44450163099001 0.203545435110991 18.82996975250035 330.9516387093977 86.88288654094889 291.5391735976476 173.25 48.75 82.5 60.0
39.312780937384886 0.279040981342861 31.08216067476358 157.24144476794555 254.67043383094153 69.74509387432036 172.5 84.0 262.5 45.0
39.40041523070963 0.256973724225064 22.999107963595403 330.16847497612497 236.18684484137344 179.32611380174453 172.5 87.0 262.5 45.0
39.47333246938989 0.277619326855819 16.304150818933834 152.2427578271311 295.29979186859237 273.35960155294583 172.5 60.0 262.5 60.0
39.256078287868206 0.234825858401894 23.737977443224167 344.8022159755484 270.1522017804196 166.70421247694355 173.25 99.75 262.5 45.0
39.5998643494989 0.2628286900179 30.132568083397686 306.6668889339878 91.4566562232277 67.32796275414343 172.5 120.0 82.5 15.0
39.370015532420034 0.331121369455441 41.66539314959813 332.2976423552195 243.01783092155875 202.45929466063487 171.75 30.75 262.5 45.0
39.41150775804006 0.297423454850053 30.114140660571863 275.05248181672846 77.24840196545698 95.97910754230242 172.5 45.0 82.5 30.0
39.61519448096678 0.252511068450927 28.55230136358939 44.455345949765174 263.041023836894 149.98712405753486 172.5 121.5 262.5 30.0
39.40789553203951 0.221056364053007 27.18140919159268 96.5777193074693 265.51180526079105 331.4004830326519 171.0 42.0 262.5 60.0
39.31241027867894 0.252778971664604 17.068431058625748 108.87374628069333 301.1558886269067 97.73700601489395 172.5 115.5 262.5 60.0
39.44739315533403 0.321661719212807 21.82995580947662 23.65718671904081 105.80455098187595 143.64444921460031 172.5 61.5 82.5 75.0
39.381507306646306 0.269536258943465 28.60563155920484 279.55829303693497 96.89489224027116 193.07291276269885 172.5 60.0 82.5 30.0
39.36210588051824 0.359791303284361 46.0168487676707 156.25261415003914 256.2433267126728 188.66016882613596 174.0 31.5 262.5 30.0
39.33721362242817 0.354100877565003 41.31552372311338 342.8486198045605 54.332498314751355 325.3757012816276 171.75 77.25 82.5 60.0
39.47934891203165 0.252742038436559 40.75670449696119 195.8401569622549 280.3604981673853 248.41933142505118 172.5 75.0 262.5 45.0
39.552607497188355 0.280142132563926 28.577362659904566 176.0501272049334 268.7298979000561 154.78332328906848 172.5 105.0 262.5 30.0
39.42044770855263 0.318487892869501 33.79806057360724 171.79202730598465 67.83489556269178 166.67798174801726 172.5 60.0 82.5 45.0
39.23198074138792 0.253988196045516 16.484764617366412 62.829424413858646 266.3463637789661 14.097193884706337 173.25 111.75 262.5 60.0
39.41499073923455 0.325282578339658 36.481146375198925 285.0306176966078 214.28592347885032 237.01147656846814 172.5 55.5 262.5 75.0
39.38638425445533 0.292230094719471 24.193376742824086 234.63464191293383 130.50329310116595 353.5693909246791 173.25 93.75 82.5 60.0
39.432669655051 0.224460692382658 30.328630957539083 310.1628527773756 69.3369682755902 208.55478516798237 172.5 40.5 82.5 45.0
39.50506401096486 0.229923792354879 34.99547599408344 235.99095060731196 264.16347124931326 28.27985180833823 172.5 103.5 262.5 30.0
39.33710571642847 0.268053801948749 36.372966930958036 63.6421595537135 263.4811472927324 326.0754451832905 172.5 129.0 262.5 30.0
39.31864126667176 0.292443376218226 25.523083937903603 162.58625194146458 265.56972085183213 27.30022984617023 174.75 105.75 262.5 75.0
39.56585371953429 0.23808252706452 12.47187160123254 276.9783128870775 60.63371270670095 239.82452096299838 172.5 105.0 82.5 45.0
39.434865038086656 0.236094928280745 18.372750584398258 300.56579867910636 76.95599002143855 330.0956603179899 172.5 30.0 82.5 45.0
39.42414302139554 0.249282646990159 14.7845632767601 6.342477877846454 88.68135715887027 246.09631790867905 171.75 114.75 82.5 60.0
39.44313981875208 0.27345986528344 28.177344172094312 275.42973401290726 284.3893950917926 351.26610051929987 173.25 89.25 262.5 30.0
39.46460969345661 0.41045851495041 37.75220628519996 317.7910155579707 85.78659824809044 176.94271106415962 171.75 57.75 82.5 75.0
39.38725037565378 0.288547495039412 24.444904470066394 355.09795629781763 72.134372092251 32.98873113969692 172.5 90.0 82.5 45.0
39.40784703219483 0.272523480919496 18.151296121429898 118.91289436078999 62.36330081279825 222.52291099211303 171.75 18.75 90.0 67.5
39.4189551951432 0.409272891004634 57.57562032598041 122.55218812578126 116.80169811446675 58.24969070263766 172.5 46.5 82.5 45.0
39.56822945369311 0.263538606731589 24.92794272423911 66.14649147117875 84.82436246309777 241.05589220034182 172.5 105.0 82.5 30.0
39.42969725367881 0.288396022385229 47.026575489240514 11.818503584457048 236.31327935690538 306.81155016498855 172.5 64.5 262.5 45.0
39.45186948211802 0.328786549402868 25.45239336197514 288.818437624331 247.5762743408559 107.34555179419492 171.75 44.25 262.5 60.0
39.381571005646165 0.264502764086074 38.13926339799041 54.78022535255943 101.6069302236625 338.7357811374942 172.5 60.0 82.5 30.0
39.32265902162907 0.243107550474008 10.618070795309238 11.18635452232134 240.16063704333453 176.65775276107124 173.25 62.25 262.5 45.0
39.40437318903376 0.249141781778983 29.758972892315985 359.5015575361375 94.51450962671966 287.8216891299081 172.5 45.0 82.5 30.0
39.41877241005891 0.241982387358469 48.136906558146194 128.74127696101252 281.9664969304713 191.03297716940716 171.75 53.25 262.5 60.0
39.4838927629803 0.242836872192507 22.25769473368 226.84020038923506 269.03729766439847 237.25243598824017 172.5 88.5 262.5 45.0
39.378383302444355 0.240904627795759 25.347412451805358 100.92166779050578 115.71962993321193 65.78620150621074 172.5 45.0 82.5 60.0
39.449847939993454 0.249497700644142 26.875290390151545 294.1417348140166 43.33891109302892 23.133710269487597 171.75 108.75 82.5 60.0
39.368123005081884 0.182268614993456 34.652948104982706 64.46320402717822 72.59875393069902 238.34433621416153 173.25 63.75 82.5 75.0
39.402278810674936 0.22863554347661 36.29970283740759 274.3203613242536 285.9152265726668 71.54996282864022 171.0 58.5 262.5 45.0
39.47999227427873 0.220588972518364 31.592844550256014 106.62793656635844 127.33754041228704 169.54621634317888 172.5 78.0 82.5 75.0
39.303798212922764 0.328881970521149 50.07302022867304 274.2865483423194 285.710149032911 340.7027062712748 171.75 92.25 262.5 60.0
39.35222387904879 0.27658767388784 21.443139866269767 159.17353443972976 130.02346629708137 282.4229180208666 173.25 71.25 82.5 60.0
39.39307146698357 0.272852766460061 22.77151565197801 226.0127725386296 108.82388421177563 138.4872912355873 172.5 88.5 82.5 45.0
39.5704778424407 0.261431590870181 25.64722737627677 253.19261359610147 255.00651469908183 349.6432411084386 172.5 112.5 270.0 37.5
39.419667112376175 0.264535798953759 27.775804721011543 284.5671858088851 245.70625334102093 238.67959928047998 172.5 45.0 262.5 30.0
39.48256877590043 0.244115851367367 36.503245092894346 3.379460224309996 283.6473929827429 267.6697133388735 172.5 75.0 262.5 45.0
39.54803741678062 0.289838707114514 26.29568695983672 358.90518908024666 251.4558271481487 299.97660636379055 172.5 91.5 262.5 45.0
39.23178208367199 0.266628514521479 36.39899079807097 95.53787525618749 81.17599691900121 339.78983905381256 172.5 105.0 82.5 30.0
39.43726730872095 0.252811030160811 30.64106916162411 57.860028750743965 71.72995907790113 277.77706156950467 172.5 96.0 82.5 30.0
39.3153473850176 0.242165777946036 36.60007780345287 111.5995103463941 102.17126665283315 325.97748234764185 172.5 78.0 90.0 37.5
39.326368340866026 0.298762313738641 35.15700901556447 202.6527423707514 73.57711794384386 43.238270608607436 172.5 60.0 82.5 30.0
39.33100583424374 0.300623060397836 43.71147064761914 99.22645502027292 265.9228138289768 197.56889851606314 171.75 80.25 262.5 15.0
39.40197120056826 0.333133992024107 29.21212852289741 240.88700960479247 293.5151286994745 117.90312614171248 172.5 73.5 262.5 75.0
39.367467465274494 0.270053373236616 22.532238676850763 350.21026281254456 291.53319226880575 299.591111202877 172.5 88.5 262.5 60.0
39.3759697011458 0.28949136277257 36.208165936954295 112.1753670125847 139.92530189997515 179.42356835790184 172.5 58.5 82.5 60.0
39.40028184311924 0.260232062397728 32.76330461728585 34.70427774411731 84.12302375396906 42.66589440558375 172.5 75.0 82.5 15.0
39.40060616116872 0.243895042830137 13.933572393259947 284.4878282926569 72.47766903837976 214.98081759624145 172.5 45.0 82.5 45.0
39.38894253199609 0.305066786030406 15.475500481601214 70.66224108492175 75.74939207720733 11.208086531021419 172.5 45.0 82.5 75.0
39.26440191880063 0.28823311295429 38.94556086224145 163.34906271732066 248.35665924814225 67.78860256157115 171.75 108.75 262.5 45.0
39.35070989080845 0.251236329457652 26.87191035522001 117.63539352312961 127.37708868895206 142.95261629068452 173.25 108.75 82.5 45.0
39.54542472162103 0.283271630023823 15.993971225055043 29.3976302768608 261.2588560725445 20.60749622123744 172.5 90.0 262.5 60.0
39.27130048131004 0.204010811494437 24.070387485787485 118.98626172651049 267.64698856692894 317.34651887826084 172.5 82.5 262.5 60.0
39.37742578362468 0.310199730857383 25.157333175988214 29.214478229284463 77.44059874891911 136.2707279299264 172.5 60.0 82.5 45.0
39.274697156533115 0.230769171548835 30.2315752128271 70.39046457239036 99.07982398917395 321.6642877927378 173.25 116.25 82.5 45.0
39.3350318418901 0.245067179671351 17.476200232250765 110.34715649758867 72.75705423028411 194.62624522537027 172.5 90.0 82.5 60.0
39.326041766077296 0.254379217951154 35.93043222081339 111.56302808937905 35.26413761125913 246.44958611441297 171.75 59.25 82.5 75.0
39.43672074371493 0.354362487318524 36.367834462007046 103.20501165434518 236.06412561652607 3.008443687747797 172.5 51.0 262.5 60.0
39.459134701740396 0.228808207460572 29.611966030117845 21.380287778441204 47.47255558620797 178.5686887650205 172.5 60.0 82.5 60.0
39.46964046277551 0.30664936058769 36.68175356463781 51.40371067436993 245.58524194013143 358.864730060864 173.25 108.75 262.5 45.0
39.461734916489824 0.271125955549818 13.25973542209743 152.6901347556381 307.45354116921135 158.8242478948671 172.5 49.5 262.5 60.0
39.30868743473424 0.274494702860834 30.476921667573894 33.512007519371664 222.5477026182146 277.40140325151503 172.5 94.5 262.5 60.0
39.408356839768594 0.31799733747662 32.19719382148989 170.578907535111 321.47823670254184 15.641756059322676 171.75 56.25 262.5 60.0
39.53584541942254 0.234633618878824 30.37072873184948 249.68156062570432 245.68316181712157 269.59446573398714 171.75 104.25 262.5 45.0
39.490772950477215 0.260373728319543 38.120332932231086 66.17210075147578 269.257370625046 237.10392787901765 172.5 75.0 262.5 30.0
39.33454860410997 0.392225625813505 49.57417021007525 95.49393018407994 108.31196372193727 331.35335245643927 172.5 58.5 82.5 45.0
39.408101508980195 0.183476415478295 29.57623352298308 228.98126099296618 259.58393237161465 43.532303854140274 172.5 111.0 262.5 75.0
39.47723935310282 0.292629178716851 21.24590426799867 92.37981032764094 62.88207289584627 229.1061190719548 171.75 74.25 82.5 60.0
39.37048653441493 0.218343582369628 18.116684798706117 128.40458179497242 93.21489572855288 220.27613554757534 171.75 104.25 82.5 60.0
39.46909275393769 0.378066261379515 52.986430737949426 159.49897797474205 301.6418776912069 24.664183017288572 173.25 71.25 262.5 45.0
39.33409183120834 0.268683355569342 36.405005979742675 122.76424856361284 39.02981041133947 119.8823147677536 172.5 57.0 82.5 75.0
39.42460939503721 0.337658215834692 26.81101892975386 95.89924957734473 273.3585254177123 331.2167881672332 171.75 30.75 262.5 60.0
39.453372871888654 0.252692787572438 20.604375474718207 115.68184416289066 290.525581105728 202.01122796025905 171.75 77.25 262.5 45.0
39.32234574478247 0.274942470046686 25.956757416930444 153.4407207261357 251.85233280324928 69.16884866999102 173.25 89.25 262.5 45.0
39.40737885718891 0.297854993333453 26.988977882273403 357.2087104358834 34.33824632402438 330.58271429661625 172.5 51.0 82.5 75.0
39.477551625582564 0.226713564319237 27.237351451560066 25.45377767614356 230.5671235593441 177.25345955592664 172.5 60.0 262.5 60.0
39.459305475385584 0.368764687259585 56.44407045764852 112.47617520934091 273.3470571145192 76.10034197144121 172.5 66.0 262.5 15.0
39.33998569806682 0.237055651170282 19.85247783157231 147.16157135960174 266.9089259478631 84.408089235734 172.5 88.5 262.5 60.0
39.32628843587551 0.32341091696229 55.264049374810384 50.747791416353216 105.46105798186109 353.2110566647222 171.75 57.75 82.5 45.0
39.30650502381234 0.384562802566622 55.341829021263 32.10274525984187 262.6385606074579 133.9842425952566 172.5 75.0 262.5 30.0
39.23718448189381 0.268045655296289 17.33087959808711 357.9192870288855 106.50828640728696 269.71051888766397 172.5 105.0 82.5 60.0
39.35281606775163 0.229135884416655 23.582888368624314 144.29933525351072 66.85711035078755 80.49612960686453 172.5 45.0 82.5 60.0
39.34874441805055 0.307642252813296 45.24289963473472 282.4258065135413 53.108215098217244 112.93189878668227 174.0 49.5 82.5 45.0
39.36340992844243 0.292927233373179 50.81189506120939 87.74308534414914 62.79832580988878 6.622301801767946 172.5 40.5 82.5 45.0
39.46546816606974 0.362272596152954 55.592730790623314 75.60034810518673 68.68972271381479 11.806287606883874 172.5 57.0 82.5 30.0
39.470195655155 0.242930848953641 19.430099763504714 57.9736950592258 253.62229752859213 356.5740686629443 172.5 84.0 262.5 60.0
39.34690188780704 0.248843785053672 45.63624909339776 300.54848457801495 89.77860486793587 188.80364802746053 172.5 66.0 82.5 45.0
39.475070337368095 0.212959033447898 21.52158630151565 249.5397531376411 276.99695009723064 324.22042448943506 172.5 91.5 262.5 45.0
39.288237428252366 0.315918445298593 45.622429477284456 201.49211435420236 88.64719711699503 141.39227308251947 171.75 80.25 82.5 15.0
39.424514398805584 0.263130396945963 19.268920044017026 210.47265715902267 91.58061977973775 353.52912045050357 172.5 88.5 82.5 60.0
39.39885222572966 0.231527451072473 29.607990640749012 199.8471367392928 262.7620953627479 266.8526225448721 172.5 30.0 262.5 30.0
39.43646220383217 0.221015450492706 39.75183542191783 145.38592213416953 307.9876862751603 167.12678818639984 172.5 67.5 262.5 75.0
39.413801075394666 0.333461224042182 55.311592245795936 296.9983878533375 274.72652188595026 190.79621671630522 172.5 49.5 262.5 45.0
39.36714388047855 0.26650449131838 13.573822779941517 310.23767664399696 230.7977495771787 339.04241489245976 172.5 30.0 262.5 60.0
39.30365005043827 0.212636388866838 25.83666267308476 117.1468294229225 250.75416279635104 76.22668252890853 171.75 102.75 262.5 75.0
39.37390006490829 0.262901336850798 11.265324839860398 136.29493420584288 110.10175548018975 270.8795291455158 172.5 90.0 82.5 60.0
39.39966758049555 0.211220172634577 19.053175634308666 210.3670922280414 244.42667335152066 137.5520928823745 172.5 78.0 270.0 67.5
39.4880266552185 0.251991307091041 14.845793806104595 111.60180516476555 116.9150806384735 176.4328827445906 172.5 63.0 82.5 45.0
39.4786785937572 0.34200777322787 41.78183179001446 250.81771919105213 48.251699588975676 29.323755815729488 171.75 57.75 82.5 60.0
39.37952675788809 0.317431543719919 18.989198022342045 346.1386118215475 292.30968491553176 27.60829194072114 172.5 46.5 262.5 75.0
39.47554183059154 0.216157145570023 27.793084277132305 137.15390200311347 273.84660511239457 169.67471456230066 172.5 96.0 262.5 45.0
39.325404561000724 0.289830289422008 29.55067487800806 321.4942550842847 278.0905689890605 211.29971203646045 173.25 105.75 262.5 45.0
39.49944711900602 0.308384478914954 45.40991897566291 215.40631236297313 59.9984373045729 158.53360722228268 172.5 72.0 82.5 45.0
39.34700185701935 0.326133385421517 34.28608300637558 308.95618459387504 122.50143817785204 43.27744225460416 173.25 66.75 82.5 60.0
39.407832551904555 0.275215228782984 33.84543714968632 12.267500647352525 119.32521182503761 10.70105523842282 172.5 15.0 82.5 45.0
39.30646288820747 0.308568367307224 40.57369292321276 262.73143973387306 271.43469754547027 348.23926223837725 173.25 63.75 262.5 15.0
39.24906330903463 0.30255736079113 32.030428880003996 120.83106614682657 298.87888039168 62.65239453100436 172.5 105.0 262.5 60.0
39.60808382023029 0.270216422484839 30.177504999875126 224.22369218460358 263.8485092889843 253.5837769997422 172.5 120.0 262.5 30.0
39.46078952938595 0.287150822617726 38.8737511540598 107.62142206206057 282.7717280129182 218.80552721763303 171.75 114.75 262.5 45.0
39.45415794949548 0.318732840696794 37.6774596583509 72.135711276219 272.0653181034002 216.6236322606673 172.5 75.0 262.5 30.0
39.24709264987867 0.269472073119221 33.38746377894213 51.153887571562514 220.1780262793897 34.12024245972207 171.75 102.75 262.5 60.0
39.299654957325544 0.220698842255131 27.44402699793638 199.21003096518785 290.664636658497 34.04145355562887 174.0 96.0 262.5 45.0
39.4224107872727 0.269010756409007 35.14722365012011 173.7921862425658 97.16880197143792 189.29465987298317 172.5 100.5 82.5 30.0
39.304334970008256 0.272246596993748 20.113607605586985 54.711122836879085 227.3850712299221 289.5685387318944 172.5 88.5 262.5 60.0
39.42798095767406 0.290847573282353 20.46510981581365 131.6342038510332 305.9169315650431 282.59000501551276 172.5 30.0 262.5 60.0
39.3902420823453 0.314330272826621 27.046488684680217 42.751830910949536 309.15910746959327 109.55762613724256 172.5 55.5 262.5 75.0
39.39111260892384 0.297082637608536 19.827207896708728 294.48207773504976 251.08667127291264 229.97784083050354 172.5 69.0 262.5 60.0
39.386709790749585 0.287720613005688 17.53127755232605 45.999419178612115 305.655582201612 104.29138659518318 172.5 30.0 262.5 75.0
39.42851928325164 0.297415261162696 27.80185504558234 331.03835846236774 28.411968814115315 96.64037327714709 172.5 66.0 82.5 75.0
39.45587289906705 0.26560798691033 40.80615746969405 270.93289782379816 92.18063456727769 214.12281800820472 172.5 60.0 82.5 30.0
39.3815489166691 0.214698850694131 41.045711604953006 120.84845904050086 287.5634235521247 318.3180826447605 172.5 52.5 262.5 60.0
39.45637256186879 0.274790151803893 37.44786966624835 151.84697021284032 249.43844380581095 169.07071725283294 172.5 109.5 262.5 45.0
39.236700204703496 0.22063397901728 25.537791495895423 182.26028290157237 309.7135807577017 13.910363798693252 172.5 105.0 262.5 60.0
39.29284407419392 0.240879289687838 25.92781701192171 42.57695428857032 260.85733755749055 133.8963673768355 172.5 90.0 262.5 45.0
39.40910916135642 0.397226424255327 50.53332161250718 115.60518060315249 269.9000740286304 208.13641830856852 173.25 39.75 262.5 30.0
39.321312705379384 0.22171615191021 20.101584973654823 237.48100597631392 310.8562645868178 213.99387221754745 172.5 85.5 262.5 60.0
39.395766596010084 0.241119516573641 28.98295252783096 41.640247534852804 100.37171621477275 0.411609729132364 172.5 30.0 82.5 45.0
39.26567559610758 0.240629526979722 26.586391912268766 312.56656026896803 63.90223175490636 338.01539445185597 173.25 96.75 82.5 45.0
39.33639502509163 0.313593175970334 36.9349149305804 351.8291739209242 88.15534922831684 169.27348571792902 171.75 45.75 82.5 30.0
39.28294094078067 0.233817497005416 28.490309431411127 12.377917503310721 292.1102811061128 353.1724195084678 172.5 100.5 262.5 45.0
39.30757095451135 0.290281993164567 32.56898833573608 30.035182061886726 69.38697589755489 38.08978597029975 173.25 98.25 82.5 45.0
39.39067237765685 0.36617672215639 31.784543572514615 327.4451827186275 295.9704608543255 164.24872413811445 171.75 50.25 262.5 75.0
39.360562715776425 0.213810996800295 22.740727108094134 235.24780472529153 246.74579585685507 124.50938658709978 172.5 94.5 262.5 60.0
39.497554360957125 0.26108031542136 38.706767627344746 145.10574332157773 302.1866606352371 185.37676634931924 173.25 116.25 262.5 45.0
39.34019743326472 0.338725634218185 27.583112559777458 106.59286125728585 298.29476533315255 63.35210083669998 172.5 63.0 262.5 75.0
39.49343839464677 0.3317087135706 41.17744872107875 115.07348498623308 85.4431500099578 221.24394160952386 172.5 76.5 82.5 30.0
39.48591390176243 0.277183451454895 34.08850061297158 50.55623999731666 242.91139934234826 60.62451112810533 172.5 129.0 262.5 60.0
39.46226333873197 0.309031079865885 33.60938623108544 107.87033321381905 256.535029953877 319.69856224580195 172.5 99.0 262.5 45.0
39.3693545911526 0.227850883029655 32.7956849371546 64.68837126319944 38.646584350472736 159.98226852263582 173.25 47.25 82.5 75.0
39.295004694311864 0.241874555844078 13.670415035553539 83.69067141862729 287.6138476708728 66.89101121438087 172.5 105.0 262.5 45.0
39.45147950036218 0.263390423194435 33.607111591645435 40.98305542439283 302.56811189845166 77.08363639427265 172.5 115.5 262.5 45.0
39.31093178498404 0.20771274678696 16.294861736458788 276.81269210387853 240.2874962098149 114.40167955645069 172.5 84.0 262.5 60.0
39.40010274488365 0.314161938371333 30.984900536543492 45.08317045534209 54.63043948181884 36.355641689406774 172.5 36.0 82.5 60.0
39.35319951906595 0.227384276351759 34.74270204713469 329.0350952162141 303.0502960945008 286.8425099831565 171.75 65.25 262.5 75.0
39.20942251701798 0.242947255582025 24.766692597158332 331.2866772618716 263.2327387864924 193.1137584290212 172.5 120.0 262.5 15.0
39.51906614614492 0.286530802538184 40.048483502121705 164.75264222554785 244.7393351481043 45.32048938722826 174.0 97.5 262.5 60.0
39.42985902717673 0.340233482714711 54.628465745751534 168.48813062099046 82.49939837267713 32.1588578380494 172.5 85.5 82.5 15.0
39.34110199535157 0.364436327050718 47.931316095243055 318.5635841977303 107.15440361740134 53.68603891113329 172.5 63.0 82.5 30.0
39.52073413543786 0.317786812928019 51.65898416616377 147.58441356520103 91.18575380988602 75.34305729665735 172.5 99.0 82.5 15.0
39.33337377250381 0.278459434583284 29.711500705895027 221.03785801572812 317.8345745928383 220.44575950309206 172.5 57.0 262.5 60.0
39.42850781037069 0.320261395300793 31.33301308492904 133.48029682372183 227.25442592009884 95.75080882305227 172.5 54.0 262.5 60.0
39.47251417938938 0.312503253863484 38.116402025741216 250.89380308175194 41.56833038681431 276.5836230663889 173.25 68.25 82.5 60.0
39.56803308913107 0.230880956867659 15.306073825814451 138.26968262505355 87.31954018664754 185.25740261140126 170.25 101.25 75.0 67.5
39.23581041627647 0.220527251622791 32.37051587768776 134.09712694079786 103.95361308839125 172.8277455202587 171.75 107.25 82.5 45.0
39.454210335343355 0.278990984648871 40.873811690878824 217.95703119689182 245.55341652702617 19.257546438745788 172.5 75.0 262.5 45.0
39.425405342665144 0.364828832681476 40.76871898912963 115.70608602960822 211.41494742538447 104.54306029982128 171.75 75.75 262.5 75.0
39.473544947964015 0.347080713514201 46.87175513577711 147.43176304706816 306.0575387378187 277.12308809896814 172.5 70.5 262.5 45.0
39.5111257950786 0.229112648982338 31.984366578485158 11.790264358806036 258.8361148257528 144.50345132822417 173.25 108.75 262.5 60.0
39.4677751953003 0.204597125780195 29.83154550898562 57.48066463940775 85.06179463987392 6.97790864229633 173.25 51.75 82.5 60.0
39.45206795991146 0.330984241827391 43.45404563477806 248.39841274777115 72.16901337386906 229.32900233123692 172.5 78.0 82.5 45.0
39.416814651971904 0.271900932331793 25.750082891585667 270.01835192186826 139.17161224719217 286.72453588690706 171.75 96.75 82.5 75.0
39.37442921020945 0.229537888642576 28.47207251172859 175.1972457734084 292.09504248935616 8.200376190297835 173.25 92.25 262.5 45.0
39.36876255430558 0.367789008668806 43.730756186012925 3.97217557990091 245.42188066645738 187.68198023874294 171.75 59.25 262.5 45.0
39.41548576227993 0.222014636436827 30.898306038952164 310.6893591964734 289.5657809863573 279.21848343025783 172.5 82.5 262.5 60.0
39.39463344299276 0.316705248057282 43.74836977212034 323.601813489338 74.51991209903272 214.8742941551342 174.0 70.5 82.5 30.0
39.443772890517 0.422618200398369 60.24916240593141 137.27030952247804 262.1649611560254 308.2517277047233 173.25 39.75 262.5 15.0
39.33430951976232 0.22391676892743 22.854282742742075 244.12010877842255 294.22537585949783 347.17891410173377 172.5 60.0 262.5 45.0
39.342863619618264 0.306741548839779 40.88857893146615 109.31223422849003 242.2594703548694 354.6911999651006 172.5 60.0 262.5 45.0
39.275237655394214 0.316724802444294 50.989667868925466 2.347466442864338 93.55927623798438 34.632436679091256 172.5 90.0 82.5 15.0
39.378462640178164 0.238023492681484 15.16134620330726 124.96197816806007 289.1156237260961 160.97822516568516 172.5 87.0 262.5 45.0
39.32424031475512 0.268417270510175 14.979732592709253 49.42075328904404 255.75672990249342 113.93478922873095 172.5 90.0 262.5 45.0
39.42677093910748 0.291344734479467 22.065975481343497 170.56810414588347 266.0854991815824 318.41534416496125 172.5 85.5 262.5 75.0
39.307910156176405 0.27041026042409 19.575619057143182 168.36703236038093 298.3335546470916 35.90168360805783 172.5 90.0 262.5 60.0
39.47679754665108 0.233652313915376 28.593592510396107 307.89397031542524 71.20432535121839 243.45475506889744 172.5 120.0 82.5 30.0
39.400061424886886 0.263696250197002 30.029899989406292 294.03814109986575 64.02051573597933 80.58977520724551 172.5 105.0 82.5 30.0
39.42306891281664 0.290122931204472 27.491232234922204 266.067468594954 100.02288862820072 321.5885876879365 172.5 60.0 82.5 30.0
39.50732635090616 0.257875977938562 30.131081583442835 248.4903715648873 281.22870268778945 6.848330354532471 174.0 96.0 262.5 30.0
39.41511873971289 0.311685016276145 36.124964934409995 169.75213522214653 112.62384478579065 166.8650799355608 172.5 60.0 82.5 30.0
39.47802572104795 0.309284857061916 27.279120807667148 281.26924460492666 262.59675495215953 211.36481052773283 174.0 72.0 262.5 45.0
39.223577145831904 0.262328574513585 27.948594045277684 3.486014531987381 71.30095400802995 179.25544809292202 172.5 105.0 82.5 30.0
39.41982020010385 0.225839029443093 16.06372604005922 170.3798225217074 280.6592756676006 155.26695669208112 172.5 33.0 270.0 52.5
39.474507727089026 0.186016528745102 38.90274008719452 111.85843688376629 262.0773386774331 319.97068845892807 172.5 78.0 262.5 75.0
39.384435243872005 0.294277892316681 30.860274543264246 333.0893706186798 97.69471688986741 181.38595578324228 172.5 45.0 82.5 45.0
39.36615022690454 0.372682049850366 35.659519410348416 236.0873220025179 68.61231133013673 3.686085218112912 172.5 79.5 82.5 90.0
39.4195513012431 0.263577765667547 30.48571034572753 263.1144174458888 57.55045302743268 251.63269156856103 172.5 30.0 82.5 45.0
39.36185694583698 0.348552736213419 24.14055265506553 91.21970957500972 261.22706775104473 111.22627670933366 171.75 44.25 262.5 75.0
39.26295232830705 0.233282179979619 27.906393889178517 7.806818052027698 81.7060259057669 256.5309791683549 172.5 120.0 82.5 30.0
39.392001684684494 0.256229494723668 17.377512216811805 142.10974632919346 95.29137543064725 204.33777656526414 173.25 74.25 82.5 60.0
39.381986950683206 0.280772806961316 24.348595036676755 157.30142899378754 258.5489050924966 194.78600059326456 172.5 45.0 262.5 45.0
39.4399009066388 0.310118196151034 36.676107710261455 205.75003923953884 288.85147571356447 256.8229626944228 172.5 45.0 262.5 30.0
39.33850377218455 0.43572793201413 52.21475546873264 59.514481865832344 255.9933856745543 4.098136823013965 171.75 53.25 262.5 45.0
39.40520850846821 0.2101339890173 23.187177132347767 132.46493655637357 94.48158214217067 286.6768863474214 173.25 86.25 82.5 60.0
39.410167206654656 0.376151130732015 53.59794296517837 259.1529471520332 289.39487464972103 331.7879787192218 172.5 46.5 262.5 30.0
39.36266350303886 0.277383195521611 22.597059150476472 191.28741191232243 331.93456913215476 232.3877780491415 173.25 44.25 262.5 75.0
39.39594381334153 0.406776897413055 50.26986838255204 164.15783048178395 271.96939060486744 287.2797098318099 173.25 21.75 262.5 30.0
39.30863908165793 0.270334538496714 18.589733446810616 79.51802106218165 284.84297733398637 323.99273440856837 172.5 78.0 262.5 45.0
39.42541702332777 0.201321566085316 23.097440417380874 0.027288006628458 252.2164265575259 157.34961473620695 172.5 82.5 262.5 75.0
39.38498182011768 0.280993559646486 32.50176791920029 96.32371843019902 99.56578472081063 3.465060620167108 172.5 120.0 82.5 45.0
39.4949637000347 0.289346078584901 22.317672291021932 311.1326134624702 61.72630208134775 228.26100564735685 171.75 96.75 82.5 60.0
39.33325595006276 0.264579070790018 42.890725455169076 333.3072659113572 275.9908006769914 36.20249911558493 172.5 85.5 262.5 60.0
39.26398444005683 0.276864135345403 18.40803737770187 67.35464575670441 252.70598872678698 125.10237415875007 172.5 90.0 262.5 45.0
39.36238956393168 0.218180434503283 22.605956131546304 172.9508662955221 293.3207795840816 8.87449538520602 172.5 85.5 262.5 60.0
39.36820328333995 0.37479395477181 42.487117198050214 204.28937671958576 67.70272744283818 290.8879339595436 172.5 60.0 82.5 45.0
39.540387844001444 0.239743428079501 17.788375793494023 344.45931951858415 261.22055318245225 58.17161867094064 172.5 90.0 262.5 45.0
39.29113483058149 0.27095194849975 18.407228720615173 289.15545866363254 215.05592147207517 19.58067156344933 173.25 84.75 262.5 75.0
39.31862334061232 0.269586658788164 20.02750026618089 243.70307985992991 295.03901337159215 217.12776556615572 172.5 90.0 262.5 75.0
39.44112237550148 0.418327221971362 48.386725495557634 86.9389828226186 280.18028398630145 107.91406977360512 172.5 51.0 262.5 60.0
39.53158204171501 0.215144275359771 26.61304788087601 246.32882031954952 307.27577952225465 211.50332637481642 173.25 93.75 262.5 75.0
39.32117277016518 0.211553853949917 25.938726085560454 21.598760734432567 303.00241086626625 117.55272054024861 171.75 60.75 262.5 75.0
39.45184608506422 0.351300760474695 52.69143984946867 106.40219391066292 74.39132741573643 101.11574362519981 171.75 48.75 82.5 30.0
39.58931276759281 0.25183066858717 17.852352330566173 108.74045814423039 296.875024370089 198.89326453607225 172.5 117.0 262.5 75.0
39.392549867188386 0.357399643296086 55.36458867321122 10.99571944420451 274.8054424937945 51.731691627334314 172.5 90.0 262.5 15.0
39.264728131025706 0.265121974268311 20.02800246514863 251.029270624998 288.19908244523094 205.9825832798592 172.5 105.0 262.5 60.0
39.353414542491436 0.376166036788417 38.9203707205173 81.54548370690308 268.7843142241219 242.10247162245633 172.5 70.5 262.5 60.0
39.31270222667704 0.383552783239986 53.79286505198899 36.6460396989711 275.8304108419711 259.3519440049902 172.5 64.5 262.5 30.0
39.43337170918887 0.308246253720174 25.205012506234493 288.7051853104118 270.5344948195084 64.72187586261155 173.25 98.25 262.5 60.0
39.369949281488275 0.398287907282827 37.10095826164594 129.07504297192656 273.4649819891994 190.75838547999396 172.5 54.0 262.5 75.0
39.41484681267703 0.328319207513274 20.68767741258123 102.96116074820931 253.43847422982122 215.4894338465445 172.5 48.0 262.5 75.0
39.36622208326432 0.27094448124803 21.255490698667156 183.61896938924247 291.0564695341197 144.12994311521481 172.5 30.0 262.5 45.0
39.41986235036061 0.390881945716227 52.240686608067975 280.02369456958655 120.67950048527199 186.37425299897552 172.5 52.5 82.5 45.0
39.332323308590006 0.256040184828197 18.12722788795898 121.98040875751566 86.57431969347394 100.18985847973755 172.5 69.0 82.5 60.0
39.238829862637076 0.269468771351366 18.86382241065043 4.609625866482942 261.72860903592874 34.46407538092058 172.5 105.0 262.5 45.0
39.3111973836398 0.326504200922675 43.35946803398559 256.85000479295854 71.93863361200751 1.328249641967028 172.5 67.5 82.5 30.0
39.59063682640202 0.248635150606244 20.465678104225944 244.95128228413364 117.49072216798194 228.17598003276066 172.5 120.0 82.5 45.0
39.37013400737823 0.220060021152018 25.27037317342277 35.79650888250453 104.21406995839597 156.66856134378477 172.5 105.0 82.5 45.0
39.32689234979336 0.268130418120954 24.128308431513947 170.5903671544047 75.04099092290768 73.81650364899401 171.75 77.25 82.5 60.0
39.405639614839764 0.404159233597964 49.001109766136665 28.704422600640818 100.02115498338702 121.42439342018656 171.75 50.25 82.5 45.0
39.606738003354124 0.241526439375903 25.74307647119941 304.7703724312121 93.86857233045882 185.86574162011888 174.75 126.75 82.5 30.0
39.303236728181986 0.267753765137484 18.073987951060534 205.03726791346304 63.06005255275255 280.3546782885045 172.5 84.0 82.5 75.0
39.42307361460072 0.34674788698725 48.823297876692195 30.7392966751691 115.62014366144244 218.49613399853877 172.5 76.5 82.5 45.0
39.37592768491243 0.214404253594822 37.17217780392936 337.7454522954714 94.19382852521156 47.84637015464706 173.25 45.75 82.5 45.0
39.341634626030825 0.215695217244427 25.06275976038077 100.19558144948228 86.35378777037108 4.467352284857977 172.5 105.0 82.5 45.0
39.49758085988536 0.28288445826191 22.957451141695344 103.51300603719255 68.0905080120923 337.2047941248382 171.75 95.25 82.5 60.0
39.42383650749011 0.257933228210126 11.773068859812449 23.31103261846391 69.49775360767934 299.00499024042676 172.5 75.0 82.5 45.0
39.52688649965936 0.277434296636127 36.20102769468221 118.37867800828879 254.54156631234997 124.01738231468335 172.5 127.5 262.5 45.0
39.47206790930242 0.373866573497248 44.49179834450658 157.14842092840567 117.21636343661666 40.123422108000156 172.5 57.0 82.5 45.0
39.29129567655351 0.308669678876294 29.64006684628182 205.13992078768655 118.63899634813865 10.282926646491061 173.25 89.25 82.5 60.0
39.430496483369495 0.338180086243376 31.922109658564068 208.5391147516884 241.5790616190343 289.390639365257 172.5 46.5 262.5 60.0
39.35790196646714 0.346919524116167 48.51338848147249 257.95707181424547 128.86570268540314 333.9968847393608 171.0 49.5 82.5 45.0
39.322651914425805 0.266331369828565 24.28478005639167 220.06035340938953 273.0886307423867 106.5837625201556 172.5 105.0 262.5 45.0
39.38617683144164 0.302619314657718 26.838622133239515 140.09246788564627 305.2977647716132 179.28279600350893 172.5 78.0 262.5 60.0
39.44657524848476 0.252453540227309 28.80795037096585 222.75416627001826 239.19653949092674 125.4614037765609 172.5 105.0 262.5 45.0
39.3159724357102 0.345594612097596 56.32596022290137 169.91363501395273 89.17618557476898 58.479279507846876 172.5 75.0 82.5 30.0
39.437946300536964 0.318352805285411 47.9813852773136 154.96098739435493 272.70335293241175 305.78859323242546 172.5 45.0 262.5 15.0
39.534191280904906 0.312439076084135 27.680192409950646 192.87469260507666 113.62200851324287 145.4098825438372 173.25 117.75 82.5 60.0
39.390435899724494 0.379406058814765 40.09125257288935 336.9102431307532 87.95779429516728 55.01294261704138 172.5 36.0 82.5 45.0
39.3146687573613 0.254023442256685 17.91695091220623 352.45740602170724 259.8965875070719 162.41587237089112 172.5 85.5 262.5 60.0
39.47717046105822 0.288588992104208 22.946352346003383 330.9665161003989 220.22128228142842 210.67396621244393 171.75 78.75 262.5 60.0
39.53591823219739 0.280944879099631 32.66134226049266 87.6892801802079 97.37918016717694 333.11446120382374 173.25 102.75 82.5 30.0
39.47399364277128 0.236597546568216 19.10001648120607 349.46601523421145 248.60520059580347 156.14682900324803 172.5 105.0 262.5 45.0
39.407348053756316 0.29001617970562 37.29164457072151 171.31499368105275 305.72640827831987 130.10432444068658 172.5 45.0 262.5 45.0
39.43769687691386 0.237056624587811 46.85870088751325 194.0121370625232 245.90848051062892 55.758304888510835 174.0 63.0 262.5 60.0
39.30226352147748 0.302684950115299 30.352108929368566 256.4595253612809 283.9734869553782 325.57954448927956 172.5 96.0 262.5 45.0
39.24508734043949 0.259295675417123 25.624677499323955 95.2062520613261 78.15967791918648 125.16055457952757 172.5 121.5 82.5 45.0
39.46833062101452 0.278646477505189 27.075740114291413 193.65109787379905 262.43624092508446 163.83854425559915 172.5 60.0 262.5 45.0
39.35815171763723 0.313411905062605 26.851617949503797 192.4000288438594 71.31654988580016 273.8657305055486 172.5 64.5 82.5 60.0
39.493786735025616 0.254714948580126 32.989371495236135 317.24779020152147 240.6320180948664 107.10691426462759 173.25 95.25 262.5 45.0
39.40285681781425 0.294919508479593 19.714748112820526 29.06928954507911 112.28547073812517 242.63819564334517 172.5 30.0 82.5 75.0
39.389020226501906 0.299321356368854 45.12884480716375 272.59860999301736 55.62221555402485 259.3592420289036 172.5 73.5 90.0 52.5
39.53592686575003 0.23268448087584 15.218115311863627 114.77547335310078 86.42242768606631 316.27160997744824 172.5 90.0 82.5 60.0
39.232800972223764 0.254313319039792 26.53546900246261 243.41444319816557 262.06852504255795 116.02943690113747 172.5 105.0 262.5 30.0
39.41612405009822 0.286856078950429 34.171356880209146 0.971199874099119 268.04373695322204 144.49486389521314 172.5 60.0 262.5 15.0
39.49859340482513 0.284001457933117 34.61168464481845 47.89977104755918 245.8477844335006 267.4122703292027 172.5 90.0 262.5 45.0
39.35768271672917 0.345947856403587 53.34865384291141 194.34997437057376 104.15070537523236 5.391814721721803 173.25 60.75 82.5 30.0
39.46209154386331 0.351904688904306 38.64685783142449 179.20794583411583 251.2142431940065 285.3706700681839 172.5 60.0 262.5 60.0
39.4563599368523 0.3407085583574 27.758944606615437 35.839304975588725 257.97813415226653 27.80585636757046 172.5 45.0 262.5 60.0
39.45024831100944 0.329307739401817 42.19474284529561 316.17821644966887 62.66608694883559 85.55466569347848 173.25 47.25 82.5 60.0
39.39298486550672 0.264167392635036 33.966511086930595 225.9796533506459 261.8033342364997 249.92668713621228 172.5 30.0 262.5 30.0
39.41902138888138 0.453961468604404 59.87375853419949 220.78253292480989 274.12377368202397 247.6990433318441 172.5 28.5 262.5 15.0
39.425050833747896 0.237565741301633 20.778366916597406 196.006227349423 230.2383549051617 298.48088895732633 172.5 30.0 262.5 75.0
39.412994579999406 0.316995761849628 41.51435666009533 308.3437373629803 89.41693577017675 64.47729073051634 172.5 45.0 82.5 15.0
39.37037710915376 0.370882748325466 41.98155812546841 34.969485698201495 313.41514070573714 349.01160553268903 172.5 55.5 262.5 75.0
39.35787086826237 0.306633442119315 39.9200429085385 139.89004527178355 297.20480773171863 55.649269320776185 172.5 60.0 262.5 30.0
39.35452021808911 0.245538406204358 25.00521484286967 37.88920674532459 275.60857957071175 120.51809624393377 172.5 60.0 262.5 45.0
39.30477685062871 0.21580188633489 28.156688560958646 52.563016170802236 97.61613018078556 135.286699519904 172.5 88.5 82.5 60.0
39.365116378825604 0.278759052319328 16.75153870905605 341.47703612912073 280.5078862682928 136.77118308387693 172.5 105.0 262.5 60.0
39.305537710593754 0.290262873974108 17.26647101634521 344.2173672335626 104.8593741393299 171.1381356088094 171.75 86.25 82.5 75.0
39.39779126175764 0.233744561250104 28.043013967716178 22.476983252111328 307.43268447297424 241.60476091511788 172.5 33.0 262.5 75.0
39.47144351139007 0.194755315829253 25.850304310706388 318.73687011133353 92.36300158247003 186.2703376028839 172.5 60.0 82.5 60.0
39.509716806179426 0.237583840519124 8.050394583205899 318.92642691939034 244.2942202489899 102.31333401564777 172.5 90.0 262.5 45.0
39.451611552524525 0.344933062488947 30.96225537689512 130.0981607416312 288.12477036444085 300.5583683411641 172.5 39.0 262.5 60.0
39.32169725781588 0.285284832605394 27.984259555320396 198.90451439974527 96.31576163254701 273.5904473945347 172.5 73.5 82.5 30.0
39.35457162070116 0.282403973858105 29.12483011949665 287.15881594479026 139.0934110653113 289.93783744740176 172.5 54.0 82.5 60.0
39.38428665447218 0.344614180457379 39.67955396113475 234.4864381948545 92.02828795009123 234.4291865306564 172.5 45.0 82.5 30.0
39.44970400962192 0.294142667876715 36.94331056794464 8.975330206066936 138.5916065722546 111.57249001657951 172.5 61.5 82.5 60.0
39.349859373756324 0.290731360370397 46.775596548495756 67.9768415487661 71.48965381747041 114.46402479496192 172.5 60.0 82.5 30.0
39.2929421663634 0.242613133440162 30.591730030384763 232.16432921715216 115.41929221975772 97.51484495612051 172.5 100.5 82.5 45.0
39.36435487598151 0.303363894281448 42.6031025045345 43.24734358235816 311.5542682234203 95.3039281973517 172.5 33.0 262.5 60.0
39.5619635255275 0.26772246229134 21.166466064356786 5.65367727752348 52.14950835409077 202.58584535829843 171.75 110.25 82.5 60.0
39.54530753850499 0.247218146345104 31.935118329445224 86.15834928147606 281.08498089232154 323.9646274731899 172.5 96.0 262.5 30.0
39.373013553663334 0.222356208623961 25.103627261811518 197.96711998210301 283.6409070954961 127.5293703529413 172.5 45.0 255.0 37.5
39.25520083878875 0.324343564422241 41.19616257466915 352.65845267817645 10.86854163720029 115.74685465726112 172.5 78.0 242.30769230769232 97.5
39.44858390620808 0.357794088406467 36.290916828893515 118.90633759010989 279.9876677565049 309.1319429046962 172.5 54.0 262.5 45.0
39.474475822535325 0.243735136218388 16.132819922202437 274.29762623904804 280.0610832223008 336.68689862217605 171.75 66.75 262.5 60.0
39.42511526513106 0.237795180508539 47.47607968994674 150.32811614990894 81.5101913518047 183.6534804780679 171.75 54.75 82.5 60.0
39.479039157922756 0.299055311571387 38.26527636066605 198.52844050276101 78.82694778543198 49.63260356522449 172.5 75.0 82.5 30.0
39.34403671363624 0.372203845680447 43.4371675888863 234.11346349052377 234.03736675997567 42.304499704416955 171.75 71.25 262.5 60.0
39.39607304333422 0.218253072443377 32.34627087754367 78.64892610462435 53.89438908470936 2.077149682863339 172.5 60.0 82.5 60.0
39.25921150015765 0.251921826237588 39.13589709830859 16.071347637952037 78.36723943204507 166.12559476078013 172.5 105.0 82.5 30.0
39.459984413724705 0.25661700835123 32.82162611408929 92.9191023588056 98.61310506902682 227.34410571349727 172.5 75.0 82.5 30.0
39.50565852003605 0.250748321459605 28.954156757565894 137.09198209918927 74.64323854155538 304.09170275856945 171.0 91.5 82.5 45.0
39.35464630729087 0.263360945771469 46.04747320502038 156.66417726174734 313.89815862958943 133.53802854802328 171.0 66.0 262.5 60.0
39.58751145896866 0.257225255170502 30.088104831225387 18.69731954769897 74.21714135077002 162.73522886843003 172.5 118.5 82.5 30.0
39.43401538468659 0.352099701887846 35.51354798930541 268.33447581991686 50.79565223922811 125.81302717425795 173.25 48.75 82.5 60.0
39.53546292606549 0.195347176784766 34.24969492531482 96.19265157265043 65.71256233149667 251.46547369440748 172.5 108.0 82.5 75.0
39.364345726485084 0.237728295860811 40.11415246479159 234.75287246934653 70.01093609338957 120.38980431445532 171.75 81.75 82.5 60.0
39.327947861469404 0.258534133460635 26.08214860208646 321.0211194673771 43.726191915283046 213.48374197034778 172.5 54.0 82.5 60.0
39.446681248590835 0.36112563398282 42.35618756310461 340.0992404035182 87.85264853927538 185.77584430497632 172.5 60.0 82.5 30.0
39.469636569216114 0.233116321894002 47.54255622869875 341.1884026456688 266.0895712959365 297.39529704393186 172.5 76.5 262.5 60.0
39.47346275027352 0.261955488979612 39.393772725997685 70.6212192962742 104.2177169306401 196.6909425365788 171.0 114.0 82.5 45.0
39.396441074801416 0.379139210885408 59.18164508993355 106.17687952507899 120.3556124132126 321.6609741609397 171.75 71.25 82.5 45.0
39.30290906702898 0.236997842251893 26.808254918291595 43.136304336588736 246.2928932105362 3.326947103486372 172.5 105.0 262.5 45.0
39.28483324623066 0.267737797729239 43.1003885652795 5.911293843382311 55.142176366250055 197.49673741089285 172.5 84.0 82.5 75.0
39.36630851580392 0.233982919115512 21.8756899151587 78.45517651505249 54.06815934255062 28.4664192255691 172.5 76.5 82.5 60.0
39.385663265654614 0.253424075171126 46.135903138168075 255.6129251240232 117.00773752821372 325.4526576514276 171.75 51.75 82.5 60.0
39.588240101167564 0.2570996908141 34.147910483779825 345.76533526268076 97.98552601268344 29.41528589376171 172.5 120.0 82.5 45.0
39.32803410525311 0.302797545416351 27.502735456777234 142.6819288932968 105.33671230591311 272.61207306657514 172.5 102.0 82.5 45.0
39.46464545633209 0.327916740963175 51.39698361829345 270.13190226297525 247.99502600566348 234.76127294751353 172.5 55.5 262.5 30.0
39.38494078479983 0.289695021618445 22.580266732633646 294.5557111466594 284.76188162175833 76.13514097719036 172.5 30.0 262.5 45.0
39.53476533330386 0.262827541933322 32.892200199933164 263.43780200943763 97.78222246685294 244.02960187448645 172.5 120.0 82.5 15.0
39.50559193942561 0.255560973095779 17.13068370867696 344.02467109912885 265.61844427190965 183.83185167484658 170.25 77.25 262.5 60.0
39.39540626886521 0.361405356017202 44.5865009289478 97.59872621857257 279.4955609784629 208.00164076319328 172.5 30.0 262.5 45.0
39.32124919898341 0.320460830956743 42.30404333888223 238.35917931436646 102.15026551092703 340.6463837016139 172.5 75.0 82.5 30.0
39.57946081367253 0.279780600509151 42.250974829252065 103.72619264426544 83.20757540502252 101.74362211334436 173.25 125.25 82.5 45.0
39.47457127956692 0.221032492121615 15.327098570429428 237.9225332332202 91.12219093749606 3.520960873420431 172.5 58.5 82.5 45.0
39.37738982358432 0.323603673776914 32.80655504861448 115.60733929041925 108.79686159954755 210.63781830916406 173.25 69.75 82.5 45.0
39.33030515528784 0.340625539674399 25.850140739035012 326.4755584192231 285.86608996269797 65.4589720069846 172.5 75.0 262.5 75.0
39.493199944925465 0.245887269084164 29.50949974631077 63.03282158688976 69.93492167814387 14.959497985252565 172.5 84.0 82.5 45.0
39.321545565752615 0.252647957137943 32.937441032919 328.5982902522942 256.7956276608013 339.19701030786985 172.5 102.0 262.5 30.0
39.393483318539275 0.251206912451695 14.667460568028474 188.05112206269487 70.76108630485322 23.391205430108904 172.5 88.5 82.5 60.0
39.355555695737166 0.288293140649346 32.52698160616505 189.8492509794496 120.67017112505808 357.7742590968496 172.5 63.0 82.5 45.0
39.419970518378314 0.327812470144298 34.85988818519962 96.70154062994379 55.30188349542077 116.8437141948596 172.5 51.0 82.5 60.0
39.28281858451849 0.328278232427875 51.26685846128345 189.05693503264823 286.12853660816756 26.829042814342014 172.5 90.0 262.5 30.0
39.47546894466099 0.239234002079477 19.17974286534416 21.282761550133554 275.16523704774835 154.67039253895703 172.5 81.0 262.5 60.0
39.476632991161324 0.294748374099698 46.45229120770213 191.5536393668173 262.1262394270832 283.4184143407532 172.5 60.0 262.5 30.0
39.43384929429679 0.206886964624942 28.247728790845642 201.99367321637243 111.2143602517812 12.512722095202642 172.5 39.0 82.5 60.0
39.44221533655818 0.316202461451407 38.87529401171125 60.944374035109384 41.08756411264318 24.78470187221526 172.5 60.0 82.5 60.0
39.33890727095797 0.269635807917931 47.65732290968407 195.19611041676976 256.64047305375993 163.6936500570006 172.5 60.0 262.5 45.0
39.32846002322477 0.262040540270811 21.53309977417329 125.02639915508873 76.15729055469873 88.26353935231562 172.5 60.0 82.5 60.0
39.414221380088556 0.409736258202752 58.014853934159085 169.3404384217326 87.54120804547387 40.43636914888424 172.5 33.0 82.5 15.0
39.50689575474329 0.214946816732031 23.951718616651874 55.56908527489024 258.871349313618 152.56446996642106 171.0 87.0 262.5 60.0
39.290041181012896 0.257273576148861 34.14606652107 37.30781445482967 284.8078395731505 231.22080796715358 172.5 111.0 262.5 45.0
39.416554431818376 0.270130346433797 33.17010748668194 237.0165685099782 80.32314687668598 13.825244135396694 172.5 30.0 82.5 30.0
39.45308928132812 0.288737283932329 32.162868927206425 270.6968135542693 102.43547625315828 112.46573232016927 171.75 107.25 82.5 30.0
39.33220666926267 0.257272598999106 27.357765831050816 24.188556285638658 74.4909726263213 271.51153010665007 172.5 60.0 82.5 30.0
39.32560584002532 0.273066911238036 30.374851974682777 35.45850339122144 102.42147335154161 246.1012218623821 172.5 60.0 82.5 30.0
39.32130710247329 0.370863356048508 40.574838281300934 293.22910459986434 115.79353591336114 72.28064242660184 172.5 75.0 82.5 60.0
39.36317545056517 0.266559107592064 24.24505586417995 359.4776730509659 107.28218201754773 32.92185608076749 172.5 45.0 82.5 45.0
39.257686931634076 0.261127129333885 26.067292205022074 266.31833497797004 75.13295945059838 241.74360617072477 172.5 87.0 82.5 30.0
39.30459720092902 0.239350392770476 14.226064159415815 50.346657186269525 263.67182698572134 257.89525601585376 173.25 74.25 262.5 60.0
39.55103002773681 0.248559796800051 31.82312787390721 322.85068839308207 111.52931599037062 52.67232559866806 172.5 100.5 82.5 45.0
39.476351914153526 0.267010891684065 33.79630150891443 152.71313099470473 123.08374334702798 171.84918298110057 172.5 99.0 82.5 45.0
39.365496645680935 0.308259629639512 48.21879946913498 81.45016067638959 260.6276066023719 16.901487156353028 172.5 90.0 262.5 15.0
39.31024332411704 0.324217415516575 34.06736094340446 350.426396601749 284.7473840256591 166.17113545492992 172.5 94.5 262.5 60.0
39.48339497858348 0.319907158481384 40.71591676889064 81.40850786028001 260.9238932496582 0.861025681644068 172.5 75.0 262.5 30.0
39.4340215042604 0.305647998853356 46.32359321486942 213.39205269112438 91.56418190601823 271.2008856829775 172.5 60.0 82.5 15.0
39.326943315427826 0.33979585901981 32.18032209251504 326.5481922233744 43.889346535320456 90.00675616543339 172.5 60.0 82.5 75.0
39.33293317946292 0.234808701427402 14.499003400308919 306.99048680298466 67.89803427238688 344.51168818893575 171.75 71.25 82.5 45.0
39.53732096371819 0.287842147106489 26.673092623474016 215.3202135585257 125.08913898419887 105.77812088716117 172.5 99.0 82.5 45.0
39.4222196700569 0.300271011412308 40.111579170706406 228.66904140047134 278.06468254719346 223.237448204762 172.5 75.0 262.5 15.0
39.37582461840177 0.270001920889056 14.896646636429809 245.9420648147572 63.477947246330224 135.65203328012157 173.25 32.25 82.5 60.0
39.59791049886432 0.226417417244649 19.359666670180992 14.963698813659393 74.04031148113657 275.22593951687304 172.5 118.5 82.5 45.0
39.40323228513604 0.282401931480547 34.076870488658706 39.18459938115316 96.11737699452785 281.88950294828845 171.0 106.5 82.5 30.0
39.41228003579619 0.250364944506138 36.41433599787272 286.40833093587923 260.3028572946297 88.9111155220796 172.5 45.0 262.5 30.0
39.3929708156981 0.404593223341466 51.99110041872244 317.64433008178366 99.0767880275557 167.17397106358524 171.75 60.75 82.5 30.0
39.488880868281704 0.244112902949059 11.888708935765315 324.30299930772173 89.78643573412391 159.71033028563767 172.5 105.0 82.5 45.0
39.32979181684632 0.313575724480365 32.55953087355823 143.5543659746205 79.08947932047832 324.78492801342526 172.5 67.5 82.5 45.0
39.51603352769503 0.228402702406166 34.317207393500524 37.360371584411425 283.11136219400987 140.0956120632932 173.25 101.25 262.5 45.0
39.37581011825036 0.270663962763573 20.017047733504757 48.110393348756055 106.19247631770946 259.4087404921133 172.5 90.0 82.5 60.0
39.5265997175388 0.27469373556318 40.4481505110756 206.7565578906445 254.73764667826654 254.87663814920245 172.5 109.5 262.5 30.0
39.52151378453191 0.281510727214627 31.654697808856334 247.3770158640835 272.22037004476636 231.95760303695306 173.25 102.75 262.5 30.0
39.31812225696064 0.265319502430596 37.06357724291681 21.31280849921546 262.4140900204788 48.7127033825982 172.5 93.0 262.5 30.0
39.37140194498897 0.312978289240897 19.720960056893176 153.29106211951543 115.22525301794748 174.17878164498302 172.5 60.0 82.5 75.0
39.45598646778384 0.27277452628937 30.952388422343475 128.30302027140777 316.02740485629164 301.527734864372 171.75 80.25 262.5 60.0
39.46546667549545 0.338407371043822 42.546049668361526 128.68627522664073 288.3251476184269 76.64198142903459 173.25 78.75 262.5 45.0
39.38200064508356 0.201099231635611 35.58396436766742 54.29721497348647 235.86022857783462 132.3886685145041 174.0 61.5 262.5 75.0
39.41165532788343 0.306997438135629 43.25932850827372 309.2462905404881 248.4212131773179 214.55313416909053 172.5 30.0 262.5 30.0
39.394868906531485 0.312815429822181 50.91633572401156 292.59646685264704 81.31614880039535 202.53335416136437 171.75 32.25 82.5 30.0
39.40635663790995 0.237753781484696 16.02082904435336 141.18271792829296 284.9713210220516 273.90876902410685 172.5 73.5 262.5 45.0
39.470836393707366 0.249991763669815 25.579307266949822 100.74932996455668 243.80900066295965 344.84392956871005 173.25 72.75 262.5 60.0
39.39327939769634 0.250534727900693 33.783608368813425 266.5490620508558 275.4453966819944 329.5822535450629 172.5 45.0 262.5 30.0
39.24116302371361 0.278566870225542 34.20599896794114 191.9524449518712 286.966108517317 21.059801243947526 172.5 106.5 262.5 45.0
39.542086709045826 0.287671518196963 37.90383633392692 200.3420128410485 288.9016479251082 244.50968918048815 172.5 109.5 262.5 30.0
39.48889830533535 0.237690377383303 36.00086484186904 43.200499473555574 103.4836288788644 336.68867915637315 172.5 114.0 82.5 45.0
39.41317984468381 0.291036075814735 27.28081366995494 306.5725438726816 246.2327848980043 356.24492125481703 173.25 107.25 262.5 60.0
39.45329443901082 0.248654270656217 27.839846647388402 192.41653909945455 81.2228217339572 17.17385360563501 173.25 74.25 82.5 45.0
39.48592830306983 0.282450001171769 25.448178934405973 30.31113831975529 239.72187088088054 284.9881649772716 172.5 75.0 262.5 45.0
39.396978919399565 0.253963232068988 12.697276310257237 50.36256484056577 93.61312277645597 21.053708912402175 172.5 72.0 82.5 60.0
39.26446811770393 0.288993290103146 19.230934163517528 73.15383582432209 271.2614452380283 214.0060961439255 172.5 103.5 262.5 60.0
39.39009296335737 0.299346427287902 36.29708160604216 213.08071355057493 289.84280184196587 354.8286233910202 172.5 45.0 262.5 30.0
39.35693327426607 0.319223817570057 56.90518225828474 95.28958850408253 286.1654066716423 88.17746049048114 171.0 42.0 262.5 45.0
39.2440192569596 0.269116143704606 26.263374345183585 143.10957259342717 274.22116189847645 305.4499565482987 172.5 105.0 262.5 30.0
39.44504617874193 0.263517774412381 17.059228302398637 121.76699398834806 302.93695175008355 67.66374732667649 173.25 57.75 262.5 45.0
39.355587941904496 0.21326926575234 23.000089240006528 200.47944843414444 109.66083731939628 36.31056674368359 173.25 87.75 82.5 60.0
39.45403021757402 0.247501145055413 22.367673891289222 351.65856306829966 56.70793223539689 335.45540900189104 172.5 93.0 82.5 45.0
39.51461255761615 0.215464879679584 19.882206118266165 317.5849867591004 266.15471474697813 296.7754955348111 172.5 90.0 262.5 60.0
39.41898967298902 0.267782240267101 36.311011185835575 105.78222208246078 29.80755127863554 23.895051362218577 172.5 58.5 82.5 75.0
39.335394713206334 0.300621915083448 50.721669197663516 238.85252014662348 85.20989062266703 120.31248764535071 172.5 46.5 82.5 30.0
39.25656332281825 0.22176613180577 19.65693024108131 153.28021943683257 276.86222567675236 268.35140590296754 172.5 120.0 262.5 45.0
39.47598597841201 0.319321684309799 47.813060366112055 337.20702272291646 100.36357990767472 67.05904070498848 172.5 78.0 82.5 30.0
39.485557873933956 0.246975310830969 35.950420146136445 90.74680151238624 55.039793891882 14.163545272806365 172.5 79.5 82.5 60.0
39.37922529545421 0.281028312364939 21.236726720913293 270.9251973626162 296.7312620251019 338.50656473697626 174.0 94.5 262.5 60.0
39.39140992698508 0.323970475142092 32.63649228027173 207.4531904959186 304.6408562732732 132.65248147984022 173.25 60.75 270.0 52.5
39.41052196387233 0.3063927479275 27.080587405719008 129.80383361776273 93.36613873952525 215.48315203742942 171.0 78.0 82.5 45.0
39.326149592758966 0.387154415907467 40.36229282210924 281.75598833214855 270.5917180830078 82.91332757899907 172.5 81.0 262.5 60.0
39.388017788108904 0.280627585547101 21.010430930444628 108.31456567823614 66.8849262582311 235.97564978687208 173.25 47.25 82.5 60.0
39.392973309784566 0.23138544801627 20.515071095204217 101.28477194107454 60.22641305287744 138.60656604591412 171.75 75.75 82.5 60.0
39.363192810940596 0.266237891698859 39.56663992904163 72.81926950104946 81.24392107972542 207.8288739743265 173.25 120.75 82.5 30.0
39.42300027399062 0.255471797756116 19.681747662823142 335.23988527069235 217.22534171773236 313.74814659409805 174.0 81.0 262.5 60.0
39.38114887253048 0.215156721113645 38.09406886956284 72.61063082577046 253.95915010113185 247.43781821667585 172.5 37.5 262.5 60.0
39.30762774154632 0.226530500379908 16.002453938625678 277.80058242396007 72.37440134525394 231.20070997981577 173.25 69.75 82.5 45.0
39.416442913453174 0.25599064785359 23.374281560419266 285.54016976206634 75.2462790433809 127.91732259839874 172.5 88.5 82.5 30.0
39.32476108775215 0.259193333263154 47.562265216700496 212.3168385832935 265.37397405910417 142.20190809846036 172.5 57.0 262.5 45.0
39.42176430981207 0.233695478738085 16.324462434306604 136.7302891211789 276.485933546 150.6377964451635 172.5 120.0 262.5 30.0
39.607211179157815 0.252418453860626 23.478657207297395 123.46858401365257 255.7127259344548 96.0276933245888 172.5 120.0 262.5 45.0
39.38205446774368 0.285222095101146 13.512790571897042 347.76287783235205 60.471283623499886 73.1603275684775 172.5 30.0 82.5 60.0
39.46248545176312 0.2809522225938 36.74040652817486 98.46774341184016 66.39046717003302 352.4002881213326 172.5 60.0 82.5 30.0
39.36330481808057 0.423027713481346 60.09623204305359 199.006411361399 101.88662497155164 150.61543066562436 173.25 56.25 82.5 30.0
39.39313706121415 0.407001288643543 46.98414922098506 128.83378498036035 244.59357455970462 329.9000811261664 174.0 51.0 262.5 60.0
39.33376034379898 0.240288210070419 31.567217159713813 45.429195559764885 101.84457383356997 222.3452620947256 172.5 91.5 82.5 45.0
39.33571191385888 0.34195842068851 34.188572153245254 242.14821430427605 77.25982812047437 128.72809400448733 171.75 53.25 82.5 45.0
39.57125770879062 0.210216034139839 30.862892301071877 72.18988761142084 255.7672645714848 106.90416983225414 171.75 78.75 255.0 67.5
39.409991335882985 0.206738036679564 14.953831069048428 302.72169628825657 261.52799048096443 305.5601210061998 172.5 75.0 262.5 60.0
39.4619100414726 0.403606917009443 46.41559621203252 210.91359281739147 280.20808943518296 21.752993110570742 171.75 53.25 262.5 45.0
39.27665015022104 0.214885705648864 20.092577476548353 162.94866011841867 236.76297579272017 301.5170237507554 173.25 89.25 262.5 75.0
39.36019991128121 0.335497069522584 56.15566488192366 103.0706050236765 100.62420810400089 78.92318333384117 172.5 45.0 82.5 30.0
39.4225978689339 0.278716274192651 19.373190734690933 24.69882365764343 287.1101550008293 150.17260154598398 172.5 78.0 262.5 60.0
39.502272438905514 0.324314066725138 48.095105881045896 191.74365326448128 100.16779336425613 263.05904277501645 171.75 86.25 82.5 15.0
39.396340402120984 0.31295727827055 48.846144967374286 203.9926645063302 64.83160066092445 34.225777006865016 172.5 63.0 82.5 45.0
39.32775813713552 0.258391327609807 45.18739214808782 13.628085738999392 126.44284564293685 122.5672583676359 172.5 51.0 82.5 60.0
39.33662954048859 0.274923383983617 17.054466408064577 312.8728960261536 291.27105260064593 69.99748815815747 172.5 88.5 262.5 60.0
39.32746813997486 0.391419137480919 42.01068598727748 287.6007251151457 64.46558226926223 239.38223717427184 173.25 66.75 82.5 60.0
39.36454619725503 0.374793286149404 41.7169415670746 148.49374415451135 279.6325424747804 179.71073206065176 172.5 45.0 262.5 45.0
39.487778793742564 0.427989696295128 58.346566131120525 127.69668536079728 253.62785298544497 317.6888153354971 172.5 57.0 262.5 45.0
39.397761748287245 0.271033246778439 37.27797351677262 351.20982557529885 95.63710519300243 28.02639051114688 172.5 60.0 82.5 30.0
39.45421642296336 0.235030207953156 24.9668522270359 160.2477614336045 114.79595752857132 292.7551621328505 172.5 90.0 82.5 45.0
39.240880084399855 0.248547861441283 27.32003552529926 326.6826226629174 297.2379502993919 291.2574953459034 172.5 112.5 262.5 60.0
39.42405334900197 0.358927266196925 32.63833385114192 18.179140451570625 96.25013168764738 138.46956348969573 173.25 59.25 82.5 75.0
39.49198142836393 0.277184140228952 40.881638106214126 161.9397071989208 261.41624209426135 289.0438171173158 172.5 75.0 262.5 30.0
39.34326739127939 0.296786055164859 27.38526738427243 164.25528368740436 96.36380020328873 68.40258562968977 172.5 105.0 82.5 45.0
39.40137301654475 0.26650476968655 41.335162759080745 256.8769664038107 289.889812419736 308.05001298912595 172.5 78.0 262.5 45.0
39.31534460538567 0.30262917921206 47.34081911545428 175.40958048572375 280.4805722285869 292.9783755502681 172.5 90.0 262.5 15.0
39.434357639556175 0.228746695667999 22.345352846535693 63.61442243409693 292.18227197609144 237.66468856369215 172.5 75.0 262.5 75.0
39.56440354744897 0.244326214490644 36.726404995601584 95.96202026196451 52.36392687901789 0.456435921956006 172.5 114.0 82.5 60.0
39.37133754216269 0.264812357717558 20.79736753703897 184.46686457346306 284.8631083085185 58.002019532347816 172.5 105.0 262.5 45.0
39.50508544244034 0.289014724197132 24.615953390727096 343.30885415164516 266.44253241902464 162.0220220551302 172.5 97.5 262.5 45.0
39.37411023127175 0.246818811087446 31.663007087322267 277.1424072959655 270.46979684535944 202.24803634993654 172.5 60.0 262.5 30.0
39.26479974250247 0.206169413219461 26.009286363088737 26.464088141919127 284.6631593213645 0.224311905083223 172.5 79.5 262.5 60.0
39.37809643624868 0.412703624836795 41.868395321212006 335.8331892908945 280.45601988582916 49.39656193336398 174.0 60.0 262.5 60.0
39.4905618383468 0.234802343674226 17.809753387031247 186.15960790061047 260.3005772479283 164.3556086696626 171.75 74.25 262.5 60.0
39.41969166863 0.224177108682358 33.18280320343719 137.82800173742112 124.03470188197261 47.664300489824704 173.25 39.75 82.5 60.0
39.424789461264275 0.436097741120585 59.7140477842831 190.94725178574723 293.48328638093875 252.3485562341977 172.5 49.5 262.5 30.0
39.50086425591056 0.235385179325956 29.727401229842005 124.18705286567335 81.93639181200133 92.29604906327678 172.5 94.5 82.5 45.0
39.450385593430084 0.314551412789202 31.129712170603696 38.07382577195858 121.47589462613512 231.97540028498332 171.0 48.0 82.5 60.0
39.37355666429299 0.300271684408716 20.163404085155516 274.74950104104244 306.8471951280144 184.7729762217221 172.5 54.0 262.5 75.0
39.56929233083156 0.264993039164682 34.939289909295624 31.78118479771889 262.9026063795069 159.50248027601455 173.25 110.25 262.5 15.0
39.319047660010874 0.213097957522062 17.668441608281565 299.1251021963323 305.9697461485964 161.352651317472 172.5 87.0 262.5 75.0
39.46573934936706 0.288070380984499 17.65710385897711 237.14125300519083 250.65183650373325 252.65403132956834 173.25 59.25 262.5 75.0
39.375434587142564 0.269788788832404 38.06242096978954 17.207926175586536 116.03788842506671 1.134901794473253 172.5 45.0 82.5 45.0
39.47464255610508 0.297182303272179 20.117396823086025 303.6595749952509 302.86002347830237 293.08562456535236 172.5 48.0 262.5 75.0
39.27750523578812 0.288606927353082 25.71936615416758 347.2268073663213 113.2980756556835 280.1679677059799 174.0 100.5 82.5 60.0
39.38710275904879 0.333549904259136 34.656098178203585 84.44042013797878 97.98104833242544 107.39280139496839 172.5 45.0 82.5 45.0
39.396211975389 0.345829158365233 47.033326335240396 1.840619727490057 249.58527482052136 60.198196415805214 172.5 30.0 262.5 30.0
39.3427209109751 0.307004076621564 36.82531726101314 84.96034921436639 100.71959831653932 329.3648609437917 171.75 45.75 82.5 30.0
39.41329559252055 0.307460970261049 43.60088943056536 166.59204821324852 289.74970476193477 150.12351506089433 172.5 30.0 262.5 30.0
39.382776730295426 0.312960240240915 44.85999521606816 346.87114475939154 75.34537401497707 72.26280040158404 172.5 60.0 82.5 30.0
39.42042042166594 0.302803749237446 30.64282771531511 158.02501747382135 284.17604439711374 266.5717680670542 173.25 93.75 262.5 45.0
39.38577611193734 0.254282842615917 25.091168674169225 359.6829412138633 279.3285024389607 49.6075832862704 173.25 62.25 262.5 45.0
39.35686610419758 0.295684325597413 44.85857236268475 335.74682590069165 250.67228821234647 174.35129712387678 172.5 75.0 262.5 30.0
39.35540949891806 0.355440882019344 29.70503876445973 9.43702499044308 77.52612429028193 167.202137278217 172.5 55.5 82.5 60.0
39.494961224460496 0.316074775798276 41.71697483784598 127.15720060506499 93.46067971172651 308.5289220670117 172.5 75.0 75.0 22.5
39.39736920086571 0.283894109645412 37.29759245403885 76.25650287313793 279.2337459386077 197.30342170469683 172.5 109.5 262.5 30.0
39.29644519994592 0.234555823988281 25.3031154627014 19.573652820770224 271.8034756880122 280.71003959595873 172.5 88.5 262.5 60.0
39.44295258379727 0.267935123546215 16.57447443860797 139.02064909519433 308.7426682944823 47.608442269829 173.25 42.75 262.5 60.0
39.36542422029356 0.294366428696283 31.072486165145456 0.826448729431861 246.77499388526797 303.39652114362707 172.5 45.0 262.5 30.0
39.53052755697433 0.267907418057232 21.799705010746106 22.267265831756294 258.25368683302577 29.54916109258859 172.5 81.0 262.5 45.0
39.33996119740204 0.298103031928635 19.02093027545194 62.42571466640858 297.2309592116339 107.82362093575144 172.5 60.0 262.5 60.0
39.305884566851866 0.268570779520049 18.07895346641563 221.4041553030832 296.7603541197776 99.27214956566202 172.5 87.0 262.5 60.0
39.432379536416285 0.30808704332434 29.70040240856318 91.75663070233954 236.48304626450195 224.71157144460975 172.5 102.0 262.5 75.0
39.469827420121966 0.2418361739535 33.08138601409141 99.259642904833 229.56947508822526 140.20269035822923 174.0 99.0 262.5 75.0
39.40898078203213 0.204174066373486 28.490547771360912 10.471928305231364 88.00977339812563 38.23321429628642 172.5 30.0 82.5 45.0
39.58640762582446 0.254963935720131 29.391429277930023 245.9433803890758 278.62965385092093 95.66184485541096 172.5 120.0 262.5 30.0
39.421753366455235 0.347512664825577 32.59424170976547 34.198275718618156 118.04373782743563 114.81047566648381 171.75 41.25 82.5 60.0
39.34789460958881 0.222281667349187 34.40862131755135 332.4454168754752 72.36911083646169 167.93725729606544 171.75 113.25 82.5 60.0
39.332515629320966 0.24271011351393 18.83648578424842 203.74876181245097 99.71649672972465 347.25043533755735 172.5 114.0 82.5 45.0
39.53269514101654 0.251037727451135 37.718599163661004 257.26770680273125 284.951928824844 66.75268785625425 172.5 135.0 262.5 30.0
39.39394881577532 0.324938528461513 50.95685589246703 233.9213139335113 69.75569267185574 31.073239214070448 172.5 48.0 82.5 45.0
39.41552295826063 0.309125442456279 39.67931144408162 40.235370606496126 63.92010717287294 257.5648380728318 172.5 60.0 82.5 30.0
39.44869732047388 0.31889343150933 45.5952413585904 228.17348168691402 248.92581871278117 268.81879146761855 171.75 44.25 262.5 30.0
39.50549124558579 0.225158513978266 23.843214623770884 185.82870587657914 263.93324634756453 139.00761992256002 172.5 105.0 262.5 45.0
39.349661547637574 0.242927240217167 33.65144953853074 192.4932601451794 121.94619244306789 121.76454823475086 172.5 60.0 82.5 45.0
39.3718353540595 0.418858873048746 46.99947438145621 287.8144227460984 261.3801425406063 214.1810303849591 173.25 35.25 262.5 45.0
39.483175189947325 0.257726563674208 16.19758394927941 266.17624331522353 71.84514136616717 236.21489244833754 173.25 83.25 82.5 60.0
39.40423715402179 0.322859138072315 30.304663864580377 315.3328920859532 324.65711933858375 261.34037819687734 172.5 66.0 262.5 75.0
39.50748176584282 0.248693050019028 19.82672003227269 87.6327262269811 94.54306204018798 219.83055127858674 171.75 71.25 82.5 60.0
39.33922329613487 0.227207546034313 14.849697414767418 207.89067899735184 72.8680568705563 174.4668839932776 172.5 73.5 82.5 60.0
39.42652671233572 0.337627030603924 45.084848710328686 113.86219876573055 102.11527956294213 83.58240692343661 172.5 45.0 82.5 30.0
39.43646156972605 0.412925030098949 50.53783364930985 333.67598633096065 86.42930081598058 309.9411746399465 172.5 60.0 82.5 45.0
39.58948230980605 0.266467940138848 31.523696393736813 60.677154439195085 83.10893324769629 248.569910159863 172.5 105.0 82.5 30.0
39.42933536551673 0.24408775183485 31.60307172275467 253.017996447786 268.2847411718093 345.1942186359018 172.5 45.0 262.5 30.0
39.34340725845783 0.303805036325851 28.66031585471314 27.71192663426024 215.2434020056945 299.31872534883 172.5 70.5 262.5 75.0
39.43508567668927 0.321414533038734 54.222801600513286 33.58615307463703 63.76795951325777 30.317642156753394 173.25 36.75 82.5 45.0
39.54457613098748 0.28039619870999 36.10526072230659 351.36452824877574 103.16282768119963 169.4339002716888 171.0 102.0 82.5 30.0
39.2719932010056 0.290037923988615 22.215713979348056 81.54398876681111 69.75189534291647 250.7955536556748 171.75 102.75 82.5 60.0
39.37062759363231 0.260157581303636 19.093138627038087 37.178024928971745 77.23765456757901 243.61861896006468 171.75 71.25 82.5 60.0
39.456418358263114 0.322080374896187 52.81201218581895 150.6546166323042 80.33159274801278 211.06631180842976 171.75 89.25 82.5 30.0
39.29677082403318 0.361209317172417 53.421550297511466 229.27039631992344 92.34255334226643 134.6097010893029 171.75 75.75 82.5 15.0
39.32661599554227 0.246243071741922 15.434949659782239 295.86671935404763 229.28523658388983 201.02553467284977 172.5 120.0 262.5 60.0
39.46699376584111 0.308760199797401 25.243098490610823 45.97094099961519 64.16378145310122 245.2847384597278 173.25 105.75 82.5 90.0
39.418439207658594 0.229735548246285 34.41197447272277 345.98029216025236 238.58999604690496 177.27956153333065 172.5 58.5 262.5 60.0
39.353642293292786 0.310716248329438 41.19116065291094 117.80779656556591 97.35252096444538 193.79703086026757 172.5 45.0 82.5 30.0
39.479374315087824 0.363379856656254 41.194737166555335 286.9979251050435 250.23865538316608 94.84515582035642 173.25 71.25 262.5 45.0
39.392534816519465 0.419769075205634 56.532505910792715 41.41595751112085 276.81623769381986 14.990918542566087 173.25 39.75 262.5 30.0
39.4040505629966 0.244343679040143 39.65404521920213 279.54225444042737 252.511088701191 85.99796314257655 172.5 79.5 262.5 45.0
39.46484181336652 0.241690311361603 26.64536952293092 28.775560100880863 129.84781203867092 236.62526899408556 172.5 48.0 82.5 60.0
39.44789493767405 0.320290147625506 53.87240052158695 172.89104732115953 254.52878530161132 61.93760883785149 172.5 45.0 262.5 45.0
39.34325142123941 0.282960628820755 35.74059325551953 122.62130376965521 82.25059893943637 290.5993547277165 173.25 117.75 82.5 45.0
39.42869385683346 0.272271887231415 22.736529076332832 151.45985741639845 133.2003312192516 143.2678709457744 172.5 40.5 82.5 60.0
39.34154523809569 0.217289028577657 23.12851590314126 188.80833294287171 85.29416036799753 156.78119063272229 172.5 60.0 82.5 60.0
39.39654697487076 0.32073135877444 36.0413784365863 323.67105151296647 275.82191879570934 290.99469330828435 172.5 45.0 262.5 30.0
39.487188693955495 0.252094226053431 33.90263002672814 185.30559464262976 296.4983005964344 139.15270378247604 172.5 75.0 262.5 45.0
39.383932088963235 0.318197503647009 27.980028155186197 109.17856609788194 247.75494544297382 4.03758534549795 173.25 107.25 262.5 75.0
39.409838461998774 0.201838786435065 28.622818236226706 193.3851339134123 64.7710314386836 300.4847150557655 173.25 54.75 82.5 75.0
39.52497317570928 0.252203271928081 34.786309948765 323.6891327607208 71.28874022349649 202.52490864111928 172.5 109.5 82.5 30.0
39.50072675424929 0.213255548813597 22.166079041350823 178.61438807280882 304.1017728918857 265.76767097132915 172.5 81.0 262.5 60.0
39.368901800634724 0.34261942611453 32.37606875364815 91.16229331470673 71.48021827642322 99.54879337906311 172.5 60.0 82.5 60.0
39.33681083248595 0.295005455612351 31.822903368551497 186.91512968465545 84.35353085127826 282.6994677896028 172.5 58.5 82.5 30.0
39.375044459658 0.32148741053155 24.450808528003012 52.56244698734494 267.54659321323635 16.679917463748925 172.5 45.0 262.5 45.0
39.41604808069815 0.327531094755081 27.35116334958088 241.81730285155442 262.5704070821465 233.68889846156327 171.75 47.25 262.5 60.0
39.29376798464152 0.225518367696511 26.281479693260035 26.71648118305985 290.92273469863983 270.9545027901645 171.75 110.25 262.5 60.0
39.51760012297301 0.25055241686947 33.28399640537835 120.31574233290878 46.24671949626315 211.78686075751384 171.75 101.25 82.5 60.0
39.40101886856066 0.270012668380839 16.40137396724837 17.371472252222706 75.53561244247022 164.8761054178147 172.5 31.5 82.5 45.0
39.57927882410239 0.259997889020347 36.00238096788997 69.56527834129625 287.472809972585 208.8697410035252 172.5 120.0 262.5 30.0
39.435100353885254 0.212779584604534 33.13941139124831 270.76097638747353 112.34867072819007 327.70893801016985 173.25 44.25 82.5 60.0
39.260780555893554 0.228974886663691 10.488102397481544 27.21107400817459 91.878799299218 8.910212450617045 172.5 90.0 82.5 45.0
39.39905314939541 0.231377983758511 36.22809823703241 214.23782034674008 57.7618702859149 25.59528768405914 172.5 67.5 82.5 60.0
39.33335793139572 0.28425857737141 38.267757435722295 329.99221709033884 300.9641314733387 15.63547334152531 172.5 109.5 262.5 45.0
39.32901710357497 0.266739380519683 37.9116411925651 47.788811581734734 77.51091784281554 114.91249652135077 173.25 110.25 82.5 45.0
39.56929881851722 0.291378157984839 27.66574733288149 121.85759364087808 100.7920244594348 71.95629832618071 172.5 105.0 82.5 45.0
39.359737492892265 0.293532935001023 36.09140548188571 281.2504154821198 260.6905446894239 335.34777269743176 174.0 39.0 262.5 15.0
39.37893992090592 0.362865421248137 34.99840194089423 112.4495198105669 126.40678704045044 56.38882408453548 172.5 45.0 82.5 75.0
39.323349528505915 0.411825564425349 59.17220130531681 151.94214476881905 76.1096764859433 57.07490854576788 171.75 57.75 82.5 30.0
39.515595420788806 0.226232303799601 16.662442866586087 272.6770530387296 238.84311364383137 14.648820358523029 172.5 81.0 262.5 60.0
39.42868111248751 0.299132843503465 28.061879913087328 245.2838394927699 113.80243526583368 91.85672702084074 172.5 45.0 82.5 45.0
39.48793683758808 0.297427300672729 40.72817176088129 170.524875050441 316.6540294617706 20.0755146612396 172.5 81.0 262.5 60.0
39.43670883010761 0.283092795161662 21.391175508625544 82.91039604146724 67.04673641573424 332.312978094634 172.5 105.0 82.5 60.0
39.41254211541251 0.299759633620554 27.731881945535882 81.76979773136196 60.388924758932006 229.95381213938492 173.25 89.25 82.5 60.0
39.47094441974068 0.332092062739121 38.33042653990566 85.0267748217179 114.15868878279838 208.6527174554023 172.5 60.0 82.5 45.0
39.441902272387836 0.259930925367909 24.85450589277901 199.36914186680292 214.3865552416566 178.44473414100972 173.25 47.25 262.5 75.0
39.40991495438399 0.353854163563965 40.30443037656911 6.025139853894959 268.99947075738174 290.9555333958394 172.5 60.0 262.5 30.0
39.54969262739306 0.238678632240617 15.301673725828671 4.201452895826648 52.245508876157984 323.1647451762145 172.5 115.5 82.5 75.0
39.44618981606691 0.437857751537911 56.72493331645674 151.78838677054387 259.948915510038 179.09431508966708 172.5 43.5 262.5 30.0
39.32228375215154 0.26797774351081 39.896829343538634 35.83766205862196 253.520741945432 354.7049768272607 172.5 120.0 262.5 30.0
39.3373838878065 0.252730176331648 28.68946943120674 30.917448077217447 312.1153050410299 112.27970522351109 172.5 60.0 262.5 60.0
39.34986347616519 0.2878012646755 32.147652069426506 76.10520620238438 239.42476917110005 103.15635761340646 173.25 110.25 262.5 60.0
39.43366690293538 0.204255996304372 38.955267023555216 35.47117357390551 122.5913969142446 94.70248529042601 174.0 64.5 82.5 75.0
39.396461533108635 0.375710042132943 60.16298205033585 67.54783593339123 255.6752709577408 102.92245919207154 172.5 69.0 262.5 30.0
39.283467489744915 0.237377981627606 15.227313572940291 334.33183282962545 253.75141679177796 216.21030217322817 171.0 112.5 262.5 45.0
39.389579329398686 0.228960138958631 9.913550042300393 221.5471667997365 112.16058803422436 203.83079245717823 172.5 111.0 82.5 45.0
39.552992394759954 0.243693342269416 32.1060221790057 322.56191621093876 276.0048984725106 165.7628502618706 172.5 103.5 262.5 45.0
39.48831173816892 0.215218436954632 34.780376783111606 46.84212360076753 65.68977039781879 29.370190542472542 173.25 66.75 82.5 60.0
39.51144321619469 0.251318322520981 33.856991930147906 139.83381195163616 262.1348588748249 188.8145221854464 172.5 100.5 262.5 30.0
39.46806729150085 0.247157242415766 40.58273399223406 301.96700395025624 106.21694156084962 307.3416720332021 173.25 48.75 82.5 45.0
39.44974767442654 0.258712772671978 30.927144057963645 280.63345737009945 75.29935396870778 3.151403017847464 171.0 102.0 90.0 37.5
39.28558218699289 0.276263420206039 38.41762414759151 70.23605010656294 261.7628757177011 239.15806267663248 172.5 75.0 262.5 15.0
39.33702746992416 0.269888136385247 43.93222856772172 215.27639811308447 85.79619014994918 17.38432996433923 172.5 61.5 82.5 60.0
39.500914155461246 0.317584224486121 32.27592244137986 3.627380649127291 271.82187026117185 260.829749153186 172.5 117.0 270.0 52.5
39.481222184979174 0.24191600617765 22.218120574274213 262.33939198321804 80.11818460099506 207.88184966511093 172.5 105.0 82.5 30.0
39.49326692207797 0.239859507962133 19.52425524213046 255.026039175268 267.22295633287763 228.642944775642 172.5 87.0 262.5 45.0
39.448092209157544 0.279110438083233 38.966803921261125 197.67706167988285 288.4044082227808 270.9322379500582 172.5 60.0 262.5 30.0
39.34971445664137 0.30439157415283 42.22521989556389 155.49618843284176 53.322220826948126 83.17687631461145 172.5 48.0 82.5 45.0
39.328160961734945 0.386600194791038 40.007085007549215 157.45065831398185 76.36049304428023 68.57219945902135 174.0 55.5 82.5 60.0
39.38660740812602 0.365276205881593 56.44025435409246 203.10658427400304 109.31769026716884 348.72173350032466 173.25 72.75 82.5 30.0
39.51319462635989 0.311955734909018 31.264441934307893 179.85426957637267 280.4621497700783 141.80868444075 172.5 111.0 262.5 60.0
39.35312966266372 0.298127347204296 21.533151567403802 72.40176058316611 91.86536416466011 15.333933830895699 172.5 99.0 82.5 75.0
39.490722013979 0.297205558894573 38.06796296933436 248.18989055717793 116.9089010530386 221.95868098794946 172.5 75.0 82.5 30.0
39.36157724641117 0.316647570687697 38.090451765435354 209.6416754702667 292.56169307546793 351.90241195801417 172.5 60.0 262.5 30.0
39.38061861526195 0.302626509252727 36.157942834774 60.01701279034192 249.45327299885895 236.08025723394843 172.5 75.0 262.5 30.0
39.44415515692357 0.201781682956292 21.46718226909142 180.30189582321054 265.1241237237716 25.61194445906784 173.25 78.75 262.5 60.0
39.3540996015323 0.25181067708459 24.02275733840935 152.73180209038148 139.16627909581058 252.66460143217068 172.5 57.0 82.5 60.0
39.359802108453174 0.250713286038408 27.50099512069247 143.3176533865006 79.99685163434897 299.17892759804204 172.5 60.0 82.5 45.0
39.312837347871785 0.232789828827863 16.47404726730248 225.15265732916217 105.39411710806135 341.67022296599026 172.5 90.0 82.5 45.0
39.441858185030675 0.291844220844225 29.983756181386884 194.76485827209922 102.6144661270256 293.2535379734426 172.5 117.0 82.5 60.0
39.38088173646781 0.245144599064652 17.133455466442783 81.71443892668145 263.42474354777926 220.62936294303208 172.5 45.0 262.5 60.0
39.22734844767887 0.246837301746436 39.09585594668251 166.86980377093957 290.86784351857307 57.37433521585288 172.5 135.0 262.5 45.0
39.38807926992802 0.271959910258768 39.44474060212278 153.02791066640685 64.18556541980273 317.64663123948117 173.25 26.25 82.5 45.0
39.35087898044582 0.302936634111189 24.17757112244383 66.68924676871141 127.96788371995117 329.5972832851661 171.0 49.5 82.5 60.0
39.430310269051326 0.244257902738692 24.650319089022894 197.46796665152664 318.56532533450223 105.77515398286685 172.5 55.5 262.5 60.0
39.401139283465135 0.268088066879696 47.31287005579704 237.94602518481872 55.82593355656712 42.077065952795856 174.0 67.5 82.5 60.0
39.33967351941499 0.230231193596724 18.856083920875598 292.8310514983258 47.30760284266761 111.07854431803871 172.5 60.0 82.5 60.0
39.4530812906888 0.258442698547968 34.37445369990259 212.76977020470662 76.86618644169464 66.3584563595215 171.0 126.0 82.5 30.0
39.282166775828394 0.284387999796722 30.639923864613433 184.1005763119737 264.9779718463012 274.84796479797154 173.25 96.75 262.5 45.0
39.41215565493713 0.231496246752639 28.415017548428406 49.68230162202382 247.4557249684921 160.26543972507187 172.5 78.0 262.5 60.0
39.596720216145506 0.262672836195513 15.420099127205559 32.96953248225851 239.92286749012638 37.00961318654354 171.0 111.0 262.5 45.0
39.47092204478061 0.239309018735739 11.094046951480522 254.6849185401296 69.97317535655637 344.09883832403966 171.75 83.25 82.5 45.0
39.36031852546029 0.262779101913012 35.94300288252459 1.596145221869613 220.36183589961308 204.51002362192847 172.5 60.0 262.5 60.0
39.3490329970606 0.248269594185769 14.899596712852416 110.61569173614656 293.21828377330326 216.25844246124637 172.5 90.0 262.5 45.0
39.44154582789452 0.275047070167187 30.22159784123529 26.391557329531135 120.08327544921076 243.27795963027086 172.5 45.0 82.5 45.0
39.49842666736868 0.185064267683092 45.06918897548276 23.863958839725044 102.57340316625489 15.263725982918597 172.5 67.5 82.5 75.0
39.45006062423205 0.260399506887537 11.963058463987124 28.590847370072566 77.47575133158318 45.91578398401874 172.5 75.0 82.5 45.0
39.402470975146905 0.227747154971394 11.360692016286539 271.7876561870172 240.37243001514057 145.8599735608907 172.5 90.0 262.5 45.0
39.32979256484874 0.32429273490208 35.253019802008595 177.59483368039938 292.1859886477883 141.52294555253584 172.5 60.0 262.5 45.0
39.33648540407832 0.204567266564878 27.361814681877085 254.12180064561505 102.53635001596247 74.56805922595596 172.5 100.5 82.5 60.0
39.47019211986577 0.219903245651159 30.788848814538355 8.235233550867058 53.23509418207793 273.9544790315609 172.5 93.0 82.5 60.0
39.45308611324767 0.302187640564856 41.019526285312466 192.69537369405657 281.2057418169195 150.27836729727107 172.5 45.0 262.5 15.0
39.3982206145864 0.268899814310178 32.220697796560955 358.9247397587627 268.09458364222814 186.64328360530857 172.5 100.5 262.5 15.0
39.38908432687334 0.337900657709015 26.787470456975335 332.9724315422906 78.78370874636879 55.29966909043966 171.0 57.0 82.5 60.0
39.42541408768581 0.367718197347508 34.40267739796031 86.14683747159025 242.8303479621821 355.38730365392917 173.25 39.75 262.5 75.0
39.32408384883968 0.224984564672685 43.08208120807486 269.64165568786257 75.35537357370319 225.2294393348862 172.5 72.0 82.5 60.0
39.204665550269596 0.275478524726095 39.25020014770157 199.81508465617782 270.9616678786517 23.786912580369595 172.5 124.5 262.5 30.0
39.29435376306028 0.285081805124278 17.078377630201665 284.0416637636462 258.3900159301968 205.6796899333648 172.5 93.0 262.5 60.0
39.5351807468659 0.221582517126089 24.18118787799268 231.47598426808588 237.51388462470064 148.34923038009825 172.5 100.5 262.5 60.0
39.420684621251894 0.326956459427234 46.38525122180298 295.9793851895759 247.1555201857745 236.59153092517988 172.5 60.0 262.5 30.0
39.360637718120344 0.269168683866832 28.789069881598486 201.78556377748254 245.09458687159665 48.72223680440994 172.5 45.0 262.5 45.0
39.36571840848192 0.307289343860572 25.44988848034136 61.35516689904524 258.2756077387048 230.98992901312118 173.25 93.75 262.5 45.0
39.421640480463 0.378446391860289 42.20243272491796 14.768058306028168 96.60133814625866 143.83651836517575 173.25 42.75 82.5 60.0
39.37758897710131 0.236725224098472 22.858812380393708 9.372378453213239 253.6179419698818 285.3702316514259 172.5 30.0 262.5 45.0
39.44412646148866 0.284648087570623 20.27960818449484 169.7045947576898 79.21390767214719 175.16469155846815 174.0 33.0 82.5 60.0
39.44723550210764 0.286860297607828 38.938142437584936 4.398660716158653 267.84357777196084 256.76044094951305 173.25 80.25 262.5 15.0
39.40243114687023 0.424430904444282 47.53853861519083 121.4200425828889 268.73340552464634 319.1335552927013 172.5 30.0 262.5 45.0
39.423823913498175 0.261559310813321 26.816099627312873 247.2015350858917 91.35203393021236 257.18936826618847 172.5 90.0 82.5 30.0
39.47507725357985 0.256770074706494 21.603653676385512 224.72689157684013 153.44328250686797 69.94692135897306 172.5 100.5 82.5 75.0
39.479045146586266 0.386214224019034 42.15792791067622 338.64877801777976 83.6551764769163 181.76365033208117 172.5 79.5 82.5 60.0
39.410990947337055 0.323195038829703 51.903890244153935 36.13532317697883 63.363674737092914 44.78080377026001 173.25 44.25 82.5 45.0
39.3777107569561 0.278094249459128 48.8486818292589 142.55744086449525 45.80690744312106 309.33354028749415 172.5 73.5 82.5 60.0
39.48435698781253 0.357307560628713 46.2502125176866 32.24211994685046 58.64968477047608 27.55593071091537 171.75 78.75 82.5 45.0
39.541753756201274 0.262836646612532 25.48436731446821 167.56853007882998 116.90874359803595 279.5945833698409 172.5 90.0 75.0 37.5
39.45292861178593 0.276207455186312 20.897724862657146 63.53710235760431 263.3689119938973 135.08368277486784 172.5 60.0 262.5 45.0
39.21400593522182 0.284071134159397 29.206917643380947 296.40612128748364 256.25669906461667 101.20572731570985 172.5 120.0 262.5 45.0
39.412269071824795 0.267487656373681 17.19210495210276 202.53396970329672 120.70543585986847 229.67468067850893 172.5 76.5 82.5 60.0
39.519230037875204 0.257118680677283 17.60355486373255 118.36764978872527 86.90512427284985 67.71960154812894 172.5 90.0 82.5 45.0
39.51245381692778 0.217396488704989 20.618939123668813 267.6112696147012 250.18759462823348 95.5342869823339 172.5 105.0 262.5 45.0
39.45721105673008 0.233393671048795 32.78766250703527 344.20409695016133 88.82166845934626 170.5815273084913 172.5 45.0 82.5 30.0
39.47517670468099 0.30812944271364 40.40409238841838 286.0937637714867 118.7011026960946 64.30800212977822 172.5 60.0 82.5 45.0
39.245450093492245 0.249136591150023 32.1593551444554 158.48322242339472 284.2494872136358 149.3302844203857 172.5 105.0 262.5 30.0
39.37855177706656 0.275718403290315 27.215662406909093 132.2596785445185 52.99804883459044 122.11461421315407 171.75 93.75 82.5 60.0
39.25197680738854 0.291535813084463 38.4406061295423 56.25914337536828 299.0798533555787 212.7834774647091 171.75 89.25 262.5 60.0
39.45313848279897 0.315878884685671 21.625376314206637 149.1686042492209 99.59891555169442 75.47582480446623 171.0 102.0 82.5 75.0
39.539229058476444 0.237107499557085 21.831394892398503 234.37429166977603 315.3967703640874 333.0815122527713 172.5 91.5 262.5 75.0
39.40469997884216 0.208341510219694 29.095011106596935 74.84584849745319 271.1109773457684 336.43351057374804 172.5 60.0 262.5 60.0
39.40987327379259 0.366722659476628 30.650798611716866 256.85044193028233 231.09302198423376 14.59184025572659 173.25 51.75 262.5 75.0
39.3600935638899 0.310576047947496 44.27167809615991 268.55776186759 310.51673649202746 311.6134305128714 172.5 51.0 262.5 60.0
39.53012543238106 0.252637766547899 11.467160818357563 39.30215930865805 252.31265562456855 168.77888486713977 172.5 105.0 262.5 45.0
39.380966506717265 0.280694122403275 41.736353601356846 316.414742701708 143.92056935819642 123.12370558011757 172.5 87.0 90.0 82.5
39.29191432345556 0.247488621815507 33.274407592157274 152.6690059055987 254.41185943926706 290.96765792201086 172.5 102.0 270.0 37.5
39.603381799616955 0.22939894156574 23.989130312197183 284.92154154190354 83.77299636940594 221.2694816809417 172.5 120.0 82.5 30.0
39.51820993937926 0.280667115640884 30.118832788922006 97.43033844435165 289.8065752972327 214.5654724232959 172.5 96.0 262.5 45.0
39.320793884527525 0.242891571038785 36.18484168633457 336.599228986737 226.99797306963484 198.98763434055905 172.5 75.0 262.5 60.0
39.40863642601179 0.210910012354371 33.87079564817589 306.35980227228043 243.01022139753178 225.3461610201916 172.5 48.0 262.5 60.0
39.31166547523911 0.245569584234493 22.321476611969143 354.88539398970545 81.3125439786442 74.49695320120753 172.5 105.0 82.5 30.0
39.36899008198251 0.361384719259471 30.62680836709339 321.83661697497735 287.1304184932885 67.1564068005656 172.5 70.5 262.5 75.0
39.456414789582844 0.266159083100523 40.24765804524363 162.02797788426028 295.9249586724299 165.59374147305473 171.75 71.25 262.5 45.0
39.432124685637305 0.231259335446191 30.056062193202084 207.33617934122128 252.80916963419241 274.20732765329285 173.25 30.75 262.5 45.0
39.42410065727373 0.238955728701027 25.804621684776983 82.0852779782483 274.7806772101621 226.66707132099725 172.5 42.0 262.5 45.0
39.42634528748673 0.401722607641707 51.02391418606225 273.5968148745974 108.02055937484485 324.39280026525813 173.25 26.25 82.5 30.0
39.30568182087618 0.302776377047751 48.20089371664378 117.33477159930199 231.7674155751907 234.54091017708976 171.75 62.25 262.5 60.0
39.404174638164434 0.351271377359613 26.97590643347266 108.53290435584215 110.4314632409558 192.02282200874683 172.5 42.0 82.5 75.0
39.539520379419706 0.256167751692481 15.139582042348342 316.36580728548887 100.47802305161701 295.2657429489188 171.75 87.75 82.5 60.0
39.381346055013786 0.235580241197281 21.60299288442374 330.204563356816 264.27795337230833 325.04490280990126 172.5 90.0 262.5 45.0
39.48377219594783 0.263504651837388 22.007281330907563 105.90659426044111 273.5347185604754 57.57630218771007 172.5 105.0 262.5 30.0
39.26726464346041 0.247894274659734 31.226598542592814 59.69847969319723 289.0682068455182 357.93190887425936 172.5 103.5 262.5 45.0
39.374138649051446 0.224906352697278 44.17371986339091 342.7436723894266 105.09663338957444 56.875594269955805 172.5 78.0 82.5 60.0
39.303719278973496 0.256879595030708 21.212091049909 178.38804441096107 312.6873264956069 140.11775432433103 172.5 88.5 262.5 60.0
39.30985633506043 0.2873829767054 29.975090611255112 80.68133402556508 85.87847934177258 345.86512058093274 172.5 60.0 82.5 30.0
39.382326048214594 0.244425696950374 31.263824224860752 96.39698916835978 234.6720923484022 119.17823090750954 172.5 45.0 262.5 60.0
39.373272876965885 0.248435210599754 20.330480942997504 305.23838461279223 303.48211401989624 49.63269966122107 172.5 45.0 262.5 75.0
39.453598655652144 0.239876793220169 35.19990500692926 3.693363363662668 316.41942087465964 114.43468151046142 173.25 56.25 262.5 75.0
39.40893724413903 0.217721836079062 31.484421399656767 78.26552828684034 280.28978166053014 111.85735534991578 171.75 59.25 262.5 45.0
39.4103675812969 0.373508766730428 36.05192920985131 18.685155308454384 58.93545087085901 52.344283418430635 172.5 39.0 82.5 60.0
39.366047714388635 0.236999318130919 31.27967214251833 356.25214710689625 324.4589991559334 252.95268032815525 172.5 54.0 262.5 90.0
39.40697049568805 0.362422519946245 40.82827712029652 285.8326971314079 287.8604888703925 305.19063055503614 173.25 50.25 262.5 60.0
39.44405577029894 0.27150244268661 28.334796633510972 255.54886348576227 220.34019854606774 165.99540254895925 174.75 80.25 262.5 75.0
39.374538922226826 0.212404159122616 17.154155744174606 327.67638690710055 101.43099250667584 302.2600455570202 172.5 45.0 82.5 60.0
39.3865916118984 0.360527829220029 47.96495228932249 358.2690511128073 111.09415301487793 21.93555153442854 172.5 30.0 82.5 30.0
39.28966376824162 0.208027673408375 28.75423907592724 258.8441018911295 275.18822302666854 218.09159522016327 171.75 101.25 262.5 45.0
39.39282529938392 0.28172207879736 29.803446967151984 295.2191752909764 300.76500639666386 49.181174878010424 172.5 60.0 262.5 45.0
39.3249075464429 0.381766921210379 41.126588359974846 308.49470458618055 253.64802377682187 336.6768831627658 172.5 60.0 262.5 60.0
39.294715349910405 0.242253311197642 23.772591224876326 149.66851463086707 274.9290259859772 290.27475113962794 172.5 84.0 262.5 45.0
39.41862598755482 0.36657952740267 44.349087426519084 105.70451917276799 91.06532226793145 97.4097114812981 173.25 57.75 82.5 45.0
39.321805275397956 0.287335218027405 21.10847994885951 126.28574568356909 137.3288950280824 59.38898524056871 171.75 84.75 82.5 75.0
39.47559417692456 0.260218788710715 16.383144562892426 130.01300740829603 268.92821031330345 326.9523857402847 172.5 72.0 262.5 60.0
39.379190462031985 0.38411941771989 47.432052624524886 272.1561036933688 73.58851890637594 4.644498661488265 171.75 59.25 90.0 37.5
39.25735843714143 0.233792480078083 28.52996871948784 56.948924952812796 255.984328083361 125.30598557853304 172.5 105.0 262.5 45.0
39.41740054907783 0.388775065786714 56.48822740523379 305.3285853456178 79.73372528471711 197.60365316072242 172.5 46.5 82.5 30.0
39.28499251647628 0.28545008338827 24.383349846003927 178.85241785896872 109.32780573008237 261.1086124548816 174.0 81.0 82.5 45.0
39.5178669396514 0.277359227981535 13.465178370505443 162.15224362658358 125.48543220512151 153.15157116802112 172.5 61.5 82.5 60.0
39.536070678776156 0.238626660651063 31.034157257703612 70.36506601605566 87.59929369592528 339.5448866084578 172.5 105.0 82.5 30.0
39.422908185760356 0.38381108003187 40.166714657338275 102.4289587102247 88.61668592467963 328.42182411075004 172.5 45.0 82.5 60.0
39.37968404357164 0.24266242484195 30.421869245552813 185.41777312842927 82.1762705797069 187.03924335077235 172.5 91.5 82.5 30.0
39.44576676962001 0.230210368540709 33.10472608471401 245.2855095035265 251.36877405394964 255.60822401568436 172.5 45.0 262.5 45.0
39.44030546887084 0.218666258526873 37.97614242782753 122.5352264180694 72.32209858979174 220.84300983845722 171.75 45.75 82.5 45.0
39.36366717206475 0.221447197376366 36.591056478838404 261.2282420705259 255.50873770194806 127.59979250593719 172.5 60.0 262.5 45.0
39.36438140608112 0.329289720026346 24.987467238990156 92.35450944535614 250.0752868792169 3.656963813033609 172.5 60.0 262.5 60.0
39.38943853862178 0.231724090429625 18.819698790084576 98.80974967738227 82.36101348205915 12.115283524134778 170.25 113.25 82.5 45.0
39.42766984157048 0.304875509129291 47.56534836786127 348.23923630126046 107.05227926708051 50.73170895243501 172.5 60.0 82.5 30.0
39.41944886617425 0.24424894702298 25.55795017580722 241.9183951358271 318.7609163610606 179.22915412434534 173.25 86.25 262.5 75.0
39.37149410167689 0.215382449467146 21.90604334148267 195.78792205453587 298.10044992772174 233.7752382196189 172.5 60.0 262.5 45.0
39.405731906327624 0.281402259647927 16.247890919563 303.6390650313945 260.7216220610621 86.53915920984912 172.5 30.0 262.5 60.0
39.414468476669455 0.228793051305631 43.587909473147455 106.61047546815536 66.39121772594612 331.93885487409403 173.25 59.25 82.5 60.0
39.43601203535418 0.286448650638487 32.91979126943732 179.21719902798148 129.24090819579732 7.45075907381552 172.5 57.0 82.5 45.0
39.28600200561456 0.200417167306275 26.744436639229512 50.563839962071114 89.91547310901335 345.93343175773157 172.5 93.0 82.5 60.0
39.47269095114321 0.258100704086298 19.79005956480214 205.68469581262738 94.67076023400108 229.32182930239193 172.5 118.5 75.0 52.5
39.51590604373873 0.258557083924914 25.483616616095876 232.68624189820625 284.71794931333693 132.72244079023284 172.5 87.0 262.5 30.0
39.46833538106232 0.277244014632918 46.35240944456923 235.39878726906096 293.3923895566046 103.83427076893565 172.5 61.5 262.5 45.0
39.276471126380436 0.222488564299874 16.499763543070365 135.82902848029704 95.47900942221885 320.62065854979465 172.5 90.0 82.5 60.0
39.37432081591682 0.280845423601017 36.78888131784947 84.56839582639908 132.22593782540892 205.37030335781895 173.25 66.75 82.5 60.0
39.411040654568225 0.285773540817954 16.288282506624743 326.9507838720329 82.08348725733514 166.7424132080181 172.5 81.0 82.5 75.0
39.49372461976706 0.231902348698906 7.715572574571431 237.56611289776623 261.713652121339 0.586382429895403 172.5 75.0 262.5 45.0
39.3909282522479 0.300845962456346 30.63621424304423 259.54832640501513 214.16179239850084 268.8645885846538 173.25 33.75 262.5 75.0
39.417784439531566 0.254932951883538 36.111658518386584 222.21725996552888 280.96510073966283 151.1366206506287 172.5 105.0 262.5 30.0
39.33313366592219 0.273080079671518 43.560434459884426 47.80291444575515 262.7579503530088 131.4227481477345 172.5 60.0 262.5 30.0
39.337404370754484 0.335490063982034 39.61279643888307 256.54516041092717 110.19245272376517 83.22648621648165 172.5 75.0 82.5 45.0
39.4343167918598 0.334937562296027 37.27804894626515 211.88130265101557 218.37979316025852 64.50822069658766 172.5 57.0 262.5 75.0
39.38274014502124 0.22611652228203 40.45916834183319 240.2662341445722 104.03383125297717 101.19986271323799 172.5 46.5 82.5 60.0
39.37491905057717 0.269835318830572 17.143766365159777 95.05433332551698 102.85569609649808 105.30086199123859 172.5 72.0 82.5 45.0
39.307359205862085 0.339449799999434 48.43140807396915 142.67763358084346 96.08982445643137 61.74465432537805 172.5 75.0 82.5 15.0
39.45045193566521 0.255215957219721 12.646386884615378 290.4669732361807 243.50387159237982 344.0359475570192 172.5 45.0 262.5 60.0
39.61673644783009 0.267176964204383 18.60137702338907 186.18168233753244 90.50944879225695 281.1009842524227 172.5 120.0 82.5 45.0
39.54014904229717 0.294652076242164 29.937200618645694 76.82995171511395 290.9032487071974 195.8329095089308 173.25 107.25 262.5 60.0
39.46000800424258 0.246285888611618 14.288945168351702 354.05071904438717 278.00433296398825 184.23489154731553 172.5 93.0 262.5 60.0
39.51218346249651 0.26024876095793 17.90881789102522 314.90025865867676 77.89874230017377 75.90850406483987 173.25 78.75 82.5 60.0
39.36680199420089 0.366014835268074 54.09488741291649 72.20703964438773 287.1644779184978 336.95646884685686 172.5 51.0 262.5 30.0
39.4471173139827 0.276386724162542 37.98711451716113 213.04944079250404 284.34177797690404 137.52780094931873 171.75 45.75 262.5 30.0
39.4236979762804 0.302769671822874 40.09909459520014 353.4074430762476 86.27797211728422 182.15277175092479 172.5 60.0 82.5 15.0
39.362013103847644 0.234853264619072 21.630381155123338 102.52182080574022 70.7563874750986 210.2182261402689 172.5 81.0 82.5 60.0
39.40358901343049 0.267767780373012 33.85364622840759 125.29242538307918 299.15467375349937 205.77105857766915 172.5 114.0 262.5 60.0
39.302040545854844 0.358395575402647 40.3950199484091 281.35587749382853 85.16849733064728 232.77678643936747 173.25 77.25 82.5 60.0
39.34494497859312 0.262477268244734 40.3015967616412 103.68774188092796 251.516227385349 140.90956590025024 172.5 120.0 262.5 30.0
39.31312401269865 0.312802237651856 28.936205168147993 120.14379398661467 109.72210172305668 62.171056590187696 171.75 80.25 82.5 45.0
39.430791063537306 0.239550890900525 34.722101551072335 110.3364448144791 80.058669524508 130.75861189757111 172.5 120.0 82.5 30.0
39.39308688031173 0.333766270053376 36.09946172990875 180.86652649021732 302.9901542969864 20.096674428456506 172.5 40.5 262.5 45.0
39.33222902088078 0.296649758107385 27.00482694050676 138.92199337879651 289.78594600111035 82.05401051476109 171.75 108.75 262.5 75.0
39.4117553063179 0.243685886695115 26.129927781931773 31.940608388877067 94.76793043460998 268.2170974195175 172.5 60.0 82.5 45.0
39.39836070405138 0.22689114694664 17.773945402138157 246.13254875165123 287.93024601959945 252.35635205192625 172.5 100.5 262.5 45.0
39.40998850310943 0.273211688654786 45.33151342424913 73.01681885750848 83.82187499434701 112.63005908474955 172.5 30.0 82.5 30.0
39.38782135335324 0.26476812168858 15.786860132980962 212.2342220875148 84.54957395501235 267.57187495574266 172.5 30.0 82.5 60.0
39.44424335152403 0.292027002075993 15.343014208226478 335.56559375612636 256.2163183455 71.52805715225188 173.25 48.75 262.5 60.0
39.441816706160125 0.303790738861392 32.702529543419786 69.18138952967878 90.37457154867883 97.13216680895347 172.5 75.0 82.5 30.0
39.29013048799398 0.298808952836489 21.35671661706502 339.5427784552517 290.59516935279805 25.76381304494155 172.5 97.5 262.5 60.0
39.34255627322534 0.23435978781863 37.02273766892766 306.63067493057406 236.84139567412493 108.59993795993098 173.25 59.25 262.5 60.0
39.36627489400899 0.205874676212481 35.698913137524286 130.31151342953112 306.4251298205431 153.10462718031732 172.5 64.5 262.5 75.0
39.52895058854826 0.207226392313961 18.662398610141363 231.04827912552489 264.5075481697286 352.8816459422789 172.5 105.0 262.5 60.0
39.37167703696423 0.233276907929018 38.58223687643504 276.39526059072324 67.08001968886548 110.50959334231395 172.5 49.5 82.5 60.0
39.4096870418945 0.355068265224281 45.952181020528485 254.23353985853294 288.38980817193254 102.08296991601367 172.5 33.0 262.5 30.0
39.44895591200559 0.29365139412677 18.656061575670233 5.985230741286144 107.92517744080808 13.72790136079387 174.75 57.75 82.5 60.0
39.299662126672935 0.206248643600606 23.60224397917902 49.11508820692661 90.06050547460346 117.69242918540407 172.5 85.5 82.5 60.0
39.45438820566456 0.253314642612113 50.236505091938135 123.29469657696055 99.58524793755126 317.83825529211634 172.5 57.0 82.5 45.0
39.47198911816346 0.37071864822678 53.98510457076787 89.44706605587983 283.8240223470915 210.85496255025728 172.5 60.0 262.5 30.0
39.255188275139275 0.236992344293417 15.91405491847343 45.66460504221467 95.72492937399248 249.29265750051962 171.75 95.25 82.5 60.0
39.529212721042924 0.237472117696026 23.422385769120723 66.36755779412601 266.3242608771948 25.3871161783996 172.5 120.0 262.5 45.0
39.54937340577865 0.294961735761179 21.842848105552743 163.9780451370962 79.3070260043165 166.9562334710831 172.5 88.5 82.5 60.0
39.25553221960341 0.219010601118295 25.322542508230832 154.32144525531876 115.98830200438661 144.9497643316689 172.5 105.0 82.5 60.0
39.4329835968417 0.298858112793853 22.69820184179467 83.77846360055565 109.47086840779752 341.91676454432957 172.5 58.5 82.5 45.0
39.420509842118385 0.295686164123392 51.90009545293011 308.97300601578456 286.7560032729206 310.6796975396458 172.5 60.0 262.5 60.0
39.22512365788919 0.252599387550261 26.322823289126855 182.97746828867392 96.28223980949785 267.48121384354135 172.5 105.0 82.5 15.0
39.41304675639147 0.234894318420568 31.67010512571424 70.30859474908014 278.05179999784315 193.92096204491529 172.5 120.0 262.5 45.0
39.32091524436769 0.253288226070969 21.108333817139364 4.588385737173106 281.23515185625126 56.11425819154459 172.5 105.0 262.5 45.0
39.22450244429568 0.268756271320881 26.32850695306268 120.91829050806683 110.53068789025325 73.58029034974899 173.25 107.25 82.5 45.0
39.48886855553504 0.242029640208354 46.18599062134466 84.0918130095914 255.2156268337427 105.81672145505995 173.25 80.25 262.5 60.0
39.366732549445686 0.315010236817004 30.689739773061056 170.10593799049911 95.04731224159431 140.39238197529022 172.5 120.0 82.5 45.0
39.444223874473025 0.279868729447993 49.81792935730891 22.760668392833526 85.68455036973536 149.28773957700452 172.5 45.0 90.0 37.5
39.418698689576296 0.375515526999082 39.65482432350297 11.929152118431542 244.41781703412767 62.830397091931864 173.25 56.25 262.5 60.0
39.40602933331118 0.366150130670614 51.18753481927552 341.244552026886 276.506680090231 51.90164468428487 171.75 18.75 262.5 15.0
39.350194137142985 0.405194637086496 45.9529317294719 216.60457206848295 70.58756165304635 274.55096558540595 173.25 56.25 82.5 60.0
39.400660986837096 0.245795702411797 27.414979017821633 81.2317108527212 266.46728532911055 326.2005952716606 172.5 93.0 262.5 45.0
39.43393221061455 0.274236186915805 25.020893913429056 228.04184261625622 268.608655787683 254.46303950174337 172.5 30.0 262.5 30.0
39.458913081922745 0.343281032121585 42.456594618627726 336.7000658343256 238.5550728627463 85.44329408671743 173.25 65.25 262.5 45.0
39.38203269062516 0.342213532688463 43.03917198071543 148.54034919886644 254.38761893775953 198.0174857692942 173.25 36.75 262.5 30.0
39.41979329649357 0.217611824780278 33.08226989660283 337.66812130934034 279.3472419172608 300.23968191237043 171.75 57.75 262.5 45.0
39.48214374652463 0.265687180534229 24.32856408603992 28.93183631865627 102.56749233652614 5.058418924157708 172.5 73.5 82.5 45.0
39.27701298223685 0.270042553218904 26.60965991624345 246.7336400595515 79.68247709443268 132.65203563520163 171.75 92.25 82.5 45.0
39.3234925255681 0.252447682299809 42.5529957760213 74.61367943662766 266.6514253232463 356.8420492957584 172.5 60.0 262.5 30.0
39.40824480289687 0.308462186385699 46.531831161222144 32.39430809580547 304.8820646084552 250.57881315156737 173.25 66.75 262.5 45.0
39.27639957716036 0.211083708515391 16.786811294488995 319.45773258527714 256.21568284281693 91.37416226576454 172.5 90.0 262.5 60.0
39.347443566354926 0.318027884925964 48.7316350393042 42.994770896887275 278.6872344736372 129.63296333324584 171.0 46.5 262.5 30.0
39.42265076632767 0.353587325226552 39.69543770547934 313.0182774121225 298.80529700681825 38.27438854859086 172.5 60.0 262.5 60.0
39.33960127184096 0.257070582078846 22.32123612361893 219.69967579153283 272.62350488548236 114.2158095216225 171.75 86.25 262.5 45.0
39.279079959524346 0.295063617867348 34.37027165886966 83.95060978420238 81.6374390212238 327.7022586405963 171.75 104.25 82.5 45.0
39.42950536283621 0.307797126208893 25.377341505938016 148.62000657282024 260.5079926137891 198.02543363215108 172.5 61.5 262.5 60.0
39.40428797873243 0.298192518713176 20.869181569189355 61.9191870879333 221.77473313938677 267.9843536852078 172.5 40.5 262.5 75.0
39.338819933135866 0.361210160406196 35.9673152382548 162.9185868767134 92.2319329526854 28.17856687584368 172.5 84.0 82.5 75.0
39.44669648439546 0.238665573720743 49.481507743976 186.33851112486565 280.20697229925054 258.2699321375674 171.75 44.25 262.5 60.0
39.3577800286038 0.41075659106372 55.10551691133318 92.62348070763775 102.5081873347878 208.88221892298142 172.5 39.0 82.5 30.0
39.32136249243583 0.299816012487535 50.28524286590155 171.6540250471949 276.76026451263357 150.8363375514805 172.5 67.5 262.5 30.0
39.45534849930077 0.307912132163052 30.20797855138082 183.09799326847963 276.2631084620176 143.7689930272574 172.5 60.0 262.5 45.0
39.346527844196025 0.242296633001673 22.69188518819173 12.411130728801085 304.86184725634587 222.9063240730065 172.5 85.5 262.5 60.0
39.42642195363584 0.311582369455552 39.110199906471976 61.251792782061266 50.50536268446076 267.56769925179 172.5 30.0 82.5 60.0
39.352710080887825 0.249475884822739 25.985250112156333 346.62053778973024 319.8890475585739 118.42487672271322 172.5 70.5 262.5 75.0
39.380382808154145 0.360314456530593 33.04844393678953 179.082914198155 129.47322307730894 21.141070153424522 171.75 51.75 82.5 75.0
39.396377560410556 0.288786415988143 26.293467384281094 57.170302712466935 306.832607347596 323.7941188056384 172.5 49.5 262.5 60.0
39.29449844569122 0.326240117314697 49.25675347081084 29.228650933510863 276.9107322838605 3.595252998760024 172.5 90.0 262.5 15.0
39.370639682105065 0.276733705818884 39.61699822628389 313.54050998132874 279.342591469292 73.75908039207133 172.5 45.0 262.5 30.0
39.4934724627044 0.276864927494802 37.54289484420956 181.64523309671793 103.00209203403448 254.86144378910382 172.5 109.5 82.5 45.0
39.46098124525099 0.250327034266005 31.535361498762825 354.6405544467301 289.8716907337477 242.23962398144076 173.25 99.75 262.5 60.0
39.401329323005896 0.393053610912744 45.60523676815417 113.02639372899527 290.1776870625273 316.5332093072695 172.5 40.5 262.5 45.0
39.42444019076124 0.355243528606015 52.950309341586674 98.69274955115073 82.23091257533052 85.90397126792476 172.5 60.0 82.5 15.0
39.34899060202584 0.362343239405376 55.630794818887196 87.98275048753172 271.8993307769807 338.19294105932187 173.25 51.75 262.5 15.0
39.37466022071753 0.277711268493606 30.63408665731572 127.02862354323153 90.78752456360753 293.97468117085816 172.5 90.0 82.5 30.0
39.3757174662705 0.212025051458739 20.336864150550642 166.1472591196349 103.89743067484648 266.32027306525634 171.75 68.25 82.5 60.0
39.455391755739456 0.2748041977611 29.43928385392748 343.4279222231219 143.8587708736807 120.48757872121604 172.5 75.0 82.5 75.0
39.35783284973277 0.274918937417853 37.268363360467895 148.58472825184418 102.67389606837375 256.6504706004945 172.5 120.0 75.0 37.5
39.3823087366822 0.298381729670751 29.668213889862134 64.45435298629239 87.32017482180737 4.705459870604185 172.5 30.0 82.5 30.0
39.39534450550213 0.359056621389545 55.0999323226581 259.5241648703926 268.1564726017711 100.76386070198957 173.25 39.75 262.5 30.0
39.42100930828407 0.364160735997252 36.36531363968269 130.96480270675568 271.35297103988825 63.451720531117765 172.5 45.0 262.5 45.0
39.426425474841665 0.212306249499045 42.14050617245829 175.44335018036145 270.7178399439047 51.92656273809398 173.25 63.75 262.5 60.0
39.573309694238084 0.243769401974086 33.33640257490017 156.8750872166205 98.42360418071611 298.7254568306681 171.75 110.25 82.5 30.0
39.43046738361468 0.21237342785917 36.18068938931846 287.11967354943465 252.35971004830282 115.51524266159615 171.75 71.25 262.5 60.0
39.35846589603829 0.27689586340188 25.608168072978945 342.4708366117557 76.62183736194258 204.60910049843682 173.25 81.75 82.5 30.0
39.510131109629086 0.282891893179102 9.786260139250636 346.1111969915908 283.2097048405062 147.88394758591977 173.25 72.75 262.5 75.0
39.39472225879634 0.399984897263639 55.654552948778424 132.0928705153059 117.98777175715601 46.71884444708293 172.5 40.5 82.5 45.0
39.392609594485805 0.258453127987779 13.973383229524977 228.1932971143385 272.08623719866677 222.3618892532212 174.75 84.75 262.5 60.0
39.449681888169216 0.392321613208592 50.022014317955886 352.54799981176853 254.64798643228403 308.3092744552426 171.75 66.75 262.5 45.0
39.41069517095575 0.317255551019925 36.17333919644 313.71073092190284 78.65728649761519 194.34083762779673 172.5 30.0 82.5 30.0
39.5657747178766 0.257115592501525 34.10559194952282 236.6723221473867 251.1900572646322 131.46130523792493 174.0 109.5 262.5 45.0
39.560792103021996 0.281076483151952 15.124293045802723 58.61614682116162 252.44811561092763 137.11997484916742 172.5 90.0 255.0 52.5
39.45834892065307 0.254288692423642 39.08309451446585 239.8370302790155 83.50792101130085 110.12928014030551 172.5 75.0 82.5 30.0
39.451971841067355 0.198980682639494 31.535415841689577 11.718190949514943 257.9032203208446 292.1218592367666 171.0 73.5 262.5 60.0
39.457916169711204 0.230334302527344 21.91206760398307 141.40955767036485 285.79036455428377 53.40774240748418 172.5 45.0 262.5 60.0
39.43413092323312 0.293176763856643 29.028193275719676 335.0435544262436 121.62051296142148 281.1012760617807 172.5 45.0 82.5 60.0
39.3414066813051 0.304694375975576 46.29443019239391 320.28761301413533 296.129390324164 155.1710589435492 172.5 66.0 262.5 45.0
39.33520000902187 0.349823784990768 38.05043159331499 250.58434005085462 108.70198213710445 204.97857832554845 173.25 75.75 82.5 45.0
39.47505270549539 0.377033829951855 45.97737287526911 333.1383565009088 301.23225220684816 60.72125697144489 171.75 77.25 262.5 75.0
39.29616803712558 0.246508966235517 25.02235018590641 133.18695329184231 93.96343133259747 323.91771141474135 173.25 68.25 82.5 45.0
39.38865516462637 0.295108998410192 32.286864255842296 282.5183680595685 70.91217199432316 124.25002294006684 172.5 75.0 82.5 30.0
39.3495983210839 0.279306020663425 27.86629339109246 198.927869364009 157.11733018696938 216.65053580862403 172.5 55.5 82.5 75.0
39.37161625255228 0.339597457893735 35.66401373263536 135.2330978706452 294.0960752964564 157.08432794843938 173.25 86.25 262.5 60.0
39.493459907747365 0.297024296620628 26.14646916160496 77.30413876651453 118.99359491155353 217.65192507156138 171.0 90.0 82.5 60.0
39.2887619865287 0.300319223567028 21.032643436615402 144.47967400981764 79.523329161836 63.824836509421615 172.5 90.0 82.5 75.0
39.37297861830312 0.296627591174674 27.065078512139266 331.2050266760668 93.48358950267404 314.53888635925597 172.5 84.0 82.5 45.0
39.37270383162075 0.260489304742961 33.30617249414045 7.297718614952081 251.41132610323817 150.68224467080861 172.5 75.0 262.5 30.0
39.266651144209206 0.23913926496607 29.81779903708951 86.63069831682844 57.77890480112936 248.7292155337972 170.25 98.25 82.5 60.0
39.41721489804054 0.238675581599477 46.628966066791314 187.65787911530867 258.619066832535 166.1616140337104 172.5 48.0 262.5 60.0
39.37403428293315 0.255534341186782 31.206725427340913 285.2859115497248 226.87286678465736 120.98936767674344 172.5 33.0 262.5 60.0
39.41951268401413 0.374562191415534 37.562752824047955 151.8890675295149 135.60995446888347 35.52995334914461 173.25 54.75 82.5 75.0
39.422633806018716 0.297997324064843 37.83571005665514 81.28392527404348 271.72372011089374 322.80855834405423 172.5 75.0 262.5 15.0
39.32535040583149 0.362215378409888 47.068076623686565 18.726490146098065 94.3649790733661 160.31074252217962 172.5 75.0 82.5 30.0
39.31922498457223 0.233139744723359 20.509482485579078 193.77949599425367 250.50826271589042 158.68147357376583 172.5 61.5 262.5 60.0
39.3617069243291 0.259084131725344 40.49287670653771 192.4789663003324 308.5421097873728 109.4490439000255 172.5 60.0 262.5 60.0
39.368290434697464 0.202105692742741 22.462740467454786 307.5195554546765 117.01435314200536 81.46470043465472 171.75 92.25 82.5 75.0
39.31652163759913 0.246705691826423 15.946671969639906 290.3232881025663 309.17805894143214 157.00008481456496 172.5 90.0 262.5 75.0
39.40455962639898 0.295241007682365 24.640995000353676 89.55295218149641 257.69367972001805 342.6479214517752 172.5 30.0 262.5 45.0
39.426798870579674 0.413282884717099 52.241372367865836 205.71777686357495 299.730127499136 238.66364501610872 172.5 64.5 262.5 45.0
39.37766394533065 0.212797929046679 22.13395439736521 343.56258274937767 57.103382314965536 287.10157379791156 172.5 90.0 82.5 75.0
39.369293018406445 0.298199621446824 39.89350934217352 29.49693063380844 125.39861464196517 3.291033948213157 173.25 35.25 82.5 45.0
39.399467459871154 0.270780233569692 29.894232850232815 83.37598755929294 290.95812541712115 102.2320603913043 171.75 59.25 262.5 45.0
39.3570097879097 0.257445618216617 19.61340138684643 123.88402328468234 323.31169104989226 146.8711720099605 172.5 84.0 262.5 75.0
39.41515922239354 0.206401554686665 29.59018414868193 103.90208470231894 288.5716902604773 305.06350582763645 172.5 60.0 262.5 60.0
39.31462522514963 0.318064906950439 22.565981665619013 204.8852867406245 80.35265580963252 257.5955469979799 172.5 103.5 82.5 75.0
39.424514326442655 0.410171610339287 47.817671452523214 347.68983124206653 260.2772183291243 294.6922953321459 172.5 27.0 262.5 45.0
39.3937673800056 0.251626789939517 34.30791345082553 132.89588396615943 317.2186492951804 315.8420539271539 172.5 123.0 262.5 60.0
39.352842329024 0.242480072436659 26.16604399300514 37.88753414529204 317.43547274396997 326.26572037576864 171.75 68.25 262.5 75.0
39.42587027878615 0.277680381070497 18.487347029438624 163.81164527732966 74.63253592252198 320.77545491780694 171.75 87.75 82.5 60.0
39.36391602704198 0.245037521408895 17.915782966889218 100.98307890562575 275.3598185809659 123.6431383804911 172.5 120.0 262.5 30.0
39.55473408140629 0.218020882998067 32.13231764437776 227.1395191589134 285.73553547111374 136.73509529630834 173.25 111.75 262.5 60.0
39.58245754957852 0.260656851918404 27.36197823105979 83.95635501932401 249.05475056472432 246.34744899322607 172.5 120.0 255.0 37.5
39.48124359831895 0.27793996312507 33.854992576736606 22.463305061017376 266.5974435102287 154.32594636692411 172.5 60.0 262.5 15.0
39.53726757096738 0.273211776606904 31.754374084640833 209.73702471107563 135.72515378708178 222.41291792061799 172.5 120.0 82.5 60.0
39.37658353197879 0.236154751537413 9.85238696187569 53.17610496304421 69.98143725083956 159.0913091189753 172.5 75.0 82.5 45.0
39.39787979273408 0.322184115923371 22.374687140726007 252.80735647271626 103.81093187047829 116.50681362431548 172.5 63.0 82.5 60.0
39.36845373873391 0.279375765818983 43.8681446170272 125.30422800385597 73.91758918043843 87.87420870496743 172.5 30.0 82.5 30.0
39.3171467947638 0.285928996748076 20.042956177374045 230.38874485428425 246.56976700199584 127.30366543072637 171.75 104.25 262.5 60.0
39.38251861130702 0.237887538153317 41.17174715091813 61.27341015539987 60.547558808768684 247.97234378534367 173.25 60.75 82.5 45.0
39.31560039624838 0.375798351818864 52.396377616087065 228.05098278983587 96.30352324389214 122.03620672479359 172.5 60.0 82.5 15.0
39.3813557613089 0.358159883797921 47.91036256484638 341.2951021934318 273.0606786267193 158.38005426305511 171.75 59.25 262.5 15.0
39.47903849445641 0.258358328801616 35.335970826545235 251.36434179817076 37.43571673966445 146.04073011283813 171.75 60.75 82.5 75.0
39.285882491469444 0.258057263813951 35.250417829160924 223.9959821407376 96.11563696775642 103.3535817207364 172.5 105.0 82.5 30.0
39.47963200370557 0.260159442912848 31.472271197813715 196.77020629907238 119.28028285520676 278.8435528327827 171.75 116.25 82.5 45.0
39.41623529686283 0.229775355067146 26.940327426972853 180.07243129918783 272.9947583347508 161.11509120177897 172.5 30.0 262.5 30.0
39.54362251273673 0.229964381463492 24.6160977433366 14.431341452293243 235.0861103527796 59.98565611527786 172.5 97.5 262.5 60.0
39.33427182841711 0.236293651737206 24.10574632368719 97.79733277235945 110.00262633673078 173.35323864497323 172.5 105.0 82.5 45.0
39.387818570477116 0.378766836891755 30.282344070507204 229.8754769234116 260.3549453536652 250.47575286639088 172.5 49.5 262.5 75.0
39.387253347329924 0.286639352350328 47.924594766913366 136.10696261968718 263.7538612030486 85.5018173828238 171.75 57.75 262.5 30.0
39.390342672111494 0.257575557302199 24.567566432495383 328.7023002027157 55.318996690189465 201.1246805036012 172.5 30.0 82.5 45.0
39.40844028087594 0.239086672961458 20.657452615085855 201.22633772867965 303.6054706169153 29.23143362778194 172.5 90.0 262.5 45.0
39.461221482717754 0.348269735395811 29.58607659654975 111.29107571900609 123.57925025463652 180.82708681101602 172.5 34.5 82.5 75.0
39.434074417141005 0.296675924824934 32.21493330745537 165.60781441960714 246.95398750223237 329.4217387032614 174.0 93.0 262.5 60.0
39.36745859518737 0.239989762111834 24.76075356438627 218.54865689309673 303.97993809494506 229.5639561849687 173.25 33.75 262.5 45.0
39.25215599822416 0.309316564347037 23.356697454752354 349.6938706352817 277.3376238007479 40.020001020900764 171.75 107.25 262.5 75.0
39.41339319626177 0.357639868193476 46.823059148870264 321.3608985700042 53.80221133180844 321.95647249956164 172.5 46.5 82.5 45.0
39.3079837666517 0.225128350351056 13.116448835311145 11.967095309238458 71.44850998279317 37.56542841984419 172.5 70.5 82.5 45.0
39.34855369536669 0.192007330119934 27.328164103246728 271.4219061037591 105.6025009354372 325.0708268573442 173.25 48.75 82.5 60.0
39.28485575754001 0.277196818902203 26.139520183552357 137.47945743270307 247.50435304107168 103.84244899262352 173.25 93.75 255.0 52.5
39.46813715842039 0.227238456028317 21.734588950409012 175.02529253476055 244.71000483197133 44.59068428908147 172.5 90.0 262.5 60.0
39.342318210817965 0.260004428258771 33.75020604685844 297.4701801628655 243.95615021645398 340.2602347141967 172.5 51.0 262.5 45.0
39.41635869237966 0.289407299378846 21.24313213644444 171.81442811662222 299.0263798458669 150.59265198001606 173.25 30.75 262.5 60.0
39.3559273273171 0.290182906472877 41.17958160490093 90.06343956186554 101.36291453763717 311.9481076022274 172.5 75.0 82.5 30.0
39.496567144766786 0.28195899995006 34.74757404233608 81.59592067447325 65.23744576776542 124.11497189520973 173.25 111.75 90.0 52.5
39.432379430562754 0.371205981222162 51.970830763875405 133.32690199740523 304.15945057394646 267.85783151588276 171.75 65.25 262.5 60.0
39.413706510630426 0.230652997190919 23.61115199967944 12.240050743502575 93.59088356305845 53.038079373558666 171.75 81.75 82.5 60.0
39.408786173690565 0.384449677438621 40.50225245613104 300.42520304551715 272.19187989521686 196.6086437556198 173.25 47.25 262.5 60.0
39.53660465491284 0.323644150815867 29.983020105167224 327.1563065968108 304.279910074319 44.38008955572283 172.5 79.5 262.5 75.0
39.454866780515864 0.273287154369688 29.52188951941174 239.08697740907633 133.30944966712715 215.18990466051548 172.5 60.0 82.5 60.0
39.30971991102319 0.267109978478387 39.927108913499815 11.831804072175824 257.1018976411314 274.01894600090196 172.5 75.0 262.5 30.0
39.43930329753605 0.234816546007337 22.776658570651993 187.0495866399396 234.60893239622277 282.73174918407807 173.25 99.75 262.5 75.0
39.37177239846006 0.245185492071846 20.207293587761736 329.5921946328236 302.33192402275154 306.16198917425453 172.5 105.0 262.5 60.0
39.43240132337618 0.313465271921287 22.57583405187887 232.486641499224 143.2254385954922 319.4272480086674 173.25 65.25 82.5 75.0
39.335774082248605 0.267087280791562 26.052270479679024 306.5057584492847 35.39369128160515 225.252848271631 171.0 67.5 82.5 75.0
39.38586590042601 0.329354231777525 51.22911155991712 118.73088470430183 263.8237599981676 207.8649211834911 171.75 21.75 262.5 15.0
39.329792743812305 0.305458501930276 46.48415441802401 146.47254818901087 305.79222584031953 180.98867377895195 173.25 95.25 262.5 60.0
39.31948433377446 0.289897008492722 44.05240604553783 38.79945424688438 112.53662495178132 1.124730046584993 172.5 75.0 82.5 60.0
39.32985388585162 0.214367402946337 24.673849960754623 51.617165706907514 281.77453890717936 211.52331532388476 172.5 91.5 262.5 60.0
39.50408984197523 0.296448832860132 36.463289200276805 110.09675324320544 267.5751864652916 190.30107488458268 171.75 102.75 262.5 30.0
39.43943372903483 0.384400979100787 41.315217760419756 12.383314307297619 302.6945166396348 148.26516494929348 172.5 69.0 262.5 60.0
39.53562032346199 0.247387814167403 19.851027449564498 307.1852507176702 272.53023640172626 185.14325092549134 173.25 84.75 262.5 45.0
39.45416316454329 0.303117072220361 31.347316804562915 104.16396209292695 261.9057162105128 113.34808014109187 171.0 90.0 262.5 30.0
39.30453222266888 0.237021901533308 29.52333148571853 116.31133165239595 89.34708673295113 46.58606919963973 172.5 130.5 82.5 15.0
39.39338432712932 0.345018237416292 35.75323323376352 123.47443983770559 222.51856307454517 229.72548673910464 171.0 46.5 262.5 75.0
39.54978506108741 0.224375668279926 21.692222883961975 49.35716051186661 286.8641089437559 240.4451367791367 171.75 104.25 262.5 60.0
39.367600446111695 0.255542517169831 44.43671502630135 303.4648093371553 63.42305355348254 341.1010539092402 171.75 44.25 82.5 45.0
39.30847948624522 0.280267406537554 31.443885810975843 150.41106710328816 260.7263964156846 218.7026796357336 172.5 120.0 262.5 45.0
39.35822345665335 0.28971418144258 48.65140995157427 281.24397111513036 248.07912219798868 226.99642517070572 172.5 43.5 262.5 45.0
39.4157171193833 0.346201273111937 25.754095984554215 342.61236107093464 256.37919420179776 298.3228238526683 172.5 49.5 262.5 60.0
39.437373362023564 0.432671911087088 56.721749488623615 185.00532436339387 95.92359401952613 267.7011078761894 171.75 48.75 82.5 30.0
39.44423539112285 0.232193016063538 15.102302151699448 311.82783950283823 56.688856308991944 108.84884347981702 171.75 60.75 82.5 60.0
39.46172940459977 0.29434086627567 49.22784729510896 55.75184081309778 291.7176785649856 240.51650594605866 172.5 75.0 262.5 45.0
39.42113716521571 0.2909177994695 20.113343158388965 7.909965601764616 272.87836255701643 268.57134031471327 172.5 30.0 262.5 60.0
39.46401351930168 0.29169167687753 45.23097965595387 81.0322332425526 130.97640384623588 205.63867637004353 171.75 74.25 82.5 60.0
39.45603506053161 0.229514704045982 32.84634541774029 4.47438597249393 299.53156677594853 268.1793675784564 172.5 75.0 262.5 60.0
39.3953282087238 0.331319793792977 37.79262980861443 257.5172416051946 280.8943610760815 232.21216524670183 172.5 45.0 262.5 45.0
39.48481879600286 0.244280728078681 22.199574004264026 22.133726605319787 265.44534843643675 50.72779279856402 172.5 90.0 262.5 60.0
39.40962275430942 0.269743841445567 26.190447676737055 220.8959047476231 270.3696465924243 248.14254881947454 172.5 30.0 262.5 30.0
39.34100887004616 0.277077080680805 23.79731463114774 250.84230279784072 112.02181407237146 8.546734980279778 172.5 115.5 82.5 45.0
39.58659940700455 0.28735765065743 23.261286872733056 56.499038034670356 233.01008629132843 149.43768236924177 173.25 96.75 262.5 60.0
39.462457276763054 0.340042065037506 22.509534711411924 145.0230205373458 270.1315043147758 59.49868379048944 171.75 47.25 262.5 75.0
39.336751533988085 0.327843167062981 47.58623275634698 154.2780338185266 254.1032768200436 82.10185327801263 173.25 75.75 262.5 30.0
39.38208244984492 0.279927383148848 26.317007236261922 353.8757290076767 131.77914193624449 150.0407622935847 173.25 80.25 82.5 75.0
39.37515119335781 0.228061621550869 20.524232643899097 307.20076435867867 239.89830440299056 227.2035894331982 172.5 45.0 262.5 45.0
39.18936320393169 0.242917207782666 23.082467229336018 43.8615366814033 77.56573622426004 16.658625851271992 172.5 120.0 82.5 30.0
39.417067545859226 0.225502037188628 29.37142046083858 92.59975383193384 66.62445866744223 345.6544175085428 172.5 48.0 82.5 60.0
39.503677651663416 0.341910519814146 49.32172020063206 68.91626177570862 275.8230175805862 233.7900265934664 172.5 90.0 262.5 30.0
39.19190123823806 0.246263826091742 41.158207466275535 149.19857226748232 101.02833882307172 51.5639625409028 172.5 135.0 82.5 30.0
39.392485932008825 0.370106245178492 40.440047713849005 265.37678669976356 89.25699404265029 86.78497329255916 173.25 72.75 82.5 45.0
39.305462213619954 0.25810581358683 43.03676406069163 157.8051087723839 215.81016305557685 107.29155623414896 172.5 90.0 262.5 75.0
39.427433893344165 0.236039241010968 32.93082242193199 120.77258693525718 273.22585842350225 329.6803639524029 172.5 60.0 262.5 30.0
39.44480239257577 0.35545494974207 35.6878957279372 200.85099724258717 249.35312958994066 163.3155608549 173.25 57.75 262.5 60.0
39.45617332390885 0.337311600243118 54.879932434492105 99.96436297484067 68.8565761451526 223.665755844717 171.75 45.75 82.5 30.0
39.36658897053303 0.33715066396911 51.30195569709867 318.7786001677999 287.4496324134775 280.05826182184865 172.5 60.0 262.5 30.0
39.42482916108545 0.223344602209568 19.94065591353386 212.20163596678643 294.49361111330273 238.2359250964863 172.5 30.0 262.5 45.0
39.43998741347681 0.218336873334115 13.771636246844189 254.23103456366334 249.4257756984562 97.67529808295201 173.25 101.25 262.5 45.0
39.48949025562556 0.301152362808997 37.01470927646033 280.75565440474014 222.5141856197041 240.4482015589852 172.5 79.5 262.5 60.0
39.42373758606492 0.301869431550292 33.82878956362985 331.4995465710434 308.7437777529039 38.00728956043087 171.75 68.25 262.5 75.0
39.28050855965923 0.203697319696538 23.956315541677068 39.68576343710566 77.26237465983692 140.85191587759104 172.5 81.0 82.5 60.0
39.364404541062974 0.331114098605003 28.01682209697564 285.26215857057934 121.78706152258003 68.3829412675666 172.5 58.5 82.5 60.0
39.36124916509014 0.229020515895994 21.07503903998983 316.3431170268877 75.5733507273084 79.3466156252427 172.5 45.0 82.5 45.0
39.322202600197286 0.244229558966814 19.27393532507475 91.0591715487574 271.59820962584234 115.26384979094831 173.25 87.75 262.5 60.0
39.538919664675234 0.255963683643457 21.27935274212493 163.91352471507398 261.1600733912802 292.8878318285791 172.5 82.5 262.5 60.0
39.484579330743436 0.251833985144057 23.255526993543892 326.5982665336256 47.49363097838685 339.6040771748369 173.25 101.25 90.0 82.5
39.50642509841363 0.243591763912605 29.830543388941667 244.45700190803547 71.41450990886364 1.14006342793259 172.5 99.0 82.5 45.0
39.33029165137025 0.361141378285378 50.374258791850366 115.06409170716411 78.06827650098388 216.51915107736727 172.5 60.0 82.5 30.0
39.48883152755216 0.274485290756899 33.75197152510687 355.5014410651264 293.4796888118533 57.00727155418837 173.25 117.75 262.5 60.0
39.264204144463015 0.277880558144467 27.60024591898081 354.9545478108618 29.006191745875565 335.3894128739579 171.75 101.25 82.5 75.0
39.31757384192538 0.29121658079698 48.8913966923559 9.512523663141298 294.1257605917928 264.61720917696215 173.25 77.25 262.5 60.0
39.50864421822238 0.260250026161047 36.36774784863157 36.357576648979396 274.7606662249726 125.42896234092643 171.75 113.25 262.5 30.0
39.525273015016666 0.283110813576398 33.19838682769974 41.541904142726516 75.73488784638054 169.49125003103933 172.5 120.0 82.5 45.0
39.35174957791406 0.304433054172643 41.30866835960507 22.23527338057397 242.70399901337873 32.98646718406242 172.5 60.0 262.5 30.0
39.3181169415177 0.285505448857407 21.165035488659814 4.590900738924322 236.65436974680432 193.5219145575932 172.5 90.0 262.5 45.0
39.33781542667202 0.259867109354802 17.083846961181596 244.7145116930339 297.3108914873204 93.08705495468827 173.25 45.75 262.5 60.0
39.31059429460518 0.329230536944975 34.04528171647861 107.19595939057263 91.45627438450444 94.61071271997784 172.5 97.5 82.5 45.0
39.344603399294286 0.293521711757819 34.62057570566018 122.86788233360933 329.90949753818325 142.63689962495425 171.75 75.75 262.5 75.0
39.3073484835363 0.244389575641827 29.94861255474382 234.5250633949607 98.12217901380066 347.8142069916149 174.0 96.0 82.5 45.0
39.3705966590454 0.334784955553809 50.281804233886106 236.98675082293232 94.04808655734591 20.58852497637414 171.0 76.5 82.5 15.0
39.273075059882956 0.231165452031242 10.92456131089713 116.40505552599178 96.98017525387137 70.11095415674014 172.5 90.0 82.5 45.0
39.36915835303475 0.259347359470956 38.723750761348974 17.100240252663564 44.68996527956758 308.10258014540875 173.25 50.25 82.5 60.0
39.456097940248824 0.324588715808992 34.46997617726142 198.98843069913983 136.11671962217673 233.85904937305432 173.25 65.25 82.5 60.0
39.258388600516945 0.289075281744544 27.757543017535877 165.06064230831734 264.53713984072067 44.85906306519167 173.25 96.75 262.5 45.0
39.48107303373379 0.348894169150013 57.53384354739223 111.98017871336324 262.21647491348256 221.39797988169698 172.5 75.0 262.5 30.0
39.36311238453708 0.241568966500722 30.763208621530715 318.4009517859263 287.2078251435406 315.5850459632996 171.75 101.25 262.5 45.0
39.24901790397545 0.20958619445248 20.885246695992567 56.201333174528095 262.72082519995183 250.61024229416694 173.25 92.25 255.0 67.5
39.392592651940525 0.275431864364709 21.417814625500657 301.67048964477743 230.4203882135515 217.71107485462255 172.5 45.0 262.5 60.0
39.27653803225862 0.232920834432261 18.223381706563245 183.3122786623144 318.82142843518335 226.43707862822575 172.5 105.0 262.5 60.0
39.44622337387796 0.284675847897759 21.950577545480368 159.87259330096046 83.54605816608715 37.36906202570923 172.5 87.0 82.5 60.0
39.293150553191566 0.208520961831102 27.70543661170079 36.59875995378603 83.79211444973701 16.520150432551993 171.75 95.25 82.5 45.0
39.47681985861137 0.273123249210232 17.124550905576736 50.89177492268694 227.57778091564256 130.69436948901742 172.5 105.0 262.5 60.0
39.32969364937636 0.25359265567351 34.484260894189994 290.06395507926953 237.04074676692667 356.43420928727136 172.5 63.0 262.5 45.0
39.34058408654614 0.256544884154304 28.173471374206404 149.30857700446907 101.49822785049932 294.2152624949707 172.5 45.0 82.5 30.0
39.355076693594825 0.293292867769641 15.716150878266221 117.43223160817334 258.80697948233313 218.48349183287954 172.5 45.0 262.5 60.0
39.31462474249987 0.221255159214648 14.415687894498623 254.38469199178957 66.59453469517022 13.799631856936482 173.25 71.25 82.5 60.0
39.51651437789994 0.248427940639425 15.052441469124215 234.921179689099 305.07517020125437 349.5324429694787 173.25 89.25 262.5 60.0
39.318052279332925 0.31939447134286 34.68276061547218 238.87733867085458 294.94305435873434 90.68535833805086 171.75 90.75 262.5 60.0
39.51343576838701 0.256877387531303 20.42896949970609 201.41210531454385 272.410649486584 129.29836245052803 172.5 90.0 262.5 60.0
39.40672543813732 0.253011052144655 22.672937380271378 162.56543523647596 73.60961112511468 299.3875275309043 172.5 30.0 82.5 60.0
39.463706517173065 0.240279973745063 33.476481672923605 225.89391209757082 33.112342742307014 19.55718505027811 173.25 122.25 90.0 67.5
39.356875483134125 0.225700482289405 27.54854482619668 130.09721281556827 266.5483689105022 281.90982983340336 171.75 120.75 262.5 45.0
39.429241067123996 0.223491790039819 25.537679485701698 99.45510109338966 298.83299322418424 296.79801480870896 172.5 90.0 262.5 60.0
39.39995441786915 0.235559548955594 31.838127768851795 172.8180814393205 219.1005665111263 95.24892507252517 172.5 64.5 262.5 75.0
39.46855779860741 0.331527044075717 33.12682011881792 293.08099337219954 105.00776646145964 69.27883844268264 172.5 60.0 82.5 45.0
39.44972106836489 0.367275147019 38.443598709433566 70.2714511566572 232.3729371245018 33.65002348951329 172.5 64.5 262.5 60.0
39.4726687184615 0.290975707376 43.51229437005578 36.935455229201445 112.60334410218643 241.4832976786074 172.5 60.0 82.5 45.0
39.502251972746926 0.252136895946365 35.97627902898144 213.6529727757244 270.44338366429645 226.00436479525385 172.5 120.0 262.5 15.0
39.44867046299784 0.357662353759409 48.14857664612785 317.9244790250985 92.43330198549127 195.84284752024203 172.5 60.0 82.5 15.0
39.47189374795101 0.309491733690846 24.24630220521402 19.669602883166558 272.92557450627544 169.31803818090563 172.5 105.0 262.5 60.0
39.358781661395724 0.274333415424753 39.047436629690885 142.34101181507336 237.4396238370103 338.20667750182037 172.5 46.5 262.5 45.0
39.56368787867085 0.282144590927768 26.658224420952838 352.21264986355044 255.62024618240775 173.7300224809243 171.0 97.5 262.5 30.0
39.44318699678286 0.312208449218134 23.251653669538122 232.02394863164454 282.1598319749661 236.06101117314032 172.5 43.5 262.5 60.0
39.3263215396851 0.286142951410549 52.24674051867186 8.905405694133524 246.7692667793532 295.49016397452783 172.5 55.5 262.5 45.0
39.32966088155459 0.24317172525848 30.823264029397322 103.52102522224853 79.89034604122544 252.5680656650867 172.5 120.0 82.5 30.0
39.36735758678883 0.369229797008332 45.59524465400188 226.01119819901183 116.4866670239572 101.78930300943958 171.75 62.25 82.5 45.0
39.354090872410815 0.446157396847912 56.44031212069891 155.83584641259702 276.28488132496534 173.6951005470933 173.25 50.25 262.5 45.0
39.35287976861919 0.252172174377977 24.050585941965018 188.43520537217157 299.76297798782525 358.66222647752153 171.0 79.5 262.5 45.0
39.3914327744846 0.211946400698938 42.248657149566554 34.99985037498957 267.49304591289473 9.083650471870412 172.5 51.0 262.5 60.0
39.485646453691864 0.278630756025838 21.422614800825876 138.34184985330688 282.27212637057426 177.64950054807272 171.75 87.75 262.5 45.0
39.343128027647644 0.321329832796115 40.059933347092176 247.12206866060512 36.791702796122074 274.15292137396466 171.75 57.75 82.5 75.0
39.42074177758915 0.314308423387525 54.36435568020088 97.1137769746693 92.88189664497257 199.58022738572194 174.0 48.0 82.5 30.0
39.2901023314968 0.21902141425575 19.98862317703406 328.74812527214186 268.6169510821106 39.85203936259879 172.5 105.0 262.5 45.0
39.447369712316366 0.330676337607625 37.526937133274046 184.56021368542363 291.91856265463133 271.14418745545544 172.5 45.0 262.5 45.0
39.372289972758104 0.366863206923331 26.970577309079715 283.8987756020907 80.7679522479387 329.42805337850893 172.5 64.5 82.5 75.0
39.51438815956496 0.254159013211424 17.60298039125889 180.0154189238086 299.89680096610834 237.35586020955253 172.5 105.0 262.5 45.0
39.51373938861293 0.278865420737396 26.061530099449232 320.6215156113102 106.94056842955095 309.2121393566183 171.75 71.25 82.5 45.0
39.3396678272386 0.356051161816518 32.623832459100974 196.36451936195232 98.25194331052029 138.83079734120147 172.5 69.0 82.5 75.0
39.4563337657821 0.197048947157303 21.940577886804633 16.398068198108398 78.25511149088506 30.75793730005 171.75 45.75 82.5 60.0
39.55456100057218 0.265271181037387 34.50890362665179 255.12336324828976 83.04590447455502 261.0261105697656 172.5 120.0 82.5 30.0
39.40991546737559 0.257621834469947 22.308057489163303 75.32207227493541 260.11919280884604 91.47972018740832 172.5 90.0 262.5 45.0
39.41726685995891 0.212194135878767 17.23533137401238 235.70799879456163 91.59691452257584 133.549595123834 172.5 45.0 82.5 60.0
39.51328644207915 0.23076272026343 28.139355797795506 139.3135978138359 296.79410352800386 142.7596743938074 171.75 107.25 262.5 45.0
39.491692578206184 0.318057836034473 35.65165461737067 138.9013817189154 284.7028691770291 61.962796429631716 171.75 84.75 255.0 52.5
39.43751760002316 0.26351342517919 35.24015097841068 124.89757483273986 51.28930582260742 106.61347036016575 172.5 49.5 82.5 60.0
39.25528645166704 0.263552115093931 26.718777240809835 296.43451246363986 99.87372919162392 55.29892452756547 172.5 120.0 82.5 45.0
39.37296427950859 0.294242736352699 29.73290906938379 140.28772642184967 150.8784348711486 266.55461972401616 172.5 31.5 82.5 75.0
39.336308592620234 0.302098225041671 35.65433731268787 88.8975999269213 295.9085125482617 71.90708731946624 173.25 71.25 262.5 45.0
39.508082929124356 0.261262453864462 29.42651252593025 96.7622619643596 109.5043396226673 104.14037364338773 172.5 99.0 82.5 45.0
39.42221068933266 0.266192228009039 41.75546482535104 344.72877874679625 117.27719082874223 279.83645707572134 173.25 44.25 82.5 45.0
39.44318224329604 0.375100493620584 59.02574371974304 23.09171931452388 279.13545929929376 39.41841320671468 171.75 74.25 262.5 30.0
39.480149514414826 0.235938450393918 10.202382652463985 176.07036846833515 282.94321725244146 167.39213631440558 172.5 63.0 262.5 45.0
39.287268144403676 0.291166692767429 43.37385282978304 165.33796567335415 267.8968469362834 294.7749528283678 172.5 90.0 262.5 15.0
39.29723738558057 0.240754067934469 33.799631479968944 78.63297803529629 268.95004775414526 92.1833155569993 172.5 102.0 262.5 30.0
39.28077203341601 0.267272755856221 34.78794325594967 49.11374452629618 258.2420264604696 141.51199945985655 173.25 102.75 262.5 30.0
39.35990903327691 0.338569729456323 29.730036043607832 60.48816258981571 118.95417450200073 89.76426699395066 171.75 45.75 82.5 60.0
39.344037878415904 0.360491635407691 44.35198934456755 34.823942954486505 47.14815883901786 170.77488071205624 172.5 67.5 82.5 60.0
39.452913087905145 0.254508634366184 31.975198247105507 270.76985889073916 136.41782526519987 65.937304792725 174.0 51.0 82.5 60.0
39.33413018305271 0.394632634601517 55.60429516499031 107.15637239071975 97.80409904285791 96.4645938322566 172.5 75.0 82.5 30.0
39.4493567491597 0.291147872913921 25.342011035605402 164.71925979032798 303.05738070889066 278.4711465412916 172.5 60.0 262.5 45.0
39.250524201249405 0.235344026563802 12.548673125449026 201.37393702357608 278.5246810040589 276.8276265159976 172.5 105.0 262.5 60.0
39.28095125285918 0.262949381305774 33.99659120174024 64.41603609609861 244.9025663653691 359.90922233657193 172.5 106.5 270.0 52.5
39.43438163327216 0.243519641123778 7.245429986459279 248.99124075459306 102.41150645490241 211.7571624246054 172.5 72.0 82.5 45.0
39.48433833464692 0.286185986313739 26.627946702227767 306.13948127586235 24.824292001830052 345.92303454737737 172.5 66.0 82.5 75.0
39.49051043565834 0.273157140093935 32.3256507306213 91.1058665207202 311.3220394065936 192.73696040478026 172.5 84.0 270.0 67.5
39.41154523606828 0.274108862024656 38.93597273968072 152.640376488608 98.43165814629039 166.66389494113267 172.5 30.0 90.0 22.5
39.44696364722935 0.233883482690996 36.03510504721023 98.79103261640999 47.99601654682646 240.73014863044062 172.5 60.0 82.5 60.0
39.37260923510792 0.351425437894978 29.147145886204765 299.2765812295993 88.71001620227761 65.03761533073346 172.5 78.0 82.5 60.0
39.414469887188744 0.349607930946639 53.91835546500261 150.59670314153337 81.4596482226697 91.13559732026017 172.5 85.5 82.5 30.0
39.32875204503487 0.259767540026382 20.723604308842642 301.91585440477365 311.2126806386707 264.2791235448076 173.25 93.75 262.5 60.0
39.470341356182885 0.375858054937265 38.964104781835736 158.09549326043825 282.00907992309146 162.12676172316017 172.5 64.5 262.5 60.0
39.448828761349404 0.261942369765407 26.325002239133948 310.7592143527214 82.94150969786864 284.70885634214255 172.5 120.0 82.5 30.0
39.365283395879985 0.288575654092009 17.281703527559372 325.17520155330914 235.03854059394422 320.3081542579854 172.5 45.0 262.5 60.0
39.47672699955733 0.279320165395676 36.98370358129556 312.5791030752232 250.00678567975447 58.849498046384845 172.5 123.0 262.5 60.0
39.346495740044986 0.219466854289582 18.903834279508832 258.78124355717097 278.0050464151198 10.163687126060527 172.5 105.0 262.5 30.0
39.561167887558845 0.239785753540394 20.520661957510672 176.51331649564264 84.10546508632191 169.0575011450485 172.5 90.0 82.5 60.0
39.36595909051386 0.254167370193247 18.79760228362628 24.705789212884344 247.1598928553106 164.31785838370197 172.5 45.0 262.5 60.0
39.32697731030613 0.262984942411559 29.45793397159849 176.17881307700404 262.71306995778366 188.46011782656598 172.5 87.0 262.5 30.0
39.25580338415893 0.23627840312488 39.925306723549014 150.8848919641403 276.9277157051483 57.54836221165021 172.5 118.5 262.5 60.0
39.52891868595953 0.265852931868122 27.252930338088955 173.02152064491992 101.68098788577305 135.1156019200915 172.5 105.0 82.5 30.0
39.35947067136109 0.293331012681547 45.68186660608304 165.97715112425914 71.03497454255175 320.6301632554361 174.75 72.75 82.5 30.0
39.416019440759946 0.391916736495932 45.57805449942627 62.40153695807802 75.022445639262 245.12464906866722 173.25 54.75 82.5 45.0
39.391493421458115 0.245454218845962 25.935209139827343 14.514660517431478 109.6678584102425 218.4562828988306 172.5 123.0 82.5 45.0
39.382999442706144 0.281717094007011 41.42802687123695 181.22982994645625 270.12626004393417 51.585360334628994 172.5 45.0 262.5 15.0
39.33784710386075 0.261052843088092 25.163779707282693 21.988089257455606 229.27873715539712 292.92616128721255 172.5 55.5 255.0 52.5
39.364020115667344 0.342151057087388 36.981785688267344 242.50389400524335 75.22043147396519 116.65503229948405 172.5 60.0 82.5 45.0
39.45509229764105 0.263730618771929 26.98790044768181 170.57271704592432 324.04585294367826 358.62765031211194 172.5 60.0 262.5 60.0
39.44245585993796 0.245816525959361 20.50768147488035 208.1896765765934 123.68295117713454 141.49417645511988 173.25 84.75 82.5 45.0
39.3993216570989 0.246860547310722 28.963301676152017 66.13912840443233 274.20430938234915 122.68707167972491 172.5 45.0 262.5 45.0
39.31236356175473 0.38842437662989 41.200668954428494 323.42134639188555 68.62768477321802 74.52114533048996 171.75 80.25 82.5 75.0
39.340525002056935 0.227294877690533 23.63259710910261 244.24721628575526 282.38097009517315 75.66814494310721 172.5 120.0 262.5 30.0
39.35013083351648 0.341624592055506 28.699139214966173 205.01244382762349 290.62049611173717 256.0126513537635 172.5 66.0 262.5 60.0
39.37720765373487 0.2934298345637 32.3700878123717 20.510905529690287 245.6801749716933 195.28360844198113 173.25 116.25 262.5 45.0
39.38706723184648 0.201170557691975 28.843416381063136 203.95330405331296 67.39308638333368 281.58799853468656 173.25 36.75 82.5 60.0
39.452381542696806 0.239279148603454 27.79025206122025 292.2117719324881 267.48526179194994 111.46036455616031 171.75 90.75 262.5 30.0
39.552207628161355 0.249100508160467 34.336177715901435 308.0868834658196 249.78322451122193 75.98116558132361 172.5 111.0 262.5 30.0
39.45901164231538 0.262372380665616 26.740114345458146 205.2169193438085 82.71097357890991 246.93127547670932 173.25 90.75 82.5 30.0
39.56626109222243 0.24242350304929 24.386714562875337 208.12014233065597 89.07230273383666 141.5195398306678 172.5 105.0 82.5 30.0
39.44283929841964 0.293217659404753 23.583498852365004 118.05962615419676 312.908705790136 181.56260670040905 172.5 60.0 262.5 60.0
39.26200368165841 0.226739669543469 11.513567335153487 311.30702287116935 269.0218357011549 92.68547183294184 172.5 105.0 262.5 45.0
39.39176935210107 0.205462576402187 32.26492347684828 135.69804756641437 265.0444664984352 77.1226468830338 171.75 36.75 262.5 60.0
39.510429040978515 0.296771570311751 25.22135175042937 291.8851045371563 75.25529897094327 338.84356198964264 172.5 103.5 82.5 45.0
39.29721603624699 0.329941867804673 40.602550594668486 205.65909699229923 273.8455610732672 147.8557799793489 172.5 75.0 262.5 30.0
39.37652733987739 0.328001778255122 53.779094389403 227.27266513023042 292.58939146385296 128.8858349442825 172.5 57.0 262.5 30.0
39.33618116367827 0.305734046573535 41.32415265417047 13.131726027753691 124.81343655067111 9.357831243483007 172.5 69.0 82.5 60.0
39.30159350639593 0.324212653204695 29.04022894344261 96.51515466914165 77.80854877225867 336.9167462977377 172.5 103.5 82.5 60.0
39.50947905650866 0.275967742490527 36.18246637899488 292.7399059234298 71.8559167535395 105.90249607090418 172.5 75.0 82.5 30.0
39.45270453212164 0.248648122245605 36.46769730752278 245.38681744565537 259.6831431265606 0.971936322191406 172.5 54.0 262.5 30.0
39.364038146591525 0.262780295884762 17.522048850377832 239.49093468552326 303.0946434764902 73.8845788795895 171.75 84.75 262.5 60.0
39.55688380900147 0.298533571856306 27.390898608820464 73.09560910628898 63.212763783313264 269.96613248694155 171.0 102.0 82.5 60.0
39.415669805898524 0.31574892982404 46.039787301200455 117.00896773768726 228.49513169639724 101.46750720633429 173.25 59.25 262.5 60.0
39.41260160889406 0.24005437215688 21.367396544374323 197.40040621652054 256.1676294984203 32.19321175169197 172.5 33.0 262.5 60.0
39.278414576408046 0.277456248964921 20.938610416934754 237.39158706778215 291.230717347729 88.81884794845337 173.25 86.25 262.5 60.0
39.43298398379823 0.398625848709086 40.63139735910527 270.6306007809336 104.03789664803224 214.50771883534836 171.0 55.5 82.5 60.0
39.59346554000786 0.239525284866619 10.313813025408436 124.9264807469743 107.88440376274919 290.0039102428886 171.75 110.25 82.5 45.0
39.47981141067112 0.260530705864496 24.32836320345043 150.31102775216758 66.30049175823648 197.3347374357592 172.5 61.5 82.5 60.0
39.36322831546383 0.272997291452012 31.74110030738488 57.31060348619235 45.435105795244624 24.606653308777442 172.5 58.5 82.5 60.0
39.3674959001611 0.303975412960489 49.20317107220469 309.13147874195914 64.02385025032625 338.39922959280347 172.5 54.0 82.5 45.0
39.3621283697627 0.341734970248355 41.47750133585033 31.676177068124726 273.2534328552248 247.43283037175087 172.5 45.0 262.5 30.0
39.2502052060591 0.238752404995189 24.807385553900893 247.548872470549 54.92033278118132 273.0825669511361 172.5 103.5 82.5 60.0
39.56523077253419 0.24798723323546 17.447887532077186 189.62052067916503 321.1038744029851 234.6137896129609 172.5 105.0 262.5 60.0
39.34184300807294 0.304074012692643 31.677625992324156 2.180545435738728 21.457401962074144 89.29590997473436 172.5 63.0 82.5 75.0
39.241173644736406 0.292408711219021 36.81533375173793 293.75545664689895 96.85645014347315 316.6558643621949 172.5 115.5 82.5 30.0
39.437109121389526 0.30661364415408 30.52939149795545 121.07078020522518 299.7119371162702 323.0512559882104 172.5 114.0 262.5 60.0
39.34055441049395 0.318221778151575 38.55430571194927 11.937181890804506 276.612287581507 274.48204973191037 172.5 58.5 262.5 30.0
39.3916821535599 0.338695959120741 46.9159537124171 80.95370667428516 84.15057551639522 214.14258197823563 172.5 66.0 82.5 30.0
39.39698762049316 0.337567895085575 37.57547316254662 197.75620438600512 151.5081420553642 340.29531749286 172.5 51.0 82.5 75.0
39.27637528791455 0.246073850382821 28.70244900054993 31.383716032067884 83.56981488679685 169.04284870310383 172.5 105.0 82.5 15.0
39.48473635608806 0.230191618775097 23.8842333893399 27.87470824469009 98.67539604149879 252.78046875988707 171.75 60.75 82.5 60.0
39.436612581466775 0.320109943190769 49.60552112918711 301.08243224970477 83.60842069359315 334.6651386949895 172.5 51.0 82.5 30.0
39.40367889528638 0.230071032146877 31.29015986782216 175.381477888528 84.11744360120632 200.9639686679066 171.0 118.5 90.0 37.5
39.385297536972324 0.362424463165878 43.2257510772449 246.42903245550764 130.82100852687057 337.7203842316331 173.25 51.75 82.5 60.0
39.41033762685451 0.238291465527795 26.04921655457382 3.814391913362502 75.49779095424486 168.44884035485686 170.25 17.25 82.5 30.0
39.41762048331863 0.306070741679286 28.778428480722553 84.7464956331741 227.36088790757776 17.74022289513981 171.75 35.25 262.5 60.0
39.42359653514142 0.325177805890364 49.95158690436759 179.7791418755091 300.0112272721017 264.2029755560492 172.5 33.0 262.5 45.0
39.42019870227063 0.360714976558034 45.901245607908365 85.42876829442223 221.68957711600734 35.73209077233109 171.75 92.25 165.0 172.5
39.37459740524566 0.313788141727488 26.913332447051918 258.81668181717936 147.13310267146403 306.3029729424438 171.75 45.75 82.5 75.0
39.29522870601772 0.235387804577264 26.630788316386305 15.920122959979002 106.30677701577252 108.73938941885842 173.25 119.25 82.5 45.0
39.49503274757003 0.298244870178578 20.204931581171827 30.740770324149334 252.7231364745478 293.20927841781634 172.5 84.0 262.5 75.0
39.42292234315715 0.368518625450001 44.30611739062807 109.27072985522243 71.9682646829765 103.24437876877644 173.25 44.25 82.5 45.0
39.52212465953781 0.236377899323311 16.991127723855627 299.07096497284897 75.42910272318497 328.68957461333537 173.25 84.75 82.5 45.0
39.424894528830954 0.214222170377231 18.50327672304499 212.65163822987944 269.7756698141352 108.4256037984447 172.5 105.0 262.5 45.0
39.44982804111003 0.25721186848749 29.78617172035802 142.57066005975258 315.5596016842291 271.78526092814377 172.5 54.0 262.5 60.0
39.35916348220766 0.331189699380551 24.051894939284935 82.31252854124763 259.47512677192793 340.9602467135664 172.5 60.0 262.5 60.0
39.38474414861918 0.314180264044429 27.4466537732488 127.4892171457537 87.12086987319543 185.878431230717 172.5 60.0 82.5 45.0
39.44701684913452 0.191685505245575 29.621247693133444 77.2543982369954 89.80957090689427 111.41276829632812 172.5 43.5 82.5 60.0
39.47196792248275 0.320257824936952 38.36757037045087 129.0763645477869 70.9363490106337 332.9962037182612 172.5 63.0 82.5 45.0
39.41845076902516 0.240384761296866 46.40880027954329 122.26504605745347 77.1704999757831 341.8485913049739 172.5 52.5 82.5 60.0
39.46739934066736 0.313245527366073 43.75443333143631 45.47327790784804 96.47751266929558 17.524115417124584 172.5 60.0 82.5 30.0
39.44043465490726 0.300452251582925 43.86987096843754 321.80548446770325 266.0889062725555 195.93848835200183 172.5 45.0 262.5 15.0
39.50747873213943 0.337113674366298 41.19618119438098 18.04319773636704 85.47727692863954 157.52381070550246 172.5 75.0 82.5 30.0
39.43125319947059 0.251083736709481 37.29688073733805 125.40654325143888 58.416167624884714 85.57858421769686 173.25 72.75 82.5 60.0
39.52662182754513 0.314435019192684 31.511809855351313 144.88109889188954 106.86743954981024 175.1991119417014 172.5 106.5 82.5 45.0
39.43302513252358 0.330018816686526 23.655926566549795 252.27712552338485 64.36633701205233 127.99920474387048 173.25 38.25 82.5 60.0
39.48152546027061 0.296321086417418 29.187028638191823 359.3595912795435 43.81246504238911 307.314007330924 172.5 61.5 82.5 60.0
39.4533723751475 0.336368790639146 31.888008248777382 32.61073504490711 88.22041266355544 8.826747954683446 173.25 68.25 82.5 45.0
39.370963599123606 0.270777029707358 39.680769069659284 110.54984693140449 263.6622741552457 81.78888584025138 172.5 45.0 262.5 30.0
39.47977622066857 0.282695881798532 27.683126076662504 313.34237322446575 77.70261055021909 195.09178496703365 171.75 60.75 82.5 30.0
39.49115666402165 0.355781437848004 37.15939107738357 225.98037961332196 51.010508940193375 154.9567341271761 172.5 63.0 82.5 60.0
39.28744029063236 0.261760155931802 34.99811757911467 173.22657450048544 252.9751787284644 189.74858511514634 172.5 118.5 262.5 60.0
39.3250509254175 0.364996424851963 51.77505459169365 191.53652586680636 81.38015356888921 163.03091587225205 172.5 69.0 82.5 30.0
39.37441725793855 0.306691223914652 21.239999257910714 164.0895482661771 280.04422477991017 157.55564284629833 172.5 45.0 262.5 60.0
39.38606187847897 0.235715424305353 6.332623901320044 358.84373413558524 60.330804115126355 151.83527527283655 172.5 105.0 82.5 45.0
39.38520012609167 0.235467637937673 24.55895218895159 350.5254051159595 54.76801417071042 184.63396547678653 172.5 43.5 82.5 45.0
39.39480104153458 0.408144745126232 57.92451682364964 195.43937931935082 278.1406374910872 27.184136556151014 172.5 18.0 262.5 15.0
39.42081342545226 0.297336048928621 20.884611832642758 9.701094121346637 308.7744082794806 12.599709530062247 172.5 30.0 262.5 75.0
39.354291072643825 0.374658223997696 44.68989831100501 178.37317933974467 280.4084389403472 35.70750196885014 172.5 58.5 262.5 45.0
39.542265344816734 0.314934219436549 35.280559581706825 185.41293301671962 277.45929224038815 46.95138630668577 172.5 111.0 262.5 45.0
39.45385317448389 0.36865513343955 40.860478594622975 82.91144707815613 108.70418858546307 205.25614594212556 172.5 57.0 82.5 45.0
39.38845535755867 0.238418666201685 35.62338487263474 270.6155515361975 88.11779795522654 91.5346101237381 172.5 45.0 82.5 45.0
39.455958281831094 0.273742465596334 39.84353169668663 82.95850984934317 253.70744881189412 34.410125807199535 172.5 135.0 262.5 45.0
39.41270022323087 0.297789377771334 21.72825520129976 257.8586816281878 57.390937867821364 264.22853155440623 172.5 60.0 82.5 60.0
39.443274826056125 0.32752215401573 40.5404906311157 354.7654322298274 280.8213916633564 28.087779101766706 172.5 52.5 262.5 30.0
39.34630491112216 0.238792773353116 35.29092733279447 151.95816225332837 131.23392892241023 140.53475576428428 172.5 46.5 82.5 60.0
39.3842193247654 0.344286091980537 54.65997068364535 142.13715800076133 79.26325459475926 67.37161588528866 172.5 33.0 82.5 30.0
39.483376021575424 0.233833052111626 31.33420761672349 312.2323235801772 274.9310930015131 186.3192751299577 172.5 60.0 262.5 30.0
39.44732273923532 0.293686026884504 31.67560512253173 331.05499101365183 224.0969910654236 81.5840720670423 174.75 71.25 262.5 60.0
39.45111025373318 0.23247105567624 23.032848991890283 188.52451493366223 109.00063659686336 131.54789263575353 172.5 60.0 82.5 45.0
39.464729136133904 0.302459056032642 46.33039502864315 115.74789080913237 56.57602126501912 347.8882610685521 172.5 60.0 82.5 45.0
39.37779784308405 0.236928516274009 7.379540681927105 307.6372805455274 84.72340828617602 101.93150979591051 172.5 75.0 82.5 30.0
39.343478192677594 0.365258757100746 51.77283969297698 343.43333112066335 258.3119884990166 186.10123121951062 171.75 57.75 262.5 15.0
39.335909186560535 0.225679416497059 27.64128080224908 275.6839535220096 300.44166814660434 217.07973193458287 172.5 105.0 262.5 60.0
39.48104783008889 0.285350254397117 44.59017075966117 1.739867051281901 58.97283193255494 64.20696068205949 171.0 67.5 82.5 45.0
39.43879507893933 0.376718415206025 47.02942172718962 182.1171816317399 55.63099304027259 75.4861590433118 172.5 73.5 82.5 60.0
39.39098651398643 0.285781680045779 20.00090702509417 341.0391163283785 261.50235331545053 42.56542652213917 172.5 84.0 262.5 45.0
39.385419777043765 0.274500445602623 30.38214674699167 8.263658507808445 125.37239660530922 4.370542904494402 172.5 39.0 82.5 60.0
39.42046829297673 0.342907912997891 50.84573878030106 122.32931933604502 242.96106441987683 84.1559178377838 172.5 60.0 262.5 45.0
39.43446022251552 0.275459696742955 40.62081067151275 88.07702145181943 99.85777026893155 212.21471182934724 172.5 30.0 82.5 30.0
39.38591894534148 0.287309334087055 32.73657887718685 126.9155393769052 264.2105984860826 212.83099953201665 172.5 45.0 262.5 30.0
39.52977352877982 0.268083835097465 19.72698133877103 89.4147002247439 295.1401449659953 331.3235338438047 171.75 87.75 262.5 45.0
39.595788849328635 0.233652631928864 34.39471937842699 193.2765206045187 264.40662460506 267.75836369217683 172.5 120.0 262.5 45.0
39.26157887382728 0.238573623453964 24.537066144858077 83.72393628210537 122.15792789425745 306.35362023254237 172.5 105.0 82.5 60.0
39.48370955934562 0.271360413451935 18.476739848551283 88.07809876300364 265.22221065810203 320.97793971491217 172.5 90.0 262.5 45.0
39.432487443475395 0.205891702304736 38.027955135663056 175.71123667046783 82.54835408929497 48.335431669660935 172.5 49.5 82.5 60.0
39.35853111197325 0.280206962005952 47.60290834355366 286.4067590248013 281.8319571541179 182.8497377449579 172.5 76.5 262.5 45.0
39.48167534785708 0.213566783203771 15.780329523331615 252.8308830895558 110.2373473972205 86.66458676954038 172.5 82.5 82.5 60.0
39.28005396522423 0.314791970445231 25.2899215873243 243.60720753062688 286.76438315366914 91.97780950376738 172.5 109.5 262.5 75.0
39.51394655090502 0.232775143586534 32.83727090331913 199.01553172288556 95.52127770524812 277.1390028635071 171.75 86.25 82.5 30.0
39.55180001284095 0.242976824596857 35.888686139107996 233.9151242442184 49.59582278367085 266.8848602334823 171.75 110.25 165.0 172.5
39.34659102860382 0.219211816149148 28.310399773539284 272.349275052537 247.74276303952755 83.88073140137149 173.25 110.25 262.5 45.0
39.41869901661022 0.356533523066711 53.394133007404086 213.6460923929266 272.5998367240199 142.29031453978934 171.75 30.75 262.5 15.0
39.458926932055924 0.237297113556225 37.43414332670519 182.44073655460164 126.73649073032588 122.660076453984 173.25 63.75 82.5 60.0
39.56856723511356 0.234491282479358 26.295397937466916 174.93770519496724 111.02771201106461 259.230145432885 173.25 110.25 82.5 45.0
39.390032737765225 0.340521574673491 53.7661221660232 312.0664489796839 72.83599689732361 312.8054593373107 172.5 63.0 82.5 30.0
39.368161534046855 0.228059345598642 19.14761963832301 44.068761311494306 85.94010947313083 277.9795585337329 171.75 80.25 82.5 60.0
39.461033528492834 0.281962013054579 41.270790719856016 176.72272669285965 63.63809527631411 291.1616916035035 172.5 75.0 82.5 45.0
39.319234276463185 0.347550429502489 46.15973821920871 85.39168465861805 246.24953101741264 347.79067031825434 171.75 80.25 262.5 60.0
39.51870538714757 0.257918635581994 29.55098919366848 134.92594759958493 297.7192638503433 299.07020925671674 171.75 92.25 262.5 45.0
39.448920165097036 0.261191712115523 37.97324352911846 193.09460189934924 304.359919254713 122.35601241300559 172.5 60.0 262.5 45.0
39.319728304891946 0.367218631291326 37.477127372432776 201.16158392783535 77.71804427060292 31.657924734169168 171.75 72.75 82.5 60.0
39.31812521471339 0.20117130549779 22.842407487763104 103.11995582257576 259.2149965864867 108.35525958616552 172.5 72.0 262.5 75.0
39.455063787343526 0.306028849033398 23.510745712009808 345.952629573333 274.92568969715575 179.97750477131382 172.5 79.5 262.5 60.0
39.32403031944157 0.372053183685358 51.899254387246074 351.5081349017563 263.2805078989526 66.3776575570117 174.0 76.5 262.5 30.0
39.39569898353885 0.241911114353146 26.31042858177755 210.3477664366627 260.12924145970027 19.14700247962525 173.25 41.25 262.5 30.0
39.232463371663954 0.235601751165435 37.20723385929109 29.35168920804853 76.69453444697528 127.62928761857123 172.5 135.0 82.5 45.0
39.558031286249204 0.280314815373249 24.490382196929943 0.590575518585489 270.0630395594701 269.58241316054733 172.5 105.0 262.5 45.0
39.301634348700105 0.259165466270859 17.355264457579256 197.39763589044458 268.7973152406677 256.66482451386946 172.5 75.0 262.5 60.0
39.50181522728981 0.335545506701257 42.18539770446271 340.48411380703953 91.40869185340927 299.4204229166843 172.5 75.0 82.5 30.0
39.483237323358324 0.349791550280021 35.13606368477995 8.493917785043731 262.1012381363679 278.0973430873171 170.25 65.25 262.5 45.0
39.424565049480194 0.349828502472322 45.866109104989974 45.11342511329967 219.30256031168156 180.71577989983217 175.5 69.0 262.5 75.0
39.340498361607395 0.222645422085114 24.62407090827142 110.86891573229819 54.43455269832507 113.51789450511856 174.0 48.0 82.5 75.0
39.42958428061566 0.31576206374166 23.44990904193393 319.38380514373875 233.99370498332604 203.38992828355438 171.75 48.75 262.5 60.0
39.423337603645884 0.218021395743701 22.47544444216106 67.56427561678522 96.36230266638414 114.1746767802527 172.5 31.5 82.5 60.0
39.41982478362201 0.253795766363793 24.87457854078811 330.86481661815344 237.02325121299828 60.54461307836689 172.5 87.0 262.5 45.0
39.44852752927764 0.295503150495778 17.79240129084141 328.6569752977101 246.12202621461608 212.62081284778918 173.25 89.25 262.5 60.0
39.458460534671914 0.271466924606837 27.15691719137591 14.691143150154431 252.56198277301252 174.37922037390638 172.5 60.0 262.5 30.0
39.384424045238795 0.303266446483216 38.92202185550809 281.7467479752623 251.73398040210012 114.316268836827 172.5 45.0 262.5 30.0
39.5691061681175 0.28754639522048 38.43547167398671 16.319110730749077 271.2418892345092 272.67007328024744 171.75 114.75 262.5 30.0
39.45029056230168 0.2223534010283 28.642768589913643 137.5028986849154 118.17935373055182 56.73182213186816 170.25 53.25 82.5 60.0
39.568626298481874 0.243169255115193 28.76232577120714 217.6627151901938 71.89374167199134 282.8156417137454 172.5 120.0 82.5 45.0
39.58479764772334 0.246937396185301 12.904582779978156 267.8946531022047 103.44578862874398 332.45200298354405 171.75 116.25 75.0 67.5
39.42944312526592 0.37640392166675 57.40749390582707 49.877760109157606 269.0753580330118 347.740232539525 172.5 73.5 262.5 15.0
39.50401176012084 0.236124841155295 33.95062019346863 249.3871497495786 81.60333284249621 266.1322852104198 173.25 99.75 82.5 45.0
39.32781436991269 0.310009434153463 47.39522806854076 33.0589667252231 88.76910499231445 245.73416525174946 172.5 75.0 82.5 15.0
39.24294115153157 0.23153378097981 17.08001335037597 120.97917627214684 288.4442841332352 187.1254809557283 171.75 92.25 262.5 45.0
39.343423507266586 0.327236352177935 48.947685996348866 325.0402730939885 110.95120687129129 55.676143609277396 172.5 64.5 82.5 30.0
39.41743663845552 0.27604141991143 15.826276528027533 27.39744875118538 61.93312070243544 62.84952617073096 172.5 75.0 82.5 60.0
39.352183295185306 0.337506735354828 39.03549595932765 134.1838357151602 297.1796938691057 169.92007872011396 172.5 45.0 262.5 45.0
39.39820171183296 0.257893407069944 13.535327838733856 92.85620221654187 277.33136412962426 74.5156091592933 172.5 75.0 262.5 45.0
39.29153381778876 0.248424066830161 46.207977564009894 73.34484081749054 303.025864233249 76.80036681596236 174.0 102.0 255.0 67.5
39.38523940640699 0.189307158185768 32.61106277624544 121.51037397439022 283.9979111330183 312.617161947252 171.75 47.25 262.5 75.0
39.50852936430572 0.205038322418728 26.235848788433742 176.43514017004063 110.06849034515109 123.83843066192055 172.5 99.0 82.5 75.0
39.351357470654676 0.262878716294639 31.046407641845864 355.90650149331776 299.3918407286547 141.01354216411394 172.5 45.0 262.5 45.0
39.37638672440557 0.22515961646121 19.910068896767037 145.53131641728135 278.7718038048008 186.76868115701225 172.5 45.0 262.5 60.0
39.4569815780705 0.202151058577402 42.795958843702714 98.11613830741436 264.5502753779825 105.26783015758815 172.5 58.5 262.5 60.0
39.398288971964426 0.270373487913429 33.72009046213946 300.31814363749754 288.593331328671 46.89462532542496 172.5 82.5 262.5 45.0
39.248410922831276 0.27208229882996 37.41768849636856 167.21075743583827 254.50239230646025 196.75663676971098 173.25 107.25 262.5 30.0
39.40481766752353 0.309656008064997 26.199174553752993 21.66408921607836 78.29789775323549 250.2357096019719 172.5 99.0 82.5 60.0
39.31366825182441 0.271802870690652 22.55073878515906 201.470063547638 137.32438871988478 354.536069186192 171.0 96.0 82.5 60.0
39.51186283735131 0.376230089936633 32.50304899547704 194.9676890298903 100.14115280025254 267.25143119527087 171.75 59.25 82.5 75.0
39.2926517204757 0.244829224835179 14.992190279281639 153.82215880448365 279.90493128415227 293.18869531429993 172.5 75.0 262.5 45.0
39.49121016997448 0.28394872072281 24.010571497329124 147.3354892431643 143.26535589376522 163.9319178025763 173.25 99.75 82.5 75.0
39.53346539856826 0.299452279807729 23.65916295557609 144.35471234799815 107.56432734714909 42.57769806786842 172.5 105.0 82.5 60.0
39.42993111400087 0.379177338932113 53.879569043263125 319.50342433143726 77.57805568156483 177.6425118130312 172.5 67.5 82.5 30.0
39.36350062962419 0.215459712065154 19.272033223575193 296.2706566946245 65.01223129232366 330.22976821764865 172.5 60.0 82.5 60.0
39.40128517800358 0.370298651182637 33.13181220830142 41.988361231752464 99.62405680725365 241.09945834222464 171.75 57.75 82.5 75.0
39.47234087738947 0.241414719577081 25.123705191333013 50.624072407463764 284.87244670750846 19.5687809826717 172.5 76.5 255.0 52.5
39.44198175745451 0.212655644299263 25.912448793311665 208.86400407825317 106.59273348548844 9.610621134458293 172.5 45.0 82.5 45.0
39.40334345310908 0.274545471654015 28.803372967469944 279.073373180893 290.10315547359244 223.6545846124903 172.5 99.0 262.5 45.0
39.4043130218747 0.405379264201509 44.4119969833662 122.66425635120075 271.58543123358845 97.84045443941459 173.25 83.25 270.0 82.5
39.35793527843415 0.192701597379111 27.25662877687871 65.00291080283162 70.7724248679583 100.81629579173315 173.25 102.75 82.5 75.0
39.45929836622227 0.39417862734101 46.471074881434205 5.247763124168293 82.61493591200166 157.7845596101631 172.5 51.0 82.5 45.0
39.395935190655955 0.340486538021741 39.399149454529194 66.14622673890419 248.5219394309285 27.20391560070508 172.5 60.0 262.5 45.0
39.31334288344712 0.363044411511618 45.46711673594306 46.941941755686294 272.488833468005 245.71421735388145 173.25 63.75 262.5 30.0
39.52483283606143 0.299059531280788 25.52324670204479 285.42603811043915 76.31597847903708 231.59777598077017 172.5 94.5 82.5 45.0
39.331914864637554 0.314279903363735 44.227277294456066 32.6353678579166 83.04493500600348 157.31406448099284 172.5 75.0 82.5 15.0
39.34506775403872 0.298467396568077 22.698016934343038 243.23187530439827 82.6701362500056 3.549244854816626 172.5 45.0 82.5 60.0
39.40631416049421 0.358736471214412 42.129563859039955 309.80303909201996 100.30624330525231 196.07538801514568 171.75 39.75 82.5 30.0
39.34714082787985 0.375870246819548 42.52069475569963 84.05953555089425 313.1169203917588 185.49097031120706 173.25 75.75 262.5 75.0
39.49443035293094 0.237076512605193 30.48747622519277 295.2536444452738 269.32220567878056 93.47865027455744 173.25 89.25 262.5 30.0
39.44856995064337 0.280520867542143 25.183905028375317 166.42557573149008 313.4560270750361 285.9357362506379 172.5 94.5 262.5 60.0
39.41019508921351 0.307471986811282 28.82764321180011 154.31270026909178 92.81977087224679 180.85215542205802 172.5 30.0 82.5 30.0
39.411765366122545 0.463656425221835 59.24272221079635 260.9811147862147 256.83443082000844 359.1477787390445 172.5 39.0 262.5 30.0
39.40823769964584 0.258678035315638 26.646910770416763 180.31353404810565 263.0000384758646 160.69829805737024 172.5 30.0 262.5 30.0
39.38118362238754 0.235541612667821 24.800231644776236 311.8371564193918 285.81629052253356 170.63396147776677 172.5 45.0 262.5 45.0
39.42106452622764 0.244875961132056 30.381664556784457 357.84602140350285 96.76825234384421 305.34663796670924 173.25 95.25 82.5 30.0
39.388607005078555 0.31778147600517 36.29543875798435 148.19541733694714 88.56841079233112 319.88754298425823 172.5 70.5 82.5 30.0
39.3469168517112 0.296953407383253 26.307097133640784 328.23955146605203 246.82263908776827 303.37600267647815 172.5 97.5 262.5 45.0
39.466744448278206 0.32481367572502 27.51676890858926 199.8380986455282 299.19453993463037 3.423237140895338 172.5 60.0 262.5 60.0
39.38330374120351 0.272583494367798 18.775516308768555 163.41267907417847 124.88708753243905 247.32111246965798 172.5 76.5 82.5 45.0
39.4214273171186 0.434771025602907 45.77686334648751 148.29828463756502 281.95677223932614 52.560595262425274 171.0 57.0 262.5 60.0
39.24921689529523 0.266362330307223 20.48550927933284 353.3379885842889 86.35847617039616 65.901384568637 172.5 108.0 82.5 60.0
39.46485834853056 0.296831910329689 44.495194857494354 73.52849941161107 40.872610219284546 28.1534886269846 172.5 75.0 82.5 60.0
39.422626343643834 0.280756111610091 33.17930447907699 178.6239242279212 278.4606013354831 7.454516576123186 172.5 103.5 262.5 30.0
39.36623082726829 0.317869207187696 30.284068918167325 86.8730103085211 306.4034166258037 90.49675642906851 172.5 61.5 262.5 60.0
39.387300317405305 0.27433843379383 41.11875095394278 357.8853432518696 277.39674461371294 266.5620251142652 172.5 45.0 262.5 30.0
39.563629521791405 0.264525168784092 33.02589211752205 279.7972354060791 92.6851974676932 213.08106430943047 171.75 104.25 82.5 30.0
39.31935859118262 0.311175179462299 41.04265127015983 280.7605791130235 251.98937790094513 341.2727402895496 172.5 60.0 262.5 30.0
39.31736496005469 0.210386929052173 30.508798023808943 183.45563275507664 250.74681448236362 33.230387850610875 172.5 106.5 255.0 67.5
39.46170718643899 0.289856951246666 50.643607185219516 177.0671581439189 256.7973292841099 273.70750905205097 172.5 76.5 262.5 45.0
39.46214148655908 0.246615239560867 28.02799517319872 75.05981598631071 246.08614699122904 209.59031392218043 173.25 125.25 262.5 30.0
39.53741628803712 0.232342696306319 16.818411529253872 43.82356157804948 80.93749002911608 254.267969475972 172.5 90.0 82.5 60.0
39.31311347172855 0.295457834347792 21.55141786791036 357.3695959158991 53.05787188573404 293.4234924789967 173.25 96.75 82.5 90.0
39.3351197998819 0.351551738872251 29.16200696765593 93.66561112722492 238.31598866809406 116.75662067704609 172.5 52.5 262.5 75.0
39.31805690182401 0.370069291299038 52.617667324399136 138.1281487919112 275.37507958512 74.22701629486772 172.5 69.0 262.5 30.0
39.306795907943254 0.297483276895806 26.83461174778758 127.84656627903125 118.65282252321698 174.75903664965227 173.25 83.25 82.5 45.0
39.42551341195649 0.298851510701631 29.20195039561334 38.39917456128163 246.62340782293177 146.000360068449 172.5 30.0 262.5 30.0
39.2865547323327 0.230613667226119 20.701979851848776 110.13121898725171 230.13906272756083 327.5097530555369 171.0 118.5 262.5 60.0
39.471256983854694 0.314489116280145 37.35262209374633 333.4835174281028 78.49488858751201 59.4829942842625 172.5 60.0 82.5 30.0
39.466299017127966 0.234835645669961 19.437702439458633 302.18063672808233 235.03211353647742 342.17122497198454 172.5 60.0 262.5 45.0
39.34078198334775 0.252982879663682 10.331042788578047 348.2278280459698 47.37988322975765 209.26710940602098 172.5 70.5 82.5 45.0
39.4531353776443 0.303550930181531 25.58722755645418 28.573663347103622 271.1729941476032 275.92749250715974 173.25 89.25 262.5 45.0
39.55512397409861 0.300001489409419 33.47258285953582 297.9991590150923 230.41592355947773 243.2766393560381 171.75 110.25 262.5 60.0
39.233777077376445 0.231052195473079 18.681054497945834 259.69027760512597 141.67090665837978 326.59057327762446 171.75 107.25 82.5 60.0
39.3364295267483 0.315579159487868 35.817201464863906 104.56742592475516 309.54380359657716 182.23387716650308 173.25 39.75 262.5 60.0
39.38355345224067 0.342115436557374 54.1644184403921 271.7687781922426 280.25323023381605 343.4188291680917 172.5 43.5 262.5 30.0
39.43118343536051 0.373674304733498 43.88902720113323 315.69968148619824 102.82196325550348 52.179641613701186 172.5 42.0 82.5 30.0
39.35247193653932 0.241897679896558 30.192168764908953 353.8470734731687 90.62819610421758 165.60567441449027 172.5 45.0 82.5 30.0
39.46838444015749 0.281224132918651 43.650970374089844 72.30319997943796 98.5081794394496 345.6910000334185 172.5 60.0 82.5 30.0
39.35722793638587 0.363597073896798 50.51411692518208 69.0948073062704 105.92940797340876 343.0069691082162 173.25 33.75 82.5 30.0
39.412172447435 0.28199550964775 35.423907459228865 72.2166883919382 280.70691321830265 355.531402887674 172.5 45.0 262.5 30.0
39.340466297672364 0.307367175233977 30.184577015951778 78.1242771834567 37.20299691316363 161.44719473852166 172.5 81.0 82.5 75.0
39.51286354499138 0.288655030644327 17.44459614912199 27.3241065593812 60.32930901490533 273.4896761752801 172.5 85.5 82.5 75.0
39.3157801734736 0.212274189951682 19.002192083558025 229.8501673502192 275.5818946454832 155.654164244837 172.5 120.0 262.5 45.0
39.471684734908195 0.252380554851783 17.40159897851558 118.04159570461591 96.64840362475542 298.11944434027333 173.25 75.75 82.5 60.0
39.537597690790136 0.293240108022849 28.39676021707932 293.0281172870875 57.18757985887725 105.6877225295934 173.25 78.75 82.5 45.0
39.36703542288046 0.334011551659664 25.123213313253018 98.27738649666624 296.21757906995344 84.33345032068755 171.75 48.75 262.5 75.0
39.396899385776216 0.225426402467582 17.048773087096283 118.67739309066832 283.76350535884126 175.91449463471312 172.5 60.0 262.5 60.0
39.50026174579626 0.282408305145008 25.179924855972157 74.80393565767291 64.68496701582475 143.29607343994545 171.75 95.25 82.5 45.0
39.361055397625385 0.343943057102099 57.165188847373855 51.383344274494654 274.48398921663613 18.61729631389089 172.5 60.0 262.5 30.0
39.2679870352983 0.294527237270574 25.186210029465638 241.5742809785445 110.86196934663253 108.04994062567623 172.5 102.0 82.5 60.0
39.28193204557139 0.292859372384056 28.70296247387005 95.6923896717316 274.5251380551121 204.7134830760771 172.5 91.5 262.5 45.0
39.362174643773045 0.251475325271634 27.368584684592918 109.93218747425257 84.67684803909509 348.1503230424053 172.5 63.0 82.5 30.0
39.36538201033361 0.339337408295503 29.715729370358687 291.3915552686174 98.17007100293759 78.86838358748153 171.75 48.75 82.5 45.0
39.30427497597072 0.283874358778438 25.390067287355908 300.8666211350249 79.98124853690604 182.52414035094418 171.75 101.25 82.5 45.0
39.228289288986865 0.277341180227944 38.15897864893947 52.80172806258774 236.4130761089266 8.681319294374362 172.5 117.0 262.5 60.0
39.45497151079095 0.37250346458818 61.270724587522935 62.24117677943732 81.88884707754498 242.60130812581616 172.5 40.5 82.5 30.0
39.40267101821118 0.24609437758096 41.260232279408655 122.99818026918392 65.30843796924428 327.38103504968154 172.5 45.0 82.5 45.0
39.25523483572334 0.28653883295062 29.885598644282904 299.07633584670094 122.52504150612751 295.23120328577147 171.75 96.75 82.5 60.0
39.51520211170636 0.339386282750125 53.0003948171442 254.3964145857372 274.25022273405847 234.5983426380844 171.75 89.25 262.5 15.0
39.39463030127474 0.278714227254266 47.32321146165884 318.08786498191995 249.36247132471445 216.99836894736163 172.5 45.0 262.5 45.0
39.43366118627669 0.197520026743199 28.713405685944515 319.90599815982256 129.48024811180503 163.88193649529995 173.25 53.25 82.5 75.0
39.43006169103414 0.375168606810825 34.27244667070444 88.74180546052527 113.14967940048741 323.5988531811764 172.5 60.0 82.5 75.0
39.490186680351066 0.21721876455748 24.738830375991686 315.6920025626989 251.3999486959565 350.5197502144878 172.5 105.0 262.5 60.0
39.38511891776853 0.249550156149075 25.2895219314147 174.31199056654515 231.04096601290271 64.91126604087157 172.5 40.5 262.5 60.0
39.410214566957016 0.260238539459199 51.03596317893428 102.63539810342283 93.47682933073783 214.55800447589604 171.75 62.25 82.5 60.0
39.509261998455266 0.277379728596656 31.23374527330118 157.96670645314614 80.84467025345035 50.689717706987054 171.0 99.0 82.5 30.0
39.35577047510732 0.249204941432385 14.46236853944583 191.16749488060967 88.63975517483924 40.69856763322296 173.25 45.75 82.5 60.0
39.37922175923495 0.407297511365153 47.623393985336854 53.07451717302281 97.47463210751195 353.5125309061254 171.0 52.5 82.5 60.0
39.340526677716966 0.250135263668293 31.228021204314047 22.01252949733488 278.85791511066475 349.89958818396207 172.5 105.0 262.5 30.0
39.33856027909354 0.315150238190521 52.918141538713684 32.06189756989078 256.5046604756597 144.7241575739391 173.25 54.75 262.5 30.0
39.47070401780443 0.329441262044933 30.502909505192278 106.92441936241894 55.52445082707503 356.47785120249 172.5 60.0 82.5 60.0
39.32502089091218 0.28098191757867 47.495207889016676 75.30144743631936 109.82080993837941 209.41239171994908 172.5 64.5 82.5 45.0
39.413759763468015 0.250845542677564 30.96870895347137 270.7170196590856 88.30596249858625 215.8076181495785 172.5 30.0 82.5 30.0
39.358088957771336 0.247807119591776 27.750340953972586 32.13075631119861 65.16495762664486 245.41290105054577 172.5 108.0 82.5 45.0
39.382231856524484 0.331965463084489 46.1348826550457 110.2736597707032 274.8764324942855 185.5550539618869 173.25 71.25 270.0 22.5
39.46759124629384 0.249978019468173 43.88023349893478 254.21739369869388 305.3401687546584 330.5699279967394 172.5 58.5 262.5 60.0
39.46160291966369 0.334219597708108 43.63837393802155 125.88458976771986 295.5130764534597 174.41748575891884 172.5 48.0 262.5 45.0
39.358663802494696 0.321619189504006 33.765897579424475 269.2891193456219 143.8233601606008 179.34476836351254 172.5 60.0 82.5 75.0
39.43303423763942 0.390142688319151 50.635551554930345 161.73123107056685 75.24982143243443 305.9802331350048 172.5 54.0 82.5 30.0
39.31259027401922 0.253914822803731 19.369290823692765 48.32011298774077 116.05325919381224 213.42928757625882 172.5 76.5 82.5 60.0
39.471476886687995 0.29687216005303 18.809546519827542 14.605770494736158 95.25169935239867 273.93214480767455 172.5 60.0 82.5 60.0
39.33882503472171 0.30962889903033 39.080687355628214 324.53872920594114 78.7017575531815 70.37535489777999 172.5 60.0 82.5 15.0
39.43643183875416 0.319449972641911 27.728507773096737 34.102766227192035 284.8568755458657 139.61471395748288 172.5 60.0 262.5 45.0
39.439101216118594 0.385917699026976 51.73442323409732 124.0474245105384 89.3961689787609 190.9874859992508 172.5 54.0 82.5 30.0
39.474779006270175 0.217051450578172 20.220737758891687 177.246656889261 307.82269557779426 274.7282769341193 173.25 80.25 262.5 60.0
39.39586511158971 0.332787309952453 39.90828389729135 1.836323598815661 128.9725771649847 126.45019375352388 171.0 64.5 82.5 60.0
39.431125412686974 0.3205892387843 25.223208490496546 236.69870428792194 133.3112295093928 343.35496080743826 171.75 62.25 82.5 75.0
39.29148844873702 0.259751269963653 29.358256236783923 221.43032969231274 109.21871898831625 106.90837648448887 173.25 87.75 82.5 30.0
39.52651083667383 0.238514309593563 28.585180199907654 234.8961830609436 299.4869897289954 337.8347074013375 171.75 104.25 262.5 60.0
39.53792529005836 0.243787699982981 15.75122112354612 133.22104547352586 289.9772608807965 308.2853015556765 172.5 90.0 262.5 45.0
39.46565612825804 0.265935002136396 17.15433315363309 146.30399565876436 114.04630740646627 55.35556308665405 171.75 80.25 82.5 45.0
39.5384805249956 0.301419365910146 27.36017369916304 226.18527121312286 278.94660949113467 123.47926372130124 172.5 105.0 262.5 45.0
39.54249073028249 0.250190913082169 36.724478121779114 58.67065843687432 263.8380309061814 98.15602894832827 171.75 125.25 262.5 45.0
39.40704947435822 0.365574541246536 32.778265217538774 243.0746899179542 277.63443771892736 236.49137148830675 172.5 39.0 262.5 60.0
39.44356702863818 0.337213126015845 52.56688913049758 152.89898518740011 77.25098233771685 327.9724156209461 171.75 83.25 82.5 30.0
39.45710729151802 0.367943684943892 28.655075393164363 221.0136781292168 287.2175923100469 245.372650355508 171.75 53.25 262.5 75.0
39.41343596548119 0.228566240756044 24.2348498854937 222.85110742256012 119.61411625915707 87.38437231258176 173.25 74.25 82.5 45.0
39.480331522725095 0.236213366679283 30.425066975489443 101.04230704841599 115.79654992946844 299.95941796760223 172.5 97.5 82.5 60.0
39.422648335828406 0.21546469689898 34.97825287259322 342.3411463731695 256.7877277163499 171.97710644727542 172.5 54.0 262.5 45.0
39.22358436755011 0.260053245622747 24.64472779197346 17.406247602513325 265.62296394159245 16.834474133740038 173.25 119.25 270.0 37.5
39.43800850380704 0.362189258778622 45.3751010548337 169.94687716436113 128.9686293780942 135.1704332774552 171.75 56.25 82.5 60.0
39.35727544938543 0.342355415550144 32.49281751388018 104.81547911850186 80.49932994495805 88.99659271088997 174.0 51.0 82.5 45.0
39.44617862178573 0.30215263448752 45.950847880561184 57.486672683869884 255.6804864440577 25.30223117972799 172.5 60.0 262.5 30.0
39.35489727887836 0.317086948016173 52.19690942303434 112.22440033500153 103.51277977255211 334.56184944423114 172.5 75.0 82.5 30.0
39.343647981641794 0.236695048835751 39.794928286562815 339.0695310241975 109.70496934058677 162.33316431488348 172.5 60.0 82.5 45.0
39.39874117171401 0.297476207987727 29.594462578047082 231.43772570817376 60.20580999021055 278.10985733926395 172.5 48.0 82.5 45.0
39.515640850180745 0.256974340776913 15.326931925763882 317.8167151501118 246.83886089041704 336.0962386918534 172.5 90.0 262.5 45.0
39.54244842207962 0.28340300610853 29.369590670993414 214.3796620044846 277.48731641634464 246.29066308345026 171.75 86.25 262.5 45.0
39.57455237828089 0.229439637256516 18.303303939684906 215.0620790766262 98.47816711125925 11.079367165949233 172.5 105.0 82.5 45.0
39.36620952925255 0.293045938138449 37.71976973005253 293.85311638268143 37.216903186098925 18.7868727881638 171.0 67.5 82.5 60.0
39.41312096539528 0.257107917744126 27.863571901254467 21.45697413711833 88.7822091811443 161.93878320864906 172.5 60.0 82.5 30.0
39.48272110983505 0.265584281134538 24.934455663103005 110.33658362275362 285.7460682885002 91.89825520523888 173.25 81.75 262.5 30.0
39.33526251268272 0.323834332253174 41.23759285311616 335.78073240276666 64.11608893316196 208.7827843593222 172.5 67.5 82.5 30.0
39.54779633896706 0.244790387403687 33.24124988216344 341.02224933416335 277.93029880841823 267.43090449385613 172.5 120.0 262.5 30.0
39.362263514201395 0.254353967073027 28.01938396277131 348.14467192534266 318.4063917229187 37.45819192983413 174.0 90.0 262.5 75.0
39.411262611723984 0.239984793222473 28.096393189735654 45.667546995948406 275.5900857690537 231.49165292788962 172.5 60.0 262.5 45.0
39.36651757916871 0.252108118535878 25.12745615672725 22.79173319097083 34.459730656662785 303.65484906152625 172.5 49.5 82.5 75.0
39.29155857677934 0.239831204035061 20.671278396524272 48.111591245640426 263.50432869816404 135.65718612096114 173.25 77.25 262.5 60.0
39.37031516380108 0.175125854548119 30.533829347373366 200.94488347680618 92.48944267387371 262.9332065199302 172.5 48.0 82.5 75.0
39.58534957293317 0.278122571699556 31.89960906813063 295.26907822542 261.5556564829851 207.29354717112088 172.5 115.5 262.5 30.0
39.36111267429924 0.335879484402134 40.00946663602281 203.6759913483105 250.88032282424942 49.97621320062277 172.5 60.0 262.5 45.0
39.26987625005935 0.297794355926544 28.70728815818041 273.0633686272434 102.50107534873419 214.87267361393637 172.5 97.5 82.5 45.0
39.436854405066406 0.300998055281743 39.234446851689555 23.092087894208852 104.40664568221442 7.604706180066811 172.5 45.0 82.5 30.0
39.44418788704347 0.280062654938417 29.68243091815662 328.8688943372535 298.39015958548373 173.3658352998693 172.5 60.0 262.5 45.0
39.338019616968936 0.275307656942898 33.85892896491244 315.49780948658525 285.48104804399065 181.8270036479237 172.5 60.0 262.5 30.0
39.28710012750001 0.264058641775697 32.064188994274346 92.99235091606307 66.70584295022482 253.16270655195535 172.5 102.0 82.5 45.0
39.29270887711778 0.252468402000731 23.812365379784573 12.644927087163166 103.06308115758782 166.04012486712034 172.5 105.0 82.5 45.0
39.3665734710768 0.217714326731264 20.86900668512426 340.25072261635864 102.4141247324582 21.195294343190174 172.5 90.0 82.5 60.0
39.34915312298031 0.407587710956562 56.115264211695965 106.15626788213066 91.4233565953605 76.7476593779351 172.5 60.0 82.5 30.0
39.34904938522858 0.402968397517798 50.01985312169848 320.8207469676921 72.86604949685183 307.464735600019 171.0 70.5 82.5 45.0
39.42127361263574 0.254388606246129 32.6369706666735 216.29166692176133 251.08290347527333 42.20355010118615 172.5 45.0 262.5 45.0
39.41704659946145 0.222055093034807 42.981190275034386 35.728748235587 99.39975813925538 121.32979940857561 172.5 40.5 82.5 45.0
39.36052407931759 0.267097559311149 16.19304543368179 185.92359181522068 147.4093371201453 237.9082048985614 172.5 30.0 90.0 67.5
39.50898465469885 0.34262932358699 56.17054182506013 131.03431599282436 283.3032077426227 304.7604337270179 172.5 75.0 262.5 30.0
39.368776565641085 0.337954025143524 31.867925969876076 35.62091876338811 294.05237377127145 352.6962525649822 172.5 48.0 262.5 60.0
39.303113228497196 0.249003328854957 25.655599841600157 322.24092056118224 248.02511308198524 310.94270745525654 172.5 90.0 262.5 30.0
39.433684300890846 0.332702425967299 32.912475592017145 7.661964994147223 293.74398728864446 260.074175151251 172.5 45.0 262.5 45.0
39.460994085778516 0.267096811911131 18.983126356349 205.1095982960562 325.77869531170876 337.1888818777779 171.75 62.25 262.5 75.0
39.58637371936855 0.216492564093055 15.65450474866163 309.6582013913934 86.43769191487694 186.66463392041197 171.75 114.75 82.5 45.0
39.44812326106775 0.318413778013955 42.61309027169754 201.62897893086324 124.33652784475785 243.1865928984907 172.5 51.0 82.5 45.0
39.407815787316906 0.235385261358979 14.56234057806632 132.7358074481389 87.33091054533293 214.4615792578825 172.5 75.0 82.5 60.0
39.38516550749453 0.3825371650999 43.46016190996152 298.6731406324094 253.58981162348044 78.088888926317 171.75 74.25 262.5 60.0
39.33330949446665 0.405121031270551 42.53375866306209 30.3164328893095 297.12117580902117 19.00215362546417 172.5 76.5 262.5 90.0
39.39793315498742 0.279282601830257 25.86210361904051 107.4824914755164 285.4765718702688 74.3106346463666 172.5 30.0 262.5 30.0
39.38337503198814 0.325669336794791 33.07246543813234 200.87404249267902 266.0109500239026 258.2673528036645 172.5 60.0 262.5 45.0
39.262910889114885 0.211104039115234 25.922067770519003 98.58962472213925 292.03288559077725 83.59840842576838 172.5 90.0 262.5 60.0
39.26833948569084 0.221804825003786 21.051318485836248 176.767466165791 87.18523865203963 165.84423180185064 172.5 78.0 82.5 60.0
39.56311524330973 0.276562743981094 22.207941042276197 67.81265149780644 260.9835524880383 238.00256919398828 172.5 105.0 262.5 45.0
39.40483243475961 0.29112987282363 44.09892675328647 82.5299279985395 303.95192823438805 74.08855154262723 173.25 39.75 262.5 60.0
39.43735085663084 0.381615303579704 49.2247996871438 339.08424875856434 280.59764489144266 274.76850166918615 172.5 60.0 262.5 30.0
39.311584448350374 0.362187414938739 51.09231093275682 320.72185364066337 244.63801675686915 87.91586426707202 172.5 70.5 262.5 30.0
39.46442766568434 0.27782750607289 18.421935128860984 122.92159494077643 255.920498637204 236.41163166020146 172.5 105.0 262.5 60.0
39.32003879278296 0.23688314276521 21.466900273293966 291.0102626185969 70.5092981546647 306.7904992933262 173.25 114.75 75.0 37.5
39.408582858849456 0.275426089356874 20.8769374396382 359.50436352004283 294.6248373452252 268.70268601030614 172.5 30.0 262.5 60.0
39.43751157862986 0.199811703289034 32.514589330698534 351.33897819047655 110.35032257950725 275.2790386086092 172.5 51.0 82.5 60.0
39.4634224856615 0.251859598637059 31.637337540738322 3.521360701625883 243.32621630649783 204.06148075346502 172.5 82.5 262.5 45.0
39.4441340297997 0.302781821644228 47.85535460928985 199.30785371504464 302.04218179708676 124.36437917103528 171.75 53.25 262.5 45.0
39.390345972251396 0.2490088912888 28.501187450846828 173.46245433656316 142.4771241957297 125.87768380860439 172.5 34.5 82.5 60.0
39.2483451658668 0.251948370612676 22.26575703200865 55.63821742861434 104.335794964502 245.52858379854652 172.5 105.0 82.5 45.0
39.39720776824804 0.29621799268398 38.22800735587099 104.18097524007845 70.79807292974625 349.4199721150886 172.5 30.0 82.5 30.0
39.370715726026866 0.318723135154178 31.96936072419686 346.284369250879 277.6146734379377 141.28068318879625 171.75 104.25 262.5 45.0
39.42205149245341 0.290852893484837 33.47622252097412 324.86875279267576 324.4560448967627 160.4516554070344 172.5 69.0 262.5 75.0
39.40937549860494 0.174682518994769 31.22741649917207 202.73969186955074 254.05530882380123 145.17780090826702 173.25 66.75 262.5 75.0
39.36984468686684 0.250454412131229 29.90150399962515 228.62521151088495 267.4416563272562 42.97090780580125 172.5 106.5 262.5 15.0
39.46120523753672 0.262451152299162 37.72833419055655 316.96769393707444 131.6825026343302 272.8697623413221 172.5 69.0 82.5 60.0
39.40325158529604 0.334119953778954 48.78389242298715 356.251744110099 263.2350605672971 282.7828133897628 172.5 30.0 262.5 15.0
39.44720024243139 0.388331950373721 37.5047789954518 96.04408701696964 96.61656198869399 210.81685797304013 173.25 42.75 82.5 60.0
39.36409710466824 0.26627789887981 23.42990612052518 357.68874160854585 280.52972129015683 257.76769047909465 173.25 66.75 262.5 45.0
39.31775041596415 0.25064574397676 25.210150609158283 108.94951459968452 260.4057594263064 226.49440161799168 172.5 82.5 262.5 45.0
39.349971569186835 0.304615584055396 37.768874417104335 333.8206801421424 81.45633581340743 303.52784317240645 171.75 45.75 82.5 15.0
39.40733146744428 0.239776761081788 25.263415446442234 233.32852306295746 61.29946897642698 176.33586912432858 172.5 105.0 82.5 60.0
39.44670255668214 0.275223744678179 38.35259443639608 208.006687528542 100.13435664777181 109.12300022069898 172.5 88.5 82.5 15.0
39.39893552535593 0.250809667436143 24.18650088764807 316.3445671714944 96.14936189362437 195.45601626409336 172.5 45.0 82.5 45.0
39.44661668050167 0.345557039394068 56.26363236843495 192.8904026830986 272.4178482269012 41.80562628735398 173.25 56.25 262.5 30.0
39.402566029634734 0.28612235993711 33.49692114705327 161.9665438942357 281.2636055097377 129.64954342746645 172.5 120.0 262.5 60.0
39.3324493216422 0.264867678017159 25.08487697559588 177.35953993023463 114.08997009311122 291.6799357111409 172.5 105.0 82.5 30.0
39.41578019247275 0.397459890251763 42.3915032399036 204.48733408001564 115.88163986885336 354.5058518753495 172.5 61.5 82.5 60.0
39.422577771889245 0.32695017099424 36.03743242312466 151.84258239793718 146.80280432039473 15.020084358725223 172.5 54.0 82.5 75.0
39.46057190782682 0.298506058186119 41.95658198116623 178.039136749547 116.6205373739008 28.012479805838243 171.75 54.75 82.5 30.0
39.319429410880424 0.248226369536327 37.97847549362849 36.49520464965445 85.40217066722688 280.5035241339476 171.75 105.75 82.5 30.0
39.380976274016355 0.444620856393431 53.01744823940907 179.64724189189238 275.58376280053716 163.03872409321187 172.5 55.5 262.5 45.0
39.38628509297676 0.37016636792246 44.77046676017576 270.2957663468385 283.58521990505875 100.01822364244981 172.5 45.0 262.5 30.0
39.57404999441363 0.249120484924016 39.69258904536451 113.42951099772861 286.4429793199476 173.41283073449364 172.5 120.0 262.5 30.0
39.48115908899917 0.335622026105454 46.127795597652806 55.86375372502956 59.33587473435791 163.52791273744123 172.5 82.5 82.5 45.0
39.39512635075981 0.239049695574421 29.565546751568274 331.213720270225 92.28842465442625 68.4991273162149 172.5 45.0 82.5 30.0
39.417698055403626 0.239945332605863 22.22277547553633 334.4095894819557 38.96703633169437 340.7323345466042 171.75 44.25 82.5 75.0
39.37072098257651 0.392665066322669 44.97142656728955 177.07800484304414 269.10331427842726 167.74459681170927 172.5 45.0 262.5 45.0
39.48210334401326 0.240612999616997 19.32274916614463 209.88050424419566 65.57069595873101 259.6676442208354 172.5 90.0 82.5 60.0
39.400482840325616 0.2809065577956 16.271091392283484 307.0293432517148 83.89914709760464 174.86431761753886 172.5 90.0 82.5 60.0
39.354316625625444 0.38237021562951 48.94014452569916 141.493019141888 282.8563346835068 157.80307284446275 172.5 99.0 262.5 60.0
39.55079933484683 0.266096605180588 27.634121778246698 241.16585028853873 265.2153149407002 234.950124755349 171.75 89.25 262.5 30.0
39.46980938137163 0.359449397478593 50.84674593985255 26.46321141259915 278.3669556556118 250.29392745423573 172.5 69.0 262.5 30.0
39.32517902237308 0.322581964125394 38.80095034738202 112.51802811403056 283.65074213693424 326.7532478487887 172.5 75.0 262.5 30.0
39.29758507657461 0.225587915699017 19.30038325423698 201.4412515747371 128.98035850402826 134.14846923543928 172.5 78.0 82.5 60.0
39.45201511069647 0.306003167629776 28.80099800249739 237.14525049661026 331.8314256997237 73.21526922234409 172.5 39.0 262.5 75.0
39.445634902565025 0.231710060103502 16.552647106754506 245.95268280705605 98.24459624691607 334.13853899991136 171.75 77.25 82.5 45.0
39.47439634485537 0.2410742190934 17.45854234073326 202.73119980109942 81.51291263695947 11.078759434359293 174.0 81.0 82.5 60.0
39.402987647099266 0.409837575067464 45.048987589710805 218.64186073576826 98.98859555403618 261.7150735959809 174.0 64.5 82.5 60.0
39.2796440551904 0.241330621243308 8.36345704719244 94.0229155139373 267.0565607878453 237.56605870559815 172.5 90.0 255.0 37.5
39.50406436346397 0.323794550196687 27.529381529368557 132.42162578093317 288.86762883378816 302.07147236060064 172.5 102.0 255.0 67.5
39.42248204029034 0.345479590201712 33.5232646299 13.168058189173287 299.0814313497396 136.37765360622254 172.5 52.5 262.5 60.0
39.43723121807884 0.24518035222486 45.524590654186916 178.18351007211845 106.66980489346798 25.1505617028292 172.5 55.5 82.5 45.0
39.452942757655336 0.327288156757005 27.859874873376043 226.44900356900118 235.48007635099822 262.6247794792338 171.75 47.25 262.5 75.0
39.35670445519595 0.23179021235627 25.10728880966662 63.45299310468965 60.851290444565024 265.36624441247216 173.25 48.75 82.5 60.0
39.26509219371196 0.224904845547037 41.427241577028404 168.00239111055316 86.80261078357196 32.68117307071594 171.75 119.25 82.5 45.0
39.53496174247914 0.271740529655862 14.787753995230274 248.59393870984994 78.12832387889124 8.775207591200386 173.25 77.25 82.5 75.0
39.38056302802328 0.329692283810061 22.923686048310557 97.60944010425392 256.53105709178817 90.9577906583932 172.5 58.5 262.5 60.0
39.54318429569217 0.229973999234583 12.601042785217189 210.4823469330634 267.1395693406318 115.73082693825708 172.5 120.0 262.5 30.0
39.44198373749562 0.265181587223316 23.5245529709423 260.55775743040215 232.9170255369989 137.49690341421075 173.25 42.75 262.5 60.0
39.435290012728316 0.294806909413376 41.64675369604627 108.27615740938813 248.26178113520777 116.22513854132886 171.75 59.25 262.5 45.0
39.61702617719689 0.20701359533126 27.28987507240826 58.744711021816634 89.04946151660637 7.236331622174285 172.5 130.5 82.5 60.0
39.40138405834545 0.298333247135502 52.322451115790514 173.90023869025757 105.36129115716199 260.51772600776803 171.75 47.25 82.5 45.0
39.45911036906954 0.35512766938559 40.72496311513912 343.2023924170954 67.98056755245466 57.083281481296034 172.5 60.0 82.5 45.0
39.400258931097866 0.216781714726036 14.355768938472403 233.63764991892805 95.10875004456855 217.69304567680416 174.0 87.0 82.5 60.0
39.374404513155234 0.379343386448915 45.25933863366367 161.12767517715008 87.10188219482664 44.367979454924395 172.5 60.0 82.5 45.0
39.39091081033726 0.240863029568417 17.822765028754596 154.30412633383654 101.90760322683971 280.57061389222383 172.5 45.0 82.5 60.0
39.36159996517767 0.344627553279195 38.04197985077451 309.2844252619503 272.9708045919326 203.32782359889447 172.5 60.0 262.5 30.0
39.35354901521348 0.260823911582162 16.452476104772078 51.21567438884606 85.42537714323763 38.37197244589005 172.5 105.0 82.5 45.0
39.5840960146555 0.258319044339696 28.596260012945855 2.486244283336861 261.61842905868843 50.304602409794555 172.5 108.0 262.5 15.0
39.43622736121321 0.276409908081755 31.090991168589728 124.48449033137503 76.54030096274842 238.06489553273946 173.25 110.25 82.5 45.0
39.413004979359194 0.275307936294805 38.241907327553314 19.82654482256933 262.91787869243205 356.92177576349764 172.5 118.5 262.5 30.0
39.36792680356139 0.358066306471692 35.04762742828023 3.837585340200645 79.16211389129687 162.28210886845193 173.25 39.75 82.5 45.0
39.486319918318046 0.240849130156842 19.777613315280483 45.5144171635716 75.07691211806154 53.38062456296595 172.5 120.0 82.5 30.0
39.57580396511869 0.245839221605744 12.96285734039078 28.88282412151246 64.05158010463391 171.550294514675 172.5 111.0 82.5 60.0
39.25472617569471 0.236031667730975 29.63342658683314 79.27693466440006 261.8300549078581 13.010359899259083 173.25 107.25 262.5 45.0
39.456408342906144 0.239009150896701 17.282688239428058 134.85599755395918 100.25542614585477 323.72701499359965 172.5 72.0 82.5 60.0
39.38390731827718 0.254388659152741 32.43144207690548 42.135581102409695 229.52336859581652 53.125634037173654 171.75 50.25 262.5 60.0
39.40983332893261 0.287395485400129 17.9370290290063 52.92147545233521 293.51427479732195 109.4686700487096 172.5 15.0 262.5 60.0
39.34402654151701 0.305197651620083 41.19567896591866 221.58441041858285 77.93300783894092 263.14616685449397 172.5 45.0 82.5 30.0
39.48996263528386 0.270022979911985 23.617641340421294 254.3002878492863 259.49243700889565 147.13624857264054 171.75 117.75 262.5 45.0
39.43596524831403 0.266751363766745 18.12688436830571 334.20862246987605 94.00779723688424 53.170662050446396 172.5 30.0 82.5 60.0
39.28610141281092 0.252438944930265 34.35402586763812 34.86894150098231 88.8813591633161 22.184779341383717 172.5 103.5 90.0 37.5
39.341138391603394 0.258486908535636 35.92603977840864 53.15612095573515 252.34204969924343 49.76918652997315 172.5 120.0 262.5 30.0
39.423518130044435 0.26825669119109 25.113342429510933 50.1217525896619 96.21057195539957 267.49920195527255 172.5 85.5 82.5 30.0
39.3768718051241 0.355562346410519 32.37484728590053 257.96572527065956 90.07770433112601 339.36434455454076 173.25 50.25 82.5 45.0
39.43097401279789 0.218114429434224 51.95012942287587 205.42411467767653 255.8635698935391 149.8020403586948 171.75 62.25 262.5 75.0
39.43276039229621 0.183578509450438 27.854756997562806 32.844693440344365 273.92290426686463 268.62784687419037 172.5 60.0 262.5 75.0
39.39406537146611 0.205223549794986 38.546722848405864 209.62592178060655 117.03175445887558 103.3674947138653 171.0 57.0 90.0 67.5
39.40921572206927 0.238054130826134 36.30312847430488 80.82128814001197 80.32277657285428 126.65588944154807 172.5 60.0 82.5 30.0
39.33921006405483 0.233652255580169 17.080378241225095 216.67173584539617 112.1579467918941 112.04859575115063 172.5 66.0 82.5 45.0
39.41870749846857 0.247662868637985 33.63269709127387 340.61350374025864 289.6840249562339 26.215215579928163 172.5 60.0 262.5 45.0
39.44618709633937 0.235449995645265 37.03528145299591 317.9875524101586 237.7479322087164 112.15297773834405 173.25 87.75 262.5 60.0
39.369513410240366 0.219187864824415 15.457074142400291 326.90393808900717 266.9579907747259 77.88083072830511 172.5 70.5 262.5 60.0
39.40725466920642 0.253063920347278 35.700963326184514 38.254928333441676 96.3615007028403 339.4847636927454 171.75 104.25 82.5 30.0
39.4374094581375 0.26575710653687 16.971632534280705 119.52879441035012 302.2399428854895 173.33974575272063 172.5 45.0 262.5 60.0
39.5152201561057 0.249390060953983 18.975101262074247 348.6944099986676 275.6089520696417 287.6956701327855 171.0 76.5 262.5 60.0
39.25106125825337 0.224604254447742 26.16094096391236 334.3010706919552 260.0493430621859 62.42224138832647 172.5 88.5 262.5 45.0
39.309259166713865 0.331933123595298 30.23672390116886 95.99018770961574 96.77134128219369 342.1950720056081 171.75 90.75 82.5 60.0
39.34986590514453 0.283380923350469 20.18768178026333 42.44627986245877 216.63115580695444 282.3838039524761 174.0 52.5 262.5 75.0
39.43526750333753 0.323414345996621 42.19826939348802 176.18880050613052 48.41353471032115 313.8301403663098 171.75 50.25 82.5 60.0
39.476632705035904 0.270984499625173 32.37778613191109 88.14157452463911 240.0669146428031 340.18280335639764 171.75 102.75 262.5 45.0
39.317891196021115 0.203773436040081 19.451737366384435 187.1117261583108 279.8349755009121 158.7457967897491 173.25 77.25 262.5 60.0
39.33409282094038 0.256184980282978 16.476960284276334 235.6388621896167 267.3270941816015 98.12195367159072 173.25 104.25 262.5 60.0
39.40197288764034 0.287253792892763 34.37342405327443 174.74901527664693 90.34118388543398 11.468178315111864 172.5 109.5 82.5 30.0
39.33542261409981 0.343366700642406 38.907431913217756 30.72348735125716 107.21599994902287 261.43070251540445 171.0 82.5 82.5 60.0
39.479786037323485 0.248942556119113 16.473926912013944 336.06568664027225 251.32445290486635 315.0089407953801 172.5 66.0 262.5 45.0
39.35792515261467 0.254607432943295 34.42520869717066 310.2060446659425 312.07104602793225 50.738557089315314 172.5 55.5 262.5 60.0
39.40278410244983 0.400856547258858 53.73563494009632 210.0091887620714 247.62396658911103 166.6915646140317 171.75 33.75 262.5 30.0
39.507464134987515 0.281782901589635 20.2619171033637 102.69775415985882 241.8527317852114 131.65108164425033 171.75 87.75 262.5 60.0
39.299187924328535 0.278848896111594 17.371407714673087 144.35487289278393 126.50292654608972 19.955500291657643 171.75 84.75 82.5 60.0
39.29693384816773 0.231493600172783 13.748467828780095 259.0174804902702 294.531631470759 353.76627469890377 172.5 105.0 262.5 45.0
39.28686605167129 0.239594174226511 14.064612687581675 45.96923338744725 54.8250482031522 287.43187749807487 172.5 90.0 90.0 52.5
39.352809093400474 0.269749998643105 22.15539559394378 175.65057504544254 80.46039769848159 302.2643970398116 171.75 80.25 82.5 60.0
39.274302403290186 0.231111084836887 23.14023966475241 224.7433619765677 293.18054091734166 244.98838421784484 172.5 84.0 262.5 45.0
39.44488336278672 0.338927452105219 29.394550998002817 334.4834815185551 79.71264912171479 62.590903512604164 173.25 41.25 82.5 45.0
39.32223346160949 0.319338273396678 37.37138760972306 317.0774657876188 56.842596784058344 84.31877124469358 172.5 78.0 82.5 45.0
39.44034361786882 0.318646895367496 39.385336994034525 152.16751310871257 83.78006243455476 66.09237248550336 172.5 45.0 82.5 30.0
39.50785982604606 0.227171389746897 16.49331097033012 303.5874594249197 53.704102491200054 207.64230649388594 172.5 90.0 82.5 60.0
39.37864919062101 0.404993819118167 55.75943000888399 163.61639679936044 263.52999126819185 283.185428590175 173.25 69.75 262.5 30.0
39.39680320941991 0.322672270796312 54.65387669761295 169.18803821535457 88.6903968458222 171.5577022786471 171.0 49.5 82.5 30.0
39.49765688583168 0.197060518175219 36.907818847291786 287.20290345935206 104.42176095896396 78.85135650335852 173.25 71.25 82.5 60.0
39.39708929431626 0.351728653479941 49.85448443226901 30.465117159553134 99.81168442581617 13.559213528853826 172.5 15.0 82.5 15.0
39.34722752752444 0.205514617291174 26.03447170510781 65.60242393438385 266.0988138426424 23.81291490421713 171.75 74.25 262.5 60.0
39.57362307905995 0.228307707075217 17.96150332039012 315.4776906056388 283.725452663551 319.6424162074197 171.75 119.25 262.5 45.0
39.32590079511022 0.286533758836695 27.077103388162584 78.93913577850404 89.18636914110547 323.29972815312846 172.5 85.5 82.5 45.0
39.29610409773262 0.234419371646867 30.56116642468053 30.838357777444216 106.55761239278526 117.73852883859557 173.25 83.25 82.5 45.0
39.41694608063997 0.218358283457523 16.01756537511103 220.37062999409423 100.1703906226124 32.87273402812316 172.5 90.0 82.5 45.0
39.38262472758801 0.260442374134658 32.854806632088305 95.70483277154337 227.6755710732019 132.57956311287896 172.5 49.5 262.5 60.0
39.186332008770314 0.236228978288785 26.65148721346444 185.10191646028363 288.2542315491947 155.76999438105625 171.75 123.75 262.5 30.0
39.43223301605337 0.294573121608632 20.461131145042078 276.58691065474653 48.29869769489516 114.06742535603388 171.75 53.25 82.5 75.0
39.41726210357172 0.325658673653943 28.364211034582805 46.22299399610706 231.52714225154733 162.63791001720134 173.25 42.75 262.5 60.0
39.48273558734328 0.206796937699707 28.503386950218424 131.56593818967616 118.1580098159684 47.84202896930429 171.75 89.25 82.5 75.0
39.326753327882194 0.27406444553913 31.10145197507467 166.10957591526633 238.08294343375763 168.017347906211 171.75 80.25 262.5 75.0
39.4400962390222 0.36590112443912 32.85178515369187 82.19323720868704 293.3192099711273 92.55817650547635 172.5 58.5 262.5 75.0
39.37153039647625 0.300483448428358 16.31739514943941 357.33321360051696 251.42220656165978 284.4661714027951 174.0 57.0 262.5 60.0
39.327990155475376 0.25089040393161 13.50086277922374 139.58602096877866 113.87435962564402 298.09985435515057 172.5 64.5 82.5 45.0
39.53816710216515 0.308385682024655 51.69805817760062 138.67193949794787 259.57990074704037 71.02104627979897 172.5 90.0 262.5 30.0
39.41560850712115 0.339328719875699 34.740802535300745 337.53607874765396 113.81651220098347 170.38968337084282 174.0 54.0 82.5 45.0
39.454182507920535 0.253984721326567 41.119715591998634 141.90232653047104 104.41787931380472 189.39292394786614 173.25 72.75 82.5 45.0
39.42033547386016 0.219383929537326 32.47773830408078 31.702426436338847 86.2190551222681 11.38250678194378 172.5 51.0 82.5 45.0
39.36234158018981 0.200763163189241 22.58989342968681 315.5788933621614 265.940801643382 301.309797510136 172.5 60.0 262.5 60.0
39.310520483720836 0.323782386274254 38.2306435215107 216.65483490839802 280.2105967357189 14.799980913460335 172.5 75.0 262.5 30.0
39.47928856518546 0.323967728631272 44.60286804234576 188.77747415786288 237.46099824961243 58.18679621330882 173.25 56.25 262.5 45.0
39.48011730273335 0.2347733002682 13.890432560544703 193.56960272803673 121.3448362081731 355.4718268522641 173.25 69.75 82.5 45.0
39.47945063623656 0.267898491035763 38.406584037834904 165.74328782960131 77.58551573690437 89.87786262539969 171.0 108.0 82.5 30.0
39.27229540379148 0.206527680467141 21.85740838679244 272.9817225990531 274.5968675148488 103.25387440264228 172.5 85.5 262.5 45.0
39.40397796194135 0.222837475472768 30.761131561677733 77.26779781234453 311.7153858427008 205.72688113596084 172.5 48.0 262.5 75.0
39.48097023891678 0.366013585616541 51.28909564255144 322.8016850433937 274.85989665573334 72.26916256091266 172.5 76.5 262.5 30.0
39.49165991360812 0.274988877705981 25.624931535175033 174.66409966051 274.50751798584025 266.4502044325252 174.0 81.0 262.5 30.0
39.42048502056221 0.356527790452784 35.41694182527283 266.88730797647037 123.8152464679715 203.63230608972194 172.5 51.0 82.5 60.0
39.443162486634264 0.290805807955574 24.72951374658918 322.2290669892156 130.39446559834062 152.76889289128874 174.0 54.0 82.5 60.0
39.22298507027994 0.240401008048717 29.791253219487952 102.05193157849808 94.31997027006476 92.3624047229019 172.5 105.0 82.5 30.0
39.354132935234084 0.365329903720158 53.11727425483088 280.7904631880415 241.27371712796167 117.55141353889742 172.5 48.0 262.5 45.0
39.39692799703614 0.348018114315033 40.51892463525378 277.55094211030837 80.66871525842463 340.7732042998538 172.5 15.0 82.5 30.0
39.49797037686562 0.342728753661641 53.829108755062535 165.89742545600123 99.82321966968851 39.72962426255069 172.5 75.0 82.5 15.0
39.44918435899048 0.352913542831265 44.59920927905262 193.65784946055504 127.06495014410942 107.84268743835774 171.75 75.75 82.5 45.0
39.39199836566438 0.321872756950623 54.29288484370121 30.60564798524004 293.04224418101677 0.612845505936419 174.0 42.0 262.5 45.0
39.4353879235873 0.215122291598971 24.606932886829878 1.015569361024826 62.3309030556636 283.79463102874183 172.5 90.0 82.5 75.0
39.339371220799606 0.262666057398989 43.5747987000614 38.19493455966014 242.30762140333513 274.384399806732 172.5 60.0 262.5 45.0
39.47091213339244 0.235813488628637 20.335931372413643 201.0920858210945 258.36925523316626 299.3333008916935 172.5 90.0 255.0 52.5
39.53502455375209 0.206395005783863 30.49978454821928 163.82110824510642 78.31880825037618 293.0259193308482 172.5 94.5 82.5 60.0
39.383829076476985 0.313174786956463 31.86321214899442 192.67453591123018 55.23272207159494 310.3548151575591 173.25 59.25 82.5 60.0
39.28964776754294 0.305046293033212 25.56158632371269 223.25049907615366 109.4595118771713 238.8836286025844 171.75 87.75 82.5 60.0
39.26965089340673 0.24547035531822 26.200840285208496 175.4406561970816 117.98468979607615 2.995201561581333 172.5 105.0 82.5 30.0
39.46559669427234 0.252911686708062 33.545201909873484 309.6207769990868 116.2580208666621 62.21673756160431 172.5 60.0 82.5 45.0
39.415870638154374 0.26968314496481 20.25605998434716 268.68958175937036 107.42365235508935 98.85519848967907 172.5 45.0 82.5 60.0
39.405817240213175 0.260848302326102 31.788602708668243 278.5190867734263 110.78050419121868 213.6791587407669 172.5 60.0 82.5 30.0
39.56378195587049 0.25671927480481 12.394009953594649 35.66394049872957 85.35568547266504 253.84121931843163 172.5 105.0 82.5 60.0
39.442189899530376 0.345941757184127 42.13546421431371 121.76547867002594 97.42442129034727 197.2268960964216 172.5 45.0 82.5 30.0
39.368144868964336 0.244699015507011 28.570455343038603 79.04920727561029 216.5934917970259 33.31761993797703 173.25 48.75 262.5 75.0
39.36558668168445 0.27737720943003 51.48413155842456 104.73881549656252 261.27204452118065 100.254664886048 172.5 49.5 262.5 45.0
39.566588845959906 0.24064413615648 37.398990294772936 224.70487259225132 293.9341662620981 356.6116896462463 172.5 111.0 262.5 45.0
39.3070295716706 0.242995111496606 24.66703477408749 252.93617893729768 287.50199898003007 0.003301447675639 172.5 90.0 262.5 30.0
39.33459083035481 0.359377948469718 56.95775675866674 114.30581200204003 262.4683514796284 99.22647271170311 171.0 69.0 262.5 15.0
39.55858059876917 0.241046042017863 21.629166125299996 210.36548092924036 85.21395732413825 125.59210127761136 172.5 105.0 82.5 30.0
39.37398909015122 0.460724449646603 54.39696249062359 346.4088890044246 79.41122445546334 61.739874020091044 172.5 45.0 82.5 45.0
39.45316954390677 0.359457113971284 34.38938447342594 314.1816156740675 245.74885731407 195.34937087560323 172.5 63.0 262.5 60.0
39.42351114455564 0.276128666886722 48.9776419777075 285.25313498080635 289.80879028019854 93.72249167245968 172.5 64.5 262.5 60.0
39.473859732549464 0.259311765477845 18.97843108504626 22.928656858832152 86.2548190552982 16.614886516326827 173.25 84.75 82.5 60.0
39.389893389539175 0.289382514383203 29.103414565575708 149.84762262337887 264.6264616674346 160.24451482365944 172.5 97.5 262.5 45.0
39.36011513808988 0.33953488226889 37.330269593074355 201.880288782467 228.3618386148459 57.03725748028665 172.5 54.0 262.5 60.0
39.26557939545902 0.259354259724613 26.98072034705414 81.08657059822221 287.91823508352684 100.8035526046731 172.5 84.0 262.5 45.0
39.36406774274161 0.282890555778367 16.154681536432033 19.651575309629354 107.75350811607214 114.6035507278269 171.75 78.75 82.5 60.0
39.288023481134665 0.239529713484687 34.52143136406567 143.54197609054688 295.2567106878669 166.57320014842085 173.25 102.75 262.5 45.0
39.4209705550255 0.20196379480823 37.360619825819285 121.49266765158157 122.39942405905309 48.823517703571255 172.5 58.5 82.5 75.0
39.40111885203557 0.229527746458573 23.165885258798372 312.5473194496234 276.5760845561808 330.7802467960595 172.5 87.0 262.5 45.0
39.29182833404036 0.302830509851779 22.30353073678124 188.91569988931752 294.6156521712676 147.40152160011354 171.75 93.75 270.0 67.5
39.373518601041454 0.241863906392681 15.734837964640848 279.73181541204895 72.85725890246754 234.54407171167696 172.5 45.0 82.5 45.0
39.39010650475373 0.299362135958922 33.193199249457734 115.81856018212444 316.79853787643765 275.61420683760866 172.5 61.5 262.5 60.0
39.44069836249113 0.346913838426974 46.11659683382289 147.4350664783536 229.16564777951942 82.68435449826217 173.25 47.25 262.5 60.0
39.423146039613776 0.347716911259651 53.434374903071564 349.05556037361293 96.71189922881005 166.03514043193928 172.5 31.5 82.5 30.0
39.38650048030479 0.35425362689146 40.34553741043526 211.70417820207098 119.58923052795276 121.98790098413528 172.5 30.0 82.5 45.0
39.43081332433944 0.225685148714143 29.40200569135806 245.27453062586923 267.25153850410175 26.89994416832421 173.25 104.25 262.5 45.0
39.50450932074659 0.352303963477247 45.25719237083144 7.947916287909272 112.94373117422363 29.302086273719567 174.0 85.5 82.5 75.0
39.48410077167405 0.317139886723326 27.81000051731163 137.72275506841322 286.5660944628289 276.91458472736076 172.5 109.5 262.5 60.0
39.30310350922531 0.250887290531393 13.370762183176621 175.65645140268143 111.3479030762089 49.73187294052528 172.5 90.0 82.5 45.0
39.3712878222976 0.32622664457412 46.65273906754054 263.24811695177164 281.811318660925 347.9056601986553 172.5 57.0 262.5 15.0
39.29940310047926 0.252294247261921 13.114967500347822 235.2342441960824 115.76036218471715 339.0656606855425 172.5 69.0 82.5 60.0
39.31460919927885 0.239003078304744 29.299099780749067 37.31419731767875 68.51337607250687 29.56503157399992 172.5 88.5 82.5 45.0
39.295142555276215 0.249582741287067 13.409830451321227 324.8592315535463 227.40231388662764 223.13580864336382 172.5 75.0 262.5 60.0
39.270937692650016 0.202860597802492 26.55900366498133 329.5995874414423 72.68601139010724 338.7363510474971 172.5 117.0 82.5 60.0
39.37336517868753 0.225759511764953 15.55216280911741 320.4403639996094 242.37742626157868 336.6778691348934 172.5 45.0 262.5 45.0
39.46008140987563 0.296575990398243 39.040967493860265 164.31423187660164 128.15555351802269 145.20599716530668 173.25 50.25 82.5 60.0
39.320500166103436 0.287522062502091 16.65724329923467 38.41819118107874 78.38049753177904 126.42728501829015 172.5 78.0 82.5 60.0
39.45278250669608 0.303265969480967 31.67915545458612 190.01057092136625 213.6251783552041 83.60447329020799 172.5 60.0 262.5 75.0
39.352033683835415 0.219299122819298 19.140967938973724 308.69530049668515 68.50104909850982 350.4796714206394 173.25 86.25 82.5 45.0
39.35296114236851 0.300844448376662 36.115017418355364 236.00711537201283 219.3768331571215 283.9768705359857 173.25 50.25 262.5 60.0
39.32873730801069 0.293237924413925 39.48466281503458 291.4453499463283 277.82265082428626 302.03056395803355 173.25 81.75 262.5 15.0
39.442212382664074 0.369752894826268 51.79412431905715 284.4958854884115 65.96140666262752 120.35492229756086 172.5 60.0 82.5 30.0
39.43822803253377 0.258013868215951 41.068505492873676 47.84249434391071 96.91274492962066 127.27718420685028 172.5 45.0 90.0 37.5
39.438632780787444 0.264706944742143 35.87383272164549 292.6882817966042 293.71147964960943 74.99359536739925 173.25 50.25 262.5 45.0
39.41430462501457 0.377498552022565 38.22579875305026 214.08305322392394 100.81005657196275 262.2973818183889 171.75 42.75 82.5 60.0
39.530653616655776 0.21877007931325 17.025038664320693 6.99773118942023 60.86835107806502 39.47905340234494 172.5 103.5 82.5 60.0
39.52859441723866 0.290571144553943 34.597446151808995 197.069173556127 280.4571987452373 125.21726323470345 172.5 105.0 262.5 30.0
39.47098522358434 0.237355306661594 17.38362832739202 259.3331624179444 255.205318788184 118.68305981432088 173.25 69.75 262.5 60.0
39.305641326654964 0.33953065092583 40.75352266348787 149.26409265556387 66.15045213625554 317.42949733482 172.5 67.5 82.5 45.0
39.50558424683061 0.247685308873514 26.306216487367585 179.0240640873386 108.9396922077703 1.235575785003125 172.5 105.0 82.5 30.0
39.25208023822944 0.233723631980766 22.940084805421844 217.83866177829555 244.57463457885603 171.9420219227488 172.5 105.0 262.5 45.0
39.50055903770295 0.27650259705297 25.158770198583902 134.5036710405138 289.7977095235823 276.1037432770368 172.5 85.5 262.5 45.0
39.50960912990309 0.238705556886855 32.002009369604316 305.72446836079894 244.8103912137549 222.79386757447583 172.5 106.5 262.5 45.0
39.37423282642439 0.297901970720162 31.451353444067866 275.98862404331885 70.47093022154249 103.6863991712609 172.5 45.0 82.5 30.0
39.30408430445796 0.302023588283223 35.2305801704607 125.60642267995397 80.6735807052349 71.97245387157298 172.5 103.5 82.5 30.0
39.307883793213634 0.222635757338895 33.02510062947938 184.85512663470348 88.20735140862196 305.31483847617966 172.5 114.0 82.5 60.0
39.26304272426517 0.219906058106408 22.229701406708635 66.65324948084822 105.41621916851146 356.15862703319596 173.25 90.75 82.5 60.0
39.48435734490505 0.297980072809363 42.667567639565846 6.473275568569767 285.7546304069606 37.118635411525595 172.5 75.0 262.5 30.0
39.47648118227399 0.314260607254945 36.94103819168029 56.37231614321767 324.85976468489935 178.6295370834639 172.5 79.5 262.5 75.0
39.34704357011398 0.333956474289582 49.548594576319466 313.90119626732235 73.8655130818486 201.52287780604127 172.5 45.0 82.5 30.0
39.27006603752961 0.268598819731927 32.120220350145615 22.94279606736383 119.14208912818003 355.70947700513534 171.75 110.25 82.5 75.0
39.48561747995554 0.347569531531377 55.391153225463505 106.31949596020858 249.3160207322718 213.73486919442803 172.5 75.0 262.5 30.0
39.4267681579952 0.36726869627001 43.137957516932744 210.98661696665403 307.6544174975182 96.59177882409848 171.75 75.75 262.5 60.0
39.44098573016846 0.293117535339519 21.910062563570616 20.478401174168102 55.31080297976801 293.09844732707023 172.5 33.0 82.5 45.0
39.476077987855 0.382986318966967 51.22167555015565 128.81352318869273 79.83574127567057 191.79364185939258 173.25 80.25 82.5 45.0
39.48422040228888 0.282025236517603 24.208970497101063 291.716395696205 77.05050563594578 84.77905329308973 171.75 75.75 82.5 45.0
39.53112201343195 0.240320438309133 27.66026602468145 105.30557751329962 77.15945524502216 231.1897961948497 172.5 85.5 82.5 45.0
39.291002346975574 0.236543501472784 21.1748258433135 336.19666392720416 97.41446901999782 197.81387038173557 172.5 105.0 82.5 45.0
39.33855989743517 0.308801565101114 30.993612434912414 51.73431362257231 327.5332579657803 101.19596344922269 172.5 67.5 262.5 75.0
39.56539084788465 0.237016171870684 16.629879667039862 260.271428980329 122.77945670780976 346.9468518080748 172.5 108.0 82.5 60.0
39.47465281753044 0.411511904747531 51.55025076842139 357.85930237628537 73.10001467053088 166.1789572365646 171.75 62.25 82.5 45.0
39.42208289125247 0.27143480404501 29.93797876605516 193.4192066633576 295.03307393678176 232.79789727489572 172.5 102.0 262.5 45.0
39.384000381302634 0.275984155160348 19.080038715340553 318.6450419864496 246.03146742329935 324.21762714781545 172.5 15.0 262.5 45.0
39.438841073472595 0.266674946277595 19.065122089793963 242.31131583610465 96.50697213824935 249.92434401550508 171.75 83.25 82.5 60.0
39.581269092486984 0.257385333615374 24.67821294645778 206.00034311870488 270.2525797560847 268.24587539166714 172.5 105.0 262.5 30.0
39.4422823466778 0.237582478276708 36.74362168947184 313.260294912832 50.67800862993088 347.15488070711626 172.5 64.5 82.5 60.0
39.377456844787275 0.252891664229567 39.02568698932018 15.475315274230391 96.60115203181356 62.52711978409005 172.5 126.0 82.5 30.0
39.54361937552621 0.256399869608763 34.12779820281199 89.7213776143023 285.99842451628086 101.32984346240002 172.5 102.0 262.5 30.0
39.348586618580924 0.269291449692552 18.80726348019757 308.95988146043595 256.02052415763717 176.13669031897555 172.5 105.0 262.5 45.0
39.551399544170565 0.23200723918694 13.094351715207468 278.0659394014358 232.16106636000467 347.97466358571 172.5 105.0 262.5 60.0
39.39464206327931 0.3363560143337 49.01640127973409 156.55675753227462 291.5990166148813 280.51641323473626 172.5 30.0 262.5 30.0
39.464976589812366 0.284050343673215 21.59630929214124 340.81271729062735 104.33135188004405 307.6529513766099 172.5 103.5 82.5 75.0
39.47076230286044 0.331545557606696 25.00573595333333 164.3245802490357 66.18236279621053 311.8514523151273 172.5 75.0 82.5 90.0
39.45453029506811 0.278172187406613 16.76570923509045 185.28771578104661 260.9677483386811 41.051998439700974 172.5 49.5 255.0 67.5
39.332000636106955 0.187427074477367 37.16585663425094 91.7050385773692 100.50383145378605 219.30510832218184 172.5 67.5 82.5 60.0
39.456319225805174 0.231230590607669 25.453091494460026 150.1560653227507 126.21545043543871 36.61761129348779 171.0 48.0 82.5 60.0
39.37284087720901 0.213597326116138 29.12393137376732 186.51155013543323 108.85035529139613 33.51850189719585 172.5 60.0 82.5 45.0
39.42987289337575 0.250304832301852 25.93452345701919 5.052201261576164 278.2238028650629 174.37811053597753 173.25 83.25 262.5 45.0
39.31426444398234 0.267545960052523 18.125129001681103 269.2474755444811 66.1076273894051 5.609411016212771 172.5 63.0 82.5 60.0
39.48476862981317 0.284998004280219 20.961550226362725 37.962914869599196 242.67364329380138 11.336801701303164 172.5 105.0 262.5 45.0
39.34123668275965 0.236500651000889 17.295893268009266 24.77121684250338 67.39403740078934 292.6094971135602 171.0 76.5 82.5 60.0
39.33799962189747 0.345635613625247 37.610690828395896 129.83204405542207 52.84989265137845 346.68694416275196 172.5 67.5 82.5 60.0
39.325822324362896 0.274704721237111 21.366216686973384 319.27791910240893 314.48318149598157 273.14012860354387 172.5 61.5 262.5 75.0
39.384600404000956 0.371597904112579 31.246231155856865 302.26699934466393 290.2751599939958 201.54045871580405 173.25 68.25 262.5 75.0
39.31748521607203 0.338619772349192 56.703581939857095 4.426316750100169 259.14750484008454 280.2475248739468 172.5 58.5 262.5 30.0
39.357168567160535 0.348509542221889 32.20324800678208 250.4583366265391 106.72324186018847 330.58389786003687 172.5 66.0 82.5 60.0
39.38662218546566 0.241563484171672 43.377838694485014 121.9163667498989 78.77567095813534 94.00127632079716 170.25 41.25 82.5 45.0
39.52564219961005 0.265895955792229 17.936459921079464 150.59552531755452 309.28012111587543 12.372472113567275 172.5 105.0 262.5 60.0
39.41196378679371 0.339054427763009 44.65941831446461 235.4591734428542 98.97631313836702 3.08882869046723 172.5 30.0 82.5 15.0
39.3886591146051 0.214003492742446 42.85640208057979 141.77036048889408 97.32718732906007 175.51691306575455 172.5 57.0 82.5 60.0
39.25344512595719 0.248748345466042 23.356329868012356 71.38431596797194 52.55107212815675 135.5380435073377 171.75 89.25 82.5 60.0
39.3986463606642 0.196850730800012 20.19935105739195 292.65521051218576 263.19045287145724 60.97166795443011 171.0 97.5 262.5 60.0
39.325429937076635 0.201901649911698 22.2359545381314 25.192965416170065 90.50958312052978 163.49286073238474 172.5 90.0 82.5 60.0
39.401118421066975 0.279624267851546 28.497924564562286 284.7842761978555 73.2794370270249 231.26098934392613 172.5 45.0 82.5 30.0
39.281887473847945 0.340965993573399 29.3295055989713 10.495529460298819 113.14156016915409 135.5499365398722 172.5 67.5 82.5 75.0
39.357485824005714 0.307642766838976 26.516329683620565 69.36923928084185 262.79378357028037 98.0284558953593 171.75 86.25 262.5 45.0
39.46021900949894 0.266552044048576 15.186475162440669 246.40047195096898 87.86558816481578 14.171309126191264 173.25 74.25 82.5 75.0
39.35123098551684 0.227712434722952 17.39242746710043 266.1044360467544 135.44322841225943 63.88958303315433 173.25 48.75 82.5 75.0
39.2909971426338 0.314864264894943 29.399608493969968 60.287563890715745 80.1791980594109 233.80129129554098 172.5 103.5 82.5 60.0
39.35527025029006 0.296854712121195 43.728751004926934 59.99988862604574 102.09910547670431 335.1912143628156 172.5 69.0 82.5 30.0
39.435257792472214 0.288822617096939 44.68377193634128 51.65703499120941 68.99269169064065 20.59985303167607 171.0 40.5 82.5 45.0
39.2407187401698 0.247130784006055 24.823943856942364 300.63918645116087 89.97216241178603 305.2238334868435 172.5 108.0 82.5 15.0
39.521492524225714 0.220404073540918 21.34840105209637 158.27497152727645 301.1300613290855 122.10301501648682 172.5 120.0 262.5 45.0
39.471663601693585 0.319925540811034 28.216246653234965 53.58346532440889 224.80083427402303 282.478909258982 174.0 58.5 262.5 60.0
39.25670651868727 0.239833167358176 20.284554823149133 17.049333294039577 79.8822550970653 181.86812372472394 172.5 120.0 82.5 30.0
39.443674324254374 0.242983093036756 39.45496254588841 67.1568004919361 267.74459149915833 236.25449348167325 172.5 45.0 262.5 30.0
39.477639849558216 0.288094828216701 18.219387385389687 189.49493573492566 283.48173905391707 168.0800023072753 171.0 93.0 255.0 67.5
39.54639762616659 0.259372369267364 28.848352348648653 223.76452464344007 65.73799552479088 250.96662735212124 172.5 112.5 90.0 52.5
39.47939280323784 0.283450910555615 16.271080144573098 118.1911750643218 86.49441266821344 204.7763979558217 171.75 59.25 82.5 60.0
39.57530569184878 0.242719601917666 23.245739029688306 82.74598448090912 113.96828068312564 211.28208880128057 172.5 105.0 82.5 45.0
39.46669840772966 0.302798783214901 20.355354133083846 60.8616157806873 83.89308195288906 245.39508130948144 173.25 45.75 90.0 52.5
39.448762839561866 0.261877876544123 28.505953495184254 51.9231883910753 236.45894594960657 60.13000025500802 171.75 105.75 262.5 45.0
39.514504179433345 0.317043404191239 34.385469266640996 242.25983296936474 298.3147560946158 195.470428946805 173.25 84.75 262.5 60.0
39.55168621835056 0.300256081218908 29.369827035728928 30.276628456198356 242.60568840289724 152.91120994321287 174.0 102.0 255.0 52.5
39.3356275726017 0.201155814700342 20.451923639697753 273.27544357626533 268.300195684188 196.22145792326216 172.5 99.0 262.5 60.0
39.37888380161718 0.257145161892372 33.30330448358945 231.69308532912237 53.81246871479454 262.3038504904602 171.75 56.25 82.5 60.0
39.47141261279716 0.358031292113984 36.939099517473274 56.301807158204745 60.71044526761227 266.0760385946036 172.5 60.0 82.5 60.0
39.414770537643044 0.271672084775299 20.90241198137905 234.76237785643625 251.076942597994 262.5007242687371 172.5 30.0 262.5 60.0
39.423890321311674 0.35332231744933 47.996617326429586 117.33191863126441 271.63559539784967 77.50398750402607 172.5 30.0 262.5 15.0
39.544750344336656 0.251607122682156 16.51147924625996 178.4216242246996 294.4519283604096 2.128538657278829 172.5 118.5 262.5 75.0
39.545431741050706 0.250135550721422 28.0934898300698 113.19908764824461 278.05177184900117 300.8944902094737 172.5 105.0 262.5 30.0
39.42875311342877 0.272812108530609 36.65701078722863 233.9057577098707 233.3367279486493 165.47840688037857 172.5 61.5 262.5 60.0
39.435847123434044 0.368641343277017 45.26611827059594 28.471497555964987 259.1285213720155 37.57910643237183 171.0 52.5 262.5 30.0
39.50844075900585 0.25176345805191 35.57462785977729 88.56776685315594 66.18842130063763 132.73479781197432 171.75 110.25 82.5 45.0
39.48443657948285 0.2430560237672 30.57847638058332 282.41332447448497 55.65943333637006 148.38176348459575 173.25 102.75 82.5 45.0
39.443987311081095 0.261021339102007 37.3785468497012 52.70926561742195 257.1899952187194 343.96079127079344 173.25 107.25 270.0 37.5
39.48729138584967 0.247407509345222 29.997519101078158 277.7205748951239 113.07998433923596 84.96262283112064 172.5 96.0 82.5 45.0
39.324464702789356 0.260043377167667 21.540713638910624 23.96901032277244 90.36010939002117 42.908786981188356 172.5 85.5 82.5 45.0
39.484884802055106 0.269690418951073 28.566211257489453 228.3593084749215 77.25696556496636 356.0480953989498 172.5 82.5 82.5 30.0
39.44499395428446 0.225601335461041 36.009352439352455 46.16770841696264 100.76920389075086 7.833476667898942 172.5 54.0 82.5 45.0
39.412877952636464 0.267842615617421 41.49472922476205 306.2718186838934 90.54722054506999 278.30093577202837 172.5 120.0 82.5 15.0
39.411733989774795 0.261148094997273 32.66837909459758 334.1955582804096 57.426317590596746 211.47802943096926 173.25 51.75 82.5 45.0
39.45096328758661 0.315488771263917 22.25343118675663 47.7738478238424 64.29229138630159 260.44189410349213 172.5 45.0 82.5 60.0
39.47025406129894 0.241248124115877 10.902446710633287 255.738568974347 108.26347689158501 122.58662308320437 172.5 90.0 82.5 45.0
39.518704957937004 0.220233978415698 24.405936741152736 252.80603020206183 70.89248424359938 146.4970981488921 172.5 96.0 82.5 45.0
39.383052648208114 0.326150034501521 52.93682470190338 298.0317172962702 66.42203741710667 112.30675548058831 172.5 64.5 82.5 45.0
39.40974645632415 0.390342458521498 56.230867033358145 302.0370719371732 258.07378594238094 104.13048447682229 172.5 67.5 262.5 30.0
39.40818433197591 0.246186756781234 21.607684589717078 239.4473808212178 142.23193541203617 333.6001084291032 172.5 46.5 82.5 75.0
39.40006009113742 0.251632896166649 29.513799126027404 101.56919289231568 298.8179279819462 290.0629016052846 173.25 96.75 262.5 60.0
39.4155697802855 0.214189779496586 39.75827361130608 50.98504488861459 256.8679366294151 255.25269946579158 173.25 29.25 262.5 60.0
39.41140427028573 0.404038856366381 55.41206568834993 61.618546867322884 264.0087362332177 246.93698773786417 172.5 30.0 262.5 15.0
39.373836445016416 0.247610821055553 26.924112390107684 279.8691659927043 257.86705532964527 84.62396542276333 174.0 69.0 262.5 30.0
39.33689352783472 0.243604101546832 14.369458922594776 319.7345145072148 237.00415971456061 359.29570369272574 173.25 117.75 262.5 45.0
39.53909808734583 0.27633270565696 24.817789529306808 226.27485513772783 311.81886450232696 235.0959346857394 172.5 102.0 262.5 60.0
39.455680962755906 0.271513839553062 38.21016919042285 193.9323123970369 292.81939964924914 123.3007476826547 174.0 63.0 262.5 30.0
39.24322217504839 0.223977576883328 16.60013349484384 327.81588837039055 265.5956325503791 282.77576984928265 171.75 116.25 262.5 60.0
39.436695226248055 0.236946737496912 23.16216711419289 14.635316179289676 241.37174841881713 141.66128687896884 172.5 105.0 262.5 45.0
39.32177684764352 0.248079703060754 19.626209908683247 21.281222099447376 64.10571477826338 189.61600497665555 171.75 104.25 82.5 45.0
39.415902483594884 0.27344216658987 38.95701973352059 253.46755614137132 269.7804621721173 1.992021409476385 172.5 45.0 262.5 30.0
39.33290076656468 0.239582009818382 20.86816341867644 141.52668881057934 274.6371642635538 274.35441123066573 172.5 105.0 262.5 45.0
39.37742383107793 0.248931879043017 18.733795535903173 225.57401046853084 323.4247162029138 232.96530048373316 172.5 76.5 262.5 60.0
39.428591249201695 0.221399327793721 14.887833583933386 253.19735886163647 109.96639197365793 189.77685260014488 172.5 97.5 82.5 45.0
39.34481279452673 0.303362768225286 32.269182352108004 352.4340083956812 279.17723817743445 180.4633593486179 171.75 107.25 262.5 45.0
39.55180709221932 0.296926831246242 38.47122039423911 100.27264395937331 271.48376422337566 95.6201034456578 173.25 110.25 262.5 45.0
39.412922741145174 0.290390475419631 26.875172364908995 346.7127098249229 251.80861120683375 279.254056732347 172.5 96.0 262.5 45.0
39.40134447695985 0.218687188593916 32.22393252599081 154.46169844428204 269.1303395151931 154.16654193464194 172.5 100.5 262.5 45.0
39.392986519752256 0.254803110364745 30.25918898464063 316.05483547740175 316.8051945407857 147.3484036330294 172.5 58.5 262.5 60.0
39.4387258402823 0.356681366662859 32.79701157931104 337.1837498127036 260.8312770230575 285.72082532303494 171.75 80.25 262.5 60.0
39.42538834367716 0.317653034901835 20.86873087807187 243.93274034461612 112.74476372265678 111.0656619758621 172.5 43.5 82.5 60.0
39.430237262080254 0.343873761462277 41.689335036679545 163.82784386654663 237.14448315395427 310.8671885693883 172.5 48.0 262.5 60.0
39.42640614973629 0.374379112709176 42.72799577469196 49.57258622361321 94.5566458164874 137.72607767239373 172.5 60.0 82.5 60.0
39.39631087944042 0.451733929918567 58.12882155233071 57.37094692934062 268.60750473168 236.94389911764017 172.5 30.0 262.5 30.0
39.42605871854336 0.405337891841409 49.959077191513835 247.12240212306529 275.8133578282917 3.90082149110949 172.5 60.0 262.5 30.0
39.42834528981161 0.31013189627161 24.40307510463823 76.22661133968317 270.86935072276185 250.2247558253746 173.25 90.75 262.5 45.0
39.221547271044464 0.240437578201303 31.732606483188224 358.02291295947515 63.60638316766972 286.5420848433621 172.5 120.0 82.5 45.0
39.40517208917763 0.195822996881926 40.35279804231029 91.56116209368022 246.83941586527965 223.74927627119777 173.25 60.75 262.5 75.0
39.49166669392256 0.290896378854317 16.879543750194923 154.99425928267476 104.20128230839545 31.148839718482282 172.5 88.5 82.5 60.0
39.24523217991715 0.257627723607441 29.57777155872775 280.58330274409155 67.3655442227502 100.20290680139216 172.5 105.0 82.5 45.0
39.25202943644002 0.265224791087596 33.18160573530969 35.74344551935702 243.6452628750872 297.46286721146265 172.5 120.0 262.5 30.0
39.440946040388546 0.3171704703888 24.22741372180398 104.4609834087433 272.24005976833547 91.76432081577317 173.25 44.25 262.5 45.0
39.317543865392665 0.25316009044576 34.242407292164614 15.38224704823124 275.2544066189878 112.14857420100556 172.5 120.0 255.0 22.5
39.43299676374802 0.438293509084907 57.26707858040142 201.64648379081063 69.85126501246157 53.02897448325395 173.25 42.75 82.5 45.0
39.47056555920942 0.271258923789685 24.614294892153794 229.43187938706572 63.63373830217709 56.36592747883603 173.25 119.25 75.0 82.5
39.303274242313584 0.244472860168876 9.233582692964221 119.76950942921918 102.67064088928001 78.63972757723995 171.75 72.75 82.5 30.0
39.38396244710605 0.348743346309805 37.54214904805432 304.60279975610456 288.17044897595997 186.72119158028462 172.5 30.0 262.5 45.0
39.43950974484379 0.201358672464367 37.896525001958835 65.84176610375086 273.3343088727134 341.0102248458773 173.25 54.75 262.5 60.0
39.477811176569666 0.25541409279841 13.003148831339887 295.8032458187753 55.86767473041452 88.61768094748248 171.0 76.5 82.5 60.0
39.266093295306774 0.244246050911582 34.41620975165801 57.8507681828859 248.63214789697832 111.41778010985658 172.5 120.0 255.0 37.5
39.33968382451172 0.303602184708806 31.932710886569517 128.6060794499689 224.35344026794795 240.70136181970844 172.5 99.0 262.5 75.0
39.599960340288774 0.236835172418703 23.372526891970395 35.69659447632761 117.32895970010983 244.7909900228973 173.25 111.75 82.5 45.0
39.42738549636182 0.23703110039825 39.82829372814303 247.35792112084476 109.81021236391237 354.98937522175737 172.5 60.0 82.5 60.0
39.31063122786604 0.275320184216437 12.874144636166823 23.887882086722424 273.9678608391403 250.8954477222651 173.25 75.75 262.5 60.0
39.40216173376975 0.373988381205875 51.9651108239882 75.88381170967149 280.8979932571036 235.252203285323 171.0 64.5 262.5 30.0
39.344416497921834 0.323842269058893 33.21834676202073 174.57859911244077 116.81194598550896 147.7403491203038 172.5 60.0 82.5 45.0
39.299814341506625 0.249339441187225 10.895411538059475 20.9927542244497 82.13445501522115 147.39823058060713 172.5 75.0 82.5 45.0
39.322235945535496 0.300294200250779 38.32791972223701 346.9190837016832 87.83147489491388 181.755498853616 172.5 75.0 82.5 15.0
39.216005136547125 0.268694112086868 33.71409842472996 324.10536029468943 73.40596369529838 181.29883836989637 172.5 120.0 82.5 30.0
39.325810322458075 0.236684674148493 18.248600864176456 132.0721499813731 247.094002805552 57.61293317452596 172.5 120.0 262.5 75.0
39.3895974740532 0.211389701973821 28.704404463405645 259.00386422172596 89.48533355802607 327.9333724675406 172.5 111.0 82.5 60.0
39.3238903991912 0.302361048215573 31.330751747866383 311.4870951339734 49.787124832740254 211.31702863557211 172.5 72.0 82.5 60.0
39.3884394874948 0.352873259529288 34.23493290468496 118.46085138872917 258.2714488481598 94.41431934719901 171.75 39.75 262.5 45.0
39.31985027763102 0.282340959984308 23.379795203600537 310.33623982910115 287.2627734057111 33.73979060515528 172.5 94.5 262.5 60.0
39.391978805808485 0.2412616843285 14.62591948627871 16.55892724354428 65.31898347818647 307.21373151739596 172.5 75.0 82.5 45.0
39.22326687253924 0.217974836141212 21.876092679766483 109.11003152288781 70.294153419379 219.49034424912108 172.5 120.0 82.5 60.0
39.23480900193122 0.209949495593059 18.572276897600215 40.0778790577104 70.30923599739025 27.70259791054578 172.5 108.0 82.5 60.0
39.49553428717824 0.222981527132181 24.32422461529401 20.78653012211821 260.1033989462001 285.40055827470826 172.5 90.0 262.5 60.0
39.45932501615043 0.333729679710378 54.822158572209254 50.85344536931153 272.5081815367829 138.71130774623455 172.5 69.0 262.5 30.0
39.45192214791673 0.27966339605665 33.917621900032245 176.69089649250733 125.59478967412267 104.97898155925631 172.5 108.0 82.5 60.0
39.42056115831216 0.192864328720619 28.65214556473232 183.48961843153774 91.25868820631162 147.8450875827638 173.25 48.75 82.5 60.0
39.363353213763844 0.254453902152333 30.553162616060323 152.15316145599328 81.22088648178054 206.145660075286 172.5 99.0 82.5 30.0
39.50123157661832 0.22342346105069 19.445025880346417 302.09650285213786 260.0993998729466 76.75090080654141 172.5 79.5 262.5 45.0
39.51716176919287 0.266321816496646 35.47963696636918 353.06569273616896 254.42775679930313 193.48340580126543 174.0 111.0 262.5 60.0
39.299757049461554 0.226552958856667 24.774310343163535 278.99994930439925 238.1774644618461 216.98162483870118 172.5 99.0 262.5 45.0
39.39660880822207 0.259335837822692 34.17639366973241 302.20871702962927 266.1006754715021 178.26361837718565 172.5 97.5 262.5 30.0
39.45572637400862 0.297848494471865 45.18955368946339 1.54037769908544 78.28749462226459 275.9681518623249 172.5 60.0 82.5 30.0
39.35259021674691 0.275938958154333 33.86291265823575 178.08401410493806 114.26513338342532 154.31237798411738 172.5 60.0 82.5 30.0
39.45405974949031 0.258570989268735 20.878257241522373 50.1655991975754 260.757354463801 36.58935072429431 172.5 85.5 270.0 52.5
39.369810613255424 0.300026227978402 45.5782305397863 97.13984463338463 100.48263745920502 307.637202399294 172.5 75.0 82.5 15.0
39.36553594590737 0.233009427569064 37.17793458627777 248.07340526550246 279.2247801577695 138.9475046845979 172.5 109.5 262.5 45.0
39.43859924177748 0.362209674000872 50.36920383402528 232.14796717659516 276.94175220318937 350.306934391197 172.5 60.0 262.5 15.0
39.27615170952502 0.29783436939049 37.035514952859565 183.82839469703748 109.90180397350674 359.3199010627108 173.25 105.75 82.5 45.0
39.555190154025425 0.245720600397236 17.53493802404738 27.54046197682192 77.26305267452528 166.49964044598033 172.5 112.5 82.5 45.0
39.40813731860567 0.28418659816016 15.337467321308543 207.12556643967125 97.52360298302474 253.09416805436098 172.5 30.0 82.5 60.0
39.44388904302494 0.194884640635429 37.095323962605484 123.51255536687653 244.25817066958922 103.29410461780974 172.5 58.5 262.5 75.0
39.33916084204242 0.29906334283342 30.544301415175173 298.0861769192693 58.73250028861216 121.77852347632543 171.0 118.5 75.0 52.5
39.38870628623136 0.266971385326524 20.69397613576264 319.8887311588406 214.64542617800402 347.66376003528126 172.5 30.0 262.5 60.0
39.37559705211463 0.245824339831145 29.345539946758784 215.30021760364275 49.26562346005706 32.97374910630468 172.5 60.0 82.5 60.0
39.369007810532615 0.398327613124657 59.66165122675932 10.191513837867143 88.87163996782698 282.5163316127453 172.5 60.0 82.5 15.0
39.27268581058929 0.269175394545667 22.386131409700873 83.21818833237087 230.169802687695 15.267612155754856 171.0 91.5 262.5 60.0
39.406451002263765 0.23380367472542 19.220255893736645 92.38802070202607 88.27514703234195 223.96785741564014 172.5 30.0 82.5 60.0
39.39793048313787 0.324098900898013 25.825607963690985 205.7961673419567 243.84844860214253 36.83464882771746 171.0 54.0 262.5 75.0
39.422102484001506 0.339727139328883 42.556532509822055 206.1542968972632 69.73138707701487 40.19296194391785 170.25 35.25 82.5 45.0
39.30170970596782 0.278671347480449 26.25854121792928 184.35007765705745 308.50882279524365 27.38240210448543 172.5 105.0 262.5 60.0
39.30729083459812 0.236910622762811 26.45168680172969 59.889747901585366 85.88570034126303 149.60601730527026 172.5 105.0 82.5 30.0
39.426096113894445 0.258516133240497 37.57268268520617 207.26644605198308 90.8496251650838 174.82882277730917 172.5 105.0 82.5 30.0
39.29234487461202 0.235878871120415 27.270845273629963 27.383617446790133 76.38871776457258 286.27956211342797 172.5 93.0 82.5 45.0
39.3956519906467 0.235992151304678 39.228034818310476 334.43300142690674 127.02274128323599 250.91811008593044 173.25 69.75 82.5 60.0
39.330853711108496 0.242144512587867 24.828392035270095 158.82384446016732 113.59266574415592 162.60269109427242 171.0 75.0 82.5 45.0
39.364263302953596 0.255847483016597 34.85674470778794 207.99535372610757 217.22266561337952 321.71908575861625 172.5 81.0 255.0 67.5
39.31844695952522 0.275877880161967 26.71917242759583 187.65668643888614 109.93757090607168 172.29487511472215 172.5 115.5 82.5 45.0
39.4247761689626 0.26827534173793 31.56164434197337 24.42109157946765 255.08960101414044 24.79316508200816 172.5 45.0 262.5 30.0
39.290100870231335 0.233960205828662 43.2949631351115 311.38548754108035 59.612597661270925 219.83992084461184 172.5 72.0 82.5 60.0
39.29840666380201 0.208296630677931 23.330636743150524 155.25396676113937 249.51124793216326 306.8169633403541 173.25 75.75 262.5 60.0
39.316681097226805 0.230564767873311 8.526460043278675 311.27668636203794 74.71657440104835 87.00573914610324 172.5 75.0 82.5 45.0
39.40478213361129 0.327307958693134 45.95578233117332 124.46314307997869 129.46217769653927 167.84877509819202 171.75 30.75 82.5 45.0
39.40206805319352 0.238583302999699 15.628941031867074 185.96115391156872 260.0732166880804 255.12922643219252 172.5 105.0 262.5 60.0
39.47645816086151 0.288833007317486 40.27628922206928 105.11110340096945 86.77026128037673 333.75575909548775 172.5 60.0 82.5 15.0
39.368367550232705 0.26381080382591 23.32024047053967 13.434501566240847 44.39116682259586 214.44361070123716 172.5 100.5 82.5 60.0
39.297653588596326 0.205261979627841 21.849813583349615 154.66905352294754 273.49927558731645 36.00082270177358 172.5 90.0 262.5 60.0
39.25240287688503 0.232230135964586 26.633388215643738 251.96658317555045 127.3510318231407 186.8587602491027 172.5 120.0 82.5 60.0
39.31838062711259 0.394298580334583 44.49782914459247 344.483382641484 302.68495312891804 275.7020080524097 173.25 65.25 262.5 60.0
39.370300345750174 0.294997071064528 21.581780661459074 10.542470266245813 61.68331464885801 35.091594817253004 174.0 87.0 82.5 60.0
39.32678551780767 0.288544838045776 23.258652646462693 310.59801684513025 31.414937480335094 230.0529738577496 172.5 55.5 82.5 75.0
39.263961682228754 0.27253413825975 37.19516640504072 215.93874872815434 264.28163386588005 232.77643006931223 173.25 122.25 262.5 30.0
39.34970745221551 0.250912967410011 36.667219886407935 50.51043757248537 99.5422812239705 205.95329027127346 172.5 120.0 82.5 30.0
39.58432055443932 0.263072033830878 33.57699177774068 23.659876020320393 90.48788766345194 281.3394978349803 172.5 120.0 82.5 15.0
39.23749184029022 0.263833768831143 27.034830107019143 107.17779268801122 111.03290346780199 315.88812786198 172.5 105.0 82.5 45.0
39.39514494379411 0.275662608674764 35.40791992222295 218.68445047274318 239.47000156433492 27.37216561195288 171.75 59.25 262.5 45.0
39.299084244157626 0.212091159252203 25.211557111584074 105.69223555626446 73.5753394826599 97.6928586965507 174.75 95.25 82.5 75.0
39.48997354598078 0.262307897046671 34.02042220362087 267.2021104605833 280.9637783247419 307.8669761371444 172.5 105.0 262.5 30.0
39.444129074712386 0.309652544506793 25.83802344942201 241.0500101687354 223.39166112067997 161.02695407075336 172.5 57.0 262.5 75.0
39.28029227138208 0.314626783022877 23.433078783973894 167.0454347238954 94.63994619336874 285.559533694096 172.5 97.5 82.5 60.0
39.3985820984991 0.361704367792534 32.03349526722001 178.33628608983014 62.85916638331939 299.80318700770954 173.25 41.25 82.5 75.0
39.535308505676205 0.274737701023026 34.667340039506406 144.39290348258214 80.29754342151848 61.15944345905596 172.5 99.0 82.5 30.0
39.44676195644211 0.228903039701276 26.085019274512195 90.9656358489489 66.45156637985035 273.92091558239963 172.5 121.5 82.5 45.0
39.23749916742421 0.259325364152638 15.182785752557015 66.34238743592924 77.43601135733583 8.327918529815182 172.5 105.0 82.5 45.0
39.517709425959765 0.382738312437623 58.20604536301587 358.8661061956803 85.71431388909578 43.31258215053292 172.5 70.5 82.5 15.0
39.32328266617643 0.28531520395219 37.76961328940776 12.165122977745433 87.52884607729385 264.2003016182772 172.5 75.0 82.5 15.0
39.3927845691975 0.35153128069201 27.423838976689343 344.28429660504554 76.97245414873767 296.0384787035973 172.5 34.5 82.5 60.0
39.445237017877076 0.356035759824602 44.191937834648755 323.3555156395953 112.10269164536439 56.110260417080774 172.5 45.0 82.5 45.0
39.419270105721 0.3612199452138 48.506596391574405 29.38366326972116 75.29115891357459 145.1989638197336 172.5 37.5 82.5 30.0
39.434538287121896 0.310394983769369 40.03674554275938 176.71988633426326 48.428814488781484 65.47137260783437 173.25 48.75 82.5 60.0
39.59586847808625 0.239335304306354 20.426456473078858 141.62988302029333 82.7742258350375 201.35053231493671 172.5 120.0 82.5 45.0
39.486761237181 0.276092099934353 25.935705442810182 295.3451802150996 94.28216656829447 225.14008154026249 172.5 105.0 82.5 30.0
39.408000452630965 0.349891132535545 53.53727636942591 231.83023438073525 278.32749210633756 7.146436880700878 172.5 30.0 262.5 30.0
39.47793581801759 0.273463805339674 19.29849804918111 146.66171126862378 137.1007152614538 54.35659930595441 171.75 93.75 82.5 75.0
39.45383493800467 0.233234420722983 18.465508021672957 264.56185454891556 121.16756810427275 323.7971103974747 172.5 45.0 82.5 60.0
39.15712549469069 0.233926326412897 28.41841618503672 242.02742427983114 286.27238784421536 105.65577311597814 172.5 135.0 262.5 30.0
39.425945733621376 0.249055314731278 20.481423961592217 35.668166514365815 48.39379760056216 315.9459884569982 172.5 105.0 82.5 60.0
39.29815769252841 0.226149011371743 20.735228286889033 204.5073908377939 297.86947297252595 117.835147265663 172.5 79.5 262.5 45.0
39.411831428452835 0.262849502738372 29.00814093047114 145.97364320983758 126.0355336341686 47.97139629572682 172.5 45.0 82.5 45.0
39.470142478418296 0.261404149426501 11.163579074073851 356.48724967415336 77.31079320860462 35.750703876932754 172.5 73.5 82.5 60.0
39.363862720607095 0.285756125892291 30.45880271494052 137.00587331330146 78.482809138768 228.94978575353028 172.5 120.0 82.5 45.0
39.41982992655406 0.193766516285954 34.559126337053044 229.0890894956423 86.5042619000379 3.027062459463203 172.5 51.0 82.5 60.0
39.2466937345078 0.263966819028554 29.891398947327566 217.58130905335403 87.13378222447672 159.6409080615444 172.5 120.0 82.5 30.0
39.40609993234675 0.20463277565908 26.36823417236721 160.35217465295105 306.0270352994614 137.80390609567593 172.5 58.5 262.5 75.0
39.399406785646086 0.350066053251679 43.66071322131575 54.61959699680595 85.48013154300898 139.25599206132028 171.75 59.25 82.5 60.0
39.38789541741629 0.272412566115751 17.406382061736238 94.08279492620971 52.543255988230754 129.4410324457785 172.5 33.0 75.0 67.5
39.34522813544299 0.344885596896104 28.95321114850193 200.6709358798443 293.91387318956123 267.1523514963095 171.75 75.75 262.5 75.0
39.46549640338271 0.207815207026416 23.546435339496774 144.32070871153766 91.73842817790221 35.8995759096144 172.5 105.0 82.5 60.0
39.437377463372506 0.221051257281859 36.737211795443315 139.3641462651262 131.28408651557663 170.1231293513007 172.5 66.0 82.5 75.0
39.30566278395453 0.213997444108042 30.55137443122315 234.0771624695351 50.38111418886341 270.8875948170737 172.5 67.5 82.5 75.0
39.34064822021705 0.317503689356317 25.91688045873959 8.848223649112027 263.91155491686527 292.99631699475685 172.5 75.0 262.5 45.0
39.32615619681727 0.261658606214496 37.62216981438491 187.87669635646105 219.92499640099908 327.8178136876927 172.5 69.0 262.5 60.0
39.44190618594091 0.279900878273442 19.18017545303257 320.70069016985684 60.008169850305805 322.34047481501 172.5 45.0 82.5 45.0
39.37289389684459 0.325302876208902 52.99357136648389 131.41470529980015 86.32826527994226 339.8625554560584 172.5 82.5 82.5 15.0
39.4205165814751 0.32169692975569 50.30335169998893 243.1951353676066 85.53701478032222 120.3707847285784 172.5 21.0 82.5 30.0
39.385178912430256 0.310007090127753 24.206538416248755 356.1219979888216 268.510599911809 270.48153804352694 172.5 60.0 262.5 45.0
39.52771710459911 0.276478382106664 30.229939668616424 194.21662779968983 137.5017779303712 248.05320381895933 171.75 93.75 82.5 60.0
39.40326863472363 0.215184938721295 28.026086143614645 225.36591679364952 261.8633352298767 256.7672510623029 172.5 15.0 262.5 45.0
39.32457138059438 0.306310794678471 38.5883221738772 96.6098946844776 267.4336069874347 323.5354239857168 172.5 75.0 262.5 30.0
39.47807533192874 0.233326242635632 18.427572461871314 228.66729042184718 235.9436877956182 46.7084185415066 171.75 86.25 262.5 60.0
39.451582837220734 0.28101670892305 28.191352939739446 128.2373954515963 284.0663639618256 321.3112248291336 171.75 99.75 262.5 30.0
39.4477159788979 0.292043445104362 46.76660531631242 154.26185677807214 280.29887154184064 43.935061585030674 172.5 45.0 262.5 30.0
39.299661964414405 0.235818355778861 17.19225878254918 189.1675262995362 239.09126053377233 286.56484506641783 173.25 81.75 270.0 67.5
39.3871009061671 0.377752660478934 56.77415160202754 34.98442864739006 99.37868041998127 243.6532629143786 172.5 46.5 82.5 30.0
39.29003873676262 0.231455020387689 31.302783705783256 177.69493600689844 269.9095148936286 287.8897223596704 172.5 91.5 262.5 30.0
39.33316880567509 0.263248608938797 30.108654700521367 42.140957503744836 252.61329288953706 131.79205999056975 172.5 67.5 262.5 30.0
39.496988265104825 0.317264127619184 39.28408583262203 238.76883859999515 281.179684062727 232.117426322563 172.5 75.0 262.5 30.0
39.446035417407856 0.381402846259749 45.71279677697667 18.43080779581879 111.82480891682835 243.6966220493827 172.5 63.0 82.5 45.0
39.421583256369146 0.20448871309591 22.69398163516091 164.2694830356177 92.61822881468576 51.0484181673262 172.5 30.0 82.5 60.0
39.3177433616011 0.273639015347729 36.94941785908588 299.18264488216215 103.62930687317873 177.0676025907271 172.5 75.0 82.5 30.0
39.4708052876486 0.293552516189891 26.136443899981444 329.8830869445497 125.23350355733733 273.0045015440657 172.5 60.0 82.5 60.0
39.4780828174625 0.23470612631674 14.190900523769814 248.73255717848065 66.08579082976715 219.35550083257917 171.75 114.75 82.5 60.0
39.474554521203736 0.229616166902202 41.46280319085142 101.99677548236873 83.9631142122303 209.26556155403767 171.75 68.25 82.5 45.0
39.364974468101735 0.390175514067261 48.85610703346321 82.16563055150378 235.70234344683746 238.03705050959962 172.5 57.0 262.5 45.0
39.45869302395358 0.243592075670062 40.56148474556749 74.54140260723666 115.61716801108518 332.77333630604664 171.75 51.75 82.5 60.0
39.44719857980123 0.249293751741144 28.189740338870415 153.64193436402766 227.57256440369704 207.40074442801907 173.25 60.75 262.5 75.0
39.28569443622914 0.231349422116627 11.22433961826891 359.1417862341876 263.8238906854334 25.254047216585864 172.5 90.0 262.5 45.0
39.48968596384451 0.247629436040126 27.141035324426124 130.52894593219278 303.28174726400937 142.4825151174127 172.5 105.0 262.5 45.0
39.513857479230566 0.271598303856653 31.895512901436607 195.2552767043952 114.32812625891006 2.765484332681822 172.5 102.0 82.5 45.0
39.369403884582184 0.299181652827467 44.425763011011604 272.4809019094123 91.71410092244766 238.63194686124166 172.5 75.0 82.5 15.0
39.52393210073414 0.280174990462349 27.965471623248035 46.26936242689609 53.660535713460995 22.161596069056532 172.5 100.5 82.5 60.0
39.35139984967718 0.324668338204223 37.30336970386613 123.01173412115618 86.58895548483218 336.3598018555389 172.5 75.0 82.5 30.0
39.393815436106706 0.226075904702222 22.28636990079727 301.4190028191418 116.8521972400404 48.16103259211081 173.25 56.25 82.5 60.0
39.43614722094792 0.255344853551241 27.03889355273094 62.716596433343355 47.304627374896114 178.40591807336546 172.5 90.0 82.5 60.0
39.362634208861664 0.351455651829701 48.257754748706596 243.86505149009957 355.46418118022154 184.45769585277074 172.5 48.0 172.17391304347825 172.5
39.32983583846365 0.292291910674817 16.449828307323017 90.42940890339068 107.71788448846556 220.24498824818207 172.5 85.5 82.5 75.0
39.40695661603441 0.382359171115947 52.223052811354485 95.70743408232974 118.74822925667189 70.65894659289461 172.5 43.5 82.5 45.0
39.39548460246267 0.3506916986588 31.89205086552243 78.4341995055408 102.01059273732812 218.75845876021697 172.5 30.0 82.5 60.0
39.32297735837274 0.320722806725087 42.08868825744787 73.48736659519601 99.57141637478033 354.72367213154604 172.5 75.0 82.5 30.0
39.48923136805592 0.296234599873454 49.29255953154876 7.56850899768287 274.57160102263117 32.90451384916779 172.5 75.0 262.5 30.0
39.36099161679345 0.286342474511565 49.73781882244425 247.03947343394674 262.8517375794163 255.0270498708162 171.75 63.75 262.5 30.0
39.298937743350486 0.304804081976825 31.89215436671853 256.63602248452617 287.5189720762039 232.0699726353383 171.75 119.25 262.5 60.0
39.43670363255756 0.278066074581485 14.47072507875311 138.29957776749805 292.6301695595652 165.20526213370306 172.5 45.0 262.5 60.0
39.59733072413174 0.236544545820638 38.32548335369296 45.65782220092774 104.82604356537527 347.9455692225823 171.75 117.75 82.5 45.0
39.30100327894529 0.260667368861008 34.787862089113396 206.75804787220335 322.3902962904805 116.833485955871 171.75 72.75 262.5 60.0
39.43860029963603 0.272259461812731 31.969526990118833 105.9458120750291 94.04117447528887 348.25903903123026 171.75 87.75 82.5 30.0
39.39764348022137 0.231865288095783 20.110133492997583 197.24642726100637 241.22719675331783 171.54164093897583 172.5 15.0 270.0 67.5
39.52566252417514 0.259092065727775 22.629104164071816 52.35294265825876 295.45454304428534 2.346012793863878 171.75 89.25 262.5 60.0
39.55975655189443 0.214223261117583 22.56684645799305 59.07446852979541 67.448171593142 251.78437448415127 172.5 105.0 82.5 60.0
39.386604617809745 0.269983124563301 41.597061081522895 252.72885540037413 61.80154800509652 274.636692517423 172.5 82.5 82.5 75.0
39.53360655119535 0.260013019388002 19.39208975760354 118.94175030904222 281.3220951132585 65.46495964093288 172.5 90.0 262.5 45.0
39.426010334402775 0.291270006974584 30.483557529154066 322.5281807366104 269.26846210226444 300.41690700494837 172.5 30.0 262.5 15.0
39.419977842257325 0.268163823460863 34.46041221839155 344.89407185820124 286.89091450496824 249.294121681612 173.25 105.75 262.5 45.0
39.40739972251081 0.319567108614893 50.36801307619502 112.9672096823165 255.78892174202724 119.61306781156998 172.5 79.5 262.5 30.0
39.46840128815679 0.28144861659561 32.89107590493499 108.26384755875554 56.00258912429298 236.77126758535013 172.5 60.0 82.5 45.0
39.353095095677894 0.314042861236406 43.545445958666306 161.35764402175295 302.69827338976796 157.45726761964897 172.5 60.0 262.5 45.0
39.37908438100076 0.250720695764772 35.444283648804976 86.55417022059878 52.16774952255101 355.904692447846 172.5 60.0 82.5 60.0
39.32791820447312 0.325720900856221 30.78920889808638 317.763259377942 38.014082564056324 106.57186742718665 172.5 78.0 82.5 75.0
39.44721504813285 0.247074978777216 27.48325424441332 263.50627400659187 286.77766525045917 315.6182316660494 171.75 86.25 262.5 45.0
39.278728048022835 0.25851563718305 17.680592868118623 213.16923995651538 140.1560270895085 239.34056072072107 172.5 75.0 82.5 60.0
39.462564446055744 0.213887810616611 40.537030795232326 134.6772896723284 292.0915587065114 56.15944546093015 172.5 55.5 262.5 60.0
39.41767941926642 0.248166449680219 26.843586212427418 25.334928616374317 61.160868328279406 174.94357658536646 172.5 45.0 82.5 45.0
39.35548227537149 0.395218437807384 54.02132778253717 165.9042932506041 84.26844047968574 310.3280950160472 170.25 72.75 82.5 30.0
39.48336058531817 0.280105788341437 38.11940477577963 21.01381679769341 58.12286085291376 289.9811668831643 172.5 60.0 82.5 45.0
39.3523203669628 0.288990317470377 47.29990417251253 319.66455845957165 246.85659522292386 213.28246757944407 172.5 49.5 262.5 45.0
39.429103022547174 0.2853582899939 36.270938347385716 295.70506407568007 272.92329254719857 317.60041439559916 172.5 30.0 262.5 15.0
39.29901697080936 0.252894216661869 24.75054120082949 188.45418887479488 288.6267022331902 262.16418793980813 172.5 81.0 262.5 30.0
39.41755571299879 0.2544216901858 24.61616100412532 199.15208440968217 283.5363040958019 147.41944198513704 172.5 45.0 262.5 30.0
39.517487622140585 0.298036504220022 29.917856924357263 325.3988380161945 300.6225738373297 145.31750173094017 172.5 94.5 262.5 60.0
39.30060280363626 0.363128960290112 53.176641662087256 277.4473443271336 96.52891890403355 82.5965668253028 172.5 87.0 82.5 15.0
39.48163764642422 0.225604341715985 19.210736406716432 94.74234486551079 295.8361750733509 168.88110911021903 172.5 120.0 262.5 60.0
39.403828216151986 0.221749859064303 46.57662858268028 144.6100465506073 280.6209536184223 297.6306215402108 172.5 45.0 262.5 60.0
39.455593029046014 0.282118828788345 16.95207401322824 48.89891934124999 245.73762693251695 242.19514852716827 172.5 90.0 262.5 60.0
39.446568804766585 0.264429429007404 21.250696399232197 61.091426636959085 297.8979452798879 351.2552785359916 172.5 60.0 262.5 60.0
39.43004187528701 0.424301357210176 49.52349939262691 220.2186675862201 269.45297793884504 10.104537169081159 173.25 50.25 262.5 45.0
39.31808513632881 0.290570573734114 40.79011077450479 185.21922007284385 263.5847877091232 291.9944695329826 172.5 75.0 262.5 15.0
39.39109845300248 0.287799557128028 37.323397409878964 296.5424271998718 295.57000550551913 190.26869654701227 171.75 41.25 262.5 45.0
39.35590849003578 0.225179385962447 25.093448106224525 116.58806647516089 119.33531975363245 173.39359503742338 172.5 54.0 82.5 60.0
39.38600407807394 0.288296151734115 39.58209296713497 261.9565693157917 126.90353704468419 197.86637371699635 172.5 28.5 82.5 45.0
39.298101081285445 0.286028570595415 31.17350714390544 58.23002216061574 292.1341024295609 4.117032813136447 173.25 101.25 262.5 45.0
39.43354625691617 0.178524304308585 30.34353221195884 337.20679307621816 106.64616843384178 155.1138451057633 174.0 58.5 82.5 75.0
39.4976016932172 0.308086171978488 34.99286579282432 64.44688818194096 94.95993799887233 348.83652760555003 173.25 99.75 90.0 37.5
39.284895918422876 0.290300162123856 26.439293337646692 167.8390324653806 282.7114671136037 35.95736268870655 172.5 93.0 262.5 45.0
39.28604994900448 0.200135488851017 23.654820196654853 57.31837279549761 81.42373002508775 134.47803272632 172.5 79.5 82.5 60.0
39.42678190132523 0.365606873488791 44.03933355210288 88.8800227684195 94.42821877861583 351.85077979303185 173.25 77.25 82.5 60.0
39.47959603167107 0.35892134677841 45.76661798956052 109.29210711544171 51.31323008886223 230.1412427073953 172.5 63.0 82.5 60.0
39.38049672498192 0.367733359841905 32.254825712581784 54.73798575108217 294.2527578727478 3.960398598117779 172.5 55.5 262.5 75.0
39.356732764226315 0.313215313644609 23.49300004114932 63.38880350820654 260.91205064173056 99.85548703065074 172.5 82.5 262.5 60.0
39.28724472470914 0.367969488354828 45.002170082551615 151.24595765814968 77.84526601165047 303.58573125774484 173.25 75.75 82.5 45.0
39.37667472757927 0.239371839850189 32.75075610812259 22.2779835919153 70.33463034172375 261.0459854424572 173.25 93.75 82.5 45.0
39.41838254353191 0.360689478074667 26.759557064974036 167.13454871141312 97.25185474912368 44.452020015107955 173.25 29.25 82.5 75.0
39.448933037791704 0.278566943507962 24.276460141969096 149.27621559736286 98.97267257052616 273.06009276564026 171.0 87.0 82.5 45.0
39.37931586082025 0.386764412332001 43.940650263013815 101.44440723515916 278.78523026880043 329.58614254501373 172.5 48.0 262.5 60.0
39.45501016485956 0.21912294225624 22.855319283741153 220.05174082274567 65.58684307945504 266.896503459357 172.5 60.0 82.5 60.0
39.474860536982376 0.281783364834705 24.587945236503156 257.83213450251554 119.53579579601073 61.2531320235713 173.25 105.75 82.5 60.0
39.36290703075153 0.243071317501697 31.737100843267754 156.65736225415085 53.23569573640125 184.94319458969946 171.75 78.75 82.5 75.0
39.43936702659041 0.24022907527332 40.405578995238116 24.946670092221815 242.6016541560513 32.69464243662448 172.5 60.0 262.5 60.0
39.26439482550953 0.295002516764087 26.682533541736916 208.60154659714328 114.22990191923496 120.24525146887856 171.75 102.75 82.5 60.0
39.44842457293466 0.255321797567077 35.9582611172763 13.116755051127916 74.04032639966556 278.7234078912768 172.5 45.0 82.5 30.0
39.574140667009345 0.23733807179662 18.498740899635646 283.90564491239803 107.19602646166898 313.9776379681944 172.5 105.0 82.5 60.0
39.39937791050759 0.228564121732137 36.390985007842154 187.18311002165936 255.58236626001855 39.56353288444668 173.25 48.75 262.5 45.0
39.48190348586123 0.27815847674548 13.810103764599234 5.798688983353731 235.10732922484718 66.37001189694166 172.5 66.0 262.5 60.0
39.415053924288536 0.441184906563532 60.837590771427145 100.47143286231389 92.92149762355149 212.19473963464557 172.5 22.5 82.5 15.0
39.33590471119884 0.250471881824185 24.986824735669625 8.192861839614862 94.07559512914474 237.9632976613334 168.75 123.75 82.5 30.0
39.38734001372175 0.273829232606584 30.46668780091327 181.72029596976546 124.650408316333 341.7241315534072 172.5 108.0 82.5 45.0
39.25041492761961 0.219643346016368 9.703513167556077 224.6351808669254 257.40511971121896 150.2294690685261 172.5 90.0 262.5 45.0
39.35633151736276 0.278597463223637 25.421527299720083 173.45716125091658 293.3488289599611 57.4430318461659 171.75 96.75 262.5 45.0
39.407669849593624 0.38729610690771 46.77775785595463 12.150184939938823 72.67014772770598 182.6809922257067 171.75 66.75 82.5 45.0
39.27588944668643 0.285286359276251 18.836375245658466 287.6926979315856 287.9896346987489 325.25898967979685 171.75 93.75 262.5 60.0
39.48762999513239 0.345719020758558 56.20217656654671 229.22904054538446 268.26143286716723 31.164272681852413 172.5 90.0 262.5 15.0
39.34367257672494 0.242128702478224 24.632668341537237 39.43078314489634 96.5681626792249 135.28640373673667 172.5 49.5 82.5 45.0
39.50615492738384 0.217485711675244 34.06342546327051 311.5548564987936 116.4989199523584 295.3717331188049 171.75 78.75 82.5 75.0
39.385961456216926 0.40843509028242 47.85315920243151 327.8759902844658 84.98961604528951 65.85602215855582 172.5 34.5 82.5 30.0
39.37928356535856 0.264092371815162 29.303607063031453 313.30897208856413 325.54427196529605 18.383115865168847 172.5 57.0 262.5 75.0
39.344688439225976 0.280698216972758 46.366136700760286 222.18918486190196 244.3047253031213 130.63809331749263 172.5 76.5 262.5 45.0
39.39687477326188 0.367422696527604 42.54491149489373 303.54364772919575 257.27269205016387 334.0784498895993 172.5 39.0 262.5 30.0
39.372305578485125 0.325333993835434 27.66787718122005 172.81483818960933 311.90341740190564 141.94943647892566 171.75 56.25 262.5 75.0
39.390333853399355 0.350107613920524 42.769609976539655 214.7569965633938 138.48593347934641 3.572517070611363 172.5 70.5 82.5 75.0
39.476042313326495 0.368254422661927 46.85957981587003 289.13811559793913 109.05722336830667 59.05318508568183 172.5 75.0 82.5 45.0
39.50575391211382 0.244678289421009 29.68715072737023 165.00679551002057 90.71729406524473 283.0300722904122 172.5 90.0 82.5 30.0
39.39269211818635 0.239063712869894 29.556378979216525 10.736403240370645 128.39860299383952 18.78644414630185 173.25 66.75 82.5 60.0
39.51143152947639 0.252216378789681 29.19043575710402 103.4174628141239 292.32319443369903 324.12613540971006 172.5 94.5 262.5 45.0
39.281305840255364 0.233225067543796 32.69934393428471 240.29648632390573 285.43538738586005 322.3133861075383 172.5 120.0 262.5 30.0
39.45605145023068 0.395166907299077 53.03873736761519 295.6001056767572 259.27119767484385 95.95439228369749 172.5 64.5 262.5 30.0
39.445738570868954 0.279670846157409 26.118572451828854 130.26842934401216 260.7407275826696 331.9744202700706 172.5 60.0 262.5 45.0
39.330188117777176 0.234999409967015 40.56077299206763 224.94400521576932 64.5005016075814 276.3070680705399 174.0 63.0 82.5 60.0
39.38023749750844 0.229808353600516 13.497828508921206 306.0097680247856 250.72780819412742 208.91887840418175 172.5 30.0 262.5 45.0
39.392302632236806 0.259469141093466 32.25508160906535 257.24011395863926 251.83196539912367 136.0068107171346 172.5 60.0 262.5 30.0
39.52377404675833 0.283179085334747 20.06941887420138 320.55314521235294 45.887591718151356 350.7268084646775 173.25 87.75 82.5 60.0
39.41521191178115 0.363798680671876 37.11251953992907 358.4899998947106 267.8068282337895 173.40050222818968 172.5 55.5 262.5 45.0
39.29698965108082 0.392048971222038 56.61632370356686 82.07540705885215 280.19806074034756 99.40582464190892 171.75 63.75 262.5 30.0
39.42581617859023 0.303348820742438 32.63401401716396 69.76242760176272 208.47840754978375 26.89472645668632 171.75 50.25 262.5 75.0
39.36220811214315 0.338966385991237 50.45900988970945 145.39937723095863 292.3132792491052 55.29564100973159 172.5 60.0 262.5 30.0
39.370225327679435 0.295535327428184 22.486082496566265 31.907010433819895 201.85414683899486 300.2035354542286 173.25 41.25 262.5 75.0
39.43274903869211 0.402165955899449 46.17888597617532 319.6027923951483 86.47958222248069 303.03343961039263 171.75 38.25 82.5 45.0
39.286916712418645 0.248594361284382 21.598836351219894 348.6363711349656 239.08767014427963 293.82334091886014 172.5 87.0 262.5 45.0
39.355193253846885 0.226062617351143 25.64072621245955 274.069066740183 70.6651259049431 237.9613951881485 172.5 45.0 82.5 45.0
39.363578462548304 0.314343021528393 33.624592623855946 246.4749851846188 106.68232119423307 75.33957357231947 172.5 100.5 90.0 52.5
39.5808607916198 0.221881939446642 22.509416761505666 330.97046740355233 270.1478611372667 310.60171144230225 173.25 120.75 262.5 45.0
39.40622936608385 0.32133245260917 36.28932496443391 15.220736697094473 87.91571358462927 25.24376381932445 172.5 30.0 82.5 30.0
39.36266264351451 0.208834037867017 38.594999192781295 66.16229024031097 120.27353991521291 94.1915826345041 172.5 55.5 82.5 60.0
39.541016550620114 0.277801776062614 38.727799855316505 65.05639864370295 203.45503321977307 280.3439275586995 172.5 84.0 262.5 90.0
39.24114328931607 0.249554016546088 36.221711555551714 340.25801876781543 252.6055631278266 169.3468864013281 172.5 106.5 262.5 45.0
39.42487148284251 0.309104859487387 26.08717264869253 0.769418638060775 43.44186863578402 177.99156179879213 172.5 60.0 82.5 60.0
39.36139058222801 0.359090115960143 33.6844325896827 183.90367035385367 119.32152674667064 259.1836596079237 172.5 46.5 82.5 60.0
39.372180941584645 0.290299998549416 20.304820222482533 140.13977994200434 257.48107976021686 203.02152611041777 172.5 45.0 262.5 60.0
39.419009253577 0.273519067420738 28.03786804458713 247.3466670815311 239.5670733894374 45.472002530316765 173.25 104.25 262.5 45.0
39.479027771387415 0.222046502605343 26.15422051259809 322.93163790144206 282.049841007345 50.98188541897225 172.5 60.0 262.5 45.0
39.45526231776952 0.231441746596543 34.05744118232656 165.41653082281402 312.5685899363946 16.87202782426126 171.75 44.25 262.5 60.0
39.45877124864366 0.365736982841146 46.012031097032605 165.77878744166034 312.065880608172 137.44603593803714 174.0 63.0 262.5 60.0
39.50233160299377 0.279845574069614 25.058504113879366 169.3609593568782 258.50779762698477 150.6288582441603 172.5 105.0 262.5 45.0
39.483566819473275 0.281437843595346 48.1855407331711 136.50506841809576 112.49810236326923 295.24229451478686 172.5 85.5 82.5 45.0
39.34315563815441 0.39469149779067 49.185444311965675 162.30477959855403 129.72436225272233 159.04646961622788 171.75 72.75 82.5 60.0
39.5224549209486 0.278630869073225 20.69848452071296 162.81978430760424 81.24572467240027 78.34538898246369 172.5 105.0 82.5 60.0
39.3892584514105 0.368014071617455 43.29527598732096 222.68147166829095 284.7613026207164 112.99870170818545 174.0 51.0 262.5 45.0
39.28380172639074 0.234474177104188 16.19955175149794 183.281653249306 307.70857467700654 247.9599312953069 172.5 84.0 262.5 45.0
39.51672526457862 0.237909308320351 28.928186154572227 292.13346968618845 68.72319327415313 132.45144594858294 172.5 120.0 82.5 30.0
39.30174983131141 0.2486729120532 25.30299978163581 322.2336683286416 74.56160497351812 222.60557763742347 172.5 105.0 82.5 30.0
39.49421488060482 0.265715181903989 21.74336916597173 273.0307282440577 85.67084895943339 354.02332095267155 172.5 90.0 82.5 45.0
39.3047532879678 0.23675892483356 23.458826899012315 66.88636536994606 107.72023737736372 223.11487053149926 172.5 78.0 82.5 60.0
39.46799649151479 0.2680484821855 22.049114603765368 81.10403659469597 248.90484306649887 233.0620017253787 172.5 78.0 262.5 45.0
39.42466637228455 0.341660187238961 31.32667953644696 301.73733050437215 262.02143751039813 219.71696303848734 172.5 60.0 262.5 45.0
39.36211423672433 0.280852063205364 18.948629172965628 295.82052215002227 294.6547945759288 299.9298357421468 172.5 55.5 262.5 60.0
39.49173480156521 0.262596155666183 34.014802554012824 165.49749558926638 101.66668268206801 49.042650640831276 172.5 75.0 82.5 30.0
39.3870068939514 0.225489138411645 32.19351236061047 220.7849179573058 262.5937780394654 24.27635819926334 172.5 30.0 262.5 45.0
39.35263516860439 0.325639728698415 33.67540880244982 112.96172204122914 126.19260690455783 63.280232916832276 172.5 46.5 82.5 60.0
39.50238186752349 0.2754398424492 23.112262980998395 116.0223040905704 227.77929325710272 99.30471390384592 173.25 93.75 262.5 60.0
39.47700108111779 0.321280014261813 24.60604206876966 8.599685000437855 91.89796873707161 273.04740880098257 173.25 53.25 82.5 60.0
39.26876983834123 0.278335311984664 24.89678331008194 153.999908082552 293.89553158469334 263.414275333173 173.25 101.25 262.5 45.0
39.30210339503528 0.28016577650441 27.740346206833717 237.16950899232071 95.59279660652852 5.64811026089166 172.5 88.5 82.5 30.0
39.291307394642544 0.310800530350403 45.59379771419612 158.0401171171336 267.96606362429793 288.5200366988999 172.5 90.0 262.5 15.0
39.517342896438 0.303414140049031 26.254896687333837 184.96956743648732 88.90479151351558 58.26859320202428 172.5 100.5 82.5 60.0
39.35095411062686 0.230849738815365 29.37331056423353 288.3667283212202 112.22848082528083 195.4214276319221 172.5 45.0 82.5 45.0
39.337535740838675 0.291219335214292 18.73979860952867 7.240634192864031 76.17017997762407 155.9727799910107 172.5 60.0 82.5 60.0
39.3955550009064 0.282771199477297 26.901603733381496 241.30510984946037 229.64273206703214 259.86735606284117 172.5 58.5 262.5 60.0
39.4483622568604 0.226454033963914 21.4503920720673 270.09506082229717 297.2767146834277 345.1122688326649 172.5 84.0 262.5 60.0
39.257162824346345 0.243661674941869 36.85443941136031 234.30340585139362 201.92297591924128 322.50029528677095 173.25 113.25 255.0 67.5
39.47755822617528 0.270376232838981 36.15208638647969 186.45339697807702 289.5536471858889 126.82026405227776 171.0 102.0 262.5 45.0
39.41360914378893 0.252414639251348 25.87029222143074 163.06212359242693 132.70404102141853 124.53811815997582 173.25 75.75 82.5 60.0
39.40739523536537 0.290092688730322 35.934480285761474 181.4294581038726 137.49274362957192 20.37531927490683 172.5 60.0 82.5 60.0
39.451563466486704 0.281626104566686 24.600138277600344 96.29240077901419 54.09876161572268 6.046326763780726 171.75 59.25 82.5 60.0
39.44223548308506 0.335953026509005 28.83037075453069 96.31661142657686 296.4667929339506 330.1129665358354 173.25 62.25 262.5 75.0
39.41801891509803 0.23339399167796 22.49441625933834 197.58689465062307 311.2945078305673 236.08266441342016 172.5 30.0 262.5 60.0
39.44047434678798 0.321123693425709 27.52860882029122 16.36945141196334 72.64172493393856 306.0343655015411 172.5 117.0 82.5 75.0
39.540610309200595 0.219548246001592 25.01059790280833 323.88032612761486 108.83849981179628 50.133635424400474 174.0 94.5 82.5 45.0
39.48052232312106 0.212825613732975 24.900619554578974 63.78938332621823 74.6492648513358 348.2486847680144 173.25 93.75 82.5 60.0
39.38388614904411 0.231990215036832 17.95280722541442 294.86766680879316 261.4461032586051 319.107759844487 172.5 45.0 262.5 45.0
39.36330047203807 0.240579650440118 29.049715355975593 92.26707301269238 266.80054683701917 193.96131310045547 172.5 90.0 262.5 30.0
39.42690549015546 0.198908250469767 24.850615640551503 269.30781626446895 286.9931504428396 184.37236567769784 172.5 91.5 262.5 60.0
39.3769733806499 0.39566604582592 47.61388699526699 333.6527889792432 265.67492949702046 197.5562331782992 173.25 69.75 262.5 45.0
39.3463193938845 0.324218443739322 40.19926341452294 357.00973023733394 242.60299109676578 195.71902226655646 172.5 75.0 262.5 45.0
39.54583379786063 0.273952978518005 22.059797468445264 140.22712145749747 309.25843731588276 287.0499525077791 172.5 90.0 262.5 60.0
39.33185059840924 0.302581518964238 46.02598149646493 221.94659846445225 246.30919389058923 140.2245366079607 172.5 75.0 262.5 45.0
39.46305792474281 0.219276999072801 30.681375088482216 86.63202312866494 92.38066064782726 325.82520630016904 172.5 94.5 75.0 52.5
39.37925514385205 0.32077765200739 40.13348685273751 64.76479994276521 62.99050807840098 255.08435865289692 172.5 33.0 82.5 45.0
39.527782806042815 0.30064206804325 38.22071673220399 299.3047807550709 91.09745791295187 226.3927187945276 172.5 111.0 82.5 75.0
39.41772678257328 0.261351867387838 16.51253968283656 174.05501745617792 244.33809181831222 46.8043955532629 172.5 78.0 262.5 75.0
39.30716069289146 0.274201407108703 37.78233541195239 44.47100986923544 291.54711293784567 16.72564791928517 172.5 111.0 262.5 30.0
39.412582693107026 0.283462209660349 37.97686893067289 347.17773153476645 277.03538165616783 155.66595924020345 172.5 34.5 262.5 30.0
39.369898004002046 0.241370532692159 9.723878457042268 230.06422370477853 95.72965576750939 158.07931532776448 172.5 120.0 82.5 60.0
39.373908686612985 0.286679375629508 20.849492145591977 270.5434890520945 269.4642160721164 341.41450139466735 172.5 30.0 262.5 60.0
39.33019826611749 0.36194568136288 44.65073330734221 167.16516244371212 235.31682234609175 82.7414386429549 172.5 73.5 262.5 60.0
39.45522485227815 0.311747852354464 29.765008264232087 81.72347435310681 65.97838339441319 268.7375909936308 174.0 106.5 82.5 60.0
39.27822589182431 0.239662633982574 35.26810177485735 276.6292167511375 65.74313209725798 333.4080422065425 172.5 109.5 82.5 45.0
39.38166168054015 0.254657588853292 34.97213187924348 62.56786087546923 265.44610303487013 158.39060496512764 172.5 120.0 262.5 15.0
39.49847258709371 0.23591029891541 30.1796315086936 59.11962932440731 282.7717666150526 92.02309170278993 173.25 93.75 262.5 45.0
39.45520750241711 0.257334800198832 23.676513749339406 242.08249037914112 35.169978831801885 188.1810526237348 174.0 94.5 82.5 60.0
39.2616313566831 0.259797119353577 20.885750096080198 295.0951067755009 109.43948824966093 303.23405394987606 172.5 78.0 82.5 45.0
39.286254786187946 0.22802404735467 17.974461753375213 151.1062011377789 128.9354161447534 132.17796831797938 172.5 90.0 82.5 60.0
39.276759202203664 0.338322240697368 52.54618851783029 198.59681451505676 99.07030562272985 266.977689702028 174.0 85.5 82.5 15.0
39.51356761770094 0.260750009990822 25.709043054626765 224.1428365681765 111.26093939084055 219.7008763451019 173.25 92.25 82.5 30.0
39.45601655557413 0.260227929680819 22.549906954482523 249.90242827150456 48.770945783296696 281.58579325124794 173.25 90.75 82.5 75.0
39.403623732504535 0.280842172564451 43.347766367364414 181.04523655474023 116.1089553134545 154.06967531984165 171.75 59.25 82.5 45.0
39.33788067901828 0.242894362899252 46.12177250988075 35.68360927157133 65.15412681063054 170.78542912061363 172.5 76.5 82.5 60.0
39.36402338260549 0.249116843018347 17.640467256198697 184.84358467734577 283.17003104130123 245.12073772321548 172.5 88.5 262.5 60.0
39.37381613271819 0.347751353160806 46.56413318620827 160.2216199671101 89.8125763258013 297.81937281247855 172.5 30.0 82.5 15.0
39.50798975489223 0.258289720397153 36.12209092678559 50.9167253513931 69.74705957799034 150.61425837396237 171.75 107.25 82.5 45.0
39.34024022833953 0.277641828613555 15.670376557851306 198.2770528313154 118.7668650047396 114.53550431602432 172.5 81.0 82.5 60.0
39.43061810833875 0.348296421095276 34.23147844140838 92.450831141441 233.07363264080266 15.753227285935294 172.5 69.0 262.5 75.0
39.44604072493859 0.33585257585619 34.22379202199369 90.26979180876187 46.79665319937414 130.35997567735464 172.5 45.0 82.5 75.0
39.444101305373344 0.309531885021216 27.47399086772118 299.9811707459117 285.570926553595 166.00355514336678 172.5 106.5 262.5 60.0
39.38175446733395 0.251248603938252 23.422399659348685 265.0814890150688 123.21233434500728 217.11240636593374 173.25 86.25 82.5 60.0
39.446881584594635 0.210270970831026 30.538339909351517 292.07853905263806 45.66639555029208 245.01938126237565 172.5 54.0 82.5 75.0
39.385837244678086 0.246214439673504 27.73441884487952 47.218599136387155 33.95416806920561 168.37334541761075 173.25 32.25 82.5 75.0
39.334324051061635 0.29164962193483 33.78684307862297 338.69745065269746 251.50516180245364 306.0057771483622 172.5 45.0 262.5 30.0
39.386218998697935 0.363576971072134 57.85847804908192 106.41751501911625 100.00904936849604 100.09739651707814 173.25 54.75 82.5 30.0
39.42548863144889 0.380889187542735 49.5853454319586 29.86644122717587 87.2755040873096 41.106110723790955 172.5 75.0 82.5 45.0
39.48044693573951 0.253824990510964 31.957265873372716 166.12215002754016 82.7750947916926 311.9803794552051 171.75 93.75 82.5 30.0
39.37831379552275 0.304148812933503 29.938690948453917 311.28804642858086 123.22154671369444 294.5036409160561 172.5 40.5 82.5 60.0
39.36380591590383 0.282503215413594 26.45666703528166 239.17658240944013 101.58469115021256 202.35767159137617 172.5 106.5 82.5 60.0
39.285161713501076 0.250573008907444 10.855942733950055 292.55576021976805 86.16948329920247 333.3102209499276 174.0 81.0 82.5 60.0
39.50053935692146 0.284723876582845 18.94990279461616 100.46652465850865 121.38321866634375 57.41559701316649 173.25 66.75 82.5 60.0
39.44760034846068 0.207268616719927 26.351516354542188 215.20765668290224 271.0332243819285 37.68431963414088 171.75 90.75 262.5 45.0
39.37027446700827 0.196321425168381 22.71981929162091 205.79248857490913 255.27789208817865 52.650983771690235 171.75 86.25 262.5 60.0
39.439725310468056 0.228884790973152 16.223383972383612 344.9202808542337 238.7304070693413 314.11815513603517 172.5 36.0 262.5 60.0
39.40054460315636 0.291709845821553 18.702963082300162 200.3538293395679 269.29275463190083 244.79130773104248 173.25 89.25 262.5 60.0
39.55641071260211 0.22941073889817 19.73392220773204 173.9867049252364 106.88564763251895 260.7494868685712 172.5 105.0 82.5 45.0
39.36286520815537 0.286288825351764 14.302674168732045 55.684448375189945 245.2040325059941 24.994145557330352 174.0 49.5 262.5 60.0
39.41580483956338 0.353636774932639 32.466330434424826 127.18405637871965 272.2816821357536 304.51057688022695 172.5 52.5 262.5 60.0
39.397093559683164 0.223361537062774 27.976430441698685 33.9984709014479 90.44162389318866 260.17014249324745 172.5 30.0 82.5 45.0
39.35480095136772 0.266285473737701 24.265461298682336 54.865156928902195 30.733501647798867 278.5584930371045 172.5 54.0 82.5 75.0
39.327468991859774 0.383990317036814 43.65377587688251 339.12326326297784 283.4848729679761 280.60594778826925 172.5 52.5 262.5 45.0
39.3395361368253 0.270538345110552 35.46330046783789 114.77938574985716 254.8137393904613 75.51792167300316 172.5 91.5 262.5 45.0
39.38031697900315 0.34972924501223 41.74243489404129 200.47135991060767 64.53026669561328 47.41265236790048 172.5 39.0 82.5 45.0
39.35413343605588 0.301610163971355 24.95626154594143 61.643686707954224 39.619014974009616 157.65350072643727 171.75 53.25 82.5 75.0
39.398288117553065 0.300221931033491 41.354962070181706 142.47405597214026 77.20290257074336 332.03739335663084 172.5 60.0 82.5 30.0
39.39180358564791 0.227372242138439 24.4036076172652 187.6364712951061 88.88175415391986 160.87081112144207 172.5 30.0 82.5 45.0
39.414849995438416 0.377437232566891 58.021203243785166 68.02197686666126 273.7044691907556 356.48055506052464 172.5 28.5 262.5 15.0
39.33447985772173 0.413815657372194 50.888422249785634 303.0947048714049 266.3452148964288 79.84997761543886 172.5 58.5 262.5 30.0
39.45225731139119 0.291418131798015 48.51589992995366 73.87366873711463 275.41809237632395 216.1816510984926 172.5 60.0 262.5 30.0
39.35457742946206 0.291979105982755 25.102308247703764 185.60500278249594 162.6505013430432 350.84668703771416 171.75 51.75 82.5 75.0
39.37310762277921 0.405135079736634 60.94919851205702 143.66408503067836 80.24291106205675 185.99820902327133 172.5 40.5 82.5 30.0
39.43463433823464 0.381567142488838 36.31624417719411 214.17226505476552 97.01873365650363 252.68107904695057 173.25 45.75 82.5 60.0
39.32557167242717 0.267006224230835 21.30631138114689 326.6180776858956 301.3426257287266 151.95930715099362 171.75 77.25 262.5 60.0
39.507391894925306 0.246614674333832 38.39767420301246 140.80378042569077 33.752838788122716 307.71193625218814 173.25 113.25 180.0 157.5
39.50122468950819 0.29907675140014 32.88424631650978 35.44791186036549 58.612724191358275 36.43914813510022 171.0 73.5 82.5 45.0
39.48459459276099 0.242619848448981 12.63021610959643 241.19437592871049 138.87849695703994 346.21161323313885 172.5 76.5 82.5 60.0
39.26431077765722 0.240461777521968 24.792877436205135 178.3147396341847 315.9943879943043 263.8367353331464 172.5 105.0 262.5 60.0
39.28984990797176 0.237018404657947 28.356511484394115 30.03624326431053 95.93413719583044 18.727554900465393 171.75 87.75 82.5 45.0
39.40326003491877 0.341550540210673 46.941942648639056 209.79466976116765 62.92270847806612 52.35516624453169 172.5 52.5 82.5 45.0
39.345608441714454 0.346054013084524 38.17235958220749 43.06373253829521 67.03294750263768 25.65509589614403 172.5 49.5 82.5 45.0
39.345478993744386 0.359048751859245 37.28280634449439 114.7101761753844 90.20517730000839 319.2220976882496 172.5 54.0 82.5 45.0
39.401353997801024 0.260685997222985 38.001770317895684 218.27251031930518 251.96918960105938 124.65299656185617 172.5 103.5 262.5 45.0
39.32199702020681 0.387242282869673 55.941522377427255 148.89878574323097 272.1583346091911 53.919287836751316 172.5 75.0 262.5 30.0
39.38121941526141 0.407768409134033 57.75362004328827 101.08127666226787 250.0101971913371 358.94509299822494 172.5 39.0 262.5 30.0
39.37555725441258 0.216276692994304 29.189167884479254 148.26314492161535 88.12143270666024 30.7128854881428 171.75 105.75 82.5 45.0
39.36174501240896 0.215273735385512 33.81712828167711 172.83371281397578 57.53464437790636 195.34406040136975 172.5 55.5 82.5 75.0
39.35353945423541 0.263456022334049 38.650230564038985 15.097770231494874 47.07185889930655 304.69370097751045 172.5 58.5 82.5 60.0
39.4530284902164 0.22888199677718 46.29829178475907 165.54832226632132 119.0405597742928 33.206685223990895 171.75 44.25 82.5 60.0
39.48018891970065 0.267499636539736 30.58476757472702 0.436440618796594 102.70294035656973 117.6858754883323 172.5 120.0 82.5 30.0
39.44956913482385 0.229711873052876 20.820310434008693 192.15077621441546 282.09943753868396 155.76994760619297 172.5 70.5 262.5 45.0
39.40939508144648 0.280685682869486 23.285150047534014 72.65327445487354 218.51124952804804 272.1698445904274 172.5 30.0 262.5 75.0
39.30516742402713 0.227907206384791 24.56159167046063 76.85064806387952 269.37487142934435 351.9912776669704 173.25 95.25 262.5 75.0
39.5120223360293 0.279885979409853 27.8346917800516 149.9406368879921 284.9788413317556 310.69697637472143 172.5 88.5 262.5 30.0
39.31115067808253 0.360491944569414 53.071398739512844 43.17277085990228 79.11290577569653 21.817700676647792 172.5 75.0 82.5 15.0
39.29499255495406 0.234824937987545 31.013165762017056 250.36036362691647 274.5650793894898 334.9718597506685 172.5 97.5 262.5 30.0
39.50795708875892 0.352638198007974 47.339120632583956 352.27583777257274 272.89827773726137 291.6723412157684 172.5 88.5 262.5 30.0
39.20653549078332 0.23738887825887 17.631572071094915 22.3114306636947 50.755048242555965 305.58764897571666 172.5 117.0 82.5 45.0
39.54181657436745 0.222935487937914 27.204374485330078 210.7442103257647 302.3389028695554 126.85896260686356 173.25 102.75 262.5 60.0
39.44284022587763 0.249779505726084 16.11043334594818 58.82660449177233 280.35044990147776 108.10648746770163 172.5 45.0 262.5 60.0
39.39766650542768 0.322419423925473 42.960443646983826 281.1878776324914 98.87934944562883 220.19149608176357 172.5 60.0 82.5 15.0
39.539235753480035 0.304919248169698 25.73352303444928 34.211709035935556 68.69166192006038 27.416389124112687 171.75 105.75 82.5 60.0
39.35814963886991 0.386324612364648 41.794877686373745 255.3121237797248 279.46256688455065 340.5570298331388 172.5 55.5 262.5 45.0
39.28956475434105 0.248450158566093 29.943613435611912 68.30214647076797 268.41367271340783 140.76424328466226 172.5 105.0 262.5 30.0
39.41772928664652 0.35733080161949 34.270581481676544 76.37602754351748 249.46537227397778 142.3686820644935 171.75 75.75 262.5 60.0
39.4982826944397 0.209460209116961 28.897216414811833 177.4302518559122 100.4958812005895 296.4742471373677 172.5 88.5 82.5 60.0
39.31284642865597 0.282811614164938 49.17422359666081 350.8753793432722 302.63980022668443 138.34094974172598 171.75 53.25 262.5 60.0
39.44029133698991 0.221685339840833 18.841142468761 29.782654694271624 61.87144301908343 144.94315929436794 172.5 78.0 82.5 60.0
39.54250538735833 0.24414110089791 28.30704265786039 278.7336636105285 73.36291283607707 226.98083402403032 171.0 97.5 82.5 45.0
39.37161477951869 0.315575292861531 32.94798123036826 241.59121185681641 327.59803797052894 168.36424088080187 172.5 81.0 262.5 90.0
39.45966638788795 0.308060202223075 20.43756925533755 313.4423310458242 67.18098485892148 338.5124865628365 171.75 65.25 82.5 60.0
39.463337672898895 0.228938621617518 13.815637620948678 326.1990442949607 108.09020476419975 202.3476004506104 173.25 108.75 82.5 60.0
39.49527563675992 0.248257187827249 36.99863127156406 350.46362689409244 259.6494799074608 262.697849760989 172.5 118.5 262.5 45.0
39.303903251760175 0.256932805667911 24.2692903576266 74.34202166444474 62.563530613186735 250.43261001613106 172.5 82.5 82.5 45.0
39.46049356709272 0.353268974360324 41.968396362053596 97.98990297832745 305.9616601737255 65.74357826295896 172.5 51.0 262.5 60.0
39.518642008091426 0.266809480797454 33.38027790136624 87.96176948832233 123.72358267194673 75.38242290241996 172.5 97.5 82.5 45.0
39.34474523647557 0.315622156822226 49.794273415067956 152.4910254557268 102.61058052751446 51.70544506128555 173.25 51.75 82.5 30.0
39.43988513802157 0.239184336537463 26.57883152564213 78.84011368769416 56.7029452772765 251.94709997695895 172.5 45.0 82.5 60.0
39.46591300377078 0.288046331760363 22.60733796166779 140.5296714275926 84.06160866855916 83.06124080092339 172.5 84.0 82.5 60.0
39.36064643145453 0.327031518158058 33.649704871902365 122.51044241166042 136.26182827857687 60.97642405902845 172.5 81.0 82.5 75.0
39.451825829492876 0.245005751058202 20.059096925401153 291.17420029862234 133.83746686432175 174.2349823904903 174.0 51.0 75.0 67.5
39.3661602430084 0.345321128439991 55.29672878116208 194.9560587217564 119.82736544030244 118.62171064620665 172.5 64.5 82.5 45.0
39.61636045790187 0.269852256558632 37.50270879128405 341.46830867628523 103.05292455816873 46.77261034521103 171.75 132.75 82.5 30.0
39.28709050608482 0.317957600069062 46.241761994343406 37.33536169580102 266.21020915373055 25.075874408431293 172.5 75.0 262.5 15.0
39.36195163328322 0.298233837052422 23.010781967405617 323.33467263449324 72.32203177149844 187.53976070654213 171.0 57.0 82.5 45.0
39.45561341980565 0.352068731633767 48.359459408626776 60.87823328969696 64.84552806236364 4.786861125352038 172.5 67.5 82.5 30.0
39.348632386103056 0.259387492614229 29.143546929761055 355.4848798908739 276.3196859877625 25.853337411516645 172.5 60.0 262.5 30.0
39.22493821988812 0.277600011693553 32.80531060028344 132.2195349637944 283.70968922114696 63.584288861039454 172.5 118.5 262.5 30.0
39.45057626750788 0.271463033390401 17.871844483780247 34.40172296397549 225.51619865426588 294.14991989617903 172.5 45.0 262.5 60.0
39.352731950307586 0.382212525904782 35.80314999700195 172.35817903807106 69.0545817058138 58.038792061382004 172.5 55.5 82.5 75.0
39.329561307103 0.252295547001866 34.33794877765968 332.62727468041135 81.21544299564722 283.6960947650366 172.5 105.0 82.5 30.0
39.55395274569183 0.25494998112031 27.02250072407164 79.51677885237432 110.88267057401545 344.3490289718427 172.5 105.0 82.5 45.0
39.43475948098576 0.292424415764887 22.723506578913984 166.8778046647568 62.00856279992169 311.33832027604745 173.25 50.25 82.5 75.0
39.38009055473871 0.218031795767772 31.06468169412253 146.10734318020528 278.9086220923442 84.16714357039557 172.5 105.0 262.5 45.0
39.332931574699465 0.27318796073134 30.658287332867026 35.88168487895805 65.65415866008428 40.39437526816146 172.5 60.0 82.5 30.0
39.35035450866466 0.280361115527828 25.18760176480051 122.68996689668923 293.8425020845315 321.0239609228522 170.25 90.75 262.5 45.0
39.403183553299144 0.374701948466846 44.737034644031986 165.13154398429967 103.45065035977849 59.27373189287821 172.5 76.5 82.5 45.0
39.49857562179985 0.37931631552023 43.509031517856926 351.82292085783433 273.46492390581534 43.57970059080099 172.5 84.0 262.5 60.0
39.46722056775797 0.270994285103277 15.25771041228545 12.141756027705428 91.53131894009056 167.91010373089605 173.25 81.75 82.5 60.0
39.338814191299655 0.291918496465214 46.519700519664234 160.9805510168304 277.8241866814982 285.51435643548365 172.5 60.0 262.5 30.0
39.504695516235756 0.252920023407665 18.49879026523414 89.28726684242743 66.00907755839987 88.67730713103272 172.5 120.0 82.5 60.0
39.3477412948269 0.362590450419492 52.87515202381909 177.14697348994372 262.7016578768538 32.934631100011295 171.75 72.75 262.5 30.0
39.453546299804174 0.29522300257207 49.518640716866294 92.74604194351048 56.63280516236925 248.670130143571 171.75 68.25 82.5 75.0
39.584518184812424 0.26869573813743 34.32793082124727 355.29587992463024 77.42795823980761 50.35870375732021 172.5 105.0 82.5 15.0
39.358667258480054 0.292397690706589 29.01448695637931 43.65591893894798 283.41856667370126 215.55508308964008 172.5 94.5 262.5 45.0
39.24246060089744 0.214902547035798 21.522948419886166 62.86850547264848 57.56003290657292 137.59991783173024 172.5 105.0 82.5 60.0
39.40054294063449 0.279256801292023 23.99871504421863 157.99740279342268 47.33465256690465 109.78130239431614 174.0 91.5 82.5 75.0
39.499288965173335 0.277327058891056 18.434913022754138 131.78685662101358 270.891930636651 87.52378015206953 171.75 75.75 262.5 60.0
39.3676107100358 0.330779526157295 23.702440649274997 350.5963318667856 255.76678649805388 55.55535769166611 173.25 36.75 262.5 60.0
39.413180363759906 0.313213166814876 30.825297580791936 206.36857964248233 66.9749057845391 30.265776019247344 173.25 50.25 82.5 45.0
39.42487846640284 0.260050566418339 32.10375632542937 255.7225298381635 53.06522960109523 255.55437638687636 171.75 38.25 82.5 60.0
39.35935133250721 0.325008230812339 39.368012555610576 293.3428377380025 106.50958676600361 321.7059569884853 171.75 59.25 82.5 30.0
39.413672310398304 0.263005397834131 16.74280004741622 57.3896930851154 46.064200051355826 157.89058335235126 172.5 30.0 82.5 60.0
39.24795877007053 0.285819589321546 22.384572361403826 324.57198696417043 277.59429016644367 297.3027630436191 172.5 91.5 262.5 75.0
39.48588082017147 0.204444479137115 29.12820939848457 76.4281298616627 258.5213046065203 244.9488304952146 172.5 84.0 262.5 60.0
39.45087242355895 0.328702614622372 44.12109458927736 104.22723193669604 130.58196717046562 190.7770540734786 172.5 60.0 82.5 75.0
39.254483051030974 0.237835261109825 11.028080395112228 160.85027533194145 130.6597696907627 146.0057093157333 172.5 90.0 82.5 45.0
39.35291380138213 0.416370979811799 51.70801591365887 39.10167415375469 112.02288517920903 129.71431481899572 173.25 48.75 82.5 45.0
39.42183463420263 0.366874555910995 32.2504239720338 315.83307888618873 112.25312351847782 43.07415214035074 172.5 55.5 82.5 75.0
39.44709109963608 0.258681606505671 28.06948717553468 201.33424836787515 297.1099550650209 337.9602082652462 172.5 97.5 262.5 45.0
39.384269377648174 0.224313344925164 10.771916736595381 182.17876080816967 280.95786179775354 9.581005415080288 172.5 75.0 262.5 45.0
39.18545739429767 0.231333438887846 24.677405623449445 116.67833895661049 77.9960842095975 336.045174695119 172.5 120.0 82.5 30.0
39.35581681700485 0.269584415353195 20.74853526066011 8.523050443030186 40.53754018002912 193.0210045519062 172.5 45.0 82.5 60.0
39.31438050354936 0.246684024727462 17.797219426616635 271.42420527150784 88.12951847960164 90.6624460271874 173.25 86.25 82.5 60.0
39.408311110597225 0.352666755740491 40.7435076281861 67.96355160140432 68.3858176634154 4.820153110550398 174.0 31.5 82.5 45.0
39.477585226766095 0.347972978446924 28.657047101072404 297.7742797209122 262.8695647705895 221.20165936502505 172.5 64.5 262.5 75.0
39.48541648240836 0.244985330264953 20.957150841204044 208.37317068343359 84.56946582085189 16.70528783809916 172.5 87.0 82.5 60.0
39.34940304580652 0.222732731639291 20.66178183289857 356.77193835029664 223.58268091264205 189.10986218513338 171.75 59.25 262.5 75.0
39.553685819164855 0.231398265622389 23.156398356186386 105.70454781523344 125.92727306188266 301.12359456316256 172.5 105.0 82.5 60.0
39.56080476739976 0.295390121178526 26.050676772482277 112.52040820698657 303.22524503357215 184.81309095675783 171.75 89.25 262.5 60.0
39.30923127863057 0.279518035595684 28.51214476527308 182.89142223330674 79.91473151059549 271.48040963370914 172.5 100.5 82.5 45.0
39.36588715703361 0.31680155154978 40.3546232097414 161.02852817791535 75.93254292139153 308.42294735450406 172.5 34.5 82.5 30.0
39.33252715316493 0.245725751363934 11.072526353477523 175.81495192854285 290.98537919163147 143.02220538165028 172.5 60.0 262.5 45.0
39.414666814374385 0.307539189841568 49.425351627160985 158.3472627196378 90.16211819964296 273.37868503290457 171.75 80.25 82.5 15.0
39.4696386472947 0.215936667917498 14.147151194980543 256.0490725697625 282.9591567562115 326.0833380528964 172.5 73.5 262.5 45.0
39.53751902525681 0.247294271109299 25.65351284567113 41.744842729543855 81.08118154124756 35.36346771080664 173.25 102.75 82.5 30.0
39.46070541502453 0.277933380763863 34.55902386972796 131.20856877762657 108.71798506170434 312.72396577355414 171.75 66.75 82.5 30.0
39.47436374484844 0.274407981279037 20.70444699512307 186.55874877910674 257.7534500903962 298.0434250341112 171.75 86.25 262.5 60.0
39.23697194505981 0.232570886029396 12.328750111114722 171.58704372049127 286.3634448476932 266.61659129867905 172.5 105.0 262.5 45.0
39.2991639404934 0.252236915595699 20.86468307575081 136.8643224391793 302.6099383611427 305.80365308059856 172.5 90.0 262.5 45.0
39.50940411443289 0.302055412794905 27.34889718749042 218.666294722181 88.99311193442536 356.4055857056366 173.25 102.75 82.5 45.0
39.41714378552799 0.296634502833057 27.16023614991443 291.19059416519207 45.92997404684121 113.90888422052748 172.5 30.0 82.5 60.0
39.41913178689604 0.339338067061609 23.92854039991004 9.466411512356611 88.05144867752743 28.003383296593665 172.5 54.0 82.5 60.0
39.46210253362737 0.405540782759887 47.3615310770541 45.775238696988765 250.2022111084238 140.8043919015265 172.5 39.0 262.5 45.0
39.42624703853755 0.374674656626409 54.775882309662144 279.4522448658204 86.36068115022005 318.82680895280424 172.5 72.0 82.5 15.0
39.37569464254824 0.196213568536709 25.946749526628473 67.40227065939672 113.57110372982685 333.9231950556581 173.25 42.75 82.5 75.0
39.46188689496714 0.266041898696349 25.844970712326774 126.5922685715786 249.711066058808 72.20447724744325 171.75 90.75 262.5 45.0
39.379275302800046 0.340521754957646 37.89444936472911 288.22023132062156 222.2923657859123 105.92355788000927 172.5 55.5 262.5 60.0
39.23766190600202 0.261572619566528 36.936379677576774 205.61835633989534 116.32485924722151 267.08772221191606 171.75 126.75 82.5 30.0
39.379730843935135 0.263895070839381 29.509689373093366 22.335478187899195 234.9532840783329 65.55331276394402 172.5 60.0 262.5 45.0
39.49859779286102 0.294187606962557 27.01198581248162 142.5646794135395 317.2418132524461 279.13825174901706 172.5 76.5 262.5 60.0
39.41948599379114 0.316847362083649 21.88797181885977 306.56263034187566 92.03544781721732 307.06640080231114 171.0 49.5 82.5 60.0
39.237798708227324 0.215538127905627 33.699200832049286 18.01347573518675 277.83253195448333 259.6803594318915 172.5 111.0 262.5 45.0
39.3959801465541 0.173841186010017 30.91078566510774 155.63722377849834 260.1266035146832 64.08557625927563 173.25 48.75 262.5 75.0
39.208609822828755 0.237290592901681 30.379995712670997 289.3746165806011 90.87076696164804 190.77209778347054 172.5 120.0 82.5 30.0
39.46724652995711 0.355922082306157 40.17369948467265 48.76202839137648 265.06150690474743 117.23195369118288 172.5 75.0 262.5 45.0
39.349456154163455 0.307200013724426 43.57267717762534 133.1632069869581 289.3870723644208 305.5019672068122 172.5 60.0 262.5 30.0
39.425480642950845 0.405384205785855 45.98610118885676 0.154190276752492 94.84394897898025 287.25594276563555 172.5 67.5 82.5 60.0
39.44648183105505 0.276064358158492 30.481826893614166 346.93149147441386 300.8776290440568 41.01592095630612 172.5 66.0 262.5 45.0
39.37899465207678 0.233803717149626 33.403527389682 97.1452914142206 83.93201968434184 231.22288054591382 173.25 45.75 82.5 30.0
39.36139354004165 0.284180049846951 23.041936994315623 107.43053108338253 42.700765921483296 252.11905947888283 172.5 58.5 82.5 75.0
39.48628264140741 0.248770973708849 15.482693731482177 41.549040921417614 110.74613879090474 13.179505817795464 172.5 67.5 82.5 60.0
39.45964276550583 0.241514768289229 47.17150391358007 35.026649538737956 99.93810657458168 8.353086816930404 172.5 60.0 82.5 45.0
39.32892644098736 0.296498964942303 24.503723419753463 343.4308057400182 74.94286878973313 309.9237279298583 172.5 63.0 82.5 45.0
39.34638357399952 0.26368958415705 24.55989929242735 221.9705232520893 70.23760974904351 170.30242787355414 172.5 88.5 82.5 45.0
39.379326595500814 0.208484927383294 20.379739214436427 52.929273912145426 75.53826614574601 286.13240923341795 172.5 105.0 82.5 60.0
39.53822100547704 0.229352735293607 21.66552057850256 173.59672782299614 94.93842614245106 286.5146111436183 172.5 90.0 82.5 45.0
39.46200001639524 0.29202914893966 36.29277733061524 93.6004482099936 74.6747763018085 224.2038758598378 173.25 59.25 82.5 30.0
39.422824973789005 0.197990206689076 27.892092741530842 350.55809645893635 105.53884452806383 8.078325803032415 172.5 103.5 82.5 60.0
39.4153959376623 0.295076794280824 33.26109015230732 84.00599902462235 90.85898642879587 88.7025253053384 172.5 60.0 82.5 30.0
39.37062765617769 0.279527303763532 32.03475022090315 146.6657744352995 141.08180969534996 42.531023386547254 172.5 67.5 82.5 60.0
39.39923914527485 0.261881732829074 39.03077993427211 63.55005290478832 258.31189363699144 269.7914014565445 172.5 105.0 262.5 30.0
39.504389366158726 0.275571287112092 31.74592444830593 29.273672832511213 286.5744296821116 114.55102031018062 171.75 98.25 262.5 30.0
39.354828773948604 0.280467131329854 27.56578474367029 261.0158462080857 261.20289927586805 240.75919870027678 171.75 48.75 262.5 30.0
39.41804822749058 0.273136006132937 23.99932606170983 74.93364869613231 66.07788360242978 268.79154667451036 172.5 82.5 82.5 45.0
39.38471511378834 0.30034777347552 32.86970819842956 280.909040656342 251.21234282403344 73.33086285304316 172.5 118.5 262.5 60.0
39.33852458158746 0.351538708601661 48.12134737959557 20.432836881725063 43.86581472007402 68.49679997271177 171.75 65.25 82.5 60.0
39.24848474250663 0.285980086516664 33.73095252438681 275.72335773810346 267.3933987760988 235.32538403891965 171.75 105.75 262.5 45.0
39.54820471842217 0.299643247597254 32.31250119940116 153.37148284059373 276.9317439847342 37.2457915045222 172.5 106.5 262.5 60.0
39.46859465804357 0.262704035421359 19.655588923152553 149.90526774822555 115.67558328002372 15.745625480657404 172.5 105.0 82.5 45.0
39.40198261401553 0.218744509187742 18.541977208749948 11.42117161532744 261.6040380365152 281.15422152321986 172.5 27.0 262.5 60.0
39.35403716572535 0.312207151421211 41.2529023304847 241.4229541988483 299.4058810570758 331.21739317887557 172.5 45.0 255.0 37.5
39.40131823813468 0.298516178230413 49.11413077730949 304.485045449478 107.27027684736076 318.7303282232969 172.5 64.5 82.5 45.0
39.45708140980899 0.377311143605105 58.290271757067394 351.6525869789278 81.2857278256303 295.3891461881196 172.5 58.5 82.5 30.0
39.347935464571066 0.181395956766889 39.3895813426809 159.46330524349378 284.393833800761 163.05334281853965 172.5 61.5 262.5 75.0
39.337568592719876 0.35958239407995 50.71947116548925 117.95915932551084 252.06700524986138 206.29477363544936 172.5 60.0 262.5 30.0
39.43291692549922 0.286270424788245 50.86765497682304 37.295957552288215 90.7088530424357 262.68870739986943 172.5 58.5 82.5 45.0
39.34124630740828 0.262969902720426 22.062016270239226 250.44344228471076 130.69871091253626 105.69705894417896 173.25 101.25 82.5 75.0
39.43529631806981 0.276894981652956 37.79786049240322 93.90668796969611 99.99385951669139 178.54865983967602 174.0 108.0 82.5 30.0
39.425645545420146 0.277003937356951 44.24105630665632 50.21293618895036 88.3551822635965 143.59129141471698 172.5 60.0 82.5 30.0
39.3306174641651 0.323679199870103 41.66947205351277 75.31065491289016 235.53818420358817 134.45622427980902 173.25 71.25 262.5 45.0
39.46116603844172 0.289446244374133 46.27954865211732 104.74736265432355 52.13776697150827 109.66149836575529 172.5 79.5 82.5 75.0
39.473768964376774 0.299999588440129 44.69268315920295 300.9782900959171 57.36144623094118 346.56079196587064 171.0 81.0 82.5 60.0
39.34824194734081 0.453794477517975 57.767270801213925 111.66586360541051 263.2261328161793 206.6720043015505 172.5 39.0 262.5 45.0
39.4379442448768 0.319776938330067 28.125063800980477 72.26988544802028 88.65699908946203 348.74088426239103 172.5 45.0 82.5 45.0
39.238969489708246 0.269196347076781 32.78663903009386 322.6423521538454 262.6443498894853 192.40931908469963 172.5 105.0 262.5 30.0
39.38823776387491 0.366115251406098 54.133203000664174 111.40467140576973 63.408740215164556 334.55413459681074 172.5 43.5 82.5 30.0
39.433236500857774 0.270316044828637 26.911703783125972 248.82503905416013 241.52098123324515 121.1700622106275 173.25 69.75 262.5 45.0
39.33715952647943 0.329328344703913 41.92523339968051 308.92636275001274 255.2795464097523 74.27391189071142 172.5 60.0 262.5 45.0
39.20182859093982 0.228984825808686 16.503503546545375 325.1597807984511 237.8669401815443 81.17289241311519 172.5 120.0 262.5 45.0
39.47014420130567 0.300934363226651 48.02647926878947 173.22479721227222 56.21630026799119 327.22198684609475 171.0 84.0 82.5 60.0
39.41121748118696 0.304841081556836 28.772755567801998 42.92119964034027 247.7017205472461 41.384587991558945 172.5 60.0 262.5 45.0
39.31746192322245 0.248568095943312 27.160700843874118 33.63739519286351 128.90963116469047 100.06232048935786 172.5 97.5 82.5 75.0
39.36016246215288 0.312830113704319 33.3524819573922 167.8751505064565 289.3810547393196 24.505546476285556 172.5 60.0 262.5 45.0
39.28718768495607 0.30805568171939 24.116811845952252 183.622172574724 280.62663745773204 145.6892595382259 171.75 99.75 270.0 67.5
39.411827666052744 0.326596556060472 45.993089551442004 200.3046049588665 79.4123999038598 48.74762927313877 172.5 60.0 82.5 30.0
39.40717857826326 0.340755552280499 43.58298971245879 194.9629866104191 42.50842556119403 201.47913498245194 171.0 70.5 82.5 60.0
39.59088756914821 0.259366898338212 29.58092226412552 6.827163353793815 263.09788067134247 163.66684913462288 172.5 105.0 262.5 15.0
39.55581486899105 0.284832689388412 20.539497883098292 330.3428107704622 83.36140746793012 178.1248129894762 172.5 103.5 82.5 60.0
39.48492567511721 0.227821629199564 36.10453550705547 152.33063204643236 83.69603693881031 334.0659630537713 172.5 117.0 82.5 45.0
39.41376120995728 0.290006909561294 20.33885485349559 272.0522947718481 252.4995502772805 225.5211374531399 172.5 40.5 262.5 60.0
39.41940876565436 0.292237038340568 32.46374335641982 200.17879127581267 44.96892177906368 163.74828774277918 172.5 67.5 82.5 75.0
39.57490232954936 0.273944347668321 37.93280722091299 59.02294388272777 309.8011444781443 228.27328597795082 174.0 133.5 262.5 60.0
39.44926893024488 0.295214872850624 42.93694684279909 129.9800519297538 288.8772083075075 51.45809896811899 171.75 45.75 262.5 30.0
39.31343717452756 0.219342032812528 24.624498641746666 188.2547938114633 111.86811786234928 151.1545823716273 172.5 88.5 82.5 45.0
39.456437824992655 0.327086930488827 37.289158357072004 232.04356934981365 123.29390563015623 219.7773917745324 172.5 60.0 82.5 45.0
39.25404458156056 0.231747486195687 32.359429329529405 305.3511144755548 262.5397570299353 335.07080663284637 171.75 119.25 262.5 45.0
39.49431863145581 0.29297839240545 33.78160815796043 319.6442189984075 67.01474543917111 212.76026369371522 171.75 110.25 82.5 45.0
39.46871108758568 0.362558631054894 45.287646697810594 221.80911199410306 108.8301809180648 0.44781812329144 172.5 63.0 82.5 30.0
39.301544402128926 0.234719068515926 13.551134411730194 280.09823741551344 114.20491045400428 193.29337709432713 172.5 66.0 82.5 60.0
39.269544463098455 0.23099254563708 31.07568042623488 177.14684906249485 237.71565846561856 56.909196942458756 172.5 112.5 270.0 82.5
39.47368001518395 0.286157987952909 36.97589707964012 239.52715785392996 82.80738555171705 110.13532388725955 172.5 75.0 82.5 15.0
39.3323393854266 0.266190902855906 30.741833186158352 334.80282962955874 148.12205977943222 152.4004595598505 172.5 88.5 82.5 75.0
39.494598966726 0.217585450909316 29.473415414418092 52.49026698602166 61.47545738835642 43.05806963887518 172.5 108.0 82.5 60.0
39.32262457481272 0.270872678564005 28.033017051190967 204.7523038874421 129.7919490135144 130.7900012184235 172.5 100.5 82.5 60.0
39.421031368465016 0.245884836666474 18.466947396240982 273.0989404271728 306.1573045832755 281.21076090044215 172.5 108.0 255.0 67.5
39.28082595090765 0.205586350232611 27.187688654294462 288.29648716414664 75.0055330467208 85.37104546479823 171.75 114.75 82.5 60.0
39.46036083140763 0.213620281678283 41.53471829201532 179.2535943256386 107.20992694506306 22.95069418944336 172.5 63.0 82.5 60.0
39.542665788997006 0.294383397990926 21.86408306869399 2.919775646053287 240.75652075907465 168.33616144149488 171.75 87.75 262.5 60.0
39.28232289748391 0.251394592824172 24.3301502272869 312.95312028028894 70.25257628101389 104.82053380308287 172.5 105.0 82.5 30.0
39.474782489031725 0.291129370588863 33.888706294329836 39.90605495477583 279.0190391024102 253.7640489998176 172.5 60.0 262.5 30.0
39.461981950229266 0.363694107578257 42.609133917214294 92.97249672679666 36.4123899921561 271.7038905027804 172.5 61.5 82.5 75.0
39.3472844746716 0.395079789043737 54.40866416002754 53.82205318185014 63.71855978961243 263.80603454235535 171.75 65.25 82.5 45.0
39.4155615643027 0.271789642620264 14.888954330270122 136.15745162278878 278.0703180309168 303.781783565725 172.5 15.0 262.5 60.0
39.32837429908277 0.249982815739362 34.75172708642463 210.779238078565 254.86659407361452 266.01322123230904 172.5 60.0 262.5 30.0
39.41352145108573 0.398851961532305 48.12362717586079 135.0935246798551 271.7680454029406 179.32781809465322 172.5 54.0 262.5 45.0
39.45494896046267 0.236436551395585 28.832279318676083 235.37841226716006 273.2855664487422 99.8797554729561 172.5 97.5 262.5 30.0
39.45975433775198 0.273208832123021 36.175172141529295 150.27525995693068 280.4387374051246 85.28003392562954 173.25 117.75 262.5 30.0
39.394075685656745 0.283741505057241 25.882235232806867 83.94753562461987 275.09892066629095 106.7175535744933 172.5 30.0 262.5 30.0
39.5555698215699 0.23851803057965 17.97242410054868 99.4804140510097 62.778806337650536 16.53784764023097 171.75 117.75 75.0 52.5
39.516376740828434 0.218621336277332 18.470858230815388 343.62647706794354 241.3108764826388 181.64927233119147 172.5 79.5 262.5 60.0
39.32054556753108 0.261235305152871 31.913763795027283 169.57628889865595 226.12980545711443 49.71622241030531 171.0 114.0 262.5 60.0
39.26350937988876 0.301135300298399 33.72835668446721 218.7415602188042 84.59566192399502 25.25085837201575 172.5 120.0 82.5 60.0
39.38766906565406 0.306974970940027 31.36520610505025 2.905244248629003 36.57687027731883 205.26668148733893 173.25 50.25 82.5 60.0
39.44649663152492 0.29790562393305 21.760315603513547 124.91257881833393 270.36530003096755 184.29032086378965 172.5 66.0 262.5 45.0
39.420811430588074 0.278967945467901 33.98623834391185 146.07560372280614 248.69749690626747 81.37501617516095 172.5 30.0 262.5 45.0
39.37294983041228 0.222628460717831 26.797175118121963 300.5458741582603 115.09696814602279 283.16226653309343 172.5 103.5 82.5 60.0
39.33712922253115 0.29887056991089 50.0119519737177 117.25144181614067 242.37063753147436 218.0574648663783 172.5 58.5 262.5 45.0
39.21260607853773 0.237835936803704 16.50265585543147 222.17039528685314 98.1370383137964 261.7515353833254 172.5 120.0 82.5 30.0
39.409170384587256 0.237541221958717 10.993847334379707 162.36397708004802 96.26459020103238 306.39548200014826 172.5 66.0 82.5 45.0
39.37786288003797 0.324099700525587 28.46667590212677 121.20516598608741 281.42714269590505 204.8564068799629 172.5 60.0 262.5 45.0
39.42619082187812 0.210874300542945 31.642710264497783 100.12382508735547 256.4986598539252 83.83075603617134 173.25 96.75 262.5 60.0
39.49676441974993 0.249995004738384 13.584092922521858 123.40158400035749 263.88586098105225 308.4187552640925 172.5 75.0 262.5 45.0
39.56434627417167 0.272066681279951 29.992259682991808 300.1942043902733 125.51199953400955 61.62785439895972 172.5 100.5 82.5 60.0
39.43136073199378 0.274676355855686 30.125141768067266 103.40660019222419 82.49184479500394 72.00875587727369 172.5 90.0 82.5 30.0
39.44152917265245 0.290045097380366 28.709919969044936 46.09264056196909 44.43224389751807 259.4672114242768 171.75 102.75 82.5 75.0
39.19387392632012 0.242489442461452 32.28241049004534 217.1169987323817 81.21931287892663 253.41113448139276 172.5 120.0 82.5 30.0
39.37930195718739 0.365629262976895 51.37727598951102 155.65905339577824 181.5512129423815 157.17125195517437 173.25 83.25 97.5 90.0
39.405424159110744 0.264445259213649 13.106948362238612 278.57565372221006 55.803187950281846 245.31720115745503 172.5 30.0 82.5 60.0
39.26023735710303 0.266542074237141 25.284508180960167 129.31679878136995 252.7170125635381 70.09398557620119 172.5 105.0 262.5 60.0
39.50783855495554 0.273781446887528 17.88061996645817 199.1295647737429 115.14850039368993 239.8833778274251 172.5 79.5 82.5 60.0
39.45791007234392 0.26472074841623 23.03738244465838 225.51006891497215 135.42416314665434 245.21562653321263 171.75 95.25 82.5 60.0
39.39690247289516 0.255613103806489 25.598967212897552 118.21609412203343 245.49989872311625 308.26919903985333 172.5 105.0 262.5 45.0
39.452519674178596 0.283872463779146 27.279934492479022 285.64907192497185 35.24189390076107 345.2068720083341 172.5 67.5 82.5 75.0
39.24770687734434 0.291944845075808 35.92300329213642 154.2340445493267 269.8682445034648 187.01840648813018 171.75 107.25 262.5 30.0
39.433377315335534 0.329198061135223 38.21297454078567 85.40442094260631 70.13371566261077 103.45052775784242 171.0 66.0 82.5 45.0
39.35538017670458 0.218806368406296 33.269999166243856 224.33029752007113 243.66745223394418 143.41334745942126 171.75 57.75 262.5 60.0
39.30371873572849 0.227584946386686 25.675470111311064 311.3714280501418 247.49727592931774 110.11615781816661 172.5 103.5 262.5 45.0
39.44658137774579 0.256467966153676 39.02351725712747 16.89711542126797 244.04742777086983 58.11342370166482 172.5 60.0 262.5 45.0
39.46760726032079 0.307268428803844 52.03350820922627 353.2554109863849 83.18319926273821 162.60166008931708 172.5 55.5 82.5 30.0
39.381897950942694 0.244414452202769 37.57890218134937 8.65404894939802 133.79270496346163 355.85898367843765 172.5 51.0 82.5 60.0
39.551924435173504 0.291152908585602 26.094916355135297 155.93743606207113 300.06779903532566 280.23315571961416 173.25 102.75 255.0 52.5
39.37167190467903 0.218568173793739 31.830250299826673 250.8493199476857 75.89999603120077 214.1721387811842 172.5 100.5 82.5 60.0
39.51866307816233 0.256556512060033 36.55312423027043 340.32174682594706 268.10078325561506 206.45822485655722 172.5 120.0 262.5 15.0
39.430220527356205 0.26758262989259 32.74948576136019 148.6496790070189 247.04807719847108 52.186478967334956 172.5 106.5 262.5 45.0
39.45867914674497 0.212175881596367 27.06650898563628 253.3197555472498 111.76339509899083 207.39886820276607 172.5 60.0 82.5 60.0
39.50457711911011 0.283813509325147 28.315708961607363 275.0202600272222 90.60263249650326 120.38966994232435 172.5 96.0 82.5 30.0
39.40171079612611 0.255927656927398 27.472661228505917 112.40113547881442 264.5777841622681 297.61797003790946 172.5 105.0 262.5 30.0
39.449653597882204 0.398700963262203 40.258667676775325 309.27239183469146 287.7417294016479 315.56133966470384 172.5 58.5 255.0 67.5
39.45065373466321 0.260309538916623 43.320191856790224 236.20251880064228 308.62563270589544 219.60287978991477 172.5 37.5 262.5 75.0
39.35133269954745 0.326241213101924 30.09991020689606 344.6907887974956 282.2772941553613 293.23985001422045 172.5 84.0 270.0 67.5
39.35622064574598 0.261907696380777 29.438883226237497 285.2567568265453 98.79149003608933 113.78360949249667 172.5 105.0 82.5 30.0
39.45628225888285 0.252914144063471 35.45072358507111 30.303937550918533 117.61758552694164 248.16039892515593 172.5 48.0 82.5 45.0
39.5125804623427 0.3823004954283 49.436752058864684 340.14099394033457 243.03116641136558 309.11899138289436 172.5 82.5 262.5 60.0
39.327033237737254 0.272357261574369 34.5203884405837 79.80171364807734 72.08250653762994 115.23776358397568 172.5 60.0 82.5 30.0
39.245198146023746 0.243415846470646 18.408992444420303 254.97682957180538 61.68924136243948 247.70844955427725 171.75 98.25 82.5 60.0
39.39997817430451 0.357768775620188 30.115565460720735 106.92411647423661 275.7974348605484 315.652928855581 171.0 57.0 262.5 60.0
39.40159310174599 0.20816335259298 25.74348393706719 161.91166808279937 269.7515331127001 51.29672995741456 172.5 30.0 262.5 60.0
39.44230248830416 0.252220730387125 24.528352504647298 75.93706494478889 289.2924271630242 344.6175264060534 172.5 45.0 262.5 60.0
39.41655779578746 0.3040623134321 34.21936359104291 267.9091638502247 75.85720690129573 6.19140562065038 172.5 60.0 82.5 30.0
39.54445327884112 0.271798453491941 21.761348647389287 188.2100226845193 260.29111406753157 155.17638743444508 172.5 88.5 255.0 52.5
39.51028220539018 0.270642984749205 25.984544774534086 213.4344374901337 271.92210672885005 242.52346519926684 172.5 90.0 262.5 30.0
39.33391818448192 0.222100661709858 40.15315905677967 101.15775411631024 103.75797819050338 191.00240158561428 172.5 75.0 82.5 45.0
39.3668773123564 0.33846114163449 31.31743859094441 245.41804508882575 55.58288393308435 249.1650008229737 172.5 55.5 82.5 75.0
39.476901167098916 0.220157298511127 32.34356936333908 206.0767645667859 88.18223859866062 126.75236059306032 171.75 117.75 82.5 60.0
39.42603688146792 0.260437267279107 39.10852006412757 58.39659461018614 299.13579711703414 95.49138928124403 171.75 30.75 262.5 45.0
39.373743347350924 0.205007249123579 31.3246035808129 38.22061235396004 62.80781436954153 143.49889803212736 172.5 60.0 82.5 60.0
39.38326880813049 0.255254532787144 35.91381373479658 107.80432888668868 280.5932895710985 213.85890085798857 172.5 54.0 262.5 30.0
39.45571460212768 0.321103992543774 46.006756309680576 337.9833983623483 102.71960889751897 38.78402060416844 172.5 45.0 82.5 30.0
39.33921577691466 0.339047402897437 54.60814906663214 247.8332689792622 94.71354783182478 351.613019197448 172.5 57.0 82.5 30.0
39.32847888256148 0.308330609439056 32.3226789612283 18.263972266111065 31.13582502946118 318.20625278710094 172.5 72.0 82.5 75.0
39.394116270707705 0.242383189138981 29.87513333541997 134.53505504571274 323.55657774386475 308.97930303554784 172.5 103.5 270.0 67.5
39.442673740272866 0.204998421057831 26.967941981786268 282.8968844132372 286.2351546206986 202.62525700917743 171.0 42.0 262.5 45.0
39.349549651421476 0.272981123784365 46.523218831698685 105.9027154348753 90.99403866660434 323.02692997923316 172.5 52.5 82.5 30.0
39.50587315394736 0.309421682206572 22.501868427247366 213.51474530543294 237.32171561368887 35.83693074926839 173.25 62.25 262.5 75.0
39.338929975847485 0.276656050305682 16.329670538881455 152.60723652232136 108.6538320215641 59.40086610978894 172.5 75.0 82.5 60.0
39.32878694472387 0.392414747359375 56.93301137676127 7.672671979885505 73.3515019664247 278.0882577604784 172.5 75.0 82.5 30.0
39.474922060583005 0.266375754944027 18.744510320369574 264.20123694928174 248.1247501135922 231.4158616485458 172.5 81.0 262.5 60.0
39.450245142257565 0.266862552818131 25.338694070764785 240.25340243541257 45.96232812856435 270.9660395334344 171.75 50.25 82.5 60.0
39.396864862655804 0.22199160753878 23.693081001715335 132.92743428181697 269.6335672894837 166.00429476290796 172.5 70.5 262.5 60.0
39.44029288645892 0.206594771036501 37.65959217759343 125.33687945082754 265.85805035317435 73.66481662311487 172.5 48.0 262.5 60.0
39.339907585691286 0.366650853866564 52.60586190176087 175.21400514962468 88.87042044541852 159.1148354635078 172.5 67.5 82.5 15.0
39.34080316176868 0.304351289326439 45.02068669141506 357.45816211970254 242.6484143632925 313.59901037830485 172.5 60.0 262.5 30.0
39.450955054544764 0.336169087143056 48.73211384153931 84.60247460177222 298.1717451091212 191.8997888107694 172.5 61.5 262.5 45.0
39.356764377211725 0.244674150141005 11.080327033226267 172.98607643688032 121.89906624699768 238.3353465601549 172.5 90.0 82.5 45.0
39.4669550101914 0.318385426082011 24.315983917482313 303.4068978763232 219.3671402677217 230.88214034462976 172.5 43.5 262.5 75.0
39.41742502005552 0.321563611995773 35.06719898751419 178.736490779512 110.43755702805436 252.69971763808996 172.5 60.0 82.5 45.0
39.36362603259792 0.196899497281579 40.86157315489204 191.49706101913716 93.94047776398425 12.71349270285325 172.5 73.5 82.5 75.0
39.45850477574581 0.225481120207615 23.99779452299501 315.237974689881 79.11628653751117 305.5016271324938 170.25 62.25 82.5 45.0
39.24105472874676 0.234649755862134 37.130172704894015 58.59517023214588 90.54904456307524 264.3947690305827 174.0 132.0 75.0 37.5
39.240264378714244 0.230514758027128 24.55996037749778 276.00159239888706 276.62751073091846 213.42505248655263 172.5 105.0 262.5 30.0
39.36819432319261 0.35658005752124 53.95993380303623 196.27942271353126 105.77607831373787 279.5600426314097 173.25 75.75 82.5 30.0
39.52749884813516 0.26003457840358 22.11251052658793 124.18895887104577 279.9442734945076 53.0563523758509 172.5 94.5 262.5 30.0
39.432420596195485 0.278561378775918 37.16325069697798 129.3573762516571 132.67917956867043 57.780025742899426 172.5 78.0 82.5 60.0
39.34513233541399 0.248379570028804 23.38090329811695 57.89116292388287 226.81826316733998 14.646646699180005 171.0 79.5 262.5 75.0
39.41787041439713 0.327776859370924 55.88287187945409 95.91907016684829 85.29150447874898 352.7290545011877 172.5 60.0 82.5 30.0
39.57129050662628 0.24413035161329 14.978242423413274 355.5037191385408 271.4849329276716 61.28077870587381 171.0 114.0 262.5 45.0
39.28918714615179 0.350974618032526 50.78089472679401 323.0989040331629 78.19275112546764 318.5235994227068 172.5 90.0 82.5 30.0
39.53214535693559 0.242723938987429 15.715523361653801 302.03649690071666 69.65720569325929 78.59592361791954 172.5 90.0 82.5 45.0
39.34884548773577 0.245468066956669 28.566482485005263 13.952049263692864 267.30833571987347 172.31013239026046 171.0 96.0 262.5 45.0
39.37451469813285 0.336574401428531 45.90638206828993 253.45178750179537 108.38309027694679 336.2164978733398 172.5 30.0 82.5 30.0
39.33274955987292 0.233567208791733 26.37718574365789 256.94513910303374 59.199540357545395 266.7731007789642 171.75 90.75 82.5 60.0
39.409657878340084 0.286079798867848 37.5148347431969 32.25409344370424 265.2464326150693 269.82404323898425 172.5 30.0 262.5 15.0
39.227577206943046 0.2499987622539 28.319217624726186 237.70284897724824 115.77503541328934 238.63506841295384 172.5 120.0 82.5 30.0
39.48198560128956 0.357703629120807 46.79087272890834 90.6396434193557 261.67303738134274 114.99712733649613 172.5 75.0 262.5 30.0
39.39826428167374 0.233606030085104 19.555362378602716 161.1450134497625 270.2780018969373 48.50984211567026 172.5 30.0 262.5 60.0
39.48525958569597 0.290545366624939 26.57981801659156 358.37698963563287 268.57346199396034 262.7244479257729 171.75 93.75 262.5 30.0
39.277174561743664 0.267393169303946 35.85219994218363 40.65926436604416 288.21721433301434 129.38073679410883 172.5 103.5 262.5 30.0
39.49348432419727 0.242801630256398 46.91573856981661 120.798717568256 291.8524097749993 54.04038483378333 172.5 84.0 270.0 67.5
39.41306973537335 0.349292486645331 53.06003462333459 174.22824597399241 253.27126022699622 286.6987736428241 172.5 42.0 262.5 30.0
39.36764439101518 0.226958780053468 26.832372497401238 255.01116288410003 115.87366844309774 180.36992415426383 172.5 115.5 82.5 45.0
39.524846726479275 0.255189278111881 13.996940387015572 144.86671644354408 96.46654545996695 186.7492665434404 173.25 75.75 82.5 45.0
39.345569806928374 0.328052045740009 31.8829011184325 298.24167542446673 115.38181030236747 193.5518964369187 172.5 60.0 82.5 45.0
39.304350992672205 0.272445298898182 27.832959977923004 64.17112970181039 98.83534604922492 84.12994483585865 172.5 105.0 82.5 45.0
39.499762931941135 0.241325498120292 16.467918528004347 103.47346023454996 273.90397604732334 320.03362193902524 172.5 73.5 262.5 60.0
39.37200618364191 0.383353409228093 40.808249889563285 238.02210008414767 88.98236805291484 127.13095867483473 172.5 52.5 82.5 75.0
39.323839860280735 0.292946212535904 20.462105010312595 2.260272534975845 208.74338455575102 209.19169628456748 171.75 60.75 262.5 75.0
39.3378363143963 0.327168340060206 31.88206765873616 261.79186247269416 226.61845325305956 12.365190113344807 174.75 74.25 262.5 75.0
39.45426873845512 0.270612901349949 27.310147886068407 347.20490166043436 105.09093969858404 129.8730250091907 172.5 105.0 82.5 45.0
39.27897730541628 0.230413329492636 23.374322360998 314.77841709107184 53.651466787097256 113.8385409105104 173.25 87.75 82.5 60.0
39.45959315631984 0.341370013260259 46.34583999616786 214.85616357236032 303.03580413711245 241.57509211704922 172.5 46.5 262.5 45.0
39.368055152356476 0.396728245520207 50.62223013516714 159.7203585884842 286.7168965143768 54.46695244043433 172.5 58.5 262.5 45.0
39.398956167032296 0.317646715296537 29.584857408416063 205.63374071547335 53.644320277597274 282.34884172010334 173.25 39.75 82.5 60.0
39.38626531386176 0.339954543371248 35.08022235134338 336.20370079752144 119.58024977043883 272.3754505203665 172.5 30.0 82.5 60.0
39.43588672019296 0.319557473832477 48.36105717084371 169.16024346926375 275.33724801799144 57.956497320119645 172.5 60.0 262.5 15.0
39.31911379958774 0.255544348293068 18.41996740695826 55.44066970583459 278.8111509524636 345.5113141753467 174.0 69.0 262.5 60.0
39.39891567267219 0.307564534441868 26.62444198316619 346.2696162254857 47.88967621354693 89.2453381202719 172.5 58.5 82.5 60.0
39.34188396178174 0.364220635481529 43.25465391846997 81.88809554283951 265.48217409386234 247.99019690269228 171.75 99.75 262.5 75.0
39.29026319813152 0.279296106029809 30.84618394275259 312.3775588639579 110.62965657406744 193.6967539843102 172.5 102.0 82.5 45.0
39.481943536218544 0.284390003534665 29.931321879684 277.31067984960964 278.4058026699362 209.22361146149956 172.5 60.0 262.5 30.0
39.41539711804086 0.300980408502552 30.742592781618328 157.68646337836256 47.949977805865096 201.60587998944558 171.75 47.25 82.5 60.0
39.383461648238004 0.245068153879795 28.784627142443657 266.56470356583446 264.2526517792885 259.0997964898004 172.5 105.0 262.5 15.0
39.30670393314803 0.271681394588518 26.753725594457364 3.247206723060612 259.1318987291312 25.091632310486162 172.5 90.0 262.5 30.0
39.54339760681036 0.254127238953989 24.33506024108715 165.63990938579485 265.458676533578 309.8763174434192 172.5 105.0 262.5 45.0
39.4787512766889 0.281336116434585 46.951872099122546 325.68476946221506 262.2590538460122 62.569232142440704 172.5 75.0 262.5 30.0
39.358310879738205 0.234063866146068 35.51698047909065 327.59460223180935 103.15077849293961 307.76225848732594 172.5 75.0 82.5 45.0
39.38839356476723 0.234767314251927 18.437737560051826 206.82683197275284 256.869067277022 239.21415732027378 173.25 113.25 262.5 45.0
39.50255059393446 0.280480926624806 39.85691792709734 50.59230016443168 57.74970521344477 24.771320763437437 172.5 76.5 82.5 45.0
39.317104306685586 0.352707679933131 28.939372234484857 202.8488858135916 118.15728919547169 232.729382798272 172.5 64.5 82.5 75.0
39.239592730431994 0.231244750824662 29.835332701496114 275.273444546308 238.11183281275703 106.04949234460571 171.75 111.75 262.5 60.0
39.33099496982292 0.319304854939877 39.56386747667499 17.297818089300343 276.4026715456215 249.22783574849257 172.5 75.0 262.5 30.0
39.52750229072385 0.25505143513243 25.878368981953717 150.67633615889585 279.24004053305794 172.37486746075712 172.5 85.5 262.5 30.0
39.39178342300422 0.318341682003039 37.2519828609747 297.47758437346096 93.2078519616399 92.05440424300552 173.25 45.75 82.5 30.0
39.475632909572376 0.233541306066169 40.8175183002963 36.59012447502061 98.93046022804327 258.9082631704429 171.75 60.75 82.5 45.0
39.43540843964012 0.396709148807776 46.15688240537934 302.7995526066625 280.36745946028384 319.2612901567424 172.5 55.5 262.5 45.0
39.39931858454856 0.27930721952749 16.334597889852905 214.17203913149828 93.17058254503186 256.02746884096723 172.5 15.0 82.5 60.0
39.307948744491156 0.289901088057558 24.303220589339485 225.00467768048603 294.8206519921247 8.96292297062374 172.5 102.0 262.5 60.0
39.475440662760995 0.260708370158854 17.926051856978795 37.35487218494025 255.81552551402024 245.71919413076935 172.5 90.0 262.5 45.0
39.34310389326982 0.292314364932017 42.095959749811556 193.3167966616023 106.52833795362815 271.19434458977236 172.5 60.0 82.5 30.0
39.22372115727802 0.235774865094028 39.46795086119088 142.9459355498503 116.05947579862139 152.5112731647913 173.25 122.25 82.5 45.0
39.415608099404224 0.272481334208992 17.080521652510214 99.3061033293419 60.26149986846602 228.09757248955154 172.5 34.5 82.5 60.0
39.21035505984041 0.276941430773983 34.47223649589819 195.19054538028607 109.82974584180829 260.2643574875574 172.5 120.0 82.5 30.0
39.43311616167506 0.311388738516865 41.20786145109071 210.83875936074654 226.71925348780923 298.277029036311 172.5 49.5 262.5 60.0
39.4707146401529 0.292301307820425 30.21664014712975 355.8575626745986 50.50990622930727 182.31597102131434 172.5 79.5 82.5 60.0
39.394400887806775 0.301578821616381 36.41814898497454 71.27660883214894 71.35799264174798 112.87882080229524 172.5 60.0 82.5 30.0
39.3755536955995 0.30216472118053 32.49137717650153 91.14029711957332 110.41578472727387 333.03720247610255 172.5 45.0 82.5 45.0
39.32937753890652 0.205863966185186 40.729571386943356 252.93126521720336 255.63988505414312 4.285316515906368 172.5 64.5 255.0 82.5
39.547176516897245 0.234947579394895 22.559094109643496 262.9415198181319 121.67763593834047 86.17740116970396 171.75 83.25 82.5 60.0
39.48977314582008 0.356907653801298 44.491204413269905 346.8739536731565 91.53930558078675 43.199474826610796 172.5 60.0 82.5 30.0
39.47073939357195 0.379131489806164 54.10738396795835 329.35342413533135 253.67952247865864 58.8139674146113 173.25 74.25 262.5 30.0
39.39977000914805 0.38358707977907 48.36847543243148 88.76200578346364 96.00930031341407 348.25808134650663 172.5 57.0 82.5 30.0
39.3632912880108 0.228088985607095 21.998954566229873 222.49971932716102 235.0360320207084 148.35385780308093 172.5 45.0 262.5 60.0
39.54587359833935 0.225800951123582 21.916472431654455 115.97816801215605 86.09206936364247 72.49752166559014 172.5 105.0 82.5 60.0
39.36463239737039 0.266347537762566 28.300408623231146 237.6837684139913 328.91306840658683 73.19177910538293 171.0 55.5 262.5 75.0
39.25947163419182 0.239965916729965 26.142397499034374 104.70188556258859 117.5261591605565 302.61044887557506 171.75 83.25 82.5 45.0
39.3936192796385 0.234350064856232 24.858083737584224 46.09236905989749 75.7657467462615 149.29350684141426 172.5 45.0 82.5 45.0
39.17874669128428 0.237085664005549 23.3528349011531 41.03801043542091 56.98254716694555 160.75678946624626 171.75 126.75 82.5 60.0
39.39653214155186 0.257797094461699 26.877812088540278 31.07441190826263 241.43980355543988 192.95186094111742 172.5 120.0 262.5 45.0
39.2825671909225 0.229460532339697 20.09676651786559 118.45767281801697 280.44028865998723 188.01751275031415 171.75 78.75 262.5 60.0
39.38565384166386 0.299668568971944 38.6767910417425 61.65648897279747 262.41444468393485 232.2590985160437 172.5 45.0 262.5 15.0
39.545864977929334 0.307072494181784 32.33848297944654 275.2857923063893 81.76370964156055 339.9607259529524 172.5 117.0 82.5 45.0
39.38608223163126 0.229171366028981 23.226191984620165 17.753050822997473 124.38809770216683 352.49596528922143 172.5 49.5 82.5 75.0
39.397694229983564 0.243268833818928 26.488374920656376 43.85465646946742 265.0209971339072 221.41291667435422 172.5 105.0 262.5 30.0
39.42788115613544 0.372701344142271 38.945407433032045 308.1933740611841 103.37056111000106 59.47256775972896 172.5 42.0 82.5 45.0
39.546488166491486 0.268233898656277 29.657722096775284 133.82520291065657 129.6754539660617 56.5624107133328 171.75 104.25 82.5 60.0
39.59941511971902 0.25795042413885 31.684699185966092 212.3109402921772 271.9837991968885 266.6179426456338 172.5 120.0 262.5 15.0
39.407163582134 0.319297033102576 26.981510882504274 265.68594191711145 293.3418172037444 103.14380383102545 172.5 73.5 262.5 60.0
39.316358566341734 0.261255942253319 21.662118732403794 60.929147799500015 304.1325906071293 80.96587086607386 172.5 84.0 262.5 60.0
39.40721785991432 0.264632850037602 24.94215784051744 110.03966529231684 147.68759008785003 170.2719766026503 171.0 42.0 82.5 75.0
39.22063154760422 0.247701844719846 36.53293777665567 47.88524700734771 260.0390041704944 134.85254582736385 172.5 120.0 262.5 30.0
39.34545623052425 0.228567950423114 26.204684311211405 174.88131947913703 300.1657339276919 233.50324217923816 172.5 105.0 262.5 45.0
39.54628009676923 0.222343203949397 34.968757967486624 94.70393917178744 85.33531048225295 243.13328568787364 171.0 115.5 82.5 60.0
39.393224983622666 0.250589903972786 23.978296479140592 29.99470190774995 107.33897357561248 264.3311972360675 173.25 68.25 82.5 60.0
39.37439224181254 0.401085919530054 56.31184767025341 58.34991089130616 247.22674508311982 127.49151914408448 171.0 48.0 262.5 30.0
39.31718551662904 0.21822703589873 18.470075034484022 226.3799019471894 248.370999296479 275.62942968614783 171.75 81.75 262.5 60.0
39.48113394840838 0.238686545852952 18.233893634949137 340.1297776132441 113.79797933234377 66.39595788560304 172.5 105.0 82.5 60.0
39.394162165483145 0.336543949850874 26.568099469460876 277.89638558747157 320.30299958051484 298.60255192151646 171.0 42.0 262.5 75.0
39.28313478539063 0.292317172136946 19.274646580814718 116.15180656583227 271.44009797282496 100.69505717946801 172.5 105.0 262.5 60.0
39.45999090738343 0.269909818257868 35.71988458777554 137.38267103248998 67.23468062863628 67.88942044943221 172.5 108.0 82.5 45.0
39.48619598177065 0.227456558052723 40.3774855038775 339.1849826122714 267.5885046609804 304.6922587785855 173.25 74.25 262.5 60.0
39.41268128636018 0.389229296714731 47.02930572769161 245.54193492320195 58.63651524366408 243.07433594600775 171.75 65.25 82.5 60.0
39.36916283472068 0.341340165307061 52.92246364811887 227.26487918751116 265.9903008722241 269.83496020142593 172.5 75.0 262.5 15.0
39.287719622754466 0.303818196429842 47.99902019985356 11.150798859238074 272.6124114049009 268.8832174119901 172.5 75.0 262.5 15.0
39.53079424580956 0.289267235423203 21.172830459666166 182.41234207591938 139.91072662397718 352.65877222135595 171.75 89.25 82.5 75.0
39.28016804297988 0.244541092960955 23.69092856250286 44.80644671335101 44.21068930501531 287.66616669290227 172.5 105.0 82.5 60.0
39.432792645933084 0.255895074296925 17.80560757972996 229.93067035308334 235.69134900707883 160.24994293150408 172.5 45.0 262.5 60.0
39.58876835026789 0.270933837894931 34.3150949475424 84.24035720918674 283.61352133557335 94.59893225416289 172.5 120.0 262.5 30.0
39.31742624017644 0.284588630763234 30.89592831921098 139.94851625838305 269.6594382711561 334.2688533108435 172.5 102.0 262.5 30.0
39.273686600944686 0.27781290454746 25.612212068394392 49.2936450821865 54.81115804533086 155.08286602471827 171.75 102.75 82.5 45.0
39.55524371948669 0.225223063877017 13.5866023681377 164.06160918394457 302.82577566473196 38.07111574771919 172.5 90.0 262.5 60.0
39.35390028732453 0.390293321765926 51.74332979220335 128.48347897605666 70.91630569561161 212.77411769005343 172.5 42.0 82.5 30.0
39.36845292879683 0.448239595733766 57.8983638828414 105.52108306994123 279.8760915968524 191.363921283246 174.0 60.0 262.5 45.0
39.3895802754884 0.283693065570051 46.783269274957505 17.27084984954238 55.55927148238157 292.1404488062635 172.5 43.5 82.5 45.0
39.45242242558361 0.364967722631637 35.52826690982946 284.40798478369845 88.01208007032692 337.6599444862044 171.0 49.5 82.5 45.0
39.40232242249474 0.256952286391582 30.99569782416176 101.74204692325675 231.856276345531 3.099630648414097 172.5 30.0 262.5 60.0
39.57392632185687 0.232306749192561 19.067577912476317 214.4007430772824 77.64263805883546 31.16772147175962 172.5 105.0 82.5 45.0
39.48475608479026 0.278966978071363 31.293500098240436 138.28875825890987 261.3459059774647 195.99800573429155 172.5 61.5 262.5 30.0
39.4204296913966 0.322227911430945 44.94004190178162 35.73911638638164 128.23485522138796 2.150136466119883 172.5 61.5 82.5 60.0
39.325677467498984 0.248271335590621 18.35609729931841 310.51204868362095 44.90690014702239 346.04710103719447 172.5 69.0 82.5 60.0
39.4065325229048 0.266008995586318 20.439217115437565 110.6972726023679 287.841427138473 317.5493099481301 172.5 30.0 262.5 45.0
39.447367770096925 0.33895732247093 44.90089693284722 97.61363640374861 135.89970274929186 307.7356212097117 171.75 69.75 82.5 60.0
39.42897090304457 0.235626826724355 24.07475196887207 142.967352025852 295.92959008848186 195.83127763746268 172.5 105.0 262.5 45.0
39.46934944748125 0.213936545823689 35.256330384277895 146.26936206807642 111.27561519766795 164.3263100764539 171.75 59.25 82.5 60.0
39.43969041781445 0.250128240846277 18.83759448262651 252.13628747387875 146.8676303552649 192.47786817763597 172.5 45.0 82.5 75.0
39.28767839482101 0.280528743614468 25.864442278249587 205.2738719742352 283.2620227759783 240.25030825257892 172.5 90.0 262.5 45.0
39.39112349144774 0.270673754247874 17.94815481049448 229.5297019042453 271.289005272219 20.11299968065624 171.75 60.75 262.5 60.0
39.3568210329798 0.260930596664382 21.86246676185388 268.6575602566386 132.8558072260277 209.33395352383258 172.5 97.5 82.5 60.0
39.542574825153366 0.239357044519597 35.34013784539171 235.97928960079153 254.0097359250726 154.54765283100346 172.5 109.5 262.5 45.0
39.40444764028992 0.297168920660343 22.95545467232314 81.57831291713404 132.80854082664288 65.31068088120985 171.75 51.75 82.5 75.0
39.376760060267806 0.237498930860242 31.13932964373205 316.2953305014617 250.46394426607907 237.87974302944855 172.5 120.0 262.5 30.0
39.38165209023881 0.362702385550195 48.30845666038998 82.92170583908789 130.88562994533837 88.6551854494998 174.0 66.0 82.5 60.0
39.34055317501429 0.403855079647727 52.42043291231702 297.39555738886366 276.8068407401312 198.06345583411243 172.5 49.5 262.5 30.0
39.392642609753295 0.229532645969556 20.135476155454345 297.3119203428179 101.52535421489516 49.10282213438313 172.5 90.0 82.5 45.0
39.49207548406177 0.342380609568023 50.31855699771907 190.77031630159118 292.8238508751072 144.0206434236743 172.5 75.0 262.5 30.0
39.23593777648981 0.210177018187827 15.69882878439412 235.69396045830246 300.27404695018544 236.02355672875234 171.75 117.75 262.5 60.0
39.425213877878036 0.374335374454174 38.46532602852106 300.58405494160934 91.0935288768939 93.01831759116205 173.25 59.25 82.5 60.0
39.444632828115175 0.266336758782353 28.62303489935378 91.38200000073742 243.1677243499884 227.4050781614904 171.75 77.25 262.5 45.0
39.36853799396394 0.273429914740504 21.39085628514769 123.82240261329085 70.88311445464795 0.901315845090152 172.5 105.0 82.5 60.0
39.336293409785306 0.354913326944777 45.02893513612913 292.8987279003611 301.14596920185863 178.53923322402497 172.5 66.0 262.5 45.0
39.20853930286028 0.227042452416573 16.80654776427403 215.45211825852292 75.46264481363265 24.504039653354216 172.5 115.5 82.5 60.0
39.417584072846985 0.342726767274952 33.54947811200104 312.93834498026314 130.10671427704156 146.54405145684683 171.75 65.25 82.5 75.0
39.320129999613215 0.311199004239755 35.45790378013327 8.38062522533759 128.89199655062075 249.31488194634778 172.5 75.0 82.5 60.0
39.40217628041792 0.249536265950952 37.41588574390403 143.75840434783692 49.03165273409515 92.70677415123048 173.25 33.75 82.5 60.0
39.42170357104768 0.223545914799896 28.493694277937923 34.298831231476 72.30468347033715 41.79862680034038 171.75 48.75 82.5 45.0
39.44238780772847 0.276454949414194 34.2625331199652 69.50985204763957 304.4223916934504 323.0420404173956 172.5 52.5 262.5 45.0
39.39476681914724 0.217286184687439 42.45707886224148 21.308730101408294 297.76405264533054 120.64462928138057 172.5 33.0 262.5 60.0
39.476632415067066 0.214705308837335 25.07223706166092 141.09251505336303 72.69484467513597 196.4294003626408 171.75 75.75 82.5 75.0
39.35187661119762 0.284752355342001 16.594968662269455 216.6370582405473 255.78875441692702 14.77902433545509 171.75 57.75 262.5 75.0
39.508562340344575 0.281852667020936 20.15785231199852 328.3831034929803 252.41877910759422 96.80863702237912 172.5 102.0 262.5 60.0
39.527103196686575 0.303924722564011 15.446411451984348 21.626229730811563 267.01035387270485 30.71175978738028 172.5 79.5 262.5 75.0
39.42057368244664 0.267205738723594 21.98079815927384 33.15950402974471 44.324803109310395 19.86623640990412 172.5 105.0 82.5 75.0
39.41826408963853 0.271462042855776 22.727291510891014 177.88741415067472 303.6398660344642 287.9914994200401 172.5 105.0 262.5 60.0
39.357719539742334 0.323090116791147 43.034022269499836 57.98745389820937 111.99648277212862 355.97681940098005 172.5 60.0 82.5 45.0
39.61527477262231 0.238365977106429 19.208348540570817 170.9387268272649 288.29830178912704 27.58989889109822 172.5 120.0 262.5 30.0
39.35980798461637 0.346589961085138 44.059404781174436 20.528677723660792 279.534309538195 121.4566555230425 172.5 75.0 262.5 30.0
39.30613779703556 0.220257600427086 24.504389520502666 116.10710968919729 88.28125029732759 200.2909667861342 172.5 85.5 82.5 60.0
39.43633603655115 0.252142517173041 22.73624564167145 16.300713519417144 236.24936491075056 56.26382003067315 171.75 32.25 262.5 45.0
39.34960091369718 0.238939048376502 21.792254689805965 342.19328101071534 290.70821921390495 151.35639298194698 169.5 57.0 262.5 60.0
39.45069351037946 0.263314114361277 41.030169984016055 11.023706154238011 66.9768104038229 45.6008833524728 172.5 45.0 82.5 45.0
39.35481007990321 0.279308742626337 30.737516725784452 146.85961957110004 57.50971935602586 349.9669400550403 172.5 96.0 82.5 60.0
39.437869928893484 0.261522178201416 28.232968708435838 64.96645456902522 270.65289496358986 327.10195817794124 172.5 105.0 262.5 15.0
39.40056726375127 0.238685917917423 31.08487223519036 357.6140993728461 48.146322157660656 81.80356189249478 171.75 45.75 82.5 60.0
39.37686896167964 0.226119055657136 25.25541846328739 335.3304368220222 254.45628001286963 56.09898930860503 171.75 53.25 262.5 45.0
39.342633337253964 0.361782716923422 54.31564127221827 127.24289799935777 261.0270385969734 187.5582585571141 173.25 60.75 262.5 15.0
39.39126652838605 0.289393887025415 49.37563104450243 271.0298579339879 108.40679281097577 314.2258336764892 172.5 60.0 82.5 45.0
39.38833276233009 0.244913532292218 15.768772425836845 100.26606000908757 263.8754185200214 90.5596184424956 174.0 37.5 262.5 60.0
39.32991977230426 0.281923178402512 29.637106570203546 83.44064066133463 242.92800248149084 104.34903922876673 174.0 82.5 262.5 45.0
39.357001919321924 0.234068977658333 41.11239291234217 114.96892705937422 273.2706249922534 81.22000584773198 172.5 55.5 262.5 45.0
39.26158066102073 0.216998478839801 23.371242957411283 299.76448979704224 234.10706206483712 225.16904808545158 172.5 93.0 262.5 60.0
39.42120237144598 0.290019310810915 27.641411977815242 27.08992486857726 310.4153496654794 100.42502361003358 173.25 62.25 262.5 60.0
39.48607950304547 0.317934243734585 25.787138523513594 27.799480006035303 233.29251515183813 186.16006471706362 172.5 106.5 262.5 60.0
39.45535009069068 0.230958674301787 23.635471714265837 32.92874744865625 233.60846120833338 39.68271169961854 173.25 47.25 262.5 60.0
39.3638287190767 0.21669397259338 36.40720352060749 293.08809743146094 84.0124037559384 99.45646810981016 172.5 60.0 82.5 45.0
39.43290768860361 0.2127358116887 18.654502821891736 276.4915302612687 279.4197977641338 98.25438892469158 172.5 45.0 262.5 45.0
39.51861254376443 0.266113815079464 15.899515516285517 220.0016097934021 92.05581164302491 347.4654166554899 173.25 107.25 82.5 60.0
39.25800927911901 0.245812811394217 13.040916419143711 185.17787414431504 264.360202286261 142.2592009329666 172.5 105.0 262.5 60.0
39.32088574698618 0.294551859915643 43.015859806603444 103.05770643651434 251.76964179125454 212.3652242291791 172.5 75.0 262.5 30.0
39.42331437403454 0.246996053981515 46.826460622754865 30.16900721295851 297.1614546518513 233.49557246243367 171.75 53.25 262.5 75.0
39.46727485664616 0.262432565851652 37.32166326788861 191.44997923646366 87.38223544672387 14.380604217686646 172.5 105.0 82.5 30.0
39.324912869322475 0.357316920906491 53.56213822641668 329.58283184748325 281.9529293678527 72.40102411335131 171.0 82.5 262.5 30.0
39.47022612075275 0.289307924835334 32.14956085449009 119.77930262806153 303.93195717029175 282.97197944784574 173.25 78.75 262.5 45.0
39.278438414499924 0.230967338125918 9.43790149105413 4.551275266933668 84.58421585685444 271.2499504562858 172.5 90.0 82.5 45.0
39.31762371132374 0.229325979021942 30.18409409360236 23.869565205899146 295.41296643526647 9.897892739518028 172.5 88.5 262.5 60.0
39.507092858750816 0.263702959182899 25.980698745980686 51.09374282972455 68.63500536580986 27.35804085975698 172.5 90.0 82.5 45.0
39.39561068074257 0.294597077507202 30.230215799295763 19.149476875642623 52.27475376569269 196.03057134508947 172.5 91.5 90.0 82.5
39.351857013903235 0.329137710655745 48.55170140932346 42.90473650113823 240.319597205993 16.682161976763396 172.5 70.5 262.5 45.0
39.47395169974211 0.307202065596787 33.563070588147504 352.6498811589934 298.1680898839348 48.715759303051485 172.5 111.0 262.5 60.0
39.49809578664348 0.300948818335954 41.00034250375367 258.622563339061 101.06216414282149 343.24378953466226 172.5 75.0 82.5 15.0
39.42260614194669 0.375577716114411 53.71620859222364 326.6878883123095 249.27308419276824 325.00713494987025 173.25 53.25 262.5 30.0
39.3895806860897 0.271556742684214 35.706611574222066 259.5422280236499 114.14065291683382 228.71372494024516 172.5 75.0 82.5 30.0
39.26781202617039 0.263891970443287 33.503339349392974 70.24072961610527 96.44560495809515 3.206627650011344 171.75 101.25 82.5 30.0
39.56683304272527 0.237386241929896 25.045642508868504 259.63814185691444 285.7995758078913 233.61393002658275 172.5 106.5 262.5 30.0
39.297592656009115 0.235572607976087 16.806937514628977 99.74826223236553 81.97672864649391 2.625279441625452 172.5 105.0 82.5 45.0
39.326413660598945 0.311946890005372 41.54019468002576 186.4497628598256 105.1114281903669 164.47500932007392 173.25 80.25 82.5 30.0
39.261192972815955 0.262474301223518 27.631207656467485 218.95747063553347 311.87807166328383 222.16392605672766 174.0 105.0 262.5 60.0
39.47775889249222 0.241839461286037 25.759134265792355 57.68162856937914 216.8186159010276 272.77514547152896 171.75 62.25 262.5 75.0
39.39117505947159 0.263281407984163 19.551304689608074 214.70499492057274 112.59455083075106 14.848458560919356 172.5 60.0 82.5 60.0
39.52994649450277 0.287948399598898 20.96065390066924 299.64898550540687 280.22399162907556 190.6525641244228 172.5 93.0 262.5 60.0
39.425609832543095 0.368670111757812 43.33092123499267 97.12589679991713 98.47626486940104 209.6093861247245 172.5 33.0 82.5 45.0
39.33951262413517 0.258262515039506 23.607929454875553 358.16547730860117 286.0816672502653 277.3976455037354 172.5 60.0 262.5 45.0
39.38735458824837 0.397230328059848 39.809542422534506 215.5904188363193 99.99120386227803 16.47498033412315 172.5 55.5 82.5 75.0
39.38350864827679 0.245494962972104 28.759474394035152 65.62297316509681 78.88947045258121 35.22674920199308 172.5 105.0 82.5 30.0
39.37082183562098 0.317364862244676 30.724995808960173 73.67231802492907 213.53642559859603 140.61973170966039 173.25 56.25 262.5 75.0
39.368147844318486 0.315569027986671 33.45761540184532 146.6826759686767 120.05256084929833 173.06005752902016 172.5 60.0 82.5 45.0
39.36369685094918 0.319696068697295 19.36759358729142 270.0820424682612 117.35281577178866 193.36439330797435 171.75 51.75 82.5 75.0
39.38151400213063 0.344505141285053 39.34697333959899 293.8524721947383 244.5572623548615 95.10757594957448 171.0 37.5 262.5 45.0
39.287145131976814 0.241152184328404 36.79711694556508 202.3304488572375 88.7406059687133 160.40307975330887 173.25 107.25 82.5 30.0
39.40174474021454 0.190354491016832 31.052150694798684 244.86643968537317 244.0633755850758 27.763366367193505 171.75 54.75 262.5 75.0
39.28985839597209 0.250284663203074 24.105382429494718 79.59275025897975 98.54155366507574 210.32373411831156 172.5 88.5 82.5 45.0
39.42601962599352 0.261420983758984 16.758525697411926 211.00061874942983 142.94349369316924 119.88732745990562 172.5 81.0 82.5 60.0
39.42933196638382 0.334442473134435 36.86015887280462 201.5603859507866 100.67726102704427 154.67664192632665 172.5 60.0 82.5 30.0
39.32330375048355 0.271050497513586 35.13932845498637 7.678095813882263 265.92084235136076 252.72193970193013 172.5 105.0 262.5 30.0
39.45561575066484 0.283481113629223 29.322217265526593 202.9423716779085 295.36761872697963 23.029062553672567 172.5 63.0 262.5 30.0
39.424173644854015 0.251758801466308 17.042367731019432 192.4320543544707 295.9828509679828 254.19278346982242 172.5 30.0 262.5 60.0
39.44309264282619 0.250915788980634 37.403009600762616 313.6951503721672 234.31349423580497 232.6392977296755 172.5 67.5 262.5 60.0
39.27347005495692 0.244262606467371 11.706711500023236 85.3995498190186 247.89050544697392 337.8836826004566 172.5 105.0 262.5 45.0
39.48800132686652 0.320795186195313 51.74920231527316 221.23294915090221 83.34710103106949 116.5859395488315 172.5 90.0 82.5 30.0
39.23908264991744 0.233570797735819 25.118263171634382 283.4708576813238 94.6524693353771 70.50385812750045 173.25 116.25 82.5 30.0
39.40453703505593 0.350793740587922 38.15942216225186 240.47318915247894 123.90251274094231 115.49622879842269 172.5 69.0 82.5 60.0
39.26204938891676 0.226585249503994 20.547046252561127 139.44797457697007 63.72762925270719 312.9167604243516 171.75 104.25 82.5 60.0
39.47549900568594 0.286297036936796 21.217758458369644 181.2166775089187 282.9386310736843 166.60594446927047 171.0 88.5 262.5 60.0
39.50457387013575 0.266758009267895 33.023553991188514 325.91229836008074 52.7705522633394 302.74313337348383 172.5 111.0 82.5 60.0
39.34962093409758 0.367238203631847 39.13510549363749 113.77739230606073 112.41207999780393 296.9738348164273 172.5 66.0 82.5 60.0
39.418538830154766 0.19345141594412 30.769309878082495 304.48017768362536 112.55198407070806 191.81201856334792 172.5 49.5 82.5 60.0
39.51328561704496 0.286391825045882 23.18843131910207 258.86037435383116 305.85887801651415 80.25034473166296 172.5 102.0 262.5 90.0
39.43456258115169 0.227201428622813 14.313780077309346 331.8686207376474 236.98546090985923 337.05918913712696 172.5 66.0 262.5 60.0
39.27748832089358 0.239309438673059 30.929312590651726 295.14516225664875 99.99017323851434 86.17889782497731 173.25 98.25 82.5 30.0
39.50685791433388 0.217719493262894 22.756382820108275 273.6904965342763 273.8693706751056 335.3743593884227 172.5 84.0 262.5 45.0
39.552956234130825 0.259988921504602 34.96512961568064 271.7045193707331 97.90790443502634 322.7342155639414 172.5 112.5 90.0 37.5
39.43424369998012 0.284274376720727 30.014249129427473 81.11830085467656 324.4114723184633 72.68448620128017 173.25 53.25 262.5 75.0
39.37623034622817 0.245705727259886 21.319195016990836 341.5403685221227 73.35730954870385 91.46252480952606 172.5 90.0 82.5 30.0
39.39393179385475 0.244969581766309 35.495290832246965 348.55134402483856 77.98954873741253 265.64795094626174 172.5 106.5 82.5 30.0
39.33781565267453 0.251657740512003 23.46449521430589 127.14879406338939 58.56963614679502 313.4220264170048 172.5 97.5 82.5 75.0
39.413616659051236 0.262930448075612 27.22134185009459 334.58893473519413 287.27482150419144 172.20182491319946 172.5 45.0 262.5 45.0
39.39284490906015 0.204324719219098 24.897412832712103 78.08422889088475 288.49675390473817 334.36266739288374 172.5 31.5 262.5 75.0
39.39280952867042 0.347762979468627 52.98527716680149 277.2174411554145 71.20850245176811 128.59870531816114 173.25 72.75 82.5 30.0
39.4094123847253 0.340891022253542 41.03625328223881 127.7932304358243 259.6210087953797 340.8661399090116 173.25 71.25 262.5 45.0
39.3625501288117 0.252373293534526 27.45704509149317 249.8875548491991 294.97608344941176 248.72117165027808 172.5 120.0 262.5 45.0
39.414912649220085 0.283305483613392 24.362690772633183 336.9014996232563 301.931437772542 27.028678725337542 172.5 43.5 262.5 60.0
39.404039958742295 0.228388277400367 38.9453644811402 268.131020131888 312.49292654033894 56.98392794312161 172.5 39.0 262.5 75.0
39.47095760543691 0.265575058264932 30.43077262457933 119.09427135379667 58.439267506994035 358.18073952797005 171.75 101.25 82.5 60.0
39.45911478659787 0.255252834574758 28.125705711475536 260.82527558644847 103.72912280814234 210.67589558109617 172.5 60.0 82.5 30.0
39.34525969868876 0.255322378130482 25.957738817622772 60.52988046198009 263.0118133371547 105.09267148665997 172.5 88.5 270.0 37.5
39.53232220884258 0.23497374832466 24.44628988982204 263.68703655195543 282.94753734881346 76.90593823536592 172.5 105.0 262.5 30.0
39.41373983166443 0.282089960251394 32.98289576991586 293.97430767739297 275.576920679504 213.53981544509256 174.0 49.5 262.5 15.0
39.292071715990915 0.277626683309355 23.6710136778447 129.87025664143755 268.5569547354613 333.72027969141635 172.5 90.0 262.5 60.0
39.42225953622812 0.215055869472528 34.14373574831313 63.05024513754039 122.20570128780524 200.42029159727707 172.5 60.0 82.5 60.0
39.43441967023018 0.240344090251481 26.86959850473291 261.5617851377024 102.73033174971229 9.918378977677797 171.75 105.75 82.5 30.0
39.40614954161568 0.257193727712578 18.28193010891905 111.51402008632233 99.76067931814102 315.96390059607046 172.5 30.0 82.5 60.0
39.36389204550181 0.27320962283776 30.069520197544993 328.2508636330874 129.88031961714566 146.50093045899035 172.5 51.0 82.5 60.0
39.3852597510689 0.214102324738386 22.5015624162815 192.5485466043217 269.6924489041328 288.60107433672147 172.5 60.0 262.5 45.0
39.341417435886584 0.249564803607909 32.329544770593465 22.32429414158855 222.63753537205275 310.6127464145054 173.25 78.75 262.5 75.0
39.29988474414567 0.271639510657057 47.51643023380887 147.16437930699735 132.662690923361 18.284639181597438 172.5 70.5 82.5 60.0
39.240355603610084 0.248574377564767 25.39097596094291 16.508572265983787 75.17209787817029 131.8617592048078 172.5 120.0 82.5 30.0
39.325089728088074 0.25228901355849 22.441449623198167 202.70449635396793 275.0195320080871 260.4324577210493 172.5 85.5 262.5 45.0
39.33943142791727 0.348937174653509 36.82050645791197 72.07929311183365 251.88721634870012 7.80096659350896 171.0 51.0 262.5 45.0
39.34953378983028 0.265110587744973 30.946430333292305 35.761992827921055 146.05021399363648 93.68557453842199 172.5 57.0 82.5 75.0
39.34309291197784 0.181794056392833 34.421127163850095 161.9171932172811 105.14726014198492 145.34971481594945 171.75 72.75 82.5 75.0
39.48484304312711 0.277491608928668 17.19301260057063 60.982761068407 263.2312394230969 30.749690329114692 172.5 105.0 262.5 60.0
39.33844944366606 0.307083267043288 49.97068671225174 218.26188082243067 300.4189185352609 4.689416704279424 173.25 74.25 262.5 45.0
39.377345836288974 0.28424149468136 38.096556948685375 171.32239264463206 268.2944948470797 264.9541979722047 173.25 96.75 255.0 22.5
39.45661476322079 0.24778696789184 34.94330131352916 32.83659192490958 266.5980639601097 248.9712749750296 172.5 60.0 262.5 30.0
39.38227704676906 0.336160145644001 54.37772987619415 331.72820016864193 92.48202086681216 322.4413060447031 172.5 90.0 82.5 15.0
39.37696502401927 0.243988256932709 11.547069429850804 77.00399371310345 256.3785257512791 212.64065134944173 172.5 90.0 262.5 45.0
39.238292085233326 0.223743049747174 14.187406233473832 239.92970571610584 308.1816272799368 321.96686400346863 171.75 117.75 262.5 60.0
39.40583337014469 0.246029066439772 37.571743630530435 303.4113257366819 292.13331760802146 64.14474363778385 172.5 30.0 262.5 45.0
39.46859278108558 0.367691924230411 54.86332602903271 198.15431503310148 96.07025433456833 38.48876119516381 172.5 75.0 82.5 15.0
39.38538763707594 0.274508321797044 32.793096617550866 187.01613157473858 98.28932768318215 359.91453433921396 172.5 99.0 82.5 30.0
39.479854665980945 0.237918567386326 20.230863539996147 119.16701080787917 97.2637554497504 94.2817027664068 173.25 80.25 82.5 60.0
39.34570596671249 0.28635052318632 36.952291181576626 76.56348273867162 273.13703035886095 114.61375367614626 172.5 60.0 262.5 15.0
39.358993203806676 0.268732625014019 34.86601184263905 228.345664884107 75.95083842163305 137.2525907347267 172.5 45.0 82.5 30.0
39.42877242035532 0.213832180230549 36.95238593011388 294.0724417387903 96.43079348425437 308.4447316642886 172.5 60.0 82.5 45.0
39.35309289310343 0.309367508012797 20.87514820428577 238.43459517934383 250.91573072921005 18.627566785024698 172.5 60.0 262.5 75.0
39.25695852429542 0.236350227729186 20.18705444123375 153.51577133327083 93.97282648264856 151.1377788496214 172.5 120.0 82.5 45.0
39.338080233801755 0.297996467930709 21.747645515094813 173.24403600566967 227.5447909543001 73.89796823716003 171.75 56.25 262.5 75.0
39.54754226186576 0.231397630796556 10.412139883376977 288.88458989990727 279.19510590515716 72.84081187022935 172.5 90.0 262.5 45.0
39.43818284223685 0.271338870144161 35.598306024018534 105.90278150949221 218.78285758409908 252.0498788441011 172.5 46.5 262.5 75.0
39.56376871802709 0.217534111026734 20.470409296117886 128.30916371951662 96.30768105915375 72.38464510605782 172.5 105.0 82.5 60.0
39.35952742683193 0.307579641581047 35.62358463123998 260.65631078682225 93.73939056805402 219.84630754483663 172.5 31.5 82.5 15.0
39.33919953633454 0.27210607175075 30.861230611103863 71.81278135655515 279.88899087028267 245.52992914067633 172.5 88.5 262.5 30.0
39.35575429164657 0.238565058045866 36.39821827163946 25.190673824429936 284.91995694763716 15.289104019443949 171.75 45.75 262.5 45.0
39.31540577176811 0.351562046112808 49.30014387069003 66.92086047196186 74.06192354616061 8.659374828703331 172.5 75.0 82.5 30.0
39.44891794773469 0.232827328888327 35.817810671067605 173.4672733101499 127.20337290060978 6.413741891731226 174.0 76.5 82.5 75.0
39.3981757498722 0.225103063734906 31.348228056734715 226.6298581948086 66.07522806381579 9.183474321742338 171.75 96.75 82.5 60.0
39.37972409222025 0.340948916284461 48.34950355840292 102.01270636592385 60.48852695197273 222.32486524623812 172.5 52.5 82.5 45.0
39.34150358730941 0.241909734422262 32.56004331084436 110.56980908215904 71.39247027105486 100.2526302525796 172.5 45.0 82.5 45.0
39.367245467234255 0.314595674490552 39.06660181425987 316.8710034131673 225.54355521430858 356.3945737053622 172.5 58.5 262.5 60.0
39.295110336558174 0.232208823600388 19.823654094307646 190.5459954303104 297.60875913395296 223.73224236163108 172.5 120.0 262.5 60.0
39.381722502462985 0.266811579995374 18.76840956495523 210.59296867062136 239.90508340382678 44.19941586941748 171.75 33.75 262.5 75.0
39.47408832744928 0.272159483974535 50.76182440380761 16.68949813905167 90.65177771021517 150.6619403324188 172.5 60.0 82.5 45.0
39.27072113794164 0.292431680201603 31.472407713437985 344.907416859465 72.71359466594882 316.5137603822649 171.75 104.25 82.5 45.0
39.47577223556706 0.359211765142696 54.83683948622598 24.77896322306742 71.32301607134562 166.425915441326 172.5 70.5 82.5 30.0
39.42481294042885 0.367151596647129 44.137379015325145 281.7630145046375 300.45626050609866 314.31398797861743 173.25 32.25 262.5 45.0
39.39605637711402 0.311384275515437 23.501063264520777 227.1679240002534 137.6512675141148 353.1577793491992 173.25 71.25 82.5 75.0
39.370886071148746 0.309020913271425 30.84929929698372 70.58206383466573 105.53702837110782 351.81375367019757 172.5 45.0 82.5 45.0
39.45048693079879 0.253865436761289 50.67310576796305 118.88973401921325 263.99809349924004 217.9751751580017 172.5 76.5 262.5 60.0
39.364814079697574 0.329072162596434 37.764022605758875 96.55609122537828 237.6033647822137 355.9261892632705 172.5 46.5 262.5 45.0
39.37897693246315 0.231434682464338 26.247730619140235 254.75315253333838 119.49003107188828 181.7165842921595 171.75 105.75 82.5 60.0
39.56086357279061 0.283748585647942 35.08784835049457 174.4242056489439 300.1868061609862 262.6250116178727 173.25 107.25 262.5 45.0
39.44983043669698 0.24141915419499 27.129821130743917 316.080250351203 305.98167490983076 10.481082377674218 172.5 117.0 262.5 60.0
39.43562609186165 0.225511056281899 21.050827444731514 304.431953563312 94.25840241000384 187.52396554343673 172.5 45.0 82.5 60.0
39.486368117299044 0.275670527441472 32.7243156884504 61.32204713979222 67.87664350136741 104.83641246603257 172.5 120.0 82.5 45.0
39.265452536345855 0.2119087528724 35.082937335918295 85.37771619817768 96.04363148782568 96.34702011795727 172.5 111.0 90.0 52.5
39.38742459790544 0.269518545176837 29.02926170980303 309.9216415008965 231.08864218002395 106.37605826970236 172.5 30.0 262.5 45.0
39.32279983867764 0.267773281595078 31.965862327104098 182.9613514438961 261.9895798852325 33.65419971679914 172.5 75.0 262.5 30.0
39.43287434613392 0.354481758474532 50.31081272304364 168.71806957478887 251.49878577558337 75.31068829685482 172.5 60.0 262.5 30.0
39.39024719074632 0.32444827538524 41.14450789378905 52.20368545655878 82.74342230162003 256.0532072517833 172.5 30.0 82.5 15.0
39.382698145266644 0.334754810902146 36.570931293741864 291.4541497333618 220.17754677088857 126.65185041882643 174.0 40.5 262.5 75.0
39.30627635629241 0.315006177266671 39.47576838607826 17.913502786350744 122.86625568102085 353.97222231014894 173.25 68.25 82.5 45.0
39.35013539415751 0.234478210597308 14.837811596161114 117.25017091832949 264.2606831303053 226.46832763445565 172.5 73.5 262.5 60.0
39.52838022653165 0.250772475514842 11.933383471339376 110.16506797414108 259.4700341356495 311.3816160826782 171.75 107.25 255.0 52.5
39.46788627467691 0.227387564460624 26.298243695712966 349.51069926143106 238.03189717334448 194.23996763902554 173.25 69.75 262.5 60.0
39.34629652736975 0.279274513234816 29.460950414483356 13.35598062449664 236.60851392682747 63.57862330925685 173.25 50.25 262.5 45.0
39.49279753696478 0.175327226603973 35.07806365234727 23.68803470904411 92.88141636702103 17.584444778850646 172.5 61.5 82.5 75.0
39.377901298174145 0.31821859034245 43.023850744462834 302.25927230734015 70.46070064998955 210.4480862476948 171.75 30.75 82.5 30.0
39.35621939637639 0.23355496496883 25.37357892627569 103.03379356006704 128.8245292314801 301.07355849050793 172.5 39.0 82.5 75.0
39.414152365788844 0.226617291272662 19.540620469833986 189.5779018912574 94.97939845663403 133.9495230551576 171.75 75.75 82.5 60.0
39.28304624820418 0.277014507341543 20.618245437519892 340.4544989677127 117.86065431228 164.61287716481294 173.25 86.25 82.5 75.0
39.504177796146735 0.238378067595707 27.639124986692348 131.8913759858521 265.8906074186845 212.88121409553335 172.5 81.0 262.5 45.0
39.472846669696786 0.343113954771303 41.26725949701542 2.682930000513566 78.31149153969746 31.09701847535288 172.5 75.0 82.5 30.0
39.45523110548261 0.364983745728323 35.081779386384 121.9489569130295 133.19259762464446 170.29631830913877 171.75 50.25 82.5 75.0
39.30376988960934 0.299049065784949 21.70028826769732 39.216599964423445 72.35383554481189 32.788958594612275 172.5 85.5 82.5 60.0
39.552298690036636 0.266355972370007 26.130360180893806 124.63688557840034 91.65185942581132 332.3827867464101 172.5 105.0 82.5 30.0
39.417779653760014 0.28535932320856 32.50885702798311 246.4739439227912 242.97938873721924 242.92206343641135 172.5 58.5 262.5 45.0
39.44741285886767 0.265695587881531 28.137399400112404 294.2253257601342 70.33898002492684 113.37069619608418 172.5 60.0 82.5 30.0
39.46862709861242 0.365346727731499 37.226787290163365 68.89191270884952 112.86982379096578 323.96518051889575 171.75 87.75 82.5 75.0
39.436477574273475 0.228819599986113 24.377515373463222 31.909875684123122 234.92185415799526 166.7573996404295 172.5 37.5 262.5 60.0
39.440524977272446 0.332294790727066 28.21420745896765 171.13835746136874 63.82941677989982 71.73687672442264 172.5 58.5 82.5 75.0
39.47512900458916 0.255308440053339 15.806971683146758 105.33813533962332 281.7619876920571 351.6960658653826 172.5 108.0 262.5 45.0
39.377407868953014 0.270143532817996 28.27383901711966 88.29878907168715 78.57106526871502 326.1330847555233 171.75 89.25 82.5 30.0
39.555211300637474 0.230312310770447 25.396544170851154 323.7728750212172 95.07937704219827 312.0413892473143 172.5 105.0 82.5 45.0
39.47688733355351 0.256712807337361 18.119642387571368 300.5963171822426 287.8483330885703 51.06678402238519 173.25 74.25 262.5 60.0
39.49619479526577 0.256385815104312 35.31353916450422 176.9972215099594 105.36725814721828 53.7666896706714 174.0 105.0 82.5 30.0
39.39066502047216 0.306192528571805 28.466305604300207 109.57629255028026 247.73915467208917 92.70792702408922 172.5 45.0 262.5 45.0
39.4412564486664 0.37031539582795 49.00267802989918 138.35123079369802 287.2617535439257 310.09390571836866 172.5 60.0 262.5 30.0
39.44891006584194 0.318767628235877 26.190037103102625 19.743646037952754 223.86171981779367 60.19736468908257 172.5 57.0 262.5 60.0
39.39092859208188 0.318483176809399 34.962645245528606 31.784816561796777 106.21045029963733 111.24220166484422 173.25 60.75 82.5 45.0
39.26634180926516 0.262877950104502 29.16463305334442 190.69906050253746 109.16871868718529 243.40207892146952 173.25 93.75 82.5 30.0
39.346209355597836 0.261990701874735 19.03833698867899 162.4637110389818 310.3698162114893 271.6487357660889 172.5 66.0 262.5 45.0
39.39475796758827 0.367008333798574 49.706654726770594 4.009017292753114 271.49641130840496 29.240400647430306 172.5 30.0 262.5 15.0
39.26599546000025 0.265487667910372 26.044196717588232 82.1956502473029 126.62086870838922 199.04155450810003 172.5 102.0 82.5 60.0
39.39879742567324 0.346615944591168 35.98156299119304 129.22052843781938 56.420901547614626 220.48308043946423 172.5 37.5 82.5 60.0
39.39579952334806 0.231281566265608 39.80347566320404 143.96294487943533 261.70401304615086 75.49730689662518 172.5 37.5 262.5 45.0
39.39115003470821 0.232867450343314 41.27333125159642 128.6472224538777 88.50104615605277 200.55504539526058 172.5 30.0 82.5 45.0
39.42375014612294 0.229247450871648 35.59363574373868 325.4576244581123 301.62004297622616 158.59723870574183 172.5 46.5 262.5 60.0
39.42865710379585 0.374645659887305 53.78106253221357 35.759695799513175 70.37957157121599 28.35300197699352 174.0 34.5 82.5 30.0
39.512340800385054 0.265403064118316 27.82391408138212 76.12861339358469 259.9060110833094 24.77452111640576 172.5 120.0 262.5 30.0
39.295408984360876 0.325870035998689 29.984298936980192 341.2584702339026 275.1852413211196 68.23143826541809 172.5 87.0 262.5 60.0
39.428041233355025 0.316803320624905 52.39878355772564 47.861084939773114 80.07965523040112 37.0025564672951 172.5 75.0 82.5 30.0
39.28506090437622 0.261967464169466 28.23063860285844 50.294915705474395 53.33029979817686 171.06888927250327 172.5 72.0 82.5 45.0
39.4561098301847 0.243920029173999 31.188123886138108 3.719153977796564 321.2820222629292 126.26449077105427 174.0 54.0 262.5 75.0
39.591022791116664 0.275709847165643 27.880510026783103 40.702701708730125 98.90044175520978 248.1711675207382 172.5 114.0 75.0 37.5
39.403342737030584 0.259912326074532 34.73631115607193 22.457284826879967 58.728762544948694 83.59389189681276 172.5 114.0 82.5 45.0
39.28367702582531 0.282138387030456 18.004707546366593 27.384157885736713 240.65960439464925 275.62646565646475 174.0 81.0 262.5 45.0
39.312180783618466 0.364398524880304 33.57147133127154 139.33097130947567 269.164549941324 316.2226230916251 172.5 76.5 262.5 75.0
39.348325865786336 0.322930528271697 26.995858948422438 46.102330400477996 261.76647774525765 256.1117368462706 172.5 45.0 262.5 45.0
39.45390275481234 0.31970616342701 52.98846851809543 346.38324541134034 80.45225926424425 41.40591241898359 173.25 62.25 82.5 30.0
39.39486500110034 0.363101209258894 40.43047066353599 310.720876197963 240.92223038564129 326.08013070704607 172.5 45.0 262.5 45.0
39.43383154076476 0.291113120338462 38.64195065231408 228.91349301657365 110.26723583399537 113.43299188551816 172.5 30.0 82.5 30.0
39.49365070254664 0.252586881604349 20.38022741050868 98.82248758079668 300.22467068274176 322.7935952180639 171.75 81.75 262.5 60.0
39.352360367466005 0.384703038779718 56.71082880767153 218.08531001280613 97.02575531822488 137.25923857366462 172.5 51.0 82.5 15.0
39.520553218059305 0.201191784018894 25.146921487676487 82.2736404384126 79.4140927428213 336.89713839541594 172.5 93.0 82.5 75.0
39.47908995549738 0.354913654949618 47.652710290425595 191.2795919300501 231.668533422584 67.79800947094013 173.25 62.25 262.5 60.0
39.4465599538917 0.285222108389455 23.375505051275884 77.90358328652731 273.3739081903056 333.59060556479267 172.5 60.0 262.5 30.0
39.3028657786382 0.279411201548413 29.679641020780597 86.10075158289747 269.7195145376505 97.66074568656825 173.25 86.25 262.5 30.0
39.40361131290334 0.252933626634337 40.18875223362787 102.69652096702698 108.15990679501618 183.6322026001111 172.5 60.0 82.5 45.0
39.42099451799544 0.261980388334819 26.52527440368529 181.34981554940546 283.7135033294518 125.21904622038261 172.5 85.5 262.5 30.0
39.49388281506795 0.262658355060648 29.524758591069816 282.37782527219764 113.99140140658763 304.3304612580705 171.0 99.0 82.5 45.0
39.284785708781094 0.250337108890676 19.30884639520116 260.3498612968552 54.10793053565098 135.8558252573014 173.25 92.25 82.5 75.0
39.45559360606678 0.314833461641232 30.58088555307698 276.24729588635034 67.04463422498978 348.1550503228851 172.5 60.0 82.5 45.0
39.506109984223734 0.228977605977888 20.767871148057548 223.53123637294826 136.81341841157254 354.5567504918307 171.75 84.75 82.5 75.0
39.34434821480365 0.291518921472357 45.674176248864846 329.2371291437802 302.4796341422688 144.7060299320173 172.5 55.5 262.5 45.0
39.279104230535424 0.248150355479123 20.701068585768585 216.59886884983288 132.77650594240762 328.6735086261948 172.5 105.0 82.5 45.0
39.43077225900279 0.209878061855669 37.3440274059567 18.907975884703582 100.91629665763931 148.6164705759505 172.5 48.0 82.5 45.0
39.32579697475969 0.275474780295533 35.36020052706489 293.692974399403 266.2666643770864 355.59192360562207 170.25 111.75 262.5 30.0
39.445750982644334 0.246895495787788 18.458244175221445 169.9449117219692 286.8603555106255 52.215258977962165 172.5 79.5 262.5 45.0
39.571223797582455 0.266889758007467 21.250408758840496 210.44916734296032 95.21546318684125 7.514524873262474 172.5 105.0 82.5 45.0
39.47107841319713 0.222995086238473 20.13113549688264 310.42174539915516 244.28336468471002 330.8778275036639 172.5 60.0 262.5 45.0
39.546623128218904 0.301844074403107 40.48462460489453 132.346051074799 262.53364010370433 180.89706264439693 172.5 120.0 262.5 30.0
39.45507836736084 0.263890894909295 19.563987332400096 253.94724915713888 238.45751121266517 352.4100947740359 172.5 102.0 262.5 60.0
39.369064890821775 0.292093468139124 26.8954321667751 347.4522105723992 63.70567615852845 314.82056449901455 172.5 45.0 82.5 45.0
39.3556545899827 0.193453872728299 23.467499352456706 307.97758471136177 94.59046181621503 63.05996171887762 172.5 57.0 82.5 60.0
39.27770822654692 0.228141003729101 28.210885168884996 140.7705584720883 131.76880171451094 167.42628674319445 173.25 89.25 82.5 60.0
39.373875537589996 0.18664362528697 24.491751964829255 336.26461736818277 81.01584303448533 48.467150511100776 171.75 69.75 82.5 75.0
39.386077127990525 0.259424304582423 31.63357918487028 131.90639901622342 319.88213142478537 138.70885826393388 173.25 77.25 262.5 60.0
39.36516688789058 0.232001928428792 29.261958083348077 166.09710967608092 56.8363656447218 316.45419501365285 173.25 35.25 82.5 60.0
39.44600269228417 0.230529945943062 20.287577402513186 40.94249077720551 263.20335374708145 28.994091670485577 173.25 54.75 262.5 60.0
39.422189651654705 0.216393507953504 28.301858319115897 144.88578776800023 288.7980661332973 190.90772333308618 172.5 66.0 262.5 45.0
39.37228688938501 0.268814234210619 37.600211072024294 117.58987064292586 263.0559911989297 59.52925898044858 173.25 102.75 262.5 45.0
39.36994295484437 0.234560963766054 39.14255765489239 210.6873963176098 251.81688306120537 282.52788609376785 172.5 58.5 262.5 45.0
39.350076726704366 0.220587486387918 24.89554407776489 173.50220931743726 288.3296414475466 174.85041054959134 173.25 83.25 262.5 45.0
39.34869297041128 0.267039731243994 28.049851700360005 221.73880549792764 270.7926774195666 235.4469560475265 172.5 82.5 262.5 30.0
39.350563371864105 0.24525028559511 24.962777676061144 116.91187230087282 83.96791661241635 290.84803953291663 172.5 120.0 82.5 30.0
39.37726323240213 0.37701866722505 44.21040032425282 344.681140502675 65.47369781379199 74.41812444130703 172.5 49.5 82.5 45.0
39.34033035185105 0.300329296477772 43.463793549696724 268.5024661989925 275.19286327024855 113.8205411934883 172.5 75.0 262.5 15.0
39.46966324885959 0.357819560976339 50.536032667466 211.48961301870676 270.1728586354158 260.1185053124 172.5 45.0 262.5 15.0
39.419615046248445 0.255268332333975 23.209015094826633 122.05200362082255 72.71939591151794 99.02939385640411 172.5 45.0 82.5 60.0
39.313811854862415 0.268764511776417 19.963162972398422 92.17448268649535 312.926946903937 82.89554638853541 173.25 90.75 270.0 67.5
39.37285442241882 0.267786039763689 11.533887255981941 44.88376275485775 68.19338935709763 265.62527115142444 173.25 30.75 82.5 45.0
39.2788101621102 0.208425911176224 20.77660262403714 290.7814471993092 264.66158737651466 327.2807108225878 171.75 80.25 262.5 45.0
39.382002128670216 0.218602442920607 31.901234344586175 33.21113974609441 226.35612406126086 279.33224911410997 172.5 51.0 262.5 75.0
39.4923200956493 0.291370147552673 17.55709627033165 63.39633090101009 61.66338737184408 262.8219358799979 174.75 71.25 82.5 60.0
39.406844027865425 0.231713340026343 22.760124736907542 237.91271789657327 98.8636647865261 268.30875882036116 172.5 108.0 82.5 45.0
39.39451420601245 0.237521927377842 27.024690261804714 121.04923349297073 251.7007257169054 326.55866878261395 173.25 33.75 262.5 60.0
39.27357084893335 0.270018991871977 22.43581530558963 130.26636064375464 119.80497836196837 312.8968166521311 172.5 105.0 75.0 52.5
39.562724955747534 0.237073331710251 21.026748455254538 315.7707605573092 90.68391572215599 285.86015985669815 172.5 120.0 82.5 45.0
39.30886124257623 0.287150859802013 46.28084231627874 101.55163051801614 94.1457443133285 89.89091158132202 172.5 63.0 82.5 30.0
39.44844802033105 0.355305301522714 38.618390507916985 178.30808571903523 106.60467551635978 35.92631840951791 172.5 52.5 82.5 45.0
39.537580507347066 0.250860613972031 28.506363938323922 57.339240945391424 71.39450467354612 10.891038409044022 171.75 96.75 82.5 30.0
39.355280523478946 0.340449832997088 50.63561989570673 132.98768055317072 253.8125788123508 183.45168315758613 172.5 75.0 262.5 30.0
39.32341815394999 0.320856789972479 54.73931476514123 105.48734537302936 65.66472278365316 346.88558016273686 171.75 45.75 82.5 45.0
39.488563085682436 0.348614385313045 31.348133420147818 183.1519699581352 307.68832360733774 251.12241012372618 172.5 72.0 262.5 75.0
39.33763371300627 0.22078954904779 30.997261090146623 357.82345001616545 125.00938945079595 18.052773451395886 172.5 60.0 82.5 60.0
39.32778189527575 0.335608352586107 41.25421999088078 305.36062275779466 85.40665287374075 196.53142946845 172.5 60.0 82.5 30.0
39.40953871948481 0.385877645299213 36.469225219875135 266.37206692559084 265.82441169292736 115.37516359528982 171.75 54.75 262.5 60.0
39.49251117405797 0.247703376730474 28.106993165365367 156.6476433357931 97.19447045209273 189.0820843712193 172.5 90.0 82.5 30.0
39.36128686469984 0.322653814838319 28.402722327292814 150.7385007461998 312.74095432701216 161.179865102013 171.75 56.25 262.5 60.0
39.31609485599755 0.277392031611129 28.219696385791323 153.07722581035645 61.382760351372156 222.88117104148722 173.25 101.25 82.5 60.0
39.58929326628801 0.27717524149306 36.18709553762006 27.308235722312215 251.20215439544256 160.96101780037836 172.5 111.0 262.5 45.0
39.276522564139235 0.242969156342658 15.76270438475967 24.860326143386697 225.57100408806556 184.1155008699407 172.5 90.0 262.5 60.0
39.5516420688716 0.212998752164515 21.831612756360084 34.09451703263396 100.15003291218363 349.2088798573735 172.5 120.0 82.5 75.0
39.345515001671686 0.21123225812484 29.357680600588466 279.2613536277979 254.44549695319097 229.4796532363542 172.5 58.5 262.5 45.0
39.55902803637036 0.23767714219189 24.233181103786933 21.790842966295283 71.40007336689374 266.08655593387584 172.5 105.0 82.5 30.0
39.41805208082326 0.266003570542318 24.522638759306915 245.30423114713776 251.657230023692 11.056028080025964 172.5 30.0 262.5 45.0
39.412528627091575 0.370999469118846 36.75271653037767 346.03486563205314 91.44643047768 57.31372683127109 171.75 45.75 82.5 60.0
39.44846600078641 0.20533882783323 34.98720391714973 93.45967624238308 59.8541927180672 239.6133991927681 171.75 54.75 82.5 60.0
39.32509954677972 0.298506740800504 48.87085311234633 202.4687293768867 280.38752379773905 254.38414083208392 172.5 75.0 262.5 30.0
39.438872664165444 0.264228401036116 37.564759446837876 76.59638191602224 103.22955102897319 184.64416594184718 172.5 120.0 82.5 30.0
39.26688333823145 0.247590425620675 24.493843541379622 271.468953453117 270.61454601300557 101.99834003700315 172.5 85.5 262.5 30.0
39.47070278211164 0.288378206115864 36.02453003185577 293.4489152520698 283.70096403278416 79.10482813082032 172.5 60.0 262.5 30.0
39.32887301605824 0.403023875318975 58.855315219686666 112.52784871934732 101.5149137206605 76.87923667131895 172.5 66.0 82.5 15.0
39.443383184180504 0.409836606764509 51.77484551216931 296.6941487420423 109.91133051030121 184.80949715137683 172.5 55.5 82.5 45.0
39.34694422682389 0.230708136228076 26.809758453552888 143.46032995509543 285.77004780083837 270.9534800636083 172.5 85.5 262.5 45.0
39.30370863985116 0.29794967645482 19.117855468018107 90.3366099568928 270.5288305636399 106.80732795143653 172.5 88.5 262.5 60.0
39.406716005612715 0.328667788793946 37.14125645815433 225.05514082714296 66.15012135834525 137.76493108335404 174.0 45.0 82.5 45.0
39.39029693658452 0.277573517328072 15.10125305132013 187.79247524754263 121.19881910905661 243.4646115794619 172.5 45.0 82.5 60.0
39.36750319973306 0.18119866752735 28.01409862724566 284.2831780427453 109.53855260381656 317.12226965133016 173.25 51.75 82.5 75.0
39.44292320496902 0.386735540404636 48.484803476812765 130.57105106879078 271.9772529378342 294.01386597971623 172.5 72.0 262.5 45.0
39.30603386455386 0.220237159414491 31.322179220614057 167.27149901112486 63.116555060302105 294.054657440273 173.25 87.75 82.5 60.0
39.50528441255142 0.229039035686001 25.35159186926689 297.4696216238501 104.90617059608215 186.8979747794001 172.5 102.0 82.5 45.0
39.378874661209 0.321458447154207 41.1721853056497 277.66595516576893 73.01811695220614 229.1032868036751 171.75 24.75 82.5 30.0
39.361620187658495 0.301794115609603 35.445762359046455 304.01575459575105 258.7803509577372 320.51609957039506 171.0 39.0 262.5 30.0
39.476712291875316 0.288886239983879 35.47567212499069 268.6912169178232 109.43844447154932 308.86169304335243 172.5 108.0 82.5 45.0
39.41970160540686 0.284462582054266 21.19496934567097 135.9146992126805 131.1683721881514 260.67438924593625 171.75 84.75 82.5 60.0
39.359790662055815 0.268302947482605 38.08413998169758 133.52252605279614 76.34504351637352 65.87641811512934 172.5 60.0 82.5 30.0
39.382431386349424 0.204656239990027 19.18920492540843 307.6327676690878 94.37051014524981 198.18040222047597 172.5 30.0 82.5 60.0
39.51219793410502 0.246365960145484 20.794509784760233 7.830038526625458 295.55628309477 160.9425240180708 172.5 105.0 262.5 60.0
39.36264254666611 0.206073259961964 38.388275938599314 106.76352999458125 295.2989727730393 190.51545065025078 172.5 54.0 262.5 75.0
39.31673012896875 0.243224622940409 26.956089948360656 116.32048663290314 101.2894007494185 210.92045711921293 172.5 88.5 82.5 30.0
39.34020949124928 0.323076813516344 23.73780817343189 8.411400478923653 219.32644586722606 68.97888116450702 172.5 55.5 262.5 75.0
39.419723739778306 0.225304745989075 24.13397851908766 123.27096909062652 120.65778802604585 270.55369995754495 172.5 91.5 82.5 60.0
39.33467213350391 0.276451344765776 53.27795753113273 101.57401364828628 274.0238070087425 212.01015049965397 172.5 58.5 262.5 45.0
39.355004625716916 0.266915368024569 46.0787002792407 150.89797864567595 240.84667737724038 193.04263407518795 172.5 57.0 262.5 60.0
39.21757496351894 0.275855319855023 24.889354926285698 208.9299794090247 97.56821005355121 18.453352082039522 171.75 119.25 82.5 45.0
39.408077799726016 0.256201629551923 41.50425313829659 185.68911525459777 265.0501435606312 280.62128056628467 173.25 24.75 262.5 30.0
39.512158605008445 0.269463280073002 32.36723022514571 261.3007527300384 81.6181777503077 15.32856946844946 172.5 105.0 82.5 30.0
39.42556090940293 0.296060931644395 19.39559026158619 24.049257831752495 225.24971052768015 43.582886414416805 172.5 60.0 262.5 60.0
39.340210406783434 0.252932723214677 19.048003892437208 182.84745008871096 314.6111895232563 339.731874168771 172.5 105.0 262.5 60.0
39.307711595711424 0.26267611827037 24.041303332379474 314.7590324578851 295.7892464729671 285.2488882748168 172.5 87.0 262.5 45.0
39.5713649408843 0.274770206136157 40.47358730506063 49.05204425739976 109.28329693915458 106.68420293768521 171.75 117.75 82.5 45.0
39.28024177934501 0.278320300540861 27.995156456900304 21.59174089038229 72.76169757882958 254.5974208471316 172.5 111.0 82.5 45.0
39.31960508308887 0.289745049552839 35.519625015313316 167.42887124236861 64.85307436157827 195.09247456501598 171.75 63.75 82.5 45.0
39.24573122626209 0.208290805848085 16.746183586053995 185.16736945673418 268.9175797953155 146.73864118097347 172.5 105.0 262.5 60.0
39.40284736016271 0.267586520362986 24.435463264201207 302.71088936834104 292.32827993678984 88.66179995931937 172.5 90.0 262.5 45.0
39.365475378729144 0.286018892124552 23.499285554461746 215.66366491168895 329.2251368906185 98.67970830293774 172.5 28.5 262.5 75.0
39.42729613312833 0.234938632576776 43.78328021551827 236.4345187566515 267.0263312337918 137.23318175159687 171.75 59.25 262.5 45.0
39.36295795172721 0.220477884653186 12.36468617262863 250.164792501373 235.13366870162838 226.48493862513544 172.5 109.5 262.5 60.0
39.31439845216148 0.411651557240876 52.38742189292442 71.8378631487098 115.33119946092502 225.40598864886795 171.75 53.25 82.5 60.0
39.342019120781224 0.28273273404379 33.78805100530631 333.6698927211196 81.8236037901323 318.4540162358776 172.5 75.0 82.5 15.0
39.44907118601347 0.298164623672811 42.46571075038432 85.71465335025482 233.74125020767602 116.19139864039438 172.5 58.5 262.5 45.0
39.383794649464555 0.410466586456497 52.971913158723105 42.34400712101279 102.60157441078236 132.61396566789742 173.25 60.75 82.5 45.0
39.42252796322248 0.359982738884324 47.13366938075897 56.31816796652914 103.30018561047987 104.09236571414137 173.25 54.75 82.5 30.0
39.39420449517443 0.235273301406049 17.515015834752408 219.0613758162278 253.7403868514907 242.23462558016413 172.5 72.0 262.5 60.0
39.417604351099996 0.32474163312549 34.878535956001386 321.56086699402385 126.30683975236919 278.7856832651871 172.5 30.0 82.5 60.0
39.30512520706316 0.251245094883786 13.391973364004704 107.63277455518845 281.72565231964074 330.64554221827666 172.5 75.0 262.5 45.0
39.36388795490642 0.274350355142751 30.509056764534392 18.448185238132478 282.14141271676124 281.93670980307456 172.5 103.5 262.5 30.0
39.46736300949939 0.281651627386256 50.104016104843495 315.7579241853819 94.05940738852036 188.41593695858808 172.5 48.0 82.5 45.0
39.30619890261554 0.229606875899915 28.704157534800164 27.012278698873942 90.73289984472554 288.09478126889815 172.5 105.0 82.5 30.0
39.41803971833891 0.332041864847061 51.51316754463759 264.0223458830129 89.04688181357731 210.6037165901544 172.5 64.5 82.5 30.0
39.46567240869751 0.250024064010324 49.283942264222894 219.7964236337115 81.73572186832692 275.6612821033244 171.75 57.75 82.5 60.0
39.44203906588808 0.36446698800314 32.68534717502965 264.41785721242644 117.43145258443376 317.50261954802573 172.5 63.0 82.5 60.0
39.40228640169106 0.395278277182343 45.5201472274313 134.63841941337628 258.5098378388539 186.068260807978 171.75 53.25 262.5 45.0
39.43477703819257 0.217233445062848 24.544419051078314 351.3822381413932 100.95308395633532 279.53709848771706 171.75 33.75 82.5 60.0
39.42872666955997 0.250622806846725 32.038846109453445 288.13463472475064 303.01560083505274 310.96552471212726 172.5 45.0 262.5 45.0
39.31968038701476 0.358999112250657 28.924007538686773 328.130288950278 98.5184868513482 187.2219658743292 171.75 69.75 82.5 75.0
39.466078757748676 0.242426075811386 15.571444537137118 135.53244226598267 74.72686424612112 291.52095577260417 172.5 109.5 82.5 60.0
39.48095344106584 0.305916944269287 43.83284872251084 117.10395542888651 281.795297781268 81.28351662509284 171.75 65.25 262.5 30.0
39.47943142782719 0.240716534560565 17.105375754058375 11.654601260362236 109.93429180410055 6.318932497177792 172.5 81.0 82.5 75.0
39.441749821546196 0.417589973616498 48.32790447853767 63.67801007766328 271.42229788049974 128.08848857629783 172.5 73.5 262.5 60.0
39.404130860309245 0.217026412363131 29.374004157228303 193.1806489787015 234.7990677721985 164.65959290151008 172.5 58.5 262.5 60.0
39.37426249064905 0.312895745064124 40.25376792104334 212.91307315194862 60.258420733802694 150.36640842121693 172.5 60.0 82.5 45.0
39.29203211851888 0.267569630401742 20.200443945203283 278.54061728399824 274.38665393919473 212.98926722665092 172.5 84.0 262.5 60.0
39.30041504271249 0.241141486555556 30.53557978124239 103.86658319204817 109.20289920958707 61.25073425331913 172.5 102.0 82.5 45.0
39.3954817385072 0.344746794374041 49.85470756815159 153.41699756235153 263.0665017018373 167.81627891785288 172.5 60.0 262.5 15.0
39.36303266829033 0.290236205218917 16.76857438488667 216.09420402260562 105.67487128092436 123.37981155216302 172.5 40.5 90.0 67.5
39.42335243301211 0.201168962996456 23.903590228001516 18.45894448777605 68.3430276227524 138.35023873376207 174.75 101.25 82.5 60.0
39.28141965840492 0.269992619141308 16.855367129009128 124.75106637153667 291.2834520100356 199.52139508402541 172.5 90.0 262.5 45.0
39.37090426622222 0.338023343364294 34.62495961022923 233.6639589283659 45.796559273755015 31.966674425525948 172.5 52.5 82.5 60.0
39.50436792177754 0.25846923129365 23.545782838449107 241.2234381565421 100.71500793765841 1.608358654771749 172.5 85.5 82.5 30.0
39.326906726203816 0.316744465868177 35.16075966589277 44.1520321303029 317.42111526596574 222.39597491427514 172.5 60.0 262.5 60.0
39.414596536943854 0.287162547635562 44.48032128450098 251.81542268325987 260.11758959916466 346.11208469972394 171.75 66.75 262.5 30.0
39.47894616477674 0.255180377142386 29.48057865277995 200.1866607275516 287.57431561495605 237.2462321142769 172.5 94.5 262.5 30.0
39.430765734924535 0.239224202463628 40.86066967342715 256.7680443993869 300.03992406945906 320.9467474411852 172.5 52.5 262.5 60.0
39.49620080788223 0.276953461738593 26.655088326187027 346.7409646076325 247.45747323349934 95.45326579523174 172.5 120.0 262.5 45.0
39.36467657894958 0.281513889593025 35.61369709805745 189.20857068563316 250.1020430977341 62.593416530233775 172.5 60.0 262.5 30.0
39.411101340026946 0.228188143606149 24.972540272201105 348.08894071152383 70.53289500909375 156.13443786877608 172.5 94.5 82.5 45.0
39.404284014771946 0.263148685077895 24.838735983215862 101.66882370533834 262.26790673790924 354.0757738490883 172.5 60.0 262.5 45.0
39.38674014750089 0.271418840125793 23.613087733819597 347.8801124213524 106.47063683251312 285.20251516892927 172.5 45.0 82.5 45.0
39.41671046791814 0.442860844809832 58.02791591287936 46.10387495781405 99.15567283389294 232.209174149007 172.5 49.5 82.5 45.0
39.23318877319085 0.265045252224013 33.75091619088173 93.90823517258367 308.92914690033064 317.7275865603949 172.5 112.5 262.5 60.0
39.341878591286275 0.264299951089412 30.378008703872958 343.97460705318923 84.98779460396118 148.5251648448254 172.5 100.5 82.5 15.0
39.292017430264906 0.286980093920457 25.00202443963854 309.3772473398776 261.2987654388014 176.33592518075235 171.75 101.25 262.5 60.0
39.3491773735157 0.221767013754605 27.798030072648494 16.362295587782942 81.65427513182762 157.5525295538442 172.5 45.0 82.5 45.0
39.323762561825106 0.273286491528296 23.41815804078653 291.52856350132674 232.44780667504148 242.57219722646585 172.5 109.5 262.5 60.0
39.492953021745414 0.244556344411605 13.455949023194837 90.00421161923632 283.39986004138586 349.4260555890874 173.25 78.75 255.0 52.5
39.35909102647385 0.301657479570472 30.810603873084204 59.83572390635277 273.26921515378035 228.56139264057515 172.5 45.0 262.5 30.0
39.363485808032884 0.301754326170488 38.178913885465185 99.50584459531633 279.12020225855247 210.27837995622363 172.5 30.0 262.5 15.0
39.47134742225511 0.293090057862016 27.956208033909434 15.837539511924048 237.21204464585833 75.52964221757613 171.75 108.75 262.5 60.0
39.201512712983906 0.267167637353169 36.69870122668187 55.953070070824005 116.96414784350495 93.53567355869154 172.5 135.0 82.5 45.0
39.50645276080463 0.228899946110058 31.53147914046704 14.474992690866662 222.81129001133735 307.0695323938112 172.5 82.5 262.5 75.0
39.53041500040589 0.294171684670278 20.043939646020853 15.776941089326682 53.99747471444387 180.32834459474034 173.25 101.25 82.5 75.0
39.402451243975264 0.256608248033799 44.06477388694349 358.69034127300114 273.9649967179073 144.25037309271028 172.5 70.5 262.5 60.0
39.3897018796565 0.258674282386742 35.090779862861424 102.54781913362318 78.45544642298643 71.46329387010331 172.5 102.0 82.5 30.0
39.463341374350726 0.33294544244441 40.55062646749541 159.80670516803076 121.58643653619994 31.06017173901884 172.5 60.0 82.5 45.0
39.34403345335696 0.336568628776109 39.70095736994534 245.94942023083948 283.56809104606765 111.16623174621745 172.5 51.0 262.5 30.0
39.43233308096817 0.334288909589923 25.70952248278328 305.75930001364617 73.8057697938579 208.87354511148325 172.5 46.5 82.5 60.0
39.37326248785218 0.1874783532117 21.531876287950222 201.57948221351785 269.8091133769409 48.39145810195004 174.0 99.0 262.5 75.0
39.30317330066749 0.306768886061792 22.869702446319618 35.42328408428899 62.33290046663207 151.63299992448424 172.5 99.0 82.5 60.0
39.45333906834557 0.278685733473689 26.25623140317125 274.83235555733813 106.03538190681014 234.7217910475142 172.5 88.5 82.5 45.0
39.44274669314232 0.258744520284585 29.51143279440104 66.53198324614753 236.05211857631292 134.67444111483076 172.5 40.5 262.5 45.0
39.27327455753384 0.277644799720184 37.37718277694098 358.17979752686995 249.04144040425302 329.71073048772325 172.5 132.0 262.5 60.0
39.48584293026236 0.336177475576948 52.27215341530176 189.9769289752681 268.3402320111834 278.7373281004793 172.5 67.5 262.5 15.0
39.34778903860071 0.194171463134144 23.91527458635416 173.69430186280798 276.45290650560406 149.39470032433283 172.5 67.5 262.5 60.0
39.32385458571879 0.360467653308091 53.564192445171464 101.85130202460105 292.79682084202545 311.4708679966989 173.25 66.75 262.5 30.0
39.45170861573519 0.336522012499064 38.0870310152039 106.24821347712269 304.4101212654429 293.0542178707011 171.75 60.75 262.5 60.0
39.40534603137003 0.374786700640049 57.59222583660907 190.36224322335266 285.06749551089524 250.23544560680375 172.5 64.5 262.5 30.0
39.34779941234149 0.455649013039788 60.88797080206866 168.32943154636496 83.1498694598728 294.96453763679904 171.75 47.25 82.5 30.0
39.374816290400915 0.283235556549551 36.88749341254834 4.761041763762631 269.0169809638427 269.946167522524 173.25 38.25 262.5 15.0
39.4326697116634 0.261934119024444 18.23105682622889 228.52166260885403 251.21005598916912 284.004631915212 172.5 82.5 262.5 75.0
39.31063173625923 0.261178480538505 25.648872155047584 194.0487891447108 125.57007271548343 23.52946444696448 172.5 90.0 82.5 45.0
39.3665714101254 0.26824410605419 43.798730660821946 135.95049318301974 64.87330809903757 90.9104175499516 172.5 30.0 82.5 45.0
39.38283368397799 0.314798578879722 55.67185678771807 144.04345349082462 81.65579809786617 209.5732811291422 171.75 71.25 82.5 45.0
39.445313381533445 0.296239813997684 22.06763696661736 347.96581564144674 84.64183590311326 317.36293303886254 172.5 97.5 82.5 60.0
39.329238997623754 0.273833682022601 28.041464931978712 163.23561916455088 75.31125637821786 86.72195501396236 174.0 94.5 82.5 45.0
39.378877772646355 0.270078476094603 30.012390198616817 68.43019999960289 135.7346980026196 332.5771832596956 172.5 48.0 82.5 60.0
39.5058266035929 0.272547174705084 32.72390080116212 66.34881455500899 83.08972780821672 359.28283638528467 172.5 75.0 82.5 15.0
39.39851060704847 0.300235151945822 32.59881423864688 15.602059427672858 303.7969493331285 242.10224715752537 172.5 39.0 262.5 60.0
39.40105771825104 0.369217885137989 36.96162848397741 37.83079950605207 110.19924263457027 107.07261854604266 171.75 60.75 82.5 60.0
39.30680356043573 0.257854834870134 29.832627329332603 3.786014187105072 287.48333623502225 270.53439324554785 172.5 76.5 262.5 45.0
39.421096853608205 0.32963720060828 37.02363197450488 47.976185374388194 309.7904107463981 76.35572656691333 172.5 79.5 262.5 60.0
39.31975397169606 0.212102920155598 36.66384909671578 297.98653948339745 76.15799894499018 325.23355429832486 173.25 78.75 82.5 60.0
39.26701484477453 0.291648045852844 29.848638616478716 242.05133101866534 55.92425688780126 126.10886518464464 172.5 105.0 82.5 60.0
39.50441278972294 0.277989790043683 19.672960005079876 53.49138615635221 239.75114943693856 248.12811412483373 172.5 90.0 262.5 45.0
39.408035069964114 0.266599529010822 38.32657691073075 30.686028981286192 32.44086135920667 67.60178100705579 172.5 58.5 82.5 75.0
39.281220801290395 0.264043472119541 27.751429336771068 273.66518003588794 270.5000486695583 124.45943297196841 172.5 120.0 262.5 30.0
39.430180059444226 0.358781404887428 48.26047827754685 131.66451762391307 274.9540901852283 306.2690820810499 172.5 30.0 262.5 15.0
39.327019561064354 0.255622723571967 38.607123657916546 219.86059452537404 82.22087721842077 172.68154638788866 172.5 112.5 82.5 30.0
39.44524437519848 0.324191530534949 38.72943523859177 147.44977267646152 82.5549767894504 65.21138979100209 172.5 45.0 82.5 30.0
39.359431299449334 0.331991832809774 42.63747301543143 358.79894925124717 120.72384057965535 22.42417182095458 172.5 58.5 82.5 60.0
39.321223908842065 0.336459854325618 38.03522049558521 160.14443310964683 105.48234888817989 164.61973174761118 172.5 75.0 82.5 45.0
39.334723647000864 0.202482371719098 34.93277477729657 255.76820669824565 250.2210904245881 2.151633045892861 172.5 58.5 262.5 75.0
39.41285973007169 0.326026171166281 41.32525025005412 2.666338803973891 232.65403730109367 305.6426518743228 172.5 51.0 262.5 45.0
39.47946593386142 0.335563987549204 30.254579894229835 175.94626886440528 115.23954449337089 133.8937075281455 173.25 74.25 82.5 60.0
39.336320755045655 0.311064293347928 26.021046405993726 68.97824665207433 274.41343200417026 16.063466293634036 172.5 105.0 262.5 60.0
39.23666058473458 0.298617466225795 34.166320760548956 226.12476472865296 262.0004939965572 136.7373987599967 172.5 99.0 262.5 45.0
39.342057603173025 0.254764256191029 14.23260473414496 177.79372525640792 119.56548458193403 143.91990810619814 174.0 58.5 82.5 45.0
39.391534298795335 0.234623117796849 40.64247451256691 119.8604355637542 262.0777065717714 329.84675189272264 172.5 30.0 262.5 45.0
39.397874838505075 0.256705739068919 19.100404016782047 186.21168748852554 313.3898803170865 351.9447416292599 172.5 55.5 262.5 60.0
39.34886359518443 0.371629552128858 29.1583912347376 348.6808940576396 70.44981682652364 56.49313023157633 172.5 60.0 82.5 90.0
39.45249352665903 0.288372234244542 46.42067119709646 221.2217208513319 311.1267396982799 207.75100291354488 173.25 90.75 262.5 75.0
39.50399807085808 0.257542688932456 17.702420953870693 18.383116583429977 243.1025956674922 148.5585444718834 172.5 90.0 262.5 45.0
39.46477841539187 0.232220199899381 24.11208459317285 296.82017359793485 252.15028215091957 63.41785873840175 172.5 117.0 262.5 45.0
39.55511359431347 0.279937119288792 33.05393046599359 134.69534790606633 82.42404546133493 174.10275166518772 172.5 120.0 82.5 45.0
39.37085227270108 0.242298628335092 12.195505411021772 38.10704583646669 257.8454884229438 253.64016039570708 172.5 45.0 262.5 45.0
39.351136868467556 0.303775342934409 42.64418363467078 164.9907775147099 286.07733340965007 27.117145436159966 172.5 60.0 262.5 30.0
39.479298812734754 0.401989908365565 48.04314296816995 86.35511483280024 57.96467846277466 249.4230374575552 172.5 61.5 82.5 75.0
39.258973684034295 0.290138239488646 22.330343129243893 7.961219299776842 304.2408965941182 253.47577168902467 172.5 81.0 255.0 67.5
39.395445767994 0.293563167755015 25.262381661298715 25.462098032097956 250.34859924532023 180.6156875694695 171.75 90.75 262.5 45.0
39.39963006989672 0.293735262895676 42.165276643393135 337.82963923086334 262.409698210675 190.3129475226203 172.5 45.0 262.5 15.0
39.389737616821805 0.318238032107019 37.16269999635329 107.6283051146589 65.64353770080345 114.76343176937415 172.5 39.0 82.5 45.0
39.50995254505594 0.238738226471584 23.924024929224238 354.2506479638007 91.52511413784926 266.86412263398097 172.5 78.0 82.5 45.0
39.30128279505874 0.286354488842216 29.814916655056006 86.73060328464233 280.66589479990427 90.25744309501513 173.25 93.75 262.5 30.0
39.51430014290653 0.345718012561587 55.29979044640362 125.15248115896075 260.40736277260385 83.46289960895089 172.5 76.5 262.5 15.0
39.539353007639704 0.267057414786739 15.036703871429745 0.398192241508254 244.45698718766263 166.16258342313665 172.5 90.0 262.5 45.0
39.48316442347904 0.242789557750091 12.86974472275156 217.7986445786821 297.2761528669208 1.850152845008102 172.5 67.5 262.5 60.0
39.389345748101874 0.348856268021957 44.90935632659149 208.9957289083373 72.24026681633457 30.932444462046345 172.5 30.0 82.5 30.0
39.45450004228684 0.309876598250844 20.64070336770244 39.860659005285825 234.10460075297496 148.51191571410013 172.5 60.0 262.5 60.0
39.394616600747895 0.415817823452735 54.11291476655419 101.13308998477306 72.98172506884936 115.43736268125535 172.5 52.5 82.5 45.0
39.44282644937621 0.318777319055804 21.220955185626625 299.3521606875688 261.2912488369485 337.93326038244413 172.5 61.5 262.5 60.0
39.2847867153401 0.298682844375013 20.666338845562137 90.96108367589738 289.8908456719838 100.79058875648461 172.5 93.0 262.5 60.0
39.44142060017554 0.297033297742961 32.755317565700985 83.07754943946347 297.20444196923876 306.0401137446888 172.5 102.0 262.5 45.0
39.33095409796977 0.358816895812155 36.90520464106895 358.68009291727725 257.368110623128 302.36017720497557 172.5 76.5 262.5 60.0
39.41405661332081 0.364846374960205 42.66368124353277 4.368658951443424 126.53544058868962 262.54796820189665 174.0 55.5 82.5 60.0
39.29828294789858 0.261705760448693 29.06917930635912 85.99814592690846 43.16065205940376 239.56132937711104 171.75 99.75 82.5 60.0
39.38709850225193 0.254663701272179 40.2049971974824 269.28107755270884 72.34327291445592 7.704803229281002 172.5 58.5 82.5 45.0
39.48938526539445 0.258538478022244 17.918191885612753 328.5865986383272 282.3952991856125 164.24490478508838 173.25 81.75 262.5 60.0
39.3830056817703 0.204029906673207 32.16977909454596 167.33432810651757 117.16989942052236 139.32218109927368 172.5 45.0 82.5 60.0
39.300018176813474 0.330288012696086 45.048365277172266 226.53853247847167 86.25850908525344 11.934699482691778 172.5 75.0 82.5 15.0
39.40959537203834 0.369883132222999 31.038304683359065 23.02018794267805 235.57598197124037 290.7520533451496 172.5 30.0 262.5 75.0
39.509224542347354 0.218256797410725 26.733739403532166 95.05817261623558 246.69017989835623 242.3384702152162 173.25 93.75 270.0 67.5
39.31818007092727 0.248875478040459 25.35438908619523 324.38974231429626 289.1018351688572 21.261572100145038 172.5 105.0 262.5 45.0
39.34867672527231 0.302722679118212 25.84018077184043 45.26319910096622 263.14409415098004 352.95707075983967 171.75 90.75 262.5 45.0
39.458096397192016 0.271830550251934 19.01833442483034 35.21034282031955 282.5767991006124 277.66091958086224 172.5 105.0 262.5 60.0
39.47721089094009 0.283924684265918 26.109560296553802 288.4668746367978 125.7224116100704 188.32646609153647 171.75 69.75 82.5 60.0
39.35957674138779 0.341711020383982 28.06003647923905 214.55384258899238 276.49588964948634 4.133831638463356 171.75 47.25 262.5 60.0
39.390503289097445 0.334614243782865 23.621398139475644 298.8704926368011 253.92230377325882 341.92179385171437 172.5 61.5 262.5 75.0
39.320982698574504 0.32188606873761 23.38796393230425 175.7266005526761 74.83382797479172 281.04314256191645 172.5 99.0 90.0 67.5
39.41386225771197 0.236691166041735 19.367752592039768 147.67645482010067 103.74076264628229 283.3696319331776 172.5 45.0 82.5 60.0
39.512644489837314 0.199502590479401 31.740853852778283 116.52522812282014 71.31542087817114 207.29623360086026 172.5 97.5 82.5 75.0
39.34770729609193 0.330609329074577 51.38637061912858 335.0993726514638 73.22484368872344 205.5444511014048 172.5 84.0 82.5 30.0
39.355229840880725 0.376333237095784 37.48582921689486 146.55725641933142 89.64261408494407 305.4809981899308 172.5 43.5 82.5 60.0
39.327326993273275 0.336311592988641 43.516564117106654 160.52367010583316 225.78407996941823 194.9961913074746 172.5 70.5 262.5 60.0
39.469120149314975 0.310866310000068 26.34553004179063 6.859251977829694 82.77736455861981 20.08391225984088 172.5 100.5 90.0 67.5
39.33773242773552 0.246459342891961 19.647488996220034 252.68813103054765 94.52502612344422 346.4901434368069 172.5 57.0 82.5 45.0
39.37559453261011 0.419443455281198 46.33207250456336 325.36578767930763 257.4206830028698 308.86320550922255 171.0 43.5 262.5 45.0
39.54694966509061 0.227079214016631 16.63943988294138 157.0441810964444 54.962996373965055 176.42553093240068 172.5 106.5 82.5 75.0
39.474195973880384 0.228787295362745 30.472303080660396 28.453384888807253 107.4163507199019 240.1413848216769 172.5 60.0 82.5 45.0
39.435311939462494 0.268552281578407 41.52141312810004 137.14804148446805 295.8679432908897 162.79557706587903 172.5 51.0 262.5 45.0
39.38768241057275 0.339660350208427 32.86988230211547 184.76184515856775 292.5452939310956 131.7179845257419 173.25 45.75 262.5 45.0
39.30623863054533 0.245274741928069 19.07535673664472 215.70470501005775 254.39888207477023 114.68072370494106 172.5 120.0 262.5 45.0
39.43993698280135 0.271923877371295 15.972651324748838 220.69350470349477 138.55200556292684 92.4194730012748 172.5 45.0 82.5 60.0
39.42238500473277 0.29044608770141 35.67209142586038 185.41246669401104 124.12325346793695 10.728962922219468 172.5 30.0 82.5 45.0
39.46737197805214 0.217699221134061 26.65869716079287 350.8532689770905 112.12446081787539 137.33680763202042 172.5 93.0 82.5 60.0
39.44162376054025 0.268450638609531 30.135834367255672 227.4446135044078 61.5014565650217 35.645406459280274 172.5 45.0 82.5 45.0
39.53076759761969 0.239370978161737 18.995726666287705 237.3560189282016 142.60014923004636 331.2401467317961 173.25 89.25 82.5 75.0
39.347812769802395 0.362608904869409 28.427300339167353 204.22593079791702 89.63456440137162 21.909349850902654 172.5 55.5 82.5 75.0
39.31501995969779 0.226888110636032 26.506917985554495 286.94066534609044 288.9853116903712 225.32685977458266 172.5 120.0 262.5 45.0
39.4529313058372 0.279291266811174 23.184184259882095 287.9379927230257 125.48761765578818 60.18248880299342 172.5 51.0 82.5 60.0
39.3976037075459 0.286040837727505 14.247941735819845 142.88050691983395 280.46029745088526 68.22847424040475 172.5 45.0 262.5 60.0
39.34061999437818 0.27396177019653 48.48363615437848 301.40731499526197 72.57752344656645 342.21269165251556 172.5 39.0 82.5 45.0
39.52597926167203 0.316039208671815 31.541416623203876 307.37281076741573 265.52995972382604 298.7411450664181 171.75 111.75 262.5 45.0
39.37130692490919 0.284644800306588 29.68756888979762 38.524976449351264 86.37609835971416 106.9233903955765 172.5 105.0 82.5 30.0
39.472516423155426 0.287258594440746 51.06497934903738 335.88452362726173 96.04613556854277 297.2690629181324 172.5 48.0 82.5 45.0
39.375690573201375 0.314452323368062 48.934261351700805 183.76886073081573 102.23963172339255 257.5714798159072 172.5 45.0 82.5 30.0
39.46183212185338 0.247044709379617 23.18837086048764 247.81348458849416 132.72818822343103 350.68219298161756 172.5 90.0 82.5 60.0
39.3157545035348 0.257719485552472 26.633575813605127 147.52161804015515 109.95525453669832 258.8099813865252 172.5 105.0 82.5 30.0
39.42684109746659 0.240878151371138 17.42351886257084 181.22073369113917 104.42911250969635 123.3629497415756 172.5 90.0 82.5 45.0
39.37520377746805 0.378387037336244 35.05701474714443 221.86624737654193 111.4279761888379 122.6235839566998 171.0 51.0 82.5 60.0
39.32733450086333 0.260494389175033 48.47295984837246 143.5406100217432 301.3676066059996 148.91894135059056 173.25 80.25 262.5 60.0
39.33231105765163 0.351878947695771 41.84974610772481 116.92906952064425 306.82466841723874 55.945229304196275 172.5 75.0 262.5 75.0
39.44407845048377 0.247931197226667 39.116468366856914 204.14786027734868 60.275525939085085 173.42510442387837 172.5 58.5 82.5 60.0
39.39462806518051 0.316752858674008 42.802396841563855 83.78951663752645 105.38495055262901 223.20603520917732 172.5 45.0 82.5 30.0
39.42136466497171 0.239701667164302 26.080010047541307 122.94791370199738 272.6279760388017 176.07997390533438 172.5 90.0 262.5 45.0
39.35481188627552 0.229237838804994 22.26631512202528 26.64729315817262 117.6439503234684 232.9904232276088 172.5 60.0 82.5 60.0
39.442107204560315 0.248849033913416 23.05139965579627 297.68271231891146 49.48605377592739 231.33598036007143 172.5 45.0 82.5 60.0
39.44545010598889 0.276966769657903 26.12180617512675 68.81752431572447 244.25371866451724 38.85514723405378 172.5 91.5 262.5 45.0
39.3837343875813 0.262995071335359 34.455139197976216 47.331792049892144 84.97724907215145 285.7322811766828 172.5 109.5 82.5 15.0
39.498519796407706 0.287066697754858 23.29268450706723 253.5348213412597 91.43747630387134 338.45943573973665 170.25 93.75 82.5 45.0
39.435025779864965 0.275140661792608 24.257726795079897 168.75280253190599 82.07965693132527 276.79635694253216 172.5 84.0 82.5 60.0
39.509733820684716 0.254228214912827 36.228758044327435 247.60169242442697 236.68576370491064 137.6877864764279 172.5 81.0 270.0 52.5
39.306776836197805 0.270641089056244 35.47107404392896 330.83515198338483 254.4559724689185 98.55575074799007 171.75 107.25 262.5 30.0
39.3620089239211 0.198759295240967 31.954946935917736 251.15173609253918 248.52239950919846 249.658435347069 173.25 57.75 262.5 60.0
39.42287708937478 0.429533126406234 52.67630514079952 255.6282185496498 289.7346073011232 327.95950040218673 169.5 49.5 262.5 45.0
39.47612633460828 0.296166509296704 29.96818852703278 28.497257969954514 251.76189120015067 39.811358493080974 172.5 60.0 262.5 30.0
39.305474405717966 0.243721548624528 23.923090594268153 307.50043350638646 61.289348714652405 327.9048209555168 172.5 90.0 82.5 45.0
39.37054786947914 0.311682817440686 37.99884624708697 178.61609229320504 226.3724793017846 213.92540196090212 174.0 76.5 262.5 60.0
39.27785487399323 0.26811240844633 25.857993631070496 290.394684405184 103.50577197103055 60.007376873566834 172.5 90.0 82.5 30.0
39.36465633634865 0.244886409417659 29.640548272837165 246.11669767870964 291.32772102799237 325.2371272217497 173.25 60.75 262.5 30.0
39.477317149302046 0.300262631366306 38.276777411647295 336.963307344863 46.602188282939906 215.80823976511678 172.5 66.0 82.5 60.0
39.37418987677209 0.28461270238474 36.2612986547735 210.01440244397116 105.79958652380984 240.4118068203071 172.5 45.0 82.5 30.0
39.39876843497844 0.287891412079422 45.80971784376617 320.3312562273474 228.74521867809102 346.11485264952705 173.25 63.75 262.5 60.0
39.426229208885786 0.290211225183029 39.892698258992695 66.49582892065003 96.24512818109753 97.65203433283375 172.5 60.0 82.5 15.0
39.417937319327315 0.202821491463211 32.60858127505622 302.70235737383695 264.49201788717465 295.8876777937154 171.75 98.25 262.5 60.0
39.42747553457962 0.284257505501187 43.85391433236272 322.07623535983754 301.9521092219651 18.226247307688734 173.25 84.75 262.5 60.0
39.412330229001746 0.336969888036401 37.59291488332435 78.2928607392343 84.27739127235611 110.07313448520004 172.5 30.0 82.5 30.0
39.35618563924236 0.265537067396116 17.38391328442239 211.5371819357756 146.67877118190393 237.11564447878374 171.75 78.75 82.5 75.0
39.30063867535418 0.281673788462942 44.36454902763629 95.09936968789586 110.8383191064543 78.19895131576793 172.5 76.5 82.5 45.0
39.40157615637301 0.386642095366451 46.52453826249058 187.3259516322736 280.38945408677677 14.26246304121016 172.5 69.0 262.5 45.0
39.3491970897845 0.34700812040489 35.07853765965485 177.58548565619435 131.11136236130062 250.5589348247701 173.25 57.75 82.5 60.0
39.286789792358775 0.218190780072151 28.080539182386502 224.62744149826491 274.9193484136329 228.10328853505368 172.5 88.5 262.5 45.0
39.45683522304111 0.336377651592224 39.400090662845514 287.45159613604693 286.21777712762406 80.02035466547954 174.0 58.5 262.5 30.0
39.36005385875518 0.327399929664214 36.34785216031239 147.84347299076455 267.858546282417 50.21560691882405 172.5 60.0 262.5 30.0
39.44063957378336 0.433627227021475 49.72124273586987 178.46712327626088 265.3474430360425 290.8338758982606 172.5 54.0 262.5 45.0
39.3758404910981 0.28128642893121 28.86322885773578 342.779401054619 124.88934270418927 170.9321316761531 173.25 95.25 82.5 60.0
39.19684729793669 0.222086796611012 19.800320221885382 295.6433876954843 256.9204604087695 89.38372642795107 173.25 111.75 262.5 45.0
39.46488815476405 0.230417025813996 23.519828703383777 331.1052619933393 58.24970199555107 187.4604294151796 172.5 88.5 82.5 60.0
39.42214843833943 0.256662046639918 44.103716280962786 335.74670119715915 230.89409510584318 104.73130811100421 171.0 57.0 262.5 60.0
39.348030618172494 0.208534210663711 40.05279973909208 153.32265097638728 112.8598083506542 50.97390989212732 172.5 54.0 82.5 60.0
39.31103144468807 0.299833325716582 28.094137795544896 130.24363772687292 318.1683750954477 272.4071549634715 172.5 100.5 262.5 75.0
39.44154019853277 0.354474795231409 49.878116620513566 12.825804082839499 292.9203669204228 15.716452754540763 172.5 52.5 262.5 30.0
39.332282787184006 0.317665585008875 52.4772204023757 140.92415710925602 258.8868784187276 194.41926363388998 173.25 51.75 262.5 30.0
39.35252114064592 0.239168451065008 14.804498990838516 243.86741498716748 88.74990869210036 111.44550922593083 172.5 45.0 82.5 60.0
39.26453220221891 0.241774684033542 30.469378316977522 280.1311193644176 70.77696466935882 7.579842009196763 172.5 99.0 82.5 45.0
39.38461115790975 0.255705845629305 20.32334326550624 70.29599527513521 49.90843950697216 274.253078426015 172.5 60.0 82.5 60.0
39.416752896662395 0.367638390252933 40.00787536507232 127.37617820689782 126.43901077739538 170.06135098669102 172.5 36.0 82.5 60.0
39.33914195702939 0.279496523055006 44.18369590409306 226.94675570723794 283.21590863021373 250.1798800362721 171.75 60.75 262.5 30.0
39.46666381778143 0.263223580386216 45.24299290752054 191.65019915870934 110.47869537633062 246.41879424971802 172.5 75.0 82.5 45.0
39.430556427759754 0.270490378785396 21.421621172725 47.1085418766105 241.90995161520462 31.506840606240658 172.5 30.0 262.5 45.0
39.489238954825765 0.302891439073089 35.01485294441997 60.83162662744371 228.17081482955902 268.55280681924785 172.5 78.0 262.5 60.0
39.39120116220213 0.36404096565508 49.67627176327304 110.09409690726379 118.84323901961669 174.79464633555267 172.5 54.0 82.5 45.0
39.3655028709026 0.287786626721914 39.89106989685907 304.94885933251055 232.06149048521752 229.53176619809423 172.5 49.5 262.5 45.0
39.44218216782906 0.271148080545843 30.888697892577735 72.83789845304737 216.05354284710273 31.96897607328084 171.0 45.0 262.5 75.0
39.375145974098984 0.2220793551563 19.59157048041987 0.173553440003384 69.33768542101978 40.50978722304071 172.5 88.5 82.5 60.0
39.426149000216604 0.450650080063217 60.39537614153801 207.13010647737423 283.83455027008586 252.5947493470864 172.5 34.5 262.5 15.0
39.45939318383479 0.247446047938374 30.93079487053283 67.39946615096251 276.54183887888627 247.38338883511346 172.5 100.5 262.5 45.0
39.36708477809404 0.30405467434681 54.38065690783995 109.31044432185953 97.5589068434284 314.7754236690728 171.75 45.75 82.5 45.0
39.3077324937472 0.22606609714519 36.85551432514944 66.07475018005157 253.04606351322445 254.60976360909063 172.5 85.5 262.5 60.0
39.561765473549826 0.226607794726967 25.542936965892086 13.973481971421078 123.83085506545743 131.98726191943453 172.5 91.5 82.5 75.0
39.36353786025397 0.195044403596251 22.269594391085437 233.39329880203735 101.39243175806219 235.7063487662291 172.5 36.0 82.5 60.0
39.29437793352123 0.38892465987085 42.9973847205912 270.4203110704748 267.9953529053919 214.331166107423 173.25 62.25 262.5 60.0
39.386924230277536 0.242513729453256 19.71425510061494 238.32585641399305 307.47992577814915 96.20492761693185 172.5 24.0 262.5 60.0
39.46682833300524 0.256787172737008 23.83493851225939 218.56002537444544 132.8479752879602 356.01195296539476 173.25 95.25 82.5 60.0
39.43570509636353 0.247683524993371 44.28907393079156 83.61130548086798 110.5117204983703 92.22117739382558 172.5 51.0 82.5 45.0
39.41581397264059 0.246337012540468 18.63466857536449 347.16052932518386 61.16691308329971 175.64469864488456 172.5 60.0 82.5 45.0
39.37451636452646 0.26337056210246 21.649318732765476 55.673014341789695 65.62186116562076 171.19271597863386 172.5 105.0 82.5 45.0
39.360065127874755 0.371019565666047 35.0217742137748 63.68911609452218 236.24849407453485 250.44915676637774 172.5 57.0 262.5 75.0
39.39471952132988 0.28564002193211 29.337498668561086 298.64450668299503 68.16629818468941 321.03267655475827 172.5 60.0 82.5 30.0
39.457637171711 0.262286519082851 30.84703520646129 232.2043364843756 272.18241353222226 228.00357150669396 172.5 75.0 262.5 15.0
39.44936913980067 0.220507575035546 23.396477048567927 209.5241809629145 316.3801590016854 119.66793296907504 172.5 69.0 262.5 75.0
39.36475658457113 0.238412272229981 32.73077821496214 320.2462944694002 103.96988954882777 183.14135411326419 172.5 45.0 82.5 45.0
39.39172229675705 0.274111216144922 19.88375656485351 77.59305494506854 303.8947415037435 194.13645050384272 172.5 45.0 262.5 60.0
39.317975297871364 0.232850249617252 23.723487094388176 115.33960639286836 85.26325938428015 70.84644938209729 171.0 88.5 82.5 60.0
39.37836543641934 0.30088709045362 27.80469967358661 288.38400717764694 225.4488135219058 225.2077818912257 172.5 57.0 262.5 60.0
39.52704787124513 0.251413629129779 23.825713546219646 268.8731946124346 183.58475535967798 26.044935291782743 172.5 96.0 262.5 90.0
39.4153061862488 0.234163695638495 31.97233636792143 125.89874010726824 285.19140706849095 200.3149378178047 172.5 60.0 262.5 45.0
39.631417963211035 0.24640810780797 13.916654177616106 267.15487277973796 52.31201286491141 13.738282546330074 172.5 118.5 82.5 75.0
39.59768596655808 0.252159222932209 27.39342382736766 35.99328711590965 83.30716065322306 147.22580194029382 172.5 120.0 82.5 30.0
39.5397957112736 0.245273105532345 34.178349201423885 312.348442930389 299.47512610838146 145.93464362777397 173.25 111.75 262.5 60.0
39.34534255196825 0.292651783522292 35.818535126329095 300.34076820471523 84.05945856628415 85.52486422238269 174.0 46.5 82.5 15.0
39.441071818625645 0.337422355291171 41.93004354000375 67.2626350717111 98.51729204880058 341.97620728478836 174.0 58.5 82.5 30.0
39.2459500671509 0.263028913046583 27.00521152257993 219.20551454955248 280.5839569366864 250.28820152460202 172.5 105.0 262.5 30.0
39.51001925054679 0.223469378551014 16.234630715289125 260.98576277221105 99.14994640214921 317.08719523004964 172.5 105.0 82.5 45.0
39.411410849256995 0.288757944654885 22.308753777056374 6.466392787779133 257.46218329797034 28.37590480236539 172.5 87.0 262.5 45.0
39.4141106657518 0.323508366904708 21.69229114969219 176.40737062280257 273.6221875520513 281.37451620241825 172.5 21.0 262.5 75.0
39.449139289009516 0.292007480882961 16.888612190962625 239.7217851371186 243.8948280446619 264.2384113977826 172.5 37.5 262.5 75.0
39.32075224936834 0.324529297460972 27.983824054047098 341.53758581443896 84.47414253530499 64.38506052275908 172.5 103.5 82.5 60.0
39.548457502489384 0.244129083437245 11.628887904527652 268.36391196563125 94.3766047066931 214.3497244297933 174.75 102.75 82.5 45.0
39.4604391070096 0.277500095009138 31.26242583092765 215.84834262421444 68.3352307144493 277.0314791319344 171.0 58.5 82.5 45.0
39.48563861012119 0.310941408937025 44.11158228553414 64.04599974794715 261.0771579279919 116.56582610782483 172.5 63.0 262.5 15.0
39.342874581076266 0.282136542397805 20.76805635552405 299.9677241600843 27.234580504534108 6.971338795050243 172.5 55.5 82.5 75.0
39.35534217752233 0.368144687106197 39.21716790196618 356.5276706050889 248.16960517100574 47.34371630077085 172.5 66.0 270.0 52.5
39.30397509626762 0.309024015235804 33.69482980204059 303.72992963742496 99.42305835765833 303.7423511826159 174.0 111.0 82.5 45.0
39.405966411106775 0.198542938731084 24.47542617713903 223.99177225592035 251.73685678077095 267.3258656921844 172.5 28.5 262.5 60.0
39.256690740860556 0.259863798155686 19.16908988942147 285.8044015217722 119.73565224598661 171.77682446849624 172.5 105.0 82.5 60.0
39.506069257932175 0.252521797560988 26.910220718008038 290.7796920626919 98.43405363428042 63.25306736164194 171.75 84.75 82.5 30.0
39.4390782657069 0.309742396550635 46.227500535166996 109.58261730820534 108.69086740649168 326.5688032871164 172.5 60.0 82.5 30.0
39.58112680677017 0.234001205013867 23.924834073162106 175.24052059479814 240.59622758182869 172.20527670341937 171.0 112.5 262.5 60.0
39.52481298315226 0.26244637479961 18.4375115278509 305.94974514868494 66.89115061084871 76.42508718441447 172.5 90.0 82.5 45.0
39.41621236526892 0.245945109697763 10.474402388696985 97.2427287943285 258.03479269834304 318.5280566608913 172.5 90.0 262.5 45.0
39.46415026505546 0.257073620121901 25.197997547464237 217.56306017479417 276.8463639037768 223.31112701289544 172.5 105.0 262.5 30.0
39.353320472114675 0.407235544243547 55.33546606893318 93.90373042616956 82.40642432147203 90.92709601554532 173.25 59.25 82.5 30.0
39.4400226972618 0.192639180111802 34.67997497893704 303.5808869151867 262.2671851041486 201.89170048088218 171.75 59.25 262.5 75.0
39.402808069222054 0.22949387375147 29.108527687061372 180.0942721199112 103.98666323544448 260.71246248678517 172.5 45.0 82.5 45.0
39.45633100235614 0.256656983006314 28.298877817501847 151.90095645761656 315.3608488417775 295.6356357723471 172.5 102.0 262.5 60.0
39.259664489039594 0.224879905822372 22.172804020707023 194.6686375973229 284.680402662936 12.556430682036527 172.5 90.0 262.5 30.0
39.36277863782854 0.299949100737142 36.979304106933405 200.82748142630467 119.82633088287615 12.566021789947818 172.5 45.0 82.5 30.0
39.35237686762841 0.273869723011712 35.961895659037644 190.76210747447928 234.93192568115336 64.28131095703941 172.5 60.0 262.5 45.0
39.402980525302674 0.346697470925845 44.92943921059532 106.50737811407585 122.0195743970487 168.37221518509548 172.5 85.5 82.5 75.0
39.450245989152016 0.336856031071571 31.829398386444222 344.51662839386023 63.449827160806656 194.56826258221514 172.5 60.0 82.5 45.0
39.29347817562443 0.238159134882334 14.794894914226063 353.9296383665268 265.1154469067262 307.6644821447291 172.5 90.0 262.5 45.0
39.47758551674909 0.204873193265346 27.931285787412737 286.3947552516539 69.45521814100321 346.5922231103121 174.0 88.5 82.5 60.0
39.3552808865046 0.329761143065922 31.924402322859194 40.963682320551364 228.02841638696282 276.5483792005323 172.5 60.0 262.5 60.0
39.434284349956506 0.258969783088336 41.70513773257881 4.60414943568454 106.46109563616459 271.64261867551124 172.5 45.0 82.5 45.0
39.404401269504206 0.26102667130637 38.246455958551756 25.239884608766115 97.76026544585017 149.85959209079041 171.75 45.75 82.5 30.0
39.515935185391825 0.27159902852703 17.207601266511425 112.87901695323465 271.824332213064 109.74155526240486 172.5 112.5 262.5 45.0
39.30208552961448 0.268558093212246 26.082812381373376 115.86052236088652 135.2398011726205 161.95501076085563 173.25 90.75 82.5 60.0
39.41365040768117 0.307902598507889 31.792009841855638 303.82347638121746 292.4376412793172 317.5029617500682 171.75 68.25 262.5 45.0
39.5341357743204 0.297127084035631 30.47125851290444 60.10869019619872 266.90867774823045 233.30746977699866 172.5 105.0 262.5 45.0
39.32012047437487 0.283759698264094 24.29315887841687 69.66660661093681 313.802943307804 203.7497219372561 171.75 56.25 262.5 75.0
39.39960004307939 0.301258945188285 19.484058171388387 141.27299221447703 118.92226716427075 288.60561198486903 172.5 30.0 82.5 60.0
39.52755752542 0.245633770249803 18.7868630123544 247.21976311175484 123.31811971173403 309.7457051128831 172.5 105.0 82.5 45.0
39.54580110031608 0.269929407235429 21.31620140832692 103.72725420159914 245.41068721244795 255.47438042983583 172.5 120.0 262.5 60.0
39.36250901767828 0.273005399437328 23.686100419408845 61.65995978420592 310.18495290812 304.4462750891322 172.5 87.0 262.5 60.0
39.45309710906294 0.220479864540205 24.987708629858346 117.49249181601161 98.40100988305096 71.57176904602028 172.5 45.0 82.5 60.0
39.36218070394294 0.208710835436233 22.100845657477127 168.6307398217386 277.24896942570314 53.09348661750341 171.75 59.25 262.5 60.0
39.38552924394607 0.339523043404959 43.680846675350644 170.09703680908174 101.07911088460739 281.01044505143796 173.25 24.75 82.5 30.0
39.43247888474809 0.334982621579593 47.50963229871701 294.2864387619048 81.4513562819049 325.73808498802407 171.0 31.5 82.5 15.0
39.36156552051678 0.2646480079204 45.51238489453881 36.64185173256779 70.2711683315896 32.89925303428833 172.5 45.0 82.5 45.0
39.40475883090161 0.240518909667135 21.58567453471997 226.5597036004601 260.6987711009134 31.904483496613643 173.25 78.75 262.5 60.0
39.280455820117645 0.317607534769312 28.381385668690694 190.07604959518736 117.51721810935372 143.5258735124562 174.0 103.5 82.5 60.0
39.375967013294414 0.263698314853269 35.037725087185954 85.71140198833969 299.5190820339571 207.795847005179 172.5 45.0 262.5 45.0
39.3291333453699 0.236177097932781 21.130880708555818 203.10612056704883 319.65748601329796 112.95267996859967 172.5 60.0 262.5 60.0
39.4168869448838 0.254675142011926 34.66121848325434 4.481816530891396 72.74736519836857 190.15850668204118 172.5 75.0 82.5 30.0
39.424863947993224 0.331509163317083 24.373035676792764 169.62496645985865 87.21778237216203 300.9379495909295 172.5 51.0 82.5 60.0
39.321705092243974 0.23855748888604 15.784398027792367 111.41455332986621 81.40860553123639 185.11391091920095 172.5 105.0 82.5 45.0
39.51272080370234 0.246773525845173 24.89552403969051 308.73952893889526 115.1709623757562 57.72717359947836 172.5 99.0 82.5 60.0
39.38473587903306 0.247688182906309 24.548883405102153 324.38284380202225 259.3848025745169 173.0202194746038 172.5 87.0 262.5 30.0
39.29021045965574 0.220978506631166 27.005701087101734 98.56874734625745 254.4205470951036 213.80151878958537 173.25 101.25 262.5 60.0
39.387159217575196 0.277053084008438 20.278447555265007 308.0869812283719 56.271122054500175 203.80815410970067 172.5 60.0 82.5 60.0
39.319091626944285 0.282109423275867 21.655195250026345 3.956537560400154 231.19518216240147 50.094540960770274 172.5 93.0 262.5 60.0
39.427338024022134 0.388996002477279 53.079087861933004 320.49314420056027 114.3045236785181 292.47194138220976 173.25 63.75 82.5 60.0
39.42755116072204 0.266996284274377 25.343212110047556 127.40528747415651 143.20127833541224 46.24054088033341 172.5 40.5 90.0 67.5
39.30330888088069 0.268127140356967 16.199505538878352 223.82295600107602 112.94326111135018 330.66779956603756 172.5 105.0 82.5 60.0
39.36841481231308 0.287614645219278 39.08973046858693 304.39268075306194 254.7888107759378 317.90858720740005 172.5 45.0 262.5 30.0
39.41588850147325 0.295128535728239 25.055786935921855 320.8219883725007 67.77668581154188 324.33502650440107 172.5 30.0 82.5 45.0
39.22438941904632 0.245116068668912 17.158764473879906 287.8893285905914 70.88517809390457 211.09984294865882 172.5 112.5 82.5 45.0
39.50588261511619 0.221867629436402 19.58289511108178 195.36140452313947 306.3929982150272 128.65903469059995 171.75 72.75 262.5 60.0
39.3498693578392 0.261589535152445 28.33576339018402 15.796029631421957 31.385996504249384 209.60194341823168 173.25 107.25 82.5 75.0
39.34836711958572 0.227875632988092 14.686345504559045 199.5768335691228 113.37431634964906 142.70418290379672 172.5 67.5 82.5 45.0
39.37544311989841 0.33228518441143 32.463099078878415 94.21486701475362 242.10108558929983 108.65412381804914 172.5 48.0 262.5 60.0
39.441178820459484 0.278420290182002 50.99399180817446 88.10039661586602 91.90819831205633 101.35835383486578 172.5 57.0 82.5 45.0
39.326591989776844 0.330649465060423 30.236596246145616 206.20547231912076 63.14616664372248 294.3994732746111 173.25 78.75 82.5 60.0
39.46508173663461 0.247753026941199 22.3825841611554 254.8917343264208 286.2087863127598 335.9030159166211 172.5 60.0 262.5 45.0
39.3675093904094 0.272176078465098 35.38214485807908 144.43581093296802 94.62507699185831 294.38104449183515 171.75 41.25 82.5 15.0
39.35346133899929 0.374861510683438 31.236568448317318 133.63664801633328 103.67106862645012 187.17046976762657 171.0 60.0 82.5 90.0
39.35980374907776 0.281756658932345 20.217311876279016 124.85594210946991 291.7863352947411 203.0892145710472 172.5 81.0 262.5 60.0
39.3355623567802 0.262202889919755 34.668426297992966 200.75752231916553 73.2110317138686 262.5143917906783 172.5 93.0 82.5 45.0
39.456592102854074 0.23174615624775 12.520054168797202 142.1869582951054 114.9991768692339 260.0724932734952 172.5 105.0 82.5 45.0
39.31894887739173 0.252540115011129 29.874027564292827 237.3796551692011 278.4109788317338 12.919286602749652 171.75 92.25 262.5 30.0
39.43955227498415 0.219561797135673 16.835184924140222 256.79991498554585 66.05461625955854 343.98954108612634 171.75 81.75 82.5 60.0
39.44635598325583 0.331491362831524 30.70622313239929 341.43356725501286 309.81762098589127 254.0864136860538 172.5 54.0 262.5 75.0
39.383339736821846 0.268623667204859 24.145749826898445 333.5791842355177 29.445031839815535 215.8766519781429 172.5 43.5 82.5 75.0
39.38704865757147 0.342034213692677 49.59461780754355 185.46210284441682 78.10212545735914 53.65684043011279 171.75 42.75 82.5 30.0
39.2195628236283 0.284885947206495 30.445984783040373 123.1473738630443 96.73019724346457 309.23065143026173 172.5 120.0 82.5 45.0
39.422262865242466 0.244845199323436 22.55929959716903 139.42099666187013 271.63657398771414 37.028911034169724 172.5 105.0 262.5 45.0
39.518174561188765 0.234964804666039 17.175455561871267 294.51773236986446 247.29934408205642 74.58050789669147 172.5 105.0 262.5 45.0
39.5434713501695 0.283329562258849 19.309107882637917 229.12987958161216 75.61186809012175 272.49926725165875 171.75 90.75 82.5 60.0
39.46723168923609 0.283988341986621 31.269695463098937 107.49787368838808 89.51481206870541 99.88282057359558 172.5 60.0 82.5 15.0
39.50806057704225 0.254295549752762 18.312629318085815 17.129360996769616 217.69706573411634 73.03778092612029 171.75 86.25 262.5 60.0
39.31686880339372 0.375621088582764 49.895041820425504 261.57659244864806 298.48526511438854 89.4803280983496 172.5 60.0 262.5 45.0
39.27851648483376 0.277723500785531 32.49305280264437 232.46922050397973 116.07849483314145 331.83209166059805 173.25 101.25 82.5 30.0
39.46946074155332 0.292086420077422 32.816201348035605 85.33110633562055 128.65075284572166 311.5290781508758 172.5 60.0 82.5 60.0
39.26945818514709 0.243131471745087 25.494341784047712 257.92373337716634 94.79271500478009 230.46688448014928 171.75 89.25 82.5 30.0
39.36508628363047 0.271435064029236 25.147080288721664 153.69353866985654 247.52888354898283 318.7520161520072 172.5 45.0 262.5 60.0
39.54066371073413 0.250706093220477 25.784725090376213 42.411547722403306 289.87540188174916 13.65550862014633 172.5 105.0 262.5 45.0
39.54251190315332 0.296395711164402 25.515499018538904 301.1201822132997 238.7666155870919 242.25088939508746 173.25 98.25 270.0 67.5
39.333090887257214 0.285334071122743 51.405343261526816 62.83037380824245 85.94576428936729 226.06922050883998 172.5 75.0 82.5 30.0
39.47887069976405 0.240161911461955 26.58627619557269 250.0044632528328 78.81244797988664 100.84592790636567 172.5 90.0 82.5 45.0
39.284520571260906 0.294885369642148 29.377551453040216 112.98575790771777 268.2196057166136 220.8212608451503 172.5 96.0 262.5 45.0
39.48720862635347 0.212211505008799 14.956520741152302 319.01387423796194 77.43562903498156 220.1905165565517 172.5 90.0 82.5 75.0
39.41097229143322 0.222859140353391 34.880503750194556 277.1458932506074 245.29224148542892 123.06608019664061 172.5 55.5 262.5 60.0
39.44577346248152 0.199285398371589 35.392551163411056 216.06240850079806 252.29652281763038 40.74014918901347 172.5 45.0 262.5 60.0
39.31951565852716 0.356238100249018 55.22293832867593 344.6789524777739 264.19795216727357 180.00128266794016 172.5 67.5 270.0 22.5
39.47475443140904 0.301366209042437 26.02330393951197 270.74196726013633 275.5755547752931 327.5508970496504 172.5 85.5 262.5 45.0
39.47668041176857 0.251251950487252 21.895949539309843 195.25563867913962 138.43590829121513 225.81843911819914 173.25 90.75 82.5 60.0
39.545646813123746 0.218061880397967 35.22168694864485 160.76037252399962 255.96063005144805 202.7590008521761 172.5 106.5 262.5 60.0
39.33634154857903 0.259781908926556 23.76485044475818 167.5062875032517 71.8579956296302 175.44819482792576 172.5 60.0 82.5 60.0
39.33560484491213 0.293276135620813 31.770832221709277 50.22219055633141 280.9298859624154 343.35973595206724 174.0 88.5 262.5 30.0
39.465779205994366 0.236597695256013 35.92836299603365 232.05323692886728 93.47038017171097 3.10283904381355 172.5 60.0 82.5 45.0
39.40379821426429 0.406343735601608 59.64637191039553 101.47140286916044 96.21185196084492 327.2304103543819 173.25 27.75 82.5 15.0
39.44952014566058 0.315647037251564 36.35371140069919 325.352611799142 298.4310078637534 32.31219820556391 173.25 62.25 262.5 60.0
39.276740268394235 0.264492091332789 14.691540589863191 249.27179175090478 72.8734514985476 243.52313183471068 172.5 75.0 82.5 60.0
39.405926913985844 0.273924082913705 40.81876181314016 35.68042477916587 258.4970799260735 261.58706034524425 172.5 30.0 262.5 30.0
39.377438399458015 0.248142608803258 18.294055644352017 265.8645034861894 40.74106743996637 107.38972016243036 172.5 105.0 82.5 60.0
39.39611007656194 0.262197084021854 24.02155262499585 212.5449577514532 320.4287684454137 241.42985076612422 172.5 72.0 262.5 60.0
39.4374946463766 0.280295735676176 27.280681248797862 275.4705271171398 55.4360655608537 105.95965521676105 173.25 102.75 82.5 60.0
39.40107720720042 0.371906888501503 38.99151812338365 31.58131891784434 64.23330400178531 166.07666146940701 173.25 33.75 82.5 60.0
39.47028869490602 0.398364368546449 58.5704466242514 355.09106106553065 263.9417007016406 158.39220745489916 173.25 50.25 262.5 15.0
39.38671023434633 0.244999784556126 17.757005751027563 300.3469818996689 106.89767683167008 70.841004417639 172.5 30.0 82.5 60.0
39.378995369783716 0.219273305736503 34.512984814927684 350.0059754421617 245.21903467733264 302.5042345284577 171.0 43.5 262.5 60.0
39.453573900611204 0.290764239154029 39.404432895886394 134.22644392054934 275.37203088375145 277.97691244545024 172.5 109.5 262.5 30.0
39.5349297030239 0.260527878047709 13.410781829116342 290.3603779186554 275.9742857017917 98.43639102748985 172.5 105.0 262.5 75.0
39.45159619922145 0.330416351460452 30.484837621778286 133.77811440659985 100.7825381612779 70.02771313731179 172.5 60.0 82.5 45.0
39.25274328637953 0.247413089300132 32.83243305730457 127.79640666165555 117.53197354431396 149.153203412416 172.5 120.0 82.5 45.0
39.48156664064855 0.344260808787626 50.489106984268915 104.09120444336213 296.3736867190437 66.08059858185271 172.5 60.0 262.5 30.0
39.309332737179126 0.24253693544332 19.205932470119258 99.98120963491156 77.45716910936866 97.39991162906311 171.75 81.75 82.5 60.0
39.46892429517937 0.296637938553713 37.31536106280681 179.3625726204116 300.67871710618283 240.4900332326033 171.75 81.75 262.5 45.0
39.468035184089125 0.3017932570254 33.84615168634375 125.35631514795523 272.0583145837298 320.064993931948 175.5 57.0 262.5 30.0
39.386352161957774 0.221824630331044 16.347503751562687 258.66959826802656 112.7590506111892 308.7154307648205 172.5 90.0 75.0 52.5
39.411122622806495 0.321742918999719 39.43392789396086 150.71818398618504 242.27580790337643 306.0884377285105 172.5 60.0 262.5 45.0
39.5178929657198 0.260484763190088 31.17130249198458 100.27550679071317 122.2452190333113 186.8371529377071 175.5 102.0 82.5 60.0
39.38019606673793 0.222045857923886 21.70596957054065 171.44695894175592 117.11297948313363 162.703658760688 173.25 60.75 82.5 60.0
39.25658287990561 0.238455547880144 28.807455072385856 126.58735056948396 293.7797955959981 72.35052963881168 172.5 105.0 262.5 45.0
39.429728715732054 0.286824316797581 27.60706860631274 137.66166160291468 231.2066671201074 91.75798787605281 173.25 32.25 262.5 60.0
39.381225622934096 0.281453806028408 23.626095236420603 47.14959387675556 218.6490583269734 171.69327473073335 172.5 45.0 262.5 60.0
39.47975185462333 0.28918863664199 39.21083928826842 149.18198030523416 74.09465421361101 309.5044374333744 172.5 70.5 82.5 30.0
39.42747002264022 0.285014914881714 37.284753796000246 96.01331331947782 72.64040908753775 255.6152467322337 173.25 107.25 82.5 45.0
39.482105962832925 0.266166322007789 24.85065657077914 37.236428538033586 75.90225625817776 56.95387865283281 173.25 119.25 82.5 30.0
39.40871598345383 0.217083600897248 24.515483481807426 221.40375490395124 264.14912797008924 340.27075680308656 172.5 123.0 262.5 45.0
39.26711530681813 0.262494858558504 14.286919557633972 77.70358983353616 253.32312256398285 342.94340557315394 173.25 104.25 262.5 45.0
39.495167571491585 0.263583032457238 25.515051149622483 206.40887785816574 140.9777851915616 90.67075821449106 172.5 94.5 82.5 60.0
39.363834130292815 0.299543736293665 35.431110372433814 318.0941556001858 101.86970933737992 290.06367440175245 172.5 49.5 82.5 30.0
39.5792227195 0.25792004370369 11.323406777729732 271.4110416952036 110.3575927597132 218.2865355235137 171.0 115.5 82.5 75.0
39.33109397933195 0.358298709705386 40.78851315302475 25.861850243614956 269.0818320566273 26.088759006928328 172.5 60.0 262.5 45.0
39.47681879262646 0.205517652370877 42.606470405824794 202.41149182837805 252.23293301771952 63.75005788990299 171.75 72.75 262.5 75.0
39.44317014266808 0.361383809687748 42.3416871780742 175.78805025276773 234.96166042779737 177.33583670965658 172.5 73.5 262.5 60.0
39.48065033194696 0.265470891134537 28.374781914107547 46.484256084527175 90.04656286784048 159.480428322809 173.25 108.75 82.5 30.0
39.5049055568726 0.250775965253904 28.057419771793928 342.4977913933839 112.31473089126327 146.85311180454394 172.5 94.5 82.5 60.0
39.471875248006775 0.266642128273278 14.716924659589727 348.13168872041695 71.34282484277163 296.16743779760026 174.0 66.0 82.5 60.0
39.518771639365745 0.26657886292933 23.42965194192539 7.580747632352174 211.14269359389382 176.80023945385415 173.25 93.75 262.5 75.0
39.46159389060995 0.248671537310024 26.79144541553467 145.26020315379327 100.00569914240216 40.75069081770793 172.5 82.5 82.5 30.0
39.478371296363235 0.21765550835378 23.618376104266947 120.69406896025743 284.69687214160507 292.3851446435222 171.0 90.0 262.5 60.0
39.393340616864 0.26098614795485 36.401319697725754 142.51410224073092 143.3278985924376 291.4834447177618 173.25 93.75 82.5 75.0
39.397426955475325 0.327378600998483 35.43960543713013 179.31188971836417 265.05486631151103 47.8828706483265 172.5 30.0 262.5 45.0
39.49836860151279 0.268664525243528 35.29365188990231 301.7563196496701 74.74370592090611 115.81508879717174 172.5 108.0 82.5 30.0
39.445385459091256 0.24662398592461 30.6658275547218 133.25724778623885 277.4912132654139 292.4352952407745 172.5 60.0 262.5 30.0
39.26113370618237 0.292457903642881 37.990886067352875 124.14389217165508 283.10689637846633 174.4959316439044 171.75 101.25 262.5 30.0
39.466412444178474 0.258007441403774 31.48076509414944 233.31571806792397 80.32814346327432 154.90970744093244 173.25 99.75 82.5 45.0
39.3413502497086 0.263630337632502 25.569531744991714 217.24069075209684 277.4610972619846 236.42392359024888 172.5 82.5 262.5 30.0
39.397094288971886 0.307311061369079 21.766364426841744 210.54755880377743 268.063621483494 142.4938489685129 171.75 15.75 262.5 60.0
39.337895352050744 0.290953600675498 28.444651950650517 341.25565977277864 311.40091240612503 250.36720297513523 172.5 64.5 262.5 60.0
39.39460257536824 0.280559952818969 26.110567651075165 4.091526544287534 282.14849604237423 246.26270612394825 173.25 90.75 262.5 45.0
39.31401572801029 0.405550444476886 58.77816974017807 51.917209469509885 276.2200740843731 112.29322385051792 172.5 72.0 262.5 30.0
39.50754556446514 0.300889680665197 38.5821809550639 74.95240988704631 228.77462952983777 142.19893589710762 172.5 69.0 262.5 60.0
39.385572749701836 0.339789373741601 32.03846629511954 148.94463920242066 68.77684107672923 191.16778061807025 172.5 46.5 82.5 60.0
39.35257228493172 0.226901029029602 21.76366325416102 153.11844437174705 286.79715445007577 273.5541864872288 172.5 90.0 262.5 60.0
39.56907483375611 0.253571049426872 26.366709516462613 143.7875172490905 286.81653004733323 152.3390994591445 172.5 123.0 262.5 30.0
39.31932208235963 0.246574548450837 29.65049029379588 147.19131803034665 47.96028752260091 194.61447626170758 172.5 84.0 82.5 60.0
39.23264322634436 0.219717518667158 29.151139131573967 54.56926382321792 89.90952920896997 135.1645830258843 172.5 105.0 82.5 45.0
39.57702168116976 0.22958076143677 29.406948040003844 214.89054000446032 76.38865938428931 24.282328426505014 172.5 117.0 82.5 45.0
39.31481874209686 0.299941883507846 41.364685505440804 317.22144965877123 285.3752897544772 297.7154422857015 172.5 60.0 262.5 30.0
39.33974341355208 0.315456561882032 45.64537990744789 24.43790179360558 96.83079924490886 277.18827044646247 172.5 90.0 82.5 15.0
39.32042066217414 0.297589565139763 28.966761520860405 244.0324662337988 265.0403377989749 139.1919952296781 172.5 103.5 262.5 45.0
39.486918127551654 0.217069849311539 22.76147404830861 235.037487144541 268.3301535191348 100.89409627428952 172.5 105.0 262.5 45.0
39.447602271133086 0.275238430530555 38.7263565050506 180.6677414574841 254.75328486979794 189.05550198741867 172.5 75.0 262.5 30.0
39.33692207201854 0.307463607003939 32.43322701151772 135.37696520808893 45.97127916030196 343.1391821084804 171.75 65.25 82.5 75.0
39.424514086135204 0.354616523813009 44.10523644701638 295.3603433026923 108.333202875539 64.2851361779775 172.5 42.0 82.5 30.0
39.430484534891356 0.287483321752305 35.991678064507816 147.9472588795303 107.1228959374175 299.57650143331125 172.5 45.0 82.5 30.0
39.56498277968646 0.273446161558656 25.224704338380146 13.133268806773959 231.10870273116433 178.2161751862633 171.75 95.25 262.5 60.0
39.41847149641624 0.322876233317677 28.169416929219334 342.58766937092787 278.0170058860083 40.11463641996084 172.5 45.0 262.5 45.0
39.41321788238054 0.213767640318536 23.7334461715198 257.56388984708707 258.74986162842663 264.569633018923 173.25 104.25 262.5 45.0
39.37149747524474 0.3916764260137 54.27649290571333 341.6719709176143 86.89411959767696 285.0842535287627 172.5 45.0 82.5 15.0
39.216089608884 0.262679404805986 34.79761189105889 285.09876682140896 254.99249601923356 235.49067961741702 173.25 120.75 262.5 30.0
39.43377062107379 0.22493903171897 31.58736620319482 285.8326550065997 85.18663388381326 91.68090658010192 172.5 30.0 82.5 45.0
39.35629056185973 0.213982713886185 20.280506689193377 33.0415129822604 89.34203761173247 121.11616251514087 171.0 82.5 82.5 60.0
39.277865649220004 0.249350400715361 18.949784566956705 70.65791150519556 75.20788672809229 22.75299225757766 172.5 105.0 82.5 45.0
39.34009927355504 0.20206340260923 22.377579476108792 231.29328303394962 262.65922640159886 125.40025971388363 173.25 50.25 262.5 45.0
39.403336738796206 0.300216096821271 28.453002432478872 169.20938943946754 273.04416146468657 58.50329573677342 172.5 60.0 255.0 37.5
39.488536262328246 0.279487222257301 30.28491182198153 141.05022470284032 102.84773154973668 316.55318718558306 170.25 95.25 82.5 30.0
39.33747450466002 0.197754467577982 27.6611356199105 347.62811780189645 276.7839454240056 167.30557708429717 172.5 64.5 262.5 60.0
39.52373891311337 0.229212013168801 27.587973348660285 12.681480783743005 80.02410352010679 279.7468121320223 172.5 87.0 82.5 45.0
39.54086016490301 0.293845644877099 25.118252051319498 328.5919975763699 99.65077426740811 297.09690411793645 172.5 96.0 82.5 60.0
39.34119840154518 0.329271688119115 29.547672578558252 342.5200368298896 284.5637043698558 38.70831128852665 172.5 54.0 262.5 45.0
39.39041162050908 0.287979449809927 34.99992391055929 335.5516145204985 260.9610635014525 209.41586284552318 172.5 103.5 262.5 30.0
39.343084542340605 0.266352062159375 38.144838858097565 242.06634245910553 66.88140297992332 3.635939016513433 170.25 69.75 82.5 45.0
39.34881164842305 0.239391039450612 11.93201089558008 212.42779370867567 116.883705791502 114.64962906002249 172.5 45.0 82.5 45.0
39.41131280323434 0.259024819922689 21.814535454437674 143.9784005138328 124.68816594468757 173.14816414542125 172.5 60.0 82.5 45.0
39.34047929473404 0.277709323730147 34.356413134138045 173.58905711916552 264.9086476394187 189.42768143178085 173.25 101.25 262.5 30.0
39.43827183224008 0.308677804717133 42.28336520972003 348.48579021848155 245.19649816541403 52.679309118927755 172.5 60.0 262.5 45.0
39.45002104945 0.227709506342518 27.717519871279244 132.21181516876823 126.88461804701336 164.19245668921772 172.5 31.5 82.5 60.0
39.45816103954733 0.330079305478698 55.329597843975954 137.7637878929171 57.25902038881318 312.3971633965384 171.75 72.75 82.5 45.0
39.55207230004264 0.266484037762856 28.00671194126561 233.5477538115926 122.46332744899762 95.38644089927439 172.5 102.0 82.5 60.0
39.34422046797164 0.229138159130242 23.685430264453505 119.85663722098293 55.49394876352608 128.31381253067588 172.5 79.5 82.5 75.0
39.46012336922947 0.322629299737748 28.380987590354405 185.59504861972047 314.51740264643115 248.4449045985641 172.5 52.5 262.5 60.0
39.402661071445976 0.237575532521364 21.274982172394548 145.17042034464288 278.61238274112736 289.18577355098734 171.75 44.25 262.5 60.0
39.392115321787735 0.349069825288145 43.80948396096777 4.845681640643617 267.5856464492315 266.427607481093 172.5 51.0 262.5 30.0
39.43010270259691 0.328883693214861 42.147955661597614 154.83424198530707 110.15596764456195 265.10469949330525 172.5 75.0 82.5 30.0
39.42948907598002 0.258402797224877 25.426245162021115 267.52176188154226 87.23271929959198 10.604313302043689 172.5 88.5 82.5 30.0
39.56422710930777 0.275750687448998 34.71189158426307 221.63048197649078 262.0787075240409 20.543656822073498 172.5 103.5 262.5 30.0
39.45420377832874 0.281870772702075 39.957636942107406 248.2924934043644 249.1399721306106 122.7024450638761 172.5 60.0 262.5 30.0
39.465126069488754 0.312460454148959 51.57307833883523 243.2145624431688 79.17083972115718 135.3636666186471 173.25 56.25 82.5 30.0
39.43419168413093 0.296932171236409 34.874337534019624 274.78969545100904 260.1429861677325 347.0726538550218 173.25 36.75 262.5 30.0
39.25530228738684 0.236778652999342 17.409045712334137 122.09175923789356 283.60240970404357 312.7572504829758 172.5 90.0 262.5 45.0
39.45095266150029 0.270070271032535 37.9892014720477 117.07974333152582 239.81723305550582 118.60048568468092 172.5 60.0 262.5 45.0
39.36409040546772 0.334057597997684 25.18066598887726 359.3142316855758 74.02945560694495 38.35022745115693 173.25 72.75 82.5 60.0
39.387486009075026 0.306506017876688 34.98731675894294 105.34436843370092 253.31758107549194 204.7313211808501 174.0 70.5 262.5 30.0
39.32372916408032 0.398887953905848 50.37045175652829 239.0002093050196 81.96860734614668 248.31553397255095 172.5 55.5 82.5 30.0
39.41109072110033 0.341485252878949 51.77951551783696 119.25593394454494 278.3569019617302 336.59543802436775 172.5 75.0 262.5 15.0
39.42125058684908 0.251604813620719 38.18631023312467 22.925894042686046 308.4161070442033 357.7266173704854 172.5 46.5 262.5 60.0
39.42138816060401 0.234557177064781 35.17975609091817 191.2786856080608 271.1418637516849 270.724239364696 172.5 30.0 262.5 30.0
39.38590985854905 0.228336453590203 35.34352629202222 286.8355989051639 117.38087949440806 318.727554774378 173.25 47.25 82.5 60.0
39.461793026983116 0.368128462307443 53.401135121533315 24.81807603479701 112.2505244481817 237.81337688648927 172.5 64.5 82.5 30.0
39.42211934206086 0.291437534924873 47.911929133614095 289.5696579829814 276.2461810588625 198.65914978621612 172.5 36.0 262.5 30.0
39.28742299935905 0.236618329009364 8.608361448325052 316.4518583121265 75.67100022177499 195.16000072100957 173.25 72.75 82.5 30.0
39.47178283518798 0.33707419847569 30.179695673803145 4.572053732393452 58.73768951924013 54.39021222930504 172.5 52.5 82.5 60.0
39.46325917659404 0.242616467220166 30.450999775851393 333.0889167334663 285.62034007593604 165.32434681264888 171.75 59.25 262.5 45.0
39.517241034906725 0.235900640315533 16.141197620917573 297.98806921456844 283.59355891510796 292.75965372980374 171.75 95.25 262.5 60.0
39.347579711983464 0.251751138116084 14.402315948249607 92.83708581459182 114.41568362567574 217.5878676808517 172.5 75.0 82.5 60.0
39.3940161127062 0.3599682195871 34.744639989661486 350.1420468032004 63.507317060292195 72.51990287266368 172.5 51.0 82.5 60.0
39.46085572234658 0.259141278165042 17.90495843430404 135.0647736497148 305.47698395804986 65.46195665910741 172.5 87.0 262.5 60.0
39.453794115525056 0.236126796693003 34.4541698485381 232.58002072977553 107.74011295783949 231.213425005829 172.5 60.0 82.5 45.0
39.415354127596274 0.217097767219427 27.317839958370957 345.9269310051025 101.07190164904853 295.1871481812412 172.5 60.0 82.5 45.0
39.2075270261138 0.23275187178556 34.427762686016464 7.052046654271726 80.99171073992932 173.3923952174964 171.75 122.25 82.5 45.0
39.352093288978985 0.290943246300454 26.598369413652332 7.602368279691521 278.2854932312007 129.76993600654492 173.25 80.25 262.5 45.0
39.25425870609239 0.263061437725259 23.790572131970436 292.2889411600942 248.03955003180658 210.52454837251256 171.75 99.75 262.5 45.0
39.45868181842114 0.299839043065284 21.067211762966345 117.69021236856541 299.51385300530035 176.3142412672371 172.5 60.0 262.5 60.0
39.50584428339475 0.278395064634644 19.45403447413404 142.3098556878346 265.98371629503686 67.37771590834994 172.5 79.5 262.5 60.0
39.39122439218613 0.357504501194482 45.30285722267389 301.67833846828 283.5534529231989 202.81395817356363 172.5 55.5 262.5 30.0
39.38729029747322 0.34862027305305 30.443787549510407 53.419008332854865 270.5655911732421 353.0677069334223 172.5 45.0 262.5 60.0
39.40732282239432 0.39698986079461 45.86315690933959 256.318421170569 299.50505806524905 319.6556808431551 173.25 48.75 262.5 60.0
39.37987677623873 0.220954002100758 31.00741027355987 15.500334914461963 267.90313065612673 255.49964416013796 172.5 60.0 262.5 45.0
39.239506744625004 0.254907784470698 29.728209766981855 148.68118378349885 97.79733545841262 271.4638330029162 172.5 120.0 82.5 30.0
39.32131978660064 0.267275837119009 25.648333303522094 323.97582311055464 257.31116636275544 212.71883107244872 172.5 90.0 262.5 30.0
39.39057978298547 0.385649927715658 34.09917868687127 19.38960831555493 233.4487255323727 176.3881908525633 172.5 63.0 262.5 75.0
39.37536424099502 0.331453723029635 51.361608778869815 105.70851421111024 69.38460647380236 98.856028973897 172.5 45.0 82.5 30.0
39.46882661082901 0.248759734265058 19.694722798559827 15.128615980317921 68.38404011119555 48.527820618582226 173.25 48.75 82.5 60.0
39.58537984508443 0.224250570641909 30.775469687702763 118.84980732333845 80.58954366090909 204.28218787479923 172.5 120.0 82.5 45.0
39.399421345454094 0.398905537426043 40.54034211214133 274.81723595978633 105.53085038070543 324.78507652877613 172.5 30.0 82.5 45.0
39.46535483996519 0.363727259404905 53.43640817545293 279.08726274560865 257.98313983841757 117.7218016804798 173.25 68.25 270.0 22.5
39.49952429524865 0.244392533844424 13.613167125911659 32.44756233847445 56.572612238685366 161.21913638194846 174.0 76.5 82.5 45.0
39.368363315440845 0.268798224941325 45.019152762452286 247.225971400676 96.48362234764325 115.31338195315105 172.5 39.0 82.5 30.0
39.23760164160126 0.229008825654596 28.876393807823113 347.47197568956364 90.40817513026967 177.4276046585424 172.5 105.0 82.5 30.0
39.30977829229034 0.405680211839902 57.457492406778385 116.62791048351426 274.8193250997349 324.34588730651785 171.75 71.25 262.5 45.0
39.41828218969145 0.28623927124148 16.799644176623946 58.38334515292236 287.7901896467132 92.68741616279038 173.25 75.75 262.5 60.0
39.38415453971417 0.365036244675611 28.63929686633212 334.8005263740055 97.1580928602419 175.05155954092874 171.75 47.25 82.5 75.0
39.422157309760884 0.38140742225371 44.6842456288701 215.68641118718688 77.32002423479587 2.422536240610352 171.75 72.75 82.5 60.0
39.30798994518175 0.357391241793112 48.273466132776115 247.09033460937258 279.5033794822586 350.1567736825416 172.5 60.0 262.5 30.0
39.411458318022916 0.254935558473153 44.46632140847662 144.81700394991304 257.2933104546293 330.1534109525979 174.0 67.5 262.5 45.0
39.440481677640456 0.293656433021344 18.38451471958461 102.53616730274112 302.5025010740694 304.52853777730587 172.5 45.0 262.5 60.0
39.4700251684232 0.241988988739089 36.14748967363436 91.976305332757 93.09405587220836 344.5404147351958 172.5 60.0 82.5 30.0
39.56322896231091 0.265034556886393 25.771068952502112 164.22706002249078 244.77165550595845 85.23320853169406 173.25 108.75 262.5 60.0
39.49605908996246 0.252322249727974 16.508414072193354 28.068873674407012 55.46257375195025 149.55846921258103 172.5 90.0 82.5 45.0
39.38118263904906 0.306758017180035 37.91069699782715 92.78174292503346 291.6655530502604 95.73823999100394 172.5 60.0 262.5 30.0
39.39674892829554 0.226200558801403 29.068256724530908 97.66130888783177 89.40076313024868 338.6293891263987 172.5 30.0 82.5 45.0
39.413529976030325 0.224511418905982 22.13606543407061 201.34557663496082 88.9950822042779 161.02994229414182 172.5 60.0 82.5 45.0
39.46268853018212 0.378013722106687 56.69973605163124 355.3632070767208 289.8805935842157 167.87443090728289 172.5 82.5 262.5 30.0
39.38641038185043 0.341654528835821 48.041615271479394 179.32349818103125 242.73622611337993 174.61749154204384 173.25 27.75 262.5 45.0
39.36575262404071 0.263103971670762 17.29449818920255 183.53434167147523 299.8367961815073 155.87358408871245 173.25 69.75 262.5 60.0
39.44421398358189 0.277058979121666 34.15868150189091 78.00291254929532 225.53719392172889 174.541251387355 171.75 111.75 262.5 60.0
39.5695807462946 0.298294725748353 38.432849131143435 110.7580557877001 267.2938918778844 342.3119297029149 171.75 96.75 262.5 45.0
39.4053377059264 0.310947189688292 24.67267699827601 344.12898992264064 306.1217084894398 38.148353118845215 173.25 59.25 262.5 75.0
39.31760259231841 0.285911642858499 46.737938016576656 44.30713409269783 306.9997660770614 100.91810516053677 172.5 75.0 262.5 60.0
39.492728017625275 0.332318200596659 21.675600104318587 320.6566781155547 250.42118860541277 210.32520217048568 172.5 75.0 262.5 75.0
39.28092302828311 0.269890374777191 20.3624281334703 168.11495663566905 119.86000288409457 10.481039711339244 172.5 90.0 82.5 45.0
39.53253703321667 0.255040639723434 27.772171590036525 294.72271297983895 267.94046808152524 229.1388553702768 172.5 105.0 262.5 15.0
39.35915658447219 0.315742826765916 29.654485009389347 295.614798549852 253.52194933339933 103.10263075645967 172.5 45.0 262.5 45.0
39.51952122421262 0.245369374220704 9.711186516752868 56.642585241296125 66.27518199760918 40.666897263955796 171.0 97.5 82.5 45.0
39.380091632497 0.249057506781829 28.693249616839225 46.9575604901766 64.52753457379934 153.11869611527172 171.75 32.25 82.5 45.0
39.302300417238904 0.287112127255284 23.40488951127965 110.19138861473377 129.03534985536223 308.4001683380645 172.5 100.5 82.5 75.0
39.36871031992844 0.453042757610271 55.13382434191441 171.25400917303287 77.9449636859042 50.63027235530733 173.25 41.25 82.5 45.0
39.4709985109706 0.303284678910638 39.04997851245097 191.1719181336071 276.0304518771919 164.75087448828967 172.5 75.0 262.5 30.0
39.550017513692055 0.285424058571374 32.279412041346596 102.2316067440844 235.0006305729167 3.347649982648352 172.5 79.5 262.5 45.0
39.395741628265185 0.246062581999412 37.581577884714804 282.4161313029107 267.40995695598605 73.83600000359444 172.5 75.0 262.5 30.0
39.46153980603571 0.3354985968543 33.18088379179988 356.49822739474575 72.18137822859657 66.88084244619033 172.5 69.0 82.5 45.0
39.47904702393513 0.295581524041771 37.0610381410583 294.04055463067886 79.8540886672112 87.5214553112406 172.5 60.0 82.5 15.0
39.51679104519277 0.286140132958529 31.010415085430303 19.331145536967306 260.60292561238964 55.58780041937904 172.5 99.0 262.5 30.0
39.546764314895604 0.246504242133825 24.943333138855408 158.2981123039502 306.7553334902276 20.941888434239 172.5 97.5 262.5 60.0
39.38467556262766 0.439093530341052 56.24832517984471 193.93616481448223 257.6359379128953 290.183903837348 172.5 43.5 262.5 45.0
39.45864430916112 0.2490547081876 22.17078662848443 140.94791497322583 292.0163381424131 51.89095665945495 172.5 45.0 262.5 45.0
39.35532792719182 0.187438775947773 32.508764980001814 318.1353503577345 285.1450114587591 169.5075396162387 171.0 48.0 262.5 60.0
39.34766114456948 0.295388869543758 43.00723135549198 183.50516866080736 286.15886257419197 29.343313140236237 172.5 45.0 262.5 30.0
39.54315658723408 0.284586527080137 32.231549089235 60.65927195260291 110.05579560914506 226.27052717777804 173.25 86.25 82.5 45.0
39.314552082428776 0.362269754966562 34.09576362291125 103.01446936793543 80.3732519042457 230.568401485757 172.5 76.5 82.5 75.0
39.485817938610865 0.279569868870779 29.328085173964464 277.71994259460484 260.5119123230492 254.83276986742 172.5 120.0 262.5 60.0
39.39371061598919 0.348225108156874 40.14545660260966 315.7303233632741 269.8636407674817 173.9986125241596 172.5 60.0 262.5 30.0
39.362690331350414 0.338058027935676 52.171342660991236 338.83470192486317 92.93928546494422 267.7922157596409 172.5 82.5 82.5 15.0
39.44135670575037 0.244560199252284 13.459250684632954 249.50539827492742 135.21908076573538 187.6815330872391 171.75 78.75 82.5 60.0
39.449477053191565 0.248501626359782 25.185578072104015 332.72517712527366 286.91387951697936 22.75559001773211 172.5 93.0 255.0 52.5
39.38471538663002 0.299011630022943 36.34214472404314 255.55500591363852 263.3703778492803 224.4654708187572 172.5 45.0 262.5 15.0
39.53469303811945 0.263581770848645 17.420610285017723 201.87997334089667 111.76206226082343 14.141170559580182 172.5 85.5 82.5 60.0
39.522909663245464 0.232950240195465 25.25568197796249 246.22968887932524 250.81442318114563 350.32188593941436 172.5 105.0 262.5 45.0
39.32857826467054 0.332437640353213 39.988539753017434 175.7031354250937 71.3585615668989 62.75646805178222 172.5 60.0 82.5 45.0
39.31836114074559 0.262897044020627 21.17017991598109 202.5742794480403 146.90437011007566 234.0801105462274 173.25 66.75 82.5 60.0
39.42120265043097 0.201583605614373 34.68175890050515 236.82181965838362 64.57664534645865 277.1865499396338 172.5 72.0 82.5 75.0
39.233143211871415 0.249149451759058 20.92351229540982 134.2725212747366 72.52929372197485 84.71816931695405 172.5 105.0 82.5 60.0
39.44169285250202 0.239260424771253 38.82654967327471 76.28215619041991 124.06559681454978 83.23742809579376 173.25 63.75 82.5 60.0
39.42120163521501 0.303251251633155 41.74374647421071 207.53932614801548 122.8970440534524 2.059838979501791 172.5 45.0 82.5 45.0
39.46490055360373 0.349278239670789 32.44664938247089 277.3739527909207 256.45527945460725 220.58593953914837 172.5 67.5 262.5 60.0
39.43896152480123 0.333306371618499 47.22861742223583 60.24410184793622 241.84147054720833 127.02219034392746 172.5 60.0 262.5 30.0
39.428970471383124 0.354933189761866 34.371919477940644 352.0186886961598 235.86986969546464 184.8067499090089 171.75 51.75 262.5 60.0
39.42754609822108 0.350225267020442 47.496831487179634 159.38839109943223 79.04470601540953 303.8404301646023 172.5 30.0 82.5 30.0
39.35448677770438 0.244695207022634 21.975615669005578 262.7984557236631 142.93093484702848 292.8273939822518 171.75 81.75 82.5 75.0
39.46783363072154 0.281472815036232 41.020114612331305 187.96101076858056 61.74992756633243 171.84316785175923 172.5 60.0 82.5 45.0
39.34346987577227 0.214494874769725 42.52873405099034 296.5958129236478 90.18563641562771 217.8548567970521 172.5 69.0 82.5 75.0
39.4462420297606 0.335520336059889 46.487232828585206 133.34538831589498 265.01900934329115 73.15013181448015 171.75 41.25 262.5 15.0
39.326880333035525 0.330533057441112 42.65986380630213 241.90364973824325 245.8505695048026 9.483504725001449 172.5 70.5 262.5 45.0
39.27991963929042 0.267568150263725 18.30229094683894 130.73625966926215 72.64501351281588 311.0839913088041 172.5 90.0 82.5 60.0
39.315512276990724 0.209459129927801 23.50257664077596 263.1979875769325 273.844534289139 251.33562953454776 172.5 111.0 262.5 45.0
39.351548646163394 0.273140279933304 27.82922087251296 264.65495371940483 89.95079643152343 195.81853642172123 172.5 105.0 82.5 30.0
39.34606873601386 0.310731987391443 24.137327768821528 249.8590016544832 120.97780884535254 324.53218944738444 171.75 54.75 82.5 60.0
39.22030088210446 0.256700753644224 36.917497662273334 8.491672308221492 97.22548175803844 139.95184445635627 171.75 110.25 82.5 30.0
39.40769700248759 0.263559696695558 49.54557183825857 190.61786292686767 75.68369302723936 162.88066448589072 171.75 36.75 82.5 45.0
39.58365813669699 0.215855890965608 27.13970745483532 237.4465797821248 263.2918482843136 14.454834100974564 173.25 113.25 262.5 45.0
39.198266357662014 0.239917129601303 23.854351528933098 275.3269459620575 79.95075348238649 110.63666926060837 172.5 120.0 82.5 30.0
39.4255763728945 0.211914204522281 21.641429052614743 332.98929654898694 101.42513063360322 35.51332382142478 172.5 60.0 82.5 60.0
39.44920846041081 0.271945495536482 28.73181575012222 111.40026217282728 64.64128436870294 213.88051004361859 172.5 60.0 82.5 45.0
39.35552303057392 0.377321577323661 41.440441797781936 53.5683400229936 82.96608972627205 252.13154175913655 172.5 48.0 82.5 45.0
39.52255238159454 0.242588518569668 19.618516701105825 286.05895389208627 67.73839579399714 320.4715850738947 172.5 105.0 82.5 45.0
39.51464633135785 0.219280795478331 26.457465980419453 166.0895011937695 121.51041996381488 43.719951626507815 172.5 88.5 82.5 60.0
39.37746892908483 0.214701476736232 20.755360366586157 174.497114297457 265.66523394746895 286.92120632129775 172.5 30.0 262.5 60.0
39.487085279138554 0.306056648016174 34.08093716389759 157.10886124518936 119.7775095757718 31.397582724410054 171.75 63.75 82.5 45.0
39.46040649728825 0.348431011511368 48.56711369037183 65.78760608827909 276.3188692375101 118.59575788815478 172.5 60.0 262.5 15.0
39.39260820196329 0.2288020946623 28.68043469423623 16.373088296060622 276.0874909779995 168.23084868565127 172.5 96.0 262.5 60.0
39.49779750060636 0.290047081046122 31.173227133013487 29.483915708523973 272.26065269758976 46.89811581446881 172.5 112.5 262.5 45.0
39.443100232164056 0.292786898567534 18.94933728155303 226.41180752582946 67.86985372656099 136.79535502037092 172.5 45.0 82.5 75.0
39.364064772564724 0.295849400242427 28.735845372536144 291.71518996833186 76.95933012979252 3.877499228835877 172.5 97.5 82.5 45.0
39.36129511251934 0.295094598050731 50.76680927013327 356.66725855463307 284.1752565442286 133.87844513182316 174.75 65.25 262.5 45.0
39.40820364784017 0.335035656247172 47.68504308789862 75.62403341037115 82.32174038611703 219.01006736017175 171.75 60.75 82.5 15.0
39.50375495784119 0.326729770758348 44.461634669075515 60.25774365420813 41.57012010142222 283.8879561738606 172.5 76.5 82.5 60.0
39.445951525640766 0.331667277173242 30.064512162066134 347.086506450629 120.98233704680516 275.27216457600537 171.75 56.25 82.5 60.0
39.401651539172335 0.237546857893047 28.635351704244066 1.318241223689706 276.87471027153526 177.17906046723664 171.75 96.75 262.5 45.0
39.50488966422207 0.321444496122993 29.00395850678895 186.9109643749192 78.08092458526733 180.3395178092019 173.25 105.75 82.5 60.0
39.471543848381536 0.395078790841404 43.93148696447776 359.9326497846391 75.77091027991285 160.6284215313517 172.5 63.0 82.5 60.0
39.496766521230654 0.353266272407494 47.60287578924367 163.0754885667161 114.9257833296734 159.79987971816263 172.5 75.0 82.5 45.0
39.456964093771916 0.278991541039669 32.83709244082612 211.84266936002717 288.0006842067198 336.3580657389135 173.25 107.25 262.5 45.0
39.42675065906763 0.291360748114272 19.509918483121 3.942045586638285 259.8749943416081 290.7658169982785 171.75 38.25 262.5 60.0
39.398804008110616 0.335014629888118 35.560173236598764 48.337169516336715 233.71565803615619 291.4298760261274 171.75 75.75 262.5 60.0
39.40117418617849 0.247928727946985 45.95733289951908 170.2217265371067 264.6108336405201 298.8417586409068 171.75 50.25 262.5 45.0
39.36587304675492 0.231698876207378 15.756909039579716 338.8900662946454 83.02267621152632 295.07585817576376 172.5 45.0 82.5 60.0
39.53517838450265 0.220720408974159 32.32068840159947 0.067859653759333 115.6338022993848 266.0811907398803 172.5 114.0 82.5 60.0
39.45156339067829 0.334329104605714 39.50257045551975 74.69446534617059 265.4700426294973 1.435817519662705 171.75 57.75 262.5 30.0
39.52148909703986 0.301266201546157 38.55231649445558 112.826335290797 87.99891190131066 302.99935571686683 174.0 111.0 82.5 45.0
39.3617920122357 0.317527470453856 31.433270221064785 64.63942884633842 315.5531885323583 193.032854340954 171.75 59.25 262.5 75.0
39.44056907584302 0.37385963741268 46.836741090166775 267.37575010356966 263.4450396210294 226.69626536213673 172.5 45.0 262.5 30.0
39.35733996733844 0.284534081595643 46.417536667247155 72.15555904027255 103.53555222769236 351.06393473910896 172.5 60.0 82.5 30.0
39.378341532619444 0.369920169189086 41.220888241663694 195.8650670738666 93.8526108157702 16.426009495873032 172.5 45.0 82.5 45.0
39.58658956124117 0.292183840228021 34.23723557491413 221.41497481519684 87.82383623402428 133.7499097321525 172.5 120.0 82.5 60.0
39.319930982965374 0.214624328365877 23.91230621015812 243.31397249661575 109.38974110854257 117.90577847130255 172.5 87.0 82.5 45.0
39.48250064840449 0.243466979878419 39.10348077888522 37.35236472734557 67.72719436939106 281.6109633142654 172.5 75.0 82.5 45.0
39.4478073884786 0.235015490621039 37.08513330468029 334.4575136550717 95.94045316429778 163.01969460174104 172.5 60.0 82.5 45.0
39.34112146162219 0.350130022505857 45.69822380093912 245.70241081307674 260.1293988157206 111.90435274998298 172.5 60.0 262.5 30.0
39.488106180667074 0.27373087739007 20.50606655678506 152.39330111151378 278.85430530622494 304.89387846787855 172.5 79.5 262.5 60.0
39.29233687343132 0.268563515844032 30.55786232065885 78.80681351551463 241.48859652746683 351.3528659966192 174.0 100.5 262.5 45.0
39.34252532506037 0.246794970165317 18.98330611399313 91.99262737327084 262.2410176432311 115.5876418894854 171.75 66.75 262.5 60.0
39.20910294290824 0.258741985726793 25.97198849000367 107.93630054650029 82.17288571474789 75.47440980029195 172.5 126.0 82.5 45.0
39.38500611418348 0.405313205022821 53.4234864594203 318.6360298016972 249.4441582753384 195.84798847737102 173.25 36.75 262.5 30.0
39.44069794436428 0.350825834973964 34.796387985816224 117.91048760577833 284.7285379624164 192.1597583172042 172.5 45.0 262.5 45.0
39.54090407700701 0.255314551404462 35.044841859783084 125.32074767659181 279.66375632619565 206.1089346169764 172.5 105.0 262.5 30.0
39.421924778207355 0.257075504360425 44.43962342192035 226.46628961864377 300.13462257784136 214.88657723189658 172.5 70.5 262.5 60.0
39.419206221232024 0.371250117535752 38.48066844379065 224.55790909349395 249.03660574983718 34.313273681150775 172.5 45.0 262.5 60.0
39.471240936861115 0.258262527241751 16.36652449075631 135.2784747202106 107.64135625467503 70.98316209045976 172.5 69.0 82.5 45.0
39.33072018676931 0.308783962880914 20.120500555264382 263.67949798015957 117.07262104012878 76.18756544057085 172.5 58.5 82.5 75.0
39.38111265195696 0.189699619262208 26.127498101854023 139.36487185476022 70.62139735458933 177.64547999592284 172.5 88.5 82.5 75.0
39.40171091649408 0.274782389558341 18.409777264101393 288.54464064951367 261.17585684590745 226.71510593167844 172.5 58.5 262.5 60.0
39.51539578617771 0.199573329215632 27.026169013157702 57.4928782476649 266.3036349491323 124.37811717901982 171.0 88.5 262.5 75.0
39.393140486756 0.256111213736349 46.63902788427287 285.82869514224825 265.42029205294773 221.82320370633278 172.5 54.0 262.5 45.0
39.2902515159835 0.344821103103236 34.77706185099474 346.87056008170885 238.58934963458262 76.46583065393634 172.5 81.0 262.5 60.0
39.44403189949234 0.260927720369914 22.376289334826264 281.94325185598217 86.39287596752327 66.19895845631841 172.5 105.0 82.5 30.0
39.266935465973496 0.231961500018821 11.29656074135462 253.36794214512742 280.4081530981036 92.66919640481993 172.5 90.0 262.5 45.0
39.440225407395644 0.184498812819108 32.295109268586344 118.7087215486009 262.6377758665278 201.8321670475953 171.0 61.5 262.5 75.0
39.368821183227446 0.321034349271336 31.34657269429833 74.67723188609989 78.6948032020495 12.506760907491273 171.75 68.25 82.5 45.0
39.44932928569742 0.276937916414794 18.939533870631262 330.6099765585837 260.60862436899356 313.705009464353 173.25 45.75 262.5 60.0
39.53094007392009 0.249252841596019 39.780163212645576 11.055545696517894 83.23757759578083 66.68031847456406 172.5 123.0 82.5 30.0
39.35752896433929 0.35673793856349 49.84114506407062 42.16803041715648 290.78685767552156 238.6592838329309 171.0 51.0 262.5 30.0
39.47387131707641 0.252775455308233 14.733644952177022 285.4782656243643 296.2796526903512 207.79327580614472 172.5 78.0 262.5 60.0
39.45810612412058 0.257408540566656 39.76240082199788 250.3701321041487 260.4394903816419 14.31939497801855 172.5 60.0 262.5 30.0
39.34975219715756 0.224103977185735 32.596760052088925 25.746626796997695 110.54317095973344 161.77649846215564 172.5 120.0 82.5 45.0
39.43287481034347 0.247611195278305 8.957953219431579 47.21811226175392 74.9108579598808 275.7978135756152 171.75 68.25 82.5 45.0
39.43000925067685 0.334869532420736 37.32271341827337 200.56363981710052 283.5511259545888 154.0480886921668 172.5 70.5 262.5 45.0
39.44511883363337 0.357317901934197 42.82111567713162 202.78131243516384 249.44236651574323 168.69193002733886 173.25 54.75 262.5 45.0
39.33020042520518 0.239551866551884 29.646879019855763 38.55465361658601 60.353854314488956 179.533214952482 173.25 105.75 82.5 60.0
39.32798117521703 0.281953539736839 13.603344660320918 348.1097967575792 49.73737076671297 320.8900861813903 172.5 75.0 82.5 60.0
39.24625138115766 0.278350559590465 35.84893799358422 351.3143584992312 282.8625108090569 153.32116010346905 172.5 105.0 262.5 30.0
39.51261907943588 0.264132913112834 29.12440244961077 133.79331163652967 231.66929842157091 351.0593142857503 172.5 81.0 262.5 60.0
39.27196013520746 0.225983663169349 17.249026333092722 341.7248659177391 76.35957600655102 63.96575433248486 172.5 88.5 82.5 45.0
39.429305492909776 0.239047851950885 34.45364534129089 156.3069929984386 83.90382962749405 185.74153951902977 172.5 33.0 82.5 45.0
39.47569676356371 0.248540597317677 31.209973294423694 141.90319907697247 258.0307974003426 293.86004925593153 172.5 85.5 262.5 30.0
39.355259598201165 0.285998371670189 35.69746565976324 74.24559655760675 105.6346142835782 110.10442591913309 172.5 60.0 82.5 30.0
39.40508357708076 0.318599278541519 32.49386719878325 340.17317196671127 138.99565388165382 7.070321245459876 172.5 57.0 82.5 75.0
39.54051120050502 0.257484043003747 30.953292046215733 10.812164307309853 255.19183880708863 282.41075557225275 174.0 94.5 262.5 30.0
39.342725963668116 0.271134070596508 28.963321614383787 150.77112718264746 39.32586984788621 221.0429520557295 172.5 61.5 82.5 75.0
39.3874113482963 0.319470907591922 34.05036588138256 231.02433784438202 261.18485370937975 5.656992457223989 172.5 45.0 262.5 30.0
39.48845559149511 0.287427769518426 35.95443434660792 243.00925357257188 229.51307208110813 41.64243857944198 172.5 76.5 262.5 60.0
39.46890832877988 0.256228033369608 21.076860418156073 46.796843409592306 119.63581947914399 96.69291892933151 171.0 84.0 82.5 75.0
39.480893783052636 0.313406305717273 25.626686319612887 151.04604828401546 116.46477009569173 161.81877633615494 171.0 46.5 82.5 45.0
39.500067429809285 0.337019447639673 48.026958758787494 119.6185165124614 59.31345870828361 338.60186294638686 172.5 84.0 82.5 60.0
39.437408542423874 0.278843200814414 28.88599935530357 174.22762348669272 222.78140563937342 68.05570814459969 171.75 62.25 262.5 75.0
39.49926744290333 0.328499608407664 37.6534854265217 345.57571967771133 77.3892001408132 73.09011768865601 172.5 76.5 82.5 45.0
39.31082214264457 0.248552969139845 30.34522735712919 29.337024620762776 102.86233730707667 130.3665366152625 172.5 60.0 82.5 30.0
39.49603652761836 0.301833301441214 41.34305140057643 86.78625271937261 113.5151659935347 211.90707885699365 172.5 75.0 75.0 37.5
39.580513336009574 0.262241922246258 21.269534256739124 88.14936686223362 272.38297735492154 83.34208523549145 172.5 120.0 262.5 45.0
39.29801583169278 0.227377914790669 19.43367894464299 187.4179090478625 135.08123925623173 350.3596186170422 172.5 85.5 82.5 60.0
39.51075607980695 0.257942846846777 36.21124488197438 310.94193076123156 82.9087163589821 325.7387471941377 172.5 112.5 82.5 30.0
39.261550017535285 0.260863549347768 21.26334399717227 286.67761321782154 127.63421811781211 176.40070997301584 172.5 90.0 82.5 60.0
39.513260222896875 0.250105710697745 31.639730268429787 211.26222738465097 252.81323717759372 63.311329076466365 172.5 120.0 255.0 37.5
39.36643657861879 0.233165502374468 30.80909789085816 144.37086920638436 61.075028128737586 202.76072326367958 172.5 45.0 82.5 60.0
39.30564430328254 0.236669380014628 8.71483304962866 161.12059678425683 298.4420951121369 255.76675329232484 172.5 90.0 262.5 45.0
39.50596239011448 0.271761330729666 20.043425113045096 205.94020735633018 304.8756364870899 236.828592591369 172.5 81.0 262.5 60.0
39.24037526364191 0.248969309294425 21.266418669673918 30.23499127553243 92.42043364236417 264.70305048632844 172.5 105.0 82.5 45.0
39.30894226048084 0.268715306459927 30.841630371111616 276.0506371648464 246.3464641685211 206.35988153978423 173.25 102.75 262.5 45.0
39.45437966326483 0.227602064703188 22.818564007379315 113.3367512724049 91.34186039052908 61.943780058855836 172.5 63.0 82.5 60.0
39.35671172917647 0.320872541019047 34.09413982060475 190.1624288441579 88.98029217918017 277.83143328703704 172.5 45.0 82.5 30.0
39.29704904037019 0.326962933740624 33.17408600204579 148.5939267794499 240.23924999994273 87.05885971237906 173.25 77.25 262.5 60.0
39.36248169495037 0.22183071774169 17.47242806668511 238.42944991459802 120.50680293343264 127.70930598519337 171.0 96.0 82.5 60.0
39.419589071369266 0.332667336096323 35.012120926403135 157.71309938888197 269.55014920764995 312.8207665141258 172.5 75.0 262.5 45.0
39.4279793825375 0.370962179253619 51.72346912854685 49.064031089531284 68.71559321767566 130.65352905564976 173.25 48.75 82.5 30.0
39.41892143275631 0.280548470281306 40.01230363494984 248.80109023585172 65.98021437759496 117.22955482573984 172.5 63.0 82.5 45.0
39.443971260108576 0.2523363921216 21.670413590684777 239.39765904416177 64.75039696922556 146.49552294545683 173.25 41.25 82.5 60.0
39.49759210484458 0.228889307381159 10.031924348658059 354.7626359752768 259.0203903227597 264.68134711194824 172.5 105.0 262.5 45.0
39.543986013164236 0.251343806242331 25.763122595727978 73.92958491193895 298.29072704226024 74.43124304393767 172.5 105.0 262.5 60.0
39.417141315867156 0.181122735362418 30.859439996478795 78.74583083391191 110.20844747160464 212.56925305640974 172.5 45.0 82.5 75.0
39.36445989934121 0.250088872658176 18.467772343723553 262.60110093279343 302.79072458623943 325.9265738498881 172.5 42.0 262.5 60.0
39.374468711033664 0.281684356839519 31.38258432871931 293.1296737103048 113.60361032037748 192.2954783012276 172.5 30.0 82.5 45.0
39.39863610414889 0.240145960470552 26.57622787319646 342.1819942226017 48.27790137806498 90.9705564861687 172.5 45.0 82.5 60.0
39.37661864373605 0.253704294563332 26.264559272787267 196.43427904963045 305.5437040057878 337.97621730542664 171.75 90.75 262.5 45.0
39.55128776422855 0.232570228277552 9.139272083960112 291.4295223947149 102.93707010804548 316.7396711968559 172.5 90.0 82.5 45.0
39.49832069510429 0.244674087555552 27.29408949190812 305.70507293717344 76.98662058260568 81.77359204995038 172.5 70.5 82.5 30.0
39.30578920203922 0.225765241244832 22.851046492525462 311.0593473163224 135.04174497074843 39.66038710916084 171.75 66.75 82.5 75.0
39.3773859618814 0.329511147986934 40.61760878684615 268.4836816472593 83.73812043461616 354.45736635082176 172.5 45.0 82.5 30.0
39.47212743314875 0.230620040446332 26.238963884626923 179.05113593122192 84.44546945197426 179.90093467468344 171.75 87.75 82.5 45.0
39.50841560913798 0.260377885091957 21.712941962605463 127.77272760414769 87.87081173519144 319.8979784671718 172.5 72.0 82.5 45.0
39.43901701485859 0.343126756458507 49.11849620720914 111.8027587469538 113.03218466362128 56.90074746165229 172.5 60.0 82.5 30.0
39.46861952796262 0.241957432209939 26.017089065029168 351.3587922320072 277.3390095242107 274.2589888522858 172.5 60.0 262.5 45.0
39.466685401950286 0.349331605513812 52.92729031884332 308.8402268154496 70.81020029788861 316.10420816610326 172.5 60.0 82.5 30.0
39.4378987912375 0.275900980421743 43.02005762759446 129.3292200312779 241.10876942396823 328.0541909503525 171.75 59.25 262.5 45.0
39.33539353836902 0.363433989283015 50.14924672472848 165.43239559702738 110.85950222739079 262.85389014110706 172.5 60.0 82.5 30.0
39.37038261166844 0.293382120621299 27.220505361096187 249.49234804744162 58.641587137934835 39.49948378892366 171.75 107.25 82.5 60.0
39.41621251084235 0.21890968603018 23.601554332867057 113.10333901185258 285.4457551979615 338.3901650448709 173.25 69.75 262.5 60.0
39.322734125802654 0.204211837665087 24.86001205376678 37.609445781794385 261.5952583114198 253.62339867319756 172.5 60.0 262.5 75.0
39.3286501041862 0.411301382231571 45.42904443390164 12.542955506416217 255.7698907750213 288.80143414777706 172.5 58.5 262.5 60.0
39.33797048028403 0.36877930020138 35.03166977491908 209.1490893571578 248.19938695753288 38.98665720050449 172.5 45.0 270.0 67.5
39.469656893429274 0.323388059105032 25.03263242158382 14.765619077495696 239.90258771288342 283.05404834550774 172.5 61.5 262.5 60.0
39.343070434352626 0.241236212762221 33.66303719845779 351.0162197614313 109.36105901878128 236.12549441814937 173.25 125.25 82.5 45.0
39.33573519962232 0.242455982176365 29.754600759915405 230.3779570772517 118.52492308516673 108.72661573567564 172.5 60.0 82.5 45.0
39.38168450390089 0.338810367273955 50.87524758778138 343.3707362201856 99.8780770573292 298.41422275487986 172.5 63.0 82.5 30.0
39.4138257883957 0.268018685043038 37.57458745170306 78.3859509836227 299.6414547634827 54.04437946702142 172.5 115.5 262.5 45.0
39.404003237474264 0.226772715533096 21.425823766260567 21.05666767544511 83.85453093259869 246.74847938004388 172.5 70.5 82.5 60.0
39.22932960486385 0.254557860054358 25.91460447839227 318.6272350829475 286.64376642715564 63.69515813823936 173.25 114.75 262.5 45.0
39.43505064966675 0.249325463528303 36.479148893527935 297.2455260686933 270.84497911820387 358.2240552719822 172.5 120.0 262.5 15.0
39.45506231557882 0.215362618370131 40.6121556960189 93.77767050333783 109.39578553089251 195.38153816171678 173.25 51.75 82.5 60.0
39.40608997660884 0.375473119311668 49.234391024401674 103.38515320524438 125.0332269164209 75.21352764486363 174.0 49.5 82.5 45.0
39.39186635020052 0.318912620134209 24.709495813096915 338.66981136283994 264.52646342927176 293.2852305433293 173.25 39.75 262.5 45.0
39.3559009469334 0.263025561818717 24.187765324541694 53.990759060152484 227.03505303703227 4.849155095013351 172.5 105.0 262.5 60.0
39.48733292427716 0.302288533504819 33.17247958127801 45.81629842496857 259.4644349631743 145.30763297979345 172.5 60.0 262.5 30.0
39.38259377754786 0.391023960015509 48.765453618892856 236.3240196883309 82.55555518340309 9.304441495338756 173.25 26.25 82.5 30.0
39.41239020483285 0.329705126201011 54.578115911026806 79.20461299419595 109.2164390489665 89.37633205997408 174.0 52.5 82.5 45.0
39.5000916749975 0.195405419977768 22.49609995457075 260.090032613536 280.6468226126913 341.38971195320954 172.5 99.0 262.5 75.0
39.47418502671261 0.321996381609143 30.729802734884927 271.180990495714 288.40775101837625 196.40444746360345 174.75 62.25 262.5 45.0
39.508674296112 0.23392528033116 24.164397704279192 88.75360497184596 294.5889337026923 321.12933064091015 173.25 92.25 262.5 75.0
39.45116221799348 0.250306161390255 14.0306603085681 323.54118811392635 116.3387329952701 57.59310764303803 171.75 57.75 82.5 90.0
39.47533912294075 0.276022514506069 16.7449256395108 145.18970311688872 143.36920737572297 162.5498830986175 171.75 87.75 82.5 60.0
39.427479202718004 0.325130765303016 20.025336521912124 355.582408248749 266.7322940424127 53.364410149492045 172.5 51.0 262.5 60.0
39.566510143911216 0.231740735076414 15.147051126582904 193.2255536812132 247.7059082697187 275.9555577484765 172.5 105.0 262.5 60.0
39.46437005502833 0.319963377101821 40.65980371093299 84.55624260559897 240.79204274065194 118.57565139207065 172.5 60.0 262.5 45.0
39.49976643860393 0.267452772865802 23.44084965948364 75.7131135919747 82.21745846095769 120.76323810790828 172.5 88.5 82.5 45.0
39.24991794726584 0.223672048034223 33.563515866255436 159.23686907999485 90.27804376742571 156.3539207533996 173.25 98.25 82.5 45.0
39.31543267231271 0.31672971136643 33.43989025187516 242.60062727538275 108.66448969999082 113.69510705753187 172.5 81.0 82.5 45.0
39.40183358958633 0.381902403121496 54.77341190426827 184.8235762578387 290.5346141784797 135.2892222079441 172.5 45.0 262.5 30.0
39.360602039488896 0.241526038302105 36.93571581382908 203.14701014529052 82.95424850371576 291.61353263151153 172.5 112.5 82.5 45.0
39.436011388051654 0.290411713231094 21.511903631527815 231.63823676065908 49.56009121034572 295.3647008804661 171.75 81.75 82.5 75.0
39.38254523756825 0.41551214299075 54.36598939101549 138.0679962147568 78.07780676215992 82.30243091173263 172.5 43.5 82.5 30.0
39.31643843872542 0.254698832708555 22.41358527439058 37.989220809404486 54.968495733206666 254.5062711124081 172.5 105.0 82.5 45.0
39.20087766897578 0.243847306967182 19.115151066450967 358.45128789804727 242.86263402700018 173.05154408491163 171.75 113.25 262.5 45.0
39.54773168712644 0.211961589163746 23.410479626456922 179.5541827319303 74.50280955278582 41.70566721740087 172.5 102.0 82.5 60.0
39.41592115024491 0.328917894843409 38.32639047763628 269.2101971498137 66.40373724748306 220.2488162245972 172.5 75.0 82.5 45.0
39.53579865765215 0.257021493613866 27.372489638384348 125.94986402101614 277.00807718263184 72.07823783913905 174.0 87.0 262.5 30.0
39.35347942264338 0.347159528481991 49.91407600654888 1.15616724948248 276.19680982483646 157.78573986247685 172.5 45.0 262.5 15.0
39.45890288009716 0.272309666105224 20.130694120289288 260.12530469291545 55.536263197987374 118.21292282705846 171.75 74.25 82.5 75.0
39.41886504277213 0.289343077969038 44.232357174193766 330.4860995191576 233.2328029594024 330.35167357740016 172.5 63.0 262.5 60.0
39.46866276853376 0.246887568935373 26.02800973102575 333.3934783912186 75.75793299044513 158.2450709659207 172.5 105.0 82.5 30.0
39.404931073684665 0.348067850088617 47.54100837466852 52.97909491961358 265.6531844627414 255.07472535065313 172.5 30.0 262.5 15.0
39.3811190337797 0.273263991688463 30.802970292673745 132.2663014797912 320.45110758250144 159.48122679583165 172.5 39.0 262.5 60.0
39.31728257377532 0.293518827400502 35.046372008466825 355.8109664868363 91.50499604146502 287.03798875949786 172.5 75.0 82.5 15.0
39.47826369931483 0.260464743554497 30.573012084614682 104.12242642322933 323.8984598721282 291.19539043224273 172.5 52.5 262.5 75.0
39.3796163466591 0.409364931362281 56.88235554734576 46.078311577328755 100.8868096693544 112.92750062563822 173.25 56.25 82.5 30.0
39.398326371021135 0.2623514849448 15.030747353678061 282.248717475719 251.2693711452436 244.62399619539391 173.25 78.75 262.5 60.0
39.460730916728785 0.245717589210278 31.53474174908458 328.3450243413763 230.96330318599612 205.1024672418132 172.5 64.5 262.5 60.0
39.323717400673786 0.263552186325564 14.533407382405962 42.938319743618635 253.68105273331298 124.61524733514209 172.5 72.0 262.5 45.0
39.444265791020094 0.291528333415451 30.438446126471806 209.36298704076583 250.22551575271507 32.426185322746086 172.5 45.0 262.5 45.0
39.490020247403365 0.317846859657989 41.79899972201597 88.16879155856992 100.36004853960235 102.46989809248058 172.5 75.0 82.5 30.0
39.53495304359628 0.242031979085511 25.247426905555493 3.356020874417679 115.11270464290851 14.450116659623351 172.5 93.0 82.5 60.0
39.3667361129781 0.340530600690234 47.877695441935316 142.68883954806583 315.45868157076126 274.74921676138877 170.25 48.75 262.5 60.0
39.3733775343671 0.268624287826917 33.969137694987054 56.08045698665965 323.20549974218 197.01496918580722 173.25 39.75 262.5 75.0
39.42393401161309 0.308312504835677 44.56081701881393 93.6827829368193 72.09624963974359 120.2485840003548 172.5 45.0 82.5 30.0
39.45967900790704 0.310172788917688 28.08949160262098 39.0673977520941 225.52078208412541 261.5628052654357 173.25 107.25 262.5 60.0
39.497426200456374 0.242682688043987 22.829655764723462 116.42612658835273 291.63666699981684 185.61899660328274 172.5 81.0 262.5 60.0
39.34350629776933 0.287725701565129 42.77850373452087 61.47522270537021 291.25144519933735 236.72138559180678 173.25 74.25 262.5 45.0
39.45104426977266 0.247875132675842 26.15302874566042 49.9764860692354 282.6079768986148 15.531302989901574 173.25 87.75 262.5 45.0
39.49958026935766 0.269325132631124 26.786651218970956 224.96494761643748 57.08826196089311 33.6210570209211 171.75 93.75 82.5 60.0
39.40324200343153 0.230138627013719 14.526269959498695 207.83244139955178 75.91128167145015 25.324584922314763 172.5 30.0 82.5 60.0
39.35973665730516 0.252621756024009 37.23258605789657 358.8858160499389 309.51102519211224 255.82180038360647 171.75 50.25 262.5 60.0
39.43512605642619 0.222729977264409 29.655111241349523 224.23510606921167 261.6939606696291 16.33530123887377 172.5 30.0 262.5 45.0
39.383971114465446 0.281946547437767 32.789726094821276 156.3640445236725 135.5096513106053 264.80487717522203 172.5 30.0 82.5 60.0
39.44622487759949 0.189198879874904 33.91584891899364 311.253311239161 82.60375431611574 208.36613691035186 172.5 66.0 82.5 75.0
