a q p i_deg W_deg
30.0 -0.0205832131884782 0.02303501203545833 1.7702301850228332 131.7827656078314
30.04001333777926 -0.020583225784320154 0.02303501305612492 1.7702307097474292 131.78278176701892
30.08002667555852 -0.02058323198482652 0.023035013544929504 1.7702309674688057 131.78278973848668
30.12004001333778 -0.020583239364813613 0.023035014093701008 1.7702312728036216 131.7827992671114
30.16005335111704 -0.020583255900392762 0.02303501529891209 1.7702319558946997 131.7828206470212
30.2000666888963 -0.020583292517820817 0.023035017948591294 1.7702334677541076 131.78286801572938
30.240080026675557 -0.020583363059494854 0.023035023002265488 1.770236378108787 131.78295933177117
30.280093364454817 -0.0205834824640826 0.023035031430750946 1.7702412990464387 131.78311405550065
30.320106702234078 -0.020583664773567573 0.023035044046612115 1.7702488016531785 131.78335060193075
30.36012004001334 -0.020583922027793883 0.02303506140865071 1.770259369714281 131.78368492948934
30.4001333777926 -0.020584264238740095 0.02303508381081039 1.7702733982633523 131.7841305177706
30.440146715571856 -0.0205847000180895 0.023035111316126497 1.7702912190096098 131.7846991931602
30.480160053351117 -0.020585237319938752 0.023035143789955463 1.7703131301327668 131.78540211456266
30.520173391130378 -0.020585883976297882 0.023035180906436914 1.7703394170206972 131.78625050557162
30.560186728909635 -0.020586647947217145 0.02303522212180747 1.7703703606918355 131.78725603286216
30.600200066688895 -0.020587537345427235 0.023035266619445903 1.770406236398165 131.78843090761856
30.640213404468156 -0.020588560321467934 0.02303531323005419 1.7704473058379389 131.7897878247279
30.680226742247417 -0.020589724883087433 0.02303536032952203 1.7704938059049602 131.79133983867126
30.720240080026677 -0.02059103868709778 0.02303540571110283 1.7705459352886619 131.79310023313215
30.760253417805934 -0.020592508825844277 0.023035446425267635 1.7706038394877726 131.7950824232116
30.800266755585195 -0.020594141599789024 0.023035478574614493 1.770667593373423 131.7972998941567
30.840280093364456 -0.02059594226843195 0.0230354970464759 1.770737180262953 131.79976618737984
30.880293431143713 -0.020597914724980848 0.023035495144378127 1.7708124637589944 131.80249490642393
30.920306768922973 -0.020600061236723304 0.023035464155040826 1.7708931593459907 131.8054998938822
30.960320106702234 -0.020602381806051815 0.023035392623981625 1.7709787790427693 131.8087952448058
31.000333444481495 -0.020604873445681605 0.023035265406777652 1.7710685631925402 131.81239547989043
31.040346782260755 -0.020607529343314057 0.023035062395203493 1.7711613941413922 131.8163159692083
31.080360120040012 -0.020610337246536173 0.023034756479866778 1.7712556475035113 131.82057322441136
31.120373457819273 -0.020613277245700397 0.02303431057410229 1.7713489803216074 131.82518552316088
31.160386795598534 -0.02061631826577865 0.023033672964603718 1.7714379984158455 131.830173824114
31.20040013337779 -0.02061941240341767 0.023032769822499247 1.7715177200929613 131.83556322522253
31.24041347115705 -0.0206224854045209 0.023031492627841307 1.7715806750877199 131.8413853964353
31.280426808936312 -0.02062541984034219 0.023029675969597353 1.7716153133601444 131.84768285871814
31.320440146715573 -0.020628023518616173 0.02302705588099809 1.771603018205334 131.85451700173624
31.360453484494833 -0.020629965454256508 0.023023185406170987 1.7715120527686277 131.8619843255553
31.40046682227409 -0.020630632549517157 0.02301724562921491 1.7712840111366768 131.87025280768273
31.44048016005335 -0.020628762702520162 0.0230075619409591 1.7707991349419108 131.87965510080568
31.48049349783261 -0.020621304615444126 0.022990100764608473 1.7697685294613044 131.89097871838942
31.52050683561187 -0.020598573321411025 0.022952082448551004 1.7672762168177587 131.90670326427372
31.56052017339113 -0.02050508236065236 0.022820341245248475 1.7580767432537971 131.94109155046286
31.60053351117039 -0.021734935207890195 0.024432893297052803 1.8739794007760298 131.65554974607724
31.64054684894965 -0.020846440104274243 0.02325210013472504 1.789565978006241 131.87750020501068
31.68056018672891 -0.020791729864495744 0.023170129380578434 1.7839739746602197 131.9032353292305
31.72057352450817 -0.02077795098023688 0.023141648537892308 1.782231403513559 131.9193852691231
31.76058686228743 -0.020775881154517617 0.023128118819843082 1.7815750963654535 131.9332052257682
31.80060020006669 -0.020778992394635203 0.023120922134881587 1.7813874282126234 131.94633536322408
31.840613537845947 -0.020785010164586233 0.023117048123749588 1.7814528863882455 131.95935729938188
31.880626875625207 -0.020792940609709345 0.023115174747262227 1.7816770249496432 131.97253315468362
31.920640213404468 -0.02080228551386204 0.023114633245633155 1.782012247194018 131.9860012910077
31.96065355118373 -0.020812771891627637 0.023115051606535528 1.7824322411274522 131.99984386311965
32.00066688896299 -0.020824241407253054 0.023116208752108368 1.782921524607041 132.01411448729263
32.040680226742246 -0.020836599311513153 0.023117967194720597 1.783470617112175 132.02885103983542
32.08069356452151 -0.020849788617833775 0.023120238967364645 1.7840735975041688 132.04408214464453
32.12070690230077 -0.020863776088246987 0.02312296712278822 1.7847267781825427 132.0598307064113
32.160720240080025 -0.020878544190973698 0.023126115103943648 1.7854279437030236 132.07611594992613
32.20073357785929 -0.020894086273989095 0.023129660352450867 1.786175893339046 132.09295465532415
32.240746915638546 -0.02091040356402942 0.023133590321536317 1.786970156120581 132.11036193764969
32.2807602534178 -0.020927503249399564 0.02313789991541164 1.7878108082281325 132.12835175672595
32.32077359119707 -0.020945397232180713 0.02314258980846544 1.7886983535545817 132.14693726140044
32.360786928976324 -0.020964101308965664 0.02314766532638861 1.7896336446507786 132.16613102879998
32.40080026675558 -0.020983634423976605 0.02315313559895331 1.7906178180096066 132.1859450699727
32.440813604534846 -0.021004019168333637 0.023159013457272146 1.791652308950926 132.20639161328467
32.4808269423141 -0.021025280544418545 0.023165314635497612 1.7927387701964062 132.22748238584438
32.52084028009337 -0.021047445813972634 0.023172057549845967 1.7938790566633263 132.24922865952402
32.560853617872624 -0.021070545579902924 0.023179263732189537 1.795075285596735 132.27164216120087
32.60086695565188 -0.02109461295372793 0.023186957401620446 1.7963297863707333 132.2947344454711
32.640880293431145 -0.021119683862287006 0.023195165612547503 1.7976451186511357 132.31851710178222
32.6808936312104 -0.021145797184946198 0.023203918354610636 1.7990240819904082 132.3430017882862
32.72090696898967 -0.021172994934615746 0.023213248701559122 1.8004697291949547 132.36820026190057
32.760920306768924 -0.02120132248170787 0.023223193006731896 1.8019853833313288 132.39412440578633
32.80093364454818 -0.021230828818616168 0.023233791144514987 1.8035746582517902 132.4207862512002
32.840946982327445 -0.021261566886741926 0.023245086801415477 1.8052414836453887 132.44819801823948
32.8809603201067 -0.021293593763916426 0.0232571278003281 1.8069901260976406 132.47637192382143
32.92097365788596 -0.021326971721611618 0.023269966555045558 1.8088252493306454 132.50532099037386
32.96098699566522 -0.02136176776755155 0.02328366043980783 1.8107519122434133 132.5350579211771
33.00100033344448 -0.021398054980849422 0.02329827238636675 1.812775645963329 132.56559609204425
33.04101367122374 -0.02143591223832438 0.02331387138593524 1.8149024645706948 132.596948498928
33.081027009003 -0.021475426401307916 0.023330533472528406 1.8171389915510479 132.62912938957493
33.12104034678226 -0.021516691513194727 0.023348342040120776 1.819492442225471 132.66215271291267
33.16105368456152 -0.021559810641004366 0.023367389080141535 1.8219707475800921 132.69603295388782
33.20106702234078 -0.02160489782614644 0.023387776692175677 1.8245826939537872 132.7307857528039
33.24108036012004 -0.021652076723651877 0.023409617034624533 1.8273378682662833 132.76642603095254
33.2810936978993 -0.021701484839982108 0.023433035090303558 1.8302469395065721 132.80297006930962
33.32110703567856 -0.021753273297488745 0.02345816936896176 1.833321679410456 132.84043416320063
33.36112037345782 -0.02180761194175927 0.023485175479911406 1.836575311973367 132.87883678500293
33.40113371123708 -0.021864686062605297 0.023514225454554935 1.8400223574832675 132.9181948724813
33.44114704901634 -0.02192470480858793 0.0235455134190508 1.8436791993209378 132.9585276984993
33.4811603867956 -0.021987901657335412 0.023579257310058253 1.8475641748400813 132.9998550761877
33.52117372457486 -0.022054538891045528 0.023615702980421687 1.8516979228939556 133.04219785118235
33.561187062354115 -0.022124912273827124 0.023655128754530807 1.8561037582188369 133.08557803469097
33.60120040013338 -0.022199356675109524 0.02369785090649336 1.8608081215918217 133.1300189601339
33.641213737912636 -0.022278252870131264 0.023744230286462456 1.8658411242661732 133.17554546866918
33.68122707569189 -0.022362035815358852 0.023794680385666792 1.8712372105415493 133.22218413032462
33.72124041347116 -0.02245120478609654 0.023849677217916032 1.8770359694886731 133.26996350930693
33.761253751250415 -0.022546335884318015 0.023909771513171616 1.8832831365224487 133.3189144845012
33.80126708902968 -0.022648095470260726 0.023975602415512772 1.89003169427955 133.36906970954865
33.841280426808936 -0.02275727025372805 0.024047923812569875 1.8973441560451627 133.4204687403298
33.88129376458819 -0.022874770757166533 0.024127613739184185 1.9052930959981222 133.47314932694616
33.92130710236746 -0.023001683996512194 0.02421571972628575 1.9139651155086306 133.52715744887752
33.961320440146714 -0.023139303517429995 0.024313491110161456 1.9234633753761385 133.5825435916517
34.00133377792598 -0.023289184550631815 0.024422432225615704 1.9339119882892277 133.6393648528126
34.041347115705236 -0.023453214105010743 0.024544370774758732 1.94546163325803 133.69768645120652
34.08136045348449 -0.023633704881251813 0.024681549433401024 1.9582970783086067 133.75758368590715
34.12137379126376 -0.02383352300650541 0.024836750452944867 1.972647412743726 133.81914450711318
34.161387129043014 -0.02405626480589639 0.0250134680873299 1.9888002074778022 133.88247296072217
34.20140046682227 -0.024306499454528736 0.025216146158934756 2.0071209898906477 133.9476923938892
34.241413804601535 -0.024590159004508096 0.025450554319524133 2.028084314509428 134.01495882150394
34.28142714238079 -0.0249150023256567 0.025724249336631595 2.052311295928689 134.08445542996952
34.32144048016005 -0.02529148499342737 0.02604741409711358 2.0806389046836613 134.1564209911938
34.361453817939314 -0.025733971837068447 0.026434046174055904 2.1142173609598975 134.23115926543431
34.40146715571857 -0.02626275586728488 0.026903927547788364 2.1546719210299776 134.30906635305078
34.441480493497835 -0.02690757889632195 0.027486052637577807 2.2043847404197665 134.39068502091425
34.48149383127709 -0.02771360464703406 0.028224466414640277 2.2669740589448417 134.47675332875943
34.52150716905635 -0.028753226933267564 0.029189773606755787 2.348240266750184 134.56833770285553
34.56152050683561 -0.030150023155971976 0.03050251131329633 2.4580864562885623 134.66702370226875
34.60153384461487 -0.03213377511170039 0.032386823243053496 2.6149304306214467 134.77528857493482
34.641547182394135 -0.035185693771370756 0.03531213405455114 2.8573543484562256 134.89723815552685
34.68156052017339 -0.04051286735744719 0.04045598854921055 3.282186827739337 135.04024899553215
34.72157385795265 -0.052240395307235836 0.051842587018318786 4.220689365739562 135.2189851262637
34.76158719573191 -0.09973168439123321 0.0981172093626482 8.042346278931436 135.46753130840904
34.80160053351117 0.12695705844490046 -0.12308404186441896 10.184993827446739 315.8874131463043
34.84161387129043 0.016795105436379777 -0.01567369317131952 1.3163486656827843 316.97810397796144
34.88162720906969 0.0005084039716582341 0.00015602551428176362 0.03047029127806215 17.06087253939998
34.92164054684895 -0.006068388168639692 0.006512100044834706 0.5100124995258694 132.980024019535
34.961653884628205 -0.009637844736213071 0.009933167949612775 0.7930201795364079 134.13548216109348
35.00166722240747 -0.011888173305835378 0.01206612446675992 0.9705632255373455 134.57437020175516
35.04168056018673 -0.013443406609074723 0.01351971592298776 1.0924608297672564 134.83784556309038
35.08169389796599 -0.014587800391527562 0.014571220425200114 1.1814393100357796 135.0325786657455
35.12170723574525 -0.015469386611975399 0.015365022983031825 1.249338647726831 135.19392531649095
35.161720573524505 -0.01617283044423303 0.01598369241593462 1.3029317285187063 135.33699805940972
35.20173391130377 -0.01675014527993941 0.01647793661887972 1.346379371356593 135.46936379266896
35.241747249083026 -0.017234915335161985 0.01688049440448484 1.382368396714857 135.5952176197546
35.28176058686229 -0.017649912499233793 0.01721354895735181 1.412720216276736 135.7170970057083
35.32177392464155 -0.018011076585203175 0.017492619245819727 1.4387095921921162 135.83662575031158
35.361787262420805 -0.018329909920348594 0.017728894282373068 1.4612561562347386 135.95489775398008
35.40180060020007 -0.018614923265947894 0.017930643750382967 1.4810401088480334 136.07268133047484
35.441813937979326 -0.018872551313423615 0.01810411091235405 1.498575470210372 136.19053620381223
35.48182727575858 -0.019107743835976528 0.018254091480345506 1.514257473384468 136.30888025849674
35.52184061353785 -0.01932440568093838 0.018384352207135586 1.5283973569026026 136.4280487091644
35.561853951317104 -0.01952560058972251 0.018497850831730438 1.541239510543522 136.54829157368124
35.60186728909636 -0.01971382138089109 0.018596978441188836 1.5529822624933085 136.6698233649509
35.641880626875626 -0.019891093773470366 0.018683671289067193 1.563786605727281 136.79282058294567
35.68189396465488 -0.020059086901638667 0.018759516437644473 1.5737849586425685 136.9174338426781
35.72190730243415 -0.020219189926269168 0.018825826440225703 1.5830872958437883 137.04379434329903
35.761920640213404 -0.020372569788669415 0.018883695618402713 1.5917857693909 137.1720185899895
35.80193397799266 -0.020520210377363658 0.018934040886577137 1.5999579466048908 137.30220824243287
35.841947315771925 -0.02066296640343227 0.01897764360692674 1.6076707074209526 137.43446725073832
35.88196065355118 -0.020801564347407472 0.019015163656267074 1.6149808335440996 137.5688857868795
35.92197399133045 -0.020936625869076363 0.01904716238316596 1.6219368859647592 137.70554171527542
35.961987329109704 -0.021068706507684 0.019074126793490898 1.6285817791719608 137.84452001446584
36.00200066688896 -0.021198290770567372 0.01909647541739893 1.6349528027220372 137.98589921224246
36.042014004668225 -0.021325807636374042 0.019114570670475586 1.6410827567221236 138.12975579751546
36.08202734244748 -0.021451639429075596 0.019128727412584638 1.6470006601351663 138.2761648689938
36.12204068022674 -0.02157612905330202 0.01913921994771363 1.6527323295381027 138.4252006130719
36.162054018006 -0.021699586072977596 0.019146287816202808 1.658300862372818 138.57693679308863
36.20206735578526 -0.021822287603286576 0.019150140039373577 1.6637268382908525 138.73144255769836
36.24208069356452 -0.021944503015332743 0.019150961814937275 1.6690296391367045 138.88880543084124
36.28209403134378 -0.022066456491310213 0.019148912459694124 1.6742257605004343 139.0490862394786
36.32210736912304 -0.022188371024993107 0.019144133625423988 1.679331020702297 139.2123646957381
36.3621207069023 -0.022310450494547357 0.019136748974883624 1.684359778986457 139.37871693596725
36.40213404468156 -0.0224328859787556 0.019126866737561823 1.6893253072218803 139.54822025908695
36.44214738246082 -0.022555857624670002 0.019114581423249954 1.6942399382392765 139.72095325269976
36.48216072024008 -0.022679536346026086 0.019099975286301578 1.6991151976620174 139.89699600329203
36.52217405801934 -0.022804085253260865 0.019083119575829414 1.7039619162526727 140.07643022173568
36.5621873957986 -0.022929660930427385 0.019064075607890328 1.7087903291550386 140.25933938452184
36.60220073357786 -0.023056409948560484 0.019042896680870277 1.7136099955839357 140.44580176269523
36.64221407135712 -0.023184492675892707 0.019019624513160357 1.7184307250742632 140.63592480230096
36.68222740913638 -0.023314039426078022 0.01899429675729591 1.7232609186542218 140.82978052639413
36.72224074691564 -0.023445194630873578 0.018966943865376177 1.7281094100377616 141.0274640648613
36.762254084694895 -0.02357809733694769 0.01893758832836811 1.732984582062624 141.22907089734713
36.80226742247416 -0.023712885061063844 0.018906247231870968 1.7378946349501627 141.43469769853817
36.842280760253416 -0.023849694767780996 0.018872931989220004 1.7428476255129397 141.6444437899619
36.88229409803267 -0.02398866344793707 0.018837648652105243 1.747851510031329 141.85841122120695
36.92230743581194 -0.024129928693428702 0.018800398167659993 1.7529141854480224 142.07670489059214
36.962320773591195 -0.024273629243517475 0.01876117659133371 1.758043528151088 142.29943266175488
37.00233411137046 -0.0244199055122235 0.018719975259477013 1.7632474309539163 142.5267054812343
37.042347449149716 -0.024568894800518534 0.018676782141250715 1.7685336389305388 142.75862974344201
37.08236078692897 -0.024720758324971955 0.01863157584381586 1.7739107828711334 142.9953462212812
37.12237412470824 -0.024875628647026624 0.018584337912025743 1.7793864154805223 143.23695248670677
37.162387462487494 -0.02503366329495363 0.018535040602492312 1.7849690435188623 143.48358084554835
37.20240080026676 -0.025195018640142723 0.0184836530639066 1.7906671599563089 143.73535943080728
37.242414138046016 -0.02535985581495541 0.018430140070121934 1.796489480834729 143.99242025127865
37.28242747582527 -0.02552834119729286 0.018374461993735214 1.8024449780170326 144.25489925447215
37.32244081360454 -0.025700646965423728 0.018316574741227335 1.8085429147596526 144.52293647014662
37.362454151383794 -0.025876951665665775 0.018256429665283364 1.814792882094874 144.79667614376982
37.40246748916305 -0.026057440805158004 0.01819397345219779 1.821204836607938 145.07626687179146
37.442480826942315 -0.02624230747399687 0.018129147984039008 1.8277891398986057 145.3618617385906
37.48249416472157 -0.026431753001221026 0.01806189017497891 1.8345566000282933 145.65361845491236
37.52250750250083 -0.026625980350502648 0.01799213414212268 1.8415182443724087 145.95168872307485
37.562520840280094 -0.026825223970724513 0.017919801609340896 1.8486864459146335 146.2562613812375
37.60253417805935 -0.027029714505283107 0.01784481313164913 1.856073636547363 146.56750914383994
37.642547515838615 -0.027239678849339526 0.017767088468983262 1.8636923248156665 146.88558786924347
37.68256085361787 -0.027455378205691494 0.01768653385959826 1.8715565372257776 147.21069125959946
37.72257419139713 -0.027677079686662838 0.017603051371174096 1.8796807860983076 147.54300778502986
37.76258752917639 -0.027905064599884948 0.017516536136460127 1.8880804043280355 147.88273147746412
37.80260086695565 -0.02813962961528501 0.017426875915963327 1.8967716175440508 148.23006211487711
37.842614204734915 -0.028381087994282742 0.017333950626503745 1.905771621003099 148.5852053545745
37.88262754251417 -0.02862977092445773 0.017237631820603685 1.9150986631165523 148.94837286233064
37.92264088029343 -0.028886028971641386 0.0171377821119765 1.9247721363761896 149.31978243626176
37.96265421807269 -0.02915023366282564 0.017034254541730215 1.934812676534688 149.69965812417627
38.00266755585195 -0.029422779214927523 0.016926891879164435 1.9452422710006854 150.08823033298378
38.042680893631214 -0.02970408442634588 0.016815525850200012 1.9560843775279628 150.48573592857696
38.08269423141047 -0.029994583223239973 0.016699980654767542 1.9673635988768239 150.8924025947053
38.12270756918973 -0.03029477281793726 0.016580054666050684 1.9791076359394602 151.3085116646595
38.162720906968985 -0.030605159813013462 0.01645554061137357 1.991345232102779 151.73432047629325
38.20273424474825 -0.03092626031680461 0.016326225736583044 2.004106210943854 152.17006028969467
38.24274758252751 -0.03125866342779921 0.01619186730795124 2.0174240880777665 152.61601729032216
38.28276092030677 -0.031603275553670304 0.016052096557138087 2.031346206452329 153.07284221581534
38.32277425808603 -0.03195989337494993 0.015906976730960802 2.04587534944837 153.53969729822649
38.362787595865285 -0.03233009320871194 0.015755873058851788 2.0610881892883626 154.0179942536344
38.40280093364455 -0.03271435041607735 0.015598579079675932 2.0770173919560206 154.50765613857413
38.442814271423806 -0.03311348715940114 0.015434750320002496 2.093711035609649 155.00898624177822
38.48282760920307 -0.033528389636869944 0.015264014681236109 2.1112211553211195 155.5222941028726
38.52284094698233 -0.03396001445494754 0.015085969733378514 2.1296041469699634 156.04789519929142
38.562854284761585 -0.034409396152208144 0.014900179521397404 2.14892123648535 156.58611101900584
38.60286762254084 -0.03487765490588486 0.014706171282355128 2.169238975467041 157.13726819629625
38.642880960320106 -0.03536600613018732 0.01450343136722131 2.1906298389288836 157.70169861003214
38.68289429809937 -0.03587577027238306 0.014291401058746923 2.213172855120763 158.2797382408182
38.72290763587863 -0.03640836260908789 0.014069480542268333 2.236953358177261 158.87170274051434
38.762920973657884 -0.03696541951192908 0.013836977059048329 2.2620689170279022 159.47800968927598
38.80293431143714 -0.03754858710482357 0.013593191029006697 2.2886200925854956 160.09893116657165
38.842947649216406 -0.03815976534400292 0.013337315972752332 2.3167217447360544 160.73483970803093
38.88296098699566 -0.03880101464185769 0.013068476326462498 2.346499187226282 161.38608394697346
38.92297432477493 -0.039474601492626535 0.01278570838290946 2.378090656310457 162.0530122161046
38.962987662554184 -0.04018302496923761 0.012487948986909173 2.411648981068096 162.7359713392188
39.00300100033344 -0.0409290474117675 0.012174022440802212 2.4473435172131115 163.43530528438143
39.043014338112705 -0.041715730102375885 0.011842625280647636 2.4853623942432215 164.15135367005558
39.08302767589196 -0.04254647489861116 0.01149230850822541 2.5259151368808204 164.8844501160204
39.12304101367123 -0.04342507301964953 0.011121456768877935 2.5692357357255315 165.6349204315253
39.163054351450484 -0.04435576246177038 0.010728263844936239 2.615586259720895 166.40308063396355
39.20306768922974 -0.04534329587817317 0.010310703681290903 2.6652611255661656 167.1892347925059
39.243081027009 -0.04639302158331901 0.009866495809998144 2.7185921867550134 167.99367296549013
39.28309436478826 -0.04751097847117722 0.00939306482182782 2.775954716544629 168.81666764648926
39.323107702567526 -0.04870401353504688 0.008887490212475105 2.837774770568506 169.65847253799691
39.36312104034678 -0.049979920251214574 0.008346447297806484 2.904537897050133 170.51931874977774
39.40313437812604 -0.0513475448324066 0.007766161538179613 2.97679642789732 171.39937219706232
39.4431477159053 -0.05281724391875775 0.007142214426490896 3.0551957677696238 172.2988890122624
39.48316105368456 -0.05440084246090279 0.006469559831388021 3.140474811901769 173.21801558574495
39.52317439146382 -0.05611190016320324 0.005742410572302126 3.2334828270698126 174.156775315318
39.56318772924308 -0.05796650378829465 0.00495390073282799 3.335225779549981 175.1152893386668
39.60320106702234 -0.059983438044063246 0.004096012886885037 3.446880069813777 176.09358010954793
39.6432144048016 -0.06218493813836373 0.0031592559506364373 3.569838845533587 177.0916343439924
39.68322774258086 -0.06459745314597388 0.0021323404364666128 3.7057604674519258 178.10937188159818
39.72324108036012 -0.06725278279755983 0.0010016917440643092 3.8566396106653267 179.14667522428542
39.76325441813938 -0.07018943676863422 -0.00024912923247807917 4.024893302792943 180.20336384347598
39.80326775591864 -0.0734545215166998 -0.001640231881468772 4.213479924221666 181.27919625636684
39.8432810936979 -0.07710628107932456 -0.003196480613661793 4.42605977239039 182.37386680856162
39.883294431477154 -0.08121759560444564 -0.004948988486851942 4.667216487170685 183.48700274421728
39.92330776925642 -0.08588088916625458 -0.006937212494158098 4.942768231873668 184.6181621254786
39.96332110703568 -0.0912151423852857 -0.009211947468003991 5.260213360477895 185.76682980670176
40.00333444481494 -0.09737618501869144 -0.01183972027791868 5.629386190088485 186.93241852803496
40.043347782594196 -0.10457214682661592 -0.014909386272973935 6.063444792565424 188.11426612545054
40.08336112037345 -0.1130874121575837 -0.018542356204394365 6.58040869772708 189.3116355454618
40.12337445815272 -0.1233210641309292 -0.022909009191277446 7.2056396685398445 190.5237151551335
40.163387795931975 -0.13585119516230826 -0.028256148799285043 7.976019840741305 191.74961981688426
40.20340113371124 -0.15154709856988358 -0.03495490122440934 8.947309672234292 192.98833269255329
40.243414471490496 -0.17178352727966362 -0.04359218773551883 10.208355711016539 194.23894834880866
40.28342780926975 -0.19886282313823456 -0.05515094551325883 11.909634445949191 195.50037556135678
40.32344114704902 -0.23695622736364966 -0.0714120010756423 14.328629958378954 196.77134247544075
40.363454484828274 -0.29450007666216527 -0.09597707666705807 18.043856813909738 198.0507014851536
40.40346782260754 -0.391494307936838 -0.13738474041944962 24.513045730072395 199.33719531081263
40.443481160386796 -0.5896580570659803 -0.2219847301204277 39.054446376694386 200.62952373677018
40.60353451150384 0.5209465431410942 0.2521731553924223 35.36419202515765 25.830103416084764
40.643547849283095 0.3482292867325782 0.1784368314735189 23.034430798856153 27.131141882940497
40.68356118706235 0.26012993454982813 0.14082637588309202 17.20571895092968 28.429756699314915
40.72357452484161 0.20670117260792392 0.11801779229732996 13.769715221675895 29.724573940040408
40.763587862620874 0.17084258888668052 0.10271040593536182 11.498393392351558 31.014245823187398
40.80360120040013 0.14511173865943572 0.09172681611644375 9.885038427666254 32.29745623419777
40.843614538179395 0.12574945058483644 0.08346212133758091 8.68063038645159 33.57292896464041
40.88362787595865 0.11065213379299998 0.07701823672717464 7.748055181002414 34.83943472604252
40.92364121373791 0.09855075485959292 0.0718533748426384 7.005450331433927 36.09579747712846
40.96365455151717 0.08863437129351262 0.06762132086563058 6.400871982023165 37.34089223221749
41.00366788929643 0.0803603506536157 0.0640904096049408 5.899736888414438 38.573681009009654
41.043681227075695 0.07335212497524819 0.061099873636101046 5.478133001231939 39.79316978086754
41.08369456485495 0.06734000399069806 0.05853457484912998 5.118982214147721 40.99845034142061
41.12370790263421 0.062126173444291145 0.05631006085493334 4.8097827075916335 42.18860347585666
41.163721240413466 0.057561194253441805 0.054362532702045205 4.541108337076945 43.36299289842618
41.20373457819273 0.05353116236729599 0.05264336196574516 4.305781620381995 44.52092057003323
41.243747915971994 0.04994770207405982 0.05111481866682701 4.098237346000821 45.661648669808336
41.28376125375125 0.04674041910133956 0.049746850165578005 3.9140485427855713 46.784692415477835
41.32377459153051 0.043853116929290635 0.04851546506825169 3.749682575579647 47.88957940765792
41.363787929309765 0.0412402612482651 0.047401223981573155 3.6022785472239955 48.97590787752665
41.40380126708903 0.038864565775957 0.046388208826575 3.4694948263686007 50.04334428971842
41.44381460486829 0.036695205612421594 0.04546326006704096 3.3493963477487583 51.0916205548446
41.48382794264755 0.03470647460337448 0.04461540350017444 3.240370016605759 52.12053152642167
41.52384128042681 0.032876769224533316 0.043835416439602704 3.141060695917853 53.12992928242915
41.563854618206065 0.031187796033646832 0.043115489364210474 3.050321396123624 54.11972307316715
41.60386795598533 0.029623964400368685 0.04244896664977234 2.9671750526723817 55.08987339569449
41.643881293764586 0.02817190436947562 0.041830140732472654 2.890784229097944 56.04038882976528
41.68389463154385 0.026820084872016887 0.04125408911222095 2.8204271260454825 56.97132230408529
41.72390796932311 0.025558508084979985 0.04071654386602663 2.7554783787962345 57.8827673907486
41.763921307102365 0.024378462790248023 0.04021378634991774 2.6953935626691523 58.77485466508862
41.80393464488162 0.02327232385990912 0.03974256159356303 2.639696595841536 59.64774816222935
41.843947982660886 0.022233388107920866 0.03930000822076409 2.5879694255962193 60.50164195595856
41.88396132044015 0.021255739039044652 0.03888360070704272 2.539843528452991 61.33675688027408
41.92397465821941 0.020334134729176116 0.03849110151270066 2.494992861942981 62.15333740912089
41.963987995998664 0.019463914349575832 0.03812052117550645 2.4531279862575013 62.95164870548677
42.00400133377792 0.018640919815615636 0.037770084860479294 2.413991134899486 63.73197384717061
42.044014671557186 0.017861429779978216 0.03743820417987917 2.3773520599388784 64.49461123317231
42.08402800933644 0.017122103759310663 0.03712345333946175 2.343004513221291 65.23987217177431
42.12404134711571 0.0164199346246261 0.03682454885545833 2.3107632525842754 65.9680786489509
42.164054684894964 0.015752244890678137 0.03654034782642088 2.2804631415354533 66.67952142214465
42.20406802267422 0.015116502406427364 0.036269769826210704 2.251950211198595 67.37461883634887
42.244081360453485 0.01451048512381392 0.03601186651215726 2.225088619928158 68.05370938726047
42.28409469823274 0.013932234413179154 0.03576580172561775 2.1997578972298184 68.71706308662759
42.32410803601201 0.01337986915578899 0.035530772812426184 2.1758443594696293 69.36506638837898
42.364121373791264 0.012851703271720107 0.03530606023808723 2.153245946320993 69.99806797834707
42.40413471157052 0.01234619392255044 0.035091005615230014 2.131869598148363 70.61641620110031
42.44414804934978 0.011861926269171777 0.03488500519816416 2.1116302985051085 71.22045848991621
42.48416138712904 0.011397601777600689 0.03468750488370541 2.092450303143439 71.81053874306468
42.524174724908306 0.010952024655535627 0.03449799443070072 2.0742583251380133 72.38699910662534
42.56418806268756 0.01052409305472416 0.03431600369767553 2.0569889476992054 72.9501776004331
42.60420140046682 0.010112789748523138 0.034141098664580496 2.040582040218017 73.50040793955665
42.64421473824608 0.009717174161348435 0.03397287803008588 2.024982252695009 74.03801902312757
42.68422807602534 0.009336375282382866 0.03381097018638734 2.0101385662057205 74.56333449906768
42.7242414138046 0.00896958535116958 0.03365503052354763 1.9960038923232906 75.07667239778945
42.76425475158386 0.008616054218746571 0.03350473902224258 1.9825347154235131 75.57834482836505
42.80426808936312 0.008275084301482417 0.03335979809954436 1.9696907726442268 76.0686577310796
42.84428142714238 0.00794602605618046 0.033219930677245546 1.9574347669866232 76.54791068070953
42.88429476492164 0.007628273914694773 0.03308487844635831 1.9457321096533926 77.01639673527309
42.9243081027009 0.007321262582715071 0.032954400282903 1.9345506864824322 77.47440238656334
42.96432144048016 0.007024463908438621 0.03282827092791386 1.9238606561116134 77.92220723967056
43.00433477825942 0.006737383646409077 0.03270627958082155 1.9136342506734023 78.36008434171795
43.04434811603868 0.006459558931582524 0.032588228837935745 1.9038456125145458 78.7882999189412
43.084361453817934 0.006190555791106516 0.032473933626070775 1.8944706379863705 79.20711345007268
43.1243747915972 0.005929966924771398 0.032363220255065106 1.8854868374451992 79.61677769894601
43.16438812937646 0.005677409622033473 0.032255925528738794 1.8768732059153377 80.01753886959717
43.20440146715572 0.005432524186643658 0.03215189607188463 1.8686101163972018 80.40963625721578
43.244414804934976 0.005194971864143994 0.03205098744636935 1.8606792010661442 80.79330296016964
43.28442814271423 0.004964433578917453 0.031953063611497495 1.853063264433319 81.16876555112194
43.3244414804935 0.004740608467672656 0.03185799629814444 1.8457461934248074 81.53624428778959
43.364454818272755 0.004523226808007489 0.031765670550721326 1.838713337697865 81.89592963794311
43.40446815605202 0.004311991480975424 0.03167595964733464 1.8319495734187579 82.24807745297446
43.444481493831276 0.004106663691938456 0.03158876182969444 1.8254420621479246 82.59286553127302
43.48449483161053 0.003906991048266972 0.03150396948173693 1.8191778887198886 82.93051140391555
43.5245081693898 0.003712772145396722 0.0314214968285792 1.813146087649239 83.26116224459152
43.564521507169054 0.0035237790472368684 0.03134124668844034 1.8073351673608637 83.5850246125981
43.60453484494832 0.0033398076585775347 0.03126313208259624 1.8017346836935326 83.9022783022097
43.644548182727576 0.003160664497099893 0.03118707055868992 1.7963347978254878 84.21309754512524
43.68456152050683 0.002986165868183342 0.031112983839960303 1.7911262306612397 84.51765142862664
43.72457485828609 0.0028161372538524597 0.031040797564437627 1.7861002254363905 84.81610403385409
43.764588196065354 0.0026504127469393016 0.030970441043440693 1.7812485131880906 85.10861457334356
43.80460153384462 0.0024888345266047517 0.03090184703772956 1.7765632808433676 85.39533752741342
43.844614871623875 0.0023312523717344043 0.030834951549826205 1.772037141701473 85.67642277904625
43.88462820940313 0.002177523209056261 0.030769693631157176 1.7676631081077179 85.95201574696294
43.92464154718239 0.0020275116763177232 0.030706015619433636 1.763434593679508 86.22225574112052
43.964654884961654 0.0018810857694958934 0.03064386129288901 1.7593452785841168 86.4872832383445
44.00466822274091 0.0017381224670456972 0.030583178252680407 1.7553892562746978 86.74722921970177
44.044681560520175 0.0015985024693807495 0.03052391569267583 1.7515608752892562 87.00222417832373
44.08469489829943 0.0014621145169737282 0.03046602622775811 1.74785484797302 87.25238979806414
44.12470823607869 0.0013288496240433777 0.030409463450304434 1.7442660832647088 87.4978490653313
44.16472157385795 0.0011986044777246956 0.030354183369258204 1.7407897712223064 87.73871967932173
44.20473491163721 0.0010712802545653748 0.030300143907963498 1.737421342406897 87.97511585158115
44.244748249416475 0.000946782379395791 0.030247304801270275 1.7341564537526775 88.20714841547465
44.28476158719573 0.0008250202995756725 0.030195627499203008 1.7309909753885913 88.43492493270588
44.32477492497499 0.0007059072734853164 0.030145075076709552 1.7279209783394018 88.65854979688528
44.364788262754246 0.000589360172223689 0.030095612149047067 1.7249427230400993 88.87812433415925
44.40480160053351 0.0004752992935614757 0.030047204792398793 1.7220526486030843 89.09374690092086
44.444814938312774 0.0003636481872738729 0.029999820469348057 1.719247362782552 89.30551297863347
44.48482827609203 0.00025433349104995485 0.029953427958866515 1.7165236325850852 89.51351526580306
44.52484161387129 0.00014728477623811992 0.029907997290500678 1.7138783754795939 89.71784376714383
44.564854951650545 4.2434402747159455e-05 0.029863499682466103 1.711308651163521 89.91858587998455
44.60486828942981 -6.0282617525241056e-05 0.02981990748338125 1.7088116538456837 90.11582647796862
44.64488162720907 -0.0001609287493154546 0.029777194117393727 1.7063847050092358 90.30964799210396
44.68489496498833 -0.0002595640552029363 0.02973533403247083 1.7040252466211256 90.50013048922136
44.72490830276759 -0.00035624640827960734 0.029694302610941276 1.7017308324917457 90.68735193864417
44.764921640546845 -0.0004510247438150195 0.029654078959202204 1.6994992789276635 90.87137496082114
44.80493497832611 -0.0005439657768446151 0.02961463485532178 1.6973280500228334 91.0522986000237
44.844948316105366 -0.0006351144006436459 0.0295759511292182 1.6952151625769878 91.23018132543709
44.88496165388463 -0.000724526213465331 0.029538004208480486 1.6931584400633963 91.40510413501816
44.92497499166389 -0.0008122369787670778 0.02950077874037365 1.6911561960935646 91.57711080340769
44.964988329443145 -0.0008982989321339382 0.02946425258658915 1.6892064199616177 91.74627880013875
45.0050016672224 -0.000982756539879252 0.029428406841012538 1.687307317405612 91.91267181281901
45.045015005001666 -0.0010656526939282198 0.029393223268254512 1.6854571692108484 92.07635176476919
45.08502834278093 -0.001147028780815811 0.029358684274223532 1.6836543275140656 92.23737887104907
45.12504168056019 -0.0012269247470879574 0.029324772878233228 1.6818972123164813 92.39581169258939
45.165055018339444 -0.0013053791613227587 0.029291472686552206 1.6801843081924002 92.55170718848993
45.2050683561187 -0.0013824292729735536 0.02925876786730992 1.678514161181029 92.70512076654292
45.245081693897966 -0.0014581110682226686 0.029226643126678165 1.6768853758500073 92.85610633204054
45.28509503167722 -0.0015324593230211202 0.029195083686253318 1.6752966125199769 93.00471633492278
45.32510836945649 -0.001605507653478712 0.02916407526156917 1.6737465846402295 93.15100181532166
45.365121707235744 -0.0016772885637572968 0.029133604041675115 1.6722340563061782 93.29501244755538
45.405135045015 -0.0017478334916106904 0.02910365666971841 1.6707578399100043 93.43679658262556
45.445148382794265 -0.0018171728517048262 0.02907422022447361 1.6693167939164462 93.57640128926828
45.48516172057352 -0.001885336076843447 0.02904528220276564 1.6679098207562075 93.71387239360904
45.52517505835279 -0.0019523516572166498 0.029016830502736318 1.666535864829975 93.84925451746996
45.565188396132044 -0.00201824717778181 0.028988853407907827 1.6651939106165115 93.9825911153757
45.6052017339113 -0.0020830493538799956 0.02896133957199886 1.6638829808786952 94.11392451030406
45.64521507169056 -0.0021467840651841095 0.028934278004452654 1.6626021349618043 94.24329592822482
45.68522840946982 -0.0022094763880692965 0.028907658056637926 1.6613504671786847 94.3707455314697
45.725241747249086 -0.0022711506264904953 0.028881469408686838 1.6601271052768165 94.49631245097439
45.76525508502834 -0.0023318303414468673 0.028855702056935717 1.658931208982586 94.62003481743284
45.8052684228076 -0.002391538379108023 0.028830346301936653 1.6577619686183838 94.7419497914024
45.84528176058686 -0.002450296897672291 0.028805392737010008 1.6566186037884219 94.86209359239632
45.88529509836612 -0.002508127393023295 0.028780832237309487 1.6555003621294198 94.98050152700047
45.92530843614538 -0.002565050723247187 0.028756655949373298 1.6544065181225507 95.09720801604855
45.96532177392464 -0.0026210871320690304 0.028732855281136206 1.6533363719632517 95.21224662088949
46.0053351117039 -0.002676256271263505 0.028709421892379246 1.6522892484857368 95.32565006877896
46.04534844948316 -0.0027305772220920623 0.02868634768559455 1.651264496139208 95.4374502774271
46.08536178726242 -0.002784068515815332 0.028663624797244706 1.6502614860129783 95.54767837873138
46.12537512504168 -0.0028367481533270907 0.02864124558939666 1.6492796109078591 95.6563647417245
46.16538846282094 -0.002888633689194272 0.028619202615007413 1.6483182833039385 95.76353912940219
46.2054018006002 -0.0029397419897816994 0.028597488716634294 1.64737693909549 95.86923018402105
46.24541513837946 -0.002990089638545172 0.028576096860229848 1.646455029939348 95.97346624820258
46.285428476158714 -0.0030396926878537974 0.028555020236541755 1.645552027167957 96.07627483911618
46.32544181393798 -0.003088566768248111 0.028534252215836175 1.644667419400067 96.17768286076377
46.36545515171724 -0.0031367270592629797 0.02851378636001594 1.643800712635335 96.27771653085063
46.4054684894965 -0.0031841883337595652 0.02849361640394355 1.6429514290554412 96.37640146058196
46.445481827275756 -0.0032309614404542114 0.028473737692348608 1.6421191657457432 96.47375533129149
46.48549516505501 -0.003277067489131232 0.02845414138381695 1.6413033555507561 96.56981736424663
46.52550850283428 -0.0033225164911650836 0.02843482317816846 1.6405036267947584 96.66460393027108
46.565521840613535 -0.0033673249960797643 0.02841577611068808 1.6397195064331471 96.75814519987749
46.6055351783928 -0.0034114992337744253 0.028396997435686792 1.6389506995798053 96.85045002654132
46.645548516172056 -0.0034550551401736837 0.028378480450144104 1.6381967579229209 96.94154766487954
46.68556185395131 -0.0034980049509376297 0.02836021996745212 1.6374573015407046 97.03145983436131
46.72557519173058 -0.003540360585086909 0.02834221093556669 1.636731962460437 97.12020775839737
46.765588529509834 -0.003582133655149879 0.028324448432686746 1.6360203842142613 97.20781217791628
46.8056018672891 -0.003623335476922283 0.028306927663098884 1.6353222214139833 97.29429336451471
46.845615205068356 -0.0036639770788564584 0.02828964395317985 1.6346371393439612 97.37967113319591
46.88562854284761 -0.003704069211096582 0.02827259274754991 1.6339648135712144 97.46396485471126
46.92564188062687 -0.0037436223541752276 0.028255769605370594 1.6333049295719293 97.54719346751816
46.965655218406134 -0.0037826467273860617 0.028239170196780492 1.6326571823735863 97.62937548936762
47.0056685561854 -0.0038211522968466527 0.028222790299463126 1.632021276211963 97.71052902853448
47.045681893964655 -0.00385914878326469 0.028206625795341236 1.6313969242023256 97.79067179470223
47.08569523174391 -0.003896645669420282 0.028190672667392076 1.630783848024132 97.86982110951448
47.12570856952317 -0.003933652210901633 0.02817492699230553 1.6301817774040004 97.9479939250262
47.165721907302434 -0.003970177424754891 0.02815938495598597 1.6295904507284682 98.02520679198605
47.20573524508169 -0.004006230134155273 0.028144042819596985 1.6290096133009169 98.10147595383226
47.245748582860955 -0.004041818935501137 0.02812889694209747 1.6284390181977397 98.17681727047652
47.28576192064021 -0.004076952225041261 0.028113943767856885 1.6278784256210048 98.25124627073552
47.32577525841947 -0.004111638200662725 0.02809917982546162 1.6273276026961532 98.32477815230018
47.36578859619873 -0.004145884867692182 0.028084601725246648 1.6267863232354602 98.397427790249
47.40580193397799 -0.004179700044494891 0.028070206156913375 1.626254367510807 98.46920974530777
47.445815271757255 -0.004213091367879743 0.028055989887230143 1.6257315220353472 98.54013827186502
47.48582860953651 -0.004246066298317947 0.028041949757812164 1.6252175793536776 98.6102273257501
47.52584194731577 -0.004278632124982923 0.02802808268297753 1.6247123378401334 98.67949057178278
47.565855285095026 -0.0043107959706184555 0.028014385647676516 1.6242156015048603 98.7479413911013
47.60586862287429 -0.004342564796241933 0.028000855705491014 1.6237271798073167 98.81559288827648
47.645881960653554 -0.004373945405689152 0.027987489976701595 1.6232468874768904 98.88245789821873
47.68589529843281 -0.004404944450006811 0.02797428564641927 1.622774544340316 98.94854899288487
47.72590863621207 -0.004435568431698748 0.02796123996277977 1.6223099751556143 99.01387848779122
47.765921973991325 -0.00446582370883138 0.027948350235197608 1.6218530094522572 99.07845844833918
47.80593531177059 -0.004495716543949429 0.02793561381446742 1.6214034807561004 99.14230079167423
47.84594864954985 -0.004525252928695523 0.02792302816374933 1.620961228921577 99.20541691104107
47.88596198732911 -0.004554438855439179 0.027910590748427496 1.6205260962763601 99.26781825197675
47.92597532510837 -0.004583280142926858 0.02789829910669104 1.6200979299530707 99.32951593914734
47.965988662887625 -0.0046117824840659905 0.027886150830100046 1.6196765811413258 99.39052087612586
48.00600200066689 -0.004639951449292034 0.027874143562154223 1.6192619049601844 99.45084375071376
48.046015338446146 -0.004667792489828119 0.02786227499690725 1.6188537603352127 99.51049504011297
48.08602867622541 -0.004695310940841356 0.02785054287762507 1.6184520098799773 99.56948501595397
48.12604201400467 -0.0047225120244993625 0.02783894499548682 1.6180565197818078 99.6278237491834
48.166055351783925 -0.00474940085293097 0.0278274791883264 1.6176671596916243 99.68552111481678
48.20606868956318 -0.0047759824310943146 0.027816143339413534 1.617283802617689 99.74258679655955
48.246082027342446 -0.00480226165955591 0.02780493537627278 1.6169063248231164 99.79903029130128
48.28609536512171 -0.00482824333718373 0.02779385326953907 1.6165346057269907 99.85486091348643
48.32610870290097 -0.00485393216375749 0.027782895031848543 1.6161685278089477 99.9100877993661
48.366122040680224 -0.004879332742499044 0.027772058716763366 1.6158079765170827 99.96471991113378
48.40613537845948 -0.004904447469767141 0.02776134327108595 1.6154528672784456 100.01876151073697
48.446148716238746 -0.004929285026038043 0.02775074510507643 1.6151030364069896 100.0722303634121
48.486162054018 -0.0049538475286108495 0.02774026335991451 1.614758410610857 100.12513016665308
48.52617539179727 -0.004978141340738037 0.027729895229430715 1.6144188506690254 100.1774738376479
48.566188729576524 -0.005002166518153495 0.02771964069066007 1.6140843120068296 100.22926069848054
48.60620206735578 -0.005025929171652281 0.027709497199111147 1.6137546702281886 100.2805031210074
48.646215405135045 -0.00504943334783728 0.02769946297047941 1.613429824334468 100.33120910043603
48.6862287429143 -0.005072682849412694 0.027689536545727412 1.6131096904284803 100.38138605053786
48.72624208069357 -0.005095681568488931 0.027679716205263303 1.6127941720548937 100.43104168324435
48.766255418472824 -0.005118433266197637 0.027670000359450348 1.612483179926578 100.48018342460512
48.80626875625208 -0.005140941630410773 0.027660387449681623 1.612176626897728 100.52881856541242
48.84628209403134 -0.005163210277504356 0.027650875947631093 1.611874427902934 100.57695426419555
48.8862954318106 -0.005185242754071609 0.027641464354526163 1.6115764998982443 100.62459755013761
48.926308769589866 -0.005207042538587149 0.027632151200441244 1.6112827618041694 100.67175532591688
48.96632210736912 -0.005228613043023892 0.027622935043611196 1.6109931344505273 100.7184343704753
49.00633544514838 -0.005249957614424188 0.027613814469764415 1.6107075405230833 100.76464134171572
49.04634878292764 -0.00527107953642671 0.027604788091474722 1.6104259045119123 100.81038277913042
49.0863621207069 -0.00529198203075055 0.02759585454753135 1.610148152661414 100.85566510636275
49.12637545848616 -0.005312668258637838 0.02758701250232667 1.6098742129219297 100.90049463370347
49.16638879626542 -0.005333141322256424 0.02757826064526088 1.6096040149028996 100.94487756052466
49.20640213404468 -0.005353404266063613 0.02756959769016321 1.6093374898275044 100.98881997765164
49.24641547182394 -0.005373460078132549 0.027561022374729113 1.6090745704887388 101.03232786967601
49.2864288096032 -0.005393311691442113 0.027552533459972845 1.6088151912068644 101.07540711721045
49.32644214738246 -0.005412961985131701 0.02754412972969508 1.608559287788196 101.11806349908754
49.36645548516172 -0.005432413785721973 0.02753580998996494 1.6083067974851692 101.16030269450415
49.40646882294098 -0.005451669868302535 0.027527573068616123 1.608057658957651 101.2021302851125
49.44648216072024 -0.005470732957687735 0.027519417814756534 1.6078118122354408 101.24355175705998
49.486495498499494 -0.005489605729541462 0.027511343098291126 1.6075691986819274 101.28457250297879
49.52650883627876 -0.0055082908114719355 0.027503347809457544 1.6073297609588637 101.32519782392691
49.56652217405802 -0.005526790784097483 0.027495430858373995 1.6070934429922064 101.36543293128183
49.60653551183728 -0.0055451081820840735 0.02748759117459923 1.6068601899390025 101.4052829485881
49.646548849616536 -0.005563245495155605 0.027479827706704023 1.6066299481552722 101.44475291336046
49.68656218739579 -0.005581205169077726 0.027472139421854 1.6064026651648637 101.48384777884333
49.72657552517506 -0.005598989638892839 0.02746452529244754 1.6061782892711598 101.52257248566659
49.766588862954315 -0.00561660120102729 0.027456984347432208 1.6059567709584073 101.56093168439489
49.80660220073358 -0.005634042206979941 0.027449515594532223 1.6057380607202525 101.59893015483196
49.846615538512836 -0.005651314936021015 0.02744211807133289 1.6055221104585737 101.63657252991088
49.88662887629209 -0.005668421628011533 0.02743479083208544 1.60530887310074 101.67386336648029
49.92664221407136 -0.005685364484244198 0.02742753294735054 1.6050983025736196 101.71080714682692
49.966655551850614 -0.005702145668262945 0.02742034350365086 1.6048903537783492 101.7474082801623
50.00666888962988 -0.005718767306661759 0.02741322160313244 1.6046849825658347 101.7836711040747
50.046682227409136 -0.005735231489863284 0.027406166363234678 1.604482145712969 101.81959988594696
50.08669556518839 -0.005751540272877961 0.027399176916368565 1.6042818008995374 101.85519882434156
50.12670890296765 -0.005767695676044118 0.027392252409603027 1.6040839066857855 101.89047205035337
50.166722240746914 -0.005783699685749634 0.027385392004359053 1.6038884224906311 101.9254236289311
50.20673557852618 -0.005799554255135746 0.027378594876111474 1.6036953085705044 101.96005756016848
50.246748916305435 -0.005815261304783423 0.027371860214098105 1.6035045259987848 101.99437778056553
50.28676225408469 -0.0058308227233829025 0.027365187221036015 1.6033160366458241 102.02838816426127
50.32677559186395 -0.005846240368386768 0.027358575112844858 1.6031298031595334 102.06209252423803
50.366788929643214 -0.005861516066647136 0.027352023118376888 1.6029457889465173 102.09549461349853
50.40680226742247 -0.005876651615037318 0.027345530479153578 1.6027639581537363 102.12859812621625
50.446815605201735 -0.005891648781058495 0.027339096449108653 1.602584275650682 102.1614066988599
50.48682894298099 -0.0059065093034316955 0.027332720294337295 1.6024067070120496 102.19392391129246
50.52684228076025 -0.005921234892675601 0.0273264012928514 1.6022312185008865 102.22615328784566
50.56685561853951 -0.0059358272316705225 0.027320138734340693 1.602057777052211 102.25809829837051
50.60686895631877 -0.005950287976208924 0.027313931919939596 1.6018863502570817 102.28976235926419
50.646882294098035 -0.005964618755532921 0.027307780161999563 1.6017169063470982 102.32114883447441
50.68689563187729 -0.0059788211728590305 0.02730168278386685 1.6015494141793307 102.35226103648148
50.72690896965655 -0.005992896805890591 0.027295639119665576 1.6013838432216592 102.38310222725849
50.766922307435806 -0.006006847207318149 0.02728964851408575 1.601220163538504 102.41367561921075
50.80693564521507 -0.006020672606127743 0.02728371084137312 1.6010583587907727 102.44398154507388
50.846948982994334 -0.006034377124375989 0.027277824420439516 1.6008983739257572 102.47402882506792
50.88696232077359 -0.0060479609237284425 0.027271989153597482 1.6007401939737553 102.50381765489813
50.92697565855285 -0.0060614267024033715 0.027266203930136106 1.6005837789515942 102.53335376289229
50.966988996332105 -0.006074773394302619 0.02726046914360408 1.6004291265353703 102.56263467512406
51.00700233411137 -0.0060880036720609 0.027254783694461448 1.6002761975558444 102.59166607210786
51.04701567189063 -0.006101118926347036 0.02724914699582736 1.600124965884743 102.6204508439082
51.08702900966989 -0.006114120526424804 0.027243558469859618 1.5999754058891407 102.64899183783673
51.12704234744915 -0.0061270098205587166 0.027238017547582975 1.5998274924202736 102.67729185922366
51.167055685228405 -0.006139788136410711 0.027232523668721195 1.5996812008026362 102.70535367217298
51.20706902300767 -0.006152456781427841 0.02722707628153306 1.5995365068233725 102.73318000030147
51.247082360786926 -0.006165017043221328 0.02722167484265193 1.599393386721934 102.76077352746222
51.28709569856619 -0.006177470189937137 0.027216318816928917 1.599251817180007 102.78813689845283
51.32710903634545 -0.006189817470618281 0.027211007677279662 1.599111775311704 102.81527271970872
51.367122374124705 -0.0062020601155591566 0.027205740904534353 1.598973238654 102.84218355998206
51.40713571190396 -0.006214199336651993 0.027200517987291197 1.5988361851574207 102.86887195100647
51.447149049683226 -0.006226236327725695 0.027195338421773036 1.5987005931769582 102.89534038814766
51.48716238746249 -0.006238172264877292 0.0271902017116872 1.598566441463231 102.92159133104109
51.52717572524175 -0.006250008306796082 0.027185107368088324 1.598433709153854 102.94762720421589
51.567189063021004 -0.006261745595080786 0.027180054909244248 1.5983023757650348 102.97345039770633
51.60720240080026 -0.006273385254549773 0.02717504386050478 1.5981724211833788 102.99906326765056
51.647215738579526 -0.006284928393544614 0.027170073754173345 1.5980438256578993 103.02446813687708
51.68722907635878 -0.00629637610422708 0.027165144129381355 1.5979165697922284 103.0496672954793
51.72724241413805 -0.006307729462869779 0.027160254531965317 1.597790634537019 103.07466300137843
51.767255751917304 -0.006318452188057856 0.027155618516927146 1.5976709681000718 103.09828229922495
51.80726908969656 -0.006330157351380834 0.02715059363541353 1.5975426513514366 103.1240529291882
51.847282427475825 -0.006341233956878143 0.02714582146040664 1.5974205669917168 103.14845151098733
51.88729576525508 -0.006352220362132701 0.027141087560805438 1.5972997303698393 103.17265536090848
51.92730910303435 -0.006363117568118519 0.027136391514218306 1.597180124064031 103.19666658406386
51.967322440813604 -0.00637392656153896 0.027131732904274383 1.5970617309577357 103.22048725653985
52.00733577859286 -0.006384648338614645 0.027127111311151204 1.5969445340197244 103.24411947740224
52.04734911637212 -0.006395283811306044 0.027122526348887753 1.5968285171513992 103.26756516339412
52.08736245415138 -0.00640583394837625 0.027117977609240097 1.5967136639013355 103.29082635760531
52.127375791930646 -0.006416299681897388 0.027113464698884277 1.596599958311536 103.31390502480741
52.1673891297099 -0.0064266819308710435 0.027108987230009818 1.596487384698808 103.33680310309278
52.20740246748916 -0.006436981601453623 0.027104544820224508 1.5963759276491127 103.35952250431656
52.24741580526842 -0.006447199587177043 0.02710013709246113 1.596265572012049 103.38206511452998
52.28742914304768 -0.006457336769164974 0.02709576367488608 1.596156302895466 103.40443279440528
52.32744248082694 -0.006467394016344597 0.02709142420080986 1.5960481056602018 103.42662737965227
52.3674558186062 -0.00647737218565414 0.02708711830859945 1.595940965914955 103.44865068142698
52.40746915638546 -0.006487272122246151 0.027082845641592353 1.5958348695112645 103.47050448673221
52.44748249416472 -0.006497094659686713 0.027078605848012475 1.5957298025386164 103.4921905588106
52.48749583194398 -0.006506840620150627 0.027074398580887636 1.5956257513196597 103.51371063752997
52.52750916972324 -0.006516510814612689 0.027070223497968778 1.5955227024055374 103.53506643976134
52.5675225075025 -0.00652610604303514 0.02706608026165077 1.5954206425713229 103.55625965974966
52.60753584528176 -0.006535627094551422 0.027061968538894813 1.5953195588115632 103.57729196947776
52.64754918306102 -0.006545074747646214 0.027057888001152327 1.5952194383359237 103.59816501902297
52.687562520840274 -0.006554449770331997 0.027053838324290484 1.5951202685649375 103.61888043690736
52.72757585861954 -0.006563752920531388 0.027049819186650358 1.5950220370245858 103.63943983176695
52.7675891963988 -0.006572984945402454 0.0270458302764601 1.5949247317477533 103.65984478736804
52.80760253417806 -0.00658214658278209 0.027041871280522538 1.5948283406612735 103.68009687094529
52.847615871957316 -0.006591238560490607 0.027037941891650995 1.59473285198851 103.70019762817041
52.88762920973657 -0.006600261596708038 0.027034041806723173 1.5946382541438349 103.72014858481396
52.92764254751584 -0.006609216400130912 0.027030170726614903 1.59454453572892 103.73995124705787
52.967655885295095 -0.006618103670126023 0.027026328356135287 1.5944516855291202 103.75960710180226
53.00766922307436 -0.006626924096881209 0.027022514403962947 1.5943596925099237 103.77911761696643
53.047682560853616 -0.006635678361553248 0.027018728582583675 1.5942685458134989 103.7984842417844
53.08769589863287 -0.006644367136412926 0.027014970608229116 1.5941782347553028 103.81770840709504
53.12770923641214 -0.006652991084987311 0.027011240200816713 1.5940887488207718 103.83679152562681
53.167722574191394 -0.0066615508621993445 0.027007537083890858 1.594000077662091 103.85573499227732
53.20773591197066 -0.006670047114504765 0.027003860984564983 1.593912211095021 103.87454018438778
53.247749249749916 -0.006678480480026442 0.02700021163346492 1.593825139095808 103.89320846201254
53.28776258752917 -0.006686851588686194 0.026996588764673257 1.5937388517981537 103.91174116818358
53.32777592530843 -0.00669516106233411 0.026992992115674748 1.5936533394902561 103.93013962917044
53.367789263087694 -0.006703409514875445 0.026989421427302773 1.5935685926119114 103.94840515473528
53.40780260086696 -0.006711597552395157 0.02698587644368673 1.5934846017516788 103.9665390383834
53.447815938646215 -0.006719725773280102 0.026982356912200516 1.5934013576441108 103.98454255760934
53.48782927642547 -0.006727794768338997 0.026978862583411894 1.5933188511670398 104.00241697413853
53.52784261420473 -0.006735805120920135 0.02697539321103283 1.5932370733389247 104.0201635341646
53.567855951983994 -0.006743757407026901 0.0269719485518707 1.593156015316252 104.03778346858252
53.60786928976325 -0.006751652195431224 0.02696852836578048 1.5930756683909972 104.05527799321767
53.647882627542515 -0.006759490047784886 0.026965132415617724 1.5929960239881342 104.07264830905063
53.68789596532177 -0.0067672706891292395 0.026961760795674777 1.5929170803487036 104.08989377913483
53.72790930310103 -0.006774996336938554 0.026958412613499013 1.592838815683609 104.10701924504544
53.76792264088029 -0.006782666691964538 0.026955087973385094 1.5927612285907038 104.12402401811231
53.80793597865955 -0.006790282288449163 0.02695178664973922 1.5926843110031477 104.1409092421029
53.847949316438815 -0.006797844441802258 0.026948508107963294 1.5926080486914902 104.15767777889427
53.88796265421807 -0.006805352087335952 0.026945252755660662 1.5925324464952109 104.17432725856364
53.92797599199733 -0.006812806537952846 0.026942020059521874 1.5924574903220619 104.19086053872573
53.967989329776586 -0.006820208302116106 0.02693880980481586 1.5923831725775832 104.2072787092421
54.00800266755585 -0.006827557882084091 0.026935621779426024 1.5923094857801694 104.22358284698491
54.048016005335114 -0.006834855774003139 0.026932455773811117 1.592236422559057 104.23977401602568
54.08802934311437 -0.006842102467998711 0.026929311580966817 1.5921639756523567 104.25585326782067
54.12804268089363 -0.006849298448264923 0.026926188996387938 1.5920921379051218 104.2718216413933
54.168056018672885 -0.006856444193152483 0.026923087818031346 1.5920209022674603 104.28768016351324
54.20806935645215 -0.006863540175255088 0.02692000784627957 1.5919502617926857 104.30342984887257
54.24808269423141 -0.006870586861494311 0.02691694888390498 1.591880209635502 104.31907170025883
54.28809603201067 -0.006877584713202984 0.026913910736034587 1.591810739050229 104.3346067087254
54.32810936978993 -0.0068845341862071325 0.02691089321011557 1.591741843389063 104.35003585375868
54.368122707569185 -0.006891435730906506 0.026907896115881274 1.5916735161003726 104.3653601034427
54.40813604534845 -0.0068982897923536655 0.02690491926531789 1.5916057507270276 104.3805804146208
54.448149383127706 -0.00690509681033173 0.026901962472631644 1.5915385409047635 104.39569773305469
54.48816272090697 -0.0069118572194307865 0.026899025554216614 1.591471880360579 104.41071299358089
54.52817605868623 -0.006918571449122966 0.02689610832862308 1.591405762911163 104.42562712026445
54.568189396465485 -0.006925239923836242 0.026893210616526393 1.5913401824613573 104.44044102655015
54.60820273424474 -0.006931863063026952 0.026890332240696427 1.5912751330026444 104.45515561541126
54.648216072024006 -0.006938441266759109 0.0268874730217666 1.5912106081709685 104.46977175270806
54.68822940980327 -0.006944974973969533 0.02688463279497212 1.5911466030091739 104.4842903749577
54.72824274758253 -0.00695146459214598 0.026881811378213744 1.591083111187704 104.49871236528872
54.768256085361784 -0.006957910487119422 0.026879008615944965 1.5910201272909203 104.51303851039926
54.80826942314104 -0.006964313085321758 0.026876224338518138 1.5909576460278771 104.5272697258168
54.848282760920306 -0.006970672750415065 0.026873458372012587 1.5908956610061675 104.54140680436866
54.88829609869956 -0.006976989882804933 0.026870710557351327 1.5908341672213544 104.55545060507478
54.92830943647883 -0.006983264864642499 0.02686798073302012 1.5907731593071934 104.56940195220497
54.968322774258084 -0.006989513449594444 0.026865262670799323 1.5907125172450496 104.58329552790424
55.00833611203734 -0.006995689883467731 0.02686257441847355 1.59065257999628 104.59703053675096
55.048349449816605 -0.007001840663142653 0.026859897614335417 1.5905929982337792 104.61070937701686
55.08836278759586 -0.007007950777759126 0.026857238172631494 1.5905338816080288 104.62429896965315
55.12837612537513 -0.00701402058821134 0.02685459594080234 1.590475225112312 104.63780009397871
55.168389463154384 -0.007020050451317679 0.02685197076800548 1.59041702380829 104.65121352068456
55.20840280093364 -0.0070260407198770615 0.02684936250509171 1.5903592728248834 104.66454001195031
55.2484161387129 -0.0070319917427242706 0.026846771004581722 1.5903019673571654 104.67778032155847
55.28842947649216 -0.007037903864784442 0.026844196120643152 1.5902451026652835 104.69093519500728
55.328442814271426 -0.0070437774271266485 0.026841637709068087 1.5901886740734021 104.70400536962143
55.36845615205068 -0.007049612767016596 0.026839095627250745 1.5901326769686566 104.71699157466121
55.40846948982994 -0.007055410217968491 0.02683656973416573 1.5900771068001394 104.7298945314299
55.4484828276092 -0.007061170109796043 0.02683405989034647 1.5900219590778935 104.74271495337949
55.48849616538846 -0.007066892768662673 0.02683156595786412 1.589967229371934 104.75545354621471
55.52850950316772 -0.00707257851713088 0.026829087800306732 1.5899129133112821 104.7681110079954
55.56852284094698 -0.007078227674210848 0.026826625282758806 1.5898590065830203 104.78068802923741
55.60853617872624 -0.007083840555408241 0.026824178271781123 1.5898055049313624 104.79318529301176
55.6485495165055 -0.0070894174758272185 0.02682174667614961 1.5897524064601376 104.80560345963362
55.68856285428476 -0.007094958738050141 0.02681933028345304 1.5896997023997774 104.81794322867326
55.72857619206402 -0.007100464650345541 0.02681692900567258 1.5896473909825413 104.8302052457549
55.76858952984328 -0.007105935514664172 0.026814542715079135 1.58959546817223 104.84239016513247
55.80860286762254 -0.007111371629680172 0.02681217128532396 1.5895439299853893 104.85449863408873
55.8486162054018 -0.007116773287509523 0.026809814552379876 1.5894927702787716 104.86653130707755
55.888629543181054 -0.007122140787003855 0.02680747247102188 1.5894419896133658 104.87848878934632
55.92864288096032 -0.007127474413990885 0.02680514487955399 1.5893915819291937 104.89037172211623
55.96865621873958 -0.007132774454465925 0.02680283165696864 1.5893415434456246 104.90218072567566
56.00866955651884 -0.0071380411913581476 0.026800532683549875 1.5892918704307661 104.9139164137802
56.048682894298096 -0.007143274904570756 0.026798247840856524 1.5892425592007118 104.9255793937364
56.08869623207735 -0.007148475871020522 0.02679597701170558 1.5891936061187986 104.9371702664842
56.12870956985662 -0.0071536443646766645 0.026793720080155712 1.5891450075948725 104.94868962667819
56.168722907635875 -0.007158780656599168 0.026791476931491216 1.589096760084574 104.96013806276746
56.20873624541514 -0.00716388501497652 0.026789247452206108 1.5890488600886346 104.97151615707452
56.248749583194396 -0.007168957705162836 0.0267870315299885 1.5890013041521849 104.98282448587284
56.28876292097365 -0.007173998989714425 0.026784829053705175 1.5889540888640747 104.99406361946325
56.32877625875292 -0.0071790091284258195 0.026782639913386436 1.588907210856207 105.00523412224935
56.368789596532174 -0.007183988378365214 0.026780464000211193 1.5888606668028817 105.01633655281154
56.40880293431144 -0.007188936993909416 0.026778301206492258 1.5888144534201547 105.0273714639802
56.448816272090696 -0.007193855227126871 0.026776151425912352 1.588768567484255 105.03833940346922
56.48882960986995 -0.007198743326411011 0.026774014552507965 1.5887230057546793 105.0492409116888
56.52884294764921 -0.00720360153862332 0.026771890482157897 1.5886777650881232 105.06007652522052
56.568856285428474 -0.00720843010771373 0.0267697791115679 1.5886328423614473 105.07084677460396
56.60886962320774 -0.007213229275107607 0.026767680338507367 1.5885882344902122 105.08155218497814
56.648882960986995 -0.007217999279737632 0.026765594061795937 1.588543938428105 105.09219327614838
56.68889629876625 -0.007222740358075198 0.026763520181290266 1.5884999511663673 105.10277056265215
56.72890963654551 -0.0072274527441613425 0.026761458597871015 1.588456269733237 105.11328455382409
56.768922974324774 -0.0072321366696372225 0.02675940921343 1.5884128911933997 105.12373575385982
56.80893631210403 -0.007236792363774114 0.02675737193085757 1.588369812647449 105.13412466187908
56.848949649883295 -0.007241420053503011 0.026755346654030183 1.5883270312313575 105.14445177198787
56.88896298766255 -0.007246019963443743 0.0267533332877981 1.5882845441159532 105.1547175733396
56.92897632544181 -0.007250592315933688 0.02675133173797332 1.5882423485064097 105.1649225501955
56.96898966322107 -0.007255137331056061 0.026749341911317694 1.5882004416417412 105.17506718198408
57.00900300100033 -0.007259655226667763 0.026747363715531162 1.5881588207943096 105.18515194335976
57.049016338779595 -0.0072641462184268694 0.026745397059240218 1.5881174832693354 105.19517730426065
57.08902967655885 -0.0072686105198196665 0.02674344185198653 1.5880764264044234 105.20514372996551
57.12904301433811 -0.007273048342187326 0.02674149800421567 1.5880356475690878 105.21505168114992
57.169056352117366 -0.007277459894752178 0.026739565427266104 1.5879951441642948 105.22490161394157
57.20906968989663 -0.007281845384643626 0.026737644033358304 1.5879549136220075 105.23469397997492
57.249083027675894 -0.007286205016923623 0.026735733735583928 1.587914953404735 105.24442922644488
57.28909636545515 -0.007290538994611877 0.026733834447895333 1.5878752610051003 105.25410779615994
57.32910970323441 -0.007294846995804866 0.026731946290470824 1.5878358374113835 105.26372897270642
57.369123041013665 -0.0072991302709716705 0.026730068765968135 1.5877966731996318 105.27329551248631
57.40913637879293 -0.007303388488573771 0.026728201998478602 1.5877577694600913 105.28280667808413
57.44914971657219 -0.007307621843705247 0.026726345905294657 1.58771912380158 105.292262895276
57.48916305435145 -0.007311831030001268 0.026724500208014375 1.5876807305671452 105.30166569118265
57.52917639213071 -0.007316015232264697 0.0267226652207402 1.5876425940510532 105.31101326020064
57.569189729909965 -0.007320175145928902 0.0267208406644587 1.5876047086086633 105.32030713360282
57.60920306768923 -0.007324310958538657 0.02671902645964413 1.587567071958525 105.3295477209279
57.649216405468486 -0.007328422855807227 0.026717222527542734 1.5875296818456617 105.33873542777322
57.68922974324775 -0.007332511021638176 0.026715428790163535 1.5874925360412 105.34787065584071
57.72924308102701 -0.007336575638146817 0.02671364517026931 1.5874556323420026 105.35695380298245
57.769256418806265 -0.007340616885681412 0.02671187159136768 1.5874189685703093 105.36598526324546
57.80926975658552 -0.007344634942844044 0.026710107977702312 1.5873825425733832 105.37496542691588
57.849283094364786 -0.0073486299865112145 0.026708354254244254 1.5873463522231632 105.38389468056256
57.88929643214405 -0.007352602191854129 0.026706610346683403 1.5873103954159211 105.39277340708007
57.92930976992331 -0.007356551732358742 0.026704876181420104 1.5872746700719278 105.40160198573109
57.969323107702564 -0.007360478779845474 0.02670315168555678 1.5872391741351173 105.41038079218829
58.00933644548182 -0.0073643835044886995 0.026701436786889795 1.587203905572765 105.41911019857558
58.049349783261086 -0.007368266087549297 0.026699731409556192 1.5871688623289355 105.4277906012512
58.08936312104034 -0.007372126670551221 0.026698035491395853 1.5871340425087874 105.43642230990699
58.12937645881961 -0.007375965431542908 0.026696348957905937 1.5870994441018091 105.44500571396695
58.169389796598864 -0.007379782534303997 0.02669467173957879 1.5870650651654787 105.45354117176177
58.20940313437812 -0.007383578141061442 0.02669300376756137 1.58703090377906 105.46202903827144
58.249416472157385 -0.007387352412507446 0.026691344973647727 1.5869969580433092 105.47046966516332
58.28942980993664 -0.007391105507817123 0.02668969529027162 1.5869632260801843 105.47886340082964
58.32944314771591 -0.007394837584665929 0.026688054650499064 1.5869297060325533 105.48721059042457
58.369456485495164 -0.007398548799246853 0.026686422988021218 1.5868963960639186 105.49551157590072
58.40946982327442 -0.00740223930628738 0.02668480023714718 1.5868632943581347 105.50376669604516
58.44948316105368 -0.007405909259066223 0.02668318633279698 1.5868303991191395 105.51197628651504
58.48949649883294 -0.007409558809429822 0.026681581210494607 1.586797708570679 105.52014067987267
58.529509836612206 -0.007413188107808626 0.026679984806361176 1.586765220956049 105.5282602056201
58.56952317439146 -0.007416797303233163 0.02667839705710818 1.5867329345378303 105.53633519023339
58.60953651217072 -0.00742038654334988 0.026676817900030795 1.5867008475976339 105.54436595719623
58.64954984994998 -0.007423955974436789 0.026675247273001346 1.5866689584358498 105.55235282703329
58.68956318772924 -0.007427505741418877 0.026673685114462765 1.5866372653713938 105.56029611734306
58.7295765255085 -0.007431035987883343 0.02667213136342221 1.5866057667414675 105.5681961428302
58.76958986328776 -0.0074345468560946025 0.026670585959444753 1.5865744609013146 105.57605321533764
58.80960320106702 -0.007438038487009122 0.026669048842647158 1.5865433462239849 105.58386764387805
58.84961653884628 -0.007441511020290025 0.026667519953691668 1.586512421100099 105.59163973466507
58.88962987662554 -0.007444964594321535 0.02666599923378002 1.5864816839376201 105.599369791144
58.9296432144048 -0.007448399346223208 0.026664486624647394 1.5864511331616276 105.60705811402228
58.96965655218406 -0.007451815411863981 0.026662982068556516 1.5864207672140909 105.6147050012993
59.00966988996332 -0.007455212925876048 0.026661485508291838 1.586390584553654 105.62231074829609
59.04968322774258 -0.007458592021668537 0.02665999688715376 1.5863605836554147 105.62987564768451
59.089696565521834 -0.007461952831441028 0.02665851614895297 1.586330763010717 105.63739998951603
59.1297099033011 -0.007465295486196859 0.026657043238004798 1.5863011211269342 105.64488406125022
59.16972324108036 -0.0074686201157563095 0.026655578099123726 1.5862716565272685 105.65232814778282
59.20973657885962 -0.00747192684876957 0.026654120677617917 1.5862423677505455 105.65973253147345
59.249749916638876 -0.007475215812729567 0.026652670919283784 1.5862132533510118 105.66709749217308
59.28976325441813 -0.007478487133984598 0.026651228770400708 1.586184311898139 105.67442330725098
59.3297765921974 -0.007481740937750843 0.026649794177725773 1.5861555419764295 105.68171025162133
59.369789929976655 -0.0074849773481246665 0.026648367088488573 1.5861269421852247 105.68895859776977
59.40980326775592 -0.007488196488094809 0.026646947450386115 1.5860985111385155 105.69616861577926
59.449816605535176 -0.007491398479554376 0.026645535211577722 1.5860702474647572 105.70334057335579
59.48982994331443 -0.007494583443312706 0.02664413032068009 1.586042149806685 105.71047473585378
59.5298432810937 -0.007497751499107088 0.026642732726762347 1.586014216821136 105.71757136630107
59.569856618872954 -0.007500902765614291 0.026641342379341182 1.5859864471788685 105.72463072542374
59.60986995665222 -0.007504037360461995 0.026639959228376052 1.5859588395643884 105.7316530716704
59.649883294431476 -0.007507155400240053 0.026638583224264434 1.585931392675776 105.73863866123642
59.68989663221073 -0.007510257000511597 0.026637214317837176 1.5859041052245173 105.74558774808767
59.72990996998999 -0.007513342275824042 0.02663585246035384 1.5858769759353342 105.75250058398406
59.769923307769254 -0.007516411339719906 0.02663449760349816 1.5858500035460206 105.75937741850277
59.80993664554852 -0.007519464304747524 0.026633149699373537 1.5858231868072798 105.76621849906115
59.849949983327775 -0.007522501282471629 0.026631808700498586 1.5857965244825638 105.77302407093947
59.88996332110703 -0.007525522383483769 0.026630474559802747 1.585770015347915 105.77979437730313
59.92997665888629 -0.00752852771741263 0.026629147230621965 1.5857436581918125 105.78652965922491
59.969989996665554 -0.0075315263243102525 0.02662782317358937 1.5857173984856041 105.79324991845813
60.01000333444481 -0.007534491517781849 0.02662651282215606 1.58569139503041 105.7998961037011
60.050016672224075 -0.0075374501987562036 0.026625205651536997 1.5856654866628712 105.80652773813266
60.09003001000333 -0.007540393541735002 0.026623905109756766 1.5856397255491028 105.813125291919
60.13004334778259 -0.007543321651682736 0.026622611152120567 1.585614110537499 105.81968899599144
60.17005668556185 -0.007546234632660237 0.02662132373431519 1.585588640488001 105.8262190793157
60.21007002334111 -0.007549132587834104 0.026620042812405046 1.5855633142719563 105.83271576891207
60.250083361120375 -0.007552015619486041 0.026618768342828215 1.58553813077198 105.83917928987533
60.29009669889963 -0.007554883829022046 0.026617500282392587 1.5855130888818159 105.84560986539478
60.33011003667889 -0.007557737316651307 0.026616238586981443 1.5854881874298739 105.85200771684575
60.370123374458146 -0.007560576182716711 0.026614983216720244 1.5854634254848812 105.85837306351715
60.41013671223741 -0.007563400525720497 0.02661373412820476 1.5854388018963816 105.864706123073
60.450150050016674 -0.007566210443655779 0.02661249127968431 1.585414315601313 105.87100711127312
60.49016338779593 -0.007569006033684355 0.026611254629759357 1.5853899655470893 105.87727624206707
60.53017672557519 -0.007571787392145294 0.026610024137377907 1.5853657506914751 105.88351372761262
60.570190063354445 -0.00757455461456335 0.026608799761831926 1.58534167000246 105.88971977829381
60.61020340113371 -0.007577307795657344 0.026607581462753854 1.5853177224581378 105.89589460273898
60.65021673891297 -0.007580047029348388 0.026606369200113125 1.5852939070465872 105.90203840783849
60.69023007669223 -0.007582772408768053 0.02660516293421275 1.5852702227657514 105.90815139876229
60.73024341447149 -0.007585484026266391 0.026603962625685887 1.5852466686233213 105.91423377897709
60.770256752250745 -0.007588181973419927 0.02660276823549256 1.5852232436366211 105.92028575026376
60.81027009003001 -0.007590866341039479 0.0266015797249163 1.5851999468324942 105.92630751273393
60.850283427809266 -0.007593537219177945 0.02660039705556089 1.58517677724719 105.93229926484693
60.89029676558853 -0.007596194697137968 0.026599220189347177 1.5851537339262562 105.9382612034262
60.93031010336779 -0.00759883886345778 0.02659804908832076 1.5851308159136641 105.94419352373993
60.970323441147045 -0.007601469806006659 0.026596883715405795 1.5851080222948044 105.95009641926177
61.0103367789263 -0.007604087611858798 0.02659572403326548 1.5850853521316466 105.95597008206727
61.050350116705566 -0.007606692367390692 0.026594570005057216 1.5850628045058446 105.96181470259775
61.09036345448483 -0.007609284158265598 0.026593421594239917 1.58504037850782 105.96763046973837
61.13037679226409 -0.00761186306944065 0.026592278764570904 1.5850180732366554 105.97341757083356
61.170390130043344 -0.007614429185173926 0.02659114148010301 1.584995887799998 105.97917619170221
61.2104034678226 -0.007616982589031416 0.026590009705181626 1.5849738213139586 105.98490651665267
61.250416805601866 -0.007619523363893914 0.02658888340444177 1.5849518729030148 105.99060872849766
61.29043014338112 -0.00762205159196382 0.026587762542805246 1.5849300416999121 105.99628300856897
61.33044348116039 -0.007624567354771882 0.02658664708547784 1.5849083268455741 106.00192953673186
61.370456818939644 -0.0076270707331838345 0.02658553699794646 1.584886727489002 106.00754849139958
61.4104701567189 -0.0076295618074069815 0.02658443224597644 1.584865242787188 106.0131400495474
61.450483494498165 -0.007632040656996669 0.026583332795608705 1.5848438719050182 106.01870438672674
61.49049683227742 -0.007634507360862751 0.026582238613157207 1.5848226140151895 106.02424167707895
61.53051017005669 -0.007636961997275885 0.02658114966520611 1.5848014682981126 106.02975209334909
61.570523507835944 -0.007639404643873838 0.026580065918607274 1.5847804339418319 106.03523580689941
61.6105368456152 -0.007641835377667672 0.02657898734047756 1.5847595101419343 106.04069298772272
61.65055018339446 -0.007644254275047873 0.026577913898196276 1.584738696101464 106.04612380445577
61.69056352117372 -0.007646661411790418 0.02657684555940264 1.584717991030841 106.05152842439216
61.730576858952986 -0.007649056863062747 0.026575782291993276 1.5846973941477762 106.05690701349533
61.77059019673224 -0.007651440703429696 0.026574724064119655 1.5846769046771882 106.06225973641146
61.8106035345115 -0.00765381300685934 0.026573670844185698 1.584656521851124 106.06758675648194
61.85061687229076 -0.007656173846728779 0.02657262260084532 1.5846362449086797 106.07288823575604
61.89063021007002 -0.007658523295829859 0.026571579302999998 1.5846160730959191 106.07816433500312
61.93064354784928 -0.007660861098162722 0.026570541047840932 1.5845960075060415 106.08341448680012
61.97065688562854 -0.007663187984771234 0.026569507547499656 1.5845760436994734 106.08864030983467
62.0106702234078 -0.00766550369551969 0.026568478900824553 1.5845561828019425 106.09384122756688
62.05068356118706 -0.007667808300914506 0.026567455077684023 1.584536424086622 106.09901739576704
62.09069689896632 -0.0076701018709044765 0.026566436048182436 1.5845167668332785 106.10416896898539
62.13071023674558 -0.007672384797405526 0.026565421656863288 1.5844972085303948 106.10929681493762
62.17072357452484 -0.007674656501304401 0.026564412127031426 1.5844777520846534 106.11439965055506
62.2107369123041 -0.007676917376363604 0.026563407302540382 1.5844583949788915 106.1194783476609
62.25075025008336 -0.0076791674903545415 0.026562407154415994 1.584439136518516 106.12453305604006
62.29076358786262 -0.007681406910517092 0.02656141165390903 1.5844199760151665 106.12956392431389
62.33077692564188 -0.007683635703564658 0.026560420772493144 1.5844009127866532 106.13457109995105
62.370790263421135 -0.007685853935689133 0.02655943448186268 1.5843819461568833 106.13955472927837
62.4108036012004 -0.007688061672565873 0.02655845275393069 1.584363075455799 106.14451495749155
62.450816938979656 -0.007690258979358535 0.026557475560826813 1.5843443000193096 106.14945192866564
62.49083027675891 -0.007692445920723922 0.02655650287489525 1.5843256191892259 106.15436578576558
62.53084361453818 -0.007694622560816751 0.026555534668692794 1.5843070323131994 106.15925667065646
62.570856952317435 -0.007696788963294374 0.026554570914986808 1.584288538744656 106.16412472411388
62.6108702900967 -0.007698945191321433 0.026553611586753272 1.5842701378427348 106.16897008583388
62.650883627875956 -0.007701091307574488 0.02655265665717485 1.5842518289722272 106.17379289444308
62.69089696565521 -0.007703227374246559 0.026551706099638927 1.5842336115035138 106.17859328750853
62.73091030343448 -0.0077053534530516655 0.02655075988773578 1.5842154848125085 106.18337140154748
62.770923641213734 -0.007707469605229262 0.026549817995256617 1.5841974482805934 106.18812737203706
62.810936978993 -0.007709575891548684 0.0265488803961918 1.584179501294567 106.19286133342388
62.850950316772256 -0.007711672372313473 0.026547947064728933 1.5841616432465802 106.19757341913349
62.89096365455151 -0.007713759107365733 0.02654701797525108 1.5841438735340825 106.20226376157973
62.93097699233078 -0.007715836156090385 0.026546093102334977 1.5841261915597666 106.20693249217405
62.970990330110034 -0.007717903577419382 0.026545172420749226 1.5841085967315096 106.21157974133457
63.01100366788929 -0.0077199614298358995 0.02654425590545254 1.5840910884623198 106.21620563849527
63.051017005668555 -0.007722009771378475 0.026543343531592028 1.5840736661702843 106.2208103121149
63.09103034344781 -0.007724048659645072 0.026542435274501425 1.5840563292785097 106.22539388968588
63.13104368122707 -0.007726078151797147 0.026541531109699444 1.584039077215076 106.229956497743
63.171057019006334 -0.007728098304563641 0.026540631012888057 1.5840219094129813 106.23449826187223
63.21107035678559 -0.007730109174244928 0.026539734959950812 1.5840048253100867 106.23901930671924
63.251083694564855 -0.007732110816716751 0.026538842926951245 1.5839878243490726 106.24351975599791
63.29109703234411 -0.00773410328743407 0.026537954890131183 1.583970905977382 106.24799973249871
63.33111037012337 -0.007736086641434903 0.026537070825909163 1.5839540696471741 106.25245935809714
63.37112370790263 -0.007738060933344121 0.02653619071087884 1.583937314815274 106.2568987537618
63.41113704568189 -0.007740026217377188 0.026535314521807386 1.5839206409431241 106.2613180395627
63.451150383461155 -0.007741982547343874 0.02653444223563395 1.5839040474967372 106.26571733467915
63.49116372124041 -0.007743929976651923 0.026533573829468093 1.5838875339466472 106.2700967574079
63.53117705901967 -0.007745868558310687 0.026532709280588276 1.5838710997678653 106.27445642517092
63.57119039679893 -0.007747798344934707 0.02653184856644032 1.5838547444398299 106.27879645452325
63.61120373457819 -0.007749719388747282 0.026530991664635937 1.5838384674463641 106.28311696116076
63.65121707235745 -0.007751631741583974 0.02653013855295125 1.5838222682756309 106.28741805992772
63.69123041013671 -0.007753535454896093 0.026529289209325298 1.5838061464200852 106.29169986482441
63.73124374791597 -0.007755430579754122 0.026528443611858597 1.5837901013764326 106.29596248901461
63.771257085695225 -0.0077573171668511515 0.02652760173881171 1.5837741326455848 106.30020604483302
63.81127042347449 -0.0077591952665062285 0.026526763568603853 1.5837582397326189 106.30443064379254
63.85128376125375 -0.007761064928667694 0.026525929079811446 1.5837424221467316 106.30863639659158
63.89129709903301 -0.007762926202916487 0.026525098251166723 1.5837266794011986 106.31282341312124
63.93131043681227 -0.007764779138469407 0.0265242710615564 1.5837110110133346 106.31699180247232
63.971323774591525 -0.007766623784182344 0.02652344749002028 1.5836954165044508 106.32114167294252
64.0113371123708 -0.007768460188553472 0.026522627515749884 1.583679895399813 106.32527313204325
64.05135045015004 -0.007770288399726422 0.02652181111808719 1.5836644472286068 106.32938628650658
64.09136378792931 -0.007772108465493408 0.026520998276523235 1.5836490715238924 106.33348124229205
64.13137712570857 -0.00777392043329832 0.026520188970696863 1.5836337678225685 106.33755810459344
64.17139046348782 -0.007775724350239793 0.02651938318039339 1.583618535665333 106.34161697784543
64.2114038012671 -0.007777520263074256 0.026518580885543368 1.583603374596646 106.3456579657302
64.25141713904634 -0.0077793082182188965 0.02651778206622128 1.5835882841646898 106.34968117118392
64.29143047682561 -0.007781088261754685 0.026516986702644338 1.5835732639213356 106.35368669640333
64.33144381460487 -0.007782860439429267 0.026516194775171163 1.5835583134221007 106.35767464285213
64.37145715238412 -0.007784624796659906 0.026515406264300625 1.5835434322261184 106.36164511126724
64.41147049016338 -0.007786381378536355 0.02651462115067064 1.5835286198961003 106.36559820166515
64.45148382794264 -0.0077881302298237025 0.026513839415056886 1.5835138759982963 106.36953401334814
64.49149716572191 -0.007789871394965202 0.026513061038371696 1.583499200102467 106.37345264491037
64.53151050350117 -0.007791604918085059 0.02651228600166283 1.583484591781843 106.37735419424402
64.57152384128042 -0.007793330842991202 0.026511514286112328 1.583470050613093 106.38123875854532
64.61153717905968 -0.007795049213178024 0.026510745873035375 1.5834555761762912 106.38510643432052
64.65155051683894 -0.007796760071829065 0.026509980743879103 1.5834411680548806 106.38895731739173
64.69156385461821 -0.007798463461819731 0.026509218880221508 1.5834268258356423 106.39279150290287
64.73157719239747 -0.007800159425719923 0.026508460263770354 1.5834125491086644 106.3966090853254
64.77159053017672 -0.007801848005796671 0.026507704876361966 1.5833983374673035 106.40041015846401
64.81160386795598 -0.00780352924401673 0.02650695269996024 1.5833841905081603 106.40419481546243
64.85161720573524 -0.007805203182049164 0.026506203716655498 1.5833701078310427 106.40796314880889
64.89163054351451 -0.00780686986126789 0.02650545790866343 1.5833560890389364 106.4117152503418
64.93164388129375 -0.007808529322754193 0.026504715258324027 1.5833421337379754 106.41545121125516
64.97165721907302 -0.007810181607299241 0.02650397574810054 1.5833282415374084 106.41917112210409
65.01167055685228 -0.007811826755406536 0.026503239360578395 1.583314412049571 106.42287507281021
65.05168389463154 -0.007813464807294376 0.026502506078464223 1.5833006448898552 106.42656315266693
65.09169723241081 -0.00781509580289828 0.026501775884584803 1.583286939676681 106.4302354503448
65.13171057019005 -0.007816719781873371 0.026501048761886036 1.5832732960314646 106.4338920538967
65.17172390796932 -0.007818336783596771 0.026500324693431967 1.5832597135785913 106.43753305076311
65.21173724574858 -0.00781994684716993 0.026499603662403785 1.583246191945388 106.44115852777712
65.25175058352784 -0.00782155001142098 0.026498885652098857 1.583232730762094 106.4447685711696
65.29176392130711 -0.007823146314907022 0.02649817064592972 1.5832193296618318 106.44836326657426
65.33177725908635 -0.007824735795916402 0.026497458627423143 1.5832059882805816 106.45194269903253
65.37179059686562 -0.007826318492470993 0.02649674958021918 1.5831927062571538 106.45550695299856
65.41180393464488 -0.007827894442328412 0.026496043488070203 1.583179483233161 106.45905611234417
65.45181727242414 -0.007829463682984249 0.02649534033483998 1.5831663188529919 106.46259026036356
65.49183061020341 -0.007831026251674245 0.026494640104502764 1.583153212763786 106.46610947977817
65.53184394798265 -0.007832582185376476 0.026493942781142338 1.5831401646154062 106.46961385274145
65.57185728576192 -0.007834131520813501 0.026493248348951146 1.5831271740604125 106.47310346084352
65.61187062354118 -0.007835674294454491 0.02649255679222939 1.5831142407540408 106.47657838511581
65.65188396132044 -0.007837210542517318 0.026491868095384095 1.5831013643541703 106.48003870603576
65.6918972990997 -0.007838740300970695 0.026491182242928315 1.5830885445213068 106.48348450353124
65.73191063687895 -0.00784026360553617 0.026490499219480143 1.5830757809185512 106.48691585698522
65.77192397465822 -0.007841780491690238 0.02648981900976196 1.5830630732115796 106.49033284524013
65.81193731243748 -0.007843290994666331 0.02648914159859953 1.5830504210686183 106.49373554660237
65.85195065021674 -0.007844795149456836 0.026488466970921117 1.5830378241604182 106.49712403884662
65.891963987996 -0.007846292990815087 0.026487795111756713 1.5830252821602326 106.50049839922033
65.93197732577525 -0.007847784553257327 0.026487126006237177 1.5830127947437957 106.50385870444784
65.97199066355452 -0.007849269871213788 0.026486459639990575 1.5830003616135513 106.50720503079725
66.01200400133378 -0.007850748978433192 0.026485795997549553 1.5829879824014237 106.5105374538347
66.05201733911304 -0.00785222190888219 0.02648513506474296 1.5829756568148894 106.51385604880345
66.09203067689229 -0.007853688696147984 0.026484476827096964 1.5829633845393691 106.51716089037807
66.13204401467155 -0.007855149380409217 0.026483821288277882 1.5829511663652998 106.52045205564872
66.17205735245082 -0.00785660398113129 0.02648316839780794 1.5829389997709689 106.52372961245624
66.21207069023006 -0.007858052538074022 0.02648251815965541 1.5829268855580558 106.52699363689678
66.25208402800934 -0.007859495083925598 0.026481870559729115 1.5829148234213193 106.53024420166079
66.29209736578859 -0.007860931651153981 0.026481225584031577 1.5829028130577967 106.53348137895267
66.33211070356785 -0.007862362265343028 0.02648058320116086 1.5828908530966102 106.53670523757067
66.37212404134712 -0.007863786971887657 0.026479943432407317 1.5828789453860614 106.53991585460615
66.41213737912636 -0.007865205795909557 0.02647930624644454 1.5828670885532905 106.54311329790546
66.45215071690563 -0.007866618769013596 0.026478671629642535 1.582855282304252 106.54629763776754
66.49216405468489 -0.007868025922593207 0.02647803956846135 1.58284352634708 106.54946894402444
66.53217739246415 -0.007869427287832088 0.026477410049450315 1.5828318203920655 106.5526272860451
66.57219073024342 -0.0078708228957059 0.026476783059247385 1.582820164151641 106.555772732739
66.61220406802266 -0.00787221277698393 0.026476158584578392 1.5828085573403572 106.5589053525599
66.65221740580193 -0.007873596962230757 0.02647553661225636 1.5827969996748656 106.56202521350943
66.69223074358119 -0.00787497548180789 0.026474917129180847 1.5827854908739025 106.56513238314065
66.73224408136045 -0.007876348365875377 0.026474300122337164 1.5827740306582627 106.56822692856164
66.77225741913972 -0.007877715644393442 0.026473685578795824 1.5827626187507902 106.57130891643904
66.81227075691896 -0.007879077347124053 0.026473073485711734 1.5827512548763518 106.57437841300154
66.85228409469823 -0.00788043350363253 0.026472463830323634 1.5827399387618237 106.57743548404332
66.89229743247749 -0.007881784143289081 0.026471856599953384 1.5827286701360732 106.58048019492752
66.93231077025675 -0.007883129295270373 0.026471251782005312 1.5827174487299382 106.5835126105896
66.972324108036 -0.007884468988561062 0.02647064936396559 1.582706274276214 106.58653279554072
67.01233744581526 -0.007885803251955308 0.026470049333401545 1.5826951465096308 106.58954081387111
67.05235078359453 -0.00788713211405829 0.02646945167796108 1.5826840651668408 106.5925367292533
67.09236412137379 -0.007888455603287709 0.026468856385372004 1.5826730299863994 106.59552060494546
67.13237745915305 -0.007889773747875231 0.02646826344344138 1.5826620407087457 106.59849250379466
67.1723907969323 -0.007891086575868005 0.026467672840054992 1.5826510970761931 106.60145248824
67.21240413471156 -0.007892394115130071 0.026467084563176656 1.5826401988329046 106.60440062031589
67.25241747249083 -0.007893696399766302 0.026466498598354406 1.58262934569315 106.6073369759013
67.29243081027009 -0.00789499344442428 0.02646591493869661 1.582618537468286 106.610261587717
67.33244414804935 -0.007896285282858698 0.02646533356990089 1.58260777387614 106.61317453086774
67.3724574858286 -0.007897571942215506 0.02646475448023726 1.5825970546681278 106.61607586580025
67.41247082360786 -0.007898853449464631 0.026464177658050772 1.5825863795974375 106.6189656525721
67.45248416138713 -0.00790012983140135 0.026463603091761004 1.5825757484190166 106.6218439508546
67.49249749916638 -0.007901401114647632 0.02646303076986142 1.5825651608895535 106.62471081993583
67.53251083694565 -0.00790266732565352 0.026462460680918846 1.5825546167674651 106.62756631872361
67.5725241747249 -0.007903928490698433 0.026461892813572873 1.5825441158128803 106.63041050574836
67.61253751250416 -0.007905184635892515 0.026461327156535316 1.5825336577876252 106.63324343916616
67.65255085028343 -0.007906435787177934 0.026460763698589632 1.5825232424552078 106.63606517676149
67.69256418806268 -0.007907681970330193 0.02646020242859043 1.5825128695808068 106.6388757759501
67.73257752584195 -0.007908923210959404 0.026459643335462843 1.5825025389312515 106.64167529378193
67.7725908636212 -0.00791015953451158 0.026459086408202062 1.5824922502750127 106.6444637869438
67.81260420140046 -0.007911390966269893 0.026458531635872747 1.5824820033821858 106.64724131176231
67.85261753917973 -0.007912617531106086 0.026457979007734785 1.5824717980273069 106.65000792363483
67.89263087695898 -0.007913839254481645 0.026457428512737424 1.5824616339780126 106.65276367932022
67.93264421473825 -0.007915055953896489 0.02645688022061646 1.5824515120222038 106.65550817417089
67.9726575525175 -0.007916268069635107 0.026456333959432324 1.582441429907771 106.65824238517874
68.01267089029676 -0.007917475417591463 0.02645578979952903 1.582431388431162 106.66096590415593
68.05268422807603 -0.007918678022097522 0.026455247730377253 1.5824213873719364 106.66367878532408
68.09269756585527 -0.00791987590733096 0.02645470774151356 1.5824114265111837 106.66638108256329
68.13271090363455 -0.007921069097316331 0.026454169822539883 1.582401505631511 106.66907284941472
68.1727242414138 -0.007922257813837137 0.02645363388634333 1.58239162355559 106.67175457816006
68.21273757919306 -0.007923441683288986 0.026453100076800275 1.5823817819998873 106.67442544018196
68.25275091697232 -0.007924620928665025 0.026452568306338166 1.5823719797820217 106.67708593044406
68.29276425475157 -0.007925795573388985 0.026452038564815542 1.5823622166905422 106.67973610115742
68.33277759253085 -0.0079269656407372 0.02645151084215388 1.5823524925154522 106.68237600420673
68.3727909303101 -0.007928131153839725 0.02645098512833713 1.582342807048195 106.68500569115278
68.41280426808936 -0.007929292135681455 0.026450461413411286 1.5823331600816481 106.68762521323492
68.45281760586862 -0.007930448609103198 0.026449939687483874 1.5823235514101024 106.69023462137346
68.49283094364787 -0.007931600596802781 0.02644941994072351 1.5823139808292577 106.69283396617203
68.53284428142715 -0.00793274812133612 0.02644890216335946 1.5823044481362063 106.69542329791994
68.5728576192064 -0.007933891205118275 0.026448386345681158 1.5822949531294248 106.6980026665946
68.61287095698566 -0.007935029870424526 0.026447872478037766 1.582285495608758 106.70057212186373
68.65288429476492 -0.007936164139391407 0.026447360550837764 1.5822760753754137 106.7031317130878
68.69289763254417 -0.007937294034017762 0.02644685055454848 1.582266692231946 106.70568148932216
68.73291097032345 -0.007938419576165747 0.026446342479695635 1.582257345982246 106.70822149931949
68.77292430810269 -0.007939540787561884 0.026445836316862953 1.582248036431531 106.71075179153188
68.81293764588196 -0.00794065768979804 0.0264453320566917 1.582238763386333 106.71327241411312
68.85295098366122 -0.007941770304332454 0.026444829689880277 1.582229526654489 106.7157834149209
68.89296432144047 -0.007942878652490729 0.02644432920718382 1.5822203260451293 106.71828484151908
68.93297765921974 -0.007943982755466799 0.02644383059941371 1.5822111613686656 106.72077674117969
68.97299099699899 -0.00794508263432393 0.026443333857437242 1.5822020324367823 106.7232591608852
69.01300433477826 -0.007946178309995668 0.026442838972177158 1.5821929390624254 106.72573214733067
69.05301767255752 -0.007947269803286819 0.02644234593461128 1.5821838810597937 106.72819574692579
69.09303101033677 -0.007948357134874379 0.026441854735772076 1.5821748582443251 106.73065000579695
69.13304434811604 -0.00794944032530849 0.02644136536674626 1.5821658704326877 106.73309496978943
69.17305768589529 -0.007950519395013386 0.026440877818674446 1.5821569174427739 106.73553068446942
69.21307102367456 -0.00795159436428829 0.026440392082750667 1.5821479990936835 106.73795719512594
69.25308436145382 -0.007952665253308362 0.02643990815022207 1.582139115205718 106.74037454677308
69.29309769923307 -0.007953732082125594 0.02643942601238849 1.5821302656003722 106.74278278415177
69.33311103701234 -0.007954794870669725 0.026438945660602068 1.5821214501003193 106.74518195173198
69.37312437479159 -0.007955853638749124 0.026438467086266865 1.5821126685294071 106.74757209371455
69.41313771257086 -0.007956908406051691 0.02643799028083853 1.582103920712645 106.74995325403323
69.45315105035012 -0.007957959192145722 0.026437515235823852 1.5820952064761948 106.75232547635656
69.49316438812937 -0.007959006016480797 0.026437041942780452 1.5820865256473624 106.7546888040898
69.53317772590863 -0.007960048898388637 0.026436570393316407 1.5820778780545892 106.75704328037688
69.57319106368789 -0.007961087857083963 0.026436100579089846 1.5820692635274405 106.75938894810226
69.61320440146716 -0.007962122911665353 0.026435632491808643 1.582060681896599 106.7617258498928
69.65321773924641 -0.007963154081116067 0.026435166123230026 1.5820521329938546 106.7640540281196
69.69323107702567 -0.007964181384304913 0.026434701465160238 1.5820436166520964 106.76637352489992
69.73324441480493 -0.007965204839987045 0.026434238509454158 1.582035132705301 106.7686843820989
69.77325775258419 -0.007966224466804806 0.026433777248015003 1.5820266809885288 106.77098664133145
69.81327109036346 -0.00796724028328853 0.026433317672793916 1.58201826133791 106.77328034396398
69.85328442814271 -0.00796825230785737 0.026432859775789706 1.5820098735906418 106.77556553111629
69.89329776592197 -0.007969260558820069 0.026432403549048408 1.582001517584973 106.77784224366322
69.93331110370123 -0.007970265054375784 0.02643194898466305 1.5819931931602027 106.78011052223641
69.97332444148049 -0.007971265812614854 0.02643149607477324 1.5819849001566675 106.7823704072262
70.01333777925976 -0.007972262851519595 0.02643104481156487 1.581976638415734 106.78462193878306
70.053351117039 -0.00797325618896506 0.026430595187269788 1.5819684077797922 106.78686515681962
70.09336445481827 -0.007974245842719822 0.026430147194165445 1.5819602080922446 106.78910010101207
70.13337779259753 -0.007975231830446725 0.02642970082457461 1.5819520391975015 106.79132681080206
70.17339113037679 -0.007976214169703648 0.02642925607086504 1.5819439009409726 106.79354532539828
70.21340446815606 -0.007977192877944243 0.02642881292544912 1.5819357931690543 106.7957556837781
70.2534178059353 -0.00797816797251869 0.026428371380783616 1.58192771572913 106.79795792468916
70.29343114371457 -0.007979139470674426 0.026427931429369306 1.5819196684695551 106.80015208665117
70.33344448149383 -0.007980107389556873 0.026427493063750696 1.581911651239654 106.80233820795729
70.37345781927309 -0.007981071746210176 0.02642705627651573 1.5819036638897108 106.80451632667592
70.41347115705236 -0.007982032557577902 0.026426621060295433 1.581895706270961 106.80668648065219
70.4534844948316 -0.007982989840503767 0.02642618740776366 1.5818877782355862 106.80884870750953
70.49349783261087 -0.007983943611732333 0.02642575531163676 1.5818798796367042 106.81100304465124
70.53351117039013 -0.007984893887909718 0.026425324764673293 1.5818720103283639 106.81314952926206
70.57352450816938 -0.00798584068558429 0.026424895759673772 1.581864170165538 106.81528819830972
70.61353784594866 -0.007986784021207336 0.02642446828948029 1.5818563590041133 106.81741908854632
70.6535511837279 -0.007987723911133782 0.02642404234697631 1.5818485767008874 106.81954223651005
70.69356452150717 -0.00798866037162283 0.026423617925086313 1.5818408231135581 106.82165767852652
70.73357785928643 -0.007989593418838661 0.026423195016775557 1.5818330981007185 106.82376545071028
70.77359119706568 -0.007990523068851093 0.026422773615049786 1.5818254015218507 106.82586558896638
70.81360453484494 -0.007991449337636233 0.026422353712954923 1.581817733237316 106.82795812899172
70.8536178726242 -0.007992372241077138 0.026421935303576824 1.5818100931083514 106.83004310627652
70.89363121040347 -0.007993291794964481 0.026421518380040993 1.581802480997062 106.83212055610578
70.93364454818273 -0.007994208014997159 0.026421102935512284 1.5817948967664122 106.83419051356073
70.97365788596198 -0.007995120916782972 0.02642068896319467 1.581787340280222 106.83625301352015
71.01367122374124 -0.00799603051583924 0.02642027645633095 1.5817798114031598 106.83830809066187
71.0536845615205 -0.007996936827593426 0.02641986540820246 1.581772310000733 106.84035577946412
71.09369789929977 -0.007997839867383774 0.026419455812128866 1.5817648359392875 106.84239611420688
71.13371123707903 -0.007998739650178466 0.026419047660826585 1.5817573890461416 106.84442912879983
71.17372457485828 -0.007999636191703217 0.02641864094897682 1.5817499692691932 106.84645485747794
71.21373791263754 -0.008000529506749662 0.026418235669368042 1.5817425764372035 106.84847333376075
71.2537512504168 -0.008001419610305285 0.026417831815470475 1.581735210419794 106.85048459114898
71.29376458819607 -0.008002306517271383 0.026417429380791356 1.5817278710873892 106.85248866295174
71.33377792597531 -0.008003190242463671 0.026417028358874654 1.5817205583112124 106.85448558228798
71.37379126375458 -0.008004070800612871 0.026416628743300856 1.5817132719632785 106.85647538208778
71.41380460153384 -0.008004948206365287 0.02641623052768667 1.5817060119163857 106.85845809509364
71.4538179393131 -0.008005822474283402 0.026415833705684847 1.581698778044116 106.86043375386171
71.49383127709237 -0.008006693618846435 0.026415438270983874 1.5816915702208236 106.86240239076311
71.53384461487161 -0.00800756165445092 0.026415044217307733 1.581684388321629 106.86436403798521
71.57385795265088 -0.00800842659541128 0.02641465153841574 1.5816772322224182 106.86631872753279
71.61387129043014 -0.008009288455960382 0.0264142602281022 1.5816701017998327 106.8682664912294
71.6538846282094 -0.008010147250250087 0.026413870280196237 1.581662996931265 106.87020736071851
71.69389796598867 -0.00801100299235181 0.02641348168856153 1.5816559174948528 106.87214136746475
71.73391130376791 -0.008011855696257078 0.026413094447096105 1.5816488633694745 106.87406854275513
71.77392464154718 -0.00801270537587805 0.026412708549732076 1.5816418344347425 106.87598891770023
71.81393797932644 -0.008013552045048083 0.026412323990435436 1.5816348305709977 106.87790252323542
71.8539513171057 -0.008014395717522249 0.02641194076320582 1.5816278516593059 106.879809390122
71.89396465488497 -0.008015236406977874 0.026411558862076284 1.5816208975814503 106.88170954894842
71.93397799266421 -0.008016074127015063 0.02641117828111307 1.5816139682199268 106.88360303013141
71.97399133044348 -0.008016908891157219 0.02641079901441539 1.5816070634579387 106.88548986391713
72.01400466822274 -0.008017740712851574 0.026410421056115234 1.5816001831793933 106.88737008038235
72.054018006002 -0.008018569605469685 0.026410044400377083 1.5815933272688933 106.88924370943559
72.09403134378125 -0.00801939558230796 0.026409669041397767 1.581586495611735 106.89111078081817
72.13404468156051 -0.008020218656588161 0.026409294973406192 1.5815796880939001 106.89297132410546
72.17405801933978 -0.008021038841457896 0.02640892219066316 1.5815729046020532 106.89482536870787
72.21407135711904 -0.008021856149991138 0.02640855068746117 1.5815661450235379 106.89667294387202
72.2540846948983 -0.00802267059518869 0.026408180458124136 1.5815594092463654 106.89851407868179
72.29409803267755 -0.008023482189978708 0.02640781149700727 1.5815526971592184 106.90034880205947
72.33411137045681 -0.008024290947217162 0.0264074437984968 1.5815460086514386 106.90217714276673
72.37412470823608 -0.00802509687968834 0.026407077357009832 1.5815393436130278 106.90399912940583
72.41413804601534 -0.008025900000105307 0.026406712166994077 1.5815327019346386 106.90581479042056
72.4541513837946 -0.008026700321110388 0.026406348222927697 1.5815260835075722 106.90762415409733
72.49416472157385 -0.008027497855275654 0.02640598551931909 1.5815194882237735 106.90942724856623
72.53417805935311 -0.008028292615103363 0.026405624050706684 1.5815129159758246 106.91122410180205
72.57419139713238 -0.008029084613026453 0.02640526381165875 1.5815063666569429 106.91301474162529
72.61420473491162 -0.008029873861408982 0.0264049047967732 1.5814998401609746 106.91479919570325
72.6542180726909 -0.008030660372546593 0.0264045470006774 1.5814933363823913 106.91657749155092
72.69423141047015 -0.00803144415866696 0.026404190418027964 1.5814868552162842 106.91834965653211
72.73424474824941 -0.008032225231930255 0.02640383504351056 1.58148039655836 106.92011571786038
72.77425808602868 -0.008033003604429578 0.026403480871839736 1.5814739603049375 106.9218757026
72.81427142380792 -0.008033779288191411 0.026403127897758748 1.581467546352943 106.923629637667
72.8542847615872 -0.00803455229517605 0.02640277611603931 1.581461154599905 106.92537754983012
72.89429809936645 -0.008035322637278046 0.02640242552148147 1.58145478494395 106.92711946571171
72.93431143714571 -0.008036090326326635 0.02640207610891339 1.5814484372837985 106.92885541178883
72.97432477492498 -0.008036855374086176 0.026401727873191196 1.5814421115187625 106.93058541439406
73.01433811270422 -0.00803761779225656 0.026401380809198745 1.581435807548737 106.9323094997165
73.0543514504835 -0.008038377592473648 0.02640103491184751 1.581429525274201 106.93402769380269
73.09436478826275 -0.00803913478630969 0.026400690176076345 1.5814232645962092 106.93574002255762
73.13437812604201 -0.008039889385273738 0.026400346596851344 1.5814170254163908 106.93744651174553
73.17439146382128 -0.008040641400812057 0.02640000416916562 1.5814108076369424 106.9391471869909
73.21440480160052 -0.008041390844308535 0.026399662888039205 1.5814046111606284 106.9408420737793
73.2544181393798 -0.008042137727085098 0.0263993227485188 1.5813984358907711 106.9425311974584
73.29443147715905 -0.008042882060402105 0.02639898374567764 1.5813922817312527 106.94421458323875
73.33444481493831 -0.008043623855458757 0.026398645874615333 1.5813861485865075 106.94589225619471
73.37445815271757 -0.008044363123393489 0.026398309130457657 1.581380036361519 106.94756424126538
73.41447149049682 -0.008045099875284364 0.026397973508356428 1.581373944961817 106.94923056325536
73.4544848282761 -0.008045834122149473 0.0263976390034893 1.581367874293472 106.95089124683572
73.49449816605535 -0.008046565874947313 0.026397305611059636 1.581361824263094 106.95254631654485
73.53451150383461 -0.008047295144577178 0.026396973326296282 1.5813557947778245 106.95419579678924
73.57452484161387 -0.008048021941879549 0.02639664214445349 1.5813497857453376 106.95583971184443
73.61453817939312 -0.00804874627763646 0.026396312060810678 1.5813437970738327 106.95747808585575
73.6545515171724 -0.008049468162571882 0.026395983070672323 1.5813378286720334 106.95911094283925
73.69456485495165 -0.008050187607352106 0.02639565516936776 1.5813318804491814 106.96073830668244
73.73457819273091 -0.008050904622586102 0.026395328352251057 1.5813259523150351 106.96236020114523
73.77459153051016 -0.008051619218825887 0.026395002614700836 1.581320044179864 106.9639766498606
73.81460486828942 -0.008052331406566905 0.02639467795212013 1.5813141559544477 106.9655876763355
73.8546182060687 -0.008053041200640106 0.026394354358237802 1.581308287530416 106.9671933137023
73.89463154384794 -0.008053748602635984 0.02639403183190574 1.5813024388589119 106.9687935656962
73.93464488162721 -0.008054453627283265 0.02639371036689729 1.581296609832516 106.97038846522167
73.97465821940646 -0.008055156285023147 0.026393389958628805 1.5812908003622876 106.97197803567425
74.01467155718572 -0.00805585658573607 0.02639307060278883 1.5812850103649385 106.97356229917195
74.05468489496499 -0.008056554539754531 0.026392752294840578 1.581279239752501 106.97514127886811
74.09469823274424 -0.008057250157187936 0.026392435030353656 1.5812734884392172 106.97671499740962
74.1347115705235 -0.008057943448091921 0.026392118804920848 1.5812677563398092 106.97828347732357
74.17472490830276 -0.008058634422468722 0.026391803614158015 1.5812620433694782 106.97984674101802
74.21473824608202 -0.0080593230902675 0.026391489453703895 1.581256349443898 106.98140481078283
74.25475158386129 -0.008060009461384694 0.026391176319220014 1.5812506744792163 106.98295770879028
74.29476492164054 -0.008060693545664332 0.026390864206390512 1.581245018392047 106.98450545709589
74.3347782594198 -0.008061375352898383 0.026390553110922005 1.5812393810994696 106.98604807763917
74.37479159719906 -0.008062054892827079 0.02639024302854344 1.5812337625190247 106.98758559224429
74.41480493497832 -0.008062732175139248 0.026389933955006 1.581228162568713 106.98911802262084
74.45481827275759 -0.008063407209472627 0.026389625886082877 1.5812225811669895 106.99064539036459
74.49483161053683 -0.008064080005414184 0.026389318817569216 1.581217018232761 106.9921677169581
74.5348449483161 -0.00806475057250046 0.026389012745281944 1.5812114736853848 106.99368502377153
74.57485828609536 -0.008065418920217867 0.026388707665059644 1.5812059474446643 106.9951973320633
74.61487162387462 -0.008066085058003002 0.026388403572762398 1.5812004394308454 106.99670466298079
74.65488496165388 -0.008066748995242968 0.026388100464271685 1.5811949495646151 106.99820703756102
74.69489829943313 -0.008067410741275684 0.026387798335490237 1.5811894777670976 106.99970447673138
74.7349116372124 -0.008068070305390194 0.0263874971823419 1.581184023959851 107.0011970013103
74.77492497499166 -0.008068727696826962 0.026387197000771488 1.5811785880648643 107.00268463200788
74.81493831277092 -0.008069382924778195 0.026386897786744704 1.5811731700045564 107.00416738942664
74.85495165055018 -0.008070035998388124 0.02638659953624796 1.5811677697017703 107.00564529406212
74.89496498832943 -0.00807068692675332 0.026386302245288273 1.5811623870797729 107.00711836630362
74.9349783261087 -0.008071335718922988 0.026386005909893144 1.5811570220622508 107.00858662643475
74.97499166388796 -0.008071982383899248 0.02638571052611041 1.5811516745733076 107.01005009463421
75.01500500166722 -0.008072626930637448 0.02638541609000813 1.581146344537461 107.01150879097635
75.05501833944648 -0.008073269368046442 0.026385122597674476 1.5811410318796402 107.01296273543184
75.09503167722573 -0.008073909704988886 0.026384830045217588 1.5811357365251846 107.01441194786834
75.135045015005 -0.008074547950281515 0.02638453842876545 1.5811304583998378 107.01585644805107
75.17505835278425 -0.008075184112695437 0.026384247744465784 1.5811251974297476 107.01729625564353
75.21507169056352 -0.008075818200956413 0.026383957988485925 1.5811199535414626 107.01873139020802
75.25508502834278 -0.00807645022374513 0.026383669157012703 1.58111472666193 107.02016187120637
75.29509836612203 -0.008077080189697496 0.02638338124625231 1.5811095167184912 107.02158771800049
75.3351117039013 -0.008077708107404899 0.026383094252430187 1.581104323638881 107.02300894985298
75.37512504168055 -0.008078333985414488 0.026382808171790936 1.5810991473512255 107.02442558592782
75.41513837945982 -0.008078957832229448 0.026382523000598148 1.5810939877840358 107.02583764529082
75.45515171723908 -0.00807957965630927 0.026382238735134345 1.5810888448662108 107.0272451469104
75.49516505501833 -0.008080199466070016 0.026381955371700818 1.5810837185270308 107.02864810965805
75.5351783927976 -0.008080817269884584 0.026381672906617557 1.5810786086961564 107.03004655230899
75.57519173057685 -0.008081433076082984 0.026381391336223088 1.5810735153036248 107.03144049354276
75.61520506835612 -0.008082046892952591 0.026381110656874412 1.5810684382798503 107.03282995194373
75.65521840613538 -0.008082658728738396 0.02638083086494683 1.5810633775556167 107.03421494600175
75.69523174391463 -0.008083268591643291 0.02638055195683393 1.5810583330620813 107.03559549411275
75.7352450816939 -0.008083876489828308 0.02638027392894736 1.5810533047307664 107.0369716145792
75.77525841947315 -0.00808448243141288 0.02637999677771681 1.5810482924935623 107.03834332561082
75.81527175725242 -0.008085086424475082 0.026379720499589865 1.5810432962827197 107.03971064532496
75.85528509503168 -0.008085688477051909 0.026379445091031888 1.5810383160308512 107.04107359174736
75.89529843281093 -0.008086288597139502 0.026379170548525958 1.581033351670928 107.04243218281258
75.93531177059019 -0.008086886792693404 0.026378896868572695 1.5810284031362765 107.04378643636456
75.97532510836945 -0.00808748307162881 0.02637862404769022 1.5810234703605768 107.0451363701572
76.01533844614872 -0.008088077320296686 0.02637835212936962 1.5810185538090933 107.04648173199386
76.05535178392797 -0.008088669790325074 0.026378081015964026 1.581013652350274 107.04782308082466
76.09536512170723 -0.008089260367238442 0.026377810751288318 1.5810087664535604 107.04916016261753
76.13537845948649 -0.00808984905879298 0.026377541331929464 1.581003896054024 107.05049299477149
76.17539179726575 -0.008090435872705753 0.026377272754491417 1.5809990410870804 107.05182159459822
76.21540513504502 -0.008091020816654899 0.02637700501559494 1.580994201488482 107.05314597932258
76.25541847282427 -0.008091604015373654 0.026376738066637977 1.5809893766836836 107.0544664261107
76.29543181060353 -0.008092185241545927 0.02637647199503656 1.580984567633775 107.05578243034049
76.33544514838279 -0.00809276462056046 0.026376206751938233 1.5809797737614806 107.05709427063209
76.37545848616205 -0.008093342159942118 0.02637594233403023 1.580974995003894 107.05840196386818
76.41547182394132 -0.008093917867178007 0.026375678738016127 1.5809702312984384 107.05970552684707
76.45548516172056 -0.00809449174971771 0.02637541596061577 1.5809654825828638 107.06100497628334
76.49549849949983 -0.008095063814973503 0.026375153998565163 1.5809607487952444 107.06230032880829
76.53551183727909 -0.008095634070320587 0.02637489284861639 1.5809560298739784 107.06359160097044
76.57552517505835 -0.008096202529312228 0.02637463250450367 1.5809513256960839 107.0648788234234
76.61553851283762 -0.008096769186803228 0.026374372969087224 1.5809466363241935 107.06616198413774
76.65555185061686 -0.008097334056290892 0.02637411423612435 1.5809419616357687 107.06744111364301
76.69556518839613 -0.0080978971450043 0.026373856302430474 1.580937301570479 107.06871622816152
76.73557852617539 -0.008098458460136564 0.026373599164836663 1.580932656068309 107.06998734383512
76.77559186395465 -0.008099018008845008 0.02637334282018944 1.580928025069551 107.07125447672587
76.81560520173392 -0.008099575792138403 0.026373087268333484 1.580923408575369 107.07251762886189
76.85561853951316 -0.00810013182934606 0.026372832500172274 1.5809188064053639 107.07377684409434
76.89563187729243 -0.008100686121389353 0.026372578515589523 1.5809142185615 107.0750321242553
76.93564521507169 -0.008101238675284634 0.026372325311492938 1.5809096449852953 107.07628348509196
76.97565855285094 -0.008101789498013533 0.02637207288480529 1.58090508561857 107.07753094227394
77.01567189063022 -0.008102338596523168 0.026371821232464336 1.5809005404034429 107.07877451139376
77.05568522840946 -0.008102885977726336 0.026371570351422693 1.58089600928233 107.08001420796731
77.09569856618873 -0.008103431648501726 0.026371320238647807 1.5808914921979436 107.08125004743427
77.13571190396799 -0.008103975615694108 0.026371070891121836 1.5808869890932893 107.08248204515857
77.17572524174724 -0.008104517886114557 0.02637082230584157 1.5808824999116657 107.08371021642888
77.2157385795265 -0.008105058466540617 0.026370574479818335 1.5808780245966603 107.08493457645896
77.25575191730576 -0.008105597363716532 0.026370327410077922 1.580873563092149 107.08615514038816
77.29576525508503 -0.00810613458435341 0.026370081093660503 1.580869115342295 107.08737192328184
77.33577859286429 -0.008106670135129447 0.026369835527620546 1.580864681291545 107.08858494013181
77.37579193064354 -0.008107204022690103 0.02636959070902673 1.5808602608846305 107.08979420585672
77.4158052684228 -0.008107736253648287 0.02636934663496185 1.5808558540665623 107.09099973530259
77.45581860620206 -0.008108266834584568 0.02636910330252277 1.5808514607826314 107.09220154324306
77.49583194398133 -0.008108795772162194 0.026368860709056318 1.5808470809932724 107.09339964446391
77.53584528176059 -0.008109323072667287 0.026368618851213808 1.5808427146145139 107.09459405342729
77.57585861953984 -0.008109848742699953 0.026368377726371135 1.5808383616074255 107.0957847847769
77.6158719573191 -0.008110372788713224 0.026368137331680547 1.5808340219183996 107.09697185300142
77.65588529509836 -0.008110895217128718 0.026367897664307926 1.5808296954940981 107.09815527251943
77.69589863287763 -0.008111416034336821 0.026367658721432725 1.5808253822814526 107.09933505767967
77.73591197065687 -0.008111935246696858 0.026367420500247898 1.580821082227663 107.10051122276144
77.77592530843614 -0.008112452860537281 0.0263671829979598 1.580816795280194 107.10168378197511
77.8159386462154 -0.008112968882155848 0.026366946211788145 1.5808125213867754 107.1028527494624
77.85595198399466 -0.008113483317819798 0.026366710138965885 1.5808082604953995 107.10401813929687
77.89596532177393 -0.008113996173766028 0.02636647477673916 1.5808040125543188 107.10517996548423
77.93597865955317 -0.008114507456201275 0.026366240122367258 1.580799777512048 107.10633824196279
77.97599199733244 -0.008115017171302271 0.026366006173122437 1.5807955553173558 107.1074929826038
78.0160053351117 -0.008115525325215941 0.026365772926289978 1.5807913459192702 107.1086442012119
78.05601867289096 -0.008116031924059562 0.02636554037916801 1.5807871492670724 107.10979191152545
78.09603201067023 -0.008116536973920925 0.026365308529067488 1.5807829653102974 107.1109361272169
78.13604534844947 -0.00811704048085853 0.026365077373312115 1.5807787939987317 107.1120768618932
78.17605868622874 -0.008117542450901726 0.026364846909238255 1.5807746352824115 107.11321412909619
78.216072024008 -0.008118042890050893 0.026364617134194884 1.5807704891116234 107.11434794230294
78.25608536178726 -0.008118541804277608 0.02636438804554347 1.5807663554368976 107.11547831492608
78.29609869956653 -0.008119039199524818 0.026364159640657994 1.5807622342090144 107.11660526031427
78.33611203734577 -0.008119535081706972 0.026363931916924748 1.5807581253789937 107.11772879175247
78.37612537512504 -0.008120029456710224 0.026363704871742402 1.580754028898101 107.11884892246239
78.4161387129043 -0.008120522330392572 0.026363478502521846 1.5807499447178426 107.11996566560272
78.45615205068356 -0.008121013708584025 0.026363252806686138 1.5807458727899633 107.12107903426966
78.49616538846281 -0.008121503597086755 0.026363027781670458 1.5807418130664468 107.12218904149712
78.53617872624207 -0.008121992001675267 0.026362803424922025 1.5807377654995143 107.12329570025716
78.57619206402134 -0.00812247892809655 0.026362579733900014 1.5807337300416209 107.1243990234603
78.6162054018006 -0.008122964382070233 0.026362356706075524 1.580729706645457 107.12549902395591
78.65621873957986 -0.008123448369288747 0.026362134338931493 1.5807256952639457 107.12659571453253
78.69623207735911 -0.00812393089541747 0.026361912629962618 1.5807216958502404 107.12768910791817
78.73624541513837 -0.008124411966094884 0.026361691576675297 1.580717708357724 107.12877921678074
78.77625875291764 -0.00812489158693273 0.02636147117658759 1.5807137327400094 107.12986605372834
78.8162720906969 -0.008125369763516157 0.026361251427229112 1.580709768950935 107.1309496313096
78.85628542847616 -0.008125846501403872 0.026361032326141006 1.5807058169445665 107.13202996201397
78.89629876625541 -0.008126321806128297 0.026360813870875847 1.5807018766751921 107.13310705827219
78.93631210403467 -0.008126795683195699 0.0263605960589976 1.5806979480973244 107.13418093245645
78.97632544181394 -0.008127268138086353 0.026360378888081536 1.5806940311656967 107.1352515968808
79.01633877959318 -0.008127739176254692 0.026360162355714208 1.580690125835264 107.13631906380157
79.05635211737246 -0.008128208803129438 0.026359946459493352 1.5806862320611996 107.13738334541743
79.09636545515171 -0.008128677024113748 0.026359731197027815 1.5806823497988938 107.13844445387004
79.13637879293097 -0.008129143844585377 0.02635951656593755 1.5806784790039554 107.1395024012441
79.17639213071024 -0.008129609269896797 0.026359302563853493 1.5806746196322066 107.14055719956785
79.21640546848948 -0.008130073305375348 0.02635908918841754 1.5806707716396846 107.14160886081325
79.25641880626875 -0.008130535956323381 0.02635887643728247 1.580666934982639 107.14265739689638
79.29643214404801 -0.0081309972280184 0.026358664308111887 1.58066310961753 107.14370281967774
79.33644548182727 -0.008131457125713185 0.026358452798580147 1.5806592955010283 107.14474514096253
79.37645881960654 -0.008131915654635957 0.026358241906372364 1.5806554925900156 107.14578437250097
79.41647215738578 -0.008132372819894696 0.026358031629351027 1.5806517008490941 107.14682052569634
79.45648549516505 -0.00813282862686075 0.026357821964888273 1.5806479202204973 107.1478536127753
79.49649883294431 -0.008133283080593355 0.026357612910868383 1.5806441506692712 107.14888364503176
79.53651217072357 -0.008133736186223782 0.026357404465018667 1.5806403921531182 107.14991063399906
79.57652550850284 -0.008134187948859414 0.02635719662507686 1.580636644629945 107.15093459115707
79.61653884628208 -0.008134638301153251 0.02635698951449705 1.58063291371826 107.1519553071704
79.65655218406135 -0.008135087465457132 0.026356782753919724 1.580629182395171 107.1529734556992
79.69656552184061 -0.008135535229515684 0.026356576718231446 1.5806254676003875 107.15398838577836
79.73657885961987 -0.008135981670772636 0.02635637127950509 1.5806217636322144 107.15500032943893
79.77659219739913 -0.008136426794217859 0.02635616643552965 1.5806180704495572 107.15600929789782
79.81660553517838 -0.008136870604818104 0.026355962184104166 1.5806143880115129 107.15701530232023
79.85661887295765 -0.008137313107517146 0.02635575852303774 1.5806107162773775 107.15801835381993
79.89663221073691 -0.008137754307235885 0.026355555450149403 1.5806070552066367 107.1590184634595
79.93664554851617 -0.008138194208872504 0.02635535296326814 1.5806034047589725 107.16001564225067
79.97665888629543 -0.008138632817302573 0.02635515106023278 1.5805997648942556 107.16100990115454
80.01667222407468 -0.008139070137379169 0.026354949738891957 1.5805961355725475 107.16200125108195
80.05668556185395 -0.008139506173933025 0.026354748997104077 1.5805925167541008 107.16298970289361
80.09669889963321 -0.00813994093177262 0.026354548832737214 1.580588908399353 107.16397526740053
80.13671223741247 -0.008140374415684335 0.02635434924366914 1.5805853104689314 107.1649579553642
80.17672557519172 -0.008140806630432542 0.026354150227787185 1.5805817229236476 107.16593777749684
80.21673891297098 -0.008141237580759748 0.026353951782988234 1.5805781457244985 107.16691474446176
80.25675225075025 -0.008141667271386708 0.026353753907178687 1.580574578832666 107.16788886687355
80.2967655885295 -0.008142095707012539 0.026353556598274357 1.5805710222095126 107.16886015529839
80.33677892630877 -0.008142522892314838 0.026353359854200457 1.5805674758165837 107.16982862025426
80.37679226408802 -0.008142948831949808 0.026353163672891564 1.5805639396156066 107.17079427221127
80.41680560186728 -0.008143373530552368 0.026352968052291505 1.5805604135684848 107.17175712159185
80.45681893964655 -0.008143796992736277 0.026352772990353397 1.5805568976373046 107.17271717877108
80.4968322774258 -0.008144219223094227 0.026352578485039496 1.5805533917843264 107.1736744540769
80.53684561520507 -0.008144640226197987 0.026352384534321243 1.5805498959719895 107.17462895779036
80.57685895298432 -0.008145060006598502 0.026352191136179152 1.5805464101629076 107.17558070014589
80.61687229076358 -0.008145478568826007 0.026351998288602782 1.5805429343198694 107.17652969133158
80.65688562854285 -0.008145895917390126 0.02635180598959068 1.5805394684058365 107.17747594148936
80.6968989663221 -0.008146312056780021 0.02635161423715038 1.5805360123839451 107.17841946071535
80.73691230410137 -0.008146726991464459 0.026351423029298257 1.5805325662175003 107.17936025905998
80.77692564188062 -0.008147140725891948 0.026351232364059583 1.5805291298699793 107.18029834652832
80.81693897965988 -0.008147553266966069 0.026351042235250366 1.5805257031159583 107.18123374058098
80.85695231743915 -0.00814796461413766 0.026350852649363883 1.5805222862980652 107.18216643610914
80.8969656552184 -0.008148374774277349 0.026350663600219225 1.58051887919054 107.18309645050648
80.93697899299767 -0.008148783751753671 0.026350475085876582 1.5805154817575318 107.18402379359904
80.97699233077692 -0.00814919155091544 0.026350287104404766 1.5805120939633568 107.18494847516864
81.01700566855618 -0.008149598173651634 0.026350099658027815 1.5805087159582325 107.1858704975652
81.05701900633544 -0.008150003629159347 0.026349912736524206 1.5805053473346706 107.18678988528124
81.0970323441147 -0.008150407919281656 0.026349726342149174 1.580501988243878 107.1877066405571
81.13704568189397 -0.008150811048289535 0.02634954047300557 1.5804986386508248 107.18862077300027
81.17705901967322 -0.008151213020434757 0.026349355127204623 1.5804952985206433 107.18953229217524
81.21707235745248 -0.008151613839949995 0.026349170302865908 1.5804919678186244 107.19044120760374
81.25708569523174 -0.008152013511048932 0.026348985998117302 1.5804886465102195 107.19134752876494
81.297099033011 -0.008152412037926356 0.02634880221109497 1.5804853345610392 107.19225126509569
81.33711237079027 -0.00815280942475826 0.026348618939943263 1.5804820319368509 107.19315242599076
81.37712570856952 -0.008153205675701948 0.02634843618281473 1.5804787386035795 107.19405102080304
81.41713904634878 -0.008153600794896132 0.026348253937870034 1.5804754545273045 107.19494705884377
81.45715238412804 -0.008153994786461026 0.026348072203277922 1.5804721796742618 107.19584054938277
81.4971657219073 -0.008154387654498454 0.026347890977215214 1.5804689140108414 107.19673150164864
81.53717905968657 -0.008154779403091943 0.026347710257866714 1.5804656575035867 107.19761992482901
81.57719239746581 -0.008155170036306813 0.02634753004342518 1.5804624101191926 107.19850582807072
81.61720573524508 -0.008155559558190287 0.02634735033209131 1.580459171824507 107.19938922048006
81.65721907302434 -0.008155947972771579 0.026347171122073673 1.5804559425865274 107.20027011112296
81.6972324108036 -0.008156335284061992 0.026346992411588662 1.5804527223724025 107.20114850902523
81.73724574858286 -0.008156721496055012 0.026346814198860487 1.5804495111494292 107.2020244231728
81.77725908636211 -0.0081571066127264 0.0263466364821211 1.5804463088850533 107.20289786251185
81.81727242414138 -0.008157490638034294 0.026346459259610176 1.5804431155468683 107.20376883594903
81.85728576192064 -0.008157873575919286 0.02634628252957506 1.5804399311026136 107.20463735235178
81.8972990996999 -0.008158255430304535 0.026346106290270736 1.5804367555201753 107.2055034205484
81.93731243747916 -0.008158636205095837 0.02634593053995977 1.5804335887675838 107.2063670493283
81.97732577525841 -0.008159015904181739 0.0263457552769123 1.5804304308130144 107.20722824744227
82.01733911303768 -0.008159394531433618 0.026345580499405993 1.5804272816247869 107.20808702360257
82.05735245081694 -0.008159772090705765 0.026345406205725955 1.5804241411713618 107.20894338648321
82.09736578859619 -0.008160148585835483 0.026345232394164756 1.5804210094213424 107.20979734472013
82.13737912637546 -0.008160524020643182 0.02634505906302237 1.580417886343474 107.2106489069114
82.1773924641547 -0.008160898398932451 0.02634488621060611 1.5804147719066406 107.2114980816174
82.21740580193398 -0.008161271724490165 0.026344713835230637 1.5804116660798673 107.21234487736105
82.25741913971324 -0.008161644001086557 0.026344541935217895 1.580408568832318 107.21318930262798
82.29743247749249 -0.008162015232475315 0.026344370508897062 1.5804054801332934 107.21403136586672
82.33744581527175 -0.00816238542239366 0.026344199554604538 1.5804023999522334 107.21487107548892
82.377459153051 -0.008162754578600284 0.02634402907859633 1.580399328760415 107.21570844301705
82.41747249083028 -0.0081631226967078 0.026343859063363905 1.5803962655219894 107.21654347048307
82.45748582860953 -0.008163489784458702 0.026343689515212 1.5803932107106695 107.21737616934803
82.49749916638879 -0.008163855845525224 0.026343520432505478 1.5803901642964353 107.2182065478779
82.53751250416805 -0.008164220883563552 0.026343351813616234 1.5803871262494011 107.2190346143027
82.5775258419473 -0.008164584902213933 0.02634318365692318 1.5803840965398162 107.21986037681667
82.61753917972658 -0.00816494790796381 0.02634301595970815 1.5803810751262009 107.22068384993888
82.65755251750583 -0.008165309894763493 0.0263428487149004 1.58037806151606 107.22150502598775
82.69756585528509 -0.00816567087694187 0.026342681935174972 1.5803750566437647 107.22232392557517
82.73757919306435 -0.008166030854135222 0.026342515611230407 1.580372059991217 107.22314055367461
82.7775925308436 -0.008166389829905248 0.026342349741480014 1.5803690715293182 107.22395491830432
82.81760586862288 -0.008166747807798195 0.026342184324343904 1.5803660912290995 107.2247670274478
82.85761920640212 -0.00816710479134491 0.026342019358248914 1.5803631190617196 107.22557688905408
82.89763254418139 -0.008167460784060943 0.02634185484162859 1.5803601549984638 107.22638451103795
82.93764588196065 -0.008167815789446612 0.026341690772923164 1.5803571990107448 107.22718990127994
82.9776592197399 -0.008168169810987095 0.026341527150579497 1.5803542510701005 107.2279930676267
83.01767255751918 -0.008168522852152495 0.026341363973051073 1.5803513111481955 107.22879401789106
83.05768589529842 -0.00816887491639793 0.026341201238797962 1.5803483792168185 107.22959275985227
83.09769923307769 -0.008169226007163593 0.02634103894628674 1.5803454552478808 107.23038930125611
83.13771257085695 -0.00816957612787484 0.026340877093990515 1.5803425392134187 107.23118364981508
83.1777259086362 -0.008169925281942278 0.026340715680388878 1.5803396310855908 107.23197581320862
83.21773924641548 -0.008170273472761813 0.026340554703967844 1.5803367308366771 107.23276579908317
83.25775258419472 -0.008170620703714744 0.026340394163219854 1.5803338384390795 107.23355361505247
83.29776592197399 -0.00817096697816784 0.026340234056643715 1.58033095386532 107.23433926869765
83.33777925975325 -0.0081713122994734 0.02634007438274459 1.5803280770880421 107.23512276756739
83.3777925975325 -0.008171656670969338 0.02633991514003396 1.5803252080800068 107.2359041191781
83.41780593531178 -0.008172000095979251 0.026339756327029555 1.5803223468140948 107.23668333101412
83.45781927309102 -0.008172342577812502 0.02633959794225541 1.5803194932633056 107.23746041052785
83.49783261087029 -0.00817268411976428 0.02633943998424173 1.5803166474007553 107.23823536513986
83.53784594864955 -0.008173024725115677 0.026339282451524927 1.5803138091996767 107.23900820223916
83.5778592864288 -0.00817336439713376 0.02633912534264758 1.5803109786334204 107.2397789291833
83.61787262420806 -0.008173703139071642 0.02633896865615838 1.580308155675451 107.2405475532985
83.65788596198732 -0.008174040954168557 0.026338812390612105 1.5803053402993492 107.24131408187988
83.69789929976659 -0.008174377845649923 0.026338656544569627 1.5803025324788103 107.24207852219156
83.73791263754585 -0.008174713816727418 0.026338501116597825 1.5802997321876424 107.24284088146685
83.7779259753251 -0.008175048870599052 0.026338346105269597 1.5802969393997681 107.24360116690838
83.81793931310436 -0.00817538301044922 0.026338191509163802 1.580294154089222 107.24435938568826
83.85795265088362 -0.008175716239448788 0.02633803732686525 1.5802913762301498 107.24511554494825
83.89796598866289 -0.008176048560755166 0.02633788355696468 1.5802886057968117 107.24586965179994
83.93797932644215 -0.008176379977512353 0.02633773019805868 1.5802858427635758 107.24662171332481
83.9779926642214 -0.008176710492851026 0.02633757724874974 1.5802830871049223 107.24737173657446
84.01800600200066 -0.008177040109888588 0.026337424707646134 1.5802803387954398 107.24811972857073
84.05801933977992 -0.008177368831729261 0.02633727257336196 1.5802775978098274 107.24886569630587
84.09803267755919 -0.00817769666146413 0.026337120844517087 1.5802748641228928 107.24960964674268
84.13804601533843 -0.008178023602171208 0.026336969519737095 1.5802721377095499 107.25035158681462
84.1780593531177 -0.008178349656915529 0.026336818597653314 1.580269418544823 107.251091523426
84.21807269089696 -0.008178674828749176 0.02633666807690272 1.58026670660384 107.25182946345214
84.25808602867622 -0.008178999120711374 0.026336517956127976 1.5802640018618386 107.25256541373948
84.29809936645549 -0.008179322535828547 0.026336368233977368 1.5802613042941607 107.25329938110572
84.33811270423473 -0.008179645077114371 0.026336218909104755 1.5802586138762524 107.25403137233997
84.378126042014 -0.008179966747569854 0.026336069980169588 1.580255930583666 107.25476139420294
84.41813937979326 -0.008180287550183386 0.026335921445836873 1.5802532543920582 107.255489453427
84.45815271757252 -0.008180607487930813 0.02633577330477711 1.5802505852771878 107.2562155567164
84.49816605535179 -0.008180926563775493 0.026335625555666303 1.5802479232149187 107.25693971074732
84.53817939313103 -0.008181244780668366 0.02633547819718591 1.580245268181216 107.25766192216814
84.5781927309103 -0.008181562141547995 0.02633533122802283 1.580242620152147 107.25838219759942
84.61820606868956 -0.008181878649340658 0.02633518464686938 1.580239979103881 107.25910054363413
84.65821940646882 -0.008182194306960388 0.026335038452423246 1.580237345012689 107.25981696683785
84.69823274424809 -0.008182509117309042 0.026334892643387477 1.5802347178549405 107.26053147374874
84.73824608202733 -0.008182823083276355 0.026334747218470452 1.5802320976071067 107.26124407087784
84.7782594198066 -0.008183136207740005 0.02633460217638585 1.5802294842457576 107.26195476470906
84.81827275758586 -0.008183448493565674 0.026334457515852627 1.580226877747562 107.26266356169943
84.85828609536512 -0.00818375994360711 0.026334313235594993 1.5802242780892877 107.26337046827918
84.89829943314437 -0.008184070560706174 0.026334169334342395 1.5802216852478002 107.26407549085187
84.93831277092363 -0.008184380347692912 0.02633402581082947 1.5802190992000622 107.26477863579453
84.9783261087029 -0.008184689307385607 0.026333882663796028 1.5802165199231337 107.26547990945782
85.01833944648216 -0.008184997442590835 0.02633373989198703 1.580213947394171 107.26617931816608
85.05835278426142 -0.008185304756103535 0.026333597494152584 1.5802113815904266 107.26687686821758
85.09836612204067 -0.008185611250766436 0.026333455468951612 1.5802088224849902 107.2675725660617
85.13837945981993 -0.008185916929232354 0.026333313815337274 1.580206270063838 107.26826641758973
85.1783927975992 -0.008186221794321238 0.02633317253197825 1.5802037243002314 107.2689584292001
85.21840613537846 -0.008186525848782008 0.02633303161764488 1.5802011851718023 107.26964860708777
85.25841947315772 -0.008186829095352219 0.026332891071112505 1.5801986526562746 107.2703369574222
85.29843281093697 -0.008187131536758131 0.026332750891161473 1.5801961267314684 107.27102348634743
85.33844614871623 -0.008187433175714744 0.02633261107657703 1.580193607375292 107.27170819998229
85.3784594864955 -0.00818773401492586 0.026332471626149406 1.5801910945657494 107.27239110442044
85.41847282427474 -0.008188034057084145 0.0263323325386737 1.5801885882809343 107.27307220573053
85.45848616205402 -0.008188333304871185 0.026332193812949906 1.5801860884990329 107.2737515099564
85.49849949983327 -0.008188631760957521 0.026332055447782873 1.5801835951983207 107.27442902311701
85.53851283761253 -0.008188929428002732 0.026331917441982308 1.5801811083571657 107.27510475120675
85.5785261753918 -0.00818922630865546 0.026331779794362697 1.580178627954023 107.27577870019547
85.61853951317104 -0.008189522405553477 0.026331642503743334 1.5801761539674402 107.27645087602859
85.65855285095031 -0.008189817721323748 0.026331505568948265 1.5801736863760503 107.27712128462726
85.69856618872957 -0.008190112258582467 0.026331368988806298 1.5801712251585778 107.27778993188848
85.73857952650883 -0.008190406019935105 0.026331232762150946 1.5801687702938338 107.27845682368515
85.7785928642881 -0.008190699007976492 0.026331096887820423 1.5801663217607174 107.27912196586627
85.81860620206734 -0.008190991225290831 0.02633096136465761 1.5801638795382145 107.27978536425701
85.85861953984661 -0.008191282674451787 0.02633082619151006 1.5801614436053983 107.28044702465886
85.89863287762587 -0.008191573358022501 0.026330691367229944 1.580159013941428 107.28110695284965
85.93864621540513 -0.008191863278555667 0.02633055689067404 1.5801565905255492 107.28176515458381
85.9786595531844 -0.008192152438593574 0.026330422760703704 1.5801541733370912 107.28242163559237
86.01867289096364 -0.008192440840668166 0.02633028897618488 1.580151762355471 107.28307640158312
86.05868622874291 -0.008192728487301066 0.02633015553598803 1.580149357560188 107.28372945824069
86.09869956652217 -0.008193015381003655 0.026330022438988146 1.5801469589308266 107.28438081122673
86.13871290430143 -0.008193301524277106 0.02632988968406472 1.580144566447055 107.2850304661799
86.17872624208069 -0.008193586919612443 0.02632975727010172 1.5801421800886246 107.28567842871617
86.21873957985994 -0.008193871569490573 0.02632962519598757 1.5801397998353692 107.28632470442868
86.25875291763921 -0.008194155476382359 0.02632949346061514 1.5801374256672072 107.28696929888808
86.29876625541847 -0.008194438642748643 0.026329362062881688 1.5801350575641364 107.2876122176425
86.33877959319773 -0.008194721071040313 0.026329231001688897 1.5801326955062385 107.28825346621771
86.37879293097699 -0.008195002763698339 0.02632910027594279 1.580130339473674 107.28889305011721
86.41880626875624 -0.008195283723153835 0.026328969884553764 1.580127989446687 107.28953097482237
86.45881960653551 -0.008195563951828088 0.026328839826436544 1.5801256454056007 107.29016724579245
86.49883294431477 -0.008195843452132619 0.026328710100510157 1.5801233073308187 107.29080186846481
86.53884628209403 -0.008196122226469227 0.02632858070569793 1.5801209752028242 107.291434848255
86.57885961987328 -0.008196400277230025 0.02632845164092745 1.5801186490021797 107.29206619055672
86.61887295765254 -0.008196677606797504 0.026328322905130555 1.5801163287095261 107.29269590074217
86.65888629543181 -0.008196954217544567 0.026328194497243315 1.580114014305584 107.29332398416193
86.69889963321106 -0.008197230111834581 0.026328066416206025 1.580111705771152 107.2939504461452
86.73891297099033 -0.008197505292021413 0.02632793866096314 1.5801094030871052 107.29457529199982
86.77892630876958 -0.008197779760449489 0.026327811230463304 1.5801071062343977 107.29519852701243
86.81893964654884 -0.008198053519453822 0.026327684123659306 1.580104815194059 107.29582015644854
86.85895298432811 -0.00819832657136008 0.026327557339508072 1.5801025299471971 107.29644018555261
86.89896632210736 -0.008198598918484604 0.026327430876970617 1.5801002504749935 107.29705861954827
86.93897965988663 -0.00819887056313448 0.026327304735012096 1.58009797675871 107.29767546363819
86.97899299766588 -0.008199141507607552 0.026327178912601678 1.5800957087796788 107.29829072300438
87.01900633544514 -0.008199411754192499 0.02632705340871264 1.5800934465193113 107.29890440280829
87.05901967322441 -0.008199681305168845 0.026326928222322254 1.5800911899590913 107.29951650819072
87.09903301100366 -0.008199950162807031 0.026326803352411814 1.5800889390805775 107.3001270442721
87.13904634878293 -0.008200218329368451 0.026326678797966647 1.5800866938654041 107.30073601615253
87.17905968656218 -0.00820048580710547 0.02632655455797601 1.5800844542952768 107.30134342891182
87.21907302434144 -0.008200752530496814 0.02632643065753707 1.580082220625325 107.30194913704253
87.25908636212071 -0.008201018637638316 0.0263263070433111 1.580079992289311 107.30255344745603
87.29909969989995 -0.00820128406265793 0.02632618374053158 1.5800777695439074 107.30315621386524
87.33911303767923 -0.008201548807772423 0.026326060748203522 1.580075552371112 107.30375744126995
87.37912637545848 -0.008201812875035274 0.026325938065043023 1.5800733407343386 107.30435713452475
87.41913971323774 -0.008202076266955228 0.026325815690649585 1.5800711346531138 107.30495529884143
87.459153051017 -0.00820233898556773 0.026325693623745882 1.580068934090921 107.30555193903487
87.49916638879625 -0.008202601033054592 0.026325571863352368 1.5800667390300442 107.30614706002635
87.53917972657553 -0.00820286247672617 0.026325450383403053 1.5800645491905054 107.3067408114483
87.57919306435478 -0.008203123188148847 0.02632532923323145 1.5800623650807497 107.30733290800279
87.61920640213404 -0.00820338323494073 0.026325208386653802 1.5800601864195787 107.30792350000547
87.6592197399133 -0.008203642619249355 0.026325087842705718 1.5800580131895559 107.30851259230059
87.69923307769255 -0.008203901343213778 0.026324967600426546 1.5800558453733144 107.30910018971333
87.73924641547183 -0.008204159408964625 0.026324847658859365 1.5800536829535565 107.30968629704998
87.77925975325108 -0.008204416818624133 0.026324728017050963 1.5800515259130528 107.31027091909789
87.81927309103034 -0.008204673574306175 0.02632460867405181 1.5800493742346413 107.3108540606257
87.8592864288096 -0.008204929678116321 0.026324489628916082 1.58004722790123 107.31143572638335
87.89929976658885 -0.008205185132151856 0.026324370880701574 1.5800450868957918 107.31201592110217
87.93931310436813 -0.008205439938504337 0.026324252428465787 1.5800429512011944 107.31259464950236
87.97932644214737 -0.00820569409924961 0.026324134271281725 1.5800408208008938 107.31317191626351
88.01933977992664 -0.008205947616462863 0.026324016408214135 1.5800386956778922 107.31374772606907
88.0593531177059 -0.008206200492208663 0.026323898838335295 1.5800365758154302 107.3143220835768
88.09936645548515 -0.008206452728543494 0.026323781560721075 1.5800344611968156 107.31489499342632
88.13937979326442 -0.008206704327515787 0.02632366457445089 1.5800323518054207 107.31546646023915
88.17939313104367 -0.008206955291165968 0.026323547878607707 1.5800302476246837 107.31603648861882
88.21940646882294 -0.00820720562152649 0.026323431472278024 1.5800281486381087 107.3166050831509
88.2594198066022 -0.008207455320621863 0.026323315354551832 1.5800260548292624 107.31717224840317
88.29943314438145 -0.008207704390468707 0.026323199524522653 1.5800239661817792 107.3177379889256
88.33944648216072 -0.008207952833075776 0.026323083981287455 1.580021882679355 107.31830230925053
88.37945981993997 -0.008208200650443993 0.02632296872394667 1.5800198043057494 107.31886521389269
88.41947315771924 -0.008208447844566497 0.026322853751604196 1.580017731044787 107.3194267073493
88.4594864954985 -0.00820869441742867 0.02632273906336735 1.5800156628803548 107.31998679410012
88.49949983327775 -0.008208940371008184 0.026322624658346876 1.5800135997964033 107.32054547860761
88.53951317105702 -0.008209185707275008 0.0263225105356569 1.580011541776945 107.32110276531694
88.57952650883627 -0.008209430428191482 0.026322396694414947 1.5800094888060536 107.32165865865602
88.61953984661554 -0.008209674535712332 0.026322283133741915 1.5800074408678682 107.32221316303578
88.6595531843948 -0.008209918031784703 0.026322169852762037 1.580005397946586 107.32276628285001
88.69956652217405 -0.008210160918348197 0.026322056850602918 1.5800033600264685 107.32331802247555
88.73957985995331 -0.008210403197334909 0.026321944126395446 1.5800013270918363 107.32386838627242
88.77959319773257 -0.00821064487066946 0.026321831679273853 1.5799992991270715 107.32441737858376
88.81960653551184 -0.008210885940269043 0.026321719508375654 1.5799972761166183 107.32496500373608
88.8596198732911 -0.008211126408043433 0.026321607612841632 1.5799952580449788 107.32551126603914
88.89963321107035 -0.008211366275895037 0.026321495991815845 1.5799932448967164 107.3260561697862
88.93964654884961 -0.008211605545718929 0.02632138464444559 1.5799912366564535 107.32659971925399
88.97965988662887 -0.00821184421940288 0.026321273569881422 1.5799892333088739 107.32714191870281
89.01967322440814 -0.00821208229882739 0.026321162767277088 1.5799872348387174 107.32768277237665
89.0596865621874 -0.008212319785865722 0.026321052235789566 1.5799852412307867 107.3282222845032
89.09969989996665 -0.008212556682383935 0.026320941974579008 1.579983252469939 107.32876045929393
89.13971323774591 -0.008212792990240915 0.026320831982808747 1.5799812685410934 107.32929730094426
89.17972657552517 -0.008213028711288413 0.026320722259645272 1.579979289429224 107.32983281363347
89.21973991330444 -0.008213263847371076 0.026320612804258244 1.5799773151193655 107.33036700152492
89.25975325108368 -0.008213498400326476 0.026320503615820435 1.5799753455966086 107.33089986876602
89.29976658886295 -0.008213732371985142 0.02632039469350774 1.5799733808461012 107.3314314194884
89.33977992664221 -0.008213965764170595 0.02632028603649917 1.5799714208530486 107.33196165780788
89.37979326442147 -0.008214198578699384 0.02632017764397683 1.5799694656027137 107.3324905878246
89.41980660220074 -0.008214430817381106 0.026320069515125888 1.5799675150804144 107.33301821362308
89.45981993997998 -0.008214662482018447 0.026319961649134593 1.579965569271526 107.33354453927231
89.49983327775925 -0.008214893574407205 0.02631985404519423 1.5799636281614786 107.3340695688258
89.53984661553851 -0.008215124096336342 0.026319746702499133 1.5799616917357595 107.3345933063216
89.57985995331777 -0.008215354049587975 0.026319639620246648 1.5799597599799096 107.33511575578247
89.61987329109704 -0.008215583435937458 0.026319532797637164 1.5799578328795276 107.33563692121587
89.65988662887628 -0.008215812257153367 0.026319426233874017 1.5799559104202645 107.3361568066141
89.69989996665555 -0.008216040514997558 0.02631931992816356 1.5799539925878274 107.33667541595429
89.73991330443481 -0.008216268211225185 0.02631921387971511 1.5799520793679778 107.33719275319851
89.77992664221406 -0.008216495347584738 0.026319108087740937 1.5799501707465307 107.3377088222938
89.81993997999334 -0.008216721925818064 0.026319002551456257 1.5799482667093558 107.33822362717235
89.85995331777258 -0.008216947947660414 0.02631889727007923 1.5799463672423768 107.33873717175143
89.89996665555185 -0.008217173414840444 0.026318792242830905 1.5799444723315696 107.3392494599335
89.93997999333111 -0.008217398329080274 0.02631868746893526 1.5799425819629642 107.33976049560633
89.97999333111036 -0.008217622692095498 0.02631858294761915 1.5799406961226432 107.34027028264298
90.02000666888962 -0.008217846505595226 0.026318478678112326 1.5799388147967421 107.34077882490197
90.06002000666888 -0.008218069771282104 0.02631837465964739 1.5799369379714494 107.34128612622723
90.10003334444815 -0.008218292490852342 0.026318270891459807 1.5799350656330047 107.34179219044825
90.1400466822274 -0.00821851466599576 0.026318167372787884 1.5799331977677014 107.34229702138009
90.18006002000666 -0.008218736298395786 0.026318064102872744 1.5799313343618817 107.34280062282352
90.22007335778592 -0.008218957389729515 0.02631796108095834 1.5799294754019424 107.34330299856497
90.26008669556518 -0.008219177941667724 0.026317858306291426 1.57992762087433 107.34380415237672
90.30010003334445 -0.008219397955874898 0.02631775577812155 1.5799257707655432 107.34430408801686
90.3401133711237 -0.00821961743400925 0.026317653495701008 1.5799239250621286 107.34480280922936
90.38012670890296 -0.008219836377722788 0.02631755145828493 1.579922083750688 107.34530031974427
90.42014004668222 -0.008220054788661281 0.02631744966513113 1.5799202468178697 107.34579662327756
90.46015338446148 -0.008220272668464349 0.026317348115500214 1.5799184142503744 107.34629172353142
90.50016672224075 -0.008220490018765438 0.026317246808655482 1.5799165860349509 107.34678562419408
90.54018006001999 -0.008220706841191888 0.02631714574386299 1.5799147621584 107.34727832894009
90.58019339779926 -0.00822092313736494 0.02631704492039147 1.5799129426075698 107.34776984143022
90.62020673557852 -0.008221138908899759 0.02631694433751235 1.5799111273693582 107.34826016531163
90.66022007335778 -0.008221354157405476 0.026316843994499777 1.5799093164307139 107.34874930421783
90.70023341113705 -0.0082215688844852 0.02631674389063052 1.5799075097786315 107.34923726176888
90.74024674891629 -0.008221783091736063 0.02631664402518405 1.5799057074001566 107.34972404157128
90.78026008669556 -0.008221996780749223 0.026316544397442444 1.579903909282381 107.35020964721818
90.82027342447482 -0.008222209953109912 0.026316445006690465 1.579902115412447 107.35069408228932
90.86028676225408 -0.008222422610397443 0.02631634585221546 1.5799003257775435 107.35117735035116
90.90030010003335 -0.00822263475418526 0.02631624693330741 1.579898540364907 107.35165945495697
90.94031343781259 -0.00822284638604094 0.026316148249258885 1.579896759161822 107.35214039964676
90.98032677559186 -0.008223057506484563 0.026316049799766074 1.5798949821597517 107.35262018563274
91.02034011337112 -0.008223268119162117 0.026315951583322117 1.5798932093377847 107.35309882107315
91.06035345115038 -0.008223478224575354 0.026315853599630935 1.5798914406875049 107.35357630713911
91.10036678892965 -0.008223687824268678 0.026315755847995392 1.579889676196384 107.35405264731853
91.14038012670889 -0.00822389691978078 0.02631565832772094 1.579887915851943 107.35452784508644
91.18039346448816 -0.008224105512644629 0.026315561038115498 1.5798861596417442 107.35500190390498
91.22040680226742 -0.008224313604387523 0.02631546397848957 1.5798844075534002 107.35547482722356
91.26042014004668 -0.0082245211965311 0.02631536714815614 1.579882659574567 107.35594661847884
91.30043347782593 -0.008224728290591381 0.026315270546430698 1.5798809156929472 107.3564172810948
91.34044681560519 -0.00822493488807877 0.026315174172631236 1.5798791758962887 107.35688681848286
91.38046015338446 -0.0082251409904981 0.026315078026078218 1.579877440172384 107.3573552340418
91.42047349116372 -0.008225346599348643 0.026314982106094585 1.5798757085090724 107.35782253115796
91.46048682894298 -0.008225551716124145 0.026314886412005734 1.579873980894236 107.35828871320521
91.50050016672223 -0.00822575634231284 0.026314790943139498 1.579872257315802 107.35875378354504
91.54051350450149 -0.008225960479397481 0.026314695698826183 1.5798705377617435 107.35921774552654
91.58052684228076 -0.008226164128855365 0.02631460067839849 1.579868822220076 107.35968060248655
91.62054018006002 -0.00822636729215835 0.02631450588119154 1.5798671106788595 107.36014235774974
91.66055351783928 -0.008226569970772882 0.026314411306542867 1.579865403126198 107.36060301462848
91.70056685561853 -0.008226772166160027 0.02631431695379242 1.5798636995502404 107.3610625764231
91.74058019339779 -0.008226973879775475 0.026314222822282497 1.579861999939176 107.36152104642181
91.78059353117706 -0.008227175113069586 0.02631412891135781 1.579860304281241 107.36197842790082
91.8206068689563 -0.008227375867487396 0.02631403522036541 1.5798586125647118 107.36243472412436
91.86062020673558 -0.008227576144468646 0.02631394174865471 1.5798569247779095 107.36288993834474
91.90063354451483 -0.008227775945447807 0.026313848495577472 1.5798552409091962 107.36334407380238
91.94064688229409 -0.008227975271854104 0.026313755460487802 1.5798535609469786 107.36379713372594
91.98066022007336 -0.008228174125111535 0.026313662642742118 1.5798518848797043 107.36424912133226
92.0206735578526 -0.008228372506638885 0.026313570041699142 1.5798502126958622 107.3647000398265
92.06068689563187 -0.008228570417849771 0.026313477656719937 1.5798485443839858 107.36514989240213
92.10070023341113 -0.008228767860152647 0.02631338548716784 1.5798468799326482 107.36559868224103
92.14071357119039 -0.008228964834950829 0.026313293532408466 1.5798452193304644 107.36604641251348
92.18072690896966 -0.008229161343642521 0.026313201791809727 1.5798435625660916 107.3664930863783
92.2207402467489 -0.00822935738762084 0.0263131102647418 1.5798419096282281 107.36693870698278
92.26075358452817 -0.008229552968273818 0.026313018950577083 1.5798402605056117 107.36738327746288
92.30076692230743 -0.008229748086984451 0.026312927848690267 1.579838615187023 107.36782680094309
92.34078026008669 -0.008229942745130715 0.026312836958458274 1.5798369736612832 107.36826928053668
92.38079359786596 -0.008230136944085562 0.02631274627926022 1.579835335917252 107.3687107193456
92.4208069356452 -0.008230330685216983 0.026312655810477488 1.5798337019438318 107.36915112046056
92.46082027342447 -0.008230523969887984 0.026312565551493618 1.579832071729963 107.36959048696116
92.50083361120373 -0.008230716799456653 0.0263124755016944 1.5798304452646283 107.37002882191584
92.54084694898299 -0.008230909175276144 0.026312385660467785 1.5798288225368482 107.37046612838193
92.58086028676225 -0.008231101098694715 0.02631229602720391 1.579827203535684 107.3709024094058
92.6208736245415 -0.008231292571055756 0.026312206601295098 1.579825588250236 107.37133766802279
92.66088696232077 -0.00823148359369779 0.026312117382135815 1.5798239766696434 107.37177190725731
92.70090030010003 -0.008231674167954514 0.0263120283691227 1.579822368783086 107.37220513012292
92.74091363787929 -0.008231864295154797 0.026311939561654517 1.5798207645797804 107.37263733962226
92.78092697565855 -0.00823205397662273 0.026311850959132185 1.579819164048984 107.37306853874725
92.8209403134378 -0.00823224321367762 0.026311762560958733 1.5798175671799912 107.37349873047901
92.86095365121707 -0.008232432007634023 0.02631167436653933 1.5798159739621358 107.37392791778801
92.90096698899633 -0.008232620359801766 0.026311586375281235 1.5798143843847903 107.37435610363399
92.94098032677559 -0.008232808271485956 0.026311498586593807 1.5798127984373638 107.3747832909661
92.98099366455484 -0.00823299574398702 0.02631141099988851 1.5798112161093048 107.375209482723
93.0210070023341 -0.008233182778600691 0.026311323614578868 1.579809637390098 107.37563468183271
93.06102034011337 -0.008233369376618076 0.026311236430080518 1.5798080622692683 107.37605889121284
93.10103367789262 -0.008233555539325624 0.026311149445811116 1.579806490736375 107.3764821137705
93.14104701567189 -0.008233741268005192 0.02631106266119041 1.5798049227810174 107.37690435240255
93.18106035345114 -0.008233926563934024 0.026310976075640174 1.5798033583928301 107.37732560999531
93.2210736912304 -0.008234111428384802 0.026310889688584232 1.579801797561485 107.37774588942496
93.26108702900967 -0.008234295862625656 0.026310803499448435 1.579800240276692 107.37816519355735
93.30110036678892 -0.008234479867920167 0.02631071750766065 1.5797986865281957 107.37858352524809
93.34111370456819 -0.008234663445527413 0.026310631712650783 1.5797971363057797 107.37900088734268
93.38112704234744 -0.008234846596701971 0.026310546113850714 1.5797955895992617 107.37941728267647
93.4211403801267 -0.008235029322693932 0.02631046071069433 1.5797940463984963 107.37983271407468
93.46115371790597 -0.008235211624748936 0.02631037550261752 1.5797925066933745 107.38024718435253
93.50116705568522 -0.00823539350410819 0.02631029048905814 1.5797909704738233 107.38066069631523
93.54118039346449 -0.008235574962008455 0.02631020566945602 1.5797894377298047 107.38107325275804
93.58119373124374 -0.008235755999682116 0.026310121043252956 1.5797879084513171 107.38148485646626
93.621207069023 -0.008235936618357156 0.026310036609892694 1.5797863826283933 107.38189551021536
93.66122040680227 -0.008236116819257205 0.026309952368820954 1.5797848602511035 107.38230521677094
93.70123374458151 -0.008236296603601529 0.026309868319485348 1.57978334130955 107.38271397888883
93.74124708236079 -0.008236475972605082 0.026309784461335462 1.5797818257938723 107.3831217993151
93.78126042014004 -0.008236654927478496 0.026309700793822787 1.579780313694244 107.38352868078611
93.8212737579193 -0.008236833469428113 0.02630961731640073 1.5797788050008736 107.38393462602853
93.86128709569856 -0.008237011599656001 0.02630953402852461 1.579777299704004 107.38433963775944
93.90130043347781 -0.008237189319359971 0.026309450929651635 1.5797757977939118 107.3847437186863
93.94131377125709 -0.008237366629733591 0.026309368019240924 1.5797742992609094 107.38514687150699
93.98132710903634 -0.00823754353196622 0.026309285296753478 1.579772804095343 107.38554909890993
94.0213404468156 -0.008237720027242991 0.026309202761652148 1.5797713122875907 107.38595040357407
94.06135378459486 -0.008237896116744872 0.026309120413401672 1.5797698238280664 107.3863507881689
94.10136712237411 -0.008238071801648657 0.02630903825146866 1.5797683387072181 107.38675025535451
94.14138046015339 -0.008238247083126982 0.02630895627532156 1.5797668569155254 107.3871488077817
94.18139379793264 -0.008238421962348353 0.026308874484430665 1.5797653784435028 107.38754644809187
94.2214071357119 -0.008238596440477164 0.02630879287826812 1.5797639032816981 107.38794317891718
94.26142047349116 -0.0082387705186737 0.02630871145630788 1.5797624314206906 107.3883390028806
94.30143381127041 -0.008238944198094171 0.02630863021802573 1.579760962851094 107.38873392259583
94.34144714904969 -0.008239117479890725 0.026308549162899285 1.579759497563555 107.38912794066744
94.38146048682894 -0.008239290365211453 0.02630846829040795 1.5797580355487517 107.38952105969089
94.4214738246082 -0.008239462855200417 0.02630838760003294 1.5797565767973967 107.38991328225255
94.46148716238746 -0.008239634950997662 0.026308307091257255 1.5797551213002325 107.39030461092972
94.50150050016671 -0.008239806653739242 0.026308226763565687 1.5797536690480356 107.39069504829072
94.54151383794597 -0.008239977966871367 0.0263081466155544 1.579752220022557 107.39108460203764
94.58152717572524 -0.008240148886885198 0.026308066648495883 1.579750774232787 107.3914732644161
94.6215405135045 -0.008240319417227696 0.026307986860986517 1.5797493316605065 107.39186104312967
94.66155385128376 -0.00824048955901908 0.026307907252518137 1.5797478922966177 107.3922479407109
94.70156718906301 -0.00824065931337566 0.026307827822584364 1.579746456132057 107.39263395968369
94.74158052684227 -0.008240828681409844 0.026307748570680547 1.579745023157791 107.39301910256304
94.78159386462154 -0.008240997664230153 0.02630766949630378 1.5797435933648183 107.39340337185521
94.8216072024008 -0.008241166263009555 0.026307590599078168 1.579742166752192 107.39378677011543
94.86162054018006 -0.008241334478711957 0.026307511878253143 1.5797407432948924 107.39416929971705
94.90163387795931 -0.008241502312502915 0.026307433333456767 1.5797393229920682 107.39455096319818
94.94164721573857 -0.008241669765475579 0.026307354964193008 1.5797379058348417 107.39493176303047
94.98166055351783 -0.008241836838719296 0.02630727676996752 1.5797364918143662 107.39531170167695
95.0216738912971 -0.008242003533319617 0.02630719875028767 1.5797350809218258 107.39569078159212
95.06168722907636 -0.008242169850358331 0.02630712090466249 1.579733673148435 107.39606900522202
95.10170056685561 -0.008242335790913465 0.0263070432326027 1.579732268485438 107.39644637500417
95.14171390463487 -0.008242501356059294 0.026306965733620673 1.5797308669241084 107.3968228933677
95.18172724241413 -0.008242666546866388 0.0263068884072305 1.5797294684557535 107.39719856273331
95.2217405801934 -0.008242831364401583 0.02630681125294787 1.5797280730717056 107.39757338551335
95.26175391797265 -0.008242995809728038 0.02630673427029018 1.5797266807633317 107.39794736411183
95.30176725575191 -0.008243159883905213 0.026306657458776424 1.579725291522024 107.39832050092446
95.34178059353117 -0.008243323587988922 0.026306580817927278 1.5797239053392083 107.3986927983387
95.38179393131043 -0.008243486923031314 0.02630650434726501 1.5797225222063365 107.39906425873379
95.4218072690897 -0.008243649890080902 0.026306428046313547 1.5797211421148918 107.39943488448071
95.46182060686895 -0.008243812490182583 0.026306351914598413 1.5797197650563861 107.3998046779424
95.50183394464821 -0.008243974724377653 0.026306275951646765 1.579718391022361 107.40017364147356
95.54184728242747 -0.008244136593703807 0.026306200156987362 1.579717020004386 107.40054177742081
95.58186062020673 -0.008244298099195167 0.02630612453015054 1.57971565199406 107.40090908812277
95.621873957986 -0.008244459241882291 0.026306049070668264 1.579714286983011 107.40127557590996
95.66188729576525 -0.00824462002279219 0.02630597377807405 1.5797129249628945 107.40164124310496
95.70190063354451 -0.008244780442948348 0.02630589865190303 1.579711565925396 107.40200609202235
95.74191397132377 -0.008244940503370718 0.02630582369169188 1.5797102098622282 107.40237012496875
95.78192730910303 -0.008245100205075762 0.026305748896978877 1.579708856765133 107.40273334424296
95.82194064688228 -0.008245259549076435 0.026305674267303816 1.5797075066258788 107.40309575213584
95.86195398466155 -0.008245418536382238 0.026305599802208094 1.579706159436265 107.40345735093047
95.90196732244081 -0.00824557716799919 0.02630552550123463 1.579704815188116 107.40381814290204
95.94198066022007 -0.00824573544492987 0.02630545136392789 1.5797034738732854 107.40417813031806
95.98199399799933 -0.008245893368173421 0.02630537738983387 1.5797021354836538 107.40453731543823
96.02200733577858 -0.008246050938725576 0.02630530357850013 1.5797008000111312 107.4048957005146
96.06202067355785 -0.008246208157578646 0.026305229929475704 1.5796994674476523 107.4052532877915
96.10203401133711 -0.008246365025721557 0.026305156442311187 1.579698137785181 107.40561007950559
96.14204734911637 -0.008246521544139856 0.026305083116558665 1.5796968110157081 107.40596607788598
96.18206068689562 -0.008246677713815733 0.026305009951771752 1.5796954871312523 107.40632128515412
96.22207402467488 -0.008246833535728009 0.026304936947505526 1.5796941661238575 107.40667570352397
96.26208736245414 -0.00824698901085218 0.026304864103316585 1.5796928479855952 107.40702933520191
96.30210070023341 -0.00824714414016042 0.02630479141876303 1.5796915327085654 107.40738218238685
96.34211403801267 -0.008247298924621576 0.026304718893404407 1.5796902202848928 107.40773424727023
96.38212737579192 -0.008247453365201215 0.026304646526801766 1.579688910706729 107.40808553203605
96.42214071357118 -0.008247607462861607 0.02630457431851762 1.5796876039662526 107.40843603886091
96.46215405135044 -0.008247761218561758 0.02630450226811595 1.5796863000556693 107.40878576991405
96.50216738912971 -0.008247914633257419 0.026304430375162193 1.5796849989672093 107.40913472735733
96.54218072690897 -0.008248067707901081 0.026304358639223244 1.5796837006931304 107.4094829133453
96.58219406468822 -0.008248220443442015 0.026304287059867423 1.579682405225715 107.40983033002522
96.62220740246748 -0.008248372840826277 0.02630421563666454 1.5796811125572738 107.41017697953714
96.66222074024674 -0.008248524900996706 0.026304144369185795 1.579679822680141 107.41052286401381
96.70223407802601 -0.008248676624892952 0.026304073257003843 1.579678535586678 107.41086798558081
96.74224741580527 -0.008248828013451486 0.026304002299692757 1.579677251269271 107.41121234635658
96.78226075358452 -0.008248979067605603 0.026303931496828015 1.5796759697203315 107.41155594845232
96.82227409136378 -0.008249129788285462 0.02630386084798655 1.5796746909322983 107.41189879397226
96.86228742914304 -0.00824928017641806 0.026303790352746655 1.5796734148976332 107.4122408850134
96.90230076692231 -0.008249430232927275 0.02630372001068807 1.5796721416088257 107.41258222366577
96.94231410470157 -0.008249579958733861 0.0263036498213919 1.5796708710583882 107.41292281201233
96.98232744248082 -0.008249729354755476 0.02630357978444065 1.579669603238859 107.41326265212908
97.02234078026008 -0.00824987842190667 0.026303509899418206 1.5796683381428012 107.41360174608496
97.06235411803934 -0.008250027161098933 0.026303440165909856 1.5796670757628029 107.41394009594208
97.1023674558186 -0.00825017557324067 0.02630337058350224 1.579665816091477 107.41427770375554
97.14238079359787 -0.008250323659237236 0.026303301151783375 1.5796645591214606 107.4146145715736
97.18239413137712 -0.00825047141999095 0.02630323187034266 1.5796633048454165 107.41495070143759
97.22240746915638 -0.008250618856401088 0.026303162738770813 1.5796620532560304 107.41528609538209
97.26242080693564 -0.008250765969363916 0.026303093756659967 1.5796608043460145 107.4156207554348
97.3024341447149 -0.008250912759772676 0.02630302492360353 1.5796595581081012 107.41595468361668
97.34244748249417 -0.008251059228517635 0.02630295623919631 1.5796583145350516 107.41628788194188
97.38246082027342 -0.008251205376486069 0.026302887703034437 1.5796570736196487 107.41662035241792
97.42247415805268 -0.008251351204562274 0.026302819314715356 1.5796558353546988 107.41695209704548
97.46248749583194 -0.008251496713627597 0.026302751073837866 1.5796545997330336 107.4172831178187
97.5025008336112 -0.00825164190456043 0.026302682980002073 1.5796533667475081 107.41761341672498
97.54251417139045 -0.008251786778236236 0.026302615032809413 1.5796521363910008 107.4179429957451
97.58252750916972 -0.008251931335527539 0.026302547231862608 1.5796509086564128 107.4182718568533
97.62254084694898 -0.008252075577303963 0.026302479576765715 1.5796496835366707 107.41860000201719
97.66255418472824 -0.008252219504432227 0.026302412067124088 1.5796484610247234 107.41892743319785
97.7025675225075 -0.00825236311777615 0.026302344702544358 1.5796472411135423 107.41925415234986
97.74258086028675 -0.00825250641819668 0.026302277482634466 1.5796460237961234 107.41958016142128
97.78259419806602 -0.008252649406551902 0.02630221040700365 1.5796448090654858 107.41990546235373
97.82260753584528 -0.008252792083697034 0.026302143475262395 1.57964359691467 107.42023005708234
97.86262087362454 -0.008252934450484455 0.0263020766870225 1.5796423873367413 107.42055394753585
97.9026342114038 -0.00825307650776371 0.026302010041897018 1.5796411803247878 107.42087713563662
97.94264754918305 -0.008253218256381513 0.026301943539500258 1.579639975871918 107.42119962330061
97.98266088696232 -0.008253359697181776 0.026301877179447805 1.5796387739712652 107.42152141243747
98.02267422474158 -0.008253500831005603 0.02630181096135651 1.5796375746159852 107.42184250495049
98.06268756252084 -0.00825364165869132 0.026301744884844463 1.5796363777992561 107.4221629027367
98.10270090030009 -0.008253782181074457 0.026301678949531004 1.5796351835142775 107.42248260768686
98.14271423807935 -0.00825392239898779 0.026301613155036714 1.5796339917542725 107.42280162168547
98.18272757585862 -0.008254062313261326 0.026301547500983416 1.5796328025124855 107.4231199466108
98.22274091363788 -0.008254201924722336 0.02630148198699416 1.579631615782184 107.42343758433493
98.26275425141714 -0.008254341234195352 0.026301416612693237 1.5796304315566567 107.42375453672382
98.30276758919639 -0.008254480242502178 0.026301351377706145 1.5796292498292144 107.42407080563721
98.34278092697565 -0.008254618950461902 0.026301286281659605 1.5796280705931893 107.42438639292872
98.3827942647549 -0.00825475735889092 0.026301221324181563 1.5796268938419376 107.42470130044595
98.42280760253418 -0.008254895468602926 0.026301156504901176 1.5796257195688348 107.42501553003032
98.46282094031343 -0.008255033280408927 0.026301091823448787 1.579624547767279 107.42532908351725
98.50283427809269 -0.008255170795117263 0.02630102727945594 1.579623378430689 107.42564196273614
98.54284761587195 -0.008255308013533616 0.026300962872555397 1.579622211552507 107.42595416951036
98.5828609536512 -0.008255444936461012 0.026300898602381106 1.579621047126195 107.4262657056573
98.62287429143048 -0.008255581564699835 0.026300834468568176 1.5796198851452359 107.42657657298842
98.66288762920973 -0.008255717899047837 0.02630077047075292 1.5796187256031347 107.42688677330919
98.70290096698899 -0.008255853940300156 0.026300706608572835 1.5796175684934182 107.4271963084192
98.74291430476825 -0.008255989689249314 0.02630064288166657 1.5796164138096322 107.42750518011215
98.7829276425475 -0.008256125146685231 0.026300579289673946 1.5796152615453454 107.42781339017587
98.82294098032676 -0.008256260313395247 0.026300515832235975 1.5796141116941471 107.42812094039235
98.86295431810603 -0.008256395190164106 0.026300452508994782 1.5796129642496455 107.42842783253774
98.90296765588529 -0.008256529777773993 0.026300389319593692 1.5796118192054722 107.42873406838237
98.94298099366455 -0.008256664077004533 0.026300326263677152 1.579610676555277 107.42903964969089
98.9829943314438 -0.008256798088632791 0.026300263340890768 1.579609536292733 107.42934457822207
99.02300766922306 -0.008256931813433304 0.026300200550881277 1.5796083984115306 107.42964885572903
99.06302100700233 -0.00825706525217807 0.026300137893296573 1.5796072629053832 107.42995248395914
99.10303434478159 -0.008257198405636566 0.026300075367785666 1.5796061297680235 107.43025546465411
99.14304768256085 -0.008257331274575761 0.026300012973998702 1.5796049989932044 107.43055779954993
99.1830610203401 -0.00825746385976012 0.026299950711586938 1.579603870574698 107.43085949037702
99.22307435811936 -0.008257596161951621 0.02629988858020278 1.579602744506299 107.4311605388601
99.26308769589863 -0.008257728181909752 0.026299826579499717 1.5796016207818195 107.43146094671836
99.30310103367789 -0.008257859920391533 0.026299764709132367 1.5796004993950927 107.43176071566535
99.34311437145715 -0.008257991378151518 0.026299702968756465 1.5795993803399724 107.43205984740908
99.3831277092364 -0.008258122555941817 0.026299641358028838 1.579598263610331 107.43235834365204
99.42314104701566 -0.008258253454512077 0.026299579876607408 1.5795971492000611 107.4326562060912
99.46315438479493 -0.008258384074609527 0.02629951852415118 1.579596037103074 107.432953436418
99.50316772257419 -0.008258514416978965 0.026299457300320305 1.5795949273133023 107.43325003631843
99.54318106035345 -0.008258644482362767 0.026299396204775952 1.5795938198246966 107.43354600747303
99.5831943981327 -0.008258774271500912 0.026299335237180414 1.5795927146312276 107.43384135155691
99.62320773591196 -0.008258903785130969 0.026299274397197044 1.5795916117268847 107.43413607023976
99.66322107369122 -0.008259033023988132 0.026299213684490293 1.5795905111056785 107.43443016518586
99.70323441147049 -0.008259161988805205 0.02629915309872565 1.5795894127616354 107.43472363805415
99.74324774924975 -0.008259290680312625 0.026299092639569695 1.5795883166888034 107.4350164904982
99.783261087029 -0.008259419099238469 0.02629903230669006 1.5795872228812489 107.43530872416628
99.82327442480826 -0.008259547246308459 0.02629897209975544 1.5795861313330577 107.43560034070128
99.86328776258752 -0.008259675122245975 0.026298912018435584 1.579585042038334 107.4358913417409
99.90330110036679 -0.008259802727772067 0.02629885206240129 1.5795839549912005 107.43618172891749
99.94331443814605 -0.00825993006360545 0.0262987922313244 1.5795828701857992 107.43647150385819
99.9833277759253 -0.008260057130462527 0.026298732524877796 1.5795817876162903 107.43676066818489
100.02334111370456 -0.008260183929057394 0.02629867294273541 1.5795807072768533 107.43704922351428
100.06335445148382 -0.00826031046010185 0.026298613484572193 1.5795796291616853 107.43733717145787
100.10336778926307 -0.008260436724305398 0.02629855415006415 1.579578553265003 107.43762451362196
100.14338112704235 -0.008260562722375265 0.0262984949388883 1.5795774795810409 107.43791125160774
100.1833944648216 -0.0082606884550164 0.02629843585072266 1.5795764081040509 107.4381973870113
100.22340780260086 -0.008260813922931492 0.026298376885246326 1.5795753388283054 107.43848292142353
100.26342114038012 -0.008260939126820969 0.02629831804213934 1.5795742717480918 107.43876785643027
100.30343447815937 -0.00826106406738302 0.02629825932108281 1.5795732068577188 107.43905219361231
100.34344781593865 -0.008261188745313583 0.02629820072175882 1.5795721441515114 107.43933593454537
100.3834611537179 -0.008261313161306377 0.02629814224385049 1.579571083623813 107.4396190808001
100.42347449149716 -0.008261437316052897 0.026298083887041898 1.5795700252689853 107.4399016339422
100.46348782927642 -0.008261561210242423 0.026298025651018152 1.5795689690814065 107.44018359553233
100.50350116705567 -0.008261684844562028 0.02629796753546534 1.5795679150554738 107.44046496712618
100.54351450483495 -0.008261808219696586 0.026297909540070524 1.579566863185601 107.44074575027447
100.5835278426142 -0.008261931336328797 0.0262978516645218 1.579565813466222 107.44102594652298
100.62354118039346 -0.008262054195139163 0.0262977939085082 1.5795647658917857 107.44130555741262
100.66355451817272 -0.008262176796806023 0.026297736271719743 1.5795637204567594 107.44158458447932
100.70356785595197 -0.008262299142005554 0.026297678753847437 1.579562677155628 107.44186302925416
100.74358119373125 -0.00826242123141177 0.026297621354583252 1.5795616359828932 107.44214089326336
100.7835945315105 -0.008262543065696548 0.02629756407362012 1.5795605969330748 107.44241817802829
100.82360786928976 -0.008262664645529614 0.026297506910651948 1.579559560000709 107.44269488506546
100.86362120706902 -0.008262785971578571 0.02629744986537359 1.57955852518035 107.44297101588663
100.90363454484827 -0.008262907044508893 0.026297392937480877 1.579557492466569 107.44324657199869
100.94364788262753 -0.008263027864983946 0.02629733612667057 1.5795564618539535 107.44352155490381
100.9836612204068 -0.008263148433664984 0.026297279432640396 1.5795554333371085 107.44379596609936
101.02367455818606 -0.00826326875121116 0.026297222855089022 1.5795544069106564 107.44406980707802
101.06368789596532 -0.008263388818279533 0.026297166393716046 1.579553382569235 107.4443430793277
101.10370123374457 -0.00826350863552509 0.026297110048222043 1.5795523603075012 107.44461578433162
101.14371457152383 -0.008263628143751745 0.026297053710532897 1.5795513331984266 107.44488787204779
101.1837279093031 -0.008263747523157288 0.02629699770367776 1.5795503220017995 107.44515949851169
101.22374124708236 -0.008263866594843542 0.02629694170403326 1.5795493059472268 107.44543051063089
101.26375458486162 -0.00826398541930621 0.026296885819079234 1.57954829195113 107.44570096139053
101.30376792264087 -0.00826410399718997 0.026296830048520875 1.5795472800082475 107.44597085225057
101.34378126042013 -0.00826422232913746 0.026296774392064296 1.579546270113335 107.44624018466635
101.38379459819939 -0.00826434041578929 0.02629671884941652 1.5795452622611628 107.44650896008866
101.42380793597866 -0.008264458257784046 0.026296663420285485 1.5795442564465187 107.4467771799637
101.46382127375792 -0.008264575855758302 0.02629660810438005 1.5795432526642086 107.44704484573313
101.50383461153717 -0.008264693210346626 0.026296552901409954 1.5795422509090506 107.44731195883406
101.54384794931643 -0.008264810322181576 0.026296497811085853 1.5795412511758815 107.44757852069911
101.58386128709569 -0.008264927191893727 0.0262964428331193 1.579540253459554 107.44784453275639
101.62387462487496 -0.00826504382011167 0.02629638796722274 1.5795392577549359 107.44810999642951
101.66388796265421 -0.008265160207462012 0.026296333213109525 1.5795382640569122 107.44837491313764
101.70390130043347 -0.008265276354569391 0.026296278570493863 1.5795372723603822 107.44863928429548
101.74391463821273 -0.008265392262056491 0.026296224039090873 1.579536282660262 107.44890311131333
101.78392797599199 -0.008265507930544026 0.026296169618616548 1.5795352949514834 107.44916639559702
101.82394131377126 -0.008265623360650775 0.02629611530878778 1.5795343092289942 107.44942913854801
101.86395465155051 -0.008265738552993562 0.026296061109322286 1.579533325487757 107.44969134156341
101.90396798932977 -0.008265853508187294 0.02629600701993872 1.5795323437227513 107.4499530060359
101.94398132710903 -0.008265968226844935 0.026295953040356552 1.5795313639289703 107.45021413335381
101.98399466488829 -0.008266082709577542 0.026295899170296153 1.5795303861014245 107.45047472490121
102.02400800266756 -0.008266196956994248 0.02629584540947873 1.5795294102351385 107.45073478205776
102.06402134044681 -0.008266310969702286 0.02629579175762637 1.5795284363251525 107.4509943061989
102.10403467822607 -0.008266424748306996 0.026295738214462013 1.5795274643665234 107.45125329869568
102.14404801600533 -0.00826653829341182 0.026295684779709446 1.5795264943543212 107.45151176091498
102.18406135378459 -0.008266651605618309 0.026295631453093302 1.5795255262836323 107.45176969421934
102.22407469156384 -0.008266764685526153 0.026295578234339083 1.5795245601495584 107.45202709996713
102.26408802934311 -0.008266877533733159 0.026295525123173114 1.579523595947216 107.45228397951244
102.30410136712237 -0.00826699015083527 0.026295472119322566 1.5795226336717365 107.45254033420518
102.34411470490163 -0.008267102537426583 0.026295419222515458 1.5795216733182664 107.45279616539108
102.38412804268089 -0.00826721469409933 0.026295366432480632 1.5795207148819665 107.45305147441162
102.42414138046014 -0.00826732662144391 0.026295313748947762 1.5795197583580136 107.4533062626042
102.46415471823941 -0.008267438320048889 0.02629526117164737 1.5795188037415988 107.45356053130205
102.50416805601867 -0.008267549790500985 0.026295208700310775 1.5795178510279275 107.4538142818342
102.54418139379793 -0.008267661033385111 0.02629515633467014 1.5795169002122202 107.45406751552567
102.58419473157718 -0.008267772049284361 0.026295104074458443 1.5795159512897128 107.45432023369727
102.62420806935644 -0.008267882838780013 0.026295051919409482 1.5795150042556543 107.45457243766583
102.6642214071357 -0.00826799340245154 0.026294999869257856 1.579514059105309 107.45482412874401
102.70423474491497 -0.008268103740876626 0.026294947923738998 1.579513115833956 107.45507530824045
102.74424808269423 -0.008268213854631166 0.02629489608258912 1.5795121744368883 107.45532597745978
102.78426142047348 -0.008268323744289261 0.026294844345545267 1.5795112349094136 107.45557613770254
102.82427475825274 -0.00826843341042325 0.026294792712345277 1.579510297246854 107.4558257902653
102.864288096032 -0.008268542853603686 0.02629474118272777 1.579509361444545 107.45607493644061
102.90430143381127 -0.008268652074399372 0.026294689756432198 1.579508427497838 107.45632357751705
102.94431477159053 -0.008268761073377338 0.026294638433198767 1.5795074954020965 107.4565717147792
102.98432810936978 -0.00826886985110288 0.026294587212768512 1.5795065651527 107.45681934950774
103.02434144714904 -0.00826897840813954 0.02629453609488323 1.579505636745041 107.45706648297934
103.0643547849283 -0.008269086745049122 0.026294485079285515 1.5795047101745268 107.45731311646678
103.10436812270757 -0.0082691948623917 0.02629443416571874 1.5795037854365777 107.45755925123893
103.14438146048683 -0.008269302760725617 0.026294383353927045 1.5795028625266279 107.45780488856074
103.18439479826608 -0.008269410440607505 0.026294332643655376 1.579501941440127 107.45805002969333
103.22440813604534 -0.00826951790259228 0.02629428203464943 1.5795010221725367 107.45829467589387
103.2644214738246 -0.008269625147233143 0.02629423152665569 1.5795001047193336 107.4585388284157
103.30443481160387 -0.00826973217508161 0.026294181119421382 1.5794991890760068 107.45878248850838
103.34444814938313 -0.008269838986687487 0.026294130812694532 1.5794982752380606 107.45902565741754
103.38446148716238 -0.008269945581852926 0.026294080606510686 1.579497363203864 107.45926833472703
103.42447482494164 -0.00827005196261994 0.026294030500044422 1.5794964529632294 107.45951052499905
103.4644881627209 -0.008270158128783687 0.026293980493334215 1.5794955445145673 107.45975222780176
103.50450150050015 -0.008270264080887256 0.026293930586131112 1.579494637853436 107.45999344436562
103.54451483827943 -0.00827036981947208 0.0262938807781869 1.5794937329754057 107.4602341759174
103.58452817605868 -0.008270475345077933 0.02629383106925414 1.5794928298760615 107.46047442368011
103.62454151383794 -0.008270580624304594 0.026293781472132703 1.579491928680664 107.46071411344016
103.6645548516172 -0.008270685725692511 0.026293731960434476 1.579491029125001 107.46095339756167
103.70456818939645 -0.008270790615710557 0.02629368254700994 1.5794901313348593 107.46119220154
103.74458152717573 -0.008270895294891925 0.0262936332316146 1.579489235305875 107.4614305265833
103.78459486495498 -0.008270999763768199 0.026293584014004737 1.5794883410337008 107.46166837389602
103.82460820273424 -0.008271104022869314 0.026293534893937303 1.579487448513998 107.46190574467897
103.8646215405135 -0.008271208072723604 0.026293485871170044 1.5794865577424453 107.4621426401293
103.90463487829275 -0.008271311913857797 0.02629343694546141 1.5794856687147323 107.4623790614405
103.94464821607201 -0.008271415546797004 0.02629338811657057 1.5794847814265611 107.46261500980245
103.98466155385128 -0.008271519004869313 0.026293339371647028 1.5794838957484114 107.4628505593146
104.02467489163054 -0.008271622222863184 0.026293290735720013 1.5794830119269692 107.46308556505694
104.0646882294098 -0.008271725234228174 0.026293242195892515 1.579482129832253 107.46332010139878
104.10470156718905 -0.008271828039483037 0.02629319375192659 1.5794812494600177 107.46355416951558
104.14471490496831 -0.00827193063914495 0.026293145403585006 1.5794803708060297 107.4637877705793
104.18472824274758 -0.008272033033729519 0.026293097150631238 1.5794794938660683 107.46402090575832
104.22474158052684 -0.008272135223750783 0.026293048992829467 1.5794786186359264 107.46425357621746
104.2647549183061 -0.008272237209721223 0.026293000929944577 1.579477745111407 107.46448578311809
104.30476825608535 -0.008272338992151766 0.026292952961742177 1.5794768732883295 107.46471752761799
104.34478159386461 -0.008272440571551791 0.026292905087988556 1.5794760031625226 107.46494881087146
104.38479493164388 -0.00827254194842913 0.0262928573084507 1.5794751347298286 107.46517963402937
104.42480826942314 -0.008272643123290083 0.026292809622896287 1.5794742679861011 107.46540999823902
104.4648216072024 -0.008272744096639415 0.026292762031093726 1.579473402927209 107.46563990464432
104.50483494498165 -0.008272844868980367 0.02629271453281207 1.5794725395490306 107.4658693543857
104.54484828276091 -0.008272945440814654 0.026292667127821075 1.5794716778474571 107.46609834860017
104.58486162054018 -0.00827304581264248 0.026292619815891205 1.5794708178183934 107.46632688842128
104.62487495831944 -0.008273145984962541 0.026292572596793573 1.5794699594577546 107.46655497497922
104.6648882960987 -0.008273245958272018 0.026292525470299997 1.5794691027614691 107.46678260940072
104.70490163387795 -0.008273345733066604 0.02629247843618297 1.5794682477254776 107.46700979280916
104.74491497165721 -0.008273445309840494 0.026292431494215653 1.5794673943457318 107.46723652632456
104.78492830943647 -0.008273544689086386 0.026292384644171884 1.5794665426181957 107.4674628110635
104.82494164721574 -0.008273643871295507 0.026292337885826172 1.5794656925388464 107.46768864813929
104.864954984995 -0.0082737428569576 0.02629229121895372 1.5794648441036725 107.46791403866183
104.90496832277425 -0.008273841646560932 0.026292244643330347 1.5794639973086728 107.46813898373776
104.94498166055351 -0.008273940240592309 0.026292198158732585 1.5794631521498605 107.46836348447034
104.98499499833277 -0.008274038639537068 0.026292151764937603 1.5794623086232589 107.46858754195956
105.02500833611204 -0.008274136843879095 0.026292105461723232 1.5794614667249032 107.4688111573021
105.0650216738913 -0.008274234854100814 0.026292059248867967 1.5794606264508413 107.46903433159137
105.10503501167055 -0.008274332670683213 0.026292013126150957 1.5794597877971317 107.4692570659175
105.14504834944981 -0.008274430294105828 0.026291967093352 1.579458950759845 107.46947936136735
105.18506168722907 -0.008274527724846763 0.02629192115025154 1.5794581153350633 107.46970121902456
105.22507502500832 -0.008274624963382696 0.026291875296630705 1.5794572815188814 107.4699226399695
105.2650883627876 -0.008274722010188869 0.026291829532271212 1.5794564493074033 107.47014362527933
105.30510170056685 -0.0082748188657391 0.026291783856955464 1.579455618696746 107.47036417602803
105.34511503834611 -0.008274915530505808 0.0262917382704665 1.579454789683039 107.47058429328631
105.38512837612537 -0.008275012004959973 0.02629169277258797 1.5794539622624197 107.47080397812172
105.42514171390462 -0.008275108289571193 0.026291647363104208 1.579453136431041 107.47102323159866
105.4651550516839 -0.008275204384807652 0.026291602041800144 1.5794523121850639 107.47124205477833
105.50516838946315 -0.00827530029113614 0.026291556808461358 1.5794514895206628 107.47146044871876
105.54518172724241 -0.008275396009022053 0.026291511662874054 1.579450668434022 107.47167841447487
105.58519506502167 -0.008275491538929402 0.02629146660482508 1.5794498489213378 107.47189595309841
105.62520840280092 -0.008275586881320815 0.026291421634101888 1.579449030978817 107.472113065638
105.6652217405802 -0.00827568203665754 0.026291376750492566 1.5794482146026778 107.4723297531392
105.70523507835945 -0.00827577700539946 0.02629133195378583 1.5794473997891503 107.47254601664443
105.74524841613871 -0.008275871788005085 0.026291287243771014 1.579446586534475 107.47276185719299
105.78526175391796 -0.008275966384931558 0.026291242620238037 1.5794457748349018 107.47297727582117
105.82527509169722 -0.008276060796634673 0.026291198082977484 1.5794449646866944 107.4731922735621
105.8652884294765 -0.008276155023568862 0.026291153631780525 1.5794441560861259 107.47340685144596
105.90530176725575 -0.00827624906618722 0.02629110926643895 1.5794433490294806 107.47362101049976
105.94531510503501 -0.00827634292494148 0.02629106498674515 1.5794425435130528 107.47383475174756
105.98532844281426 -0.008276436600282053 0.02629102079249213 1.579441739533149 107.47404807621037
106.02534178059352 -0.008276530092658007 0.026290976683473504 1.5794409370860867 107.47426098490615
106.06535511837278 -0.008276623402517084 0.02629093265948348 1.5794401361681922 107.4744734788499
106.10536845615205 -0.008276716530305697 0.026290888720316864 1.5794393367758035 107.4746855590536
106.1453817939313 -0.008276809476468935 0.02629084486576906 1.5794385389052694 107.47489722652625
106.18539513171056 -0.008276902241450581 0.026290801095636095 1.57943774255295 107.47510848227384
106.22540846948982 -0.008276994825693105 0.02629075740971457 1.5794369477152155 107.47531932729947
106.26542180726908 -0.00827708722963766 0.026290713807801666 1.5794361543884454 107.47552976260323
106.30543514504835 -0.008277179453724104 0.026290670289695173 1.5794353625690314 107.47573978918226
106.3454484828276 -0.008277271498391 0.026290626855193476 1.5794345722533754 107.47594940803079
106.38546182060686 -0.008277363364075611 0.026290583504095518 1.5794337834378884 107.47615862014011
106.42547515838612 -0.008277455051213915 0.026290540236200855 1.5794329961189937 107.47636742649863
106.46548849616538 -0.008277546560240606 0.02629049705130961 1.5794322102931235 107.4765758280918
106.50550183394463 -0.008277637891589097 0.0262904539492225 1.579431425956722 107.47678382590222
106.5455151717239 -0.008277729045691525 0.0262904109297408 1.5794306431062413 107.47699142090958
106.58552850950316 -0.00827782002297876 0.02629036799266638 1.5794298617381461 107.47719861409072
106.62554184728242 -0.008277910823880396 0.026290325137801676 1.57942908184891 107.4774054064196
106.66555518506168 -0.008278001448824778 0.0262902823649497 1.5794283034350172 107.47761179886734
106.70556852284093 -0.008278091898238981 0.026290239673914036 1.5794275264929623 107.47781779240219
106.7455818606202 -0.008278182172548833 0.026290197064498828 1.579426751019249 107.4780233879896
106.78559519839946 -0.008278272272178915 0.026290154536508802 1.5794259770103931 107.47822858659214
106.82560853617872 -0.008278362197552555 0.026290112089749223 1.5794252044629178 107.47843338916964
106.86562187395798 -0.00827845194909185 0.026290069724025953 1.5794244333733582 107.47863779667907
106.90563521173723 -0.008278541527217652 0.026290027439145394 1.57942366373826 107.4788418100746
106.9456485495165 -0.008278630932349587 0.026289985234914492 1.5794228955541756 107.47904543030766
106.98566188729576 -0.008278720164906052 0.026289943111140805 1.5794221288176722 107.47924865832687
107.02567522507502 -0.008278809225304218 0.026289901067632373 1.5794213635253218 107.4794514950781
107.06568856285428 -0.00827889811396004 0.026289859104197854 1.5794205996737107 107.47965394150444
107.10570190063353 -0.008278986831288252 0.026289817220646407 1.5794198372594306 107.47985599854624
107.1457152384128 -0.00827907537770239 0.026289775416787786 1.5794190762790876 107.48005766714112
107.18572857619206 -0.008279163753614769 0.026289733692432257 1.5794183167292941 107.480258948224
107.22574191397132 -0.00827925195943651 0.026289692047390654 1.579417558606674 107.48045984272702
107.26575525175058 -0.008279339995577532 0.026289650481474337 1.57941680190786 107.48066035157964
107.30576858952983 -0.008279427862446561 0.026289608994495225 1.5794160466294949 107.48086047570861
107.34578192730909 -0.008279515560451131 0.026289567586265765 1.5794152927682308 107.48106021603802
107.38579526508836 -0.008279603089997593 0.02628952625659895 1.5794145403207296 107.48125957348924
107.42580860286762 -0.008279690451491113 0.026289485005308318 1.5794137892836635 107.48145854898095
107.46582194064688 -0.008279777645335678 0.02628944383220791 1.579413039653712 107.48165714342925
107.50583527842613 -0.008279864671934105 0.026289402737112336 1.579412291427567 107.48185535774746
107.54584861620539 -0.008279951531688043 0.02628936171983673 1.5794115446019281 107.48205319284641
107.58586195398466 -0.008280038224997966 0.02628932078019674 1.5794107991735042 107.48225064963412
107.62587529176392 -0.008280124752263194 0.026289279918008536 1.579410055139014 107.48244772901613
107.66588862954318 -0.008280211113881884 0.02628923913308885 1.5794093124951865 107.48264443189525
107.70590196732243 -0.008280297310251043 0.026289198425254907 1.5794085712387582 107.4828407591718
107.74591530510169 -0.008280383341766524 0.026289157794324464 1.579407831366476 107.48303671174334
107.78592864288095 -0.008280469208823039 0.02628911724011581 1.5794070928750967 107.48323229050497
107.82594198066022 -0.00828055491181415 0.026289076762447714 1.5794063557613842 107.48342749634917
107.86595531843948 -0.008280640451132288 0.02628903636113952 1.5794056200221147 107.48362233016582
107.90596865621873 -0.008280725827168748 0.02628899603601104 1.5794048856540701 107.48381679284223
107.94598199399799 -0.008280811040313689 0.02628895578688261 1.5794041526540439 107.48401088526323
107.98599533177725 -0.00828089609095615 0.026288915613575103 1.5794034210188383 107.48420460831099
108.02600866955652 -0.008280980979484045 0.026288875515909877 1.579402690745264 107.48439796286522
108.06602200733577 -0.008281065706284167 0.026288835493708806 1.5794019618301416 107.48459094980305
108.10603534511503 -0.008281150271742194 0.02628879554679427 1.5794012342702994 107.48478356999912
108.14604868289429 -0.008281234676242692 0.02628875567498914 1.5794005080625753 107.48497582432557
108.18606202067355 -0.008281318920169124 0.026288715878116826 1.5793997832038167 107.48516771365198
108.22607535845282 -0.008281403003903844 0.02628867615600122 1.57939905969088 107.48535923884546
108.26608869623207 -0.008281486927828107 0.026288636508466693 1.5793983375206295 107.48555040077063
108.30610203401133 -0.00828157069232207 0.026288596935338145 1.5793976166899388 107.48574120028967
108.34611537179059 -0.008281654297764798 0.026288557436440953 1.57939689719569 107.4859316382622
108.38612870956985 -0.008281737744534272 0.026288518011601016 1.579396179034776 107.48612171554545
108.42614204734912 -0.00828182103300738 0.026288478660644692 1.5793954622040953 107.48631143299417
108.46615538512837 -0.008281904163559933 0.026288439383398865 1.5793947467005585 107.48650079146066
108.50616872290763 -0.008281987136566664 0.026288400179690873 1.579394032521082 107.48668979179479
108.54618206068689 -0.00828206995240122 0.02628836104934856 1.5793933196625918 107.486878434844
108.58619539846615 -0.008282152611436198 0.026288321992200273 1.579392608122024 107.48706672145327
108.6262087362454 -0.008282235114043116 0.026288283008074818 1.579391897896322 107.48725465246524
108.66622207402467 -0.008282317460592417 0.026288244096801493 1.5793911889824368 107.48744222872006
108.70623541180393 -0.00828239965145351 0.026288205258210084 1.5793904813773305 107.48762945105555
108.74624874958319 -0.00828248168699473 0.026288166492130862 1.5793897750779724 107.48781632030709
108.78626208736245 -0.008282563567583359 0.026288127798394553 1.5793890700813393 107.48800283730773
108.8262754251417 -0.008282645293585635 0.0262880891768324 1.5793883663844195 107.48818900288808
108.86628876292097 -0.008282726865366748 0.026288050627276075 1.5793876639842062 107.48837481787645
108.90630210070023 -0.008282808283290848 0.02628801214955775 1.579386962877703 107.48856028309874
108.94631543847949 -0.00828288954772104 0.02628797374351007 1.5793862630619213 107.48874539937854
108.98632877625874 -0.008282970659019402 0.026287935408966148 1.5793855645338823 107.48893016753706
109.026342114038 -0.008283051617546977 0.026287897145759565 1.5793848672906137 107.48911458839322
109.06635545181726 -0.008283132423663775 0.026287858953724375 1.5793841713291523 107.48929866276356
109.10636878959653 -0.008283213077728781 0.026287820832695076 1.5793834766465424 107.48948239146233
109.14638212737579 -0.00828329358009997 0.026287782782506663 1.5793827832398382 107.48966577530149
109.18639546515504 -0.00828337393113429 0.026287744802994586 1.5793820911061014 107.48984881509067
109.2264088029343 -0.008283454131187673 0.02628770689399474 1.5793814002424016 107.49003151163718
109.26642214071356 -0.00828353418061504 0.026287669055343486 1.5793807106458162 107.4902138657461
109.30643547849283 -0.008283614079770308 0.026287631286877642 1.5793800223134309 107.49039587822018
109.34644881627209 -0.008283693829006393 0.026287593588434514 1.5793793352423418 107.49057754985994
109.38646215405134 -0.008283773428675199 0.026287555959851824 1.57937864942965 107.49075888146359
109.4264754918306 -0.008283852879127638 0.026287518400967762 1.5793779648724662 107.49093987382712
109.46648882960986 -0.008283932180713625 0.026287480911620958 1.579377281567908 107.49112052774421
109.50650216738913 -0.00828401133378209 0.026287443491650526 1.579376599513103 107.49130084400642
109.54651550516839 -0.008284090338680971 0.026287406140896013 1.579375918705186 107.49148082340291
109.58652884294764 -0.00828416919575722 0.026287368859197396 1.5793752391412985 107.49166046672075
109.6265421807269 -0.008284247905356812 0.02628733164639512 1.5793745608185914 107.49183977474472
109.66655551850616 -0.008284326467824735 0.026287294502330055 1.5793738837342224 107.49201874825742
109.70656885628543 -0.008284404883505014 0.02628725742684356 1.5793732078853593 107.4921973880392
109.74658219406469 -0.008284483152740696 0.026287220419777373 1.5793725332691744 107.49237569486826
109.78659553184394 -0.008284561275873858 0.026287183480973725 1.579371859882851 107.49255366952057
109.8266088696232 -0.008284639253245617 0.026287146610275255 1.579371187723578 107.49273131276996
109.86662220740246 -0.008284717085196123 0.02628710980752505 1.5793705167885537 107.49290862538804
109.90663554518171 -0.008284794773756904 0.026287073075562526 1.5793698472679154 107.49308560962758
109.94664888296099 -0.008284872315876685 0.026287036408231098 1.579369178772448 107.4932622632851
109.98666222074024 -0.008284949713589944 0.02628699980837984 1.5793685114928702 107.49343858861323
110.0266755585195 -0.008285026967233019 0.026286963275853583 1.5793678454264097 107.49361458637495
110.06668889629876 -0.0082851040771413 0.026286926810497564 1.5793671805703025 107.4937902573311
110.10670223407801 -0.008285181043649234 0.026286890412157482 1.5793665169217928 107.49396560224044
110.14671557185729 -0.008285257867090329 0.026286854080679448 1.5793658544781315 107.4941406218595
110.18672890963654 -0.008285334547797158 0.026286817815909996 1.5793651932365778 107.4943153169428
110.2267422474158 -0.00828541108444751 0.026286781614769793 1.5793645330059312 107.49448968679238
110.26675558519506 -0.008285487480684549 0.02628674548296744 1.5793638741609524 107.49466373506318
110.30676892297431 -0.008285563735179437 0.02628670941741583 1.5793632165099023 107.49483746104897
110.34678226075357 -0.008285639848261023 0.02628667341796317 1.5793625600500694 107.4950108654958
110.38679559853284 -0.008285715820257248 0.02628663748445814 1.5793619047787513 107.49518394914766
110.4268089363121 -0.008285791651495128 0.026286601616749797 1.5793612506932515 107.49535671274643
110.46682227409136 -0.00828586734230076 0.02628656581468762 1.5793605977908807 107.49552915703195
110.50683561187061 -0.008285942892999333 0.02628653007812153 1.579359946068959 107.49570128274199
110.54684894964987 -0.008286018303915132 0.02628649440690184 1.579359295524812 107.49587309061225
110.58686228742914 -0.00828609357537152 0.026286458800879268 1.5793586461557727 107.49604458137637
110.6268756252084 -0.008286168707690974 0.026286423259904965 1.5793579979591825 107.49621575576597
110.66688896298766 -0.008286243701195063 0.026286387783830488 1.5793573509323902 107.49638661451064
110.70690230076691 -0.008286318556204453 0.026286352372507787 1.5793567050727497 107.49655715833788
110.74691563854617 -0.008286393273038931 0.026286317025789246 1.5793560603776253 107.49672738797325
110.78692897632544 -0.008286467852017376 0.026286281743527623 1.5793554168443857 107.4968973041402
110.8269423141047 -0.00828654229345779 0.026286246525576106 1.5793547744704084 107.4970669075603
110.86695565188396 -0.008286616597677281 0.026286211371788278 1.5793541332530776 107.49723619895295
110.90696898966321 -0.008286690764992083 0.026286176282018122 1.579353493189785 107.49740517903567
110.94698232744247 -0.008286764795717542 0.02628614125612003 1.579352854277929 107.49757384852397
110.98699566522174 -0.008286838690168134 0.026286106293948786 1.5793522165149152 107.49774220813133
111.027009003001 -0.008286912448657452 0.026286071395359573 1.5793515798981566 107.49791025856929
111.06702234078026 -0.008286986071498232 0.026286036560207983 1.5793509444250735 107.49807800054742
111.10703567855951 -0.008287059559002328 0.02628600178834998 1.5793503100930917 107.49824543477332
111.14704901633877 -0.00828713291148073 0.026285967079641946 1.5793496768996456 107.4984125619526
111.18706235411803 -0.008287206129243574 0.026285932433940635 1.5793490448421759 107.49857938278895
111.2270756918973 -0.008287279212600132 0.026285897851103215 1.5793484139181304 107.49874589798412
111.26708902967655 -0.00828735216185881 0.026285863330987234 1.5793477841249646 107.49891210823789
111.30710236745581 -0.008287424977327176 0.02628582887345064 1.5793471554601402 107.49907801424811
111.34711570523507 -0.008287497659311934 0.026285794478351738 1.579346527921125 107.49924361671076
111.38712904301433 -0.008287570208118943 0.026285760145549248 1.5793459015053946 107.49940891631981
111.4271423807936 -0.008287642624053218 0.026285725874902282 1.5793452762104323 107.49957391376736
111.46715571857285 -0.008287714907418933 0.026285691666270317 1.579344652033727 107.49973860974363
111.50716905635211 -0.008287787059748255 0.026285657519041064 1.5793440289681442 107.49990300766838
111.54718239413137 -0.008287859078882149 0.026285623434020557 1.5793434070204622 107.50006710275649
111.58719573191063 -0.00828793096635496 0.02628558941059579 1.5793427861835456 107.50023089843246
111.62720906968988 -0.008288002722467514 0.026285555448627783 1.5793421664549105 107.50039439537893
111.66722240746915 -0.00828807434751981 0.026285521547977916 1.5793415478320807 107.50055759427666
111.70723574524841 -0.008288145841811008 0.02628548770850795 1.5793409303125847 107.5007204958045
111.74724908302767 -0.008288217205639463 0.026285453930080034 1.5793403138939601 107.50088310063946
111.78726242080693 -0.008288288439302688 0.02628542021255668 1.5793396985737498 107.50104540945665
111.82727575858618 -0.008288359543097392 0.026285386555800785 1.579339084349504 107.5012074229294
111.86728909636545 -0.00828843051731946 0.026285352959675604 1.5793384712187786 107.5013691417291
111.90730243414471 -0.008288501362263966 0.026285319424044773 1.5793378591791365 107.5015305665254
111.94731577192397 -0.008288572078225172 0.02628528594877229 1.5793372482281476 107.50169169798602
111.98732910970323 -0.008288642665496537 0.02628525253372254 1.579336638363389 107.50185253677691
112.02734244748248 -0.008288713124370704 0.02628521917876025 1.579336029582442 107.50201308356216
112.06735578526175 -0.008288783455139523 0.026285185883750534 1.5793354218828963 107.5021733390041
112.10736912304101 -0.008288853658094036 0.02628515264855886 1.5793348152623479 107.50233330376317
112.14738246082027 -0.008288923733524491 0.02628511947305105 1.5793342097183978 107.50249297849804
112.18739579859952 -0.008288993681720338 0.026285086357093326 1.5793336052486566 107.5026523638656
112.22740913637878 -0.008289063502970241 0.02628505330055224 1.5793330018507383 107.5028114605209
112.26742247415805 -0.008289133197562063 0.026285020303294708 1.5793323995222646 107.50297026911724
112.30743581193731 -0.00828920276578289 0.02628498736518802 1.5793317982608637 107.50312879030614
112.34744914971657 -0.008289272207919014 0.026284954486099816 1.5793311980641698 107.50328702473728
112.38746248749582 -0.008289341524255946 0.02628492166589808 1.5793305989298225 107.50344497305863
112.42747582527508 -0.008289410715078426 0.026284888904451166 1.5793300008554703 107.5036026359164
112.46748916305434 -0.008289479780670407 0.026284856201627793 1.5793294038387655 107.50376001395499
112.50750250083361 -0.008289548721315062 0.026284823557297013 1.5793288078773682 107.50391710781707
112.54751583861287 -0.00828961753729481 0.02628479097132825 1.5793282129689437 107.50407391814358
112.58752917639212 -0.00828968622889128 0.026284758443591252 1.5793276191111647 107.50423044557368
112.62754251417138 -0.008289754796385345 0.026284725973956157 1.5793270263017094 107.5043866907448
112.66755585195064 -0.008289823240057108 0.02628469356229341 1.5793264345382618 107.50454265429266
112.70756918972991 -0.008289891560185914 0.02628466120847384 1.5793258438185136 107.50469833685125
112.74758252750917 -0.008289959757050342 0.02628462891236861 1.5793252541401612 107.5048537390528
112.78759586528842 -0.008290027830928215 0.026284596673849206 1.579324665500907 107.50500886152788
112.82760920306768 -0.0082900957820966 0.026284564492787505 1.5793240778984619 107.5051637049053
112.86762254084694 -0.008290163610831814 0.02628453236905569 1.5793234913305398 107.5053182698122
112.9076358786262 -0.008290231317409424 0.02628450030252631 1.5793229057948628 107.505472556874
112.94764921640547 -0.008290298902104242 0.02628446829307223 1.5793223212891578 107.50562656671443
112.98766255418472 -0.008290366365190338 0.02628443634056669 1.5793217378111597 107.50578029995552
113.02767589196398 -0.008290433706941037 0.02628440444488323 1.5793211553586057 107.50593375721763
113.06768922974324 -0.008290500927628931 0.026284372605895764 1.5793205739292437 107.50608693911948
113.1077025675225 -0.008290568027525863 0.026284340823478528 1.5793199935208246 107.50623984627804
113.14771590530177 -0.008290635006902943 0.02628430909750609 1.5793194141311055 107.50639247930866
113.18772924308102 -0.008290701866030547 0.026284277427853362 1.5793188357578505 107.50654483882502
113.22774258086028 -0.008290768605178323 0.02628424581439559 1.5793182583988292 107.50669692543914
113.26775591863954 -0.00829083522461518 0.026284214257008352 1.5793176820518169 107.50684873976138
113.3077692564188 -0.008290901724609317 0.026284182755567553 1.5793171067145952 107.5070002824005
113.34778259419807 -0.008290968105428186 0.026284151309949415 1.5793165323849503 107.50715155396354
113.38779593197732 -0.008291034367338532 0.026284119920030536 1.5793159590606767 107.50730255505596
113.42780926975658 -0.00829110051060638 0.026284088585687808 1.5793153867395726 107.50745328628159
113.46782260753584 -0.00829116653549703 0.026284057306798447 1.5793148154194427 107.50760374824259
113.5078359453151 -0.008291232442209577 0.026284026083124676 1.5793142450906643 107.50775394148185
113.54784928309437 -0.008291298231139065 0.026283994914775382 1.5793136757659425 107.50790386671389
113.58786262087362 -0.008291363902482978 0.0262839638015131 1.5793131074356443 107.50805352447819
113.62787595865288 -0.008291429456503773 0.026283932743216363 1.5793125400975978 107.50820291537048
113.66788929643214 -0.008291494893463194 0.026283901739764002 1.5793119737496362 107.5083520399849
113.7079026342114 -0.00829156021362229 0.02628387079103522 1.5793114083895996 107.508500898914
113.74791597199065 -0.008291625417241396 0.026283839896909494 1.579310844015333 107.5086494927487
113.78792930976992 -0.008291690504580156 0.02628380905726664 1.5793102806246866 107.5087978220784
113.82794264754918 -0.008291755475897515 0.026283778271986795 1.5793097182155174 107.50894588749091
113.86795598532844 -0.008291820331451719 0.026283747540950402 1.5793091567856872 107.5090936895724
113.9079693231077 -0.008291885071500334 0.02628371686403826 1.5793085963330653 107.50924122890754
113.94798266088695 -0.008291949696300203 0.0262836862411314 1.5793080368555221 107.50938850607938
113.98799599866622 -0.008292014206107515 0.02628365567211126 1.5793074783509389 107.50953552166948
114.02800933644548 -0.008292078601177756 0.026283625156859548 1.5793069208172004 107.50968227625775
114.06802267422474 -0.008292142881765734 0.026283594695258282 1.5793063642521958 107.50982877042264
114.10803601200399 -0.008292207048125564 0.026283564287189812 1.5793058086538214 107.50997500474101
114.14804934978325 -0.00829227110051069 0.026283533932536764 1.579305254019977 107.51012097978818
114.1880626875625 -0.008292335039173874 0.026283503631182127 1.5793047003485712 107.51026669613795
114.22807602534178 -0.008292398864367204 0.02628347338300914 1.5793041476375151 107.51041215436258
114.26808936312104 -0.008292462576342093 0.02628344318790141 1.5793035958847275 107.51055735503277
114.30810270090029 -0.00829252617534928 0.026283413045742787 1.5793030450881298 107.51070229871776
114.34811603867955 -0.008292589661638844 0.026283382956417495 1.5793024952456527 107.51084698598527
114.3881293764588 -0.008292653035460182 0.02628335291981001 1.5793019463552294 107.51099141740143
114.42814271423808 -0.008292716297062037 0.026283322935805133 1.5793013984147988 107.51113559353094
114.46815605201733 -0.008292779446692477 0.026283293004287958 1.5793008514223055 107.51127951493696
114.50816938979659 -0.008292842484598929 0.026283263125143914 1.5793003053757018 107.51142318218119
114.54818272757585 -0.00829290541102814 0.02628323329825869 1.579299760272941 107.51156659582381
114.5881960653551 -0.008292968226226213 0.026283203523518314 1.579299216111986 107.51170975642349
114.62820940313438 -0.008293030930438584 0.026283173800809065 1.5792986728908014 107.51185266453744
114.66822274091363 -0.008293093523910049 0.02628314413001757 1.5792981306073601 107.51199532072144
114.70823607869289 -0.008293156006884742 0.026283114511030724 1.5792975892596384 107.5121377255297
114.74824941647215 -0.008293218379606157 0.026283084943735734 1.579297048845618 107.512279879515
114.7882627542514 -0.008293280642317137 0.02628305542802008 1.5792965093632867 107.5124217832287
114.82827609203068 -0.00829334279525988 0.02628302596377158 1.5792959708106382 107.51256343722063
114.86828942980993 -0.008293404838675937 0.0262829965508783 1.5792954331856686 107.51270484203921
114.90830276758919 -0.00829346677280623 0.02628296718922864 1.579294896486383 107.51284599823138
114.94831610536845 -0.008293528597891028 0.026282937878711252 1.5792943607107885 107.51298690634266
114.9883294431477 -0.008293590314169973 0.026282908619215097 1.5792938258568985 107.5131275669171
115.02834278092696 -0.00829365192188207 0.026282879410629446 1.5792932919227323 107.51326798049733
115.06835611870623 -0.008293713421265688 0.02628285025284384 1.5792927589063137 107.51340814762455
115.10836945648549 -0.008293774812558566 0.026282821145748095 1.5792922268056713 107.5135480688385
115.14838279426475 -0.008293836095997816 0.026282792089232346 1.5792916956188394 107.51368774467753
115.188396132044 -0.008293897271819926 0.026282763083187 1.5792911653438573 107.51382717567856
115.22840946982326 -0.008293958340260747 0.026282734127502747 1.5792906359787693 107.51396636237708
115.26842280760253 -0.00829401930155552 0.026282705222070556 1.5792901075216244 107.51410530530718
115.30843614538179 -0.008294080155938861 0.026282676366781707 1.5792895799704771 107.51424400500157
115.34844948316105 -0.00829414090364476 0.02628264756152774 1.5792890533233876 107.51438246199147
115.3884628209403 -0.0082942015449066 0.026282618806200482 1.5792885275784194 107.51452067680681
115.42847615871956 -0.00829426207995714 0.02628259010069204 1.5792880027336424 107.51465864997606
115.46848949649882 -0.008294322509028527 0.026282561444894804 1.5792874787871307 107.51479638202632
115.50850283427809 -0.008294382832352308 0.026282532838701467 1.5792869557369653 107.51493387348329
115.54851617205735 -0.008294443050159401 0.026282504282004956 1.5792864335812284 107.5150711248713
115.5885295098366 -0.008294503162680126 0.02628247577469851 1.579285912318011 107.51520813671331
115.62854284761586 -0.008294563170144204 0.026282447316675638 1.579285391945407 107.51534490953088
115.66855618539512 -0.008294623072780739 0.026282418907830122 1.5792848724615156 107.51548144384427
115.70856952317439 -0.008294682870818238 0.026282390548056013 1.5792843538644408 107.51561774017226
115.74858286095365 -0.008294742564484611 0.026282362237247663 1.579283836152292 107.51575379903237
115.7885961987329 -0.008294802154007167 0.026282333975299665 1.5792833193231832 107.51588962094074
115.82860953651216 -0.00829486163961261 0.026282305762106897 1.579282803375232 107.51602520641214
115.86862287429142 -0.008294921021527069 0.02628227759756453 1.5792822883065634 107.51616055595997
115.90863621207069 -0.00829498029997606 0.02628224948156798 1.5792817741153058 107.51629567009637
115.94864954984995 -0.008295039475184517 0.02628222141401294 1.5792812607995912 107.51643054933204
115.9886628876292 -0.008295098547376784 0.026282193394795376 1.5792807483575584 107.51656519417642
116.02867622540846 -0.00829515751677662 0.026282165423811538 1.579280236787351 107.51669960513759
116.06868956318772 -0.008295216383607192 0.02628213750095791 1.5792797260871156 107.51683378272229
116.10870290096699 -0.008295275148091086 0.026282109626131284 1.5792792162550051 107.51696772743597
116.14871623874625 -0.008295333810450311 0.026282081799228686 1.579278707289177 107.51710143978273
116.1887295765255 -0.008295392370906287 0.026282054020147428 1.5792781991877929 107.51723492026535
116.22874291430476 -0.008295450829679854 0.026282026288785055 1.5792776919490177 107.51736816938535
116.26875625208402 -0.00829550918699129 0.02628199860503942 1.5792771855710248 107.5175011876429
116.30876958986327 -0.008295567443060285 0.02628197096880863 1.5792766800519897 107.51763397553685
116.34878292764255 -0.008295625598105958 0.02628194337999102 1.5792761753900928 107.51776653356482
116.3887962654218 -0.00829568365234686 0.02628191583848524 1.57927567158352 107.51789886222306
116.42880960320106 -0.008295741606000969 0.026281888344190145 1.5792751686304602 107.51803096200659
116.46882294098032 -0.008295799459285698 0.026281860897004895 1.5792746665291084 107.5181628334091
116.50883627875957 -0.008295857212417886 0.026281833496828878 1.5792741652776636 107.51829447692299
116.54884961653885 -0.008295914865613818 0.026281806143561758 1.5792736648743297 107.51842589303943
116.5888629543181 -0.008295972419089212 0.02628177883710347 1.5792731653173155 107.51855708224831
116.62887629209736 -0.008296029873059222 0.026281751577354167 1.5792726666048333 107.51868804503818
116.66888962987662 -0.008296087227738447 0.026281724364214307 1.5792721687351015 107.51881878189639
116.70890296765587 -0.008296144483340925 0.026281697197584563 1.5792716717063413 107.51894929330899
116.74891630543513 -0.00829620164008014 0.026281670077365867 1.5792711755167792 107.51907957976083
116.7889296432144 -0.008296258698169022 0.026281643003459445 1.5792706801646474 107.5192096417354
116.82894298099366 -0.008296315657819946 0.02628161597576672 1.5792701856481801 107.51933947971503
116.86895631877292 -0.00829637251924474 0.02628158899418941 1.5792696919656184 107.51946909418078
116.90896965655217 -0.00829642928265468 0.026281562058629464 1.5792691991152064 107.51959848561243
116.94898299433143 -0.008296485948260494 0.026281535168989092 1.5792687070951936 107.51972765448856
116.9889963321107 -0.008296542516272367 0.026281508325170743 1.5792682159038336 107.5198566012865
117.02900966988996 -0.008296598986899934 0.026281481527077127 1.579267725539383 107.51998532648233
117.06902300766922 -0.008296655360352297 0.026281454774611197 1.5792672360001057 107.52011383055093
117.10903634544847 -0.008296711636838008 0.026281428067676162 1.5792667472842676 107.5202421139659
117.14904968322773 -0.008296767816565086 0.02628140140617546 1.5792662593901405 107.52037017719972
117.189063021007 -0.008296823899741006 0.026281374790012794 1.5792657723159995 107.52049802072355
117.22907635878626 -0.008296879886572713 0.0262813482190921 1.5792652860601242 107.52062564500737
117.26908969656552 -0.008296935777266616 0.02628132169331758 1.5792648006208 107.52075305051997
117.30910303434477 -0.00829699157202859 0.026281295212593654 1.5792643159963151 107.5208802377289
117.34911637212403 -0.008297047271063979 0.026281268776824986 1.5792638321849612 107.52100720710055
117.3891297099033 -0.008297102874577597 0.026281242385916514 1.5792633491850374 107.52113395910006
117.42914304768256 -0.008297158382773734 0.026281216039773386 1.5792628669948443 107.52126049419138
117.46915638546182 -0.008297213795856153 0.026281189738301017 1.5792623856126886 107.5213868128373
117.50916972324107 -0.008297269114028078 0.02628116348140502 1.5792619050368788 107.52151291549944
117.54918306102033 -0.008297324337492239 0.026281137268991315 1.5792614252657315 107.52163880263814
117.58919639879959 -0.008297379466450816 0.026281111100965992 1.579260946297564 107.52176447471264
117.62920973657886 -0.008297434501105485 0.026281084977235428 1.5792604681306994 107.521889932181
117.66922307435811 -0.008297489441657398 0.02628105889770621 1.579259990763465 107.52201517550004
117.70923641213737 -0.008297544288307191 0.026281032862285187 1.5792595141941925 107.5221402051255
117.74924974991663 -0.008297599041254987 0.026281006870879416 1.5792590384212175 107.52226502151186
117.78926308769589 -0.008297653700700387 0.02628098092339621 1.579258563442879 107.5223896251125
117.82927642547516 -0.008297708266842492 0.026280955019743105 1.5792580892575214 107.52251401637962
117.86928976325441 -0.008297762739879892 0.026280929159827902 1.5792576158634946 107.52263819576427
117.90930310103367 -0.00829781712001065 0.02628090334355857 1.5792571432591476 107.52276216371632
117.94931643881293 -0.00829787140743234 0.026280877570843384 1.579256671442839 107.52288592068453
117.98932977659219 -0.008297925602342025 0.026280851841590805 1.5792562004129294 107.52300946711647
118.02934311437144 -0.00829797970493626 0.02628082615570954 1.579255730167782 107.5231328034586
118.06935645215071 -0.008298033715411098 0.026280800513108524 1.5792552607057668 107.52325593015622
118.10936978992997 -0.008298087633962095 0.026280774913696934 1.5792547920252566 107.5233788476535
118.14938312770923 -0.008298141460784303 0.026280749357384156 1.5792543241246277 107.52350155639348
118.18939646548849 -0.008298195196072278 0.026280723844079826 1.579253857002262 107.52362405681808
118.22940980326774 -0.008298248840020075 0.0262806983736938 1.579253390656545 107.52374634936807
118.26942314104701 -0.008298302392821259 0.026280672946136143 1.579252925085864 107.5238684344831
118.30943647882627 -0.008298355854668897 0.026280647561317188 1.5792524602886149 107.52399031260171
118.34944981660553 -0.00829840922575556 0.02628062221914744 1.5792519962631917 107.52411198416135
118.38946315438479 -0.008298462506273337 0.026280596919537675 1.579251533007998 107.52423344959831
118.42947649216404 -0.008298515696413822 0.026280571662398874 1.5792510705214375 107.52435470934778
118.46948982994331 -0.008298568796368122 0.026280546447642248 1.5792506088019207 107.52447576384388
118.50950316772257 -0.008298621806326855 0.026280521275179224 1.5792501478478598 107.52459661351958
118.54951650550183 -0.008298674726480161 0.026280496144921464 1.579249687657673 107.52471725880676
118.58952984328108 -0.008298727557017688 0.026280471056780844 1.5792492282297803 107.52483770013625
118.62954318106034 -0.008298780298128604 0.02628044601066946 1.5792487695626078 107.52495793793773
118.66955651883961 -0.008298832950001597 0.026280421006499622 1.579248311654583 107.52507797263979
118.70956985661887 -0.008298885512824877 0.02628039604418387 1.5792478545041397 107.52519780467
118.74958319439813 -0.008298937986786178 0.026280371123634984 1.5792473981097153 107.52531743445478
118.78959653217738 -0.008298990372072747 0.026280346244765922 1.579246942469749 107.52543686241947
118.82960986995664 -0.00829904266887137 0.026280321407489884 1.5792464875826866 107.52555608898838
118.8696232077359 -0.008299094877368345 0.026280296611720284 1.5792460334469758 107.52567511458471
118.90963654551517 -0.008299146997749508 0.02628027185737076 1.5792455800610696 107.5257939396306
118.94964988329443 -0.008299199030200228 0.026280247144355146 1.5792451274234236 107.52591256454714
118.98966322107368 -0.008299250974905385 0.026280222472587496 1.5792446755324971 107.5260309897543
119.02967655885294 -0.008299302832049417 0.02628019784198212 1.579244224386756 107.52614921567107
119.0696898966322 -0.008299354601816269 0.02628017325245348 1.5792437739846652 107.5262672427153
119.10970323441147 -0.00829940628438944 0.026280148703916296 1.5792433243246986 107.52638507130384
119.14971657219073 -0.008299457879951956 0.02628012419628548 1.57924287540533 107.52650270185246
119.18972990996998 -0.008299509388686385 0.02628009972947616 1.5792424272250385 107.52662013477592
119.22974324774924 -0.008299560810774837 0.02628007530340369 1.5792419797823076 107.52673737048791
119.2697565855285 -0.008299612146398945 0.026280050917983612 1.5792415330756226 107.52685440940103
119.30976992330775 -0.008299663395739901 0.026280026573131707 1.5792410871034754 107.52697125192691
119.34978326108703 -0.008299714558978436 0.026280002268763928 1.5792406418643585 107.52708789847614
119.38979659886628 -0.00829976563629482 0.026279978004796475 1.5792401973567705 107.52720434945822
119.42980993664554 -0.008299816627868876 0.026279953781145737 1.5792397535792124 107.5273206052817
119.4698232744248 -0.008299867533879967 0.02627992959772832 1.5792393105301898 107.527436666354
119.50983661220405 -0.00829991835450701 0.02627990545446102 1.5792388682082112 107.52755253308166
119.54984994998333 -0.008299969089928468 0.026279881351260866 1.5792384266117891 107.52766820587003
119.58986328776258 -0.008300019740322354 0.026279857288045074 1.5792379857394403 107.52778368512357
119.62987662554184 -0.008300070305866235 0.026279833264731076 1.5792375455896843 107.52789897124566
119.6698899633211 -0.008300120786737234 0.026279809281236497 1.5792371061610442 107.52801406463873
119.70990330110035 -0.008300171183112026 0.02627978533747918 1.5792366674520475 107.52812896570411
119.74991663887963 -0.00830022149516684 0.026279761433377156 1.5792362294612243 107.5282436748422
119.78992997665888 -0.00830027172307747 0.026279737568848688 1.5792357921871105 107.52835819245237
119.82994331443814 -0.008300321867019265 0.026279713743812227 1.579235355628244 107.52847251893299
119.8699566522174 -0.008300371927167125 0.0262796899581864 1.5792349197831648 107.52858665468142
119.90996998999665 -0.00830042190369553 0.02627966621189007 1.5792344846504194 107.52870060009406
119.94998332777593 -0.008300471796778508 0.0262796425048423 1.579234050228556 107.52881435556628
119.98999666555518 -0.008300521606589653 0.026279618836962327 1.5792336165161276 107.52892792149248
120.03001000333444 -0.008300571333302132 0.02627959520816961 1.5792331835116893 107.5290412982661
120.0700233411137 -0.008300620977088669 0.026279571618383797 1.579232751213801 107.52915448627954
120.11003667889295 -0.008300670538121559 0.026279548067524743 1.5792323196210254 107.52926748592427
120.15005001667221 -0.008300720016572675 0.02627952455551251 1.57923188873193 107.52938029759075
120.19006335445148 -0.008300769412613445 0.02627950108226732 1.579231458545084 107.52949292166848
120.23007669223074 -0.008300818726414883 0.026279477647709635 1.5792310290590605 107.52960535854601
120.27009003001 -0.00830086795814756 0.026279454251760082 1.5792306002724372 107.52971760861087
120.31010336778925 -0.00830091710798164 0.026279430894339505 1.5792301721837945 107.52982967224969
120.35011670556851 -0.00830096617608685 0.026279407575368938 1.5792297447917165 107.52994154984808
120.39013004334778 -0.008301015162632493 0.026279384294769597 1.5792293180947907 107.5300532417907
120.43014338112704 -0.008301064067787457 0.026279361052462907 1.5792288920916078 107.5301647484613
120.4701567189063 -0.008301112891720204 0.02627933784837048 1.5792284667807621 107.53027607024262
120.51017005668555 -0.008301161634598778 0.026279314682414123 1.579228042160851 107.53038720751647
120.55018339446481 -0.008301210296590806 0.026279291554515846 1.5792276182304774 107.53049816066371
120.59019673224407 -0.00830125887786349 0.026279268464597817 1.579227194988244 107.53060893006425
120.63021007002334 -0.00830130737858363 0.026279245412582433 1.5792267724327598 107.5307195160971
120.6702234078026 -0.0083013557989176 0.026279222398392265 1.579226350562636 107.53082991914023
120.71023674558185 -0.00830140413903136 0.026279199421950068 1.579225929376487 107.53094013957077
120.75025008336111 -0.00830145239909047 0.026279176483178814 1.5792255088729321 107.53105017776487
120.79026342114037 -0.008301500579260063 0.026279153582001624 1.579225089050592 107.53116003409777
120.83027675891964 -0.008301548679704873 0.026279130718341846 1.5792246699080923 107.53126970894374
120.8702900966989 -0.008301596700589218 0.026279107892122976 1.5792242514440602 107.53137920267618
120.91030343447815 -0.008301644642077017 0.026279085103268745 1.5792238336571283 107.5314885156675
120.95031677225741 -0.008301692504331775 0.026279062351703037 1.5792234165459311 107.53159764828926
120.99033011003667 -0.008301740287516596 0.026279039637349934 1.5792230001091074 107.53170660091203
121.03034344781594 -0.008301787991794174 0.02627901696013368 1.5792225843452972 107.53181537390554
121.0703567855952 -0.008301835617326812 0.026278994319978766 1.5792221692531478 107.53192396763853
121.11037012337445 -0.008301883164276394 0.02627897171680979 1.5792217548313054 107.53203238247887
121.15038346115371 -0.008301930632804422 0.026278949150551595 1.5792213410784222 107.53214061879353
121.19039679893297 -0.008301978023071987 0.026278926621129173 1.579220927993153 107.53224867694856
121.23041013671224 -0.008302025335239785 0.02627890412846772 1.5792205155741554 107.5323565573091
121.2704234744915 -0.008302072569468114 0.0262788816724926 1.579220103820091 107.5324642602394
121.31043681227075 -0.008302119725916875 0.026278859253129363 1.5792196927296238 107.53257178610279
121.35045015005001 -0.00830216680474558 0.026278836870303746 1.5792192823014217 107.53267913526176
121.39046348782927 -0.008302213806113345 0.02627881452394167 1.5792188725341563 107.53278630807786
121.43047682560852 -0.008302260730178888 0.02627879221396922 1.5792184634265007 107.53289330491175
121.4704901633878 -0.008302307576640206 0.026278769940489454 1.5792180549788462 107.53300012509993
121.51050350116705 -0.00830235434657759 0.026278747703074624 1.5792176471864396 107.5331067710516
121.55051683894631 -0.008302401039686574 0.026278725501828793 1.579217240049686 107.5332132420978
121.59053017672557 -0.008302447656124317 0.02627870333667877 1.5792168335672705 107.5333195385956
121.63054351450482 -0.008302494196047602 0.026278681207551554 1.5792164277378846 107.53342566090132
121.6705568522841 -0.008302540659612813 0.026278659114374294 1.57921602256022 107.53353160937029
121.71057019006335 -0.008302587046975961 0.026278637057074356 1.5792156180329746 107.53363738435705
121.75058352784261 -0.008302633358292672 0.026278615035579257 1.5792152141548474 107.53374298621524
121.79059686562186 -0.008302679593718179 0.026278593049816685 1.5792148109245403 107.53384841529765
121.83061020340112 -0.008302725753407347 0.026278571099714536 1.5792144083407607 107.53395367195617
121.87062354118038 -0.008302771837514654 0.026278549185200832 1.579214006402216 107.53405875654187
121.91063687895965 -0.0083028178461942 0.026278527306203815 1.579213605107619 107.53416366940493
121.95065021673891 -0.008302863779599705 0.026278505462651876 1.579213204455685 107.53426841089467
121.99066355451816 -0.008302909637884522 0.026278483654473588 1.5792128044451321 107.53437298135961
122.03067689229742 -0.008302955421201613 0.026278461881597687 1.5792124050746807 107.53447738114734
122.07069023007668 -0.00830300112970357 0.026278440143953103 1.5792120063430564 107.53458161060463
122.11070356785595 -0.008303046763542626 0.026278418441468915 1.5792116082489862 107.53468567007745
122.1507169056352 -0.00830309232287062 0.026278396774074387 1.5792112107912004 107.53478955991083
122.19073024341446 -0.008303137807839034 0.026278375141698958 1.579210813968433 107.53489328044905
122.23074358119372 -0.00830318321859897 0.026278353544272215 1.5792104177794202 107.5349968320355
122.27075691897298 -0.008303228555301167 0.02627833198172393 1.5792100222229013 107.53510021501276
122.31077025675225 -0.008303273818095997 0.026278310453984054 1.5792096272976195 107.53520342972253
122.3507835945315 -0.008303319007133462 0.02627828896098271 1.5792092330023209 107.53530647650572
122.39079693231076 -0.008303364122563195 0.026278267502650155 1.5792088393357533 107.5354093557024
122.43081027009002 -0.008303409164534464 0.026278246078916843 1.579208446296668 107.5355120676518
122.47082360786928 -0.008303454133196175 0.02627822468971339 1.5792080538838205 107.5356146126923
122.51083694564855 -0.008303499028696877 0.026278203334970576 1.5792076620959674 107.53571699116155
122.5508502834278 -0.008303543851217494 0.026278182014676472 1.5792072709355576 107.5358192034254
122.59086362120706 -0.00830358860084026 0.02627816072864781 1.5792068803939698 107.53592124976146
122.63087695898632 -0.008303633277745475 0.026278139476873123 1.5792064904736667 107.53602313053409
122.67089029676558 -0.008303677882080243 0.026278118259283893 1.57920610117342 107.53612484607757
122.71090363454483 -0.0083037224139913 0.026278097075811697 1.579205712492 107.53622639672545
122.7509169723241 -0.008303766873625043 0.026278075926388342 1.5792053244281832 107.5363277828104
122.79093031010336 -0.008303811261127494 0.02627805481094575 1.5792049369807473 107.53642900466433
122.83094364788262 -0.008303855576644334 0.02627803372941604 1.5792045501484746 107.53653006261827
122.87095698566188 -0.00830389982032088 0.026278012681731463 1.5792041639301473 107.53663095700257
122.91097032344113 -0.008303943992302103 0.02627799166782445 1.5792037783245532 107.53673168814666
122.9509836612204 -0.008303988092732624 0.026277970687627605 1.5792033933304825 107.53683225637926
122.99099699899966 -0.008304032121756703 0.026277949741073676 1.5792030089467275 107.5369326620282
123.03101033677892 -0.00830407607951826 0.02627792882809558 1.579202625172084 107.53703290542063
123.07102367455818 -0.008304119966160864 0.026277907948626385 1.5792022420053502 107.53713298688284
123.11103701233743 -0.008304163781827729 0.026277887102599328 1.5792018594453272 107.53723290674031
123.15105035011669 -0.008304207526661738 0.026277866289947827 1.5792014774908203 107.53733266531779
123.19106368789596 -0.008304251200805409 0.026277845510605406 1.579201096140635 107.53743226293923
123.23107702567522 -0.008304294804400926 0.026277824764505794 1.5792007153935816 107.53753169992777
123.27109036345448 -0.008304338337590129 0.026277804051582865 1.5792003352484736 107.5376309766058
123.31110370123373 -0.008304381800514514 0.02627778337177065 1.5791999557041254 107.53773009329491
123.35111703901299 -0.008304425193315233 0.02627776272500333 1.5791995767593554 107.53782905031593
123.39113037679226 -0.008304468516133097 0.026277742111215262 1.5791991984129854 107.53792784798893
123.43114371457152 -0.008304511769108581 0.026277721530340938 1.5791988206638385 107.53802648663316
123.47115705235078 -0.008304554952381816 0.026277700982315026 1.5791984435107416 107.53812496656715
123.51117039013003 -0.0083045980660926 0.026277680467072333 1.579198066952524 107.53822328810864
123.55118372790929 -0.00830464111038039 0.026277659984547837 1.5791976909880188 107.5383214515746
123.59119706568856 -0.008304684085384305 0.026277639534676656 1.5791973156160592 107.53841945728126
123.63121040346782 -0.00830472699124314 0.026277619117394083 1.5791969408354853 107.53851730554406
123.67122374124708 -0.008304769828095335 0.02627759873263554 1.5791965666451353 107.53861499667772
123.71123707902633 -0.008304812596079018 0.02627757838033661 1.5791961930438534 107.53871253099618
123.75125041680559 -0.00830485529533197 0.02627755806043304 1.579195820030485 107.53880990881258
123.79126375458486 -0.008304897925991652 0.026277537772860734 1.5791954476038799 107.53890713043943
123.83127709236412 -0.008304940488195182 0.02627751751755572 1.5791950757628879 107.53900419618836
123.87129043014338 -0.00830498298207936 0.02627749729445421 1.5791947045063641 107.53910110637034
123.91130376792263 -0.00830502540778065 0.02627747710349255 1.5791943338331649 107.53919786129553
123.95131710570189 -0.008305067765435192 0.026277456944607244 1.5791939637421506 107.53929446127341
123.99133044348115 -0.008305110055178797 0.02627743681773494 1.5791935942321824 107.53939090661268
124.03134378126042 -0.008305152277146947 0.02627741672281244 1.579193225302125 107.5394871976213
124.07135711903967 -0.008305194431474807 0.0262773966597767 1.5791928569508467 107.53958333460649
124.11137045681893 -0.008305236518297215 0.02627737662856482 1.5791924891772173 107.53967931787477
124.15138379459819 -0.00830527853774868 0.026277356629114047 1.5791921219801095 107.53977514773189
124.19139713237745 -0.008305320489963396 0.02627733666136178 1.5791917553583985 107.53987082448289
124.23141047015672 -0.008305362375075233 0.02627731672524558 1.5791913893109635 107.53996634843203
124.27142380793597 -0.00830540419321774 0.026277296820703126 1.579191023836684 107.54006171988296
124.31143714571523 -0.008305445944524148 0.026277276947672273 1.5791906589344442 107.54015693913847
124.35145048349449 -0.008305487629127363 0.026277257106091 1.5791902946031293 107.54025200650072
124.39146382127375 -0.008305529247159988 0.02627723729589745 1.5791899308416288 107.54034692227108
124.431477159053 -0.00830557079875429 0.026277217517029904 1.5791895676488332 107.54044168675028
124.47149049683227 -0.008305612284042238 0.0262771977694268 1.5791892050236371 107.54053630023827
124.51150383461153 -0.008305653703155471 0.0262771780530267 1.5791888429649366 107.5406307630343
124.55151717239079 -0.008305695056225321 0.026277158367768318 1.5791884814716295 107.54072507543692
124.59153051017005 -0.008305736343382811 0.026277138713590532 1.579188120542619 107.54081923774397
124.6315438479493 -0.008305777564758643 0.026277119090432347 1.5791877601768085 107.54091325025257
124.67155718572857 -0.008305818720483209 0.026277099498232908 1.5791874003731048 107.54100711325911
124.71157052350783 -0.008305859810686596 0.026277079936931513 1.5791870411304172 107.54110082705934
124.75158386128709 -0.008305900835498578 0.026277060406467607 1.5791866824476575 107.54119439194824
124.79159719906635 -0.008305941795018775 0.026277040906823278 1.5791863243255482 107.54128780813433
124.8316105368456 -0.008305982689436093 0.02627702143785312 1.5791859667593853 107.54138107608301
124.87162387462487 -0.008306023518849475 0.02627700199953961 1.5791856097499009 107.54147419600119
124.91163721240413 -0.00830606428338746 0.026276982591822762 1.579185253296017 107.54156716818109
124.95165055018339 -0.008306104983178289 0.026276963214642717 1.579184897396658 107.54165999291423
124.99166388796264 -0.008306145618349893 0.026276943867939762 1.5791845420507507 107.54175267049146
125.0316772257419 -0.0083061861890299 0.026276924551654327 1.5791841872572243 107.54184520120289
125.07169056352117 -0.008306226695345635 0.02627690526572698 1.5791838330150112 107.541937585338
125.11170390130043 -0.008306267137424127 0.026276886010098425 1.5791834793230455 107.54202982318554
125.15171723907969 -0.00830630751539209 0.026276866784709516 1.5791831261802645 107.54212191503363
125.19173057685894 -0.00830634782937595 0.02627684758950124 1.5791827735856074 107.54221386116961
125.2317439146382 -0.00830638807950183 0.0262768284244147 1.579182421538016 107.54230566188026
125.27175725241746 -0.008306428265895551 0.026276809289391183 1.5791820700364343 107.54239731745162
125.31177059019673 -0.008306468388682639 0.026276790184372074 1.5791817190798092 107.54248882816901
125.35178392797599 -0.008306508447988322 0.02627677110929891 1.5791813686670904 107.54258019431718
125.39179726575524 -0.008306548443937528 0.02627675206411336 1.5791810187972282 107.54267141618014
125.4318106035345 -0.0083065883766549 0.02627673304875726 1.5791806694691788 107.54276249404121
125.47182394131376 -0.008306628246264778 0.026276714063172526 1.5791803206818975 107.54285342818311
125.51183727909303 -0.008306668052891207 0.026276695107301247 1.5791799724343425 107.54294421888785
125.55185061687229 -0.00830670779665794 0.02627667618108564 1.5791796247254755 107.54303486643676
125.59186395465154 -0.008306747477688442 0.02627665728446805 1.5791792775542606 107.54312537111056
125.6318772924308 -0.008306787096105888 0.026276638417390998 1.579178930919665 107.54321573318924
125.67189063021006 -0.008306826652033151 0.02627661957979706 1.5791785848206552 107.5433059529522
125.71190396798931 -0.008306866145592827 0.026276600771629015 1.5791782392562035 107.54339603067814
125.75191730576859 -0.008306905576907213 0.026276581992829746 1.5791778942252825 107.54348596664511
125.79193064354784 -0.008306944946098327 0.026276563243342273 1.579177549726868 107.5435757611305
125.8319439813271 -0.008306984253287892 0.02627654452310975 1.5791772057599383 107.5436654144111
125.87195731910636 -0.008307023498597346 0.026276525832075456 1.5791768623234732 107.54375492676294
125.91197065688561 -0.008307062682147842 0.02627650717018282 1.579176519416456 107.54384429846152
125.95198399466489 -0.008307101804060255 0.02627648853737539 1.5791761770378716 107.54393352978163
125.99199733244414 -0.008307140864455161 0.026276469933596846 1.5791758351867073 107.54402262099742
126.0320106702234 -0.008307179863452866 0.026276451358791 1.579175493861953 107.54411157238242
126.07202400800266 -0.008307218801173384 0.026276432812901797 1.5791751530626013 107.54420038420947
126.11203734578191 -0.008307257677736452 0.026276414295873306 1.5791748127876457 107.54428905675083
126.15205068356119 -0.008307296493261528 0.026276395807649733 1.5791744730360837 107.54437759027809
126.19206402134044 -0.008307335247867783 0.026276377348175412 1.579174133806914 107.5444659850622
126.2320773591197 -0.00830737394167411 0.026276358917394795 1.5791737950991376 107.54455424137349
126.27209069689896 -0.008307412574799127 0.02627634051525248 1.5791734569117581 107.54464235948164
126.31210403467821 -0.008307451147361176 0.02627632214169319 1.5791731192437828 107.54473033965573
126.35211737245749 -0.008307489659478312 0.02627630379666176 1.579172782094218 107.54481818216416
126.39213071023674 -0.00830752811126832 0.026276285480103186 1.579172445462076 107.54490588727477
126.432144048016 -0.008307566502848713 0.026276267191962556 1.5791721093463684 107.5449934552547
126.47215738579526 -0.008307604834336716 0.02627624893218509 1.5791717737461104 107.54508088637053
126.51217072357451 -0.008307643105849295 0.026276230700716163 1.5791714386603197 107.54516818088817
126.55218406135377 -0.008307681317503132 0.02627621249750125 1.5791711040880154 107.54525533907295
126.59219739913304 -0.008307719469414642 0.02627619432248596 1.5791707700282196 107.54534236118954
126.6322107369123 -0.008307757561699963 0.02627617617561603 1.5791704364799566 107.54542924750203
126.67222407469156 -0.008307795594474967 0.026276158056837317 1.579170103442252 107.54551599827387
126.71223741247081 -0.00830783356785525 0.026276139966095798 1.5791697709141344 107.5456026137679
126.75225075025007 -0.008307871481956143 0.0262761219033376 1.5791694388946351 107.54568909424636
126.79226408802934 -0.008307909336892705 0.02627610386850894 1.5791691073827863 107.54577543997087
126.8322774258086 -0.008307947132779733 0.0262760858615562 1.5791687763776243 107.54586165120243
126.87229076358786 -0.00830798486973174 0.02627606788242583 1.5791684458781852 107.54594772820144
126.91230410136711 -0.008308022547862993 0.02627604993106446 1.5791681158835096 107.54603367122772
126.95231743914637 -0.008308060167287478 0.026276032007418803 1.579167786392638 107.54611948054045
126.99233077692563 -0.008308097728118927 0.026276014111435722 1.5791674574046157 107.54620515639824
127.0323441147049 -0.008308135230470795 0.026275996243062188 1.579167128918489 107.54629069905906
127.07235745248416 -0.00830817267445628 0.026275978402245288 1.5791668009333046 107.54637610878032
127.11237079026341 -0.008308210060191069 0.026275960588930926 1.5791664734480892 107.54646138582508
127.15238412804267 -0.008308247387782328 0.026275942803069077 1.579166146461945 107.54654653043698
127.19239746582193 -0.00830828465734522 0.026275925044605884 1.579165819973902 107.54663154287793
127.2324108036012 -0.008308321868991893 0.026275907313488917 1.5791654939830166 107.54671642340291
127.27242414138045 -0.008308359022834236 0.026275889609665894 1.5791651684883492 107.54680117226636
127.31243747915971 -0.008308396118983876 0.026275871933084626 1.5791648434889598 107.54688578972211
127.35245081693897 -0.008308433157552178 0.026275854283693043 1.5791645189839116 107.54697027602339
127.39246415471823 -0.008308470138650262 0.026275836661439223 1.5791641949722715 107.54705463142288
127.4324774924975 -0.008308507062388977 0.026275819066271338 1.5791638714531062 107.54713885617264
127.47249083027675 -0.00830854392887892 0.02627580149813769 1.5791635484254858 107.54722295052416
127.51250416805601 -0.008308580738170812 0.026275783957015124 1.5791632258890056 107.54730691459234
127.55251750583527 -0.00830861749049409 0.026275766442795254 1.5791629038416917 107.54739074889979
127.59253084361453 -0.00830865418589885 0.02627574895545521 1.5791625822831434 107.54747445356
127.6325441813938 -0.008308690824494674 0.02627573149494378 1.5791622612124405 107.54755802882214
127.67255751917305 -0.008308727406390878 0.02627571406120984 1.579161940628663 107.54764147493479
127.71257085695231 -0.008308763931696536 0.02627569665420239 1.5791616205308925 107.54772479214601
127.75258419473157 -0.008308800400520464 0.026275679273870565 1.5791613009182142 107.54780798070321
127.79259753251083 -0.00830883681297123 0.026275661920163583 1.5791609817897136 107.54789104085333
127.83261087029008 -0.008308873169157153 0.026275644593030816 1.5791606631444808 107.54797397284264
127.87262420806935 -0.008308909469186297 0.026275627292421725 1.5791603449816058 107.54805677691691
127.91263754584861 -0.008308945713166477 0.02627561001828589 1.5791600273001811 107.54813945332128
127.95265088362787 -0.008308981901205265 0.026275592770573016 1.5791597100993013 107.54822200230042
127.99266422140713 -0.008309018033409972 0.0262755755492329 1.579159393378063 107.54830442409836
128.03267755918637 -0.008309054109887686 0.026275558354215495 1.5791590771355657 107.54838671895861
128.07269089696564 -0.008309090130745224 0.026275541185470822 1.57915876137091 107.54846888712406
128.1127042347449 -0.008309126096089164 0.026275524042949052 1.579158446083199 107.54855092883712
128.15271757252418 -0.008309162006025847 0.02627550692660044 1.579158131271537 107.5486328443396
128.19273091030342 -0.008309197860661359 0.026275489836375378 1.5791578169350315 107.54871463387275
128.23274424808267 -0.00830923366010155 0.026275472772224365 1.5791575030727918 107.54879629767728
128.27275758586194 -0.008309269404452023 0.026275455734097994 1.5791571896839278 107.54887783599338
128.3127709236412 -0.008309305093818135 0.026275438721946993 1.5791568767675532 107.54895924906062
128.35278426142048 -0.008309340728305012 0.02627542173572221 1.5791565643227836 107.54904053711806
128.39279759919972 -0.008309376308017525 0.026275404775374572 1.5791562523487352 107.54912170040421
128.43281093697897 -0.008309411833060311 0.026275387840855133 1.5791559408445264 107.54920273915704
128.47282427475824 -0.008309447303537762 0.026275370932115055 1.5791556298092786 107.54928365361397
128.5128376125375 -0.008309482719554045 0.026275354049105637 1.5791553192421153 107.54936444401184
128.55285095031678 -0.008309518081213071 0.02627533719177825 1.5791550091421611 107.54944511058702
128.59286428809602 -0.008309553388618524 0.026275320360084394 1.5791546995085426 107.54952565357527
128.63287762587527 -0.008309588641873842 0.026275303553975674 1.5791543903403884 107.54960607321188
128.67289096365454 -0.008309623841082235 0.026275286773403822 1.57915408163683 107.54968636973153
128.7129043014338 -0.008309658986346674 0.02627527001832065 1.5791537733969996 107.5497665433684
128.75291763921308 -0.008309694077769885 0.0262752532886781 1.579153465620032 107.54984659435615
128.79293097699232 -0.008309729115454377 0.02627523658442822 1.5791531583050642 107.54992652292789
128.83294431477157 -0.008309764099502405 0.026275219905523155 1.5791528514512336 107.55000632931616
128.87295765255084 -0.008309799030016008 0.026275203251915177 1.5791525450576824 107.55008601375305
128.9129709903301 -0.008309833907096978 0.026275186623556643 1.5791522391235513 107.55016557647006
128.95298432810938 -0.008309868730846885 0.026275170020400047 1.5791519336479862 107.55024501769817
128.99299766588862 -0.008309903501367058 0.02627515344239795 1.579151628630132 107.55032433766786
129.03301100366787 -0.008309938218758606 0.026275136889503063 1.5791513240691373 107.55040353660908
129.07302434144714 -0.008309972883122395 0.026275120361668177 1.5791510199641527 107.55048261475122
129.1130376792264 -0.008310007478984804 0.02627510386482578 1.579150716371926 107.55056153770101
129.15305101700568 -0.008310042037637405 0.026275087386953343 1.5791504131762588 107.55064037502594
129.19306435478492 -0.008310076543563394 0.02627507093399997 1.579150110434063 107.5507190922367
129.23307769256417 -0.00831011099686273 0.0262750545059189 1.5791498081444972 107.55079768956064
129.27309103034344 -0.008310145397635143 0.02627503810266344 1.57914950630672 107.5508761672246
129.3131043681227 -0.008310179745980131 0.026275021724187032 1.5791492049198927 107.55095452545486
129.35311770590198 -0.008310214041996973 0.026275005370443204 1.579148903983178 107.55103276447721
129.39313104368122 -0.008310248285784716 0.026274989041385623 1.579148603495743 107.55111088451696
129.43314438146047 -0.008310282477442178 0.026274972736967998 1.5791483034567522 107.55118888579884
129.47315771923974 -0.008310316617067971 0.02627495645714422 1.579148003865377 107.55126676854711
129.513171057019 -0.00831035071991246 0.026274940196050825 1.5791477046647677 107.55134456666903
129.55318439479825 -0.008310384755728066 0.026274923965292688 1.5791474059662902 107.55142221292807
129.59319773257752 -0.008310418739806546 0.02627490775899053 1.5791471077129449 107.55149974132343
129.63321107035677 -0.008310452672245599 0.026274891577098593 1.5791468099039072 107.55157715207733
129.67322440813604 -0.00831048655314272 0.026274875419571256 1.5791465125383555 107.55165444541151
129.7132377459153 -0.008310520382595171 0.026274859286362987 1.5791462156154699 107.55173162154722
129.75325108369455 -0.008310554160699993 0.02627484317742835 1.5791459191344315 107.55180868070515
129.79326442147382 -0.00831058788755401 0.026274827092722015 1.5791456230944234 107.55188562310553
129.83327775925306 -0.00831062156325384 0.026274811032198774 1.5791453274946325 107.55196244896813
129.87329109703234 -0.008310655187895855 0.026274794995813484 1.5791450323342449 107.55203915851213
129.9133044348116 -0.008310688761576231 0.026274778983521128 1.5791447376124494 107.5521157519563
129.95331777259085 -0.00831072228439092 0.02627476299527679 1.5791444433284376 107.55219222951887
129.99333111037012 -0.008310755756435657 0.02627474703103564 1.5791441494814014 107.5522685914176
130.03334444814936 -0.008310789177805955 0.026274731090752953 1.5791438560705349 107.55234483786977
130.07335778592864 -0.008310822548597122 0.026274715174384112 1.5791435630950346 107.55242096909211
130.1133711237079 -0.008310855868904243 0.026274699281884605 1.579143270554099 107.55249698530093
130.15338446148715 -0.008310889138822188 0.026274683413209984 1.5791429784469264 107.55257288671201
130.19339779926642 -0.008310922358445622 0.026274667568315944 1.5791426867727196 107.55264867354067
130.23341113704566 -0.008310955527868988 0.02627465174715826 1.579142395530681 107.55272434600174
130.27342447482494 -0.008310988647186515 0.02627463594969279 1.5791421047200156 107.55279990430955
130.3134378126042 -0.008311021716492228 0.026274620175875524 1.5791418143399303 107.55287534867797
130.35345115038345 -0.008311054735879932 0.026274604425662526 1.5791415243896336 107.55295067932036
130.3934644881627 -0.008311087705443225 0.026274588699009963 1.5791412348683358 107.55302589644964
130.43347782594196 -0.008311120625275491 0.0262745729958741 1.5791409457752488 107.55310100027822
130.47349116372123 -0.00831115349546991 0.02627455731621131 1.5791406571095863 107.55317599101802
130.5135045015005 -0.008311186316119448 0.02627454165997804 1.5791403688705634 107.55325086888055
130.55351783927975 -0.00831121908731686 0.026274526027130846 1.5791400810573974 107.5533256340768
130.593531177059 -0.0083112518091547 0.02627451041762641 1.579139793669309 107.55340028681724
130.63354451483826 -0.008311284481725304 0.026274494831421438 1.5791395067055156 107.55347482731197
130.67355785261753 -0.00831131710512081 0.02627447926847281 1.5791392201652419 107.55354925577053
130.7135711903968 -0.008311349679433144 0.02627446372873746 1.579138934047711 107.55362357240207
130.75358452817605 -0.008311382204754027 0.026274448212172417 1.579138648352149 107.5536977774152
130.7935978659553 -0.008311414681174968 0.026274432718734822 1.579138363077783 107.55377187101807
130.83361120373456 -0.00831144710878729 0.026274417248381907 1.5791380782238427 107.55384585341842
130.87362454151383 -0.00831147948768209 0.026274401801070987 1.5791377937895588 107.55391972482349
130.9136378792931 -0.008311511817950267 0.02627438637675948 1.5791375097741633 107.55399348544003
130.95365121707235 -0.008311544099682523 0.02627437097540491 1.5791372261768915 107.55406713547438
130.9936645548516 -0.008311576332969351 0.026274355596964876 1.5791369429969782 107.55414067513239
131.03367789263086 -0.008311608517901047 0.026274340241397073 1.5791366602336616 107.55421410461945
131.07369123041013 -0.008311640654567694 0.0262743249086593 1.5791363778861807 107.5542874241405
131.1137045681894 -0.008311672743059188 0.026274309598709453 1.5791360959537772 107.5543606339
131.15371790596865 -0.008311704783465207 0.026274294311505485 1.579135814435692 107.55443373410199
131.1937312437479 -0.008311736775875251 0.026274279047005505 1.5791355333311712 107.55450672495004
131.23374458152716 -0.008311768720378598 0.026274263805167657 1.57913525263946 107.55457960664727
131.27375791930643 -0.00831180061706434 0.02627424858595021 1.5791349723598056 107.55465237939629
131.3137712570857 -0.008311832466021367 0.026274233389311504 1.579134692491458 107.55472504339937
131.35378459486495 -0.008311864267338367 0.026274218215209987 1.5791344130336669 107.55479759885824
131.3937979326442 -0.008311896021103835 0.0262742030636042 1.5791341339856861 107.55487004597421
131.43381127042346 -0.008311927727406066 0.02627418793445276 1.5791338553467686 107.55494238494815
131.47382460820273 -0.00831195938633316 0.026274172827714395 1.5791335771161716 107.55501461598045
131.513837945982 -0.008311990997973018 0.026274157743347896 1.5791332992931506 107.5550867392711
131.55385128376125 -0.00831202256241335 0.026274142681312174 1.5791330218769655 107.55515875501963
131.5938646215405 -0.008312054079741667 0.02627412764156623 1.579132744866878 107.5552306634251
131.63387795931976 -0.00831208555004529 0.026274112624069118 1.5791324682621488 107.55530246468616
131.67389129709903 -0.008312116973411332 0.026274097628780028 1.579132192062042 107.55537415900102
131.7139046348783 -0.008312148349926732 0.02627408265565821 1.579131916265824 107.55544574656741
131.75391797265755 -0.00831217967967822 0.026274067704663017 1.579131640872761 107.55551722758268
131.7939313104368 -0.008312210962752344 0.02627405277575389 1.5791313658821218 107.55558860224369
131.83394464821606 -0.008312242199235454 0.02627403786889036 1.5791310912931769 107.55565987074688
131.87395798599533 -0.00831227338921371 0.02627402298403203 1.5791308171051979 107.55573103328828
131.9139713237746 -0.008312304532773075 0.02627400812113862 1.579130543317458 107.55580209006345
131.95398466155385 -0.008312335629999335 0.02627399328016992 1.5791302699292329 107.55587304126755
131.9939979993331 -0.008312366680978072 0.026273978461085812 1.5791299969397985 107.55594388709527
132.03401133711236 -0.008312397685794682 0.026273963663846267 1.5791297243484335 107.55601462774088
132.07402467489163 -0.008312428644534381 0.02627394888841134 1.579129452154417 107.55608526339826
132.11403801267087 -0.00831245955728218 0.026273934134741182 1.579129180357031 107.55615579426083
132.15405135045015 -0.008312490424122921 0.02627391940279603 1.579128908955558 107.55622622052157
132.1940646882294 -0.008312521245141235 0.02627390469253619 1.5791286379492824 107.55629654237303
132.23407802600866 -0.008312552020421589 0.026273890003922083 1.5791283673374903 107.55636676000738
132.27409136378793 -0.008312582750048248 0.026273875336914193 1.5791280971194686 107.55643687361632
132.31410470156717 -0.008312613434105299 0.026273860691473108 1.5791278272945073 107.55650688339117
132.35411803934645 -0.008312644072676637 0.026273846067559496 1.5791275578618964 107.55657678952278
132.3941313771257 -0.008312674665845971 0.026273831465134102 1.5791272888209282 107.55664659220159
132.43414471490496 -0.008312705213696835 0.026273816884157763 1.5791270201708958 107.55671629161768
132.47415805268423 -0.008312735716312566 0.026273802324591415 1.5791267519110954 107.55678588796061
132.51417139046347 -0.00831276617377633 0.026273787786396056 1.5791264840408232 107.55685538141961
132.55418472824275 -0.008312796586171097 0.026273773269532796 1.579126216559378 107.55692477218344
132.594198066022 -0.008312826953579664 0.026273758773962798 1.5791259494660588 107.55699406044047
132.63421140380126 -0.008312857276084638 0.02627374429964733 1.5791256827601665 107.55706324637865
132.67422474158053 -0.008312887553768446 0.02627372984654774 1.5791254164410051 107.55713233018551
132.71423807935977 -0.008312917786713342 0.026273715414625472 1.5791251505078783 107.55720131204818
132.75425141713905 -0.008312947975001381 0.026273701003842027 1.5791248849600916 107.55727019215337
132.7942647549183 -0.008312978118714457 0.026273686614159016 1.5791246197969526 107.55733897068738
132.83427809269756 -0.008313008217934277 0.026273672245538122 1.5791243550177703 107.55740764783611
132.87429143047683 -0.008313038272742355 0.026273657897941113 1.5791240906218549 107.55747622378503
132.91430476825607 -0.00831306828322005 0.026273643571329844 1.5791238266085184 107.55754469871924
132.95431810603532 -0.008313098249448515 0.02627362926566624 1.579123562977073 107.55761307282337
132.9943314438146 -0.008313128171508753 0.026273614980912317 1.5791232997268345 107.55768134628173
133.03434478159386 -0.008313158049481566 0.026273600717030176 1.579123036857118 107.55774951927816
133.07435811937313 -0.008313187883447593 0.026273586473982015 1.5791227743672431 107.55781759199613
133.11437145715237 -0.008313217673487288 0.026273572251730076 1.5791225122565267 107.55788556461869
133.15438479493162 -0.008313247419680937 0.026273558050236723 1.5791222505242914 107.55795343732852
133.1943981327109 -0.008313277122108633 0.02627354386946436 1.5791219891698574 107.55802121030783
133.23441147049016 -0.008313306780850316 0.02627352970937552 1.5791217281925496 107.55808888373853
133.27442480826943 -0.008313336395985731 0.026273515569932782 1.5791214675916925 107.55815645780203
133.31443814604867 -0.008313365967594468 0.026273501451098826 1.579121207366613 107.55822393267944
133.35445148382792 -0.00831339549575592 0.02627348735283639 1.579120947516638 107.5582913085514
133.3944648216072 -0.008313424980549326 0.026273473275108324 1.579120688041098 107.5583585855982
133.43447815938646 -0.00831345442205374 0.02627345921787752 1.5791204289393224 107.55842576399971
133.47449149716573 -0.008313483820348053 0.026273445181107004 1.5791201702106452 107.55849284393543
133.51450483494497 -0.008313513175510968 0.026273431164759817 1.5791199118543982 107.55855982558442
133.55451817272422 -0.008313542487621036 0.02627341716879913 1.5791196538699175 107.55862670912543
133.5945315105035 -0.008313571756756614 0.026273403193188175 1.5791193962565393 107.55869349473676
133.63454484828276 -0.00831360098299591 0.02627338923789026 1.5791191390136017 107.55876018259632
133.67455818606203 -0.008313630166416949 0.026273375302868787 1.5791188821404438 107.55882677288166
133.71457152384127 -0.008313659307097581 0.02627336138808722 1.5791186256364065 107.55889326576994
133.75458486162051 -0.008313688405115502 0.02627334749350911 1.5791183695008317 107.55895966143791
133.7945981993998 -0.008313717460548225 0.02627333361909809 1.5791181137330639 107.55902596006196
133.83461153717906 -0.0083137464734731 0.026273319764817858 1.5791178583324463 107.5590921618181
133.87462487495833 -0.008313775443967305 0.026273305930632214 1.5791176032983267 107.55915826688191
133.91463821273757 -0.008313804372107856 0.026273292116505007 1.5791173486300525 107.55922427542866
133.95465155051681 -0.008313833257971595 0.026273278322400194 1.5791170943269726 107.55929018763321
133.9946648882961 -0.008313862101635204 0.02627326454828179 1.5791168403884381 107.55935600366998
134.03467822607536 -0.008313890903175185 0.026273250794113877 1.5791165868138002 107.55942172371311
134.07469156385463 -0.008313919662667887 0.02627323705986064 1.5791163336024123 107.55948734793631
134.11470490163387 -0.00831394838018949 0.026273223345486343 1.57911608075363 107.55955287651288
134.1547182394131 -0.008313977055816003 0.026273209650955292 1.579115828266808 107.55961830961583
134.19473157719239 -0.008314005689623278 0.02627319597623191 1.5791155761413054 107.55968364741774
134.23474491497166 -0.00831403428168699 0.026273182321280664 1.579115324376479 107.55974889009079
134.27475825275093 -0.008314062832082664 0.02627316868606612 1.5791150729716905 107.55981403780686
134.31477159053017 -0.008314091340885656 0.02627315507055292 1.5791148219263014 107.5598790907374
134.3547849283094 -0.00831411980817115 0.026273141474705757 1.5791145712396735 107.5599440490535
134.39479826608869 -0.008314148234014182 0.02627312789848943 1.579114320911172 107.56000891292591
134.43481160386796 -0.008314176618489613 0.02627311434186879 1.579114070940162 107.56007368252496
134.47482494164723 -0.008314204961672149 0.026273100804808783 1.579113821326011 107.56013835802065
134.51483827942647 -0.008314233263636327 0.026273087287274413 1.5791135720680864 107.56020293958261
134.5548516172057 -0.008314261524456534 0.026273073789230775 1.579113323165759 107.56026742738007
134.59486495498498 -0.008314289744206982 0.026273060310643023 1.5791130746183988 107.56033182158194
134.63487829276426 -0.008314317922961738 0.026273046851476398 1.5791128264253786 107.56039612235675
134.6748916305435 -0.008314346060794694 0.026273033411696203 1.5791125785860713 107.56046032987264
134.71490496832277 -0.00831437415777959 0.02627301999126784 1.5791123310998536 107.56052444429741
134.754918306102 -0.008314402213990008 0.02627300659015675 1.5791120839660997 107.56058846579852
134.79493164388128 -0.008314430229499365 0.026272993208328474 1.5791118371841881 107.56065239454301
134.83494498166056 -0.008314458204380927 0.02627297984574862 1.5791115907534983 107.56071623069761
134.8749583194398 -0.008314486138707798 0.026272966502382873 1.5791113446734104 107.56077997442868
134.91497165721907 -0.00831451403255292 0.026272953178196973 1.5791110989433053 107.56084362590221
134.9549849949983 -0.008314541885989082 0.026272939873156757 1.5791108535625662 107.56090718528382
134.99499833277758 -0.008314569699088918 0.02627292658722811 1.5791106085305764 107.56097065273885
135.03501167055686 -0.008314597471924904 0.026272913320377022 1.579110363846723 107.56103402843216
135.0750250083361 -0.008314625204569359 0.02627290007256954 1.5791101195103925 107.56109731252835
135.11503834611537 -0.008314652897094443 0.026272886843771767 1.5791098755209718 107.56116050519165
135.1550516838946 -0.008314680549572165 0.026272873633949895 1.579109631877851 107.56122360658591
135.19506502167388 -0.008314708162074384 0.026272860443070194 1.5791093885804208 107.56128661687464
135.23507835945315 -0.008314735734672792 0.026272847271098985 1.5791091456280726 107.56134953622103
135.2750916972324 -0.008314763267438935 0.02627283411800269 1.5791089030202008 107.56141236478786
135.31510503501167 -0.008314790760444203 0.026272820983747783 1.5791086607561995 107.56147510273759
135.3551183727909 -0.008314818213759834 0.026272807868300798 1.5791084188354636 107.56153775023235
135.39513171057018 -0.008314845627456914 0.026272794771628364 1.5791081772573907 107.5616003074339
135.43514504834945 -0.00831487300160637 0.02627278169369717 1.5791079360213793 107.56166277450367
135.4751583861287 -0.00831490033627898 0.026272768634473982 1.579107695126829 107.5617251516027
135.51517172390794 -0.008314927631545378 0.02627275559392562 1.57910745457314 107.56178743889177
135.5551850616872 -0.008314954887476033 0.02627274257201899 1.5791072143597151 107.56184963653122
135.59519839946648 -0.008314982104141274 0.026272729568721075 1.5791069744859576 107.56191174468111
135.63521173724575 -0.008315009281611272 0.02627271658399891 1.5791067349512722 107.56197376350114
135.675225075025 -0.008315036419956049 0.026272703617819606 1.5791064957550645 107.56203569315065
135.71523841280424 -0.008315063519245486 0.02627269067015035 1.5791062568967416 107.56209753378866
135.7552517505835 -0.008315090579549298 0.02627267774095839 1.5791060183757122 107.56215928557386
135.79526508836278 -0.008315117600937064 0.026272664830211047 1.5791057801913853 107.56222094866457
135.83527842614205 -0.00831514458347821 0.026272651937875716 1.5791055423431726 107.5622825232188
135.8752917639213 -0.008315171527242012 0.02627263906391985 1.5791053048304857 107.5623440093942
135.91530510170054 -0.0083151984322976 0.026272626208310987 1.5791050676527383 107.5624054073481
135.9553184394798 -0.008315225298713954 0.026272613371016714 1.5791048308093445 107.5624667172375
135.99533177725908 -0.008315252126559907 0.0262726005520047 1.5791045942997197 107.56252793921902
136.03534511503835 -0.00831527891590415 0.02627258775124269 1.5791043581232824 107.56258907344902
136.0753584528176 -0.008315305666831908 0.026272574968674894 1.5791041222784497 107.56265012013132
136.11537179059684 -0.008315332379378162 0.026272562204316393 1.5791038867666431 107.56271107932578
136.1553851283761 -0.008315359053627888 0.026272549458111503 1.5791036515862817 107.56277195123565
136.19539846615538 -0.008315385689649185 0.02627253673002822 1.5791034167367868 107.56283273601592
136.23541180393465 -0.008315412287510012 0.02627252402003463 1.579103182217582 107.56289343382127
136.2754251417139 -0.008315438847278181 0.026272511328098862 1.5791029480280916 107.56295404480605
136.31543847949314 -0.008315465369021361 0.026272498654189125 1.5791027141677403 107.56301456912423
136.3554518172724 -0.008315491852807076 0.026272485998273705 1.579102480635956 107.56307500692952
136.39546515505168 -0.008315518298702706 0.02627247336032094 1.5791022474321659 107.56313535837525
136.43547849283095 -0.008315544706775483 0.02627246074029923 1.5791020145557986 107.56319562361443
136.4754918306102 -0.00831557107709251 0.026272448138177064 1.5791017820062854 107.56325580279982
136.51550516838944 -0.008315597409720734 0.026272435553922977 1.5791015497830574 107.56331589608372
136.5555185061687 -0.00831562370472696 0.02627242298750557 1.5791013178855469 107.56337590361822
136.59553184394798 -0.008315649962177861 0.02627241043889354 1.5791010863131887 107.56343582555505
136.63554518172725 -0.008315676182139957 0.0262723979080556 1.5791008550654162 107.5634956620456
136.6755585195065 -0.008315702364679631 0.026272385394960563 1.5791006241416663 107.56355541324099
136.71557185728574 -0.008315728509863134 0.02627237289957731 1.5791003935413774 107.56361507929195
136.755585195065 -0.008315754617756563 0.02627236042187478 1.5791001632639872 107.56367466034895
136.79559853284428 -0.00831578068842588 0.02627234796182196 1.5790999333089355 107.56373415656212
136.83561187062355 -0.008315806721936912 0.026272335519387936 1.5790997036756633 107.56379356808127
136.8756252084028 -0.00831583271835533 0.02627232309454181 1.5790994743636115 107.56385289505586
136.91563854618204 -0.008315858677746694 0.026272310687252817 1.5790992453722252 107.56391213763511
136.9556518839613 -0.008315884600756055 0.02627229829726768 1.5790990166988144 107.56397129725651
136.99566522174058 -0.008315910486287933 0.026272285925001308 1.5790987883470966 107.56403037148813
137.03567855951985 -0.008315936334988549 0.026272273570200032 1.5790985603143801 107.56408936177004
137.0756918972991 -0.008315962146922899 0.026272261232833303 1.5790983326001125 107.56414826825018
137.11570523507834 -0.008315987922155826 0.026272248912870628 1.5790981052037423 107.56420709107611
137.1557185728576 -0.008316013660752054 0.0262722366102816 1.57909787812472 107.56426583039519
137.19573191063688 -0.008316039362776159 0.02627222432503587 1.579097651362497 107.56432448635435
137.23574524841612 -0.008316065028292586 0.026272212057103148 1.5790974249165264 107.5643830591003
137.2757585861954 -0.008316090657365644 0.0262721998064532 1.5790971987862605 107.56444154877939
137.31577192397464 -0.008316116250059496 0.026272187573055855 1.5790969729711541 107.56449995553767
137.3557852617539 -0.00831614180643818 0.02627217535688102 1.5790967474706632 107.56455827952092
137.39579859953318 -0.0083161673265656 0.02627216315789866 1.579096522284245 107.56461652087457
137.43581193731242 -0.008316192810505522 0.026272150976078795 1.5790962974113572 107.56467467974375
137.4758252750917 -0.008316218258321571 0.02627213881139152 1.579096072851459 107.56473275627327
137.51583861287094 -0.008316243670077246 0.026272126663806968 1.5790958486040103 107.5647907506077
137.5558519506502 -0.008316269045835914 0.02627211453329538 1.5790956246684738 107.56484866289124
137.59586528842948 -0.008316294385660805 0.026272102419827005 1.5790954010443108 107.56490649326781
137.63587862620872 -0.00831631968961501 0.026272090323372188 1.5790951777309852 107.56496424188103
137.675891963988 -0.008316344957761495 0.026272078243901313 1.5790949547279607 107.5650219088742
137.71590530176724 -0.008316370190163095 0.02627206618138487 1.5790947320347053 107.56507949439037
137.7559186395465 -0.008316395386882506 0.026272054135793352 1.5790945096506843 107.56513699857223
137.79593197732578 -0.008316420547982293 0.026272042107097344 1.5790942875753653 107.56519442156218
137.83594531510502 -0.0083164456735249 0.026272030095267514 1.5790940658082195 107.56525176350237
137.8759586528843 -0.008316470763572623 0.02627201810027454 1.5790938443487152 107.56530902453459
137.91597199066354 -0.008316495818187641 0.026272006122089207 1.5790936231963248 107.56536620480037
137.9559853284428 -0.008316520837432 0.026271994160682335 1.5790934023505205 107.56542330444093
137.99599866622208 -0.008316545821367602 0.0262719822160248 1.579093181810775 107.5654803235972
138.03601200400132 -0.008316570770056242 0.02627197028808757 1.5790929615765636 107.5655372624098
138.07602534178056 -0.008316595683559573 0.026271958376841643 1.579092741647362 107.5655941210191
138.11603867955984 -0.008316620561939114 0.02627194648225809 1.579092522022647 107.56565089956511
138.1560520173391 -0.008316645405256264 0.026271934604308024 1.5790923027018953 107.5657075981876
138.19606535511838 -0.008316670213572288 0.02627192274296265 1.5790920836845865 107.56576421702603
138.23607869289762 -0.008316694986948328 0.02627191089819322 1.5790918649702017 107.56582075621955
138.27609203067686 -0.008316719725445391 0.02627189906997103 1.5790916465582199 107.56587721590707
138.31610536845614 -0.008316744429124365 0.026271887258267453 1.5790914284481248 107.56593359622714
138.3561187062354 -0.008316769098046 0.02627187546305391 1.5790912106393984 107.56598989731806
138.39613204401468 -0.00831679373227093 0.0262718636843019 1.5790909931315253 107.56604611931786
138.43614538179392 -0.008316818331859656 0.026271851921982954 1.5790907759239914 107.56610226236425
138.47615871957316 -0.00831684289687255 0.02627184017606868 1.579090559016282 107.56615832659467
138.51617205735243 -0.008316867427369864 0.026271828446530733 1.5790903424078846 107.56621431214626
138.5561853951317 -0.008316891923411722 0.026271816733340846 1.5790901260982884 107.56627021915588
138.59619873291098 -0.008316916385058123 0.0262718050364708 1.5790899100869826 107.56632604776009
138.63621207069022 -0.008316940812368936 0.026271793355892425 1.5790896943734571 107.56638179809521
138.67622540846946 -0.008316965205403915 0.02627178169157761 1.5790894789572036 107.56643747029723
138.71623874624873 -0.00831698956422268 0.026271770043498333 1.579089263837716 107.56649306450187
138.756252084028 -0.008317013888884726 0.02627175841162657 1.5790890490144853 107.56654858084458
138.79626542180728 -0.00831703817944944 0.02627174679593443 1.5790888344870093 107.56660401946053
138.83627875958652 -0.008317062435976063 0.02627173519639402 1.5790886202547818 107.56665938048457
138.87629209736576 -0.008317086658523728 0.02627172361297752 1.5790884063172996 107.5667146640513
138.91630543514503 -0.008317110847151438 0.026271712045657186 1.5790881926740612 107.56676987029508
138.9563187729243 -0.008317135001918075 0.026271700494405303 1.5790879793245645 107.5668249993499
138.99633211070358 -0.008317159122882403 0.026271688959194243 1.5790877662683098 107.56688005134956
139.03634544848282 -0.008317183210103059 0.026271677439996404 1.579087553504798 107.56693502642752
139.07635878626206 -0.008317207263638552 0.026271665936784268 1.5790873410335307 107.56698992471696
139.11637212404133 -0.008317231283547284 0.02627165444953036 1.5790871288540111 107.56704474635087
139.1563854618206 -0.008317255269887526 0.02627164297820726 1.5790869169657429 107.56709949146187
139.19639879959988 -0.008317279222717432 0.02627163152278762 1.5790867053682316 107.56715416018234
139.23641213737912 -0.008317303142095025 0.026271620083244105 1.5790864940609812 107.5672087526444
139.27642547515836 -0.008317327028078227 0.026271608659549504 1.5790862830435008 107.56726326897987
139.31643881293763 -0.008317350880724824 0.026271597251676607 1.5790860723152977 107.5673177093203
139.3564521507169 -0.008317374700092483 0.026271585859598278 1.5790858618758803 107.56737207379699
139.39646548849618 -0.00831739848623876 0.02627157448328743 1.5790856517247578 107.56742636254094
139.43647882627542 -0.008317422239221085 0.02627156312271706 1.579085441861443 107.56748057568291
139.47649216405466 -0.008317445959096776 0.026271551777860187 1.5790852322854465 107.56753471335337
139.51650550183393 -0.00831746964592302 0.026271540448689883 1.5790850229962814 107.5675887756825
139.5565188396132 -0.008317493299756899 0.02627152913517931 1.5790848139934617 107.56764276280026
139.59653217739248 -0.008317516920655372 0.026271517837301667 1.579084605276503 107.5676966748363
139.63654551517172 -0.008317540508675276 0.026271506555030185 1.5790843968449195 107.56775051192002
139.67655885295096 -0.008317564063873331 0.026271495288338186 1.5790841886982296 107.56780427418057
139.71657219073023 -0.008317587586306152 0.02627148403719903 1.5790839808359507 107.5678579617468
139.7565855285095 -0.00831761107603022 0.026271472801586114 1.5790837732576004 107.5679115747473
139.79659886628875 -0.008317634533101904 0.02627146158147292 1.5790835659626994 107.56796511331041
139.83661220406802 -0.008317657957577468 0.026271450376832994 1.5790833589507696 107.5680185775642
139.87662554184726 -0.008317681349513049 0.026271439187639883 1.579083152221331 107.56807196763648
139.91663887962653 -0.008317704708964669 0.026271428013867233 1.579082945773907 107.56812528365477
139.9566522174058 -0.008317728035988233 0.026271416855488717 1.5790827396080207 107.56817852574639
139.99666555518505 -0.008317751330639545 0.0262714057124781 1.5790825337231982 107.56823169403832
140.03667889296432 -0.008317774592974267 0.02627139458480915 1.5790823281189632 107.56828478865731
140.07669223074356 -0.008317797823047977 0.026271383472455723 1.5790821227948428 107.56833780972988
140.11670556852283 -0.008317821020916114 0.02627137237539173 1.5790819177503652 107.56839075738226
140.1567189063021 -0.008317844186634013 0.026271361293591106 1.5790817129850583 107.56844363174042
140.19673224408135 -0.008317867320256902 0.026271350227027875 1.5790815084984517 107.56849643293009
140.23674558186062 -0.008317890421839882 0.02627133917567609 1.579081304290076 107.56854916107669
140.27675891963986 -0.008317913491437944 0.026271328139509848 1.5790811003594614 107.56860181630546
140.31677225741913 -0.008317936529105976 0.026271317118503335 1.579080896706141 107.56865439874132
140.3567855951984 -0.00831795953489874 0.026271306112630767 1.5790806933296482 107.56870690850896
140.39679893297765 -0.008317982508870895 0.026271295121866413 1.5790804902295168 107.56875934573283
140.43681227075692 -0.008318005451076983 0.02627128414618457 1.579080287405281 107.56881171053708
140.47682560853616 -0.008318028361571432 0.026271273185559656 1.5790800848564785 107.56886400304565
140.51683894631543 -0.008318051240408566 0.02627126223996607 1.5790798825826453 107.56891622338219
140.5568522840947 -0.00831807408764259 0.026271251309378307 1.5790796805833196 107.56896837167012
140.59686562187395 -0.008318096903327604 0.026271240393770885 1.5790794788580398 107.56902044803262
140.6368789596532 -0.008318119687517585 0.02627122949311838 1.5790792774063451 107.56907245259256
140.67689229743246 -0.008318142440266418 0.026271218607395445 1.5790790762277775 107.56912438547265
140.71690563521173 -0.008318165161627864 0.026271207736576763 1.5790788753218785 107.56917624679525
140.756918972991 -0.008318187851655579 0.02627119688063706 1.5790786746881893 107.56922803668255
140.79693231077025 -0.008318210510403106 0.02627118603955113 1.5790784743262543 107.56927975525643
140.8369456485495 -0.008318233137923873 0.02627117521329381 1.579078274235617 107.56933140263855
140.87695898632876 -0.008318255734859387 0.026271164401011293 1.5790780743807167 107.56938298063633
140.91697232410803 -0.008318278300085455 0.026271153604337447 1.579077874831378 107.56943448599586
140.9569856618873 -0.00831830083424442 0.02627114282241702 1.579077675551975 107.56948592052714
140.99699899966654 -0.008318323337389289 0.026271132055225094 1.579077476542058 107.5695372843508
141.0370123374458 -0.008318345809572946 0.026271121302736726 1.5790772778011741 107.56958857758731
141.07702567522506 -0.008318368250848179 0.026271110564927078 1.579077079328874 107.5696398003568
141.11703901300433 -0.008318390661267659 0.026271099841771336 1.5790768811247073 107.56969095277924
141.1570523507836 -0.008318413040883951 0.026271089133244732 1.5790766831882257 107.56974203497427
141.19706568856284 -0.008318435389749527 0.02627107843932259 1.5790764855189832 107.56979304706137
141.2370790263421 -0.008318457707916732 0.02627106775998024 1.5790762881165323 107.56984398915972
141.27709236412136 -0.008318479995437814 0.026271057095193073 1.5790760909804271 107.56989486138829
141.31710570190063 -0.008318502251788387 0.026271046445748646 1.5790758941446241 107.56994566221327
141.3571190396799 -0.008318524478174587 0.02627103580999675 1.5790756975398144 107.56999639506115
141.39713237745914 -0.00831854667407076 0.026271025188726496 1.5790755012000173 107.57004705839469
141.4371457152384 -0.008318568839528737 0.026271014581913523 1.579075305124793 107.57009765233181
141.47715905301766 -0.008318590974600228 0.026271003989533432 1.579075109313699 107.57014817699032
141.51717239079693 -0.00831861307933685 0.02627099341156195 1.5790749137662958 107.57019863248769
141.5571857285762 -0.008318635153790103 0.02627098284797479 1.579074718482143 107.5702490189412
141.59719906635544 -0.008318657198011399 0.026270972298747756 1.579074523460803 107.57029933646791
141.6372124041347 -0.008318679212052024 0.02627096176385667 1.5790743287018367 107.5703495851846
141.67722574191396 -0.008318701195963181 0.026270951243277434 1.5790741342048085 107.57039976520784
141.71723907969323 -0.00831872314979595 0.026270940736985965 1.5790739399692812 107.57044987665394
141.7572524174725 -0.008318745073601324 0.026270930244958267 1.579073745994821 107.57049991963899
141.79726575525174 -0.008318766967430185 0.026270919767170355 1.5790735522809927 107.57054989427886
141.837279093031 -0.008318788831333303 0.02627090930359831 1.5790733588273629 107.57059980068915
141.87729243081026 -0.00831881066536136 0.026270898854218266 1.5790731656334993 107.57064963898524
141.91730576858953 -0.00831883246956493 0.02627088841900639 1.57907297269897 107.57069940928231
141.9573191063688 -0.008318854243994483 0.02627087799793892 1.5790727800233448 107.57074911169525
141.99733244414804 -0.008318875988700384 0.02627086759099211 1.5790725876061928 107.57079874633875
142.03734578192729 -0.0083188977037329 0.026270857198142282 1.5790723954470853 107.57084831332726
142.07735911970656 -0.0083189193891422 0.026270846819365812 1.5790722035455944 107.57089781277502
142.11737245748583 -0.008318941044978337 0.026270836454639096 1.5790720119012918 107.570947244796
142.1573857952651 -0.00831896267129128 0.02627082610393861 1.5790718205137515 107.57099660950398
142.19739913304434 -0.008318984268130892 0.026270815767240868 1.5790716293825484 107.57104590701246
142.23741247082359 -0.008319005835546924 0.026270805444522406 1.5790714385072566 107.57109513743478
142.27742580860286 -0.008319027373589038 0.026270795135759837 1.5790712478874522 107.57114430088397
142.31743914638213 -0.008319048882306798 0.026270784840929803 1.5790710575227127 107.57119339747291
142.35745248416137 -0.008319070361749654 0.026270774560009005 1.5790708674126148 107.5712424273142
142.39746582194064 -0.008319091811966974 0.0262707642929742 1.5790706775567382 107.57129139052024
142.43747915971989 -0.008319113233008006 0.026270754039802145 1.5790704879546609 107.57134028720317
142.47749249749916 -0.008319134624921917 0.02627074380046969 1.5790702986059637 107.57138911747495
142.51750583527843 -0.008319155987757768 0.026270733574953728 1.579070109510228 107.5714378814473
142.55751917305767 -0.008319177321564515 0.026270723363231177 1.5790699206670349 107.57148657923166
142.59753251083694 -0.008319198626391024 0.02627071316527901 1.579069732075968 107.57153521093933
142.63754584861618 -0.00831921990228606 0.026270702981074243 1.579069543736609 107.57158377668136
142.67755918639546 -0.008319241149298287 0.02627069281059396 1.5790693556485442 107.57163227656854
142.71757252417473 -0.008319262367476273 0.02627068265381524 1.5790691678113569 107.57168071071146
142.75758586195397 -0.008319283556868489 0.026270672510715274 1.5790689802246347 107.5717290792205
142.79759919973324 -0.00831930471752331 0.026270662381271244 1.5790687928879634 107.5717773822058
142.83761253751248 -0.008319325849489004 0.02627065226546041 1.579068605800931 107.57182561977729
142.87762587529176 -0.00831934695281376 0.02627064216326006 1.5790684189631257 107.5718737920447
142.91763921307103 -0.008319368027545645 0.026270632074647523 1.5790682323741356 107.57192189911747
142.95765255085027 -0.008319389073732655 0.0262706219996002 1.5790680460335524 107.57196994110488
142.99766588862954 -0.008319410091422676 0.02627061193809551 1.5790678599409667 107.572017918116
143.03767922640878 -0.008319431080663502 0.02627060189011094 1.5790676740959697 107.57206583025965
143.07769256418806 -0.008319452041502825 0.02627059185562399 1.5790674884981537 107.57211367764442
143.11770590196733 -0.008319472973988244 0.026270581834612235 1.5790673031471119 107.57216146037872
143.15771923974657 -0.008319493878167269 0.02627057182705328 1.5790671180424387 107.57220917857073
143.1977325775258 -0.008319514754087305 0.02627056183292478 1.5790669331837288 107.57225683232838
143.23774591530508 -0.008319535601795675 0.02627055185220443 1.579066748570578 107.57230442175945
143.27775925308435 -0.008319556421339587 0.02627054188486997 1.5790665642025823 107.57235194697142
143.31777259086363 -0.00831957721276617 0.02627053193089918 1.5790663800793387 107.57239940807165
143.35778592864287 -0.008319597976122457 0.026270521990269902 1.5790661962004457 107.5724468051672
143.3977992664221 -0.008319618711455385 0.02627051206296001 1.5790660125655027 107.57249413836499
143.43781260420138 -0.008319639418811796 0.026270502148947418 1.5790658291741086 107.57254140777164
143.47782594198065 -0.008319660098238436 0.026270492248210073 1.5790656460258634 107.57258861349364
143.51783927975993 -0.008319680749781963 0.026270482360726002 1.579065463120369 107.57263575563721
143.55785261753917 -0.008319701373488936 0.02627047248647324 1.579065280457227 107.57268283430842
143.5978659553184 -0.008319721969405827 0.026270462625429883 1.5790650980360397 107.57272984961304
143.63787929309768 -0.008319742537579014 0.026270452777574067 1.5790649158564116 107.57277680165672
143.67789263087695 -0.008319763078054772 0.02627044294288397 1.579064733917946 107.57282369054482
143.71790596865623 -0.008319783590879301 0.026270433121337824 1.5790645522202493 107.57287051638255
143.75791930643547 -0.008319804076098693 0.02627042331291387 1.5790643707629253 107.5729172792749
143.7979326442147 -0.00831982453375896 0.02627041351759044 1.5790641895455826 107.57296397932662
143.83794598199398 -0.008319844963906016 0.026270403735345876 1.5790640085678276 107.57301061664226
143.87795931977325 -0.008319865366585681 0.026270393966158573 1.579063827829269 107.5730571913262
143.91797265755253 -0.008319885741843688 0.026270384210006957 1.5790636473295143 107.57310370348254
143.95798599533177 -0.00831990608972568 0.02627037446686952 1.5790634670681747 107.57315015321525
143.997999333111 -0.008319926410277205 0.026270364736724783 1.5790632870448602 107.57319654062808
144.03801267089028 -0.008319946703543723 0.02627035501955131 1.5790631072591823 107.5732428658245
144.07802600866955 -0.008319966969570608 0.02627034531532771 1.5790629277107526 107.57328912890786
144.11803934644882 -0.008319987208403126 0.026270335624032606 1.5790627483991828 107.57333532998126
144.15805268422807 -0.008320007420086477 0.026270325945644723 1.5790625693240885 107.57338146914762
144.1980660220073 -0.008320027604665752 0.026270316280142775 1.5790623904850825 107.57342754650963
144.23807935978658 -0.008320047762185962 0.026270306627505537 1.5790622118817796 107.5734735621698
144.27809269756585 -0.00832006789269203 0.02627029698771184 1.5790620335137973 107.5735195162304
144.31810603534512 -0.00832008799622878 0.026270287360740524 1.5790618553807498 107.57356540879357
144.35811937312437 -0.008320108072840959 0.026270277746570498 1.579061677482256 107.57361123996117
144.3981327109036 -0.008320128122573213 0.026270268145180704 1.5790614998179335 107.57365700983487
144.43814604868288 -0.00832014814547011 0.026270258556550116 1.5790613223874004 107.57370271851619
144.47815938646215 -0.008320168141576122 0.02627024898065776 1.5790611451902758 107.57374836610641
144.51817272424142 -0.00832018811093564 0.026270239417482716 1.5790609682261822 107.5737939527066
144.55818606202067 -0.008320208053592957 0.026270229867004075 1.5790607914947383 107.57383947841764
144.5981993997999 -0.008320227969592288 0.02627022032920099 1.5790606149955668 107.57388494334023
144.63821273757918 -0.008320247858977758 0.026270210804052646 1.5790604387282898 107.57393034757486
144.67822607535845 -0.008320267721793399 0.026270201291538273 1.5790602626925303 107.57397569122182
144.71823941313772 -0.008320287558083159 0.026270191791637146 1.5790600868879126 107.57402097438117
144.75825275091697 -0.008320307367890906 0.02627018230432858 1.5790599113140618 107.57406619715282
144.7982660886962 -0.00832032715126041 0.026270172829591914 1.579059735970602 107.57411135963646
144.83827942647548 -0.00832034690823536 0.026270163367406542 1.5790595608571598 107.5741564619316
144.87829276425475 -0.008320366638859359 0.026270153917751907 1.5790593859733626 107.5742015041375
144.918306102034 -0.008320386343175923 0.026270144480607466 1.579059211318837 107.57424648635332
144.95831943981327 -0.00832040602122848 0.026270135055952746 1.5790590368932123 107.57429140867792
144.9983327775925 -0.008320425673060372 0.026270125643767288 1.5790588626961164 107.57433627121006
145.03834611537178 -0.008320445298741007 0.026270116244018225 1.5790586887269507 107.57438107410785
145.07835945315105 -0.008320464898261217 0.02627010685671015 1.5790585149858036 107.57442581735025
145.1183727909303 -0.008320484471690285 0.026270097481810237 1.5790583414720771 107.57447050109512
145.15838612870957 -0.008320504019071211 0.026270088119298207 1.5790581681854035 107.57451512544041
145.1983994664888 -0.008320523540446913 0.026270078769153805 1.5790579951254144 107.57455969048388
145.23841280426808 -0.00832054303586023 0.026270069431356832 1.5790578222917437 107.57460419632305
145.27842614204735 -0.008320562505353898 0.0262700601058871 1.5790576496840245 107.57464864305531
145.3184394798266 -0.008320581948970595 0.0262700507927245 1.5790574773018926 107.57469303077782
145.35845281760587 -0.0083206013667529 0.026270041491848944 1.5790573051449834 107.57473735958754
145.3984661553851 -0.008320620758743298 0.026270032203240354 1.579057133212932 107.57478162958128
145.43847949316438 -0.008320640124984215 0.026270022926878748 1.5790569615053762 107.57482584085561
145.47849283094365 -0.008320659465517974 0.026270013662744143 1.5790567900219532 107.57486999350695
145.5185061687229 -0.008320678780386823 0.0262700044108166 1.5790566187623007 107.57491408763153
145.55851950650217 -0.008320698069632926 0.026269995171076227 1.5790564477260582 107.57495812332536
145.5985328442814 -0.00832071733329836 0.026269985943503167 1.5790562769128649 107.57500210068427
145.63854618206068 -0.008320736571425125 0.02626997672807761 1.5790561063223616 107.57504601980393
145.67855951983995 -0.008320755784055136 0.02626996752477977 1.5790559359541891 107.57508988077981
145.7185728576192 -0.008320774971230224 0.0262699583335899 1.5790557658079882 107.57513368370716
145.75858619539844 -0.008320794132992143 0.026269949154488322 1.5790555958834032 107.57517742868109
145.7985995331777 -0.008320813269382558 0.02626993998745535 1.5790554261800753 107.57522111579648
145.83861287095698 -0.00832083238044306 0.026269930832471367 1.5790552566976495 107.57526474514809
145.87862620873625 -0.008320851466215149 0.02626992168951678 1.579055087435769 107.5753083168304
145.9186395465155 -0.008320870526740253 0.02626991255857205 1.5790549183940799 107.5753518309378
145.95865288429474 -0.008320889562059716 0.026269903439617662 1.5790547495722282 107.57539528756443
145.998666222074 -0.008320908572214791 0.026269894332634137 1.5790545809698597 107.57543868680426
146.03867955985328 -0.008320927557246673 0.02626988523760205 1.5790544125866217 107.57548202875111
146.07869289763255 -0.008320946517196448 0.026269876154501992 1.5790542444221622 107.57552531349856
146.1187062354118 -0.008320965452105148 0.02626986708331462 1.57905407647613 107.57556854114006
146.15871957319104 -0.008320984362013704 0.026269858024020595 1.579053908748174 107.57561171176884
146.1987329109703 -0.008321003246962977 0.02626984897660063 1.5790537412379435 107.57565482547798
146.23874624874958 -0.008321022106993746 0.026269839941035496 1.5790535739450902 107.57569788236034
146.27875958652885 -0.008321040942146718 0.026269830917305965 1.5790534068692645 107.57574088250864
146.3187729243081 -0.0083210597524625 0.026269821905392864 1.5790532400101176 107.57578382601537
146.35878626208734 -0.008321078537981646 0.026269812905277076 1.579053073367304 107.5758267129729
146.3987995998666 -0.008321097298744615 0.02626980391693949 1.5790529069404762 107.57586954347337
146.43881293764588 -0.008321116034791786 0.026269794940361045 1.5790527407292874 107.57591231760877
146.47882627542515 -0.008321134746163462 0.026269785975522715 1.5790525747333926 107.5759550354709
146.5188396132044 -0.008321153432899868 0.026269777022405506 1.5790524089524465 107.57599769715135
146.55885295098363 -0.008321172095041157 0.026269768080990484 1.5790522433861058 107.5760403027416
146.5988662887629 -0.008321190732627392 0.026269759151258718 1.5790520780340265 107.57608285233289
146.63887962654218 -0.008321209345698563 0.02626975023319133 1.5790519128958658 107.57612534601631
146.67889296432145 -0.008321227934294592 0.026269741326769493 1.5790517479712822 107.57616778388277
146.7189063021007 -0.008321246498455297 0.026269732431974387 1.5790515832599332 107.576210166023
146.75891963987993 -0.00832126503822045 0.02626972354878725 1.5790514187614788 107.57625249252759
146.7989329776592 -0.008321283553629724 0.02626971467718934 1.579051254475578 107.57629476348686
146.83894631543848 -0.008321302044722723 0.026269705817161978 1.579051090401892 107.57633697899105
146.87895965321775 -0.008321320511538976 0.026269696968686498 1.5790509265400823 107.5763791391302
146.918972990997 -0.008321338954117925 0.02626968813174426 1.579050762889809 107.57642124399412
146.95898632877623 -0.008321357372498943 0.02626967930631668 1.5790505994507353 107.57646329367253
146.9989996665555 -0.00832137576672133 0.026269670492385225 1.579050436222525 107.57650528825492
147.03901300433478 -0.0083213941368243 0.02626966168993136 1.579050273204841 107.57654722783062
147.07902634211405 -0.008321412482847002 0.02626965289893661 1.5790501103973482 107.57658911248879
147.1190396798933 -0.008321430804828497 0.02626964411938251 1.5790499477997102 107.57663094231842
147.15905301767253 -0.00832144910280778 0.02626963535125068 1.5790497854115941 107.5766727174083
147.1990663554518 -0.00832146737682376 0.026269626594522727 1.5790496232326658 107.5767144378471
147.23907969323108 -0.008321485626915289 0.02626961784918032 1.579049461262592 107.5767561037233
147.27909303101035 -0.008321503853121122 0.02626960911520514 1.57904929950104 107.57679771512515
147.3191063687896 -0.008321522055479948 0.02626960039257894 1.5790491379476785 107.57683927214082
147.35911970656883 -0.008321540234030386 0.026269591681283462 1.5790489766021751 107.57688077485824
147.3991330443481 -0.008321558388810976 0.026269582981300523 1.579048815464201 107.5769222233652
147.43914638212738 -0.008321576519860182 0.026269574292611952 1.5790486545334246 107.57696361774936
147.47915971990662 -0.00832159462721639 0.026269565615199626 1.5790484938095177 107.57700495809809
147.5191730576859 -0.008321612710917923 0.026269556949045442 1.5790483332921508 107.57704624449873
147.55918639546513 -0.008321630771003018 0.026269548294131344 1.5790481729809964 107.57708747703836
147.5991997332444 -0.008321648807509846 0.026269539650439308 1.5790480128757263 107.57712865580393
147.63921307102368 -0.008321666820476506 0.02626953101795135 1.579047852976015 107.57716978088222
147.67922640880292 -0.008321684809941013 0.0262695223966495 1.579047693281535 107.57721085235984
147.7192397465822 -0.00832170277594131 0.026269513786515843 1.5790475337919607 107.57725187032318
147.75925308436143 -0.00832172071851528 0.026269505187532495 1.5790473745069682 107.57729283485858
147.7992664221407 -0.008321738637700717 0.026269496599681592 1.5790472154262316 107.57733374605212
147.83927975991998 -0.008321756533535356 0.026269488022945337 1.5790470565494295 107.57737460398972
147.87929309769922 -0.008321774406056847 0.026269479457305917 1.579046897876236 107.57741540875718
147.9193064354785 -0.008321792255302775 0.02626947090274561 1.5790467394063308 107.5774561604401
147.95931977325773 -0.008321810081310648 0.02626946235924667 1.5790465811393906 107.57749685912391
147.999333111037 -0.008321827884117903 0.02626945382679143 1.5790464230750942 107.57753750489391
148.03934644881627 -0.008321845663761908 0.026269445305362234 1.5790462652131216 107.57757809783521
148.07935978659552 -0.008321863420279955 0.02626943679494148 1.5790461075531523 107.57761863803276
148.1193731243748 -0.008321881153709267 0.026269428295511574 1.5790459500948673 107.57765912557134
148.15938646215403 -0.008321898864086996 0.026269419807054974 1.5790457928379467 107.5776995605356
148.1993997999333 -0.008321916551450216 0.026269411329554154 1.579045635782073 107.57773994300997
148.23941313771257 -0.008321934215835937 0.026269402862991648 1.5790454789269286 107.57778027307879
148.27942647549182 -0.008321951857281093 0.026269394407349995 1.5790453222721959 107.57782055082615
148.31943981327106 -0.008321969475822552 0.026269385962611785 1.5790451658175586 107.57786077633607
148.35945315105033 -0.008321987071497105 0.02626937752875964 1.579045009562701 107.57790094969234
148.3994664888296 -0.00832200464434148 0.026269369105776215 1.5790448535073083 107.57794107097862
148.43947982660887 -0.008322022194392325 0.02626936069364418 1.5790446976510648 107.57798114027841
148.47949316438812 -0.008322039721686226 0.026269352292346254 1.5790445419936563 107.57802115767504
148.51950650216736 -0.008322057226259696 0.026269343901865208 1.579044386534771 107.57806112325169
148.55951983994663 -0.00832207470814917 0.026269335522183797 1.5790442312740938 107.57810103709137
148.5995331777259 -0.008322092167141129 0.026269327153380775 1.5790440762122293 107.57814089872136
148.63954651550517 -0.008322109603772339 0.02626931879524689 1.5790439213470313 107.578180709337
148.67955985328442 -0.008322127017828463 0.02626931044786121 1.5790437666791084 107.57822046846374
148.71957319106366 -0.008322144409345667 0.026269302111206635 1.5790436122081486 107.578260176184
148.75958652884293 -0.008322161778360045 0.026269293785266115 1.5790434579338422 107.57829983257999
148.7995998666222 -0.008322179124907621 0.026269285470022632 1.5790433038558798 107.57833943773375
148.83961320440147 -0.008322196449024353 0.026269277165459192 1.5790431499739526 107.57837899172723
148.87962654218072 -0.008322213750746125 0.026269268871558837 1.579042996287752 107.57841849464215
148.91963987995996 -0.008322231030108762 0.02626926058830465 1.5790428427969714 107.57845794656012
148.95965321773923 -0.008322248287148011 0.026269252315679746 1.5790426895013032 107.57849734756259
148.9996665555185 -0.008322265521899547 0.026269244053667234 1.5790425364004401 107.57853669773084
149.03967989329777 -0.008322282734398992 0.02626923580225031 1.579042383494077 107.57857599714598
149.07969323107702 -0.00832229992468189 0.026269227561412176 1.5790422307819088 107.57861524588901
149.11970656885626 -0.008322317092783717 0.026269219331136066 1.57904207826363 107.57865444404075
149.15971990663553 -0.008322334238739883 0.02626921111140524 1.579041925938937 107.57869359168184
149.1997332444148 -0.008322351362585727 0.026269202902202998 1.5790417738075255 107.57873268889281
149.23974658219407 -0.008322368464356533 0.026269194703512674 1.579041621869093 107.57877173575403
149.27975991997332 -0.008322385544087499 0.026269186515317636 1.5790414701233375 107.57881073234569
149.31977325775256 -0.00832240260181377 0.026269178337601267 1.5790413185699559 107.57884967874786
149.35978659553183 -0.008322419637570418 0.026269170170346995 1.5790411672086475 107.57888857504041
149.3997999333111 -0.00832243665139245 0.026269162013538273 1.5790410160391113 107.57892742130312
149.43981327109037 -0.008322453643314805 0.0262691538671586 1.5790408650610475 107.57896621761557
149.47982660886962 -0.008322470613372357 0.02626914573119148 1.5790407142741558 107.5790049640572
149.51983994664886 -0.008322487561599914 0.026269137605620472 1.5790405636781377 107.57904366070734
149.55985328442813 -0.008322504488032212 0.026269129490429147 1.579040413272694 107.5790823076451
149.5998666222074 -0.008322521392703926 0.026269121385601123 1.5790402630575269 107.57912090494948
149.63987995998667 -0.00832253827564967 0.026269113291120052 1.5790401130323397 107.57915945269933
149.67989329776591 -0.008322555136903984 0.026269105206969585 1.5790399631968344 107.57919795097332
149.71990663554516 -0.008322571976501339 0.02626909713313345 1.5790398135507153 107.57923639985002
149.75991997332443 -0.008322588794476154 0.026269089069595367 1.5790396640936866 107.57927479940781
149.7999333111037 -0.008322605590862776 0.026269081016339114 1.5790395148254537 107.57931314972497
149.83994664888297 -0.008322622365695477 0.026269072973348472 1.5790393657457205 107.57935145087956
149.87995998666221 -0.00832263911900848 0.026269064940607274 1.5790392168541938 107.57938970294953
149.91997332444146 -0.008322655850835933 0.02626905691809938 1.57903906815058 107.57942790601271
149.95998666222073 -0.00832267256121192 0.026269048905808674 1.5790389196345858 107.5794660601467
150.0 -0.008322689250170469 0.02626904090371908 1.579038771305919 107.57950416542909
