ids,indices_mrt_53,aau_HE,e_HE,ideg_HE,wdeg_HE,Wdeg_HE,Mdeg_HE,xau_HE,yau_HE,zau_HE,vx_HE,vy_HE,vz_HE,pomegadeg_HE,lambdadeg_HE,qau_HE,q_HE,p_HE,s_HE,k_HE,h_HE,f_HE,k2_HE,h2_HE,f2_HE,aau_HI,e_HI,ideg_HI,wdeg_HI,Wdeg_HI,Mdeg_HI,xau_HI,yau_HI,zau_HI,vx_HI,vy_HI,vz_HI,pomegadeg_HI,lambdadeg_HI,qau_HI,q_HI,p_HI,s_HI,k_HI,h_HI,f_HI,k2_HI,h2_HI,f2_HI,aau_BE,e_BE,ideg_BE,wdeg_BE,Wdeg_BE,Mdeg_BE,xau_BE,yau_BE,zau_BE,vx_BE,vy_BE,vz_BE,pomegadeg_BE,lambdadeg_BE,qau_BE,q_BE,p_BE,s_BE,k_BE,h_BE,f_BE,k2_BE,h2_BE,f2_BE,aau_BI,e_BI,ideg_BI,wdeg_BI,Wdeg_BI,Mdeg_BI,xau_BI,yau_BI,zau_BI,vx_BI,vy_BI,vz_BI,pomegadeg_BI,lambdadeg_BI,qau_BI,q_BI,p_BI,s_BI,k_BI,h_BI,f_BI,k2_BI,h2_BI,f2_BI
15809,10,42.37006625635135,0.2199977719183202,14.05718388757964,238.1395461340842,56.42419649402095,359.0685180142319,12.26248678992835,-29.95031832053475,-6.705467092678545,0.17378585309404507,0.07785230972956036,-0.025473286473005816,294.56374262810516,293.6322606423371,33.04874608392245,0.13432792215108286,0.20236513245111906,0.9700537936107532,0.09145424742534465,-0.20008783140633285,0.9755003743469168,0.3945145425032647,-0.8954331208879932,-0.20629542353195432,42.37006625635142,0.21999777191832126,13.12363249896853,243.5625184433997,33.57030245938668,-0.9314819857684827,2.8260710953343637,-32.25535924035467,-6.6301252737262555,0.18981455527104787,0.021718695269434776,-0.020251569633882,277.1328209027864,276.20133891701795,33.04874608392246,0.18918238342559585,0.12555118186170722,0.9738823987189312,0.02731710061987233,-0.21829520302276337,0.9755003743469165,0.1112382467466751,-0.9727753700565054,-0.2033079729675025,42.18811265505202,0.2166695151974898,14.04471784228779,237.4847742035093,56.32581680837274,359.52375993726,12.253501854708125,-29.950709325743464,-6.705254599704,0.17376367312728805,0.07728777348367914,-0.025454270625551213,293.810591011882,293.33435094914205,33.04723473898481,0.13455816647004015,0.20195853843815748,0.9701066171241923,0.08747260721499098,-0.1982277019059828,0.9762450108369747,0.38273658934110244,-0.9009082375938529,-0.20463882968556632,42.188112655051995,0.21666951519748978,13.11348210582042,242.919400965352,33.460342131927945,-0.4762400627412288,2.8173852316846966,-32.253017840569576,-6.630152087060215,0.18962242715086136,0.021187232141774676,-0.020237841718353366,276.37974309727997,275.90350303453874,33.0472347389848,0.18927904903579967,0.12509274924569916,0.9739226076451126,0.024075791960637215,-0.21532773870865632,0.9762450108369747,0.09831586214391463,-0.9744368653114662,-0.2020068978348566
126154,141,42.17659513908171,0.1392038429696957,11.08328098120382,353.5489710892442,108.8546033927745,31.37790939617888,-29.70499366736373,22.40525662578325,4.0882893140308,-0.111043668677347,-0.12870598183038973,0.028732804671475085,102.40357448201871,133.7814838781976,36.30545101234455,-0.06212434432813813,0.181920580502106,0.9813488004942869,-0.029900464554490087,0.13595466934591613,0.9902637477472698,-0.21677935112856547,0.9759816702340064,-0.021598432617143323,42.17659513908168,0.13920384296969524,9.505031624749527,353.3367359499145,91.48107089483483,31.3779093961788,-21.653634397351453,30.33174837083075,3.4930560996047695,-0.14547183238111194,-0.0891496153308421,0.024734434430217115,84.81780684474933,116.19571624092814,36.30545101234454,-0.0042681721294357804,0.1650790510005743,0.9862711035143549,0.012573318012274372,0.13863484977340215,0.9902637477472699,0.08873058123808261,0.9958713438154098,-0.019161172209496525,42.32171552338179,0.1402632371027339,11.07866790281726,355.1160893667499,108.8520609601485,30.07727311538543,-29.71397860258385,22.40486562057452,4.088501807005324,-0.11087494301100456,-0.129132073363177,0.02871548914399569,103.96815032689841,134.04542344228383,36.385534704331235,-0.06209074083072517,0.18184856319479326,0.9813642748577518,-0.033857089237920544,0.1361156610786328,0.990114248113551,-0.24288396979362153,0.9699173875460436,-0.016359662378829614,42.32171552338179,0.14026323710273447,9.500416769298452,354.9041763482186,91.47821454562637,30.07727311538541,-21.662320261001025,30.334089770615794,3.4930292862707906,-0.14543923639367676,-0.08960676950030746,0.02471801069035194,86.38239089384496,116.45966400923037,36.385534704331214,-0.00425789320771364,0.16499985084057148,0.9862844009554348,0.008850224113773123,0.13998374625532028,0.9901142481135509,0.061879409660847366,0.9979759566275019,-0.01466044519949935
143751,175,42.54872662326555,0.2590856545918388,7.634220907544209,347.4477572150548,29.13074659208812,24.15412644353782,17.85793237048424,27.912245922422585,2.1028092654210635,-0.14497817700690876,0.12306571828192446,0.023868573134110563,16.578503807142965,40.732630250680785,31.5249619340276,0.11604454312270608,0.06467115326525329,0.9911363710139914,0.24831538397397973,0.07392460008100558,0.9658543490530642,0.9574919458528975,0.2870114751376376,-0.02887190271092706,42.54872662326552,0.2590856545918383,7.478896081832712,359.41641512673465,359.6829035557316,24.154126443538022,25.38771659859481,21.213824397830322,2.8033066398056015,-0.10164928551012051,0.16111105230260608,0.021076128420084182,359.0993186824662,23.253445126004237,31.524961934027598,0.13015900828871815,-0.0007203563763586643,0.9914928712038168,0.2590536434274184,-0.004072621055451173,0.9658543490530643,0.9998769251700076,-0.01563256073415202,-0.0013257290311672516,42.16916128437642,0.2525986852225898,7.651984553646249,346.9126602897967,29.20789916013589,24.81907814923621,17.84894743526415,27.91185491721387,2.1030217583955855,-0.14478670689765788,0.12247087796387252,0.02385451783469812,16.120559449932557,40.93963759916876,31.517286587003596,0.11622556450191832,0.06497730260712768,0.9910951358482758,0.24266639970273604,0.07013639733756626,0.9675711365185605,0.9596956290752379,0.2794194011722969,-0.03015124843847078,42.1691612843764,0.25259868522258977,7.494148929309899,358.85339380206625,359.78819261403413,24.819078149236347,25.379030734945275,21.216165797615368,2.803279826471622,-0.10164606137642573,0.16048616211021272,0.021062156642433407,358.6415864161004,23.460664565336742,31.517286587003586,0.13042405356246992,-0.0004821455249647254,0.9914581855973689,0.2525276948405439,-0.005988248049482737,0.9675711365185605,0.9997195916854451,-0.023535641891976728,-0.0026098967450014173
149349,189,42.5304124807876,0.2416651219968797,7.055037697959943,253.3808359981591,224.4478706604266,323.9248319279084,17.341846603238608,30.83269301573374,-1.2211724613532522,-0.17079875010763512,0.05847909537031476,-0.01996876585137493,117.8287066585857,81.75353858649407,32.25229516004045,-0.0876816460193726,-0.08600783984214416,0.9924286273768111,-0.11281647563744795,0.213715872163281,0.9703597110403097,-0.46174932760175263,0.8791678693825807,-0.11769203840796816,42.53041248078754,0.2416651219968794,7.894435673201775,243.07303709996634,217.08644453803967,-36.07516807209552,25.86936699510188,24.153736313368565,-0.5086627272528363,-0.14454925294152504,0.10734147113728092,-0.02396020224078029,100.15948163800601,64.08431356591049,32.25229516004042,-0.10956643571966529,-0.08282370285129091,0.9905228066075458,-0.04262699520712399,0.23787595605562667,0.9703597110403098,-0.1712933504529982,0.9775800267478865,-0.12245766368091429,42.27211151927704,0.239969287739629,7.070097440493869,254.7062621041135,224.496715077816,322.8140025185872,17.332861668019106,30.832302010524852,-1.22095996837866,-0.17058997388199398,0.05792754392927496,-0.019953439382702533,119.2029771819295,82.01697970051669,32.12810302674596,-0.08779435310717065,-0.08626537677614242,0.992396310116157,-0.11708221939765949,0.2094684056347954,0.9707804803052722,-0.4827645576303785,0.867665156783876,-0.11872471351473868,42.27211151927703,0.23996928773962944,7.9103262653560575,244.42375736335265,217.1098464202117,-37.18599748141731,25.860681131452846,24.156077713153277,-0.5086895405867315,-0.14451727530857197,0.10675261975108488,-0.023943988631874864,101.53360378356433,64.34760630214703,32.12810302674594,-0.10975167342515663,-0.08303419182023515,0.9904846758880917,-0.04798008874987529,0.23512373368466902,0.9707804803052722,-0.19476415266678138,0.9729628880078545,-0.12413759863718113
434709,305,41.8987635462581,0.2232369500325865,17.93624271368887,59.48255652301206,130.4679105606501,346.5381968371415,-31.54268960933812,7.274224252116417,6.239312470691123,-0.0204985989980015,-0.18558398169335671,0.04403568189351727,189.95046708366215,176.48866392080367,32.54541136205493,-0.19987185739513055,0.2342854525410516,0.9513997936456867,-0.21987890955030256,-0.0385746159387413,0.9747642095092272,-0.9531057243073703,-0.1456235799255849,0.2652984192606128,41.898763546258145,0.2232369500325877,16.492865876306467,57.31975021405323,114.95164428788779,-13.461803162858706,-28.03307162058315,16.46270744444263,5.469075377245801,-0.07678604668157536,-0.17072202956845484,0.04193613903199281,172.27139450194102,158.80959133908232,32.54541136205491,-0.11976242264925276,0.2573982828135562,0.9588550913072393,-0.2212091062637222,0.030021112002344568,0.9747642095092268,-0.9595170028291738,0.1490903555488689,0.23895436209458715,42.16915886906378,0.2280798109460988,17.91544878194934,59.39980076245381,130.4294171029406,346.7653124475617,-31.5516745445582,7.2738332469077935,6.239524963665628,-0.020390560734228215,-0.18597195101709124,0.044008109685318327,189.8292178653944,176.59453031295607,32.5512250864517,-0.19949047667564454,0.2341568332365616,0.9515114960757696,-0.22473182110067175,-0.03893595698045494,0.9736424394195191,-0.953551296305729,-0.14364573189269225,0.2647750536260477,42.169158869063715,0.2280798109460983,16.471639705328617,57.23773214784823,114.91268066912907,-13.234687552438475,-28.041757484232647,16.465048844227763,5.469048563911805,-0.07679948701552448,-0.17112451021501157,0.04190818593138243,172.1504128169773,158.91572526453882,32.55122508645168,-0.11943771152443665,0.25715747880248957,0.9589601994669813,-0.22594270610413042,0.031149538031092706,0.9736424394195192,-0.9593299445246876,0.15111040262634418,0.23843595315380647
469420,339,42.04057295888573,0.2148294657288364,2.611121010858872,180.4011645882526,304.9330581556962,11.23220024068912,-26.585773449795155,20.02579949424731,-0.4710205568835048,-0.12249237311454679,-0.14567564273806358,-0.008383815663711054,125.33422274394877,136.56642298463788,33.009019131194144,0.026086737624243638,-0.03734852013798963,0.9989617460962287,-0.12424554733515439,0.17525622189447426,0.9766515758727177,-0.5783390402678247,0.8157964530199614,-0.0003189704396122288,42.040572958885726,0.2148294657288361,4.144795024482037,186.92825100086756,280.83433413193984,11.232200240688782,-19.27415759967094,27.121207346457346,-1.0024053901243888,-0.16048317884849428,-0.10186813004382705,-0.012810000449668062,107.76258513280743,118.99478537349621,33.00901913119415,0.013585946736818198,-0.07098888500355575,0.9973845799175042,-0.06553877428860254,0.20458829001212356,0.9766515758727177,-0.3047636224525089,0.9523881149623538,-0.00871853818474941,42.20061885237849,0.2171215323184687,2.607500755452926,181.2096352016127,304.9292488574822,10.66584614135989,-26.594758385015258,20.025408489038668,-0.47080806390897584,-0.12231597400847408,-0.14609036043628829,-0.00837625395283563,126.13888405909495,136.80473020045483,33.03795582236241,0.02604811426532006,-0.03729850499358548,0.9989646226310841,-0.12804624425615724,0.1753451428703184,0.9761445795596471,-0.5897266478986991,0.8076023516515755,-0.0009603983594651584,42.20061885237853,0.2171215323184693,4.141217969530347,187.7409779778836,280.82625129783605,10.66584614135977,-19.282843463320468,27.123548746242477,-1.0024322034583608,-0.1604405215774421,-0.10231675968926005,-0.012801260210513345,108.56722927571968,119.23307541707945,33.03795582236242,0.013564236124652225,-0.07092964094591583,0.9973890903421985,-0.06913522481025267,0.20582050550602565,0.976144579559647,-0.31807175750331973,0.9480167418171132,-0.009726988907897045
469584,347,42.00143788008374,0.1513893918305207,2.385116523112966,17.32276048606334,97.16105172024518,23.43664969802079,-30.198119670616006,20.215395960167946,1.1430420339904,-0.10818013199197901,-0.13953519903478395,0.005195302935719309,114.48381220630853,137.92046190432933,35.64286574341047,-0.005187814443922334,0.04129149509942334,0.9991336742467195,-0.06274123435137131,0.13777621518564526,0.9884742040342708,-0.4141801945235217,0.9101105539548384,0.01239136975781275,42.001437880083756,0.15138939183052091,0.8800469790566832,36.25554087450922,60.651843473376374,23.436649698020744,-22.703657728677268,28.393151814068467,0.5177512540034146,-0.14536465744602955,-0.10033793852033265,0.001190948849065363,96.9073843478856,120.34403404590634,35.642865743410475,0.007527735624254142,0.013387888606560745,0.9998820418604535,-0.018206812747267164,0.1502905849626015,0.9884742040342707,-0.12020397962537904,0.9927076603644602,0.009083189744848851,42.1642802603647,0.1532916523930372,2.385612473997534,18.65570998393979,97.18407433568413,22.3260377349032,-30.207104605836097,20.21500495495928,1.1432545269649248,-0.10801332559748897,-0.13995403233621379,0.005193763306898506,115.83978431962392,138.16582205452713,35.70084806729027,-0.005205487347881812,0.04129798777668587,0.9991333139812063,-0.06681310888354232,0.13796499256950534,0.9881809901564653,-0.43558108669147727,0.9000510145581273,0.013314958113247228,42.16428026036471,0.15329165239303744,0.8802056317832058,37.54202279902121,60.72132190997155,22.32603773490307,-22.712343592326793,28.395493213853566,0.5177244406694386,-0.1453321332920852,-0.10078759376936094,0.001190305018502715,98.26334470899276,120.58938244389583,35.70084806729027,0.007512849619613238,0.013399422090008606,0.999881999327044,-0.022031554079815083,0.15170016914366313,0.9881809901564653,-0.14366039951989862,0.9895827745578365,0.009360657466079352
470523,362,42.07067110028629,0.1575203976826693,15.95399181216694,149.1665058256523,326.6939356447385,42.09391456250561,-37.00298816240299,5.789974476187723,-4.4253096077083,-0.040520300539744245,-0.16009227324460934,-0.044610223716813606,115.86044147039081,157.9543560328964,35.44368225779241,0.22971853364564085,-0.15093168005728635,0.9614827212460875,-0.0687073424711592,0.14174617023629643,0.9875157337044781,-0.44702107009139114,0.883359920186066,0.14088085144268006,42.07067110028627,0.157520397682669,17.207029999428485,152.53452227761463,305.8833226038594,42.093914562505745,-33.39068509732438,16.697224799511023,-5.34725492489659,-0.08572543647612424,-0.14037311305692007,-0.04698980144892232,98.41784488147402,140.51175944397977,35.4436822577924,0.1733939952922834,-0.23968125756804237,0.9552420725487238,-0.02305958937016769,0.15582339690876157,0.9875157337044781,-0.1631163334162234,0.9771271783491557,0.13643877419657863,42.30106609383514,0.1596509641182967,15.92113183138204,150.8542852336391,326.6474764280122,40.5910859591008,-37.01197309762313,5.789583470978981,-4.425097114733777,-0.040398842825680334,-0.1604973282647632,-0.044578381428133945,117.50176166165136,158.09284762075217,35.54766010872257,0.22913542795313013,-0.15081470952724155,0.9616402024910095,-0.07372296536784755,0.14160986802222794,0.9871735256053509,-0.4720472946572205,0.8713911041434583,0.1335997575837769,42.30106609383515,0.1596509641182967,17.174976600127668,154.2250342709198,305.83369971093566,40.59108595910076,-33.39937096097396,16.69956619929606,-5.34728173823057,-0.0857328852265543,-0.14079593492051282,-0.04695815236061315,100.05873398185543,140.64981994095618,35.54766010872258,0.17287346422547897,-0.2393980566931508,0.9554074187582097,-0.027884256469783694,0.15719700564905487,0.9871735256053509,-0.19037790095766238,0.9732773383963159,0.12840357234570118
499514,415,42.47092556511271,0.1287632630245991,25.84757999519249,243.849772090729,219.9970998352433,250.4007399375073,40.01616542931299,-11.541371354015798,16.743308857617667,0.03630187510252614,0.13487542965565674,-0.038751615170743145,103.84687192597232,354.2476118634796,37.00223060567393,-0.3339931675732412,-0.2802247358501936,0.8999570331032932,-0.03081663270245453,0.125021250408177,0.9916753612424067,-0.1816072361811208,0.9021430178109746,-0.39135251012554134,42.47092556511273,0.12876326302459884,26.48701645530548,240.57610783558505,205.35307694580953,-109.59926006249245,34.185942790429756,-23.090147780109405,17.691849279292175,0.07638770422806168,0.11760859580461676,-0.036661044375893556,85.92918478139461,336.32992471890213,37.00223060567396,-0.4030395626819433,-0.190972916836,0.8950354495483953,0.009140822682055594,0.12843840261166922,0.9916753612424068,0.11013714414125392,0.9148574904520167,-0.3884656762755839,42.17166977155889,0.1311922915224991,25.89075619997816,246.9759904048542,219.8485045930896,247.2569222652879,40.007180494092886,-11.54176235922446,16.743521350592182,0.036371843118521055,0.13427267393469103,-0.03872369958659407,106.82449499794382,354.08141726323174,36.63907177689797,-0.3352393698135803,-0.2797920608681189,0.899628238553106,-0.03797243358482315,0.12557671616414637,0.9913569400801487,-0.2302500473480092,0.8862747755316531,-0.40187303710569705,42.17166977155886,0.13119229152249923,26.526420408094857,243.70335230050657,205.20251959858467,-112.74307773471229,34.177256926780224,-23.0878063803243,17.691822465958186,0.0762715999156397,0.11701286292691274,-0.03663631808791742,88.90587189909127,336.16279416437897,36.63907177689794,-0.40409684592361395,-0.1901752474533127,0.8947285143386559,0.002505113817159167,0.13116837179628135,0.9913569400801487,0.05928258437146683,0.9144244093239822,-0.4003917766672118
503883,450,42.7057784450407,0.2597471055927643,2.670305062892116,248.8524039398426,156.6935230844449,352.6113203787083,26.770836493517407,17.08252230675254,-1.2257055276794613,-0.11473202799072836,0.1622623651968716,-0.004833164107329609,45.545927024287494,38.15724740299578,31.613076101855516,-0.04278718112592447,0.0184328056166497,0.9989141548743796,0.18191059011145186,0.1854106147692791,0.9656766752573976,0.6999366322837937,0.7128819713810156,-0.04345118717754437,42.70577844504064,0.2597471055927636,2.0255287271320106,212.74777370460697,175.1879700370845,-7.388679624599387,30.702553848982745,8.197646122164128,-0.3799923288802627,-0.06020044012256253,0.18933992140361305,-0.006494155323055426,27.935743741691454,20.547064117092066,31.613076101855505,-0.03522020126068402,0.002964970128199534,0.9993751779863735,0.22947969540246457,0.1216865985300368,0.9656766752573978,0.8834451888144712,0.4681442557976466,-0.019119469768563026,42.24410339007095,0.2521070411603771,2.673224066728307,249.3590067296187,156.7878603053776,352.1280948231484,26.761851558557368,17.082131301183015,-1.2254930346939439,-0.11456083021715938,0.16164125351377023,-0.004827982203871097,46.14686703499626,38.27496185814465,31.594067477927105,-0.04286424396742433,0.01838238972665681,0.9989117800571973,0.17466283307374694,0.1817989409905692,0.9676993540337618,0.6924108222831935,0.7201821324707466,-0.043645724361038314,42.244103390070926,0.2521070411603772,2.0304776847961357,213.29679932105552,175.23981435642972,-7.871905180692395,30.69386798547176,8.19998752152667,-0.3800191421994239,-0.06022499687825912,0.1886961109464772,-0.006489648249103444,28.536613677485207,20.664708496792812,31.594067477927087,-0.035308893468497346,0.0029402631981239654,0.9993721213313668,0.221479064688828,0.12043663938852685,0.9676993540337618,0.8784834105946818,0.4773767511307613,-0.019450830053625266
523677,515,42.59301074465647,0.1703049546930743,12.35114194565029,9.186601626030885,39.31689131234085,8.37343006318242,17.663835987609012,30.6152413864216,2.735734300829032,-0.1526145706604884,0.0911361821681137,0.03661312939599826,48.503492938371735,56.876923001554154,35.33920997954612,0.16548633555637923,0.1355304863480222,0.9768550353119904,0.11283970116161865,0.1275577494108715,0.9853914056896325,0.664915637755987,0.7461373867749002,0.034149593325136944,42.59301074465646,0.17030495469307438,11.85616144780496,16.34194683847704,14.737774539632866,8.373430063353476,26.001522539196813,23.849177771462713,3.453388825422718,-0.1189187895491348,0.13297992318618018,0.03334956737049415,31.079721378109905,39.45315144146338,35.33920997954611,0.19869600718928515,0.05226696017014182,0.9786664710725551,0.14585765238101656,0.08791656746545931,0.9853914056896325,0.857976882089639,0.5104251226418763,0.0578088572432212,42.2806539844186,0.1640390288964292,12.38000742850667,9.534789878057003,39.37663597390801,8.20963387058285,17.654851052436307,30.614850381184404,2.7359467937922037,-0.1524179822945662,0.09056274247008496,0.03659053211834838,48.911425851965014,57.12105972254786,35.344976563708634,0.16572531980322883,0.1360151742792682,0.9767471478033083,0.10781054388735277,0.12363530898572916,0.9864538494013374,0.6596685688857677,0.7507170952186243,0.03551368990563931,42.280653984418564,0.16403902889642863,11.883211200991745,16.671010086998542,14.816951153729397,8.209633870691071,25.99283667558414,23.8515191712063,3.4533620120784008,-0.11890399061226377,0.1323738877495278,0.0333273693787496,31.48796124072794,39.69759511141901,35.34497656370863,0.19907023984702338,0.052659638034673356,0.9785693650065415,0.13988427054542502,0.085680767125754,0.9864538494013375,0.8543221523848402,0.5163759005627512,0.05907274551382918
523688,524,42.11913951104734,0.1589630575522828,10.86669999714383,334.7089418701207,153.6224759675533,97.2776521935145,-19.634182179211592,-38.457745463454515,8.288540225198872,0.11974836080947324,-0.08593466580905895,0.004566014918729517,128.33141783767405,225.60907003118854,35.42375231290009,-0.16889666231771844,0.08375846633264206,0.9820684481111988,-0.0985903613358624,0.12469640860118811,0.9872845315984798,-0.6236127733127544,0.7775733215126439,-0.08054091278952259,42.1191395110473,0.15896305755228268,9.835909721374668,328.0424644798907,142.59858567315953,97.2776521935149,-30.550965633691234,-30.730113258600547,7.449686772319081,0.0880360330003547,-0.11809328980901687,0.00699406835486362,110.64105015305029,207.91870234656517,35.42375231290006,-0.13570495525868834,0.10375958074296723,0.9853010273628466,-0.056036418339444914,0.14875877616482686,0.9872845315984798,-0.3572377611290955,0.9296267636405475,-0.09041715736890321,42.27273264552613,0.1601204712133095,10.86559713298537,336.2015199103236,153.4634073423271,95.66409653712512,-19.643167114431627,-38.45813646866329,8.288752718173402,0.11976239921506576,-0.0863894246131061,0.004564897067210881,129.66492725265073,225.32902378977585,35.504002774850235,-0.168646563503416,0.08421860038807229,0.9820720767678727,-0.10220437182604013,0.12325920525955379,0.9870974798359217,-0.6415287818567222,0.7633182675929565,-0.07606605292979116,42.27273264552612,0.16012047121330975,9.831336997712652,329.54992111647465,142.42493927048318,95.66409653712547,-30.559651497340738,-30.72777185881557,7.44965995898511,0.08791212145094082,-0.11853104461823953,0.006989535011035875,111.97486038695786,207.63895692408335,35.504002774850214,-0.13532754441671296,0.10412243222941957,0.9853146577762723,-0.05991703834734568,0.1484874197272451,0.9870974798359216,-0.3787380828619729,0.9214496606218671,-0.08653315855718714
523731,564,42.6564176265161,0.1694633811888774,4.138719942151537,249.4619380622296,128.4120816332005,32.58485875861972,16.699144640568854,32.94010838525496,-2.4277523743392013,-0.14646669008040145,0.09553244043904871,0.004009496148151305,17.874019695430093,50.45887845404981,35.427716866121855,-0.044841085707960374,0.056550869559827445,0.9973922378806438,0.1612840064553552,0.05201256411364192,0.9855364845788477,0.9498202062248584,0.30540784023709916,-0.06758422129963658,42.6564176265161,0.16946338118887705,2.7216213560302647,237.55540207435757,122.71597058713876,32.58485875861955,25.926522859982526,26.356846164119347,-1.7141255560325606,-0.1108346050756376,0.13531367349699458,0.0009563582942521552,0.2713726614963434,32.8562314201159,35.42771686612187,-0.025663579871051133,0.039950634667528344,0.9988720275680283,0.16946148040831088,0.0008026342817939262,0.9855364845788477,0.9991878861601375,0.004221846453034417,-0.04007173771329612,42.3446710591157,0.1634269501802067,4.137021413113033,248.6726528779225,128.4795861372844,33.56272769852382,16.690159705348695,32.939717380046304,-2.4275398813646736,-0.14627422230233852,0.09495605416959785,0.004008751300693454,17.152239015206874,50.714966713730696,35.42441061154035,-0.04488928339120082,0.05647485319867429,0.9973943769606949,0.15615845950185375,0.048196509948456444,0.9865554378517186,0.9536244561331958,0.293401359566001,-0.06720147966740646,42.344671059115704,0.1634269501802067,2.7209661146409436,236.72579480879185,122.82374274373524,33.562727698523766,25.91783699633294,26.359187563904477,-1.7141523693665355,-0.11082522452516451,0.1347060738751238,0.000955871696893824,359.5495375525271,33.11226525105087,35.42441061154036,-0.025732488698485566,0.03989269195278624,0.9988725705284646,0.16342189934309492,-0.0012848580852047543,0.9865554378517186,0.9991769941670225,-0.008372910207963491,-0.039689150935781285
523743,574,42.59124993886567,0.1128697798592847,9.267056576182595,143.423428761432,219.2523070239065,40.00140696094854,24.209214732515612,30.754860718238277,-1.3865026844233377,-0.12089721266136318,0.1107712069219935,-0.02647753621378004,2.6757357853384747,42.67714274628702,37.78398493433413,-0.12470128605553359,-0.10189359742122625,0.9869484708234048,0.1127467218345925,0.005269148037056264,0.9936097889989393,0.9939887141736814,0.05270595931642219,0.0959610230660697,42.59124993886561,0.11286977985928448,9.957725362057207,134.9088281845522,210.06557331025925,40.00140696094902,32.39448435399019,22.005068857983037,-0.49422004381612195,-0.08102744504117469,0.14211659978782681,-0.028720749486043747,344.97440149481145,24.975808455760443,37.783984934334086,-0.14965536912399108,-0.0866320868856717,0.9849356080547578,0.10901077282900506,-0.029261555199722247,0.9936097889989394,0.960464988934352,-0.25001699912615377,0.1224683844071129,42.26601414090946,0.1068221466864203,9.2910697215219,141.5338164637608,219.2958482746387,42.07096626599456,24.20022979729549,30.754469713029607,-1.3862901914488153,-0.12072188270400207,0.11018460694174141,-0.026457847272710007,0.829664738399515,42.90063100439407,37.751067778498914,-0.1249439153083946,-0.1022502917778563,0.9868808924377612,0.10681094757108796,0.0015467713668790653,0.9942781446744693,0.9947267397376518,0.020795385939339828,0.10043039965337157,42.26601414090945,0.10682214668642043,9.982512636217294,133.0428855950422,210.08517106494182,42.07096626599455,32.38579849034063,22.007410257768143,-0.4942468571501013,-0.08103804259803356,0.14150444053694583,-0.028701345142975253,343.12805665998405,25.199022925978625,37.7510677784989,-0.14999441264286628,-0.08689686213064393,0.9848607066625054,0.10222407505167272,-0.03100337888884217,0.9942781446744693,0.9514093594269448,-0.28065976743883025,0.12668988016409452
529780,655,42.31788170109301,0.1727084185583331,30.71719137775413,164.337569681927,5.049713301997942,242.7025005517291,37.81673909525541,24.177551133079852,12.331888470123388,-0.09601244634533429,0.08427871681024679,0.05490217174397862,169.38728298392493,52.08978353565402,35.00922727575861,0.508818319553252,0.044960729568771306,0.85969904645966,-0.1697541540547662,0.03180762521897981,0.9849729956496674,-0.9795605664840691,0.1464395966638077,0.1379004754101704,42.317881701093015,0.17270841855833285,31.094237812538687,167.32255638865607,344.9060160285823,-117.29749944827083,42.997351401604824,11.624512468592526,13.521600872134949,-0.06755594847558448,0.10934463641306827,0.05306114148659901,152.2285724172384,34.931072968967584,35.009227275758626,0.4986297722320765,-0.13448447211732428,0.8563190275844115,-0.15281473066518203,0.08047270302809624,0.9849729956496673,-0.8930246145940417,0.4355007970916077,0.11334060817614172,42.07448825574618,0.1775924764022118,30.81243778785857,165.6514666418286,5.162543424306435,241.4504112324083,37.8077541600353,24.177160127871176,12.332100963097925,-0.09585379528431275,0.08370987329556655,0.05486731632260855,170.81401006613504,52.26442129854331,34.602375693052444,0.5101514251145791,0.046091167761083074,0.8588487222485597,-0.17531491149693185,0.028350828585653465,0.984104116608263,-0.9840277701155629,0.12480163182178405,0.12694053858406595,42.07448825574616,0.17759247640221143,31.186353193386797,168.62981256866874,345.02704927192417,-118.54958876759189,42.98866553795528,11.62685386837762,13.521574058800983,-0.06757557523898285,0.10875444241486569,0.053025731905973345,153.6568618405929,35.107273073001025,34.60237569305244,0.5002420788985404,-0.13378637355276826,0.8554876204544783,-0.15914995711189178,0.07880595679232015,0.9841041166082631,-0.9035134051495398,0.4162231165268551,0.10208743303539204
530839,664,42.67425418604664,0.2387368038360096,13.39457727741508,209.541816220099,219.2348406306881,350.922412101236,19.532287909725902,26.164294576094562,-1.8840263468996366,-0.15882784492357513,0.10318710018338609,-0.04295531821886322,68.7766568507871,59.69906895202308,32.48633913558441,-0.17943134766492524,-0.1465224120292172,0.9727978074853423,0.0864237692729475,0.22254481258948647,0.9710843107033327,0.3704876527970244,0.9217877798253623,-0.1142199110907589,42.67425418604662,0.2387368038360096,14.052486353201289,203.48831341898057,207.53355995744496,-9.077587898764103,26.565269332243886,19.04174732318685,-1.1525888747235198,-0.11900851947243472,0.14634475112147693,-0.04625156692242208,51.02187337642556,41.94428547766146,32.486339135584394,-0.21530996282807993,-0.11224361070136724,0.9700737042945194,0.15017109814028543,0.18559068615955404,0.9710843107033327,0.6345373554840076,0.7668095754525838,-0.09677509746618944,42.31905791211032,0.2329519798676838,13.42360850548882,210.3493504748142,219.2782938233339,350.2840350409988,19.523302974505683,26.163903570885946,-1.8838138539251374,-0.15862709214023457,0.10260558341462583,-0.042924585122727336,69.62764429814808,59.91167933914687,32.46074958534905,-0.17970170008375871,-0.14697048561095558,0.9726803048002395,0.08109519272360109,0.2183808476982259,0.9724882390423681,0.35685883191965645,0.9267647731815888,-0.1172980360901949,42.31905791211031,0.232951979867684,14.08241749815606,204.3103288772499,207.56220647525532,-9.71596495900119,26.556583468594262,19.044088722972035,-1.1526156880575242,-0.11899366039469023,0.14572975797226168,-0.04622041263229527,51.872535352505224,42.15657039350403,32.460749585349035,-0.21570303791337792,-0.11258571644452575,0.9699467283761581,0.14382758549359953,0.18324914890758748,0.9724882390423681,0.6231378198831903,0.7756710097148038,-0.10016856851947895
531683,680,42.51913715092471,0.1707824082500712,2.454760330775624,171.7664143871541,178.1259084189865,59.99067700258983,14.629814836104554,37.121344490893215,-1.6110472620027405,-0.1401590987932371,0.08312363251198593,-0.0033650935560588313,349.8923228061406,49.88299980873046,35.25761651157472,-0.04280763437970326,0.0014006974115163325,0.9990823512031303,0.16813180948691425,-0.029972080447475753,0.9853087683727908,0.9844839710611105,-0.17536729501180914,0.006133723501069556,42.5191371509247,0.17078240825007085,2.436209877015812,134.096062465711,198.1819979554343,59.99067700259044,25.19468722140145,30.96784631291588,-0.9172801022871901,-0.10836778097695536,0.12157918399233729,-0.006353044706999653,332.27806042114526,32.26873742373567,35.257616511574724,-0.04038470030804898,-0.013263755025560696,0.9990961659338159,0.15117924592809184,-0.07944473908514896,0.9853087683727909,0.8850130184750444,-0.46456434444198236,0.030527479471480767,42.24704723500339,0.1667472498578355,2.456915515912993,170.1220885982941,178.2846747827485,61.76713032109977,14.620829900884575,37.12095348568445,-1.6108347690282117,-0.13997085864825243,0.0825555631870667,-0.003360895619820792,348.40676338104265,50.173893702142436,35.202468293952506,-0.042848915042686085,0.0012831973316954966,0.9990807394221313,0.163345435656662,-0.03350990876273339,0.9859996727508831,0.979603699153832,-0.2008046596309309,0.007353997187532275,42.247047235003365,0.16674724985783518,2.442071004786043,132.51478598059302,198.2776558627958,61.76713032110037,25.186001357752,30.970187712700856,-0.9173069156211601,-0.10836005380360839,0.12098078984677406,-0.006348632211739888,330.7924418433888,32.55957216448917,35.20246829395249,-0.040459546513706465,-0.013363213821084335,0.9990918124037836,0.14554662329425505,-0.08136845692767887,0.9859996727508832,0.8726477664108487,-0.48733915245845827,0.03140742363245521
534074,719,42.57761031291889,0.07648698160185144,6.536709638033332,170.7230159587245,335.0732122077534,251.0238922093055,38.32675736698979,20.922092110515436,4.024938829644837,-0.08089188767056302,0.12449043612035258,0.009029399110782915,145.79622816647787,36.820120375783404,39.320977416263865,0.1032352668742699,-0.047978894043152025,0.9934991219924627,-0.06325806632405159,0.042996225409957206,0.9970705800721622,-0.8274852555249765,0.5611874578673274,0.018351812476449816,42.57761031291887,0.07648698160185152,7.6916157763240065,179.45079398034372,308.8295603049966,-108.97610779069461,42.72919125086316,8.367072004652856,5.204106287105846,-0.039741031653215686,0.14311024430375144,0.00793754389613482,128.2803542853403,19.304246494645696,39.320977416263844,0.08391919159401443,-0.10426422382748192,0.991002795612535,-0.047384443039239325,0.060041426635474425,0.9970705800721622,-0.6195770923249535,0.7849347621373053,0.0012829086514003758,42.25304747532115,0.0808913075370197,6.549018762138117,175.3532684781905,335.2069140704742,246.3890469987298,38.31777243176971,20.92170110530668,4.025151322619358,-0.08074337109212114,0.12389464089194152,0.009025289697225231,150.56018254866473,36.949229547394566,38.83514321761865,0.10354070899569323,-0.04782736282422257,0.9934746423265918,-0.07044601112632623,0.03975881224883639,0.9967229285839427,-0.8710941270510063,0.4910291746799104,0.009239666141768034,42.25304747532114,0.08089130753701934,7.701469506608499,184.0886266986517,308.9559497606743,-113.61095300127043,42.72050538721363,8.369413404437866,5.204079473771866,-0.03977930123240258,0.14249741906735683,0.007932378192310187,133.04457645932598,19.43362345805555,38.83514321761866,0.08425613861132188,-0.10421138390163918,0.9909797629475664,-0.05521374933890418,0.059117218464583565,0.9967229285839427,-0.6820670280830146,0.7312272369565519,-0.009554953421712819
534314,722,42.56623932094375,0.1698866657472048,8.92413988200045,296.2908052547522,123.7878724493374,0.9742012959468843,16.561479607115395,30.83521842199838,-4.854089863236401,-0.15870646905730373,0.088027256702702,0.01302505484047433,60.07867770408956,61.05287900003644,35.33480284931105,-0.08626897138374125,0.12892607524581293,0.9878945954392615,0.08474122140585733,0.1472426724606218,0.9854636070405124,0.48979020454255634,0.8606755058127555,-0.13907993826615772,42.566239320943716,0.16988666574720446,7.421148592245574,292.8780708673037,109.58388728462043,0.9742012959433838,25.22658795862493,24.391874348874374,-4.160674948143092,-0.12501281652256163,0.13185645529156276,0.009584581361651804,42.46195815192414,43.43615944786752,35.33480284931104,-0.04329325032131824,0.12168985220299837,0.9916235547562533,0.12532976554250885,0.11469057968186458,0.9854636070405125,0.7304546742530537,0.6725137345369485,-0.11900103243683254,42.25787203706147,0.1639085811116369,8.92113608408521,297.0142690201003,123.8469282909153,0.4420560094544512,16.552494671895296,30.83482741678968,-4.853877370261872,-0.15850579762556025,0.08745590074697673,0.013018267357656196,60.86119731101559,61.30325332047004,35.33144419066961,-0.08637296531755316,0.12879407320341107,0.9879027267752262,0.07981151657666272,0.14316474700066054,0.9864755329140049,0.47797609479748426,0.8674399162467294,-0.13815514649846836,42.25787203706148,0.16390858111163698,7.418696453500771,293.5882917832002,109.65607580456481,0.44205600945136403,25.21790209497539,24.39421574865944,-4.160701761477064,-0.12499393309325868,0.13125117285376142,0.009578311738794695,43.244367587765,43.68642359721636,35.331444190669615,-0.04343226076659995,0.12159524276817964,0.9916290816937801,0.11939729189886428,0.11229563504093769,0.9864755329140049,0.7212138677702573,0.6825309025219741,-0.1183305710220534
535022,734,42.06544831426708,0.04983222150578361,7.106579243267364,316.2037396437879,276.7107297908683,297.7157899697201,-39.558617702089464,10.39146428643652,-4.74671760464039,-0.032308833374077306,-0.15400514231727458,-0.006244134307738023,232.9144694346562,170.63025940437637,39.969233576130435,0.01445697954201545,-0.12286782366272578,0.9923177382526763,-0.03004915583173283,-0.03975296887028339,0.9987576030748394,-0.5977261111106081,-0.7971149258805955,-0.08562295857398153,42.06544831426705,0.04983222150578337,8.662040262925947,314.22652926975616,261.0870626303209,-62.284210033052894,-34.42767064579877,21.85574570576481,-5.697364836826144,-0.07711945680691197,-0.1370508426923994,-0.008371958344436842,215.31359190007697,153.02938186702409,39.969233576130414,-0.023333891798056183,-0.14878730766353734,0.9885938835395415,-0.040663116955340424,-0.02880557619069205,0.9987576030748394,-0.8079256982591619,-0.5793175611029208,-0.10792233082272291,42.29436065396159,0.05323087080082328,7.105133451845885,311.8444676758663,276.7216407460343,302.2118614889438,-39.56760263722024,10.391073281669067,-4.74650511164834,-0.03219287935845099,-0.15441427720757883,-0.006238006708312775,228.5661084219007,170.7779699108445,40.04299500638714,0.014477446427496545,-0.12284020046703807,0.9923208597495856,-0.03522581912804437,-0.03990823565346185,0.9985822321640747,-0.6560741351715291,-0.749050182224126,-0.09214420040856523,42.29436065396158,0.05323087080082323,8.660641880118796,309.86890197944695,261.09635103160724,-57.78813851439421,-34.436356509230436,21.858087105943532,-5.697391650136584,-0.07713267367570247,-0.13747589129102844,-0.008366192682138271,210.9652530110542,153.17711449665998,40.04299500638713,-0.023306036729667797,-0.1487672511356397,0.9885975589902601,-0.04564437981720485,-0.027388249256144092,0.9985822321640747,-0.8488334194220439,-0.5158726539550518,-0.11557348733014733
543734,780,42.55518596327887,0.2765660810209741,4.572481931020108,172.0660614695705,208.4290715328669,8.509832466992169,25.099279618972904,18.24518823740194,-0.32757025893739355,-0.10898730281305863,0.16974750787779383,-0.016087938732853947,20.495133002437456,29.004965469429624,30.785864954296073,-0.07010649584440456,-0.03795242464291053,0.9968172815035575,0.25905998304894035,0.09683347744443933,0.9609949026028701,0.9364927895806247,0.3505141506262896,0.01100387541872849,42.55518596327889,0.27656608102097424,5.109951130167289,154.3806035841206,208.4702464584764,8.509832466992167,29.43602800961874,9.810934764699368,0.48357785713725177,-0.05215586820598552,0.1947400385506915,-0.017531490946697235,2.850850042597017,11.360682509589184,30.785864954296073,-0.07829591598727464,-0.042458583556741425,0.9960256112279788,0.2762238000140578,0.013755343583273133,0.9609949026028701,0.9979431815885017,0.0512468556134249,0.038511895704512335,42.08132310464187,0.2685686431355663,4.583000336753693,171.9018816793079,208.4589292910445,8.75848768484875,25.090294683752752,18.244797232193246,-0.32735776596286875,-0.1088199554161626,0.1691213793121556,-0.0160752133701111,20.360810970352418,29.11929865520117,30.779599257078846,-0.07024759055023519,-0.038076155571123524,0.9968026296107019,0.2517885241864138,0.09344332594523196,0.963260548306802,0.9373055526715462,0.3483268674552572,0.011255858025714318,42.08132310464182,0.2685686431355656,5.120696677770606,154.2564778414509,208.45991376931764,8.75848768484862,29.42734214596915,9.813276164484456,0.48355104380327396,-0.052185816799984255,0.19409260869011247,-0.017519586150979344,2.7163916107685395,11.474879295617159,30.77959925707884,-0.0784677954821241,-0.04253348056596021,0.9960088895703294,0.2682668679977739,0.01272806388826563,0.9632605483068022,0.9980502628666492,0.048916237605845125,0.038766925210814804
612086,930,41.98862297519805,0.2314764090155404,9.76794217529945,111.2714204370738,128.0297037233816,308.521135799358,-35.79824463211632,10.981736807608034,3.6896793133398944,-0.012580354898114113,-0.1696823878512068,0.019702258711853285,239.3011241604554,187.82225995981344,32.26924730939179,-0.10452126579732754,0.1336382561645362,0.9855029789328017,-0.1181747361269587,-0.19903783477533468,0.972840517283933,-0.499884829805714,-0.8515395704588032,0.15809970548027366,41.98862297519802,0.23147640901554012,8.306858520989113,107.4517011002372,114.21997486872945,-51.47886420068265,-30.898512592538594,21.28252215062274,2.839501006284883,-0.06376851562704791,-0.1579552162865006,0.017952246021220464,221.67167596896667,170.192811768284,32.26924730939178,-0.059269424695852786,0.1317575795566602,0.9895085019976296,-0.17290522632936425,-0.15389967718848843,0.9728405172839331,-0.7378393540043287,-0.660755246627102,0.13782449614358286,42.24469385750414,0.2343931066521199,9.755892014309266,110.3118430328252,127.9906822132038,309.6330764401749,-35.807229567336265,10.981345802401863,3.6898918063141384,-0.012477623799820647,-0.17008101514262686,0.019690995864879803,238.302525246029,187.93560168620388,32.34282882467602,-0.10430264525368378,0.1335460581973417,0.985538638782385,-0.12315814323642042,-0.19942968736020575,0.97214189887792,-0.5147457031567934,-0.8424863355698181,0.15891392468804613,42.244693857504096,0.23439310665211954,8.29439443525472,106.4934146099443,114.17980665050699,-50.36692355986839,-30.90719845618721,21.284863550410172,2.839474192950651,-0.06379068089931872,-0.15836625382897015,0.017940368010899686,220.67322126045127,170.3062977005829,32.342828824676,-0.05908886815290658,0.13160272458853137,0.9895399075031202,-0.17777288028200922,-0.152764300418227,0.97214189887792,-0.7492893038409395,-0.6476358237136406,0.13832345785265293
613087,1020,42.67292529561109,0.1172257655906428,6.889117072320182,271.5950176904687,95.20371072360238,28.78573312094015,27.91072419049675,26.19140448839449,-3.645298731842976,-0.10654090498966697,0.13077834187015608,0.01138620195615945,6.798728414071093,35.58446153501124,37.67055895784077,-0.010878957526323004,0.11945390585821729,0.9927801431628035,0.1164014499079847,0.013877412497697764,0.9931052914377647,0.9857808211351281,0.11772736483486355,-0.11990179419504737,42.672925295611044,0.11722576559064224,5.35776377256939,275.22140880675687,74.01530376301719,28.78573312094026,34.605973361676114,16.536661235458077,-2.6929239929319895,-0.0623487616296303,0.15685236996789703,0.009672160669498957,349.23671256977406,18.022445690714335,37.670558957840754,0.025713497032741017,0.0897641036084893,0.9956310670995113,0.11516342613400041,-0.021892130992455548,0.9931052914377648,0.9782245333653407,-0.18555374353829768,-0.09298693769065093,42.3096619017229,0.1101760332036183,6.891777282660055,270.1671989573864,95.19268293570545,30.40180397500216,27.901739255276677,26.191013483185774,-3.6450862388684544,-0.10637519727928338,0.1301783322028042,0.01138051290669711,5.359881893091824,35.761685868093984,37.64815118720481,-0.010860137651011945,0.11950190244605119,0.9927745729630547,0.1096943011177659,0.010291675994205409,0.9939120895267927,0.9884318715457449,0.09275726736591189,-0.11999385260664419,42.30966190172289,0.11017603320361846,5.360502350966259,273.794923142115,74.0029686375759,30.401803975002316,34.59728749802659,16.539002635243122,-2.6929508062659684,-0.06237187848526091,0.15623033413709586,0.009665832347027023,347.79789177969093,18.199695754693266,37.648151187204796,0.025745936358232233,0.08980431117739054,0.995626602926515,0.10768694924540076,-0.023286890189617823,0.9939120895267927,0.9732132943536308,-0.2101581496378674,-0.09321714345623738
613100,1021,42.83219919658812,0.2503837215993092,2.166622526911597,224.4450065701666,179.0946349721327,0.6532444755285095,22.836523404374862,22.554970327562838,-0.8668611150741191,-0.13816719480465364,0.14079535597319157,-0.005243412536365508,43.53964154229931,44.19288601782782,32.10771375746344,-0.03780096542749214,0.0005973654802491513,0.9992851095494382,0.18150264445116512,0.17247839893492262,0.9681466789480195,0.7248900321197882,0.6883557583981519,-0.026472461417058654,42.83219919658812,0.2503837215993092,2.2396927500262147,182.4872348414503,203.4417241043982,0.6532444755290637,28.596045900584546,14.602905291455329,-0.07906812933295071,-0.08900323909028111,0.17595498781537972,-0.007698379904836436,25.92895894584848,26.582203421377542,32.10771375746344,-0.0358545924001846,-0.015546677005815315,0.9992360827341522,0.2251793179389941,0.10948188349882274,0.9681466789480195,0.8993500800222574,0.4372259796932956,-0.0016959496446298488,42.40519951819476,0.2429770042476842,2.169921551004006,224.7053388439855,179.1964029696451,0.4573900253150089,22.827538469154785,22.554579322354112,-0.8666486220995934,-0.13798028972384935,0.1401886324497506,-0.005237955665759045,43.901741813630565,44.35913183894557,32.101711174738455,-0.037859498779723916,0.0005310299661802793,0.9992829310857476,0.1750722285647794,0.16848602131494703,0.9700320486493325,0.7205229570591609,0.6929193526310122,-0.02663529801112576,42.40519951819471,0.24297700424768376,2.244719808215545,182.8323723136155,203.45862698124606,0.45739002531246875,28.587360036935014,14.605246691240364,-0.07909494266692607,-0.08900849090908922,0.17532014854576589,-0.007693065705055043,26.290999294861535,26.748389320174006,32.10171117473844,-0.035930429694596075,-0.01559215470295318,0.9992326500538705,0.2178424964226955,0.10762189064268865,0.9700320486493326,0.8965711168481968,0.4428955706644984,-0.0019354377657774774
613468,1025,42.57319302487321,0.1759814755203418,9.369587495503149,155.7215116760667,145.4790674907234,75.86098260445097,33.14275612307313,25.03264145260696,-6.50231703072619,-0.07145237425538609,0.13724421277232518,-0.011976880982833114,301.20057916679013,17.061561771241088,35.0810996987437,-0.13413591507413877,0.09226123173777023,0.9866587157702773,0.09116467905921952,-0.15052734309203147,0.9843934783782771,0.5211443650184021,-0.8508393618366901,0.06693975768480652,42.57319302487322,0.1759814755203416,8.180959712731463,148.8917233505011,134.64708548538914,75.86098260445326,39.32049943568971,13.85155696780109,-5.421092324618317,-0.026316033876267082,0.15241675504685465,-0.012706712647819127,283.5388088358902,359.3997914403435,35.081099698743714,-0.09999961658997567,0.10123916662799712,0.9898235740890022,0.04119795629477964,-0.17109122748829064,0.9843934783782771,0.23784453698641267,-0.9685167743099352,0.07352029723822659,42.22378301970423,0.1747956893306682,9.377252722160888,153.0960404762836,145.6039104874232,78.50380745111671,33.1337711878531,25.032250447398095,-6.5021045377516495,-0.07131018446594195,0.1366398693857353,-0.011966911037006409,298.6999509637068,17.203758414823483,34.84324776062647,-0.13444554417728177,0.09204330794369926,0.9866369266927201,0.08394086604904469,-0.15332144016907684,0.9846047262690834,0.4836386157683316,-0.8721570933335836,0.0737271583991057,42.22378301970418,0.17479568933066836,8.190990368263828,146.25542846332425,134.78246460593667,78.503807451119,39.31181357204019,13.853898367585982,-5.421119137952277,-0.02636330149640112,0.15179769216587077,-0.012698041636822728,281.0378930692609,359.5417005203799,34.84324776062642,-0.10036061063172297,0.10112559878516973,0.9897986467478972,0.03346606129949241,-0.17156210464342686,0.9846047262690834,0.19548035355832283,-0.9775090102138628,0.07914269595753894
K00P30L,1145,42.29588301576754,0.2365808295453653,5.842673346067849,139.0171568555373,326.0068048774529,260.4740507773894,43.460166106380065,-15.203657605954602,1.1965232120630955,0.015542757637519472,0.1392027051156767,0.01269935404622977,105.02396173299019,5.498012510379567,32.289487925543526,0.08440050244155957,-0.056914274298926926,0.9948051671400983,-0.061327188448398046,0.22849390553226548,0.9716118109057891,-0.2611277861890311,0.9629927909334854,0.06676199435421568,42.29588301576751,0.2365808295453654,7.146903763885288,146.92732668606925,300.56436311584804,-99.5259492226609,36.79025010735284,-27.62169741484385,2.210936306519567,0.056495083165712806,0.1280045603475629,0.01426121060844831,87.49168980191729,347.96574057925636,32.2894879255435,0.06326514922626875,-0.10712754227086765,0.9922304221199738,0.010353791838150956,0.23635415778645713,0.9716118109057891,0.040113507189825426,0.9968858818328293,0.0678928946452721,41.98746155512299,0.2385719269248175,5.85925746329384,140.7142501183862,326.0401410930509,258.568263586824,43.45118117116033,-15.204048611159536,1.1967357050379561,0.01562663935331056,0.13859704905890663,0.012692784862820515,106.75439121143711,5.322654798261112,31.970431945235607,0.08467242785168398,-0.057026004673201486,0.9947756605148286,-0.06877304745089054,0.2284443745443035,0.9711248301240061,-0.29011753996241185,0.9548055261063431,0.06463915472024735,41.98746155512297,0.23857192692481743,7.162862987199563,148.61259970572917,300.60969893311943,-101.43173641322134,36.78156424370477,-27.619356015055303,2.2109094931859667,0.05639231178799356,0.12740185962404602,0.014251806497067164,89.2222986388486,347.79056222562724,31.970431945235593,0.063490620144157,-0.10731531079570338,0.9921957292906133,0.003238144532319667,0.23854995019200534,0.9711248301240061,0.010074780484471024,0.9978382222660072,0.06494136573251531
K00QP1N,1150,42.55970911175432,0.1308724585470173,0.3405257492266013,318.4986880692841,42.87858241737772,24.07447415623089,31.68840318191287,20.2777009348072,-0.0398373922406582,-0.08382143399142954,0.15046041947441094,0.0009942836370319527,1.377270486661871,25.451744642892763,36.98981534525314,0.004355205300403408,0.004044073742528911,0.9999823386712169,0.1308346499492449,0.0031455967318312545,0.9913992130286665,0.9997031401730214,0.024044165781882287,-0.003938225495535682,42.55970911175432,0.13087245854701757,1.465883209637789,61.674017800289015,282.12512323080546,24.07447415623115,36.32076199483855,9.758075873840742,0.9611668915574347,-0.03446934580091713,0.16875195237268215,4.4667784406437995e-05,343.79914103109445,7.8736151873255835,36.98981534525313,0.0053733660685939474,-0.025011001185556676,0.9996727348271478,0.12567544817191748,-0.036514136069863624,0.9913992130286665,0.9600078504870844,-0.27906601282352894,0.022518603197040098,42.1642996440487,0.1233578678863774,0.3419610015515118,317.2457778114249,42.78895068626449,25.53500368452651,31.679418246692798,20.27730992959846,-0.03962489926613337,-0.08367095389849094,0.14984721798809875,0.0009955597214275696,0.03472849768940023,25.569732182215912,36.96300153903651,0.004379909191500477,0.004054271725113321,0.9999821894795192,0.123357845226186,7.477048403827172e-05,0.9923622506073712,0.9999916030556171,0.0006149995263716179,-0.004051616200934136,42.164299644048675,0.12335786788637726,1.4660778206491132,60.272126433051234,282.18449363119765,25.535003684526885,36.312076131189016,9.760417273625764,0.9611400782234585,-0.03451114870248882,0.16812194090333585,4.4792243278811905e-05,342.4566200642489,7.991623748775794,36.9630015390365,0.005399996456102299,-0.025008738830056363,0.9996726479305134,0.1176203708614905,-0.03718348999056359,0.9923622506073713,0.9532111405634555,-0.3014877919801968,0.02221784851469126
K02G32S,1228,42.1402481470981,0.1063674747871824,4.306050485610763,318.6517590233151,260.4874066785662,33.61106287797931,-6.4922054818205694,-38.02462466747288,-0.008946513761487473,0.16265103345618273,-0.038778798453610513,0.012561217509638165,219.1391657018812,252.7502285798605,37.657896364786026,-0.012408715857457503,-0.07405157216057842,0.9971772101443732,-0.08250022113002364,-0.0671398034410221,0.9943268880541238,-0.7737759262981622,-0.631514332557946,-0.049603060947012556,42.14024814709809,0.10636747478718234,5.756494187221726,311.4649387481219,250.06480901126835,33.61106287797919,-17.668307051869164,-34.28710988775737,-0.4958977981374282,0.14293793428331247,-0.08610026554016972,0.01650543231563997,201.52974775939026,235.14081063736944,37.657896364786026,-0.03419827297939531,-0.09429069812127602,0.9949571560489573,-0.09894591361417018,-0.039035187608861835,0.9943268880541238,-0.9266746821367557,-0.3682726928637137,-0.07516154054868295,42.20348968764375,0.109000316487187,4.302055855641676,317.8364313379906,260.4703103850348,34.12330591050459,-6.501190417040737,-38.02501567268156,-0.008734020786963947,0.162636316549361,-0.03926516325360921,0.01255474091158626,218.30674172302543,252.43004763353002,37.60329595482685,-0.012419301196896623,-0.07397930286376561,0.9971824425377595,-0.08553292316003464,-0.06756617533948878,0.9940417149223131,-0.7828382546593486,-0.6201844868322821,-0.05035344411739523,42.2034896876437,0.10900031648718667,5.7523703600262,310.6402326906111,250.05710045921774,34.12330591050497,-17.676992915518767,-34.284768487972265,-0.4959246114714076,0.14277722499552614,-0.08655946352183795,0.016494524025327497,200.69733314982886,234.82063906033383,37.60329595482682,-0.03418653294719313,-0.09421877891509306,0.9949643725605452,-0.1019654886444815,-0.038524123868025485,0.9940417149223131,-0.9318685172475221,-0.3547346187890226,-0.07605535349672449
K02VD0V,1249,42.6260916479083,0.1738510170558102,2.3809762620546,258.5120931054234,171.3512062891414,350.7925036309702,19.45114333205067,29.49308184287747,-1.3339933739833088,-0.15526366305995543,0.09483707999335084,-0.002927656330042658,69.86329939456482,60.65580302553502,35.21550226180526,-0.04107150650545914,0.006247262922461393,0.9991366788679863,0.05985015236198937,0.16322418752619436,0.9847719654156796,0.3441339343585568,0.9380375238946088,-0.040711656667001085,42.62609164790832,0.17385101705581074,2.199412451237065,218.4257258774959,193.82577583669814,-9.207496369422628,27.477958498572175,22.239537697622758,-0.5771928475306504,-0.11923628588724228,0.1373081574148613,-0.006214983121371694,52.251501714194035,43.044005344771406,35.215502261805256,-0.03726564396130302,-0.009171098296036599,0.9992633100120277,0.10643099389230552,0.13746497615915051,0.9847719654156795,0.6123059691295171,0.7902610324890967,-0.023851639306967813,42.3034386514017,0.1681690742844461,2.383218914192293,259.5636232158925,171.4810604654747,349.8476470159453,19.442158396965304,29.49269083758776,-1.3337808810062446,-0.15506529915218295,0.09426115978651682,-0.0029237515840524514,71.04468368136725,60.89233069731256,35.189308534346615,-0.04112423606303133,0.006159956488508317,0.9991350520046285,0.05462647256740765,0.1590496338899584,0.9857581663137833,0.32470465647338265,0.9449309375436575,-0.04089510163047476,42.30343865140166,0.16816907428444583,2.2046023190549553,219.53709568351763,193.89572976207486,-10.152352984633852,27.469272635026492,22.2418790972899,-0.5772196608592243,-0.11922127414959748,0.13669922100006485,-0.006210663161244859,53.43282544559247,43.28047246095862,35.1893085343466,-0.03734228341724346,-0.00923832736188147,0.9992598296623061,0.10018922050610919,0.13506649340256704,0.9857581663137833,0.5958779888704956,0.8027015412117913,-0.024487917752816158
K04K19K,1357,42.2805772953386,0.1435895282729542,4.495597563136378,217.5166897621048,238.0972215173515,146.6731652640204,-16.20416544939836,-44.72353861941187,0.7767312625104585,0.12358194723294225,-0.05480997343117969,0.010526261814763783,95.61391127945626,242.28707654347667,36.209529146392754,-0.04142354224856851,-0.06654251064871214,0.996923359353239,-0.014046578939593187,0.14290082662372283,0.98963733123319,-0.0962339070311819,0.994213491557801,-0.0477343518020319,42.28057729533859,0.14358952827295424,5.64987400200921,205.23340807702212,232.75100313699718,146.67316526402055,-28.96750806305055,-37.739319250624106,-0.02133364093963752,0.10092340831250246,-0.08958066600286599,0.013311761351383077,77.9844112140193,224.65757647803986,36.20952914639274,-0.059589321014623726,-0.07836678283077628,0.9951420803934331,0.029892154002227448,0.14044362484198647,0.98963733123319,0.20982632684776725,0.9768374835099922,-0.04196955290969453,42.38473734196611,0.1427631958230866,4.485151028952929,218.9532330978932,238.0563004340127,144.9300697212922,-16.213150384618444,-44.72392962462056,0.7769437554849858,0.12359341619545641,-0.055285593412349704,0.010521149136093708,97.0095335319059,241.9396032531981,36.33375678490491,-0.04137488665369773,-0.06635866713583045,0.9969376339823619,-0.01742203421865688,0.14169616369296992,0.9897568741455545,-0.12040077294543267,0.9915072290894371,-0.04916369125207202,42.38473734196609,0.14276319582308672,5.638984774863288,206.63831250357964,232.74180195743045,144.93006972129243,-28.976193926700073,-37.736977850839025,-0.021360454273611218,0.10079085906104249,-0.09003753126266714,0.013302993603854073,79.38011446101007,224.3101841823025,36.333756784904885,-0.05948740360840532,-0.07820667974174761,0.9951607729687211,0.02631018413324271,0.14031786875696148,0.9897568741455546,0.18601938329768936,0.9815578923569788,-0.04405556706334674
K04VD1E,1400,42.45971156296836,0.2578840066709809,5.187038335031232,271.3383811181056,219.1020638836792,323.5350162161134,11.43925695808311,33.075798419507805,-1.6751292854624775,-0.1810389407260711,0.02464502323726374,-0.012101486722302294,130.44044500178478,93.97546121789816,31.5100310230159,-0.07015819493787706,-0.0570202148342975,0.995904876372894,-0.1672783456080587,0.19627051736648934,0.9661758841449736,-0.646075202998745,0.7579035650410885,-0.09038262094086015,42.45971156296835,0.2578840066709809,5.949740334071188,257.0231745797524,215.7683551277543,-36.464983783901104,20.934499559614512,28.07508623043169,-1.098799484121971,-0.16474069997629534,0.07818132508872148,-0.016646422713757627,112.7915297075067,76.3265459236056,31.510031023015898,-0.0841051330709386,-0.06058794878290464,0.994613204745141,-0.0998989257395694,0.23774853423892758,0.9661758841449736,-0.3843110783939918,0.9176612806051712,-0.10100875754965155,42.26328851595945,0.2572188570989955,5.196929244296467,272.3950764668899,219.1849176016744,322.684899416047,11.430272022865406,33.07540741429884,-1.67491679248779,-0.18082330106133998,0.024116148922256886,-0.012091433260071406,131.57999406856436,94.26489348461138,31.39237374663926,-0.07020892393700634,-0.05723023266685558,0.995889254620465,-0.17070716925709548,0.19240738762205264,0.9663531753725894,-0.6610700600307343,0.7448463677795294,-0.09050007810274796,42.263288515959474,0.25721885709899617,5.96117645703719,258.11615086284775,215.8148388479117,-37.31510058397025,20.925813695967165,28.077427630215777,-1.0988262974557241,-0.16469518912193784,0.0776120181518156,-0.016635111130816234,113.93098971075943,76.61588912678918,31.392373746639247,-0.0842169336689782,-0.060772330749600686,0.9945924953963086,-0.10433723405562607,0.23510695871652823,0.9663531753725892,-0.402539545369865,0.9097436632516829,-0.10162864550327745
K11Uf1J,1663,42.62192550328538,0.125425627276146,5.127832132172941,28.75854978788357,21.51823746117218,0.4067006227108316,23.58426118920325,28.8208791793861,1.6297584902405227,-0.1343247357576306,0.10938276852611281,0.013552916820333182,50.27678724905575,50.68348787176658,37.27604376131865,0.083148547304103,0.032783660829882086,0.9959977663949897,0.08015694450761625,0.0964699550368799,0.9921030249033541,0.6397857665596787,0.7673493585892698,0.0430015671840063,42.621925503285375,0.1254256272761457,5.260134445901914,46.20420643710544,346.56073658342615,0.4067006226915046,31.131865479808397,20.350219705493494,2.4883880194011803,-0.09534492193489921,0.1448491646470868,0.010930306647228383,32.764943020531575,33.17164364322308,37.276043761318654,0.08916732790166948,-0.021307236657615025,0.9957887272413223,0.10547014602644382,0.06787957185173786,0.9921030249033541,0.8401914152701248,0.5382372946755619,0.0661740154948863,42.28657331626432,0.1186292614779411,5.141536924140207,29.60597232286561,21.60499845107324,359.6902062241804,23.57527625398319,28.820488174177374,1.6299709832150444,-0.1341404060667384,0.10879709914009618,0.013545775540532113,51.210970773938854,50.90117699811924,37.27014835332307,0.08332030544849418,0.032997251187163915,0.9959763592144448,0.0743158436130238,0.09246651862639964,0.9929386175998989,0.6271864979097875,0.7776097758102742,0.04427339386077337,42.28657331626432,0.11862926147794084,5.270884797277769,47.013120039371614,346.68618772854575,-0.30979377580943096,31.123179616158886,20.352561105278525,2.4883612060672013,-0.09534592327092438,0.1442351739075976,0.010923135058395199,33.69930776791739,33.38951399210796,37.27014835332308,0.08939558278192862,-0.02115497639967697,0.9957715083052981,0.09869489831354943,0.06581959226309288,0.9929386175998989,0.8312485138849178,0.5518243269232135,0.0671998540166427
K11Uf1L,1664,42.55647407110049,0.07921027532350362,1.973885167148357,82.86876144425227,308.4121485167749,13.30000922663762,26.834081071437936,28.670462807478845,1.3385818643400926,-0.11857658317579109,0.11550724256030089,-0.0007287784548492679,31.28090996102719,44.58091918766481,39.18556404313107,0.02140052529859008,-0.026988985518733324,0.9994066300448552,0.06769562637055072,0.04112869906919065,0.9968579298391395,0.8541705327880906,0.5188685738627151,0.03417753610460424,42.556474071100496,0.07921027532350389,3.494769359802144,92.11700228170476,281.59121014328764,13.300009226646385,34.1912916521166,19.22513570401847,2.2814202315767913,-0.0780953441069131,0.14593037729811603,-0.002881404174715977,13.708212424992382,27.008221651638767,39.18556404313107,0.012248030086571085,-0.059714257320805555,0.9981403674992927,0.07695398354956096,0.018771045060922743,0.9968579298391395,0.9696946991371006,0.23660400296974682,0.060915812759084365,42.22334535652278,0.07189188689574265,1.974027472110834,82.73143158282635,308.5180099693125,13.53797018886677,26.825096136220125,28.6700718022679,1.3387943573146324,-0.11840280860930352,0.11491746827468294,-0.000726347496276289,31.249441552138876,44.78741174100565,39.18782938779176,0.0214519002523741,-0.0269513413196871,0.9994065444935969,0.0614615910202487,0.037294989350983035,0.9974124305414334,0.8544563313481303,0.5183983147606446,0.03416965133591247,42.22334535652276,0.07189188689574255,3.494322320925095,92.02616394824769,281.65062772908294,13.537970188871105,34.18260578846856,19.2274771038007,2.281393418242871,-0.07810790689047516,0.14531566188099276,-0.0028793185300206455,13.676791677330641,27.214761866201748,39.18782938779175,0.012308376421916893,-0.059693896265986965,0.9981408430769888,0.0698533905981044,0.016998447675564382,0.9974124305414334,0.9698252596958993,0.23606937959696223,0.06091152331444989
K11Uf1M,1665,42.47599638946561,0.1396756888250444,9.351881229228571,197.4085100402731,11.32534861842719,197.5662691175785,35.78703499958719,32.029876384614866,4.0147744685487865,-0.09331890456776504,0.09441148792418837,0.018263544384744406,208.73385865870029,46.30012777627883,36.543132335236905,0.15933318177205275,0.03191122415878894,0.9867089798715128,-0.12247633526125547,-0.06714793630278731,0.9901973045566471,-0.8776431181821709,-0.47684274762768425,-0.04861636702137212,42.4759963894656,0.13967568882504433,9.651230708071028,206.8100011516284,344.4698665597592,-162.43373088307112,43.66344248786011,19.723131901466566,5.219686524628026,-0.060920105909316666,0.1181903855729701,0.016591489064898164,191.27986771138762,28.846136828316503,36.5431323352369,0.16152935209504587,-0.04488755366839564,0.9858465275779094,-0.13697763619299988,-0.027320783878373382,0.9901973045566471,-0.9789742471265903,-0.18945095094981543,-0.07561587562897294,42.21787588294718,0.1467291039187751,9.383815310513691,197.3629363561527,11.44237528764664,197.7165802021852,35.77805006448868,32.02948537928508,4.0149869614994325,-0.09316205883989699,0.09383585296820864,0.018253245829256217,208.8053116437993,46.521891845984555,36.023284785288276,0.15980666269718447,0.03234569024081664,0.9866182579298001,-0.12857314025603378,-0.07069920467380783,0.9891767132637086,-0.8770542398709952,-0.4779208554660552,-0.048657129332758974,42.2178758829472,0.14672910391877503,9.679629552987876,206.73895807186778,344.6128313078792,-162.28341979874418,43.65475662429053,19.72547330109947,5.219659711272364,-0.06094418031414093,0.1175942627536708,0.016580523095519828,191.35178937974706,29.068369581002884,36.02328478528829,0.1621119557582996,-0.044614015283156706,0.985763310049899,-0.1438586634702103,-0.028881047096174662,0.9891767132637087,-0.9787375166648464,-0.1906565798883724,-0.07565012900186148
K11Uf1N,1666,42.71510087482155,0.2173672496431627,3.232876519694223,61.18904141128917,326.3261314598424,17.24685940901345,19.706072964599713,27.76262756970715,1.922193440968134,-0.14359062463138267,0.12091728578887076,0.0011868625030720084,27.51517287113154,44.76203228014499,33.43023687943134,0.046931823284418764,-0.0312687197135956,0.9984085692394035,0.19278051907134053,0.10042008107952077,0.97608989277759,0.8861153582337247,0.4608230337188397,0.04941359627150319,42.715100874821516,0.21736724964316234,4.572102512199443,73.68073509819894,296.2799582160325,17.246859409013386,27.108647015663376,20.512915645146215,2.6700519845450024,-0.10035091875923895,0.15864383962000567,-0.001578411219494138,9.960693314231435,27.20755272324482,33.43023687943133,0.03529379163514149,-0.07147449293513583,0.9968178093973243,0.21409079685995722,0.03759856270260068,0.9760898927775901,0.9821883219229931,0.17162035405499998,0.07650198920375444,42.34020109177131,0.2104086751336817,3.23394837536113,60.84318117764085,326.4497908326182,17.67667881536208,19.69708802937953,27.762236564498476,1.9224059339426574,-0.1434000845225164,0.12032388544748486,0.00118800951239804,27.292972010259064,44.969650825621144,33.431455475158046,0.047014766023030015,-0.031177678257412935,0.9984075140714221,0.18698461052953574,0.09648091001140605,0.9776135174129339,0.8879048892284059,0.45738153888854,0.04926495273765198,42.340201091771235,0.210408675133681,4.5716381712226895,73.37027978775848,296.368296887037,17.676678815362333,27.099961152013762,20.515257044931335,2.6700251712110226,-0.1003485648496879,0.15802060306518523,-0.0015771988996343246,9.738576674795468,27.4152554901578,33.43145547515802,0.03540036108557736,-0.07141275402564969,0.9968184553856749,0.20737664477245174,0.035591259803936064,0.977613517412934,0.982858499738877,0.16779905784626892,0.07637175968215237
K11Uf1O,1667,42.6434849547496,0.2125168853591165,5.289149270384583,98.29820143018605,310.0139299657857,3.033705227497019,20.072741251847532,26.777645965085966,3.0171320440136027,-0.1500463322976663,0.11637545032837888,-0.0037115957552516874,48.31213139597173,51.34583662346875,33.581024351307875,0.059270623312553825,-0.07060111194809449,0.9957421735589158,0.14133908352303956,0.15870315066692,0.9771573944034093,0.6618453749838347,0.7440700081819652,0.09121689830616607,42.64348495474958,0.21251688535911584,6.775158013487499,103.41057550531866,287.3470273526163,3.033705227497252,27.130460639362134,19.463186871146878,3.7660075518986726,-0.10773921199140395,0.15626430031248204,-0.006682354786063971,30.757602857934955,33.791308085432206,33.58102435130788,0.035174772821870086,-0.11260757604253314,0.9930167517090308,0.18262395380425903,0.1086826483834446,0.9771573944034095,0.8528546839664259,0.5093817789496178,0.11475666129097024,42.27293495113606,0.2056568748293692,5.288846349345262,98.63878165557395,310.0993462224769,2.815037309541069,20.063756316627888,26.777254959876945,3.01734453698814,-0.14985146528142046,0.11578509413062422,-0.0037071655775614124,48.738127878050875,51.553165187591944,33.5792152592202,0.05937241827161293,-0.07050864624598975,0.9957426609084993,0.1356310355083006,0.15459292471367805,0.9786241616858932,0.6562819726912171,0.7489920649177482,0.09113099917575944,42.27293495113602,0.20565687482936912,6.774153370162622,103.77042114522037,287.41327709794285,2.8150373095418204,27.12177477571293,19.465528270931504,3.765980738564718,-0.10773190611342998,0.1556426586325736,-0.006677721572288717,31.183698243163235,33.99873555270506,33.57921525922018,0.0352997440173047,-0.11255021508750092,0.9930188201419297,0.17594184496381673,0.10648576127967097,0.9786241616858932,0.8490418368762827,0.5157544688259635,0.11456564546056607
K12BF4Y,1708,42.00894637522941,0.1636239569703807,7.164635098199159,192.4385779077943,3.70869979281206,346.6136186308164,-35.36094625414137,1.5978795286985008,0.48795320648553875,-0.0001682974544414892,-0.17940369820860286,-0.022502869662570795,196.14727770060637,182.76089633142283,35.13527634115784,0.12445965345808416,0.008067421925160322,0.9921918722528295,-0.15716899194734135,-0.04550502461159146,0.9865227826590499,-0.9606587867323529,-0.2764290540973972,-0.02686398192267549,42.00894637522943,0.1636239569703808,7.696512301093461,203.9585830573988,334.7023004628677,-13.386381372215475,-33.22716137637125,12.20494676808916,-0.4276196498297212,-0.05371350690191854,-0.17097177464792176,-0.023991787095693207,178.66088352026645,165.27450214805097,35.135276341157855,0.12108233286795886,-0.057229408837943876,0.9909913538630457,-0.16357926921197102,0.003823869600618115,0.9865227826590499,-0.9981636611810282,0.026677238272874382,-0.0543841011309187,42.28312022854764,0.168801039674838,7.143747778056512,192.1139569199601,3.729821685430719,346.9823197087163,-35.36993118936272,1.5974885237239072,0.4881656994883886,-7.388547965640063e-05,-0.17979580983792118,-0.02248584472285008,195.8437786053908,182.82609831410718,35.14568557327262,0.1240957228071629,0.008089772868778678,0.9922372736175049,-0.16238823222985732,-0.04608527995540614,0.9856501453379357,-0.9621156417113854,-0.2713897698645721,-0.02609760117603839,42.283120228547645,0.16880103967483828,7.675520871402934,203.66677435361896,334.6903381584845,-13.017680294551294,-33.23584723995207,12.207288168097778,-0.42764646313346816,-0.053742411496937995,-0.17137408790367661,-0.02397555231720111,178.3571125121034,165.33943221755212,35.145685573272615,0.12074215542343222,-0.05709946774269889,0.9910403537128063,-0.1687316514551658,0.00483950333389464,0.9856501453379356,-0.9980513718842999,0.031921187366260984,-0.053614334622325656
K12TW4C,1728,42.6717207299744,0.2045673277189151,9.630164926586971,259.3613612836238,131.7490038110941,9.180728262272272,23.655629627039268,23.916970604685226,-5.696849960760329,-0.1275863942067923,0.13749918150291623,0.000616247902352823,31.110365094717906,40.291093356990174,33.94248085107571,-0.11139172767979738,0.12480825467318274,0.9859081004687729,0.17514515096172484,0.1056975291322017,0.9788524957469036,0.8458408146589592,0.5074661584859204,-0.16441232997744135,42.67172072997439,0.20456732771891528,8.215044942219487,254.8340729463464,118.63953182416658,9.180728263876247,29.920928848465312,15.653845074691631,-4.874376540141188,-0.08007731666496488,0.1696165863213649,-0.0015904912970452216,13.473604770512964,22.65433303438921,33.942480851075686,-0.06848626052560207,0.12540673537331828,0.9897387447413716,0.1989370951452137,0.04766365224405558,0.9788524957469036,0.9637851978393477,0.22825047966001388,-0.1379123307059356,42.26956345940107,0.197023858391261,9.630961630192399,259.2955460615187,131.8285764799596,9.338349027348638,23.646644692026264,23.916579599250746,-5.696637467786785,-0.12740658085633774,0.13689466722571353,0.0006177773631723454,31.1241225414783,40.46247156882694,33.94145097411561,-0.11157409721552869,0.12466364823628899,0.9859057742193006,0.16866218314899514,0.1018404082414956,0.9803986940141344,0.8457300745308803,0.5076578551020074,-0.1643902162150188,42.26956345940102,0.19702385839126058,8.216891435752757,254.75523619158935,118.7319531748959,9.338349028639078,29.91224298494497,15.656186474198908,-4.874403353472585,-0.08008855103964031,0.168985995335857,-0.0015892708807679098,13.487189366485268,22.825538395124347,33.94145097411559,-0.06870379264384295,0.12532406949177718,0.9897341392931599,0.19159035247431166,0.04595147020660515,0.9803986940141345,0.9637369470014853,0.22846667291218137,-0.13789153836510254
K13R98B,1872,42.47592843844865,0.2561275996346448,21.92583365287764,349.0902708341937,146.8944769689745,297.910874919759,26.79757209853607,25.73560930598519,-14.56894206912233,-0.13975375009450935,0.0838740136967978,0.0024443773876308833,135.98474780316815,73.89562272292716,31.596670845255847,-0.31278961202724165,0.2039479501074476,0.9276679860029761,-0.18419540704925552,0.17797022030824144,0.9666429809942216,-0.7266319416256545,0.6833824252023347,-0.0706716515577985,42.47592843844866,0.25612759963464493,20.72733856261719,346.2634907928622,131.94552984793557,-62.08912508082598,33.70854076805897,16.43841633391366,-13.645448965168562,-0.10791498012133288,0.12217206375605272,-0.0005288883640964751,118.2090206407978,56.11989555997182,31.596670845255854,-0.23656932215048676,0.2632396917638578,0.9352752645597596,-0.12106882990784895,0.2257070794621855,0.9666429809942216,-0.48412093810376355,0.8709558014628316,-0.08404111605499359,42.19713336645928,0.2568285296543122,21.93914493941525,350.47920959028,147.0274444110175,296.6074875709182,26.788587163355704,25.735218300754074,-14.568729576148508,-0.1395657816324408,0.0833054414325738,0.002444681553515831,137.50665400129753,74.11414157221571,31.359705648324628,-0.3134428743430696,0.20333879372436342,0.9275812091080088,-0.18937400363137127,0.17348884803646974,0.9664569862935464,-0.7438749177925791,0.6654554702251336,-0.06179906007804536,42.197133366459255,0.25682852965431213,20.743085514253362,347.6464780819113,132.08378012269307,-63.39251242973315,33.69985490444054,16.440757733665357,-13.645475778502384,-0.10790755643545302,0.12157327223572106,-0.0005283794820045997,119.73025820460441,56.33774577487126,31.35970564832461,-0.2373760783269456,0.2628588644220191,0.9351779589109692,-0.1273657182377846,0.22302212325724358,0.9664569862935464,-0.5062098447616817,0.8590750278482472,-0.07577393743159476
K13RF7P,1965,42.81470565324578,0.1326315741438577,8.801743353482639,278.4936622728949,121.1435246710945,357.5199061850234,29.53498824894408,21.800622131117183,-5.659868110022398,-0.10430873071511218,0.14000741204189124,0.0026114636640197676,39.63718694398938,37.157093129012765,37.13612384594987,-0.07913732319039074,0.13096240434196765,0.9882237260495371,0.1021394917281719,0.08460885703865954,0.9911654077600379,0.7601309027685681,0.6319002482704705,-0.1513376585386432,42.81470565324574,0.13263157414385707,7.276403022296922,275.57005393040043,106.45630000471249,-2.4800938149762715,34.88342239199655,11.860348015968352,-4.700611699932147,-0.05719310153550345,0.16497600411497618,0.0010361831590734068,22.026353935112922,19.54626012013665,37.13612384594986,-0.03587963929182912,0.1214677607469896,0.9919466893857756,0.12295098804101706,0.04974122032695954,0.991165407760038,0.9193245038345057,0.3727624222857435,-0.12605805480454155,42.425364575956,0.1249230568090995,8.802490110366993,279.233641142729,121.2008211382685,356.8690566205285,29.52600331372389,21.80023112590859,-5.659655617047868,-0.10414451910892665,0.1394012166341245,0.002611655841189278,40.434462280997536,37.30351890152605,37.12545834688709,-0.07927491985293439,0.13089421748326763,0.9882217316532529,0.09508497712712866,0.08102232561006208,0.9921664325492324,0.7512042608574151,0.6425552918087374,-0.15104587196693933,42.42536457595599,0.12492305680909976,7.277596882351741,276.29838224774414,106.52512660110801,-3.130943379473234,34.87473652834696,11.862689415753547,-4.700638513266121,-0.05721967394780669,0.16434852345700146,0.0010356430594789252,22.823508848852157,19.692565469378923,37.12545834688707,-0.03603140559565475,0.12144438790240589,0.9919440500642218,0.1151420903610028,0.048456879282803934,0.9921664325492324,0.9140274908794918,0.3856162307628451,-0.1259121459145091
K13SA0U,2005,42.60965698346462,0.2265663644027896,9.626851339486281,231.2055710186708,21.48526461534581,107.0606526831613,43.7485135517719,17.749030559395244,0.08349810065751173,-0.024434472222264587,0.1333677448212583,0.022567810151038717,252.69083563401662,359.7514883171779,32.95574191227111,0.15561024089024392,0.06125027896654186,0.9859177735777974,-0.06740974272132774,-0.21630590390680982,0.9739957302377164,-0.3015475533517267,-0.9445002307841774,-0.1303395071197642,42.60965698346461,0.2265663644027892,9.64760410234127,240.64532791970151,354.59576598568094,107.0606526831723,47.0461441337773,3.7044586269822855,1.3801464217820403,0.016366096246998696,0.134518373637541,0.02302743785242091,235.2410939053825,342.3017465885548,32.955741912271115,0.16684297524941294,-0.01578374413030227,0.9858571372319384,-0.12917102911916759,-0.1861374833691286,0.9739957302377165,-0.5689634980735511,-0.8092861744162422,-0.14606993447876884,42.29653682620664,0.2303713827761489,9.664273739269364,229.4833357605251,21.48966100450375,108.834326030992,43.73952861655188,17.748639554186166,0.08371059363197686,-0.02432379595816945,0.13276599961888685,0.022554626681832824,250.97299676502885,359.80732279602086,32.55262515091111,0.15620468896595402,0.06149810491956553,0.9858083374755722,-0.07510423535055276,-0.2177850496122351,0.9731027828537976,-0.32996601319058316,-0.9353262817773855,-0.12762122376627905,42.296536826206655,0.23037138277614888,9.684401086600928,238.88719268683056,354.6365796164278,108.83432603100253,47.037458270127715,3.7068000267669685,1.3801196084480027,0.01629022113202921,0.13391130706162102,0.023012158218898217,233.5237723032584,342.35809833426094,32.552625150911126,0.1674845153051287,-0.015724071093937822,0.9857493041951584,-0.1369533016669588,-0.18524245508174922,0.9731027828537976,-0.5933487738392073,-0.7919562471106888,-0.14402269003828153
K13SB2E,2047,42.70453258080105,0.1356721389793721,6.445774376925915,348.9535354238074,329.8093662477826,41.77370519618126,37.81713797507055,8.119700671252195,2.9414413876302876,-0.019514731083881867,0.16593180683546543,0.015094946467373641,318.76290167159004,0.5366068677712974,36.91071730144949,0.09703516627308774,-0.05645458161644062,0.9936785479826294,0.10202385540920064,-0.08943188593941527,0.9907537891447914,0.7525973552715708,-0.6581295735796842,-0.021510118968995164,42.70453258080104,0.13567213897937191,7.688036424329947,356.9090284093659,304.33128436239787,41.77370519618128,38.407579329791766,-3.6832944231862763,4.001091509950527,0.031093210027547436,0.16407502307264654,0.0159576236233545,301.2403127717637,343.01401796794494,36.91071730144949,0.07544843016030427,-0.1104736402127497,0.9910111549344385,0.07036346606264995,-0.11599962042562172,0.9907537891447915,0.5190289611567278,-0.8547262145444159,-0.007213574089267389,42.30220700279772,0.1303827766837767,6.45822333517732,346.0454101668265,329.8972215154043,44.58653450957591,37.808153039850396,8.119309666043574,2.941653880604819,-0.0194073522529013,0.16530823572531386,0.01508677164953127,315.94263168223074,0.5291661918066666,36.78672779392105,0.09730839778633073,-0.05641400991261387,0.9936541325863022,0.09369878739535338,-0.09066535003192759,0.991463731835022,0.7194114400275811,-0.6940543481089183,-0.02712456135214674,42.30220700279766,0.13038277668377585,7.698998981370114,354.0030695896367,304.41719004062634,44.5865345095762,38.39889346614219,-3.680953023401117,4.001064696616556,0.031007464134566846,0.163448146292933,0.015947082499214147,298.420259630263,343.0067941398392,36.78672779392103,0.07572115305849358,-0.1105168114222585,0.9909855404457469,0.06205375558984326,-0.11466908856778867,0.9914637318350221,0.4767121423954592,-0.8789480265953047,-0.01399642229111163
K13TH2H,2087,42.75311241154922,0.2634187325622094,11.52622943792655,289.1267658185771,42.68036062265411,34.98117178451118,30.20551288223804,17.41609942656746,-1.5647798884953532,-0.056553949211177554,0.17200503808712989,0.03360493271941378,331.8071264412312,6.7882982257423805,31.49114172700926,0.14689451149280391,0.13545715735165456,0.9798333332845437,0.23216731919652112,-0.124449847576369,0.9646815906480849,0.8684457842175543,-0.4584341058664685,-0.18878583223634393,42.75311241154921,0.2634187325622095,10.949059997003257,296.67461193759044,17.694355795170356,34.98117178452523,34.08560101663828,7.478104381567245,-0.6259568735170348,-0.0028783355807799416,0.18105321615125952,0.03353836470941141,314.3689677327608,349.35013951728604,31.49114172700925,0.18095057419616703,0.0577290542609612,0.9817964381643541,0.1842024683907104,-0.18830528219742057,0.9646815906480849,0.6943323435498485,-0.6993548881907116,-0.16972135123293305,42.31003446147215,0.257655162995809,11.55475952982247,287.8926548109714,42.65558780814896,36.31351995687484,30.19652794701813,17.41570842135816,-1.5645673955209376,-0.05642174502030156,0.17137739642260086,0.03358435167126859,330.54824261912034,6.861762575995158,31.408635635943245,0.14731186954738937,0.13572421306296695,0.9797337143728858,0.22435838739925512,-0.12668660948183383,0.9662369362540448,0.8577019515380918,-0.4775067953958484,-0.19061642814441873,42.31003446147217,0.25765516299580926,10.977993702739711,295.4222695069983,17.688202921858306,36.3135199568883,34.07691515298874,7.480445781351687,-0.6259836868511206,-0.002941312206789219,0.1804149598183373,0.03351604017712387,313.1104724288566,349.4239923857449,31.408635635943252,0.18142910608901644,0.05786025573495648,0.981700397407491,0.17608339869593695,-0.18809789930268958,0.9662369362540447,0.6783855178017162,-0.7142911109796122,-0.1719921452055544
K13TM8Q,2150,42.70578292628068,0.1598023956566345,5.463283602763001,280.3520111832443,16.1516228409699,63.55002410260725,38.69410093060689,12.383876500547254,0.10818475820368001,-0.024899837410986107,0.15799113209406476,0.015176685787793355,296.5036340242142,0.05365812682146043,35.88129650626883,0.09144990273137997,0.026484941040733997,0.9954574140506915,0.0713125500042522,-0.14300813217957428,0.9871490233710413,0.4450114860184805,-0.8906137984329194,-0.09365809816834267,42.705782926280634,0.15980239565663412,5.723890253159589,296.38242417324284,342.6141447159837,63.55002410260773,40.60893166337413,0.11676471645191633,1.2274294729675108,0.023561591293080414,0.15813202221864822,0.01583181858593482,278.9965688892265,342.54659299183425,35.881296506268804,0.09517817851259044,-0.029801230760144685,0.9950140707448343,0.02498915041454095,-0.15783645972701899,0.9871490233710413,0.15770997174738421,-0.9834351336070675,-0.089347091719254,42.32394855817791,0.1576406609315034,5.481853676205555,277.4558155055923,16.1569354854358,66.46195725191434,38.68511599538678,12.383485495338608,0.10839725117820914,-0.024788849238086448,0.15737288318341452,0.015168456184560015,293.61275099102807,0.07470824294239264,35.65197333423579,0.09175733525028819,0.026583198910315797,0.995426504049124,0.06314343275541698,-0.1444419775507915,0.9874965427894311,0.39929105299098827,-0.9119178940276433,-0.09472280376728544,42.32394855817791,0.15764066093150353,5.741600798440358,293.4356627701888,342.6702796206418,66.46195725191461,40.6002457997246,0.11910611623703815,1.2274026596335386,0.023480893431757015,0.15750912870700842,0.01582136178202283,276.1059423908306,342.5678996427452,35.65197333423579,0.09550093031118126,-0.029799580039066742,0.9949831945008891,0.016767795364812193,-0.1567463524855524,0.9874965427894311,0.10773828054049733,-0.9899329069033145,-0.09178944784740174
K13U22T,2222,42.58676966731051,0.2159618560032243,29.27296361705093,139.9662829378811,194.1199126634845,55.84835181153848,24.062858215576764,28.26124318885328,-12.07275906543035,-0.10652143289048427,0.10587861577080242,-0.07212410024790264,334.0861956013656,29.934547412904067,33.389651848776325,-0.4741977550206664,-0.11928545988360252,0.8723001021401507,0.19424743414352802,-0.09437932812334031,0.9764018008748461,0.8794139330746663,-0.3573587597249651,0.314524802141232,42.586769667310506,0.21596185600322393,29.21637830779971,136.73656301519574,179.35578443819236,55.84835181155941,31.79644754365989,19.672154900978416,-11.201016413236003,-0.06754826128636776,0.13310998596719487,-0.07401315296725601,316.09234745338813,11.940699264947511,33.38965184877633,-0.4880783155369793,0.005488028954574791,0.8727825842904856,0.15559155332705726,-0.14976912826624425,0.9764018008748462,0.7214387971175348,-0.6063146337533544,0.33452746809513295,42.27452737362517,0.2124204650938304,29.34108543174435,138.4578816364138,194.2375573250916,57.44419149975592,24.053873280357923,28.26085218364329,-12.072546572454986,-0.10635573823117801,0.1052952950265193,-0.07207381691426083,332.6954389615054,30.139630461261277,33.294552607297845,-0.47495675842597934,-0.12051385911571752,0.8717181238144145,0.18875272959868666,-0.09744157767464712,0.977178359364001,0.8676576890889608,-0.37626060991766813,0.32495859426885243,42.274527373625155,0.21242046509383017,29.287633096282153,135.23493888913922,179.4655980517572,57.444191499774774,31.787761680011137,19.674496300761877,-11.201043226569116,-0.06756789320206188,0.13250386335642034,-0.07396339160604275,314.7005369408964,12.144728440671201,33.294552607297845,-0.4891729317386966,0.004562684211152461,0.8721748819858078,0.1494168448792174,-0.15098695459217334,0.9771783593640011,0.7042409248088448,-0.620782172432112,0.34449123967794987
K14KA1T,2316,42.09614796109063,0.2434189551595571,9.95994210176922,207.1309743400757,66.44772038415051,356.9723234146138,-1.0265103294622715,-31.79055569505304,-2.065489299191011,0.19494310324777775,-0.0007860688888565309,-0.03143660506194961,273.57869472422624,270.55101813884005,31.84914760815983,0.06911218445353585,0.15855136153872595,0.9849289170870539,0.015194065553737836,-0.2429442901220755,0.96992124024017,0.05611912800380342,-0.9953037326543479,-0.0788740973730623,42.09614796109066,0.2434189551595577,8.831570797083822,213.91018486081677,42.17655550131779,-3.0276765853895236,-10.520817482144894,-29.99533241909345,-2.3562328996324484,0.18639425317668906,-0.05963709595914633,-0.026311417944623806,256.08674036213455,253.05906377674503,31.849147608159825,0.11377817170847515,0.10308294363266542,0.9881439340372947,-0.058530740973579215,-0.23627725259121865,0.9699212402401698,-0.24489371480235095,-0.9657590565707245,-0.08565344769435143,42.07269477530026,0.2428363366737731,9.946705861577623,206.4922635663649,66.4034375514979,357.3624576646416,-1.035495264680334,-31.79094670026179,-2.06527680621682,0.19490674273467087,-0.0012978981352463528,-0.03141359232855511,272.8957011178628,270.25815878250444,31.855915702072554,0.06914362269276181,0.15828938502403447,0.9849688472381418,0.012267607603707872,-0.2425262711807105,0.9700672727140432,0.044373586430471235,-0.9960391582734582,-0.07705180084331838,42.07269477530025,0.24283633667377313,8.819331849476738,213.28688461082234,42.11682141884602,-2.6375423353596985,-10.529503345792504,-29.992991019309045,-2.3562597129667053,0.1862044174977268,-0.06011403075443008,-0.026293628444567986,255.40370602966837,252.76616369430866,31.855915702072544,0.1137290042939282,0.10282270726723931,0.9881767070987594,-0.06119639937340532,-0.23499890874825094,0.9700672727140432,-0.256358572515194,-0.9629120725595592,-0.08414643674586637
K14Qu2F,2382,42.5952486567795,0.1620526101727597,18.49551741485265,204.2565379611795,183.8192963348644,20.26088122009114,20.270555727866252,28.687047796631834,-9.123084399897433,-0.14051701239952885,0.10244271237358418,-0.03732277541779812,28.075834296043922,48.33671551613506,35.692577430990646,-0.31652592273377783,-0.021130702321433537,0.9483484769096925,0.1429831416676717,0.07626840540254495,0.9867821195867889,0.8837388849141564,0.44946728256930046,-0.13032553545047154,42.59524865677951,0.16205261017275985,18.18243602807882,199.33714453307857,170.9067720861798,20.26088122009093,28.229992827492005,21.223633306492673,-8.348515077647479,-0.10193968145763305,0.14010386440227893,-0.040146459132752645,10.243916619258357,30.504797839349287,35.692577430990646,-0.3081220795767186,0.04931580881761861,0.9500677528881729,0.15946942435687123,0.028819284500011283,0.9867821195867887,0.981446549279315,0.16151297905429887,-0.10332583657890596,42.26789578078611,0.1555069295270041,18.52728913523854,203.8145117952787,183.951242588543,20.79343645111555,20.261570792646175,28.68665679142309,-9.122871906922892,-0.1403285323646509,0.10186169452721609,-0.037295817506701905,27.765754383821672,48.559190834937226,35.694945090348654,-0.31700100223038347,-0.02189580579120314,0.9481724201186651,0.13760179571202338,0.07244412293446034,0.9878348014061276,0.8863015893329727,0.4449808001144777,-0.12830269005490888,42.26789578078613,0.1555069295270044,18.217680932360466,198.90157286476804,171.03168624626278,20.793436451115575,28.22130696384247,21.225974706277693,-8.348541890981439,-0.10193626268743461,0.13949305417772337,-0.04011939676210287,9.933259111030793,30.726695562146368,35.694945090348654,-0.30880608494912626,0.04873503133312267,0.9498756227103381,0.15317578091359346,0.02682508662479084,0.9878348014061274,0.9824781297628502,0.15646195562490228,-0.10127379216620389
K14TB5A,2468,42.69430844691768,0.1119145738502717,6.906334666634756,251.7450201123266,84.59357016248836,49.4288052443944,31.91772907093499,23.725492475078134,-3.578085748618845,-0.08381004425299901,0.1396556819027597,0.011700184615624817,336.338590274815,25.767395519209344,37.91619311124883,0.011329638867314659,0.119711668798024,0.9927440534381097,0.10250626350772574,-0.04491478355477863,0.993717831257904,0.9090729941576089,-0.400681713260861,-0.11419481578277087,42.694308446917624,0.11191457385027159,5.487589470791181,258.2052663389803,60.58813151964724,49.42880524439463,37.677872429259814,12.975525215011421,-2.5410223245954864,-0.03801606004950783,0.15844853206229031,0.010656884679479697,318.79339785862754,8.222203103022196,37.91619311124879,0.046962453154527455,0.0833045750318654,0.9954169356468018,0.08419769899046946,-0.07372665274375471,0.993717831257904,0.7484309348963795,-0.6565730055558521,-0.09361102534149755,42.32647840738304,0.1066924873649689,6.911816702857614,248.682777549215,84.55807003551676,52.66950308706784,31.90874413571494,23.725101469869365,-3.5778732556443265,-0.0836595717939784,0.13904972224044734,0.011694285120777392,333.24084758473174,25.910350671799563,37.8105611446997,0.011412817390037801,0.11979918271516612,0.9927325437498259,0.09526647237827723,-0.0480373406916223,0.9942920663164702,0.8861673165870834,-0.449599012093428,-0.11210805206345154,42.326478407383036,0.10669248736496906,5.493517260876729,255.14550829850734,60.55023077221828,52.66950308706786,37.6691865656103,12.977866614796408,-2.5410491379294684,-0.03805548578271276,0.1578254264114324,0.010649896350420705,315.6957390707256,8.365242157793489,37.81056114469968,0.047068181787112535,0.08336316929736393,0.9954070364770154,0.07635349621209506,-0.07452134242157524,0.9942920663164702,0.7117749623111368,-0.6962857978962024,-0.0925337272297433
K14TB5Q,2474,42.65931987145903,0.244548803193952,13.3806245703784,301.5628356695552,157.6282862235123,322.6298688617923,26.9783460395128,22.1185958632691,-7.308071099019877,-0.1401629832139461,0.11346031084561724,-0.012267906118712334,99.19112189306753,61.82099075485985,32.22703425182575,-0.21400096589447332,0.08808126039056485,0.9728541916259815,-0.039061346709949415,0.2414090477525633,0.9696369850910215,-0.1685318404724302,0.965771893851846,-0.1971843497663904,42.65931987145901,0.2445488031939519,12.42481970214481,295.92992825806266,145.53700600473948,-37.370131138214525,32.588566329227845,12.935768957584644,-6.412687990239134,-0.09896568729463008,0.15049981702482895,-0.01500011116455693,81.46693426280217,44.096803124587645,32.22703425182574,-0.177396335763557,0.12175250174775325,0.9765791664662045,0.03628618894554427,0.24184174502224068,0.9696369850910215,0.1364611266263268,0.9715640869997476,-0.19349828364153673,42.30323919418915,0.2413501938639119,13.39661398290269,303.0129011494155,157.7499407306674,321.2386364929096,26.96936110429331,22.118204858059897,-7.307858606045297,-0.1399747404654444,0.11287190850624484,-0.01225774111467225,100.76284188008287,62.001478372992494,32.09334421360017,-0.2144387725485926,0.0877294770469898,0.9727895721505831,-0.0450707563463282,0.23710449806049183,0.9704380886598857,-0.19538397200866475,0.9612902890739867,-0.19428351349038495,42.303239194189146,0.24135019386391166,12.443497272511745,297.37831823854214,145.65991255741204,-38.761363507098146,32.57988046557873,12.93811035736905,-6.412714803573045,-0.09896426182988008,0.14988203896244395,-0.01498990301410635,83.03823079595418,44.27686728885603,32.09334421360017,-0.17791995520700338,0.12155126094215983,0.9765089761505057,0.029253341796558637,0.2395707788355697,0.9704380886598858,0.10943995245400395,0.9754032469413362,-0.19134106371389306
K14TB6F,2483,42.38795836827561,0.2354098120770318,3.638760876602989,136.5090340963702,135.6341665299487,90.82288559292789,39.14489323577051,21.591621833979428,-2.7222754985422117,-0.039330746409608285,0.13962638299737343,-0.004598852022759031,272.14320062631884,2.9660862192467334,32.4094170544708,-0.04537096217474369,0.044377558598259606,0.9979840219583659,0.008803664293241125,-0.23524513834966992,0.9718961983554913,0.03836736056459189,-0.9983085874087534,0.04367962853832862,42.38795836827564,0.2354098120770317,2.3649101801875636,118.20983588200431,136.32741847158513,90.8228855930326,43.89686946952512,8.758184047862352,-1.5134882591732672,0.004809425519453506,0.1449844469430233,-0.004468047984506435,254.53725435358945,345.36013994662204,32.40941705447083,-0.029845974802212367,0.028494119943166606,0.9991482887523604,-0.06276302346810367,-0.2268889210765604,0.9718961983554913,-0.26609347641876807,-0.9632611419898518,0.03636253758720572,42.05567514433382,0.2371719535679829,3.641005363773242,134.5457651903512,135.7372216635176,92.77569369247598,39.1359083005516,21.59123082876635,-2.7220630055675485,-0.03921008598853342,0.13902044297251984,-0.004593827165773921,270.2829868538688,3.0586805463448172,32.0812485117317,-0.04547870600111292,0.044323166446001684,0.9979815350078699,0.0011713999296398812,-0.23716906075932054,0.9714676857419121,0.005943061922398463,-0.998957597405318,0.04525923774414627,42.05567514433382,0.23717195356798315,2.3690968252797395,116.21621658815967,136.46072985177588,92.7756936925757,43.888183605875376,8.76052544764289,-1.5135150725071107,0.004741296208120251,0.14437036553122098,-0.0044648988993405345,252.67694643993553,345.45264013251125,32.081248511731694,-0.029965115827236533,0.02847489152493639,0.9991452709121449,-0.07062008563279244,-0.2264140876016124,0.971467685741912,-0.2972307925365618,-0.9540852108022281,0.03708458570020063
K14UM4O,2485,42.26411612401507,0.1109614717939807,7.316017675708046,223.0564534904863,253.1789992901333,340.1084135512088,-0.8208052462971089,37.88640857064421,-1.5084658702652125,-0.16889279617017391,-0.01169450535136763,-0.020321404587935132,116.2354527806196,96.3438663318284,37.574427594822644,-0.03685053808333484,-0.12189338389029793,0.9918588814981399,-0.04905173505263934,0.09953077670254588,0.9938247087778174,-0.4367406808909996,0.8953765924927026,-0.08693868684896919,42.2641161240151,0.11096147179398141,8.664359789993872,217.1255037830802,241.4705066909234,-19.8915864506096,10.699648420569124,36.36444013983576,-1.2141506942720257,-0.16391306901911554,0.03987038038974468,-0.02484665189379371,98.5960104740036,78.70442402339401,37.574427594822644,-0.07195015434135611,-0.13235318382306172,0.9885877856933869,-0.016585022337253005,0.10971501837378213,0.9938247087778174,-0.14341490497011772,0.9854770106707946,-0.0909242897787303,42.159153399399,0.1100123430750108,7.324424344582938,224.9846940329851,253.2168061662593,338.4818921441415,-0.8297901806961949,37.88601756549942,-1.508253377191777,-0.16868529740117683,-0.012199023266687259,-0.020305841764960638,118.20150019924438,96.68339234338589,37.52112615187231,-0.036812119577892634,-0.12205700264186362,0.9918401867026094,-0.05198895544099981,0.09695289650653875,0.9939302210774891,-0.46705122839134633,0.8796254713612146,-0.09012313904151091,42.15915339939898,0.11001234307501095,8.673218811563427,219.06550837324687,241.49653876270193,-21.518107858704784,10.69096255771852,36.36678153943374,-1.214177507485035,-0.16386811287952371,0.039326751184669266,-0.024829844146330535,100.56204713594877,79.043939277244,37.52112615187229,-0.07196295600378076,-0.1325201855839459,0.988564481142224,-0.020165285756736644,0.10814840211118731,0.993930221077489,-0.17696699402998595,0.9796178313859698,-0.09503466448954709
K14Wo9M,2557,42.56222858018916,0.12541017805061,24.1061573735326,318.7941494248409,89.04051189584438,6.673742234726594,18.831709071699624,31.103674754560473,-8.192025582223135,-0.130546644467559,0.09810708953800765,0.05914007591399261,47.83466132068526,54.50840355541185,37.224491915716875,0.006839317470869731,0.4083712893456717,0.9127902901404497,0.0841843803698632,0.09295538101921746,0.9921049779339454,0.6138295522946426,0.742172860303491,-0.2690589640928053,42.562228580189156,0.12541017805061005,22.614644016321353,320.09964314489685,70.25955011225763,6.673742234729421,27.562963085811,23.96200619091798,-7.435486411462472,-0.09640545151189786,0.1329589711928365,0.05650554730820945,30.35919325715446,37.032935491883876,37.22449191571687,0.12987921916605583,0.3619332618431291,0.9231119663401665,0.10821316363433915,0.0633847298245678,0.9921049779339454,0.8164521170562536,0.522077715227611,-0.24665927879785746,42.25279609788889,0.1189146965145653,24.12130742456419,319.4661514570592,89.03235030428756,6.25482707918166,18.82272413648057,31.103283749351007,-8.191813089249084,-0.13036484702439294,0.09752897762224119,0.059102380057495164,48.498501761346745,54.753328840528404,37.228317673016626,0.006901564310040429,0.40861162069722434,0.9126822622584828,0.07879759080680213,0.08905978177715765,0.9929044742334727,0.6059001756844502,0.7498967388124234,-0.2655934077194778,42.252796097888876,0.11891469651456499,22.62986609614063,320.77136715419226,70.25178100623079,6.254827079181809,27.554277222162238,23.964347590702,-7.435513224796902,-0.09640574203301089,0.13235294979899642,0.05646782913095285,31.023148160423034,37.27797523960484,37.228317673016626,0.13001115653743872,0.36214645882982,0.9230097732596438,0.1019050371747977,0.0612867721906954,0.9929044742334727,0.8111328821185695,0.5318360414796028,-0.243339007414202
K15DO9A,2613,42.02634445917766,0.2921840091419914,19.87186527355129,243.5891821295618,214.7056604934082,38.24163453238069,-32.163533701652284,8.023806888122479,-9.00307404878463,-0.09316994966424381,-0.15804015801948063,0.027785880680075502,98.29484262297001,136.5364771553507,29.746918645512814,-0.2794422639261619,-0.19353584386095127,0.9404551548441057,-0.042152548437729705,0.2891274076570607,0.9563621201206751,-0.11390311113920765,0.9456968218471423,-0.30443981740407,42.026344459177594,0.29218400914199116,20.390310086440167,239.25533083813065,201.19264684286992,38.24163453263255,-27.978413295191263,17.364814791327333,-9.777592557959627,-0.13727129248048497,-0.12251263828511964,0.024013162090489017,80.44797768100057,118.68961221363313,29.74691864551278,-0.3248503922693944,-0.12595320318361755,0.9373409269045105,0.04848590456334932,0.28813297669125093,0.9563621201206752,0.18541102221167194,0.9359247882773276,-0.29944539323633385,42.22603658156943,0.2932118085644829,19.83688135940953,244.3247665632746,214.8164790388581,37.57456090964105,-32.1725186368628,8.023415882929307,-9.002861555812931,-0.09301320377319156,-0.15844658846008994,0.02776919982387788,99.1412456021327,136.71580651177374,29.844864026977444,-0.2785959303812288,-0.19374807326729723,0.9406625280514939,-0.046582219117998994,0.28948792987566463,0.9560475068313001,-0.12833515986143346,0.943394443866693,-0.30583820890267016,42.22603658156944,0.29321180856448326,20.35827176153273,239.9869720688037,201.30804064564867,37.57456090986978,-27.987099158826908,17.36715619112431,-9.777619371296046,-0.13724419286600847,-0.12294743104698957,0.02399722177995674,81.29501271445235,118.86957362432213,29.844864026977433,-0.3241077058702446,-0.12641671487660974,0.9375356042280917,0.04437668732788263,0.2898342186551797,0.9560475068313,0.17100170343781884,0.9380895531510212,-0.30124144417772575
K15G55O,2650,42.1697887125402,0.1192992711493727,8.410373318746386,223.6088804196613,43.74717619903525,315.8335898721008,-32.7124030806751,-21.007842288808522,1.1005914803720929,0.10079641396453212,-0.13024412672443464,-0.02421619418256537,267.3560566186965,223.18964649079726,37.13896365461112,0.10565947816134007,0.1011369669289015,0.9892458686267512,-0.005503173004098964,-0.11917227523068653,0.9928583402999788,-0.05125815246944504,-0.9935771215220179,-0.10088164051719468,42.16978871254021,0.11929927114937255,7.842366817365349,234.04965212835415,15.828175298342808,-44.166410127898985,-37.54625257952445,-10.144781288095242,0.06621481667370865,0.05738949061797987,-0.15460783509733914,-0.022643704823425377,249.87782742669697,205.71141729879798,37.138963654611125,0.13127456450861194,0.03721669070617711,0.9906472160390676,-0.04104170314120536,-0.11201738570436595,0.9928583402999788,-0.3460881874907604,-0.9316769428636897,-0.11045832071659041,42.39449871815641,0.1214227262559125,8.388078828113834,221.4130114356069,43.77057046432848,317.8558009825718,-32.721388015895144,-21.00823329401727,1.1008039733466068,0.10082315482241419,-0.13066918732291755,-0.024198020895243026,265.1835818999354,223.0393828825072,37.246843105545075,0.10534020412258041,0.10091381000059237,0.9893027061251665,-0.0101950630911483,-0.1209939632377821,0.9926008873402148,-0.08885841403163847,-0.9913591000216994,-0.09649516599264488,42.3944987181564,0.12142272625591233,7.819822369528095,231.88190777468543,15.82314712149368,-42.14419901742823,-37.55493844317396,-10.14243988831024,0.06618800333972241,0.057286119767927066,-0.15502111620614542,-0.02262837359065625,247.70505489617912,205.56085587875089,37.24684310554507,0.1309027952999899,0.03709888233153567,0.9907008282586625,-0.046064689924671456,-0.11234555084008487,0.9926008873402148,-0.3813693865264669,-0.9182043801405297,-0.10704254906891697
K15KH4J,2769,42.23830050492217,0.09541230993194828,10.58437414617476,311.5815613824517,195.9662996944392,87.62997663134325,-17.35993471718953,-38.27899881278475,5.984669725433891,0.1328839884064006,-0.07331303006280204,0.020001317624462202,147.54786107689085,235.1778377082341,38.208246686147774,-0.17659744559001384,-0.05052610968693052,0.9829854802849258,-0.08051272130442387,0.05119775966491432,0.9954378388997727,-0.8403391190657925,0.5243588113768518,-0.13739724123570643,42.238300504922165,0.09541230993194783,10.656002820313402,303.0165867875003,186.80272272166488,87.62997663134313,-28.26633914509397,-31.24671393310569,5.20790696287585,0.10393926901220864,-0.1100292564276385,0.022873533738472625,129.81930950916512,217.44928614050826,38.20824668614778,-0.1836102139127821,-0.021903041822677907,0.9827550794098275,-0.061099045981446706,0.0732831185656501,0.9954378388997728,-0.638655771740877,0.7537094667197974,-0.1550511044753418,42.36996135701625,0.09766964447606609,10.56249642160403,313.4222254711669,195.8164483034528,85.64516438698763,-17.36891965240966,-38.27938981799346,5.9848822184084165,0.13288922272003312,-0.07377624845821454,0.01998985433467307,149.23867377461966,234.8838381616073,38.23170229481182,-0.1763678435478664,-0.04996175900997051,0.983055545937718,-0.08392804532852723,0.04995440580583283,0.9952188907712307,-0.8559509987720537,0.4996220110302978,-0.13313802535400876,42.36996135701627,0.09766964447606585,10.6302697522595,304.8372699521016,186.67316786465034,85.64516438698739,-28.27502500874354,-31.24437253332062,5.2078801495418725,0.10380469839444971,-0.11047241611690485,0.022858357258450746,131.51043781675196,217.15560220373936,38.231702294811846,-0.18322086090627326,-0.021436521142964893,0.9828380292245774,-0.06473118954927604,0.07313844783434222,0.9952188907712307,-0.6611195862884888,0.7348442627440921,-0.15140938589740555
K15KH4K,2770,42.13626365499955,0.239293102984618,9.617471037670839,348.8220134254624,111.3122459383158,117.9391945728559,-24.546844194678975,-41.256164689013964,6.415879524156559,0.09764136965094214,-0.08904468710961952,-0.00992994786578486,100.1342593637782,218.0734539366341,32.05334637681673,-0.06072143114156821,0.1556441160047592,0.9859451389165712,-0.04210490581763044,0.23555968679316813,0.9709473780097421,-0.17849367837479224,0.9834078742450882,-0.03238764661090217,42.13626365499953,0.23929310298461837,8.042762188654354,348.0880631935963,94.45519482323421,117.93919457285966,-36.02577259051499,-31.91380034333098,5.425426410512397,0.06643005559537435,-0.11438001761530303,-0.008102870991050478,82.54325801683052,200.48245258969018,32.0533463768167,-0.010868302907189221,0.13948937898361324,0.9901639223596684,0.031054889233143118,0.23726943121844496,0.970947378009742,0.12775350846837363,0.9913854169686699,-0.028878990561958636,42.29751723448989,0.2384607807592287,9.620051672522694,349.8483632754254,111.2780699199804,116.6648732954849,-24.555829129898576,-41.25655569422308,6.416092017131039,0.09767022516227941,-0.08949736143667125,-0.009921349867150405,101.12643319540581,217.7913064908907,32.21121825057649,-0.0606446963063727,0.15572168780384896,0.9859376130148542,-0.046016888508412,0.2339786099888306,0.9711521281651496,-0.19528425024798352,0.9803042875686867,-0.029454462811812146,42.29751723448984,0.23846078075922927,8.045269810736281,349.1213542493066,94.41415426314357,116.66487329548967,-36.034458454164174,-31.911458943546464,5.4253995971783855,0.06632062534961874,-0.11482026122756232,-0.008097285683041413,83.53550851245018,200.20038180793983,32.21121825057644,-0.010771720217802767,0.1395403351827258,0.9901577979800199,0.02684768774778595,0.23694460454481464,0.9711521281651494,0.110735431814569,0.9934988573358423,-0.026413720169949143
K15KH4L,2771,42.23158457795801,0.1394665125235397,20.14437280520578,353.2910034158149,216.2782132915693,28.76627145158109,-15.052954305419215,-33.476387217238475,6.6322836458197765,0.1485262717488029,-0.07103595199366125,0.053244806374718685,209.56921670738416,238.33548815896523,36.3416927585273,-0.2776286280132289,-0.20377601478661306,0.9388278227157407,-0.12130241960155519,-0.06882318733019344,0.990226788106907,-0.865531527052035,-0.49923585109151736,-0.040233576325014196,42.23158457795801,0.1394665125235397,20.702244832569406,349.0575570179871,202.6634412687962,28.766271451580973,-24.635603096077315,-27.36534758510942,5.955831800582231,0.11861687256235669,-0.11258372284952337,0.05653416819936079,191.72099828678324,220.4872697383642,36.3416927585273,-0.32621479878625353,-0.13621410133472353,0.9354301810666672,-0.1365584161473295,-0.02833208595941064,0.990226788106907,-0.9744256590848881,-0.2144565587331382,-0.06710454033313576,42.3511737156683,0.1426030753065727,20.10034823384848,353.0609915107478,216.1909519321955,28.81491696646247,-15.061939240639319,-33.47677822244719,6.632496138794303,0.14852102189637695,-0.071500696589826,0.0532110617946095,209.25194344294323,238.0668604094057,36.31176610097111,-0.27735638964888837,-0.20292693712795515,0.939092163373117,-0.12441825025806481,-0.06968311193979213,0.9897799568152044,-0.8681344338452591,-0.4945894915715117,-0.04151914738051595,42.3511737156683,0.14260307530657257,20.656121663426486,348.81630460314585,202.58787851914315,28.81491696646239,-24.644288959726865,-27.363006185324362,5.955804987248255,0.1184724643505847,-0.11302517041981243,0.056496430839089104,191.40418312228894,220.21910008875133,36.31176610097112,-0.32569879191278894,-0.13549448493921007,0.9357144551077577,-0.13978762588420446,-0.028196750460818994,0.9897799568152045,-0.9754675844576263,-0.2092409829140233,-0.0684193155591113
K15KH4M,2772,42.08457720697952,0.2088370003758803,14.43807078266506,80.83675123750434,79.17129453418669,63.69147770361907,-15.153817834349319,-36.79790708431479,2.052155928748231,0.12948663715842013,-0.09100143803482852,-0.03714640905647959,160.00804577169103,223.69952347531012,33.295760340986774,0.046843122301796485,0.24489359926961612,0.968417702713964,-0.19625261634090255,0.07139890269006899,0.9779504625869373,-0.9091165777472351,0.3360304285166468,0.24615157764287052,42.08457720697946,0.20883700037588004,13.070654728316866,84.15957036370389,58.36110869520059,63.691477703642455,-25.608507896633483,-30.50122967662137,1.3471511498181452,0.09693505670522468,-0.12586506634668887,-0.03448893283203872,142.52067905890448,206.21215676254693,33.29576034098674,0.1186314081136291,0.19253963959702258,0.9740919238926202,-0.16572740518491336,0.1270721051083631,0.9779504625869373,-0.7716301115142203,0.5949551580370759,0.22497851215089382,42.23936876970114,0.211650416270247,14.41967821307197,81.42595610079718,79.17523975264399,62.82964517379406,-15.162802769566792,-36.7982980895254,2.0523684217220026,0.1294941485305831,-0.09145280085886344,-0.0371195693540993,160.60119585344117,223.43084102723523,33.29938878660142,0.046767873446779816,0.24459147053074654,0.9684976915599092,-0.1996349354613406,0.07029787515078398,0.9773454360115624,-0.9126336328070931,0.3262912499453316,0.2462394616596638,42.23936876970112,0.21165041627024705,13.052236103366502,84.75296379925771,58.3607311320086,62.82964517382136,-25.617193760281083,-30.498888276838926,1.3471243364834689,0.09680518062748004,-0.12629761215961882,-0.034465662391500666,143.1136949312663,205.94334010508766,33.299388786601405,0.11846840858854732,0.19227225312316784,0.974164573799231,-0.16928396069532672,0.12703873172647756,0.9773454360115625,-0.7779248724339858,0.5867333783055829,0.22489294259866133
K15RR8J,2834,42.48272903999714,0.1482261077362483,5.188769474028156,193.407224217873,358.3064967548888,183.5713253948769,47.238147583785874,12.067543131727222,1.222141188907755,-0.033909427043023944,0.1272331887688779,0.011457933442030164,191.71372097276185,15.285046367638756,36.18567946838468,0.09039787404148837,-0.0026726870796640323,0.9959021443457954,-0.1451391833999774,-0.030093129724666632,0.9889534978882284,-0.9791461394786649,-0.20207203300119123,-0.020969764490621948,42.482729039997125,0.14822610773624867,5.900667327556129,208.06012529694723,326.1387659545947,-176.42867460512375,48.62452988260885,-2.7657472558195124,2.5627230208243175,0.005790880544846761,0.13153256372825006,0.011621883970949919,174.1988912515419,357.77021664641813,36.18567946838465,0.0853674596629141,-0.05728075035344211,0.9947016198185501,-0.14746700523715606,0.014982035276376423,0.9889534978882283,-0.9934900588751586,0.10314516782453131,-0.048358838599402286,42.18315011427079,0.1561725602484307,5.208948040417654,193.428017652381,358.3669417691089,183.5188028289074,47.229162648565826,12.067152126518454,1.2223536818822742,-0.033792400235497934,0.126635555223541,0.01145219631488039,191.79495942148992,15.313762250397303,35.595299561581236,0.09075123448563369,-0.002587314401980163,0.9958702321304311,-0.15287503527387916,-0.03192322296635984,0.9877297866448345,-0.9788580446622008,-0.20345129560416772,-0.02108313821702681,42.183150114270795,0.15617256024843051,5.918807764494436,208.04067228420791,326.2397454293189,-176.48119717109307,48.615844018959336,-2.763405856034524,2.562696207490336,0.005722093417933979,0.13092749837722933,0.011614248855702737,174.28041771352673,357.79922054243366,35.59529956158125,0.08573010148707318,-0.05730521908699186,0.9946690211142639,-0.15539506558969318,0.015564130715353688,0.9877297866448345,-0.9936288883932315,0.10174331262554492,-0.04847608159094388
K15RR8K,2835,42.68580444667064,0.1560692107312875,9.751103288667611,307.6118749830322,351.0272434093654,64.2313319358563,38.16579767355569,13.769772740023473,3.3603429775064946,-0.032599881003649946,0.1548834723230947,0.02541743056640952,298.63911839239756,2.8704503282538667,36.023864637248664,0.1672958537985737,-0.026415523783354277,0.985552797877951,0.07480259688915705,-0.1369750708593549,0.987746121967438,0.4810761303643902,-0.8663514563519922,-0.13416747322062264,42.68580444667061,0.15606921073128766,10.550883221674274,315.3464930145714,325.8307826647325,64.23133193585664,40.43439069935925,1.5975050011187175,4.476012158174974,0.01500352361494652,0.15749554391889994,0.02584058710120246,281.1772756793039,345.4086076151605,36.023864637248636,0.15150089163641878,-0.10284095506442152,0.9830926801654093,0.03025327910337275,-0.15310890778063993,0.9877461219674379,0.2005190978647648,-0.9712005244933193,-0.12869200680462797,42.30814582560644,0.1538799057546991,9.778346667478342,304.6021070981172,351.1118832011037,67.19238065372662,38.15681273833556,13.769381734814843,3.3605554704810263,-0.03248373191313275,0.15426730630663438,0.025402337152665173,295.7139902992209,2.9063709529474977,35.79777233330605,0.16779766447940395,-0.026240759379635072,0.9854721540167624,0.06676527405477706,-0.13864134872203743,0.9880895579880018,0.43572668494374056,-0.8891566036090691,-0.13979553028020197,42.30814582560639,0.15387990575469923,10.57594871111832,312.32421442956587,325.9283606300499,67.192380653727,40.42570483570971,1.5998464009038589,4.475985344841004,0.01492856175780552,0.15687307700381517,0.025823421967767327,278.25257505961576,345.4449557133428,35.79777233330601,0.15203205179341772,-0.10282372423312926,0.9830124805730154,0.022087475422529687,-0.1522864696042766,0.9880895579880018,0.150573389015143,-0.9792412924804411,-0.13569873109845107
K15VG7H,2991,42.58863612167038,0.145009532111235,0.6728327374597933,296.4721714735805,66.45456922847296,45.96897058452512,17.977078843458855,34.42326720169204,-0.03204969226002738,-0.13841352361576226,0.09411584256752539,0.00193168072685102,2.9267407020534506,48.89571128657857,36.41287792441132,0.004690998529756961,0.01076520718148945,0.9999310500465187,0.14482038690022656,0.007404048972553822,0.9894302580762733,0.9986390540338368,0.05108370606328566,-0.010511647503769879,42.58863612167037,0.14500953211123502,1.159637550894595,52.91486596506375,292.43560056785856,45.96897058452511,27.526149975878585,27.38468320759434,0.7265733899177849,-0.10353108176567054,0.131530580773894,-0.0009209571483354993,345.3504665329223,31.31943711744742,36.412877924411305,0.007723769386577307,-0.018706270289277377,0.9997951884452773,0.14029540118630168,-0.03667376186177194,0.9894302580762733,0.9673398697660391,-0.2529682254807999,0.016144759462978758,42.2901823111382,0.1396769087473239,0.674648534884797,295.072488173329,66.42896378860038,47.65843156530244,17.968093908238707,34.42287619648335,-0.03183719928550019,-0.13822645343424342,0.09354040576606461,0.001932328525302875,1.5014519619294333,49.15988352723188,36.383220375557656,0.004708481184418089,0.010792155145829785,0.9999306773933102,0.1396289522577988,0.0036598536306241105,0.9901971324755449,0.9995991097142818,0.02622739015895409,-0.010665076833516678,42.29018231113816,0.13967690874732386,1.15910028861755,51.40259063346117,292.52260674120237,47.658431565302784,27.517464112229,27.387024607379438,0.7265465765838095,-0.1035265963669803,0.13092551675193898,-0.0009201854839418267,343.9251973746635,31.58362893996633,36.38322037555763,0.007748575664913667,-0.018685859815876053,0.9997953781740074,0.1342156837913832,-0.03867543227450305,0.9901971324755449,0.9607532934640852,-0.27695335553996636,0.015809742346605392
K15VG7J,2992,42.41515555781238,0.2055180080874248,3.50830737651295,39.0477495545054,97.11009339435297,307.1348115866518,18.252637014951322,33.88329765885334,-1.3675535418636537,-0.16011372624709008,0.051309951552814925,0.009351426067319974,136.1578429488584,83.29265453551017,33.698077274852515,-0.007574274451120811,0.060722692447970864,0.9981259364370852,-0.14823002119613193,0.14235698951725934,0.9786533341034389,-0.7200792469929992,0.6928201729929359,0.038549785265725535,42.41515555781234,0.20551800808742504,1.976811845037253,47.39462157037451,71.18963490055665,-52.86518841335472,27.662478340792404,26.786699392684547,-0.6056802944087674,-0.13733984244922356,0.09727954785488732,0.0055698182864430896,118.58425647093117,65.71906805757644,33.69807727485247,0.011122472283490368,0.03265268375186747,0.9994048693367986,-0.0983302124008443,0.18046833788071456,0.9786533341034388,-0.47803594981958525,0.8779732364842021,0.025389499749748797,42.18856424046705,0.2057420657908268,3.509590056583698,40.69645680646902,97.10520992128563,305.7750661677842,18.243652079732183,33.88290665364437,-1.3673410488891853,-0.15991211160790214,0.05076320519634316,0.009347100816725181,137.80166672775465,83.57673289553884,33.508601880884356,-0.007571862759340036,0.060745511229416994,0.9981245662540476,-0.15241868817965226,0.13819674789759287,0.9786062550199254,-0.7396106476905415,0.6718502991628239,0.039915727947787256,42.18856424046705,0.20574206579082677,1.978124325109093,49.04162716460831,71.18646034997631,-54.224933832223556,27.653792477143696,26.789040792469073,-0.6057071077427771,-0.1373126968893838,0.0966974404249453,0.005566239539453858,120.22808751458462,66.00315368236106,33.508601880884356,0.01113166432970686,0.032673737775977395,0.9994040788935161,-0.1035795202297803,0.1777669278151744,0.9786062550199253,-0.5030175831193541,0.8638829775557305,0.02606745407992429
K15Xm0O,3132,42.59558670806293,0.2023297456945249,52.24278655717274,265.643234201081,70.08664546368281,33.94990666556863,23.350033743289288,19.06935417357186,-19.960265957191126,-0.015133069953109868,0.1552491187254101,0.08664592546003595,335.7298796647638,9.679786330332433,33.977232481711475,0.26928158950936065,0.7433407936083364,0.6123168216773411,0.1844473889091502,-0.08316541779735018,0.9793174531311023,0.548167917482248,-0.27937618001938547,-0.7883279040354662,42.5955867080629,0.2023297456945249,50.996655137463954,266.8797562191949,51.73648127707784,33.949906665568776,28.558882293790127,11.125004923988868,-19.180747354113652,0.030071590997967454,0.15256779380690647,0.08750761554169181,318.6162374962728,352.5661441618416,33.977232481711454,0.4812475959186008,0.6101634969227221,0.6293657588760311,0.1518076953553878,-0.13376004494503163,0.9793174531311024,0.4597186806639944,-0.4319134457241872,-0.7759571573554921,42.21213145034926,0.1963059442470727,52.29962945039623,264.4282227940027,70.03461722232615,35.31515054405428,23.341048808069196,19.068963168363176,-19.960053464216603,-0.015028627909674803,0.15463270763618675,0.08658979393862389,334.46284001632887,9.77799056038316,33.925639127306894,0.27016377099613215,0.7436665633712198,0.611532157261406,0.17712800787375357,-0.08462678401906992,0.9805426947630915,0.5389103757669403,-0.2990798326994025,-0.7874813398190668,42.21213145034927,0.19630594424707315,51.05437295642117,265.66519935916386,51.68514069319374,35.31515054405434,28.5501964301406,11.12734632377395,-19.180774167447634,0.02998652984028565,0.15194862969291142,0.08744911837556364,317.3503400523576,352.6654905964119,33.92563912730688,0.4821869725333122,0.6102291623633574,0.6285826062821608,0.1443850129824317,-0.13299996907066566,0.9805426947630914,0.4449238911993231,-0.4479001290896194,-0.7755180239050252
K16F60C,3137,42.00807921000434,0.1830838596079508,7.756840887564918,251.2050649934366,308.8610408763535,356.5880122345955,-32.93716667296629,-8.731042666575574,-4.239757046411179,0.05110604459173018,-0.17813611675633334,-0.009803966130195785,200.06610586979014,196.6541181043856,34.31707793352023,0.08468425099175686,-0.10509648882141572,0.9908497896610642,-0.17197019047893666,-0.06281682287080484,0.9830972995340065,-0.9325523113389322,-0.3376690804304,-0.12777237079158874,42.008079210004354,0.18308385960795115,9.245576504857922,254.77280503898064,287.74980681435125,-3.4119877654052253,-33.906181555750976,1.6263869638486703,-5.175839260756946,-0.004820162196647111,-0.18525218875076602,-0.009940535104738578,182.5226118533319,179.11062408792668,34.317077933520224,0.04898092265879587,-0.15301813585428614,0.9870087736768971,-0.18290643841020257,-0.008058190680217662,0.9830972995340065,-0.9870925117001883,-0.04019218639225797,-0.15502568012566045,42.29389371085994,0.1883742464006125,7.7506169500844,251.0800946972754,308.7928047217814,356.7556930734054,-32.94615160818638,-8.731433671784266,-4.2395445534366525,0.05116609018349308,-0.1785290779761404,-0.009795452570220516,199.8728994190568,196.6285924924622,34.326813355729094,0.08449159278479644,-0.10511337606718728,0.9908644452802039,-0.17715637531366782,-0.06403495446021297,0.9820973186466815,-0.9337133116743945,-0.33452050564359576,-0.1275754008654789,42.29389371085991,0.18837424640061218,9.239936780258244,254.6390629257481,287.6901923582888,-3.2443069265953675,-33.91486741940051,1.6287283636337442,-5.175866074090921,-0.004881837322599602,-0.1856449306271966,-0.009933718111091972,182.3292552840369,179.08494835744153,34.32681335572909,0.04879216349711729,-0.15297645639714896,0.9870245835689412,-0.18821860661178966,-0.007655901783259367,0.9820973186466815,-0.9872535310394968,-0.03683999047653613,-0.15483307318442685
K16PL9N,3143,42.55471076807991,0.1418442892488254,12.27773404399858,173.3446188417962,284.4520106406299,260.9936928066979,41.60247254461249,-12.902748299380452,8.066589620730406,0.02129832508712813,0.14506203622739317,0.01236723925875457,97.79662948242611,358.790322289124,36.51856806499227,0.0530710214686487,-0.20592177359788247,0.9771282872983346,-0.019242211859302673,0.14053305545410358,0.9898889824659609,-0.1382241807508683,0.9900942725773578,0.02464563379716521,42.554710768079914,0.14184428924882542,13.854344872142905,172.98463678320095,267.2203349043154,-99.0063071933022,35.52552962602491,-24.867112428076283,9.048755046497659,0.06375813369247957,0.13185154270098373,0.014129143224568184,80.20497168751638,341.1986644942142,36.51856806499228,-0.011612411333388233,-0.2391727287338868,0.9709075948477336,0.02413111678604559,0.1397765774196903,0.9898889824659609,0.16657495822942564,0.9855949783927229,0.029245886170763676,42.22824579921359,0.1432233043384252,12.28219662202925,176.3796150974048,284.4623148301051,257.785745187764,41.59348760939237,-12.903139304589136,8.066802113704936,0.021378349161205235,0.14445245298179232,0.012360892673703312,100.84192992750991,358.6276751152739,36.180176899435,0.05312706061289817,-0.2059859189053995,0.9771117216794257,-0.026940320328193334,0.14066674818958283,0.9896903986067476,-0.18949961286472447,0.9817889068904596,0.013432759618033684,42.22824579921355,0.14322330433842545,13.858821106952654,176.02093045293267,267.22936882279106,-102.2142548122363,35.51684376237535,-24.864771028291194,9.048728233163686,0.06365049428967755,0.13124626355582283,0.014119827630723917,83.2502992757237,341.0360444634874,36.180176899434954,-0.01157836692930578,-0.23925031950125872,0.970888884495953,0.016833351527561356,0.14223063376771822,0.9896903986067476,0.1155144916079607,0.9931667170925267,0.01662150078084042
K16QD4V,3155,42.69794202824517,0.1903276675803095,7.952024623568661,293.7054900583944,120.483923429969,347.7151952631276,27.947609985205027,20.263928341853127,-4.8002450038010505,-0.11523105701688158,0.14377629942057935,0.0036829361758501915,54.18941348836336,41.90460875149097,34.571342311529996,-0.0701813734375248,0.11922081180236899,0.9903842551533252,0.11136215048740308,0.1543473112347014,0.9817206216401075,0.5775201370872821,0.806489277021561,-0.12667098052800618,42.69794202824512,0.19032766758030917,6.422793824395527,290.5532732740328,106.02929034104234,-12.284804736872575,32.88306931082698,10.874952766877572,-3.8957929671554448,-0.0664926831300114,0.17186820202126663,0.0018517611423348472,36.58256361507512,24.297758878202544,34.571342311529975,-0.03088893908992863,0.10751506243590551,0.993723495139016,0.15283290438612288,0.11343158459381096,0.9817206216401076,0.7973503944526757,0.594357728715498,-0.10474368134793231,42.28903031467985,0.1832328888878747,7.952802792366923,294.7313309584231,120.5366798302886,346.7799969955098,27.938625049984886,20.263537336644447,-4.800032510826522,-0.11505952477340854,0.14316757793396176,0.0036824102036615335,55.268010788711706,42.04800778422151,34.54028912185415,-0.07029795327792036,0.1191677255655619,0.9903823761297786,0.10439482242012932,0.1505855657826005,0.9830695338732677,0.5622145378200298,0.8173876600459743,-0.12566712644274497,42.289030314679785,0.18323288888787415,6.423972937859323,291.567010406242,106.09404970452009,-13.220003004490298,32.8743834471774,10.877294166662672,-3.8958197804894183,-0.06651302254195382,0.1712361019004057,0.0018506744054736495,37.661060110762094,24.441057106271796,34.54028912185412,-0.031016108856213066,0.10749972984447387,0.9937211928276385,0.14505429394230554,0.11195330892427995,0.9830695338732678,0.7860285956403644,0.6093704424813723,-0.10405148084334537
K20S35E,3296,42.76080752569464,0.1990113339680573,7.707873011164846,8.043675031405206,356.1773941532075,8.988657257602291,32.738233240035214,10.466628425731885,1.708858212934571,-0.050373271119864046,0.17787256673292565,0.023566119054203066,4.221069184612702,13.209726442214993,34.25092217845481,0.13382396540581096,-0.008941612070704024,0.9909647793219704,0.19847151137803962,0.014648215558979489,0.9799971882369124,0.9972031917052597,0.07234346439455448,0.01876746152884929,42.760807525694624,0.19901133396805726,8.412638270271877,18.141052878352166,328.5966994348946,8.988657258687095,34.31042081926361,0.08821170889711816,2.655120444095649,0.005059707703247586,0.1847795971037333,0.023714515784451086,346.7377523132468,355.7264095719339,34.25092217845479,0.12487114728341754,-0.07623154763689972,0.9892400859857056,0.19370374980859348,-0.04565488317623264,0.9799971882369125,0.9715846015985888,-0.2322679049214102,0.0455519733922711,42.30415260700163,0.190675659794302,7.72804141505812,7.550372650943532,356.2325971456261,9.458359122429648,32.72924830482716,10.466237420479741,1.709070705903697,-0.05024520949892568,0.1772409923852665,0.023552266473209165,3.7829697965696027,13.241328918999251,34.23778039662275,0.1341805808068215,-0.008835591430264937,0.9909175061822358,0.19026020098728016,0.012580268608903043,0.9816530918618896,0.9977427079306879,0.06478647719167652,0.017669214590087988,42.30415260700159,0.1906756597943019,8.431196274427867,17.62929477346269,328.6706555914209,9.458359123485389,34.301734955612574,0.09055310863713295,2.6550936307562303,0.004991410641641565,0.18413884318168963,0.023698775640224514,346.29995036488356,355.7583094883689,34.237780396622725,0.12524312927109096,-0.07623690015490978,0.989192647377221,0.18525073035675096,-0.04515943024754305,0.9816530918618898,0.9698470526643215,-0.23963483253795986,0.04440542166034196
K22G03Y,3351,42.0324530670059,0.09523616228646478,1.761062439823107,266.1215636438931,297.0723843340111,356.7276360638238,-35.90248016303116,-12.510634997204729,-1.157972442184287,0.056817097913202594,-0.1598750143613872,-0.0006816351429236532,203.19394797790414,199.921584041728,38.02944354541831,0.013986390125702445,-0.02736431794407851,0.9995276759523505,-0.08753888473354146,-0.03750826931040138,0.9954547068515704,-0.9187573359305681,-0.39363035140547376,-0.03066111749705458,42.03245306700588,0.09523616228646481,3.328349444990305,270.6088521396605,275.0067262572361,-3.2723639361751107,-37.95808985855466,-1.0808848225774703,-2.204557179389893,0.005884862101604831,-0.16956935384831331,-0.0005197040608762206,185.61557839689658,182.34321446072147,38.029443545418296,0.005066877059163178,-0.057836467983180526,0.9983132122375712,-0.09477910784486718,-0.009319191122887118,0.9954547068515704,-0.9935205740772522,-0.09770629062884191,-0.058054712614562916,42.29557343155335,0.1006281382148819,1.760070588389203,265.7287174713911,297.0044459480224,357.1363413436108,-35.91146509825126,-12.511026002413468,-1.1577599492097619,0.05687331569862303,-0.16028021499827474,-0.000679235781931843,202.7331634194136,199.86950476302445,38.03944862240531,0.01394607655214081,-0.027365466656109377,0.9995282077978066,-0.09281079785902813,-0.03888673297365045,0.9949241065525585,-0.921895382510608,-0.386226325901755,-0.03062888972932934,42.29557343155337,0.10062813821488281,3.3275233569705422,270.18521544794766,274.9695477646514,-2.863658656392515,-37.96677572220422,-1.0785434227924373,-2.2045839927238697,0.005816011984000318,-0.16997260707029277,-0.0005192013344571519,185.15476321259905,182.29110455620653,38.039448622405295,0.005028099789340687,-0.05782540410356157,0.9983140492113532,-0.10022116234451274,-0.009041062930230074,0.9949241065525584,-0.9942760411114812,-0.08970022369211264,-0.05804329368036698
