ids,indices_mrt_52,aau_HE,e_HE,ideg_HE,wdeg_HE,Wdeg_HE,Mdeg_HE,xau_HE,yau_HE,zau_HE,vx_HE,vy_HE,vz_HE,pomegadeg_HE,lambdadeg_HE,qau_HE,q_HE,p_HE,s_HE,k_HE,h_HE,f_HE,k2_HE,h2_HE,f2_HE,aau_HI,e_HI,ideg_HI,wdeg_HI,Wdeg_HI,Mdeg_HI,xau_HI,yau_HI,zau_HI,vx_HI,vy_HI,vz_HI,pomegadeg_HI,lambdadeg_HI,qau_HI,q_HI,p_HI,s_HI,k_HI,h_HI,f_HI,k2_HI,h2_HI,f2_HI,aau_BE,e_BE,ideg_BE,wdeg_BE,Wdeg_BE,Mdeg_BE,xau_BE,yau_BE,zau_BE,vx_BE,vy_BE,vz_BE,pomegadeg_BE,lambdadeg_BE,qau_BE,q_BE,p_BE,s_BE,k_BE,h_BE,f_BE,k2_BE,h2_BE,f2_BE,aau_BI,e_BI,ideg_BI,wdeg_BI,Wdeg_BI,Mdeg_BI,xau_BI,yau_BI,zau_BI,vx_BI,vy_BI,vz_BI,pomegadeg_BI,lambdadeg_BI,qau_BI,q_BI,p_BI,s_BI,k_BI,h_BI,f_BI,k2_BI,h2_BI,f2_BI
26375,30,54.95664295508248,0.4149778304174343,7.630315570751347,158.6399402831681,323.0700042489126,32.9730592793129,-39.119864652461864,-10.736733074525938,-4.298648625120565,-0.011701294539616408,-0.17409932776580647,-0.019586037720056588,121.70994453208073,154.68300381139363,32.150854494556775,0.10614104077441965,-0.07977987444339883,0.9911454237886177,-0.21812036256582543,0.3530298955784251,0.9098315230096389,-0.5275570682099302,0.8481418590182148,0.04836245199397859,54.956642955082515,0.41497783041743463,8.962462097064732,164.53246734045868,299.65627169611884,32.97305927931282,-40.40182901944941,1.5820434474845566,-5.413776681416809,-0.06318219234400425,-0.16243135647974935,-0.021334809554666517,104.18873903657754,137.16179831589037,32.15085449455678,0.0770828864053443,-0.13538066030978801,0.9877906182169917,-0.10171805674084443,0.402318327535333,0.9098315230096388,-0.24794646858880492,0.9678824165212945,0.04154728033506502,55.39934407159303,0.4176146211227021,7.619279663713678,159.447795720802,322.9782206321788,32.31705640510835,-39.12884958768198,-10.737124079734587,-4.298436132146031,-0.01159915262734025,-0.17449499462424659,-0.01957096777309494,122.42601635298081,154.74307275808917,32.26376798668849,0.10586067944403699,-0.07983485175671391,0.9911709807054635,-0.22392918801391704,0.35250204330029894,0.9086242502952152,-0.5380764039539417,0.8416098563923367,0.04654710658317017,55.39934407159304,0.4176146211227022,8.952733963240188,165.33338753603743,299.5711972718221,32.317056405108346,-40.41051488309895,1.5843848472696784,-5.413803494750775,-0.06320475059666034,-0.1628393939105363,-0.021320355602729792,104.90458480785952,137.22164121296788,32.26376798668849,0.07679901517150445,-0.13534909503537176,0.9878170547939497,-0.10741470753862645,0.40356418619576423,0.9086242502952152,-0.25989297635705055,0.9648332103250492,0.039401993529933066
38084,41,55.32840120597654,0.4114665451831839,13.15795005995015,66.74008361336206,166.5607464769526,3.447137249338482,-14.973282590386397,-28.139844417629515,7.211754252080014,0.1796886549038817,-0.10318780960957431,0.013699138829573767,233.30083009031466,236.74796733965314,32.56261511124427,-0.22140289734920734,0.05290592908789707,0.9737462296269612,-0.24589797493074664,-0.329907416906536,0.9114248637134138,-0.5920077120766456,-0.7783248422262421,0.20913466669892547,55.328401205976526,0.4114665451831838,12.416964398192873,60.436304956700845,155.12623850274338,3.4471372518249415,-22.964213836091545,-22.30217551403905,6.5815868150178085,0.13969303584941317,-0.15264698990576384,0.01755435460916125,215.5625434594442,219.00968071126917,32.56261511124426,-0.19507812043968742,0.09044368710458539,0.9766086557002486,-0.3347202760236898,-0.23930535853509416,0.9114248637134138,-0.8049232135360185,-0.5631326759792521,0.1870299696714295,55.60683057961109,0.4144725781888443,13.15015834189106,66.57914778561003,166.4362559627889,3.51908890169503,-14.982267524726408,-28.14023542335401,7.211966745121514,0.17966251861437835,-0.10363100457204472,0.013691899544152694,233.0154037483989,236.53449265009394,32.55932414436941,-0.22115869281498934,0.05335580449610604,0.9737771771400984,-0.24934682379169554,-0.33107956677436434,0.9100618011594005,-0.5959570258524647,-0.7754060594895105,0.20875982909562482,55.606830579611064,0.414472578188844,12.406109801782982,60.27821054804714,154.99920406910118,3.5190889048399008,-22.97289969906003,-22.29983411501153,6.581560001769604,0.1395345014426103,-0.15306158525860802,0.017542743282742718,215.27741461714834,218.79650352198823,32.55932414436942,-0.19470942741583003,0.09079779011421174,0.9766493742309853,-0.33836103558999486,-0.23937277970766355,0.9100618011594007,-0.8077949126917563,-0.5591572528323756,0.18657584418747417
60621,72,54.88881413450309,0.398935954240178,5.886267764056205,142.5143266046133,4.041288229305487,36.51418545133908,-30.614499095647634,-29.23941759109594,-2.7845816071112135,0.06951943782667566,-0.15434163024318082,-0.016377822294516686,146.55561483391878,183.06980028525786,32.99169269064333,0.10229913227642147,0.007227534740314222,0.9947274251155784,-0.3328806070423493,0.2198644969990345,0.9169787916928497,-0.8341950396495648,0.5479265883446127,0.062410653009678074,54.88881413450312,0.398935954240178,6.440789545882117,156.32822204076348,332.72394869480297,36.51418545133907,-37.92569974902161,-18.625535186505093,-3.8308913106332714,0.020092501289256548,-0.16813154882607914,-0.015830281306898182,129.05217073556645,165.56635618690552,32.99169269064335,0.09970335994875584,-0.051407976415119724,0.9936883112806708,-0.25134072610541486,0.30980273560174426,0.9169787916928497,-0.631189093860221,0.7743202607121393,0.04503844627202108,55.31414535248362,0.4023320745530196,5.871089739542948,143.2049724328728,3.920831527476043,35.83408664096444,-30.623484030867697,-29.239808596304655,-2.78436911413669,0.06956714192914662,-0.154750539604472,-0.0163649026386945,147.12580396034886,182.9598906013133,33.059490500691616,0.10205120451041685,0.006994430180737437,0.9947545574685345,-0.3379043886611667,0.21838434545007973,0.9154938021558986,-0.8396495769725661,0.5396618343107109,0.06126738510977588,55.314145352483585,0.40233207455301945,6.4289988527989905,157.03741951989508,332.5846965140923,35.8340866409645,-37.93438561267112,-18.623193786720048,-3.8309181239672485,0.020014128569019112,-0.16853576573004048,-0.015819516738855042,129.62211603398737,165.45620267495187,33.0594905006916,0.09939659902927969,-0.05155598958452196,0.9937113746150706,-0.2565757571624142,0.3099031768967047,0.9154938021558986,-0.6388509854842777,0.7680892938442772,0.043683578465677
69988,79,55.68656908708859,0.4323923799681017,9.432892822774228,310.5101281911693,20.56021562774042,48.34021822450833,17.335727140007208,44.583479497950684,5.923764050715822,-0.10712493865119015,0.10739099472748012,0.02295572336695229,331.07034381890975,19.410562043418054,31.608120947264233,0.15345296707297806,0.05755760313734997,0.9864782355518964,0.37843597848169463,-0.20916352560874854,0.9016855492606726,0.8716038463435286,-0.47410980858512375,-0.1246058764366433,55.68656908708858,0.43239237996810165,9.481667898799083,320.12448991822447,353.49355654838155,48.3402182245083,29.818906258796478,37.26398487387073,6.747838246028558,-0.07028612978072467,0.13473401707539331,0.021027317186310374,313.6180464666061,1.9582646911143797,31.60812094726423,0.16367101042724683,-0.018666601663294514,0.9863383589458883,0.2982848464979201,-0.3130324593459782,0.9016855492606726,0.6908401021637114,-0.7152522560540994,-0.10561327308607446,55.18136157620398,0.4289350269991012,9.456198842493393,309.6122654708357,20.72350473461477,49.35594564276899,17.326742204787102,44.583088492741965,5.923976543690346,-0.10695883949502104,0.10680666031838448,0.022942279900757284,330.3357702054505,19.691715848219474,31.51214275866776,0.15366360033977228,0.05813668621914019,0.9864114879937662,0.3727190871218502,-0.21228692725124246,0.9033353433876482,0.8652363754587546,-0.4851253128212344,-0.12656794792954598,55.1813615762039,0.4289350269991009,9.500176792180143,319.20641627891723,353.67735910833187,49.355945642769115,29.81022039514692,37.266326273655785,6.74781143269458,-0.07030392665308043,0.13412680596548407,0.02101337812415703,312.8837753872491,2.239721030018245,31.51214275866773,0.16404673112495563,-0.01817654509229975,0.9862850922607135,0.2918960359026976,-0.31429597772006324,0.9033353433876483,0.6815001924702485,-0.7238296922680327,-0.10783350246643823
84522,94,55.66527571903114,0.2957297183707255,34.95188327013315,85.75394473878055,23.76130376729443,329.3291670548041,26.84000062681685,31.692837276691304,12.715232903063985,-0.14433662852436105,0.04721519650734496,0.0708532591555761,109.51524850607498,78.84441556087904,39.20339940761328,0.5243257199034579,0.2308323197985179,0.8196334422070366,-0.09879079511377882,0.2787408207070073,0.9552716543854797,-0.26158258663965805,0.7779284632819126,0.5713158989409869,55.66527571903116,0.2957297183707258,34.81285659688425,88.50388544907436,3.922936261059185,-30.67083294522991,34.79614706847058,22.104527729392224,13.679061339266656,-0.12523634170024373,0.08861019279528601,0.06742858368893612,92.42682171013354,61.75598876490363,39.20339940761327,0.5695601810846987,0.03905778617538163,0.8210211260752328,-0.01252219159840577,0.29546448355970234,0.9552716543854796,-0.030102759063163214,0.8206044675031838,0.5707031906434387,55.29969609687416,0.2934805473977874,35.03821970862103,86.76277789096365,23.85522753527017,328.4769100235526,26.831015691601834,31.692446271481074,12.715445396035994,-0.14414558840991945,0.04667119464098925,0.0708077125936936,110.61800542623382,79.09491544978641,39.070311015432246,0.5250755789798546,0.23219075741175005,0.8187692523119858,-0.10334500483395143,0.27468280193120115,0.9559650455425109,-0.2789581335303943,0.7704651553029565,0.573206598183613,55.299696096874186,0.29348054739778784,34.89651245417499,89.50646391384188,4.024321547252599,-31.523089976486652,34.7874612048255,22.1068691291743,13.679034525930286,-0.1252173084542377,0.08803389595937183,0.0673835443984725,93.53078546109448,62.00769548460783,39.07031101543224,0.5706853616988248,0.04014965060029543,0.8201867003916582,-0.018073951429829795,0.2929234780290193,0.9559650455425108,-0.04896602053960053,0.8187385640698137,0.5720747263578551
119068,122,55.12722310316921,0.3563960571540001,12.92337874559664,180.4683752065734,57.91859420297638,19.43717873931622,6.188890816375324,-37.07943758144398,-5.722177943426638,0.1822284288945843,0.0007393535563572085,-0.035338781905289544,238.38696940954978,257.824148148866,35.480098147350795,0.11878465117044698,0.18949554299986635,0.9746700189446175,-0.18681554192112634,-0.30350964210652875,0.9343349776418963,-0.5243550406870177,-0.8514977679810032,-0.0018282312451384551,55.12722310316924,0.3563960571540007,11.961183290938857,186.28407045786008,34.6566916918289,19.43717873932473,-5.141403335656081,-37.21674090886116,-5.866050559981392,0.17484628738641916,-0.05434213010636696,-0.03053334456471947,220.94076214968896,240.3779408890137,35.48009814735079,0.17047763544270167,0.11785376823183163,0.9782882321317287,-0.2692171170825745,-0.23353863368758732,0.934334977641896,-0.7567389035055408,-0.6533235189651497,-0.02268504988368612,55.08474202598492,0.3571223787977054,12.90580626029226,180.003875114618,57.83379913366338,19.67239295914251,6.179905881157685,-37.0798285866527,-5.721965450452591,0.1822005903315249,0.000226501902823098,-0.03531315375641315,237.8376742482814,257.5100672074239,35.41274791820725,0.11890581694284433,0.18906648525607395,0.9747385653856472,-0.19010329730589037,-0.30231958221650157,0.934057603449524,-0.53232120160831,-0.8465424608902364,-1.5105869521500427e-05,55.084742025984895,0.35712237879770536,11.945624259528875,185.83439769136558,34.55705373430668,19.67239295915299,-5.150089199303272,-37.214399509076856,-5.866077373315781,0.1746641916766355,-0.05482261382734577,-0.030512725338413788,220.39145142567224,240.06384438482525,35.41274791820724,0.17046353248984825,0.11740643383816042,0.9783444758286767,-0.2719969026353815,-0.23141754124285946,0.9340576034495239,-0.762883669617351,-0.6461933149176725,-0.021040589033441432
135571,161,55.30432177732246,0.3519426758475873,14.70599040288691,231.509188762584,35.87922839264794,359.2412455801651,-3.2149166625936236,-35.01653472251218,-6.951982796544648,0.19137839786064753,-0.009785923779050291,-0.031518935033517124,267.38841715523193,266.629662735397,35.84037078507559,0.20569037178224,0.14878138328733165,0.9672412165241885,-0.01603624615898148,-0.3515771407413862,0.9360215557973225,-0.0605923234643313,-0.9781860072195643,-0.1986975229262826,55.304321777322535,0.3519426758475883,14.28747035007211,237.59345386916084,12.405917481859296,-0.7587544198351432,-13.445697262399287,-32.409539162271564,-7.325193126523724,0.18028202223815668,-0.06713969646002625,-0.026562235495926904,249.99937135102013,249.24061693118497,35.84037078507559,0.24102464369928528,0.05301880162594856,0.9690697228805474,-0.12037511306394735,-0.3307166146984492,0.936021555797322,-0.347640557785027,-0.9141852105333236,-0.20835412984881832,55.29663531719832,0.3517945766185578,14.68420818833073,231.0998499346399,35.76713845276772,359.4670283156973,-3.2239015978137275,-35.01692572772085,-6.951770303570122,0.1913444265743824,-0.010291720915488845,-0.03149586711885124,266.8669883874076,266.3340167031049,35.84357890735375,0.2056826642458579,0.14816376008691876,0.9673376565737694,-0.019227023777714684,-0.35126876561243175,0.9360772275094452,-0.06951144628975897,-0.9778802354312175,-0.19727747967695905,55.296635317198444,0.3517945766185593,14.268827764321328,237.19587245272683,12.281905919226835,-0.5329716843029839,-13.454383126048825,-32.40719776248647,-7.325219939857697,0.18009628325292487,-0.06761160267299586,-0.02654427788660033,249.47777837195366,248.94480668765067,35.843578907353745,0.2408307267159062,0.05242992545851143,0.9691499698116404,-0.1233288479005741,-0.3294683890963569,0.9360772275094447,-0.3560865753283131,-0.9111994650091859,-0.20716632409232688
143707,174,56.23735930337379,0.4225889707384608,7.531732367304673,112.6210701942995,265.2044036894009,15.60372013276292,18.288253888381323,29.700401887363512,2.0812435020266618,-0.14271497411619166,0.13666238095423422,-0.020313730263460405,17.825473883700397,33.42919401646331,32.472071518312056,-0.010958056769720016,-0.13061641152827633,0.9913724194425159,0.4023019049486932,0.12936234175541308,0.9063214450790671,0.944057413987857,0.30678438236100086,0.12099149488265346,56.2373593033737,0.4225889707384598,9.01149646503926,108.78145305925811,251.42205286262708,15.603720132798372,26.338328536378313,22.788454194050747,2.8079320552640574,-0.09416973006781965,0.17338886797878095,-0.02291681134610518,0.20350592188520977,15.807226054683582,32.47207151831206,-0.04990229759448292,-0.14847068888020318,0.9876569319547297,0.42258630512885936,0.0015009687969511545,0.9063214450790674,0.9889167853257824,0.007274886232907174,0.14829250733337396,55.52617081747594,0.4152943036322472,7.53738552866165,112.3683876808073,265.2017959160028,16.04736469761414,18.279268953165307,29.700010882150828,2.081455995001769,-0.14252502090790875,0.1360584275376739,-0.020298172584029057,17.570183596810125,33.61754829442427,32.46646837446707,-0.010972183505959654,-0.130713384242511,0.9913594819080419,0.3959199482292284,0.12536647567654702,0.9096871117975712,0.9453855205297425,0.3025421822736733,0.12130311421307924,55.52617081747591,0.41529430363224695,9.01711405184356,108.530721561699,251.4174598619463,16.04736469764635,26.329642672731445,22.790795593830783,2.8079052419307375,-0.09417151907059064,0.17275574863880502,-0.02290129706498553,359.9481814236453,15.995546121291625,32.466468374467055,-0.0499450575688223,-0.1485584741283224,0.9876415700997562,0.4152941337876881,-0.0003755940984072907,0.9096871117975714,0.9888927989321485,0.0028296763178931594,0.14860358391397346
471151,371,54.88315504515432,0.4182174873790553,10.74132602794156,142.2588723094043,66.3127771188061,6.420725151759225,-22.430377824519255,-23.214873499717292,2.127331466205403,0.13297166803613264,-0.15713039726475592,-0.03507445605518341,208.57164942821038,214.9923745799696,31.930059842734757,0.07487507916479691,0.17067359333968324,0.9824786242237465,-0.3672868487839966,-0.2000155930420723,0.9083469234000574,-0.868398522246346,-0.482565960670987,0.11407935905346826,54.88315504515422,0.4182174873790545,9.610665043980596,148.50767487631168,42.57940982697578,6.420725151759303,-28.443012601419976,-15.354667275019114,1.3442347840278301,0.08023050760101569,-0.18995746865410437,-0.032876579278671506,191.08708470328747,197.5078098550468,31.930059842734742,0.12293368758583337,0.11296181362934192,0.985964977632633,-0.4104118913737332,-0.08042354237836492,0.9083469234000577,-0.9763753407514831,-0.19769937249068092,0.08721325638465917,55.30855279442459,0.4227050495624193,10.72581980321152,142.1496881977694,66.33103976752338,6.367388369540876,-22.439362759739453,-23.215264504925948,2.127543959179948,0.13297684358290973,-0.1575374374682069,-0.035049005069452986,208.48072796529277,214.84811633483366,31.92934824423166,0.07471392845059234,0.17045391841487853,0.9825290278625328,-0.3715482531843937,-0.20157245466876914,0.9062673121515709,-0.8691591412363037,-0.4811667760385574,0.11419685127897324,55.30855279442458,0.4227050495624194,9.594880614635953,148.40643203579435,42.58955381626635,6.36738836954098,-28.451698465069597,-15.352325875233973,1.3442079706938714,0.0801118276678984,-0.1903470568390453,-0.03285438951043818,190.9959858520607,197.36337422160167,31.929348244231647,0.12271370658995083,0.11279975335973774,0.986010933943908,-0.4149444169747975,-0.08062685499889473,0.9062673121515707,-0.9766808875960444,-0.1961357874520529,0.08732237219158612
471172,375,55.14268010650931,0.4294564888390538,3.131348408724495,217.3658675195751,50.94843111460448,355.2807875083855,-8.0665028706782,-30.654782364824417,-0.7138602576206003,0.20802369513502345,-0.03957406330993,-0.010201690052742686,268.3142986341796,263.59508614256515,31.461298322792683,0.034414907281591654,0.04242074690717495,0.9985069325691419,-0.01263323339029993,-0.4292706340061879,0.9030875506804595,-0.030120489175057275,-0.9989963424994865,-0.033152131221143424,55.14268010650934,0.4294564888390544,2.618823523408382,247.60290130057282,3.1650592649963154,-4.719212491614605,-16.923657098175102,-26.78600127293977,-1.1805562647650474,0.18656151325740805,-0.10056439778943385,-0.005063829852417051,250.76796056556913,246.04874807395453,31.461298322792665,0.04562148353140188,0.002522729510723502,0.9989556126656528,-0.14146068466286874,-0.4054895195941336,0.9030875506804593,-0.3294479980746918,-0.943228191058055,-0.042244480798409166,55.2188899606621,0.4299337318476571,3.125665823043966,217.0056563506834,50.89565234479704,355.4326805343313,-8.075487805898188,-30.655173370033133,-0.7136477646460806,0.20797856741737955,-0.04005989508743807,-0.01019290992019881,267.90130869548045,263.3339892298118,31.47842653138952,0.034391506181900344,0.04231217846287279,0.998512345369984,-0.015744552888370487,-0.42964534541270016,0.9028604467023389,-0.03731572000166222,-0.998764464226163,-0.03281892807181375,55.21888996066209,0.4299337318476574,2.615367586655719,247.30708190105162,3.047845129746067,-4.567319465668833,-16.932342961824546,-26.783659873154754,-1.1805830780990263,0.18637156547316883,-0.10101390125521306,-0.005060281447285575,250.35492703079768,245.78760756512884,31.478426531389495,0.04556637965928059,0.002426189390251362,0.9989583668250589,-0.14454052014717528,-0.40490869565377,0.9028604467023388,-0.3362436518389418,-0.9408336344435487,-0.04209844293742152
472235,392,55.00393454584786,0.4051830830933432,0.8075200524028133,274.3169522626775,319.0926585133716,354.0445717162983,-26.000288403216842,-20.40506888374485,-0.4573415462004755,0.13903778707825049,-0.15163854478862368,-0.00033202622930625326,233.40961077604902,227.4541824923474,32.71727076429678,0.010651375766549323,-0.009228900249265872,0.9999006828652878,-0.24152566594022906,-0.3253285777750795,0.9142355654725827,-0.5960253501424431,-0.8028426265561832,-0.014053432746024915,55.003934545847876,0.4051830830933434,2.3060907268154853,295.28504044153124,280.548014631964,-5.955428283701706,-30.925196303999435,-11.597740016415827,-1.3098299742455566,0.08671221887836933,-0.1865546080464141,0.002057682308778704,215.8330550734952,209.87762678979348,32.71727076429678,0.007365947648722975,-0.0395580618366002,0.9991901233293732,-0.32849254544535184,-0.23720450757070502,0.9142355654725826,-0.8100062988977601,-0.5852914446311785,-0.03638297111974993,55.42589564154681,0.4093508314670835,0.8066581046797309,274.0822272375329,318.969968426266,354.2513818224937,-26.00927333843687,-20.405459888953597,-0.45712905322595004,0.1390388968375743,-0.15204926588009204,-0.00032986119202700376,233.0521956637989,227.30357748629262,32.73725917587182,0.01062024167422264,-0.009241812745952472,0.9999008947710517,-0.24605555640699656,-0.3271463990082054,0.9123770584452502,-0.6010223345939883,-0.7991088518542947,-0.014042656703863699,55.425895641546816,0.4093508314670836,2.3059030332577115,294.97536857034464,280.5002448786569,-5.748618177506345,-30.933882167648925,-11.595398616630824,-1.309856787579531,0.08658919460907866,-0.18694647698250239,0.002056457554234509,215.47561344900146,209.7269952714951,32.73725917587182,0.007332367464291631,-0.039560970963557915,0.9991902551385242,-0.3333600101503754,-0.2375693727215996,0.9123770584452501,-0.8136408734234949,-0.5802226261709345,-0.036472361781991244
495603,412,54.99441513590924,0.2461909781554874,26.77340802252728,157.5242494731887,21.91204115254687,339.0464963405901,-33.56897435431728,21.323209145546965,16.3022071375063,-0.08528143673989558,-0.1369882509415477,-0.0480670185917524,179.43629062573555,158.48278696632565,41.455286280510805,0.41792079405647636,0.1681051133247982,0.8927949824955677,-0.24617906288558922,0.0024221316910476034,0.969221338123983,-0.9846572053563449,-0.02818448765020154,0.17220866004858348,54.99441513590922,0.24619097815548718,26.697241980565522,161.0298458554016,1.1986438664674437,-20.953503659409986,-25.998937295310792,30.467468331363158,15.591852937081935,-0.12130752930254486,-0.10482713447865769,-0.051428570233390335,162.22848972186904,141.27498606245905,41.4552862805108,0.44917768322978924,0.009398294934449564,0.8933930159457506,-0.23444305950581215,0.07514286110276731,0.9692213381239831,-0.9515563324558912,0.2705740868593157,0.1460486551918264,55.27950022317737,0.2503088638595672,26.72950416545871,157.3894302928522,22.05825630851821,339.2526392631884,-33.57795928953741,21.322818140338242,16.302419630480824,-0.08512997808705466,-0.1374087913228309,-0.04803285940273895,179.44768660137044,158.70032586455886,41.44255132758915,0.4168562743319717,0.16891410184634903,0.8931398953957377,-0.2502972341528305,0.0024128618092408276,0.9681660356949797,-0.9845244643178604,-0.02843724977326373,0.17292455576049048,55.27950022317741,0.2503088638595673,26.649393147011484,160.90017571704476,1.3389964547867275,-20.747360736811533,-26.007623158960374,30.469809731148217,15.591826123747952,-0.12129112932438885,-0.10527378086543342,-0.051393946081402096,162.23917217183148,141.49181143501994,41.44255132758917,0.44840727047468415,0.010481139807436915,0.893767903593422,-0.23837868509241403,0.07635528678669931,0.9681660356949797,-0.9515258881402572,0.27029303489723544,0.14676566180458098
523713,547,55.48618362219822,0.3546108628033425,28.89177014643951,49.92596867958096,196.5121800748676,9.14342033652709,-3.282610714226019,-32.255308534803376,16.550906857217843,0.18713791673808744,-0.01881243862650194,0.03930484591171578,246.43814875444855,255.58156909097565,35.810180174265824,-0.46323092835388474,-0.13732237417027357,0.875533935703601,-0.14175172430028446,-0.32504663154081004,0.9350139763564334,-0.42680871973664003,-0.8253138919610963,0.3697178606624221,55.48618362219823,0.35461086280334264,28.901696376467232,46.658731394214,181.79043028446176,9.143420336527065,-13.323925392529844,-29.75685857757351,16.18997712479544,0.17156431141804418,-0.0744635754276059,0.04404817388360811,228.44916167867575,237.59258201520282,35.81018017426582,-0.48307234861185183,-0.015100396669841257,0.8754502179033614,-0.23520782952933558,-0.26537923985540035,0.9350139763564334,-0.666114472490028,-0.6578293186296017,0.35149978249018254,55.50890885024335,0.3553119616238493,28.86841838615665,49.61879963578124,196.3653531713826,9.320275579198777,-3.2915956494461316,-32.25569954001207,16.55111935019236,0.18710678761413857,-0.019312185784269367,0.03928044452384673,245.98415280716384,255.30442838636262,35.78592955906393,-0.463238892890932,-0.13603428883631558,0.8757307807619769,-0.14460816694005754,-0.3245536444522295,0.9347477787761853,-0.43366144424040254,-0.8226060155905386,0.36777315684207706,55.50890885024339,0.3553119616238498,28.874339333207782,46.348898163456425,181.64663499712893,9.32027557919883,-13.332611256179396,-29.75451717778843,16.189950311461455,0.171384415437052,-0.07493057284550979,0.044018805201677454,227.99553316058535,237.3158087397842,35.78592955906393,-0.4826908406398798,-0.013875970165165454,0.8756808835496762,-0.237770693085179,-0.26402970965931416,0.9347477787761851,-0.6717733308361954,-0.6531778966407562,0.3493983790992755
523769,599,55.13853094169729,0.3755333952484853,8.930025305391425,268.9780230418624,161.7942048529709,34.7502141238736,-33.42150595225554,25.803802191700854,-2.210883185305048,-0.1402503609240848,-0.09513745305812885,0.021086190781135047,70.77222789483329,105.5224420187069,34.43217120814805,-0.14745744821342477,0.04849806944303841,0.9878786556185346,0.12367229548935492,0.35458496058807787,0.9268088632793414,0.3255378798326197,0.9327041290585905,-0.15520340341351718,55.1385309416973,0.3755333952484856,8.10776112818742,259.8606130547323,153.22930016092576,34.75021412387358,-23.99540599416065,34.694197699367365,-2.873048780782226,-0.16295644383079408,-0.0483266272703449,0.016603031833871882,53.089913215658044,87.84012733953162,34.432171208148034,-0.12591864356937724,0.06352528117355818,0.9900045625417433,0.22553071085202045,0.3002685954432093,0.9268088632793413,0.596129156257741,0.7907942272377505,-0.1388327022962635,55.26018088163653,0.3745167190907986,8.90741448980004,269.5158660482097,161.8490700854283,34.46654092540488,-33.430490887475585,25.803411186492227,-2.210670692330535,-0.1400620596110911,-0.0955860437377655,0.021074000360269296,71.36493613363803,105.8314770590429,34.56431924148195,-0.1471333593941928,0.04823539486798844,0.9879398368500526,0.11967279706086885,0.3548819444859998,0.9272201610844448,0.31578240220653253,0.9361134052072575,-0.1548327066479979,55.260180881636515,0.3745167190907983,8.08678695744741,260.3684053234828,153.31440119611898,34.46654092540491,-24.004091857810113,34.69653909915249,-2.873075594116212,-0.1629121288656436,-0.04881114285351522,0.016592058127946226,53.6828065196018,88.1493474450067,34.56431924148195,-0.12568904283671478,0.06317542480656307,0.9900561247784394,0.2218093984877567,0.30176706848335105,0.9272201610844449,0.5878522077349888,0.7969911359581183,-0.13868998184904316
524365,629,55.05858813330575,0.436691844325954,7.110514945715306,9.959750547258915,107.2088848949465,12.53353844206848,-28.58449037431577,15.713609237425402,2.826159654057904,-0.1285995411797052,-0.16103651622585907,0.021266941292735365,117.16863544220541,129.7021738842739,31.014951735389378,-0.036622139709096974,0.11824210544700005,0.9923092377795281,-0.19939829051860328,0.38851008820758043,0.8996111566111198,-0.45534036117311183,0.8900600000055509,0.021409154043514157,55.05858813330571,0.43669184432595354,5.531855659208608,10.066489075808576,89.52041407476001,12.533538442073166,-22.571733415183765,23.614232459974616,2.205143890142857,-0.17175811198330787,-0.11466656713576227,0.016541272350394032,99.58690315056859,112.12044159264175,31.01495173538938,0.0008068856533633129,0.09639578718768542,0.9953427556113567,-0.07272812716391593,0.43059306359953375,0.89961115661112,-0.1657293449406488,0.9860273180800969,0.016849695110439874,55.35673051669112,0.4388656593790721,7.108508872774423,10.44139801591812,107.2101902175164,12.2680332552541,-28.593475309535314,15.713218232217388,2.826372147032337,-0.12841904877326923,-0.16144093837164097,0.02125462972469872,117.65158823343452,129.91962148868862,31.062562477413874,-0.03661455371218113,0.11820808331259078,0.9923135711538069,-0.20367481891528538,0.3887410900870314,0.8985526879475528,-0.4627631325128774,0.88619823631847,0.022426973333518455,55.35673051669111,0.43886565937907207,5.529849289242883,10.547801973725687,89.52205155535862,12.268033255258121,-22.58041927883257,23.61657385976017,2.2051170768088086,-0.17170789774191753,-0.11510661868956587,0.016530340038468896,100.0698535290843,112.33788678434242,31.062562477413863,0.0008038399696374799,0.09636095668659106,0.9953461306840692,-0.07673509019192297,0.43210507161507045,0.8985526879475529,-0.1739968122989294,0.9845882073832817,0.017640045112953258
525815,647,56.00296590446682,0.2879914710354474,17.85314954396999,219.0121003776979,152.4495087859367,31.70532499596479,16.126663172529586,38.87174676134812,-13.50288039878242,-0.13708371914620432,0.09255958489123735,-0.006009626784941324,11.461609163634591,43.16693415959938,39.874589371291414,-0.2718135077655483,0.14180173910515656,0.9518454096033354,0.2822483654010854,0.05722715804210732,0.9576329738531558,0.966037595071273,0.1718360629540338,-0.19298635282674514,56.00296590446692,0.2879914710354481,16.770069964300774,215.14970822818395,138.55485366230383,31.70532499599315,27.47724231920685,32.18431333673938,-12.750720371672754,-0.10251502910209986,0.12964532295669756,-0.008837277178921793,353.70456189048775,25.409886886480876,39.87458937129145,-0.2162803876285887,0.1909798982194061,0.9574703506654045,0.28625479300098294,-0.03157975416506192,0.9576329738531556,0.9777630343909534,-0.12800883940815427,-0.1661119670944055,55.50296818122144,0.281794998377502,17.85108089486573,218.3092083545112,152.591760188025,32.53797549242891,16.117678237313925,38.87135575613632,-13.502667905807705,-0.13689754025980422,0.0919851911641013,-0.006003656362881801,10.900968542536248,43.43894403496516,39.8625093526476,-0.27213422000809234,0.14111063655992273,0.9518564779157835,0.27671015304880014,0.05329082763746439,0.9594746369182583,0.9682173112850829,0.1626176848666709,-0.19002822605204947,55.502968181221384,0.28179499837750177,16.770947115365775,214.43737650857318,138.70612953349308,32.537975492453484,27.46855645556059,32.18665473652015,-12.75074718500645,-0.10251122470786753,0.12904152251984535,-0.008831199638660676,353.1435060420663,25.681481534519776,39.86250935264757,-0.2167948832731465,0.1904178694858588,0.9574659333715478,0.2797796790202274,-0.033641526688228424,0.9594746369182584,0.976975037624818,-0.13745500983321096,-0.16317443466958034
531017,670,54.82950567319386,0.3702750387981805,14.3965871030082,341.4798288468313,228.3482357305123,338.1452967782265,-35.210196403797404,11.101841328931908,-8.647286503346244,-0.021129618992874785,-0.18255542232500716,0.02709100788782185,209.82806457734364,187.9733613555702,34.52750833276694,-0.1652413388127922,-0.18577746568385436,0.9685979729441108,-0.32122171327259985,-0.1841744153763213,0.9289221687757301,-0.8600690013078707,-0.5040280128829526,-0.07897515570446409,54.82950567319389,0.370275038798181,15.263262121106655,336.32061501374403,215.7535873360876,-21.85470322186401,-29.961997372151718,21.219380219865577,-9.47633853941876,-0.07600602283250549,-0.16764433704766635,0.025006528676665595,192.0742023498317,170.21949912796768,34.527508332766935,-0.2136408923500966,-0.1538197444464801,0.9647264147592695,-0.3620836363712167,-0.07745349978658791,0.9289221687757299,-0.9696000164710585,-0.22067494943748295,-0.1057278333746016,55.27951634788178,0.3749660749120795,14.38174553614064,341.0203040054396,228.4583819097631,338.5943522867813,-35.219181339016814,11.1014503237304,-8.647074010372743,-0.021021157790973424,-0.18294542152625512,0.027074792766826745,209.47868591520273,188.073038201984,34.551573079878416,-0.16471749923152626,-0.18590698595194266,0.9686623446904377,-0.3264225235500215,-0.18452071280538374,0.9270385335384008,-0.862910337264944,-0.4988587470255991,-0.08078180709386179,55.27951634788179,0.37496607491207956,15.25094161632868,335.8629449116067,215.8622534782925,-21.40564771331348,-29.970683235798404,21.22172161965729,-9.476365352753682,-0.07601998597375226,-0.1680488805029915,0.02498992256691842,191.72519838989922,170.31955067658575,34.551573079878416,-0.21318064968067793,-0.15410312019568198,0.9647830009632629,-0.36714185697588925,-0.07619983065116957,0.9270385335384008,-0.9706968925862065,-0.21488887168267468,-0.10756540127024732
535991,759,54.856832835308,0.3406901517353102,10.37893472993778,95.04136578169529,120.5736889348309,320.3451359519754,-34.49071455243379,27.736672548039927,2.8549211412505655,-0.05906165811071898,-0.1510939099953594,0.023389536509519925,215.61505471652617,175.96019066850158,36.167650132928365,-0.09163641670327735,0.15511124163330905,0.9836377737016592,-0.2769633017121293,-0.19839634319751137,0.9401756327998356,-0.7989147956634237,-0.5740462090876294,0.17946057812843422,54.85683283530801,0.3406901517353105,8.847683312154592,92.7336300548524,105.26685828082294,-39.65486404802456,-24.570188167865087,36.85975431564307,2.17883782864946,-0.10255013535423203,-0.12619421023051933,0.020572081997881686,198.00048833567536,158.3456242876508,36.167650132928365,-0.04050002225292022,0.1483803083530256,0.9881007197095719,-0.3240146915334838,-0.10528180830461754,0.9401756327998355,-0.9395875920014198,-0.3058954058821856,0.15363319178207002,55.2045589608814,0.3444874827693982,10.36757826975416,94.63325584122113,120.5589174423989,320.9856904989451,-34.49969948765391,27.736281542831257,2.855133634225089,-0.058927773139875086,-0.1515049961257094,0.02337580228212814,215.19217328362004,176.17786378256505,36.18727940705254,-0.09149729779340877,0.15496697306439303,0.9836734629722222,-0.2815233120199682,-0.1985352627975798,0.938790910807728,-0.8032106826134536,-0.5680470078138379,0.17937445818559403,55.204558960881364,0.344487482769398,8.836228955461255,92.32513443194513,105.25254378952275,-39.01430950105497,-24.578874031514637,36.862095715428175,2.1788110153154814,-0.10254630743021123,-0.12662653543633534,0.020558448054949545,197.57767822146786,158.56336872041288,36.18727940705253,-0.040410982628293415,0.1481998398294349,0.9881314487240782,-0.3284028093977777,-0.10403470846041322,0.9387909108077281,-0.941867333338504,-0.29887877844431804,0.15348420826080986
544430,782,55.45226418614144,0.4051662058702982,2.949560136568503,188.1425562208692,257.1422654865704,20.43452548447314,-25.59453547499623,26.1631858337892,-1.5856779642122134,-0.16406940303595155,-0.09792833243688168,-0.0071188761404675305,85.28482170743962,105.71934719191276,32.98488069892509,-0.011450733424411198,-0.05016655319114954,0.9986752213031835,0.03330568562828702,0.40379497976592355,0.9142430451584891,0.08238545831075647,0.9965738903581822,-0.007288162682356656,55.452264186141335,0.4051662058702974,4.384163656943281,177.6218344204515,250.06001654793678,20.434525484828438,-16.445619358698128,32.67244764120312,-2.03953004441475,-0.1857198164762434,-0.04379195177182617,-0.01224011568530937,67.68185096838829,88.11637645321673,32.984880698925075,-0.026069938721560004,-0.07186068707026644,0.9970739189994107,0.15386154669868846,0.37481499279887337,0.9142430451584894,0.3796350717343404,0.9251308829789072,0.0031720132297620115,55.54323256738225,0.4047600212651004,2.950270704467548,188.5894238744114,257.2007057581382,20.22133738666689,-25.603520410157653,26.162794828614267,-1.5854654712351468,-0.16386513712338427,-0.09837505254269228,-0.00711216224930641,85.79012963254962,106.01146701921651,33.06155257227619,-0.011402302638408674,-0.050190284123920646,0.9986745830720346,0.029713434704952656,0.4036679162536441,0.9144229465545336,0.07360303981738042,0.9972579914481791,-0.007687068516983979,55.54323256738222,0.40476002126510013,4.385410894054491,178.0901910247886,250.09699867310553,20.221337386972138,-16.45430522228163,32.674789041002654,-2.0395568577443637,-0.18566024446889556,-0.044279506699459945,-0.012231757408723846,68.18718969789415,88.4085270848663,33.06155257227619,-0.02603093900423187,-0.07189790746438389,0.9970722547121652,0.15039887447094222,0.3757803259517428,0.9144229465545337,0.3714836759499573,0.9284359884634917,0.002548299143762467
556004,820,55.52146115935911,0.3422918117522256,10.40005759580251,139.4079745881996,171.25773303069,318.060463688253,-27.295457605050437,-35.85846080445893,7.2662566328166,0.15140900553597286,-0.053373516886304206,0.0054584840151359545,310.6657076188896,268.7261713071425,36.51691962799126,-0.17842285702731372,0.027437253134904558,0.9835712893484752,0.2230525875859545,-0.2596367222944997,0.9395936970879376,0.6532692513526636,-0.7479590379109278,0.11745877082827748,55.52146115935907,0.34229181175222545,9.801510227816678,131.06767921323535,161.8869463424767,-41.939536311747105,-37.03851309396881,-25.937965662148542,6.2482147598396764,0.12801379199485505,-0.09661721854629346,0.008988684521335995,292.954625555712,251.01508924396492,36.516919627991236,-0.16179944143116795,0.052925012953520534,0.9854034116829674,0.13349450056522574,-0.3151870916003095,0.9395936970879376,0.3934233629093836,-0.9103544790719912,0.1283463281540812,55.6896379300902,0.3413430848561315,10.38466723417948,138.8469627344114,171.0993340583437,318.478942735611,-27.304442540270617,-35.858851809667556,7.2664691257911205,0.15140182354492837,-0.05385009964564593,0.005456767990447682,309.9462967927551,268.4252395283661,36.68036512451218,-0.17808529822360414,0.027889534108761906,0.9836197438257358,0.2191659209051755,-0.26168951200399027,0.9399387737618339,0.6437371240446347,-0.755996998263604,0.11862147252147452,55.68963793009015,0.3413430848561313,9.782136899139566,130.50173828723666,161.73384453453198,-41.5210572643891,-37.047198957618406,-25.935624262363383,6.248187946505694,0.12786308554249926,-0.09706936759019918,0.00898281429550368,292.2355828217686,250.71452555737952,36.68036512451216,-0.16134102864287755,0.05325273652506381,0.9854609167942939,0.129169587234614,-0.3159593633882995,0.939938773761834,0.38188080028331917,-0.915137502721536,0.129191352216634
558095,827,55.08827588807771,0.4455156702937872,27.23161472621711,265.1930981530651,266.5541881571838,354.5896365610831,-25.048258998485593,12.318650103249343,-13.248262068963605,-0.06412645124273297,-0.20434219927413383,-0.026620995491738506,171.7472863102489,166.33692287133204,30.545585730471693,-0.02750314194853599,-0.45676134123994766,0.8891640199263816,-0.4409021726411669,0.06394909411102828,0.8952741409884895,-0.8793981215689932,0.13690118259058887,-0.455979177141045,55.08827588807773,0.4455156702937877,28.710342205501515,264.0139329412458,250.01333314898048,-5.4103634389168525,-19.784278429710994,19.30966066180454,-13.798557867076903,-0.12207765023034493,-0.17542497864608506,-0.02999562860494429,154.02726609022625,148.6169026513094,30.54558573047168,-0.16419520754487646,-0.45144947246620776,0.8770594664156346,-0.4005197271859962,0.19511063685042423,0.8952741409884891,-0.784096449351147,0.3961512522922134,-0.4777624340843839,55.54622309503587,0.4500699779979929,27.22909352286677,265.2466766717826,266.5890701517746,354.6372664638823,-25.057243933705777,12.31825909804056,-13.248049575989112,-0.063989171618366,-0.2047175959916976,-0.02660121039776901,171.8357468235572,166.47301328743947,30.54653568878147,-0.02722273007404942,-0.45673894337843474,0.8891841544746883,-0.44550852976396293,0.06391506084379478,0.892993289395215,-0.8796259435937318,0.1354408727536194,-0.45597584293970533,55.5462230950358,0.4500699779979924,28.70814974422122,264.0692970745953,250.0466607007568,-5.362733536117749,-19.79296429336064,19.312002061589553,-13.798584680410915,-0.12206073408229716,-0.17582430716337727,-0.02997536978020585,154.11595777535206,148.7532242392343,30.546535688781457,-0.16392112961811697,-0.45151335747626586,0.8770778479047514,-0.4049186878662723,0.19647860268174186,0.8929932893952153,-0.7847545957721703,0.3948279824936587,-0.477777237480444
612350,974,55.36131551403388,0.4208456537236822,1.557857002362829,110.997869928672,124.0385675320513,14.40765367876989,1.4223220250708426,-34.102050224933734,0.48708893630011596,0.19908356389330792,-0.029612203949716365,-0.004035878374027589,235.0364374607233,249.4440911394932,32.062746495527264,-0.015217600900532788,0.022528295426987935,0.9996303819552437,-0.2411678650299974,-0.3448900188973093,0.9071322592333968,-0.5727694290489482,-0.8193234917001385,0.025381038103963482,55.3613155140338,0.42084565372368143,0.4493055277679835,26.591145041740532,190.85684171830061,14.40765367878103,-8.955578781990594,-32.93857732140423,0.2404534054765145,0.18088050099927816,-0.08836731564895334,0.0009477514013382987,217.44798676004115,231.85564043882218,32.06274649552726,-0.007701419395565595,-0.001477044238905363,0.9999692527671088,-0.33411174156745893,-0.25589139963053137,0.9071322592333971,-0.7939082406920066,-0.608027453529117,0.0035101447577502278,55.40372828248054,0.4220798129928973,1.558782019297344,110.6361727626888,124.0178822251873,14.5102947022562,1.4133370898536697,-34.10244123014293,0.48730142927458364,0.19904442825613344,-0.030104712616097318,-0.004031230847453884,234.6540549878761,249.1643496901323,32.01893300990186,-0.015218495369845823,0.02254716462441545,0.9996299429119145,-0.24417819140590843,-0.34427950763566906,0.906558675135747,-0.5782248463156394,-0.8154802029959435,0.02545713308584149,55.40372828248052,0.42207981299289743,0.44883672194385965,26.33327570457058,190.73233240850612,14.510294702269418,-8.964264645637495,-32.936235921620515,0.24042659214255357,0.18069436088650467,-0.0888249941510497,0.0009472705727089194,217.0656081130767,231.57590281534613,32.01893300990184,-0.007696572135600075,-0.0014587811777175763,0.9999693168966921,-0.33679684009136573,-0.25439979764258913,0.9065586751357468,-0.7979483963282638,-0.6027157553353645,0.0034749198081711835
612891,1011,55.81406432678182,0.4364073309672735,8.966323387562815,174.1966708444389,229.7844430461016,14.46944041331388,4.2554961252877135,33.355516768851025,-2.885344353898965,-0.19099498295669487,0.06322222674579735,-0.02945286530758347,43.981113890540485,58.45055430385436,31.45639748349525,-0.10062942043050843,-0.11901327645012201,0.9877801171173809,0.31402507234439586,0.3030505114021034,0.8997492103236437,0.7186252061652324,0.6952190058499688,0.015759028173030456,55.81406432678172,0.4364073309672729,9.897444869946153,166.4018339866244,219.89210261758774,14.469440413345474,14.206742960928754,30.51178319081736,-2.4948946247634423,-0.16210115105527578,0.11796383005821712,-0.03393164258774638,26.29393660421215,40.76337701755762,31.456397483495227,-0.1318795074398777,-0.11023750154791541,0.9851169924277464,0.3912537106479569,0.1933181119972562,0.8997492103236441,0.8942891498118833,0.4456610586260711,0.04041209414307271,55.32407859604778,0.4310209598589999,8.980191893305832,174.1693617973197,229.8588659110343,14.68573613176594,4.246511190073976,33.35512576364012,-2.885131860923455,-0.19077267030198225,0.06266749624352456,-0.02943118216633332,44.028227708353995,58.71396384011994,31.47824113626451,-0.1006288803060597,-0.11932665942736453,0.9877423635737481,0.3099029831810232,0.29956503276129554,0.9023419153304508,0.7180455494749904,0.6958154478550453,0.015857219347720015,55.32407859604775,0.4310209598589997,9.912758033723257,166.3929328658728,219.94804052292685,14.685736131793258,14.19805709728458,30.514124590598403,-2.494921438096285,-0.1620574093460305,0.11736785908646932,-0.03390874566834734,26.340973388799625,41.02670952059288,31.478241136264508,-0.13197365821154702,-0.11053525400723711,0.9850710183331034,0.38626777423952435,0.19124924685294128,0.9023419153304508,0.8939141799169379,0.4464047377621081,0.04049998823421621
616560,1035,55.63257107053269,0.4063572769755401,3.383469350387899,148.2520007034981,336.1442773536645,340.2361296397667,8.461950365790084,35.435642819683,2.118354144959351,-0.1918543421339018,0.0005650652067910461,-0.004556831298981767,124.39627805716259,104.6324076969293,33.02587097916282,0.053976235146806904,-0.023869088990749892,0.9982568971112237,-0.22955667206054667,0.33530578710106157,0.9137142679465087,-0.5652843477313415,0.8243113624134895,0.031054532776530242,55.632571070532656,0.4063572769755399,4.583518941678404,163.2302485574126,303.6186247769906,-19.763870360488365,18.705431622953878,31.224061973482968,2.6346901138092775,-0.18252601842922753,0.05849337431330286,-0.009589075222599622,106.84887333440321,87.08500297391484,33.02587097916281,0.044244369602838854,-0.06654618907957296,0.9968019063371785,-0.11778196015441075,0.3889134176306604,0.9137142679465088,-0.29061668477000424,0.9565617218187241,0.02305677524047386,55.35689411355296,0.4049743115376664,3.382621022320252,148.8025455449755,336.2893141379071,339.8376658996518,8.452965430626822,35.43525181447525,2.1185666379352277,-0.19163145349773697,5.233036940477387e-05,-0.004551834606173041,125.09185968288261,104.92952558253444,32.938774031053356,0.05402295095500328,-0.0237264354319575,0.9982577708346709,-0.23281527995988344,0.3313626992022608,0.914328063112247,-0.5752519014580211,0.8174051261048096,0.03056320805333043,55.35689411355289,0.40497431153766605,4.580484288509841,163.82516131313076,303.71936285304236,-20.16233410064678,18.69674575935875,31.226403373251777,2.6346633004781532,-0.18246858704960625,0.0579372631320068,-0.009582493793252154,107.54452416617312,87.38219006552634,32.93877403105333,0.04433199532094064,-0.06642438185869198,0.9968061374638274,-0.12207822474657683,0.386136115959296,0.9143280631122471,-0.30218686860477906,0.9529890843346958,0.022246383565783096
J99RL4U,1102,56.10920585970963,0.3394514008405936,4.251649871952529,109.1687160091726,137.8018423584458,59.41839315448372,50.61278046922803,-13.068427795344139,-1.8076212133420437,0.07940315326881928,0.11832541587348856,-0.010481702623764468,246.97055836761842,306.38895152210216,37.062857330577955,-0.054922784749285726,0.04979772213307723,0.9972480506803413,-0.13279477346351026,-0.31239846618288053,0.9406235944666489,-0.3894580932432114,-0.9183782722611885,0.07002672808232979,56.109205859709625,0.3394514008405938,2.9946259402603457,93.77660499884415,135.58209872858592,59.418393154483674,44.333654867892506,-27.746855144025787,-0.5864486255062078,0.1116835401635263,0.08881185069934222,-0.007407625291441739,229.35870372743005,288.77709688191374,37.06285733057794,-0.03731426659129688,0.03656367491029714,0.9986344392147748,-0.22109192682587206,-0.2575764224944991,0.9406235944666488,-0.650367635308568,-0.7578288215128319,0.052128842569291116,55.67306107604678,0.3405662823255016,4.259821002735936,107.7719059799263,137.855501014257,60.53737164887352,50.60379553400794,-13.068818800552778,-1.8074087203675198,0.07944423285799458,0.11773375272059397,-0.01047273481412585,245.62740699418327,306.1647786430568,36.71269363969694,-0.055074846888887315,0.04984169394923662,0.9972374675995864,-0.14054106681288583,-0.31021541095843264,0.9402205099565669,-0.4109035559530021,-0.9089306149200151,0.07073475076863812,55.67306107604677,0.34056628232550157,3.003560567303354,92.40139292488566,135.6140552483009,60.537371648873496,44.324969004242995,-27.744513744240663,-0.5864754388401843,0.11154377898483867,0.08823541870316684,-0.007402505968557942,228.01544817318654,288.55281982206003,36.71269363969694,-0.03744594208710043,0.03665178515586014,0.9986262804803898,-0.22781507619483388,-0.2531515034823125,0.9402205099565669,-0.667970157688784,-0.742344351772649,0.05235199927859969
K00SX1R,1153,55.52730065951729,0.4399981135098569,4.258869530215712,238.9899678584398,194.4628872310014,14.57394235295386,-13.133978801605371,30.66903111270147,-2.4557748727649216,-0.20042173240127015,-0.04007673659545136,-0.0008377116051010583,73.45285508944119,88.02679744239505,31.095393121035045,-0.071909447568391,-0.018547361991359892,0.9972387009706203,0.1253133097797786,0.4217759052912698,0.8979986971637359,0.28539527447839413,0.956294066585017,-0.06364900250351836,55.5273006595171,0.4399981135098556,4.4602612070538985,218.2739477149545,197.53792060074824,14.57394235299739,-3.187118101261277,33.203753740287816,-2.544546038394479,-0.20306481068263935,0.022338216996695692,-0.006434603284835581,55.811868315702725,70.38581066870012,31.095393121035016,-0.07415282509872109,-0.02343426340519148,0.9969715110415817,0.24724023902972297,0.3639651138457603,0.8979986971637365,0.5624773252545038,0.8254082707733859,-0.048170998675840876,55.38334550530794,0.437711690292415,4.256679805097028,239.1697643477302,194.6031663436517,14.54815459064289,-13.142963736815457,30.668640107494685,-2.455562379790356,-0.20019310151257083,-0.040562231458538996,-0.0008352076346055809,73.77293069138193,88.32108528202482,31.14140773013078,-0.07182694075923982,-0.01871375543991495,0.9972415384140914,0.12231624010603993,0.42027403110942346,0.8991153853546034,0.28004195808466514,0.9578696264457124,-0.06373602156440407,55.38334550530792,0.43771169029241463,4.461896705303749,218.45884533406237,197.67312103315848,14.548154590679648,-3.1958039649007004,33.20609514007169,-2.5445728517281356,-0.20299361327525572,0.021806338637587172,-0.006430136125330036,56.131966367220855,70.6801209579005,31.141407730130787,-0.07412443627281513,-0.023617815439578308,0.9969692907713353,0.24392882128685325,0.3634422291977765,0.8991153853546036,0.557854189776614,0.8285273378395529,-0.04838546683851428
K04E96G,1329,55.23238162184347,0.4191768777412221,16.23846936484043,16.36213713545314,196.5234800851116,12.62391357633158,-14.112123309817319,-29.72996777067696,7.132433074011379,0.16709963470811548,-0.1070259236653916,0.04372630597445335,212.88561722056474,225.5095307968963,32.08024434338747,-0.268087754711938,-0.07953072864560824,0.9601061498473022,-0.3520063775590701,-0.22759781411652624,0.9079045903436773,-0.8429524816504775,-0.5321893799270725,0.07877548839670494,55.23238162184338,0.4191768777412215,16.28390677713991,10.724480626078764,184.3535747567661,12.623913576333326,-22.62156779628807,-24.078150183274172,6.511679023252596,0.12571046905619096,-0.15250295291937274,0.047207556712155783,195.07805538284487,207.7019689591782,32.08024434338745,-0.2795880469093283,-0.02128525788435323,0.9598840877013348,-0.4047455965373265,-0.10904245465195031,0.9079045903436777,-0.9661390133638279,-0.25269122039697817,0.05217809876428107,55.51919976712031,0.4224685899071667,16.2127144118049,16.33942443081705,196.4087911461248,12.55301152134203,-14.121108245037053,-29.730358775885875,7.132645566985988,0.16708193614745098,-0.10746654615411125,0.043698941123993196,212.74821557694185,225.30122709828387,32.06408172873069,-0.2678323887815375,-0.07887201519739905,0.9602317515778556,-0.35531968350165505,-0.22853365610875231,0.9063775651139265,-0.8442163111326618,-0.530216068249221,0.07854769880714647,55.51919976712027,0.4224685899071663,16.255125821212612,10.69224541085002,184.2487799435469,12.55301152134395,-22.63025365993733,-24.07580878348942,6.5116522099187115,0.12556130639508814,-0.1529176448154525,0.04717607046890129,194.9410253543969,207.49403687574087,32.06408172873069,-0.2791456288243575,-0.02073812659783095,0.9600248163529245,-0.40818565245315636,-0.1089228285968579,0.9063775651139268,-0.9667412034112735,-0.25042832131602877,0.051933626002413705
K04H79O,1345,54.94761578056529,0.4085462655943451,5.637291328902511,119.6868337410155,53.70132231153709,40.35967959711521,-9.446515667195161,-42.930715622519905,-1.7571415850459782,0.13680977254542423,-0.09101301256138943,-0.016201927763550138,173.3881560525526,213.74783564966782,32.498972550102444,0.05815199998863783,0.07916818437972703,0.9951636767282752,-0.4058290182709627,0.04704103591877841,0.9127376122790792,-0.9899627930984465,0.11265520900602444,0.08533740190872541,54.947615780565215,0.4085462655943447,4.875871139214618,134.86547839005962,21.003072379914457,40.35967959711531,-21.916823505331582,-38.071578242454024,-2.3618480533222668,0.1033329152161176,-0.128088247974409,-0.013360170151259437,155.8685507699741,196.2282303670894,32.498972550102415,0.07935020693402606,0.030464572704949303,0.9963811793030979,-0.3728433707406373,0.16702656083942027,0.9127376122790793,-0.9116906061426565,0.4064369617236148,0.060243130862469206,55.205576572216,0.4117609339601557,5.623992927218477,119.9106739842808,53.63400318049268,39.9274036481632,-9.455500602415377,-42.93110662772859,-1.7569290920714438,0.13681237562089776,-0.09146436762766512,-0.01618912600020128,173.54467716477347,213.47208081293667,32.47407680303145,0.058108019590272154,0.07891380810499196,0.9951864493398537,-0.4091502977267252,0.046293634615051114,0.9112919034339437,-0.9903000141662136,0.10995443820979506,0.08494647409024976,55.20557657221601,0.4117609339601557,4.864770243519557,135.13805508511376,20.8869222367924,39.92740364816317,-21.925509368981228,-38.06923684266891,-2.361874866656237,0.1031987510041082,-0.1285193037104304,-0.013351061163477332,156.02497732190616,195.95238097006933,32.47407680303146,0.07923144001951395,0.030234825023211044,0.9963976285942525,-0.3762353049960386,0.16731426122801824,0.9112919034339437,-0.9128167113465417,0.40396422765708695,0.0598210185461407
K04K18Z,1348,55.40951816385151,0.3811383820822486,22.67701877269232,11.51794482915277,232.1991800658357,11.49613525453115,-0.7975327633035718,-34.31643980634747,8.525149365884008,0.18470617701146722,-0.014305991382969584,0.0646450722104056,243.71712489498847,255.2132601495196,34.29082405892418,-0.2363020828825956,-0.3046298078630623,0.9226928014169509,-0.16876930436565035,-0.3417358456472025,0.9245180007461866,-0.4550001599795151,-0.8871576251005228,0.07698183321158311,55.409518163851494,0.3811383820822486,23.607741371908578,8.27239425080824,217.6014150716488,11.496135254531183,-11.357113434050287,-32.4723852240219,8.215378476411335,0.16990970417747125,-0.06943308126004517,0.06935242050418854,225.87380932245705,237.36994457698825,34.29082405892417,-0.31728444940184175,-0.24435440340427306,0.9163086290681278,-0.2653641641403056,-0.27358422229067053,0.9245180007461866,-0.7035882669340157,-0.7082679643248293,0.057619799929804504,55.40769623755184,0.3817608065230959,22.64540882792861,11.13364300599357,232.1180932306914,11.67263523567152,-0.8065176985236278,-34.31683081155617,8.525361858858531,0.1846766777495114,-0.0148087589655813,0.06460368665630839,243.25173623668496,254.92437147235648,34.25520943431734,-0.23642035858162222,-0.3038932543473287,0.9229053602674149,-0.17181961334554047,-0.3409095684590763,0.9242611571427393,-0.46182122928004204,-0.8838515325299535,0.0743479699166233,55.407696237551804,0.38176080652309574,23.574411471151176,7.8805866124407515,217.52795457054037,11.672635235671507,-11.365799297699791,-32.470043824236846,8.215351663077358,0.16973091718911737,-0.06990345034275325,0.06930609177123795,225.40854118298114,237.08117641865266,34.25520943431733,-0.317174704112746,-0.24362266674391608,0.9165414356806652,-0.26801399160639816,-0.27186359392233833,0.9242611571427393,-0.7090173354340479,-0.7030558349057083,0.054835308506837675
K07L38G,1508,55.30870911607232,0.4316745549107339,32.54670138820847,76.00757400425515,139.7072000800844,22.39392330939372,4.14124815305235,-33.11181736163312,14.409597721174533,0.17786255602892242,-0.05662651633250879,-0.045843609835657995,215.71477408433952,238.10869739373325,31.43334672570455,-0.4103492729941743,0.3479128466394364,0.8429532165526131,-0.35049082936442333,-0.2519902773696218,0.9020294222710364,-0.7133853825872966,-0.46751758833591484,0.522023563172532,55.30870911607234,0.43167455491073425,31.2197638301603,74.38791445352793,123.50024219111212,22.393923314424793,-6.449208190645869,-32.81592847054141,14.23732573454027,0.15365305144404867,-0.10770924827674377,-0.04162625817261015,197.88815664464005,220.28207995906484,31.433346725704546,-0.286082926354577,0.43222018383803124,0.8551855190141027,-0.4108065072591046,-0.13259311803768623,0.9020294222710362,-0.8353547933506343,-0.23017984688635837,0.4991989656574735,55.4350782822093,0.4338737441353768,32.57903174699548,75.86036349023203,139.6283121755173,22.3512147666864,4.132263218578618,-33.112208367098916,14.409810213957755,0.17783764367104354,-0.057100918781517906,-0.045810940877063645,215.48867566574933,237.83989043243574,31.383253311469435,-0.4102321750462242,0.3487855540406957,0.8426495118668075,-0.3532731386984615,-0.25188194719786494,0.9009736811638559,-0.7153954463320443,-0.4642951714354431,0.5221487806641969,55.435078282209226,0.4338737441353765,31.250883065426027,74.24570505221317,123.41663492917822,22.35121477228372,-6.457894053656542,-32.81358707122688,14.237298921032526,0.15348516040049232,-0.10815396293755819,-0.04159820397494114,197.66233998139137,220.0135547536751,31.383253311469414,-0.28570767431223426,0.4330248137189263,0.8549038750308618,-0.41342141905998914,-0.1316402526299421,0.9009736811638561,-0.8363006294415749,-0.2265007763047966,0.4992981629537106
K09Y19G,1549,56.10160499153037,0.4132006531724669,5.152668848831146,301.3322243106611,99.18897638211402,18.94364357672501,1.6213941544678718,36.233356381239666,-0.6660936002740687,-0.18512096255865193,0.05283603902832579,0.015718082591441876,40.521200692775096,59.464844269500105,32.920385165006294,-0.01434185058018232,0.0886573354704831,0.9959589289670583,0.31410092390757344,0.26846860036615466,0.9106400058298815,0.7567581522746868,0.6491781568019577,-0.07671257847976855,56.10160499153035,0.41320065317246657,3.5982424284771395,305.0060728099575,77.94311993717636,18.943643576956315,12.50450724872616,34.05088121937946,-0.32171569538261074,-0.1608843649125146,0.10628844296109301,0.011289992860905151,22.949192747133907,41.892836324090226,32.9203851650063,0.013109454483884484,0.06137546603606349,0.9980286540836345,0.38049622385972176,0.16111301440493722,0.9106400058298817,0.9192718810390601,0.39025199909612823,-0.05140608847581853,55.66481875765454,0.4080707038524397,5.153952217042094,301.3416582347498,99.19660326792857,19.21424866161449,1.6124092192929815,36.23296537601736,-0.6658811073033657,-0.18490258693818545,0.05228826981915698,0.01570949011957092,40.538261502678324,59.752510164292815,32.94963698739996,-0.01435721740741583,0.08867744728362924,0.995956917065982,0.31012235044566216,0.26522787767631717,0.9129503275958526,0.7565633691725189,0.649403807560415,-0.07672394119414212,55.66481875765448,0.40807070385243926,3.599479293816645,305.010926384106,77.95532040407765,19.21424866181518,12.495821385115695,34.053222619137905,-0.32174250871933363,-0.1608414387483464,0.10570029736219681,0.011282580194095282,22.966246788183696,42.18049544999887,32.949636987399956,0.013100880846719214,0.06139932664644145,0.9980272990296426,0.37572492860364837,0.1592246129478999,0.9129503275958527,0.9191547189557108,0.39052594769293514,-0.05142068455381829
K11Uf1T,1672,55.89878026421037,0.4027397376094262,6.400225694531303,129.3848947673565,4.737529120754393,314.4344567100283,34.09023478574418,32.21608478151836,3.285568550708925,-0.14289685652828288,0.06445144450522909,0.008528802412023532,134.12242388811092,88.55688059813923,33.386120167915315,0.11109200009508967,0.009206686793688502,0.9937674800642027,-0.2803849070746431,0.2891082844445196,0.9153145381508427,-0.6957959446707832,0.7130532204154767,0.0861574618637864,55.89878026421034,0.40273973760942594,6.923714439247803,142.25971219679812,334.3664181789543,-45.56554328997181,42.122842071532794,20.41320495811934,4.447743950933759,-0.11694261773417963,0.10460630488072963,0.00530904056643022,116.62613037575238,71.06058708578058,33.38612016791531,0.10868331264993825,-0.052150664096174595,0.9927075328543467,-0.18049459160680678,0.3600291636109515,0.9153145381508428,-0.45009784585781465,0.8899256525664303,0.07378524282245179,55.49003097482313,0.4029039938202594,6.418820966710283,130.299267630016,4.868860801818665,313.6439472490455,34.08124985052414,32.215693776309664,3.2857810436834454,-0.1427067814141897,0.06389589012556737,0.008525028521023723,135.16812843183467,88.81207568088018,33.13287587785699,0.11139196128027945,0.009488678188554731,0.9937312493568705,-0.28573091616685126,0.2840589230824609,0.9152422475845858,-0.7087728724143753,0.7002650320359154,0.08526370996628263,55.49003097482317,0.40290399382025943,6.938578802026807,143.15296331113154,334.5191670091,-46.35605275095446,42.1141562078833,20.415546357904393,4.4477171375997795,-0.11692914331725475,0.10401928672671423,0.005305636604468367,117.67213032023153,71.31607756927707,33.13287587785701,0.10905444374636962,-0.05197152704678871,0.9926762255013438,-0.18711317545941097,0.3568196852834935,0.9152422475845858,-0.4663007665813235,0.8816549077701017,0.07244459048516654
K12UH7J,1735,55.94004955486955,0.4400252871878689,15.63459279874841,47.58031089461578,298.8119023850487,26.69923787529931,22.100427756576096,29.854110918861434,9.445782650412278,-0.10247110692291589,0.15423331754228264,-0.004325262172674569,346.3922132796645,13.091451154963806,31.32501318418446,0.12988229338906382,-0.23613880363400652,0.9630000287031654,0.42767335269516005,-0.10352659928369966,0.8979853821946288,0.9479961080815213,-0.24843791714278607,0.19895220629096516,55.94004955486948,0.4400252871878687,17.185752100300057,48.620734171132725,280.2313971770243,26.699237875299378,29.81455289739584,21.783413990419593,10.271074243161113,-0.05095520049659464,0.17798222418101148,-0.005731256834293079,328.852131348157,355.5513692234564,31.32501318418443,0.052482661183147074,-0.2907720417449084,0.955351867122597,0.3765891472635699,-0.22760243304513153,0.8979853821946289,0.8228662291012128,-0.5231992447715088,0.22170638077257362,55.22833439922803,0.4338965743430834,15.63221443140277,46.87432432170863,298.8644798888492,27.50860422693079,22.09144282135604,29.853719913652707,9.445995143386803,-0.10230812697534163,0.1536175872889741,-0.004320420687985153,345.7388042105578,13.247408437488616,31.264949296728716,0.13007963421197152,-0.23598450927350134,0.9630112149638884,0.42052509336791305,-0.10688724467667271,0.9009626866709504,0.9455402413949427,-0.2593749514335733,0.1966679599518563,55.228334399228025,0.4338965743430834,17.183116241463523,47.91971201351446,280.2791991368974,27.508604226930743,29.80586703374633,21.78575539020462,10.271047429827135,-0.05098595383241802,0.1773460261658596,-0.005727261089399463,328.19891115041185,355.7075153773426,31.264949296728712,0.05271739167976736,-0.2906849088824116,0.9553654590587343,0.36876118282070375,-0.22865132247887476,0.9009626866709505,0.8172863432492435,-0.5328834809560044,0.21926748245577055
K12UH8D,1748,55.75911928932118,0.4237073715489321,8.680083911943118,319.3675273197865,66.81837996169915,21.88201986301723,6.08026946503098,36.170371759094174,1.3204065126525433,-0.17149639477598602,0.07947474763489117,0.028843918621534202,26.185907281485697,48.06792714450293,32.13356941535954,0.059408112611238864,0.1387324051277814,0.9885464055487894,0.38022098628734424,0.1869757692632498,0.9057991296612594,0.8905105032271179,0.4442212140784914,-0.09827795584370046,55.75911928932119,0.42370737154893234,7.554479381689959,327.2318879794685,41.44982231729763,21.88201986544434,16.679719624687774,32.6439171260128,1.7806097913171506,-0.14021895870098655,0.1275670254207669,0.024990362549283125,8.681710296766141,30.563730162210483,32.13356941535954,0.09854059570371379,0.0870276260248605,0.9913203030841415,0.4188525838599574,0.06395662357209264,0.9057991296612594,0.9854323460953675,0.15446644028298806,-0.07115623721981165,55.25054338229295,0.4181277770528892,8.693871646117637,319.1819071571165,66.85156714582997,22.3044651912947,6.071284530172262,36.169980753710725,1.3206190055665639,-0.17128715095706537,0.07890912395923386,0.028826528620513235,26.033474302946445,48.33793949424114,32.14875649689058,0.05942125967078192,0.13898552143689977,0.9885100600044749,0.375703604701352,0.1835146843105502,0.9083882221037486,0.8916319453454522,0.4418486708886199,-0.0988039780243919,55.25054338229293,0.41812777705288906,7.567452716100861,327.02746966768046,41.501879551165665,22.30446519346412,16.6710337613315,32.646258525522114,1.7805829779307296,-0.14018988342646463,0.1269646179543164,0.024973767274887322,8.529349218846107,30.83381441231023,32.14875649689058,0.0986295890941334,0.08726585748779994,0.9912905095238436,0.4135032920524739,0.06201504176372866,0.9083882221037487,0.9857990669625072,0.15186597221697457,-0.07167235212020971
K13GD6S,1790,55.30609466148328,0.3821903719679746,6.993431139226367,197.6809245439512,44.58850928890546,355.638726843832,-21.277902164054996,-26.933564281547635,-0.5205898418444564,0.16245904793889152,-0.11493151020070069,-0.024030492377928786,242.26943383285666,237.90816067668868,34.168637770714966,0.08671026562564872,0.08547364230876008,0.9925601172249485,-0.1778386528797716,-0.33829409389897264,0.9240836107057527,-0.4669005892908614,-0.8835362960259961,-0.0369790930731112,55.306094661483336,0.38219037196797523,6.431472242746699,210.33894192074783,14.434041126775798,-4.361273161369412,-28.39474606459743,-19.247770346140605,-1.3033617395203747,0.12076787085131642,-0.15863740669479232,-0.020711190823835657,224.77298304752364,220.41170988615423,34.16863777071497,0.10847906609306456,0.02792140014831828,0.993706539997264,-0.27131805997541897,-0.26917650483687133,0.9240836107057525,-0.7106953108488694,-0.7012209693091038,-0.056580273405401095,55.62794601757758,0.3854635606001262,6.978149344075203,197.2941369128806,44.56550189715117,355.8428620078041,-21.286887098061854,-26.93395528760134,-0.5203773490498667,0.16244445971336507,-0.11536683400266033,-0.0240124435562622,241.85963881003175,237.70250081783593,34.18539987677051,0.08655596900971499,0.08525304370257199,0.9925925562728327,-0.1817973994324921,-0.33989978245081315,0.9227230589128423,-0.47317840748680356,-0.8802259920641995,-0.03611644477033016,55.62794601757751,0.38546356060012565,6.4171766999198585,209.98334032593363,14.379677119515895,-4.1571379963214445,-28.403431927341046,-19.245428947527557,-1.303388553009387,0.12062202094839226,-0.15904798699883982,-0.02069715484914883,224.36301744544951,220.20587944912808,34.185399876770504,0.1082653399745122,0.02775688493148096,0.9937344572364912,-0.27557720479618125,-0.2695169025260759,0.9227230589128427,-0.7157017609722416,-0.6961689286848154,-0.05585527795176311
K13GD6Y,1792,55.31954880860542,0.4124370134108144,10.89771678908539,44.39017127067849,221.0690803496209,349.784996295438,-17.359437051118388,-28.613269234691565,1.957523335651679,0.18508644624441295,-0.07820143997341042,0.03476165034959562,265.45925162029937,255.24424791573733,32.50371931475043,-0.1425329634035923,-0.12420403993828871,0.9819662472847008,-0.0326518451712983,-0.4111424899449604,0.9109861195258507,-0.08745596113290982,-0.9873503457621857,0.13225259765165842,55.319548808605525,0.4124370134108154,11.616376940610918,37.181344032000275,210.5573416748379,-10.215003704561964,-25.236234329626537,-22.032682233998415,1.2627426793053593,0.15180136791287652,-0.1304584385451194,0.038958576006795205,247.73868570683817,237.52368200227622,32.503719314750434,-0.17339347826736853,-0.10237044580535169,0.9795177351737727,-0.15624408212691493,-0.3816963149305361,0.9109861195258504,-0.38512448372169594,-0.9148065484228725,0.12168858204748652,55.53011379324321,0.4140079716744192,10.8763480850516,43.97051051417073,221.0202452790852,350.0134487507167,-17.368421986338436,-28.613660239900245,1.957735828626207,0.18505669210881143,-0.07866138193531595,0.03474029401695708,264.9907557932559,255.0042045439726,32.540204014852904,-0.14236245365187888,-0.1238421355497793,0.9820366883435092,-0.036149714432529595,-0.4124267192561768,0.9102732553415119,-0.09550197445905612,-0.9867709940968115,0.1310052597555238,55.53011379324318,0.41400797167441894,11.594018781596919,36.745212742860545,210.52519900286427,-9.986551249283377,-25.244920193276023,-22.030340834213344,1.2627158659713875,0.1516347179508305,-0.13088790567217648,0.038932618603649286,247.2704117457248,237.28386049644143,32.5402040148529,-0.17312161126153042,-0.10207900732994991,0.9795962351789351,-0.1599653941318281,-0.3818555660065928,0.910273255341512,-0.39258239893716407,-0.9118237496200761,0.12023522642522963
K13J64F,1828,55.28502206493814,0.4478813844276902,8.785205845658584,128.6651663680358,105.2984722610671,9.57760265215065,-4.587407436160586,-31.22788925266468,1.9571805400545308,0.2011759427119224,-0.06270106414159957,-0.027432088443079768,233.96363862910292,243.54124128125358,30.523889844378246,-0.0402975780324925,0.14731856953192085,0.9882678504716137,-0.2634879720866301,-0.362176508187016,0.8940929848081437,-0.579462582916753,-0.8062268121983793,0.11925368879780752,55.28502206493812,0.4478813844276901,7.20802997345677,129.16651783528744,87.21957754511755,9.577602652150864,-13.85499498793918,-28.383288013622185,1.57607272939772,0.17352736527918586,-0.12054244394751445,-0.022659998969394468,216.38609538040498,225.96369803255584,30.52388984437824,0.0060864697082076,0.12532456704014205,0.9920971261840708,-0.36056143783027766,-0.2656937787503259,0.8940929848081438,-0.7989177921800112,-0.5935207578622308,0.09728037481866342,55.42347371984481,0.449689807308102,8.78530109348012,128.3817885636896,105.2835407075574,9.628103646346997,-4.596392371380588,-31.2282802578734,1.9573930330290412,0.20113540466779095,-0.06317139515672887,-0.027411759717915308,233.665329271247,243.293432917594,30.500102502422145,-0.040259617800123416,0.14733065105124143,0.9882675965726111,-0.2664415491723392,-0.36225657160559815,0.8931847945432132,-0.5836290946376814,-0.8031456248148017,0.1197254577491432,55.42347371984476,0.44968980730810193,7.208145237457897,128.88640804423315,87.20140957798571,9.628103646347355,-13.863680851588635,-28.380946613837164,1.5760459160637312,0.17334615357067434,-0.12097855722281706,-0.022644656815551483,216.08781762221886,225.7159212685662,30.500102502422116,0.006126306121560852,0.12532462423309124,0.992096873764926,-0.3634011425320506,-0.2648783350959419,0.8931847945432133,-0.8019707480416065,-0.5893249066035782,0.09766818183149613
K13J64K,1829,55.063607434622,0.4057232193746718,11.07939162275378,122.1801593478249,100.2787136402019,14.7174184887526,-6.353121478918627,-34.02611594813222,2.4130091257702233,0.1820423383522649,-0.07267151949634448,-0.03253597158905069,222.4588729880268,237.1762914767794,32.72302335586405,-0.03428999673809684,0.18908495501592998,0.9813618475925815,-0.2993272089397554,-0.2738878469886608,0.913995989739699,-0.7222403365257808,-0.6722459912056457,0.16264754410401053,55.06360743462197,0.4057232193746714,9.515588655636543,123.3941183610882,81.50182421529848,14.71741848875815,-16.395098476314658,-30.517410898660877,1.9620678064033104,0.15242445063180116,-0.12426730197957887,-0.028347427647343142,204.8959425763867,219.61336106514483,32.72302335586406,0.024430046386441823,0.16350086680022533,0.9862406599756123,-0.3680209136405956,-0.1707979445511245,0.9139959897396992,-0.8957122235253504,-0.4226692129523729,0.13802300188553443,55.24419161736433,0.4082518672128587,11.07747333904607,121.9322316178568,100.2687284695434,14.71825638524107,-6.36210641413737,-34.026506953341475,2.413221618744514,0.18201462451550976,-0.07313516786115865,-0.03251222201046811,222.2009600874002,236.91921647264127,32.69064723691038,-0.034251186442792264,0.189058597819807,0.9813682809311036,-0.3024302644255524,-0.27423625260398393,0.9128693295960898,-0.725234352781055,-0.6689142269408124,0.16306100251874947,55.24419161736429,0.40825186721285855,9.513711483833806,123.1480792022982,81.48997352083128,14.71825638524768,-16.403784339963067,-30.51506949887675,1.9620409930691305,0.15225738305152733,-0.12470091868648557,-0.0283282735214629,204.63805272312948,219.35630910837716,32.690647236910365,0.02445908171452487,0.16346385398225197,0.9862460756641576,-0.37108438762315793,-0.17019390219726255,0.9128693295960899,-0.8975706117419675,-0.4185886742890358,0.13838539913624465
K13L36Z,1857,55.24755801281964,0.3405973930901613,13.86075734304218,69.83723606011462,170.3357484467767,11.621586418415,-3.1290092236535116,-36.085264638635365,8.90722602701143,0.18483575408721759,-0.03678730480205138,0.0012919871734829898,240.17298450689134,251.79457092530635,36.430383779055816,-0.23616334577944043,0.04021650191099587,0.9708807893270437,-0.16940737539246495,-0.29547880692606415,0.9402092404460755,-0.4927942697587623,-0.8405842473860918,0.22488203738690635,55.24755801281957,0.3405973930901609,13.211291969043671,63.68495631759721,158.7351754335194,11.621586418414967,-14.12347222059177,-33.45429255109566,8.521357908115599,0.1649900618355616,-0.09090329211530247,0.005839691134245886,222.42013175111663,234.0417181695316,36.430383779055795,-0.21298219367271726,0.0828876918165382,0.9735338801108484,-0.25143525186223753,-0.22975399517916278,0.9402092404460756,-0.7296143718529383,-0.6524536084464491,0.204858871447761,55.32975133173566,0.3421634240985932,13.86322125093576,69.52851048986132,170.1890944384246,11.78548190349477,-3.1379941588735747,-36.0856556438441,8.907438519985966,0.18480616797684254,-0.037275004391203535,0.0012930637234983538,239.71760492828594,251.5030868317807,36.397934161545294,-0.2361007745825182,0.0408279663266794,0.9708704864229638,-0.17254011851850581,-0.2954754072549756,0.9396404584782023,-0.4996121947610543,-0.8366597561849027,0.22447295433227862,55.32975133173559,0.34216342409859246,13.209978439228447,63.38378907551719,158.58115847378784,11.785481903494768,-14.132158084241288,-33.45195115131064,8.521331094781637,0.16481457221410295,-0.09135927089123833,0.005835931506263244,221.96494754930504,233.7504294527998,36.39793416154528,-0.21273783648315978,0.08345175932228745,0.973539119293354,-0.2544169989140418,-0.2287964148636199,0.9396404584782027,-0.7349150040804702,-0.6466529195386314,0.2043035448286853
K13RA8Z,1881,56.16443307391167,0.4601132972800964,13.0138324118197,333.4491246876825,65.60535468312091,3.565093568969726,19.45886363389296,23.403486117725105,-1.8618138308630032,-0.15365122354411778,0.1483648006670011,0.04650441569960204,39.05447937080339,42.61957293977312,30.32243058240687,0.09300628441735001,0.20508215999483143,0.9743157284529145,0.35729970394456106,0.28989854759051725,0.8878602106559554,0.7660915215357764,0.6348007903566812,-0.10065653080417383,56.16443307391156,0.46011329728009565,11.886383792180613,338.5817104102493,43.01069711979192,3.565093568969681,25.66103071282476,16.432093497246022,-1.155289218774075,-0.10289827982320618,0.18784817844593432,0.04368614330762545,21.592407530041214,25.157501099010894,30.322430582406856,0.15061189196088823,0.14050044184160748,0.9785579614117269,0.42782496592054303,0.16932231060627503,0.8878602106559559,0.9244840922895182,0.3737268982145712,-0.07521548148181244,55.3638201044957,0.4523258152346764,13.0322695510715,333.5646934570275,65.59618844209233,3.619969955884549,19.449878698672954,23.40309511251645,-1.8616013378884944,-0.15345394036665005,0.14775300375923348,0.04647518883430394,39.16088189911983,42.78085185500438,30.321335041223715,0.09316862476945724,0.20535277995465923,0.9742432155901632,0.35072249968058644,0.28564378401343804,0.8918527663646536,0.7649337014521322,0.6362376625199291,-0.10038958697951068,55.36382010449563,0.45232581523467563,11.904931765496464,338.6902902592789,43.008712948579536,3.619969955884577,25.65234484917532,16.43443489703111,-1.1553160321080647,-0.1028942185570094,0.18720536782183153,0.04365701727496741,21.699003207858482,25.31897316374306,30.32133504122372,0.15084839632197924,0.14071129863162182,0.9784912323390995,0.4202735574463341,0.16723869181238188,0.8918527663646539,0.9238073066565935,0.3754463953152747,-0.0749670888634307
K13TM8B,2136,56.45440578334198,0.473912657248403,20.56923929311194,292.4251034674616,65.57453159689094,15.13715529339202,23.247918332335914,22.6948708244614,-4.421604103703359,-0.09089837618232534,0.17771706257941855,0.058635021978296994,357.99963506435256,13.136790357744587,29.699948325178777,0.14528192771024145,0.3198941851053488,0.9362482960286662,0.4736238571083708,-0.01654232988523107,0.8805718558412811,0.9457341735842876,-0.010537461249979285,-0.32477043403802913,56.45440578334196,0.4739126572484029,19.423689848279402,295.60334242200565,45.00528695090917,15.137155293970018,29.128251136057695,14.611997368581573,-3.62049306464667,-0.03457065588503639,0.1968730433862221,0.05770450126602759,340.60862937291483,355.74578466688484,29.699948325178767,0.23512743422835927,0.23517083086015972,0.9430852400423467,0.44702885961562416,-0.15734803898046146,0.880571855841281,0.9069762589397004,-0.2957293508814192,-0.2998970102335133,55.60980325291651,0.466403517611518,20.60003728942342,292.0367776124761,65.5522512465313,15.65411738338295,23.238933397138148,22.694479819207714,-4.421391610742987,-0.09074315280236704,0.1770855924577734,0.058597664631771254,357.5890288590074,13.24314624239031,29.673195402071812,0.14561457157642754,0.32029575518177256,0.9360593067520623,0.46599065410493257,-0.019620181631540334,0.8845720766334434,0.945159550529411,-0.017537546091186962,-0.32613779069611265,55.60980325291655,0.46640351761151844,19.4548745960815,295.21148518781524,44.98691308702078,15.654117383941141,29.11956527241624,14.614338768317012,-3.6205198779945813,-0.03461239088381206,0.1962241838893873,0.05766597949555687,340.198398274836,355.8525156587771,29.673195402071812,0.2355658431116841,0.23545825662688574,0.9429041006090222,0.43882568349198986,-0.15800082515033234,0.8845720766334432,0.9043525996886739,-0.30222883717553756,-0.30133719553991273
K13U17D,2190,56.23416915120859,0.4037428980139183,26.30683001804916,341.9872856885868,16.76048461266476,14.06332014183059,29.73948691355596,18.578323298546973,4.554749450739977,-0.07366141599136192,0.16078109040013933,0.08661163103633183,358.74777030125153,12.81109044308215,33.530022730694746,0.4243512336039248,0.12779991602927745,0.8964336071353733,0.4036464750787734,-0.008823313048875518,0.9148724896417657,0.9905258981873626,0.008811347114446644,-0.13704307783374947,56.23416915120861,0.4037428980139188,26.37338473848869,345.5426342337213,355.9916934112339,14.063320141833259,33.82386862968395,8.726808942576183,5.488682685997637,-0.024029956952318035,0.1755213756195804,0.08598224081962412,341.53432764495517,355.59764778678846,33.53002273069473,0.4431324592922742,-0.031051399098324217,0.8959182072798931,0.38295562638552455,-0.12788008412707658,0.9148724896417655,0.9503299726666307,-0.2908149798641447,-0.11090351905173347,55.47837656602091,0.396070698941519,26.37219521854768,341.5290665071084,16.80821926987769,14.55443019960207,29.73050197833595,18.577932293338097,4.554961943714412,-0.07351774560219415,0.16016097153319622,0.08655552250059433,358.33728577698605,12.891715976588102,33.50501718337622,0.42522333084887065,0.12844905568610995,0.8959274295360862,0.3959039349815929,-0.011492294205860497,0.9182200179913181,0.9900442850077408,0.0025482176961907355,-0.1407331528463862,55.478376566020884,0.3960706989415187,26.43731249420117,345.0764656582263,356.0483306274418,14.55443019960463,33.81518276603444,8.729150342361056,5.488655872663571,-0.02407875680464382,0.17488682697647978,0.08592476602865302,341.12479628566814,355.67922648527275,33.50501718337622,0.4441599052413649,-0.030682214705369103,0.8954220123923442,0.37477217699205573,-0.12813201751575756,0.9182200179913182,0.948081468089111,-0.29664003470484107,-0.11465696523241238
K13U17O,2200,55.79127330164138,0.3968847995874467,3.828120083651814,244.1268767683095,158.6111740649237,357.0080344158693,27.540304974512424,19.385648472480177,-1.8798721053741065,-0.12345229335879064,0.16148645608960657,-0.00704873387258549,42.73805083323316,39.746085249102464,33.648564978590976,-0.06216538910352758,0.024348364907349377,0.9977688216836331,0.29149762083025443,0.26934491120841497,0.9178684305805666,0.7337319220959253,0.6767783201167493,-0.060071390173440896,55.79127330164125,0.3968847995874456,3.0891322146571523,220.70709867737972,164.4075723157851,-2.991965584725004,32.14927592025919,10.160740233578148,-0.994534880775554,-0.0686834271307509,0.1912344480245946,-0.008944361991518032,25.11467099316485,22.122705408439845,33.648564978590954,-0.05190617819001959,0.01448507083311253,0.9985469099589992,0.35936337018162795,0.16845032595774076,0.917868430580567,0.9052054169257967,0.42351846895912704,-0.03514626038018092,55.00221079325686,0.3884775150071172,3.83246939379976,244.363891636853,158.708292430652,356.8032625280105,27.5313200393975,19.385257467135904,-1.8796596123935576,-0.12327525087011681,0.16086586445509996,-0.007042066993976943,43.07218406750496,39.875446595515484,33.6350886243948,-0.06227714159662536,0.02427045996930544,0.9977637507984705,0.28378045734797086,0.26529875931387514,0.921458203248468,0.7297618224115825,0.6810407135785853,-0.06025967971120664,55.00221079325683,0.3884775150071169,3.0957011400275274,220.9628006327222,164.48590072048867,-3.196737472716975,32.14059005666877,10.163081633202205,-0.9945616941018747,-0.06870229820621565,0.19058936776963237,-0.008938212678187939,25.44870135321088,22.251963880493904,33.63508862439479,-0.0520362432738475,0.014444718220754781,0.9985407250089843,0.3507836863014788,0.16692988076090642,0.9214582032484682,0.9027144903093564,0.42878101318710893,-0.035403272670129764
K13V46M,2234,56.43778386248666,0.4400121671654525,8.576111142239883,198.3929851109397,175.0347347551044,6.156319780113219,27.49060554637721,16.248307971296963,-2.8000308934870013,-0.09142465577355996,0.1886187549815933,-0.027145373185656674,13.427719866044072,19.58403964615729,31.604472275138505,-0.1485634727110776,0.012906870598799872,0.9888186422531539,0.4279838379425235,0.10217896903779139,0.8979918110686543,0.9723582818835317,0.2287036620398158,-0.04705323179213089,56.437783862486654,0.44001216716545233,8.102030268622778,187.99196565648728,167.74409545015084,6.1563197801131615,31.179909273990233,7.184977843905614,-1.9417593283984955,-0.029417007349453038,0.2074244253267661,-0.027966429088674832,355.7360611066381,1.8923808867512548,31.60447227513851,-0.13772426689411435,0.02991773203220812,0.9900186642778649,0.4387942691508954,-0.03271538803024528,0.8979918110686544,0.9969375377357559,-0.07570721819646856,-0.019594972985965416,55.54282201615428,0.4311589926657818,8.592236397509783,198.1659946487743,175.1132537778208,6.379407901806466,27.481620611157066,16.247916966088358,-2.799818400512483,-0.0912690796573627,0.18797997805228334,-0.027125236630030598,13.279248426595132,19.658656328401598,31.5950348258544,-0.14885829543474743,0.012726971057669999,0.9887766340726093,0.4196307191888214,0.09903603621734966,0.9022759683397471,0.9729640514745567,0.22621085161403937,-0.04657902049493258,55.542822016154275,0.43115899266578217,8.120005141571134,187.78213887370745,167.8051822752477,6.379407901806574,31.171223410340684,7.187319243690785,-1.9417861417324784,-0.029462196556857608,0.20676849381624235,-0.027947530325267166,355.58732114895514,1.966729050761728,31.59503482585437,-0.13805966001935116,0.029836484404081324,0.9899744009184006,0.4298809299831339,-0.03317322705749253,0.9022759683397469,0.9967489903756034,-0.07826656245037739,-0.01912577808656259
K13WC3K,2263,56.04246782400848,0.4539854699566886,15.05329763403748,188.2854783503416,169.9550347257966,23.07531352189692,18.45221526874023,30.176402520692264,-8.857021683226092,-0.1274410659251905,0.140667395885387,-0.031273827711424805,358.2405130761382,21.31582659803513,30.600001731393395,-0.25573629154360833,0.045300176644415525,0.9656846499678388,0.4537714251721411,-0.013939176053101961,0.8910090869728572,0.9986660040603872,-0.035573239406899826,-0.03742668796671699,56.04246782400844,0.45398546995668854,14.387794559583362,182.64814517307104,157.82533653973758,23.075313521896927,26.939654930836088,23.19268892226058,-8.117913726730514,-0.07810357628505972,0.17259289303879555,-0.03343827885869056,340.4734817128086,3.548795234705551,30.600001731393373,-0.23010510380781074,0.09378547496356529,0.9686361163447578,0.42787535542382865,-0.15174151426925866,0.8910090869728572,0.9419399631337246,-0.3355850162690717,-0.011480536020774331,55.34487154689355,0.4477239388757327,15.06760219270892,187.6632476215096,170.0949323959117,23.73512364580641,18.443230333520127,30.176011515483545,-8.856809190251562,-0.12726134998128377,0.14006075812658658,-0.03125092407877649,357.7581800174213,21.49330366322772,30.565647661346905,-0.2560836301382511,0.04471708809109039,0.9656197783847786,0.44738126490243824,-0.017513687695491702,0.894171837264851,0.9984460021615648,-0.043633438842476835,-0.034665599408756416,55.344871546893465,0.44772393887573203,14.405600828082713,182.02555543825244,157.96517945974162,23.735123645806475,26.930969067186535,23.195030322045632,-8.117940540064485,-0.07811613355105428,0.17196030719722483,-0.033415712613983684,339.99073489799406,3.725858543800541,30.565647661346894,-0.23061235341949124,0.09333650741316842,0.9685588463455564,0.4206981137903527,-0.15319863738179812,0.8941718372648513,0.9392203769168989,-0.34320221523197,-0.008793352258781605
K14F70L,2281,55.15247403065324,0.4135790265768054,8.900648151413229,25.37864609996074,257.4956010915282,288.0726941899862,-54.31632759624762,16.11702285491156,-8.851056406060815,0.017147775630239302,-0.12807410638322808,0.006964477172946912,282.87424719148896,210.9469413814752,32.34256750775314,-0.03349947238884854,-0.15105147215680836,0.9879581155640809,0.09215035612929695,-0.40318224550376924,0.9104682250225881,0.21777325871240807,-0.9737439797986839,0.0663134194232132,55.152474030653224,0.41357902657680523,10.296860989200352,20.947218869566303,244.28300026864392,-71.92730581001383,-46.64863875478772,31.77178590359165,-10.140078479654598,-0.022524887574979554,-0.12727089411903406,0.006346323904127684,265.2302191382102,193.30291332819638,32.34256750775313,-0.07756361427691767,-0.16104299009260095,0.9838948323283012,-0.03439002992442231,-0.412146742151403,0.9104682250225883,-0.08833966859308195,-0.9940384263168585,0.06390391191756557,55.51169370831708,0.4132010262718064,8.900050299731415,24.47153005182846,257.583861096297,288.9948875126868,-54.32531253146775,16.116631849702955,-8.850843913086297,0.017230581590361085,-0.1285006214275301,0.006961751763502928,282.05539114812547,211.05027866081218,32.57420489795428,-0.03326453235854958,-0.151092828702405,0.9879597299493905,0.08630001989714088,-0.4040883500892189,0.9106398365368857,0.2039863021010095,-0.9768737630010598,0.06408775011891947,55.5116937083171,0.41320102627180655,10.297318580659642,20.05210844959167,244.35942275122414,-71.00511248731317,-46.65732461843727,31.77412730337682,-10.140105292988581,-0.02257469619290249,-0.12770249768259154,0.006342224707939177,264.41153120081583,193.40641871350266,32.57420489795429,-0.07735214263041643,-0.16115338707001683,0.9838934047275371,-0.04023859062647312,-0.41123708968971817,0.9106398365368856,-0.10236131834663337,-0.9928572805482221,0.06129095340038462
K14KA2B,2319,55.49036405380039,0.4092793064904304,11.13446571833395,45.72448042107994,214.9880009262555,3.137280888595622,-0.9182559530835546,-32.46083215214022,5.13057024582425,0.20514174799606766,-0.010559714931519741,0.02485415666140287,260.7124813473354,263.84976223593105,32.779306336959465,-0.15821146195815317,-0.11073148747648973,0.9811766767439531,-0.06605311252001535,-0.4039140218508214,0.9124091457666962,-0.16911680758115027,-0.9758492945790597,0.13826662526839922,55.49036405380033,0.4092793064904299,11.702835292629478,38.277699285810506,204.70550713346847,3.137280889803026,-10.818309429632968,-30.666997124474282,4.834360092538724,0.19161068084550506,-0.07203492489809116,0.030144485971981803,242.98320641927899,246.12048730908202,32.77930633695945,-0.18426979188646186,-0.08477609417140326,0.9792127744546439,-0.18591579503169875,-0.36461605543231174,0.9124091457666964,-0.45963369278454824,-0.8791749536566154,0.1256513800963905,55.47102348177406,0.409247348798179,11.12140737890875,45.3930887888841,214.8775303518319,3.30086673044671,-0.9272408875488427,-32.46122315739403,5.130782738890105,0.20509855188989348,-0.01106499343474807,0.02483944077878361,260.270619140716,263.57148587116274,32.769654186736496,-0.15824120895619825,-0.11029836349071183,0.9812206636630476,-0.06916068162189266,-0.40336111936567903,0.9124234803541947,-0.1766399860082769,-0.97464868528233,0.13732536408261167,55.47102348177408,0.40924734879817937,11.687121344557239,37.93185975171809,204.60956985145202,3.3008667321654417,-10.826995292579374,-30.66465572496023,4.83433327931549,0.19141734888181536,-0.07250355010428722,0.03012443617028454,242.54142960317012,245.84229633533556,32.76965418673649,-0.18416731259360153,-0.08435559025888208,0.9792683673866558,-0.18870686233646655,-0.36314337747708486,0.9124234803541946,-0.4664142234964035,-0.8757578562948856,0.12452288648290197
K14P82M,2355,56.06176753795887,0.3497032022437379,23.60966683602786,316.1764219131528,358.3613292988393,29.43589176187822,40.51323623577769,9.067159501845692,4.467927258136805,0.0009764046229243234,0.15887098306896438,0.06942475464340388,314.53775121199214,343.97364297387037,36.456787906490625,0.40033984476056617,-0.011452922155476952,0.9162951703851693,0.24527450350692667,-0.24926441300144567,0.9368605394296823,0.7030365189182806,-0.6548515974898066,-0.27732478852838693,56.06176753795895,0.3497032022437385,24.172766059056464,319.81879724335363,337.44845176650824,29.43589176261468,41.220791888127074,-3.5945255941400234,5.605690642608895,0.04699077031675808,0.1511541626233125,0.07074620704508866,297.26724900986187,326.70314077247656,36.45678790649064,0.3781777711936602,-0.15704512812070717,0.9123148585376357,0.1602135617883432,-0.31084392269854305,0.9368605394296821,0.47983889455454265,-0.8366302046976655,-0.2642054803750613,55.40231438436314,0.3441958878394505,23.67756809541536,315.0337134740611,358.4066000443784,30.50012414691992,40.50425130055816,9.06676849664392,4.468139751115563,0.001070049367557932,0.1582521444423715,0.0693801655298706,313.44031351843955,343.94043766535947,36.333065596476914,0.40143396963875233,-0.011166787962146072,0.9158198899711022,0.23666859727138503,-0.24991755494799192,0.9388978596175478,0.6892527497111934,-0.6666247653673052,-0.2837993467479171,55.40231438436324,0.344195887839451,24.23937840395104,318.66766948479756,337.5031510417408,30.50012414767851,41.21210602448005,-3.5921841943485227,5.605663829279223,0.046894369159519014,0.1505359459889023,0.07069894413332854,296.17082052653836,326.67094467421686,36.33306559647695,0.3793072170014641,-0.1570897546660051,0.9118381677192388,0.15180719765311657,-0.3089099932768371,0.9388978596175476,0.46332736614860404,-0.8436896191146228,-0.2711375635651031
K14UN0A,2521,55.75668321986054,0.2288788993859948,12.65567555040156,129.7297864395171,10.37533103230516,276.0704944201976,49.60643608452207,28.36163629339606,4.258307737774049,-0.08892694905799053,0.09212739394085914,0.023944877935775016,140.10511747182227,56.175611892019845,42.995154931085295,0.215509115864437,0.039457417874752,0.9757043267066032,-0.17560102786669116,0.1467986021605992,0.9734549036374801,-0.7638573520331295,0.6230016153360498,0.16849609204254057,55.7566832198605,0.22887889938599482,12.947256951507596,136.73676533485926,345.9597087635047,-83.92950557990825,55.7178729901029,12.051740916170047,5.795538748426704,-0.05758114626670468,0.11468628913260448,0.022367003421577658,122.69647409836398,38.76696851845573,42.99515493108526,0.2173604804608104,-0.05435643598521416,0.9745767283291916,-0.1236377571378507,0.19261167045136748,0.9734549036374801,-0.5444156374910875,0.8246406875834301,0.15355569034425404,55.32995585049126,0.231868940192802,12.70517127164962,131.5698315617845,10.45678046792252,274.3306082998837,49.59745114930844,28.361245288181017,4.258520230746809,-0.08877304701782684,0.09155328988765024,0.02393077149343364,142.02661202970702,56.357220329590746,42.50065762652333,0.2162816032826688,0.03991669896420024,0.9755146975957255,-0.1827815026178892,0.1426678931185281,0.9727470352429078,-0.7849719078405473,0.5972810179725419,0.16454327537415697,55.32995585049126,0.23186894019280202,12.9942068529667,138.55305658406266,346.0656280322627,-85.66939170023352,55.70918712645765,12.054082315947113,5.79551193509108,-0.0576074585938485,0.11409251491706174,0.022352166441095292,124.61868461632537,38.94929291609185,42.50065762652333,0.21823561816005355,-0.054146814518655995,0.974392804490972,-0.13172756126635787,0.19081681013199842,0.9727470352429077,-0.5721938993284061,0.8064998756641826,0.14883578912684917
K14UN1O,2524,55.93093582533312,0.2412388204567906,23.08959527304513,232.3117446368777,213.6607200063642,328.0185456334181,37.619723057785,26.045233829615963,-0.35244411486153737,-0.10474442874105243,0.10495356056828599,-0.06199292945296743,85.97246464324189,53.991010276660006,42.43822283978531,-0.3264166070324763,-0.2173696511461624,0.9198927292972815,0.016943620273497637,0.24064305979481554,0.9704657806974012,0.10537285346483227,0.9447664105768353,-0.31034334405371344,55.930935825333115,0.2412388204567908,23.57299973621794,228.51628967107723,199.56368101044245,-31.981454366582884,43.723033826486606,13.464457792484323,0.8524519929174612,-0.06641336117072456,0.13169135459432146,-0.06384685672396459,68.07997068151968,36.0985163149368,42.43822283978529,-0.3768299012251376,-0.13391399820818353,0.9165512896868083,0.09005737320102807,0.22379865510658123,0.9704657806974011,0.3942455658166203,0.8687997051191603,-0.2995955710934208,55.406993063683,0.2368023790603616,23.15651516053572,233.9189353273946,213.67051639846,326.5806636654823,37.61073812256509,26.044842824407084,-0.3522316218869257,-0.10457992511033472,0.10437085983785033,-0.061949436488392615,87.58945172585459,54.17011539133688,42.28648528962191,-0.32727337961301484,-0.21802097997628614,0.9194340581503686,0.009959811837189858,0.23659283352801488,0.9715578383561901,0.07815882729377138,0.9449261986509275,-0.31781390280975813,55.40699306368301,0.23680237906036183,23.64002756144031,230.13382838197958,199.56222012564757,-33.419336334518775,43.71434796283719,13.466799192269162,0.852425179583575,-0.06643375374783207,0.1310861828144779,-0.06380390927448326,69.69604850762715,36.27671217310838,42.28648528962191,-0.37784339972013103,-0.13426331452927126,0.9160828170310517,0.08217050455830008,0.22208866452226164,0.9715578383561901,0.3685667909616699,0.8771727489086196,-0.30777668718132706
K14UR6Y,2533,56.13252718260578,0.4344764869836311,23.99748079844034,289.8191069952616,65.10770718572832,18.26329618658995,24.827376957421276,24.43362233420573,-5.4473876064012785,-0.082496150816204,0.16711818985220764,0.06462827624957201,354.92681418098994,13.190110367579905,31.74426396679404,0.1711841581057591,0.36891463411919584,0.913563340303409,0.43277445075641746,-0.038419949428891494,0.9006831752943776,0.9223200168281659,-0.05420077169405174,-0.3826069300285361,56.132527182605784,0.43447648698363106,22.85647255337436,292.56433917793663,45.00619909442645,18.263296187132937,31.186648891564108,15.792403277720155,-4.589935546281762,-0.029929562748399634,0.18423119559085355,0.0638279422730646,337.5705382723631,355.833834459496,31.744263966794044,0.27462753757034314,0.2746869704386485,0.9214807561090393,0.401608324851928,-0.16577264898428087,0.9006831752943777,0.8730731398127743,-0.3302800022986903,-0.35868985575151263,55.35886665464188,0.4271603738902512,24.03502278312655,289.3541822983541,65.08304312599651,18.87160075253574,24.818392022222564,24.433231328952534,-5.447175113443219,-0.08234655898787333,0.1664938235746163,0.0645869019528569,354.4372254243506,13.308826176886328,31.711752476304497,0.17159510248444657,0.3693837088605924,0.913296663977125,0.4251487006147479,-0.04140733494986899,0.9041758761313757,0.9211013617918901,-0.062472089415553655,-0.3842779194140367,55.35886665464181,0.4271603738902505,22.894452014772256,292.09639102201237,44.98502864583837,18.871600753055077,31.177963027921965,15.794744677456345,-4.589962359632006,-0.0299744084178068,0.183590809232406,0.0637853162953632,337.08141966785075,355.95302042090583,31.71175247630449,0.2751609806320208,0.27501721938220647,0.9212230803561665,0.3934399789683787,-0.1663459286289279,0.904175876131376,0.8694602695977194,-0.33779678713124156,-0.36046105225789893
K15KH4E,2768,55.23998935324621,0.2870195553824841,24.11555353179709,9.20646888417641,212.6736621331882,13.6722913497518,-16.629753030532626,-35.446911935972,9.3379832367402,0.14913798209839907,-0.07286833955780664,0.06349889390488359,221.88013101736462,235.5524223671164,39.38503216974433,-0.3439244268555542,-0.22057236853950943,0.9127232980750242,-0.21369842719715143,-0.19160690850129233,0.9579247229443664,-0.7520814053814187,-0.6558203921250518,0.06536951087818783,55.2399893532462,0.2870195553824838,24.57107169983113,5.538779088868474,198.43311380839808,13.672291349751768,-26.80773466376223,-28.76750259986369,8.602693702954962,0.11836397259552303,-0.11451529134737104,0.06678517934744853,203.97189289726654,217.6441842470183,39.385032169744335,-0.3944872856917087,-0.13148172397803454,0.9094461708574907,-0.2622626483421847,-0.11661272853553442,0.9579247229443665,-0.91650850687149,-0.39799666925937444,0.04013487374635732,55.44209116753522,0.2900565146187891,24.06496549344961,8.970476534785124,212.5794227417902,13.7419175003938,-16.63873796575273,-35.447302941180695,9.338195729714716,0.149132322250019,-0.07333185600491635,0.06345827657134762,221.54989927657533,235.29181677696914,39.3607514403028,-0.34360756008950716,-0.21957236736546357,0.9130836873687218,-0.21707201773400608,-0.19238638410679476,0.9570095184099269,-0.7556759306571471,-0.6518521348784705,0.06358208930064234,55.442091167535246,0.29005651461878945,24.51812382990699,5.293719765865837,198.34850379014506,13.741917500393722,-26.816420527411772,-28.765161200078616,8.602666889620977,0.1182197338887518,-0.11495544429305571,0.06674057129568053,203.6422235560109,217.38414105640462,39.3607514403028,-0.393883144830283,-0.13063441149758265,0.9098300493780619,-0.2657113309815595,-0.11631968991021312,0.9570095184099268,-0.9186863021867909,-0.39312797251756276,0.038286752259634536
K15Ta0Y,2901,56.19378654280447,0.43011045159802,9.966465034243248,242.080740883285,44.24633653659627,48.60758597499784,44.21467455456576,20.322848757509597,-2.8629496173664966,0.0010791189416487004,0.1512448731309289,0.018906236398307182,286.3270774198813,334.9346633948791,32.02425163587609,0.12397934840559155,0.12075988514107891,0.9849092198317764,0.12091276717305874,-0.4127651914931859,0.9027762731851936,0.27181630860850753,-0.9501205369908025,-0.15292762851347036,56.19378654280452,0.4301104515980202,9.363816592236544,250.7841786882254,18.083483175610667,48.60758597499778,48.34872908365567,6.017221119754122,-1.5315201890952124,0.04617764269842187,0.14385328906681955,0.02018609571721634,268.8676618638361,317.47524783883387,32.02425163587612,0.1546662217633064,0.050503368982006615,0.9866751084155975,-0.008499731882937686,-0.43002645864152483,0.9027762731851935,-0.023667381245169983,-0.9878437250151197,-0.15363798362790457,55.59251029554594,0.4283939384842886,9.997168025164923,240.9977610416714,44.18851148520111,49.7649549284975,44.20568961934565,20.32245775230087,-2.862737124391974,0.0011726948425378192,0.15063114586828202,0.01889550708150464,285.18627252687253,334.95122745537003,31.777015859808657,0.12447958882431202,0.12100255675710114,0.9848163347672371,0.11222120357171979,-0.41343411566898425,0.903592072491741,0.2527017671321565,-0.9555571099106801,-0.1518302558366869,55.59251029554591,0.42839393848428853,9.395681581672042,249.67614475910713,18.05115528999112,49.764954928497545,48.34004322000611,6.019562519539168,-1.5315470024291917,0.046081786536144094,0.14323996580820425,0.020172720479754092,267.72730004909823,317.4922549775958,31.777015859808635,0.15521639819473815,0.050586121482560774,0.9865844687834915,-0.016988259837113162,-0.42805696531862103,0.903592072491741,-0.04355391555150501,-0.9872522654736633,-0.15308827766113225
K15Ta3S,2914,56.16675004140993,0.4491944087066017,14.60067395166671,227.8235514128678,125.7091638087102,18.4025722241274,24.322530034043027,23.302721119114604,-8.687646472817374,-0.09592738970039244,0.17449636463391752,-0.006240471516986406,353.532715221578,11.935287445705399,30.936959967587295,-0.14713224026120825,0.20468708776200656,0.9677062054049393,0.44633588436220173,-0.05059540635161304,0.8934340396395956,0.9742035337436291,-0.12660447253632645,-0.18681215799627246,56.16675004140985,0.4491944087066013,13.109326732229993,225.65776327604027,110.2297592770661,18.40257222557432,30.453349475524092,14.86683607342907,-7.851634921224727,-0.03854811652350701,0.19532195196541471,-0.0073052476240529655,335.88752255310635,354.29009477868067,30.936959967587278,-0.07842758092335667,0.21281875569473255,0.9739390595797337,0.41000005498141917,-0.18350905080814536,0.8934340396395958,0.8952567538994278,-0.41497406321857533,-0.16220934453145747,55.35645585573418,0.4418467294360874,14.60134204617903,227.2321308189643,125.7713481127921,19.03878427793953,24.31354509887799,23.302330113802398,-8.687433979839323,-0.09576879564786618,0.1738670531699124,-0.006234346372449802,353.0034789317564,12.042263209695932,30.897386882704886,-0.14736090073633468,0.204536436792427,0.9677032659645382,0.43855653966928193,-0.05382094226853121,0.8970905571271124,0.9733167959404592,-0.13566844297914465,-0.18506347105740073,55.356455855734275,0.44184672943608816,13.110587708657363,225.0593657342588,110.29870934618127,19.03878427934079,30.44466361189567,14.869177473098834,-7.851661734554595,-0.03858718564799373,0.194674132080327,-0.0073001969194155915,335.3580750804401,354.3968593597809,30.897386882704893,-0.0786910673494219,0.21274432484130734,0.973934067669483,0.4016083051302196,-0.18422622387651585,0.897090557127112,0.8916266115912256,-0.42334673536385325,-0.1605600422244505
K15VG7F,2990,55.92727756423803,0.2779651982621282,36.58749932715017,17.65352319228245,50.90059155065729,355.5844723384728,20.995823095113003,34.36611854093264,3.993522552656429,-0.13045515531420612,0.06119915062948017,0.10380437452872333,68.55411474293973,64.13858708141254,40.38144076783353,0.3759093524320654,0.46256611212812065,0.8029475391735005,0.10163027571874154,0.2587198069383881,0.9605911453657564,0.41199780147469417,0.8930757552673596,0.18075814486117586,55.927277564238025,0.2779651982621283,35.741294508354834,19.912264230793202,31.494545463137914,-4.415527661708338,30.27461571468173,26.418312331061383,4.829423391682103,-0.10869356666215398,0.09774759951387503,0.10084813886561268,51.406809693931116,46.99128203222278,40.381440767833524,0.498078639168651,0.30515776331943767,0.8116627431943534,0.1733909957846499,0.21725610239004062,0.9605911453657564,0.6572966777095102,0.7268996272298575,0.1989422262998347,55.50843301192461,0.2728537103246131,36.66227487403562,18.31196135729384,50.93086402462568,355.1566916214419,20.986838159989873,34.36572753567942,3.9937350455536293,-0.13027341919097649,0.06064577608471732,0.1037367426384265,69.24282538191952,64.39951700336144,40.36275111031574,0.3763250346030768,0.4635778495305641,0.802168963346009,0.09670157419819737,0.2551430045788017,0.9620555351756426,0.40266569824177123,0.8959161236841785,0.18760233149452765,55.50843301192452,0.27285371032461214,35.815301067266674,20.565871670383306,31.53044670814433,-4.843308378844491,30.265929851113277,26.420653730774717,4.829396578273007,-0.10868562113215899,0.09716517837482865,0.10078070027719203,52.096318378527634,47.253009999683144,40.36275111031573,0.49878052438055576,0.3060177995829739,0.8109075747809072,0.16762383039539472,0.21529374984305352,0.9620555351756429,0.649073038317177,0.7324263140113945,0.2055623639516505
K18VD7O,3226,55.76550847631953,0.1861582818196212,38.82145393355337,132.2974201882277,42.74870197285205,241.1811677377902,47.2737154705702,40.14783908018471,-2.0973415241496483,-0.07132857534588678,0.06034360646183373,0.07461345612756348,175.04612216107975,56.22728989886991,45.384297233570365,0.4603531788500195,0.4255267607527389,0.7791032836575413,-0.1854628939354213,0.01607547396290941,0.9825197677960309,-0.8853588308834104,-0.03362877281246962,0.4636904637965804,55.76550847631951,0.18615828181962157,38.17264884748841,134.60968184501488,23.356537732913235,-118.81883226220981,57.22905581944603,23.991995707859008,-0.5208748780308816,-0.05180468885401694,0.0790712671431672,0.07321402367106133,157.96621957792811,39.147387315718305,45.38429723357033,0.5673888375258126,0.2450202469197399,0.7861520117957448,-0.1725618083079191,0.06983787084050194,0.9825197677960309,-0.8666070556738863,0.23538842369641405,0.4399823871997098,55.46387147252779,0.191670743531138,38.95591559287411,133.3941648288906,42.74228526611711,240.3404713692034,47.26473053535012,40.14744807497601,-2.0971290311751467,-0.07118646853207375,0.05979080534109489,0.07456538931152809,176.13645009500772,56.47692146421116,44.83306998827292,0.461742364098497,0.4267149666308907,0.7776299418424736,-0.19123514234761796,0.012914885096878364,0.9814592839615002,-0.8880599767068622,-0.05128896823720125,0.45685765781977494,55.46387147252775,0.19167074353113822,38.307163639251705,135.6996657798923,23.35878638197675,-119.65952863079671,57.22036995579649,23.99433710764407,-0.5209016913648812,-0.05183487282430678,0.07850136372682076,0.07316510671694335,159.05845216186907,39.398923531072356,44.83306998827287,0.5690720543074672,0.24577362381841575,0.7846988739901715,-0.17901003633511087,0.06850606408984279,0.9814592839615002,-0.8743254989971407,0.21936920097179807,0.4329342622943993
