ids,indices_mrt_plutinos,aau_HE,e_HE,ideg_HE,wdeg_HE,Wdeg_HE,Mdeg_HE,xau_HE,yau_HE,zau_HE,vx_HE,vy_HE,vz_HE,pomegadeg_HE,lambdadeg_HE,qau_HE,q_HE,p_HE,s_HE,k_HE,h_HE,f_HE,k2_HE,h2_HE,f2_HE,aau_HI,e_HI,ideg_HI,wdeg_HI,Wdeg_HI,Mdeg_HI,xau_HI,yau_HI,zau_HI,vx_HI,vy_HI,vz_HI,pomegadeg_HI,lambdadeg_HI,qau_HI,q_HI,p_HI,s_HI,k_HI,h_HI,f_HI,k2_HI,h2_HI,f2_HI,aau_BE,e_BE,ideg_BE,wdeg_BE,Wdeg_BE,Mdeg_BE,xau_BE,yau_BE,zau_BE,vx_BE,vy_BE,vz_BE,pomegadeg_BE,lambdadeg_BE,qau_BE,q_BE,p_BE,s_BE,k_BE,h_BE,f_BE,k2_BE,h2_BE,f2_BE,aau_BI,e_BI,ideg_BI,wdeg_BI,Wdeg_BI,Mdeg_BI,xau_BI,yau_BI,zau_BI,vx_BI,vy_BI,vz_BI,pomegadeg_BI,lambdadeg_BI,qau_BI,q_BI,p_BI,s_BI,k_BI,h_BI,f_BI,k2_BI,h2_BI,f2_BI
15788,7,39.58806754407301,0.3243694084868677,1.936047336841986,78.86708951639582,354.6939971250002,0.5354947997575599,7.069902574050524,25.7815342082677,0.8898659077891509,-0.2143158769297798,0.05981908424733283,0.0013434743074649215,73.561086641396,74.09658144115356,26.746909491663885,0.033639206800705694,-0.0031241696057462904,0.9994291587351721,0.09179424779575415,0.311109834678578,0.9459304873181112,0.28294113021572953,0.9585642974110851,0.033148221084070555,39.58806754407301,0.324369408486868,2.9355242169858577,108.57660941810495,307.4266845977077,0.5354947997579815,14.497590517161498,22.441463079188736,1.2897650695405565,-0.18620020036974025,0.12176436623658643,-0.0037877915539113027,56.003294015812685,56.53878881557067,26.74690949166387,0.03112396752730291,-0.04066919029974223,0.9986877968643267,0.18136961075642297,0.2689248546642431,0.9459304873181112,0.55815747089569,0.828313784264392,0.04854392321320023,39.31509086230199,0.3197291080925065,1.937433898615991,79.15664204908057,354.8330255442272,0.3416361057024372,7.06091763883042,25.781143203058967,0.8900784007636753,-0.21407793355673554,0.05926663468511513,0.0013445163484734784,73.98966759330779,74.33130369901022,26.744911926322327,0.03367077653236673,-0.003044713007332287,0.9994283408681237,0.0881847091124829,0.3073274469362873,0.9475089959669883,0.27576013643076347,0.960652802598987,0.033204517981720576,39.315090862301915,0.31972910809250565,2.934397954448655,108.91211802698967,307.51979965977523,0.341636105705464,14.488904653511941,22.443804478973775,1.2897382562065791,-0.186140306387253,0.12116584797350394,-0.0037850984073840846,56.431917686764905,56.773553792470366,26.744911926322306,0.031178064415423486,-0.04060298469891153,0.9986888033480938,0.17678700651251888,0.2664076892470857,0.9475089959669886,0.5519436433638403,0.8324739322951942,0.04842898511456136
15789,8,39.82819741934742,0.1875653929950001,5.146473461121167,319.2199269076414,354.5018115117812,73.35905705273215,25.799877152771508,29.180241711801877,2.838675586981978,-0.0992367941011095,0.12706294953284702,0.01053493853125723,313.72173841942265,27.08079547215482,32.35780591810507,0.08928947207702703,-0.008594749063480907,0.9959686342775769,0.12963707057934706,-0.13555444139154654,0.9822521180178901,0.6914089502429271,-0.7200839667211791,-0.05858962702616573,39.82819741934742,0.18756539299499986,5.94499981302116,333.3842127664751,322.82044480436053,73.3590570527383,33.31838232023431,20.023508402672363,3.7580257258589618,-0.05648696973705445,0.15110414621127952,0.008982128088351696,296.2046575708357,9.563714623574015,32.35780591810508,0.08252192185141323,-0.0625911489966591,0.9946217776025353,0.08282489917535724,-0.16828788645045326,0.9822521180178903,0.4430348696871986,-0.8953027397607817,-0.04640159930525017,39.52651361023949,0.1856793660009393,5.156768254229456,316.9877230772713,354.6509595448911,75.64043664359676,25.790892217551782,29.179850706592674,2.83888807995646,-0.0990759819363291,0.12646543008955083,0.010529820037059353,311.6386826221624,27.279119265759164,32.18725562286272,0.08948971567787647,-0.008378971046638588,0.9959525006907168,0.12337111365660862,-0.1387674143076786,0.9826103872041498,0.6646883192894703,-0.7446006789381849,-0.06131286263854631,39.52651361023947,0.18567936600093926,5.951704533670883,331.15175124277596,322.9700535943371,75.64043664360216,33.30969645658497,20.02584980245684,3.757998912524948,-0.05651401543083642,0.15048596310012968,0.008976262256937624,294.12180483711313,9.76224148071526,32.18725562286271,0.08277799229251194,-0.06244555088166937,0.994609650650498,0.07588303937744963,-0.16946560504524566,0.9826103872041498,0.4102441090046055,-0.9106024435404525,-0.050029599690328504
15810,11,39.4770927643455,0.1171715250030036,3.796852031401476,104.0979979693184,144.8090344808086,37.70187570744269,15.740476061088987,-32.4127132321331,1.1559104299329084,0.16156336227956708,0.06285689652225195,-0.009588273726286092,248.90703245012702,286.6089081575697,34.85150160246209,-0.0541166004689445,0.03816228418691748,0.9978051080342902,-0.04216795735520295,-0.10932076492606188,0.9931116924739485,-0.35865547024708,-0.9312579959753036,0.06422459492987959,39.47709276434546,0.11717152500300354,2.713202276026102,83.48252751850016,147.81048670318134,37.70187570744303,5.180191919979697,-35.6533392299425,1.2991181805590524,0.1732017999699618,0.011115941378605408,-0.004818381364178779,231.29301422168152,268.99488992912455,34.851501602462065,-0.04006053779810622,0.025217228347981287,0.9988789940256889,-0.0732717843165461,-0.09143528801616493,0.9931116924739486,-0.6247444811007623,-0.7794116031749894,0.04703069391719039,39.35348590444269,0.1170055564350914,3.803155145862289,102.0849582109807,144.7522694734993,39.44661065091076,15.731491125868915,-32.41310423734179,1.1561229229074335,0.16154937437918152,0.06230241088079656,-0.009579904733119326,246.83722768448,286.2838383353908,34.74890938853285,-0.05416840897137386,0.038279229388779125,0.9977978172289771,-0.04602350639988821,-0.10757386808767644,0.9931312600876657,-0.39210187987968487,-0.9176325196678778,0.06485888252813912,39.35348590444266,0.11700555643509092,2.717780397599677,81.53382344349332,147.68937481624766,39.44661065091097,5.171506056330182,-35.650997830157436,1.299091367225077,0.17302080647005105,0.010591584696343775,-0.0048149974697299005,229.22319825974097,268.6698089106519,34.74890938853284,-0.04007459958805313,0.025344513039724414,0.9988752084853425,-0.07641797327224241,-0.08860357553534784,0.9931312600876657,-0.6525193938727349,-0.7563192816823766,0.04689973108038474
15820,12,39.78069340840589,0.3221787942540372,12.14049309254394,98.83391435626088,317.306605597829,5.975909540062069,9.594537200550608,24.796521208256635,5.3201684276690795,-0.1994942436441421,0.09282197033276063,-0.01442353886443088,56.14051995408988,62.11642949415195,26.96419757149615,0.15457599743589315,-0.1426056328372316,0.9776348472204699,0.17950448600476984,0.2675393708805278,0.9466788391703993,0.5421726252515254,0.8141632887578293,0.2078147821183676,39.78069340840589,0.3221787942540374,13.53378739131702,102.18026107764597,296.46124101720903,5.975909540062018,16.48387835658022,20.739833247201524,5.776493004131304,-0.1616763450220517,0.14874820959811735,-0.018884901340568878,38.641502094855014,44.61741163491703,26.964197571496147,0.10427694765034445,-0.20950199195045444,0.9722320883192033,0.2516436628962246,0.2011831066246782,0.9466788391703993,0.7567691334430319,0.6123508947867892,0.22875065097546965,39.45564030719419,0.3164989124390252,12.13726528717493,98.98813934544404,317.3897309659553,5.955245374532336,9.585552260598842,24.796130205238363,5.32038092030138,-0.19926623441177824,0.09224740071346926,-0.014411929064128073,56.37787031139936,62.3331156859317,26.967973060381862,0.15474219380413914,-0.14234393519438351,0.9776466936322443,0.17524962942237612,0.2635509987884804,0.948592872851633,0.5387656744126911,0.8164579600098146,0.20767269346558245,39.455640307194116,0.31649891243902406,13.529543330526502,102.3440293942031,296.5350122732554,5.955245380021966,16.475192489092624,20.74217465050402,5.776466190349194,-0.16163288805667422,0.14813160551756738,-0.018872089434850595,38.87904166745852,44.83428704748049,26.96797306038186,0.10451443266544354,-0.2093031259047348,0.9722494200826901,0.24638579464576485,0.1986595121605306,0.9485928728516333,0.7542193935987613,0.6155675275049745,0.22853823619020375
15875,15,39.57513852329282,0.3345038240898011,5.697363648836875,75.42370974627029,316.6960875597717,32.88151587584323,-2.8363745277065657,30.326142043912096,2.0076812194591493,-0.1976019354978527,0.032895048199034715,-0.01113300438038013,32.11979730604196,65.0013131818852,26.33710334836777,0.07224423736916423,-0.06808883992796301,0.9950601389083034,0.2833040859473319,0.17785275712298468,0.9423943928469117,0.84365921595537,0.5282120937901175,0.0960786724899474,39.57513852329281,0.33450382408980106,7.118033273786697,81.63381416437308,292.94185832310404,32.8815158767331,6.399185673152852,29.766217933672593,2.1848085164489226,-0.17805942722882395,0.09104923215333763,-0.01604464378784077,14.575672487477107,47.457188364210204,26.337103348367762,0.04830120564816353,-0.11411232475938668,0.9922929864062036,0.3237381900403786,0.084180714181339,0.9423943928469117,0.9607942429195169,0.24868625063229344,0.12259515291872024,39.38242413898734,0.3306015194569302,5.691537828118851,75.26845636533565,316.7695684695718,33.2499041621433,-2.8453594628259644,30.32575103868495,2.007893712439336,-0.1973751945646567,0.03236064434453821,-0.011123600038799437,32.038024834907446,65.28792899705076,26.362534878740835,0.07225778199010814,-0.06792683163423788,0.9950702279166048,0.28024965968060156,0.17537814264080356,0.943770435716636,0.8444306494523146,0.5270081774305428,0.09591276863316685,39.38242413898733,0.3306015194569305,7.1114517748347446,81.4986668192614,292.99528193881855,33.24990416292244,6.3904998095935435,29.76855933340966,2.1847817031230967,-0.17800498956072502,0.09047130056340397,-0.016033735544325047,14.493948758079966,47.74385292100241,26.36253487874082,0.048363056428074154,-0.11396231143517042,0.9923072136920542,0.3200798214959267,0.08274220530277716,0.9437704357166359,0.9611703924732558,0.24730554483728445,0.122439552945695
19299,19,39.8317675435656,0.2630445869812094,4.730818338186175,30.21105263868278,15.83022666354693,17.1758852425756,7.339562293144802,29.207863172727897,2.159778391372872,-0.1903244962813158,0.06938651877275506,0.009820978455602732,46.04127930222971,63.217164544805314,29.35423670133684,0.07934665689844078,0.02249805900618414,0.9965931694427749,0.18258975247113152,0.1893500383750845,0.964783677960964,0.694607567312584,0.7181908303976076,0.04150010319130484,39.83176754356556,0.26304458698120925,5.032295469431215,48.50736022747289,340.016735158254,17.175885242575664,15.75418990088213,25.626268591466097,2.594792307020045,-0.1606828451687839,0.12363761056620787,0.005396203471631474,28.524095385726866,45.69998062830253,29.354236701336824,0.08243600831303642,-0.029976988203946793,0.996145413437031,0.23111527984322508,0.12561123422330792,0.964783677960964,0.8776296661150836,0.47481489014576395,0.06570379936193181,39.56805635167748,0.257779436671749,4.737224889296993,30.15256831783186,15.96334112456053,17.35640599057816,7.33057735792471,29.207472167519207,2.1599908843473976,-0.19010263301711386,0.06882765668302307,0.009816338489751737,46.11590944239239,63.472315432970554,29.36822507514604,0.07940131021181794,0.022712989889379677,0.9965839412848932,0.1786931500593783,0.18579288493551302,0.9662037890782647,0.6936736355413122,0.7190938901351392,0.04148330417421982,39.56805635167742,0.2577794366717485,5.034930232646088,48.44028253321223,340.1585357489717,17.3564059905783,15.745504037232598,25.62860999125117,2.5947654936860696,-0.1606400540723295,0.12303783677001731,0.005392741089146694,28.598818282183913,45.95522427276221,29.368225075146015,0.08255303401333058,-0.029788424860948685,0.9961413786805051,0.22632850181004913,0.12339224951034242,0.9662037890782648,0.8770128546393499,0.47595788116591775,0.06566999431542977
20108,23,39.72244945302673,0.1491890616232384,19.51697446931277,145.1595567939124,187.8716520721202,66.87486842850527,21.24230666695845,30.267121963606044,-9.595971991091414,-0.12215397592823046,0.10247071409501249,-0.041908528019621756,333.0312088660326,39.90607729453791,33.79629449375315,-0.3309381336348174,-0.045754583095995977,0.9425425559793125,0.1329653001088572,-0.06765800082018353,0.9888086892275865,0.886758144072882,-0.4209893641321367,0.19086107305586758,39.72244945302672,0.14918906162323797,19.311034685657503,140.4493732614465,174.7319337174769,66.87486842850538,29.64614583533363,22.436348968211746,-8.782552307471661,-0.08430635019474482,0.13458351440868763,-0.044247969097299174,315.18130697892343,22.056175407428782,33.79629449375316,-0.3292993028004555,0.030363068326222674,0.9437372797855085,0.1058258895923686,-0.10515824836885647,0.9888086892275865,0.7126301795359953,-0.669191163240693,0.21057401134770537,39.45350277419038,0.1461179922248011,19.55649367149392,142.889226812157,188.0094355280919,69.2397488326778,21.233321731738304,30.26673095839737,-9.59575949811689,-0.12197780363126351,0.1018896774806233,-0.0418784965296413,330.8986623402489,40.13841117292668,33.688636162590065,-0.33147083637985136,-0.04664085445923994,0.9423118991740228,0.1276721837950535,-0.07106533006191636,0.9892671693471855,0.8689110535707604,-0.4518887393049404,0.2019657106341148,39.453502774190376,0.14611799222480115,19.354200954542943,138.18724509887588,174.86085215728653,69.2397488326778,29.637459971684052,22.43869036799685,-8.78257912080564,-0.08431475008101001,0.13397640417247533,-0.04421815770909107,313.0480972561624,22.287846088840183,33.68863616259006,-0.33007484145879623,0.029685731574726572,0.9434878676362637,0.09974190346621255,-0.10678024323227489,0.9892671693471855,0.6859869290030169,-0.6932558442066781,0.22094856349452888
24952,26,39.68991658502055,0.2318934323397439,16.5437930770884,81.30343719833039,346.7104403279125,348.6993159194329,19.73183288558668,22.30791090331362,7.796342095591596,-0.15994085759103996,0.11689847360578844,0.02287307543893815,68.01387752624294,56.71319344567581,30.486085598842006,0.27712278588186007,-0.06545573438002415,0.9586023724057063,0.08681672944340113,0.21502888050459332,0.9727411968441002,0.36497524629925326,0.8874487336689986,0.281474358864338,39.68991658502055,0.2318934323397439,17.405203707216778,85.83752370754262,324.79119581995815,-11.300684080567061,25.324244204794592,15.305241928398587,8.497252081438425,-0.11774239734423964,0.15975179438914378,0.01963671804135859,50.62871952750078,39.32803544693372,30.486085598842006,0.24440397702318195,-0.1724642904162667,0.9542131651504634,0.1470999988636622,0.17926559708047154,0.9727411968441002,0.6080139743134322,0.7357398929799033,0.29833842682012246,39.35344231562968,0.2260286606732044,16.56352415799958,82.06709296056167,346.8320437797405,347.9993987454903,19.72284795036655,22.307519898104953,7.796554588566128,-0.15973935881624915,0.11630776685416586,0.022859687367124022,68.8991367403022,56.89853548579248,30.458436456147695,0.27758250337104506,-0.06494262606977726,0.9585042561936931,0.08137277356071533,0.21087301194974933,0.974120651949376,0.3506483327899689,0.8929300950914292,0.28235012305934376,39.35344231562966,0.22602866067320404,17.422133699697415,86.60265023218547,324.91181662823584,-12.000601254509585,25.31555834114503,15.307583328183693,8.497225268104454,-0.11772838687883293,0.15912781523290573,0.01962371102167225,51.514466860421294,39.51386560591171,30.45843645614769,0.24499721620461468,-0.17211145238987866,0.9541247360844576,0.14066148088583857,0.17692739539349264,0.9741206519493761,0.5959925810593065,0.7452930105233498,0.2988832076034177
28978,31,39.59459301078086,0.2470962794473128,19.65687736330396,299.545187813809,71.07643681126704,291.6302068027778,1.722954563792631,-37.93732268967561,-4.976962851734278,0.14893890883234628,0.05318272938711684,-0.04416513127723296,10.621624625076038,302.25183142785386,29.810916391586336,0.10909234614119839,0.3182055824038014,0.9417239868137938,0.24286249523927683,0.045545358960674985,0.9689909332306962,0.934907773658791,0.20076407619539344,-0.2926452467780281,39.594593010780855,0.24709627944731283,18.4109476220019,302.51983154432514,50.68182511836969,-68.36979319763459,-9.676670783137919,-36.685493933643876,-5.245546865328378,0.1592030474163031,0.005707267903602188,-0.03979418143909165,353.20165666269486,284.8318634650603,29.81091639158633,0.2001184102340084,0.24433874500019354,0.9488156826155139,0.245358928518572,-0.02925008569086229,0.9689909332306962,0.9595795166889798,-0.09102864664483651,-0.26630985081471087,39.49688468262393,0.2440514818462529,19.63015611540603,299.8626243023315,71.0305101101053,291.0010814184655,1.713969628617865,-37.93771369486726,-4.976750358773238,0.14893338241186715,0.05263472781040454,-0.04413358730961849,10.89313441243678,301.8942158309023,29.85761144751899,0.10920459704360143,0.31770265677236176,0.9418807662673272,0.23965400712886673,0.0461203063566256,0.9697622771631448,0.9343163570833848,0.20536176877181184,-0.2913408464553948,39.49688468262393,0.24405148184625303,18.385064638213922,302.8445423897996,50.62857511657461,-68.99891858187793,-9.685356646738745,-36.683152533856244,-5.245573678674502,0.15903143651380394,0.005186536359226175,-0.039767355180863204,353.4731175063742,284.47419892449625,29.857611447518984,0.2000734951211272,0.2438212814110189,0.9489582600310221,0.242469694558422,-0.02774117899616934,0.9697622771631448,0.9603683347712106,-0.086467088348542,-0.2649832149425652
32929,35,40.02662241266696,0.2697641648080333,4.828620061936884,25.86254972407516,341.9361313988215,23.44799239241762,20.337317450147808,23.03861184956654,2.38298405974426,-0.12932355616066504,0.15198913368503755,0.00881902568048212,7.798681122896653,31.246673515314274,29.22887404742735,0.08002670302559045,-0.026100912819543163,0.996450936651093,0.26726910639327134,0.03660504585870576,0.9629264226229459,0.9902709185284293,0.13422092257032026,0.03671854928007019,40.026622412666946,0.26976416480803334,5.889734076603363,38.464502197317344,311.8059200080164,23.44799239241789,26.27100590687258,15.818904480956757,3.1079317424135278,-0.07758326924270394,0.183954376888532,0.006684138500056524,350.2704222053338,13.71841459775169,29.22887404742734,0.06840367312053408,-0.07648943809034874,0.9947212189172612,0.2658839737705549,-0.04558966008378036,0.9629264226229459,0.9831687707008603,-0.17118705785892546,0.06382914334505717,39.63596042365665,0.2630315987129361,4.834047115125054,25.15478759260689,342.0588109052489,24.19263048271425,20.32833251492777,23.03822084435779,2.383196552718784,-0.12914257848662564,0.15137490758529223,0.008815057268716123,7.2135984978557985,31.40622898057005,29.210450386899574,0.08017219964313801,-0.02595857696149188,0.99644295907318,0.26094968439802135,0.03302853514850598,0.9647872190688043,0.9916191774986536,0.12413024541295903,0.03582023158233608,39.635960423656634,0.26303159871293613,5.892774815651907,37.769783495464395,311.9157000018761,24.192630482714495,26.262320043223085,15.821245880741762,3.1079049290795515,-0.07759617524202012,0.18331417606641515,0.006679812885240849,349.68548349734044,13.878113980054934,29.210450386899563,0.06858536899978199,-0.07639751780398746,0.9947157716818172,0.258780930454216,-0.04709619894145668,0.9647872190688043,0.9814313043797449,-0.18121361295565025,0.06288259904800565
33340,38,39.26619065308413,0.2529059176295218,3.040416421822939,323.6853731287991,127.9379260449994,13.81871234420431,-12.76193605076983,26.974059969002695,-0.3462471045970257,-0.1906056611384642,-0.07151114043353113,0.01031984382360466,91.6232991737985,105.44201151800281,29.335538674150133,-0.032609615036094566,0.04183174035242482,0.9985923685399789,-0.007164350486768565,0.25280442095448646,0.9674908768706657,-0.02898558702029036,0.9990861587354543,-0.031411513308398004,39.26619065308409,0.2529059176295213,1.6540296039311917,304.294702045361,129.73165639418255,13.818712344204394,-4.006448723804159,29.569012730444797,-0.45679842715978636,-0.20351024712324603,-0.010592891833490693,0.0047149124189252295,74.02635843954357,87.84507078374797,29.335538674150126,-0.018449823256948925,0.022197953116946213,0.9995833406470944,0.06959847089577804,0.2431408152100337,0.9674908768706658,0.27493038261763286,0.9611683737963956,-0.023846214108622563,39.25042125433144,0.251858454830537,3.037538166771556,324.2649336678738,127.9566365592104,13.50483125752235,-12.77092098598995,26.97366896379401,-0.3460346116225006,-0.19038360942485316,-0.07197556653690286,0.010314869495612005,92.22157022708416,105.72640148460651,29.36487080576786,-0.03259241952269763,0.04178153568836905,0.998595031764718,-0.009763041231286022,0.2516691564247432,0.9677640821658832,-0.039410988670651514,0.9987436990986572,-0.030948303390216717,39.25042125433143,0.2518584548305369,1.6516447194148667,304.8273697325718,129.797260742926,13.504831257522318,-4.0151345874537165,29.57135413022989,-0.45682524049376305,-0.20343875116420126,-0.0111026982734799,0.004711906668530184,74.62463047549784,88.12946173302015,29.36487080576785,-0.01844859670916312,0.022144846234880222,0.999584541229353,0.06677816498063946,0.24284430804827217,0.9677640821658832,0.26487961873131527,0.9639911824798053,-0.023659832669312382
38628,42,39.34672958339557,0.274455078373875,15.4749980147359,68.17786396927086,169.4547059720884,11.51025972163155,-5.600708758777271,-27.338058496970095,7.724614868202742,0.20099876731266358,-0.05682086779614833,0.0052812394819181565,237.63256994135924,249.14282966299078,28.54781983182907,-0.26231144406787904,0.04883107214365318,0.9637469754579391,-0.14692863366061396,-0.2318136463969172,0.9615999219814809,-0.5291874140254511,-0.8115455842647344,0.2476982953059359,39.34672958339554,0.27445507837387484,14.794786283684056,62.71811497526519,157.1430704017852,11.510259721631595,-13.80490429902,-24.36908131292346,7.347077589455948,0.17423287205704152,-0.11488342833417628,0.01008519497698496,219.8611853770504,231.371445098682,28.54781983182906,-0.2353064883479189,0.0991889711600567,0.9668466292755952,-0.21067158677468042,-0.17590643129529995,0.9615999219814809,-0.7561542113768283,-0.6137780083016304,0.22695234112555523,39.41344885255506,0.2760810917213484,15.4737505554119,67.88163360166344,169.3231329149966,11.69255000204176,-5.609693693997388,-27.3384495021788,7.724827361177268,0.2009583480195012,-0.05729513998492862,0.005279642254535699,237.20476651666002,248.89731651870179,28.53214086483813,-0.2621779979267531,0.049429422894407,0.9637527844605407,-0.14953608779512087,-0.23207698647858538,0.961134345861154,-0.5354169718522336,-0.8076132989499915,0.24716275126259707,39.41344885255507,0.27608109172134854,14.790205942422421,62.42696560014425,157.0066649843028,11.692550002041669,-13.813590162669563,-24.36673991313839,7.347050776121972,0.17405118748596532,-0.11532333453779542,0.010078589820231658,219.43363058444706,231.12618058648872,28.532140864838134,-0.23499852856369788,0.09971869694890455,0.9668670400069026,-0.21323423389649698,-0.17536228414521088,0.961134345861154,-0.7608883381540872,-0.6081476213472052,0.2262861186879296
47171,48,39.76920983746071,0.2316113571359461,8.41251695288802,295.0355072697025,97.10424602723144,11.1518039537281,19.426028525831065,23.739781783350047,-3.2850755899116963,-0.14431273914669993,0.13604656230711867,0.01869027706674833,32.139753296933975,43.29155725066207,30.558209174782213,-0.018093548813786983,0.1451759721442718,0.989240395759943,0.19611761598300875,0.12321404731399697,0.9728083980135273,0.8370791690636475,0.5307805369247404,-0.1325537111573945,39.76920983746074,0.23161135713594694,6.866102371361497,297.4374480713401,77.14102943812975,11.151803953728075,25.77050087030428,16.762597376670662,-2.576074362318521,-0.09695279204865159,0.17328446555129784,0.016025303897648727,14.578477509469849,25.730281463197926,30.55820917478221,0.026605979336289352,0.11655127389753354,0.9928282441673479,0.22415434903866788,0.0582979293063331,0.972808398013527,0.9615983823943061,0.25312238367092377,-0.10610188434426443,39.40576217181522,0.2245260945943225,8.415343712285368,295.0014228313381,97.1041328137984,11.36649460405744,19.417043590610987,23.73939077814135,-3.2848630969371757,-0.14412171504401172,0.13544302164006003,0.018679692495661242,32.10555564513652,43.472050249193956,30.55814028686486,-0.01809929784705067,0.1452244384609647,0.9892331767036229,0.19018940667232,0.11933128987574688,0.974468076873851,0.8373873594473463,0.53027392301238,-0.13263474963546018,39.40576217181519,0.22452609459432216,6.868927342315342,297.4024056163931,77.14188157363888,11.366494604057477,25.761815006654757,16.764938776455725,-2.576101175652501,-0.09695271571737564,0.1726514161865377,0.016014717411126228,14.54428719003198,25.91078179408946,30.55814028686485,0.02661513941687996,0.11659939338263678,0.9928223485682729,0.21733089053321927,0.05638484879660807,0.974468076873851,0.9617413182310277,0.2525463398057605,-0.10617901420694405
47932,49,39.24827574569343,0.2787370920381952,10.83144425396149,195.3376160639876,26.20966720505512,19.06233148002114,-7.378666914842393,-28.169202066588948,-4.211938863654733,0.1906794466611371,-0.07292313093791655,-0.028630556462499145,221.54728326904274,240.60961474906387,28.308325496825613,0.16859912480120215,0.08299639175691659,0.9821842668621815,-0.20860924782152654,-0.18486900281346846,0.9603674471378602,-0.7504898929842967,-0.6590100324886061,-0.04970611237851369,39.24827574569339,0.27873709203819463,10.707627808764455,203.7676947077766,0.3451725902734524,19.06233148002114,-15.421280268926157,-24.624317343548316,-4.63855685867147,0.16047136801543116,-0.12711622734471412,-0.024218752260207622,204.11286729805005,223.17519877807118,28.30832549682561,0.18579405775497643,0.0011193109260859665,0.9825880699692986,-0.2544151770455157,-0.11387398371361157,0.9603674471378604,-0.9127847287721609,-0.40151805993702,-0.07488181664960034,39.34065519428218,0.2810044058779991,10.81464017587165,195.1492814314747,26.09674828336105,19.12350672527893,-7.38765185006247,-28.169593071797642,-4.211726370680213,0.19064594384359118,-0.07338661066136412,-0.02860942446984127,221.24602971483574,240.36953644011467,28.285757754561697,0.16850366563056957,0.08253723610442147,0.982239339125299,-0.2112831367389196,-0.18526443871561063,0.9597064779801961,-0.753927226789349,-0.6551254227190553,-0.04903485712124284,39.34065519428217,0.28100440587799946,10.694116458219005,203.59248933954854,0.2189378005155819,19.123506725278972,-15.429966132575675,-24.62197594376325,-4.638583672005453,0.1602989070270271,-0.127547934572942,-0.024202365359380598,203.81142714006413,222.9349338653431,28.285757754561676,0.18556435791054696,0.0007090792805248802,0.982631856943291,-0.25708507651665313,-0.1134492818631923,0.959706477980196,-0.9149057279733749,-0.396776586832558,-0.07426876236355755
55638,64,39.42354503621145,0.2913108791063087,16.32316900790812,207.0089750426557,199.6518318430161,31.14681183857159,-5.982883725753558,29.110251216740494,-8.617902304694148,-0.1972729716734822,-0.003629991176796285,-0.018428200713757725,46.66080688567183,77.80761872424343,27.93903747422554,-0.26468437852801574,-0.09451975816744464,0.9596917187718178,0.1999313244651256,0.21187140860274442,0.9566284397373462,0.6924721309850175,0.7100644638006144,-0.12763543809073918,39.42354503621146,0.29131087910630893,16.453922127119956,201.43086255406777,187.4212765486775,31.146811838601224,3.326391217624469,29.557615872905338,-8.529497587077804,-0.18857413890148036,0.05613113680026272,-0.02363240126292834,28.85213910274524,59.998950941346465,27.939037474225536,-0.2808714990549248,-0.03658490353786445,0.9590478329321038,0.25514985431057025,0.14057233060238178,0.9566284397373462,0.8778006044592904,0.46771322302428403,-0.10349125479546904,39.29473953303431,0.288037806342696,16.32717437954754,206.981025095408,199.8024611153147,31.31720176707751,-5.991868660969656,29.109860211531785,-8.617689811719242,-0.19704645122668069,-0.004139914297780989,-0.018413906801551923,46.783486210722685,78.10068797780019,27.97636895713149,-0.2644980950993186,-0.09523800790538103,0.9596720687500738,0.19723595624279183,0.20991368570844526,0.9576190380925431,0.6909556714092425,0.7115566472061303,-0.1275437100141492,39.29473953303427,0.2880378063426956,16.462022933286864,201.40614076217193,187.56864248429645,31.317201767102613,3.317705353978727,29.559957272689186,-8.529524400411294,-0.1885126537979739,0.05557660889725836,-0.023616407361075998,28.974783246468405,60.29198501357102,27.976368957131477,-0.2809108845439104,-0.03732504852612829,0.9590077766615243,0.25198497667881253,0.1395326105643069,0.9576190380925432,0.8768035925266956,0.469593784025758,-0.10342697006414653
69986,77,39.56592799137501,0.2284747311211693,13.91310433198821,146.6295971362048,233.880186165892,52.84130207432364,-4.226947930061631,34.94512252343649,-5.948636642329559,-0.17135056749887845,0.010352326508917736,-0.03579943317597003,20.50978330209682,73.35108537642046,30.52611323198606,-0.14173947219596658,-0.19423220565937271,0.9706615127356725,0.21399226108934435,0.08005007779359422,0.973549843222785,0.9235766344615737,0.3598800477922984,0.13225940978866427,39.56592799137502,0.22847473112116967,14.901012280476548,141.67613662910938,221.09586468239291,52.84130207436222,6.688031331199846,34.58947621522457,-5.766569773549009,-0.15917140814934252,0.061629700074311976,-0.040199875106291694,2.772001311502322,55.61330338586454,30.526113231986052,-0.19379092609780035,-0.16902997041727713,0.9663715362441566,0.22820739043176647,0.01104942139725338,0.973549843222785,0.9851226419067403,0.064076880498871,0.1594601322845861,39.43649097384976,0.2249712079282595,13.93292928254597,146.3080038154204,233.9768279467523,53.39905048976094,-4.235932865276361,34.944731518227385,-5.9484241493539205,-0.1711414214202579,0.009833031805969783,-0.03577349627777449,20.2848317621727,73.68388225193364,30.564415963010873,-0.14160917041780008,-0.1947426279828405,0.9705782563502643,0.21101866188979568,0.07799467117015277,0.9743654117441258,0.924780605058901,0.356285970885165,0.13357072829519268,39.436490973849715,0.2249712079282593,14.922768590913156,141.36776946744422,221.17924912224777,53.399050489792735,6.679345467555268,34.591817615007635,-5.766596586881735,-0.15912963008636163,0.06107148678541275,-0.040172776933843364,2.5470185896920157,55.94606907948475,30.56441596301085,-0.1938208981810557,-0.1695534154416266,0.9662738218229696,0.2247489565878781,0.009997545166697968,0.9743654117441258,0.9851485304145389,0.06028701438252204,0.16077266222500566
69990,80,39.36305852423649,0.1899797669126202,6.568365569513527,142.0956251166561,237.079016659343,55.96020094495929,-3.3418446388485723,36.06275545921043,-2.5797736965635973,-0.1708981619683367,0.013092798647376447,-0.01733743883146025,19.174641775999135,75.13484272095843,31.884873840834217,-0.062168170833629015,-0.0960202358612908,0.9934360738569658,0.17944003692126279,0.06239859762742553,0.9817880057139762,0.9411368490704886,0.3306402488531849,0.07027415712747065,39.363058524236486,0.18997976691261997,7.669413168605234,132.92952528267372,228.59280079335784,55.96020094496181,7.776135768450509,35.38752843592387,-2.3664388717644744,-0.1584214119687592,0.0641054862509161,-0.0217102000951053,1.5223260760315611,57.48252702099337,31.88487384083422,-0.08826936733360884,-0.1000965870211812,0.9910545858111124,0.18991271334125562,0.0050470929786843215,0.9817880057139762,0.9947345450410554,0.030898528178232965,0.09771625176184008,39.23250460116103,0.1863698390408053,6.577893889866056,141.6606146320419,237.1633750453445,56.64813931310457,-3.35082957406828,36.0623644540017,-2.57956120358903,-0.17068931911237004,0.01257166715598175,-0.017323875997215632,18.823989677386407,75.47212899049097,31.920749033474998,-0.06211631282760427,-0.09625047449912931,0.9934170372202178,0.17640170746503858,0.060134470210642346,0.9824796603980687,0.9430831784829847,0.32487630473351203,0.07105986972355777,39.23250460116106,0.1863698390408055,7.680356387494098,132.51882139069204,228.6528358659702,56.64813931310637,7.76744990480133,35.389869835708794,-2.3664656850983983,-0.15838013658715772,0.0635456135780782,-0.021695494539443277,1.171657256662229,57.8197965697686,31.920749033475012,-0.08828948164835072,-0.10033112112477971,0.9910290780618449,0.1863308729885358,0.0038108628190873226,0.9824796603980687,0.9948271066296637,0.02481591388696769,0.09850481375448847
84719,95,39.67996041701794,0.2655017423824207,13.97648523231645,289.7162666314586,22.94751277414659,81.64665293209804,17.947340014397042,36.1844977051341,6.551710906420983,-0.11484401046873997,0.09682543324995782,0.033336404574533476,312.66377940560517,34.31043233770322,29.144861788634195,0.22241005505284006,0.09416710595646574,0.9703949317505612,0.17992918855202106,-0.19523489010705164,0.9641103799834844,0.6668289823410191,-0.7096792166635892,-0.22736428423522284,39.67996041701792,0.2655017423824205,13.916142891593413,296.2651415098586,359.0089119986201,81.64665293312427,27.848252721157618,29.07261886568426,7.321711291477201,-0.08111818757073652,0.12699379095041374,0.031113402896894602,295.2740535084787,16.920706441602988,29.14486178863418,0.24046554942766793,-0.0041599275778333,0.9706487596144122,0.11335554523728815,-0.24008685006067768,0.9641103799834845,0.42740367379575783,-0.8779590285132619,-0.21567114753239167,39.4339812980768,0.2644606707080914,14.01230412019612,288.3422617907663,23.08268986212503,83.16296532607566,17.938355079245056,36.184106699866284,6.55192339937585,-0.11467273764122264,0.09624818035852964,0.03331600350615689,311.42495165289137,34.58791697896703,29.005244155297078,0.22274530706222645,0.09492939623372026,0.9702437518028425,0.17497735284072288,-0.19829869476178288,0.9643964711925415,0.6505649743779385,-0.7238398142459483,-0.2298284956767179,39.43398129807678,0.26446067070809165,13.948004974206556,294.8749361298305,359.16074410625106,83.16296532697558,27.839566857555674,29.0749602653924,7.3216844781248716,-0.08112872430760858,0.12639176769052077,0.031092703683797823,294.0356802360816,17.198645563057198,29.005244155297053,0.24101540974219457,-0.0035305928727254183,0.9705148670580833,0.10771627600100869,-0.24152981231278303,0.9643964711925413,0.4076972735543018,-0.8865451185638832,-0.21867941349596526
84922,96,39.56199609439959,0.08003922824147665,14.80249164049918,111.9311174139506,302.6722011152648,27.80107726762109,1.2705534258096378,36.39118525824587,5.4740083686258085,-0.1659422339258022,0.017900151539996453,-0.034359497767189884,54.60331852921536,82.40439579683644,36.39548445931153,0.13792048385320319,-0.21506268211523505,0.9668122790361631,0.04636143911135808,0.0652448850180229,0.9967917144230829,0.5533191059596845,0.7985420554596343,0.2369990562054573,39.56199609439958,0.08003922824147669,16.331814764936563,113.39264533470335,283.681785004201,27.80107726888715,12.048681554317897,34.30731768188804,5.808154991410377,-0.15177820356656926,0.06719118731267136,-0.038555632297663074,37.074430338904335,64.87550760779149,36.395484459311525,0.06651193985515079,-0.27322040112158924,0.9596492975392952,0.0638595420440491,0.048251807711375175,0.9967917144230828,0.7618698114678566,0.5940923374269951,0.2580865842783426,39.42262899388765,0.07587101877772846,14.79025950770095,112.5629800404462,302.7229044922575,27.44951885610339,1.2615684909437466,36.39079425299729,5.4742208616736105,-0.16573671275699425,0.01737579794472424,-0.034334525978620536,55.285884532703676,82.73540338880707,36.43159396922498,0.13799916632024944,-0.21476689350917252,0.9668668013471845,0.04320718336172421,0.06236626328646576,0.9971176402559678,0.5437408474567217,0.8054636736868954,0.23574172557665063,39.42262899388765,0.0758710187777285,16.31925569201328,114.03040323223043,283.72672368586393,27.44951885688312,12.039995690991827,34.30965908152809,5.808128178158621,-0.151741380763309,0.0666292464648232,-0.03852963617089044,37.75712691809434,65.20664577497746,36.43159396922498,0.06667629738071615,-0.27296379891019434,0.9597109126461537,0.05998464525766781,0.04645701049015296,0.9971176402559678,0.7548671847945787,0.6035839706962699,0.2566357801220079
90482,108,39.11718424049083,0.2286136928854769,20.56760589263773,73.46431852244103,268.5360867687667,184.3590559069446,-43.39084711075602,12.510288593448216,-16.396165795548022,-0.02962285975722088,-0.1228379551631399,-0.009934222317580814,342.00040529120776,166.3594611981523,30.174460295990638,-0.008975091389126374,-0.35119769576588095,0.9362583116978416,0.21742504205037883,-0.07064397825806625,0.973517220918698,0.8899731435154234,-0.3074491847116404,0.33678302012040834,39.11718424049082,0.22861369288547706,22.065636241412793,72.09299018200613,252.2313428542577,-175.64094409305523,-37.11873826679934,25.0332131086724,-17.425403794807806,-0.06504696758748779,-0.10815104233870264,-0.01173072336376262,324.32433303626385,148.68338894320863,30.17446029599063,-0.11464441292044472,-0.3577477889402428,0.9267541087551185,0.18571005347000513,-0.13332665380524278,0.9735172209186979,0.7459584756012907,-0.5619263419657365,0.357469913256493,39.27973240900756,0.2238492831796987,20.56755294481566,73.02334000377972,268.5833462525786,184.934362532034,-43.39983204597604,12.509897588239957,-16.39595330257347,-0.029508706001044605,-0.12326797971290804,-0.009925621454015605,341.60668625635833,166.54104878839235,30.486992465760835,-0.008685387320448252,-0.35120411430824344,0.9362586363500505,0.2124134591545413,-0.07063302308458104,0.9746237727553823,0.8879677185712666,-0.3140311117548966,0.3360026660985348,39.27973240900755,0.22384928317969888,22.065980168268144,71.65530941891267,252.27552867019867,-175.06563746796797,-37.12742413044868,25.035554508457864,-17.42543060814175,-0.06506827598340163,-0.1085954608920336,-0.011722706504945172,323.9308380891113,148.86520062114334,30.486992465760824,-0.11437018165806694,-0.3578413938551169,0.9267518537296421,0.1809389174145254,-0.13179381527569714,0.9746237727553823,0.7420814697954589,-0.5675949934989337,0.3565824105885717
91133,110,39.41397382561989,0.2272505456211213,5.948832246916949,181.5226249611176,50.35175844884581,34.96033586129654,8.891734104815153,-31.62490620543909,-2.8160855582249162,0.18604882703376552,0.02216637547336879,-0.013453384254113302,231.8743834099634,266.8347192712599,30.457126768651175,0.06613000662714817,0.0798005476390461,0.9946148474761483,-0.14030167969928203,-0.17876870296183672,0.973836325834533,-0.6174978251727282,-0.7865677669198431,-0.002753897180760115,39.41397382561989,0.22725054562112157,5.263855391343005,196.1485595912522,18.212405234789454,34.96033586129733,-0.99880719123832,-32.83349099983753,-2.844682534680117,0.18435402896062064,-0.035070153182066986,-0.008377598219549443,214.36096482604165,249.32130068733898,30.457126768651168,0.08714653241360795,0.02867323139599209,0.9957827713359957,-0.18759491963874206,-0.1282612825868795,0.973836325834533,-0.8258648035758727,-0.5632905547353397,-0.025516213679512036,39.35425714389974,0.2281002011044488,5.941857309659968,180.8131761769208,50.23941666950229,35.47637139683013,8.882749169595238,-31.62529721064775,-2.815873065250406,0.18601842786701403,0.0216391624602347,-0.013442424688987039,231.05259284642307,266.5289642432532,30.377543175060016,0.06620890605651843,0.0795776532792568,0.9946274568185646,-0.14338533053857083,-0.17739884083678445,0.9736376627144772,-0.6286653829956729,-0.7776745320504087,-0.0014691572692409128,39.35425714389974,0.22810020110444895,5.260048105335238,195.46876118511224,18.070418990872668,35.47637139683119,-1.007493054887677,-32.831149600052484,-2.8447093480141024,0.18416556073223841,-0.03556355385398292,-0.008371828776921036,213.5391801759849,249.0155515728161,30.37754317506001,0.08715441478030558,0.028436658485719028,0.9957888653918907,-0.19012338801555542,-0.12602697756185624,0.9736376627144772,-0.8338565892747636,-0.5514393214137387,-0.02445124376823404
91205,111,39.40275324453133,0.1357970006763721,10.58719471053205,141.8892361504633,223.7338226724996,68.72356725520805,0.5801781223746119,37.796273084695464,-5.029650928824564,-0.16141344747957717,0.02123035552839727,-0.023724339378239735,5.623058822962889,74.34662607817094,34.051977535532785,-0.1327570015621006,-0.12701536683205616,0.9829764367088148,0.1351435518800273,0.013305855025099766,0.9907366827806979,0.9879246935437724,0.10557511131568281,0.11339618934128445,39.40275324453135,0.1357970006763719,11.370634716211818,134.68344659869166,213.22585877683846,68.72356725520805,12.104467433390091,35.85531116507487,-4.6979552596888725,-0.14675002866018058,0.06899777594627232,-0.027777856374141756,347.90930537553015,56.632872630738234,34.05197753553281,-0.1649234496824234,-0.10802921968511896,0.9803723493852086,0.1327846521899363,-0.028444007022503014,0.990736682780698,0.9701705829200222,-0.19778590188722756,0.1401776624547581,39.26503640730382,0.1323874533792646,10.60511100305764,140.8186659469523,223.8493614796542,70.02196964861498,0.5711931871546438,37.79588207948676,-5.029438435850027,-0.16121096170841306,0.020703769878181788,-0.023706495754262133,4.6680274266065,74.68999707522148,34.06683823049676,-0.13272226242591298,-0.1274957495943079,0.9829189360735363,0.1319483183072744,0.01077400149105013,0.9911980438780905,0.9892070403672235,0.08916472565717293,0.116271591484763,39.26503640730384,0.1323874533792645,11.391071163779824,133.63287562014727,213.32130489736898,70.02196964861484,12.095781569740673,35.8576525648599,-4.697982073022833,-0.14671657596776475,0.06843462423951924,-0.027759084000699753,346.95418051751625,56.976150166131106,34.06683823049678,-0.16503544582198104,-0.10849589264852572,0.9803019651621329,0.12897051463280385,-0.0298838445919641,0.9911980438780906,0.9663580298211378,-0.21381702129322694,0.14294908046399146
118228,115,39.6012553277888,0.1266664165357771,14.64454908046539,20.2270669722637,10.57589200457445,34.44896068987112,9.646400383435752,33.40389577997358,8.117878875534332,-0.16433894911822094,0.05700687266025617,0.022525232747450837,30.80295897683815,65.25191966670927,34.58510622509944,0.2485269354101628,0.046402326694326826,0.9675128869699803,0.10879802239496536,0.06486425364528295,0.9919453709363157,0.8609949742672467,0.5010458848585408,0.08741095785349286,39.60125532778877,0.1266664165357767,14.917831005505953,26.324470323941398,347.0975189129749,34.44896068987122,19.05532229867884,28.929436095688256,8.646136151697766,-0.14000883542357526,0.10398667058605018,0.018675068456988374,13.421989236916318,47.87094992678754,34.58510622509943,0.25093372262440733,-0.057482930896593,0.9662960102915641,0.12320675963876941,0.029401963494457107,0.9919453709363157,0.9693495002293103,0.21755242077006587,0.11415993440025436,39.39140789400974,0.1216176868317933,14.6636152563258,19.63237886705624,10.73210984679459,35.17712723000969,9.637415448215624,33.40350477476489,8.118091368508864,-0.1641345025434892,0.05645630796948734,0.02251207781554731,30.36448871385083,65.54161594386052,34.60071598489263,0.24871580678361566,0.04713971729374529,0.9674287025457954,0.10493504061270358,0.06147763009360724,0.9925770187998934,0.8648649934419333,0.4947470754217808,0.08505218680480275,39.39140789400971,0.12161768683179319,14.932592900616926,25.72589528362643,347.25795469809975,35.17712723000991,19.046636435029274,28.93177749547334,8.646109338363793,-0.13997990098388388,0.10340006773897534,0.01866270597836501,12.983849981726166,48.160977211736075,34.60071598489261,0.25133651906114923,-0.05683496798851841,0.9662296521013877,0.11850834012391738,0.02732462390207846,0.9925770187998934,0.9712003095246005,0.21037882645572753,0.11185127696379335
119069,123,39.22688213721312,0.2436372137830698,2.364482271222249,280.6450315222453,45.47936023743088,327.7363843466014,2.3804742699024235,-31.966858004699436,-0.9955925401720214,0.1864604053314755,0.04565522048370822,-0.004167709952008031,326.1243917596762,293.8607761062776,29.669753867905644,0.028927512918856813,0.029415647367269097,0.9991485968995272,0.20227971175779938,-0.13580136284720734,0.9698664382583938,0.8296530495680203,-0.5568050071326808,-0.040546286814693785,39.22688213721309,0.24363721378306935,2.142178670240384,321.29139103477047,347.2794210600642,-32.263615653399846,-7.356939854254461,-31.192568844938826,-1.1987317393662515,0.19158314707440288,-0.012802949301656097,0.0011108403508830501,308.57081209483465,276.3071964414348,29.66975386790564,0.03646190395096027,-0.008230807193225196,0.9993011474891935,0.15190326862493858,-0.1904848784576791,0.9698664382583939,0.6235776231357412,-0.7814118833263097,-0.023375553914487587,39.13276783566022,0.2406479693751368,2.360653805059303,280.4760036258504,45.3704377365116,327.7051459441923,2.3714893346825203,-31.96724900990808,-0.995380047197499,0.18642973030632645,0.045112264183854625,-0.004162974065945603,325.846441362362,293.5515873065542,29.71554671997992,0.028936479370631676,0.02931308894089807,0.9991513513869538,0.19914483436352962,-0.13510285012056233,0.9706124637751276,0.8269420166522531,-0.5608265441943286,-0.040502943376395616,39.13276783566022,0.24064796937513688,2.1422011626001445,321.17128057173187,347.1215633923073,-32.29485405580879,-7.3656257179038,-31.190227445153766,-1.1987585527002247,0.19138983356396697,-0.013311274461131027,0.001110250212660569,308.2928439640391,275.9979899082303,29.715546719979915,0.036439471022407986,-0.008331320768325046,0.9993011328152602,0.14912497701201605,-0.1888734666265818,0.9706124637751274,0.619778675498922,-0.7844266092812225,-0.02343689502400417
119473,126,39.85727639597687,0.2897146174361009,3.664780658589293,46.8541503588605,36.29692655231417,353.0590325462228,9.742594897145324,26.739395072081592,1.0109348330595052,-0.2029457209338226,0.06194483312898893,0.010892500234664317,83.15107691117467,76.2101094573975,28.31004081287149,0.05151606606984031,0.037838058276544614,0.997955097327805,0.034548985989960763,0.28764722686515126,0.957113076101175,0.12013500203584182,0.9916615585615605,0.04663619363868594,39.85727639597685,0.2897146174361005,3.4938816567186066,72.20557426054619,353.4109635185257,-6.940967453777156,17.33035939694531,22.54721838249078,1.488952575609996,-0.1749865117595381,0.12035614986645198,0.006073915511647776,65.6165377790719,58.67557032529475,28.310040812871495,0.06053941571798306,-0.006992910379410202,0.9981413118135882,0.11960623290077713,0.2638729023742891,0.9571130761011751,0.4126384785118191,0.9090447836376218,0.05802643701521103,39.58851700009415,0.2853503110839112,3.671829425863873,47.44320568362603,36.37452036055014,352.6329091191718,9.73360996192528,26.739004066872912,1.0111473260340285,-0.2027153983537891,0.061390958793687694,0.010887142086434137,83.81772604417617,76.45063516334801,28.29192135876658,0.05156362691791544,0.03798060144234576,0.9979472262064502,0.030729883571993792,0.2836908075552266,0.9584232885131262,0.1085885426160596,0.9929668597102286,0.04717355116723134,39.58851700009418,0.2853503110839116,3.498128956415751,72.74925467978834,353.5340022237971,-7.367090880828286,17.321673533295826,22.54955978227585,1.4889257622760197,-0.17493413369854002,0.11975857545369804,0.006069998895889534,66.28325690358542,58.91616602275714,28.29192135876658,0.06062781365165189,-0.006871222603232245,0.9981367914828896,0.11477227136176345,0.2612510780114541,0.958423288513126,0.40201495248925356,0.9137770210637841,0.05827120859275051
120216,136,39.26784671669537,0.3130744886804079,29.32850785755706,204.8066683011201,25.82222139325884,7.054964017808362,-12.53901586253136,-22.606020475422465,-8.363970722421255,0.18269017503521667,-0.08443026237203105,-0.08740706199247662,230.62888969437896,237.68385371218733,26.97408568428533,0.44090809099914496,0.21335430059918906,0.8718256693326485,-0.1985959230456272,-0.24202333526367692,0.9497285741397387,-0.6577647991409058,-0.7246465797534389,-0.20550621271087285,39.2678467166953,0.3130744886804069,29.140440839611855,208.01648131566444,5.438697814189917,7.054964017808219,-18.544431500097804,-17.76220660400491,-8.878241023782653,0.15100279781695244,-0.13567241568175756,-0.08327853516539377,213.45517912985434,220.51014314766257,26.974085684285328,0.48475981823763226,0.04615364981945403,0.8734287373509994,-0.2612034719850278,-0.17259311019118057,0.949728574139739,-0.8399523998287671,-0.4920983885471223,-0.22873377977732184,39.37336369955241,0.3150187995219243,29.28006268438908,204.5991281583964,25.73354494911844,7.15479998200484,-12.548000797751511,-22.606411480631145,-8.363758229446724,0.18266202698900266,-0.08488602949533153,-0.08734653532636713,230.33267310751484,237.48747308951968,26.9700139337793,0.44057356853946195,0.21235151585445097,0.8722395109250216,-0.20108562300743812,-0.24249003334558888,0.9490854313220521,-0.6614200749311231,-0.7218556986795857,-0.20358741307338896,39.37336369955237,0.3150187995219237,29.09450402834243,207.81428697939091,5.344063767855755,7.154799982004821,-18.55311736374739,-17.75986520421981,-8.878267837116624,0.150836683092717,-0.13609838816542247,-0.08322256372580089,213.15835074724666,220.31315072925148,26.970013933779295,0.4841380056404597,0.04528768604795493,0.87381886966745,-0.26372180766670744,-0.17230105110891847,0.9490854313220523,-0.8426457150689405,-0.4883337139592995,-0.2268884807271432
126155,142,39.37835908420417,0.2930266032542508,5.986194493941434,128.8262401745855,319.4218048250221,21.70036984667315,-18.22014406136877,23.063566922610605,0.5940649192622907,-0.17902099696692017,-0.10088743301258703,-0.020246115281932202,88.2480449996076,109.94841484628076,27.83945228003365,0.07920933797622633,-0.06783834137248362,0.9945470527919724,0.008958590543240936,0.292889627454102,0.9561042881324588,0.027809276933356553,0.9963060180934391,0.08124630716063257,39.378359084204185,0.2930266032542511,7.374355851019326,135.32801499209086,295.3812344075416,21.70036984667357,-10.414419913115516,27.490000525775933,0.30726357611955757,-0.20049939589374488,-0.04209628736596708,-0.025779672518359314,70.70924939963248,92.40961924630605,27.83945228003365,0.05501659197222392,-0.11596267893324816,0.9917287087214861,0.0968048629914846,0.2765744180431809,0.9561042881324587,0.3251082201470479,0.9413617119018689,0.09023731244890637,39.41687651498689,0.2925131982700528,5.9768201794614,129.350315019688,319.4558133182198,21.41030967017358,-18.229128996588777,23.063175917401935,0.5942774122368204,-0.17880670981940577,-0.10133216979549006,-0.020230602921122214,88.80612833790781,110.21643800808138,27.88691989977234,0.07912593700994969,-0.0676855391177312,0.9945641024522449,0.006094653930018682,0.2924496988469103,0.9562614855978592,0.018103070311882186,0.9965886644372053,0.0805190211102349,39.416876514986846,0.2925131982700524,7.364640216861372,135.86690533362108,295.4004005682707,21.410309670174012,-10.423105776764961,27.492341925561,0.30723676278558854,-0.20042991794342563,-0.042584978804843576,-0.025762239418148734,71.26730590189175,92.67761557206576,27.886919899772327,0.054983245179363115,-0.1157923561335405,0.9917504590422882,0.09394161845528379,0.2770179479459352,0.9562614855978594,0.3159643493488619,0.9445631719126997,0.08925774031852922
129746,147,39.0994979502568,0.2643637628386133,1.475970293776409,34.77912095926516,171.6960079204629,16.00693073316502,-17.110388263812997,-24.005890073750358,0.6757293637236055,0.1545955005277974,-0.13543201993531165,0.002877693260919947,206.47512887972806,222.48205961289307,28.763007547026263,-0.02548764160852901,0.0037200584574932373,0.9996682156047115,-0.23663939682158308,-0.11785582282648542,0.9644230404225157,-0.8951006310202094,-0.44562202498123327,0.014692555899097121,39.09949795025678,0.2643637628386133,1.6234967788708328,333.75245740627696,215.12200573837032,16.006930733165042,-23.57234366232225,-17.715774792076864,0.026319692320421972,0.10634282903514528,-0.1758048139230728,0.005809650590045708,188.87446314464728,204.88139387781231,28.763007547026252,-0.023173209580043787,-0.016299704456753467,0.9995985804273543,-0.26119899084584547,-0.040783406960459984,0.9644230404225157,-0.9879265871491218,-0.15441524023623043,-0.012529644315619384,39.29033462825042,0.2680769523128062,1.474873629443258,34.8201429650947,171.5848984675931,15.89851123398773,-17.119373199033074,-24.006281078959077,0.6759418566981312,0.15458618280363112,-0.13585360337302932,0.0028777069989674763,206.4050414326878,222.30355266667553,28.757501465758736,-0.025461451598971056,0.0037666775733633143,0.999668708434215,-0.24010918985887492,-0.11921757129986055,0.963397502404214,-0.8956449499110263,-0.44452685918797896,0.01469677377337869,39.29033462825039,0.2680769523128058,1.620462386143195,333.6973751953778,215.10703133941692,15.898511233987778,-23.581029525971775,-17.71343339229182,0.02629287898644672,0.10620664744270596,-0.17620388785757574,0.0058059110965950345,188.80440653479468,204.70291776878247,28.75750146575873,-0.023134160528076365,-0.016263202047813303,0.9996000794696913,-0.2649180977324324,-0.04103235132370267,0.963397502404214,-0.9881146983124052,-0.15320681058616165,-0.012530609282883381
131318,150,39.14433517256259,0.1702921714862105,13.72716828323542,170.497538023031,2.1979782607933,38.69631923818142,-24.051196957177552,-24.06191794868614,-5.6481015445459875,0.112695480372738,-0.13626728448546815,-0.03431815578729152,172.6955162838243,211.39183552200572,32.47836133464286,0.23712421692425956,0.009101014050428699,0.9714367078154452,-0.16891016469320935,0.021651326352023353,0.985393614922743,-0.991703644071277,0.12243018535284463,0.03917565634700035,39.14433517256257,0.17029217148621034,14.226079452436688,176.70274257285877,338.5937115431077,38.69631923818153,-30.02908798571646,-15.672529375572926,-6.477863785049579,0.06718791590051074,-0.16394404244384528,-0.03247945255454668,155.29645411596653,193.99277335414806,32.47836133464285,0.22879584384948465,-0.08969307995678844,0.9693335923432487,-0.15470742619529074,0.0711690659592884,0.985393614922743,-0.909126071008096,0.416281157253741,0.014134536740503214,39.34203578418909,0.1740437370810942,13.69820659200944,171.2738178208004,2.083378930612803,37.87565956337943,-24.060181892397654,-24.062308953894817,-5.647889051571463,0.1127142459379189,-0.1366883080910916,-0.03429321170822085,173.3571967514132,211.23285631479263,32.494800851930684,0.2366512013874491,0.008608863334786818,0.9715565327627415,-0.17287531598772055,0.020133244629190097,0.9847379232988069,-0.9931297486915635,0.11136684763064772,0.035926696378095924,39.34203578418905,0.17404373708109389,14.200225837099717,177.48668348332612,338.47096001965673,37.875659563379465,-30.037773849365998,-15.670187975787833,-6.477890598383556,0.0670779777024863,-0.16435106600405508,-0.03245752895861263,155.95764350298282,193.83330306636228,32.49480085193066,0.22819625865546142,-0.09002252960702936,0.9694443829837797,-0.15894448978664688,0.07090748609008389,0.984737923298807,-0.9137362350274703,0.4061654510511404,0.010757284520133935
133067,154,39.39979252544635,0.2548889149411608,8.90453716841611,304.3640158275168,209.6010084566843,62.85786020713431,-15.314728099812312,-33.68216831662638,3.4032367970152237,0.13100730657361961,-0.10341922840054642,0.024227520256064856,153.96502428420115,216.82288449133546,29.357222159728472,-0.13458657529418838,-0.07645894918931145,0.9879476113840491,-0.22902438828946117,0.11187577275049505,0.9669703413446131,-0.8936119667217536,0.4302693267013786,-0.1277730778827127,39.399792525446365,0.25488891494116106,9.360463701883313,294.82759108446896,201.43479876178304,62.857860207696014,-24.858230655244697,-27.482439606793605,2.7194230871426015,0.09294357983103833,-0.13816210159173892,0.026798294131197876,136.262389846252,199.120250053948,29.357222159728472,-0.15139564179590764,-0.05943740107452616,0.9866846279327104,-0.18416067706211642,0.1762191930066226,0.9669703413446131,-0.7180972197060482,0.6801079793140465,-0.1476127349648659,39.55368446527896,0.2573470568800154,8.884078393046922,305.0161625149235,209.4932860285446,62.07119859108126,-15.323713034990764,-33.68255932186918,3.403449289997416,0.1310137987244258,-0.10386226825941622,0.024213224374028935,154.50944854346812,216.5806471345494,29.374660179378637,-0.1344230248548653,-0.07603209565414742,0.9880028192365176,-0.2322959336568534,0.11075245772124727,0.9663190427158073,-0.8978189250774469,0.42180993638030034,-0.12648144268478592,39.55368446527895,0.25734705688001513,9.33752521367097,295.45245619725995,201.3545878163621,62.07119859171311,-24.866916518865057,-27.48009820705362,2.7193962738171,0.09281637902184267,-0.13858640537508599,0.026780487099161244,136.8070440136221,198.8782426053352,29.374660179378637,-0.1511107893715989,-0.05908155001720058,0.9867496641920165,-0.18761958749425037,0.1761431181547922,0.9663190427158073,-0.7246961206133707,0.6733146044451547,-0.14650247850734752
134340,156,39.5925229511923,0.2478034439356385,17.13307572752574,114.6667138948947,110.310433683377,47.86379559721605,16.332138326490533,-30.59781940080521,-1.4476461317328275,0.16550126036874693,0.046626230929016924,-0.05283650045487798,224.97714757827168,272.8409431754877,29.78135940978604,-0.1022547923533299,0.27627599524026136,0.9556231118462867,-0.17529336956046085,-0.17515359378129478,0.96881032879178,-0.6695685569339878,-0.6928267494678917,0.2677107446239178,39.59252295119228,0.24780344393563836,15.556338586075293,114.3865714807792,92.99690875363328,47.86379559729514,6.363756814445816,-34.101957926736674,-1.2728073272532587,0.17324475731189665,-0.005546033717308732,-0.04808184635136849,207.38348023441247,255.2472758317076,29.781359409786027,-0.014021309709644878,0.26781899619044297,0.9633672135554384,-0.22003658111221766,-0.11397565441272767,0.9688103287917801,-0.854629239701476,-0.4581994253999264,0.2442583656918517,39.48886004513597,0.2490156779353786,17.14068505519694,113.7737185262524,110.3009981703397,48.45416731520814,16.323153391281203,-30.59821040601109,-1.4474336387617237,0.16548463554067838,0.04608262449268742,-0.052799145318684064,224.07471669659208,272.5288840118002,29.655514790101154,-0.10225332586471648,0.2764118591339201,0.9555839792921049,-0.17890115975039297,-0.17321426874706533,0.968499453867881,-0.6803111125704524,-0.681493249269983,0.26971047683134985,39.48886004513597,0.2490156779353787,15.56393425626628,113.4946771972779,92.98640613173379,48.45416731530254,6.355070950807481,-34.099616526952175,-1.2728341405903487,0.1730637375617259,-0.006059222876988714,-0.048049466030766055,206.48108332901168,254.93525064431424,29.655514790101147,-0.013978870427298428,0.26794909913914233,0.9633316518479494,-0.22288935857494924,-0.11103666823020206,0.9684994538678809,-0.8614988623874889,-0.44415031023823454,0.2460695268015581
139775,172,39.73286796393928,0.2004102613904384,6.480929724566349,209.8593561247134,162.4266260451738,17.18134284086244,25.30533227905063,19.872591401945762,-3.0200741098791957,-0.10752625074365696,0.15803895504040386,-0.013427154121207914,12.285982169887234,29.467325010749672,31.76999350949443,-0.1076048698827172,0.034079246286936773,0.9936094790963087,0.19582039837248924,0.042645567786388554,0.9797120633785297,0.9761370341815608,0.20975815781214774,-0.056196136259360166,39.73286796393927,0.20041026139043816,5.71883507057786,196.7950301696268,157.8355315083142,17.18134284086231,30.197972558670422,11.30006791710203,-2.1889487946689608,-0.05437244190548086,0.18313711685475523,-0.014930785927341015,354.63056167794105,11.811904518803374,31.769993509494434,-0.09228342102681471,0.03759342375326428,0.9950228664176995,0.19953086527724978,-0.018753844200476547,0.9797120633785297,0.99506945971555,-0.09490913037280524,-0.028792834408600643,39.34972197379356,0.1929291470012605,6.489562423866515,209.2179194388096,162.5354354523089,17.8438484829281,25.296347343830544,19.872200396737043,-3.0198616169046706,-0.10735988260996529,0.15742067407665133,-0.013416212136703628,11.753354891118477,29.597203374046575,31.75801367865281,-0.107812199008081,0.03391976325856694,0.9935924614274833,0.1888841070674859,0.039299489309054636,0.9812126906218478,0.978094865656504,0.20071552868143577,-0.0551698316339373,39.34972197379353,0.19292914700126018,5.730021647800945,196.16173985195567,157.93599929225516,17.843848482928124,30.189286695020883,11.302409316887076,-2.1889756080029366,-0.05440090485149301,0.18249746379729126,-0.014920624241800516,354.09773914421083,11.941587627138972,31.758013678652798,-0.09252924058405455,0.03750452323881794,0.9950033921417389,0.1919063833311575,-0.019839248962314364,0.9812126906218479,0.9941763154678356,-0.10412073600292993,-0.02779075560337675
168700,197,39.22580773136664,0.2274225889702082,4.990464109940271,49.79543607398239,154.853398625119,28.65392463237848,-11.092656037153285,-29.934118182223663,2.7777437682816144,0.16929637378871887,-0.09087791531821476,0.0009015651902806263,204.6488346991014,233.30275933147988,30.304972982651634,-0.07874533802024572,0.03696514279924459,0.9962091898581887,-0.20670006366467128,-0.09484786584279642,0.9737961624621899,-0.9076506929685991,-0.4144347939904639,0.0664380996394635,39.2258077313666,0.22742258897020773,4.08681703770406,33.29853284384494,153.71741248834132,28.653924632378633,-19.68592523602441,-25.184873833997145,2.2362440196582147,0.13385969802348516,-0.1377729039483261,0.004591151608610147,187.01594533218628,215.6698699645649,30.304972982651616,-0.0639003391765691,0.03155735514968843,0.9974572070966633,-0.22571969345903853,-0.02777866013093005,0.97379616246219,-0.9918940514974515,-0.12089388263775741,0.039126202789681576,39.35327606795137,0.2305095111363082,4.991077933630001,49.80426629143916,154.7332430539982,28.52441535089231,-11.101640972373366,-29.934509187432358,2.7779562612561386,0.16927720287412654,-0.0913293609327751,0.0009029034187744535,204.53750934543734,233.06192469632964,30.28197163991572,-0.07867729651935394,0.03713475448832495,0.9962082578565074,-0.20969210317616715,-0.09572803450325018,0.973070072130317,-0.908453355125006,-0.4126696585990321,0.06645490526573669,39.353276067951356,0.23050951113630824,4.084439382737837,33.33042700055507,153.5742847885074,28.524415350892404,-19.69461109967393,-25.182532434212074,2.236217206324238,0.13370507338040113,-0.13819746858971432,0.004588228808309938,186.90471178906247,215.4291271399549,30.28197163991571,-0.06378424060388756,0.0316984615613496,0.9974601637084205,-0.22883773144933311,-0.027711502835875142,0.9730700721303169,-0.9921263850698765,-0.11896874246491812,0.039136611561235164
169071,199,39.18714356645309,0.1902665318441391,5.636686996990736,336.9736334537153,287.5572947187835,347.6747312151741,-12.82425304716258,-29.234681283878608,-2.0771610137504206,0.17897831056204455,-0.06889444779309586,0.01479059829337178,264.53092817249876,252.20565938767288,31.73114166718569,0.029629021208392815,-0.09364462377853097,0.9951647127684995,-0.018134003530822854,-0.1894003987745034,0.9817324721429984,-0.09350518685396636,-0.9948772487512614,-0.038419265330375124,39.18714356645308,0.19026653184413955,7.215389228764609,336.9681329819067,269.98038999075965,-12.32526878482586,-20.991045523516405,-23.995037137216556,-2.6564740687470727,0.14934135339999174,-0.11974111016693728,0.018912141255905717,246.9485229726663,234.62325418784044,31.731141667185668,-4.298765677498489e-05,-0.12559969646127306,0.9920810019352742,-0.07450038122750761,-0.1750744022892924,0.9817324721429984,-0.38845973970502656,-0.9201544925011101,-0.049140009750991594,39.28373015605319,0.1915886911619362,5.637348762346472,336.1268567038617,287.5254972052556,348.295773885478,-12.833237986022942,-29.235072287676367,-2.076948521076601,0.17895265036738003,-0.06936062774042898,0.014782627462156481,263.6523539091172,251.94812779459517,31.757411711496275,0.029580507798790342,-0.09367201322099658,0.9951635782611274,-0.021182205146387693,-0.1904141296392684,0.9814753045384567,-0.10869432435327292,-0.9932799378045731,-0.03975561606023322,39.28373015605314,0.19158869116193533,7.216050504183564,336.11438264398936,269.95552289291777,-11.70422611925533,-20.999731390200495,-23.992695734986825,-2.6565008824655028,0.14917635223793738,-0.12017776054729892,0.018899619878715877,246.06990553690707,234.36567941765173,31.757411711496268,-9.750840684449618e-05,-0.12561111599958089,0.9920795522685922,-0.07771253835892951,-0.17511992451732997,0.9814753045384569,-0.40241465649557245,-0.9140435191069937,-0.05086147280656903
208996,223,39.36244964789438,0.1788437173109648,13.55518481186182,16.30706486362108,251.9416284778024,236.7583352535737,-27.232987779540576,33.408542115937585,-8.739234770263836,-0.09375210857899338,-0.10534031132864675,-0.013617195572039036,268.24869334142346,145.00702859499717,32.32272283039927,-0.07265501728211911,-0.2228364347112566,0.9721446249550068,-0.00546569793925501,-0.17876017836095687,0.9838774948022725,-0.0379974096739813,-0.997108379970957,0.06581090676902493,39.36244964789436,0.17884371731096538,14.866129481821297,12.719634875378112,237.8372067979334,-123.2416647464263,-15.62203351106907,40.07426546589169,-9.173104732370923,-0.12077203908708864,-0.07209887916450192,-0.01695090755800487,250.5568416733115,127.31517692688521,32.32272283039923,-0.13657451251458239,-0.21718929988310565,0.9665279150379934,-0.05953198085945474,-0.16864465149109834,0.9838774948022724,-0.339110433007175,-0.9390489938929508,0.05648983354837448,39.46953401637667,0.1790421374379278,13.56476128465707,15.11712000330832,252.0296686529746,238.1860951854565,-27.241972714760703,33.40815111072888,-8.739022277289314,-0.09359497249861568,-0.10578206359102474,-0.013606126213155639,267.1467886562829,145.33288384173943,32.40282428240559,-0.07236265285259046,-0.22310236811569628,0.9721054365722392,-0.008912243674783164,-0.1788201859159729,0.9838414064378761,-0.056697172981884536,-0.9965159141874065,0.06116750237748794,39.469534016376656,0.17904213743792796,14.8769770111096,11.539946998612216,237.915146572814,-121.81390481454363,-15.630719374718641,40.07660686567676,-9.173131545704901,-0.12075599801870429,-0.07256746150883618,-0.016939391895543568,249.4550935714262,127.64118875688257,32.402824282405575,-0.1363761385402223,-0.2175299169118955,0.9664793241891737,-0.06283329918260268,-0.16765459579794234,0.9838414064378761,-0.356623017149178,-0.9328354450705495,0.05136200988519508
306792,236,39.60198288201244,0.1595371666813495,15.63312210742012,65.33061183138908,248.53995111102,335.6844766282966,5.537427590609827,-33.25603626364797,4.846719059651617,0.17175459847502944,0.04888842702709437,0.03972481392973164,313.8705629424091,289.55503957070573,33.283994738052876,-0.09858864388616394,-0.2507945397085945,0.9630069460544101,0.11056428777855072,-0.11501150299311158,0.9871919228029001,0.6617453421622448,-0.7086085015871668,0.24488179516853445,39.60198288201241,0.1595371666813491,16.88783865061085,61.90587090991729,234.2456003493372,-24.315523371703726,-4.898849014372742,-33.37516312674584,4.713544582476107,0.17733672624557714,-0.0052785062479618755,0.04462739217728688,296.1514712592545,271.8359478875508,33.28399473805286,-0.16974210413319024,-0.2357484762104334,0.9568752656688833,0.07031532482580323,-0.14320566555606082,0.9871919228029002,0.4098722659580887,-0.8754026846023191,0.2562710779417656,39.50198816213923,0.1564529629539356,15.61623508227601,64.78361398770558,248.4831471985322,335.966734412586,5.52844265538981,-33.25642726885663,4.846931552626155,0.17173377994702543,0.048343303685922684,0.039700131060294686,313.2667611862378,289.23349559882377,33.321785071601255,-0.09873313053889152,-0.25043261248934023,0.9630863281844231,0.10723224080257601,-0.11392443174983974,0.9876854106358636,0.6543274204009011,-0.7159216855335018,0.24354007287174004,39.50198816213921,0.15645296295393574,16.870066887105853,61.35117194878971,234.19648058480595,-24.033265587414334,-4.907534878022195,-33.372821726960765,4.713517769142147,0.17715296133098465,-0.005791874629628539,0.04459763527704802,295.5476525335957,271.51438694618133,33.32178507160124,-0.1697705111548455,-0.23536214538188618,0.956965325423789,0.06747215860749424,-0.14115607471841488,0.9876854106358636,0.4006322278531791,-0.8801334427672283,0.2546741858298649
307463,239,39.20979200406564,0.2063836703388298,1.369286060012807,280.1738223291787,267.8747713773235,282.6047339862989,2.1120390052363325,39.04241314914458,0.01584172952297977,-0.15821351945919673,-0.024537286124472233,-0.0037574422255306095,188.04859370650217,110.6533276928011,31.117531217044473,-0.0008861630680831272,-0.02387983853831591,0.9997144432418693,-0.2043507245420888,-0.02889637973259132,0.9784711444991484,-0.9898688036342114,-0.14002334013739395,-0.02352054014139376,39.20979200406563,0.20638367033882976,2.9047104284043526,269.6098307434778,260.85002867329587,-77.39526601372802,13.801494287248637,36.580496798558855,0.39622422717429706,-0.15807092252763674,0.02440160780555052,-0.00811538722822273,170.45985941677372,93.0645934030457,31.11753121704447,-0.008058305144010658,-0.0500302320339019,0.9987151944377536,-0.20352932836554502,0.034205728724833566,0.9784711444991484,-0.984901301937037,0.1655342385265347,-0.05067387214502279,39.14847095345454,0.2093283898632509,1.369442515131648,280.7575569080116,267.9008262143482,282.3419091689029,2.103054070020427,39.04202214393663,0.01605422249760649,-0.15801317842457718,-0.025033196230398225,-0.0037529813194617672,188.65838312235985,111.00029229126272,30.95358456315966,-0.0008754037882498104,-0.02388296709056298,0.9997143779856118,-0.2069427777316469,-0.031512879072711636,0.9778453994355442,-0.988323080444147,-0.1505530646227589,-0.023478999000978485,39.148470953454535,0.20932838986325075,2.904978310137318,270.20811456027906,260.86154162463544,-77.65809083113044,13.792808423603315,36.582838198343374,0.39619741384053875,-0.15802988205991123,0.023868346468532607,-0.008109793531264793,171.0696561849145,93.41156535378406,30.953584563159655,-0.00804899356081037,-0.05003646039474333,0.998714957499798,-0.2067908677241269,0.03249479694726157,0.9778453994355442,-0.9866090690517085,0.155029497468053,-0.050679382195561715
341520,261,39.56278828360574,0.2709542404086015,11.26214110099223,205.3254776980982,196.607179526718,8.431590629829277,15.877035217749981,24.05798312760017,-3.687271037739019,-0.16770826949301623,0.1198771712370201,-0.03242061908925873,41.93265722481624,50.36424785464551,28.843083035775027,-0.1871516312879156,-0.05581786084249909,0.9807439183177429,0.2015711985321439,0.18106698295856496,0.9625922291420173,0.7462849747778568,0.6603632993413907,-0.08354070447252936,39.56278828360578,0.2709542404086023,11.344194675097222,197.27535726472286,186.91928769324605,8.431590629829184,22.495752937218395,18.138001340583344,-3.0686763165807243,-0.12272133525115617,0.16493769151657384,-0.035815194731003,24.194644957968876,32.626235587798064,28.843083035775024,-0.1952698608273367,-0.023696949392475214,0.9804632252369097,0.24715319314350934,0.11104728503826564,0.962592229142017,0.9128573643827863,0.4040783144948564,-0.05841359471140743,39.2136720573843,0.2644194961808446,11.28218489973827,205.3474539528777,196.7031634789764,8.508503490980587,15.86805028252991,24.05759212239145,-3.6870585447644872,-0.16750156464731827,0.11928446802746914,-0.03239694682514041,42.05061743185411,50.559120922834694,28.84481264856988,-0.1873864668089906,-0.05622991187653783,0.9806755371004213,0.19634559545155383,0.17710470662098862,0.9644077612915962,0.744931148708727,0.6618630041591792,-0.08375528287148679,39.21367205738426,0.2644194961808439,11.366666224487675,197.312924236204,186.9993975538828,8.508503490980566,22.487067073568873,18.140342740368382,-3.0687031299146934,-0.12270398767628304,0.16431023653743634,-0.03579103536973079,24.3123217900868,32.820825281067364,28.844812648569874,-0.19561819666583835,-0.024016806515147184,0.9803860026224464,0.240969388910224,0.10886424375691289,0.9644077612915963,0.9120260394105992,0.40591691775939576,-0.058651166345845926
385185,270,39.52975953458363,0.2029383470418621,3.710198399924785,189.6597275425817,170.1830541577817,36.09428773476403,20.38011855590471,26.867811388274212,-1.942082958153023,-0.12944500808250417,0.13079579700466698,-0.006926192490229995,359.8427817003634,35.9370694351274,31.507655475672944,-0.06376241761073688,0.011033103997855596,0.9979041159934188,0.20293758303936935,-0.000556857452428869,0.9791915171711388,0.9999362731870581,-0.003090506031323381,-0.010858100075393088,39.52975953458363,0.2029383470418622,3.2960879342170912,164.4828778864175,177.73214265365095,36.09428773476417,27.5872204117877,19.45628860527212,-1.1825020189240782,-0.08366480259283918,0.16378780319336367,-0.009234668709301855,342.21502054006845,18.30930827483263,31.507655475672937,-0.057450828074817765,0.0022751827143873186,0.9983457446682156,0.19323982206005721,-0.06198664267631146,0.9791915171711388,0.9522270129809678,-0.30500347600799427,0.0153816570103712,39.19877854582232,0.1970659272245007,3.714378505495071,188.4767876449556,170.3127879955513,37.34364830789417,20.37113362068464,26.867420383065486,-1.9418704651784968,-0.12926394900589172,0.13019577563809426,-0.006919607744358131,358.7895756405069,36.13322394840105,31.47403490562198,-0.06385900162352025,0.010900950307433772,0.9978993923207099,0.19702195327851363,-0.004162883516433473,0.9803902387963417,0.9997247524210012,-0.021429551658296325,-0.009549539909983007,39.19877854582234,0.19706592722450111,3.303442866142353,163.32836242022054,177.8333476391872,37.343648307894156,27.578534548138176,19.45863000505716,-1.1825288322580527,-0.0836736324733348,0.1631611189214091,-0.009228324819251638,341.1617100594077,18.50535836730188,31.47403490562198,-0.05758282057280828,0.002178545413116469,0.998338355826702,0.1865098313442271,-0.06363224406541333,0.9803902387963416,0.9464517055727079,-0.3224218930018209,0.016531543534547163
385445,279,39.66508942709215,0.1438254965383949,3.660330089967546,267.6461738641075,286.7425675976223,132.2762930304751,40.4774491106041,-16.833749860115955,2.169428326094704,0.06700115838424381,0.12579715083905096,0.0064227456031732124,194.38874146172975,326.6650344922049,33.96023824500078,0.01839091300114319,-0.06113504938173649,0.9979600593491089,-0.13931397974861628,-0.03574057219908453,0.9896030651455583,-0.9666801928737082,-0.24791240311034113,-0.063787499478392,39.66508942709214,0.14382549653839494,5.23891388994009,267.3927935047721,269.41283706591645,132.2762930304751,33.428924602956094,-28.274628717508214,3.091570942659583,0.10165586957705668,0.09968088594264635,0.009226873975411018,176.80563057068855,309.0819236011637,33.960238245000774,-0.0009357109178623335,-0.09130414494058854,0.9958226135018958,-0.14360202696144167,0.008014443653881131,0.9896030651455583,-0.9942734018745288,0.05568062146871393,-0.09121442165419627,39.42798567288973,0.1500416484871697,3.662478365387726,266.4657845619467,286.7588789599394,133.2143340530371,40.46846417538402,-16.834140865324606,2.16964081906923,0.0670505503515407,0.1252004797913108,0.006420383286738902,193.2246635218861,326.4389975749232,33.51214570600085,0.018419105873449828,-0.061165639934730044,0.9979576649488683,-0.14606262151650282,-0.0343250182297728,0.988679677003251,-0.9715286457319916,-0.228182158972201,-0.06375729643693878,39.42798567288974,0.1500416484871694,5.241066705572454,266.2174270282337,269.4241395430819,133.21433405303694,33.42023873930659,-28.272287317723105,3.0915441293256087,0.10152282939691559,0.09909716902726244,0.009220844104229249,175.6415665713156,308.85590062435256,33.512145706000865,-0.000918075803633938,-0.09134174255425728,0.9958191819823369,-0.14960775016574604,0.011402515998279374,0.988679677003251,-0.9929366477284306,0.07595374488168095,-0.09114736549278357
438028,310,39.18464204339995,0.2758410862925852,3.140686532189192,300.4387280860179,226.1790273377318,35.6880627286815,-21.742152406357505,-23.281462311919814,0.02376671391100116,0.11065347689706523,-0.15783594756807037,0.010377288677768682,166.6177554237497,202.30581815243121,28.3759078161624,-0.037935525192017996,-0.03952982516541997,0.9984980164481034,-0.2683513520207507,0.06384243694995165,0.9612032537985535,-0.9719133202483594,0.23054979342398224,-0.04723653962737933,39.18464204339994,0.2758410862925853,4.1352978656959385,280.83939956881085,228.15797565684034,35.688062728723764,-27.749341523427333,-15.62604209400957,-0.7410107905710678,0.05749776845133886,-0.1838882549853135,0.011965898043786987,148.99737522565118,184.68543795437495,28.375907816162393,-0.04810435124187859,-0.05372243588914129,0.9973965466522005,-0.23643545081103737,0.14207949354799596,0.9612032537985535,-0.8552387716489736,0.5133716188626569,-0.07082530913938886,39.40934205586893,0.2794104916289522,3.134062082083252,300.9366718859208,226.1592262027478,35.07216578000319,-21.751137341575852,-23.281853317131088,0.023979206885689774,0.1106736111053804,-0.15824251487977262,0.010372275847635556,167.0958980886686,202.1680638686718,28.397958417265055,-0.037869220370863585,-0.03943344562593089,0.998504344264245,-0.27235403800448166,0.06239792316244287,0.9601717435790679,-0.9738199107302568,0.2224313065708468,-0.04689451271205418,39.40934205586897,0.2794104916289526,4.128694085947821,281.30091574522703,228.1746752307687,35.07216578004853,-27.758027387075987,-15.623700694227487,-0.7410376039048558,0.057394325028596295,-0.18428191103185967,0.011958032354743025,149.47559097599571,184.54775675604424,28.397958417265063,-0.0480120299361865,-0.053650789587566264,0.9974048514811011,-0.24068779122889564,0.14191409368237018,0.9601717435790678,-0.8595165001865958,0.5062083343977972,-0.07060104881086077
444745,316,39.32504271018342,0.1855282828903071,15.10914038449191,123.3245499645976,207.6187656556454,302.5257467521641,-10.831179273406004,-34.189113744438814,6.823271954019907,0.16861768619661177,-0.017005633246401496,0.025173153937160797,330.94331562024297,273.46906237240705,32.0291350615751,-0.23095695489433318,-0.1208377121470931,0.9654310603606003,0.16217762696185273,-0.09010638748306336,0.9826389246553253,0.8607490282059982,-0.46008120580058126,0.21779897729675632,39.32504271018336,0.18552828289030676,15.460788066458216,117.48371623600782,195.67098369929766,-57.47425324783813,-20.833059599922535,-29.32007757192558,6.251692740665623,0.15485089526626858,-0.06714664916191787,0.029450485244144623,313.1546999353055,255.68044668746734,32.02913506157507,-0.2566697353293031,-0.07200637338043557,0.9638131194160945,0.12689588052337716,-0.13534466837826487,0.9826389246553254,0.6752991363743379,-0.6986000317703435,0.23649328113616339,39.34800067669357,0.1833543384138341,15.08051115392662,122.8367633067942,207.4951018366176,302.821468995986,-10.840164208625783,-34.18950474964756,6.823484446994486,0.16859897016915235,-0.017506591406885284,0.025158224248665862,330.3318651434118,273.15333413939777,32.133374044711324,-0.23078928279793545,-0.12011622077410736,0.9655611842097633,0.1593178553398334,-0.09075590551083008,0.9830468893114027,0.8555479010148839,-0.4693076872694287,0.2186048575371707,39.34800067669357,0.18335433841383453,15.429026640544933,116.98192819355349,195.5616393875469,-57.178531004015525,-20.84174546357179,-29.317736172140652,6.251665927331709,0.15468220137300984,-0.06761855071487086,0.02943090059363775,312.5435675811004,255.36503657708485,32.13337404471131,-0.2562919506011249,-0.07137306402470966,0.9639607470165967,0.12397515258057545,-0.13508876695639052,0.9830468893114026,0.6675346205507858,-0.7058243469541079,0.2370854732220545
450265,320,39.18479258263873,0.2556886251326416,4.148028230365074,100.059528536338,10.23007849548429,2.527494541382171,-12.18086476686595,26.440725787801835,2.043982237392041,-0.18977823096889196,-0.08357117211609687,-0.003520125543648933,110.28960703182229,112.81710157320445,29.165686841076102,0.07118360300341776,0.0128465343585496,0.9973804997183504,-0.0886639992498562,0.23982361906042957,0.9667591876872851,-0.3463074459104428,0.9354136234585291,0.07122152732967009,39.184792582638714,0.25568862513264135,4.622788743323945,119.87678891112537,332.88715553734147,2.5274945413831564,-3.6796308244665408,28.885065935849404,1.9433458051636836,-0.20598214929758277,-0.022339470220444815,-0.00919843918290592,92.76394444846687,95.29143898985004,29.1656868410761,0.07173880272372764,-0.03673089601227068,0.9967469014057189,-0.012329618303242758,0.2553911774801877,0.9667591876872852,-0.04950676787973046,0.9963258940110464,0.06988413880983083,39.18547178194356,0.2554998095286385,4.14554082733884,100.5328021132348,10.37750557843614,2.182018450688218,-12.189849702085212,26.440334782593528,2.044194730366583,-0.18955673383642133,-0.08402751504055289,-0.0035158236979577423,110.91030769167094,113.09232614235916,29.173591205367142,0.07110772069681917,0.01302185359691387,0.9973836390207149,-0.0911894303191792,0.23867266384576621,0.9668091059412035,-0.3564427080716538,0.9316100811364364,0.07107216464628122,39.18547178194357,0.25549980952863893,4.6168317571990825,120.38344426381573,333.0011853633884,2.1820184506886573,-3.688316688115166,28.887407335634595,1.9433189918297495,-0.2059089965578559,-0.022841403572099316,-0.009192119575523216,93.38462962720416,95.56664807789282,29.17359120536713,0.07171942520004931,-0.03654100340544431,0.9967552754408164,-0.015084345950652566,0.25505414165704465,0.9668091059412035,-0.060309290332125176,0.9957616647880041,0.06943699617824922
455502,325,39.45358016562994,0.2209877908135445,12.04907231657545,147.0709775556598,135.910540420995,116.9300645954808,21.96727861808004,37.86513561277998,-9.067693620101425,-0.1054947216331174,0.09087992197210117,0.001734572635538681,282.9815179766548,39.911582572135615,30.7348206451423,-0.14993513595779637,0.14524377885630943,0.9779691711443959,0.04964197646389945,-0.2153399123743867,0.9752765742656537,0.23296937359934589,-0.9658407982713404,0.11347609157575192,39.45358016562993,0.22098779081354436,10.685332360162777,143.02786110900533,122.29232095407154,116.9300645954823,32.61674423364088,29.460414139541513,-8.172202075974383,-0.07313373179272756,0.11850183086078603,-0.0002803730428148181,265.32018206307686,22.25024665855915,30.7348206451423,-0.09905596807928058,0.15673755238800108,0.9826602947404027,-0.018029829131869162,-0.22025105890807073,0.9752765742656537,-0.07277183404400678,-0.9910948432148156,0.11151355040026158,39.23155115834246,0.2230766513514189,12.04452502115821,145.473094461045,136.0305665679313,118.6957738263328,21.95829368286014,37.86474460757114,-9.067481127126905,-0.10532971512215539,0.09030665403103923,0.0017353525447516838,281.5036610289763,40.19943485530911,30.47990809861755,-0.1501832088100549,0.14487548073629852,0.9779857355160871,0.044488298884907164,-0.2185954794603257,0.9748009066582968,0.20809338272490163,-0.9709317533626463,0.11827372649174965,39.23155115834248,0.22307665135141874,10.682566340747881,141.4132086650229,122.42883975357367,118.69577382633388,32.60805836999149,29.46275553932639,-8.17222888930836,-0.07314962007336952,0.11790549929653196,-0.0002800307268731369,263.84204841859656,22.537822244930453,30.479908098617564,-0.09940370611785178,0.15646104528494864,0.9826692447198991,-0.02392937346443408,-0.2217894890741265,0.9748009066582968,-0.09814615820484673,-0.9884335128152473,0.11561367727626244
456826,326,39.5141302654265,0.2804138964719339,28.53179120677976,312.6527315279819,96.3364666334029,23.53464914379939,-0.8329750587108702,30.08201780342415,-1.3549305116741737,-0.17706190387830245,0.030430748693802565,0.09384997416312471,48.98919816138482,72.5238473051842,28.433819031998688,-0.05271634617504859,0.4747283251562008,0.8785522204970749,0.1840079636703326,0.21159636726671377,0.9598791833691507,0.5674253124669358,0.7447277258522665,-0.3512963551173162,39.51413026542645,0.2804138964719336,26.98501044638828,313.33117142410055,78.15367465708292,23.534649143799943,8.327192680296774,28.928318190101873,-1.125943170351153,-0.16212279585808306,0.08249539284680431,0.08941742080659401,31.48484608118349,55.01949522498343,28.43381903199866,0.09315068597386504,0.44409313341387585,0.8911252653568094,0.2391308937727716,0.14645261683564315,0.9598791833691508,0.7752696225202916,0.5385308616757535,-0.33006290827661183,39.32875846634467,0.2763286372059553,28.53925977862215,312.7617694541107,96.3513845558727,23.69699202792498,-0.8419599939308924,30.081626798215424,-1.3547180186996917,-0.17684892980361827,0.02989799652379979,0.09378901416231211,49.11315400998342,72.8101460379084,28.46109623633747,-0.05285261635056409,0.47482839684181744,0.8784899512786299,0.18087568085856898,0.2089054901481758,0.96106320513268,0.5659042099775349,0.7461347797076722,-0.3507639029892979,39.328758466344645,0.276328637205955,26.99239418024045,313.4391494703595,78.16957147284192,23.696992027925354,8.3185068166473,28.93065958988689,-1.1259699836851707,-0.1620790396415236,0.08192319442648127,0.08935764360256487,31.608720943201433,55.30571297112679,28.461096236337465,0.09305101115701093,0.4442313578333037,0.8910667820316484,0.23533450153918822,0.14482813305916128,0.96106320513268,0.7742303383927833,0.540331672583998,-0.3295588971864899
469362,337,39.61319441420987,0.2836893626080902,17.53825065296054,53.36395159048152,223.102573358885,357.6758994567701,0.37191666747919516,-27.646307641868862,6.4595785874901015,0.207940925304614,0.0160770449635489,0.041194587114548264,276.46652494936654,274.14242440613657,28.375352539972315,-0.22001962954999693,-0.20590926393981487,0.95351598709012,0.031949862055260694,-0.281884481253641,0.9589162348938595,0.087134864260973,-0.9664033814489439,0.24180988349169838,39.613194414209865,0.2836893626080903,18.272274244776767,48.81581574342531,209.84835787464615,-2.3241005432326722,-8.171686920515672,-26.467120551695377,6.236815400463864,0.20187118560476522,-0.04748810299223215,0.04677390613967076,258.66417361807146,256.3400730748388,28.375352539972305,-0.2719414867450174,-0.15604730565684316,0.9495773092192912,-0.05576177481323696,-0.27815513464011843,0.9589162348938595,-0.2154462024960742,-0.9475779521846206,0.2359638920759309,39.55580087292228,0.2825384917582665,17.51825981240526,52.918107132032,223.005974641985,357.9487428995312,0.3629317322606096,-27.64669864707744,6.45979108046492,0.2078958530630553,0.015553913295252806,0.04116891913661838,275.924081774017,273.87282467354817,28.379764553996498,-0.22012317069746368,-0.20531109576501044,0.9536210692292122,0.029160969377259833,-0.2810296019817388,0.9592559620221102,0.07797389482797851,-0.9676021211649846,0.2401378913090932,39.55580087292229,0.28253849175826673,18.25003720051331,48.360940941673825,209.76086859672085,-2.0512571004704645,-8.180372784163744,-26.46477915191065,6.236788587130222,0.2016709765854083,-0.04797318059230597,0.04674271054864959,258.1218095383947,256.0705524379242,28.379764553996495,-0.2718594982216693,-0.15544892768957946,0.949698922873361,-0.05815537884559588,-0.276488609596058,0.95925596202211,-0.2244918003697003,-0.9459533766879022,0.23404196354399007
469372,338,39.6535610048473,0.1038752864565257,22.28984509759859,43.28738536205657,164.0969727604117,162.6728253110329,42.0302202666391,8.44153968351289,-8.048899727041945,-0.031463101563006746,0.13155894650042954,-0.048330955549074364,207.38435812246826,10.057183433501166,35.53453599644747,-0.36477546017427576,0.10392986044173684,0.9252769573285646,-0.09223512444691917,-0.04777820585462167,0.9945903301679414,-0.8739022316479812,-0.4106838372170353,0.26006475226252757,39.653561004847276,0.103875286456526,21.457212756706433,39.686080102787585,149.856884294271,162.672825311127,42.82228511953367,-4.649164116474127,-6.871751222647221,0.011075439574216122,0.13491726019719377,-0.04804406277235678,189.5429643970586,352.21578970818564,35.53453599644744,-0.3163397057589885,0.18369389277268924,0.9306910036732559,-0.10243781453455778,-0.01722118723575338,0.9945903301679414,-0.9639361877344219,-0.12751277721691906,0.23359691269890023,39.3765040002324,0.1111437267854397,22.35176465714702,42.18863422644065,164.1841356341874,163.6920898455841,42.02123533141904,8.441148678303927,-8.048687234067359,-0.03134771439350605,0.13095841363653454,-0.04829661945756979,206.37276986062807,10.064859706212133,35.000052597864794,-0.3658950226037634,0.1036472868888401,0.9248665159656143,-0.09957621829069661,-0.04937109229782145,0.9938043429147628,-0.8821709060385986,-0.39566196866925607,0.25539400754091035,39.37650400023239,0.11114372678544004,21.521087722275556,38.593911330935214,149.9364658076503,163.69208984567913,42.81359925588408,-4.6468227166893215,-6.871778035981137,0.011003110496732449,0.1343099262694532,-0.04801170707040683,188.53037713858552,352.22246698426466,35.00005259786477,-0.3174923251825553,0.18377399519702653,0.9302826141229867,-0.10991418359318832,-0.016486365542454643,0.9938043429147628,-0.9671508760766903,-0.11069490241848146,0.22883579589446534
469421,340,39.25791032299436,0.1071479773042421,18.10643245933182,111.5845928508237,106.6779244697047,290.100784127659,-26.77128977704779,26.64928631886552,5.8845588590193545,-0.09380320536697528,-0.1277963291069198,0.04137329692059612,218.2625173205284,148.36330144818737,35.05150463869419,-0.08919210654666698,0.2977094692913809,0.9504808467423277,-0.08413062664693673,-0.06635304590133084,0.9942430844414306,-0.7410720527705057,-0.6060505078302796,0.28898960978064403,39.25791032299436,0.10714797730424197,16.52794495713129,111.6721782111617,89.01193012352313,-69.89921587234113,-17.62599588784086,33.491309224568624,5.4010115703395325,-0.12911658473673557,-0.09349039875278925,0.03783048579345433,200.68410833468482,130.7848924623437,35.0515046386942,0.004905686090292826,0.28444065699795423,0.9586810975974001,-0.10024143676498863,-0.03784631284129458,0.9942430844414306,-0.897149592808765,-0.3538775197658308,0.2643734274231267,39.39079328753,0.110063019345734,18.0994090123069,110.4282121678432,106.6789557999112,291.5285869387822,-26.78027471226797,26.64889531365672,5.884771351993907,-0.09364603503921798,-0.1282230303301214,0.041347509163270124,217.10716796775438,148.6357549065366,35.055323643880776,-0.08916402467675173,0.2975962513344047,0.9505189361055115,-0.08777618889263161,-0.06640187415265077,0.9939246107087301,-0.7530900934037297,-0.589999397244708,0.2911288760464052,39.39079328753001,0.11006301934573381,16.520921028612815,110.5157338213608,89.0130190853135,-68.47141306121765,-17.634681751490508,33.49365062435362,5.40098475700558,-0.12909495077629307,-0.09394464353279922,0.037805284487411724,199.5287529066743,131.05733984545665,35.05532364388079,0.0048982555827004875,0.2843232401167205,0.9587159653525001,-0.10373151837150824,-0.036791851323911724,0.9939246107087301,-0.9038139583742715,-0.3349458895571133,0.2663298325697378
469506,344,39.44952951013441,0.2140060876275191,1.912393934897614,171.1300622707341,91.72470647955109,355.5598359846564,-7.5904423972055195,-30.10459296507771,0.2835833467057284,0.19254060814564417,-0.044213314298714126,-0.006381580869124444,262.8547687502852,258.4146047349416,31.007090040924183,-0.0010043869407111686,0.03335625558350607,0.999443020597133,-0.02661910846291164,-0.2123441277885431,0.9768323266857842,-0.12429897608644587,-0.9922314686389966,0.005145598736883131,39.44952951013437,0.21400608762751883,0.5840153764839573,218.73903968324055,26.540556614908102,-4.440164015359713,-16.33135207050865,-26.4053214383574,-0.16640967203224472,0.1703012204459003,-0.10030984169770046,-0.0016904123697185566,245.27959629814865,240.83943228278895,31.00709004092416,0.009118678536814317,0.004554467393025419,0.9999480519149523,-0.08949532942903143,-0.19439442263610962,0.9768323266857842,-0.41820510324710186,-0.9083302304866896,-0.006378401216471687,39.50377554165794,0.2148214921352587,1.911078169580767,170.3896091636157,91.73089899550506,356.0227634716122,-7.599427332418848,-30.10498397028793,0.28379583968002897,0.19250585789346872,-0.04469603664026378,-0.006375361146603279,262.12050815912073,258.1432716307329,31.017515534822643,-0.001007298810582926,0.033333205652182514,0.9994437866884037,-0.02944987821382626,-0.21279327563720105,0.9766533297525694,-0.13699718324973453,-0.9905557911696875,0.005567437636219137,39.503775541657944,0.2148214921352587,0.5829763712923132,218.0865975236713,26.458730493435322,-3.977236528394624,-16.340037934152193,-26.402980038575826,-0.16643648536628025,0.1701221710456476,-0.10075951577845976,-0.0016891249816199678,244.5453280171066,240.56809148871199,31.017515534822646,0.00910893985401949,0.00453336077866332,0.9999482365876677,-0.0923296126735404,-0.19396782234889637,0.9766533297525694,-0.4298111327208982,-0.9028970033278699,-0.0062762704475533134
469704,350,39.22040377074246,0.1463578255194303,1.779252960185859,213.4647289188163,24.43402780848121,343.2922802827429,-27.57207515038612,-19.566233190254362,-0.19908137836641832,0.1134043727421809,-0.14410589620536735,-0.005532733977943098,237.8987567272975,221.19103701004042,33.48019075886253,0.02826804102205941,0.012843200430667204,0.9995178688044916,-0.07777703089456682,-0.12398123469300346,0.9892317154788477,-0.5315269323545436,-0.8468683425413227,-0.017121056716257455,39.22040377074242,0.14635782551942988,2.233170618632534,258.05027423849833,322.29045151565987,-16.707719722572154,-32.176804815946475,-10.32329166696821,-1.0859667326173719,0.06470343220941444,-0.17163060267894847,-0.003751574050039697,220.34072575415826,203.6330060315861,33.48019075886251,0.030827091787177782,-0.023834091436073984,0.9992405248474272,-0.11155516399701242,-0.0947420628674273,0.9892317154788478,-0.7617539268717723,-0.6467439027231954,-0.03812189903197944,39.43274812984533,0.1501771055113087,1.773805458460088,212.4223890511766,24.40608375526077,344.2201129257846,-27.58106008522168,-19.566624195944087,-0.19886888541078085,0.11342266317803601,-0.14452166601702746,-0.005527083190998057,236.82847280643736,221.0485857322219,33.51085215334869,0.028187762351570562,0.012790145160591564,0.9995208163116877,-0.08216900241420202,-0.12570369152101146,0.9886591106039762,-0.5472534893254889,-0.8368023591720941,-0.016596087041663512,39.4327481298453,0.15017710551130858,2.2299023481060494,257.09403358412516,322.17633513895527,-15.779887078702526,-32.18549067937432,-10.320950267757853,-1.0859935459641328,0.06459515922759412,-0.1720324743577897,-0.003748905178027017,219.27036872308042,203.4904816443779,33.510852153348665,0.030734536687189826,-0.023860489061448904,0.9992427459413314,-0.11626225950016683,-0.09505919227339657,0.9886591106039763,-0.7737150251765879,-0.6323975404732435,-0.03792638421184319
469707,352,39.32214590202056,0.2327925734465753,14.71354259592361,349.3360776810866,217.1690294927897,29.23965401900024,-9.811893126244932,-30.132033956517642,4.74852174372506,0.1703501060299355,-0.07801555197022783,0.04335156988008548,206.50510717387624,235.74476119287647,30.168242364047487,-0.20239087213813486,-0.15345067419927405,0.967207746796392,-0.20832481347829707,-0.10389010704158452,0.9725264097946753,-0.8912284088330193,-0.45111301741206755,-0.04699966819398173,39.32214590202056,0.23279257344657567,15.31357274218569,343.6959441054686,205.03463310499401,29.239654019000493,-18.579516417355784,-25.76043220927103,4.238263549730329,0.13757826610972726,-0.12582973103823797,0.04715976108700385,188.73057721046257,217.97023122946305,30.168242364047472,-0.23928976812621391,-0.11175879382627589,0.96449488276123,-0.2300952110735121,-0.03533519623428236,0.9725264097946752,-0.9841951079244187,-0.16081942128011492,-0.07414245259479185,39.42914586126896,0.2355724350432311,14.68638729790556,349.2483565515217,217.0790048279372,29.16883399404665,-9.820878061464933,-30.132424961726347,4.748734236699595,0.1703302288563172,-0.07847561852268368,0.043324456194711716,206.32736137945892,235.49619537350557,30.14072595905509,-0.2022659855319767,-0.15285608469416453,0.9673280149301728,-0.21113762325786312,-0.10447619919014091,0.971856793899082,-0.8925999513026039,-0.4483618997830677,-0.04729623407320522,39.42914586126892,0.235572435043231,15.284301355130294,343.59448282323314,204.95860088189178,29.168833994046963,-18.588202281005234,-25.758090809485996,4.238236736396365,0.13742114911405895,-0.1262623005344999,0.047128306878540256,188.5530837051249,217.72191769917185,30.140725959055068,-0.23899110419106961,-0.1112332209134949,0.9646296816305949,-0.2329525151802274,-0.03503566502013659,0.971856793899082,-0.9846631774443122,-0.157782514925473,-0.07445203132933169
469708,353,39.37405035923025,0.325980785597772,18.26925655330448,86.19034387416706,205.5192697484276,346.9174703871144,-2.8997586346954822,-26.08275355407911,7.3580746858865425,0.21703860393519256,0.009608238459517637,0.02800519255341067,291.70961362259465,278.62708400970905,26.53886649096214,-0.282899713581645,-0.13505305134079024,0.9495938212619989,0.12058115664857874,-0.3028591376204976,0.9453763945757581,0.34823491692247366,-0.8836824613709688,0.31279026535578747,39.37405035923027,0.3259807855977721,18.551001352135273,81.27030222723758,192.60543359668117,-13.082529612885443,-10.841957490206486,-23.98831345076835,7.062058605933785,0.20895059739523775,-0.0564029063137224,0.03377461564436626,273.8757358239187,260.7932062110333,26.538866490962143,-0.3104800395415689,-0.06943142716348834,0.9480408334920533,0.022033946058266057,-0.3252352653081183,0.9453763945757581,0.0563847880921558,-0.9475936665600359,0.3144630324332421,39.32896860293773,0.3246117622972022,18.25094272454705,85.90183046238752,205.4028579241105,347.0649780688526,-2.9087435699156057,-26.08314455928779,7.358287178861058,0.21698743401777543,0.00908944247802404,0.027988364704494856,291.304688386498,278.3696664553506,26.562322795406775,-0.28289933339633144,-0.1343477728779063,0.9496939733865103,0.1179403695104718,-0.30242828151717005,0.945847346974291,0.34180235791886837,-0.886335560020554,0.3123786535026882,39.328968602937685,0.3246117622972018,18.529624583032504,80.97491040130193,192.49608716939284,-12.935021931147455,-10.850643353856047,-23.985972050983253,7.062031792599798,0.20874564343377588,-0.05688200880925289,0.03375213276601258,273.47099757069475,260.5359756395473,26.562322795406764,-0.3102666289987668,-0.06876222593094748,0.9481594671861706,0.019653063411421298,-0.3240162855787371,0.9458473469742911,0.04946526742916452,-0.9481796966040518,0.3138605586339412
469987,355,39.44444686098748,0.3044169865181648,12.473320304501,102.5129670779089,222.6414335377415,318.9191699234375,-9.443128690810832,-31.02575466866542,3.6335156937406774,0.18737610203212451,-0.0029347446925294535,0.02855526440383195,325.1544006156504,284.0735705390879,27.43688721268979,-0.15888015166226424,-0.1463099752546176,0.9763966860599073,0.24983342002004993,-0.17393379177688797,0.9525388697156665,0.80508545382309,-0.5544165515081098,0.21085468801125692,39.44444686098747,0.30441698651816473,13.218338780157204,96.24707235407469,211.16856291149293,-41.080830077598215,-18.467263887874417,-26.723796663334042,3.1259278495311267,0.17688189428880055,-0.059399579504849497,0.033441065948753436,307.41563526556763,266.33480518796944,27.436887212689783,-0.1956546713846125,-0.11834600335996354,0.9735057642634186,0.18496150905941786,-0.2417828402663501,0.9525388697156665,0.5939617340781013,-0.771713711884438,0.22730465314303955,39.43849903826467,0.3024333064420558,12.450244986115,102.2109627619216,222.5631765707984,319.0018484634739,-9.45211362592007,-31.026145673873884,3.633728186732151,0.18734481326577346,-0.0034451337986594194,0.02853806787181144,324.77413933272,283.77598779619393,27.51098337301045,-0.15879019716882395,-0.1458268371216362,0.9764835927234957,0.24705312271694388,-0.17444385744783647,0.9531705488287632,0.8013379566434391,-0.5598723640124836,0.2107140604174071,39.43849903826467,0.3024333064420559,13.19355628246677,95.92944205567684,211.10612447595562,-40.998151537425215,-18.47594975141871,-26.72145526358224,3.125901036217006,0.17669843422347706,-0.059876673493964215,0.03341880663044478,307.03556653163247,266.03741499420727,27.510983373010447,-0.1954229745128783,-0.11791516761165202,0.973604577988238,0.18215880520245856,-0.24142094882732784,0.9531705488287632,0.5887470888592587,-0.7757826175791778,0.22702025376989501
470308,358,39.37534027834488,0.0306881910932053,18.19066491478547,355.507931525715,64.62174650815592,196.4433331957067,-10.421254998089474,-39.1003097131712,-2.4127676259328,0.14334829937377425,-0.033930811995059415,-0.047337652755041246,60.1296780338709,256.5730112295776,38.16698231152305,0.1337979853666967,0.28205413889108527,0.9500229270108284,0.015283904902033657,0.02661141340700784,0.9995290065462967,0.49450211307548625,0.8688324599958085,-0.024450288781749877,39.37534027834486,0.030688191093204864,17.068130502584424,359.17554948165616,43.543728525121445,-163.55666680429752,-21.67097454757037,-34.12566895180332,-3.010947320752781,0.12765806322304019,-0.07564785504956956,-0.043837304033160204,42.719278006777586,239.16261120248006,38.16698231152304,0.21274938727355694,0.20220044685717548,0.9559564202961789,0.02254619592391897,0.02081908071777709,0.9995290065462967,0.7342497897661622,0.6788662683469562,-0.004223260473268527,39.42660917948565,0.02878409603278319,18.15606064659473,0.1111928988118293,64.58966560758162,191.5359500329181,-10.430239933309522,-39.10070071837991,-2.4125551329582904,0.1433465200327205,-0.03442042613493779,-0.047303982420012894,64.70085850639344,256.23680853931154,38.29174987461633,0.1337096615156627,0.2814608612597068,0.9502112975524502,0.012300719853270243,0.026023383244994265,0.9995856520656824,0.4274315931614333,0.9040474918227507,0.0006047284286750502,39.426609179485624,0.028784096032783646,17.034238150894886,3.7881128990977486,43.502116746070875,-168.464049967084,-21.67966041121987,-34.123327552018274,-3.0109741340867715,0.1275075951962031,-0.07611405870968571,-0.04380776789125934,47.29022964516862,238.8261796780846,38.29174987461628,0.21248597430165228,0.20165658048076462,0.95612987312074,0.01952382003693235,0.021150523293526104,0.9995856520656824,0.6802801600950283,0.7326966170894105,0.019353839071777162
491767,404,39.76917419653603,0.08347406582933169,30.07472839503301,315.4235139543582,65.53091369867953,23.50050531518666,22.97986157512441,28.208269323216108,-5.346161410707112,-0.10441694239611912,0.10847822433991502,0.08105568250472221,20.954427653037726,44.454932968224384,36.44947953167622,0.2075687813716608,0.4561201262343404,0.8653725391089395,0.07795352288871792,0.02985243600307573,0.9965099499422574,0.8478620441203657,0.39676313568736005,-0.3517228572321803,39.76917419653602,0.08347406582933137,28.92000594648817,317.61036342045594,46.04500352240509,23.500505315782178,30.563122109823667,19.948803720908177,-4.505855640940539,-0.06897797692168164,0.13495243300073365,0.07918539138361426,3.655366942861008,27.155872258643186,36.449479531676225,0.33565514260923707,0.3481278746502969,0.8752957261014359,0.08330424500047383,0.005321882277970593,0.9965099499422574,0.9374435900078464,0.12210853121190479,-0.3260199720239116,39.48938957342623,0.07697215492507077,30.12526284050315,314.6481248036511,65.5128445783078,24.50728886804387,22.970876639986127,28.20787831792161,-5.345948917795975,-0.10425265826120828,0.10789316122078103,0.08100329781699545,20.16096938195892,44.66825825000279,36.44980616128399,0.2080288945938881,0.4567490667643125,0.8649302104932945,0.0722559190911881,0.02652913097138265,0.997033242859129,0.8512777183045501,0.3844885331698937,-0.3570641597515252,39.48938957342619,0.07697215492507037,28.9708492033783,316.832230216761,46.0302752035317,24.50728886846588,30.554436246227933,19.951145120586744,-4.5058824543364455,-0.06899665057679462,0.1343450754989008,0.07913247214859989,2.8625054202926776,27.36979428875856,36.449806161283966,0.336283749239326,0.34860045530423855,0.874866254097859,0.07687611303803024,0.0038439404226694057,0.9970332428591291,0.9371391509424003,0.10937555800950444,-0.33137169324048593
500833,422,39.19656898876602,0.09954377354669053,6.959330828984752,351.8942356156658,204.5127011981998,27.59871158786999,-23.114140617288772,-27.319780174327477,1.8636125511260313,0.12686503548055192,-0.11758162907308047,0.019483822154133662,196.40693681386563,224.0056484017356,35.294794601541064,-0.11024412752678814,-0.05027066066174319,0.9926324057890157,-0.09549032962234422,-0.02811689528612391,0.9950331839431714,-0.958848776161772,-0.28340280500458026,-0.017084336937903993,39.19656898876599,0.09954377354668997,7.318733473916215,339.4970556830534,199.23220050919028,27.598711587869857,-30.32684517748249,-19.061258980358495,1.028496307625539,0.0848505026169026,-0.15041160352820637,0.021829745267129073,178.72925619224372,206.32796778011357,35.29479460154106,-0.12027951509380351,-0.041961568754916516,0.9918528444262414,-0.09951929210206158,0.0022075668549870835,0.9950331839431715,-0.9988140998365063,0.01948251367581083,-0.04461866905972818,39.37183253731094,0.1037125367204847,6.942091096649714,352.2119357579762,204.4358548834108,27.15624839481784,-23.123125552508874,-27.32017117953616,1.8638250441005582,0.12687430396877342,-0.11801517665042632,0.0194727057132237,196.64779064138702,223.80403903620487,35.2884799095323,-0.11003952784708355,-0.04999919802904912,0.9926688181400899,-0.09936531656602976,-0.02971235663374041,0.9946073143341557,-0.9576729857587485,-0.2873920634601059,-0.01637846781803397,39.3718325373109,0.1037125367204843,7.299897608607836,339.78038608458195,199.1899453320028,27.15624839481767,-30.33553104113203,-19.058917580573407,1.0284694942915649,0.0847287261540864,-0.15082769714127625,0.021815268381368696,178.9703314165847,206.1265798114024,35.288479909532285,-0.12000247105463621,-0.04176567056895739,0.9918946696614044,-0.1036957896351957,0.0018637287707831299,0.9946073143341558,-0.9989177144647395,0.01532444002534511,-0.04391538758169726
500834,423,39.02906987892432,0.1821917700697134,9.910585811657825,11.33836773917981,45.00775739166421,168.9873583372732,-30.488504215130153,-34.502681229565646,-0.49484244782480613,0.09599339606494411,-0.0898394016659099,-0.02295872576991457,56.346125130844015,225.3334834681172,31.91829455350856,0.12168444991717435,0.12171740458756665,0.9850775441907207,0.10096603220935686,0.15165652449213793,0.9832630161451537,0.5562492831301376,0.8303262957220872,0.03383751837302958,39.02906987892431,0.18219177006971332,9.288683727122091,20.05234082923845,18.832847887187132,168.98735833739985,-39.45802422942881,-23.68097849632159,-1.5825143663687977,0.0649786357829095,-0.11463979175956218,-0.021176598071084865,38.88518871642558,207.87254705382543,31.91829455350856,0.152767776758013,0.052104144794049366,0.9868876149185857,0.1418190675925208,0.11437304380107795,0.9832630161451537,0.7798567860616398,0.6235065962453133,0.05534363262556565,39.1701571104548,0.178527195898109,9.878229019938422,12.12738533572937,44.9899038792116,167.9672144608622,-30.497489150316678,-34.50307223480614,-0.4946299548582844,0.09602335612285234,-0.09029154333918596,-0.02294139529481696,57.117289214940975,225.08450367580318,32.177218798636936,0.12132891547880706,0.12128616414188305,0.9851745838461753,0.0969261756502912,0.14992423469556443,0.9839349776914926,0.5451230410104569,0.8375809808533078,0.03604123572135779,39.17015711045478,0.17852719589810917,9.25716736104596,20.87242002837317,18.783554152672256,167.96721446106926,-39.46671009305573,-23.67863709657697,-1.582541179710157,0.06487017834452403,-0.11507986125935261,-0.02116225015963729,39.65597418104542,207.62318864211468,32.17721879863691,0.15229858394215395,0.05179789078503098,0.9869762508994007,0.13744633037425902,0.11393184779459996,0.9839349776914926,0.7713842734547318,0.6337833463744835,0.05731467983926257
500883,438,39.27110873209328,0.2541873035241043,19.86410539735501,273.1482916396848,215.021427824341,99.91445389881083,-12.596745553210825,-40.28061195402465,9.306108067112499,0.12146495903499684,-0.06410721847057572,0.044151544111598814,128.16971946402583,228.08417336283668,29.288891497080588,-0.2782671034143246,-0.19499985567685593,0.9405011831164313,-0.15708597109816166,0.19983789169475003,0.9671550107025993,-0.5838991773750859,0.7375313383227953,-0.33927757905951367,39.27110873209327,0.25418730352410446,20.390674917092195,268.821953036919,201.50145650850266,99.91445389893796,-24.423309120761324,-34.59366700264676,8.63652245881129,0.0951722911607467,-0.09780408515515349,0.046791307985816974,110.32340954542167,210.23786344435962,29.288891497080566,-0.3241723746680526,-0.12770441380427133,0.9373387083637287,-0.0882840341422819,0.23836340866085048,0.9671550107025992,-0.3243567514142845,0.8794588475671916,-0.3483458529217178,39.37058182053259,0.2554223116435185,19.81497884985396,273.8803206422173,214.8933266521131,98.99491497579564,-12.605730488418372,-40.281002959240304,9.306320560091576,0.1214778468988042,-0.06457660701739855,0.044123894247286896,128.77364729433043,227.76856227012607,29.314456801181873,-0.2780408554600827,-0.19391584739947026,0.9407921804640867,-0.159957020966511,0.19913389648384286,0.9668295830779493,-0.592453085544135,0.7311740616358403,-0.33820679032240347,39.37058182053255,0.2554223116435186,20.338403919392682,269.54027453522383,201.38754639559968,98.99491497594639,-24.43199498440113,-34.59132560287211,8.636495645482137,0.09504359656825248,-0.09825543870731139,0.046760100731281985,110.92782093082349,209.92273590676987,29.314456801181837,-0.32362924265892545,-0.12674777393784045,0.9376561817093793,-0.09123469803255081,0.2385723939608856,0.9668295830779493,-0.33445711298160175,0.8759824950783697,-0.3475530288924066
500884,439,39.42161585559771,0.2568488539251061,20.06128785761096,187.007110264885,83.1192310858657,356.8636718958865,-2.7854512916695358,-29.18983987709241,-0.2671887676041851,0.19395211362552325,-0.013794280032909707,-0.0709212092843481,270.1263413507507,266.9900132466372,29.296219003211643,0.04109564936286699,0.34055451224004013,0.9393262328905717,0.000566369898825959,-0.256848229481494,0.966451585045707,-0.005143364417269508,-0.9991108129501824,-0.04184649625114098,39.4216158555977,0.25684885392510615,18.635308124350228,189.05318386723494,63.60617248041155,-3.1363281041208655,-11.461176809562351,-26.984777634257632,-0.5831663190811527,0.1826097364343431,-0.07173825626637642,-0.06591531851571347,252.65935634764648,249.5230282435256,29.29621900321164,0.14204935919992212,0.28623400028129053,0.9475716736130633,-0.07655433352049158,-0.24517497380824546,0.966451585045707,-0.3054417864303768,-0.9508823187299325,-0.050280523356535094,39.41565097469886,0.2565609358675978,20.04630920024309,186.4087343552235,83.10186511612406,357.2041350788168,-2.7944362268860363,-29.190230882301368,-0.2669762746309774,0.19391641731850212,-0.0142973905876003,-0.07087173218265448,269.5105994713475,266.7147345501644,29.30313467279953,0.04116937239091731,0.34029824159500316,0.9394158767789093,-0.0021914272202878038,-0.25655157660789346,0.9665280576303733,-0.015255020756303153,-0.9991513224378521,-0.03826119721618819,39.41565097469886,0.256560935867598,18.62055178864453,188.45773717868562,63.58586639099683,-2.7958649211864413,-11.469862673208505,-26.982436234473898,-0.5831931324163535,0.18242243730974383,-0.07220708031647396,-0.06587098468954773,252.04360356968243,249.24773864849598,29.303134672799523,0.14204222479315953,0.28596506314997283,0.9476539394913323,-0.07909597302037916,-0.2440642146346268,0.9665280576303733,-0.31518841188009716,-0.9478664410204894,-0.046962485066838984
500885,440,39.19995465678102,0.2283929909854436,7.244996992335306,25.06743566503812,145.8286224963436,63.12761556334147,-6.3480132344241635,-36.207457541984546,4.26158003708456,0.1554289126251644,-0.06602857347985515,-0.00415328749533202,170.89605816138172,234.02367372472318,30.246959766225032,-0.1043404714507437,0.07083353929892332,0.9920159654601454,-0.2255159069934952,0.036137709171696855,0.9735690225498771,-0.9855029545602166,0.16102472477045887,0.05343186844647586,39.19995465678102,0.22839299098544374,6.083735241008842,15.807095231940565,137.44475944128018,63.12761556343705,-17.099841104646185,-32.59839126986137,3.791917576160431,0.12828790870478865,-0.1098953970214107,-0.0006191819626146129,153.25185467322075,216.3794702366578,30.246959766225025,-0.07806891157768349,0.07167556863784398,0.994368069632929,-0.20395345929598072,0.1027927272353435,0.973569022549877,-0.8919559764522038,0.45119961771081774,0.02886937908593724,39.29510725244343,0.2311086851901564,7.250637197488137,25.41765754442302,145.7146554980751,62.59780305495507,-6.356998169632847,-36.20784854719832,4.261792530058782,0.1554190363105104,-0.06649667424761474,-0.004148561275858865,171.1323130424981,233.7301160974532,30.21366668092505,-0.10428005572100728,0.07109595230495303,0.9920035461351312,-0.22834623394918505,0.035626139442084814,0.9729279395873454,-0.9861135595988537,0.15698900062891824,0.05417103706604949,39.29510725244339,0.23110868519015626,6.086991950571083,16.18587527137927,137.3023423952076,62.59780305506769,-17.108526968286373,-32.59604987008458,3.791890762826409,0.12813701852703607,-0.11033864642926036,-0.0006186125616102741,153.48821766658688,216.08602072165456,30.213666680925023,-0.07793204942194591,0.07190772661790597,0.9943620439887777,-0.20680589357971627,0.10316271977326799,0.9729279395873455,-0.8937768345362438,0.4475368773381054,0.02955864457023135
503858,449,39.44920733780647,0.2827325101304335,11.95305828884528,346.5419826532401,228.9912988749456,43.83708289045911,9.905103159057841,-31.398750649442242,5.944022769477374,0.182935908784467,0.01514443177275257,0.02712049005515097,215.53328152818574,259.37036441864484,28.295633924532535,-0.13590027694234721,-0.15628744364833932,0.9783176118648077,-0.2300815155149473,-0.16431727998905274,0.959198794679885,-0.8099701517440225,-0.5844869402829863,-0.04820134772387622,39.44920733780649,0.28273251013043377,12.845611103746407,340.47100568374805,217.33873296743477,43.83708289089576,-0.20619692141757565,-32.92401568045412,5.940596933331013,0.17814948855739932,-0.04082371759382828,0.032040682357064934,197.80973865118278,241.64682154207856,28.295633924532535,-0.17676229209581043,-0.13484571974730042,0.9749726785704653,-0.2691832386511083,-0.08647575564258635,0.959198794679885,-0.9470030839284034,-0.31250881994090757,-0.07431955657318456,39.40130285274836,0.2842723015592918,11.94152343609661,346.0660743924007,228.8730057443393,44.12690890221211,9.896118223893845,-31.399141654647423,5.944235262460192,0.18290759603629464,0.014621925184264695,0.027104255173830378,214.93908013674002,259.0659890389521,28.200603806362892,-0.13609311215282435,-0.15585816941229713,0.9783592877118337,-0.23303547058204224,-0.1628042102785522,0.9587435833246464,-0.8158361249317547,-0.5761326736207496,-0.0498252911977958,39.401302852748344,0.28427230155929184,12.831548200734794,339.980853256147,217.23464419133714,44.126908902720736,-0.2148827850128211,-32.921674280682645,5.94057012000683,0.1779651788927327,-0.041313261966275015,0.03201936163920626,197.21549744748415,241.3424063502049,28.20060380636288,-0.17681644504968747,-0.13437957424260344,0.9750272174592705,-0.27153643158842616,-0.08413505662945088,0.9587435833246464,-0.9500254874423132,-0.30277286085040683,-0.07602741572916528
504555,451,39.75688402550966,0.2468977586729207,18.77732497613075,174.2417006493011,158.6246987050193,46.5832695749947,24.057395444597688,22.764624281366498,-10.188381449944448,-0.09856985658771816,0.14718958093424347,-0.03438571783267729,332.8663993543204,19.449668929315067,29.940998467792085,-0.299749117502761,0.11732136084740878,0.9467767238611372,0.2197255495201968,-0.11260189219440017,0.9690415351068746,0.8918918022685158,-0.45109420248526055,0.03229602963841247,39.756884025509684,0.24689775867292085,17.825518612819703,170.22867545654967,144.8526495360092,46.58326957505469,30.079557528558816,14.433968107190802,-9.363241660120831,-0.04853638671450632,0.17008906876650243,-0.03573646324181987,315.08132499255885,1.6645945676135625,29.94099846779209,-0.2503058971875815,0.17622714523099456,0.9519931465703174,0.1748307047533266,-0.17433510235511093,0.9690415351068746,0.7128001167866994,-0.6994403716167659,0.051953441286099855,39.40638106530381,0.2425400634064726,18.79734957590866,172.7674062580078,158.7516789317817,48.07644190880671,24.048410509379785,22.76423327615443,-10.18816895696916,-0.09840949143462513,0.14657857171192745,-0.03436072847047211,331.5190851897895,19.59552709859622,29.848754903105405,-0.30031677238374777,0.11677667474846692,0.9466641666714226,0.21318689603426652,-0.11565910995892448,0.9701413905420098,0.8814095400276639,-0.47060763302385344,0.04056696301065544,39.406381065303805,0.24254006340647272,17.848356827522526,168.7521731310746,144.98125399239626,48.07644190886257,30.070871664910328,14.436309506971996,-9.363268473454015,-0.04856876124875451,0.16945816110125633,-0.035712356649958935,313.73342712347085,1.809869032333438,29.848754903105394,-0.2510115702314805,0.17588261309127418,0.9518710511524718,0.16766893592251864,-0.1752507069424433,0.9701413905420098,0.6966911623918619,-0.7148757599144837,0.05978354398800204
508823,470,39.58672763013583,0.2931010130207798,19.17426015264852,241.2447058517535,20.49311435935079,108.8145309738399,36.46906705224178,27.48889406553704,4.514136117063363,-0.05131979768351866,0.117113861304513,0.04439475662593229,261.7378202111043,10.5523511849442,27.983817659565325,0.3076566425905798,0.11498596533020321,0.9445240166597002,-0.04211949378507706,-0.29005887691483634,0.9560814798782542,-0.16072979205560012,-0.9440639377121474,-0.2879396038359407,39.586727630135826,0.29310101302077995,19.15663803431899,246.0544279040714,358.3673148005175,108.81453097407838,42.9284044454105,15.188261751588593,5.6989797531744495,-0.014762904843877881,0.12714523976863779,0.04400474070542818,244.42174270458884,353.2362736786672,27.983817659565315,0.3280186182805785,-0.009349661561847553,0.9446249890247341,-0.1265444538981773,-0.26437606741424136,0.9560814798782542,-0.43030154439233054,-0.85140801356092,-0.2999082782082273,39.33650023208529,0.2962296163208855,19.24553344875763,240.0033347873982,20.56383062589142,110.1460702044739,36.460082117026545,27.488503060316944,4.514348610033749,-0.051191101657792525,0.11652301019033533,0.04436694374960492,260.5671654132896,10.71323561776353,27.68386386092824,0.3086143291678004,0.11577820777460951,0.9441147188963892,-0.04854946044981484,-0.2922241185728018,0.9551167543365475,-0.1808917386530436,-0.9411626610181276,-0.285466327948422,39.33650023208525,0.2962296163208855,19.22571374799896,244.79608195975246,358.45599675171013,110.14607020469343,42.91971858176225,15.190603151361332,5.698952939836369,-0.014817915893790883,0.12654311500066132,0.04397540113438409,243.25207871146256,353.398148916156,27.683863860928213,0.32917088314443743,-0.008872625167618027,0.944228683218502,-0.13332289127971717,-0.26453164696579456,0.9551167543365475,-0.4487063668950032,-0.842551821679209,-0.29794130981274375
523618,487,39.72649939744144,0.2348713438803713,12.91296695706038,276.4795995720158,82.25476403548635,36.8801421047668,18.179288437896638,27.735725885457587,-3.2729349610416034,-0.13097902228246527,0.12865444530835932,0.03373063797649937,358.73436360750213,35.61450571226891,30.395883096301603,0.03011682218267854,0.22143201492387804,0.9747106441341289,0.23481404382770765,-0.0051877738434732605,0.9720264666272356,0.9748574647880095,-0.018701287513818637,-0.2220432056884883,39.72649939744144,0.23487134388037123,11.505516555981565,279.86703999172397,61.36127754395844,36.8801421047695,25.788743589793988,20.94847658416447,-2.5634263444197245,-0.08689330331985738,0.16220987740906045,0.031348620752349836,341.22831753568244,18.10845964045194,30.39588309630161,0.09559930400973222,0.17505991911259242,0.9799055045223225,0.22237816582187847,-0.07558107925842768,0.9720264666272357,0.9294331715305763,-0.31230925774583246,-0.19651184998585128,39.39444522467446,0.2292709583354712,12.92550596062288,275.5739641770832,82.24250416527708,38.00330805490322,18.170303502676724,27.735334880248715,-3.2727224680671245,-0.1307969350401262,0.1280558591725835,0.03370997267500309,357.8164683423603,35.819776397263524,30.362443014919123,0.030192994735504044,0.22163692051810407,0.9746617149206966,0.22910448671452466,-0.008735359370946048,0.9733626393405156,0.9742862255485898,-0.03469658845204891,-0.2226263628954833,39.394445224674456,0.2292709583354713,11.518195574689964,278.9592532783929,61.351278183369146,38.00330805490568,25.780057726144573,20.95081798394932,-2.563453157753744,-0.08689996931308573,0.16158425073436314,0.031327763885541024,340.310531461762,18.313839516667713,30.362443014919112,0.09573381524410615,0.17523352491458882,0.9798613413972487,0.21586605627322042,-0.07724647619867356,0.9733626393405156,0.9240749191692726,-0.3273847587010015,-0.1972429048979685
523644,499,39.60627642821355,0.2879490680965165,22.31041456455609,291.8372548253839,170.4281776205319,352.4247060627069,0.6292077809393497,26.30213905502186,-10.685552607315525,-0.21202003451955423,-0.001495488953043425,0.015071940623011943,102.26543244591585,94.69013850862274,28.20168603993643,-0.3743391720254306,0.06312538380424328,0.9251407299470076,-0.06117215305205413,0.2813763200922003,0.9576457247763119,-0.2239955557262526,0.9086536534558118,-0.35238406473093054,39.60627642821353,0.28794906809651644,21.633238859029024,288.02467766063523,156.38171261083795,-7.57529393729329,8.836218365594736,24.883330339580013,-10.44607926601515,-0.20290532950522452,0.06262066545198866,0.009485485530620709,84.40639027147319,76.83109633417989,28.20168603993642,-0.33778271342495964,0.14770204692500083,0.929562770255692,0.028066942819353687,0.28657793449326724,0.9576457247763119,0.07063677065458152,0.9338684923457764,-0.3505710849960652,39.44967012465626,0.2855284654538569,22.30490233313224,292.3373595067709,170.558611667695,352.0534663151874,0.6202228457192795,26.3017480498132,-10.685340114341018,-0.21178362992397246,-0.0020068427140173123,0.015063781224727311,102.8959711744659,94.94943748965329,28.18566635130229,-0.37439410636150444,0.062258436020661265,0.9251772480265777,-0.06372469230959757,0.2783265495321664,0.9583702287819491,-0.2345343905009009,0.9065061798947113,-0.35105578685597577,39.44967012465623,0.2855284654538568,21.631032994979886,288.519962713107,156.51671253335755,-7.94653368481282,8.82753250194523,24.885671739365108,-10.446106079349143,-0.20283423898933772,0.06206178797323195,0.009479282326273203,85.0366752464646,77.09014156165178,28.185666351302277,-0.3380969660663775,0.14689149547385866,0.9295769629751827,0.024703368026234226,0.284457814434047,0.9583702287819492,0.05990903568866435,0.935004876248099,-0.349537964798005
523655,506,39.55721512395581,0.1910540522187536,9.542992983481383,120.1549460880621,12.64237991464795,353.601515371572,-17.47677891574667,26.426485348235953,4.9779984949222165,-0.15844457139364354,-0.10877469610957033,-0.01201334733628153,132.79732600271007,126.39884137428209,31.999648880035085,0.16176813971503187,0.036285117446434714,0.9861614772566591,-0.129803471977695,0.1401881219352837,0.9815795174772107,-0.6767881745553703,0.7220859247931712,0.1433516096791388,39.55721512395574,0.1910540522187527,9.80473116122652,129.43042523503306,345.91583783068603,-6.398484628500254,-8.811355356060407,30.471262484287287,4.737043122957234,-0.18350013767600198,-0.05583074299458385,-0.01707526988448378,115.34626306571909,108.94777843721883,31.999648880035068,0.165171808507856,-0.04143975622716438,0.9853938401867942,-0.0817878934122591,0.1726626518978289,0.9815795174772108,-0.4308330968214904,0.892794579498805,0.13153205503129808,39.62150482638828,0.1925461118134903,9.533707057892455,120.7426865536251,12.79052418007089,353.142408510875,-17.485763850930464,26.42609434305249,4.9782109878994945,-0.15824407549768615,-0.10921414649168928,-0.012003352949019969,133.533210733696,126.67561924457095,31.992538127867775,0.16151791675791116,0.0366678800601893,0.9861883335033305,-0.13262093152920032,0.13959116624923035,0.9812879265666662,-0.6861468843503855,0.7133990782619972,0.14235240858935816,39.621504826388275,0.19254611181349013,9.791606991064999,130.03264821566194,346.0493996950483,-6.857591489249442,-8.820041219667809,30.47360388408545,4.7370163096271725,-0.18344205339776273,-0.056310228979647,-0.017063670868731288,116.08204791071023,109.22445642146079,31.99253812786778,0.16504889868043068,-0.04100019546581164,0.985432821158369,-0.08465439520353336,0.17293825067698884,0.9812879265666663,-0.44234678447589987,0.8873405978882641,0.1302151512041892
523697,532,39.15132299809596,0.2901411323956226,16.18855284068867,21.4106696815709,137.384451045707,42.98434706249223,-19.807726789584883,-24.684413094938876,9.167102506184346,0.11336635506986653,-0.14903971490647605,0.009557800100706955,158.79512072727792,201.77946778977014,27.79191380864161,-0.20517209007609888,0.1887681944621854,0.9603494063169361,-0.27049654735753376,0.10494519796287821,0.9569838678327789,-0.922492699868005,0.372355910251808,0.10177570825489933,39.15132299809596,0.2901411323956228,14.838841743578966,18.345869939568104,122.75547350592754,42.98434706309646,-26.581522411578142,-17.54779685439034,8.437982615005625,0.06276163365553096,-0.1763224471604431,0.011291173200224172,141.10134344549564,184.0856905085921,27.791913808641606,-0.13856474628614815,0.21537780079317154,0.9666499956096583,-0.22580462042456334,0.1821926181345808,0.9569838678327789,-0.7694300322817333,0.6336242595380118,0.08060845580853902,39.36366500163951,0.2931856980033332,16.18753962603873,22.03700179819281,137.2900216248377,42.30192645403029,-19.81671172478228,-24.684804100178532,9.167314999160773,0.11338467098458205,-0.14945217785118212,0.00955333652884597,159.3270234230305,201.6289498770608,27.822801402164455,-0.20484822299461677,0.1890945637221051,0.9603543364335345,-0.27430765924487105,0.10350440373868834,0.9560555143328751,-0.9255209353197495,0.36396389520129435,0.1046005797056459,39.363665001639504,0.29318569800333294,14.836424356782409,18.980546387794377,122.65302768841889,42.301926454676085,-26.590208275215453,-17.54545545464164,8.437955801673887,0.06265466215229143,-0.17672117415363114,0.011283759742251794,141.63357407621328,183.93550053088936,27.82280140216446,-0.13815742057501446,0.21559087382397513,0.9666608000037414,-0.229874387302267,0.181976975401035,0.9560555143328752,-0.7749275984171187,0.6265390478091668,0.08328288408706483
523700,535,39.49676250115673,0.3875321022405104,54.18815552206178,72.71131285673316,159.9767900125316,26.51041397597265,13.250851484942688,-17.853802060987483,16.96033381828655,0.2002689718480712,-0.014007867235827018,-0.07679592313764647,232.68810286926475,259.1985168452374,24.190499097389303,-0.7619246186556885,0.27766747009963,0.5851253297669265,-0.23490396438638586,-0.308222740534356,0.9218562088162398,-0.47051819808630724,-0.4231617117962947,0.7743040687864452,39.49676250115674,0.3875321022405106,53.23484378072397,71.15008553234851,143.3185025710849,26.510413978363612,6.768598435018351,-21.02250983690748,17.153320136907563,0.18872656198547333,-0.07385004049484081,-0.07162368016373534,214.46858810343343,240.97900208179703,24.1904990973893,-0.6424534416438575,0.4785473802346279,0.5985365320433975,-0.3194956456176263,-0.2193254720690821,0.9218562088162398,-0.5974779140713589,-0.2612606074610698,0.7581312796514933,39.46594813642711,0.3880469991287099,54.24975672305477,72.47600735992881,159.8811245256979,26.62472363525783,13.241866549884557,-17.854193066213163,16.960546311199398,0.20022904169635622,-0.014510834634059895,-0.07674250853755503,232.35713188562673,258.98185552088455,24.15130539431727,-0.7620502085852872,0.2791554785870675,0.5842531115620573,-0.23699496125161731,-0.3072683873654128,0.9216395859918362,-0.4743703968393365,-0.41957158715373444,0.7739072359500114,39.46594813642712,0.3880469991287101,53.29430986022901,70.91799819181682,143.2196049080775,26.624723637838933,6.759912571519725,-21.02016843718752,17.153293323516046,0.1885351630873647,-0.0743174491308275,-0.07157552033595402,214.13760309989433,240.76232673773328,24.15130539431727,-0.6421236719301988,0.48002728902979336,0.5977047697095831,-0.3211834783388859,-0.21776511836134727,0.921639585991836,-0.6000537445312164,-0.2566745412232722,0.757663304880135
523701,536,39.18005938113335,0.2389806629940139,14.47466024800618,173.2839004038219,73.51569201175539,359.1913512102109,-12.264641318405474,-27.15915854362073,1.0465354971589838,0.17963883129188707,-0.08204568295214146,-0.05047677328897816,246.79959241557728,245.9909436257882,29.816782814085265,0.07092450819541199,0.23967815658659097,0.9682582792790839,-0.0941460612944771,-0.21965490303609206,0.9710243265309791,-0.3903888402603102,-0.9201858803585812,0.029231814670200775,39.180059381133354,0.23898066299401455,13.195916070026652,177.1601881459538,52.169178856769044,-0.8086487897913385,-19.917108483832546,-22.18552083772796,0.49800684278779284,0.1477977260727547,-0.13247749555800237,-0.04642255679158265,229.32936700272285,228.5207182129315,29.816782814085247,0.14001233652536163,0.18030246070048067,0.9735951767988893,-0.15574602473243276,-0.18125929787214556,0.9710243265309789,-0.6506764906631077,-0.7592708278768958,0.011309926324949685,39.28997592626894,0.2409798182613952,14.45723800977884,172.7208661647817,73.51068371025876,359.523415925241,-12.273626253625471,-27.159549548829457,1.0467479901334806,0.1796127283943137,-0.08250304832846282,-0.05044099897333305,246.23154987504046,245.75496580028152,29.821884668062058,0.0708618870738663,0.23938963029692073,0.9683342387144194,-0.09712484655056304,-0.22054032962663458,0.9705301268846346,-0.3991942641015758,-0.9163205382920162,0.03163242976173226,39.28997592626892,0.24097981826139514,13.178618381612758,176.60266167153995,52.158541049582105,-0.4765840747604824,-19.925794347482,-22.183179437942947,0.49798002945379083,0.14763375953262192,-0.13290560942169335,-0.04639128789630888,228.76120272112206,228.28461864636157,29.821884668062047,0.13986548379378494,0.18004433421286384,0.9736640509749639,-0.15885360690017358,-0.1812092833827786,0.9705301268846346,-0.6579663220496426,-0.7529261479855899,0.013510541367679027
523703,538,39.46477894489744,0.2243072326524462,14.74566692589746,133.1228188550026,109.855718996137,1.95343800220663,-11.72997040807835,-27.767772869800133,5.386075839706252,0.1775933314684705,-0.08431594072785306,-0.036425810291939704,242.9785378511396,244.93197585334624,30.61254359252697,-0.0864514107683915,0.23939730649749738,0.9670651907797624,-0.10190820979473623,-0.1998210484324178,0.9745184787266998,-0.4317145189585436,-0.8826715621515075,0.1857780597632856,39.46477894489742,0.2243072326524459,13.168352691482225,132.84796767010175,92.54010988225635,1.9534380022062225,-19.710941900868146,-22.927214497197685,4.844877052553354,0.14477588825619309,-0.13402379756418825,-0.03244954182143452,225.38807755235808,227.3415155545643,30.612543592526965,-0.010096393147071977,0.2275892394776699,0.9737048838941887,-0.15753123875477604,-0.15967981536995915,0.9745184787266999,-0.6830415948062653,-0.7110255210448616,0.16702361565777693,39.58123560415017,0.2265774590361448,14.74718203608962,132.5782867044393,109.8298998917887,2.283989987150062,-11.738955343298295,-27.768163875008895,5.386288332680741,0.17756859955743107,-0.08477178447469108,-0.036399453567455664,242.408186596228,244.69217658337806,30.61301981545084,-0.08635219775689809,0.23946029594465468,0.9670584597678943,-0.10494374732163178,-0.2008087519043166,0.9739931493890109,-0.44035111055383896,-0.8780412214257205,0.1874420254671555,39.581235604150116,0.22657745903614412,13.169836438790865,132.30658557447305,92.51123171725781,2.283989987151599,-19.71962776451756,-22.92487309741272,4.844850239219345,0.14461394708849346,-0.1344508750263093,-0.032427638273027304,224.81781729173088,227.10180727888246,30.613019815450823,-0.009982787366853905,0.22761949038261625,0.9736989840573658,-0.16072307897795796,-0.15970421668547347,0.973993149389011,-0.6899192470456331,-0.7040025807050868,0.16849866146816744
523704,539,39.25666081849675,0.2382892717279814,9.005512258378856,186.7276041213013,39.72218773125702,4.686729097495177,-17.546105081216805,-24.250948823643906,-1.179043428799615,0.16025418210881637,-0.12103576409717,-0.0309846860156368,226.44979185255835,231.13652095005352,29.902219701584773,0.12039498907315027,0.10003262906163403,0.9876732859245985,-0.16417891461819495,-0.1727051273571321,0.9711942251575367,-0.6899128074234374,-0.7236601836060007,-0.018337306684471526,39.256660818496755,0.23828927172798142,8.535691989572934,196.6276266988978,12.354910439733805,4.686729097556756,-24.01044702100012,-17.81776543949384,-1.8412317534788394,0.11701514228217683,-0.1637904537999156,-0.027771452287172253,208.9825371386316,213.66926623618838,29.90221970158478,0.14498809160167678,0.03175810440921637,0.9889235946715181,-0.20844769357263587,-0.11546140508802173,0.9711942251575368,-0.8754456001051542,-0.4814469122628824,-0.04247201348021022,39.42906402964309,0.2416205285286101,8.98587273245511,186.403089420318,39.68143004845757,4.858850546612556,-17.555090016416752,-24.251339828868012,-1.1788309358289821,0.16024107168029966,-0.12146699655682072,-0.03096197617883019,226.08451946877557,230.94337001538813,29.902192739412314,0.12020556071094063,0.09973078438196592,0.987726882200098,-0.16758714952312936,-0.1740546670479053,0.9703708158191667,-0.6944704446222456,-0.7193103549677473,-0.017418805422700995,39.42906402964306,0.24162052852860993,8.5174426313948,196.32727744460007,12.289768627934594,4.858850546703278,-24.019132884635003,-17.815424039729542,-1.8412585668163055,0.11687180762262424,-0.1641975803021005,-0.027752684206030425,208.61704607253466,213.47589661923794,29.9021927394123,0.1447163324261471,0.0315261936037977,0.988970819714101,-0.2121042906275763,-0.11572488800520594,0.9703708158191667,-0.8785004941014992,-0.47592353617696903,-0.04163735794008761
523715,549,39.42742174447465,0.1354631626183903,6.200940406416485,101.0781787432326,61.98247668933113,57.12946176702545,-21.572583150967482,-30.173151089112643,0.5292167438199639,0.12349703519164551,-0.11396656825702953,-0.017662204887139474,163.06065543256372,220.19011719958917,34.08645850107902,0.05073945295568089,0.0953566646917565,0.9941491912246482,-0.1295859220205178,0.03946843347117721,0.990782383560297,-0.9515448655652307,0.2886620066349927,0.10600289968631228,39.42742174447462,0.1354631626183901,5.219228407230605,113.57489986581923,31.96445258390167,57.129461767025624,-29.682708154059377,-22.24699927287216,-0.28865343844717994,0.08375604799586954,-0.1459480310683265,-0.015360550585132124,145.5393524497209,202.6688142167465,34.08645850107901,0.07717410804775224,0.048157184923204976,0.9958539263302154,-0.11169141208634732,0.07665048527396381,0.990782383560297,-0.8225033073406457,0.5626162084573766,0.08337452485468827,39.5991376531389,0.1386677564835212,6.188210491501072,102.121193011007,61.98919159860116,55.86401164035262,-21.58156808618758,-30.173542094321334,0.5294292367944892,0.1235085610660517,-0.11440253881170395,-0.017648424379989595,164.11038460960816,219.9743962499608,34.108014076096,0.05062454261627683,0.09516760319197252,0.9941731654936116,-0.13336939291863167,0.037965138228232144,0.9903389587973538,-0.9567613626011219,0.27110940781823956,0.10539157473957773,39.59913765313885,0.1386677564835208,5.20664381939188,114.64706306721459,31.941886015263858,55.86401164035287,-29.691394017708916,-22.244657873087085,-0.28868025178115597,0.08363500508606088,-0.146367116369621,-0.015350100851872519,146.58894908247845,202.45296072283134,34.10801407609597,0.07700745484469425,0.04801106215188396,0.9958738824818082,-0.11575175515192293,0.07635625624284044,0.9903389587973539,-0.8327575958456146,0.5474593845563815,0.08248035416133868
523717,551,39.29505295280109,0.1968492049867737,9.669382943900448,91.8333150748147,96.28391991530145,52.82927311307734,-5.114297741309488,-35.36689143036895,1.5257244837612354,0.163237833204502,-0.055803677980096555,-0.026605173327835466,188.11723499011617,240.9465081031935,31.559853019129022,-0.01838440829724806,0.16695345909500464,0.985793363757219,-0.19487701784179645,-0.027794917179459134,0.9804337767009432,-0.9758671784004309,-0.13964483552414728,0.1678766512419627,39.295052952801136,0.19684920498677383,8.127107688463022,94.02144330376039,76.53955346723912,52.82927311308011,-15.595014723184638,-32.169769912113686,1.0964969767107462,0.13943527968498895,-0.10250706341351871,-0.02277236576899868,170.5609967709995,223.39026988407963,31.559853019129054,0.03290717690457221,0.13748631071261713,0.9899568839473792,-0.19418401465712437,0.03228278110024926,0.9804337767009432,-0.9767175594056228,0.16166549747809336,0.14102154471528325,39.37222075980659,0.1996830976088978,9.665834317825547,91.8205243224826,96.27667342844775,52.55317952816908,-5.123282676529128,-35.3672824355778,1.5259369767356858,0.16322272299793864,-0.05627863193551381,-0.026585398838596536,188.09719775093035,240.65037727909942,31.510253758747055,-0.018356617511525383,0.16689509328376068,0.9858037646668532,-0.1976923665114444,-0.028125925652133517,0.9798605311621218,-0.9759265337802414,-0.13930152540979868,0.16781682180933644,39.3722207598066,0.1996830976088979,8.123608140111806,94.01097570865734,76.52999073532652,52.55317952817268,-15.603700586833783,-32.167428512328904,1.0964701633767062,0.13927691803479933,-0.10295526481689586,-0.022756948301842418,170.54096644398385,223.09414597215653,31.510253758747062,0.032916038460724814,0.13742201435267978,0.9899655167647528,-0.19696807808682784,0.03281639354752356,0.9798605311621217,-0.9766688055498485,0.16201069927029857,0.1409630362463192
523751,581,39.75827783085158,0.2298348905855316,15.26383593722155,265.5293675844605,167.0267100651958,4.850872833658232,4.817426876496073,29.202784790871227,-8.060885622007644,-0.1963994264336024,0.03834647870704981,0.001834743909967706,72.55607764965629,77.40695048331452,30.62043839572864,-0.25654432210552985,0.059101967214004215,0.9647237782219577,0.06889811424808828,0.21926496934877823,0.9732296353222794,0.2918769115918437,0.9197396076612179,-0.2624631832825244,39.75827783085156,0.2298348905855312,14.523512389487257,260.1008825106678,154.6908196018862,4.850872833713788,13.630838552493463,26.383305538131616,-7.688273375789097,-0.17562466793869058,0.09588274191313892,-0.003004868139611384,54.79170211255405,59.642574946267835,30.62043839572864,-0.2267061882015918,0.10720796881692708,0.9680448107671737,0.13251145636590428,0.18778921923861908,0.9732296353222794,0.563093107557073,0.7886035516333805,-0.24704370174715432,39.54824771041188,0.2255961781953796,15.26250376084787,265.9375239908469,167.1616902790844,4.576975321817879,4.808441941297264,29.20239378565835,-8.060673129033326,-0.19617349147632335,0.037808421056739844,0.001835456679830132,73.09921426993128,77.67618959174916,30.626314172618788,-0.2566609753963625,0.05849243992022299,0.964729899080964,0.06558426398598005,0.21585258843428018,0.9742209012249935,0.28289797353255874,0.9225076181191268,-0.26258033262860103,39.54824771041185,0.22559617819537903,14.525549925565162,260.5022298251668,154.83237168334128,4.5769753218492095,13.622152688862954,26.385646937906273,-7.688300189122756,-0.17557186215649576,0.09530157068583572,-0.0030026997438099452,55.33460150850806,59.91157683035727,30.626314172618788,-0.22700151580817635,0.10666219318633795,0.9680358920853455,0.12831525262235935,0.18555007830993042,0.9742209012249936,0.5553759428899525,0.7939545778212824,-0.2473735847169728
523760,590,39.31345587654317,0.1397215348292622,9.804503176024657,209.7092149601681,40.4883064970325,232.0013468656097,-14.983679561860768,39.830432029144816,6.916130809477371,-0.12898622214960354,-0.06542349982586199,0.005874317289224109,250.1975214572006,122.19886832281031,33.820519482030086,0.1295097785226742,0.11056609603309835,0.985394517782095,-0.047334668926691595,-0.13145925761484137,0.990190836508274,-0.34347849704034195,-0.935360992460762,-0.08439393256464732,39.313455876543166,0.1397215348292622,9.303275259763428,218.74092959428327,13.998898878799219,-127.99865313439034,-2.4415405754042445,42.49591881419383,6.8514668481101975,-0.14283102927382837,-0.02340343400663894,0.0019400491698893301,232.7398284730825,104.74117533869216,33.82051948203008,0.1568589852765221,0.03910613559890386,0.9868464768628097,-0.08459234796708279,-0.1112036058788595,0.9901908365082739,-0.6074265105540131,-0.7879075310927729,-0.10116697447026202,39.34115764978903,0.1415618457949034,9.814095006412714,208.6289743884041,40.66271268215384,233.2806157727265,-14.992664497080794,39.830041023936175,6.916343302451895,-0.12880547057208203,-0.06589200614141452,0.0058723225542604545,249.29168707055794,122.57230284328443,33.77195075717661,0.1292977530207999,0.11106729580238812,0.9853659964028173,-0.05005776381416524,-0.1324159222555402,0.9899294135518654,-0.3581794033455182,-0.9300739700718491,-0.08166961009970485,39.34115764978904,0.14156184579490338,9.30808812747831,217.64427198334158,14.189683110198501,-126.71938422727337,-2.4502264390536976,42.49826021397893,6.851440034776223,-0.14280020327212342,-0.02390465424162795,0.0019389032583973726,231.83395509354008,105.11457086626672,33.77195075717662,0.15680826555185368,0.03964854918906349,0.9868328938588447,-0.08747709021687428,-0.11129921325889436,0.9899294135518654,-0.6199139005976849,-0.7784266993024735,-0.09878577660179601
523764,594,39.54068854307882,0.2521594236142988,19.53626246863743,288.3328531552991,194.3323270187776,347.7295848829577,-5.613171025171093,27.687727339036293,-10.011732906105797,-0.19592969881970884,-0.05518876677852875,0.0017633426633992325,122.66518017407668,110.39476505703436,29.57013131074356,-0.3239954911561906,-0.08278012269934078,0.9424300361280623,-0.13609770747932984,0.21227762231654607,0.9676857057343075,-0.5262009355671207,0.7888917782486125,-0.31743083911307235,39.540688543078815,0.25215942361429877,19.508043259211277,283.60818678047417,181.20329415426403,-12.270415117042225,3.2875505768757423,28.089865555042664,-9.924927921448667,-0.203419171018964,0.006575227390478958,-0.003842327704164551,104.8114809347382,92.54106581769598,29.570131310743555,-0.33386554421839276,-0.007012689855777272,0.9425946215445657,-0.06446190518697688,0.24378071641776874,0.9676857057343075,-0.254467819449446,0.9109906269585502,-0.32456464141725594,39.48935591233965,0.2517729021693892,19.53703320812431,288.8616053072578,194.4772546033499,347.332651153449,-5.622155960391158,27.687336333827606,-10.011520413131274,-0.19570407869514866,-0.05566413287525802,0.0017641032896378098,123.33885991060765,110.67151106405663,29.547006169489965,-0.3237973405221983,-0.08360256109802681,0.9424255376678851,-0.13837175956477601,0.21033984506446857,0.967786343018542,-0.5359690910896892,0.7826819585296272,-0.3164586626855384,39.48935591233965,0.2517729021693891,19.512803154331422,284.1373842154432,181.3477258115294,-12.667348846551006,3.278864713226237,28.092206954827734,-9.924954734782645,-0.2033477361032453,0.006053914100184715,-0.0038395980050420055,105.48511002697262,92.81776118042161,29.547006169489972,-0.33392508985066205,-0.00785611936242281,0.9425668760129388,-0.06722032841882027,0.24263351317174367,0.9677863430185422,-0.2656780206394223,0.9080216384963634,-0.3239010549095173
523766,596,39.66102947389784,0.2284699368504786,26.03002507466634,197.674994893266,196.9817952968716,24.7826502808882,9.589672429522556,28.112500265838065,-11.763103334005335,-0.1743084266460676,0.06350271796964724,-0.054524728325351324,34.6567901901376,59.4394404710258,30.599676574571433,-0.4197075207047218,-0.12817166115029324,0.8985642004564114,0.18793323136557596,0.12992156323318532,0.9735509683398904,0.8315681375453353,0.5392045300941737,-0.13324003657048292,39.66102947389783,0.22846993685047834,26.05799636971071,194.07945262945884,182.63006889569962,24.782650280888074,17.95118736061809,23.902371420690265,-11.272825793035759,-0.1454247383610511,0.113190599603363,-0.05855341512127576,16.709521525158493,41.49217180604657,30.59967657457143,-0.43881797918251036,-0.020157380442326865,0.8983498545443647,0.2188227315052978,0.06568960512152522,0.9735509683398905,0.9589094338498706,0.2628175923293334,-0.10686257921243075,39.42020481950109,0.2234983653966111,26.06511107768067,197.4045288460585,197.1136373384396,25.17246201107456,9.580687494302477,28.112109260629342,-11.762890841030806,-0.17409729807641028,0.06294779946943653,-0.05448624088708397,34.518166184498114,59.69062819557267,30.60985347874298,-0.4199372851486241,-0.12929899735167416,0.8982952999019058,0.18415070991345026,0.1266492612427305,0.974704304220025,0.8328986382326949,0.5375929543060238,-0.13142934950247454,39.42020481950105,0.22349836539661094,26.096641647660096,193.81386777087246,182.7565100223111,25.172462011074582,17.942501496968553,23.904712820475304,-11.272852606369732,-0.14539217393815893,0.11259782786661322,-0.058514015575867516,16.570377793183525,41.74283980425811,30.609853478742963,-0.4393775517556153,-0.021154855354780518,0.8980533609469762,0.21421651151757778,0.06374014063521106,0.974704304220025,0.9596407778803385,0.2608793903490991,-0.1050310483633346
523768,598,39.37507822301499,0.1621201024446988,22.9349850743486,17.28385106696361,334.4990734363632,155.5846629019554,-40.70311062912581,19.95410075920476,0.2058151268423094,-0.06283618543149802,-0.10929429398786113,-0.05318791452487031,351.7829245033268,147.36758740528217,32.99158650773177,0.3517224589443777,-0.16776998921254313,0.9209476329269454,0.16045572562045013,-0.023170837971347814,0.9867710334131826,0.9796219603729597,-0.16412268321998524,0.11577806185850481,39.37507822301497,0.162120102444699,24.03950474639804,20.115077819567666,314.3198414907522,155.58466290195577,-32.76717330337967,31.31737529502808,-0.6971873481605602,-0.09141535781590227,-0.08520712308346119,-0.05572756661314021,334.43491931031986,130.01958221227562,32.991586507731746,0.2846118841388169,-0.2914506468112903,0.9132648005262402,0.14624784674102484,-0.06996066709439959,0.9867710334131826,0.8807546382523243,-0.4523763401544575,0.14009608868728682,39.50377305753161,0.1579905144698509,22.86559256472741,17.09188269015435,334.5071253586989,156.02246347889,-40.71209556434591,19.95370975399608,0.20602761981684825,-0.06269977060165877,-0.10973339611215598,-0.05315032307969857,351.59900804885325,147.6214715277432,33.26255162867196,0.3507389848632568,-0.1672403756818873,0.9214189173437202,0.15629524523707775,-0.02308243875178482,0.9874406297785968,0.9793295847459799,-0.1669469295802005,0.11420283334931075,39.50377305753162,0.15799051446985068,23.97004219776882,19.931207322253652,314.3190964750527,156.02246347889024,-32.7758591670292,31.319716694813167,-0.6972141614945226,-0.09141899292360023,-0.08566691968961547,-0.05569006107926264,334.25030379730634,130.2727672761966,33.26255162867197,0.28383433822428306,-0.29066197870452304,0.9137580000089491,0.14230214214862735,-0.06863747520385606,0.9874406297785968,0.8796666098908643,-0.45498032821624057,0.13849027539634698
524216,627,39.68907692990008,0.1427516459057893,6.489448684355301,20.08923716793224,209.1840777948889,162.2294236817926,36.65000688579732,26.356440910545512,-0.5846159324074325,-0.07594848886426966,0.11442623297001675,-0.015576168482699005,229.27331496282113,31.502738644613714,34.023395873675355,-0.09867318181119399,-0.05511059732458365,0.9935926857891934,-0.0931385152080827,-0.108181557548621,0.9897585400445849,-0.6535245781305434,-0.7559091146780391,0.038820563184457334,39.6890769299001,0.14275164590578893,6.979660122672427,7.257664182807533,204.34558946942624,162.22942368259518,42.89933917549974,14.054054978211479,0.5974905550176514,-0.037391480322159096,0.1320229188360312,-0.016612612028467217,211.60325365223378,13.832677334828986,34.02339587367538,-0.11071115325516293,-0.050094090933618426,0.9925893524506729,-0.12158117386023552,-0.07480675485261291,0.989758540044585,-0.8520831155226917,-0.5231813236786587,0.015351442765742964,39.43200091543699,0.1493716930068547,6.511654942828189,18.88507285273976,209.2142054657683,163.57133489652,36.6410219506415,26.356049905238915,-0.584403439419773,-0.07580328557504667,0.11383718322616937,-0.01556378613153907,228.09927831850806,31.670613215028084,33.54197618005032,-0.0989802882354771,-0.05535042332280637,0.9935488076480229,-0.09975667982819791,-0.1111778192868904,0.9887811169962065,-0.6688610643337911,-0.7424806703210058,0.03670600520266027,39.432000915436994,0.1493716930068545,7.002069925550478,6.096462700370891,204.33246302284866,163.57133489713655,42.89065331188153,14.056396377883804,0.597463741697678,-0.037431324676566936,0.1314175248269583,-0.01660132310697114,210.42892572321955,14.00026062035613,33.541976180050334,-0.11107635861169163,-0.0502286830623426,0.992541748217872,-0.12879695050419576,-0.07565215272914401,0.9887811169962066,-0.8625844524867314,-0.5057474135745949,0.01294665944456187
524460,633,39.17045169025795,0.1759617585140054,2.791914040275986,52.01396545475088,44.39413468367836,137.9645606271868,-18.286585235307566,-40.8241873785786,-0.7986802059157229,0.11966377347407042,-0.06936710787492562,-0.006499697169935271,96.40810013842923,234.37266076561605,32.277950129052265,0.034804603374318524,0.0340762068024486,0.9988130213978555,-0.01963899053535543,0.17486237591344048,0.9843970030128387,-0.11095493650786853,0.9930836727847012,0.038390375264945514,39.17045169025794,0.17596175851400575,2.511836295438066,86.14209193177962,352.71796929493075,137.9645606271867,-29.731032956659497,-33.39308115932991,-1.6183864733799633,0.09326306088017658,-0.10227415575221582,-0.003931785945094791,78.8600612267104,216.8246218538971,32.27795012905224,0.043472284164980265,-0.005555070933071596,0.999039189269574,0.033996857414760454,0.17264632676446295,0.9843970030128387,0.19308443242428142,0.9802073242350694,0.043726461911739,39.28148598343922,0.1750596591588615,2.783058006900005,53.23695878786442,44.3200310053286,136.4998540420982,-18.2955701705276,-40.82457838378735,-0.7984677129412022,0.1196778685739224,-0.06983297100592825,-0.006493398280524587,97.55698979319303,234.05684383529123,32.40488243592475,0.03473819297910042,0.03392330086439373,0.9988205382384818,-0.023022494486721157,0.17353918581238548,0.9845578275221741,-0.13085211725869716,0.9906385234104804,0.03889780641654932,39.28148598343921,0.1750596591588619,2.506534749669615,87.47264139635215,352.5362229105453,136.49985404209832,-29.739718820308994,-33.3907397595449,-1.6184132867139427,0.09313564594017162,-0.10272251326084765,-0.003928996287011316,80.00886430689741,216.50871834899573,32.40488243592473,0.043362786915108524,-0.005680932014758022,0.9990432401665098,0.030372118180042512,0.17240481055375,0.9845578275221741,0.1733716530575653,0.9838868759605781,0.043690791119192864
525258,640,39.59922405713764,0.2117003905313543,12.80203890808646,273.9781215315879,26.53571171491357,83.3898164213559,27.183446967352907,29.702992949321978,3.2788665017039085,-0.0895156989975835,0.12280983706694498,0.034053919327736125,300.51383324650146,23.903649667857394,31.216052859502998,0.19824075570729036,0.09899351883979014,0.9751414697387855,0.10749010613319814,-0.18238128312576848,0.9773346124275308,0.49666744828978393,-0.8393203465954691,-0.22104931938410655,39.59922405713767,0.21170039053135448,12.651211248775594,281.1160196397926,1.9903615950080298,83.38981642139002,34.78253986361998,20.103894551687524,4.238736745856102,-0.04915575375078156,0.1441132082765826,0.032712091685466294,283.10638123480066,6.496197656190702,31.216052859503016,0.21888329776082407,0.007606707536607071,0.9757213946418306,0.04800513423672558,-0.20618574741732745,0.977334612427531,0.22593237180641262,-0.9501419816219455,-0.21490644040942855,39.31514285866844,0.2112415364250653,12.84153710087891,272.0504149310543,26.60983256386946,85.44331195935577,27.174462032134333,29.702601944111056,3.279078994677842,-0.08936140235058407,0.12221516825206875,0.03403303734845184,298.6602474949238,24.103559454279548,31.010151676432383,0.19871351112025443,0.09955097028615975,0.9749884844516599,0.101314568783468,-0.18536004117242239,0.9774338920299305,0.46841900904401573,-0.8551312248797379,-0.22211307976321723,39.315142858668416,0.2112415364250655,12.688363535332742,279.16618348611433,2.0871198255546304,85.44331195938622,34.77385399997123,20.106235951470012,4.238709932521555,-0.04918771315722437,0.14349971080835774,0.03269032095874673,281.25330331166896,6.69661527105518,31.010151676432358,0.21950236080558963,0.007999375794696954,0.9755791734081186,0.04122312413142766,-0.20718021321561375,0.9774338920299304,0.194268841095584,-0.9566810410690754,-0.21684326837227116
529938,657,39.76913482331028,0.1723460237434382,5.606961151396113,29.48078241613297,44.82103855591178,341.9520968574953,22.094295323079045,25.048086107458424,0.215270475415259,-0.14684620208559626,0.11333134749315657,0.018053952658834693,74.30182097204475,56.25391782954006,32.91508256879605,0.06930248323007683,0.06887090189612761,0.9952155368010283,0.04663163772527709,0.16591757671576654,0.9850364704414889,0.27222958451869256,0.9610302104714668,0.04808313502620966,39.76913482331028,0.17234602374343888,5.081455519254423,45.53546701285264,11.25270066411949,-18.04790314250518,28.611773842263535,17.203761550895727,1.003907837779784,-0.10620858362462601,0.15239572238575522,0.0151336433538151,56.78816767697214,38.74026453446696,32.915082568796024,0.08686921231108938,0.01728361734356317,0.9960697849668828,0.09440012416354306,0.1441935104575849,0.9850364704414888,0.5482833593398628,0.8339002061606501,0.063212372493209,39.45358158072332,0.1669357267918414,5.620419166654465,30.94807153893397,44.83682518728565,340.6697800984842,22.085310387858897,25.047695102249723,0.21548296838978676,-0.14665347994141575,0.11274303159085562,0.01804379458115742,75.78489672621961,56.454676824703824,32.867369265004065,0.0694492681678375,0.06905481609294316,0.995192560023095,0.040993225348987326,0.16182426380183987,0.985967779960623,0.24730610434329842,0.9676275160176012,0.050365474286938994,39.45358158072326,0.16693572679184066,5.093963516268485,46.96004670356258,11.311352095615046,-19.330219901516045,28.60308797861395,17.20610295068081,1.003881024445809,-0.10620230364304171,0.15177667360181224,0.015123654498533829,58.27139879917763,38.94117889766159,32.867369265004044,0.08706469616804505,0.01741518274120845,0.9960504254761685,0.08779088069606937,0.1419869647049636,0.9859677799606232,0.5264624879726666,0.8477181098021527,0.06489418364611216
530838,663,39.62216392950638,0.2780578218828676,4.652791505426326,88.81712835369306,289.1316604158091,22.66534809430008,15.802480599392911,25.62048508479661,1.8984419394057113,-0.15447522560180918,0.1309114674037203,-0.008385825903457933,17.948788769502187,40.614136863802266,28.604911328981913,0.02658538707823041,-0.0766370329960973,0.9967045612253692,0.26452539756078775,0.08568819262624057,0.9605643381313693,0.9482195756948526,0.30708699540747214,0.08110002170582296,39.62216392950638,0.2780578218828679,6.231062610412094,89.2103365774694,271.15781614385037,22.665348094300327,22.74263756203856,19.650030124654506,2.5259619343316433,-0.1074415018053521,0.17145911283714949,-0.011350154779404455,0.36815272131980237,23.03350081562013,28.604911328981903,0.0021931608265733154,-0.1085161534829869,0.9940922665823558,0.2780520818498326,0.0017866418831628671,0.9605643381313692,0.9940733904122836,0.006306070657589579,0.10852800535847489,39.26585785963931,0.2716871337669336,4.652789078882821,88.3817276257313,289.1655161760955,23.26260184513853,15.793495664172866,25.62009407958788,1.8986544323802372,-0.15427739014087916,0.13031136850961264,-0.008378262845228863,17.547243801826767,40.8098456469653,28.597829482854088,0.026630652976728304,-0.07662127058718811,0.9967045646607815,0.259045171887129,0.08191152285520927,0.9623856302675702,0.9503571351550496,0.3004106399192143,0.08108491279649245,39.265857859639304,0.27168713376693376,6.2310411310055125,88.78352776658586,271.18311789300725,23.262601845138768,22.73395169838906,19.65237152443953,2.525935120997669,-0.10743439546621693,0.17082728690637,-0.011342392994871189,359.9666456595931,23.22924750473186,28.597829482854074,0.0022410735226478197,-0.10851480181272771,0.99409230727182,0.271687087730835,-0.00015816077046198018,0.9623856302675702,0.994094728467403,-0.0007040966012673011,0.1085134788000839
531077,675,39.23952739840589,0.1900431547332948,9.721835618954142,41.09626491435068,48.4066433623149,97.7786023240631,-36.62418187523218,-19.486909843386805,2.4763598561942106,0.0434113756807682,-0.1424117643353709,-0.02175915435237228,89.50290827666558,187.28151060072867,31.78232382136928,0.11209927232908488,0.12628993983042486,0.9856391856257123,0.0016487723000440106,0.19003600240713767,0.9817757378031996,0.015735523396473883,0.9936958934923068,0.11099938990807556,39.23952739840588,0.19004315473329503,9.014433378632582,49.78087048100644,22.254897667063872,97.77860232406603,-40.85251072715886,-7.513244417214294,1.3513833750311035,-0.0010358191599322674,-0.14887236805479884,-0.02179596444676852,72.0357681480703,169.81437047213632,31.782323821369264,0.14501163950928145,0.0593402988985899,0.9876489018540223,0.058613721017133066,0.18077840681206594,0.9817757378031996,0.311995019310519,0.9425207211663195,0.11964028626491158,39.44578943676662,0.1888289110898267,9.695455125965257,42.56826291044359,48.45803083493841,96.18107801020736,-36.63316681045226,-19.48730084859559,2.476572349168722,0.043476578587794246,-0.14282866963258092,-0.021742627884317207,91.026293745382,187.20737175558935,31.99728397034339,0.1116849930219238,0.1260507487963299,0.9857168310734972,-0.003382161289636866,0.18879861929680672,0.9820100011388022,-0.010679447264946018,0.9934319748898967,0.11392480270983456,39.44578943676655,0.1888289110898269,8.987045976296164,51.274618033401254,22.284159940615773,96.18107801021084,-40.8611965908084,-7.510903017429316,1.3513565616971133,-0.0011000307238168204,-0.14928949333312821,-0.021781201407957338,73.55877797401703,169.73985598422786,31.99728397034333,0.14454445980291622,0.05923532598921967,0.9877236836763782,0.05344454351021856,0.18110780886630512,0.9820100011388022,0.2866633288728947,0.9502484763364677,0.12186865511579399
532092,689,39.44079728689053,0.1195399390019319,20.81588380693202,340.5038029053208,185.4723072266596,75.3393868739374,-10.294979809332455,-35.10448253383889,12.911999687382012,0.1497767288902971,-0.055399551774920626,0.02639618766003215,165.97611013198048,241.31549700591788,34.726046785028075,-0.3537464915617048,-0.033889359454175705,0.9347271960436213,-0.11597702373837625,0.028967688574922778,0.9928293926870893,-0.9681173070988807,0.2206413047880502,-0.11860140942264673,39.44079728689051,0.11953993900193172,20.540187898336946,336.1006890217927,172.00966366203673,75.33938687393753,-20.76625482744958,-30.354656987975442,12.344573656222249,0.12526973940368008,-0.09805553191727218,0.02985871107529942,148.11035268382943,223.44973955776697,34.72604678502806,-0.34745793125143903,0.04877226838376246,0.9364263194972536,-0.10149743609144284,0.0631511479186961,0.9928293926870893,-0.852647347345168,0.5027793318517852,-0.14214585652744544,39.52491382956934,0.1221024912826007,20.79363751334386,341.3038445838606,185.2999739160072,74.41547049255591,-10.303964744552566,-35.10487353904758,12.912212180356526,0.14977064092491593,-0.05587477659400826,0.026380438238998133,166.60381849986777,241.0192889924237,34.69882338324881,-0.35348542055976423,-0.03279168870139882,0.9348651039608855,-0.11878024378970742,0.028289080272699805,0.9925174968848571,-0.9708627292078833,0.2108933810058441,-0.11379605829264951,39.52491382956932,0.12210249128260076,20.513306583243104,336.89806974105574,171.8404868292911,74.41547049255598,-20.774940691099125,-30.352315588190365,12.344546842888258,0.12512087213953055,-0.0985067169384775,0.029838852813369877,148.73855657034687,223.15402706290286,34.69882338324879,-0.34687747588600054,0.049735629910251884,0.9365908305340105,-0.10437421583906059,0.06336435469093633,0.9925174968848571,-0.8583394096528376,0.4943161231973715,-0.13749555696072296
533209,701,39.12207285042369,0.2976241719319749,10.32925734619794,356.1708990521258,39.84688711046967,142.2736952124146,-47.54370999598184,-12.348266120143276,3.824249170820077,0.010709287472251638,-0.12077944580010627,-0.01815136601961723,36.01778616259543,178.29148137501002,27.478398314053944,0.13766279967804929,0.11488730623154801,0.9837936066328444,0.24072869559215787,0.17501383612929558,0.954683116160439,0.8081410366277786,0.5888672908567695,-0.011974083563608245,39.122072850423685,0.29762417193197477,9.839000722230397,4.751715247893476,13.815697959509295,142.2736952124148,-49.13950302344011,2.590441872832459,2.471390618501319,-0.02576561037077085,-0.11837209681157049,-0.018868372292703373,18.567413207402772,160.84110841981757,27.478398314053944,0.165936463566697,0.04080611420964259,0.9852918101263645,0.2821327337231787,0.09476955355007012,0.954683116160439,0.9482406165782733,0.31723706942221874,0.01415538256842108,39.29578158832744,0.2929121934998198,10.29339705612719,356.562861115996,39.9377482882397,141.7916175284272,-47.55269493120193,-12.34865712535196,3.824461663794601,0.01079640879845771,-0.12121085005599086,-0.01813725765454341,36.50060940423566,178.29222693266286,27.78556800800062,0.13700829684418545,0.11471017318617709,0.9839056371235266,0.23545762315142574,0.1742333515741376,0.9561393449174258,0.8032311039396886,0.5955711755737282,-0.010713005626653086,39.295781588327415,0.29291219349981945,9.801112637898198,5.17112531984604,13.878564801519914,141.79161752842754,-49.14818888708964,2.592783272617538,2.471363805167342,-0.025813246909643754,-0.11880966475172519,-0.018855571458617836,19.049690121365956,160.8413076497935,27.785568008000613,0.1652590289645646,0.04083186876254024,0.985404592966284,0.2768711117777218,0.09560303637355859,0.9561393449174259,0.9455514098475397,0.325110948916537,0.015342823401151675
533562,713,39.27775107109185,0.2145518735489416,7.981444853621754,96.91993865315948,109.8214408103635,28.20298562899046,-10.932614854653288,-30.36377427044721,2.8856677722850037,0.16802984233428803,-0.08780456359697986,-0.01798917320629315,206.74137946352297,234.94436509251344,30.850635990000146,-0.047083457346465726,0.13062593992162969,0.990313087797942,-0.19160483270719436,-0.09654063665943517,0.976712595166377,-0.8840000366844613,-0.4467032740490197,0.13784092315331323,39.2777510710918,0.21455187354894112,6.404242926085837,96.36703940313879,92.78766980361424,28.202985628990657,-19.6661316003045,-25.642802656571494,2.344754527556467,0.13410126893122398,-0.13446053847023376,-0.014300102143625131,189.154709206753,217.35769483574367,30.850635990000125,-0.005424850890949902,0.11141052699413051,0.9937596618235724,-0.211818984407497,-0.03413538176053347,0.976712595166377,-0.9810678305712988,-0.15879920706801387,0.11085451570727932,39.40108765166791,0.2176299589208766,7.982457200860466,96.79186656550587,109.7990516092174,28.10720978103229,-10.941599789873328,-30.36416527565595,2.885880265259529,0.16801152030638286,-0.08825806911092265,-0.01797517355018154,206.59091817472327,234.69812795575555,30.826230564597566,-0.04703833650454832,0.13066079179562973,0.9903106342891729,-0.19461019330117546,-0.09741494589220673,0.9760313524575415,-0.8851725841587303,-0.44435837925239646,0.1378953481519191,39.401087651667936,0.21762995892087678,6.405225377848328,96.2445769453344,92.75971339815132,28.107209781032203,-19.674817463954,-25.64046125678648,2.344727714222492,0.13394648237638743,-0.1348873232088389,-0.014290363170892873,189.0042903434857,217.1115001245179,30.826230564597576,-0.005371309994280136,0.11143018092262517,0.9937577490558231,-0.21494802309003655,-0.03406092173719949,0.9760313524575415,-0.9814786070750119,-0.15620965803137463,0.11089764015440254
534161,720,39.47394690678232,0.1964305134663751,9.676147226305018,336.0788755738232,117.5508876382341,349.9201133980258,6.1704596351464165,31.118274271776308,-3.386915564624444,-0.18886807192640234,0.03168909255880209,0.02605194837682096,93.6297632120573,83.54987661008312,31.72005924733864,-0.07774263135402627,0.14901891145714477,0.9857735273876448,-0.012435809954846812,0.19603646918731907,0.9805177476105857,-0.06842333354515462,0.9953258217485544,-0.06815244667019153,39.473946906782345,0.19643051346637597,8.12583155687875,334.1453315949191,101.87895430597305,-10.079886604097773,15.369809704850168,27.80059082193198,-2.9646015571349036,-0.1711253387793182,0.08726131856068725,0.02134553595811979,76.02428590089221,65.94439929679444,31.720059247338625,-0.02909565412669391,0.13832055954245043,0.9899600323845419,0.04744005031423457,0.19061581321298346,0.9805177476105855,0.23722603023989572,0.9694969262880564,-0.0616402506048684,39.28485707976569,0.1931988475578534,9.671889941359831,337.09548166846,117.5875177355123,349.1495225020102,6.161474700653343,31.117883266452104,-3.3867030717504027,-0.18864718482296916,0.031155496993515948,0.02603642968012634,94.6829994039723,83.8325219059825,31.695067965479982,-0.07780396469101573,0.148904259746993,0.9857860135483558,-0.01577329224279709,0.19255388323663067,0.9811596227435765,-0.08654585394886577,0.9940997536170589,-0.06538726957722252,39.28485707976564,0.19319884755785255,8.121784820473202,335.15394148974246,101.92350679790131,-10.850477501027816,15.361123841861314,27.802932221387323,-2.9646283705511927,-0.17107554864932745,0.08668592580462443,0.021331383610993595,77.07744828764379,66.22697078661598,31.69506796547997,-0.029188755792928164,0.1382294817655493,0.989970013134786,0.04320578592519611,0.1883057480807967,0.9811596227435767,0.21951027850914892,0.9738025248785063,-0.059362279008490955
534315,723,39.88070464155355,0.2968325362202558,9.380054049104253,316.1533457082188,59.90439954101709,16.25139656124178,19.77099925375027,21.150790512421267,-1.073698079325855,-0.1321402953753198,0.15957647258109098,0.032104127418485076,16.057745249235893,32.30914181047767,28.042813936550285,0.08172664842715809,0.14101082110007185,0.9866289592696675,0.2852511423004057,0.08210566591449787,0.9549295499884013,0.9529695606677642,0.2812506609878084,-0.1129029766419348,39.88070464155352,0.2968325362202555,8.397901490633704,324.17076597368197,34.40030209998064,16.251396561241904,25.25653058366346,14.190346728233777,-0.3780224419904925,-0.07861782006274708,0.19203813405045486,0.029949569272425567,358.5710680736626,14.82246463490452,28.042813936550274,0.12050474727271217,0.08251225577970013,0.9892776827215325,0.29674022875800843,-0.007402107510306266,0.9549295499884013,0.9961429608489072,-0.019758143980474097,-0.08549162121295359,39.46810468751259,0.2897111211295863,9.396095965948593,315.830273336381,59.89423506866927,16.73172806308169,19.76201431853016,21.15039950721257,-1.0734855863513277,-0.13195742979521086,0.1589571611035149,0.03208455227795924,15.724508405050301,32.45623646813199,28.03375582963344,0.08189022141514585,0.14123529075255467,0.986583288061692,0.27886894558825437,0.07851525261155985,0.9571141344133615,0.9544884429817598,0.27570144182764833,-0.11375643800863079,39.46810468751257,0.28971112112958575,8.414017935014796,323.8336481160312,34.40436287930851,16.731728063081636,25.24784472001391,14.192688128018851,-0.37804925532446665,-0.0786300326592941,0.19139251512852426,0.029929650113221254,358.2380109953397,14.96973905842134,28.033755829633446,0.1207284857576268,0.082678023236627,0.9892365628101067,0.2895741395823669,-0.008907939789502934,0.9571141344133617,0.995938196891403,-0.025506942712131275,-0.08635105005835843
534631,728,40.05417582294685,0.3421985255347385,15.93611849447168,3.459027313771788,15.18975208761696,14.16491603414077,18.16028747048147,19.93568251269992,4.1348641605789656,-0.14272978171313971,0.15819086722608114,0.05427008000786056,18.648779401388747,32.81369543552952,26.34769591482527,0.26497304329070365,0.0719406935097931,0.9615684182348092,0.3242319110652082,0.10942348342632863,0.9396276757960309,0.948104070504886,0.31752833660735347,0.016565836635471027,40.05417582294677,0.3421985255347376,16.077569677363286,9.163307749599765,352.1239140747365,14.164916034140864,23.211235583404104,13.518562466578594,4.776148177460961,-0.0897378461563426,0.19391609511370933,0.05181746490085317,1.2872218243362568,15.452137858477121,26.34769591482525,0.27432607142886295,-0.03794919214999127,0.9608876444983406,0.34211216975789704,0.0076872740091875735,0.9396276757960311,0.9988941317700134,0.01629452198738124,0.044102177595147174,39.62572940608806,0.3352830257207861,15.96754536837134,3.131940892676183,15.26848215830882,14.55404711891683,18.151302535261358,19.935291507491225,4.13507665355349,-0.14253981858014741,0.1575724844439081,0.05423564824297212,18.400423050985005,32.95447016990184,26.339894954421727,0.2653827055353464,0.07244360651990288,0.9614176737907043,0.31814123878650324,0.10583411321438123,0.9421174516287842,0.949428797115214,0.3136224858398793,0.015029823151737124,39.625729406088034,0.33528302572078583,16.106692408123035,8.826469132598122,352.2128494217751,14.554047118916845,23.20254971975455,13.520903866363671,4.776121364126984,-0.08974260560825677,0.1932692174973025,0.05178288888854758,1.0393185543732102,15.593365673290055,26.33989495442172,0.2748685140021887,-0.03758950475756089,0.9607467559884394,0.335227866038088,0.006081543228065367,0.9421174516287844,0.999019391666865,0.012170969379995178,0.04256903308648253
535024,736,39.57219667191278,0.346300513387269,26.36297260526001,64.909290575324,51.82011360731538,330.9918815672003,15.648912155382002,24.900865165652846,1.5318132950894636,-0.18117179250392423,0.0496082353048493,0.08577773517512616,116.72940418263937,87.7212857498397,25.868324648567405,0.27448558181375876,0.3490610307261778,0.8959989186403858,-0.15575815057117812,0.3092950761052175,0.9381236349371622,-0.37573924620353577,0.8349204588185406,0.4021540081966562,39.572196671912735,0.34630051338726875,25.50577499217477,67.9412624088178,31.510905669992827,-29.00811843331015,22.389101661331164,19.010417650083635,2.1494504376387646,-0.16002593665172665,0.10201847857289749,0.08139990718255875,99.45216807881063,70.44404964550048,25.868324648567388,0.367105787495926,0.22505884172476287,0.9025418874204699,-0.05687091543661765,0.34159880642310064,0.9381236349371623,-0.1170152952339541,0.9094180606872089,0.39908171040180057,39.33369066704768,0.3445005101810445,26.410830539858,65.7406254304551,51.84533295004338,330.3635169942289,15.63992722020632,24.900474160433212,1.5320257880428496,-0.18095606379577112,0.04906262951584489,0.08572218555414085,117.58595838049848,87.9494753747274,25.78321416494636,0.2747941732863065,0.3497702008692296,0.8956276954805462,-0.15953089563120826,0.30533669097261223,0.938786130322024,-0.38825354642404286,0.8275311999127598,0.4055259509083251,39.33369066704762,0.3445005101810441,25.55297382988813,68.7664595231696,31.5427437648884,-29.636483006343934,22.380415797721227,19.012759049844863,2.149423624284733,-0.1599835858448643,0.10143319489735107,0.08134550367894787,100.309203288058,70.67272028171406,25.78321416494634,0.36761418640701926,0.22565166976796733,0.9021868619544587,-0.06165189810878461,0.3389389988988929,0.9387861303220241,-0.13126461707396098,0.906154278171316,0.4020622146586864
535029,741,39.4111142299413,0.2170006375255603,17.48710879463074,178.6051079787374,167.2971536616747,70.13970699295774,5.619014416779301,36.092833399696445,-11.482050809541336,-0.15278663780517596,0.05882065632669409,-0.007493175022241812,345.9022616404121,56.041968633369834,30.858877316451355,-0.29313627461791414,0.06607641474913833,0.9537845836020997,0.21046493219967943,-0.052856305212187794,0.9761714620462434,0.9701290176184971,-0.2424792399315101,0.007314873669925953,39.411114229941305,0.2170006375255603,16.74480945453403,173.86860596063076,154.24182805921498,70.13970699301323,16.5694745593167,32.70933543082218,-11.02974728310777,-0.12762568318522383,0.10222603801653252,-0.01101345165578675,328.11043401984574,38.25014101285899,30.85887731645136,-0.25948188110052567,0.12520482441058683,0.9575974651829686,0.1842482769912463,-0.11463790434344391,0.9761714620462434,0.851036076576059,-0.5242047691788719,0.03077265565650794,39.21457753686703,0.2141714823833572,17.48466625072481,177.4230383654682,167.4660450164844,71.46962320350083,5.610029481565551,36.09244239448523,-11.481838316566504,-0.15258993411218644,0.05826887595607072,-0.007486210259031211,344.88908338195256,56.358706585453376,30.815933334759123,-0.293290083445971,0.06520322406773488,0.9537973928059502,0.20676607057995214,-0.05583203312804339,0.9767960770466451,0.9658737973875409,-0.25866063469733797,0.01350864827219931,39.214577536867026,0.21417148238335715,16.74656900059241,172.67886985518285,154.41805484519466,71.46962320354734,16.56078869567244,32.71167683060293,-11.029774096441294,-0.1276050484944476,0.10164061522509263,-0.01100591554492966,327.0969247003775,38.56654790392486,30.815933334759116,-0.25989227501250217,0.12441883348015285,0.9575886169249632,0.17981638672536074,-0.11634212878970443,0.9767960770466451,0.841924380185444,-0.5383448258952499,0.036717658982685454
535032,744,39.70223306685156,0.1827278863908908,8.202904029755251,300.4679705963775,73.94506232770644,45.95300320746186,7.43469307471338,34.697338489471086,0.3533416729681389,-0.16347647104058202,0.06177879264715019,0.025109579087033575,14.41303292408395,60.36603613154581,32.44752793354724,0.03945917904145221,0.137114181713068,0.9897690005059415,0.17697681254155007,0.04548283508660536,0.9831635263449909,0.9600522760446019,0.2513489617917795,-0.12297693551139706,39.70223306685154,0.18272788639089033,6.943448618669647,307.72024789115807,49.173073266112084,45.9530032074621,17.552222149761743,30.83055890940775,0.837224369527132,-0.13781722196501486,0.10827512947530656,0.021320798148785323,356.8933211572702,42.846324364732254,32.44752793354724,0.0790347759492166,0.09147572167659673,0.9926659541529582,0.18245934212404022,-0.009902976145814247,0.983163526344991,0.9941405980772439,-0.05040246767977602,-0.09562459153590709,39.48422816772942,0.1781423494711938,8.214535038851015,299.7541151480233,73.96217596528987,46.94771190356303,7.425708139493347,34.696947484262374,0.35355416594265554,-0.1632726025376821,0.061225029599692705,0.02509469200928,13.716291113313162,60.664003016876194,32.45041499487341,0.03947373116807819,0.13731906132241625,0.9897400163402512,0.17306203957694646,0.04224011283820586,0.9840047272878739,0.9629210776434156,0.23957522803994785,-0.12404317127375553,39.48422816772944,0.1781423494711939,6.954678627365683,306.9914086106163,49.205231630323084,46.94771190356312,17.54353628611226,30.83290030919279,0.8371975561931488,-0.13778975644382654,0.10768565230904566,0.02130666238241186,356.19664024093936,43.14435214450248,32.45041499487343,0.07911053758898057,0.09166736025285935,0.992642240641942,0.1777500052603569,-0.011816611403447206,0.9840047272878739,0.9933484971203328,-0.06249277346411908,-0.09671306288986314
535167,745,39.68031125049783,0.1970627273448239,7.31950918603602,173.9582242822292,223.7632585777929,19.7696262194404,12.614347945729964,29.972947856126428,-1.6597526696595002,-0.16794080540658665,0.08654450718390133,-0.02294923665387711,37.72148286002209,57.49110907946249,31.860800893583228,-0.09201047028473637,-0.08812167613408382,0.991851119651181,0.15587547187244785,0.12056763984221525,0.9803908819911676,0.7904009341360605,0.6124430971694573,0.013409550563889554,39.68031125049779,0.19706272734482333,8.139603845504023,163.90171137853625,216.1467423827925,19.769626219440262,21.116903002228185,24.762222013322997,-1.078389894168865,-0.13326905681585943,0.13323245131354058,-0.02663091661414006,20.048453761328744,39.81807998076901,31.860800893583217,-0.11433157361728506,-0.08351497302812498,0.9899260278194058,0.18512132632121292,0.06755599936093892,0.9803908819911678,0.9377553612387399,0.3450703700626175,0.03925967616841475,39.40527926836392,0.1911964102058257,7.333809050406927,173.8338971328972,223.8267225089015,20.08097060430451,12.60536301050987,29.97255685091774,-1.659540176684979,-0.16773394470479813,0.08597414503399323,-0.022931912538816206,37.66061964179869,57.7415902461032,31.871131329094695,-0.09209139149032496,-0.08839495565291063,0.9918192917202688,0.15135942574809225,0.1168177705351464,0.9815517982890183,0.791035177310176,0.611617001122249,0.013711024618356752,39.4052792683639,0.19119641020582578,8.15509607454362,163.80208535108957,216.18537696637878,20.080970604304664,21.108217138578652,24.76456341310808,-1.078416707502845,-0.13324463968074382,0.13262624662094602,-0.026612912971620457,19.987462317468385,40.06843292177305,31.871131329094673,-0.11449126582722806,-0.08375007505717245,0.9898877082665473,0.17968016104209428,0.0653537068840128,0.9815517982890183,0.9381019902014625,0.3440912761823092,0.039570817975940496
535168,746,39.55701568212072,0.1760210736365099,4.756529576500022,226.9233721130808,258.3631114073896,331.4517724765245,3.0153320440041362,33.66323604797597,-0.3192545265847033,-0.18348059376307072,-0.0022009902896359124,-0.01491636847739541,125.28648352047043,96.73825599699495,32.59414731189757,-0.01672603220462692,-0.08121736971235416,0.9965560589869977,-0.1016812268230371,0.143681406159293,0.9843863985426914,-0.5752011867649685,0.8157664709306398,-0.06056946136083208,39.55701568212067,0.17602107363650943,6.182462391011074,219.74971141595526,247.92237604461792,-28.548227523475656,13.047187116868953,31.179751496328464,0.04021162398358935,-0.17509632847143725,0.05332702540015856,-0.01974777993220738,107.67208746057315,79.12385993709749,32.59414731189755,-0.040478519834744535,-0.09979836495706532,0.9941839748174804,-0.05343452737130404,0.167714548113021,0.9843863985426914,-0.30012264175337494,0.9514116614170343,-0.06886399949649921,39.43282476519797,0.175279763236108,4.760634324004362,228.2338942402621,258.3880177925752,330.4239146047711,3.0063471087839453,33.66284504276727,-0.31904203361018,-0.18326331759200093,-0.0027118711916931243,-0.014904428354047504,126.62191203283732,97.0458266376084,32.52104857662313,-0.016705096029054654,-0.08129456601900789,0.9965501158007264,-0.10455996293100046,0.14067767965094494,0.9845186664557934,-0.5940113573814074,0.8020714640322353,-0.061902131522948656,39.43282476519795,0.17527976323610817,6.186792882236738,221.07086283671146,247.93665036402479,-29.57608539522899,13.038501253219325,31.182092896113563,0.04018481064960894,-0.1750438768063105,0.05277437693947088,-0.01973438967933153,109.00751320073624,79.43142780550725,32.52104857662311,-0.040481880918400534,-0.0998780851945323,0.9941758322425577,-0.05708724076530795,0.1657227876361905,0.9845186664557934,-0.32214591930189485,0.9440385475069285,-0.07080414887664134
535229,749,39.41952604295431,0.1991335367908433,19.08520876514079,107.686809352118,303.7887367934454,47.51712653469956,-17.06577216755697,30.71887585557926,1.0035496618178112,-0.15992707608446222,-0.052841290993044306,-0.05615489294823083,51.47554614556344,98.992672680263,31.56977640340206,0.18184075514745537,-0.27174602090449096,0.945033353850529,0.12403004406669285,0.15579060832939956,0.9799723641639951,0.5793255005867376,0.7532186108456245,0.3115183600459428,39.4195260429543,0.1991335367908431,20.605713071732115,108.93872141584305,285.0286934311182,47.51712653470114,-7.014063175370639,34.43897268107299,0.8106194380873035,-0.1668069868315023,-0.0020625120866673632,-0.06077350482612956,33.96741484696122,81.48454138166235,31.569776403402063,0.09125770654109042,-0.3398974304330483,0.9360244482821329,0.16515248633549595,0.11126015338850605,0.9799723641639951,0.7709129052229572,0.543030315230079,0.33288341698231394,39.40134954919446,0.1966682532071257,19.06371191434326,108.1315638343769,303.8080811044262,47.37954993692518,-17.074757102776783,30.718484850370658,1.0037621547924411,-0.1597255865466613,-0.0533182304742596,-0.05611531289987353,51.9396449388031,99.31919487572827,31.652354959351015,0.18173519330250587,-0.2713899803288677,0.9451559649562593,0.12124425131848596,0.15484906632512163,0.9804700904058511,0.573183797799298,0.7583611435894635,0.31040088568503593,39.40134954919445,0.19666825320712567,20.58408309664681,109.38619031165163,285.0453240729219,47.379549936926416,-7.022749039019885,34.441314080858064,0.8105926247534402,-0.16676009105820847,-0.002578035973133247,-0.06073261727614925,34.431514384573575,81.8110643215,31.65235495935101,0.09126462768523345,-0.3395296538871724,0.9361572420617877,0.16221249146196562,0.11120031219939908,0.9804700904058512,0.7666439783063135,0.5497878723273041,0.3316478644111624
535231,751,39.39842051927588,0.199865710089289,7.294487270598716,47.20915595383397,12.20932591704047,55.90630878671996,-26.384746482890854,24.561534558849065,3.787152746699902,-0.13933778160399474,-0.10149976375488828,-0.008926605610580606,59.418481870874444,115.3247906575944,31.52402722579439,0.12409731840573242,0.02685193398128678,0.9919066635555842,0.10168442619233886,0.17206562567645667,0.9798232993405006,0.5100197855200532,0.8551013180551386,0.09317485840313283,39.39842051927587,0.19986571008928877,7.605600838069501,59.16986778490622,342.76644580609945,55.90630878672578,-17.83028823565064,31.3843239103852,3.2971786273171415,-0.16318114818037474,-0.054667382929412534,-0.013427353966104397,41.93631359100567,97.84262237773146,31.52402722579439,0.1264112862720399,-0.03921196863166556,0.9912026070481643,0.14867772933330553,0.1335710854556029,0.9798232993405007,0.7416500553606379,0.6610890694603403,0.11365050648203957,39.47240088900269,0.1982278892529182,7.281495321080267,47.91533485628474,12.35841054809503,55.34655390004634,-26.39373141811035,24.561143553640793,3.7873652396744673,-0.13915009194295486,-0.1019440901260201,-0.008918680097322957,60.27374540437977,115.62029930442611,31.647870177030676,0.123807320682107,0.027126607249986872,0.9919354286064305,0.09829261683814013,0.17214196917886637,0.9801559589791478,0.49713763136068606,0.8625579145242745,0.0940639121907066,39.472400889002664,0.19822788925291812,7.588967473740714,59.90543054484512,342.8859915283304,55.346553900051155,-17.838974099299474,31.386665310170496,3.2971518139832248,-0.1631366826082036,-0.055147648651239,-0.013418199948689416,42.79142207317551,98.13797597322667,31.647870177030658,0.12621780854819484,-0.038863450687173715,0.9912409883605383,0.14546588467902172,0.13466243898064792,0.9801559589791479,0.7316014844772502,0.6720887183024081,0.11426295393219105
543435,777,39.07273971952024,0.2537620763305174,20.19818636477699,131.4194720985033,67.32776849325813,22.307803423724,-16.52551390676397,-25.48496873834806,1.995852186590831,0.14042742442935405,-0.12681012676707515,-0.06565260528813097,198.74724059176143,221.05504401548544,29.15756016037291,0.1330868087337592,0.3185878729789884,0.9385039523261411,-0.24029888395392754,-0.08155757324781193,0.967266668823249,-0.9043941062456765,-0.3391693129558129,0.25891210426931766,39.072739719520214,0.25376207633051706,19.019586887824047,134.55092400818563,46.79531402571609,22.30780342372405,-23.497999060526887,-19.30243316506433,1.3489927678266933,0.09733325818430132,-0.16330585985908538,-0.06299497877272152,181.34623803390173,203.65404145762577,29.1575601603729,0.22310742029983988,0.237546335801033,0.9454072230286024,-0.2536920316448902,-0.005961917767229059,0.967266668823249,-0.9713661403912357,-0.050128268325498715,0.23223905359805677,39.24733702786281,0.2572934737746955,20.16831928498999,131.4177780640678,67.33002740532717,22.11754966818905,-16.534498841984092,-25.485359743556728,1.996064679565369,0.14042760279084798,-0.1272374889877072,-0.06560665944322297,198.74780546939496,220.865355137584,29.149253347557757,0.1328856728055035,0.3181416513969556,0.9386838059801855,-0.24364210998239352,-0.08269494476917676,0.9663333112094139,-0.904513579912601,-0.3391254516265275,0.25855195186421354,39.24733702786279,0.25729347377469525,18.989721863766775,134.55383126005245,46.79268990546561,22.117549668189106,-23.506684924176444,-19.300091765279227,1.3489659544927293,0.09720311521389961,-0.1637133111581393,-0.06295260229038781,181.34652116551806,203.46407083370715,29.14925334755775,0.22278088760952158,0.23717690193599544,0.9455769631838314,-0.25722242446055427,-0.006046155942765703,0.966333311209414,-0.9714568227795302,-0.05005036583835443,0.23187626518155596
547616,788,39.79945095558016,0.2677303621529773,17.5551449255636,234.6530549539362,199.4823722145897,344.0268058826514,21.002446418658735,20.89098775109719,-4.014632726959846,-0.15787148015804872,0.11890026160721483,-0.05211837704703165,74.1354271685259,58.16223305117728,29.143929537753028,-0.28435385976185934,-0.10059653787076982,0.9534270916053034,0.07318797705768373,0.2575326519740135,0.9634938781234864,0.2860340849235549,0.9260977086187501,-0.24602344675466448,39.79945095558014,0.26773036215297685,17.675824086039587,229.45001287294488,186.85938161268737,-15.973194117348553,26.43257585262417,13.570689632445188,-3.287661389592198,-0.11309995907984069,0.16103495568025386,-0.05525526209123327,56.309394485632254,40.3362003682837,29.143929537753028,-0.3014577469782872,-0.036263573922866166,0.9527896829799931,0.14851217610589976,0.22276373216224934,0.9634938781234865,0.558992339198829,0.7964296065606109,-0.23071074207919262,39.45052600777279,0.2623069011299512,17.59291389955617,235.5050877222034,199.551569880254,343.2806034832829,20.993461483438523,20.89059674588854,-4.014420233985344,-0.15767136837364654,0.11830821316669912,-0.05208150245427057,75.05665760245739,58.337261085740295,29.10238078272736,-0.2848243514104881,-0.10115019257030047,0.9532280563362505,0.06763944160955589,0.2534360201690862,0.9649845022691307,0.270764151248801,0.9298556258383344,-0.2491089911972586,39.45052600777277,0.2623069011299508,17.71533042005791,230.3135211215677,186.91658055004706,-16.719396516716895,26.423889988974533,13.573031032230341,-3.287688202926201,-0.11308906018661449,0.16041011649125958,-0.05521807311721646,57.23010167161476,40.51070515489786,29.102380782727366,-0.30207350510514264,-0.03664360955861222,0.9525800981502864,0.14197794467690794,0.22056104281064384,0.9649845022691308,0.5456610412299782,0.8046246572360085,-0.23416487578552808
552679,799,39.29732193960555,0.2398140297347739,12.23738287837658,164.8950612619976,129.2508553904561,325.1854885442589,-16.209199995242795,-27.490928623967573,6.495032201249567,0.17523211522243953,-0.06972898664237007,-0.019862438123864706,294.1459166524537,259.3314051967126,29.873272807484003,-0.13411223515797827,0.16414017589431343,0.9772778064799768,0.09809877582460101,-0.21883189675946624,0.9708188456876848,0.4136470910991353,-0.9087602537615478,0.05523481880545041,39.29732193960557,0.23981402973477395,10.78576119004825,161.77902220622877,114.72211721037957,-34.81451145574337,-23.926252880009883,-21.310232969221374,5.838078306125807,0.1464742166725552,-0.11940502447069382,-0.015833073392139116,276.50113941660834,241.68662796086497,29.873272807484014,-0.07826409603038537,0.16998547469415332,0.9823337872971437,0.02715245728973058,-0.2382719306186954,0.9708188456876848,0.11824060693762878,-0.9912594031906329,0.058514566196560334,39.39883829998492,0.2398094065038029,12.24066604067155,164.1433936254729,129.1756118016586,325.7582740286748,-16.218184930462556,-27.491319629176402,6.495244694224056,0.17520896590536605,-0.07019460722584764,-0.019847182920846536,293.3190054271315,259.0772794558063,29.950626270326236,-0.13393193767953254,0.16435956863345963,0.9772656590037475,0.0949285862137988,-0.22022060522838355,0.9708199877177508,0.40066554588577585,-0.9143911850608752,0.05792996653737347,39.39883829998488,0.23980940650380278,10.78817397848422,161.038353983476,114.63606378707296,-34.24172597132716,-23.93493874365914,-21.307891569436528,5.8380514927918,0.14631113720830785,-0.1198419000959935,-0.01582230695271445,275.6744177705489,241.43269179922177,29.95062627032621,-0.07802594797876569,0.17014043050901023,0.9823259058724979,0.023711263793677908,-0.23863429639725459,0.9708199877177508,0.10409563090861063,-0.9927058569593484,0.06082089430733479
555758,816,39.26230481789277,0.2548599284937111,24.21162439487782,35.8775045241984,202.040775420315,356.2284286142298,-18.767662169341246,-21.71096210725811,5.88219942079913,0.1586682834392671,-0.11089476908515276,0.0729949854773207,237.9182799445134,234.14670855874317,29.25591661950633,-0.38013616150396484,-0.15389975944169762,0.9120369305904334,-0.1353633160424568,-0.21594063031724595,0.9669779815736139,-0.5504736873242672,-0.7995077958834593,0.2403455926061422,39.2623048178927,0.2548599284937103,24.382131221596804,32.06255368282851,187.93566980734715,-3.7715713857961695,-24.60205382644378,-15.027433806880182,5.2063873897326545,0.11570145236016444,-0.15364414612292826,0.07621149630306491,219.99822349017566,216.2266521043795,29.25591661950631,-0.40886710559338835,-0.0569944654120307,0.9108124509887213,-0.1952391113214093,-0.16381475074682827,0.9669779815736141,-0.7726008441802096,-0.5958724963690372,0.2191435685639875,39.41838715239668,0.2575361634182765,24.16298629778144,35.49608196553851,201.96624208309,356.5024951745879,-18.776647104555366,-21.711353112470988,5.882411913776431,0.15865623595174144,-0.11133279849858849,0.07294800343353672,237.46232404862852,233.9648192232164,29.266726957032162,-0.3796178853735553,-0.15311546694519715,0.9123847406038006,-0.13851687638385468,-0.2171127597011865,0.9662686606383313,-0.5568838576817444,-0.7958575858283937,0.23767850582856545,39.41838715239672,0.2575361634182771,24.33156722367311,31.6732909872342,187.86964307899882,-3.497504825428755,-24.61073969008896,-15.025092407100907,5.2063605764015755,0.11555899819496226,-0.1540580731396665,0.07616057030715519,219.54293406623302,216.04542924080425,29.266726957032162,-0.4081361250200667,-0.0564131778374757,0.9111764136652583,-0.198598427148716,-0.1639620084112831,0.9662686606383312,-0.7775335324230163,-0.5904564483307517,0.21633952154523375
555916,819,39.29348311164782,0.2852327377659167,26.15799925290218,57.92066269423212,204.3140603720028,349.6067075457988,-13.704410220179962,-23.66356668080952,7.820120247208946,0.18866038326391338,-0.06774008410984309,0.0684714994446744,262.23472306623495,251.84143061203372,28.085695347353695,-0.40174577831437097,-0.18151387484481474,0.8975817750185223,-0.03853925639541863,-0.28261712688711627,0.9584582856371788,-0.170845888992885,-0.9117467814165411,0.3735364624649231,39.29348311164776,0.2852327377659162,26.386384994002274,54.39110939160106,189.89684684084085,-10.393292454201363,-20.420172705601626,-18.41830975501197,7.260298937559798,0.15743727311419187,-0.12156540171284705,0.07283655390982488,244.2879562324419,233.89466377824053,28.085695347353678,-0.437808778140125,-0.07638503608131489,0.8958173921320723,-0.12374779099737405,-0.2569906592012833,0.9584582856371789,-0.4484065530775337,-0.8175447605055626,0.36131997969532126,39.38166851410858,0.2862943968806814,26.11342800025583,57.49999764789396,204.2235123432422,349.89918024838,-13.713395155400129,-23.663957686018197,7.820332740183465,0.18862823371401202,-0.06820703774579126,0.06842754924591152,261.72350999113615,251.62269023951615,28.106917478706944,-0.4013952489657461,-0.1805922033008561,0.8979244457161577,-0.04121212422559418,-0.2833126232663969,0.9581417005405447,-0.17927251005048989,-0.911075328644608,0.3712184164010677,39.38166851410858,0.2862943968806817,26.339440647888434,53.963941066530566,189.81337970467254,-10.100819751619932,-20.428858569251226,-18.41596835522686,7.260272124225814,0.1572668457134731,-0.12200082935557055,0.07278788995302024,243.7773207712031,233.67650101958318,28.106917478706933,-0.4371962088370408,-0.07562204228412314,0.8961812214609816,-0.12650232205162146,-0.25682999085157704,0.9581417005405446,-0.45616984859174964,-0.8143591905346615,0.358787092894255
556067,821,39.3388344612747,0.1993071999231256,19.98679209315155,153.9289224452698,157.1496342821247,319.5117482120855,-9.410594396691515,-30.759501680937547,11.638672003512003,0.17868854376540377,-0.029719952703804287,-0.015276432439289493,311.07855672739447,270.5903049394799,31.49832151655868,-0.3149795102267946,0.1327311227683519,0.9397714388009146,0.13096340067035742,-0.15023963400531892,0.9799370592332975,0.6673720018245897,-0.7294170458103211,0.15021779009819014,39.33883446127469,0.19930719992312562,18.999401140123165,150.23576527203187,143.04899819422644,-40.4882517879148,-18.57640557907967,-26.47980989057895,11.1311158687847,0.16172278343576252,-0.08230917248907132,-0.010825067747728696,293.2847634662583,252.7965116783435,31.498321516558676,-0.2601698532001112,0.19570343846660893,0.9455219784109615,0.07878638491763326,-0.18307393449862627,0.9799370592332975,0.4115586441133222,-0.896938811926368,0.16161760459714475,39.37754730973516,0.1980948684827011,19.98948311294907,153.3005441709662,157.0118402884379,319.9854506834348,-9.419579331911558,-30.75989268614625,11.638884496486524,0.17866307779352786,-0.03021238915210732,-0.01526425098478269,310.3123844594041,270.29783514283895,31.57705725424183,-0.3147000195687766,0.1335054886610179,0.939755384225488,0.128158389342744,-0.15105298461219588,0.9801828518602135,0.6575259864250689,-0.7376096016381011,0.15359574456026442,39.37754730973516,0.1980948684827013,18.999055712111634,149.61491136478264,142.90408566846196,-40.014549316565564,-18.58509144272916,-26.477468490793903,11.13108905545072,0.1615494836921213,-0.08277091143283663,-0.010817657900282635,292.5189970332446,252.50444771667904,31.577057254241822,-0.25966950150967716,0.19635739538156524,0.9455239411377606,0.07586830089614484,-0.18299064959257003,0.9801828518602135,0.3996092583652587,-0.9017743906689845,0.16466751034235552
556068,822,39.51678249752285,0.0935157524677492,15.36915607968613,296.2838059732293,119.1632648863331,257.1646765659649,21.758851233173736,-34.336023711172146,-0.623574718724945,0.11770309397045148,0.09161383850103905,-0.04052246904664747,55.44707085956236,312.61174742552726,35.82134084716262,-0.129152538651273,0.23143957154958417,0.9642382208152073,0.0530390780344385,0.07701981667639884,0.9956178001825754,0.5391675429926741,0.807977606315859,-0.23763532623610012,39.51678249752283,0.09351575246774946,13.826137976373802,294.957672541314,102.86433891864559,-102.83532343403529,10.38349128194839,-39.30480996992318,-0.3376369904554026,0.14094213462150254,0.05177862478642557,-0.03665341643433397,37.82201145995964,294.98668802592437,35.821340847162595,-0.053206525957465535,0.23297813874980325,0.9710253613887821,0.0738699156897283,0.05734484733262285,0.9956178001825754,0.7643098649607933,0.6073619498361587,-0.21666077682597176,39.34737403672391,0.09229171969067743,15.38535914418041,299.1997664037537,119.1565495883915,253.9125258146768,21.7498662979537,-34.3364147163808,-0.6233622257504257,0.11771850320642094,0.09104007865591149,-0.04049336655610535,58.3563159921452,312.268841806822,35.71593722156235,-0.12925825767449234,0.23169283017270959,0.9641632306147723,0.048419478872764564,0.07857044984695252,0.9957320113748164,0.49731614180127637,0.8360862915911214,-0.23159526790782908,39.3473740367239,0.09229171969067718,13.842295532063984,297.8759087501258,102.85532681908083,-106.08747418532334,10.374805418298923,-39.30246857013809,-0.3376638037893826,0.1407827630089531,0.05122701413389001,-0.036628695258949365,40.73123556920666,294.6437613838833,35.71593722156235,-0.053230802671292904,0.23325346352231524,0.9709579308094732,0.06993670151742848,0.06022141898298849,0.9957320113748164,0.7327501008714554,0.6467998289797162,-0.2114882287615119
556130,823,39.24181231730391,0.2587405479442897,16.82183120185521,130.0444617991396,160.6284995286281,332.3775766026236,-13.056931922760517,-26.741762702074563,8.936597605048611,0.18873723219279792,-0.057051328317832974,-0.002654818715880386,290.6729613277677,263.05053793039133,29.08836429599772,-0.27301315403779985,0.09599049450093092,0.9572092993111796,0.09134404382818671,-0.2420804345824453,0.9659468561207126,0.36389899382507485,-0.9047070283962114,0.2215461917153964,39.241812317303925,0.2587405479442899,15.921373374096872,125.44115145226829,147.46311688911058,-27.622423397376945,-20.763433571162636,-21.548291753808723,8.36773979237434,0.16269763640944673,-0.11139919977379842,0.0018282061093585979,272.90426834137884,245.2818449440019,29.08836429599772,-0.2312624957103664,0.14753983592253725,0.9616390460530206,0.013109695610314874,-0.25840821780956635,0.9659468561207126,0.06747659008046947,-0.9723677937382905,0.22349000758790474,39.32018885513159,0.258760838926952,16.81622818292238,129.4883807455576,160.4980478640049,332.8105279018223,-13.065916857980653,-26.742153707283222,8.93681009802313,0.18870503113526743,-0.05752544604154418,-0.002651096837977887,289.9864286095625,262.7969565113848,29.14566380021155,-0.27270565669161406,0.09658059454633493,0.9572375951483895,0.08844382156271957,-0.2431766069949201,0.9659414207071876,0.3528149196581114,-0.9086648920366998,0.22327056780187793,39.32018885513159,0.2587608389269519,15.912760832135827,124.89055592321965,147.3275627821406,-27.189472098178285,-20.7721194348122,-21.545950354023603,8.367712979040359,0.16252368327523337,-0.11184144126504889,0.0018271351601462384,272.21811870536027,245.028646607182,29.145663800211555,-0.23079110810201348,0.14800852308149773,0.9616802699006975,0.01001502908738883,-0.2585669564243635,0.9659414207071876,0.05567170317695397,-0.9727925210496058,0.22488968952650906
560039,840,39.230058879815,0.3260369019984016,24.0347717481027,97.95061439408839,152.1300884394284,349.9717795701653,-16.409151473081593,-18.39788496196882,10.673803069085418,0.18125514674907334,-0.12633540607909982,0.012019124351353005,250.0807028335168,240.05248240368212,26.439612017425233,-0.3600498051860733,0.19039454240939338,0.9132984484855914,-0.1110795397942438,-0.3065312338144587,0.9453570428865935,-0.30055581032583545,-0.8642650274776665,0.4033759625441366,39.23005887981495,0.32603690199840085,22.934851993356087,95.1078541398178,137.1552046124917,-10.028220429834727,-21.48616334989905,-12.581582398719092,10.085686091867435,0.13424237155122595,-0.1751864158278823,0.015723479006103006,232.26305875230952,222.2348383224748,26.439612017425226,-0.2857158591612236,0.26499101510837864,0.9209485380495454,-0.1995466642025373,-0.2578394660837527,0.9453570428865937,-0.5584943644022762,-0.7330988488083281,0.3881367321019765,39.40695816494742,0.3285520784311872,24.02187586071978,97.61366743447138,152.0287563599969,350.241268411103,-16.418136408301677,-18.398275967177526,10.674015562059946,0.18122796052374737,-0.12676308647901627,0.012013011088663688,249.64242379446827,239.88369220557126,26.459720155203097,-0.3595309572254625,0.1909346017209236,0.9133900966521451,-0.1142960253339916,-0.30803065891937537,0.9444858557747421,-0.3076135842161337,-0.8617217838084986,0.4034965304876894,39.4069581649474,0.32855207843118706,22.919926809079822,94.77427392076352,137.05105923820742,-9.758731588896886,-21.49484921354858,-12.579240998934033,10.085659278533463,0.13408749042302884,-0.1755859042407693,0.015713094816279385,231.82533315897092,222.06660157007403,26.459720155203094,-0.28505811060102865,0.26534645215865243,0.9210500170497733,-0.2030651836414458,-0.2582847255145352,0.9444858557747422,-0.564455229967801,-0.7285424278619982,0.3880930612197828
575713,854,39.77037708960827,0.1785738487685088,13.45989628940717,107.0650163712279,19.70897486156985,300.0739443867404,25.43879084173214,26.959702985879694,4.021198444894111,-0.14027029014184522,0.08856287939948637,0.031276720197504694,126.77399123279775,66.84793561953813,32.668427785742,0.2191288197080459,0.07849820367047554,0.9725330803596695,-0.10690502993163868,0.14303822579755973,0.9839265117558332,-0.5898048637848974,0.7762838228358367,0.22251662647779372,39.770377089608246,0.17857384876850857,13.492151041146428,113.841771244668,355.53601242765683,-59.92605561326099,32.27119853896028,18.01578085145624,4.912136671630265,-0.10778567642518537,0.12679791745667576,0.028317966320583234,109.37778367232482,49.45172805906383,32.66842778574198,0.2326043927121406,-0.018159264318092675,0.972401890994892,-0.059249976967662245,0.16845788700244838,0.9839265117558332,-0.33376010188840743,0.9181849273485269,0.21340251539618815,39.51247952024626,0.1785212391778216,13.4967182919577,109.1037866686133,19.79453870695516,298.1695927984575,25.429805906512176,26.959311980670915,4.021410937868601,-0.1400819754713874,0.08799116444519496,0.03125769962273591,128.89832537556845,67.06791817402592,32.458662713303596,0.21959938624012684,0.07903699991071425,0.9723832897618476,-0.11210068247013774,0.13893620776210333,0.9839360584725082,-0.6191030202267944,0.7537076392731892,0.22053626651255656,39.51247952024622,0.17852123917782192,13.526366137789848,115.86325532913432,355.6393654584075,-61.830407201544325,32.262512675310845,18.018122251241188,4.912109858296256,-0.10777833940464707,0.12619602547981398,0.028299140735502055,111.50262078754179,49.67221358599746,32.45866271330355,0.2332157338313398,-0.01778380006805501,0.972262391512008,-0.065435850696239,0.16609630423716423,0.9839360584725081,-0.36844154331721335,0.9055137079490222,0.21046556458110463
576257,858,39.29895668367852,0.2888017141033398,29.08183167835448,75.42486315813632,185.2374012983517,0.4354545556025604,-4.450232089222688,-24.233546589444167,13.195949360220697,0.21166841238819684,-0.025981483737398517,0.025136260502004543,260.662264456488,261.0977190120906,27.94935063095926,-0.48402900356885525,-0.04436868838325623,0.873926394609575,-0.04685915780909061,-0.2849748223939266,0.9573889334700776,-0.1733917155075918,-0.8652421209622999,0.47041618287001463,39.29895668367852,0.2888017141033401,28.782043487622673,72.22055177886412,170.4596080919713,0.4354545556005649,-11.921881191741035,-21.757132928732418,12.872386765464139,0.19316552255754152,-0.08870779762354936,0.030469549192799546,242.6801598708354,243.11561442643597,27.94935063095925,-0.47481968066801405,0.07980171309481462,0.8764576187343334,-0.13254763571366499,-0.25658829734760885,0.9573889334700776,-0.4394589322065663,-0.7724435931444076,0.4584830883620701,39.31420430950087,0.2890516785817225,29.06677754273111,75.09365171783904,185.103387928477,0.6624016349489015,-4.459217024442801,-24.23393759465287,13.19616185319522,0.21162084181613813,-0.026476425876756624,0.02512135554115946,260.19703964631606,260.85944128126494,27.950367561734854,-0.4839027311204143,-0.04321600968446812,0.8740540734537858,-0.04921405814884027,-0.2848312647365699,0.9573134946866093,-0.18108668738156752,-0.8641740331784333,0.4694793414339873,39.31420430950088,0.28905167858172254,28.76337259311665,71.88908803861682,170.32627178876174,0.6624016349483497,-11.930567055390588,-21.754791528947344,12.87235995213016,0.1929711484674591,-0.08916524791923278,0.030449281519525237,242.21535982737856,242.8777614623269,27.95036756173486,-0.4743511099473449,0.08085847873690724,0.8766144710806884,-0.13474129125523504,-0.2557257463021339,0.9573134946866093,-0.44644330685841815,-0.7691009315950927,0.4573533981298058
578834,865,39.40308820862105,0.1858312467607516,8.848565680735135,233.8307565670181,331.7432876677412,20.82155474065059,-18.15663398394924,-26.836475516801094,-5.018111468185627,0.14759143036165526,-0.11751123209215497,-0.005236151872674594,205.5740442347593,226.39559897540988,32.08076320058913,0.13549310805176512,-0.07282353054185062,0.9880983509094087,-0.16762502029283743,-0.08021910523361127,0.9825816748379468,-0.8974795606691455,-0.4232141580597873,-0.12417815668974555,39.40308820862108,0.1858312467607518,10.041039083538585,240.15089313245775,307.92594772357353,20.821554740650356,-25.26719739382198,-20.09807928522779,-5.716394266006713,0.1053034305777547,-0.15660545408091855,-0.00233592189823774,188.07684085603125,208.8983955966816,32.080763200589146,0.10716508111434331,-0.1375310684823429,0.9846831219188543,-0.18398789920627784,-0.026109485217368385,0.9825816748379468,-0.9796013006893669,-0.13233556795489704,-0.15122363949381462,39.57534160678001,0.1896183605093185,8.845034180383282,233.8838845464044,331.6182907971774,20.68914319886424,-18.165618919169365,-26.83686652200977,-5.017898975211103,0.14758680708222555,-0.11794482685274268,-0.005230699868493489,205.50217534358183,226.19131854244606,32.071130214706166,0.1352803309188964,-0.07308999986444796,0.9881078301411688,-0.17114364236959184,-0.08163930621159833,0.9818578702428158,-0.898002418497374,-0.4220933147742783,-0.12421308302964292,39.57534160678,0.18961836050931835,10.039642976140726,240.1906218375634,307.8141246608475,20.689143198864215,-25.275883257471538,-20.09573788544269,-5.71642107934069,0.1051679456371907,-0.15701739629509642,-0.002334201860446173,188.0047464984109,208.6938896972751,32.071130214706166,0.10688175000485069,-0.1377210034708031,0.9846873700413221,-0.18777082083275862,-0.026405330636708222,0.9818578702428158,-0.9797601290869316,-0.13110914325589434,-0.151262956490558
578992,869,39.2854032395796,0.2772542983425181,6.188588055979288,119.0131856664586,129.434676393014,1.000987770300267,-9.467807658637117,-26.64240728573407,2.6279511999724448,0.19866221468938755,-0.07331726465918105,-0.011587787167913172,248.44786205947258,249.44884982977285,28.39335632928707,-0.06847520458374382,0.08326028953815501,0.9941724551320243,-0.10184873853155078,-0.2578696965696703,0.9607965726680118,-0.36341166140921555,-0.9268465556882266,0.09427314867269834,39.28540323957961,0.27725429834251825,4.7595917319339565,111.91407691401004,118.91966840463338,1.0009877703008945,-17.139473579757343,-22.53776830495564,2.1565761267010446,0.16748977897304612,-0.12990335598415356,-0.006976080379410697,230.83374531864342,231.83473308894432,28.39335632928707,-0.040125308416655195,0.07262793313038642,0.9965516258346461,-0.17510626697432718,-0.21495985954525967,0.9607965726680117,-0.6287725120425377,-0.7737695152055595,0.07697964301210045,39.37956872487533,0.2789436094232249,6.191111958913963,118.5871734914263,129.3749591062261,1.250601757847846,-9.476792593857184,-26.64279829094277,2.6281636929469667,0.19862336145951479,-0.07378048021637514,-0.011578078010366361,247.96213259765238,249.21273435550023,28.39488968722866,-0.0684161706099452,0.08336546642777888,0.9941677054734527,-0.10466502514930914,-0.2585628932166236,0.9603074834457677,-0.3712604919970622,-0.9236871676001213,0.09469774808813952,39.379568724875284,0.27894360942322427,4.761301760706063,111.50916367029019,118.8389217889945,1.2506017578460853,-17.148159443406854,-22.535426905170585,2.1565493133670666,0.167312613928058,-0.1303331951526586,-0.006971250297452959,230.34808545928468,231.59868721713076,28.394889687228655,-0.040037260817318204,0.07271046332313479,0.9965491489483,-0.17800001889088327,-0.21476855103320291,0.9603074834457679,-0.6353095167163899,-0.7683867741391532,0.07722424034986065
578993,870,39.61881301345461,0.0722302986148217,19.34435108719881,317.1814076782323,146.2885408784609,214.1796197543959,29.14617886286144,-30.14312128156143,3.123736173665934,0.10008477987711357,0.09972555195165392,-0.04862385670934262,103.46994855669323,317.6495683110891,36.757134318728006,-0.2755437667488454,0.1838444791650757,0.943544826749837,-0.01682498822875756,0.07024340402549185,0.9973879806584867,-0.25423187763886484,0.9405732287930284,-0.22514029774803698,39.61881301345458,0.07223029861482189,18.138246972147527,314.00906634838236,131.7105556778185,-145.82038024643356,18.58589519305484,-37.539323406565,3.6371594182278715,0.12682588128740327,0.06483346901791674,-0.045146931758197076,85.71962202620085,299.8992417797673,36.757134318727964,-0.20713625468410932,0.23239842016550352,0.9503081322918466,0.0053910685061683335,0.07202883046633578,0.9973879806584867,0.04795684235023534,0.973430587072904,-0.2239040719207591,39.43164858056924,0.07511206833832974,19.3896876550291,320.7671259013447,146.2505243071556,210.313399955928,29.13719392778745,-30.143512286623235,3.123948666569354,0.10011199770378822,0.0991463552697339,-0.04858932430228882,107.0176502085003,317.3310501644283,36.46985589769252,-0.27604241617532477,0.18444199185822588,0.9432824264828954,-0.021982769968576312,0.07182325970443403,0.9971750985608987,-0.3125956387476316,0.9263876671065245,-0.20997584829901572,39.431648580569224,0.07511206833832973,18.182817739473023,317.6049304876413,131.66213229297423,-149.6866000445683,18.577209329590843,-37.536982006684035,3.6371326048278765,0.1266759710261883,0.06427310841882385,-0.04511651784460984,89.26706278061556,299.58046273604725,36.469855897692504,-0.20743111443125473,0.23312560533628152,0.9500656739943824,0.0009608199684346213,0.07510592276944723,0.9971750985608987,-0.012360540013160504,0.9775380493355532,-0.21039624319798256
579246,874,39.20678562511353,0.2671237268952324,19.24041983491481,141.735663867315,131.145253808749,351.640674374888,-5.06488791013763,-27.450839118371153,7.6353089538472165,0.20065359499288052,-0.03728773264031405,-0.04417534801914143,272.880917676064,264.521592050952,28.73372292935078,-0.21682276030580735,0.2481526672140796,0.9441441332592756,0.013425722500823044,-0.266786123038155,0.9636622408964675,0.07630886012898652,-0.975976301333211,0.20407649816125378,39.206785625113554,0.26712372689523245,17.80411233559735,139.67148346020878,115.52031416775435,-8.359325625111701,-13.325903995136642,-24.63845217487046,7.270939265643483,0.18116474547572128,-0.0961585413551852,-0.039199126046316236,255.19179762796313,246.83247200285143,28.733722929350794,-0.13173248032722454,0.27593107557364366,0.9521074493772274,-0.06827259447802558,-0.25825169566459344,0.9636622408964675,-0.2276136380971593,-0.9534333777600503,0.1978808376908605,39.24132242074315,0.2673349215808268,19.25133801564582,141.2176375382407,131.0798321174286,351.9629017378867,-5.073872845357709,-27.45123012357984,7.63552144682175,0.20061340704982478,-0.037775096820086236,-0.044143797203831076,272.29746965566926,264.26037139355594,28.750746568665843,-0.21665749199102224,0.24853569283132004,0.9440813209427543,0.010716832841010045,-0.26712002880818325,0.9636036735626183,0.06648965803955004,-0.9761806008616423,0.20652011978300525,39.24132242074312,0.26733492158082595,17.814247954714848,139.15999903893592,115.44856879905363,-8.037098262113089,-13.334589858786162,-24.636110775085385,7.270912452309515,0.18097841484943528,-0.09661099782529756,-0.03917269862116461,254.60856783798954,246.57146957587645,28.75074656866585,-0.13145922966863596,0.2762478947825756,0.9520533449146239,-0.07095388193105255,-0.2577469823985154,0.9636036735626186,-0.23709958258100094,-0.9506619820041617,0.20006394955572093
591486,888,39.77068968621027,0.2871664562044492,10.3650761750932,285.0919507375125,129.4104878240417,356.5843753209348,18.616928733559444,20.830012005449706,-5.049651187546384,-0.16138823226130994,0.13860949673699097,0.006711139290701596,54.502438561554186,51.08681388248897,28.34988166821443,-0.11422590066943539,0.13900900117937612,0.9836813209608936,0.16674845957033696,0.23379376552838516,0.9578806953013398,0.5684950737572502,0.8041372951678791,-0.1737140225595674,39.770689686210204,0.2871664562044485,8.918688018642808,281.3033792438632,115.5635058116023,-3.4156246791073013,24.169466488451683,14.233171516278022,-4.385445357694209,-0.11212046721308976,0.1808857759159525,0.00362358826219297,36.8668850554655,33.4512603763582,28.34988166821441,-0.06689831812904848,0.1398560967772698,0.987909351725011,0.22974222410807177,0.17228779420173085,0.95788069530134,0.7893360447307778,0.5948418832775588,-0.1520254662468716,39.38195302963535,0.2804170698880235,10.36546781350045,285.50196806726,129.4771715833845,356.276366288121,18.60794379835161,20.829621000230613,-5.049438694572372,-0.1611857633904638,0.1380042382753826,0.006708583679752164,54.97913965064447,51.25550593876545,28.338581154597232,-0.11439188387263419,0.1388811550923406,0.9836800911192047,0.16092424409607842,0.22964564168886467,0.9598782562988992,0.5617359207806332,0.8089448963772239,-0.17338082342051747,39.38195302963534,0.28041706988802373,8.919872660377374,281.7028758273849,115.64055376849787,-3.7236337119395246,24.160780624810705,14.235512916049478,-4.385472171028464,-0.11211022481955006,0.18024763180909914,0.0036213139666119902,37.34342959588275,33.619795883943226,28.338581154597218,-0.06709516651484222,0.13978442394389337,0.9879061460751317,0.22293547384637616,0.17009852317253232,0.9598782562988992,0.7843376333323155,0.6014666728692629,-0.15182989944751135
594994,900,39.72004622624893,0.1968400694182699,1.585175320649779,339.2291233705022,238.3988834284072,147.4422167214728,45.04906035338118,12.134572031843767,0.8858452198891043,-0.022584932608831043,0.13102734304124083,-0.0024323596707306206,217.62800679890938,5.0702235203821715,31.901549569777202,-0.014495480857171115,-0.023561039020992543,0.9996173060101404,-0.15589562308780136,-0.12017723424449193,0.9804356108747839,-0.7918757120273554,-0.6106034859993671,-0.009810177704273879,39.720046226248904,0.19684006941827037,2.876839522758197,314.68276810117766,245.3463357738854,147.44221672147273,46.568006062399355,-2.040577678656783,2.1696204695498156,0.01811060700419605,0.13172860423826455,-0.0019341453767686744,200.02910387506302,347.47132059653575,31.901549569777163,-0.020935543491374917,-0.04561426892529218,0.9987397266000446,-0.18493493942286474,-0.06741721671243076,0.9804356108747838,-0.9387043796752468,-0.3428712029128745,-0.035685092007565866,39.45375449576941,0.2036948545821866,1.588000497974316,338.3104837855813,238.3282406701618,148.4528663058361,45.04007541816107,12.134181026635078,0.8860577128636287,-0.022475495989871613,0.1304271664820375,-0.0024287868949456905,216.63872445574316,5.091590761579255,31.417227711032368,-0.014550399074215965,-0.02358509795408968,0.9996159407698925,-0.1634476685931598,-0.12155843621369421,0.9790344254502708,-0.8022935214661265,-0.5968418639713348,-0.010241817451253537,39.45375449576941,0.20369485458218684,2.878596518603952,313.7522582159204,245.28751622474397,148.45286630583587,46.55932019874981,-2.0382362788717003,2.1695936562158384,0.018033562639182446,0.13112340749202392,-0.0019326946277808375,199.03977444066436,347.49264074650023,31.41722771103236,-0.020995163770763707,-0.045620574383809225,0.9987381870596168,-0.19255118573877836,-0.06645024193973051,0.9790344254502708,-0.9444643597934712,-0.32660549712162995,-0.036275643755025316
612029,918,39.41463354519172,0.2499548042908079,4.817890238480907,60.62693720409928,186.7912518009084,2.358519812058842,-9.407940608781475,-27.951409763755894,2.245634632714075,0.19391134070320845,-0.06773543266784139,0.007601880832752077,247.4181890050077,249.77670881706652,29.56275653120941,-0.08339968530052717,-0.00993189568651345,0.9964666828047214,-0.09598320044919283,-0.23079131140401746,0.96825750490866,-0.3843663324398559,-0.9202746825567771,0.07319174223747744,39.41463354519169,0.24995480429080774,4.780226241836477,41.67637268327738,188.09420843203924,2.3585198120597344,-17.467161038209984,-23.803703407947207,1.7650831467991077,0.1641193916663743,-0.12314715892607622,0.012127984651448693,229.77058111531662,232.12910092737636,29.562756531209395,-0.08250375018779503,-0.0117335140385658,0.9965216785666314,-0.16143325500684833,-0.1908316230763389,0.9682575049086601,-0.6461754254498561,-0.7611747402318813,0.05541059806233479,39.50340553651926,0.2516636445532409,4.813393613289856,60.21581950296655,186.6632654896613,2.651490721468095,-9.416925544000637,-27.95180076896493,2.245847125688638,0.19387567172404452,-0.06820238942139087,0.007598728206534422,246.87908499262787,249.53057571409596,29.561834526934145,-0.08334398727640631,-0.009736499997668452,0.9964732712685602,-0.09882148260645435,-0.23144957240246142,0.9678147601737536,-0.3930280215368217,-0.9166380371411329,0.07282639049755851,39.50340553651928,0.251663644553241,4.772482280574592,41.24184379439463,187.98972225470484,2.6514907214702585,-17.475846901858734,-23.801362008162744,1.7650563334651914,0.1639444856074613,-0.12358152640354131,0.012120010324625674,229.23156604909948,231.88305677056974,29.561834526934163,-0.08239162970686392,-0.011564317420271643,0.9965329326805262,-0.16433722874523807,-0.1905987020893776,0.9678147601737535,-0.6533211439736112,-0.7550914920226321,0.054848167809391224
612045,919,39.79568580837426,0.1681786212794273,5.291764636947019,49.54653132256051,163.450403813229,151.3388267724693,44.83127107655085,9.534794843582906,-2.029332102598545,-0.019157004772681188,0.13404409772426265,-0.011395714679934086,212.9969351357895,4.335761908258803,33.1029022362526,-0.08840680815846479,0.026270552021313957,0.9957379647114636,-0.1410513593078715,-0.09158909701951849,0.985756537561152,-0.8377759122496178,-0.5414853993512294,0.07017893661035647,39.79568580837427,0.16817862127942707,4.595128653747469,33.00860535911625,162.34558778513096,151.33882677246913,45.65574948728565,-4.4531137383613295,-0.7718060756892704,0.02253504033744768,0.13356893039524712,-0.010778964221942137,195.3541931442472,346.69301991671637,33.102902236252625,-0.07634104634835906,0.024296624830737367,0.9967856934488336,-0.1621758895305645,-0.04453121950294089,0.9857565375611521,-0.9637763559091459,-0.2631166842533912,0.04364339879052196,39.52229648895277,0.1752961755951833,5.307035190395558,48.44094439066872,163.5397018862081,152.3567763748393,44.82228614133074,9.53440383837424,-2.029119609624021,-0.019049865706060196,0.13344189919957236,-0.01138613425805934,211.98064627687683,4.3374226517161105,32.594189063700405,-0.0887021505065034,0.02620793043769604,0.995713348749375,-0.14869095740738195,-0.09284259993975534,0.9845157443239304,-0.8473181758178081,-0.5265566510432553,0.06920984157541264,39.52229648895275,0.1752961755951833,4.612113771227174,31.947645539095685,162.39002040502825,152.35677637483982,45.64706362363611,-4.450772338576227,-0.7718328890232478,0.022455030517022835,0.13296250017914724,-0.010771585275164995,194.33766594412393,346.69444231896375,32.59418906370039,-0.07664150789664599,0.02432681167654616,0.9967619001050262,-0.16983625123834642,-0.043409641136533304,0.9845157443239304,-0.9683347746272025,-0.24600285797225124,0.04254830334066321
612060,924,39.21043152194831,0.1859836762115122,8.799208040067798,35.02769805295015,194.9252597193928,11.97590555909208,-12.319189283338078,-29.443606442884473,3.9127813239084617,0.17306167093298108,-0.07992407560196937,0.01885409884858457,229.95295777234296,241.92886333143502,31.9179313216566,-0.1478112969054744,-0.0393993317569315,0.9882304959695531,-0.11966493763131329,-0.14237355976038008,0.982552834295872,-0.645156252514272,-0.7589889678952173,0.08780180211757435,39.21043152194832,0.18598367621151235,8.866273852079836,24.74210283989983,187.50714914398952,11.97590556336074,-20.737870007834257,-24.346770019968556,3.3427204166419946,0.1402607809455611,-0.128468195723721,0.022726919421029727,212.24925198388934,224.2251575472501,31.91793132165661,-0.1528077096276622,-0.02013691416425858,0.9880507621404324,-0.15729286500065248,-0.09924153584580991,0.982552834295872,-0.8463881903876157,-0.528645172743113,0.06450823596860737,39.32304503697971,0.1886419670476616,8.785855845545527,34.63289462990866,194.8006625844351,12.24741674658871,-12.328174217533086,-29.443997448577946,3.9129938169944696,0.17303997634807866,-0.08038286297028163,0.01884340447602888,229.43355721434375,241.68097396093245,31.90506847090007,-0.14767396646130587,-0.03901897190794713,0.9882661177338986,-0.12267941964282168,-0.1433023088708326,0.9820459298161105,-0.6520329415437869,-0.7532050291028518,0.08680568688702875,39.32304503697969,0.18864196704766156,8.849732956367948,24.329096171412864,187.4009528778882,12.2474167522167,-20.746555870656415,-24.344428620955274,3.342693603442347,0.14010186601077926,-0.12889899679722858,0.022711841207961,211.73004904930104,223.97746580151775,31.90506847090006,-0.1525618969507267,-0.019816910916111076,0.9880952168898192,-0.16044667208303706,-0.0992101665611413,0.9820459298161105,-0.8511671649665217,-0.5210541515996029,0.06338003142687999
612088,932,39.18527766178997,0.2759870551700839,9.300729670921562,163.5915150827361,339.090424926816,45.86856279607992,-26.757530343425934,-19.95220021044743,-4.616306077284038,0.07295787630642467,-0.1675014128259057,-0.02136082116356838,142.68194000955214,188.55050280563205,28.370648273890488,0.15097311642841918,-0.05767993812982259,0.9868536582762567,-0.21948765587916816,0.1673141462582372,0.9611613524162034,-0.796607800842023,0.60277004488721,0.045653966139938114,39.1852776617899,0.2759870551700834,10.356643612675962,170.48051670590837,314.7196394327429,45.86856279647782,-31.395459811175936,-10.937282642959802,-5.483334455343251,0.019532592840971984,-0.18171522627846068,-0.020830603689682953,125.20015613865127,171.06871893512908,28.370648273890453,0.12649644496790047,-0.12774049088274694,0.9837077901488418,-0.15908847201995382,0.2255209806022735,0.9611613524162035,-0.57834910988262,0.8152474062773023,0.029731694470925562,39.42169596102965,0.2787629693403779,9.287245433293057,164.4899590559081,338.9723847073785,45.00039318361063,-26.766515278640014,-19.952591215670466,-4.616093584311222,0.07300327581190544,-0.16790150190543032,-0.021344561676429903,143.46234376328664,188.46273694689728,28.43238693849944,0.1506371759719943,-0.05790751166971204,0.9868916664494662,-0.22397649947134038,0.16596180512403794,0.9603599361304779,-0.8047235055884798,0.5920791338800153,0.043155286782487125,39.42169596102963,0.27876296934037814,10.345542605317773,171.37494002479505,314.60530871095034,45.00039318402368,-31.404145674824022,-10.934941243190218,-5.483361268678897,0.019454595396777515,-0.18211033878715321,-0.02081648767931894,125.98024873574536,170.98064191976903,28.432386938499416,0.12610745378071206,-0.12785695656996532,0.9837426028985486,-0.16377500886734217,0.22558045027432364,0.9603599361304779,-0.5892421513748832,0.8075075000199878,0.026931848331824087
612102,937,39.64527311010355,0.1323189817904432,11.45533593499061,96.4631070275611,137.3976322764806,156.6850609304458,35.57283875308117,25.38808752281054,-8.66630507932036,-0.07694960774007512,0.11703195385473322,-0.006901114087670185,233.86073930404172,30.5458002344875,34.39945093937061,-0.14618626189666276,0.13443630837808512,0.9800798211484373,-0.07803510318398384,-0.10685895195595285,0.9912071867465149,-0.5763514779066479,-0.793016519463057,0.19734176895305827,39.645273110103545,0.13231898179044344,10.115694101050668,91.9900172397474,124.20971007500899,156.68506093364866,41.80312738311629,13.456326804688013,-7.517479541897245,-0.037797638146980485,0.13480932455183486,-0.007945457472471152,216.1997273147564,12.884788248405016,34.399450939370595,-0.09874691161713806,0.1452487121987543,0.9844551076868262,-0.10677653877486287,-0.07814783240320813,0.9912071867465149,-0.7941154786609459,-0.5818673937194823,0.17553046082430757,39.38304569651994,0.1387333075446638,11.46167975965666,94.85981089351695,137.5180394099906,158.3306700816263,35.56385381806983,25.38769651728022,-8.66609258632719,-0.0768037334549405,0.11644115763937679,-0.0068945461507407164,232.37785030350756,30.708520385133852,33.91930550585909,-0.14654848478254756,0.1342020868757392,0.9800578255828255,-0.08468994260771452,-0.1098842310952044,0.9903297780929935,-0.5970317160958367,-0.7773994294719193,0.19799812381028992,39.38304569651997,0.1387333075446634,10.123886749307685,90.37389649591368,124.34260953940957,158.3306700842375,41.794441519568046,13.458668204103423,-7.517506355209778,-0.03783721027516154,0.13420206296785442,-0.007939977670351959,214.71650603532325,13.047176119560731,33.919305505859136,-0.09916296560865528,0.1451355009234587,0.984429983606449,-0.11403600499812697,-0.07901088650527417,0.9903297780929936,-0.8091244446196184,-0.5607328610853544,0.17577340987199078
612158,948,39.07923379044403,0.16015802990282,17.36813041600638,350.5324616908426,207.6660478708551,39.7398882059497,-11.453002583689644,-32.01981921147916,7.206580615190992,0.15891556181357508,-0.06992522659490727,0.04244850501773964,198.19850956169762,237.9383977676473,32.8203806964548,-0.264381003899698,-0.13860334338142968,0.9544065161033203,-0.1521469534331105,-0.0500189874285305,0.987091386578592,-0.9464979741505185,-0.3189523842954117,-0.04910154255455175,39.079233790444,0.16015802990282002,17.710764646665016,345.41699598930137,194.96163879072054,39.73988820594985,-20.781124397428723,-27.0642862782806,6.636578313176388,0.1291498893162419,-0.1146632478735091,0.04602406279127333,180.3786347800219,220.11852298597177,32.82038069645478,-0.29389891640697213,-0.07853911340265442,0.9526043431565555,-0.16015453276389383,-0.0010583843968303597,0.9870913865785921,-0.9968972948193956,-0.01813720749608877,-0.07659520406666845,39.17837597990552,0.1631025032087454,17.335465226789,350.5627710708598,207.5498358962519,39.5600765191062,-11.461987518909748,-32.02021021668784,7.206793108165525,0.15890334858886626,-0.07039071564949101,0.04242199660729738,198.11260696711167,237.67268348621786,32.78828478592954,-0.26417912050041426,-0.13781513001390816,0.9545765460301636,-0.15502034187576763,-0.05070621419194028,0.9866091290105932,-0.9470025257771594,-0.3174889820998599,-0.048856549375446506,39.17837597990551,0.16310250320874564,17.675136006296444,345.4354542589096,194.85764765344035,39.560076519106154,-20.789810261078266,-27.061944878495517,6.63655149984242,0.12899842140005685,-0.11510330165203542,0.0459933697791942,180.29310191234993,219.8531784314561,32.78828478592953,-0.2934683634498069,-0.07785365312931469,0.9527933292947177,-0.16310036907455883,-0.0008343624521623703,0.9866091290105931,-0.9969429508879011,-0.016589756861934812,-0.07635137616432422
612208,956,39.27459874837572,0.302177084595017,12.90714773304414,232.3011393257945,219.2873179324251,13.45039875892057,-12.519560647552888,24.352813512424188,-6.1360625270523474,-0.19799491892302515,-0.07997890788580868,-0.014544943503786337,91.58845725821959,105.03885601714016,27.40671499995244,-0.17288532781490581,-0.14144110950560612,0.9747333358248068,-0.008376426702943158,0.3020609639295258,0.9532518080474099,-0.01506120392947885,0.9841423917619236,-0.17673967543626196,39.27459874837575,0.30217708459501746,13.5691493510102,226.03773118421228,207.8023349567082,13.450398758920503,-4.40749076534618,26.997005387304437,-6.259865284956562,-0.21242354893891774,-0.016432954300949876,-0.020404971860024927,73.8400661409205,87.290464899841,27.406714999952445,-0.20753480651447961,-0.10943149945428515,0.9720874708647285,0.08410178049755869,0.29023762845552054,0.9532518080474097,0.2876905828790817,0.9427164947116227,-0.1688778822739237,39.26321011701077,0.3012617961679147,12.90990652212445,232.6653986610293,219.4091848898901,13.23094093361655,-12.528545582772988,24.35242250721547,-6.135850034077819,-0.19776791459450715,-0.08043765850829487,-0.014533252326261509,92.07458355091939,105.30552448453594,27.434704913841866,-0.1726203566191067,-0.141838308548308,0.9747225793572484,-0.01090579822494635,0.30106433431310814,0.953541467462051,-0.023440931673350762,0.9838159928236239,-0.1776418165487852,39.26321011701073,0.30126179616791404,13.574859999100255,226.40992232897375,207.9163747504568,13.230940933616532,-4.416176628995729,26.999346787089486,-6.259892098290535,-0.21234607888169832,-0.016938846466829444,-0.02039114112738325,74.32629707943056,87.5572380130471,27.434704913841863,-0.20740219833950033,-0.10988971396040795,0.9720640816785909,0.08138845612740064,0.290059630144417,0.9535414674620513,0.279631651514296,0.9449366635831546,-0.17000247435764942
612218,960,39.61015990386004,0.1126950427659093,2.24862599853277,91.01394907796337,139.2030444258023,46.53488316453091,10.82234506879664,-35.20311356839528,0.7687788693173262,0.16664545329635883,0.035326271362799797,-0.005325499028516118,230.21699350376565,276.7518766682966,35.14629123953003,-0.029702709231891923,0.02563593679313935,0.9992299774371383,-0.0721115072818057,-0.08660313609538751,0.993629622815257,-0.6393787652773794,-0.7678905028641403,0.039229709703637525,39.61015990386003,0.11269504276590925,1.2257655224364565,48.5427186540392,164.07566233285974,46.53488316453078,-0.3383315730756923,-36.827729988653616,0.7597461923793254,0.16961399473417385,-0.01666373439435058,-0.0006528698185630545,212.61838098689893,259.1532641514297,35.14629123953002,-0.020571090696518367,0.0058692775442582105,0.9997711647215397,-0.09492072554465497,-0.06074725118132015,0.993629622815257,-0.8422324570816045,-0.5388761042309947,0.016032234002449047,39.53691130836452,0.1139055921864232,2.251705210283168,89.35223752496873,139.1524195936796,47.90954195985595,10.81336013357658,-35.20350457360395,0.7689913622918517,0.16662805914862577,0.034790237991997375,-0.005319987139828469,228.50465711864834,276.4141990785043,35.03343601256317,-0.02972066869128476,0.025697294255070113,0.9992278673658532,-0.07546919454535223,-0.08531637947085853,0.9934915782575412,-0.6620541890538626,-0.7484255333528093,0.039287043434130496,39.53691130836448,0.11390559218642293,1.226698245076424,46.99600596896832,163.9100397393676,47.90954195985609,-0.3470174367251866,-36.82538858886853,0.7597193790453508,0.16943540594366865,-0.01716947188096936,-0.0006522778384278781,210.9060457083359,258.815587668192,35.03343601256314,-0.020569676502298313,0.00593322761389634,0.9997708163467628,-0.09773221840638144,-0.05850553321444945,0.9934915782575413,-0.8579642626835318,-0.5134707520655155,0.015656012620637146
612241,966,39.71312383747163,0.110862341935244,6.708536177418281,173.4475887200247,129.3690830990448,71.36734832825327,34.43837988681684,17.240747150472195,-4.417902828699049,-0.057090582185398225,0.15203455138756072,-0.006151996813352962,302.8166718190695,14.18402014732277,35.31043392328516,-0.0740996746452769,0.09030973107604494,0.9931532563962304,0.06008215372722587,-0.09316970356754903,0.9938357717151426,0.5425567748901393,-0.8399133562008295,0.013330419958475559,39.713123837471606,0.1108623419352438,5.275090914695788,167.06196196855106,118.13802035148639,71.3673483282533,38.14484633573248,6.032293860278772,-3.3682882515681323,-0.008324725592190175,0.16217778183646503,-0.006383766685487341,285.19998232003746,356.56733064829075,35.310433923285146,-0.04335755248727217,0.08107195461138768,0.9957647617875431,0.029066873361772917,-0.10698399755261331,0.9938357717151426,0.26302506813322013,-0.9645693796276211,0.02058459176911494,39.3808168692057,0.1089834348456424,6.711579358706881,169.3494702012753,129.4482707119756,75.46865508499688,34.429394951596706,17.240356145263547,-4.417690335724525,-0.05695801831882448,0.15142029484681585,-0.006145930968453562,298.7977409132509,14.266395998247788,35.08896017977245,-0.07425793570236933,0.0902479660909967,0.9931470503413183,0.05249940457556096,-0.09550498201646838,0.9940435659110951,0.48269714988914547,-0.8755209323711556,0.021599964556413782,39.38081686920566,0.10898343484564232,5.279145628526898,162.9466053160212,118.23431180572454,75.46865508499711,38.13616047208292,6.034635260063899,-3.36831506490211,-0.008384051801185158,0.16155217667367194,-0.006379333598967515,281.1809171217457,356.64957220674285,35.088960179772414,-0.04352707792294437,0.08106105720236811,0.9957582530377161,0.021132718955827516,-0.10691490663274403,0.9940435659110951,0.19500356654967593,-0.9804313081811389,0.026982567912021076
612332,971,39.38590688682944,0.2416157941061982,5.666240664928686,154.6998355506489,1.572919041825895,317.4443896151685,-0.22578839882085866,33.588500789942856,3.3319505588066565,-0.1801719437660747,-0.03728308356850946,-0.0032070767858961985,156.2727545924748,113.71714420764329,29.86964971777536,0.09869623160320722,0.0027101506270987927,0.9951139175747189,-0.22119233836753116,0.09722212407200519,0.9703719946692769,-0.9154140376701886,0.40029581734184977,0.0421947657296839,39.38590688682938,0.24161579410619805,6.286909368897791,168.69410841307376,330.071390072197,-42.55561038485063,9.835494596662794,32.08757423174971,3.604287197815208,-0.18285949232498738,0.018884373517503314,-0.00824799889864085,138.76549848527077,96.20988810042013,29.869649717775328,0.09490417759943422,-0.05463539930458117,0.9939860010166159,-0.18169945832617557,0.15925921890284114,0.970371994669277,-0.7526063732114784,0.6581206181321133,0.021468558192622906,39.32173563849289,0.2428339151301081,5.666991733771232,155.3097299083066,1.743449069223514,316.9727877925794,-0.23477333403792144,33.588109784734826,3.3321630517812335,-0.1799568852019387,-0.03777045086428528,-0.0032029847596457767,157.0531789775301,114.02596677010956,29.77308462368656,0.0987007667465398,0.0030042856861231954,0.9951126232297334,-0.22361776644330533,0.09467526006472807,0.9700678788943501,-0.9208050016561254,0.3878360206452168,0.04124766678426499,39.32173563849286,0.242833915130108,6.283563423518669,169.3237141047869,330.22228241551943,-43.02721220744351,9.826808733016346,32.0899156315345,3.6042603844813694,-0.18280183743618364,0.018354810080539977,-0.008242316319339742,139.5459965203063,96.51878431286278,29.773084623686543,0.0949973521952871,-0.0543564453721096,0.9939923942980617,-0.1847789047289291,0.15755972424637535,0.9700678788943501,-0.7614798320909448,0.6478713816393101,0.02027654239553316
612351,975,39.49829098098564,0.1912018828023472,5.386569940069747,174.2299204288867,79.14034496557683,12.04352132021623,0.7271200096195791,-32.183877965341416,-0.6390754309858087,0.19093849123243334,-0.004903429324477911,-0.017768535837156624,253.3702653944635,265.41378671467976,31.946143377946214,0.01768641157343414,0.09219380404277755,0.99558399612578,-0.054719238262111204,-0.1832047077756923,0.9815507322664669,-0.285749646611998,-0.9582578284776875,0.009437882301927583,39.49829098098563,0.19120188280234718,4.068293752827877,184.8880444566891,50.93520166420612,12.043521325865223,-9.007811032320207,-30.900010797091014,-0.8875781365809545,0.18095832867024367,-0.062352408797358136,-0.0127879756448666,235.82324612089522,247.86676744676043,31.946143377946207,0.04470975772600403,0.05508445743637828,0.9974801953487707,-0.10740723077803654,-0.15818295345502972,0.9815507322664669,-0.5619144755081201,-0.8271732453620384,-0.006045194096759958,39.48621495521127,0.1915692833657471,5.380987250578926,173.3950996969026,79.1156437899691,12.60455473824345,0.718135069726161,-32.1842689704301,-0.6388629375763898,0.19090481479202748,-0.005412498953198508,-0.01775468406266118,252.51074348687172,265.11529822511517,31.921869053415598,0.017707838756309047,0.092090909203259,0.9955931382290145,-0.05757173502945757,-0.18271367123169474,0.9814790928342458,-0.3000291956940694,-0.9538690331209925,0.010786537164116278,39.48621495521122,0.1915692833657464,4.063236650401053,184.07521430899936,50.88850134235961,12.604554738243264,-9.016496900398796,-30.897669395779833,-0.8876049496019387,0.18077213638724018,-0.06282752368976932,-0.012779250168382945,234.96371565135897,247.56827038960222,31.921869053415584,0.04469910178621577,0.054979684640107926,0.9974864533297582,-0.10997898210430854,-0.1568547539112724,0.981479092834246,-0.5742336757014375,-0.8186759608774303,-0.005035550797332693
612352,976,39.33599081123459,0.08578732748842002,1.805307107704667,337.0490440409743,225.644316117283,40.23320066524219,-12.730547314879548,-34.62394849809982,0.47604545336090615,0.15545220755743364,-0.06780925919597602,0.004997543397921332,202.6933601582573,242.92656082349947,35.96146128542973,-0.02202431602959826,-0.022525317273165663,0.9995036466092415,-0.0791459132100127,-0.03309667626452183,0.9963134719767642,-0.922444414223226,-0.38593444199866583,-0.01228450843736903,39.335990811234595,0.08578732748842033,2.9038354022697552,308.3706464240802,236.71838969837,40.23320066524219,-22.599445863526835,-29.160843800389337,-0.14662646396794754,0.1275203016365197,-0.11159993246535818,0.008513968020795085,185.08903612245012,225.3222367876923,35.96146128542972,-0.027799791710198158,-0.04235075410498188,0.9987159682350177,-0.08544915878571621,-0.007609653107661163,0.9963134719767642,-0.9952164765229525,-0.08925612590611698,-0.0397178655704305,39.43767930489473,0.08906096198939968,1.801995229139419,336.9276291214931,225.5750552567348,40.13814264255955,-12.739532250099634,-34.62433950330853,0.47625794633543367,0.1554423156294528,-0.06827616646765103,0.004996136316490735,202.50268437822797,242.64082702078753,35.92532164737136,-0.02201108851173955,-0.022457416433745884,0.999505465932853,-0.08228000304631393,-0.034086009581291044,0.9960261768897054,-0.9237231931936175,-0.3828623751567617,-0.012323313089811284,39.43767930489467,0.08906096198939939,2.899883483973734,308.1863377614367,236.7120487648948,40.138142642560005,-22.608131727176367,-29.158502400604288,-0.14665327730192118,0.12736992594373112,-0.11204203941647596,0.00850841597144077,184.89838652633148,225.0365291688915,35.92532164737133,-0.027766670879070827,-0.042290094243345275,0.9987194600673316,-0.08873568474239016,-0.007604814512950968,0.9960261768897054,-0.9955063365742802,-0.08594128559453373,-0.039764673654069625
612533,979,39.32776759861991,0.122154873387214,13.26517437845671,164.0940368497746,18.86170615354813,291.6146665173779,-6.887889476113191,36.45479234369058,8.65761571840077,-0.15671563879506595,-0.050104380327347584,0.000766173020575571,182.95574300332274,114.57040952070065,34.523689127008716,0.21713664747441908,0.07418039226722538,0.9733185222354758,-0.1219923662044775,-0.006298863395799284,0.9925110512773919,-0.996305703211734,-0.05848421749988686,0.06288514968733139,39.3277675986199,0.12215487338721398,13.32206291803071,170.95915645850621,354.59774658295316,-68.38533348262202,4.205821670286757,36.83242794955503,8.776817851752163,-0.16448847455672716,-0.00042355992994214803,-0.0037669254063764173,165.55690304145935,97.17156955883733,34.52368912700871,0.22940097770408893,-0.021693879781422405,0.9730902152464782,-0.11829426959108472,0.030467669325992888,0.9925110512773919,-0.968793935161714,0.24520858820339927,0.036208555137927416,39.30853780564528,0.1247394550490431,13.27049001620183,164.6477493312692,19.04364002619059,291.2202700155122,-6.896874411333291,36.454401338481894,8.657828211375294,-0.15651630170784273,-0.05058315420992854,0.0007676019950276086,183.6913893574598,114.911659372972,34.40521222099438,0.21698536182521852,0.07489896442780611,0.9732972299771644,-0.12448065874786714,-0.008031017596126374,0.9921895324755586,-0.9956185691810808,-0.07106504520107132,0.060773547307912124,39.30853780564524,0.12473945504904282,13.322349676937188,171.51219921272047,354.78040950692593,-68.77972998448818,4.197135806637218,36.834769349340114,8.776791038418185,-0.16444313275526465,-0.0009401823163020934,-0.003764246245285396,166.2926087196464,97.51287873515822,34.40521222099435,0.2294738234006075,-0.020962867584281956,0.9730890619858753,-0.12118669565424194,0.029558694868656064,0.9921895324755587,-0.9718799064651025,0.23300792366394563,0.03401109994105618
612547,980,39.20946552687744,0.173155033764113,5.632911354468078,137.162822748457,34.4475734992968,47.2169693521323,-19.991946026827467,-29.12973624350048,-1.2539117167709548,0.12927560856673603,-0.11862854321882674,-0.016861070034430922,171.61039624775378,218.8273655998861,32.42014919969815,0.08094257494088236,0.055521310970844735,0.9951711830584818,-0.17130207114455656,0.0252639296119269,0.9848945802887479,-0.9874416771937702,0.14319605571199145,0.06673697452898567,39.20946552687741,0.17315503376411268,5.390243124428373,153.46260061161442,0.639740069438064,47.21696935213247,-27.812287682078946,-21.729802438216126,-2.0209092098161445,0.0878327663077962,-0.1521377873887212,-0.01444675501319645,154.10234068105248,201.31931003318496,32.42014919969814,0.09393292249138033,0.0010488582621988969,0.9955779758354311,-0.15576604732015192,0.07562806502950602,0.984894580288748,-0.8995535635502812,0.43478948162160486,0.04197014385496691,39.38404001915452,0.17658737218693,5.618132398715844,137.8597517839355,34.38455084987835,46.37536822087285,-20.000930962047576,-29.13012724870919,-1.2536992237964302,0.1292832613798046,-0.11906138910694263,-0.016847826484108073,172.24430263381385,218.6196708546867,32.42931588606714,0.08079175175106885,0.055287274962244407,0.9951964680786618,-0.17497203623467858,0.02383037036589364,0.9842849688906739,-0.9890323576958767,0.13228969467886514,0.06568433688717785,39.38404001915452,0.17658737218692988,5.377795977925218,154.20378830963895,0.5322882264907715,46.37536822087298,-27.8209735457285,-21.72746103843106,-2.0209360231501217,0.08770899099691663,-0.1525527240352635,-0.014436917747075433,154.73607653612973,201.11144475700272,32.42931588606714,0.09371844840837965,0.0008706865029570421,0.9955983599489,-0.15969704752941297,0.07536546308670647,0.9842849688906739,-0.9043336633609768,0.4248731332534976,0.040785364427344734
612574,984,39.49872033009957,0.1873073843644064,6.488353533260609,81.62304102412953,136.6715693455552,155.1460024444238,43.18195827929274,16.32476151041616,-4.720434414090358,-0.03915058664104121,0.12724994021419067,-0.00747220066233636,218.29461036968473,13.440612814108533,32.100318339327416,-0.08220076506313906,0.0775391286529641,0.9935948458757089,-0.14700532876309577,-0.11607536152297611,0.9823013507893413,-0.7804864740661834,-0.6150956015310431,0.11179563845204847,39.49872033009955,0.18730738436440708,5.165871228086042,73.06810937647262,127.60065213900083,155.14600244442366,46.20853488124981,2.517869309514426,-3.4486951927935516,0.0013230500095177625,0.1331317642655963,-0.007438574042986744,200.66876151547345,355.8147639598971,32.10031833932737,-0.05493788970825924,0.0713366241237444,0.9959382080897543,-0.17525164639010601,-0.06611290853527,0.9823013507893412,-0.932558022746755,-0.3505938854825428,0.08613629706991464,39.23651836835271,0.1942948716290419,6.495115397640599,80.6178746513319,136.7819467559162,156.1060438563108,43.17297334407265,16.324370505207504,-4.7202219211158365,-0.03903004697120752,0.12665229544127715,-0.007465249957082452,217.3998214072481,13.505865263558917,31.613064068803077,-0.08243544126688636,0.0774609262559286,0.9935815029109123,-0.1543510545573391,-0.1180095296930854,0.9809431700453671,-0.7900800708912685,-0.6027584357323902,0.11160533022167964,39.23651836835271,0.19429487162904202,5.174415784923548,72.04735682906288,127.72641968967467,156.1060438563104,46.199849017600286,2.5202107092995334,-3.4487220061275314,0.0012572574247842227,0.1325256270580169,-0.007433433976849327,199.77377651873755,355.879820375048,31.613064068803073,-0.055185225811812184,0.07133333423431609,0.9959247693872839,-0.18283841170272988,-0.06573136501982116,0.9809431700453672,-0.9379693729478874,-0.3359350658757431,0.08579677690220668
612581,991,39.60587862137537,0.1302472334270578,9.511751024157496,103.9549998615129,157.3817897755459,107.7120341341705,38.41926687076903,15.580829667162899,-4.885539397464989,-0.04124567361478512,0.14345103942265558,-0.019529245815747456,261.3367896370588,9.048823771229308,34.447322503493375,-0.15254018969739533,0.06355324218879159,0.9862517305102058,-0.019618629796942327,-0.12876121768720972,0.9914815470721569,-0.14549470364016262,-0.9762745099704241,0.16037260487586352,39.605878621375375,0.13024723342705757,8.577145814502154,95.84401411716419,147.8101537633414,107.7120341341704,41.44997190062629,3.2473888576067313,-3.745011382289697,0.00455088363446566,0.1492088840985534,-0.019411236687021348,243.65416788050558,351.366202014676,34.44732250349339,-0.12621612259713533,0.07945130004731352,0.9888159491620959,-0.05780218106574501,-0.11671867750897992,0.9914815470721569,-0.4378610947556255,-0.8867159893238138,0.14836581808791144,39.30306699931199,0.1334790437932851,9.531216459604618,100.7491705149203,157.4946761377627,110.8655444410284,38.41028193554892,15.580438661954256,-4.885326904490477,-0.04112372972286577,0.1428425359400055,-0.01951421393328967,258.243846652683,9.109391093711395,34.0569311981004,-0.15297464771463223,0.06338082744147217,0.9861955322700557,-0.02719594081392183,-0.13067913351111332,0.9910516358232957,-0.19855568610739305,-0.9664942009224269,0.16267943661613193,39.303066999311966,0.13347904379328523,8.59905019975331,92.64528350207584,147.91556819908135,110.86554444102858,41.441286036976756,3.2497302573918567,-3.7450381956236853,0.0044829276095877104,0.14859197127782456,-0.01939807200065587,240.5608517011572,351.42639614218575,34.05693119810038,-0.12668236678451583,0.07941974032326041,0.9887588597797035,-0.06560480458221682,-0.11624398800668746,0.9910516358232957,-0.48553433470005053,-0.8613640995118474,0.14935962606917372
612621,997,39.75894257791429,0.1672031272394227,8.323420468592442,121.2778234025636,175.5549975720295,70.88183383874994,34.47992850065657,17.202084963154043,-2.9000820961754776,-0.04860798885693966,0.1541494684269856,-0.021933346762014562,296.8328209745931,7.7146548133430315,33.111123043154386,-0.14432525862540652,0.011219260404548192,0.9894666987416426,0.075473613987189,-0.149199930798762,0.985922468676598,0.4520864746275616,-0.8833520818562327,0.12372113376090035,39.75894257791424,0.16720312723942277,7.8676612343661265,110.5250049879102,168.61899125538702,70.88183383875102,38.130948343412,5.9828869650946395,-1.850274209262745,0.0008319243284540653,0.16163150475382393,-0.02191874700222826,279.14399624329724,350.0258300820483,33.11112304315434,-0.13419383422000336,0.027011938131861226,0.9905868816291152,0.02657129149098641,-0.1650783214935978,0.985922468676598,0.1606558321869152,-0.9786498463646693,0.12819587276796024,39.4243255714409,0.1658023238316669,8.345093639808484,118.5211438475328,175.6461450786367,73.6218339902913,34.47094356543648,17.201693957945345,-2.8998696032009508,-0.04848111040822414,0.15353379437314787,-0.0219167035423249,294.1672889261695,7.789122916460769,32.887680776199794,-0.14471611721095842,0.011018063544393634,0.9894118695948194,0.06787983998011643,-0.15127041320844842,0.986159008178711,0.41010848217360374,-0.9030776808798192,0.12752150856224323,39.42432557144092,0.16580232383166693,7.891416778121622,107.79390413289681,168.68421327597477,73.62183399029203,38.122262479762476,5.985228364879708,-1.8503010225967194,0.0007664609183739209,0.16100626573064888,-0.021903901668992903,276.4781174088716,350.0999513991636,32.8876807761998,-0.1346272101844512,0.026939748217204792,0.9905300420703782,0.018706437830154115,-0.16474367900374062,0.986159008178711,0.114593006825845,-0.9847733683930185,0.13072817481507118
612658,998,39.40495759398738,0.09352596240459297,27.90317193317358,166.4334063892547,251.3305974649037,38.47304340740381,-6.43982836541638,34.92009484210066,-9.150060582922471,-0.1516954010467735,-0.03509385537579374,-0.07015372933019293,57.76400385415843,96.23704726156224,35.719571011497536,-0.14980332157844883,-0.44335433389282014,0.8837397238228671,0.04988747717554759,0.07910970398607592,0.9956168411373397,0.5075710004375826,0.8545881151596836,0.10977628588457022,39.40495759398736,0.09352596240459288,29.19000744520094,164.51915026471562,235.42990579924466,38.47304340740401,4.659971332695829,35.23407712823479,-9.025103762757132,-0.15321812520712194,0.012369231840244063,-0.0744031406226212,39.949056063960256,78.42209947136428,35.71957101149752,-0.2767320267785966,-0.40159420388452216,0.8730071481731217,0.07169846814781472,0.06005360363010798,0.9956168411373397,0.738704216449269,0.6613395621934877,0.1301770489671568,39.35839882572762,0.09086050374940674,27.93332015937591,167.3661377364033,251.3873828681167,37.82483898062188,-6.448813300636525,34.919703836891955,-9.149848089947934,-0.1514994287500386,-0.0355826899913748,-0.07010476662829077,58.75352060451996,96.57835958514184,35.782274881651944,-0.14951223907964872,-0.4439432139688356,0.8834933577205947,0.04713122648290703,0.07768061940930235,0.9958636296493633,0.4945711689674272,0.8630768903032529,0.1024579926148254,39.35839882572761,0.0908605037494069,29.22102598277103,165.45632196574687,235.48230295162455,37.82483898062184,4.6512854690462415,35.23641852801987,-9.025130576091097,-0.15318033730374025,0.011844035146007362,-0.07435311787403352,40.938624917371385,78.76346389799323,35.78227488165194,-0.2766324294795711,-0.40223646898677123,0.872742987354974,0.06863710720141478,0.059536364153494316,0.9958636296493631,0.7290812999274199,0.6733587176578528,0.12259076413138058
612688,1000,39.3439438378072,0.2959236070012453,17.53001306462388,255.3305952679666,210.8716287595674,356.4835092847711,-3.932110028044185,26.340653849789646,-7.7788322485662516,-0.2103217746809421,-0.04406708366649142,-0.022141531081815914,106.20222402753399,102.6857333123051,27.701142063668875,-0.2585302944136845,-0.1545533699044061,0.9535593021525014,-0.08257108501092816,0.2841703663310894,0.9552116094454529,-0.25597566883118505,0.9217212601344669,-0.2913869859526293,39.34394383780716,0.29592360700124454,17.956683929441486,250.34134093450317,198.04149072164523,-3.516490715298109,4.421188786955797,26.297913227798627,-7.659935719814373,-0.2131167881877599,0.02152485543809545,-0.028023550049202015,88.38283165614837,84.86634094085026,27.70114206366888,-0.29313966041863704,-0.09548159236744856,0.9512898638210241,0.008351308871384125,0.29580574169674556,0.9552116094454531,0.04242766945691662,0.9559860719729705,-0.2903283021996741,39.25949620465698,0.2945654729699032,17.54123031106736,255.7610032805064,210.9941404028544,356.1950795301271,-3.9410949632234273,26.340262844589773,-7.778619755587415,-0.21008650833598122,-0.044549904018222175,-0.02212474832764643,106.75514368336081,102.9502232134879,27.69500413657208,-0.2583592586349346,-0.15520194477059798,0.9535003145343116,-0.08491799207250454,0.2820598384888512,0.9556313003109606,-0.26507283542407584,0.9189096119136225,-0.292132704524838,39.25949620465696,0.2945654729699032,17.971066921204663,250.7781557534701,198.15756069625408,-3.804920469988412,4.412502923347735,26.30025462757977,-7.659962533142893,-0.21303885349018897,0.020993522230901528,-0.02800461300081201,88.93571644972417,85.13079597973575,27.695004136572063,-0.2931725340949245,-0.09614965468722707,0.9512124416532236,0.0054713132787152915,0.29451465599692817,0.9556313003109606,0.03293031482491682,0.9560538148082082,-0.2913360560524639
612772,1004,39.48083756249437,0.2288518694008382,16.67709710259222,82.62444948378527,198.009915822618,339.6851888889122,-12.04139167239811,-28.128434620556803,6.898474016188598,0.18697215407841497,-0.04983718590411879,0.031516778092663275,280.6343653064033,260.3195541953155,30.4455740808067,-0.27291658929973384,-0.08872819660999276,0.9579372852182646,0.04223252309552785,-0.22492130206195235,0.9734612585366413,0.17164345640720238,-0.943154045044025,0.28460318197392326,39.48083756249436,0.22885186940083835,16.76126500347113,77.14263888754832,185.67795126152328,-20.314811111087913,-20.15827480959209,-23.176954373708885,6.3455207842262835,0.1622526215843519,-0.1039888869259446,0.03600051368820486,262.82059014907156,242.50577903798364,30.445574080806686,-0.28696963582880985,-0.028531849124649313,0.9575146796252308,-0.028601149891320867,-0.22705759699501923,0.9734612585366413,-0.12907466523440414,-0.9509428077463592,0.2811538852480923,39.54795127503802,0.2291068543689075,16.65087943291773,82.01065918585655,197.8918007857299,340.1578991563106,-12.050376607618237,-28.12882562576549,6.89868650916312,0.18694113605610066,-0.050316138872492,0.0314975966202313,279.9024599715865,260.0603591278971,30.487244561679233,-0.2726817548287531,-0.0880307164999741,0.9580685014841125,0.03939982544139749,-0.2256936075169237,0.9734012786519156,0.15921421754011922,-0.9455856271479957,0.2837580918039504,39.547951275038,0.2291068543689072,16.73192903046178,76.51941117748265,185.56964049880884,-19.842100843689504,-20.166960673241654,-23.174612973923796,6.345493970892304,0.16207896671920977,-0.10443609514415808,0.035976538912267604,262.0890516762915,242.24695083260198,30.487244561679233,-0.286535079547247,-0.02794173120203119,0.957662209678489,-0.031532850256049016,-0.22692648605560622,0.9734012786519156,-0.14162972102549004,-0.9495062130384131,0.2799624502030471
612952,1016,39.2856842402372,0.2358001891864165,10.35191419264978,253.4398859800318,357.1891605503116,333.242382983783,-28.009811500699744,-14.432347956822287,-2.8840462307986234,0.11288076057703425,-0.15575988408368954,-0.02740679365954752,250.62904653034343,223.87142951412648,30.022112464071448,0.17947742048381213,-0.008811946099465052,0.9837226261210102,-0.07821089418571808,-0.22245175937946685,0.9718015593626357,-0.33091780289861306,-0.9278074914042067,-0.17224014229844184,39.2856842402372,0.23580018918641665,11.000911272514257,261.21729336514255,331.9634908896663,-26.75761701621704,-30.969724441451053,-5.297012873648862,-3.7386833444269136,0.061288041828332744,-0.18258198787205465,-0.02572806969923253,233.18078425480883,206.4231672385918,30.022112464071444,0.16843100891532503,-0.08969407000774308,0.9816241485625808,-0.14131319351135269,-0.1887652260348099,0.9718015593626356,-0.5907561122884682,-0.7845011937367491,-0.18858709611060429,39.51317816648869,0.2388739645724719,10.32769660721694,252.6494662803005,357.113844391215,333.9940645275306,-28.01879643591982,-14.432738962031053,-2.8838337378241103,0.11289940195903932,-0.15616784286708524,-0.027386481888091396,249.76331067151546,223.757375199046,30.074508645001103,0.17905039684771729,-0.009026927335787045,0.9837984905312416,-0.08262628739510709,-0.2241286853168771,0.9710505800675006,-0.34512043871045167,-0.9228270236573208,-0.1711203295697974,39.51317816648867,0.23887396457247156,10.978747513824231,260.4386388736989,331.8760286465123,-26.005935472469513,-30.978410305100592,-5.294671473863863,-3.738710157760902,0.06118205799286206,-0.18297651943793192,-0.025710671185566098,232.31466752021117,206.30873204774167,30.0745086450011,0.16795899346181586,-0.08977207550276384,0.9816978919072913,-0.14602949971225868,-0.1890400914207297,0.9710505800675007,-0.6028170529917369,-0.7754631113317,-0.1877992640723515
613620,1029,39.5498146557502,0.2317122515877577,14.81454372918725,149.8043336123786,235.8809801482419,27.10448859891517,11.775559813908925,29.710497882630197,-1.829256186906306,-0.16352326023368696,0.08967639379191372,-0.04910851452999679,25.685313760620488,52.789802359535656,30.385638051987822,-0.14342071426910738,-0.21168011288794072,0.9667585161384862,0.20881633502045224,0.1004306017332097,0.9727843710011648,0.8873469563087929,0.4428059974960184,0.12860104086311758,39.549814655750154,0.23171225158775732,15.840397498656236,145.26117456608026,222.68050725615515,27.104488598915378,20.24302342562569,24.765411007891732,-1.2720423585005474,-0.12739308123874551,0.13488359061501742,-0.05263818267776891,7.9416818222354095,35.04617042115079,30.385638051987804,-0.20066423113736034,-0.18504126288171116,0.9620257779151209,0.22948994857313662,0.03201454419115253,0.9727843710011648,0.9757398599895579,0.15407297093399414,0.15554177977357206,39.27088034294216,0.226131289212816,14.84101491554149,149.4476799845301,235.9194092671681,27.67033418901157,11.766574878688813,29.71010687742151,-1.8290436939317782,-0.16331936037055303,0.08910393250989307,-0.04907365728328115,25.36708925169819,53.03742344070976,30.390505542470414,-0.14352897469935574,-0.21214617620960766,0.9666402812532663,0.20432805505812815,0.09687830447119096,0.9740968329888717,0.8895364075072056,0.43791850792312376,0.13020122940110723,39.27088034294219,0.22613128921281656,15.867563834029118,144.9145240589622,222.7087269922573,27.67033418901134,20.234337561976144,24.767752407676813,-1.2720691718345214,-0.12737260244833068,0.1342762792541542,-0.05260274778878934,7.62325105121954,35.29358524023088,30.390505542470418,-0.20090822085856094,-0.18544943687910437,0.9618962486425814,0.22413269294228105,0.029998265208035668,0.9740968329888715,0.9763063146764189,0.14875242503573805,0.15715818772477644
620075,1040,39.23893941421602,0.229401774787876,5.275924851378249,261.3645789708315,73.47653821584542,184.9495317180343,-44.52147380898794,17.98199740174946,4.413747812635776,-0.04532652063017757,-0.11805887523263985,0.0009121501892077106,334.8411171866769,159.79064890471125,30.237457071800925,0.026151931878785555,0.0881548683287365,0.9957634235344008,0.2076389724549621,-0.09752554226291112,0.9733318168662589,0.9011167950477805,-0.42393859391900784,-0.09090979193019212,39.238939414216006,0.22940177478787593,4.066005491492989,273.9483339544571,43.351178353666235,-175.0504682819688,-37.11720384838185,30.590839553343443,3.3924540282421596,-0.07886704664862937,-0.0988515151043576,-0.001261120968617484,317.2995123081233,142.24904402615454,30.237457071800918,0.05155973191661001,0.048674459347312245,0.9974830279518214,0.16858938824478897,-0.1555724668669722,0.9733318168662589,0.7331851025052095,-0.6763400282261516,-0.07073734292065131,39.39075724470732,0.2250383061712203,5.276273438091327,260.765558161362,73.59276650391277,185.6597580627145,-44.53045874420757,17.981606396541988,4.413960305610291,-0.04520184156994744,-0.11849210293801406,0.0009134813231567393,334.3583246652747,160.01808272798917,30.52632795555666,0.025974761414004493,0.08821354934662493,0.9957628640801766,0.20287608389964917,-0.09738343712333428,0.9743499169988101,0.8975060854485758,-0.4315602806837876,-0.090766462522807,39.39075724470729,0.22503830617122078,4.064020134950038,273.3171949399145,43.499405305187295,-174.34024193728845,-37.12588971203057,30.59318095312954,3.392427214908196,-0.07887909220224512,-0.09930216662161244,-0.0012601213110398353,316.81660024510177,142.4763583078133,30.526327955556617,0.051408564370388425,0.04878389191897153,0.997485484304716,0.1640904908265772,-0.15400178591401167,0.97434991699881,0.7274389705346179,-0.682514946781678,-0.07075232552459629
622544,1046,39.08479151373028,0.06044698650976359,14.87588405092963,80.25695044228544,67.83913261453066,77.89039365780552,-23.076260899013626,-30.995694361231383,2.5712193476655845,0.1178557586006159,-0.10305741583819504,-0.039319350193903126,148.0960830568161,225.98647671462163,36.7222336483629,0.09683919474858582,0.2377612662829528,0.9664842216073537,-0.05131559632617747,0.03194601308145263,0.998171409038492,-0.8183433457113906,0.5160362881238849,0.2530231567845329,39.084791513730245,0.060446986509763545,13.69838843922076,84.52257394087849,46.12273442159516,77.89039365780592,-31.420229549860647,-22.576890472866047,1.706237544511189,0.0822711570865535,-0.13384441672591665,-0.037066843906419795,130.64530836247366,208.5357020202796,36.722233648362874,0.16413733597224867,0.1706994405836852,0.9715557811697433,-0.039373621405452724,0.04586454093885178,0.998171409038492,-0.6309647131108888,0.7391313329498859,0.23572951334234513,39.23895709531831,0.06295198356713487,14.84964799542398,83.23421958755087,67.85524712187352,74.66618820600965,-23.085245834233742,-30.996085366440095,2.571431840640117,0.1178710655138427,-0.10350069820042421,-0.03929105408805333,151.08946670942439,225.75565491543404,36.76878691306233,0.09660548866611456,0.23737855516907105,0.9666016765480109,-0.05510663449591692,0.030433716000025986,0.998016556859135,-0.8446564140024513,0.470941567097938,0.25449868892365196,39.238957095318284,0.0629519835671346,13.671917485527123,87.50651078893263,46.13190235629745,74.66618820601025,-31.428915413510214,-22.574549073080988,1.7062107311772197,0.08215110941781868,-0.13427161441719257,-0.037041845633237154,133.6384131452301,208.30460135124034,36.76878691306231,0.1637989397123601,0.17040208126475012,0.9716650853302017,-0.04344347229277711,0.04555893930046543,0.998016556859135,-0.6696965501715256,0.7040918345524755,0.2361381358546025
J98U43R,1064,39.62149509141089,0.2237585128299754,8.751710093771235,18.44931509162505,53.808930439504,12.19650481290772,-0.8215817165408072,30.93696203089699,2.9142938477779663,-0.19612223168227622,0.0047418372741165615,0.024797638671433815,72.25824553112905,84.45475034403677,30.75584827365662,0.0898432180560827,0.12279534494714599,0.9883569696362943,0.06818531292341276,0.21311648262257554,0.9746446162248668,0.3077009153838676,0.950263969965636,0.04815115841886532,39.62149509141086,0.22375851282997505,7.9209688256873605,27.729987073133557,27.043284777723105,12.196504812907765,8.478592839540449,29.739880887107088,3.1490749643805676,-0.18614047492697738,0.06376425241417076,0.019676924873334393,54.77327185085666,66.96977666376442,30.755848273656607,0.1227396713865815,0.0626558293240908,0.99045909563173,0.12906691903527465,0.18278293813872226,0.9746446162248669,0.5788318953897863,0.8129218661108847,0.06412235552648052,39.47429006512089,0.2203597328846677,8.764440628288515,18.87922364866164,53.88747448433714,11.98035815665948,-0.830566651760904,30.936571025688316,2.9145063407524905,-0.19589648251347985,0.004226302974886312,0.02478296067026105,72.76669813299878,84.74705628965826,30.775746050558958,0.08980422515358503,0.12309579679982027,0.9883231384293204,0.06528448707620657,0.2104669751390909,0.9754186732490812,0.299315601695776,0.9528794800181392,0.049303824819746024,39.474290065120854,0.22035973288466726,7.93160667433205,28.13802014155187,27.143748290610034,11.980358156659458,8.469906975890916,29.742222286892183,3.1490481510465904,-0.18608062097518413,0.06320460845168822,0.019663890905210042,55.281768432161904,67.26212658882136,30.775746050558947,0.122793259563289,0.06295484287279098,0.9904334925499465,0.12550392500855956,0.18112751498446547,0.9754186732490813,0.5715993755075163,0.8179481961245023,0.0650761275437468
J98W31S,1067,39.52269647660798,0.2046874662712944,6.73585831274423,28.49922176783397,15.80639581728913,31.24291773480456,-0.4505463801840861,32.97915059897404,3.7622979966067325,-0.18558729983999456,0.020830901525351303,0.008337792197266894,44.3056175851231,75.54853531992767,31.43289587460168,0.11285718211577321,0.03194897075816215,0.9930974371693753,0.1464793153306868,0.14297121748385405,0.9788273806710955,0.7165213724194792,0.6953164530141822,0.05596564154802837,39.52269647660794,0.20468746627129408,6.96503632890215,41.62458077100495,345.19153466147634,31.242917734804767,9.425461148656714,31.57458478004628,4.023497308140038,-0.170789753686589,0.07591933804319687,0.0036339022745234774,26.816115432481297,58.05903316728606,31.43289587460166,0.11723594357985002,-0.03099360367341729,0.9926203353066455,0.18267516450423682,0.09234036561500159,0.9788273806710955,0.8912060911611358,0.4463894723546802,0.08054900401742823,39.36203598790179,0.2006030974209863,6.740830111505553,28.4115146221219,15.96647284746305,31.47675842164276,-0.45953131540420245,32.97875959376533,3.7625104895812567,-0.18536861165919044,0.02030458360728203,0.00833414632995559,44.37798746958495,75.85474589122771,31.46588964793236,0.11285033092543044,0.032287858621925576,0.9930872554794122,0.1433793449835612,0.14029955854163859,0.9796725969961119,0.7156461773510461,0.6962265880244154,0.05584878665392998,39.362035987901784,0.20060309742098648,6.965613019147163,41.536878110583075,345.3516833915379,31.476758421642806,9.416775285007153,31.57692617983135,4.02347049480606,-0.17074018848274145,0.07535154719234768,0.0036316210660393925,26.88856150212098,58.365319923763785,31.465889647932347,0.11733178254488845,-0.030668320730772903,0.9926191147204417,0.17891546238332964,0.09072408729247791,0.9796725969961119,0.8906501441800101,0.447521465133325,0.0804167825584298
J98W31V,1068,39.46425083431512,0.2734089881326207,5.710699434721993,274.8394579509219,58.47986255463416,75.26067190096751,6.894937317914469,39.006935294228285,1.4515393812067232,-0.1420279351146785,0.06854794088796325,0.01569123131060451,333.31932050555605,48.57999240652356,28.674369946293094,0.05202133083343044,0.08482416291523244,0.9950370056053437,0.24429717850811372,-0.12276548116094504,0.9618978767043289,0.8893071966906513,-0.44643232784918874,-0.09915082735595072,39.46425083431509,0.27340898813262093,4.826452608333934,289.1694150557258,26.62702961508727,75.2606719029334,18.30895589173864,35.10187469083775,1.9566950667819556,-0.11507494298389025,0.10824894710610027,0.012525663281321202,315.79644467081306,31.05711657374644,28.67436994629306,0.07521447897810982,0.037708996557361055,0.9964541202336856,0.19599797559720938,-0.19062336780546965,0.9618978767043289,0.7153662682440506,-0.6942155338599532,-0.07947260412319058,39.25856941821641,0.271189874409944,5.723429417017228,273.8648500099369,58.53867445548021,76.50485690496336,6.885952382873876,39.00654428892955,1.4517518741615048,-0.1418384423908936,0.06798964085185401,0.015682656835709328,332.4035244654171,48.908381370380425,28.61204290817623,0.05204961881423012,0.08506609142703604,0.9950148728891546,0.24033716553147363,-0.1256264098300125,0.9625258708302437,0.8819894701725141,-0.4606455857425153,-0.09949984342069522,39.258569418216425,0.27118987440994424,4.837340010239543,288.1489563765515,26.73177196179862,76.50485690665226,18.300270028233513,35.10421609048276,1.9566682534322082,-0.11506272036672165,0.10765948748915058,0.012517422412326335,314.88072833835014,31.385585245002403,28.612042908176235,0.0753145263895568,0.037931603377912224,0.9964381142749897,0.1913606000004634,-0.19215896739404065,0.9625258708302435,0.704110799555591,-0.7055542863834897,-0.08013195938619637
J98W31Z,1071,39.57800655130352,0.1707580872967687,14.58498880497046,352.194492595016,50.45084174375828,44.96213316961727,-7.672930090087318,33.90076627215325,7.156146439935063,-0.17234572993958025,-0.020370734491302098,0.03120359391605966,42.64533433877432,87.60746750839158,32.81974185358395,0.16034120684752143,0.19416977620897452,0.9677751781243602,0.12560303894134014,0.11568146345007516,0.985312983585799,0.7321866807064559,0.6802448617193262,-0.03419930848010371,39.578006551303524,0.17075808729676878,13.79071445052983,357.765122481959,27.467374691886405,44.962133169617395,2.7278862659167857,34.63485903552792,7.234045755015562,-0.17124285307552256,0.032642523437344785,0.026495898920353672,25.23249717384539,70.19463034346279,32.81974185358395,0.21150479724278237,0.10994940231273802,0.9711729247020642,0.154465274800749,0.07279287917083652,0.985312983585799,0.9040669087148399,0.42728984767376293,-0.009295732446981331,39.49932223041616,0.1675953719404924,14.60340942617282,352.303099386218,50.56422071904649,45.07264626705594,-7.681915025307372,33.90037526694457,7.156358932909582,-0.17213591685806126,-0.020869437208672834,0.03118462235383341,42.86732010526447,87.93996637232041,32.87941862981221,0.1601542949477027,0.19472697990344237,0.9676941692019688,0.1228358508540395,0.11401562366989952,0.9858558674086837,0.7295892931151585,0.6830513778438461,-0.03376801145088234,39.49932223041616,0.16759537194049234,13.806278393090526,357.8604036497937,27.59407766139924,45.07264626705594,2.7192004022672926,34.637200435313,7.23401894168158,-0.1711929841839631,0.032103738665779674,0.026478294567286714,25.45448131119292,70.52712757824887,32.87941862981221,0.21149493537966768,0.11053904594828558,0.9711081359094841,0.151326389659326,0.07203146873794676,0.9858558674086837,0.9024273802032184,0.43074986363218654,-0.008909457918897535
J99T11R,1111,39.51568179280242,0.249186681939893,17.1165783451103,346.153517858993,54.6090057049112,41.77687179135169,-8.589454867269852,31.55689353383317,7.784706586132133,-0.17913188523132206,-0.019252275171514288,0.04153774589833751,40.76252356390421,82.53939535525589,29.66890016226134,0.1704545102962109,0.23993265511812845,0.9557078951895522,0.18873954671003004,0.16270029491032206,0.9684554700882156,0.7487809347352488,0.6590643694236146,-0.07043627427157301,39.5156817928024,0.24918668193989324,16.213498871953274,350.67155182821875,32.69804987302722,41.77687179137993,1.129432587142668,32.677344148006874,7.81879034880316,-0.17765650292594468,0.03575867112768205,0.03665721139732529,23.369601701245983,65.14647349262592,29.668900162261316,0.23496953888353503,0.15083646963607092,0.9602279287880485,0.22874470319144577,0.09884261842985993,0.9684554700882155,0.9144825637399573,0.4020860947422273,-0.045259397151745026,39.42855506493081,0.2461437052193646,17.13631684764927,346.203292508325,54.712004619509,41.94321200290165,-8.598439802486064,31.556502528624858,7.784919079105759,-0.17891752376147985,-0.019751727530910104,0.04151184791987035,40.91529712783398,82.85850913073563,29.723464429803,0.17021310459142394,0.2405074215622078,0.9556064457708766,0.18600553944303053,0.16120999632660712,0.9692333446497198,0.7470370115034821,0.6610584854958956,-0.07026650836507477,39.428555064930755,0.24614370521936424,16.230789763671364,350.7104930280961,32.81184566491337,41.94321200292525,1.1207467234969732,32.67968554779114,7.818763535468389,-0.17760233531605793,0.03521779777295762,0.036632796472874325,23.522338693009488,65.46555069593474,29.72346442980297,0.23491303426242363,0.15145986739077005,0.9601436220189101,0.22569028053938245,0.098237573713789,0.9692333446497199,0.9134182113404746,0.40451385139871415,-0.045118900896931005
K00CA5K,1116,39.26496374402283,0.2361908903206252,8.162105340416373,353.0608439458431,326.5348403564238,201.2449283352077,-42.91575742378376,21.75757986769065,-0.7909134790862229,-0.04825483543261673,-0.11597834411032942,-0.017693281427672035,319.5956843022668,160.84061263747458,29.990936998915007,0.11843796508553403,-0.07828884975166399,0.9898703472834002,0.1798568798933857,-0.15309356428493603,0.9717066755608661,0.7621643359471748,-0.647156326766666,-0.01715265973773699,39.264963744022836,0.23619089032062468,9.441764486291465,359.12148914669336,302.96269542850507,-158.7550716647928,-34.303610714530414,33.70499126870283,-1.7366394588424106,-0.08051667959437517,-0.09598360341724854,-0.019919082183142728,302.0841845751984,143.32911291040557,29.990936998915032,0.08925574703874928,-0.1376379049934903,0.9864528466832856,0.12545626981626734,-0.2001171182938563,0.9717066755608663,0.5313390002947231,-0.847155558672556,-0.0025151890572255326,39.41208846482777,0.2326776256091054,8.137114876646466,352.3681922291253,326.5223761815679,202.1982123901329,-42.924742359003886,21.757188862481854,-0.7907009861117119,-0.04812819368330502,-0.11641296628180078,-0.017679480091618564,318.8905684106933,161.08878080082616,30.24177730053563,0.11806079871053556,-0.07807644867549599,0.9899321774596748,0.17531215997006985,-0.1529853719337887,0.972553917549515,0.7541927149939486,-0.6563840277389695,-0.01879778655119138,39.41208846482776,0.23267762560910543,9.417100795399435,358.4429844153835,302.9358473733203,-157.80178760986763,-34.312296578180025,33.70733266848781,-1.7366662721764023,-0.08052761948934663,-0.09643617713868265,-0.0199055771157474,301.3788317887038,143.57704417883616,30.241777300535624,0.0889603618921755,-0.13732331691128388,0.9865233705516034,0.12115390122166239,-0.19864694731574084,0.972553917549515,0.521001577697682,-0.853544135059976,-0.004445845391345741
K00F08B,1119,39.09300240136537,0.2992422936307934,4.601472388159793,66.14092971133172,1.852222218825991,117.2094953023456,-40.23891020252858,-23.54880352668568,-1.7896337833981133,0.038340830361528695,-0.12534696280625854,-0.010182887297762906,67.99315193015771,185.2026472325033,27.39472269786668,0.08018262349913051,0.0025929971758285597,0.9967768171734548,0.11213129693881066,0.2774392231538977,0.9541771584473095,0.37481268511545446,0.92419287486266,0.07336880215483227,39.093002401365375,0.29924229363079347,5.25354321953682,82.97598161659451,327.4958643173989,117.20949530241431,-45.4060730701034,-10.29345644487803,-3.0417287311842243,-0.0010336588211707514,-0.13107307858271322,-0.010215242120249782,50.47184593399345,167.68134123640777,27.394722697866683,0.07722006825993799,-0.04920244542127655,0.9957992671329382,0.19045494381962066,0.230809152054426,0.9541771584473095,0.6342169385461415,0.7677958221965121,0.09087601597089207,39.27717352430357,0.2962331319052017,4.584435534576723,67.06055458625943,1.739998803758041,116.3072635462334,-40.24789513774796,-23.549194531896802,-1.7894212904237716,0.03840943177746037,-0.12577530570557602,-0.010174119767675882,68.80055339001747,185.10781693625086,27.641973398815058,0.07989129085617754,0.0024269414271916017,0.9968006278091134,0.10712251143566033,0.27618623423712024,0.9551156639704091,0.3617050285447693,0.9293822952814038,0.07360721121532071,39.27717352430354,0.29623313190520195,5.23984335217145,83.93118864450445,327.3477987648633,116.30726354630589,-45.414758933752985,-10.291115045095486,-3.0417555445183853,-0.0010978718330041906,-0.13150213375020492,-0.010208241005531254,51.278987409367744,167.58625095567362,27.641973398815026,0.07689218405734052,-0.0492733681819255,0.9958211321411594,0.1853023639530445,0.23112140176058601,0.955115663970409,0.6232868059311716,0.7767023281650707,0.09081327532402407
K00QM6H,1148,39.87176136650634,0.1946281276950755,2.794211444571315,309.3343352999944,350.8993322517194,57.99164367377131,34.90135546605234,12.282722098844529,0.8613654164798138,-0.026555139069238627,0.16790539856966655,0.00788678249904293,300.2336675517138,358.2253112254851,32.11159510383837,0.04813520836861493,-0.007710586594432734,0.9988110675046006,0.09800065659863896,-0.168154629422821,0.9808771033671391,0.503673167482014,-0.8630710569256845,-0.03770531866748942,39.871761366506334,0.1946281276950751,3.7762553650486117,331.2821497912406,311.40355644087265,57.991643673776,36.94344682024222,1.1660355236598505,1.8798734274921154,0.02517878666980246,0.16808315830615234,0.008583717940257293,282.68570623211326,340.6773499058893,32.111595103838376,0.04355731966409538,-0.04939989934687941,0.997828847973538,0.04274088718796107,-0.1898771304093161,0.9808771033671392,0.22038532433734037,-0.9748994094203187,-0.03164570000235356,39.51255199293847,0.1919833359650404,2.802173708656912,306.9866554576465,350.9769867167855,60.28587731487137,34.89237053083223,12.282331093635749,0.8615779094543344,-0.026443041438270205,0.1672805046690362,0.007883438918838113,297.96364217443204,358.2495194893034,31.926800448842034,0.04828269892870512,-0.0076671091126531,0.998804283341844,0.09002313294431132,-0.16956838391385473,0.981398185606502,0.4690609726663258,-0.8823020344256612,-0.039050274898640186,39.51255199293843,0.19198333596504014,3.7822248198214203,328.91376494347526,311.50203747750624,60.285877314876195,36.93476095659265,1.1683769234448445,1.8798466141581336,0.025097004890965172,0.16745359509285018,0.008578119141351018,280.41580242098144,340.7016797358576,31.926800448842013,0.043711053534242185,-0.0494028183371292,0.9978219807857889,0.03470874632918637,-0.18881976648783796,0.9813981856065022,0.18163263931026086,-0.9827764519226146,-0.034059211435170544
K01FH2U,1168,39.2306426209512,0.2656577513486914,24.78691742005026,133.8752914339536,32.56498160491505,55.50408872557927,-12.47411556348455,-32.03364986031021,-9.366490037384546,0.13873056741428205,-0.08321495541758632,-0.06686898058017472,166.44027303886867,221.94436176444793,28.80871831830517,0.3533317693076941,0.22566093792005373,0.9078732300794732,-0.25825281812612944,0.06228581525159211,0.9640674038408086,-0.9363806956264153,0.17849009180075803,0.3022126403497171,39.230642620951215,0.2656577513486915,24.423429769964894,137.56569243648153,11.62708538269894,55.504088726256064,-21.301752342335057,-26.769016475169217,-9.957134235435705,0.10891387971453458,-0.12123471472731262,-0.06389264789149328,149.19277781918046,204.69686654543654,28.80871831830518,0.40499228922454283,0.08333251594622228,0.9105146552663153,-0.22817220644193512,0.13605691845349926,0.9640674038408086,-0.8467263554211489,0.45301038181082054,0.27899117012341595,39.34754695178246,0.2681548915947566,24.73439477640034,134.2316710376886,32.4555419066029,55.00855367962046,-12.483100498653737,-32.03404086555092,-9.366277544434407,0.13873188308622714,-0.08367153709433545,-0.06682221946543283,166.6872129442915,221.69576662391196,28.796309764407642,0.3530597553135301,0.22453892113762097,0.9082571673663267,-0.26094890112333463,0.061747201464679956,0.9633758114639397,-0.9378505853055104,0.17479831423237369,0.29980298361362584,39.34754695178244,0.2681548915947565,24.37397013044682,137.930997654061,11.508160563187975,55.00855368037951,-21.310438205945076,-26.76667507543004,-9.957161048792987,0.10877597488777214,-0.1216703640111984,-0.06384966975061859,149.43915821724897,204.4477118976285,28.79630976440763,0.4043940477176664,0.08233488205347131,0.910871243023822,-0.23090542189520077,0.13634416755253936,0.9633758114639398,-0.8491754354582298,0.44993508986538455,0.27651310045304195
K01K76Y,1180,39.4767925223513,0.2382600430088229,3.971740387848006,262.8632056358001,90.0891023313334,317.4530936569897,10.149475153030703,-32.32187933015751,-0.701199389705836,0.1607202669223578,0.08795296552939715,-0.011168483205788836,352.9523079671335,310.4054016241232,30.071050238125505,-0.00010771510495963084,0.06926435971353764,0.997598334436726,0.23645983728767228,-0.029233430254653494,0.9712013961611844,0.9900613103969029,-0.1226991855960214,-0.06872780739439104,39.47679252235131,0.23826004300882309,2.5112218179534658,273.758079275103,61.62830549163878,-42.546906343024986,-0.0690029222509515,-33.87783822484454,-0.7033674056688721,0.1800199884929082,0.03529429317572745,-0.006211277997823725,335.3863847667418,292.8394784237168,30.0710502381255,0.020820459061031894,0.03855214356235442,0.999039659228419,0.2166110593909317,-0.09923455569560681,0.9712013961611844,0.9082939913498945,-0.4160414802207766,-0.04372084186498361,39.30805652598155,0.2342800914355039,3.969518978919643,263.0807783287048,90.06856068333839,316.9405720685887,10.140490217812605,-32.32227033536507,-0.7009868967314503,0.1607068441026248,0.08738165936698791,-0.011159055084729332,353.1493390120432,310.08991108063196,30.098961448922637,-8.28362002232146e-05,0.06922571607054744,0.9976010191317388,0.23260743163246256,-0.027945375151844566,0.972169141022781,0.9904789197087902,-0.11928475278046279,-0.06872159316118848,39.308056525981556,0.23428009143550388,2.509309626644823,273.99660498372276,61.58682032495257,-43.05942793142326,-0.07768878589823927,-33.87549682505899,-0.7033942190029258,0.17983442513454861,0.034753731068110305,-0.006206960521026697,335.5834253086753,292.52399737725204,30.09896144892264,0.020832502374112147,0.03850773274620989,0.9990411209572803,0.21332704497295132,-0.0968438595169382,0.9721691410227811,0.9097227979159572,-0.41291270722241163,-0.043675246607451444
K01V71N,1204,39.51043107805414,0.2485041724241793,18.64215068441212,0.9475045643026967,70.3793440057261,22.57603469615275,-9.106049733668325,28.954624804334543,6.173630948027455,-0.1856415731130462,-0.043259912958729135,0.05409046191174215,71.32684857002879,93.90288326618153,29.69192410087972,0.10733781996885726,0.30109607881451206,0.9475335053320586,0.07956335636274296,0.2354230150952141,0.968630825592379,0.3209863231891386,0.9470690783384268,0.005285941800727219,39.510431078054104,0.248504172424179,17.409975365323803,4.139013060802191,49.76186631700201,22.57603469615283,-0.1042427924474438,30.35269511857156,6.1731022082526215,-0.19145494748454825,0.014839006766410104,0.048834401488952676,53.9008793778042,76.47691407395703,29.691924100879707,0.19327746848035285,0.22840447330577637,0.9541882501643673,0.14641467144716375,0.20079110462678662,0.9686308255923791,0.59170805424067,0.8058630173530403,0.02159573590720559,39.45122626633879,0.2463382200881676,18.65918549253836,1.364078469519081,70.44001826990856,22.396694773091,-9.115034668888402,28.95423379912586,6.173843441001974,-0.18542284855583874,-0.0437432743130303,0.054056150535028935,71.80409673942765,94.20079151251865,29.73288140759333,0.10711322088119327,0.30147502089573036,0.9474384252754242,0.07692329529722611,0.23401992504233962,0.9691839254361339,0.3134460353872053,0.9495754711911178,0.007616259725710531,39.45122626633881,0.24633822008816741,17.42590478564458,4.548302473589924,49.829751591077,22.396694773090914,-0.11292865609695749,30.355036518356634,6.173075394918641,-0.19139153153278446,0.014312154717268911,0.048801824860719725,54.37805406466693,76.77474883775784,29.732881407593347,0.19317783137542088,0.2288360153184896,0.9541050275301171,0.14347584564955998,0.20024285353377796,0.969183925436134,0.5852153843381472,0.8105300651789751,0.023747997282319817
K02CP1E,1217,39.06171640821262,0.2621675121995876,9.307174820180256,214.9377276279,342.6443711793398,10.79427455909143,-23.318687253026827,-17.072530525714342,-3.8105280360483196,0.11244187266295216,-0.17291978889433543,-0.02155174939433998,197.58209880723984,208.37637336633128,28.821003395225702,0.1543642126980143,-0.048243560509119134,0.9868354719544313,-0.24992038102085323,-0.07919348207594154,0.9650223808529412,-0.9510361542559089,-0.29487617258587434,-0.09261898368712847,39.06171640821261,0.26216751219958767,10.292249087473655,222.19966352515362,317.90548376299586,10.794274559091422,-27.27115982169478,-9.230934617225284,-4.563582555572583,0.055526871005278595,-0.19880766690281815,-0.020029583075809907,180.1051472881495,190.89942184724094,28.8210033952257,0.13257963046278928,-0.11977184177085988,0.9839092171055043,-0.26216707073116674,-0.00048112073367157876,0.9650223808529412,-0.9927528176727332,0.00618512963572776,-0.12001494562860934,39.30461276483603,0.2666114891867936,9.293677865606004,215.0741800120672,342.544105078193,10.6520935892974,-23.327672188246996,-17.072921530922986,-3.8103155430737887,0.11246080820749471,-0.1733162463330977,-0.021535361938472216,197.6182850902602,208.2703786795576,28.825551423692836,0.15405778741802537,-0.048443885509384464,0.9868735420977787,-0.25410584331646324,-0.08069638504188897,0.9638040847773993,-0.9508314544106838,-0.2954784965204191,-0.09280088036918838,39.304612764836044,0.2666114891867941,10.280908537446855,222.33513606412276,317.8059151772022,10.652093589297241,-27.279845685344373,-9.228593217440142,-4.563609368906555,0.05542474856716685,-0.19919132328445008,-0.020016003945716614,180.14105124132493,190.79314483062217,28.82555142369283,0.13222700675704502,-0.11987125589740698,0.9839445617989109,-0.26661068128754234,-0.0006563457873477143,0.9638040847773991,-0.9927346223609321,0.005549109040413336,-0.12019640990793021
K02G31W,1222,39.1311635567597,0.2458761823016756,2.653660064762569,196.9474269986638,227.0377852062541,112.2892947453901,-42.06265207159541,-14.51609169767526,-0.9681519398280488,0.017206906480663677,-0.13806014158091837,0.004944535776320994,63.9852122049179,176.274506950308,29.509742452401166,-0.03155319721692673,-0.03388143099330237,0.9989276472193749,0.1078420575135711,0.22096422256665543,0.9693012446998885,0.43883185745521147,0.8984678433351241,-0.013495753967081777,39.1311635567597,0.24587618230167552,3.6950025756841915,175.09378700646002,231.2772081045046,112.28929474540439,-44.43905320177779,-1.1318101482826428,-2.1932833760841253,-0.025428293504233177,-0.13680828030968017,0.004245596093764878,46.3709951109646,158.660289856369,29.509742452401174,-0.04031393460165574,-0.05027901434457181,0.9979212430815729,0.16965113666756892,0.17797075279564512,0.9693012446998885,0.6898473483994331,0.7239338763301789,0.005511679220754251,39.32758517319393,0.2427750048339672,2.646788878967451,197.9169876471697,227.101084006536,111.2408921122983,-42.071637006815436,-14.516482702884248,-0.9679394468535152,0.01728967280861512,-0.13847996353259506,0.004943164222996831,65.0180716537057,176.258963766004,29.779830492663518,-0.03143420034742569,-0.03382851176123117,0.9989331923810211,0.10253174615754944,0.22006122784810742,0.9700826238150373,0.4225728007859638,0.9062176377636106,-0.01420637328973135,39.32758517319387,0.24277500483396786,3.689715502444043,176.04483655624364,231.35912033260107,111.24089211231303,-44.44773906542734,-1.129468748497871,-2.193310189418094,-0.025476156128131547,-0.1372334914854771,0.00424290490040603,47.40395688884473,158.64484900115775,29.779830492663443,-0.04018451116925143,-0.05026467174873803,0.997927185638351,0.16431622485331482,0.178717322109772,0.9700826238150372,0.6767134591785006,0.736233109215197,0.0044388131287314775
K02G32E,1225,39.18566070900802,0.231060629089172,15.73864708189132,105.6127770997061,203.8281750400136,308.1394486331995,-21.397968661295927,-27.530568310813738,4.661004035457616,0.15852957202007742,-0.06999278417261166,0.03609260621414352,309.4409521397197,257.5804007729191,30.131397294309775,-0.24812871283245708,-0.10958358578477974,0.9625090023447354,0.14678881155274656,-0.17844343394481113,0.972939353549293,0.6206953350332913,-0.7392498044880117,0.26124132068328443,39.18566070900802,0.23106062908917213,15.985661474358317,99.90562667732324,191.73598946799436,-51.86055136684181,-28.832185803458803,-19.78061525098625,3.868143618328432,0.12893677684702934,-0.11461105092470089,0.03965987703797029,291.6416161453176,239.78106477847578,30.13139729430977,-0.26963968332119925,-0.056016350698584745,0.9613306453207744,0.0852151110735375,-0.21477290136283173,0.972939353549293,0.3610516055209264,-0.8922122913826623,0.27129129226066295,39.29243655258336,0.2301856910084259,15.70075408733511,104.8233497991565,203.7422597434693,308.7635803040026,-21.40695359651216,-27.53095931602407,4.661216528433018,0.15851761750320487,-0.07045822794703469,0.036070357814660566,308.5656095426258,257.3291898466284,30.247879893322228,-0.24771001301309037,-0.10895507391065437,0.9626881848875982,0.14350015252970036,-0.17998099502163906,0.973146724628395,0.6088877626095256,-0.7488775093561225,0.2616068969368672,39.29243655258334,0.23018569100842579,15.945639013342616,99.1012658831017,191.66550208683697,-51.23641969603305,-28.84087166710518,-19.778273851203906,3.86811680499542,0.1287854517684798,-0.11505113968797298,0.03963344959113955,290.76676796993866,239.5303482739056,30.247879893322217,-0.26905068489810546,-0.05554879592325492,0.9615227819596044,0.08161571955997884,-0.21523086829201185,0.9731467246283951,0.3468826401357501,-0.8978234337780058,0.271266503150541
K02G32L,1226,39.30613300578722,0.1218635551754686,7.092287580170193,192.5297152622281,11.22107060437931,27.6975007835213,-18.21670430151832,-29.96449112713512,-3.215855865039317,0.14533278414285877,-0.09992463032485277,-0.01571367020535995,203.75078586660743,231.44828665012872,34.51614789750216,0.1211076461929585,0.024026246717338804,0.9923485665340979,-0.1115424377466466,-0.04908167337754435,0.9925468623294296,-0.9156289725583446,-0.4011310290387967,-0.026785857350965787,39.30613300578723,0.12186355517546898,7.433799399071497,204.7474395841681,341.5182219030735,27.697500783521303,-26.31863362530773,-23.06181960586441,-3.9424324503042887,0.1087502579956002,-0.13915814988271574,-0.012722422359994864,186.26566148724157,213.96316227076287,34.51614789750216,0.12270770661981685,-0.041014034908846635,0.9915950119260387,-0.12113560845933852,-0.01330001666128312,0.9925468623294296,-0.9929111712034435,-0.10580156939059249,-0.0541611854919503,39.45487791086993,0.1255801233615699,7.07781723143701,192.5953420050464,11.09273344227436,27.52635015072744,-18.225689236738425,-29.964882132343824,-3.215643372064796,0.14532967471032132,-0.10037001242168125,-0.01570119569431865,203.68807544732076,231.2144255980482,34.50012947560721,0.12091521456031336,0.023706696960950385,0.9923797173496821,-0.11499952427598156,-0.050452718458028026,0.9920834806690881,-0.9160659365604851,-0.40012653479231675,-0.02686923945061178,39.45487791086994,0.1255801233615702,7.423009129059122,204.82786599326838,341.3748618443887,27.52635015072741,-26.32731948895728,-23.059478206079348,-3.9424592636382694,0.10861246283534315,-0.13958178606960084,-0.012713740819638455,186.2027278376571,213.72907798838452,34.5001294756072,0.12242773618633353,-0.04126129202078553,0.9916193600334077,-0.12484495484351191,-0.013568516264819114,0.9920834806690881,-0.9930219475221925,-0.10471200484364596,-0.054247652307322876
K02G32R,1227,39.42264929377106,0.2728802299078431,3.325610983770423,342.7362206169971,207.0483868360188,40.66219796849129,-7.542110400996975,-32.06790439359057,1.4602972274461463,0.1687471695368034,-0.08206120260618704,0.00870588447583336,189.78460745301595,230.44680542150724,28.664987690910543,-0.051665274841376486,-0.026379755406566598,0.998315985988532,-0.2689108021512157,-0.046374565884189464,0.9620480134200385,-0.9852263243957516,-0.17038986640861775,-0.017215781797248846,39.42264929377105,0.272880229907843,3.9084743532053157,319.24075475523006,212.91627067771176,40.66219796861073,-16.910559325363042,-28.291514100222493,0.9947877713701212,0.13578365143389667,-0.1292021740664833,0.012451459518269703,172.15702543294185,212.81922340155256,28.664987690910543,-0.05722036885719538,-0.03704057082121411,0.9976742080965535,-0.2703276451053963,0.037236865688832346,0.9620480134200387,-0.9898206138054466,0.13518394100324882,-0.04450229859950098,39.53698648023738,0.2757369011260577,3.320619243133359,342.8728799088008,206.9265255041594,40.39132038581549,-7.551095336203971,-32.06829539880593,1.460509720421349,0.16872836672376673,-0.08251855758046484,0.008701991896418803,189.79940541296025,230.19072579877576,28.635180348313884,-0.051643717964656936,-0.026230423125299857,0.998321036188988,-0.27171380730604056,-0.04693022013433525,0.9612331462020016,-0.9851857576765897,-0.17064011215300473,-0.017057989201947576,39.536986480237346,0.27573690112605775,3.901078065972741,319.3214586955986,212.85041673257,40.39132038595252,-16.919245189002126,-28.289172700447736,0.9947609580371111,0.13562773727022107,-0.12963248319877446,0.012443268383952941,172.17187542816862,212.56319581412114,28.63518034831386,-0.057154709251517014,-0.036904917322551,0.9976829988968391,-0.2731673373184075,0.03755588455851807,0.9612331462020016,-0.9898618687801595,0.13493313156858666,-0.04434558309623116
K02GG6H,1230,39.08278801347804,0.1916271718513455,8.676918000794608,219.4294097070585,10.89566618503545,4.524556596437179,-17.222327090158124,-26.304471341732985,-3.445137776139829,0.16060615428311958,-0.1068892165799131,-0.020651126221559023,230.32507589209396,234.84963248853114,31.593463878389578,0.14814298852361105,0.028516222252689287,0.9885547430566142,-0.12234073142514057,-0.14749141814392702,0.9814677921400451,-0.6398050545998217,-0.762540891603747,-0.09581691260253344,39.082788013478016,0.19162717185134515,8.997357448881605,229.5060599737701,343.35562097059557,4.52455659644407,-24.2595664947943,-19.873160647581756,-4.115052444999151,0.12133757286009972,-0.15041110381639416,-0.01731484016829011,212.86168094436562,217.38623754080967,31.59346387838957,0.14983637313690612,-0.044794563516304904,0.9876955544926592,-0.16096355680060187,-0.10397935551754679,0.9814677921400452,-0.8373027549233689,-0.5336476352211805,-0.11892980291154416,39.23591137681682,0.1948008696320648,8.660482047176474,219.0355664819245,10.78190560603993,4.818687105877235,-17.23131202537461,-26.30486234694411,-3.444925283165768,0.16059280794685618,-0.10732993069588997,-0.020635342404089405,229.81747208796443,234.63615919384168,31.59272171980628,0.14792073713384862,0.02816897836510506,0.9885979790509614,-0.12569034076858698,-0.14882646621782428,0.9808428116628022,-0.6465681034759577,-0.7569385701773537,-0.09483505968452051,39.23591137681683,0.19480086963206567,8.984177141420423,229.12463782187012,343.22918543133,4.818687105889924,-24.268252358441117,-19.870819247800092,-4.115079258333516,0.12119134111190277,-0.15082719776437933,-0.0173030805817237,212.35382325320006,217.17251035908998,31.592721719806253,0.14951961026740598,-0.0450595394858443,0.9877315040266796,-0.1645598839625735,-0.10424693472535963,0.980842811662802,-0.8420827740090382,-0.5262640749752134,-0.11807931701922315
K02TU1H,1245,39.61075988047914,0.04021891599119314,1.540275164539274,240.5032957510329,93.47025909684179,81.8139739307189,19.490440172435733,34.290915857574475,-0.5789370068092387,-0.13538058949090367,0.08435002153033108,0.0034963310516317432,333.9735548478747,55.78752877859358,38.017658056498824,-0.0016270356802007666,0.02683034736573091,0.999638677330529,0.036140380802209854,-0.017647494977415717,0.9991908920704258,0.8982777053712562,-0.43880497912590255,-0.02339560487072067,39.61075988047911,0.040218915991193094,0.38498325325269844,329.1348380297711,347.2615192356237,81.81397393190024,28.943366712181696,26.80136379332449,0.21853765453545804,-0.10363294513571013,0.12130480476855166,0.0006414798959909528,316.39635726539484,38.21033119729509,38.017658056498796,0.006553793519892588,-0.0014815870372047665,0.9999774260903842,0.029123643823901584,-0.02773760216610597,0.9991908920704258,0.7241305691345463,-0.6896542877217058,-0.0034470671511455087,39.37390761853895,0.03782086146911113,1.541398570826674,232.1442708594732,93.44494394874681,90.47112393660181,19.481455237451986,34.29052485221697,-0.5787245138408011,-0.13519555211851375,0.08378113022497131,0.0034959301506242105,325.58921480822005,56.06033874482188,37.88475251300061,-0.0016163587524294744,0.02685062825597948,0.9996381501056483,0.03120248059814515,-0.02137341261446263,0.9992845352739801,0.8247219505130766,-0.5651394780321165,-0.02123851952215757,39.37390761853891,0.03782086146911112,0.3856924302086423,320.58610976296796,347.42592033438655,90.47112393739013,28.934680848712613,26.80370519289631,0.21851084120036546,-0.10362839146276091,0.1207065945251167,0.0006412043443885197,308.01203009735445,38.48315403474459,37.88475251300057,0.0065700980429372466,-0.0014654704351934889,0.9999773428473816,0.023291104489589914,-0.029798355892912933,0.9992845352739801,0.615830048013246,-0.7878674285936705,-0.004273982358500661
K02VD0X,1250,39.710481453816,0.2274977296010137,1.321359040183359,105.9365008175591,296.8373756450272,22.38390447467885,6.366691858928984,31.133381659106472,0.4552431522018317,-0.1847980812548905,0.059900333557165855,-0.003179696539871884,42.77387646258626,65.1577809372651,30.6764370817097,0.01041067051980291,-0.020576261470330353,0.9997340823455169,0.1669923364944941,0.15449523140124938,0.9737786108897566,0.7338114171419621,0.6789912584481694,0.022173746257152707,39.71048145381603,0.2274977296010141,2.890680549001341,110.97703057496791,274.21740323991713,22.383904474678722,15.455513794900657,27.755715284882594,0.8813781514971994,-0.157922901124653,0.11292518459262872,-0.007533342613230708,25.19443381488503,47.57833828956375,30.676437081709704,0.0037087150027931112,-0.050293936191136514,0.9987275731726996,0.20585550929770735,0.0968438240952806,0.9737786108897566,0.9036835335640999,0.42560401330970077,0.04708816220430128,39.47408352609239,0.2224151294193533,1.320628392362864,105.8858577522562,296.902578576364,22.64279438564691,6.357706923708832,31.132990653897785,0.4554556451763569,-0.18457992204409168,0.059347829537983995,-0.00317562286510269,42.78843632862021,65.43123071426712,30.694450129926192,0.01042831115835147,-0.02055303163793135,0.9997343763304705,0.1632231187138214,0.15108508633204487,0.9749520553367598,0.7336391466889083,0.6791776081108358,0.02216707212092627,39.47408352609237,0.22241512941935304,2.8898201978641254,110.96319204625765,274.2458204537055,22.642794385646866,15.44682793125107,27.75805668466769,0.881351338163222,-0.1578819598675757,0.11233259074902778,-0.007528139028909548,25.209012499963137,47.85180688561,30.694450129926185,0.0037325487239384812,-0.050277134877806544,0.9987283303223666,0.20123232742358782,0.09473141081137504,0.9749520553367599,0.9035758276695248,0.42583369626977197,0.04707851710235514
K02VD8D,1254,39.71683420765012,0.1512732488886318,2.78511477395672,40.97362728058904,315.0321851001511,60.13004279012966,11.24641426832572,35.71980506158915,1.6160706945602725,-0.15135268651220357,0.07255267501689842,-0.0027063264455243056,356.0058123807401,56.135855170869775,33.70873966148774,0.034377812970824276,-0.03433921214216342,0.9988187946193235,0.1509058245596256,-0.01053697979980254,0.9884919848793303,0.9970237538775208,-0.07020325832477686,0.03186121034363744,39.71683420765013,0.15127324888863192,4.248816241804269,50.84374388843088,287.59739462748115,60.13004279012963,21.458452138365065,30.653827812878085,2.208090638190438,-0.12224457076180296,0.11488338387345554,-0.00607647911586914,338.44113851591203,38.57118130604164,33.70873966148774,0.022398734877525733,-0.07062090061730548,0.9972517160034807,0.14069025719579484,-0.05558639545341176,0.9884919848793302,0.9280091932467409,-0.36810116197110243,0.05744973285453247,39.48992337162242,0.14728045288095,2.783296135069075,39.42497459385385,315.1408525017279,61.86661099172824,11.237429333105649,35.71941405638042,1.6162831875347978,-0.15115694391825643,0.07199169082599355,-0.0027025700448107853,354.56582709558177,56.432438087310004,33.673829573215855,0.0344204059942401,-0.034251586553845456,0.998820336431801,0.1466185242351406,-0.0139477651230305,0.9890947721018357,0.9949772222500992,-0.0952331201146403,0.03083796421145753,39.48992337162241,0.14728045288095004,4.246117890437628,49.33782061320527,287.66338558964344,61.86661099172836,21.449766274715543,30.656169212663116,2.208063824856463,-0.12222754273606287,0.11428947755609492,-0.006072251987382222,337.0012062028487,38.86781719457707,33.67382957321585,0.022465807750190036,-0.07055030423165937,0.9972552040751413,0.13557358315835252,-0.05754420344763679,0.9890947721018357,0.9185291335751009,-0.39134351082251373,0.05616482271745814
K03FC7L,1258,39.0815432440678,0.2408667959706789,3.501097224621584,55.8842694925315,314.3532376749239,169.2536799104963,-48.25081164731587,-2.8672348701346104,-2.2334954287888817,0.0029874676039520556,-0.1253362782570878,-0.005230063345542782,10.23750716745542,179.4911870779517,29.668097141279656,0.042691174694412325,-0.043666027603689116,0.9981336291481843,0.2370320697031604,0.042809009956045044,0.9705581830054391,0.9829746021342973,0.17664877532004092,0.05055830037540141,39.08154324406776,0.2408667959706794,4.961740593885483,64.13323262865194,288.5436453490473,169.25367991101808,-46.78351377959023,11.842152868636308,-3.523721913890168,-0.03485587367915582,-0.12038346964470506,-0.006192695615505117,352.6768779776993,161.93055788871743,29.668097141279606,0.027506314056883047,-0.08200006897229732,0.9962526744634328,0.23890206579972736,-0.030702057875713024,0.970558183005439,0.988646262160147,-0.12853723283287605,0.0778251122224496,39.25910150603987,0.2354673717964244,3.494693081210546,56.06801035044148,314.2502683200666,169.2341371890481,-48.25979658253649,-2.86762587531609,-2.233282935813176,0.0030797644431260103,-0.1257646283176835,-0.005224615422172419,10.318278670508107,179.55241585955622,30.014864055323613,0.04253478172967459,-0.04366276569828117,0.9981404486517846,0.23165938070932854,0.042175994476549614,0.9718822546066392,0.9827227892866791,0.17803948200485942,0.05057531279241618,39.259101506039876,0.23546737179642407,4.956302788364139,64.29642916393756,288.461103170765,169.23413718951372,-46.79219964323208,11.844494268447482,-3.523748727222751,-0.0348974175123468,-0.12081968947175557,-0.006188390593468695,352.75753233470255,161.99166952421626,30.01486405532363,0.027358212544935298,-0.08194992378674266,0.9962608785843662,0.2335887028428211,-0.02968503132765116,0.9718822546066394,0.9888257759954742,-0.1271354281114065,0.07784707859565411
K03H57A,1267,39.27658916987698,0.1677543104896262,27.69062237945346,3.607931655154306,199.8146533924135,24.91892307320931,-18.455964615135635,-26.288780683144605,9.696340513439022,0.14248476621975084,-0.09346242337551963,0.07149295100399879,203.42258504756782,228.34150812077712,32.68777203529994,-0.4371843179693778,-0.15752235329508688,0.8854696947575494,-0.15393102067988398,-0.0666839527944995,0.9858288346929959,-0.9200411052391335,-0.3907290937416023,0.029242776445132252,39.27658916987694,0.16775431048962564,27.79337126905278,0.22325305354567462,185.22809101005538,24.91892307320918,-25.792437235994278,-19.48554997310325,8.98916918892765,0.10558511180687989,-0.13213751405088525,0.07443007978205368,185.45134406360106,210.37026713681024,32.687772035299936,-0.4643444815955352,-0.04248821315965788,0.884634927048595,-0.16699559670552164,-0.015936730179572353,0.985828834692996,-0.995518192800104,-0.09455277245065533,0.0018168725627579188,39.41092581683699,0.1708990883995097,27.63428548287261,3.616177383401045,199.7114389402375,24.80386775497222,-18.464949550355787,-26.28917168835329,9.69655300641356,0.14248356565768883,-0.09391213673583962,0.07144697569168988,203.32761632363855,228.13148407861078,32.675634521758845,-0.4366475294759799,-0.15644080868810029,0.8859261867557232,-0.1569290489572622,-0.06767401280515764,0.9852885372235975,-0.9206823419709511,-0.3892148429921426,0.0292545924170283,39.410925816836986,0.17089908839950985,27.73430089309293,0.22462303878430961,185.13255087140584,24.80386775497209,-25.801123099643867,-19.48320857331815,8.989142375593685,0.10544943807081085,-0.1325658557855659,0.0743803477721075,185.35717391019014,210.16104166516223,32.67563452175884,-0.46350606058300375,-0.04163225178993901,0.8851151831336552,-0.1701526060246564,-0.015955847793255484,0.9852885372235975,-0.9956723207112658,-0.09291555934958917,0.0018244451746413917
K03H57F,1268,39.15454257787752,0.189357350073497,1.42596146683518,122.4427818678084,48.16153086541082,48.62191220454932,-18.58086974854551,-29.900672338646437,-0.1518827146114794,0.13317158324736378,-0.11626634565385396,-0.004400313045724186,170.60431273321922,219.22622493776854,31.740342151990724,0.016599214633505683,0.018540143892008566,0.9996903166171084,-0.1868170175652132,0.03091290951844739,0.9819082411168282,-0.9863897391723826,0.16307737184786847,0.02100126773866588,39.1545425778775,0.18935735007349674,1.4949312125539103,187.83214706187775,325.20670802431215,48.621912204550206,-26.730796645971893,-22.89097633867326,-0.8886552810321412,0.09191532461970033,-0.15106282583269626,-0.0018687489684121499,153.03885508618987,201.66076729074007,31.740342151990717,0.021424303600464743,-0.014886559275061427,0.9996596368605593,-0.16877689358821715,0.08585200182621501,0.9819082411168282,-0.8912877263238073,0.4534242495000882,-0.00355511881935376,39.32498554090737,0.1926701667401526,1.422023130009589,123.0464192440356,48.13711215510873,47.82798845978328,-18.58985468376555,-29.90106334385518,-0.15167022163695593,0.13317662480192136,-0.11670077479365931,-0.004395421258543841,171.18353139914433,219.0115198589276,31.74823401968666,0.01656125723773821,0.018481892225425258,0.9996920247848701,-0.190393646895927,0.02953053289981881,0.9812635766440747,-0.9879921092438564,0.15309759874034956,0.020801858854790394,39.32498554090733,0.19267016674015225,1.4938468936524636,188.5583550003172,325.05967628514884,47.827988459784414,-26.739482509621393,-22.888634938888252,-0.888682094366118,0.0917888129935179,-0.15147848296711167,-0.00186734205105615,153.61803128546603,201.44601974525045,31.748234019686638,0.02137052297020941,-0.014930653930218628,0.9996601304049271,-0.17260388580292144,0.08561361899493636,0.9812635766440747,-0.8958226776055414,0.44439473340288393,-0.0038795890785128955
K03SV7O,1295,39.67823897015393,0.2770285282534667,6.546190567290972,113.6175460662465,187.2126185711826,64.27802888965138,30.177333596068188,22.58192698380842,-2.136048162890382,-0.059925278229520096,0.15441531910545656,-0.018442668491162443,300.8301646374291,5.108193527080516,28.68623482456284,-0.11310206562097885,-0.014313420985414285,0.9934802709324237,0.14197573903048966,-0.23788168276062807,0.9608616937591581,0.5117450119578222,-0.8527638333789566,0.10445519238944312,39.67823897015388,0.2770285282534667,6.450891274328859,99.65970599410548,183.49928547263573,64.27802889194754,35.634370133729114,12.411115665698071,-1.154757173472509,-0.009968459220392318,0.16530362412717478,-0.01872440753651169,283.1589914667412,347.43702035868876,28.686234824562803,-0.11214210015269094,-0.006857500936074631,0.9936685181962119,0.06306664931031747,-0.2697543386324884,0.9608616937591581,0.22727301850595957,-0.9675120169868475,0.11075862063619091,39.33972699546348,0.2754137764980317,6.563948309316284,111.9959657301984,187.3059329739443,65.92324190748236,30.16834866088506,22.581535978501975,-2.1358356699047443,-0.05979081442106783,0.15379946686671003,-0.018428364882014898,299.3018987041427,5.225140611625022,28.505024217241314,-0.11338400929500399,-0.014536760315544775,0.9934448897828801,0.13479062834868724,-0.24017542504235073,0.96132577813928,0.4886384321265996,-0.8660244345402974,0.10599132713583986,39.33972699546346,0.2754137764980318,6.470692107178656,98.07730305021545,183.55315456726822,65.9232419096699,35.625684270084975,12.413457065378797,-1.1547839867952194,-0.010026683724348001,0.16467592388357832,-0.018711703194132203,281.63045761748367,347.5536995271536,28.5050242172413,-0.11247833803405267,-0.006984214844637893,0.9936296313094237,0.05552303752239353,-0.26975904171907694,0.96132577813928,0.20120773712566953,-0.9731731743305765,0.11157696574166596
K03UT2V,1307,39.48851623925747,0.2185484362454969,10.95398164694036,122.7118133650524,235.5826912104775,67.96647603295777,-0.5183796996773065,37.79774869713325,-4.217684494995936,-0.15969517788518103,0.030409375316696692,-0.02882441213618949,358.2945045755299,66.26098060848767,30.85836276551284,-0.10740268319943157,-0.15675605620307706,0.9817801192146948,0.2184516215034095,-0.006504463689124917,0.975826101830981,0.9869104752572622,-0.02109723904859051,0.15988314586600957,39.488516239257436,0.2185484362454969,11.989854475829953,116.71318050566198,223.87956613407925,67.96647603301645,11.035703570062202,36.188566451334644,-3.9151362038961137,-0.1422004301404491,0.07722893645805436,-0.032754476386553544,340.5927466397412,48.55922267275764,30.858362765512812,-0.14973755862475185,-0.14399285178304874,0.9781844009042896,0.20613064532433129,-0.07261939164938501,0.975826101830981,0.9296731651499985,-0.3182342115772167,0.18556614072025807,39.33628272312716,0.2153841192349265,10.97264606525513,121.9617683554598,235.6684970198941,68.97460570052989,-0.5273646348897476,37.797357691923025,-4.2174720020200445,-0.15949384377604547,0.02987663747213042,-0.02880315021269138,357.6302653753539,66.60487107588375,30.86387211483036,-0.1073481725688619,-0.15718082152051976,0.9817181668851098,0.21519992504117386,-0.008905676890511856,0.9765294062041321,0.9863365573468718,-0.03260035946391454,0.16148502160864547,39.33628272312717,0.21538411923492662,12.01011993808815,115.98018496360316,223.94825751613266,68.97460570057775,11.027017706419459,36.190907851115945,-3.9151630172285357,-0.14217002679480623,0.07666026785512373,-0.03273236845720667,339.92844247973585,48.90304818031359,30.863872114830365,-0.14981390619336665,-0.14441237326434564,0.9781108628162988,0.20230270749927914,-0.07391842366464665,0.9765294062041321,0.9256086299500228,-0.3290265810952288,0.18705660398613685
K03WJ1A,1309,39.43352371549437,0.2385731323704458,4.5218155899535,226.5822536824337,179.0814081617757,36.32536267467545,-7.263921669647868,32.01017219442577,-2.5219839969967186,-0.18792169463291902,-0.008796575156601816,0.0009338464230058867,45.6636618442094,81.98902451888486,30.025744442284612,-0.07882853805736371,0.0012639230518628646,0.9968873878659804,0.1667313788317724,0.17063934716794443,0.9711245339867353,0.698832805974043,0.7129890484662321,-0.05726540021393791,39.43352371549434,0.23857313237044564,4.289989799571511,206.14018382379658,181.88200616432601,36.32536267467865,2.813385010270084,32.70903472866191,-2.445403264055309,-0.18175664043850517,0.04838111478307862,-0.004075108120049501,28.02218998812259,64.34755266280123,30.0257444422846,-0.07476415539995643,-0.0024566770708680133,0.9971982179111135,0.2106041795764614,0.11208487424256572,0.9711245339867354,0.8828062443528655,0.4685797707288151,-0.03295653797533531,39.32399287159173,0.2352527602463357,4.518725748930985,226.5948095917486,179.2274698195904,36.48159662593934,-7.27290660486751,32.009781189217094,-2.521771504022196,-0.18770144183510135,-0.009303035399249746,0.0009351630151567415,45.82227941133897,82.30387603727831,30.072915004642546,-0.07877774870602101,0.0010622401360422713,0.9968916380202536,0.16394442097651998,0.16871896169130932,0.9719342255505155,0.696855832435677,0.7149235871247468,-0.057238216019231444,39.323992871591685,0.23525276024633546,4.291116307087488,206.14019226374245,182.04060544590052,36.48159662594208,2.804699146620984,32.711376128446865,-2.445430077389276,-0.18169972473094026,0.04783178129547558,-0.004072222400959706,28.180797709643002,64.66239433558508,30.07291500464252,-0.07477666243039277,-0.0026643186636870985,0.9971967469671316,0.20736631555890989,0.1110993806240269,0.9719342255505155,0.8815057512571463,0.47102113225414516,-0.03296518573582068
K03WJ3O,1310,39.75069859316706,0.2480899505603728,6.630172135523909,223.3992047924239,112.8900504325264,52.45883367863351,20.024343352043708,29.281150693637397,-3.468158842095951,-0.1181699899474056,0.130176905440885,0.006768555336435625,336.2892552249503,28.748088903583835,29.88894974444796,-0.04490987724485617,0.1063680954456523,0.9933121016060946,0.22714798300513342,-0.09976180324025745,0.9687370006513387,0.9113539460913478,-0.4039068152894919,-0.07933012987780252,39.750698593167066,0.24808995056037264,5.060337034469005,221.743532430469,96.95489883324085,52.45883367878546,28.01897456375894,21.864356885080063,-2.697258010522658,-0.07348476478869564,0.15979190486565373,0.004745846503353864,318.69843126370984,11.157264942495317,29.888949744447974,-0.010680539626499312,0.08755573635547478,0.9961023637681709,0.18637659853690805,-0.16374488415477395,0.9687370006513387,0.7486701212407519,-0.6603364648086325,-0.0587265085408231,39.42901006774635,0.2441176827878805,6.629363158899266,222.0917152762266,112.9207413286651,53.94368549399383,20.0153584168326,29.280759688418538,-3.467946349121936,-0.11799648789807211,0.12957729888348923,0.006765961242665591,335.0124566048917,28.95614209888555,29.803691495388097,-0.044961385537409235,0.10633110634189218,0.9933137317256143,0.22126818139137247,-0.10312048755450556,0.9697456145558359,0.902271585186772,-0.4241667351740715,-0.07738583420961934,39.42901006774634,0.2441176827878806,5.059631077952196,220.4262623792708,96.99532256684114,53.94368549413032,28.01028870011491,21.866698284852735,-2.697284823856992,-0.073500417791095,0.15916789882559562,0.004742820019531318,317.4215849461119,11.365270440242227,29.80369149538809,-0.010740815182558979,0.08753599726551539,0.996103450486919,0.17975655207684463,-0.1651696855817342,0.9697456145558359,0.7338440512937773,-0.6769063466319278,-0.057190088915408485
K04E95V,1328,39.30306033509829,0.1872341215449518,12.31375379320858,253.9194686462963,192.276919110546,124.4050449872303,-30.841244673197306,-31.307434835057155,5.246192475087674,0.08593672905369557,-0.1078494497444704,0.026992548139437536,86.19638775684234,210.60143274407264,31.94418635922792,-0.20838782998724897,-0.04534796530355202,0.9769944085592472,0.01242051382164969,0.18682169870525211,0.9823153178736908,0.07103724082833532,0.9761973516799544,-0.20492057238974526,39.303060335098316,0.18723412154495167,12.267341570741047,246.50141316758155,181.94304586791355,124.40504498722997,-38.98748141709639,-20.528447693421036,4.1736689469911195,0.04858090844538536,-0.12877059248793044,0.028341713261932917,68.44445903549513,192.8495040227251,31.94418635922795,-0.21235127154740271,-0.007204134613562828,0.9771668424157007,0.06879037342238561,0.17413931432941407,0.9823153178736909,0.3681129549185737,0.9091342926110709,-0.19485299694817018,39.46944036819153,0.1853796576970217,12.27680252338543,255.3056111047191,192.1567788458603,122.935761492856,-30.8502296084174,-31.307825840265824,5.246404968062194,0.08597342954475692,-0.10828952026875166,0.026976399010626834,87.4623899505794,210.39815144343538,32.15260902324317,-0.2078664611634354,-0.04477821212536699,0.9771317444655279,0.008207716294599285,0.1851978695371313,0.9826669743672752,0.04893342809200926,0.9773951263586013,-0.20568005879427867,39.469440368191485,0.18537965769702192,12.227392438754276,247.86502920211333,181.84597849754041,122.9357614928562,-38.996167280745915,-20.52610629363594,4.173642133657139,0.048483441505663936,-0.1292011908857847,0.028322871760577087,69.71100769965375,192.64676919250996,32.15260902324313,-0.21168215006731153,-0.006822421535080797,0.9773147506854063,0.06428140799457903,0.17387788264784998,0.9826669743672751,0.3474323558653196,0.9169531561791899,-0.1961827399923248
K04E96J,1330,39.36232949550672,0.2369443830265334,9.36127331235566,233.0715679386732,18.79245014876944,345.4828988113093,-20.534112564168776,-22.47592351298049,-2.4172447846165923,0.1579767301962493,-0.11996773818514733,-0.027112516710215112,251.86401808744264,237.34691689875194,30.035646618706764,0.15398801577614146,0.0523991551055803,0.98668232959831,-0.073754458815558,-0.22517308998334754,0.9715232160644313,-0.3147027969981562,-0.9402419893517828,-0.13002750101935787,39.36232949550673,0.23694438302653376,9.45935154052114,242.71960098896506,351.6912779946564,-14.517101188690745,-26.28768191862669,-15.223055687687756,-3.1426650764477326,0.1150607333223104,-0.16208435722883643,-0.023951677189028017,234.4108789836214,219.89377779493066,30.035646618706753,0.16262281718145638,-0.02374938646372747,0.9864024462533348,-0.1378941844473461,-0.19268584416979373,0.971523216064431,-0.5802221856646238,-0.8012529712144708,-0.14606810528842026,39.53758463508095,0.2395651683299884,9.340010213993246,232.4459934498654,18.71682391212001,345.99492330611,-20.543097499388914,-22.47631451818913,-2.417032291642057,0.15796514621896932,-0.1203996864842028,-0.0270924021764856,251.16281736198542,237.15774066809547,30.065756516616617,0.15371022975911003,0.052078352721214104,0.9867426262431589,-0.07735079300204292,-0.22673403956823682,0.9708802861954837,-0.32625258436244836,-0.9364855724282629,-0.12866244141369373,39.53758463508091,0.2395651683299882,9.44045118630389,242.11361396388259,351.59577313367294,-14.005076693890189,-26.29636778227625,-15.22071428790262,-3.1426918897816996,0.11491870859596066,-0.16249262723422214,-0.02393546929399801,233.70938709755546,219.70431040366526,30.0657565166166,0.1622611014187502,-0.02397286642653923,0.9864566065680078,-0.14179410277506851,-0.1930955781347385,0.9708802861954837,-0.5901315425397767,-0.7941831198864502,-0.14497563445989134
K04FG4W,1331,39.32169565968189,0.1529238001591275,9.142149527777114,2.062835333323036,198.0803289551265,26.27682221031563,-19.317029276112013,-27.971135872616863,3.314316904731832,0.14124324801188892,-0.11220631024056435,0.02421987232342876,200.14316428844953,226.41998649876516,33.308472530702666,-0.1510390726288901,-0.04930978977910718,0.9872971909062362,-0.14357022915340273,-0.05266192130893239,0.9882379831522826,-0.9389769921835109,-0.34393240584213836,0.0057191224541512965,39.32169565968191,0.1529238001591281,9.289826647326782,352.2367759676765,190.19779552935518,26.27682221031568,-26.945146583572647,-20.82920419619559,2.572952923495654,0.10004447815919382,-0.14963072145768266,0.02698634780812156,182.4345714970317,208.71139370734738,33.30847253070266,-0.15887841290976676,-0.02858042776847342,0.986884394982434,-0.15278576823467233,-0.006495974141723701,0.9882379831522825,-0.9987837157578423,-0.04422216641141247,-0.02180571335313366,39.48751619076099,0.1567493027685853,9.122698868706257,2.203399549250406,197.9777419360544,26.02667256452447,-19.326014211332087,-27.971526877825568,3.3145293977063566,0.14124287957150472,-0.11264346059980718,0.024205581567404492,200.1811414853048,226.20781404982927,33.29787555979598,-0.15080830828039393,-0.04893582736912522,0.9873510717841475,-0.14712593395911291,-0.05407682937355311,0.9876384237571776,-0.9387567242530209,-0.3445267107229627,0.006095758209905642,39.48751619076094,0.15674930276858445,9.26788002634546,352.3539073064447,190.11890956550508,26.026672564524308,-26.953832447222165,-20.826862796410534,2.572926110161678,0.09991251800649141,-0.15004733845324833,0.026968414734018745,182.47281687194982,208.49948943647414,33.297875559795976,-0.15854546373550557,-0.028295237302021842,0.9869461563200476,-0.15660333839964463,-0.006763011202396957,0.9876384237571778,-0.9987636514354328,-0.04485524532809948,-0.021428381598183045
K04H78X,1332,39.41678410010785,0.1520888830227907,16.29630614101127,20.40502671424493,229.0495333922584,15.00415749150089,-0.6901721979433901,-33.122719685465626,6.194196037472705,0.17971240661467863,-0.004887334516726495,0.0406179314820976,249.45456010650335,264.4587175980042,33.42192943397195,-0.1839101793016601,-0.21193422657516212,0.9598233845636494,-0.05337561221120887,-0.1424151409092403,0.9883668203965975,-0.36152984616560946,-0.9272133866227555,0.09783407381393883,39.416784100107854,0.15208888302279144,17.171842932269247,15.839929364017431,215.8392534126792,15.004157495052569,-10.830131248001104,-31.366862456956138,5.898063947843744,0.16865705665535227,-0.05894592843562626,0.0452816325789793,231.67918277669662,246.6833402717492,33.421929433971926,-0.23933893820059365,-0.17286607273527757,0.9554235676170513,-0.09430485986406675,-0.11932150579480243,0.9883668203965973,-0.6271881619558775,-0.7746876614859557,0.08058558583164444,39.40879106075502,0.1526586065862653,16.27203160165089,19.44357502285547,228.9580811889,15.75052029908268,-0.6991571319811811,-33.12311069071767,6.194408530714037,0.1796862544037185,-0.005396414903631373,0.0405926500037999,248.40165621175547,264.15217651083816,33.39269993017089,-0.18398119528909582,-0.21133368435782576,0.9599421824442045,-0.056193278319235596,-0.1419400071741475,0.9882789838072749,-0.37815485854830344,-0.9210316248529131,0.09327190883173403,39.40879106075501,0.1526586065862654,17.14560208549537,14.867217031900648,215.75916605963997,15.750520304160052,-10.838817110544436,-31.364521057569533,5.898037134807165,0.1684791092499152,-0.059423326477268446,0.0452514371762056,230.62638309154062,246.37690339570068,33.39269993017088,-0.23922522683108097,-0.1722756317210192,0.9555586834740929,-0.09684274613704111,-0.1180090364569458,0.9882789838072749,-0.6410381541940346,-0.7637726618501066,0.0756399753960024
K04H78Y,1333,39.1646672594174,0.1924802041322034,12.60910522692977,194.136940930766,25.28447104405883,17.33954748320193,-13.679156246031132,-28.73687581165801,-4.505473119784791,0.16616112647032896,-0.08904660073095139,-0.03388626132968579,219.42141197482482,236.76095945802675,31.626244110554918,0.19738498629552167,0.09323801276405423,0.9758820831232259,-0.14869024835368536,-0.12222863423639349,0.9813008565252684,-0.775012251260814,-0.6296930060607745,-0.053317244056593244,39.16466725941735,0.19248020413220301,12.494258346858972,201.38678329619566,0.6250768574195105,17.339547483202132,-21.58848296289046,-23.262241067060373,-5.102173943531254,0.1323834467355187,-0.13508005684061075,-0.030250570786207256,202.01186015361517,219.3514076368173,31.62624411055489,0.2163289030748442,0.002360166089768544,0.9763176917942558,-0.17844960826209444,-0.07214129395761884,0.9813008565252684,-0.9272005058898763,-0.36616298724317964,-0.07889162598595949,39.29008043326853,0.1954601273606281,12.58401071174418,193.8946061710235,25.18207512149934,17.4484706556807,-13.68814118125128,-28.737266816866683,-4.505260626810257,0.16614405694034884,-0.08949927377540946,-0.03386160672582242,219.07668129252284,236.52515194820353,31.610436307772538,0.19716448507876463,0.09270323433340553,0.9759776002387305,-0.15173628724047192,-0.12321022896784974,0.9807116490651914,-0.7787575627954133,-0.6251395067682478,-0.05231878693643115,39.29008043326848,0.19546012736062757,12.47218573048908,201.15889623519786,0.5079284551956044,17.448470655680698,-21.59716882654004,-23.259899667275263,-5.102200756865223,0.13222981154284305,-0.1355064263499734,-0.030230141087683987,201.66682469039347,219.11529534607416,31.61043630777252,0.21595715881998417,0.001914515529310664,0.976400962814298,-0.18165018641319816,-0.07216558157378838,0.9807116490651915,-0.9294220190452681,-0.36069083982397715,-0.07795401580990749
K04H78Z,1334,39.45061935922691,0.1483960598846514,13.33867866047061,221.5097348672797,25.85020286466953,354.9917461116275,-16.766067802995252,-28.81302637354633,-4.414754610240246,0.1604520039074333,-0.0847401173876147,-0.03466942720169842,247.35993773194923,242.35168384357667,33.596302886308486,0.2076214662683209,0.10059266590042754,0.97302335137017,-0.057123691229037425,-0.13696085020785553,0.9889280102265842,-0.39273622178508083,-0.9068515793909588,-0.15290020619378905,39.45061935922689,0.148396059884651,13.202732798491361,228.36546575280425,1.5947498065236325,-5.0082538883730185,-24.555562193924324,-22.402350413217654,-5.093195259330731,0.1282650696332603,-0.12925016433506417,-0.03114753869257363,229.96021555932788,224.95196167095486,33.596302886308486,0.22830884072549956,0.006356306428977759,0.9735680102669558,-0.0954660601363108,-0.1136117157309897,0.9889280102265843,-0.6438691608880752,-0.7458503676731164,-0.1707036399704558,39.57534607011154,0.1507684639147086,13.309297590531,220.6517280294767,25.75632838449921,355.7020150786368,-16.775052738214757,-28.81341737875535,-4.414542117265856,0.16043876088971581,-0.08519567683206075,-0.034644247684631445,246.40805641397588,242.11007149261263,33.60863193422782,0.20733658209285902,0.10003552526505974,0.9731415289725307,-0.06034058145957977,-0.138167087037111,0.9885691024348269,-0.4078234961145723,-0.90066015236297,-0.14997095039506547,39.57534607011156,0.150768463914709,13.1761475888179,227.52274561254552,1.4852263766102005,-4.297984921363662,-24.56424805757339,-22.40000901343307,-5.093222072664829,0.12811419476326436,-0.12968044130216527,-0.031126507805574098,229.00797198915572,224.70998706779207,33.60863193422782,0.2278689661496518,0.005908163340808712,0.9736738816830958,-0.0988971791297826,-0.11380016551557648,0.9885691024348269,-0.6564572796009338,-0.7353906689835984,-0.16812020708646896
K04H79A,1335,39.17670978745049,0.2453683855164851,22.76957276729047,261.6631085809212,203.3442430603735,99.08530853111229,-28.265372124583926,-31.27931716955347,7.353166984614817,0.08225542851181997,-0.10691613737424727,0.05488397145114499,105.00735164129469,204.09266017240697,29.563983757055883,-0.35534428565829734,-0.15336082033511503,0.9220688138290628,-0.06353642124980428,0.2369995100959786,0.9694299125718339,-0.22838871691158044,0.8950969313044066,-0.3829361272548155,39.17670978745045,0.2453683855164852,22.97894793122032,257.63685460480747,189.47173856975377,99.08530853119896,-36.58243310233001,-21.279754397517667,6.3477279189671245,0.044586331069990846,-0.1267688463171789,0.056133634819694106,87.10859317456124,186.1939017057602,29.563983757055848,-0.38507061465073855,-0.06424348048822673,0.9206483568373222,0.012377154861987474,0.24505601532810595,0.9694299125718339,0.06319852884284818,0.9222721618698493,-0.38133975060569586,39.33680270546754,0.2451008417572601,22.6996698392558,262.6918231788635,203.2489358329208,97.95231797167507,-28.274357059800387,-31.279708174767098,7.353379477591751,0.08229459637708741,-0.10735683344669068,0.05484912822843051,105.94075901178428,203.89307698345937,29.69531925031818,-0.35456502454033867,-0.15232535549020823,0.922540313182839,-0.0673153069157383,0.23567577746759935,0.9694975901826072,-0.24431628372732234,0.8909544926834546,-0.3827657840936654,39.33680270546754,0.24510084175726,22.906627838782608,258.65285217566816,189.3900948222133,97.95231797177155,-36.59111896597764,-21.277412997738402,6.34770110563561,0.0444915414767888,-0.1272007863758773,0.05609616591501269,88.04294699788147,185.99526496965302,29.695319250318185,-0.38401496806587143,-0.06350506048592935,0.9211403864743127,0.008370286165522956,0.244957875847307,0.9694975901826072,0.04676525123463263,0.9231345880256563,-0.38162225258449417
K04H79B,1336,39.15702368488999,0.2267545338340304,2.665700840438248,189.452418940906,62.62665259891097,359.1828082350527,-9.987993365637985,-28.58406223650519,-0.19894326663267636,0.19011445154603093,-0.06545076741946439,-0.00926151589298542,252.07907153981697,251.2618797748696,30.277991032894672,0.021383979687945566,0.041300890172954706,0.9989178954667031,-0.06977331941107491,-0.21575287370658255,0.9739519399773849,-0.3078620005128483,-0.9514003622789077,-0.0076380164827303,39.15702368488999,0.22675453383403066,1.9082094796627131,225.22618862935744,9.296460440819876,-0.8171917649485324,-18.143594642701814,-24.231580307135236,-0.6990658738249775,0.1616557228284213,-0.11982227352715503,-0.004809715447430958,234.52264907017732,233.70545730522878,30.277991032894665,0.03286103071884718,0.005379115678668484,0.9994454551272973,-0.1316040434623586,-0.1846564224679071,0.9739519399773848,-0.5804446839463847,-0.8139565102825275,-0.02363827927475535,39.24318298556549,0.2283399495664266,2.66101260671266,188.8403555296724,62.60607679038317,359.5631201614434,-9.996978300858027,-28.584453241713906,-0.19873077365815411,0.1900813274137754,-0.06591925545904187,-0.009253365907703242,251.44643232005558,251.009552481499,30.282396561815418,0.021361202575465667,0.04122063707642383,0.9989216976838293,-0.07265574796896972,-0.21647234200947657,0.9735814641990683,-0.31833826894503137,-0.9479503357576688,-0.0071349465312505215,39.24318298556551,0.2283399495664269,1.904967308382824,224.69927797420644,9.190695550532247,-0.4368798385533681,-18.152280506351303,-24.2292389073502,-0.6990926871589553,0.16148246803183347,-0.12025886949325888,-0.004806337361271563,233.88997352473868,233.4530936861853,30.28239656181542,0.03281507508744272,0.005309413822045748,0.9994473377681646,-0.13456935040583903,-0.18447282319991984,0.9735814641990683,-0.5893998315799978,-0.8075030208637877,-0.02338182690312041
K04K19B,1349,39.49391104929825,0.2213350911637952,17.18936563368213,286.6924201762143,44.05801710045474,309.7343041310691,-8.258381816343134,-33.845559026275495,-5.747652283003312,0.17302931719524775,0.00017748312879979633,-0.03718202678164724,330.750437276669,280.48474140773806,30.752522646787,0.21237903770155245,0.20550806090762833,0.9553332304735082,0.19311480864434538,-0.10814755319813482,0.9751978145071463,0.8427479524569098,-0.4578680748842863,-0.283077223794928,39.49391104929822,0.22133509116379502,16.544188628491796,291.6606524768711,21.720811122883934,-50.26569586894669,-17.931314520745495,-29.769754375958364,-6.244031289569918,0.16596137122226645,-0.052098915639742505,-0.03262216234546476,313.3814635997551,263.1157677308084,30.752522646786986,0.2645366413650666,0.10538323344039913,0.9586004065745729,0.15202454134346677,-0.16086566261882618,0.9751978145071463,0.6726129731312833,-0.6910525865251513,-0.2646471443873783,39.48533787280863,0.2190245700464257,17.15536970121952,286.3513700609119,43.97167280687445,309.8449590875073,-8.26736675156112,-33.845950031484165,-5.7474397900292455,0.17300764429308294,-0.0003349919337506668,-0.03715516320665369,330.32304286778634,280.1680019552937,30.837078722078868,0.21228051406097845,0.2047941806700867,0.9555084127906329,0.19029527154789602,-0.10844109880729792,0.9757193437233774,0.8391895031146757,-0.46438453980723887,-0.2830335263712813,39.48533787280862,0.21902457004642573,16.512531414889192,291.3326243643092,21.62117700340546,-50.155040912505605,-17.940000384393002,-29.767412976173908,-6.2440581029042965,0.16578523058531325,-0.05258090286455588,-0.03260014309896992,312.9538013677147,262.79876045520905,30.837078722078864,0.2642270738755773,0.10472788549449687,0.9587575936757955,0.14924518941299783,-0.16030482126592463,0.9757193437233774,0.6672531208952952,-0.6961897017629601,-0.26475115073345584
K04K19C,1350,39.28904425078922,0.2357273092408435,5.643138549173193,7.430040299967428,240.6690231811132,17.16056029831117,3.250590583388025,-30.496092958530582,1.7561204459121682,0.1983779402706939,0.003748282304848166,0.01690762822717093,248.09906348108063,265.2596237793918,30.027543566906242,-0.04816840227719316,-0.08572645040858232,0.9951536467914929,-0.08792698134726239,-0.21871490638062702,0.9718192402283831,-0.3735493157897247,-0.9275231615072188,0.01271587750342373,39.289044250789196,0.23572730924084284,6.819408129326365,357.6742670508243,232.78557106412345,17.16056029831111,-6.159481855905569,-30.0533543396697,1.5870287009776218,0.18970469887387764,-0.056352156955400766,0.022142410216445092,230.45983811494773,247.62039841325884,30.027543566906253,-0.07181410509276494,-0.09456213079787125,0.9929253434819214,-0.15006846967188303,-0.18178783989108588,0.9718192402283832,-0.6363903049073307,-0.7713521643326454,-0.004818547426184204,39.25755772747346,0.2360186379279391,5.636795621416808,6.779338440029828,240.6004123390717,17.59101563103334,3.2416056481678996,-30.496483963739266,1.7563329388866948,0.19833927757439898,0.003233413931113302,0.016898238467995205,247.37975077910153,264.97076641013484,29.992042424257736,-0.048216942148755666,-0.08557272681766503,0.9951645265556911,-0.09077786037277691,-0.21786274926085972,0.9717485284530357,-0.3851188731289867,-0.9227941354229368,0.01159470520943981,39.257557727473376,0.2360186379279381,6.81201330123159,357.0018822353858,232.73864368093726,17.591015631033358,-6.168167719555129,-30.051012939884604,1.5870018876436467,0.18951264438441906,-0.05683129346544751,0.022127723768488615,229.740525916323,247.33154154735638,29.992042424257708,-0.07181394105970179,-0.09440128677945843,0.9929406603235946,-0.15252708590270223,-0.18011186944615515,0.971748528453036,-0.6459563142200878,-0.7633491685409903,-0.006203789727081889
K04M08S,1362,39.65637588957399,0.2995243634044122,12.24059897573918,346.3727031082747,288.321823804204,32.05428912708548,27.07757211955337,-14.611886232981437,4.580148531445071,0.1234089327228515,0.15024919351452515,0.03566307944939325,274.69452691247875,306.74881603956425,27.778325146323255,0.06664850875971856,-0.20126927972328648,0.9772659071715206,0.024514064148658327,-0.29851952186035313,0.9540886519224414,0.08692804365288004,-0.9949614442722428,-0.04995237370111527,39.65637588957403,0.2995243634044127,13.819184641179211,346.4579895963391,270.656354178263,32.054289127156444,21.264392260022266,-22.10877318703463,5.167945599700975,0.1619860811810129,0.105951150042107,0.04014104348102412,257.11434377460205,289.1686329017585,27.77832514632327,0.0027361949134398055,-0.2388429416289721,0.971054356084877,-0.06679575455469236,-0.29198145736722386,0.9540886519224413,-0.21622866441158942,-0.9747394110622105,-0.055930717936348295,39.34699229292584,0.296731388126079,12.24626920237153,345.1892294482438,288.3229697372799,33.02624195603917,27.068587184337883,-14.612277238184696,4.580361024420919,0.12342051764748448,0.149636133601427,0.03564111893817955,273.51219918552374,306.5384411415629,27.671504651259824,0.06668293822556412,-0.20135975651186708,0.9772449202769422,0.018178078473303123,-0.2961740605830433,0.9549609852244071,0.06678296531826972,-0.9962931248363003,-0.054222181321105865,39.34699229292581,0.29673138812607913,13.824854499582937,345.27461374801976,270.6574067146387,33.02624195611974,21.255706396378727,-22.106431787245768,5.167918786368487,0.1618126049632825,0.10536323051204247,0.040114293534667674,255.93202046265844,288.9582624187782,27.6715046512598,0.002741685040076355,-0.2389389771322439,0.9710307144319061,-0.07212737347472689,-0.28783182363120846,0.954960985224407,-0.23570983234382767,-0.969923523659609,-0.06073905817653571
K04U10S,1390,39.90455288714043,0.2259002630961131,10.26517957520996,7.498492846715086,14.00820904373584,16.90232356417485,20.915494018092737,23.374796511968615,3.19046215981496,-0.1347115347638795,0.13895723542504967,0.030322664421397402,21.506701890450927,38.40902545462578,30.89010389120265,0.17290463840668366,0.043136281993944946,0.9839935198939029,0.21017188768917267,0.0828173079257163,0.9741504355761008,0.9308803202684633,0.36458332787653225,0.023255673960485373,39.90455288714046,0.22590026309611333,10.481418124869712,16.192000089059732,347.873875227517,16.902323564174573,26.901231865994646,15.96473021470376,3.9330858182530557,-0.0872451555231586,0.17315886351142112,0.027929655891152153,4.065875316576694,20.968198880751267,30.890103891202664,0.1778576271736962,-0.03821420342369689,0.9833139575500974,0.22533171483932699,0.0160170894503792,0.9741504355761007,0.996505755286077,0.0663541679761277,0.050728730261275085,39.53967565825971,0.2188796540315772,10.28800150186112,7.090385110228882,14.09772744644288,17.39199215227221,20.906509082872603,23.37440550675992,3.190674652789488,-0.13452694582279212,0.13835174389316887,0.03030428329797762,21.18811255667176,38.58010470894397,30.88524512965905,0.17321715540214364,0.043501838317973315,0.9839224599211802,0.20408312878056534,0.07910992033947513,0.9757518624378931,0.932882194260402,0.35950636876103975,0.02204500968810772,39.539675658259696,0.21887965403157716,10.501566639307086,15.768114741132935,347.979501045079,17.39199215227213,26.89254600234507,15.967071614488844,3.9330590049190812,-0.0872515856891212,0.17252589833083126,0.027911090569290482,3.747615786211952,21.139607938484083,30.88524512965904,0.1782659705283199,-0.037958267358643015,0.9832499243278516,0.21841161140015758,0.014306325683748254,0.9757518624378931,0.9969136901561281,0.060909666543851326,0.04952884917710463
K04V75Z,1392,39.5566021480403,0.1898690906732504,4.467211237505734,11.85232628584449,168.5329069886116,286.9593921893767,2.9945725201765248,38.52067213146133,-2.9959022497478993,-0.16121481701541773,-0.017987972447651886,0.0038812363431870375,180.38523327445608,107.34462546383276,32.04602606806834,-0.07633384498614526,0.015484645681317287,0.9969620704208135,-0.18986479901671005,-0.001276592116252216,0.981809415521624,-0.9998533503024182,-0.006112033056501626,0.01599752921378862,39.556602148040234,0.1898690906732503,3.949130273023516,351.3831944705904,171.3658493956999,-73.04060781063102,14.567907546826353,35.816536892243356,-2.595540614568133,-0.15916372710656101,0.03155158324707917,-0.0005039263781381827,162.74904386629032,89.7084360556593,32.046026068068294,-0.06809025776197764,0.010339199864951586,0.9976255899605122,-0.18132782881912532,0.05630710513628749,0.981809415521624,-0.9550684021013867,0.2962057968368642,-0.010318586518610994,39.48097930247486,0.1925860499441268,4.465597571270756,12.50366309752942,168.6965873580903,286.4868669227806,2.985587584957721,38.520281126252826,-2.995689756773405,-0.1610124643753777,-0.018488272199951326,0.00388057746125336,181.20025045561974,107.68711737840033,31.8774934506854,-0.07635023575455292,0.015261011745995312,0.9969642636628019,-0.1925437950087148,-0.004034059583560594,0.9812800891523878,-0.9996517692847614,-0.02030229567000591,0.016856955726757588,39.48097930247487,0.19258604994412676,3.9520779464070017,352.01663328575177,171.54736199865926,-73.51313307722853,14.559221683178105,35.81887829202822,-2.5955674279021044,-0.15912195419176514,0.031013529672995872,-0.0005034342266363413,163.56399528441102,90.05086220718249,31.87749345068541,-0.06817343739188324,0.010130983173964533,0.9976220454731861,-0.18471628322569073,0.054491112526430296,0.9812800891523878,-0.9591849075924689,0.2826175585018039,-0.009572286733399249
K04VD0V,1395,39.61020974711461,0.1916430581857865,23.88435449355277,28.50400100871006,46.36455047310503,5.96351972444856,4.666078517757462,30.74234472206326,7.8985505462886865,-0.1812421218706306,0.016337164467481926,0.0630772179455816,74.86855148181509,80.83207120626365,32.01918801579711,0.2794027410025332,0.293038522217661,0.9143645513780381,0.05002543035763436,0.18499869747739908,0.9814646902712288,0.2906116578821229,0.9371285404043401,0.1932225738950684,39.610209747114595,0.19164305818578664,23.16318027929072,32.02339872402825,25.555037108778826,5.9635197244948746,13.511820353043756,27.896661655575446,8.273942693646408,-0.1695141512419,0.07032295537400643,0.05842926991640597,57.578435832807074,63.54195555730195,32.0191880157971,0.35487014623215213,0.16968300198747546,0.9193883065112854,0.10274837795424195,0.1617709262462605,0.9814646902712288,0.5545840420855452,0.805562340552367,0.20858057375472563,39.44888307284437,0.188132027340719,23.92273505015027,29.10024314471937,46.4499658610828,5.56724648079347,4.657093582554422,30.74195371685297,7.898763039257276,-0.1810263460246934,0.01581385845540325,0.06303688323837549,75.55020900580217,81.11745548659565,32.02728472402318,0.27938751904137454,0.2938985839292929,0.914093122481655,0.04694486851949208,0.18218078666812437,0.9821437472634394,0.27981243094811814,0.9395808592234816,0.19721260727389883,39.448883072844374,0.1881320273407192,23.199366461028376,32.61156193316642,25.64877311624142,5.567246480817435,13.503134489410153,27.89900305535384,8.273915880306934,-0.16946544100448924,0.06975891547211956,0.058390262373239875,58.26033504940784,63.827581530225274,32.02728472402318,0.35511543990085165,0.17051464789071935,0.9191396951490718,0.09896883363900155,0.159996342706528,0.9821437472634394,0.5449238044225058,0.8111622897303611,0.21230588096682698
K04VD0X,1396,39.69604616375777,0.2107497978770494,5.73081117532306,292.6893398577868,44.35196433268677,70.22128289797443,12.324505977537557,36.493525289418606,1.7541703352297888,-0.14003575582707112,0.08258265724711447,0.015750481560477154,337.04130419047357,47.262587088448015,31.3301124582278,0.07140209822737525,0.06980492837154989,0.9950020162511084,0.19405552450814179,-0.08220663424010957,0.9775400363641291,0.9175627732425956,-0.38677016812040615,-0.09212705472047791,39.696046163757735,0.2107497978770494,5.213256494184631,308.395773082082,11.133691735258427,70.22128289800979,22.715618649011667,31.065736385256955,2.380890891912098,-0.1089402340995933,0.1210262220903634,0.012754011851188022,319.5294648173404,29.7507477153502,31.33011245822777,0.08915288851206815,0.01754555024095073,0.9958634023482824,0.16032576940115678,-0.1367886141867965,0.9775400363641291,0.7601138193819468,-0.6458759205199828,-0.07121289824922405,39.45995171594264,0.2079478908545828,5.745094173321696,291.2993178355626,44.43147002789017,71.82738374346495,12.315521042321144,36.49313428420769,1.7543828282039013,-0.13984759835211777,0.08201495050831117,0.015741867373355353,335.73078786345275,47.55817160691771,31.25433798338869,0.07148228549592717,0.07007758049239197,0.9949770929888844,0.18957034463795708,-0.08547168972657353,0.9781399054783168,0.9083481375351967,-0.40768275235129303,-0.09326539804028865,39.45995171594261,0.20794789085458265,5.224859074285319,306.95880684813494,11.260268043939329,71.82738374349465,22.70693278536498,31.068077785038795,2.3808640785777877,-0.10893212324225184,0.12042819856490025,0.012745617932611465,318.2190748920743,30.04645863556891,31.254337983388673,0.08931169154958205,0.017781839529030445,0.9958449818799692,0.15506629723025853,-0.13855240443300337,0.9781399054783168,0.7450495490124946,-0.6630280194752497,-0.0727668530789009
K04VD0Y,1397,39.53848986150633,0.28037671158328,10.18902260541428,180.7950295225674,222.2666825043012,25.99820051226239,0.7542484784423049,30.224709208537224,-3.9288510450991634,-0.19567601671948082,0.03489100742722498,-0.0282946937854267,43.06171202686858,69.05991253913096,28.452818093168325,-0.13090711780709638,-0.11897723590902626,0.9842295178681073,0.20484847191198127,0.19143720629381317,0.9598900455790477,0.7307658881056727,0.6826237559248302,-0.0024545118059346597,39.53848986150629,0.2803767115832797,10.94174924117601,173.2166789488296,212.1347059833332,25.998200512264063,9.953691669435667,28.584880488909892,-3.6560138986319046,-0.17514866779634367,0.09237017247245483,-0.033132627747814766,25.351384932162773,51.349585444426836,28.452818093168315,-0.16073185449337413,-0.10096262634126967,0.9818206654136966,0.2533761303586011,0.12004847755284015,0.9598900455790478,0.9025567686599847,0.4299867968343769,0.022419498080000023,39.33966119365786,0.276122194579506,10.20277855822098,180.7200070726375,222.368222963168,26.25229635665139,0.745263543222455,30.224318203328494,-3.928638552124604,-0.19545056662414234,0.03435526579000764,-0.028273786903131853,43.08823003580551,69.3405263924569,28.477107610850823,-0.13087064092046258,-0.1193682822239902,0.9841870190893401,0.2016527628248025,0.18862563342379138,0.9611225383168357,0.7304365306876237,0.6829769543075046,-0.0022258755295544255,39.33966119365784,0.2761221945795058,10.95775309656652,173.1588657177341,212.2189677825583,26.25229635665282,9.945005805786353,28.587221888694856,-3.6560407119658405,-0.1750961810510325,0.09179135552802574,-0.03311026636431226,25.37783350029241,51.63012985694523,28.477107610850815,-0.1608152076138037,-0.10134510669197166,0.9817676091365625,0.24947672614042685,0.1183420020688214,0.9611225383168359,0.9023432703147142,0.4304229862481925,0.02264233704666743
K04VD0Z,1398,39.77691980420858,0.2857339005621616,11.56176538974796,335.0407213358408,39.96094135421378,41.1979372078325,3.5824536668324596,32.65855880135753,4.6502652189642815,-0.17478147695284685,0.059514004463171004,0.03229679645250809,15.001662690054559,56.19959989788706,28.411305356203773,0.1536216223873068,0.12872548947265322,0.9797092147648289,0.2759956077993378,0.07396138455938572,0.9583089992635636,0.9604191217152308,0.26540983961343806,-0.08457380019907935,39.7769198042086,0.28573390056216175,11.05618902883922,342.67454641876674,14.892465724519646,41.19793720815119,13.14732478996816,30.05069492714487,5.0143782392431895,-0.14947189685063766,0.10953112163535364,0.028189535635219535,357.5670121432864,38.764949351437565,28.41130535620378,0.18532993973720185,0.04928638913750887,0.9814395881982707,0.2854763270900094,-0.012129657936862088,0.9583089992635635,0.9976780142436481,-0.03710927815206308,-0.0571093807520625,39.55198534927369,0.2815038378571839,11.58185944319741,334.5525143013672,40.06948097045719,41.86605897326655,3.573468731646998,32.65816779613645,4.650477711932425,-0.1745700313234504,0.05896175937940339,0.032277092176502896,14.621995271824403,56.48805424509095,28.417949678582037,0.15364042142925574,0.12923744236913817,0.9796388642724034,0.27238658509868247,0.0710630634479116,0.9595601019590573,0.9619805585216317,0.25913601465947805,-0.08626662699336458,39.55198534927368,0.2815038378571839,11.073216425093591,342.16868388992134,15.018803140425796,41.86605897354268,13.138638926348065,30.05303632690768,5.014351425903641,-0.1494366198389343,0.10894080264647817,0.02817079613022152,357.18748703034714,39.053546003889835,28.417949678582026,0.18550250954569406,0.04977050178573417,0.9813825533930415,0.2811647510293707,-0.0138128022832323,0.9595601019590573,0.9973181225956396,-0.04356168646043704,-0.05881276914949314
K05C81D,1409,39.11091992405191,0.1549676356586112,21.39081423644834,3.079827765525785,317.9051141858661,200.5753285501863,-40.43786022136033,18.77074612649782,-5.162503796244004,-0.043359741308537404,-0.12213381176334927,-0.04688554746769491,320.98494195139193,161.5602705015782,33.04999313498832,0.27064082666288214,-0.24449887584089916,0.9311143016062895,0.12040683744383947,-0.09755594086672983,0.9879195472802327,0.7744995111692096,-0.6322709162513626,0.019595807238224596,39.110919924051885,0.15496763565861094,22.76684222654234,5.139641184659342,298.41381404481575,-159.42467145340999,-32.72384091122035,30.10917672347625,-6.066350461814792,-0.07690650565544242,-0.10333020350478653,-0.04902293478630988,303.5534552294751,144.12878377606512,33.049993134988306,0.18414008826155587,-0.34036380229369734,0.9220872572502037,0.08565289571378984,-0.12914545891150267,0.9879195472802328,0.5465758624748037,-0.8366917078725754,0.03466716800082553,39.26353420781369,0.1515455671354247,21.34339215966475,2.028925418661394,317.8710378163104,201.8836700038271,-40.446845156358776,18.77035512192954,-5.162291303027708,-0.043236380475109984,-0.122564308260811,-0.046852180154381674,319.8999632349718,161.78363323879887,33.31331964854942,0.2699237243950267,-0.24414275337215305,0.9314158571683122,0.1159203848800789,-0.09761415516026295,0.9884502724374162,0.7632921774007679,-0.6459249297878321,0.012885534423484467,39.26353420781369,0.15154556713542466,22.7198972753128,4.09067061511532,298.3773097680105,-158.11633000095225,-32.73252677447194,30.111518123804863,-6.066377274895937,-0.07691986525421027,-0.10377785320070931,-0.04898992300039236,302.4679803831258,144.35165038217355,33.31331964854942,0.18356406265341188,-0.3398162157114606,0.9224040190945161,0.0813539335786493,-0.12785771939808024,0.9884502724374162,0.5319580257544572,-0.8463223825671063,0.027551471854636533
K05EV8X,1418,39.3031257373551,0.221603049615867,6.654818583550552,26.22618637749163,100.1661202887467,59.71839985334802,-31.201298615567,-18.676450499430832,3.9678236482952287,0.05435338073994741,-0.1620775727692556,-0.002904345517365991,126.39230666623833,186.11070651958636,30.59343321452134,-0.02045446538853356,0.11406810490740803,0.9932623431342305,-0.13147948374498264,0.17838457599581092,0.9751369587914036,-0.5903800732792064,0.8054990037946804,0.05121253714293376,39.3031257373551,0.22160304961586696,5.093382260470553,28.521797986246256,80.29997620603561,59.71839985339426,-35.48128903242523,-8.37877289428506,2.9914472154693854,0.00293327928355279,-0.17092478547954312,-0.0028246056248827016,108.82177419228186,168.5401740456761,30.59343321452134,0.014958397461528912,0.08751001065698942,0.9960513261776205,-0.07149477880468984,0.20975320784846385,0.9751369587914036,-0.3207669196950269,0.9462090391974212,0.04239147756869539,39.53478723191548,0.2235177409242628,6.653250506383401,27.42506270628907,100.1705554352964,58.44423739759561,-31.21028355078662,-18.67684150464109,3.9680361412697294,0.05441124982009814,-0.16248129715183615,-0.0029004563953115726,127.59561814158546,186.03985553918108,30.698060901916342,-0.020458495022195728,0.11403976462470639,0.9932655143846324,-0.13636472474810615,0.17710122064022912,0.9746998612353005,-0.6070314861668537,0.7928840203912165,0.053363892383538426,39.53478723191547,0.2235177409242629,5.091794859188659,29.720022150345578,80.30505368488441,58.44423739764365,-35.48997489607478,-8.37643149450162,2.9914204021353843,0.0028664074503088354,-0.17132713022991286,-0.0028225580491467186,110.02507583522998,168.46931323287362,30.69806090191633,0.01494599514144745,0.0874841340112252,0.9960537854581638,-0.07653948681725514,0.21000449391771867,0.9746998612353005,-0.34050292906300367,0.9392133838438566,0.04399971486370703
K05GI7A,1420,39.29375991718206,0.2183686580547554,18.79488402044479,284.202471245768,27.81912559754943,311.2701215742568,-17.42177200894018,-29.654274330222258,-6.158769597003618,0.16629218582472133,-0.049348453202574395,-0.04126497996526848,312.0215968433174,263.2917184175742,30.713234294141277,0.28494515719069957,0.15035611644281863,0.946678031667473,0.14617831119620558,-0.1622244499342191,0.9758663480105076,0.6452868771830038,-0.6971746931738569,-0.3123336250443512,39.29375991718206,0.2183686580547557,18.577044631502623,289.08431864107234,5.611939680771607,-48.72987842575307,-25.386374166399577,-23.006225445660917,-6.860770099597463,0.1446989497626465,-0.09727605158285937,-0.03729266948637926,294.69625832184397,245.9663798960909,30.713234294141262,0.31705262534113604,0.03115398783646431,0.9478961239535578,0.09123611619521686,-0.19839567011970727,0.9758663480105076,0.4129925330982966,-0.8595313048124286,-0.301069931498475,39.36678318089701,0.2172429429250235,18.75176898478047,283.5070123258801,27.72513419614789,311.7874610868107,-17.43075694415907,-29.65466533543131,-6.158557104029402,0.16627502845283496,-0.04982773374171249,-0.04123537981031141,311.232146522028,263.01960760883867,30.814627349187624,0.2845607595013774,0.1495570126527762,0.9469202047260248,0.14318732378453697,-0.16337651776845774,0.9761175665611571,0.6351001860547592,-0.7063591012545936,-0.3125773084342709,39.36678318089702,0.21724294292502389,18.53666367115805,288.400590863763,5.505693648008801,-48.212538913197555,-25.395060030048064,-23.00388404587655,-6.860796912931719,0.14453706016261023,-0.09772775904704964,-0.03726751985467384,293.9062845117718,245.69374559857422,30.81462734918762,0.31644479475246756,0.030501905990329137,0.9481204172493206,0.08803593527814361,-0.19860556475191649,0.976117566561157,0.400518784757464,-0.8652094899322047,-0.3016574905213831
K05GI7F,1423,39.41865500716929,0.2542144677770535,3.904142857272453,135.4892547648152,128.9427721477763,359.6818161288093,-3.0972437836262734,-29.200170806388744,1.4169565002717295,0.2051510153754963,-0.02183619354465727,-0.009952705318005985,264.4320269125915,264.11384304140074,29.397862604034465,-0.04279593528373034,0.052956642504121854,0.9976793582799443,-0.024665559691657898,-0.25301503076352566,0.9671478709963794,-0.09576124006390968,-0.994259231977989,0.047732216876672055,39.41865500716927,0.25421446777705337,2.5007855071208724,122.19347787718696,124.63658678798109,-0.31818387119244435,-11.807808539836158,-26.900440725213933,1.0920650974072972,0.1891733760129722,-0.08278740711832103,-0.004742766254403689,246.83006466516804,246.5118807939756,29.397862604034454,-0.024799703276713728,0.03590014953425477,0.9990476234798845,-0.1000231126083339,-0.23371001812355213,0.9671478709963794,-0.3927964436390923,-0.9188838463344378,0.036924663981015036,39.42985333201954,0.254385124634059,3.906693970619199,134.9228374209729,128.8938777951771,0.02563716633901321,-3.106228718771392,-29.2005618116056,1.4171689932426195,0.2051078130578513,-0.022333914044643327,-0.009944092066317486,263.81671521615,263.842352382489,29.399485177851087,-0.04277861987056873,0.0530277179201188,0.9976763256758946,-0.02739964928316578,-0.25290522108933466,0.9671029978057737,-0.10642877027047581,-0.9931493798869169,0.04824133174930791,39.42985333201957,0.2543851246340594,2.5025036692739375,121.66587548086152,124.54890746718434,0.025637166347854488,-11.81649440341661,-26.89809932545929,1.0920382840715883,0.18898167764030574,-0.0832488255272125,-0.004739433040638419,246.21478294804587,246.24042011439371,29.39948517785109,-0.02476172655651531,0.03596273380131054,0.9990463145797979,-0.1025958644551492,-0.23277860776236842,0.9671029978057736,-0.4026406589307926,-0.9146034312466775,0.0371626603942872
K05GL0V,1425,39.04205521371396,0.1733710457121386,12.04765140525264,258.5499255371772,174.8850734739183,121.7038989758005,-37.42965605215811,-21.209349312820777,5.220801682170865,0.054833380079747536,-0.12971591504513963,0.02653114531939935,73.43499901109556,195.13889798689604,32.27329327456132,-0.20789394876120498,0.018608633206126296,0.9779743477406109,0.04942859219668106,0.16617561122130603,0.9848565786492364,0.28317833544438575,0.9369955722514921,-0.2045710827953098,39.04205521371393,0.17337104571213846,11.529480590270774,251.24419844552295,164.45481539137597,121.70389897580073,-42.21578535647238,-8.911902913541281,4.0592947486641,0.01235172020418485,-0.14021994264984927,0.026881639648606532,55.69901383689893,177.40291281269964,32.2732932745613,-0.19256067098116592,0.05356537249792139,0.9798219934561798,0.09770156547512018,0.1432198435798308,0.9848565786492364,0.5584197578053064,0.8076810169355524,-0.18925841850394637,39.232778210533,0.1706658148435664,12.01384669554077,260.0964998945158,174.7705475856316,120.170414434808,-37.438640987378264,-21.20974031802944,5.221014175145392,0.05489092744261631,-0.1301413296749901,0.02651530544363557,74.86704748014733,195.03746191495532,32.53708414865547,-0.20728169481106715,0.018971550934817682,0.978097326062892,0.044553972869615266,0.16474757618172137,0.9853289702651503,0.2590931769775423,0.9438361564771295,-0.20504642247589616,39.23277821053298,0.1706658148435667,11.492911890298403,252.77389088066914,164.35773416671378,120.17041443480797,-42.22447122012196,-8.909561513756163,4.059267935330123,0.01227853570567528,-0.1406428671751792,0.02686377675464988,57.131625047382954,177.30203948219093,32.53708414865544,-0.19186739034437977,0.05372293926843144,0.9799493610992345,0.0926222030318085,0.14334555403552993,0.9853289702651503,0.5375471766233938,0.8214775967968053,-0.19030919805716964
K05TI9V,1445,39.44910365284174,0.1902234441925678,34.3571641966574,184.966543184754,246.143950378377,23.5616580353636,-5.559492820941463,30.1688134591717,-11.81699468180417,-0.1604540955088616,-0.04491104314145824,-0.08790065659253062,71.110493563131,94.6721515984946,31.94495928568858,-0.22824579352880528,-0.5161344260458386,0.8255356515540312,0.06158372532069622,0.17997889736329642,0.9817408218463349,0.33755779438511413,0.9400359710805432,-0.04885804462437521,39.44910365284174,0.19022344419256798,35.554127883277715,183.16964172756414,230.03443210206538,23.561658035363585,4.137630362596906,30.438829473785084,-11.707446541348622,-0.16403996420228806,0.005656463814677874,-0.0924550623418972,53.20407382962952,76.76573186499311,31.944959285688572,-0.3734951158466719,-0.4456577744035834,0.813566559386708,0.11393750170796078,0.15232598079458232,0.9817408218463348,0.6068673104222871,0.7941526175171432,-0.032151012915447245,39.40267540975269,0.1882233903541293,34.39113901429624,185.5468248829349,246.2125529935524,23.22226011608965,-5.568477756161629,30.168422453962975,-11.81678218882967,-0.16025225273879573,-0.0453932978336032,-0.08783979909698639,71.75937787648729,94.98163799257694,31.98617025510576,-0.22782504617542784,-0.5168551875745404,0.8252008624646794,0.05891549481397008,0.17876523472763936,0.9821262420501741,0.32846896296118816,0.9429354781297169,-0.05459692716154985,39.40267540975265,0.18822339035412894,35.58929921523079,183.75390268179987,230.09915295398753,23.222260116089778,4.128944498947293,30.44117087357015,-11.707473354682625,-0.1639949230127588,0.005135766321302575,-0.09239294037858242,53.85305563578743,77.07531575187721,31.986170255105744,-0.37331174946149065,-0.4464624300102277,0.8132094664373772,0.11102510512590148,0.15199167973341607,0.9821262420501741,0.599240012065739,0.7996621934700265,-0.038102286993810734
K05VC3A,1447,39.67082273642372,0.2547089738616972,1.511658884334958,318.0519752536401,39.6184184909632,66.37833963894018,-2.201617297661217,37.98010151163166,0.8091113603072329,-0.1621785961900333,0.03222148863139463,0.0033841210392514575,357.6703937446033,64.04873338354349,29.56630818497995,0.020321013166582802,0.01682201017164703,0.9996519776390524,0.2544984631488147,-0.01035343520625754,0.967017755077083,0.9990251780858144,-0.0404688947577706,-0.017634117717982203,39.67082273642373,0.25470897386169744,1.7280526834117707,15.923307364130793,324.18402066676566,66.3783396395755,9.348284789070958,36.8708670954435,1.0670622686380655,-0.14490709163569293,0.07970657701589441,-0.0006083100323524353,340.10732803089644,46.48566767047191,29.566308184979945,0.024453225325557784,-0.01764659162733522,0.9995452153730293,0.23951091049515416,-0.08666709363686496,0.9670177550770829,0.9402586396774814,-0.34036046256912733,0.008273211684838237,39.51446886153308,0.2515852010880727,1.514688039416332,317.3413344790617,39.76762155116011,67.28586915817944,-2.2106022328075614,37.97971050640716,0.8093238532802275,-0.1619755975816005,0.03168753622677022,0.0033837953464943425,357.1089560302218,64.39482518840123,29.573213267115893,0.020317761497360705,0.016908677747463192,0.9996505815456563,0.2512649968479799,-0.012689159369737794,0.9678351546588262,0.9985757933685502,-0.05025483056106439,-0.017911920713566246,39.514468861533054,0.2515852010880729,1.7263272837900163,15.20725570602359,324.33865283453883,67.28586915871449,9.33959892548697,36.87320849519123,1.067035455304365,-0.1448748741629812,0.0791362477864266,-0.0006077479181934402,339.54590854056244,46.83177769927693,29.573213267115865,0.024476305808848988,-0.017562983861018223,0.9995461230237699,0.23572338161873793,-0.087918148096698,0.9678351546588262,0.9368830845412294,-0.3495534866250114,0.007902271117195419
K06HC2T,1459,39.19100120494623,0.15970802760263,7.214451011802803,316.5491547299773,171.8226266662213,99.89150626825047,-17.076918104324754,-37.14659998448478,4.961890682332758,0.12697985835286513,-0.08280888892785933,0.008089525588687545,128.37178139619863,228.26328766444908,32.93188370273197,-0.12430658608456459,0.017862746278878516,0.9920830584942861,-0.09914063151236728,0.12521097900763908,0.9871642953020928,-0.6215361783854838,0.7786099075464943,-0.08636776498444056,39.19100120494622,0.15970802760263003,6.680585359733961,304.2342622908332,166.46554290984005,99.89150626825086,-27.626527465994965,-30.25270933319749,4.202373099125195,0.095773877436969,-0.11729800396785348,0.010732176055028946,110.69980520067327,210.59131146892412,32.93188370273196,-0.1131035192588622,0.02722570271960329,0.9932101263291087,-0.056452262170363664,0.14939811302881628,0.9871642953020928,-0.35478538882689675,0.9299876334348874,-0.09617863345423977,39.31888360507541,0.1608376976850239,7.208018832729737,317.9458137597018,171.6474672444723,98.38734876763927,-17.085903039544746,-37.14699098969354,4.96210317530729,0.12698904988160248,-0.0832657427690033,0.008086046120890505,129.59328100417412,227.98062977181337,32.99492489048965,-0.12414120356798825,0.018226502280953318,0.9920971505811785,-0.10250727344219027,0.12393959774046058,0.9869808686106235,-0.6381025933130522,0.765350546032476,-0.0840453573670085,39.3188836050754,0.16083769768502387,6.669611277089112,305.62897481606774,166.29254276262478,98.38734876763962,-27.635213329644422,-30.250367933412512,4.202346285791228,0.0956447796341016,-0.11773629181363085,0.010725137262283342,111.92151757869249,210.3088663463321,32.99492489048964,-0.11283598063335688,0.02752200628579949,0.9932323900500392,-0.06004653608925164,0.14920850679603134,0.9869808686106235,-0.37463969195141156,0.9223520270655208,-0.09440253906901083
K06TC1K,1487,39.57021939216514,0.2520771843794415,27.22560442845845,294.1955314940046,174.0826315093658,333.6269940740559,13.201756706211468,25.028971061323,-13.50891088077531,-0.1879310667722109,0.053721809760941486,-0.017524212796004125,108.27816300337042,81.90515707742634,29.59546990251138,-0.45505763210477834,0.04716505422977136,0.8892120158447562,-0.0790591137993165,0.23935865016734545,0.9677071318923578,-0.3240488021960805,0.8490280522302281,-0.4173053322465822,39.57021939216513,0.2520771843794416,26.632477616074432,290.96452013425693,159.38112212673457,-26.3730059259444,20.51020992528495,19.871767298326606,-12.94876824123334,-0.16237887798420564,0.10798170044311234,-0.02200611483783592,90.3456422609915,63.9726363350471,29.595469902511365,-0.4195515442278344,0.15785684176168727,0.8939002848444927,-0.0015206704617354322,0.25207259757064787,0.9677071318923577,-0.040922227127673905,0.9072521254664598,-0.4185916293519284,39.33619269030893,0.2494038315958331,27.24899288861399,295.1459794319888,174.220391872705,332.773899174962,13.192771770991438,25.028580056114237,-13.508698387800758,-0.18771080769276088,0.053173446867966816,-0.017510524777397684,109.36637130469376,82.14027047965578,29.525595512953878,-0.4555308172322222,0.04610734034564989,0.8890251895857587,-0.08270417301881061,0.23529192714574232,0.9683995708308205,-0.3417237612445099,0.8434706000519636,-0.4144661842043155,39.33619269030891,0.24940383159583301,26.659382686945197,291.91462473796827,159.51854584996124,-27.2261008250382,20.50152406163545,19.874108698111595,-12.948795054567288,-0.16233495012981825,0.10739241994626578,-0.021991210946724266,91.43317058792951,64.20706976289131,29.52559551295387,-0.4203221344874416,0.15699695410270362,0.8936896886852811,-0.0062378235649392716,0.24932581248610286,0.9683995708308205,-0.059521438900243306,0.9072934886248741,-0.41626400734407737
K06TD0P,1489,39.55298656783529,0.271247061178729,4.912421298934771,108.4487864663099,8.401005263343908,310.7986932625169,27.039096563224657,21.682468843444735,1.5040485007618463,-0.14346386165183578,0.10800841314173881,0.010985058826733918,116.8497917296538,67.64848499217072,28.824355200468226,0.08471406041718314,0.01251100282304176,0.9963267550236697,-0.12250956353048267,0.2420049070611333,0.962509756730758,-0.45114397209895696,0.8887465791131514,0.08123197986905602,39.55298656783529,0.2712470611787292,5.393800761817655,125.2665772303679,334.0677050882198,-49.20130673796234,32.271988578094074,12.501664886044644,2.3940526910213746,-0.10439805270759375,0.14629973017552916,0.008111964516086884,99.33428231858767,50.13297558062533,28.824355200468215,0.08453581041304958,-0.04110728371943768,0.9955721410239534,-0.04399471819134197,0.2676554370255939,0.9625097567307579,-0.16377524026690504,0.9835076244763183,0.07674909297488033,39.25374802755279,0.2700981643248457,4.925800024290613,109.8466244592308,8.489517917047415,309.4943462892807,27.03011162803033,21.682077838217623,1.504260993734377,-0.14327340650513404,0.10742366491098207,0.010979638641554051,118.33614237627822,67.83048866555896,28.65138274244075,0.08492472554068572,0.012676201971769906,0.9963067323346813,-0.12820034423134974,0.23773449499518315,0.9628327900670752,-0.4741306755201901,0.8767422805082534,0.08076556258675689,39.253748027552774,0.2700981643248457,5.404414178074695,126.63480339048837,334.18602851047837,-50.50565371124672,32.26330271446359,12.504006285804374,2.3940258776859284,-0.10439298622560755,0.14568476720144502,0.008106681907681414,100.82083190096671,50.31517818971999,28.651382742440738,0.0847865368289799,-0.04101292306930977,0.9955547113613892,-0.05070781000492645,0.2652955641848458,0.9628327900670752,-0.18929176280435184,0.9790078679688821,0.07557924972798634
K06WJ5S,1490,39.6348406032681,0.2351653161599459,32.6453527580319,233.5642719298035,62.57078423835824,89.53291488341554,24.706741165629786,33.302072703415185,-4.2209013094064085,-0.07453145413326079,0.10808207190364784,0.07427670027289396,296.1350561681618,25.667971051577297,30.3141007818515,0.248493179468084,0.4787942322178174,0.8420256664453841,0.10358762716377039,-0.21112159866576186,0.9719553868750318,0.3276823010095768,-0.8392120359424635,-0.43399017078083035,39.634840603268074,0.23516531615994585,31.54685169165892,235.6985670242135,43.18018566966557,89.53291488352907,33.715837082932055,24.2829933203371,-3.2932777645337525,-0.04043230478855962,0.12554708074886192,0.0731905688634591,278.87875269387905,8.411667577408139,30.31410078185148,0.38151701924259057,0.3580201222541945,0.8522126237561495,0.03629635676370783,-0.2323473701385254,0.9719553868750318,0.07080197936281474,-0.8989922725285928,-0.43220362521869704,39.38325767888753,0.2350774566758589,32.71460970384202,232.0659006714991,62.55673685578002,91.28131846986221,24.69775623041468,33.301681698199104,-4.220688816436811,-0.07438720060514224,0.10749727430338986,0.07422885916586569,294.6226375272791,25.90395599714134,30.125141628124663,0.24907945510556143,0.4796362160566239,0.8413730000963902,0.09794267117038906,-0.21370223162428453,0.9719766403380329,0.30560712311655597,-0.851411182480026,-0.4262666825455469,39.38325767888752,0.23507745667585866,31.61634290476356,234.196509471479,43.17063357796577,91.28131846996153,33.70715121928518,24.28533472011362,-3.293304577872584,-0.04047011104518297,0.1249460271393796,0.07314166762981147,277.3671430494448,8.64846151940634,30.12514162812466,0.3823302498390211,0.35866341509585764,0.8515774390681145,0.030143251115943376,-0.2331368590535426,0.9719766403380329,0.0458696002748446,-0.903953124915784,-0.4251643537805295
K07J45F,1505,39.30606601960928,0.08435430048623652,11.01614712001886,341.353240479125,176.4458462751757,95.92803553549058,-4.684733316574414,-38.90614683432017,7.61593693226224,0.15386912837502378,-0.031067187467919137,0.004179389969699456,157.7990867543008,253.72712228979137,35.99043031565931,-0.1907181061882718,0.011845763202322671,0.9815733705974881,-0.07810065749220654,0.03187374012894194,0.9964358243206021,-0.9262297935025042,0.3719752802688316,-0.061096321470550864,39.306066019609275,0.0843543004862366,10.548875656549235,333.2844646004107,166.79031568251915,95.92803553549052,-16.422179593660562,-35.6734456037708,7.166224894996215,0.13712899827183625,-0.07609610481780607,0.007960324685300387,140.07478028292985,236.00281581842037,35.9904303156593,-0.1782301257343963,0.041835282138495675,0.9830990954370235,-0.06468985645355559,0.054137514558212495,0.9964358243206021,-0.768618990660498,0.63439029972581,-0.08230306683128052,39.35233281350149,0.0868945250048951,11.01426699634242,342.446475680774,176.2647045663497,94.67840211561902,-4.6937182517945075,-38.90653783952888,7.616149425236774,0.15386029749834007,-0.03155872093852547,0.004178531251715245,158.7111802471237,253.38958236274271,35.93283054583773,-0.1906475611406166,0.012446563585564506,0.981579640419485,-0.08096502438724582,0.03154874485298946,0.996217517173922,-0.9321240173453954,0.35752570443874904,-0.05762106345302349,39.35233281350149,0.08689452500489514,10.542157571761267,334.382556802135,166.60451604910983,94.67840211561891,-16.430865457310105,-35.67110420398574,7.166198081662247,0.1369721823958004,-0.07656200804064588,0.007955143712760088,140.98707285124487,235.66547496686377,35.93283054583773,-0.17798138855789408,0.04238632327597766,0.9831205546249902,-0.06751738947392662,0.05469973121005668,0.996217517173922,-0.7786946906296254,0.6223962623308177,-0.0791041808115103
K07Th1V,1519,39.76036998327458,0.2389096761699267,1.801550146375636,2.539364596508897,44.32859328655186,12.71909210574845,11.487392434632433,28.422912172136552,0.3870362850004428,-0.1798407022505646,0.08777980604310309,0.005927713019983629,46.867957883060754,59.587049988809206,30.261232866173973,0.022488845452794882,0.0219678663970038,0.9995057101768672,0.16333824596033988,0.17435151497540463,0.9710417944828023,0.6836973061223768,0.7297643821795965,0.001392875815243868,39.76036998327459,0.23890967616992698,1.7824992858282325,54.812484620722834,334.4952672460522,12.71909210574836,19.518561561693957,23.62502521551843,0.9251251302537145,-0.14503127677627325,0.13800472187578508,0.0019328251911473523,29.30775186677505,42.02684397252341,30.261232866173977,0.02807422715322747,-0.013393566138503508,0.9995161080021885,0.20832996704942738,0.11694639026837843,0.9710417944828021,0.8718327691734383,0.4891435024822694,0.025421576952510693,39.46983974669133,0.2330784118006463,1.805655976476996,2.632321402119983,44.38421391981552,12.81101451102756,11.478407499412375,28.422521166927858,0.38724877797496654,-0.17962586569947953,0.08720861594000634,0.005925682496785174,47.01653532193551,59.827549832963065,30.270272184506485,0.022518696997468064,0.022039786497715635,0.9995034547697528,0.15890989315685108,0.17050862706734177,0.9724579445675213,0.6818032170973551,0.7315341953763145,0.0014471181102797225,39.469839746691314,0.23307841180064615,1.783630168609962,54.822333725555325,334.6340352159763,12.811014511027539,19.509875698044453,23.627366615303494,0.925098316919738,-0.1449989760691379,0.13739531859153,0.001931684121492751,29.45636894153165,42.26738345255919,30.270272184506485,0.028124409522189947,-0.013333983799334011,0.9995154938594335,0.20294846499893976,0.11461878817229616,0.9724579445675213,0.8705607722665163,0.4914027964453255,0.025440782936868845
K08TN9A,1531,39.72909174664819,0.1015089208371443,32.28590128078094,286.8366655196993,125.0615736883181,9.293587588125162,12.06214290001286,29.1616259142802,-16.822692463839324,-0.14510232263461284,0.08867877993152468,0.04285652081591361,51.8982392080174,61.191826796142564,35.69623451760604,-0.30684264441241904,0.43721592831617717,0.8453932952162663,0.06263710064379394,0.07987899994654951,0.9948346289662812,0.49593372649687234,0.7019083508638951,-0.5112478908616175,39.729091746648194,0.10150892083714458,30.783352693604154,285.9102386054887,108.26889122672587,9.293587588130388,20.763446440348016,24.155610287547642,-16.256828798772144,-0.11267425233169164,0.1283680474740302,0.03976743227500754,34.179129832214585,43.47271742034497,35.69623451760603,-0.16043537795666665,0.485996752012959,0.8591086348842945,0.083976833970989,0.05702589206431261,0.9948346289662812,0.6986205849952086,0.5193077863687043,-0.49218766871772457,39.47140200336221,0.09546747976197476,32.27367444325237,287.4420916852073,125.1286824767774,8.876382931605434,12.053157964794604,29.161234909070394,-16.82247997086535,-0.14491076931734173,0.08810698729546011,0.042829738934817306,52.57077416198467,61.44715709359011,35.703166731429455,-0.3072507163114301,0.43670867623407217,0.8455072616057164,0.058023318535742795,0.07581117462619073,0.9954325493512339,0.4872369723650497,0.7092947706896872,-0.5094124665070575,39.471402003362215,0.0954674797619749,30.771708111893012,286.51190187325267,108.33930884032348,8.876382931606965,20.754760576699912,24.157951687331096,-16.25685561210663,-0.11266363876638347,0.12776510312499384,0.039740932739788,34.851210713576165,43.727593645183134,35.703166731429455,-0.1609776152115984,0.48563346283821923,0.859212632107179,0.07834431611681368,0.05455463155674185,0.9954325493512339,0.6925131098478245,0.5289762255641335,-0.4905198726624825
K09DE3N,1535,39.12855906226218,0.1933623623065077,10.56562388781915,129.7236639780402,95.0325936629709,353.2894606892364,-25.56405498562711,-17.95159695799856,5.043657683110044,0.11313518079069884,-0.15655648288368887,-0.018459444855448967,224.7562576410111,218.0457183302475,31.56256844833345,-0.01608492344703676,0.1826547127929838,0.983045538686899,-0.1373082534586604,-0.1361449473498206,0.9811274111160319,-0.6971184713041634,-0.7029483590338506,0.14102993121377877,39.12855906226216,0.19336236230650783,9.031083703803352,131.90925244947735,75.29631502890552,-6.710539310875326,-29.920197730928113,-9.390661235071452,4.220956382773324,0.06104344181875892,-0.18341822688114864,-0.016784064719891825,207.20556747838287,200.49502816750754,31.562568448333437,0.039842219523571004,0.1518297237275117,0.9876033275238916,-0.1719710617060857,-0.08840224596940323,0.9811274111160317,-0.8804484299159624,-0.4595260059796481,0.11681785859580358,39.35398894711758,0.1976151715086538,10.56180808740428,129.1650867810008,95.04046837700001,353.7119675889025,-25.573039920835352,-17.95198796322357,5.04387017608263,0.1131536516488493,-0.15696390775046598,-0.018445130002016533,224.20555515800083,217.9175227469034,31.577043671783272,-0.0161042751902953,0.18258728398943433,0.983057748072796,-0.14165905438220555,-0.1377841366846488,0.980279676413627,-0.7037579805131777,-0.6960805031096801,0.14211487626067973,39.353988947117564,0.1976151715086535,9.027215627825214,131.35025378360416,75.3045801647035,-6.288032411183429,-29.92888359457123,-9.38831983530551,4.220929569437587,0.06093762192538069,-0.1838121979617738,-0.016772660883063718,206.65483394830767,200.36680153712425,31.577043671783272,0.039803403159453424,0.1517709764702214,0.9876139224404451,-0.176613679868956,-0.08865305462047242,0.9802796764136271,-0.8847314223051821,-0.45097335082285034,0.11778517408171554
K09J18Z,1538,39.07686363480192,0.243114657468711,23.90186243430004,176.6669771111047,37.15855738238604,359.5835258471758,-24.663690824649667,-16.303299389670958,0.843917106820422,0.10183542741282325,-0.15745154726377097,-0.08287187844639572,213.82553449349075,213.40906034066654,29.576705317275522,0.3229081684208487,0.24473271363080212,0.9142407853765859,-0.20196421174510745,-0.13533363901966902,0.9699975584112938,-0.8277248151829257,-0.5606395679855101,0.023556424588893857,39.076863634801875,0.24311465746871053,23.417415306812746,180.4118666008443,16.145844232020412,-0.4164741528270392,-28.448794819016143,-8.091345044830224,0.0601737264867952,0.05177995186528654,-0.18085808607300735,-0.08147626363659147,196.5577108328647,196.14123668003765,29.576705317275508,0.3817511048502463,0.11051776990920129,0.9176338684246093,-0.23303346469983496,-0.06928304991929285,0.9699975584112939,-0.9586978227639338,-0.28441224136425153,-0.0028568496382570577,39.2944263444878,0.247102436318765,23.84863796076784,176.4021359310241,37.15884985091818,359.7374580963699,-24.6726757598698,-16.303690394879656,0.8441295997949553,0.10186147187687992,-0.1578583722179614,-0.082814391465501,213.5609857819423,213.29844387831213,29.5846778610166,0.3222299368447328,0.2442212702959278,0.9146167716240955,-0.20590993301325175,-0.1366042221937063,0.968989363184824,-0.8300614418797214,-0.5570944597732566,0.02537253622524398,39.29442634448781,0.2471024363187655,23.364296984684774,180.15506519035654,16.137375965872433,-0.2625419036332669,-28.457480682665718,-8.089003645045143,0.060146913152826276,0.05168034078191873,-0.18125377307587143,-0.08142150016092402,196.29244115622896,196.0298992525957,29.58467786101659,0.38095006271118104,0.11022484607279073,0.9180019243054869,-0.2371793735443797,-0.06932213787647609,0.9689893631848238,-0.9599039915698937,-0.2803269074037127,-0.0010732910395283173
K09J19E,1539,39.25580869800869,0.2987773975862836,22.1899790812678,117.9813105721497,144.4975696538598,336.685396489483,-21.54399137436188,-16.845652688927814,10.69699470668281,0.156096474837546,-0.13492703865882777,0.00782811223906451,262.4788802260095,239.16427671549252,27.52706033507266,-0.30746490793640685,0.21933226550577758,0.9259366542565209,-0.039107463395152225,-0.2962069202689718,0.9543228314839627,-0.09290827680657082,-0.9381507479098921,0.3335284490068931,39.255808698008686,0.29877739758628363,20.94815562763493,115.32850671044581,129.38244439719398,-23.314603510518634,-25.911188168150478,-9.550749776075033,9.9869305113664,0.10778924094302299,-0.17577683273791642,0.010801813214933353,244.7109511076398,221.39634759712118,27.527060335072655,-0.22684612711604926,0.2763395818387758,0.9339043152923214,-0.12763323922266537,-0.27014383123432983,0.9543228314839627,-0.3810088717210249,-0.8662583589297776,0.3231542901682722,39.45210329361713,0.3010599537359382,22.17625201089752,117.4172897212463,144.4016261684403,337.1872661751335,-21.552976309581858,-16.84604369413659,10.697207199657331,0.15608615109248372,-0.13534896055784548,0.007824807982322202,261.8189158896866,239.0061820648201,27.5746549012553,-0.306916809280869,0.2197176785293457,0.9260271129521672,-0.04284148071389951,-0.29799614640750943,0.9536052140464181,-0.10407915429898501,-0.936430738787324,0.335059697807174,39.45210329361712,0.3010599537359384,20.9327678946378,114.76854737072959,129.2829709665538,-22.812733824867955,-25.919874031799928,-9.548408376290077,9.986903698032423,0.10765208989987825,-0.17617592542667568,0.01079472774821205,244.05151833728337,221.2387845124154,27.574654901255286,-0.2262072093709299,0.27653885324139504,0.9340003003621308,-0.13173263809730756,-0.27070945274114305,0.953605214046418,-0.3911766532810278,-0.8612442416806869,0.32440589097566214
K09Y26T,1552,39.3358346771662,0.176645762854887,10.17857698070824,20.14883144696293,85.01186030449968,8.088820471060322,-14.420331048440529,28.955155340687895,3.031278250837687,-0.16952862411403524,-0.0809494552776106,0.02905859109831632,105.16069175146261,113.24951222252292,32.38732615308446,0.015365436562379297,0.17604745893369406,0.9842617515489651,-0.04619764690713275,0.17049780923762295,0.9842744914227001,-0.25612639497638434,0.9647247740039071,0.06087183436953077,39.335834677166204,0.17664576285488764,8.741595177952686,24.13854934633002,63.49367789582533,8.088820471245032,-5.081605149027788,31.958520887918056,2.892377560047395,-0.18679174436401774,-0.02595716274642102,0.023921545935874314,87.63222724215535,95.72104771340038,32.38732615308444,0.06782743693862807,0.13600320903221552,0.9883838150897029,0.007297884582713277,0.1764949472795258,0.9842744914227001,0.045564709242092716,0.9970261497464665,0.06215073606498913,39.35106086720541,0.1764828692366928,10.18411902037971,21.04414336207716,85.04740154142809,7.456981713597635,-14.429315983602049,28.95476433550692,3.031490743802177,-0.16932069918445022,-0.08140755539502972,0.02904105721406331,106.09154490350525,113.54852661710288,32.406272737853264,0.015264448414396036,0.17615180467641106,0.9842446536933019,-0.04891626316086093,0.16956828221219028,0.9843037116997906,-0.2715364495606382,0.960331642467417,0.06349088939238509,39.35106086720543,0.17648286923669299,8.746687151967159,25.02559188036924,63.53743746804411,7.456981713701689,-5.090291012612858,31.960862287711855,2.8923507467051564,-0.18673145390203105,-0.02645667135653986,0.023905667030687645,88.56302934841335,96.02001106211505,32.40627273785327,0.0677626869946054,0.13613360799042173,0.988370304605911,0.00442570326805677,0.1764273682981152,0.9843037116997905,0.02948141843233487,0.997493266109106,0.06432752159228386
K10AF3V,1554,39.23767597121677,0.2529928531276658,7.91232035488777,213.972254517684,268.1903942044218,16.07574436727716,-25.619846922369753,15.16635954369644,-3.6254488262507056,-0.1177446744192896,-0.16458985477139307,-0.0156337214900144,122.16264872210581,138.23839308938298,29.310824377159786,-0.0043469948164353445,-0.1375888803236956,0.9904798855339454,-0.13467430092692917,0.2141686634489733,0.967468147416918,-0.5270074224049498,0.8463723807594745,-0.07692184226622364,39.237675971216724,0.2529928531276653,9.41596989249127,210.76700284312093,253.77698893584366,16.075744367277093,-19.734166328276753,22.196998864305755,-4.170709540595054,-0.16147062989966363,-0.12133290791356552,-0.020089873878254925,104.5439917789646,120.61973614624169,29.31082437715977,-0.04570629993394039,-0.15708660619064452,0.9865265998957423,-0.06353239389994772,0.24488572571511452,0.9674681474169181,-0.24450542341580273,0.9660295666825778,-0.08368974976262035,39.40453688265806,0.2552255343571037,7.911820226170223,214.6515292286821,268.2256207295815,15.56816251405332,-25.628831857589894,15.165968538487684,-3.6252363332761828,-0.11757145743569997,-0.16499189530890696,-0.015621300564219533,122.87714995826366,138.44531247231697,29.347492900687453,-0.004262134056418823,-0.13758288528103832,0.9904810870940595,-0.13854651658149575,0.21434769915024154,0.9668815473532064,-0.537429854683331,0.8396688349024141,-0.07826492821613196,39.40453688265805,0.25522553435710393,9.41574143597772,211.45180544222035,253.80675325032726,15.568162514053325,-19.742852191926353,22.199340264090782,-4.170736353929033,-0.16142731079423778,-0.12176849138415291,-0.02007625433853777,105.25855869254758,120.82672120660091,29.34749290068744,-0.045623592596273285,-0.15710655120623265,0.9865272522169333,-0.0671690639508415,0.2462283294745692,0.9668815473532064,-0.2564244000642495,0.9627875588585255,-0.08536183900860504
K10ED9L,1561,39.15818403002002,0.06034710956869841,23.01190385301791,206.8931021600381,331.2209918546323,41.11560384263227,-25.54412565963318,-23.536574954289883,-13.98483518448982,0.11312523618965925,-0.12083448275966367,-0.021850660897025722,178.1140940146704,219.22969785730265,36.795100807849145,0.3426368563850718,-0.18820276422595478,0.9204236547287696,-0.06031442204053604,0.001985982681845732,0.9981774523433714,-0.982129388992414,0.06445794726780091,-0.17682487469643157,39.158184030019974,0.06034710956869782,24.177642007115672,209.55378511082102,311.20017650240203,41.115603844211584,-31.06342114871709,-14.720749662353164,-14.84626981255378,0.07191407796396786,-0.1493620239636553,-0.019876967989893874,160.75396161322305,201.86956545743465,36.795100807849124,0.26977846455849974,-0.30816354205088486,0.912280007131095,-0.05697441908458496,0.019891938147664278,0.9981774523433714,-0.9115571345497411,0.3581250117741285,-0.20201501526679963,39.33821321992347,0.06430094202076327,22.99287800737755,208.6992263630554,331.0898422457122,39.26954692233117,-25.553110594666467,-23.536965959701618,-13.984622691551218,0.11314371371385117,-0.12126585012654767,-0.021834073096704334,179.7890686087676,219.05861553109878,36.80872905246874,0.3419375954459451,-0.18883879577761728,0.9205534150878506,-0.06430050628418493,0.0002367199929279694,0.9979305531224317,-0.9815495111850423,0.03707817084933801,-0.18757869372311958,39.33821321992344,0.0643009420207632,24.161013588778353,211.35522926508938,311.07298517319043,39.26954692428289,-31.07210701224893,-14.718408262818077,-14.846296625920449,0.0718009720792631,-0.1497788210519769,-0.019863491148869608,162.42821443827984,201.69776136256274,36.80872905246872,0.26891974028675947,-0.3085620551097143,0.9123988335320095,-0.061300624680397806,0.019412484605288254,0.9979305531224317,-0.9189759382111591,0.3318491508880286,-0.21297738387869775
K10LD6B,1573,39.4952951756616,0.2654920165963768,14.06401592822206,159.6026404093775,132.5126357272235,6.504017334770513,16.265651338334667,-24.146568118162897,1.0840384486015815,0.17338377357701942,0.10394623258103035,-0.0496140221122992,292.115276136601,298.6192934713715,29.009609613406052,-0.16421187683274374,0.17912649199996916,0.970024824100318,0.09995011926228982,-0.24595931479792515,0.9641130582683699,0.3841722169435326,-0.9193685556878206,0.08469454847380628,39.495295175661596,0.265492016596377,12.649577271777932,156.56285853916788,117.88808363734985,6.5040173364653295,8.178684163379621,-27.932001353570502,1.309858940197255,0.19797585530868114,0.04671506426321737,-0.04417654223042054,274.45094217651774,280.95495951298307,29.009609613406038,-0.1024305771192397,0.19355502846431089,0.9757276401881825,0.020603636969378853,-0.2646913315921868,0.9641130582683698,0.08613843546687788,-0.9924684543407557,0.08710072946761026,39.27381633081322,0.2618278401390892,14.08126992810694,158.9014960968949,132.4896232284491,6.965761791606963,16.25666640361293,-24.14695912307861,1.0842509414337806,0.17336186310025314,0.10336420701020724,-0.049578826051655915,291.391119325344,298.35688111695094,28.990837826897103,-0.16433722036116982,0.1794078277131947,0.9699516015550451,0.09549711460920433,-0.24379113801206342,0.9651145953347197,0.37270862315620495,-0.9238062179135671,0.087580557027442,39.27381633081321,0.2618278401390891,12.666510643495974,155.86834128801212,117.85841360104826,6.96576179398524,8.16999830029737,-27.929659953656675,1.3098321267365336,0.19777825711498642,0.04616684744131213,-0.04414677871588331,273.7267548890604,280.6925166830456,28.990837826897103,-0.10246508012129751,0.1938629856630182,0.9756628773021737,0.017018361564171417,-0.2612741725497787,0.9651145953347197,0.07379501207542954,-0.9932359218060786,0.08964764261717444
K10RJ0K,1586,39.72014545540701,0.1868973377120158,6.616849231704503,214.0617638735662,340.1156833427531,186.3284090462281,44.58641761289075,14.837296053648572,3.3776924089117895,-0.044333475100732725,0.12318349025178196,0.011688433703875062,194.17744721631925,20.505856262547354,32.29655601625741,0.10835944751674174,-0.03919202817200249,0.9933389225544479,-0.1812047873443086,-0.04577597500155709,0.9823794506992503,-0.9682729125082372,-0.24141741976090253,-0.06453833232121688,39.72014545540698,0.1868973377120161,7.679625818933763,223.47950363042085,313.1880460685157,-173.67159095377608,46.874612924677315,0.6756385035470487,4.6708641082918705,-0.005371627338942601,0.13082091328864934,0.011544827137001374,176.66754969893657,2.995958745160493,32.29655601625738,0.09145829579710278,-0.09743392167262788,0.9910307820836757,-0.18658130445693347,0.010864238168803976,0.9823794506992503,-0.9938092159101807,0.062353306271219766,-0.09195274639204246,39.46137565161614,0.1944734714046025,6.635762751018238,214.0209430858499,340.2375356700756,186.3068835224923,44.57743267767078,14.83690504843951,3.3779049018862777,-0.044209461624543124,0.1225885709976274,0.01168254208502052,194.25847875592547,20.56536227841775,31.78718494224529,0.10875113871684737,-0.039072358411380494,0.9933008308845622,-0.18848261358899634,-0.04789817799058576,0.9809077779892681,-0.967927140258916,-0.24276931878983976,-0.06465376249309793,39.46137565161614,0.19447347140460214,7.695984290304156,223.43403947449613,313.31486768856684,-173.69311647751243,46.86592706102779,0.6779799033317335,4.670837294957858,-0.005432932848003349,0.13021632491795326,0.011537243668731018,176.748907163063,3.055790685550562,31.787184942245304,0.0918678380505666,-0.09743711215262343,0.9909925880183322,-0.19416048366830058,0.011028946542992591,0.9809077779892682,-0.993884763931316,0.06096011331746859,-0.09207030253840612
K10S41B,1588,39.91068267774678,0.2879490425320069,5.221169055948815,248.9284530875774,139.4698319389549,6.356627630706265,21.68248255157896,18.40650635125509,-2.565981961938763,-0.12980611516348997,0.16767168654688414,-0.003937267580886465,28.398285026532335,34.7549126572386,28.41843981389084,-0.06916621297723882,0.059136538569472784,0.9958508446491414,0.25329806355211953,0.1369479539673592,0.9576457324631591,0.8771467842386733,0.4726551319208765,-0.0849155178316256,39.91068267774677,0.28794904253200704,3.9690661368216826,236.79116762937736,133.9867401185814,6.3566276339492225,26.290467875831492,10.996851118548548,-1.842377114942797,-0.0729561394659296,0.19905006800143257,-0.005949472427886444,10.77790774795875,17.134535381907973,28.418439813890828,-0.04807125603599556,0.04980230309829268,0.9976015662323449,0.28286945690763887,0.053847204605968375,0.957645732463159,0.9809155915922305,0.1856088962067992,-0.05791320937539213,39.47961297776073,0.2802862651348224,5.223053357484889,248.8484145125956,139.5504350459966,6.484289025230034,21.6734976166191,18.406115345705423,-2.5657694689563537,-0.1296248140547351,0.1670469492921825,-0.003932686147945039,28.398849558592246,34.88313858382228,28.414019707255914,-0.0692742597640156,0.059060425763439846,0.9958478513521978,0.24655608981920898,0.13330598259751927,0.959916459686348,0.8771457837550225,0.47265972686054497,-0.08490027470451622,39.47961297776068,0.2802862651348219,3.9724518247496117,236.6937867322987,134.08458586894537,6.484289028067159,26.281782012326758,10.999192517929968,-1.8424039282648952,-0.07297214677475783,0.19839974936502935,-0.005945330425184242,10.778372601244087,17.262661629311246,28.414019707255896,-0.04819724716941154,0.04976248202766735,0.9975974743090205,0.2753414300243315,0.05241647961647034,0.9599164596863481,0.9809156057572346,0.18561357871038403,-0.05789796006977917
K10TI2J,1591,40.03684808200455,0.2827762256169295,9.484393363998173,170.3358397187771,232.6425751262559,3.741787613417184,18.493341759948915,22.02753876823012,0.22281732603169668,-0.15559703254719187,0.13836521386613498,-0.034688334195940904,42.978414845033,46.72020245845019,28.715379295776902,-0.09998545364953298,-0.1309771385516156,0.9863305218005413,0.206882078528835,0.19277499671312556,0.9591859080625837,0.7297865756033985,0.6831151977941757,0.027661898193891386,40.03684808200451,0.28277622561692917,10.470570743799149,163.20758642094032,222.08118000310574,3.741787613485274,24.26804840197363,15.41208693962356,0.8917421835267909,-0.10553511251455598,0.1789035191425972,-0.03761010954433411,25.28876642404606,29.030554037531335,28.715379295776884,-0.13487962718896582,-0.12179264372487554,0.983348380841638,0.2556767396671658,0.1207965171986542,0.9591859080625839,0.9009422480212737,0.4307511077249879,0.05250284681871811,39.6475052867629,0.2757952754683303,9.501355264612224,170.5448121225299,232.6540426297247,3.693360251986979,18.484356824742775,22.027147763008905,0.2230298190093345,-0.15539844520041993,0.13776011913397262,-0.034663142006550525,43.19885475225459,46.89221500424157,28.71291064456804,-0.10013636415652581,-0.13122927355037425,0.986281697253352,0.2010498770638391,0.18879083903427993,0.9612163991679229,0.7271907350249651,0.6858996218716036,0.027117219810336216,39.64750528676287,0.27579527546833027,10.487636258519968,163.42909273344375,222.07993581186446,3.693360252035047,24.259362538333527,15.414428339392483,0.8917153701961887,-0.10552928392369085,0.17826670363393415,-0.03758474714993661,25.509028545308183,29.20238879734323,28.712910644568026,-0.13509965179137173,-0.12198599431658595,0.9832942089102549,0.24891004436208852,0.11877215071857249,0.961216399167923,0.8993244109232403,0.43418959637960447,0.05191337316417329
K10TI2N,1593,39.91709205696878,0.1472586513831058,13.26058606562467,285.4400379808852,27.40770386886664,71.50641363270715,29.407829716149926,25.340897781090792,2.111425522293281,-0.08594049219148867,0.13277717786130344,0.0371013605664879,312.84774184975186,24.35415548245902,34.03895491352427,0.2036331021189313,0.10558811360793725,0.9733368943927576,0.10014360673640577,-0.10796466290872764,0.9890980181927517,0.6682218692220095,-0.7103474677432561,-0.22110180588178652,39.91709205696876,0.14725865138310568,13.082329544095485,292.32802750940624,3.118121471577296,71.50641363270731,35.61717907913191,15.273646548583192,3.0938555648180333,-0.04282306087955988,0.15253492504463048,0.03593522246134766,295.44614898098354,6.952562613690816,34.038954913524265,0.22601580621323522,0.012312273548847565,0.9740458219518421,0.06327153312663292,-0.1329730179509228,0.9890980181927517,0.42835666799601146,-0.8790168198754805,-0.20938002617095972,39.60653733472978,0.1450955085730957,13.30086771518514,282.6678881724756,27.45476195874986,74.39352243245649,29.398844780929835,25.340506775882105,2.1116380152678063,-0.08578859180986408,0.13217582848362938,0.037078436054197715,310.1226501312255,24.516172563682005,33.85980665732786,0.20415349417480513,0.10607079561912643,0.9731753886802437,0.09350331351616367,-0.11094970468452492,0.989417653669023,0.632359583876183,-0.7414426476380581,-0.2244641551415442,39.606537334729786,0.14509550857309572,13.12102685630757,289.53483781065296,3.186747315295855,74.39352243245646,35.608493215482376,15.27598794836827,3.093828751484057,-0.04285926474330765,0.15191578296076713,0.035911291446544785,292.7215851259488,7.1151075584052705,33.859806657327866,0.22665769439454775,0.012619542666518244,0.9738927234118939,0.05604365732200031,-0.13383502935352723,0.989417653669023,0.3848857862154513,-0.897826189521116,-0.21394173267342448
K10TJ5S,1604,39.74067541964253,0.1309829889763875,15.47851872370786,219.9845131978686,181.9821153919476,11.66121716920331,18.803705008897726,28.126442049698603,-7.604035408867398,-0.14842725661389655,0.09829472713255924,-0.028625209054215943,41.966628589816196,53.62784575901951,34.5353229692373,-0.26671739392598953,-0.009230621433121042,0.9637305782246857,0.09739036185082196,0.08758801755807931,0.9913846158776177,0.7443405265331615,0.6454055753451133,-0.17149001100291286,39.74067541964255,0.13098298897638827,15.1286980098482,214.1490571247647,170.0286446680539,11.661217169390897,26.6210672808216,21.132318284572985,-6.873232113458725,-0.11096967791747947,0.13853915752335882,-0.031694461613950585,24.177701792818596,35.83891896220949,34.535322969237285,-0.25704568717846915,0.04519159772226149,0.9653420296445493,0.11949310613971946,0.05364644430221254,0.9913846158776176,0.9089108032698159,0.3904067329845032,-0.14650506660107313,39.4572552063547,0.1246164033969561,15.50295193900655,220.0960825449039,182.1157230585738,11.64388359808219,18.794720073719784,28.12605104446171,-7.603822915884749,-0.14823347477530593,0.09771648945377281,-0.02860408064568455,42.21180560347773,53.85568920155992,34.54023397462296,-0.26710581284706475,-0.009867723773109882,0.9636166835266222,0.09229915481942144,0.08372642363802099,0.9922049949503414,0.7415312895725078,0.6484557389600656,-0.17215255210042224,39.45725520635465,0.12461640339695579,15.156630756312017,214.26737611992857,170.15503778146018,11.64388359820687,26.612381417203494,21.134659684318443,-6.873258926783707,-0.11096020683489538,0.13792939603629434,-0.03167306415450972,24.422413901388722,36.06629749959559,34.54023397462293,-0.25760841429482423,0.04470491454138998,0.9652146784525986,0.1134659751304561,0.05152397969186321,0.9922049949503414,0.907173106455408,0.3941630088501189,-0.1472157511214956
K11HA4N,1632,39.33661416896024,0.2907795958359426,17.48328620586203,53.9987761983302,161.5523197938654,27.92887557330556,-1.8548896627996623,-28.976846701285318,8.842938655291901,0.19416468054800176,-0.05250425980103082,-0.0036647602406469602,215.5510959921956,243.47997156550116,27.898329399355568,-0.28498950754390506,0.09506686991312918,0.9538046292793942,-0.23657750211878775,-0.16906761619467256,0.9567900640399052,-0.8017713035541155,-0.5459769355156606,0.243047243724471,39.33661416896015,0.2907795958359416,16.602304868860056,49.526513606604006,148.24612947557827,27.928875573314038,-10.761093129247337,-27.0628356114821,8.54971507137919,0.16927043591153407,-0.10870405880518576,0.0009990309209864947,197.77264308218227,225.7015186554963,27.898329399355546,-0.24295836314187433,0.15036989569459855,0.9583110811465224,-0.2769022105805737,-0.0887577553237191,0.9567900640399055,-0.9355855854069038,-0.27827454195929885,0.2173542998796284,39.39631768630306,0.2927986706678989,17.49141609464566,53.83269587942723,161.4256201076708,27.96460497257355,-1.863874598018585,-28.97723770649437,8.843151148266417,0.19412884176900969,-0.052981425175795446,-0.003660361454239907,215.25831598709803,243.22292095967157,27.861128238543287,-0.2849068730037793,0.09573995101997214,0.9537619910092359,-0.23908703219280997,-0.1690220476213768,0.9561741151354765,-0.804667545325312,-0.5418802675976091,0.24264360096338913,39.396317686303014,0.29279867066789844,16.607444116020414,49.36899757020946,148.1110897564704,27.964604972583352,-10.769778992895867,-27.060494211697723,8.549688258045233,0.1690920773896991,-0.1091481067018536,0.0009985157225010175,197.48008732667984,225.44469229926318,27.861128238543277,-0.24267626693473698,0.15098751156497675,0.9582854485058386,-0.279277638254837,-0.0879492030418062,0.9561741151354765,-0.937097319203668,-0.273494368528228,0.216908839664604
K11Uf0P,1646,39.91116130490058,0.1811854081905934,2.728556455665406,178.4749651005674,241.7264417666308,356.8399309625478,18.48401409415776,26.96955810471704,0.16698566515307298,-0.1578713840742636,0.1053992453644356,-0.009005632416529743,60.201406867198216,57.041337829746,32.67984125251155,-0.02254928952748176,-0.041924915180981716,0.9988662728458065,0.0900405693507029,0.15722864882772863,0.9834489553905724,0.4969260803689593,0.8677919483044328,0.001266928229688593,39.91116130490061,0.1811854081905937,3.992055330338743,161.9774952581108,240.6145527254864,-3.160069037451413,25.75299976199491,20.12605087143728,0.876815367170855,-0.11836441956153572,0.1481646285287901,-0.01227123803551163,42.59204798359718,39.43197894614577,32.679841252511565,-0.034160404894502734,-0.06066097241900327,0.9975737131473666,0.13338707098673333,0.12262153740176404,0.9834489553905723,0.7355369350821797,0.677142141764993,0.02153919626707446,39.60145887422382,0.1750596303232217,2.732728764720004,179.2887712591928,241.7384675584939,356.2333463574698,18.475029158937907,26.96916709950815,0.16719815812761324,-0.1576712723542597,0.10481624591588454,-0.00899765393593138,61.02723881768668,57.26058517515651,32.668842123441934,-0.02257493057344028,-0.041993714283706275,0.9988628036273364,0.0847977934489618,0.15315093337975533,0.9845578326493051,0.4843813318088254,0.874856774079105,0.0005918133237662992,39.60145887422379,0.17505963032322114,3.9962186847551,162.81240391738356,240.60544022931282,-3.7666536425306387,25.744313898345542,20.128392271222097,0.8767885538368986,-0.11834999218869315,0.1475484156153943,-0.012262858899304077,43.41784414669638,39.65119050416574,32.66884212344193,-0.03420563068340533,-0.060718694387633644,0.9975686517635824,0.12715642683766049,0.12032089296037302,0.9845578326493052,0.7257346784698923,0.6876663996716431,0.02059366963030272
K11Uf0Q,1647,39.73415968801843,0.2683852815805574,3.238847390613123,336.5431749020335,10.69678897852569,42.49640867321376,18.70776772106379,27.918497225163787,1.355924365946544,-0.12707395876280353,0.134426802537495,0.008809597178761362,347.23996388055923,29.73637255377298,29.07009605178277,0.055516687551797096,0.010486764648905043,0.9984026868806367,0.26175714404704,-0.05927779440407886,0.9633116529093401,0.9751856313354283,-0.22024350129040962,-0.022489654872039067,39.73415968801844,0.26838528158055763,3.7690612920129527,1.1308152099483664,328.5710932335026,42.49640867334265,26.22000762696287,20.963068291427376,2.0790765146772925,-0.08074247458170966,0.16653294291251214,0.006587637048088155,329.701908443451,12.198317116793646,29.070096051782766,0.05609095707531645,-0.03427692123641827,0.997837109554925,0.23172716808326718,-0.13540006994527165,0.96331165290934,0.8633900975702417,-0.5045352876144814,0.0012972931130309766,39.39502691147605,0.2635050855999077,3.245979911075442,335.4134997953709,10.81900247170645,43.70321677555594,18.698782785851552,27.918106219946548,1.3561368589205276,-0.12689448887069757,0.13382434750676728,0.008805635086405982,346.23250226707734,29.935719042633252,29.014236972956887,0.05561627020800655,0.010628488834597835,0.9983956458805511,0.25593443611050093,-0.06270960492472108,0.9646580066857816,0.971144139024457,-0.23732686937237937,-0.023558826633600087,39.39502691147603,0.2635050855999075,3.7726723887604248,359.98277035417556,328.7117854258849,43.703216775672324,26.21132176331826,20.96540969120193,2.0790497013429103,-0.08075326313862244,0.16590441872374237,0.006583376112915263,328.69455578006045,12.397772555732786,29.01423697295688,0.056228699153725296,-0.034171745360085375,0.9978329645840156,0.2251412383680551,-0.13691732148677596,0.9646580066857816,0.8544098002307263,-0.5195997429543144,-1.9786378067374448e-05
K11Uf0R,1648,39.70654796079866,0.2731616225805936,17.28478233619192,49.64835675337141,26.97056462880709,350.1449022871547,15.421879545982552,24.32325561152488,4.5691302593807075,-0.18147902354474407,0.08907835931098651,0.050315846976749054,76.6189213821785,66.76382366933319,28.860242892752737,0.2648062637190246,0.13475421383481515,0.9548397480985651,0.06321687675034623,0.2657459285573237,0.9619681532925803,0.24703540041501465,0.9421794966503256,0.22643168292783683,39.70654796079865,0.2731616225805935,17.09618528424581,54.95349620745878,4.319725015727207,-9.855097712845273,21.914662948104286,18.52837314061682,5.174844947881444,-0.14742325130696074,0.13973751000496223,0.04627189009513659,59.273221223185985,49.41812351034071,28.860242892752737,0.2931415776856208,0.02214291794676498,0.955812589693601,0.1395704936864318,0.23481343518416553,0.9619681532925803,0.5136695591279006,0.8235407021773686,0.24067466813637628,39.40150237948347,0.2681712622743292,17.31901365416721,50.31531259142331,27.04897223337362,349.6116583361591,15.412894610762407,24.322864606316205,4.569342752355245,-0.18126308891659929,0.08850629885873393,0.05028406551775424,77.36428482479693,66.97594316095604,28.835151750872402,0.2651296307340815,0.13537586458950762,0.9546620628229934,0.05866287503810824,0.26167631341424535,0.963371254548418,0.23461815869955854,0.944706277972063,0.22909467031906328,39.40150237948348,0.2681712622743295,17.128116398021298,55.609623501335136,4.4093823682464715,-10.388341663841045,21.905977084454708,18.53071454040193,5.174818134547477,-0.14738934739026627,0.1391269453276997,0.046241030977984994,60.019005869581605,49.63066420574056,28.8351517508724,0.29363762432084906,0.0226425532224723,0.955648607159962,0.1340085852327663,0.23228759113159628,0.963371254548418,0.5025265249333223,0.8297003996419697,0.2430315587992527
K11Uf0S,1649,39.82946857537648,0.2577880720829782,11.84190716697813,291.9688024771469,20.48735328774465,66.18611733296784,25.541309525367527,28.14483315113316,3.653613797532021,-0.09002061284012902,0.13446313449786854,0.03301648337182762,312.45615576489155,18.642273097859402,29.561906659240616,0.19223219251787024,0.0718243134958402,0.9787175548393028,0.17401360626191847,-0.19019451870119913,0.9662014851425872,0.6681178363892497,-0.7193054032944177,-0.19031104405683535,39.82946857537647,0.25778807208297794,11.865608629897096,299.658919681482,355.378379472386,66.18611733373339,32.7368820107448,19.114577573370596,4.5572469280741625,-0.04608946347302189,0.1553746289143097,0.03175877037695251,295.03729915386793,1.2234164876012983,29.561906659240613,0.20494825156788063,-0.016567584898336315,0.9786325813653994,0.10909801880436584,-0.23356436457906174,0.9662014851425873,0.424704289702105,-0.8875248475458586,-0.1786782339775354,39.51560008668452,0.2557542998734165,11.87591226764051,290.3927394056258,20.57743886075086,67.85519462888078,25.53232459017579,28.144442145880955,3.6538262904962506,-0.08986597777689266,0.13386065511592748,0.032996296729080755,310.97017826637665,18.82537289525743,29.4093154524366,0.19266280161330693,0.07233061668079019,0.9785955889769217,0.1676894303114865,-0.19310752669316278,0.9667418156344839,0.6486145499710205,-0.7362680881372157,-0.1928949661257649,39.515600086684515,0.25575429987341647,11.896834731754085,298.0622167794102,355.48956410641796,67.855194629584,32.728196147109436,19.11691897310563,4.557220114730277,-0.04612347804577697,0.1547535835325306,0.03173763860933251,293.5517808858282,1.4069755154121708,29.4093154524366,0.2055116865241988,-0.016211784937855356,0.9785203752253236,0.1021937139403208,-0.2344497957662265,0.9667418156344839,0.40106828470075717,-0.8978036113711167,-0.18191455801054895
K11Uf0U,1650,39.63366916171375,0.2693331922151265,12.59807079883731,15.53069352246089,19.234881743771,13.02288431978061,15.766867036864447,24.564937825607846,4.022698102138195,-0.16382457301026254,0.12003522903347064,0.03739118281762407,34.76557526623189,47.7884595860125,28.959006527191168,0.20593458315461916,0.07185461625123239,0.9759241064674657,0.221255051925283,0.15357919919810306,0.9630470557408967,0.8236156816402594,0.5641335331978586,0.058400048612576715,39.633669161713726,0.2693331922151265,12.649756620313013,22.754903739716625,354.60249459870687,13.022884319780664,22.331442125847104,18.654552197879873,4.639691954387094,-0.1208960685803545,0.16391519161144674,0.034073421378113734,17.35739833842348,30.380282658204145,28.95900652719115,0.21801967036648065,-0.02059934946466503,0.9757269547034784,0.25706840862058705,0.08035049295473656,0.9630470557408967,0.9535792779010851,0.2889842543758551,0.08470337348934968,39.28754830616084,0.2628429158964673,12.62254663629977,15.39283485129691,19.32884532162635,13.26297414515644,15.75788210164438,24.564546820399144,4.022910595112717,-0.163620471193672,0.11944241988643282,0.03736806405334771,34.72168017292326,47.9846543180797,28.96109455094621,0.206209848157168,0.07233022943594491,0.9758308441695934,0.21603810259468303,0.1497128473586906,0.9648386401689365,0.8240519868332504,0.5635368259100475,0.05800490358065666,39.28754830616086,0.2628429158964677,12.671461047746867,22.604455367644103,354.70938011281334,13.262974145156463,22.322756262197593,18.656893597664933,4.639665141053116,-0.12087994438179163,0.16328842195801038,0.034050738226637345,17.313835480457442,30.576809625613905,28.961094550946207,0.21842574760710703,-0.020226677456860465,0.9756439280297564,0.2509332308518388,0.0782234753204905,0.9648386401689364,0.9538257460208661,0.2882836254826588,0.08431487120498068
K11Uf0V,1651,39.7794915834779,0.2652917669864354,4.305947920304166,30.89130106032691,332.0206832579199,31.26528833026445,17.980457527797363,26.1827279313894,2.376152121308561,-0.1378773024487156,0.1364778912754136,0.004204492330487831,2.911984318246823,34.17727264851128,29.22631997147501,0.06630640773319071,-0.03522504518087584,0.9971773445508703,0.2649492097944811,0.013477309081013533,0.9641681795046001,0.9980288651082583,0.04952203939744726,0.038548048259796734,39.779491583477885,0.26529176698643564,5.54423331130004,42.40773791532345,302.9634466231662,31.265288330269303,24.97469427735578,19.528091181185466,3.0653701756233853,-0.09029099476053692,0.17175164958609523,0.0017176212863094734,345.3711845384896,16.636472868758915,29.226319971474993,0.05256815300074582,-0.08106102849402523,0.9953219071986615,0.2566916117587506,-0.06700103046580791,0.9641681795046001,0.9649352456022113,-0.25427261299536036,0.06515681142529742,39.4242529885145,0.2593382001149842,4.308033555753092,30.03366586587558,332.1465108230803,32.18783226387058,17.971472592577612,26.182336926180355,2.3763646142830748,-0.13769059166688366,0.13587406151216622,0.004203616787765781,2.1801766889558962,34.36800895282648,29.200038177595363,0.06641569874826798,-0.03509630356203991,0.9971746108059814,0.2591504750715207,0.009865764495705382,0.9657865695696541,0.9986154382673411,0.03679178169424252,0.03759748999453978,39.424252988514496,0.259338200114984,5.5443881554569625,41.57589514703909,303.0635949385839,32.18783226387475,24.96600841370647,19.5304325809701,3.065343362289404,-0.09029538346722628,0.1711196275839515,0.0017166244560493987,344.639490085623,16.827322349497763,29.200038177595367,0.05271122816936664,-0.08097127420886137,0.9953216460912876,0.2500741740962433,-0.06869650274185196,0.9657865695696541,0.9616763386340624,-0.2665853496275624,0.06411607501504159
K11Uf0W,1652,39.8852905950648,0.219313313373949,10.72007913868399,287.3410235846945,17.80866630377746,79.11721710357507,26.208824159293385,30.151015914982562,3.9170369843404256,-0.09341907206098994,0.12352748713858036,0.02767399489338972,305.1496898884719,24.266906992046984,31.137915359778336,0.17709789743846271,0.05688946414791629,0.982547669882657,0.12626187162042024,-0.17932169193371023,0.9756544831941992,0.5706195760509694,-0.8017899055830314,-0.1775563198891146,39.8852905950648,0.219313313373949,10.82818370885522,295.77371651172314,351.9417300863262,79.11721710364074,33.971504772401204,20.82539826417181,4.854796998056163,-0.0524828927338628,0.14597645001452614,0.02623804696067008,287.7154465980493,6.83266370169008,31.137915359778336,0.18600950694488722,-0.026334867497740277,0.9821949593028853,0.0667348221790575,-0.20891336226242094,0.9756544831941992,0.30653749707838585,-0.9367040327253193,-0.16917540589885594,39.59390540878531,0.2183708321492579,10.75123040673938,285.4549074531832,17.91364041502881,81.10237467996811,26.19983922407646,30.150624909769544,3.9172494773140114,-0.09326215919674191,0.12293233732216266,0.027657389028133306,303.368547868212,24.470922548180056,30.94775133662986,0.17750165034819584,0.057378140845020555,0.9824463919608214,0.1201088433064158,-0.18237238303305195,0.9758658615129646,0.5448184112109808,-0.8190512490655923,-0.17979975030470888,39.59390540878529,0.21837083214925812,10.856135123908274,293.86591690311616,352.0688189693557,81.10237468002676,33.962818908753405,20.827739663951803,4.854770184721296,-0.052512622141208345,0.1453617037173884,0.026220615431655922,285.93473587247183,7.037110552498575,30.947751336629835,0.1865420157888306,-0.025988324610334703,0.982103193829135,0.05995201503264264,-0.2099799424399513,0.9758658615129645,0.27680054224115336,-0.9453650612655583,-0.17223925439158938
K11Uf0X,1653,39.64438812054255,0.3286912486878752,17.44100028124344,262.5222599444049,223.9291725320164,319.8290802338228,19.535468797444402,25.68549526312512,-1.553727716141045,-0.17352580787762817,0.0622485281729081,-0.05190605815540711,126.45143247642125,86.28051271024407,26.613624685734653,-0.21586029917064486,-0.20793879841562132,0.9540260936449418,-0.1952890041348861,0.2643863495492894,0.9444374320387801,-0.5625171733354166,0.7715320539585298,-0.29717456051496943,39.64438812054251,0.328691248687875,18.194999770748545,257.9874217770474,210.6644227126832,-40.17091976996676,26.41462155207893,18.584354891777647,-0.8263167557053145,-0.1451298259852789,0.11175859015360726,-0.055925622650714116,108.65184448973059,68.48092471976383,26.61362468573463,-0.26858953994245643,-0.15925130625689476,0.9499993055202579,-0.10512097464196263,0.31142819020493046,0.9444374320387802,-0.2948743924138296,0.9054121710550365,-0.30541429764171174,39.39984759463756,0.3278035138418562,17.47896677290766,263.5207962497666,223.9616324640982,319.0282154172692,19.52648386250534,25.685104257824282,-1.5535152230819815,-0.17331520385352228,0.061694450288713,-0.051869325868450486,127.4824287138648,86.51064413113403,26.484439108281762,-0.21619745642401947,-0.20849985306230945,0.9538272753013407,-0.19947437053921444,0.2601251990581693,0.9447459215645929,-0.5766707962945296,0.7605169248638618,-0.2984372625806776,39.39984759463756,0.32780351384185624,18.233616823920382,258.9965295152056,210.68589138643085,-40.9717845869358,26.40593568866704,18.586696291389984,-0.8263435689481703,-0.14509745922470743,0.11116677821530173,-0.05588798437075951,109.68242090163648,68.71063631470068,26.484439108281762,-0.269080427920361,-0.15967866135223982,0.9497886335490398,-0.11040631715012714,0.3086512414042969,0.9447459215645929,-0.3116530506583096,0.8991871067835278,-0.3071399078752837
K11Uf0Y,1654,39.61728983048336,0.1430613339772901,8.570627897499138,3.579373122012755,12.28889147324186,29.12857316792224,20.37316131029217,28.12152184682815,3.4876027177265274,-0.13646266245822516,0.11399213904919127,0.021163665922334197,15.868264595254615,44.996837763176856,33.949587498769475,0.14561373793190094,0.03171935676236152,0.9888329089042707,0.13760968206780816,0.039116757030184586,0.9897138246587436,0.962041291961289,0.27274527975911217,0.009304027653527159,39.61728983048332,0.1430613339772896,8.855849534622267,13.843871324143253,344.55983252697035,29.128573167922145,27.809575331352146,20.653531916144715,4.25537363249734,-0.09620002112555164,0.1498890198556826,0.018520378711463642,358.4037038511136,27.532277019035746,33.94958749876947,0.14839287185931485,-0.040986152851403515,0.9880787877774658,0.14300581443855048,-0.003985262366326361,0.9897138246587437,0.9988524988646339,-0.030606542618399346,0.03683646373940862,39.31487813010505,0.1367005397002011,8.589612285911556,2.589812930920107,12.40398776848386,30.2186771387852,20.364176375072105,28.121130841619454,3.4878152107010507,-0.13627689983212404,0.11340338025449098,0.021151423574123335,14.993800699403968,45.212477838189166,33.940513071472054,0.145869710029148,0.032082179190269594,0.9887834755265764,0.13204640911980278,0.03536641617257706,0.9906124178737483,0.9660626916108762,0.25821953990650187,0.006748710100736113,39.31487813010505,0.13670053970020102,8.871473132489793,12.838091526441925,344.6914318818907,30.21867713878506,27.800889467702643,20.655873315929778,4.255346819163363,-0.0962004493354088,0.14927165117719549,0.018508119912906948,357.52952340833264,27.748200547117676,33.94051307147206,0.14874648604059187,-0.04071634338277728,0.9880367717206237,0.13657348545838915,-0.005892420900903492,0.9906124178737483,0.998368756944372,-0.04566846373793271,0.03426684370009178
K11Uf0Z,1655,39.811915817478,0.1259941485760884,3.833237449608859,11.66518372089865,298.3897647387855,83.17500257430432,26.751547729899848,29.423936158516916,2.51422915967622,-0.10266042912355972,0.12054291429578112,-0.002211061770622213,310.05494845968417,33.22995103398847,34.795847380871955,0.03178626482598908,-0.05881257610617335,0.9977628547205832,0.0810800032995134,-0.0964394034633372,0.9920309846595451,0.6431240419177867,-0.7656427069642893,0.01351709953075223,39.81191581747798,0.12599414857608826,5.392058042897824,14.816511458730892,277.66597688821906,83.17500257430426,34.3077749405042,19.968340925963403,3.460724283898041,-0.061367075528824665,0.14592290320036574,-0.0039032104123640464,292.48248834694994,15.65749092125418,34.79584738087194,0.012535423871138634,-0.09313046287448438,0.9955749997027623,0.04818029390902047,-0.11641814615537309,0.9920309846595451,0.3812795766532065,-0.9241474014158357,0.02403049902748114,39.52228664007647,0.1247695824587894,3.832773317989044,8.415229522430764,298.4587077574229,86.5611355670848,26.74256279467974,29.42354515330823,2.5144416526507456,-0.10249732228368065,0.11994976487510921,-0.002207637318702939,306.8739372798537,33.43507284693851,34.59110743817754,0.031853158433183655,-0.058767179855554116,0.9977633962366306,0.07486878678415036,-0.09981038759773493,0.9921857443508546,0.5997686373284878,-0.8001136703492339,0.009782443324969197,39.522286640076445,0.12476958245878933,5.391340444097063,11.58686060386743,277.71467781935866,86.56113556708489,34.299089076854656,19.970682325748488,3.4606974705640647,-0.06139085035489832,0.14530819279271484,-0.0039004399068955677,289.3015384232261,15.862673990310952,34.59110743817752,0.012612905598509808,-0.09310741803900631,0.9955761765522881,0.041241304618338935,-0.11775654334396031,0.9921857443508546,0.32965923705566413,-0.9439113543238993,0.018871740839136026
K11Uf1A,1656,39.55124614378252,0.2509179348734723,8.631266530886148,167.3299823821599,237.9411074589606,7.990372145711293,15.35121730703959,25.539221202729657,-0.0828458505346843,-0.16812485452781223,0.11237279533413931,-0.030682540094239985,45.2710898411205,53.26146198683179,29.627129139712228,-0.07965835052286872,-0.12718891308890684,0.9886746318072687,0.17658431632742452,0.1782632583241543,0.9680083625459193,0.7016480206481026,0.7117629807721629,0.032916778744666225,39.55124614378253,0.25091793487347247,9.727690554537004,160.19277787109468,227.4050913815914,7.990372149780422,22.34266494050699,19.708878673967583,0.5328983542143515,-0.1254322282933635,0.15790973320799556,-0.034151169399922916,27.59786925268611,35.58824140246653,29.627129139712224,-0.11435779774139031,-0.12438535286457135,0.9856219245169495,0.22236869496745115,0.11624101487702539,0.9680083625459193,0.8826341729220127,0.46656056996465933,0.05725514251599513,39.21952611717009,0.244509964565595,8.645639050690493,167.5025617066289,237.9598148961528,8.008010733033052,15.34223237246453,25.53883019708358,-0.08263335744264866,-0.16791787046576512,0.11178512190053601,-0.030660032769318564,45.46237660278172,53.47038733581477,29.629961175981403,-0.07974838686672406,-0.12742514077199668,0.988636954746985,0.17149378048327726,0.17428426787126264,0.9696467796203582,0.6992931050209452,0.7140945316022013,0.032529266914553615,39.219526117170105,0.24450996456559504,9.74230070797562,160.37800058092677,227.41102870791255,8.00801073626261,22.33397907733681,19.711220073140854,0.5328715410111419,-0.12541306375210054,0.15728698868733876,-0.03412812534364277,27.789029288839288,35.7970400251019,29.629961175981414,-0.1145149867711975,-0.12458223382240319,0.9855788070066303,0.2163106940215189,0.11399476489645202,0.9696467796203582,0.8811048380334053,0.4694945641646614,0.056825334261764726
K11Uf1D,1658,39.42130162119801,0.2865393354339875,15.65483654740792,130.8276922519091,18.98290191041268,292.3754050259187,25.290261844944233,28.201037323155024,5.167787308117079,-0.14814200337883324,0.06383745612893041,0.03042090595932939,149.81059416232176,82.18599918824049,28.125548052717157,0.25516637416549426,0.08777566311661611,0.9629047483835944,-0.24767537414670607,0.14408920775769563,0.958068478371483,-0.8552372786554998,0.47631745166003125,0.20418345290945777,39.42130162119798,0.2865393354339876,15.693814305126384,136.67165107948534,355.77353553297877,-67.62459497830696,32.47290913789505,19.243991721083198,6.064720167547199,-0.12272936263496381,0.10560543591047584,0.027049971217501172,132.4451866124641,64.82059163415715,28.125548052717136,0.2697609077700077,-0.019935279380445776,0.9627209550410363,-0.19338097458981768,0.21144405741860786,0.958068478371483,-0.6767697862363776,0.7124128090362933,0.18560885204802488,39.2087716666818,0.2883335802396621,15.69884072923238,131.8935543105571,19.08012076816907,291.4512764969812,25.281276909997736,28.20064631783793,5.167999801034991,-0.14794841272914055,0.06328231327301567,0.03040245899016111,150.9736750787262,82.42495157570738,27.903566155228013,0.25571589497522373,0.08845021838902274,0.9626972213130952,-0.25211797888799287,0.13990274556010415,0.9575300238144903,-0.8653198846735706,0.45896921824394654,0.20141686595977842,39.20877166668181,0.28833358023966216,15.73491909038511,137.72232833432076,355.88654667441807,-68.54872350771603,32.46422327447506,19.246333120682287,6.064693354162915,-0.12271200967867693,0.10501774809429033,0.027031995500316323,133.60887500873883,65.0601515010228,27.90356615522802,0.27048852433819565,-0.019452697930147825,0.9625266493685168,-0.19887281286604425,0.20877226299623483,0.9575300238144903,-0.6915400079509808,0.6989207409760454,0.18243413944942763
K12F87N,1716,39.20003535033151,0.2512570310308169,20.66753863465168,161.3983427065847,74.02107102371268,357.7792216211677,-17.551520330899617,-23.20650373029821,3.9551669329860455,0.15156284559423616,-0.12266137323883686,-0.06770124761276634,235.41941373029738,233.1986353514651,29.35075085190415,0.09715999560139474,0.33930807529929774,0.9356441445824492,-0.14260464814194077,-0.20686713119955566,0.9679204018707216,-0.5478293088021051,-0.8289799347667843,0.11258470664999619,39.2000353503315,0.25125703103081687,19.370825819155296,164.03023661790667,53.96562083899664,-2.2207783788327387,-23.84167250996485,-16.820477181974056,3.2995796817761276,0.10925364979918327,-0.1627146710640608,-0.06471586670868698,217.9958574569033,215.77507907807058,29.350750851904138,0.1951180647365401,0.26821838654167546,0.9433916673017881,-0.19800442604584592,-0.15467495889340332,0.9679204018707216,-0.7754606012936944,-0.624766609547262,0.0912553529171899,39.37031784165931,0.2542774839030231,20.64408045481559,160.9163632593775,74.03172530522747,358.0597840819005,-17.56050526611956,-23.20689473550705,3.9553794259604946,0.15155556049262472,-0.12309151614179982,-0.06765392867507812,234.94808856460497,233.00787264650546,29.35933248041988,0.09699150515101404,0.3389578156033298,0.9357885696940094,-0.14603623095854876,-0.20815969366684223,0.9671313050356439,-0.5541346369032316,-0.8244075336495666,0.11526934824992394,39.370317841659286,0.25427748390302285,19.347219749875197,163.550608251013,53.973695697115275,-1.9402159180995655,-23.850358373614284,-16.81813578218917,3.299552868442078,0.10911551724296356,-0.16312251860459354,-0.06467233680939412,217.52430394812825,215.58408803002868,29.359332480419873,0.1948516402867624,0.26793151521814534,0.9435282409289437,-0.20166621180553504,-0.1548798819603667,0.967131305035644,-0.7801623569429418,-0.6185031222335742,0.09381143105482523
K12TW4D,1729,39.73419352251955,0.1416949497497603,9.574070137360582,194.0439638494088,114.5717965864301,60.16052685771434,33.8601116630909,15.092681341856792,-6.252633800916851,-0.04782003312993464,0.16040291981691213,-0.003915103659420133,308.6157604358389,8.776287293553253,34.10405896799889,-0.0691624160484227,0.15126049104715383,0.9860714092065131,0.08843104549187862,-0.11071318339656026,0.9899103702939034,0.6210206366262829,-0.782754347594156,-0.04036087470228426,39.73419352251951,0.14169494974976005,8.009382428923807,192.66527153985848,98.35204728810606,60.1605268577146,36.99571478187062,4.159259129873243,-5.235386579922239,0.0029746850059284027,0.16735479477390672,-0.0038346064076858572,291.0173188279646,351.1778456856792,34.10405896799887,-0.020239146373316835,0.13785750453487725,0.9902452652739602,0.050818911731171756,-0.1322682766011805,0.9899103702939034,0.35653403728729827,-0.9337827272960806,-0.03054993386429571,39.3862955070921,0.1386364530434021,9.575925786644659,190.9673142830659,114.6103786153271,63.25885209295166,33.85112672787077,15.092290336648151,-6.252421307942327,-0.04769368280480002,0.1597830544170045,-0.003910537081524617,305.57769289839297,8.836544991344624,33.92591919946957,-0.06927755627006722,0.15124291888197425,0.986066021970795,0.08065957005307119,-0.11275681740502053,0.9903433414162709,0.5793962428031846,-0.814431304479585,-0.03164876157505233,39.386295507092086,0.1386364530434021,8.011392354775458,189.58139373060175,98.39776614980362,63.258852092951635,36.98702891822107,4.161600529658378,-5.2354133932562155,0.002907785420689026,0.16672571974279998,-0.0038318818837254033,287.97915988040535,351.238011973357,33.925919199469554,-0.020354215804653894,0.1378756760183997,0.9902403768083015,0.04279305916703026,-0.13186667584944456,0.9903433414162709,0.3070639898853087,-0.9514060973152282,-0.02319793325108304
K12UH7G,1733,39.63924967837083,0.2313679337323172,21.85834533943374,130.4496497622172,261.8756657608437,13.97518790895095,16.695488167753425,25.50526074955539,5.1842953925495445,-0.14199751478113626,0.12357236379257655,-0.06339658034063989,32.32531552306091,46.30050343201186,30.46799838558675,-0.05261592348155926,-0.36857650023139704,0.9281071748851841,0.19551183926054233,0.12371839583716637,0.972866321362004,0.7908659821487309,0.5424572992883531,0.28332150770583825,39.6392496783708,0.2313679337323168,23.290372148667494,128.71768709612655,245.8927007523737,13.975187908950861,23.468285105272617,19.270431961278533,5.8330623194844975,-0.0962517989185077,0.16069364088396423,-0.0660734037309854,14.610387848500295,28.585575757451156,30.467998385586746,-0.161496235020165,-0.36090599625771297,0.9185128349345693,0.22388629386762102,0.05836135860124383,0.9728663213620041,0.9096293758937819,0.2782135726526731,0.3084989570532202,39.30135527399742,0.2246902022159329,21.87718604131034,130.3919531366132,261.8696065828517,14.24077266187285,16.686503232533344,25.504869744346692,5.184507885524072,-0.14180804244657436,0.12297718389777926,-0.06335214658572945,32.26155971946491,46.502332381337766,30.47072581012272,-0.05269806040976759,-0.36887303801711074,0.9279846961308552,0.19000256137951568,0.11993628992536073,0.9744302504685305,0.7913224770483481,0.5415422261808653,0.28379703060662753,39.30135527399742,0.2246902022159334,23.309136056096968,128.66092713859598,245.88555841760777,14.240772661872777,23.459599241623092,19.2727733610636,5.833035506150524,-0.09625219242454534,0.1600690304595901,-0.0660289639489559,14.54648555620372,28.787258218076495,30.4707258101227,-0.16166411193673694,-0.3611603970583489,0.9183832982520762,0.21748757397588012,0.056434405622130195,0.9744302504685304,0.9097749619055011,0.2772033519889957,0.3089786729467081
K12UH7H,1734,39.613136973275,0.184592382198315,23.7149949476767,347.0059629355285,255.1875503305779,153.320738426332,31.714220683896194,32.358074576864475,9.834527997570591,-0.07575263803822288,0.10128540833583241,-0.043545719483155436,242.19351326610638,35.51425169243839,32.30085365303002,-0.1028215543909605,-0.38882185422319754,0.9155573677444038,-0.08610990691929815,-0.1632771615872796,0.9828151669741118,-0.44813086413560244,-0.8893822783442294,-0.09043169563989045,39.61313697327499,0.18459238219831486,25.06146296389967,345.00909272338185,239.42402260506836,153.32073842633247,39.721137642864655,21.26629976486761,10.93299791965515,-0.04040231563339117,0.11943682353166737,-0.044675763820411246,224.43311532845019,17.753853754782654,32.30085365303002,-0.21547209006602902,-0.3646922981181573,0.9058539099081453,-0.13181154544566256,-0.1292287276609763,0.9828151669741118,-0.693101871644086,-0.7124637434185788,-0.10956828846637524,39.38255529104018,0.1900867915454159,23.74972270314469,345.8552579135974,255.1472194290451,154.7344691140896,31.705235748676042,32.357683571655826,9.834740490545089,-0.07560756601741922,0.10070516616699422,-0.04351459067337857,241.00247734264258,35.7369464567322,31.89645171290641,-0.10323745354745775,-0.3892856999173033,0.915313428299253,-0.09214871669695666,-0.16625763841440314,0.9817672899826972,-0.4647682203290245,-0.8799455613398282,-0.09841905532225992,39.38255529104015,0.19008679154541575,25.0956040859216,343.85871681114145,239.38289606375645,154.7344691140903,39.71245177921508,21.26864116465275,10.932971106321148,-0.04044014199013396,0.11883986529301926,-0.04464566570482343,223.2416128748979,17.9760819889882,31.89645171290639,-0.2160086768635987,-0.3650020005351576,0.9056013422720675,-0.13847276477154707,-0.13022396759642263,0.9817672899826974,-0.7058863896365769,-0.6984421193795064,-0.1179110291809127
K12W37F,1756,39.68058912969518,0.2946970084173912,18.99351239177187,274.4360152388509,173.4946684589088,344.2677977823257,14.988101612172738,23.133842176645167,-8.495904702000015,-0.1907076121136878,0.08539964992236455,-0.021768453790408194,87.93068369775972,72.19848148008543,27.986838220934356,-0.323365550546654,0.03687333175529771,0.9455554336605142,0.010641076238291232,0.2945048289360479,0.9555907456803043,0.029958676361614936,0.9454159070487138,-0.3244861174378925,39.68058912969516,0.29469700841739077,18.40362260344493,269.86668733390076,160.24074128765406,-15.732202217674233,21.502091504977304,17.52555891495483,-7.906521746396312,-0.15534227751327342,0.13901839710336408,-0.02605803502171425,70.10742862155485,54.37522640388061,27.98683822093436,-0.29712052373042436,0.10673137394846773,0.9488560524090209,0.10027290722144443,0.2771131011834686,0.9555907456803044,0.3229675089873629,0.8921997175130103,-0.3157081757069368,39.37671711560619,0.2902992207141799,19.01280185422447,275.1503376269488,173.6167697087286,343.6411186620406,14.979116676952742,23.133451171436423,-8.49569220902548,-0.19048549206792004,0.08483005510759463,-0.021751921089449146,88.7671073356774,72.40822599771798,27.945686822663003,-0.3237597390377664,0.036219524128012694,0.9454458088384219,0.006246187123438698,0.29023201528032555,0.9569359239012505,0.015475634248398512,0.9457714059922097,-0.32446410025167466,39.3767171156062,0.29029922071418,18.42601780190794,270.58203523417626,160.36133780980984,-16.358881337959467,21.493405641327847,17.527900314739828,-7.9065485597302745,-0.15530306590690462,0.1384083144081063,-0.026040415350359093,70.94337304398607,54.584491706026604,27.945686822663003,-0.29769379715994554,0.1062303964901026,0.9487325787565476,0.09478341453961435,0.2743897627016573,0.9569359239012505,0.3092730428071274,0.8969135969286295,-0.31606357689137254
K12XF9W,1759,39.63440055449261,0.2123549213134114,20.99914355229747,273.7822659312446,146.4559205874372,21.37726115356077,-2.773034907240655,30.65111859977747,-9.217772578371697,-0.18859248953234375,0.01339728190154442,0.03571542356138288,60.2381865186818,81.61544767224257,31.217840543439102,-0.29867406182802253,0.19801866115703348,0.9335857832169074,0.10541202775835716,0.18434456056498247,0.9771926050651298,0.45977637622207723,0.8128633915833329,-0.3575734756546355,39.6344005544926,0.21235492131341172,19.793765626986733,270.8555056224026,131.61703644281096,21.377261153561026,6.866935940472227,30.056879356001367,-9.032016357890978,-0.17665239027165056,0.06974078742625599,0.030860352088138053,42.47254206521353,63.849803218774554,31.21784054343908,-0.22490429827853167,0.2531641483952842,0.9409176215711617,0.15663320574617334,0.14338985830142317,0.9771926050651297,0.6934359156578321,0.6360017026089424,-0.3385977926010599,39.48136026335359,0.2085719781190789,20.97797106636504,273.998025551048,146.549110166701,21.36443835315992,-2.78201984246083,30.650727594568785,-9.217560085397164,-0.18837178713743263,0.012875946331693755,0.035693427966782786,60.54713571774903,81.91157407090896,31.24665485439393,-0.29870787329553766,0.19734243831670975,0.9337181418771259,0.10255637986150153,0.18161624103094123,0.9780070193733246,0.45526026668226105,0.8155922488667664,-0.35713775097131245,39.481360263353594,0.2085719781190789,19.774327663372937,271.06258925782646,131.71872098705768,21.364438353159887,6.8582500768226184,30.059220755786477,-9.032043171224947,-0.17659889566349846,0.0691771377195892,0.030839822481080796,42.78131024488414,64.14574859804402,31.246654854393938,-0.2251408012926626,0.2525263241861656,0.9410324517179636,0.15308170737510732,0.1416624894727872,0.9780070193733246,0.6899444231512992,0.6399672886611507,-0.338258129844822
K12Y12G,1762,39.51302136853084,0.2140784989534817,30.93419134389577,29.15392502164874,114.4485997599901,325.1934158493313,-2.400239042655052,32.564816024416054,-6.767759546577588,-0.16019585099277642,-0.020858758453894316,0.09257034229439465,143.60252478163883,108.79594063097011,31.054133064838915,-0.21275467097601244,0.46795956543288747,0.857758296431898,-0.17231605382258233,0.12703063138152457,0.976816459876585,-0.7418392293598987,0.6220626416033095,0.2504248943380513,39.51302136853079,0.21407849895348163,29.367358094586265,28.7691142354035,97.1990084680576,-34.80658415066907,7.7325470077729435,31.768562927552583,-6.557216310062946,-0.1615029911243321,0.0285071040776957,0.08815438518324796,125.96812270346109,91.16153855279202,31.054133064838872,-0.061455917336574954,0.48654139114500994,0.8714933418718691,-0.1257358066552892,0.17326312544485503,0.976816459876585,-0.5259747664742288,0.8170944196899584,0.23602384274456362,39.42849380475495,0.2145032212133351,30.91789367047966,30.11463148408275,114.477164283776,324.5151629942694,-2.4092239778750457,32.56442501920736,-6.767547053603097,-0.15999418130987003,-0.021357134075523462,0.09251023996075954,144.59179576785874,109.10695876212816,30.97095487604499,-0.21288684325957485,0.4676313609307804,0.8579044831687263,-0.17482974352773026,0.1242827127517139,0.9767232812261122,-0.7501584476951508,0.6089370913436529,0.2577943407787167,39.42849380475488,0.2145032212133341,29.351159614020855,29.72803327339687,97.22917379192508,-35.48483700573108,7.7238611441235046,31.77090432733763,-6.557243123396953,-0.16145965032894927,0.027971091051300023,0.08809545452284172,126.95720706532195,91.47237005959087,30.97095487604497,-0.061681057913582055,0.4862645214599233,0.8716319534436614,-0.1289632775270844,0.17140625706306276,0.9767232812261124,-0.5380687764214505,0.8070950883168921,0.24306277019541947
K13F28D,1777,39.44208431548427,0.1847149970933969,6.858046469539486,199.6017049085529,251.1442306354041,104.3852586708111,-34.91851349288753,-23.87731776895491,-3.046182306682274,0.06037932762254957,-0.13420859044367994,0.012088805731229564,90.74593554395699,195.13119421476807,32.15653982579208,-0.038591718428876966,-0.11300176707142662,0.9928450432506783,-0.0024047423860661912,0.18469934316415498,0.9827921295211854,-0.010747135475069669,0.9991394943337493,-0.0400595798977015,39.44208431548425,0.18471499709339678,8.181760795589854,192.99913533389295,240.1082031793657,104.38525867081214,-40.40073178935916,-12.213791038259766,-4.1608045371239735,0.016677845061670846,-0.1461780376436757,0.012553046314780655,73.10733851325864,177.49259718407077,32.156539825792066,-0.0709240437524209,-0.12338156683317938,0.989821584419937,0.053674417610015616,0.17674469453264852,0.9827921295211854,0.2925645610783796,0.9557098083641395,-0.03201155725038353,39.6427955403348,0.1833778099843878,6.847899729124502,201.0825298894632,251.1911573280491,102.7384924026149,-34.927498428107654,-23.877708774163604,-3.0459698137077487,0.060433157840439206,-0.1346309938791993,0.012082645764926663,92.27368721751225,195.01217962012714,32.37318651248935,-0.03844246491166428,-0.11286689730411109,0.9928661744588032,-0.007275132011057463,0.183233440312875,0.983042511189282,-0.037243820959072915,0.9983853711128303,-0.04288995859480881,39.642795540334774,0.18337780998438802,8.172325193120198,194.4797231156029,240.15551279141684,102.73849240261615,-40.40941765300874,-12.211449638474685,-4.160831350457951,0.016601760998538852,-0.14659696878415637,0.012544787092398575,74.6352359070197,177.37372830963585,32.37318651248932,-0.07074102181341065,-0.12329869753726368,0.9898450075736145,0.04858836500051877,0.17682361827891285,0.983042511189282,0.26716555211279747,0.9629949436188239,-0.035543020817625344
K13GD7E,1794,39.13901354223636,0.2534356224193712,3.876249113645493,136.2499011562983,31.45204254990806,42.19752893303833,-19.35504998172054,-27.08264358892509,-0.8811365575131072,0.1253774479320741,-0.13652627475196175,-0.012324098635435238,167.70194370620638,209.89947263924472,29.21979328427949,0.05766948089337496,0.03527354044880525,0.9977123875735407,-0.24761998468995805,0.05398108829246612,0.9673522550182565,-0.9762273807813915,0.21164774370133488,0.04674755179512675,39.13901354223633,0.25343562241937123,3.8184013417300426,159.93050083526114,350.2409341742818,42.19752893308041,-26.59750146600478,-19.97073385807688,-1.6145123500199845,0.07858869646113231,-0.16802185924191754,-0.01016283229288463,150.17143500954296,192.36896394262337,29.219793284279465,0.06563068467966456,-0.01128810574589692,0.9977801320416978,-0.21985985724119636,0.12606053262212905,0.9673522550182565,-0.867646701651076,0.4966557805199383,0.022852500741483834,39.33514562984352,0.2567542680642263,3.866193661289111,136.7947323865853,31.38634526515427,41.53923012762453,-19.36403491693806,-27.083034594136667,-0.8809240645388334,0.12538771346878996,-0.1369471247705749,-0.012313895968626695,168.18107765173957,209.7203077793641,29.235679104453293,0.05756041006177944,0.035116198162704296,0.9977242363599861,-0.25131102599181543,0.05258823427476572,0.9664767176868791,-0.9779883726348986,0.20348927619644247,0.04616121168243559,39.33514562984347,0.25675426806422585,3.8109779917629805,160.5313295358649,350.11911943245684,41.539230127671075,-26.60618732965272,-19.968392458295334,-1.6145391633541684,0.07847111694414298,-0.16842614966479014,-0.010155866305603422,150.6504489683217,192.1896790959928,29.235679104453276,0.06547917981610632,-0.011405431837819,0.997788751758208,-0.22379875741126426,0.12584462781688552,0.9664767176868793,-0.8717721821403394,0.48941040121493323,0.022152237559873007
K13GD7F,1795,39.39200738259566,0.1558146482740912,14.72173030629332,100.3529531197933,35.83590139784908,75.6423802155452,-25.274365121463752,-29.352791849712506,-2.3644781584286103,0.10253766679372738,-0.11815751125214234,-0.040942373454247186,136.18885451764237,211.83123473318756,33.25415560746611,0.2060182269543067,0.14878135873382276,0.9671714416048074,-0.11243983516055903,0.10786791963250736,0.9877863105870729,-0.7027184915062122,0.6661028365222834,0.2499874654301724,39.392007382595615,0.15581464827409108,14.304287545907831,106.43171123110747,12.36835515921555,75.64238021554577,-32.88277818741738,-20.346742515385145,-3.271642755104028,0.06315927360798824,-0.1436118538384357,-0.03921721707704045,118.80006639032302,194.44244660586878,33.25415560746608,0.24133717525938825,0.05292170074939786,0.9689972453147689,-0.07506443749945865,0.13654133015196745,0.9877863105870729,-0.47538524826774686,0.84725975834117,0.23698052161533203,39.56897711438833,0.1576863859177956,14.67965008502556,101.7748274451772,35.78861254225245,74.07249140306638,-25.283350056683844,-29.353182854921204,-2.3642656654540875,0.10256324058517705,-0.11859067284719495,-0.04091298952477179,137.56343998742966,211.63593139049604,33.32948811875647,0.20556469356471904,0.14819583444841564,0.9673578197398215,-0.1163764828188172,0.10640258714212501,0.9874892423192184,-0.7193375791651175,0.6488519546578677,0.24808181742629315,39.5689771143883,0.1576863859177955,14.263717391233264,107.87224275643115,12.301902720098978,74.07249140306692,-32.89146405106691,-20.34440111560008,-3.271669568438006,0.06305203558831134,-0.14403250495141412,-0.039190777526461475,120.17414547653013,194.24663687959705,33.329488118756444,0.24072795610764944,0.0524955569759997,0.9691719494733704,-0.07925789150185246,0.1363201486886532,0.9874892423192184,-0.496378548384182,0.8358350120577028,0.2344955635454797
K13GD7G,1796,39.15362006608967,0.1319079031804855,2.392653967693219,73.03694515661849,96.051488723104,49.20189507866981,-22.773138574436977,-28.148273960559322,1.070241856530193,0.12117564756708388,-0.12235099804900945,-0.004496035698058286,169.0884338797225,218.2903289583923,33.988948141246404,-0.004401116661192482,0.041514917643139373,0.9991281908670268,-0.12952307695985973,0.02496933031385887,0.9912619760076181,-0.9810912879201978,0.18938157343406448,0.03993124604523829,39.153620066089665,0.13190790318048506,0.9027361749323416,93.49661106075156,58.01604036288967,49.201895078669686,-30.23021306439774,-19.95405730290976,0.23748758702393435,0.07864943958124908,-0.15323953408076763,-0.0023301227765408668,151.51265142364122,200.7145465023109,33.98894814124641,0.00834517248474157,0.013363391103480705,0.9998758812344737,-0.11593681772591902,0.06291541319151653,0.9912619760076181,-0.8788173710753466,0.476899076836247,0.015725737151307304,39.33489262055123,0.1354742788439464,2.391602481823433,73.9861158517899,96.06802828515293,48.03816199974192,-22.782123509657055,-28.148664965768027,1.0704543495047167,0.12118872934051134,-0.12278134897946909,-0.004491079753225216,170.05414413694285,218.09230613668478,34.00602640937799,-0.004411162308059045,0.04149541228021459,0.9991289568453048,-0.13343829140521726,0.023398773795728363,0.9907808636483209,-0.9841388584379709,0.17280596759118383,0.04010990996352661,39.33489262055121,0.13547427884394614,0.9015097162988102,94.4445722483057,58.03377721803646,48.03816199974209,-30.238898928047263,-19.9517159031247,0.23746077368995733,0.0785318193514574,-0.1536537322868264,-0.002328406625583007,152.47834946634217,200.51651146608424,34.006026409377974,0.008329704020100448,0.013347816317898007,0.9998762182542803,-0.12014350649852194,0.0626004638523301,0.990780863648321,-0.8867315917455257,0.4620184224266818,0.01568634880418355
K13GD7H,1797,39.26449358424694,0.2245192192547235,13.49925698225078,152.3120422645398,35.80066875507506,31.62274054864152,-17.836548970099216,-27.025913002539085,-2.7573296234342215,0.13972242835601045,-0.12117481690242927,-0.04321475953933785,188.11271101961486,219.7354515682564,30.44886014027972,0.1893272671674208,0.13655049090206425,0.9723729476601667,-0.2222723149989892,-0.03168434628867593,0.9744696609875801,-0.9824831079700673,-0.15153246309703422,0.10846591714092944,39.26449358424689,0.22451921925472274,13.090264913790342,158.94703716847062,11.76069876530769,31.622740548641854,-25.081669004731317,-20.375357136153823,-3.4496406982629813,0.09774493696092638,-0.15772084825221533,-0.040537266856396616,170.7077359337783,202.33047648242015,30.44886014027971,0.22173129714861783,0.04616337269470403,0.9740144633865768,-0.22157297180774876,0.03625324784116353,0.9744696609875804,-0.9849748643123105,0.15233173389513788,0.08136067552230954,39.438088194488,0.2280687616953784,13.46792168430853,152.5607034088616,35.74051220406435,31.23754515303646,-17.84553390531931,-27.02630400774781,-2.7571171304597044,0.13972307923777175,-0.12160595616271172,-0.04318385255389018,188.30121561292594,219.5387607659624,30.443492256338004,0.18903886066985817,0.13604098549859978,0.972500467568634,-0.2256792228157211,-0.03292792812424454,0.9736450276865469,-0.9821208053504207,-0.15466270337069482,0.10732274634908319,39.438088194488,0.22806876169537826,13.06076278202085,159.21279537880872,11.683091105412206,31.237545153036667,-25.090354868380864,-20.373015736368778,-3.4496675115969655,0.09761451806478175,-0.15813204287875154,-0.040509942548727584,170.89588648422094,202.13343163725762,30.443492256338008,0.22130245428945414,0.045761428484142164,0.9741309539217788,-0.2251956539167597,0.03608708242939909,0.9736450276865469,-0.9855433372258282,0.149238283859561,0.08020140323230408
K13GD7J,1798,39.38512463364199,0.2657386736719386,16.90783046281006,231.5471699018204,42.53411160020182,339.1673786222158,-16.267567740786163,-25.26916988489638,-2.317143342868867,0.17831282303581797,-0.07885460142953583,-0.05430488165970344,274.08128150202225,253.24866012423809,28.918973851093973,0.21430753071004122,0.19661152208348892,0.9567738456213039,0.018913040527451158,-0.2650647837471588,0.9640451012868013,0.0482871271871827,-0.9725199242706833,-0.22775721776609703,39.38512463364205,0.2657386736719396,16.302963160369085,236.65220198116663,20.05927803736978,-20.832621377784026,-23.06821017408679,-19.1746351451908,-2.9537952801768372,0.14760319368200242,-0.12903493363454263,-0.05025748018445361,256.7114800185364,235.87885864075238,28.918973851093977,0.2636876060537198,0.09628350700216681,0.9597907754781883,-0.061081294393634425,-0.25862350658847655,0.964045101286801,-0.24137541628455456,-0.9416737602535095,-0.23449613571117542,39.49538928251611,0.2666681858469337,16.87311126210425,230.9172308974808,42.49131063486645,339.6107694469753,-16.276552676006222,-25.269560890105094,-2.316930849894355,0.1782876088889751,-0.07931410561308001,-0.05426654157261873,273.4085415323473,253.01931097932265,28.963225473229105,0.21402679254344525,0.1960597169807296,0.9569499043581128,0.015854807223502704,-0.266196443309824,0.9637883993165228,0.0368827030347848,-0.9735899288879499,-0.2253049413235413,39.495389282516086,0.26666818584693397,16.26948983982912,236.03428997953446,20.0040815367493,-20.389230553024813,-23.076896037736294,-19.172293745405753,-2.953822093510826,0.14743935752627957,-0.12946535485899968,-0.05022364095000407,256.03837151628375,235.64914096325893,28.963225473229084,0.2632532955398994,0.09583760169337203,0.9599546116817425,-0.06433957328934187,-0.2587901479033549,0.9637883993165227,-0.2526336018775059,-0.9392487685228693,-0.23235320964142347
K13GD7L,1799,39.15327467248776,0.1993301134359582,10.46274081209955,236.1568267929538,44.533333271359,331.3758972881811,-17.341359317729733,-27.77758363774874,-1.4106914477649526,0.16855685732166278,-0.07771230861657666,-0.03205988077748532,280.6901600643128,252.06605735249389,31.348847990631548,0.1294494145032524,0.12735770738893065,0.9833732065972718,0.03697530936393426,-0.19587067320003093,0.9799323986263583,0.1758128306195318,-0.9728005737778223,-0.15082735908013353,39.1532746724877,0.1993301134359574,9.847170674796713,244.4128442962037,18.823725498761014,-28.624102711818995,-24.873867876774995,-21.24149767287458,-2.096764069117031,0.13803859881349173,-0.1249989556370784,-0.028267637739782987,263.23656979496474,234.61246708314573,31.348847990631526,0.1618737940682553,0.05518114323881656,0.9852674338598659,-0.023475141497186793,-0.19794295100881645,0.9799323986263585,-0.12205755998575402,-0.9804638294281366,-0.15424860204694874,39.26612236779183,0.2000508143951116,10.43943210018013,235.2190780841534,44.49319449712444,332.1077812013382,-17.35034425294978,-27.777974642957474,-1.41047895479044,0.16853818206446747,-0.07817257841644906,-0.03203645029650577,279.71227258127783,251.82005378261601,31.410902609976965,0.12925322396764527,0.1269866146572538,0.9834470010081173,0.03374867448956962,-0.19718355740361432,0.9797855232957122,0.15917236139771918,-0.9759691377635267,-0.14882339029934977,39.26612236779188,0.20005081439511252,9.825151026522475,243.496510483431,18.76192933988827,-27.892218798661645,-24.882553740424502,-21.23915627308956,-2.096790882451019,0.13788117328201677,-0.1254320819566042,-0.02824853709270865,262.25843982331924,234.3662210246576,31.41090260997697,0.16157467040741252,0.0548847299130816,0.9853330869838403,-0.026947839268462642,-0.19822750136877793,0.9797855232957121,-0.1389266212863864,-0.9784576733661516,-0.15270879257215797
K13GF8N,1818,39.18516245947456,0.2032434528769649,10.80958228157525,280.3039360684414,205.4808059746328,82.577318821454,-24.84308477475985,-30.87853001191111,3.2816218738582754,0.09977277364669292,-0.11832504944247217,0.028590124824147405,125.78474204307417,208.3620608645282,31.22103473966613,-0.16930292995807564,-0.08068374674237537,0.9822558988976463,-0.11884491537448477,0.16487506551016926,0.9791282341259744,-0.5772311099002977,0.7954597709082462,-0.18452099780206865,39.185162459474554,0.20324345287696466,11.135545445548171,272.1810561394558,195.87333144274376,82.57731882147337,-33.08806702537066,-21.9314834688026,2.3709433412887875,0.058558331431000706,-0.14293635574277147,0.030214879631912932,108.05438758219952,190.6317064036729,31.221034739666134,-0.18576638777098517,-0.05282347806597569,0.9811730374095761,-0.0629891373761175,0.19323630536201927,0.9791282341259745,-0.3047739770462069,0.9326668084475276,-0.19299079598711666,39.36201857950742,0.2043902875488683,10.77910463723859,281.5338637628915,205.393519148639,81.23384959304384,-24.852069709978814,-30.878921017121208,3.281834366833122,0.09980020059463664,-0.11875809874584345,0.028572904927156854,126.92738291153046,208.1612325045743,31.316804283538,-0.1689536116440888,-0.08020165483641825,0.9823555220356419,-0.1227981637692307,0.16338910801890763,0.9788894781106245,-0.5933886033053898,0.783779753378083,-0.1832464560690608,39.362018579507435,0.20439028754886834,11.103061112250447,273.385635030802,195.81178248152088,81.23384959306553,-33.096752889019555,-21.929142069019207,2.370916527955151,0.058454177170954476,-0.14335745960513374,0.03019478264970081,109.19741751232289,190.43126710538843,31.316804283538012,-0.1852877596488052,-0.05247230763151654,0.9812823768193079,-0.06720844838901313,0.19302438734380287,0.9788894781106245,-0.3237328393878783,0.926413239263389,-0.19223828655961578
K13HF6W,1821,39.40882927767318,0.2403468429002167,9.927424291200568,34.46901174446835,126.0628620679368,51.90214338139993,-18.268736112834304,-29.6770208189118,5.642329046762301,0.1257975473240853,-0.12420630596780845,-0.00500111344702522,160.53187381240514,212.43401719380506,29.937041578390804,-0.1014874926416951,0.13936375003674137,0.9850269204509076,-0.22660550317861913,0.08010337584188501,0.970687073730715,-0.9359767640364978,0.33827092458086944,0.09757191587219183,39.40882927767319,0.2403468429002169,8.444824142179332,31.05989864756234,111.84618881341396,51.90214338148193,-26.525454375533666,-22.772061266858394,4.913415995859474,0.08250743123300697,-0.15640433654961183,-0.0027290640228337204,142.9060874609763,194.80823084245822,29.937041578390804,-0.05464784062195534,0.13631055898593702,0.989157745268316,-0.19171218164670886,0.1449587675870654,0.9706870737307149,-0.7924558446839496,0.6052048199993709,0.07576846359651905,39.59182105136806,0.2433010788429472,9.930243080921608,35.12593790352425,125.9953323339833,51.10972053692016,-18.277721048048942,-29.67741182412606,5.6425415397366105,0.12580753129118782,-0.12463541338692496,-0.004995818976237276,161.12127023750756,212.2309907744277,29.959088276213304,-0.10135164688356331,0.1395224755571339,0.9850184376388081,-0.23021282950035526,0.07872399951464845,0.9699508157808095,-0.9392313838757527,0.32863233067383946,0.09922297505476632,39.59182105136805,0.24330107884294705,8.446946869367837,31.729712043873803,111.76591266386839,51.10972053701168,-26.53414023917968,-22.769719867080273,4.913389182525378,0.08238722520267497,-0.15681641356183654,-0.0027270804834066877,143.4956247077422,194.6053452447539,29.9590882762133,-0.05447039381582302,0.13642102545049434,0.9891523037493188,-0.19556818948455482,0.14473596038260567,0.9699508157808097,-0.7985132181988628,0.5969996504459045,0.07725320530025477
K13J64Z,1838,39.36776999725068,0.2313805873495235,10.124214116262,131.0578408189962,117.1833246210159,6.613806124770089,-5.477658469468746,-29.68098818439355,3.291291354342651,0.1939466868380347,-0.0461021481826058,-0.02704587536162737,248.24116544001208,254.85497156478218,30.25883225264587,-0.0803044372766885,0.15636745869208873,0.9844289792645543,-0.08577293372413342,-0.21489527692009866,0.9728633119805626,-0.360256200166894,-0.9233885296263529,0.13254845753833955,39.36776999725071,0.23138058734952394,8.571627147004005,129.29118446120114,101.34431262627767,6.613806125282433,-14.272984217658458,-26.639728504366776,2.8991701270404096,0.17164005027601797,-0.10253517963576804,-0.022325654635085904,230.63549708747883,237.24930321276125,30.258832252645874,-0.029317957697930275,0.14613376076939832,0.9888303096688605,-0.14675351959309382,-0.17888650225562044,0.9728633119805625,-0.6257758992935211,-0.7714262264735574,0.11535207398288373,39.42068084871972,0.2326623235448677,10.12820926370692,130.4856806736035,117.1487921656816,6.95353385708491,-5.486643404477892,-29.68137918965401,3.2915038472878035,0.19391099416850435,-0.04658360454110298,-0.027025805494073053,247.63447283928508,254.58800669637,30.248973646735923,-0.08024150091954918,0.15647690978699907,0.984416719806043,-0.08853128088295653,-0.21516033347836158,0.9725575783482967,-0.3699677084606216,-0.9193669740055217,0.1337470067116534,39.42068084871972,0.23266232354486804,8.57543360207892,128.72609708962992,101.3027812157271,6.953533857848517,-14.281670081121797,-26.637387104694774,2.899143313682181,0.1714601035319727,-0.10298336219334636,-0.02231053657405655,230.028878305357,236.98241216320554,30.24897364673591,-0.029224898882943634,0.14621939246986318,0.9888204056101522,-0.14946260823071159,-0.17830503508922482,0.9725575783482966,-0.6338488707749208,-0.7646589238456405,0.11632858290456592
K13J65A,1839,39.44215058206418,0.1463288936792521,10.22814650133511,46.32481812496184,177.2839609434997,24.29542702069831,-8.204707448092362,-32.82344970221658,5.986017029035363,0.17255583422529247,-0.05485760437420066,0.008411769822993347,223.60877906846153,247.90420608915983,33.67062432306026,-0.17736873276003443,0.008414259785904632,0.9841084964938341,-0.10595180408160287,-0.10092750040126576,0.9892359955413097,-0.7235215413683989,-0.6782496178873367,0.12842910500185709,39.44215058206415,0.1463288936792515,9.79186988635892,37.58586378080967,168.308080249972,24.295427020698224,-17.89479231627686,-28.811608032981912,5.495100094243581,0.1476355651823191,-0.10441993695126327,0.012483878195871927,205.89394403078165,230.18937105147987,33.67062432306026,-0.1665409631006168,0.03446448213573323,0.9854320408230264,-0.13163804964017667,-0.06390280911136906,0.9892359955413098,-0.8978032579966768,-0.428005350146606,0.10373393936621575,39.51900399239766,0.1488090779105777,10.2228829476303,45.87457748876989,177.1294370455615,24.61757923671114,-8.213692383312509,-32.82384070742529,5.98622952200989,0.1725344786728353,-0.055333192430957606,0.008408074372530041,223.0040145343314,247.62159377104254,33.63821744834452,-0.17725510113764045,0.008888055773600495,0.9841248048826177,-0.10882495878536516,-0.10149517236775335,0.9888659455818082,-0.730735230186344,-0.6706684088687505,0.12739665894351265,39.519003992397664,0.14880907791057807,9.782499791290409,37.13609547225878,168.1532854898049,24.617579236711144,-17.903478179926452,-28.80926663319684,5.495073280909606,0.14747170732975184,-0.10486685626024615,0.012475665333092766,205.28938096206366,229.9069601987748,33.63821744834451,-0.16628951725228647,0.034881210945546935,0.985459840670828,-0.13454747472690692,-0.06356979403151185,0.9888659455818081,-0.9023596589100074,-0.41859922092116153,0.10257552444911847
K13J65B,1840,39.35228374087198,0.1873315214841628,24.928652262049,167.1223021252099,72.48394820427097,12.27738260018098,-7.091686728723174,-31.41908942765676,-1.251887384339422,0.16783294588315134,-0.044393634784059846,-0.08060072219410686,239.60625032948087,251.88363292966184,31.980360553817953,0.1268569053945654,0.4019460154573086,0.9068333508488245,-0.09477844825478124,-0.161586338184845,0.9822967479628693,-0.486138332836728,-0.8688183039997232,0.09393761750103866,39.352283740872,0.1873315214841632,23.653325317321336,169.38512323758926,52.83891496312737,12.277382605565405,-16.210702489634667,-27.809071847630186,-1.6991382846619776,0.14874704255542867,-0.09301813172088955,-0.07653178067664183,222.22403820071662,234.50142080628203,31.98036055381795,0.24234909932024098,0.31973384898699825,0.9159897269460108,-0.1387232466284676,-0.12589265183651052,0.9822967479628691,-0.7281898671662721,-0.6813792759439967,0.0739039895432011,39.40265067814756,0.1888536187185779,24.89766820141254,166.4349246358534,72.46287146419061,12.70705882210651,-7.100671667836751,-31.419480431835588,-1.251674889495077,0.1678147558192476,-0.044876236288445,-0.08054475744576141,238.89779610004402,251.60485492215054,31.961317510475368,0.1268569708113111,0.4014316648283088,0.9070611486717699,-0.09755540846525529,-0.16170538513691865,0.9820052498316382,-0.4957806593881401,-0.8628157031009822,0.09874512777357058,39.40265067814753,0.18885361871857775,23.622716316801764,168.70169721867154,52.81373535229363,12.707058822106655,-16.21938835673492,-27.806730445687226,-1.6991650962205276,0.14858243972921423,-0.09347269305488189,-0.07648033121835204,221.51543257096517,234.22249139307183,31.961317510475347,0.24219378839302627,0.31923741745407247,0.9162039293525696,-0.14140928713127107,-0.12517628695614708,0.9820052498316382,-0.7356981407097632,-0.6727443734157148,0.07850639333006393
K13J65C,1841,39.29527609707197,0.2920936640468519,16.4210078429318,127.6546741122265,87.18903936542422,25.59978713072083,-4.3924251874565226,-29.58648291323047,0.8653388853862336,0.18475195876182127,-0.06477421957443516,-0.05531974481513112,214.84371347765074,240.44350060837158,27.81737492214554,0.013863510727328667,0.28235303236955156,0.9592103878618248,-0.2397252272603636,-0.1668847626096589,0.9563897173347718,-0.7884589801798694,-0.5729235890926468,0.22381018215201995,39.295276097072005,0.29209366404685255,14.951100377031269,129.78718683295907,67.55338920373892,25.59978713072396,-13.14346960129268,-26.877461751260462,0.503426497384302,0.15801888549843257,-0.11755744794946801,-0.050985666727615196,197.340576036698,222.94036316742196,27.81737492214554,0.0985081015057394,0.23844780004755314,0.9661463660285728,-0.27881799636795485,-0.08705879322431868,0.9563897173347717,-0.9305068634313536,-0.3079836877541434,0.198249905887752,39.37196775738377,0.294315266834661,16.40963778640584,127.3900775932131,87.17733060864369,25.62203758627538,-4.401410122676152,-29.586873918439345,0.865551378360617,0.18472242881486522,-0.06524316106698742,-0.055280724520840506,214.56740820185678,240.18944578813216,27.784196561063695,0.01391183700322313,0.28216006833408347,0.9592664679998468,-0.24235662720769652,-0.16698724963441772,0.9557083884261152,-0.7911349125942276,-0.5689691688106446,0.2244540822026813,39.37196775738376,0.2943152668346608,14.939861409844221,129.5253323112835,67.53892646659654,25.62203758627917,-13.152155464941822,-26.8751203514757,0.503399684050195,0.1578480682747793,-0.11799556190414764,-0.050951339429596426,197.06425877788004,222.6862963641592,27.784196561063695,0.09849588023544278,0.23824778270148703,0.9661969548774568,-0.2813584056265257,-0.08636506165838731,0.9557083884261153,-0.9318804728832496,-0.30340566697056176,0.19885619303667626
K13J65D,1842,39.30858374813596,0.09203471813826547,13.03433202062874,49.86507463888209,198.18087721531,6.104164207945891,-9.23494191668205,-33.82966439045837,6.773509626859618,0.1679164616930722,-0.0434910253081431,0.02169444108596878,248.04595185419208,254.15011606213798,35.690829322461866,-0.2142753151951446,-0.07037090142953548,0.9742350976689436,-0.03440836305527894,-0.0853607280583178,0.9957557987062943,-0.380008990362355,-0.9087693881006544,0.17242785881331818,39.30858374813595,0.09203471813826525,13.144309049951643,42.906974571643126,187.3762521819323,6.104164207945424,-19.202059224700747,-29.459606327049737,6.246862750776108,0.14628094163303165,-0.09218291703123369,0.025734259003774997,230.28322675357543,236.38739096152085,35.690829322461866,-0.2255225583767522,-0.029195220647067616,0.973800397799556,-0.05880954346461535,-0.07079425781992102,0.9957557987062943,-0.6412830198603283,-0.7515231821355952,0.1548192337909168,39.37029809463932,0.09368374145964682,13.01506824435974,48.50280355219459,198.0378319686792,7.312719187656992,-9.243926851901843,-33.830055395667145,6.77372211983418,0.1678982156580031,-0.04397423176048937,0.02168184298822715,246.5406355208738,253.8533547085308,35.6819412667519,-0.2141388686179396,-0.06973429137175532,0.9743108711052689,-0.037295363321613206,-0.08594009127634679,0.9956020071223852,-0.404056400047198,-0.899047437341451,0.16867759480935313,39.37029809463929,0.0936837414596462,13.12127853403908,41.53248507494867,187.24569077810435,7.312719187656671,-19.21074508835002,-29.457264927264834,6.246835937442175,0.1461179917104603,-0.09263803814465105,0.02571716513624156,228.77817585305303,236.0908950407097,35.6819412667519,-0.22520018108456663,-0.028631870272356308,0.9738917262428023,-0.06173533811054816,-0.07046553371864951,0.9956020071223853,-0.6611593419990078,-0.734991245673897,0.1505197437885556
K13J65E,1843,39.24029417111209,0.2754644283960541,8.04536068740229,66.0428928311374,113.8811351421845,48.79986174185655,-6.964673497313712,-33.473969785949535,2.815661360860689,0.161315545779148,-0.08079514290817616,-0.01622617712456991,179.9240279733219,228.72388971517844,28.430988967173683,-0.05666028648291765,0.12797494533609216,0.9901575759958098,-0.27546418623872104,0.0003652552587368742,0.9613112652457763,-0.9917746678553846,0.004967298326161496,0.12789970346986804,39.240294171112076,0.2754644283960541,6.478488965270827,64.50781801417818,97.82166924812877,48.79986174245388,-16.822225706512757,-29.80632343348978,2.353101083937797,0.12977107686715667,-0.1257503404299567,-0.012655779001840665,162.32948726230694,211.12934900476083,28.430988967173676,-0.01535508900966594,0.11178045866065739,0.9936142864829985,-0.2624674177060627,0.08361522561277969,0.9613112652457763,-0.9471074254785928,0.30432716146010297,0.10184548787721578,39.35326331714277,0.2782667206126225,8.048058609615353,66.18560584378021,113.8530183226614,48.41967003403204,-6.973658432475253,-33.47436079118893,2.8158738538293546,0.1613017239766575,-0.08125334645271623,-0.016213359108227528,180.0386241664416,228.45829420047363,28.402559788476438,-0.05661633274829454,0.12804537655291626,0.9901509846531267,-0.27826665738538126,-0.0001875848345097295,0.9605038428863764,-0.991758939872779,0.002969634278541744,0.12808351359434852,39.35326331714278,0.2782667206126226,6.481080743407165,64.65796625268183,97.78616723678324,48.41967003471108,-16.830911570115607,-29.803982033751666,2.353074270599246,0.12961919260312071,-0.12618296313712796,-0.012647142128899535,162.44413348946506,210.86380352417615,28.40255978847644,-0.015291913010483403,0.11183448334062025,0.9936091815862091,-0.2653059730632516,0.08393514435243783,0.9605038428863764,-0.9477007204269936,0.3024180699173888,0.1020130162753704
K13J65F,1844,39.32547954241518,0.1741386604387805,8.313182590416712,119.8694381477562,112.7063750552332,18.51875975299014,-6.098888729221578,-32.31311760012643,2.6446611152615622,0.17993338692385918,-0.0485490276820721,-0.02151566306066193,232.5758132029894,251.09457295597954,32.477393213786335,-0.05581062858562666,0.13337791533671647,0.9894925494602316,-0.10582600371096383,-0.13829363686728313,0.9847211417150478,-0.599305670326054,-0.7906409698523056,0.1253777105631004,39.32547954241518,0.17413866043878068,6.742253244636692,118.66854270999731,96.3146621582427,18.518759752990125,-15.641956272634385,-28.96123533435085,2.214564756096489,0.15739524891402526,-0.10063465991359657,-0.017185936665557042,214.98320486824002,233.50196462123014,32.47739321378633,-0.012913013228617164,0.11669082381344845,0.9930843396847502,-0.142675311955504,-0.09984001411164052,0.9847211417150478,-0.8132890890918123,-0.5726688967566176,0.10301064144916687,39.38812118155369,0.1761644374575654,8.315697938031757,119.2363356556583,112.6802099558257,18.89527072561283,-6.107873664441735,-32.31350860533511,2.644873608236092,0.17990708660177318,-0.0490288440323709,-0.021499299791487705,231.916545611484,250.81181633709681,32.44933497109487,-0.05576646324608928,0.13344346884571878,0.989486201116238,-0.10865974038022623,-0.13866134950029266,0.9843607524557547,-0.6083435792647018,-0.7835756131896231,0.12620359734142836,39.38812118155365,0.17616443745756483,6.744688961648836,118.04198664076564,96.28199968341002,18.895270725612917,-15.650642136283977,-28.95889393456574,2.2145379427625165,0.157224849679827,-0.1010841162865218,-0.01717426347595355,214.32398632417568,233.2192570497886,32.449334971094856,-0.012851108951310584,0.11674012982796754,0.9930793478300064,-0.14548756879689476,-0.09933416507078059,0.9843607524557548,-0.8197907941224447,-0.5632034669439316,0.1036576514031991
K13J65G,1845,39.34147152219898,0.24889355535435,15.94594979449201,175.2094073922981,85.25236738896928,0.6438362394425006,-4.260828758717472,-29.237280894845693,0.521826698309483,0.19537170964399111,-0.030276521535336092,-0.05634699697113117,260.46177478126737,261.1056110207099,29.549632802166965,0.02273862134820875,0.27378780200524805,0.96152129179354,-0.04124304979407695,-0.24545266904356974,0.9685308451996101,-0.16250308158232651,-0.9864412430372025,0.022943899221071398,39.34147152219896,0.24889355535434998,14.49772456010378,177.60578191791075,65.35748705574319,0.6438362394445902,-12.903158992014964,-26.584325375846415,0.1664069595993013,0.17858397034629922,-0.08787933444383307,-0.051446524335676605,242.96326897365395,243.60710521309855,29.549632802166947,0.10438124376266701,0.22754219404489517,0.9681575831856062,-0.11313745536715941,-0.2216932973501294,0.9685308451996101,-0.4533525453822787,-0.8912699368559495,0.01045797553070742,39.36487303466103,0.2493359964941893,15.93470397946221,174.6020750919601,85.23911818506573,0.9943587489171908,-4.269813693937617,-29.23767190005441,0.5220391912840218,0.19533506185948427,-0.030768584946025787,-0.05630728816596569,259.8411932770258,260.835552025943,29.549793189696583,0.022786267984192952,0.2735944583937006,0.9615751963978741,-0.04397715973746003,-0.24542707383085574,0.9684170387040129,-0.17277486262595781,-0.9846226817829533,0.02582675672875618,39.36487303466105,0.2493359964941898,14.486640835758681,177.00159571248113,65.34107914162611,0.9943587489179144,-12.911844855664556,-26.581983976061345,0.16638014626533731,0.17839936947227644,-0.08833734001302501,-0.05141188815003654,242.34267485410726,243.33703360302516,29.549793189696576,0.10436825994170112,0.2273420801539865,0.9682059930138833,-0.11573739643875074,-0.220846766363762,0.9684170387040127,-0.46267103624256517,-0.8864334674665125,0.01308510517826873
K13J65H,1846,39.26472621895395,0.2868774923806902,7.54960751796721,118.0314156972121,160.7262860914294,352.7695436327375,-2.2825619258699756,-27.853435851997425,3.5844658786714145,0.21305422628926451,-0.007205134937621843,-0.008419042882052856,278.7577017886415,271.527245421379,28.000560022246102,-0.12402077301537173,0.043367591395595824,0.9913314783044137,0.04367888888166043,-0.28353280286537663,0.9579672772936282,0.15478189834949085,-0.9811182892265513,0.11597183489318914,39.26472621895398,0.2868774923806907,6.721750683055667,107.17585829145786,153.91616943010058,-7.230456367262367,-10.684532761402153,-25.86271662754678,3.2913555954751637,0.20108028837851732,-0.07122723313695936,-0.0028803606548249774,261.09202772155845,253.86157135429607,28.000560022246106,-0.10512664149870002,0.05146422739703232,0.9931262873097411,-0.04442236348648475,-0.2834172705692225,0.957967277293628,-0.15196036340221997,-0.9820400191602827,0.11182776364721218,39.24878970817159,0.2862232990686516,7.553041066752748,117.6166056877678,160.6112528258093,353.032634393276,-2.2915468610900227,-27.8538268572061,3.5846783716459356,0.21300572688202588,-0.007712661835513879,-0.008411457560301807,278.2278585135771,271.2604929068531,28.01487163344698,-0.12398949152375384,0.043636223171791264,0.9913236030777148,0.04096146458239612,-0.283277135238635,0.9581629418163996,0.14566236217152018,-0.9824548723043739,0.1164684512304059,39.248789708171586,0.28622329906865196,6.722278099707655,106.77846293817883,153.78380925252995,-6.967365606724397,-10.693218625051639,-25.860375227761704,3.291328782141185,0.20088060945426453,-0.07169639969790005,-0.0028782757095446535,260.56227219070877,253.59490658398437,28.014871633446962,-0.10501567399106376,0.0517109836195886,0.9931252098246712,-0.046933625574996515,-0.2823490954831076,0.9581629418163995,-0.16106784738316898,-0.9805593635041727,0.11207356148371497
K13M18R,1859,39.36642709013923,0.3404284490563632,31.11445849765069,116.7385762806329,168.4226780835834,344.5281455854544,-7.297751487806919,-22.017321940161814,13.902902795484314,0.2172140167912357,-0.03676669758703905,-0.004571566473326308,285.1612543642163,269.6893999496707,25.964975370952736,-0.5062360001730732,0.10370652936365735,0.8561367109849414,0.08903447767398677,-0.32857935223053997,0.9402704244381396,0.28732117068238083,-0.839327732743585,0.4614926889184913,39.36642709013924,0.3404284490563635,30.373411684330748,114.01135993553817,153.18440637271027,-15.471854414545737,-13.985605668484911,-18.784273220794105,13.522731306485559,0.19601177854170454,-0.10066436302454605,0.0008288859030217343,267.19576630824844,251.7239118937027,25.964975370952725,-0.45125918963416173,0.2281015928068896,0.8627484031452505,-0.016654976182867896,-0.34002079450420264,0.9402704244381395,0.007635428497131114,-0.886910411477781,0.46187836303942437,39.3998991834731,0.3403013167862002,31.10590017292658,116.4530674594578,168.2971802533507,344.7111453704109,-7.306736423026993,-22.017712945370512,13.903115288458842,0.2171627293041855,-0.03725441098807931,-0.004566559904350419,284.75024771280846,269.4613930832194,25.992061610093675,-0.5058824030654262,0.1047891737334199,0.8562138887783921,0.08664280100597813,-0.32908663181639614,0.940316443434644,0.2807174742120534,-0.8409891634637988,0.46253100069991504,39.39989918347309,0.34030131678620024,30.361779112159677,113.72824847350593,153.05709351196273,-15.288854629589235,-13.994291532134428,-18.781931821009042,13.522704493151586,0.19581549676207774,-0.10111379948910207,0.0008284847434274038,266.7853419854687,251.49648735587945,25.99206161009366,-0.4505950697630321,0.22902436912216728,0.862851042447908,-0.019083054780574735,-0.33976583587327225,0.940316443434644,0.0008123276833799098,-0.8864994040686636,0.4627290208206519
K13P74X,1865,39.84507689141007,0.1455915972160733,7.816150457384716,126.2802878107162,43.26499961699802,183.8909503779965,45.01823720706089,-5.734117176561874,-4.808552304485111,0.017285547148806032,0.13523186527288053,0.011891389013637822,169.54528742771421,353.4362378057107,34.04396850559243,0.09903029425012014,0.09320727817300295,0.9907095457884288,-0.14317457899537903,0.02641880219508998,0.9893447765162925,-0.978265651503349,0.17600462134791284,0.10962977858641315,39.84507689141003,0.1455915972160734,7.2716243180721625,137.5926559704607,14.46742092154749,-176.10904962200559,41.29985105057525,-19.06519610820297,-3.6721324658531715,0.05697904230917568,0.12369276769817564,0.013466276945915604,152.0600768920082,335.9510272700026,34.04396850559239,0.12255969843327437,0.03162175412482513,0.9919572495758141,-0.12862134847161277,0.06821628762452049,0.9893447765162925,-0.882084290140375,0.46329348840771467,0.08536069755198408,39.5793624162941,0.1529877360730601,7.833079353157455,126.9320861043026,43.12155333792608,183.2577353830687,45.00925227184077,-5.7345081817705985,-4.808339811510587,0.017368260768222614,0.13462887065263662,0.011885361364951507,170.05363944222867,353.3113748252974,33.52420536501011,0.09947699179158445,0.09315913729820854,0.9906693208341271,-0.15068831329931687,0.02642498105519133,0.9882280873418038,-0.9798716681743247,0.16728216909594446,0.10894122182086091,39.57936241629409,0.15298773607306038,7.2920525632997855,138.22624369644558,14.342513353696786,-176.74226461692894,41.29116518692569,-19.062854708417916,-3.6721592791871505,0.056875946560150645,0.12309295693317958,0.013457405635043822,152.56875705014235,335.8264924332134,33.52420536501008,0.12297098566717295,0.0314421021805737,0.9919120580447192,-0.13578645436587405,0.07047897700381854,0.9882280873418037,-0.8862295772484774,0.4554636572851176,0.08455763302298548
K13R98D,1873,39.6881540551062,0.2277852598049995,19.53146167768577,106.2159433814744,144.7085673220867,135.0260737136926,33.81550294297202,28.70041000347333,-15.240332069824976,-0.07372870376574227,0.10838871834303002,-0.016273110195165075,250.9245107035611,25.950584417253708,30.64777757248299,-0.27288361313125875,0.19315111505505408,0.9424580523489726,-0.07444332693678207,-0.21527729945122986,0.9737113922593126,-0.29489217637727255,-0.8999902282279689,0.3210236648685641,39.68815405510621,0.22778525980499942,18.296610259892752,103.17970003157072,129.99873785967668,135.02607371369248,41.309833955520254,17.14475971186127,-14.107598244989875,-0.03708009749909275,0.12559690968810752,-0.01730123650784516,233.1784378912474,8.204511604939853,30.647777572483,-0.20178905681359588,0.24049359208473384,0.9494440524414596,-0.1365173769516662,-0.1823434407229055,0.9737113922593126,-0.561616203508768,-0.768865950071949,0.30566712413401137,39.44668986949157,0.2326273317753166,19.54578031318995,104.848485361903,144.8593981114907,136.4337823059788,33.80651800775192,28.70001899826458,-15.240119576850438,-0.07358498827726424,0.10780371521442358,-0.016260260722129775,249.70788347339368,26.141665779372488,30.270311657783335,-0.27358372806684256,0.19256764204275204,0.9423744727947285,-0.08067669440561934,-0.21818970293917525,0.9725659486693418,-0.31474581553831005,-0.8923874232088147,0.3233879380865279,39.44668986949152,0.23262733177531647,18.313584096929045,101.80441393207296,130.15670484692203,136.4337823059791,41.301148091870694,17.147101111646286,-14.107625058323837,-0.03712015055674844,0.12499582268099367,-0.017289486039070434,231.961118778995,8.394901084974094,30.270311657783303,-0.20263271848146175,0.24015129860800516,0.9493510073611875,-0.1433440503640811,-0.1832156071794184,0.9725659486693419,-0.5783045475004849,-0.7556210005399373,0.3075723555251409
K13RA9C,1884,39.7477663958807,0.2844048146904683,43.41847864250212,319.4764633681535,32.78957178584653,27.05552824560993,23.99801833308596,18.94244350992888,2.7706620830514144,-0.07114765742113122,0.12678275361786145,0.1373144954319164,352.266035154,19.321563399609943,28.44331025970023,0.5778075116853363,0.37222270619381714,0.7263530384281126,0.2818177543938195,-0.03827338406183116,0.9587042825506104,0.8946124019522161,0.014900814932932605,-0.44659446479733816,39.747766395880674,0.28440481469046786,43.02598018584301,321.7094223075207,13.579930645585527,27.055528245613587,28.511800149974533,10.808282082419414,3.5575144490499016,-0.033297612539588954,0.1423519691900453,0.1364489365808455,335.28935295310623,2.344881198719804,28.443310259700226,0.663254225937684,0.1602121855881126,0.7310443812552586,0.2583620112152993,-0.11889142012737901,0.9587042825506105,0.8692988590370253,-0.25603676712079737,-0.4228057089955817,39.41655614267066,0.2790860478855962,43.51488294368471,318.8516793025738,32.81624464721067,27.77938381786236,23.989033397865942,18.942052504720007,2.7708745760257685,-0.07100567186669643,0.1261854219745443,0.13722440354232152,351.6679239497845,19.447307767646862,28.415945267551983,0.5786604540721224,0.3731534599515301,0.7251955420569316,0.27614024404860266,-0.040442400289541006,0.9602660974311228,0.8914477597373471,0.00705688166171603,-0.45306852912167456,39.416556142670636,0.27908604788559577,43.12159717739486,321.080371529927,13.612272890703162,27.779383817865728,28.503114286325026,10.810623482204292,3.557487635715755,-0.0333402007898086,0.14173965218394177,0.13635763672692164,334.69264442063013,2.4720282384958523,28.415945267551987,0.6643484809029551,0.16087345411504217,0.7299046702707357,0.2523015119444339,-0.11930200834417558,0.9602660974311229,0.8640929940664552,-0.2625582961562778,-0.42942570803898233
K13RC4K,1907,39.87459668496096,0.1874314852456018,7.053796014638545,210.8647455249994,92.49422811267115,68.47270337279458,31.933641845754313,21.02829182744987,-4.060888768289304,-0.06255063403933643,0.15157820037400369,0.006916306496613769,303.35897363767054,11.831677010465114,32.40084180472938,-0.005344154431195856,0.12268486802514707,0.9924312888916128,0.10306535184379947,-0.1565506145330834,0.9822776788355866,0.5460036402919658,-0.8354107949410936,-0.06299863874570429,39.87459668496095,0.1874314852456016,5.544689342976734,215.12122316868033,70.68068819921834,68.47270337279978,36.89188538403318,10.399521043167534,-3.0456708925618217,-0.014025561382021129,0.16339210375993346,0.006532380861677117,285.8019113678987,354.2746147406985,32.400841804729374,0.031965732421833294,0.09118126903252756,0.9953211381902595,0.05103990749094088,-0.18034824508347277,0.9822776788355866,0.26977213420903023,-0.9613183789401353,-0.05558749784093058,39.53843455407192,0.1855788177335508,7.057026029918529,208.5721570490498,92.47117274964245,70.89845964679658,31.92465691053432,21.02790082224088,-4.060676275314791,-0.06241441059895936,0.15096424970035732,0.0069136133733365066,301.04332979869224,11.941789445488837,32.20093861449188,-0.005297198865392678,0.12274290403344552,0.9924243644699665,0.09570042758414983,-0.1589997665142731,0.9826293820198018,0.5120663652975109,-0.8569337782102118,-0.05875829552810275,39.53843455407192,0.1855788177335509,5.548120718398069,212.8323660508423,70.65395087968245,70.89845964680144,36.883199520383656,10.401862442952293,-3.045697705895811,-0.014081066632924065,0.16276568470364353,0.006528156961697102,283.48631693052477,354.3847765773262,32.200938614491875,0.032028025715201566,0.09122258478549419,0.9953153498232807,0.043279418996694276,-0.1804616011307976,0.9826293820198018,0.23081662112343576,-0.971584230565331,-0.05241917902766007
K13RC4X,1920,39.73968781101319,0.2452769874747102,29.44223042712806,233.5482698126568,20.68428593320698,38.04685887699324,21.920760953625994,-20.08739676755067,-14.977705489916165,0.15736769484196966,0.09858212228044749,0.020682565849606323,254.23255574586378,292.279414622857,29.992456901542415,0.4598611798305613,0.17362294367890171,0.8708517489866556,-0.06664996595708855,-0.23604783969057644,0.9694530413667961,-0.30842627108821197,-0.8651872564786965,-0.3953786116237031,39.73968781101314,0.2452769874747096,29.395310312066034,236.76121197800134,0.3030948815799067,38.04685887700187,15.235778847257622,-25.77073591823919,-14.563486690196045,0.1791573516296457,0.04643962815296999,0.025628090786889653,237.06430685958125,275.11116573658313,29.9924569015424,0.49082557494334045,0.0025964932931618395,0.8712539889171916,-0.1333564595058828,-0.2058563948307769,0.9694530413667962,-0.5442670336750053,-0.7316005126344771,-0.41052903182062656,39.53834254669929,0.2441483498733452,29.47630299838068,232.5151797265022,20.53764296723902,38.97524588609808,21.91177601840682,-20.08778777275882,-14.977492996941532,0.15735651906773768,0.0980036919762418,0.020670645956434787,253.0528226937412,292.02806857983927,29.88512145719558,0.4607889243567992,0.1726270588628633,0.8705592832992257,-0.07116678654308983,-0.23354593817706967,0.9697378941003196,-0.32752402028824384,-0.8603890468367521,-0.39045960638402943,39.53834254669929,0.244148349873345,29.43336937100228,235.72476979702012,0.16036494693320935,38.97524588610811,15.227092983609124,-25.76839451845388,-14.563513503529887,0.1789723664495409,0.045891595937554215,0.025611068078101477,235.88513474395333,274.86038063006146,29.88512145719559,0.4914091451406359,0.0013754068438237605,0.870927758386517,-0.13693153321061838,-0.20213404453101558,0.9697378941003196,-0.5611523377260648,-0.7212574747054302,-0.40607352665018487
K13RF6F,1939,39.61868145296323,0.2515446691460624,6.59180277025298,307.7407604868507,249.4646395016934,139.2315302798955,47.15987393666249,-7.0209109499154465,5.388049363518164,0.03665957881001762,0.1228648512058306,-0.001013350036165448,197.20539998854406,336.4369302684396,29.65281333487436,-0.040268418774867705,-0.10750047949042842,0.9933891993366446,-0.24028816798367228,-0.07440643052083923,0.9678456898825339,-0.9503549367495028,-0.29763189752588376,-0.09077856449069002,39.61868145296323,0.25154466914606255,7.893951041859795,300.62786845299445,238.93900237565214,139.23153027989517,42.67118360133948,-20.93881391763961,6.566135698832867,0.07206213860768293,0.10605105374760124,0.0009723358293654318,179.56687082864664,318.79840110854184,29.65281333487435,-0.07086060455433327,-0.11764796174837786,0.9905239683211339,-0.25153748173210944,0.0019015413933909952,0.9678456898825338,-0.9929864983644493,0.003352362222848404,-0.11818026795297179,39.3873052122923,0.2581743713026172,6.595928417338147,307.2390974436946,249.3541177438097,139.6899057465232,47.15088900144238,-7.0213019551241285,5.3882618564926865,0.03672930707680293,0.12227014551798154,-0.0010107283448431746,196.59321518750426,336.28312093402747,29.218512451804436,-0.0405009295510324,-0.10748953900927681,0.9933809308161071,-0.24742306058808158,-0.07372811598520722,0.9660983355758865,-0.9534252676554633,-0.2874328816197768,-0.09144723921398265,39.38730521229228,0.2581743713026172,7.896471691608368,300.1109141309339,238.84359865382066,139.6899057465233,42.66249773768993,-20.936472517854522,6.566108885498888,0.07194893348505756,0.105463067257525,0.0009718385231401018,178.95451278475457,318.6444185312779,29.218512451804425,-0.07107894841382802,-0.11756709912265795,0.9905179252776133,-0.2581313916134619,0.004710696466474193,0.9660983355758866,-0.9928141470296783,0.014002392509081307,-0.11884444649100687
K13RF6G,1940,39.59950991658549,0.1660275008968802,5.355013408092853,330.8850850236366,205.6628559917072,180.6349652745903,46.06904769073066,-2.3226249240378767,2.06639077525175,0.007022119571834362,0.1337575662752731,-0.011016040397326335,176.54794101534378,357.18290628993407,33.02490224839357,-0.08412067877119046,-0.04041740432021452,0.9956355481957695,-0.1657262489886773,0.009997072081689581,0.9861211228576013,-0.9972658610117109,0.05829924463255942,-0.0454092560591318,39.599509916585475,0.16602750089688068,5.791200182027066,315.2015948713588,203.69086817235623,-179.36503472541216,43.14192694327997,-16.130501556022317,3.2561897482301667,0.047384717338839706,0.12538768384046856,-0.009714275528401678,158.892463043715,339.52742831830284,33.024902248393545,-0.0924000202006841,-0.04054320981019146,0.9948962179067724,-0.15488808015578845,0.059789745606732315,0.9861211228576012,-0.9314612118699404,0.356826395174047,-0.07109806248328278,39.33779700021826,0.1735518311357767,5.372243603736197,331.2375459341306,205.5705124680007,180.2781648099647,46.06006275551055,-2.32301592924663,2.066603268226275,0.007111712204799813,0.13315555979692464,-0.011006714450334838,176.80805840213134,357.086223212096,32.51065029798292,-0.08445579160910725,-0.04041100519537594,0.9956074376594313,-0.17328258375494945,0.009663553062413377,0.9848247366457744,-0.9975363256324532,0.053774485912846226,-0.0450509013063384,39.33779700021825,0.17355183113577644,5.80545952799249,315.58978019001745,203.56254803634184,-179.72183519003192,43.133241079630395,-16.128160156237296,3.2561629348961896,0.04728805214052186,0.1247867370659845,-0.009707610184160656,159.15232822635926,339.43049303632733,32.51065029798292,-0.09271754476620625,-0.0404351461758094,0.9948710749872405,-0.16218937425352759,0.06176443126776305,0.9848247366457744,-0.9330951211107092,0.35259471767051587,-0.07078460305913829
K13RF6H,1941,39.71621961312027,0.06050261314566601,8.979406380319878,126.4292910543347,185.8798461118429,53.50255076611057,37.60191117811908,7.695911902157242,-0.6009955824577484,-0.02474710075791041,0.1601777697090878,-0.02557808748642683,312.3091371661776,5.81168793228818,37.313284542259346,-0.15525830603139554,-0.015989191593420184,0.9877445034827834,0.040726151612834924,-0.044743119831572996,0.9981680388604646,0.6721203051741736,-0.7297149816983912,0.12558001774761887,39.716219613120224,0.060502613145665296,8.794991444910305,116.26688780811673,178.3385127630744,53.50255076611125,38.17211132070152,-4.022270351946903,0.45081978536387846,0.02549021546993795,0.16017036995068346,-0.024885276159214487,294.6054005711911,348.1079513373024,37.313284542259325,-0.15283516622769672,0.004433221477753475,0.9882417510465147,0.025191260850363426,-0.05500878633657516,0.9981680388604646,0.41667221294831186,-0.8986571806588053,0.13711140947099953,39.37738550528692,0.05655573904229513,9.007019369713987,119.4913023918263,185.9004415217547,60.41812285812562,37.59292624289897,7.695520896948546,-0.6007830894832291,-0.024636214956026366,0.15955805521496985,-0.025559001396590987,305.39174391358097,5.809866771706595,37.150368366482056,-0.15572603971020907,-0.016093933592921175,0.9876691682226802,0.03275503163211326,-0.04610487524546017,0.9983994432998147,0.5780603416984735,-0.8045349918748776,0.13627064322272303,39.37738550528692,0.05655573904229516,8.822739725473525,109.36018253736168,178.32744100525514,60.41812285812541,38.16342545705197,-4.019928952161827,0.450792972029896,0.025408224957427394,0.15954611024616513,-0.024868442523912307,287.68762354261685,348.10574640074225,37.150368366482056,-0.15331268920600433,0.004476723800681295,0.988167586127189,0.017183175767382437,-0.05388218712308763,0.9983994432998147,0.3041530993468176,-0.9415685597918644,0.1447050080999251
K13RF6Q,1944,39.76278416276264,0.1161348783336002,12.28562012237731,0.2096459753929122,189.3405749563476,178.0052284537136,43.946849526397315,6.169569296159929,0.22755524714207448,-0.018509200334766714,0.1366532641383904,-0.03001893524293655,189.5502209317405,7.555449385454153,35.144938061815,-0.20996385152465674,-0.034535593667168095,0.9770990092221914,-0.11452531338071734,-0.01926817481259212,0.9932334519308338,-0.9861541551726127,-0.16582935821530287,0.0007785818461956785,39.76278416276261,0.11613487833360081,12.158559269196244,352.7715456341109,179.02817642983442,178.00522845371816,43.73461747695633,-7.393965199639198,1.432990843396789,0.024453287246528923,0.13586051953378253,-0.02935638848152609,171.7997220639453,349.8049505176634,35.14493806181494,-0.21058750268608856,0.0035722269342615912,0.9775684850214673,-0.1149474618013778,0.016564751461493624,0.9932334519308337,-0.9898234100404281,0.1398116748921859,-0.026501179214903556,39.48168962495899,0.1238562119043272,12.33003828083715,0.1772732269897612,189.3382010574904,178.02108342041,43.937864591177224,6.169178290951388,0.2277677401165816,-0.01840249545599144,0.13604931683231303,-0.02999687269600036,189.51547428448018,7.5365577048901855,34.59163710842919,-0.2107126699060006,-0.034649795493843165,0.976933755386372,-0.12215207304240841,-0.02047516248364647,0.9923001757395341,-0.9862525700850483,-0.16524355199553167,0.0006607000356437573,39.48168962495901,0.12385621190432683,12.202539605345324,352.7657701533961,178.9985938503622,178.0210834204087,43.725931613306855,-7.391623799853981,1.4329640300627964,0.024371991730230802,0.13525255339095518,-0.0293365581044422,171.76436400375826,349.78544742416693,34.591637108429225,-0.2113358367097416,0.0036940689255246383,0.9774065264653019,-0.12257892356431979,0.017741722720811485,0.9923001757395342,-0.9897370529247369,0.14039984322910007,-0.026616725739668317
K13RF7B,1955,39.90108846005841,0.2293989825521261,8.701443160942887,215.3296298983979,77.03846433934302,63.54555100752505,34.65708708241127,14.175592301945365,-4.6824070561968645,-0.025548718886674246,0.16491128636088317,0.009471613591656639,292.36809423774093,355.91364524526597,30.74781936459863,0.03393291467221522,0.1474310885183124,0.9884900765511779,0.08729903854768992,-0.21213856571731507,0.9733324749560396,0.37406910803292526,-0.9232651836198327,-0.08748544525170045,39.901088460058396,0.22939898255212587,7.385172634966507,221.58288892780575,53.263822050436445,63.54555100763016,37.434984208093105,3.044265513856116,-3.6524570921093096,0.025190056290160058,0.1649249040881843,0.010169461420495424,274.8467109782422,338.3922619858723,30.74781936459863,0.07688317455041911,0.10301088315183791,0.9917044597173738,0.019381969716400712,-0.2285787226446571,0.9733324749560396,0.08007789975409829,-0.9931311332989058,-0.085311675891425,39.54972274698654,0.2278237765556913,8.709745923293553,213.4226739330238,76.97921661643831,65.54747586519917,34.64810214719155,14.175201296734302,-4.682194563222464,-0.02543729580404184,0.16428839924973207,0.009467207785944037,290.4018905494621,355.9493664146613,30.539355549037538,0.03411762309858664,0.1475354788508995,0.9884681432774344,0.07942004605106733,-0.21353250209123645,0.9737023810363732,0.3424144164194182,-0.9358393816236108,-0.0834087479254235,39.549722746986525,0.2278237765556912,7.394402999588164,219.67912450638468,53.20154812915954,65.54747586530273,37.42629834444321,3.0466069136388185,-3.652483905443421,0.025108266957921472,0.1642974576797604,0.010162799784558122,272.8806726355442,338.42814850084693,30.53935554903753,0.07709078795092748,0.10305518832589095,0.9916837391891733,0.011449521523185268,-0.2275358908413959,0.9737023810363732,0.04600421114866882,-0.9955557692087207,-0.08217251944428348
K13RF7C,1956,39.6695114398172,0.2588604874801295,12.81056756026669,249.9352921865845,139.3328519400339,2.712611322736179,23.920923216680645,15.931834588339461,-6.292478224007776,-0.1137449908898977,0.17223804889835798,-0.012852102517064978,29.26814412661838,31.98075544935456,29.400642370407546,-0.16818275063976684,0.14449229461730115,0.9751084755982121,0.22581467587026585,0.1265562489174559,0.9659147208845871,0.8571048441590683,0.471163024364436,-0.20827071467399602,39.66951143981722,0.2588604874801296,11.497670486263674,245.76440298945127,125.82822588582286,2.7126113227389057,27.778935359399306,7.961606432601194,-5.529265448396467,-0.05602667187244251,0.1985514168269842,-0.014401107417835625,11.592628875274158,14.305240198013063,29.400642370407557,-0.11667812672286447,0.16161034408993133,0.9799328096495071,0.2535800209346211,0.052018505949781295,0.965914720884587,0.9647650740325147,0.1902406955263996,-0.18176036337075355,39.24545627925585,0.2510096920598146,12.81792133823757,249.9671270849415,139.4153853043119,2.704600757047692,23.91193828146095,15.931443583130154,-6.292265731033208,-0.11357445467517908,0.17161025105944114,-0.012841545958165869,29.382512389253407,32.0871131463011,29.39446638385292,-0.16848575965130572,0.14433130063289687,0.97508000925685,0.21872070951243325,0.12315484861888605,0.9679845734783366,0.8561322957828688,0.4728574912431888,-0.20843052821684233,39.24545627925583,0.2510096920598145,11.50633717157508,245.78962821334972,125.91709812484075,2.7046007570496804,27.770249495749965,7.963947832385561,-5.529292261730395,-0.05605402607867859,0.197901432408233,-0.014391300746799188,11.706726338190492,14.411327095240173,29.394466383852915,-0.11701561277628283,0.16154921084795842,0.9799026476344438,0.2457884387788026,0.05093043167539128,0.9679845734783366,0.9643543788445419,0.19214978721232878,-0.1819315565744834
K13SA2O,2025,39.72673047503832,0.2268445180529169,9.846489171514223,257.6106486062787,145.1210449824078,0.8048420673232457,21.82562238398398,20.989712325579404,-5.154906003334561,-0.1386561377649015,0.1437680116658278,-0.006708669950724079,42.73169358868648,43.536535656009725,30.71493944661013,-0.14028927416701772,0.09779056701219599,0.985269467991942,0.16662622566808033,0.153928997561441,0.9739309855576729,0.7263119453896163,0.6667631400126698,-0.16702656406929953,39.72673047503832,0.22684451805291705,8.647801566734701,251.20080303726883,133.86573517743977,0.8048420673241573,27.278223855862706,13.416139961020507,-4.405061143481273,-0.08853116669162349,0.17893647012858505,-0.009151183140701756,25.0665382147086,25.871380282032757,30.71493944661012,-0.10419523045803775,0.10840454492414672,0.9886312804021452,0.2054794812543211,0.09610732622498307,0.9739309855576728,0.898057178358627,0.4162125627686134,-0.1423390564536815,39.35028625266416,0.2195999312484545,9.851180978234321,257.8771337158747,145.2196844432694,0.5985165393178516,21.81663744876388,20.98932132037073,-5.15469351036004,-0.13846890497240233,0.14315929573403835,-0.006702230998300359,43.09681815914411,43.695334698461956,30.70896609697211,-0.1405236874711108,0.0975949253137289,0.9852554611939632,0.16035191814182778,0.1500379690363826,0.9755900113242623,0.7219770357941517,0.6713929343980908,-0.1672742880009085,39.35028625266413,0.2195999312484539,8.654349009871062,251.4577197390239,133.97371789669964,0.5985165393168697,27.26953799221317,13.4184813608056,-4.405087956815254,-0.08853673491471313,0.1782996325346223,-0.00914489520645705,25.43143763572357,26.029954175040437,30.708966096972105,-0.10447779160823592,0.10828928346558835,0.9886140916187547,0.19832065494992127,0.09430295660561204,0.9755900113242623,0.8953311949361263,0.42193554482902085,-0.1426620039957566
K13SA2P,2026,39.60784937183665,0.1461136615472929,11.58838262072252,76.48386717037477,146.5448791887414,171.6396724045655,35.86636222155288,26.39355234828085,-8.570071269772606,-0.08058905107359714,0.11074424384564258,-0.009836378993775857,223.02874635911616,34.66841876368164,33.82060147410395,-0.1675971916369705,0.11074147036116805,0.9796160003274993,-0.10681075788478514,-0.09970287904987836,0.9892678089927132,-0.7200853011220865,-0.6658294883169232,0.1953157740571366,39.607849371836664,0.14611366154729288,10.407652585723605,70.98092899497503,134.36481547503615,171.63967240456822,42.38379315703207,14.326153419086104,-7.405205734669921,-0.04308352543359524,0.12991474402400122,-0.011027518804616892,205.3457444700112,16.985416874579414,33.82060147410397,-0.1263152570497721,0.1291474482928467,0.9835473513948866,-0.1320489157496796,-0.06254826888164745,0.9892678089927132,-0.892621115585145,-0.4172034513806059,0.17078882916526378,39.35718536459976,0.1529928839360913,11.59986568826027,75.55016592872894,146.6871278029917,172.6055929387124,35.85737728633349,26.393161343071124,-8.56985877679798,-0.08044073746994164,0.11015766193726696,-0.009827843709233721,222.23729373172065,34.84288667043302,33.335816072062315,-0.16803568158455817,0.1104328602377056,0.9795757209599125,-0.11327091578118774,-0.1028422197989395,0.9882272903866386,-0.7295048277572039,-0.6556743208160787,0.194714897481693,39.35718536459975,0.15299288393609167,10.421826568472019,70.03774580053454,134.5161365975065,172.60559293871415,42.37510729338288,14.328494818869984,-7.405232548003786,-0.043119554722209665,0.1293107630089489,-0.011019973265312925,204.55388239804103,17.15947533675518,33.33581607206229,-0.1268264862462791,0.12898688394745783,0.9835026314941651,-0.13915787215978728,-0.06357601081416413,0.9882272903866385,-0.8985141597514621,-0.4046772776197505,0.1700253090113104
K13SB2U,2061,39.56632383280675,0.2010978637389176,2.389299465003297,3.869941451119003,235.4167476098737,110.2135518895436,43.005062583486236,6.840938164242949,1.315317222273075,0.0026895084140056563,0.14358118243991458,-0.0033081031536084642,239.2866890609927,349.5002409505363,31.60962063402709,-0.02366283885248716,-0.03432269733046719,0.9991306333535181,-0.10270925880445576,-0.1728905982296192,0.9795711557613584,-0.510790972180512,-0.8597003349918075,0.002813672664221959,39.56632383280676,0.20109786373891758,3.5815484123565313,343.4858880312918,238.19242257221447,110.21355188954497,43.00992808313986,-6.469468435108545,2.5011930397398014,0.04601008162788016,0.1360611570121818,-0.002041297119523358,221.67831060350625,331.89186249305124,31.6096206340271,-0.03292548116472216,-0.05308768683771662,0.9980468977940326,-0.15019797392640885,-0.13371955514717387,0.9795711557613586,-0.7464181545338864,-0.6652402796983884,-0.01775693805354114,39.28140197020272,0.2056059692834141,2.393637329357268,2.168621257217365,235.3310987808978,111.9671541909347,42.99607764826615,6.840547159034244,1.3155297152476004,0.0027820049590055462,0.14297259172952587,-0.0033039434149167656,237.49972003811516,349.46687422904984,31.204911243307777,-0.023757148680556447,-0.034349500194879555,0.9991274742108396,-0.11047285407619556,-0.17340577590504827,0.978634858052291,-0.537330884172784,-0.843370039337983,0.0015803990455958033,39.281401970202744,0.20560596928341401,3.584369483214409,341.77662832488994,238.11463580602623,111.96715419093606,43.00124221949034,-6.467127035323486,2.501166226405826,0.045914337772613494,0.1354530563930381,-0.0020397745525892537,219.89126413091617,331.85841832185224,31.204911243307798,-0.033023481700526956,-0.05308466285894602,0.9980438207942209,-0.15775384140264306,-0.1318618221005683,0.978634858052291,-0.766743511123734,-0.641655789437605,-0.019550857547748074
K13SB3F,2071,39.60362023047172,0.02462488265889299,37.64170222566378,37.01899843167196,47.09054021191986,253.0183160606728,30.20118355637817,-11.812279776074323,-23.263292571833638,0.07236029629887909,0.13664838736978227,0.030879125624037336,84.10953864359182,337.1278547042646,38.62838572942899,0.41580484002223406,0.4473111724082083,0.791845344781971,0.0025271762690915528,0.02449486121759397,0.9996967616002543,0.19441931199859325,0.9093929306196711,0.36770318037917477,39.60362023047171,0.024624882658893066,36.88592768240295,39.308333674021135,27.68605929595401,-106.98168393935495,25.853413007692478,-20.383524022516717,-22.559592356117456,0.1093655944727334,0.10840632223055588,0.03390502465121116,66.99439296997514,320.01270903062016,38.628385729428985,0.5315021951602509,0.2788799460042519,0.7998321025418398,0.009623926394207817,0.02266638230338319,0.9996967616002543,0.4497382064537639,0.8081798935987536,0.38023782720615634,39.34222316588716,0.02633486904268023,37.67473860877055,51.52343001728416,46.94709995666603,238.4751148585165,30.192198621160852,-11.812670781277692,-23.26308007885793,0.07240609632944384,0.1360444433323431,0.030860371535155535,98.47052997395019,336.94564483246666,38.306150870965624,0.4172350023379987,0.4466023568611455,0.7914930749350118,-0.0038791444414719538,0.02604760192219842,0.9996531771932228,-0.028022990409627968,0.8776574330548874,0.4784685383721771,39.34222316588713,0.026334869042680453,36.92243931563885,53.81405783289037,27.542432546877684,-121.52488514150423,25.844727144047162,-20.381182622727408,-22.55961916945013,0.10922738688611167,0.10781675713298643,0.03388245436685414,81.35649037976805,319.8316052382638,38.30615087096558,0.5326514289329222,0.2777823506831449,0.7994494486236529,0.003957766030104634,0.026035771844638657,0.9996531771932228,0.2251335788460651,0.845121576298792,0.4848550226100661
K13TH1Y,2078,39.73625286484911,0.2456423660170902,24.90571581000049,249.2050603601787,58.84618108044233,59.42444563288821,28.99842210414958,21.87742045352481,-6.267341709654782,-0.051512124544092576,0.15226033126401375,0.05704140253986221,308.051241440621,7.475687073509221,29.975345694474193,0.2178643870479569,0.3603921024148675,0.90700200737,0.15140559572804424,-0.19343349649093905,0.9693605253039377,0.5419644743748224,-0.742482607801132,-0.39369288236956085,39.736252864849114,0.24564236601709033,23.89212904473517,252.13592691463666,38.5944911754767,59.42444563313714,34.41204291717982,12.095642676897747,-5.321307436645561,-0.004681697116539074,0.16070789259902396,0.056934032211652455,290.73041809011335,350.1548637232505,29.975345694474193,0.3165525795109256,0.25265077689948756,0.9143096025619902,0.08695037644125891,-0.22973855579592542,0.9693605253039376,0.3030945490350233,-0.8715113194391089,-0.3854889290689934,39.39977976273894,0.2430488226400256,24.95535703886521,247.6234817963476,58.80620302731178,61.16214750399943,28.989437168933467,21.877029448304107,-6.267129216684565,-0.05138329961219414,0.15164592339541197,0.057005113309210334,306.4296848236594,7.591832327658835,29.823709679128932,0.21852272313828008,0.36091207906825834,0.9066368019526109,0.144331097071225,-0.19555373840691273,0.9700140565029444,0.5199846898266272,-0.7598713327521697,-0.3901428969074634,39.39977976273893,0.24304882264002536,23.942566472408455,250.55032320616124,38.55923613567976,61.16214750423434,34.40335705353057,12.09798407667017,-5.321334249983838,-0.004743465048002754,0.16008327262252312,0.0568960268444194,289.109559341841,350.27170684607535,29.823709679128935,0.31733723332437463,0.2529575429880767,0.9139527131047135,0.07956824237278043,-0.22965544842744093,0.9700140565029444,0.27680099748124876,-0.8814481282076435,-0.382662259796583
K13TH2A,2080,39.80998896791915,0.1907405092350171,14.51534936062333,236.4001836045884,173.5634826584588,343.9058348407352,29.280874114221113,13.79502522928065,-4.398904641636187,-0.09506302632718411,0.1599877252200997,-0.03840119916258925,49.96366626304723,33.869501103782454,32.21661139953784,-0.24905949692244295,0.028097244923647857,0.9680805296154036,0.12269826964566681,0.14603792825561748,0.9816404933257218,0.6402928592990528,0.7392177913223072,-0.20876329017146036,39.80998896791917,0.1907405092350174,13.945900546859725,230.40673428389542,161.79103798914954,-16.094165159264815,32.18914631596409,4.3055052642374605,-3.513425093073884,-0.041219472445974965,0.18122999919123894,-0.03955181130022892,32.19777227304496,16.103607113780146,32.21661139953784,-0.22893682770061188,0.07531028159039112,0.9705237196530316,0.16140726722096932,0.10163481663038683,0.9816404933257217,0.8391161113106382,0.5112667505263716,-0.18571607777765944,39.42471716071084,0.1837071348986184,14.5469792816201,237.4316336466017,173.6424979653504,342.8839569588282,29.27188917900095,13.794634224072073,-4.398692148661688,-0.09490501161041749,0.15936813810239678,-0.038373518443103896,51.07413161195211,33.95808857078032,32.18211532692826,-0.24962910905849542,0.027812919658141175,0.9679420175871857,0.11542583116691503,0.14291672019776414,0.9829810214787165,0.6253227365456754,0.7511088399351475,-0.2116766064786206,39.42471716071085,0.18370713489861845,13.979426144401133,231.44864168820553,161.8590787262481,-17.116043041171757,32.18046045231453,4.307846664022666,-3.513451906407887,-0.04125675110724883,0.18059162437032372,-0.03952514748946219,33.30772041445363,16.19167737328187,32.18211532692826,-0.2295657176490909,0.07521515904230427,0.9703825334013895,0.15353018382260553,0.10088009748238826,0.9829810214787165,0.8285216609190653,0.5271244165699497,-0.18892248898345426
K13TI7L,2101,39.69608965951807,0.2100252157867019,18.79890509257498,348.6313441248333,25.06112419356505,11.00137197563569,27.20635051629477,16.046637631147437,1.0252193542403463,-0.08688494238131075,0.16309227480766259,0.06281905857731564,13.692468318398312,24.693840294034004,31.358909862889522,0.2919100599815022,0.13649921530232537,0.9466554183563548,0.20405635052695417,0.04971515941713861,0.977695969478114,0.9671261056243423,0.24623581924129673,-0.06352178478648819,39.696089659518094,0.21002521578670252,18.65682032573023,353.529710356791,2.83943969194672,11.001371975635632,30.742753785787492,7.078595597002675,1.8728952041430076,-0.035277567000213034,0.18171910780061318,0.06187064378020198,356.3691500487377,7.370522024373315,31.358909862889515,0.31950630779049044,0.01584693193533672,0.9474516314991099,0.20960364797732778,-0.01330045190387948,0.9776959694781139,0.9976994367386363,-0.05741358127587464,-0.03604878106797263,39.30633177820857,0.2024248651493099,18.84701134945977,348.3072658322797,25.08135271674607,11.40008104936128,27.197365581074695,16.046246625938732,1.0254318472148636,-0.08673240898643558,0.16247060688035558,0.06277889690017646,13.388618549025807,24.788699598387087,31.34975286849067,0.29258162451254827,0.136939148238802,0.9463845215752578,0.19692334076780052,0.04687242143910446,0.979297796367011,0.9682157969830407,0.24139596446294803,-0.06546876211979623,39.30633177820851,0.20242486514930902,18.704194718770218,353.1934111367505,2.872551684209135,11.400081049361386,30.73406792213797,7.080936996787729,1.8728683908090242,-0.035318828195367725,0.1810804051569774,0.06182932967253781,356.06596282095967,7.466043870321073,31.34975286849065,0.3202793927266213,0.016070829925162476,0.9471868026003019,0.20194789094798887,-0.013887957818741423,0.9792977963670112,0.9973300148390889,-0.0623565059925816,-0.03800667916905925
K13TI7O,2104,39.63308869605762,0.1961118532700896,9.156128910106236,332.8922819752665,82.38113169730418,351.6709849473199,23.26147998403928,21.713900228981196,-3.252146249285457,-0.13396821934374092,0.13694758735608953,0.02432874669854379,55.273413672570655,46.944398619890535,31.86057022105592,0.02109727792013567,0.15772052679821125,0.9872583959080091,0.11171726513915196,0.1611803699674919,0.9805815320548164,0.5639063067030552,0.8226495586434953,-0.0725077990576348,39.63308869605762,0.1961118532700895,7.75662443697783,337.8785474647026,59.86627046449552,-8.329015053242633,28.812739905948042,13.672757475060452,-2.459286800907725,-0.08697853842954703,0.17101856065951476,0.021940810270271182,37.74481792919812,29.415802875955485,31.860570221055923,0.06775537032304998,0.11672571995465096,0.9908502995374502,0.1550744560416119,0.12004904029781871,0.9805815320548164,0.7877650691399376,0.6138754806272133,-0.05082410970845562,39.27749174731579,0.1893604229929189,9.16376305363304,333.7994473592767,82.35886759559921,350.9522200058775,23.252495048911182,21.713509223679765,-3.2519337563277015,-0.1337841286057878,0.13634344278173544,0.024314382969918096,56.15831495487589,47.1105349607534,31.839889295943195,0.021176054510668754,0.15784269064799208,0.9872371851406142,0.10545482784519195,0.15727888949314872,0.9819076485107664,0.5513151124230043,0.8313287914629045,-0.07031420410441007,39.27749174731581,0.18936042299291944,7.764537721049039,338.7847725586498,59.84503608310345,-9.0477799948544,28.804054042358633,13.67509887472933,-2.45931361425682,-0.08698514729373855,0.1703870300070284,0.021926258943668165,38.62980864175324,29.58202864689884,31.839889295943184,0.06786736959937832,0.11681892937815185,0.9908316496169285,0.14792756480415448,0.11821508096334431,0.9819076485107663,0.7783270097153123,0.6259527565491625,-0.04888979971451031
K13TI7U,2110,39.63292226569725,0.1677827056845311,14.87375105844999,291.33707619988,84.39453544575856,19.20017408014718,23.855932954968146,22.828440329316024,-5.713355177621352,-0.11240448526641467,0.14387438361266686,0.03344304005804981,15.731611645638566,34.931785725785744,32.98320333377387,0.02507292314978614,0.25546257082941587,0.9664937782675844,0.16149795180865298,0.04549118473322043,0.9858240023823613,0.9314819733274475,0.2741800308289,-0.23909547059839417,39.63292226569724,0.16778270568453113,13.436639904824439,294.0127935395955,64.2174578985373,19.200174080147207,29.78356226865825,14.555660006097277,-4.894673919944735,-0.06458945643325231,0.17110786290155458,0.031675619444244185,358.2302514381328,17.430425518280003,32.98320333377386,0.10107087203687656,0.2092378188895161,0.9726274795480865,0.1677026742612885,-0.005181638006863082,0.9858240023823613,0.9770085207181237,-0.020007562878045504,-0.21225938818310208,39.28074556621272,0.1605383880075304,14.88529238370753,290.7882030005512,84.37315393001157,19.93081725705373,23.84694801974803,22.82804932410737,-5.713142684646823,-0.11223484751922197,0.14326559638558564,0.033422567517691515,15.16135693056276,35.09217418761649,32.97467799327899,0.025187342556394005,0.2556469379518253,0.9664420525260697,0.1549505456984635,0.04198693144068464,0.9870295973150671,0.9339709943048126,0.2646143903928234,-0.24016120876260255,39.28074556621275,0.16053838800753062,13.448424962073556,293.4639476448136,64.19618319412446,19.93081725705348,29.7748764050087,14.558001405882393,-4.894700733278708,-0.06461107147384176,0.17047627239437446,0.03165454340811659,357.660130838938,17.590948095991507,32.974677993279,0.1012356391801798,0.20938038108420026,0.9725796632547976,0.16040453552671746,-0.006554312055012612,0.9870295973150671,0.9765212649479471,-0.02987820655511514,-0.21333896005538078
K13TI8B,2116,39.8361200191901,0.1672746969274127,14.92934179381735,310.3635666467572,91.58380935654931,3.901910649665984,21.649898933752098,24.449321724680715,-5.95043728931117,-0.1319554243227793,0.12870207998245844,0.0342210989003056,41.94737600330649,45.849286652972474,33.172545116216035,-0.007120613867161607,0.257529228428442,0.9662442720985238,0.12441207519299062,0.111814398796986,0.9859103284618953,0.7180487226182807,0.6677368893905775,-0.19629946126581946,39.83612001919007,0.16727469692741215,13.418680865173128,312.2386178300567,72.18330241135166,3.9019106496664833,28.17736044219299,16.767211000086398,-5.17611382815028,-0.08782286649593259,0.16255023497147705,0.03181364866084299,24.421920241408316,28.3238308910748,33.172545116216035,0.07100558825793943,0.22093527869612503,0.9727002668158417,0.15230788517179272,0.06916019336767064,0.9859103284618953,0.8912834786754986,0.4196369483549714,-0.17180975587966196,39.49847301121161,0.1602161310136657,14.93686746084276,310.786245621866,91.5752206224005,3.674780882737605,21.640913998532245,24.448930719471807,-5.950224796336709,-0.13177268265161346,0.1281034619197689,0.03420010486970628,42.36146624426647,46.036247127004074,33.17018048440759,-0.007085498437841744,0.25765715667595596,0.9662104249725053,0.11838508820418393,0.10795452527743188,0.98708195777403,0.7133344970227702,0.6731023112352242,-0.19515935531526774,39.49847301121162,0.16021613101366583,13.426274918761804,312.66123544697285,72.17483377801396,3.674780882736911,28.168674578543623,16.769552399871195,-5.176140641484315,-0.08782890945386027,0.1619243801737414,0.031792480111288775,24.83606922498683,28.51085010772374,33.170180484407595,0.07107770735252457,0.22104751328130076,0.9726695000819456,0.1453982605366154,0.06729453521583044,0.98708195777403,0.8883799334475732,0.42617577453600664,-0.17074924025107768
K13TI8E,2119,39.84157764389446,0.2380599439217102,9.369710550306381,292.4460178130767,109.6418026813898,2.286206433040276,20.788225441953962,21.691527546452143,-4.433702453187827,-0.14209597463763676,0.1427000393451046,0.014167522954241306,42.08782049446654,44.37402692750682,30.356893904236486,-0.05472487147780864,0.15333120039845674,0.9866583661157015,0.1766686500358534,0.15956417202654535,0.971250463629229,0.7305049739582397,0.6661239972150983,-0.1504702739960663,39.84157764389448,0.23805994392171037,7.792232586288601,292.02762838305824,92.47317673874642,2.286206433040462,26.481717957349456,14.39854227927816,-3.705535862278567,-0.09270668979873077,0.17895748378839144,0.01161785723198522,24.50080512180466,26.787011554845122,30.356893904236493,-0.00585055826274198,0.13545496902237691,0.9907662299125668,0.21662394185237,0.09872489410654696,0.971250463629229,0.9014036830381273,0.4143366625824676,-0.1256842481988953,39.46234098778611,0.2308460599939937,9.370265430250646,292.7251556944626,109.6660448935158,2.148169877051979,20.77924050673408,21.691136541243253,-4.433489960213324,-0.14190643631082284,0.14209203921668803,0.014159969737600128,42.3912005879784,44.53937046503038,30.352615052616205,-0.05479295769621041,0.15331703014034062,0.986656789393276,0.17049340992443318,0.15563386709546778,0.97299028596654,0.7269694186699382,0.6700470840858553,-0.15017446329764242,39.46234098778609,0.230846059993993,7.7928164404927305,292.30187486162646,92.50225542989452,2.1481698770509037,26.473032093700063,14.400883679062979,-3.705562675612561,-0.09270945939730366,0.17832063211012392,0.011610224815640509,24.804130291521005,26.95230016857191,30.352615052616216,-0.005919744245316593,0.13546206875949798,0.9907648482639395,0.20954987360602795,0.09684396670132797,0.9729902859665402,0.8992110485859592,0.41914448569010576,-0.12544875534064243
K13TM7M,2123,39.70264734649721,0.2042832597473626,6.827904764142053,204.2430233388801,180.0073938720558,2.528648202439907,27.8639181235471,14.808974254377658,-1.7727481014021649,-0.09011176159847964,0.1719039704209363,-0.020584617419612882,24.250417210935893,26.7790654133758,31.592061125954782,-0.11888755725745084,-1.5342131649791993e-05,0.9929077240579687,0.18625711141415488,0.08390434232304973,0.978911819208958,0.9117594286242441,0.4078133477869328,-0.0488161620941877,39.70264734649716,0.20428325974736206,6.526270046790414,190.88244297996272,175.69583766598535,2.5286482024406323,31.072721264871262,5.700115542584305,-0.9170406154516276,-0.0333938998341397,0.1910938997823246,-0.02151278733743075,6.578280645948098,9.10692884838873,31.592061125954764,-0.11333819976212513,0.008530222258629401,0.9935198477045635,0.2029383126836678,0.023402808765489554,0.9789118192089581,0.9933244450389939,0.1133406133044208,-0.021458151452360383,39.2967952400228,0.1962463418478545,6.843088098068174,204.2755829210244,180.0784208133443,2.512310811341302,27.854933188326985,14.808583249168949,-1.7725356084276302,-0.08995706544336225,0.17127639649652884,-0.020568878179354114,24.35400373436869,26.86631454570999,31.584942927824148,-0.11915056218604965,-0.00016308164250914483,0.9928761840910105,0.17878336148871077,0.08092673441738482,0.9805546253581873,0.9110190105177012,0.40944442982039486,-0.048985930269827165,39.29679524002276,0.19624634184785417,6.542994673868558,190.94431478645603,175.7373170020008,2.5123108113422274,31.0640354012217,5.70245694236937,-0.9170674287855948,-0.033436423548259056,0.19044891372892409,-0.0214982140967311,6.681631788456798,9.193942599799026,31.584942927824127,-0.11363354671082278,0.008469724461854376,0.993486628409995,0.19491343698430336,0.022833720056767953,0.9805546253581874,0.9931160862887013,0.11511916013124845,-0.021633726569609837
K13TM7R,2127,39.92250550815451,0.166254525156898,21.41362091330112,111.8956813140382,182.2952034707612,89.33665110274328,30.35568948915411,25.724710251538063,-9.60360892996582,-0.0832759016939,0.1205094133152846,-0.048530164595876564,294.19088478479944,23.52753588754274,33.285208311822636,-0.3648052142197353,-0.014621502053595945,0.9309690474746138,0.06812743334205446,-0.1516549371480189,0.9860828732235716,0.4072127808279319,-0.8481853436678678,0.33876152957117756,39.92250550815449,0.16625452515689787,21.049947846253435,107.6525852654045,168.66817685924246,89.33665110274413,36.9590620810861,15.353202448585632,-8.588644306665348,-0.041629158104071494,0.14003535517313878,-0.04969591405043428,276.320762124647,5.657413227391089,33.28520831182262,-0.35217966201553424,0.07057588055788093,0.9332676629703313,0.018303705986953325,-0.16524388485595695,0.9860828732235716,0.12258934944288022,-0.9315706768664708,0.3422687911652434,39.6388699925541,0.16645790153254,21.46749194878323,109.3880988146805,182.4195266229127,91.88937387661092,30.346704553933982,25.7243192463294,-9.60339643699129,-0.08312578724139112,0.11991628634848557,-0.048495694985455216,291.80762543759323,23.696999314204163,33.04066687447237,-0.3656470094743934,-0.015449984920362292,0.9306253609419816,0.06183767946474356,-0.15454557379955083,0.9860485622003529,0.3687287564365092,-0.8630542173374887,0.34521952742097367,39.638869992554085,0.16645790153253992,21.10703053536015,105.15347161547635,168.783118574213,91.88937387661166,36.95037621743655,15.355543848370743,-8.58867111999932,-0.04166616217547981,0.13942459086656808,-0.04966245120301683,273.93659018968935,5.825964066301026,33.040666874472365,-0.3532323969591737,0.07005005987470932,0.9329093540371575,0.011427737297631416,-0.16606516733762405,0.986048562200353,0.08124933096343928,-0.934119807976161,0.34758988846710376
K13TM7V,2131,39.80619148406213,0.188963080146042,6.916772296181401,324.6928307966738,109.0563203936536,327.8566668600097,29.91805029121088,15.542735222615136,-4.046081135760367,-0.10320835787922339,0.15195905455293912,0.005815387007157242,73.74915119032738,41.605818050337064,32.28429093235061,-0.039319250118314455,0.11382779166808693,0.9927221315222604,0.052880039961359517,0.1814131942058364,0.9819841925111221,0.2758674357895608,0.9586723577631248,-0.0696022149919367,39.806191484062076,0.18896308014604113,5.3387459918473175,324.25644210277557,91.90788572062768,-32.14333313999048,33.31434697700881,5.779092625169678,-3.1294564879661704,-0.052623859442282726,0.17603691270367405,0.004367253822472704,56.164327823403255,24.020994683412773,32.28429093235059,-0.003097686505425388,0.0929923407285661,0.9956620053532907,0.10521707611983372,0.156959907463888,0.9819841925111222,0.5542802047497252,0.8305535939758761,-0.0543523886904525,39.43864665787513,0.1837565862639454,6.917787274592776,326.5114175699752,109.0787708663142,326.1247468358235,29.90906535599075,15.54234421740648,-4.045868642785842,-0.10304488379270048,0.15134484861358877,0.00581343176993499,75.5901884362894,41.71493527211288,32.191535581154035,-0.03936959699498766,0.11382899607097846,0.992719998028611,0.04572888266237922,0.17797570701033655,0.9829717783357877,0.2450595026868475,0.9672275676074961,-0.06645805145324069,39.43864665787513,0.1837565862639461,5.3397816886269505,326.06846906898375,91.93685829206963,-33.875253164176556,33.305661113359264,5.781434024954796,-3.129483301300146,-0.05265349436737983,0.1754020185242932,0.004364481088599428,58.00532736105339,24.130074196876834,32.191535581154014,-0.0031453175381729575,0.093008750048637,0.9956603232990527,0.09736166508686127,0.15584347649771202,0.9829717783357877,0.52741937908459,0.8480154913037732,-0.05194732981439804
K13TM8E,2139,39.56905863888856,0.1639817155248735,9.87187496415358,81.4161695711938,97.65535749371305,201.6098707753453,43.51893493723702,11.653504426902874,-7.7759143986682515,-0.04146593587369073,0.1293722540276287,0.004152545441776451,179.07152706490686,20.681397840252203,33.0804565215793,-0.022838944769211132,0.16991747133307403,0.9851936030738339,-0.16396018527061978,0.002657192598321219,0.9864633784249264,-0.9853586464661707,0.018154526068311805,0.1695250748933356,39.56905863888857,0.16398171552487328,8.3212164639499,83.29681916816705,78.21581485316783,-158.3901292246548,45.20328413350447,-2.0369564845373898,-6.533040644332036,-0.0005627013317290846,0.13585434415556558,0.004138613897037695,161.51263402133486,3.1225047966800616,33.080456521579315,0.029556098821565787,0.1416724065372724,0.9894722665382732,-0.1555192094387566,0.05199787036047363,0.9864633784249264,-0.9381581997093363,0.3149602002270153,0.1437333106523864,39.29991026250114,0.1714092188124646,9.873846048968462,82.14070332271564,97.64179644867588,200.9361465633621,43.50995000201693,11.653113421694133,-7.775701905693727,-0.0413438443520391,0.12877318678396968,0.0041517047162094416,179.7824997713915,20.7186463347536,32.56354334500586,-0.022803234231310487,0.1699564636508963,0.9851877044359991,-0.17140798378154878,0.0006506841351014544,0.985199918649053,-0.985449948638271,0.005747314688203942,0.16986867604918787,39.29991026250113,0.17140921881246451,8.32326283604662,84.02343722166532,78.2002059698583,-159.0638534366381,45.19459826985492,-2.034615084752362,-6.533067457666014,-0.0006272300005893824,0.13524638215175602,0.004135994407987626,162.22364319152362,3.1597897548855087,32.563543345005854,0.029601919760398016,0.14169894245216658,0.9894670970044616,-0.16322536404764115,0.05233164267834858,0.985199918649053,-0.9420011753535457,0.30316018864840144,0.14397112783889782
K13TM9E,2163,39.7770108350634,0.2104221596542747,3.961915684558343,215.8782075465543,129.3146428226665,28.77066129329583,28.844673341459494,15.854185988025517,-2.241312862939217,-0.06956680173771368,0.17500750725724712,-0.003951821794899949,345.1928503692208,13.96351166251668,31.407046310557874,-0.04377608880735339,0.05345605041916746,0.9976101967814454,0.20343435649771582,-0.0537768339522636,0.9776106150847744,0.9657079084414282,-0.25645377698193533,-0.04049315800702597,39.77701083506337,0.2104221596542748,2.5628646562681467,202.6911862996252,124.8990822829254,28.77066129329594,32.335827455915705,6.400235606370508,-1.3509714253753162,-0.013337244076695625,0.18784629915443582,-0.004320903878733913,327.5902685825506,356.3609298758465,31.40704631055785,-0.025583208167642535,0.03667392069055071,0.9989997612617504,0.17764615295188413,-0.11278000538643762,0.9776106150847744,0.8439204414341506,-0.5361909533351155,-0.017249640319980535,39.3784879837433,0.2036973203079228,3.963259576351943,214.5808131714345,129.3800620584022,30.07903073061788,28.83568840623941,15.853794982816796,-2.241100369964692,-0.06942587574428727,0.174377853202027,-0.003947230606848685,343.9608752298367,14.039905960454576,31.357195503677048,-0.043851941299126715,0.053424119440752496,0.9976085758985225,0.1957680458890824,-0.05628028526401259,0.9790339124358112,0.9600241233175479,-0.2771548470063288,-0.039228477274448795,39.37848798374327,0.20369732030792265,2.565205378038256,201.36762097114323,124.99060771078521,30.079030730617955,32.32714159226617,6.402577006155552,-1.3509982387092925,-0.013393210669001758,0.18720348978991935,-0.004317853416205001,326.35822868192844,356.4372594125464,31.357195503677033,-0.025665162709650816,0.03666644218545248,0.9989979336517909,0.16958159830685476,-0.1128480386020111,0.9790339124358112,0.8322184613700726,-0.5542080065848123,-0.016306992123549066
K13TM9F,2164,39.65919161831085,0.1570539663306307,14.57475854158623,207.5772752279926,29.46119505885217,139.5834059049443,39.936570645658136,20.176604322121158,-0.5394208458297198,-0.04890819974213114,0.1260113437849223,0.03478191729165405,237.03847028684476,16.621876191789056,33.43055827318862,0.21910280371245575,0.12376658403126,0.96782012485925,-0.08544926253971084,-0.1317739423087981,0.9875900220535934,-0.5514028960431656,-0.8260649811796261,-0.11649675147365159,39.659191618310864,0.1570539663306305,14.331491770695848,213.83009203053737,5.82350746795163,139.58340590494404,44.163856920963404,7.170123762227329,0.6775535809164683,-0.009513305144867484,0.13489857709818,0.03453293293493268,219.653599498489,359.23700540343305,33.430558273188645,0.24625411040235945,0.02511566087020524,0.9688798257209175,-0.12091845630646625,-0.10022312739405029,0.9875900220535934,-0.7716745358370138,-0.6209083348592996,-0.13780874588712066,39.39026939056582,0.1628262090030277,14.62692405771226,205.9091300221691,29.45547143403826,141.3587147782025,39.92758571043798,20.176213316912545,-0.5392083528551712,-0.04878112007849707,0.12541452917537801,0.03476054737519396,235.36460145620737,16.72331623440988,32.976501154091984,0.219882336432235,0.12417795308319012,0.9675906128591629,-0.0925426321011464,-0.13397102515876155,0.9866547651847136,-0.575315877780505,-0.8104547551690819,-0.11033916166742587,39.390269390565784,0.16282620900302802,14.383504918911623,212.139853604229,5.840595610733183,141.35871477820294,44.15517105731384,7.172465162012497,0.677526767582515,-0.009571834714066968,0.1342912556926976,0.034509941798019486,217.98044921496216,359.33916399316513,32.97650115409194,0.24712149116714818,0.025278597274479692,0.968654717184178,-0.12834300263140716,-0.10020203597658274,0.9866547651847135,-0.7899176856956764,-0.5988038093740762,-0.13215160878431048
K13TM9Q,2172,39.7734613809516,0.1637229063323086,5.560193359842228,259.8096253662746,30.71590110651468,71.50055117842749,36.20900913459037,13.723141824637821,-0.651945818480134,-0.03182817426274244,0.1589512187725705,0.01488563746420714,290.52552647278924,2.026077651216724,33.26163468876637,0.08329858890603344,0.04949035549482505,0.9952949561809602,0.057405287321893116,-0.15332913306149223,0.9865063658903079,0.3482593145708005,-0.9325349038514057,-0.09536300600088825,39.77346138095157,0.16372290633230857,5.423244537096359,276.3011091292305,356.7166960367593,71.50055117842838,38.666182282369824,2.144152535479382,0.4134670595747485,0.017257356009997418,0.16114014558033268,0.01536691168694202,273.0178051659898,344.5183563444182,33.26163468876634,0.09435706158836177,-0.005413007264591925,0.9955237035253172,0.008619403049292713,-0.16349585911873038,0.9865063658903079,0.05290110922070833,-0.994171271502377,-0.09394123462338505,39.43569451904229,0.1626576939895182,5.577668994212871,257.0516545382301,30.68729601845683,74.32591478996346,36.200024199370255,13.722750819429146,-0.6517333255056068,-0.031712542405000044,0.1583323263683876,0.014877602934729268,287.7389505566869,2.064865346650379,33.02117538769979,0.0835843445285253,0.049603688758453134,0.9952653572848255,0.049558647804642475,-0.154924064760008,0.9866825601914794,0.30232573048658784,-0.9484864770658151,-0.0947235741989815,39.435694519042265,0.16265769398951813,5.440790321445518,273.4905748809583,356.7408980654816,74.32591478996427,38.65749641872028,2.1464939352644787,0.41344024624077425,0.01718088353240688,0.16051523588830813,0.015356766484669273,270.2314729464399,344.55738773640417,33.02117538769977,0.09466370307962134,-0.005390481395100165,0.995494714214788,0.0006571296104238035,-0.16265636659738475,0.9866825601914794,0.00429561064603242,-0.9955021847478728,-0.09464115326532126
K13U16X,2184,39.49313775694119,0.2325719044176663,4.400038902234743,200.8188684649925,37.33746841018109,128.1037770644114,42.290898694125815,18.651016680620344,-0.832622058213079,-0.03337447852951482,0.12937896211861855,0.009472739532390364,238.1563368751736,6.260113939584983,30.308143497380133,0.060998074997063535,0.04653115082333186,0.9970527001366121,-0.12270570801231603,-0.19756770977479177,0.9725792046283633,-0.5282386422434617,-0.8486580172174207,-0.02726731841197548,39.49313775694119,0.23257190441766595,4.141565240339864,221.8587591273426,358.7722787577915,128.10377706441164,45.95475578870784,5.004618591156497,0.43359915438993013,0.007003278755342607,0.1334164989657446,0.009669350580826531,220.6310378851341,348.73481494954575,30.308143497380147,0.07220443967484311,-0.0015474175413663959,0.9973886526275475,-0.17650315873004643,-0.15144743537866853,0.9725792046283634,-0.7588813269315459,-0.6494432858302397,-0.04819284308523235,39.22920483865305,0.2379656618304636,4.41603035310494,199.5879440957773,37.29034974891831,129.4574284856521,42.2819137589057,18.650625675411703,-0.8324095652385499,-0.03325781026868763,0.12877989037889337,0.009468332972022382,236.8782938446956,6.335722330347721,29.89400114614015,0.06125771152809496,0.04664956763400571,0.9970312485664133,-0.13002902713108228,-0.19929904243060184,0.9712735679455039,-0.5470222835245006,-0.8367199456581174,-0.025813830895822145,39.22920483865304,0.2379656618304633,4.1577923612274885,220.54846603857334,358.80475332786,129.45742848565243,45.9460699250583,5.006959990941624,0.4335723410559579,0.006933679024291706,0.13281017091608582,0.009663024141803167,219.35321936643334,348.81064785208576,29.894001146140155,0.07248771788369124,-0.0015123849369427585,0.9973681584288807,-0.18400731879835025,-0.15089387939559618,0.971273567945504,-0.7732158689147124,-0.6323888188790002,-0.04713387121051301
K13U17A,2187,39.80756134034226,0.1553322779182141,1.969703980700094,305.8111831006567,30.30882248610183,41.69807496864858,30.432545241141042,18.660389934054486,0.025853446831442195,-0.07372872043670681,0.1594757579358121,0.00601457745975915,336.1200055867585,17.818080555407107,33.62416215897786,0.0296731399261675,0.017345712832064805,0.999409140949426,0.14203511420179457,-0.06288197593066303,0.9878622795899936,0.9141535484913192,-0.4044086733784335,-0.027873189215173625,39.807561340342254,0.15533227791821402,2.2363011371989776,349.33754965728923,329.2265571864613,41.69807496864851,34.633851419351075,8.595685023463343,0.9803905270313625,-0.022267799269951382,0.17429735461323087,0.005403148985363489,318.56410684375055,0.26218181239903515,33.62416215897786,0.033526653234263466,-0.019964840080088652,0.9992383943201372,0.11645208702019291,-0.10279605046840415,0.9878622795899936,0.7497687392017246,-0.6616605722899015,-0.0072197501934902686,39.44536439499743,0.1497135067370711,1.975876529654579,303.7149167101872,30.30944500896597,43.89449077539843,30.423560305920923,18.659998928845784,0.026065939805967386,-0.07358500493705519,0.1588565139617483,0.006012488716082828,334.02436171915315,17.918852494551572,33.539860566900764,0.029765902102299267,0.01740037175733193,0.9994054323120037,0.1345895017409171,-0.06557286115949724,0.98872941996306,0.8987307638755793,-0.43756198102092725,-0.028679728531828565,39.445364394997426,0.14971350673707118,2.2407658680953393,347.13286692690843,329.3356789538705,43.89449077539855,34.62516555570152,8.598026423248417,0.9803637136973857,-0.022317780200088573,0.1736636263643916,0.0053996819476811505,316.46854588077895,0.36303665617748493,33.53986056690075,0.03363159308285316,-0.01994066287104949,0.9992353506111423,0.10854174896121531,-0.10311557996710087,0.98872941996306,0.7250832145453572,-0.6886062163149498,-0.008706941884512548
K13U17F,2192,39.8294156000537,0.2566189656668678,17.08198922804066,151.3072426636492,190.7941145002021,32.61542241334155,26.305847401541488,18.309834225056097,-4.013071755448291,-0.08147357635879346,0.16493900822071367,-0.05447716579657863,342.1013571638513,14.716779577192824,29.60843216565211,-0.2885425716965137,-0.05501172188031275,0.9558853983477964,0.24419903986513455,-0.07886775303556903,0.9665126519917197,0.9476350891938627,-0.2865288486122276,0.14102821221830428,39.82941560005371,0.2566189656668678,16.965798356996068,145.92774346991314,178.3558540760038,32.615422413345506,30.70684921208225,9.508084837762604,-3.168298590876825,-0.026331796166485687,0.1818449215448008,-0.055223570056313814,324.2835975459169,356.89901995926243,29.608432165652115,-0.29168067149431404,0.008372296647600513,0.9564791113900348,0.2083531568583978,-0.1498073949011629,0.9665126519917195,0.812616004842973,-0.55940165183487,0.1634778902404361,39.43979464422751,0.2507368959071292,17.12341709224645,150.1584138137868,190.8636852508922,33.79551387095081,26.2968624663215,18.309443219847154,-4.012859262473697,-0.08132466990627235,0.1643161025291153,-0.05443871023687025,341.02209906467897,14.817612935629768,29.550782959919285,-0.2891542549947136,-0.055492290464581255,0.9556727591165538,0.2371078605932067,-0.08154050167895097,0.9680552716817659,0.9414868528482199,-0.3035413493157959,0.1465099149187538,39.43979464422747,0.2507368959071288,17.008960095931222,144.7914287175821,178.4122969009648,33.795513870954665,30.69816334843274,9.510426237547406,-3.168325404210731,-0.026379053222019045,0.18120613457510149,-0.05518640232373286,323.2037256185469,356.9992394895016,29.55078295991927,-0.2924089477080798,0.008104915659379108,0.9562590222541212,0.20078266445968096,-0.1501842622301468,0.968055271681766,0.8014690673739265,-0.573762152391357,0.16865445895678466
K13U17J,2195,39.90544887034493,0.1925907216309762,6.80274759858813,358.9547102243795,36.72619928914618,359.6260357143592,26.351382739237575,18.54021707044295,-0.10710961130170454,-0.1101139302339795,0.15610710970398922,0.02278077455090344,35.68090951352565,35.30694522788485,32.22002967539717,0.09493921678210558,0.07083306585560141,0.9929598289449058,0.15643718942638968,0.11233250563711308,0.9812791722754844,0.8122011117223795,0.583373537889844,-0.0021608810280231935,39.90544887034488,0.19259072163097546,6.458743763390776,12.332563397233562,5.854597970570769,-0.3739642856396761,30.712198157670496,9.713949879069599,0.7392941421856419,-0.05841917278031868,0.182077197685029,0.021179361550251036,18.18716136780433,17.813197082164653,32.220029675397164,0.11190101521809422,0.011474233371321198,0.9936531108801,0.18296927716386804,0.06011180975874466,0.9812791722754846,0.9501802920209953,0.31077351083729504,0.02402576984734705,39.51994425164295,0.1849173069742388,6.819861742089115,359.3441700512266,36.72799325628131,359.3607902218739,26.34239780401747,18.539826065234298,-0.10689711832717497,-0.1099458277204096,0.15549012355039055,0.0227674483433208,36.072163307507935,35.43295352938185,32.21202258885708,0.09517471090016158,0.07101340421829977,0.992924403379431,0.14946422950106536,0.10888000054306454,0.9827540839810309,0.8082276124718734,0.5888686432391611,-0.0013592084773076368,39.5199442516429,0.18491730697423803,6.47534556380865,12.68709035591145,5.8915472594896965,-0.6392097781231803,30.703512294020964,9.716291278854715,0.7392673288516705,-0.05844492342419746,0.18143825503335026,0.02116532058108545,18.578637615401146,17.939427837277965,32.212022588857074,0.11217998391097779,0.011575947447685583,0.9936204751565968,0.1752807605769688,0.058915748235628104,0.982754083981031,0.9480310844302993,0.3172122060898397,0.024768513510661904
K13U17V,2207,39.72596089631854,0.1790242257158852,2.080884709528974,208.1244003610539,64.94472427983031,96.59018875493216,36.437772409187126,20.33496851407423,-0.8864565433082485,-0.04965168179260448,0.1423598034873945,0.003824826029157638,273.0691246408842,9.659313395816355,32.61405150603558,0.015377139326099831,0.03289349337831663,0.999340563411451,0.009585085412147651,-0.17876744538873413,0.9838446658933654,0.053259117979997384,-0.9984340244638312,-0.017116224611475557,39.72596089631851,0.1790242257158855,1.4101422475964747,257.4396309799305,358.0665407533702,96.59018875493364,40.887156575622,8.377994824753005,0.24007851270953118,-0.004432302897003142,0.15070788506526622,0.00370412177724633,255.50617173330068,352.0963604882343,32.614051506035544,0.02459513015874663,-0.0008302835024236151,0.999697149241599,-0.044805416375893574,-0.1733267090109171,0.9838446658933654,-0.25026574328826884,-0.9678791704951502,-0.024020180223939716,39.42126460291638,0.1809457911715569,2.085021870773233,205.8216166425319,64.86636432449761,99.06929926483598,36.42878747396701,20.33457750886552,-0.8862440503337234,-0.04952410381365981,0.1417520314004432,0.003824204955969227,270.6879809670295,9.75728023186548,32.28815269035839,0.01545275968376381,0.03293775954073404,0.999337938944876,0.002172660360380559,-0.18093274686926938,0.9834930709757437,0.01174617350149365,-0.9998054288926517,-0.015847137434046775,39.42126460291636,0.18094579117155707,1.4150004363974484,255.00683138370647,358.1182641703074,99.06929926483745,40.87847071197245,8.380336224538068,0.2400516993755546,-0.004494237983807704,0.15008996754626466,0.0037017935044743183,253.1250955540138,352.19439481885126,32.28815269035836,0.024680589581517514,-0.0008108634760833123,0.9996950590046606,-0.05252550181567839,-0.17315441375174906,0.9834930709757437,-0.2902734089971433,-0.9566464189030558,-0.02385324357684717
K13U17X,2209,39.7814097875744,0.1299425780992106,3.01214300424374,179.9413558590036,29.89390043335809,175.790757181747,40.19327554193029,20.101395194692344,-0.1370887628237312,-0.061080115896312744,0.12483030998983143,0.007296523562466046,209.8352562923617,25.62601347410873,34.61211083935581,0.045556131948342654,0.026189484719510738,0.9986184204850378,-0.1127199214809746,-0.06464745087311924,0.991521520894494,-0.8674587771711065,-0.4975090622451687,5.378421155595203e-05,39.78140978757442,0.12994257809921061,3.087913162975759,209.91975146572136,342.3736857274634,175.7907571817481,44.374682046371824,7.020883588622883,1.0858488891355056,-0.02071159235611474,0.13744956790074106,0.0067284717533574135,192.2934371931848,8.08419437493285,34.61211083935583,0.05133914646191369,-0.016311691565180607,0.9985480563091816,-0.12696299076522863,-0.027667175118141724,0.991521520894494,-0.9768506727657064,-0.21222826198964667,-0.026868716568539314,39.50930014913339,0.1374457936479323,3.023598771926623,179.4170856402837,29.88141746157191,176.4372408794368,40.18429060671012,20.101004189483707,-0.13687626984920187,-0.06094487806373257,0.12423428696257466,0.007293575600507814,209.2985031018556,25.735743981292444,34.07891303366138,0.0457349567210262,0.02627903253484042,0.9986078941119776,-0.11986401053888311,-0.06726042795763722,0.9905092901172053,-0.8720750016794351,-0.4893719479849307,0.0005366295255019403,39.50930014913339,0.13744579364793197,3.0981695345679983,209.2877973963737,342.46904283093426,176.4372408794387,44.36599618272223,7.023224988408032,1.0858220758015322,-0.02076261632653919,0.13684053670579888,0.006724116424389429,191.75684022730798,8.194081106746694,34.078913033661394,0.051536667494413206,-0.01628006777101201,0.9985383975075478,-0.13456233948784876,-0.028005766960874992,0.9905092901172053,-0.9788057774351113,-0.2030768305636868,-0.0264395716276721
K13U18W,2219,39.66671096903011,0.2044980229203453,6.760764908718576,280.9392010811894,178.3831371507317,310.8747502762055,30.926725488449343,17.31971388049815,-2.1558535181237892,-0.11245002063086916,0.13498295039688446,-0.01561949217466289,99.3223382319211,50.19708850812657,31.554947000110683,-0.11767710484094301,0.0033216802873328737,0.9930463561366722,-0.03312634022930448,0.20179714309509547,0.9788669769798498,-0.16218119755727162,0.9799680643232029,-0.11558482627717158,39.666710969030106,0.20449802292034547,6.416388945406248,267.47637541850935,174.1755463709713,-49.12524972379788,34.760039593526855,7.168360165645376,-1.198667061307313,-0.06596604638914641,0.16264556010440695,-0.017443482325320225,81.65192178948064,32.52667206568276,31.55494700011067,-0.11117625887871807,0.011340813834491412,0.9937359938149084,0.029690348932944796,0.2023312248729052,0.9788669769798498,0.1445514235298833,0.9831786836874802,-0.11164480237806926,39.33339682291754,0.2020625262293243,6.777096777096726,282.9071004949118,178.4685774104034,308.951355058044,30.917740553229383,17.319322875289327,-2.155641025149246,-0.11228035236381388,0.13438012261065346,-0.015607080785999072,101.37567790531523,50.327032963359216,31.385591295698344,-0.11796488422053343,0.003153759708009279,0.9930127591781187,-0.03985505451165381,0.19809300627747936,0.979372623414512,-0.19742321400163518,0.9735467267766506,-0.11502541178250324,39.33339682291754,0.20206252622932452,6.434614926072362,269.4758737819673,174.2291287189571,-51.04864494195966,34.75135372987741,7.170701565430287,-1.1986938746412685,-0.06598673877686004,0.16201964141545339,-0.017431636516962497,83.70500250092442,32.656357558964764,31.385591295698337,-0.11150131913513382,0.011268622668818392,0.9937003944722337,0.02215565646824923,0.20084419681095442,0.9793726234145119,0.1090141258811193,0.9877031159696552,-0.11206460218199667
K13U31F,2224,39.80525805346649,0.203688066600633,31.99310155072833,178.1613895751288,177.9317651199044,31.77979392379453,24.25463530455651,19.373287621258395,-12.64147418291029,-0.10962631323779054,0.12842324752750692,-0.0777024337827183,356.0931546950332,27.872948618827763,31.697402000016623,-0.5294720084755793,0.019120926022512676,0.848111892634974,0.20321472521465453,-0.013878181849087916,0.9790358377120298,0.9978520187375718,-0.06326443789419725,0.016998811702111254,39.80525805346646,0.20368806660063288,31.493598970728744,175.31457814014814,162.77052109562317,31.77979392379457,29.311039978268987,11.141480750532835,-11.838446629860416,-0.0635456653633416,0.15553932664764314,-0.07948329104225099,338.0850992357713,9.864893159565838,31.697402000016606,-0.49896102783965524,0.15473560063653988,0.852698532069127,0.18896940814569188,-0.07602230765091768,0.9790358377120298,0.931303184642488,-0.3617366972918366,0.04267247481871987,39.47431695153809,0.1979918950611304,32.0519936588781,177.0325584253806,178.0432835487487,32.93404411243932,24.24565036933648,19.372896616049633,-12.641261689935753,-0.109458537547194,0.12782481635094403,-0.0776484115975378,355.0758419741293,28.0098860865686,31.658722132059363,-0.5303791749492232,0.01812010094085547,0.8475668662247685,0.19726114512649248,-0.016995032606104396,0.9802036571499324,0.9965786348686217,-0.07795038213725178,0.02747294028768443,39.47431695153808,0.19799189506113013,31.555353800313636,174.188777713382,162.87788523584675,32.93404411243935,29.302354114619497,11.143822150317824,-11.838473443194378,-0.06356797999993344,0.1549181708778862,-0.07942986334699186,337.06666294922877,10.000707061668095,31.65872213205936,-0.5001281406478213,0.15407083784455208,0.8521349774877398,0.18234238625539997,-0.07714949568587011,0.9802036571499325,0.9253665902598458,-0.37535190844867455,0.05298696495181212
K13V24F,2228,39.62401466597586,0.3309028442377578,19.85343496522064,303.9137334909631,113.6423524315387,15.23521615030348,-0.08934251907731827,27.229296369131326,-3.9132767419083687,-0.20530991630997553,0.03756188898137176,0.062471290937461524,57.556085922501836,72.79130207280531,26.51231551288582,-0.13619464463733588,0.31111017192079254,0.9405644473929071,0.17752069590616798,0.2792545341612695,0.9436648280376684,0.4912894352677777,0.8241366580594214,-0.28183942172257676,39.624014665975864,0.33090284423775784,18.284283544523724,303.3825662018659,96.56204906903062,15.235216150303506,8.24488567088089,25.984231483639004,-3.6875292786947163,-0.18602312531393703,0.09782645581469254,0.057368116769006036,39.94461527089652,55.17983142120003,26.51231551288582,-0.035853026618721084,0.31167665375455333,0.9495115712758015,0.2536917723975508,0.21245511747761484,0.9436648280376683,0.724783016102806,0.6372289656397074,-0.2619710383203994,39.40344143802452,0.3266850221171773,19.84709135708492,304.0600789755773,113.6688587905778,15.32103704565736,-0.09832745429737244,27.228905363922664,-3.9130642489338663,-0.2050780091392288,0.03702435719848712,0.06243136234992987,57.72893776615513,73.04997481181249,26.53092730035058,-0.13629675048320797,0.3109517534380401,0.9406020427585337,0.17442542258393093,0.2762225110886471,0.9451332690812969,0.4888564463644459,0.825776937930472,-0.2812682414175104,39.4034414380245,0.3266850221171771,18.278023845670692,303.52642055672794,96.59092925638615,15.32103704565745,8.236199807231404,25.986572883424095,-3.687556092028714,-0.18596335001516395,0.09724398182228743,0.057329820458669405,40.11734981311406,55.43838685877151,26.530927300350573,-0.03599821696904738,0.3115554896507913,0.9495458415703294,0.2498246340758438,0.21050120162263022,0.9451332690812971,0.7229441339355618,0.6395275666420983,-0.261450321692281
K13V46N,2235,39.78111443366772,0.2471458709116547,7.746132251088901,242.8621705110443,112.892153061589,29.38365926142933,22.913361399088434,22.038247011064573,-4.0374347109217075,-0.1097373587817435,0.15874489240052608,0.005351627189543073,355.7543235726333,25.137982834062655,29.949376261122712,-0.05243069372417323,0.12416827384028797,0.9908749982349566,0.246467646917809,-0.018297008812331445,0.9689782858719382,0.9897749044976252,-0.07719207284456658,-0.11994591413081186,39.78111443366771,0.24714587091165485,6.175921915426713,241.50423125691952,96.65783900947055,29.383659261429955,28.60058524538557,14.087110439040513,-3.2507205463707374,-0.056783645469199145,0.18447799939533016,0.003788672003277899,338.16207026639006,7.545729527820015,29.9493762611227,-0.012472993733469915,0.10685605730348478,0.9941962620352579,0.22941062845005408,-0.09193391682524796,0.9689782858719382,0.9231735471258988,-0.37257377687282356,-0.09454830867712799,39.3956120100726,0.2407044988758476,7.74635497734424,241.9278826484053,112.9223665432721,30.43047795316748,22.904376463868374,22.037856005855836,-4.037222217947187,-0.10956950866339925,0.15812613828561345,0.00534998278513415,354.8502491916774,25.28072714484489,29.91291096328075,-0.052497663659154245,0.12414415624383306,0.9908744742805907,0.23973289556070554,-0.021605429066620517,0.9705984464344289,0.9885473752886769,-0.09289524764512291,-0.11893090336333577,39.395612010072625,0.24070449887584755,6.176241357886332,240.56230774879364,96.69563178132734,30.43047795316792,28.591899381736056,14.089451838825536,-3.250747359704717,-0.05681049231748376,0.18383744761771695,0.003786287061118746,337.257939530121,7.688417483288902,29.912910963280773,-0.012544120439423427,0.10685331192598374,0.9941956622178804,0.22199081922593342,-0.09305230764721441,0.9705984464344289,0.9172340830752302,-0.38717254891442526,-0.09369660726114241
K13V46Q,2238,39.59139067433852,0.2392204242242372,9.45511282918751,219.9554372660167,70.38983516461897,80.2048363144344,31.460414247374203,24.825127838724313,-3.5478896454464888,-0.06250144470059225,0.14223816632051203,0.017755215848960493,290.34527243063565,10.55010874507002,30.120321401595753,0.05513371765685713,0.1547465873476915,0.9864146019202966,0.08317134827204471,-0.22429654075048563,0.970965287038613,0.3394582251990497,-0.9346864282530098,-0.10549594392365166,39.59139067433852,0.23922042422423717,8.252365381283578,226.61835337068712,46.22340264801402,80.20483631466794,37.573303277692794,14.161933740879533,-2.513696736504846,-0.01709763524554851,0.15447354299998314,0.0172907379764008,272.8417560187011,353.04659233336906,30.120321401595753,0.0993033945301075,0.10363732549958773,0.9896454620711855,0.011859990461037672,-0.23892624801868903,0.970965287038613,0.044143843825947826,-0.9935636814187248,-0.10431937508412113,39.28210568754439,0.2391806851638946,9.470645672650507,218.2234970541343,70.34169441837201,82.12443189241252,31.45142931215923,24.82473683350357,-3.5476771524734003,-0.062365254229098215,0.14163047576032395,0.017745257998205755,288.5651914725063,10.689623364918816,29.886584734517,0.05535367800139739,0.15495203296509139,0.9863700308767004,0.07615117386207226,-0.22673420314301612,0.9709750768400444,0.3104417082848232,-0.9451249703760525,-0.10180734810840808,39.28210568754435,0.23918068516389446,8.268711343115896,224.88066763883273,46.18122491032477,82.12443189263014,37.56461741404454,14.164275140651572,-2.5137235498402237,-0.017151081453502064,0.1538531015666672,0.017279303338698922,271.0618925491575,353.18632444178763,29.88658473451698,0.09957513944465224,0.1037679073935089,0.9896044730091665,0.004432606548942958,-0.23913960808417387,0.9709750768400442,0.013239708447943477,-0.994749362318856,-0.10148111295429846
K13V46R,2239,39.7740419245724,0.1528202488972072,13.79276579247433,228.2337835684818,87.44709771732754,69.73542236515877,27.528275659627173,26.19009612743581,-6.464823588295504,-0.08893598056336577,0.1352655011110604,0.023290265154088326,315.68088128580933,25.416303650968075,33.69576293801129,0.010619250045260244,0.23817422182274592,0.9711643895796456,0.10933672079561915,-0.10676848766684474,0.9882540015233916,0.6939734048575091,-0.6976960754077315,-0.17782322601708953,39.77404192457238,0.15282024889720713,12.322307198973181,230.78079293541555,67.38334840091157,69.73542236515901,34.31881283931394,16.650942747262775,-5.521433773219598,-0.04454565157091925,0.1558118698652731,0.0220714071991537,298.16414133632713,7.899563701486159,33.69576293801128,0.08207001604948554,0.19699915746860694,0.9769625603994742,0.07213102101919526,-0.13472618260654737,0.9882540015233916,0.4555237791632739,-0.874735390598523,-0.1653362726423282,39.46044548940711,0.1503747485145034,13.80261823904113,225.6400352118482,87.42314885115843,72.52415704118258,27.51929072440715,26.189705122227043,-6.464611095320997,-0.08878207246989801,0.13466248394655608,0.023276597462850573,313.0631840630066,25.587341104189136,33.526590922667246,0.010726310758195452,0.23833658905270702,0.9711233786580569,0.10267654896954719,-0.10986396717078953,0.9886290684625856,0.6621796672538357,-0.7296729533573929,-0.17057394119354627,39.46044548940711,0.15037474851450328,12.332403772513521,228.18789325304448,67.3586730097468,72.5241570411827,34.310126975664446,16.653284147047756,-5.521460586553592,-0.04458070087644374,0.15519053142472006,0.022056768340632006,295.54656626279126,8.070723303973978,33.526590922667246,0.08222112261772356,0.19712268233726385,0.9769249383159606,0.06484828576787549,-0.13567337551549333,0.9886290684625857,0.4153713147865214,-0.8956142816482968,-0.15919085828062468
K13V71Q,2243,39.75435181877343,0.07112995596312129,9.318541136357519,172.4787511696404,121.2727759399795,102.4358568779307,28.73625771315467,27.884009941571634,-6.405360727806081,-0.09978079035042944,0.11914741437195915,0.003844959692032476,293.7515271096199,36.18738398755056,36.92662652456164,-0.08405642822292939,0.13839663139376077,0.986803369113251,0.02864908958164363,-0.06510530163864177,0.9974670567816686,0.40424746822532515,-0.9144040501945434,0.021194749850607666,39.75435181877344,0.07112995596312133,7.793574241009024,169.72266989482884,106.4160658969915,102.4358568779302,35.979784578511115,17.900819992780843,-5.4161710739062405,-0.059211236587527194,0.14372272444809991,0.002214526699877697,276.13873579182035,18.574592669750587,36.926626524561655,-0.03832323570981962,0.13007651128297962,0.9907630548305576,0.007606373326562083,-0.0707220879226041,0.9974670567816686,0.10851709576287899,-0.9938001359938409,0.0241935864603327,39.47029845542545,0.07207063112583764,9.317747841692906,166.7038392138444,121.3369774246371,108.3413090889188,28.72727277793453,27.883618936363007,-6.405148234831558,-0.0996196135747505,0.11855520027847777,0.003844325124352274,288.0408166384815,36.38212572740031,36.62564913501776,-0.08420434695054663,0.13829068720189064,0.9868056109426318,0.0223198733178859,-0.06852736041866841,0.9973995308446477,0.31228627594973624,-0.9492579794409257,0.03723667978185675,39.47029845542542,0.072070631125838,7.793282874668792,163.93496906595112,106.49291894425112,108.34130908891905,35.971098714861554,17.90316139256599,-5.416197887240219,-0.059236456354404166,0.1431094886997995,0.0022131968211259105,270.42788801020225,18.7691970991213,36.625649135017724,-0.03849624747631292,0.13002015881445705,0.9907637444073667,0.0005382224058941653,-0.0720686213793382,0.9973995308446477,0.009918753420848803,-0.9992464930355404,0.03752418535758173
K13V71R,2244,39.73224352296679,0.2102678545782705,16.18115669246151,274.6322056934772,75.14407784594586,40.39025596555935,21.815654355771905,26.154366394888108,-4.1728619674666065,-0.11121778325956877,0.13795047265931695,0.04145639095890757,349.77628353942305,30.16653950498238,31.37782991981118,0.0714493524381495,0.26936016243234556,0.9603853877119276,0.2069292684545457,-0.037320885919485604,0.977643815165345,0.945956854540644,-0.1673685272235375,-0.27776501839251594,39.73224352296678,0.21026785457827035,14.87226288287701,277.9328631663754,54.38123379051996,40.39025596556027,28.801198670050514,18.34253138344469,-3.38067021516716,-0.06546818618847135,0.16510222050426462,0.03966779491214496,332.31409695689536,12.704352922455655,31.37782991981118,0.1494789012968238,0.2086455072487206,0.9665004450966479,0.18619386062379176,-0.09769553180650926,0.977643815165345,0.8585364416808154,-0.4453011095695053,-0.25420877270899017,39.39349166140389,0.204786853028762,16.2016758913961,273.4211339905644,75.12298382355289,41.80523133528852,21.806669420551863,26.15397538967936,-4.1726494744921006,-0.11104894089375511,0.13734565590539477,0.041430547508197406,348.54411781411727,30.349349149405782,31.326222474250212,0.0716368157224959,0.2696662334132299,0.9602855248257481,0.2007070745239319,-0.04067339928587984,0.9788065921450346,0.9417631188020636,-0.18843500603207458,-0.2785219498816967,39.393491661403885,0.2047868530287621,14.893086596517099,276.7191868935704,54.36296828386246,41.80523133528933,28.79251280640101,18.344872783229697,-3.380697028501154,-0.0654892122646187,0.1644746552503552,0.039641362158398794,331.08215517743287,12.887386512722173,31.3262224742502,0.14975006386243353,0.20888331341572794,0.9664070983543446,0.17925279246922804,-0.09902571163797647,0.9788065921450346,0.8481997181883445,-0.4641166100893833,-0.2552508771862545
K13V71S,2245,39.91077557509173,0.2205894976232025,13.62790672485893,278.4597791976342,111.7965594263219,17.94405240428834,15.880908104971622,26.88789962153958,-5.995411645850577,-0.15394269715987657,0.11644182478122345,0.024171568253445554,30.256338623956083,48.200391028244425,31.106877641229865,-0.08748687863028436,0.21877089942492958,0.9718463559803768,0.19054074496433038,0.11114832868781643,0.9753667379700536,0.8379233093050208,0.4935294955425604,-0.23305184992363498,39.91077557509173,0.2205894976232028,12.054020420420256,277.90432160552825,94.75580555214715,17.944052404288392,23.41755999103459,20.834544574170437,-5.3522878802381095,-0.11220028355713713,0.15750457463375622,0.021088447505853362,12.66012715767539,30.604179561963782,31.106877641229854,-0.0173142426034538,0.2081148367016402,0.9779511397548031,0.21522637165453012,0.0483459967948025,0.9753667379700536,0.9539231159610772,0.21735657973164335,-0.2068497185941303,39.58186360375871,0.2140447342238909,13.62669514323317,278.2419011290409,111.8262964663779,18.34631942923163,15.871923169751536,26.887508616330884,-5.995199152876058,-0.1537452186236038,0.11585142409630518,0.0241573098729946,30.068197595418837,48.414517024650465,31.10957412860588,-0.08759277030090679,0.21870638583830185,0.9718513381091577,0.18524066031496492,0.10724292990706603,0.9768238591225257,0.8395687091776362,0.49067304137733214,-0.23316163714324148,39.58186360375869,0.2140447342238907,12.052877059532152,277.6824787425915,94.78941114968183,18.34631942923173,23.408874127385065,20.836885973955503,-5.352314693572091,-0.11218998766715295,0.15688210166587774,0.02107446747139392,12.471889892273339,30.81820932150507,31.10957412860587,-0.017434675447130465,0.2080851982936382,0.9779553069251941,0.20899372326140692,0.046225229975744415,0.9768238591225257,0.9546315376049526,0.2141365318661057,-0.2069400230268675
K13V71T,2246,39.66863817131535,0.2884705591327336,11.19148259769349,329.9590003662865,128.6094524503273,337.1888922964566,15.825286834949633,24.769513840594378,-5.50471409097555,-0.18511970822653234,0.08407769161072037,0.018239986814775958,98.56845281661379,75.75734511307036,28.22540393800191,-0.12111289242470619,0.1516641758776167,0.9809840187505018,-0.04297949092478554,0.2852508139273195,0.9574887657375662,-0.15642982657388665,0.9828981464603145,-0.09716451534867104,39.668638171315386,0.28847055913273456,9.734189849357755,326.60725792264304,114.3233913879569,-22.811107703544007,22.7113666455744,18.831923915592093,-4.880867060149518,-0.15151885834359843,0.13607022085727413,0.014070973014409857,80.93064931059996,58.11954160705595,28.2254039380019,-0.06964074269638805,0.15406940902711747,0.9856027517000601,0.04547156981665061,0.2848641778545733,0.957488765737566,0.15040932286252673,0.984234528522606,-0.0930560500984206,39.37509671433781,0.2848573602936192,11.18941576229414,330.9145486856686,128.6788162386782,336.3861286754882,15.81630189972947,24.769122835385694,-5.504501598001021,-0.18490133344678467,0.08350898283222434,0.018229704048589968,99.59336492434682,75.979493599835,28.158810602985582,-0.12127429689389325,0.15148981683723095,0.980991019483621,-0.04747277900975933,0.2808737277969218,0.9585699162223646,-0.1738682833260181,0.9802404411554163,-0.09433184815690931,39.375096714337786,0.2848573602936191,9.73291488503829,327.55180411122376,114.40359306191539,-23.61387132451249,22.7026807819248,18.834265315377195,-4.880893873483491,-0.15148220936575515,0.1354621141631312,0.014061696408872464,81.95539717313915,58.34152584862666,28.15881060298557,-0.06984727672457017,0.1539518036296042,0.9856065138245349,0.03986406387759412,0.28205420068598835,0.9585699162223648,0.1329112710167974,0.9869687311736526,-0.09070456285198478
K13V71Y,2251,39.79170648996189,0.1621468141171819,10.5943059249335,326.36508408329,63.80491275389537,359.5689902183163,28.712207697371642,16.590974704696162,-3.448984312619575,-0.08999434038250648,0.16109487023964753,0.0284048639417555,30.16999683718541,29.738987055501696,33.33960805432858,0.08115832431196052,0.16497119935388085,0.982953625446601,0.14018209727470504,0.08148968604686777,0.9867666444867541,0.856065847576664,0.5067352554578081,-0.10183636623995322,39.79170648996188,0.16214681411718213,9.516598607197938,332.9852573695453,39.70355063576894,-0.43100978168393145,32.46535163207045,7.142619019122181,-2.5555316963922774,-0.037895606944953676,0.18075429103950308,0.027371226845743415,12.688808005314229,12.257798223630298,33.339608054328565,0.1272008427199188,0.10561749082202777,0.9862377458015898,0.15818677859851255,0.03561646255563836,0.986766644486754,0.9715841778239642,0.22446497859594156,-0.0750976616550405,39.41129711743645,0.1542714786561766,10.61053670756446,326.7945573193082,63.75896427644604,359.2881880312599,28.703222762151537,16.59058369948744,-3.4487718196450534,-0.08983972292840078,0.16047454106325823,0.028387768214991387,30.553521595754205,29.841709627014097,33.33125803537161,0.08141371091508562,0.16515580958990653,0.9829015038312524,0.13285160564305099,0.07842282833988083,0.9880284969945132,0.8527558340573158,0.5124832317419492,-0.10083860701407611,39.41129711743643,0.15427147865617674,9.533695467548911,333.40846884590815,39.66410452905785,-0.7118119687425262,32.4566657684209,7.14496041890723,-2.555558509726257,-0.037935113411279586,0.18011623505971563,0.027353035808295064,13.072573374965998,12.360761406223471,33.3312580353716,0.12750006502666045,0.1057177288636547,0.9861883670081026,0.15027343304851576,0.03489390271346053,0.9880284969945132,0.9701381754554625,0.2309443080656325,-0.07413937615081934
K13V72C,2255,39.77922478039911,0.2576279197090272,13.33129350046723,331.6849465635848,103.4467141076963,345.6337252026487,18.61064454573745,22.998644308936193,-5.5565362523630935,-0.1634962877216977,0.1165872922480897,0.03125662097256849,75.13166067128111,60.7653858739298,29.530985852587104,-0.05361957679301019,0.22426021469933957,0.9730530803031994,0.06610700241302289,0.2490020265892741,0.9662442004930218,0.24416768380441756,0.9635458084916769,-0.10936917812485729,39.779224780399076,0.25762791970902665,11.757243244487954,332.2436305084211,85.31894397731419,-14.366274797351455,24.832287277014718,16.30239155364964,-4.874255205042223,-0.12145537644366469,0.1605291625232344,0.027921115301096585,57.5625744857353,43.196299688383846,29.5309858525871,0.016629096399473506,0.20308584357631043,0.9790197205837252,0.13818599838003243,0.217432230511749,0.9662442004930221,0.5266399987458724,0.8447751281260594,-0.0948962308026374,39.43697920259921,0.2521489628431369,13.33314005498935,332.6098140911532,103.4612141406014,344.8890269960502,18.601659610517345,22.998253303727502,-5.556323759388565,-0.16329240593676156,0.1159967940642932,0.031237613869209625,76.07102823175461,60.96005522780479,29.49298579899746,-0.05368362952590738,0.22427713618557243,0.9730456485208303,0.06069701017964771,0.24473449372354805,0.9676884315404056,0.22865923373558755,0.967708258865519,-0.10609279217232168,39.43697920259919,0.2521489628431368,11.759057167958385,333.1664578835969,85.3354395116377,-15.110973003949798,24.82360141336517,16.304732953434723,-4.874282018376197,-0.12143887737166519,0.15990466233969966,0.027902555703524807,58.50189739523455,43.390924391284756,29.49298579899745,0.016573147561051226,0.20312151466304287,0.979013269093382,0.1317403514660877,0.21499669592452175,0.9676884315404057,0.513028295304435,0.8534278638665855,-0.0919937464893251
K13V72F,2258,39.60324270926012,0.09401182340588421,26.54102464713026,65.8694111848558,188.4270714292354,143.0062531265476,31.487627609094588,26.69358408450111,-10.884006851228321,-0.09292044256237139,0.09923246753063031,-0.05583072304168475,254.29648261409122,37.30273574063881,35.880069649376786,-0.4420140596827737,-0.06548437177218336,0.8946146478212593,-0.025445197355055803,-0.09050284455011023,0.9955710808676098,-0.2847542324644431,-0.8675371656031967,0.4077919731808823,39.603242709260115,0.09401182340588465,26.332650179058305,62.354002932732605,173.99268809735267,143.00625312654756,38.36554867539805,15.93488202265327,-9.830764905271424,-0.057043348356295785,0.12266578059201068,-0.057424067895063394,236.34669103008528,19.352944156632816,35.880069649376765,-0.44114607513575904,0.046423241185552765,0.8962337993348294,-0.05209818186273504,-0.07825600543534424,0.9955710808676097,-0.5445464187285336,-0.7409914114797997,0.3929388323430281,39.36066275134537,0.09867727276897013,26.61491853444991,63.05886376561345,188.5438361058259,145.8923622249156,31.478642673874454,26.693193079292428,-10.883794358253805,-0.09276386390218842,0.09865360133560874,-0.05579136026666652,251.60269987143937,37.49506209635496,35.47665989666343,-0.4430202946238284,-0.06655638485550021,0.8940376201180702,-0.031142973966134288,-0.09363396463712523,0.9951194882218307,-0.3296382509334522,-0.8554766394205009,0.3993724363640293,39.360662751345345,0.09867727276897031,26.409604877271516,59.55183253841777,174.09989300011512,145.8923622249156,38.35686281174848,15.937223422438361,-9.83079171860541,-0.05707002113995515,0.12206665816024102,-0.057385425289265476,233.6517255385329,19.544087763448488,35.47665989666339,-0.4424291325240803,0.045721438338001005,0.8956372104654284,-0.05848523035816008,-0.07947755652430893,0.9951194882218307,-0.5834436003501327,-0.7159358974031055,0.3834440715672689
K13WC3J,2262,39.8693138748164,0.2327507171704454,9.178422579585853,277.5778220093533,85.16056772847158,27.61258898003186,21.896019001414956,23.52568257441829,-3.2046206864109714,-0.11862626028721679,0.14940689477156047,0.021135700926720073,2.738389737824889,30.350978717856748,30.589702477359292,0.013456794445464559,0.15894077814377477,0.9871964058515934,0.23248493636517892,0.011119833930206657,0.9725364279329816,0.9862115578798024,0.048846447925069064,-0.15811637369164708,39.86931387481637,0.23275071717044526,7.742319023462899,282.05152023257267,63.152785925828425,27.61258898003205,28.057342323681326,15.812373781267217,-2.4325623485616763,-0.06850864575921627,0.17826136799594391,0.019255592048215003,345.2043061584011,12.816895138433154,30.589702477359275,0.06084043167547412,0.12019736709751686,0.990883966373645,0.22503330489124704,-0.059438270778006834,0.9725364279329816,0.9588883909805012,-0.25134691134511555,-0.1317489423111093,39.49668233629455,0.2261629039799101,9.185625852735182,276.7944880565421,85.14195346796063,28.57590585540405,21.887034066194847,23.52529156920958,-3.2044081934364455,-0.11845245242488987,0.14879439940517267,0.021123477321914594,1.9364415245026976,30.512347379906746,30.56399796154615,0.013518940973708156,0.15906006194908445,0.9871763443922786,0.2260337482894849,0.0076422359837827894,0.9740894932517105,0.986741077063332,0.034869220861169725,-0.1585124104681722,39.496682336294484,0.22616290397990946,7.749732022697037,281.267450423683,63.134983595685796,28.57590585540422,28.048656460031772,15.814715181052275,-2.4325891618956517,-0.06852763398178861,0.17762498288597686,0.019242840476413996,344.4024340193688,12.978339874773042,30.56399796154613,0.06093570779118507,0.12029282204611874,0.9908665280854774,0.21783422663594637,-0.06081043366516059,0.9740894932517105,0.9551833016468014,-0.26483112881788295,-0.132247243692114
K14F62B,2278,39.25913421185855,0.1790618335492133,6.055293852488592,350.5698642472208,187.8596938458853,21.41390407750076,-28.748550298209118,-16.01994105289884,1.2663995819599874,0.07829924376166998,-0.169598117686417,0.018957793656201514,178.42955809310604,199.8434621706068,32.22932165632851,-0.10449722167775292,-0.014425268429014848,0.9944205560487883,-0.17899457549039677,0.004907359678973403,0.9838378218822419,-0.9994993766885176,0.026500374725289766,-0.0172836957472687,39.25913421185851,0.17906183354921268,5.993417630831165,335.4960151663121,185.26887587203422,21.413904077500696,-32.26742250483086,-6.587283722498567,0.3775732276552961,0.02287859277791787,-0.18532748286079928,0.01959553841359378,160.76489103834626,182.17879511584695,32.2293216563285,-0.1039730295523662,-0.009588323065725518,0.9945338974547273,-0.16906564837627153,0.05899107367319961,0.9838378218822419,-0.9439664871102454,0.32718774502081927,-0.04330647435354345,39.50161200018764,0.1837297391659949,6.040378336547059,351.1158284578277,187.7988918798963,20.84781471640659,-28.75753523342923,-16.020332058107545,1.2666120749345122,0.0783410632409455,-0.16999680145951734,0.018947029783391932,178.91472033772402,199.7625350541306,32.24399113075683,-0.1042559893674203,-0.014279239911191347,0.9944479835509643,-0.1836967801268562,0.0034799461245782026,0.9829767967485272,-0.9997042598705566,0.01809106241887054,-0.01625134632020753,39.501612000187585,0.1837297391659941,5.977348590081836,336.00346423491925,185.24680714751506,20.847814716406486,-32.27610836848041,-6.5849423227135,0.3775464143213192,0.022798352693102996,-0.1857201742717105,0.019582558994357215,161.25027138243433,182.0980860988408,32.24399113075682,-0.10369895493576799,-0.009522767910874728,0.994563142106395,-0.17397950542777532,0.05905716506158188,0.9829767967485274,-0.9467294582907262,0.31923317545345414,-0.04234988187058191
K14G54J,2298,39.36285268955756,0.272749177367943,17.29249078499225,38.03293389874724,233.1014556488373,347.7209539802578,-10.695162805736974,-26.942424844810443,2.373300242772974,0.1928344890044991,-0.05309345749040154,0.057932902368753966,271.13438954758453,258.85534352784225,28.626666999625215,-0.1784687167261825,-0.23771059110325007,0.9547997654102419,0.005399762510998124,-0.2726957211246896,0.9620851761902947,-0.002472913538484778,-0.9830837654167432,0.18313982328447423,39.362852689557535,0.2727491773679429,18.25357125930186,33.927622206862544,219.42875590707848,-12.279046019742266,-18.392625304376995,-22.453014873849412,1.8672909492933831,0.16612793232855125,-0.10886391159727268,0.06253347428985882,253.35637811394102,241.07733209419877,28.626666999625197,-0.24193811735388224,-0.19893364629602373,0.9496796047839648,-0.0781202463768875,-0.26132229308060184,0.9620851761902947,-0.3042558855383303,-0.9364106769738567,0.17482391187892435,39.42774966351414,0.273287495377846,17.26434552800709,37.48881857404015,233.058746039446,348.0593945681965,-10.704147740956985,-26.942815850019187,2.373512735747533,0.19279954178006603,-0.05357022795822129,0.05789601561458841,270.54756461348614,258.60695918168267,28.652638709587652,-0.1783639592321827,-0.23720259340041042,0.9549456674236183,0.0026117156479411145,-0.27327501545379246,0.9619324014036037,-0.012359124515281872,-0.9834748090418667,0.18062267859070105,39.427749663514106,0.2732874953778457,18.224589282808434,33.37499935972362,219.39477388971497,-11.940605431803466,-18.401311168026467,-22.45067347406441,1.8672641359594429,0.16595168005480357,-0.1093078523533719,0.062491715923196155,252.76977324943857,240.8291678176351,28.652638709587638,-0.24168479952937372,-0.19848521658991514,0.9498379211590264,-0.08095102793082806,-0.26102296107208334,0.9619324014036038,-0.3137254044143369,-0.9337970594965461,0.17204482642806948
K14G54K,2299,39.3516050573208,0.3244816101516605,24.04892549775752,13.21856318952686,234.1936985004857,1.173233823483177,-9.666826974252572,-24.5959818077693,2.9229570122620956,0.19352712379945025,-0.06813168555213185,0.08782718584195563,247.41226169001257,248.58549551349574,26.58273288626912,-0.23841630187018978,-0.33049573519098824,0.9131978077191769,-0.12463265330573824,-0.2995914168606735,0.9458920047623754,-0.4001950542822046,-0.911679997452059,0.09318530342214519,39.351605057320796,0.32448161015166055,25.020635812945027,10.22138276318164,219.33809565422087,1.1732338234829323,-16.719308256284847,-20.52682526541207,2.4632739369289403,0.1614233971320011,-0.12340883738941782,0.09230944972068797,229.55947841740252,230.73271224088546,26.582732886269117,-0.32711339112675814,-0.268102608401555,0.9061555168478725,-0.21047769789672874,-0.2469563807936689,0.9458920047623754,-0.6592145159750964,-0.7482000809541958,0.07505238695640759,39.4298742846687,0.3257810197903719,24.01318274101833,12.85723275220652,234.1522355199421,1.353406190955312,-9.675811909472523,-24.596372812978046,2.923169505236675,0.1934917123398384,-0.06859837671907326,0.08777026258638733,247.00946827214864,248.36287446310396,26.58436963000317,-0.23832173815633437,-0.3298612826348887,0.9134518505868876,-0.12724322734109506,-0.2999040412389888,0.9454452533829473,-0.4061898134080334,-0.9092907466515091,0.09055480957678635,39.42987428466866,0.3257810197903712,24.98405833513532,9.854328538852549,219.30262646893263,1.353406190954747,-16.727994119934266,-20.524483865627094,2.4632471235950213,0.16125029805060745,-0.1238430294781402,0.09224773414802559,229.15695500778517,230.51036119873993,26.584369630003167,-0.32683159181444693,-0.26753357826161284,0.9064253389521788,-0.21305724648170263,-0.24645462579811572,0.9454452533829475,-0.6641331196300981,-0.7441115707758378,0.07228533494360354
K14HY4J,2306,39.29409119920544,0.3035063448445268,18.39395993947214,54.3961229513428,153.1629491443924,27.86731160584175,-5.085177247510909,-28.121217709916515,9.10760915626949,0.1874610082432214,-0.07787812865506327,-0.005034618709003041,207.5590720957352,235.42638370157692,27.36808520534711,-0.2815625058233621,0.14245606447075201,0.9489092817598394,-0.2690687843124514,-0.14042111902952617,0.952829417387559,-0.8677809218358918,-0.425597081322537,0.2565607063978967,39.29409119920542,0.30350634484452665,17.324480327824876,50.6073053718095,139.18710405863004,27.867311605861488,-13.58822893526769,-25.271384195681097,8.736568714748492,0.15525815745410365,-0.13086753075861068,-0.0007575335145017827,189.79440943043954,217.66172103630103,27.3680852053471,-0.22537629176167118,0.1946281359886729,0.9546336552800413,-0.2990825886579268,-0.0516304805571098,0.9528294173875591,-0.9625097534601124,-0.1435784335243992,0.23013084956353366,39.39382108541226,0.3059702714366805,18.40176475563366,54.35115238921695,153.049292604447,27.78777041025536,-5.09416218272861,-28.12160871512624,9.107821649243949,0.18742966256872937,-0.07833828731482997,-0.005029301781471204,207.40044499366394,235.1882154039193,27.340482954980644,-0.2813945841633975,0.14307289642910115,0.9488662889527145,-0.2716440207718422,-0.1408095628213613,0.9520410668647461,-0.8689796978182817,-0.4231678364747107,0.2565214746428853,39.393821085412235,0.30597027143668054,17.32990042636386,50.57086608247036,139.06519311210468,27.787770410278046,-13.596914798915256,-25.269042795897732,8.736541901414505,0.15508919059530496,-0.13129672369354434,-0.0007568713840260055,189.63605919457504,217.4238296048531,27.340482954980622,-0.2250298842884931,0.19516640712209662,0.9546054811848502,-0.3016533018799901,-0.051216134839867894,0.9520410668647461,-0.9629174729266294,-0.14090055194405188,0.23008036594732625
K14J80O,2308,39.01946917538059,0.2864935498359837,15.7253514223262,346.4423768224186,196.5494310446063,46.43389646139355,-6.4880160607371025,-31.914996538495497,8.093533834844658,0.16543389824914265,-0.07412062952803235,0.033273282074549,182.99180786702493,229.42570432841848,27.84064293861006,-0.25979893329879833,-0.07719981626891391,0.9625719207544196,-0.2861030612836865,-0.0149530071131656,0.9580821707465267,-0.9961377973283208,-0.06060371197312961,-0.06353486309861224,39.01946917538058,0.2864935498359835,15.774061820557456,340.6267038004419,184.5647473530714,46.43389646225277,-16.042663600063307,-28.464166772797707,7.654462811843828,0.13434728031049278,-0.12063169381277775,0.03698859868373123,165.1914511535133,211.62534761576606,27.84064293861006,-0.27098233484691675,-0.021634921357678357,0.9623411579989503,-0.27697774219127935,0.07322488940411151,0.9580821707465267,-0.9657910607388808,0.24313738832461815,-0.0901767009573497,39.11990798596343,0.2891165357547059,15.70614370591673,346.6332640081796,196.3997468831208,46.13270551041248,-6.497000995877707,-31.915387543741744,8.0937463278351,0.165417316140505,-0.07458330663333444,0.0332529233135689,183.03301089130036,229.16571640171284,27.80969571001883,-0.2596901529946297,-0.0764297218390747,0.9626627249754857,-0.28871154585478864,-0.015297533688160527,0.9572939092844986,-0.996162152240818,-0.06119187307193147,-0.06258211496018612,39.11990798596337,0.28911653575470564,15.750841974487813,340.80950143056515,184.4234344403959,46.13270551138107,-16.051349463648872,-28.461825373072443,7.654435998527539,0.13419232886790408,-0.12106774726841962,0.036963961648424595,165.232935870961,211.36564138234206,27.809695710018797,-0.2706460088557145,-0.020936430750825658,0.9624512474706906,-0.2795670365686502,0.07369289864718989,0.9572939092844986,-0.9660181196063978,0.24258406101099822,-0.08922984890456517
K14J80T,2309,39.63110310167433,0.2196386791565955,14.48135590685239,151.2717985208282,146.2041329303651,342.7821990821084,0.6070841850550011,-30.864999867317998,6.537313741386333,0.1923851867246082,0.014012971799357121,-0.030645500561753407,297.47593145119333,280.2581305333017,30.926579962903723,-0.2078101276464431,0.1390950482758995,0.9682290629766771,0.10133600668057438,-0.19486447375468027,0.975581288575353,0.4698701611369666,-0.8745142594300032,0.12019501539878472,39.631103101674306,0.21963867915659552,13.283757731617948,146.97981272541037,132.78871632307704,-17.217800917891772,-8.92165481007555,-29.606485848217066,6.293910560198707,0.1884037107302368,-0.04475672562311753,-0.02546463133380501,279.7685290484874,262.5507281305956,30.926579962903705,-0.15608463937344744,0.16862267810989293,0.9732440484167927,0.03726570303792477,-0.21645419090131543,0.975581288575353,0.18036812576079436,-0.9755969302007655,0.1252116967075399,39.58631972453693,0.2179618762517045,14.49485332581471,150.7361958145349,146.1098427793835,343.114235634371,0.5980992498350233,-30.865390872526714,6.537526234360845,0.19235054064289236,0.013491223566280006,-0.03062301806239065,296.8460385939184,279.96027422828945,30.958011203477,-0.2077702748798112,0.13956402708531973,0.9681701272091057,0.09843040852664123,-0.19447065119560292,0.9759572841578861,0.46027059433656903,-0.8793072199422813,0.12235110521134777,39.58631972453691,0.21796187625170427,13.295454576444879,146.4567806404119,132.6819961109684,-16.885764365628823,-8.930340673724979,-29.60414444843205,6.293883746864722,0.18821252822189766,-0.045243633915897946,-0.025447409388450987,279.1387767513803,262.2530123857515,30.958011203476993,-0.15590498085931365,0.16905916791321937,0.9731971201600151,0.034618077225478404,-0.21519518635037835,0.9759572841578861,0.16971379709799417,-0.977266176645583,0.12707496629590365
K14J92Q,2313,39.34644835032714,0.3363571992623975,24.14495313666555,74.31464238325698,160.5027607971298,17.02792380099279,0.7913070215700664,-25.24905837665112,10.55082704450239,0.21461656766530163,-0.03598062472609176,-0.01690550814840261,234.8174031803868,251.8453269813796,26.11198718228852,-0.3855908063245596,0.13652395668759634,0.9125135282988079,-0.1938036660000235,-0.2749114485440639,0.9417344819556921,-0.5480718452556542,-0.7379212657200521,0.393813989132152,39.34644835032714,0.3363571992623977,23.225245988342536,71.11953646754515,145.84657905054559,17.02792380099318,-7.160876844423925,-24.308550018429727,10.357475843728455,0.1941137776208734,-0.0991303840194599,-0.011562049116789987,216.96611551809073,233.99403931908392,26.111987182288512,-0.3263367213504619,0.22139059364488647,0.9189616691373997,-0.2687464695887205,-0.20226591551530185,0.9417344819556921,-0.7559433532569281,-0.5378886039998683,0.3731293292596337,39.36836888655609,0.3374034546362231,24.15879430185477,74.0574172829776,160.3897734082898,17.15767503632152,0.7823220863500229,-25.249449381859847,10.551039537476912,0.21456702110618167,-0.03646886498873034,-0.01689223481364526,234.4471906912674,251.6048657275889,26.085345220838864,-0.3855284734350202,0.13735805637950396,0.9124146867069315,-0.1961842766240815,-0.2745046826666965,0.9413601376729005,-0.5531883396057006,-0.7342481488598487,0.39352549703948475,39.36836888655609,0.33740345463622323,23.23649152963155,70.86854418670173,145.72760307436596,17.15767503632202,-7.169562708073422,-24.306208618644703,10.357449030394479,0.1939187679673421,-0.09958084862615232,-0.011554145311084455,216.5961472610677,233.75382229738972,26.08534522083886,-0.3260253384287126,0.22216932636838668,0.9188842522992005,-0.270886916117489,-0.2011501177648535,0.9413601376729004,-0.759701882873872,-0.5328415085252174,0.37273714055680623
K14KA1X,2317,39.4851164759027,0.2356752784496639,3.999149403916197,86.62837768576284,129.528157117802,28.85927676453015,-4.289785100176939,-31.720680862068733,1.6427632967292205,0.18481528559461952,-0.0534716005270624,-0.007586687412049524,216.15653480356485,245.015811568095,30.179450655826923,-0.04438759452368744,0.05379257548626434,0.9975650857337356,-0.19028613344052744,-0.13904684208057513,0.9718318594940554,-0.8055332921901702,-0.5884462923054553,0.06962094688546282,39.4851164759027,0.23567527844966418,2.6024935767832784,73.52212294150776,125.03144947156355,28.859276764530346,-13.71152626427767,-28.942962943389915,1.2654901696875749,0.16017714279756814,-0.10680197549314234,-0.0031750014495036984,198.55357241307132,227.41284917760166,30.17945065582691,-0.02606449022547809,0.03718049703059969,0.9989685945963684,-0.22342642258651854,-0.07498980305693032,0.9718318594940553,-0.9472166894640881,-0.3176234769508095,0.04354159035189239,39.55269108567543,0.2379814199218524,4.001926671974428,86.32818059842933,129.4741295063844,28.94019476184669,-4.298770035397066,-31.721071867277402,1.642975789703746,0.1847857132031544,-0.05394811754630996,-0.007579659972595816,215.80231010481373,244.74250486666043,30.139885499375996,-0.044367590873237925,0.053871732577171996,0.9975617040109542,-0.19301250637246142,-0.13921684025950878,0.9712697070185906,-0.8091619478384038,-0.583443460429649,0.06964675622192891,39.55269108567539,0.23798141992185218,2.6043453139431705,73.2626032364809,124.93677840807682,28.94019476184699,-13.720212127927228,-28.94062154360481,1.2654633563535984,0.1600048790122176,-0.10724729825211507,-0.0031727190226312225,198.19938164455772,227.1395764064047,30.13988549937598,-0.026021509567749478,0.037249980374873266,0.9989671265872001,-0.2260764998882607,-0.07432746750895124,0.9712697070185907,-0.9491645608314008,-0.3117582271370034,0.04351372512353702
K14KA2C,2320,39.37661928999513,0.2678951949521595,12.57304366615183,137.50556110211,162.9713442912302,343.7461841806931,1.1124142759652091,-28.939699363379653,6.098862239931885,0.2029126807732898,0.025620321916970057,-0.01871690393325258,300.4769053933402,284.22308957403334,28.82781218874492,-0.20814045543424523,0.0637487695577756,0.9760192852559291,0.13587403688805347,-0.23088109835627393,0.9634480601057561,0.5119350182373905,-0.8463444558393379,0.14704964866431192,39.37661928999511,0.2678951949521591,11.74725117939564,131.1112364941724,151.64027573740842,-16.25381581930691,-7.846667905994455,-27.923776738947517,5.88491977789715,0.20161193372829359,-0.03687173804620565,-0.013167479575413747,282.7515122315808,266.4976964122739,28.827812188744925,-0.17915988296404078,0.09670869082540963,0.979055241268411,0.05913067868404039,-0.26128796052788217,0.9634480601057561,0.2282190071585708,-0.9614499257455638,0.15339532279507784,39.30834126287849,0.2659105562212643,12.58120106839541,137.1542073302398,162.849278965891,343.9356479318664,1.1034293407451479,-28.940090368588343,6.099074732906404,0.20287097868872783,0.0250907939126489,-0.01870241651908033,300.0034862961308,283.9391342279972,28.8558383735312,-0.2081369481447084,0.06423303223327664,0.9759882829148748,0.1329692901136731,-0.23027720641993205,0.9639977054381913,0.5048677835617147,-0.8503924462322145,0.1481256510961954,39.3083412628785,0.2659105562212647,11.752400503121727,130.77210767749548,151.5061031219495,-16.064352068133687,-7.8553537696439575,-27.92143533916245,5.88489296456317,0.20141189847127208,-0.03736393121443055,-0.013158499737574205,282.278210799445,266.2138587313113,28.85583837353119,-0.1790102551009373,0.09716995034098365,0.979036939711382,0.05654822165535007,-0.2598282558489738,0.9639977054381912,0.22023250211673323,-0.9631739626231428,0.15425162150277566
K14KA2D,2321,39.47431132128919,0.2223112328660968,7.283563344227515,58.75203947799062,197.679675700026,10.58804705757683,1.766910244533296,-30.658678527883172,3.8020370238081007,0.19809373977722677,0.0016490851765645284,0.007488328637227253,256.4317151780166,267.0197622355934,30.69872850491327,-0.12079214031146263,-0.03850248246791484,0.9919308532769731,-0.052155118564150046,-0.21610675108844557,0.9749757513607998,-0.2366991217889432,-0.9655182765141579,0.10838811494565893,39.474311321289214,0.2223112328660971,7.45440885789469,46.4917889884999,192.25706931636347,10.588047057576606,-7.678773008440192,-29.760159397137716,3.5918496851253026,0.18905950273440564,-0.05826743695093472,0.01270175198995939,238.74885830486338,249.33690536243998,30.698728504913273,-0.12677987205964927,-0.02754298886126347,0.9915484092091154,-0.11533290970725342,-0.1900542138362172,0.9749757513607997,-0.5200916249935288,-0.8489115274561715,0.09409527173891609,39.44796101222914,0.2223395169669049,7.279943416339613,58.14368359979565,197.5366296919982,11.05002659599343,1.7579253093131637,-30.65906953309186,3.802249516782625,0.1980552675649617,0.001135623779726827,0.007485252118829355,255.68031329179385,266.7303398877873,30.677120415440818,-0.12082813248659387,-0.03818190677868702,0.9919388612180419,-0.05499166626770612,-0.21543160735179467,0.974969301667967,-0.2493950340384043,-0.9624020956375916,0.10763049432830389,39.447961012229094,0.22233951696690446,7.447019527531511,45.871134158629076,192.12637244302272,11.050026595993462,-7.6874588720897625,-29.75781799735263,3.591822871791325,0.1888678806845927,-0.0587452897536683,0.01269339309830535,237.9975066016518,249.04753319764527,30.677120415440797,-0.126717344398512,-0.027226857646545897,0.9915651329344349,-0.11783019865078367,-0.18854947650681309,0.9749693016679671,-0.5312279962057298,-0.8421057851822235,0.09303043915770837
K14M70F,2330,39.36392171462523,0.2457876718252013,4.755486097983249,185.1140803070383,126.0267256334428,322.0486503815661,-10.650109356880785,-31.103831648538776,2.238419045955076,0.18553905379687866,-0.02720077105836384,-0.01115202663276778,311.1408059404811,273.18945632204714,29.688755042478007,-0.048760810067676644,0.0670477073549894,0.9965575690044122,0.16170660107979054,-0.18510147159996956,0.9693236922611287,0.6576635985549508,-0.7532755005580638,-0.0073899522833920294,39.36392171462519,0.2457876718252009,3.295858277334147,176.39379413008456,117.14391073051866,-37.951349618442705,-19.60256336206335,-26.433625559323602,1.6990120026715019,0.16889785318777997,-0.08197705656081802,-0.0065013471074910735,293.5377048606032,255.5863552421605,29.688755042477997,-0.026229339994466434,0.051159903117821204,0.9983459751190615,0.09815591528820594,-0.22533751555208734,0.9693236922611287,0.3994450536200128,-0.9167500054735782,0.0036161585556271233,39.39775923339863,0.2444811802816378,4.757954726300599,184.5417448811788,125.9692208271497,322.3873430024298,-10.659094292099642,-31.10422265374767,2.2386315389295297,0.18550899630321818,-0.0276948959761847,-0.011142609541648769,310.5109657083285,272.89830871075833,29.76574855556554,-0.04871871245406187,0.06713136283201805,0.9965539961191939,0.15881340240242023,-0.18587455643328277,0.9696540375247747,0.6493727235724643,-0.760441927551201,-0.006568158211666508,39.397759233398574,0.24448118028163712,3.297576776000015,175.85246938107377,117.05544690879712,-37.61265699757765,-19.611249225711763,-26.431284159539096,1.6989851893374852,0.16871974438774584,-0.0824390181037007,-0.006496835213252612,292.9079162898709,255.29525929229325,29.765748555565523,-0.026163938665578083,0.05122700680298663,0.9983442502902046,0.09516459825509588,-0.22519934891302096,0.969654037524775,0.38935786934014127,-0.9210771638947465,0.004160256544489175
K14M70H,2332,39.62163077133616,0.164511538427632,3.28508338911904,90.45164816712418,97.66272941834282,147.3366822068074,43.55919194960318,-12.448658753496165,-2.382625633367138,0.047798715747466566,0.12864280386978486,-0.0037036514957339743,188.114377585467,335.4510597922744,33.103415338132045,-0.007641017960425218,0.05679239545098023,0.9983567692280491,-0.16286449321215107,-0.023220747760902116,0.9863751587120256,-0.9883597629600599,-0.14093055618347433,0.05730233237269482,39.62163077133613,0.16451153842763244,1.7512048013160555,99.38597054957461,71.15383189863452,147.3366822068073,37.815124575315494,-25.025315425634993,-1.3413255283467838,0.08449570494218527,0.10819420900352154,-0.001376311525186471,170.53980244820912,317.8764846550164,33.103415338132,0.009871596042905068,0.02892121255044836,0.999532948459518,-0.1622741847027535,0.02703951284478005,0.9863751587120255,-0.9859639244780405,0.16421355842480004,0.03015040393304432,39.3782102378486,0.1714079708130554,3.284851691736358,89.83026854912497,97.63685828778813,147.7939652776872,43.55020701438305,-12.449049758704973,-2.38241314039261,0.04786097806066711,0.12804422553662673,-0.0036992266426461302,187.4671268369131,335.2610921146003,32.62847112672909,-0.007614836823329365,0.0567918384307507,0.9983570009509672,-0.1699543604166228,-0.02227572296528069,0.9852001357804163,-0.9898911680064915,-0.12973899052927496,0.05729982407642297,39.37821023784859,0.17140797081305537,1.7512064503547302,98.78783912679552,71.10473214996652,147.79396527768733,37.80643871166589,-25.02297402585002,-1.3413523416807593,0.08437416628082443,0.10760478607382172,-0.001375234661686139,169.89257127676206,317.6865365544494,32.62847112672908,0.009896385830223146,0.02891276966287185,0.999532947579979,-0.1687477935669253,0.030081134030212443,0.9852001357804163,-0.9840437378083212,0.17534489667644262,0.030200816044534343
K14N86T,2342,39.63764862607249,0.134173733408552,8.210400732650424,280.2597573745086,6.844330785102007,10.34179870937586,17.564557618667138,-29.27436526644183,-4.4958473040881675,0.1583962975445511,0.08756370229286023,0.009820676618908446,287.10408815961057,297.4458868689864,34.31931732637598,0.14179089121169347,0.01701881651411734,0.9897503235937094,0.0394616384346545,-0.1282395018270181,0.9909578241596414,0.29290657645463436,-0.945758119434588,-0.14052514719144382,39.63764862607247,0.13417373340855154,8.643872849813532,290.6353353088619,338.9977319513836,10.341798709475219,8.021766963253368,-33.212615757142984,-4.276470323741818,0.17710963192589296,0.03562523165670039,0.014705640849311283,269.6330672602455,279.9748659697207,34.31931732637598,0.14030792538108453,-0.05386553896068254,0.9886415881338045,-0.0008592674623970854,-0.13417098194549046,0.9909578241596415,-0.0025944101080762616,-0.9900559800083815,-0.14065001061441235,39.464412213618,0.1310957974544342,8.220026712149078,278.8653406475757,6.689529048433438,11.5878281535379,17.55557268350191,-29.274756271620653,-4.495634811110248,0.15838443235410118,0.08699265703252348,0.009816036855400277,285.5548696960091,297.142697849547,34.29079362340323,0.14200150405106793,0.01665503418345362,0.989726317061228,0.035154790721041586,-0.12629429440625498,0.9913697049485555,0.2669786048078771,-0.9532922507612069,-0.1412668015263008,39.464412213617976,0.13109579745443434,8.65732144667786,289.2193419823671,338.86458060201215,11.587828153719718,8.013081099665044,-33.210274357346016,-4.276497137070712,0.1769260192201206,0.03508444773941084,0.014695938860710606,268.08392258437925,279.671750738099,34.29079362340321,0.1403988090299757,-0.054275130758202256,0.9886062839190051,-0.004383270138523612,-0.1310224982707428,0.9913697049485555,-0.029556328128567066,-0.9894059108109052,-0.14213503129066898
K14Od3V,2344,39.48056716551046,0.1007721696584477,3.551653296615609,103.8505263803331,65.6536313203442,156.8369838562573,37.483172178152174,-21.296080342408292,-2.664507051230823,0.07602765841648032,0.12326260207060831,-0.0011452262179352949,169.5041577006773,326.3411415569346,35.5020247528959,0.025538320713741434,0.05643928274939143,0.9980793563328801,-0.0990860627152545,0.01835707910479271,0.9949095284609194,-0.9815691674325222,0.18139540814295835,0.0601471150636062,39.48056716551045,0.10077216965844793,2.600415317407549,127.78886129425781,24.165622931982277,156.83698385681438,29.36133409025624,-31.62399444727466,-1.8563049190439567,0.10970057923737017,0.09453804760870957,0.00187774490259422,151.95448422624008,308.7914680830545,35.502024752895885,0.04139425024223566,0.01857346913313035,0.998970240943765,-0.08893893375015131,0.04738033601671909,0.9949095284609194,-0.8822412193834896,0.46943035220534046,0.03585491945470227,39.25136679094611,0.1073682238635719,3.551297813019798,103.7965389362906,65.52290814424846,156.7661709092688,37.47418724302603,-21.296471347467076,-2.6642945582577022,0.07607100041446078,0.12266762979245972,-0.0011425161371881208,169.31944708053908,326.0856179898079,35.03701725438464,0.025664457457096702,0.0563752330416944,0.998079740663504,-0.10550815077941819,0.019898884760851453,0.9942193241455236,-0.9809785010713542,0.18456042540485354,0.06015504808557989,39.251366790946065,0.10736822386357237,2.6033784145921315,127.77042235735533,23.999430963630395,156.7661709101189,29.352648226741536,-31.621653047375062,-1.856331732375621,0.10956214712836741,0.09395777765675908,0.0018766407502697105,151.76985332098573,308.53602423110465,35.03701725438458,0.041495146420354755,0.018474335685870123,0.998967893250088,-0.09459727755039017,0.05078671652777562,0.9942193241455236,-0.8807228643365774,0.47226908494816855,0.03590470215715618
K14Qi1M,2359,39.96101530202667,0.2862700539361117,18.26038334555552,312.6046543588621,96.04541700282105,5.354647759405115,13.999316544179836,24.361398685610286,-5.439951820298478,-0.16837478556390592,0.11786684952286175,0.05115074660495908,48.65007136168316,54.00471912108827,28.521373296173707,-0.032999524070618846,0.31159336226519907,0.9496423579450219,0.18912605257726867,0.2148996975733668,0.9581489739176344,0.623796869190234,0.7467851080972235,-0.23062842043573115,39.96101530202668,0.28627005393611205,16.71645791370089,313.7022919899345,77.41604562844871,5.35464776033575,20.846340277251706,18.99445730105162,-4.867481311122884,-0.12626591036779589,0.1632226235895648,0.047690214257349955,31.118337618383237,36.47298537871899,28.521373296173703,0.06266715571588381,0.28072600085713895,0.9577399125217863,0.2450762865088243,0.14794646860141392,0.9581489739176343,0.8262841499478859,0.5234636024938788,-0.207943166295577,39.60692864230229,0.2798595389542114,18.26679895728287,312.8378725113672,96.05078163362148,5.318528376475292,13.990331609133294,24.36100768027876,-5.4397393273765875,-0.1681676339883678,0.11727549372294664,0.05111840555821956,48.888654144988664,54.207182521463956,28.522551853075225,-0.03303990709238,0.31169601160299687,0.9496072666582283,0.1840144909480571,0.21085546866228339,0.9600409566556711,0.6207783068387654,0.7495380953604148,-0.2298411132975937,39.60692864230226,0.2798595389542109,16.72284015675906,313.93459977842537,77.42231544232105,5.318528377182086,20.837654413731915,18.99679870066717,-4.867508124505939,-0.12624618705738877,0.1625963181273813,0.047658404514957925,31.35691522074643,36.67544359792851,28.522551853075218,0.06265966720394678,0.28083697855304757,0.9577078665141504,0.23898390961643318,0.14562984751797275,0.9600409566556714,0.8242173030388139,0.5269998173021678,-0.20721252359571732
K14Qp0T,2374,39.68796101692014,0.2242503989605679,28.6798879885975,251.8247568009128,1.367969040142926,39.7358731461611,23.204707570733785,-21.564461303825617,-12.096037652733855,0.1536877384765057,0.08929156480155717,0.046823989290957935,253.19272584105573,292.92859898721684,30.787919924944333,0.47977879165022813,0.011457166264351048,0.8773146781080537,-0.06484275051171973,-0.2146710486769204,0.9745315585274938,-0.29193610496123784,-0.8407518434234305,-0.4559711047864378,39.68796101692017,0.2242503989605682,29.15679121073309,254.93735394701338,341.06093086703424,39.73587314616352,15.933872174201714,-27.566647625338575,-11.661484806851696,0.17212504822353925,0.03869472024885385,0.051585626629522215,235.99828481404757,275.73415796021106,30.787919924944344,0.46082622249030525,-0.1581272281740135,0.8732897413661282,-0.12540479703834057,-0.18590825240894127,0.9745315585274938,-0.5195053027308478,-0.7132879260113563,-0.4704620867200121,39.50345030193788,0.223443244330795,28.73226703627097,250.7013086690027,1.245552287963864,40.7207455416746,23.195722635513953,-21.564852309034162,-12.095825159759249,0.15367902917553825,0.08871936144933915,0.04679454823297988,251.9468609569666,292.6676064986412,30.676671204212557,0.4806038150698304,0.010449486912868972,0.8768755790667123,-0.06924482007977367,-0.21244302372445917,0.974716941764597,-0.3124249191177461,-0.8345910914233691,-0.45370516861836563,39.50345030193789,0.2234432443307951,29.212282084151173,253.80656833874858,340.9463518079849,40.72074554167754,15.92518631055247,-27.56430622555344,-11.661511620185582,0.1719447764113677,0.0381518790211445,0.05155120600571654,234.75292014673346,275.473665688411,30.67667120421256,0.4613083074823583,-0.15932449627035128,0.872817478248437,-0.12894989359150705,-0.18247961086052983,0.974716941764597,-0.5372316547612406,-0.701225790552422,-0.46868383776980216
K14Qp0Z,2380,39.75691340053883,0.2449082487882525,23.70865455747466,264.6775169243554,71.8562926904411,36.31499084112152,25.691991868424523,19.152307017259243,-8.102523385167277,-0.06610737174563722,0.16858285549693805,0.05064155556556244,336.5338096147965,12.848800455918024,30.020117362386653,0.12521018023142008,0.3820937440175302,0.9156018684718163,0.22465316403856175,-0.09752438778065538,0.9695462596882479,0.8374392855215427,-0.3720394705992515,-0.4003524389602199,39.75691340053877,0.24490824878825201,22.444882438112362,267.09236998793614,52.0521181938764,36.31499084112685,30.488952269144725,10.49663177219138,-7.265308419232391,-0.013484729301024054,0.18067677079304575,0.05028913886907023,319.14448818181256,355.45947902293943,30.02011736238663,0.23478239652677582,0.301071861551709,0.9242472399000888,0.18523920096947086,-0.16020764260396672,0.969546259688248,0.6967021402919534,-0.60762995677771,-0.38130298102549565,39.37293645511743,0.2392626730189813,23.73795068839238,263.4813190424262,71.81767292118086,37.65362146807148,25.68300693320459,19.1519160120502,-8.102310892192861,-0.06596876441871818,0.16795750753402328,0.05060955580193369,335.2989919636071,12.952613431678571,29.95246243425954,0.12561376817067452,0.38245399433063376,0.915396156571846,0.2173703359775946,-0.09998381737649152,0.9709548770668037,0.8286410535970351,-0.3916537933527158,-0.3999516351335796,39.37293645511743,0.2392626730189813,22.474807121535097,265.89538223860507,52.014714538968676,37.65362146807638,30.480266405495243,10.498973171976072,-7.265335232566475,-0.013540597042058101,0.18003876677083547,0.05025558721002252,317.91009677757376,355.56371824565014,29.95246243425954,0.2352759535019501,0.30129895111434185,0.9240477085957984,0.17755538770272622,-0.16037677823775653,0.9709548770668038,0.6823842921125737,-0.6236702301229468,-0.3812966324745239
K14R74N,2405,39.67670033173864,0.293282014078302,24.36223402444414,317.0319813808477,115.2405350065037,349.3360581464901,15.443553243622,21.461291270619075,-10.469598512965742,-0.16843496002410802,0.12114455061997526,0.045597433332727616,72.2725163873514,61.60857453384148,28.040237746465095,-0.17589970664806376,0.3731204929178361,0.9109557568652147,0.08930143992198883,0.2793556740245037,0.9560259725646447,0.24959283067629678,0.9266354332648263,-0.2811586610672008,39.676700331738616,0.2932820140783017,22.798524157917615,316.48910946755,98.15575275577439,-10.663941853509895,21.485429986636618,15.793562192866633,-9.881424207219435,-0.12518051679610817,0.16636537977165983,0.04216470630588844,54.64486222332437,43.98092036981447,28.040237746465095,-0.054971346526808906,0.38357278014008656,0.9218731330267925,0.1697055126370294,0.2391952732861337,0.9560259725646447,0.5253970230227419,0.8079502607688296,-0.2667852025926862,39.31973514101977,0.2875540261547601,24.36129765157343,317.7254556939707,115.2799917597969,348.7931021919293,15.43456830840195,21.46090026541031,-10.469386019991225,-0.16822776811753584,0.1205509979554173,0.04556881436804969,73.0054474537676,61.79854964569688,28.01318699388073,-0.1761502568038509,0.37298580922259966,0.9109624982108209,0.0840465155646296,0.2749972748578737,0.9577644188641524,0.23812264631884766,0.9307552504372072,-0.27747480803431646,39.31973514101974,0.28755402615475967,22.797742433780872,317.1797857789228,98.19777738889691,-11.206897808070527,21.476744122987103,15.795903592651623,-9.881451020553417,-0.12516152096649372,0.16573696789125578,0.04213660000914893,55.37756316781969,44.17066535974916,28.013186993880726,-0.05525087668778338,0.38351990799474195,0.9218784197479275,0.16337843201164917,0.23663221655393235,0.9577644188641525,0.5156093717164751,0.8153424894093051,-0.26336970357651
K14R86U,2416,39.76682297920466,0.2165117461753572,30.1961402186484,129.5412200059878,137.9704496081403,107.9737467768769,31.268743641047685,21.947184461147824,-21.66921885643522,-0.06699293115287874,0.12315243768165976,-0.02713213070750876,267.5116696141281,15.485416391005003,31.15683869613074,-0.3735997773338908,0.33673981205574627,0.8643086863804667,-0.00940005386337523,-0.2163075939935257,0.9762800129922243,0.02664243989511922,-0.9213300627606591,0.3878673688902882,39.76682297920463,0.2165117461753573,28.844338967538096,127.88584897571754,121.82867656908387,107.97374677688228,37.02087066485109,11.47633656006635,-20.657132300630416,-0.025904184811755247,0.13763620276644792,-0.027856366335012917,249.7145255448014,357.6882723216837,31.156838696130713,-0.25442534503752506,0.4098878619398299,0.8759336073224564,-0.0750641608292001,-0.20308300763705053,0.9762800129922243,-0.2635042202148985,-0.886336948419997,0.38075233393173785,39.49535940704487,0.2195707248743456,30.21246327648654,127.7269115666833,138.0938582435361,109.8017192408853,31.259758705827718,21.946793455938863,-21.669006363460646,-0.06685373028397698,0.12255753924034275,-0.027112003027591307,265.8207698102194,15.622489051104708,30.823334712867226,-0.3745074515539546,0.33609878885799305,0.8641653619873644,-0.016001581997206027,-0.21898687767862315,0.975596585058678,-0.001118477489302605,-0.9173823992317854,0.39800538009911246,39.495359407044866,0.21957072487434548,28.86245145936962,126.06641582771627,121.95629897459952,109.80171924089014,37.01218480120159,11.478677959851131,-20.657159113964344,-0.025951728471766883,0.13702704648037436,-0.027837541340643288,248.0227148023158,357.82443404320594,30.823334712867226,-0.25548425414319176,0.4095550486138946,0.8757810559950286,-0.0821719249314762,-0.20361502394200032,0.9755965850586781,-0.2890454627213426,-0.8741877818307089,0.3901902645865347
K14R86W,2418,39.62521661339633,0.20840629858872,23.28998279102128,244.1301126695776,126.9770699490018,25.64761786054497,18.86087054421799,23.46329491785995,-12.561089349822241,-0.1296708387427716,0.1385121975346777,0.008728244999898958,11.10718261857943,36.7548004791244,31.367071888222146,-0.23782219457801604,0.3158636413654232,0.9185155218228331,0.20450254052118438,0.040148427264739134,0.9780423378916423,0.9226959563745283,0.14854412718899573,-0.35576230037449746,39.62521661339633,0.20840629858872006,21.806818842951095,242.71890666657603,110.6981453167771,25.64761786054486,25.40401579846745,16.669747966769716,-11.865710925942583,-0.08198122311784994,0.17121193986104805,0.006472113413397902,353.41705198335313,19.064669843898002,31.367071888222146,-0.13129699712420595,0.3475014396731053,0.9284416233513475,0.20703226094562588,-0.02389201161880295,0.9780423378916423,0.9339130517733465,-0.1371201663475506,-0.33015825252174846,39.27541470411341,0.201774462510945,23.28856048727755,243.3477857577538,127.0462099513454,26.53684830632923,18.85188560899786,23.46290391265125,-12.560876856847718,-0.12948962830423266,0.13790700428732755,0.008724337433452575,10.393995709099215,36.93084401542845,31.35063901229646,-0.23818944370685186,0.3155582276869944,0.9185253365289732,0.1984634208309831,0.03640335580197035,0.9794320120755801,0.9254709926353557,0.1365464332111196,-0.35335324162635107,39.27541470411339,0.20177446251094489,21.806071362671872,241.93169645310462,110.7718059821081,26.53684830632931,25.39532993481788,16.67208936655479,-11.865737739276563,-0.08199118140948637,0.17058027959678063,0.006467929907388693,352.7035024352127,19.240350741542045,31.350639012296448,-0.13173934804130055,0.3473210291791925,0.9284464695756883,0.2001405348972665,-0.025626158756566625,0.9794320120755801,0.9328682277181753,-0.14939564544077033,-0.3277770749111139
K14Sb3P,2428,39.81121198682006,0.3254245940487931,24.4268238759869,310.9566301703429,158.7237407248533,322.8871970741797,22.986127285515938,18.609076209432747,-11.66418032832423,-0.163223241213337,0.10418037405262254,-0.017191613165900968,109.68037089519623,72.56756796937594,26.855664487418696,-0.3853451671770045,0.1500558918680753,0.9104901599957042,-0.10959411849816297,0.3064152339594629,0.9455679952220138,-0.3613017887619767,0.8785950029437146,-0.31230087774409193,39.8112119868201,0.32542459404879365,23.466592968145825,307.86841965482,143.96396895467362,-37.11280292740961,27.844563746637192,10.796157088021662,-10.901198538523154,-0.12360684939061758,0.1486193692230502,-0.020604811298465805,91.83238860949359,54.71958568208398,26.8556644874187,-0.3220148766288881,0.23426704011733557,0.9172924141975364,-0.010405699683828085,0.32525818640875453,0.9455679952220136,-0.07038619676303393,0.9466910717747757,-0.3143593452200233,39.49462829937185,0.3230385342967535,24.45488526274471,311.974216277798,158.8416198260467,321.9249462953127,22.97714235037403,18.608685204177526,-11.663967835341408,-0.16301954243617117,0.1035981915470614,-0.017178148070796068,110.81583610384473,72.74078239915741,26.736341460947685,-0.3860688903549859,0.14942371147301822,0.9102875185070364,-0.11479669447806339,0.30195299895431565,0.9463858121080457,-0.3794391987229153,0.8725273716867692,-0.30776919944966996,39.49462829937184,0.32303853429675344,23.497241703150184,308.88469833879327,144.08239995919794,-38.075053706408696,27.835877883047885,10.798498487738764,-10.90122535184717,-0.12358890830367249,0.1480028515220323,-0.0205908466245593,92.96709829799124,54.89204459158255,26.73634146094768,-0.32289575700883966,0.23388874126804446,0.9170792696456169,-0.016721279416716334,0.32260547648058124,0.9463858121080457,-0.0896267720833453,0.9463857851538913,-0.31035622659223805
K14Se4B,2449,39.73861914787539,0.109655273939471,21.83956219891272,203.6852276219269,135.0023822374288,54.14664957942378,25.168022662443576,24.08950942739513,-13.959032535696078,-0.10515254033443296,0.1304459002257858,-0.007170637230740195,338.6876098593557,32.83425943877944,35.38106997923881,-0.2630609227998131,0.2630390486747952,0.928229179549948,0.10215624068964596,-0.03985450527731529,0.9939696780572632,0.9112267801104641,-0.3838402673808717,-0.1494403036215367,39.73861914787542,0.10965527393947117,20.450515478968846,201.6042906124741,119.36100947544628,54.14664957942344,31.641845008047035,15.36146497223286,-13.092267065563767,-0.06061490121313154,0.15611606631052796,-0.008843938796952194,320.96530008792035,15.111949667343765,35.38106997923882,-0.17131373746637996,0.3045172563390106,0.9369743027143602,0.08517634432967086,-0.06905989769304477,0.9939696780572632,0.7565398157005927,-0.6411689387834683,-0.12864641152785514,39.42548455970154,0.1051123607591631,21.84380133614517,200.5550618073978,135.1014035921216,57.34858874783111,25.159037727223463,24.089118422186452,-13.958820042721548,-0.10498776316886044,0.1298461133758657,-0.007163888646942913,335.65646539951945,33.00505414735056,35.281378803557374,-0.2635637735791874,0.26263249647450354,0.9282016532264251,0.09576685606756342,-0.04332802399485858,0.994460351957601,0.8932965071748891,-0.430063668520716,-0.1306391644479076,39.42548455970154,0.10511236075916308,20.456091577992634,198.4677376492896,119.46592385787397,57.348588747830966,31.63315914439749,15.363806372017955,-13.092293878897738,-0.06063918018046502,0.15549452398375316,-0.008837856791768496,317.9336615071636,15.282250254994551,35.281378803557374,-0.1719159068012518,0.3042824440263471,0.936940294387031,0.0780322202984784,-0.07042429253925227,0.994460351957601,0.7249779871134723,-0.679816635785081,-0.11070799388821352
K14Se4C,2450,39.71842781190142,0.2490788796921818,26.67330914687931,275.8957267849389,157.9738982596955,346.5458199107352,17.90969935617222,20.69035309264106,-13.009663771607894,-0.16827752633218934,0.11012819771892902,-0.019582823805155185,73.8696250446344,60.415444955369594,29.82540630937822,-0.4161387575415227,0.16835153493292135,0.8935806036153242,0.0692000818626252,0.23927314303723754,0.9684832015534847,0.23812471741017183,0.8625016505415376,-0.446528298959259,39.71842781190142,0.249078879692182,25.693521930905053,273.0896503699631,142.90985116254365,-13.45418008926493,23.672659396730992,14.313674401221556,-12.3621727782418,-0.12656129356336976,0.15581611356579222,-0.023078355970532895,55.99950153250677,42.54532144324184,29.82540630937821,-0.3458432174341096,0.26146570909171407,0.9011260466349812,0.1392849384152022,0.20649453803765808,0.9684832015534847,0.4996587911967322,0.7502768225213585,-0.43292699380735566,39.38777675031297,0.2435879971821884,26.69237686102935,276.6548846298202,158.0913260972487,345.8520156303894,17.900714420952088,20.6899620874324,-13.009451278633374,-0.1680704399448011,0.10954202871253868,-0.01956775601230467,74.74621072706884,60.59822635745826,29.793387098245073,-0.41675879898417584,0.16760925565341458,0.8934311618074309,0.06408678908080064,0.23500637403386063,0.9698788004842513,0.22359909759668573,0.8665636947048535,-0.44617351621697715,39.387776750312945,0.24358799718218804,25.715149425139437,273.84625626275886,143.02912879229385,-14.147984369610684,23.663973533081432,14.316015801006667,-12.362199591575783,-0.12654137227469067,0.15519477228091866,-0.023062733414898402,56.875385055052675,42.72740068544199,29.793387098245063,-0.34665851800672554,0.2609497210213894,0.9009623271770245,0.13311153649033675,0.204001056919839,0.9698788004842513,0.4870338196567174,0.758536952642955,-0.4329200272402834
K14Se4J,2453,39.51140128396477,0.2388170753212763,23.53945291321797,309.1721930880179,102.2403050421815,355.8700497588802,19.41119091472718,20.65935469704121,-10.171972784052569,-0.13628552072867609,0.14323796479061643,0.04479123994490615,51.41249813019937,47.28254788907958,30.075403987482986,-0.08467357219108489,0.39030132877971174,0.9167852850723514,0.14895238455919071,0.18667292947596636,0.9710645727936902,0.5606633623363636,0.7679791404756477,-0.3096201445771398,39.51140128396481,0.23881707532127683,21.968071279620926,309.56504601767233,84.29562022785944,-4.129950241145788,25.01592454143992,13.830558676146971,-9.486383166849818,-0.08785103398718239,0.17771507717713478,0.04238702708086971,33.860666245531775,29.730716004385986,30.07540398748299,0.03718296491182109,0.37223734926906477,0.927392464348027,0.19831250131145234,0.13306294483665848,0.97106457279369,0.7746988725125058,0.5627386821084525,-0.288386602647721,39.13946191621088,0.2318936200205405,23.54402595271069,309.7374329879198,102.2520215462179,355.4580992461744,19.40220597951391,20.65896369182537,-10.171760291080298,-0.13609987683094135,0.14262960412026413,0.044763161327495755,51.989454534137735,47.44755378031215,30.063270406804655,-0.08476891164984995,0.3903555105786715,0.9167534057632754,0.1428015986839795,0.18270838628681085,0.972741152102536,0.553249395874895,0.7743126357106477,-0.30717266828755024,39.13946191621087,0.2318936200205406,21.972612163147456,310.1293497666666,84.30821216684016,-4.541900753863643,25.007238677794792,13.832900075923167,-9.486409980185929,-0.08785705806593797,0.17707905821601802,0.04235877177467016,34.4375619335068,29.895661179643156,30.063270406804648,0.037108446417462276,0.37231864745192167,0.927362813554681,0.19125262600277954,0.1311376530721509,0.972741152102536,0.7694789884973652,0.5710158853654606,-0.2860820597684712
K14SZ0F,2461,39.72901652981714,0.2368382525744281,9.790076182761466,141.9500012200508,38.19049905629927,171.7233606743643,48.57526871263055,-3.9946436704799773,-5.72399498281496,0.015465045321970516,0.12295992652573916,0.015025763798359019,180.14050027635008,351.8638609507144,30.319665678394674,0.13364361437129027,0.10513127456912985,0.9854373645469549,-0.236837540491249,-0.0005807723862117576,0.971549094033591,-0.9944475369775647,-0.009506697903861328,0.10480323894908923,39.7290165298171,0.2368382525744286,9.3507564251173,151.08211771456956,11.602519820728757,171.7233606744416,45.23989925981608,-18.481480418796274,-4.479332942861468,0.051452235778232554,0.11254406005780095,0.016449520202033482,162.68463753529832,334.40799820973996,30.31966567839463,0.15915797105272197,0.03267773416347034,0.9867121697538358,-0.2261049872357656,0.07049037260238519,0.9715490940335909,-0.95338874754423,0.2913367486236045,0.07856713662512592,39.49220274209355,0.244098150229483,9.817624738453546,142.0963370048119,38.04478318760817,171.6040342036409,48.56628377741202,-3.9950346756767954,-5.7237824898389595,0.015548979124042413,0.1223651571141122,0.015017635349876535,180.14112019242006,351.74515439606097,29.8522291042608,0.13428367864782886,0.10508303646014575,0.9853554937671593,-0.2440974098279177,-0.0006012160650219506,0.9697505313504833,-0.994452541257193,-0.009548128870063677,0.1047519757436183,39.492202742093525,0.24409815022948322,9.38188994474288,151.20691204857025,11.478824259505458,171.60403420374274,45.231213396171576,-18.479139019000353,-4.47935975619383,0.05135284434497654,0.1119517216611237,0.016438649386553168,162.68573630807572,334.28977051181846,29.852229104260772,0.1597535622626542,0.03244074751412528,0.9866237364087269,-0.2330372670195666,0.07264667318953147,0.9697505313504833,-0.9534046145014665,0.2912987648364246,0.07851541665229377
K14TB5H,2471,39.73017008018334,0.1644626842848061,8.059182021851717,221.9091954821555,172.3489911954141,0.4008642885081479,27.221487597215944,18.737827421167495,-3.14272084912679,-0.106922610568892,0.15254336536398,-0.019391310670513674,34.2581866775696,34.65905096607774,33.1960396617045,-0.1389477878479224,0.018665511697002018,0.990123785657762,0.13592994211032175,0.09257983236131065,0.9863833055551154,0.8256310296937067,0.5563849206279605,-0.09364412904570023,39.73017008018336,0.16446268428480626,7.52206220959125,210.93470067633282,165.64054920672902,0.40086428849591327,31.68464215589631,9.639490281753826,-2.2706687048414023,-0.05529236600143633,0.17771591546474225,-0.020922560776535128,16.575249883061815,16.97611417155773,33.19603966170451,-0.1268182409614102,0.03246573913721377,0.9913945276940599,0.1576285844934721,0.04691698916968329,0.9863833055551154,0.9573487883390617,0.28098883917171635,-0.06729464857372852,39.35958740012397,0.1567838426595844,8.074486265495736,222.212688608398,172.4485037680965,0.1242913137467966,27.212502661221297,18.73743641706105,-3.142508356292844,-0.10675664702755908,0.1519287677893674,-0.019376371237807697,34.661192376494455,34.78548369024125,33.18864004203677,-0.1392421696604961,0.018458911527517358,0.9900863026895468,0.12895932587762565,0.08916650485632856,0.9876329412696271,0.8216540854060136,0.5621194454470333,-0.0943731581856163,39.35958740012395,0.15678384265958467,7.5397434140950175,211.25504219113148,165.7229393909783,0.12429131544404977,31.6759562918454,9.641831682823629,-2.270695518327073,-0.055320212378982506,0.177079895939828,-0.020908383131931742,16.977981582109805,17.102272897553856,33.188640042036745,-0.12716127940826974,0.03235879008962079,0.9913540829205213,0.1499507390306725,0.045781537580782045,0.9876329412696271,0.9553107643991322,0.2876568097568769,-0.06808012355777358
K14TB5K,2472,39.7465856269656,0.2363348974058632,11.95735241050712,162.8823311860304,178.7107376208206,33.66480148613325,27.011690570632133,18.28520604652973,-4.000148227156783,-0.08080937882348294,0.16716311589515503,-0.03500756964700853,341.59306880685097,15.257870292984194,30.353080390583326,-0.20713110820918443,0.00466162478890367,0.9783020869171049,0.22424348883541953,-0.07462601052420628,0.9716716607312164,0.9489815150704332,-0.30937898247350054,0.060981384522547144,39.74658562696557,0.23633489740586278,11.542380279406684,155.39625438769184,168.4580595971795,33.664801486134486,31.37166974821686,9.271388494804716,-3.1370473496693885,-0.025563660676113334,0.18376448850901902,-0.03572541070525996,323.85431398487134,357.5191154710058,30.353080390583322,-0.19604653239855793,0.04003558589785274,0.9797769690068842,0.1908451135225006,-0.1393998793988845,0.9716716607312165,0.8092044682709763,-0.5815910347351723,0.08330664346832319,39.35824628206164,0.2303522864706162,11.9831942608893,161.5801338138971,178.8019590981612,34.97516278079016,27.002705635412045,18.284815041320993,-3.9999357341822472,-0.08066091754620366,0.16653871950595908,-0.034982163491575326,340.3820929120583,15.357255692848412,30.291984259515115,-0.20757938905422618,0.004341067538115922,0.9782085423735083,0.21698092721801768,-0.07733985457608614,0.9731073034962584,0.9420965317295538,-0.3288618653037071,0.06560486607037828,39.35824628206161,0.23035228647061579,11.570464952394566,154.10800535462127,168.5349070143055,34.975162780791344,31.362983884567317,9.273729894589748,-3.1370741630033536,-0.02561143257080898,0.18312441495868587,-0.03570131152130424,322.6429123689268,357.6180751497181,30.291984259515104,-0.1965707040451603,0.03986806081178613,0.9796787718626436,0.18309996051207905,-0.13977331770662002,0.9731073034962585,0.7966331511985402,-0.5980839561721043,0.08758540849370118
K14UM8F,2488,39.90565569408226,0.2270660021936644,12.57565766854643,40.50632074134959,8.213360273234441,359.1734528416156,20.956639119606294,22.233077371569433,4.241020635179681,-0.14680535873995645,0.13077280599295849,0.033552199042241763,48.71968101458403,47.8931338561996,30.844437990710166,0.2154953456706588,0.031104648231953656,0.9760093528510112,0.1498053351223157,0.1706380113606107,0.9738793717128352,0.6619697099497388,0.7360679399152822,0.1414216777510827,39.90565569408223,0.22706600219366369,12.925334511117416,47.48636956085233,343.8226239336911,-0.8265471583831561,26.56674125088149,14.863919045881953,4.974824472662813,-0.10132998425743306,0.1690100418956312,0.030772231499110198,31.308993494543415,30.48244633616026,30.844437990710166,0.21482417732676062,-0.06232021779705092,0.9746623842590872,0.19400003168226881,0.11799558067780161,0.9738793717128355,0.849173700367751,0.5017159793714655,0.16487905460388932,39.54608131616106,0.2202287703670796,12.60142443259342,40.88262349780286,8.309386826410707,358.8744648584967,20.947654184386106,22.2326863663608,4.241233128154222,-0.14661266397083456,0.13017280003600154,0.033531653338593086,49.19201032421357,48.06647518271029,30.83689645506637,0.21587720861815457,0.03152919981420967,0.9759113383695823,0.1439252621089976,0.16669202207739944,0.9754482501407259,0.6558046778284113,0.7413031367430125,0.14279315107295587,39.54608131616107,0.22022877036707966,12.948369117984436,47.852332563376606,343.9293918448534,-1.1255351415004915,26.558055387231885,14.866260445667114,4.974797659328851,-0.10132697413388576,0.16837985744300876,0.03075176095445869,31.78172440822999,30.6561892667295,30.836896455066377,0.21531644813096018,-0.0620282611029859,0.9745723790405756,0.18720782984343798,0.11599111924068276,0.9754482501407259,0.844841952769243,0.5085689188711859,0.16613166344573
K14UM8M,2492,39.70149463247844,0.2977789078981683,4.886432660342003,117.9731044774253,271.382295348331,11.51739345467876,17.62358609388344,22.158550103224144,1.5519305307031248,-0.15364990479648177,0.14687984205068183,-0.012829054653928697,29.355399825756308,40.87279328043507,27.879226918894023,0.002054843608990038,-0.08515620303670303,0.9963654945360736,0.2595428086399252,0.14597879459813667,0.9546348631864302,0.8683867320178442,0.4901480020503388,0.07522911498502237,39.701494632478436,0.29777890789816785,6.417545281234146,114.02996016584464,257.72426373364766,11.517393454678539,23.4421825332045,15.799710736314232,2.1985987779636837,-0.10171078301958104,0.1864321933040134,-0.015637129068768515,11.754223899492331,23.27161735417087,27.879226918894034,-0.023764847240579215,-0.10921762472197716,0.9937337382245414,0.29153462033217875,0.060661710631978775,0.9546348631864303,0.9734381322252561,0.2049307701706222,0.10208615071144818,39.30430670775775,0.2907250534938153,4.888879070927724,117.8704636203959,271.3884875933857,11.78065545194496,17.614601158663344,22.158159098015435,1.5521430236776508,-0.15345262250289887,0.14626904042936847,-0.012818513542749412,29.258951213781643,41.0396066657266,27.87756003760756,0.002065077723303109,-0.0851985106266929,0.9963618565767108,0.25363425233175735,0.14209406311697964,0.9568066383920097,0.8692044610750442,0.4886796126134617,0.07533817799229675,39.30430670775772,0.29072505349381506,6.420022172056269,113.93030523344314,257.7274676212039,11.780655451945032,23.433496669554962,15.802052136099292,2.1985719646297084,-0.10170751766747287,0.18579033173722165,-0.01562649396009488,11.657772854647078,23.438428306592108,27.87756003760754,-0.023767871359500536,-0.10926093063430366,0.993728905349927,0.2847279769312693,0.058745517970379864,0.95680663839201,0.9737709616698969,0.2032839617081867,0.10220442808757774
K14UM8O,2494,39.89558539097052,0.1282492963102468,6.814268513031943,333.2818611834126,7.805399266462188,49.10968664275247,27.27550374585882,24.832782564506577,2.4972679469722494,-0.10108318695634168,0.13600879169609792,0.017742274168059607,341.0872604498748,30.196947092627283,34.77900463869318,0.11755194712565897,0.016113899258850574,0.9929359908763716,0.12132554173659811,-0.04156915835561835,0.9917419613971804,0.945581985358859,-0.3209812037027317,-0.0533458136534055,39.89558539097051,0.12824929631024717,7.250430048505856,345.70462059940724,337.8929118248017,49.10968664275242,33.42117770889438,15.433394390990738,3.419321542065325,-0.055743696523830606,0.16018982340811458,0.016212685492354988,323.5975324242089,12.70721906696133,34.779004638693166,0.11692798181399303,-0.04749638120117495,0.9920040024322982,0.10322378535721285,-0.07611000026672991,0.9917419613971804,0.8056112751004414,-0.5916243242406541,-0.031162997253634285,39.56888309326907,0.1231840240856412,6.832122564163085,330.7234065397942,7.907518492478288,51.73203120249885,27.26651881063876,24.832391559297854,2.497480439946771,-0.10092113725552798,0.1354052763446118,0.01773232499140929,338.6309250322725,30.36295623477133,34.694628845265896,0.11782950333711971,0.01636595459747066,0.9928989695197801,0.11471544519106333,-0.04488508019986127,0.9923838451980505,0.9307748802998587,-0.3609346295514826,-0.05817486908724347,39.56888309326907,0.12318402408564111,7.265259108512658,343.12439208145514,338.0170765142087,51.732031202498845,33.41249184524487,15.435735790775775,3.419294728731346,-0.055771240392952816,0.1595655506650088,0.01620197341420933,321.1414685956638,12.87349979816264,34.694628845265896,0.11726871163313558,-0.04733898364109385,0.9919713049779881,0.0959230843782011,-0.07728561103662389,0.9923838451980505,0.7795698886512543,-0.625238392197837,-0.03671160075690946
K14UM8U,2500,39.99807558785311,0.3034185822455395,4.240887920594299,160.8069139578593,252.4465979132053,359.4453742032003,17.065944674701115,22.013519698967823,0.7142507939362088,-0.1708696144682292,0.1317426285743252,-0.015026804606951032,53.253511871064575,52.69888607426486,27.861916200436795,-0.022302885754749716,-0.07050650774886547,0.9972619583901061,0.18152790024760024,0.24312642284126698,0.9528573681029636,0.5974172629052279,0.8015619616185018,0.02431122516709794,39.99807558785309,0.3034185822455393,5.605916623174289,151.4658269355003,244.17165728611062,-0.5546257967990355,22.890078332417097,15.829906044809931,1.3453846742628177,-0.12263013412518022,0.17720380640360583,-0.018412261930655746,35.63748422161092,35.08285842481188,27.861916200436788,-0.04255934243909293,-0.08792720102868423,0.995217317820793,0.24659427393846492,0.17678829178612035,0.9528573681029637,0.8106633679921863,0.5836501434055782,0.04666276779417717,39.61063314562529,0.2967737420497683,4.245495205451975,161.1812348862821,252.4483954991722,359.2484492121188,17.05695973948099,22.013128693759114,0.7144632869107306,-0.17066079074608864,0.1311419725983933,-0.01501479046431223,53.629630385454334,52.87807959757316,27.855237322037492,-0.022324856723877243,-0.0705836660447095,0.9972560086858074,0.17598758824964578,0.2389623877355923,0.9549478237211589,0.5921586205371892,0.8054675034152913,0.02388030706316892,39.610633145625265,0.29677374204976825,5.610484444859009,151.84821631624496,244.16535130850423,-0.751550787882716,22.881392468767533,15.832247444594998,1.3453578609288372,-0.12261284767742868,0.1765681301192692,-0.018399766802372382,36.01356762474916,35.262016836866444,27.85523732203747,-0.042603594720350954,-0.08799392854073684,0.9952095268117522,0.24005368691017262,0.1744960783830261,0.9549478237211589,0.8068434897583949,0.5889617453631939,0.04612640819785689
K14UM8V,2501,39.84992136138917,0.2340322566173336,10.11320824473334,349.6910175903648,4.643276990569905,33.67584774653657,22.44936023396079,23.874735356295993,3.9202951545453013,-0.11560605241754822,0.1461933443661497,0.02765942476062897,354.33429458093474,28.01014232747133,30.523754339159975,0.17501738102653247,0.014214623178459018,0.9844627269869124,0.23288897157040842,-0.023104632831512026,0.9722288325608321,0.994889753790682,-0.09595276831297159,-0.03142362256954967,39.84992136138919,0.23403225661733384,10.578023562526283,358.1015682859505,338.78654421265406,33.675847746537485,28.493741995331096,15.97796865661188,4.7070863660968465,-0.06678072273597079,0.17428560879897423,0.02582941553829167,336.88811249860464,10.563960245142141,30.523754339159982,0.17113511389405756,-0.06642517753046563,0.9830058334427696,0.21524884571559852,-0.09186420170830456,0.972228832560832,0.9199437875339413,-0.39200311751361017,-0.0060814173773408465,39.48739575050068,0.2280491254308778,10.13451653577463,348.5789514363754,4.752438743230699,34.84045306956281,22.44037529874077,23.874344351087192,3.920507647519806,-0.11543426883518967,0.14558300286664674,0.027642828660932824,353.3313901796061,28.171843249168887,30.482329684056037,0.17535483192276313,0.014578378283664742,0.9843973556486008,0.22650624081645768,-0.02648256938035137,0.9736496271196389,0.9929784450027155,-0.11304762548698913,-0.03484310737782707,39.48739575050069,0.22804912543087807,10.596298216327462,356.97874516044544,338.9068106447793,34.84045306956365,28.485056131681596,15.980310056396831,4.707059552762851,-0.06680086909073563,0.17365188842271143,0.025812257892543603,335.8855558052247,10.726008874788363,30.482329684056037,0.17156668222271962,-0.06617864369734873,0.9829472318845339,0.20814755388056952,-0.09317188107644805,0.9736496271196388,0.913054670554983,-0.4077220038078291,-0.009692068337569764
K14UM8Z,2503,39.91360572262182,0.2188791169877464,2.648447784264658,121.8099769903417,308.7862521478926,345.5445368489398,21.258302071417326,23.369433702916496,1.4436652433240016,-0.1534328449076029,0.1210024217104709,-0.0020261138073858257,70.59622913823426,56.14076598717406,31.17735094625729,0.028945263485588846,-0.036018341483844564,0.9989318549323087,0.0727167224922597,0.20644695716653047,0.9757519829068576,0.33151565854193354,0.9426321898641193,0.039267324501206916,39.91360572262181,0.21887911698774642,4.159619900124705,129.70594099058212,283.3211210204229,-14.455463151060242,27.274406146781413,15.856063646139775,2.1959104898410806,-0.10961555963083042,0.1616981027154887,-0.005047945961553625,53.027062011005,38.57159885994476,31.177350946257285,0.016712748563270933,-0.07058367124992954,0.9973658453087025,0.1316421622334176,0.1748668321204629,0.9757519829068576,0.5994657267517002,0.7984527382886628,0.05580382755145269,39.5718528844866,0.2130828288724247,2.64880788934879,122.7992792321245,308.8753849660987,344.6554002651408,21.249317136197227,23.369042697707776,1.4438777362985267,-0.15323570809737874,0.1204089643071386,-0.002022813315959805,71.67466419822318,56.33006446336401,31.13977052813678,0.02900520121677439,-0.03597815663777551,0.9989315644964485,0.06699585266518847,0.2022766612487446,0.9770341386255268,0.3137130734904017,0.9487228671634161,0.03884622043948199,39.57185288448656,0.21308282887242458,4.159409595634608,130.72750176663752,283.37805003690465,-15.344599734859342,27.265720283131866,15.858405045924828,2.195883676507104,-0.10960699613977197,0.16107281905534646,-0.005044408202524518,54.1055518035422,38.760952068682855,31.13977052813675,0.01678202512437289,-0.07056346914540244,0.9973661115432441,0.1249291549158327,0.17261807035270338,0.9770341386255268,0.5843520092790079,0.8096366257325118,0.05496602154111965
K14UM9B,2504,39.8437627167954,0.2615558542455805,4.081000858064283,284.5129333991572,353.2739234944206,94.5074230192602,32.9379252966435,27.839109969490462,2.2478264616637365,-0.06361343631769625,0.130732717557748,0.008731687611361796,277.7868568935778,12.294279912838022,29.42239332304577,0.07067688295837242,-0.00833523773642682,0.9974644364723816,0.03543775824083987,-0.2591440336588885,0.9651883417809524,0.13577579682873353,-0.9883411840895693,-0.0688958404256052,39.84376271679541,0.2615558542455805,4.944452773819787,301.4490330436007,318.8067264136756,94.5074230195922,39.73169129699864,16.58879213579392,3.343706431167492,-0.02138288509212146,0.14384149338093494,0.008145679578862695,260.2557594572763,354.7631824768685,29.422393323045778,0.0648572371430765,-0.05676477098609521,0.9962787258418514,-0.04426844169656248,-0.25778240816606046,0.9651883417809524,-0.16715961449697253,-0.983184188304814,-0.07352900889191688,39.55754910263932,0.2632101325359988,4.091634907331106,282.8229436639736,353.4250140597275,96.20994982725917,32.92894036143194,27.83871896426376,2.2480389546371065,-0.06347650053909164,0.1301327384699195,0.008727777737525115,276.2479577237011,12.457907550960272,29.145601360534346,0.07088252718328511,-0.008170029784549813,0.9974512108135567,0.028645538324411777,-0.26164672175229464,0.9647385273380461,0.10911600890855322,-0.9915913399720594,-0.06957234430636912,39.557549102639314,0.2632101325359989,4.9514897333829175,299.7550012080825,318.9620538194749,96.20994982756461,39.72300543335183,16.591133535559244,3.3436796178324357,-0.021433459131715925,0.1432281780283488,0.008140374373091418,258.7170550275573,354.92700485512194,29.145601360534336,0.06510317987766798,-0.05666907308563384,0.9962681326457407,-0.051498178322004866,-0.2581230549546729,0.9647385273380461,-0.19352709358526166,-0.978229210762869,-0.07493247132382508
K14UM9O,2513,39.79456800803914,0.167152411496736,10.06344249160521,350.1774696454453,3.214977411313316,35.4733412527633,25.863266456230548,23.02956114484063,3.8231842052748934,-0.1046044217463034,0.14363461235752709,0.02649167683607698,353.3924470567586,28.865788309521918,33.142810001024536,0.17446351495506776,0.009799773678654124,0.9846148721126297,0.1660421192422336,-0.019233910333627827,0.9859310682450502,0.9932104082367137,-0.11244757413585922,-0.029809864830640662,39.794568008039164,0.16715241149673654,10.565297593734755,358.54690364346555,337.3978733127801,35.473341252763085,31.494392675048204,14.141016718361062,4.692638061719658,-0.05703749702447201,0.16852307623437407,0.024929752651187964,335.94477695624573,11.41811820900881,33.142810001024536,0.1692734997050227,-0.0704691290587873,0.9830465828979366,0.15263572783223478,-0.06813415632631181,0.9859310682450501,0.9133182398762094,-0.4072200553263691,-0.004649650461234528,39.44755815176993,0.1609824826505836,10.08673280853222,348.6312610287973,3.319960047832808,37.06742497893339,25.854281521010392,23.02917013963198,3.823396698249425,-0.10444001195460946,0.14302598583598988,0.02647586341387651,351.95122107663013,29.018646055563522,33.097192305994746,0.17484481867765367,0.010142602984888317,0.984543760828471,0.1593966803497642,-0.022540142275960566,0.9869572636541334,0.9899727803757195,-0.13697445932197938,-0.03452378323155096,39.44755815176991,0.16098248265058346,10.585668952035263,356.9885924107821,337.51533486862405,37.06742497893343,31.485706811398618,14.143358118146192,4.692611248385687,-0.057064173729958874,0.16789321816817146,0.024913198000213476,334.50392727940607,11.571352258339516,33.09719230599473,0.16974055102217483,-0.07025561962445484,0.9829813290443885,0.14530516995861228,-0.06929478554439866,0.9869572636541334,0.9029567166816223,-0.42962312250443113,-0.009650927887370266
K14UM9T,2516,39.72117605008795,0.1365699060861028,43.34130277148333,148.0758741291435,208.6189574613838,32.26687298960712,28.436484453560745,20.631703106270823,-4.237693991243358,-0.07578469744420097,0.1046942883175683,-0.1209867622401459,356.6948315905273,28.961704580134437,34.296458767297885,-0.6024885577407636,-0.32874607537028355,0.7272781831734612,0.13634273842824746,-0.007873812688490455,0.990630436011146,0.9292605937260553,0.0689406311544728,0.36293517096572775,39.721176050087884,0.13656990608610187,43.66555927888841,145.83138156426116,192.66469634311372,32.2668729896073,33.444484117471305,11.077868902968161,-3.3175554541239567,-0.03727000777530656,0.12269613750059756,-0.12205988437340025,338.4960779073749,10.762950896982204,34.296458767297864,-0.6736489910512639,-0.15137725767398857,0.7233823074382709,0.12706361328032248,-0.050061736171604594,0.9906304360111461,0.8963312481410856,-0.21498790141136476,0.3877763477219581,39.44599356532614,0.1312288525989153,43.44931325969716,146.8730812031969,208.6536752043887,33.57842196463332,28.427499518340596,20.631312101062207,-4.237481498268851,-0.07563960393573298,0.10411176136312555,-0.12090372893955828,355.5267564075856,29.105178372218916,34.26954109012419,-0.6034912932505111,-0.3297679246775077,0.7259830403147963,0.13082911172439576,-0.01023500267872061,0.9913521010446148,0.925147085741547,0.05341634771977488,0.37583182880139715,39.445993565326134,0.1312288525989157,43.774420229387786,144.63331119429392,192.69306730309597,33.57842196463349,33.435798253821744,11.080210302753326,-3.317582267457951,-0.03730993354650274,0.12209699472225409,-0.12197791991883836,337.3263784973899,10.904800462023388,34.26954109012417,-0.6749135591861141,-0.1520125309390236,0.7220691643217041,0.12108691728324218,-0.05058626510495917,0.9913521010446147,0.8873683501652553,-0.22854435258867542,0.4004308804585582
K14UM9U,2517,39.84503437850085,0.2239501762374242,6.848525692177562,181.3802010955974,232.0588061128269,353.8483877545606,22.464725508101843,21.36486563138284,0.5501136376090139,-0.14002719366254224,0.13872444695407224,-0.02350710293833065,53.4390072084243,47.28739496298488,30.92173190724936,-0.07331800984107224,-0.09404156459012195,0.9928648717536472,0.1334022323415048,0.17988197753826402,0.9746005943786545,0.5958137128330745,0.803117531845813,-0.002872218995219527,39.84503437850085,0.2239501762374243,7.850281524702782,171.8086866937683,223.9700365618098,-6.151612245668263,27.843347505822543,13.580709378841695,1.3176999101220037,-0.09089784236770328,0.17454268622024469,-0.026021221650624964,35.778723255578086,29.627111009909825,30.921731907249352,-0.09830061634389142,-0.09482850436778992,0.9906283579555852,0.18168651993876753,0.13093391428240903,0.9746005943786544,0.8103539388726689,0.5856174380291138,0.019460473523729312,39.4751405427184,0.2170944437196853,6.861491500979787,182.0769112627097,232.0585687135058,353.3164083234752,22.455740572926327,21.364474626130537,0.5503261305910373,-0.13983904192610253,0.13811911144778824,-0.02348940491603831,54.13547997621549,47.451888299690665,30.90530686584055,-0.07345654424030833,-0.09421845106366092,0.9928378616810684,0.1271892589913269,0.17593433403175396,0.9761506044182119,0.586075333945537,0.8102449979248904,-0.004329697255212856,39.475140542718385,0.21709444371968523,7.863062419572371,172.52097481730456,223.9540730556925,-6.683591676830806,27.834661642202107,13.58305077857173,1.317673096796331,-0.0909018243373702,0.1739087935392086,-0.026003626653242386,36.47504787299704,29.79145619616623,30.905306865840544,-0.09848611218657968,-0.09495448710210669,0.9905978654759702,0.17456907831887591,0.12905670997223564,0.9761506044182119,0.803266402288932,0.5953536713121563,0.01780710557425163
K14UR6W,2531,39.73617755523518,0.2935360834348292,13.35802169585655,211.4311626289,127.9858138544602,37.06409999700765,22.560823987915995,21.790612681349703,-7.407073918431738,-0.0983504615903451,0.16487995700234281,-0.005689969840308378,339.4169764833602,16.481076480367847,28.07217562500048,-0.14219434656192229,0.1820933773116063,0.9729454094372824,0.27479783879592123,-0.10319680262173771,0.9559479942558282,0.9250441329489284,-0.3602474419538801,-0.12047876436306577,39.73617755523516,0.29353608343482895,11.89087824355448,208.75941042111694,113.01083770438824,37.064099997213084,28.282702302422287,13.957537981458294,-6.630400292904044,-0.043776070014196714,0.18688674105055283,-0.006898622074568885,321.7702481255052,358.83434812271827,28.072175625000472,-0.08054539874130758,0.18965331978972857,0.9785418013730117,0.23058306322044672,-0.18164493726535386,0.9559479942558283,0.7760329155184957,-0.6228521828313914,-0.09913663487346241,39.34643628603492,0.2882601717954233,13.35903064359831,210.3214797077714,128.0555053228765,38.23573598470372,22.551839052702306,21.790221676129917,-7.406861425456841,-0.0981902434856762,0.1642570908895832,-0.005684213666805531,338.3769850306479,16.612721015351667,28.004425802684818,-0.14242629100157078,0.1819337759547608,0.9729413408825728,0.2679748826569842,-0.10622329739046178,0.9575521256602552,0.9188719941590374,-0.3769187306019679,-0.11664702684421505,39.346436286034915,0.2882601717954234,11.89263783101954,207.64137750849363,113.08866380244535,38.235735984897296,28.274016438775497,13.95987938123086,-6.630427106237571,-0.04381163512804863,0.18624457482532078,-0.0068938439086843,320.730041310939,358.9657772958363,28.00442580268481,-0.08081471941961067,0.18957138265650092,0.978535473042665,0.22316301064112112,-0.18246149545895396,0.9575521256602552,0.7650116905943505,-0.6368801911430493,-0.09560719315808154
K14UR7H,2538,39.57628120352283,0.2812665871521965,7.783904965793282,83.28845864226474,147.0789042539289,150.8425988546288,41.50530186264434,26.87793777682105,-6.167666517339168,-0.05494426962949686,0.10853036947084989,-0.008371480314916786,230.36736289619364,21.20996175082246,28.444795657232344,-0.11368871550070957,0.07360792043008206,0.9907859254237302,-0.17940948997410136,-0.21661746918352862,0.9596296717753968,-0.6328894089818846,-0.7624685517953776,0.13450912058897824,39.57628120352281,0.28126658715219655,6.641547721902562,74.57429087588743,138.14243463388854,150.84259885462902,47.83734129449686,13.084518431156116,-4.851586071745967,-0.019354917645975175,0.1200576054433494,-0.008908090894666126,212.71672550977598,3.559324364405029,28.444795657232323,-0.08614236423274646,0.07717603850103795,0.9932891583852504,-0.2366444986358195,-0.15202063778857725,0.9596296717753968,-0.837036339278896,-0.5356677295619328,0.11149103207231052,39.34675441338902,0.287390615435373,7.793952874061842,82.43210801079253,147.2348931391362,151.6997975715465,41.496316927424246,26.877546771612337,-6.167454024364645,-0.05481314431871151,0.10794527140124827,-0.008363926871750233,229.66700114992875,21.36679872147522,28.038866447140673,-0.11403479962066088,0.07339216171107406,0.990762158681311,-0.18600751831644824,-0.2190766280781193,0.9578134652215313,-0.6422729856826327,-0.7545952887575091,0.13442976622492575,39.346754413389014,0.2873906154353727,6.654684476751647,73.70628030133776,138.3097694930572,151.69979757154678,47.82865543084732,13.086859830941169,-4.851612885079945,-0.01940685092117519,0.11946023112857583,-0.00890196589184385,212.01604979439495,3.715847365941727,28.038866447140677,-0.08653745622769775,0.07707559631774659,0.9932626143784448,-0.243678393898242,-0.15236208907564733,0.9578134652215314,-0.8435985422318136,-0.5253277176645752,0.11123078979171018
K14V37T,2549,39.73281948030561,0.2364228423444489,33.26525019559367,200.26405836842,197.4120492987361,16.50221814755123,14.319429919971835,24.47252476939775,-12.50758187990856,-0.1641143261065788,0.0771548926788918,-0.08051154968108684,37.67610766715609,54.17832581470732,30.33907336441287,-0.523381391498924,-0.16413867043978173,0.8361401891422938,0.18712358973666748,0.1445009430636752,0.9716502661028669,0.8084611402934642,0.5570451938955507,-0.1899769370035742,39.732819480305615,0.236422842344449,33.2936991064724,197.387268139757,182.23483844101784,16.502218147551147,21.37965282931041,19.003693221134842,-11.923096710147957,-0.13087218178735086,0.12312559542022894,-0.08414902801809783,19.622106580774812,36.12432472832596,30.33907336441287,-0.5485133775775489,-0.02140577961326136,0.8358677330879676,0.22269328428933238,0.07939434183025122,0.9716502661028668,0.9438405789623889,0.28680488865579556,-0.1640363293513945,39.46281094172399,0.2310811873814863,33.31894901407649,200.1213474305756,197.5254173469104,16.74670530968654,14.310444984751715,24.47213376418906,-12.507369386934023,-0.16391003008435298,0.07659082387347418,-0.08045564469932788,37.646764777486,54.39347008717254,30.343697731899297,-0.5238026391321584,-0.1654098413404383,0.8356257413614763,0.18296809211605866,0.14114245438225542,0.9729344709888547,0.8088191069598202,0.5568699947175184,-0.18896417967442952,39.46281094172398,0.23108118738148664,33.35045115862001,197.24888058631814,182.34307145278788,16.746705309686686,21.37096696566085,19.006034620919927,-11.923123523481923,-0.13084937114633033,0.1225261647997562,-0.08409247313480805,19.59195203910599,36.33865734879268,30.34369773189928,-0.5492989370420472,-0.02247573227079694,0.835323601500262,0.2177026408630748,0.07748596855483454,0.9729344709888545,0.9441008881912404,0.2865297407902016,-0.16301601319873693
K14Wo9C,2556,39.56696109232639,0.2590465001219922,9.278914888615336,107.4046313506413,304.2586579841777,38.35260892624382,-13.387727590453611,30.07383854320595,0.9581231698628359,-0.18207952855825976,-0.03885513209944111,-0.02816028157508839,51.66328933481901,90.01589826106283,29.317278300896202,0.09076716718925042,-0.13326614807088222,0.9869151205340753,0.1606818107310977,0.2031906615118643,0.9658648511953143,0.6099621529344541,0.7773504723020483,0.153858425831502,39.5669610923264,0.25904650012199226,10.800641088574835,109.82259630000274,284.29512764072916,38.35260892626974,-3.702699480200869,32.71301796222983,0.8564386316543033,-0.18446450782437468,0.017962002069619933,-0.033254913976938694,34.117723940731935,72.47033286700167,29.317278300896206,0.04627027243336432,-0.18159002738592023,0.982285154037728,0.21446119521461773,0.14529791799117756,0.9658648511953143,0.8117376850058352,0.5567802086510909,0.17628876877389263,39.51101164717478,0.2564135837557127,9.268911798539477,107.685251381555,304.2858754886282,38.35949494762005,-13.396712525670033,30.073447537998007,0.9583356628379252,-0.18186319144449126,-0.039341445737159406,-0.028139464781937917,51.97112687018324,90.33062181780329,29.379851552908992,0.09073339985174954,-0.13308065076091483,0.9869432559901273,0.15796576787168504,0.20197708314350124,0.9665671596250062,0.6057803753081146,0.780692853205301,0.15345620171803465,39.51101164717475,0.25641358375571244,10.790461644180555,110.10931154899042,284.316268324476,38.35949494764156,-3.7113853438466946,32.7153593620145,0.8564118183209939,-0.18440577718156778,0.017433056847739367,-0.033232470631671736,34.42557987346646,72.78507482110803,29.379851552908974,0.04629411697865001,-0.18140384163600332,0.9823184315550976,0.21150561250430028,0.14495965581370748,0.9665671596250062,0.8087731309990626,0.5612296628959286,0.17580468725177792
K14Wp0B,2561,39.67738900905787,0.236547148979775,12.61258525237994,318.9875235071568,82.40373524423266,30.375762660399,0.2278752366639356,32.3579478921681,0.906569655925888,-0.18437290318802763,0.029034702024827636,0.041751518425094405,41.3912587513895,71.7670214117885,30.291815760003768,0.028865077744274763,0.21644132893274387,0.9758688223407103,0.17746049861241459,0.15640436414209502,0.9716200112747473,0.7345154799186331,0.6632907331690151,-0.14329135721323374,39.67738900905784,0.2365471489797748,11.203705988942241,322.4459727660169,61.43704245214304,30.3757626603994,9.963039842488834,30.777467098753096,1.181500545470346,-0.1680758435561997,0.08337304616971915,0.03713511313712531,23.883015218159926,54.25877787855933,30.291815760003757,0.09289846705143792,0.17065025685458662,0.9809425898873779,0.21629256643975606,0.09577097364736088,0.9716200112747474,0.9041720641093696,0.41042427827878053,-0.11842630739639065,39.49885391928134,0.2323454905045783,12.62381115483776,318.9841511471971,82.42448753722529,30.65725253335963,0.2188903014439667,32.35755688695939,0.906782148900382,-0.1841550289508071,0.028502885548469137,0.04172547716660287,41.408638684422385,72.06589121778202,30.32147333103723,0.028811887698662483,0.21664129754677136,0.9758260210326895,0.17426175565250832,0.15367910552420125,0.9726333189039881,0.7342852162587338,0.6635164288479762,-0.14342653113246887,39.498853919281316,0.23234549050457853,11.214638243081076,322.4366026467421,61.46380174203823,30.657252533359962,9.954353978839412,30.779808498538117,1.181473732136342,-0.16802809733771681,0.08280025950642828,0.037110377901300375,23.900404388780316,54.55765692214028,30.321473331037204,0.09290816768881315,0.1708580518570158,0.980905499267046,0.21242211928785443,0.0941343199639204,0.972633318903988,0.9040245163999523,0.4107089875437262,-0.11856559913667995
K14Wp0E,2562,39.69682588402029,0.3187030555335447,27.1216795720269,320.1077628839514,99.05589114046263,13.42022229358305,1.2199027262352473,27.59989071711128,-2.8421454445261753,-0.19071405721267976,0.0423244796055285,0.09305459313549366,59.16365402441403,72.58387631799708,27.04532617979992,-0.07175480838216027,0.4501992713865866,0.8900403718467078,0.16336324995991078,0.2736495681870399,0.9478546103667916,0.44294455529654336,0.8475348730153865,-0.29237776925741105,39.69682588402022,0.3187030555335437,25.56141664249007,320.65018296915025,80.98737636140363,13.420222293583077,9.574889671680957,25.94202066966724,-2.579335638395529,-0.17151886374881917,0.09795748816437141,0.08836277715674958,41.63755933055387,55.05778162413695,27.045326179799908,0.06759197800942088,0.4261512545875426,0.9021232913090302,0.238186777248702,0.21175149763412368,0.947854610366792,0.6860698279009481,0.6741379583904381,-0.27358034341146564,39.47200452519273,0.314388821256164,27.12626758784569,320.309499709603,99.0716097256376,13.46373168868143,1.2109177910151185,27.59949971190258,-2.841932951551631,-0.19049193284711546,0.04178375571891532,0.09299416623503423,59.3811094352406,72.84484112392204,27.062447549899414,-0.07188955078661755,0.45024994711609156,0.8900038638172618,0.16012614200837882,0.27055489198377614,0.9492943005565554,0.4399558756770864,0.849498237940853,-0.2911899228898454,39.47200452519272,0.31438882125616396,25.565936677600746,320.85083789542404,81.00408369216656,13.46373168868142,9.566203808031387,25.94436206945232,-2.579362451729487,-0.17146880986241816,0.09737492634815637,0.08830370682261378,41.85492158759058,55.318653276272,27.062447549899414,0.06747883822939453,0.42624123747168885,0.902089249392661,0.23416834604981676,0.2097749189944629,0.9492943005565554,0.6837819861258185,0.6769124122555679,-0.2724551001251018
K14Wp0O,2563,39.5279348903337,0.1858714280179588,6.715068849889359,26.58951471761752,69.65394127478766,351.5129665447718,3.5987351312661793,32.08761962282867,0.9162874232885713,-0.18962294780316563,0.014071060902924495,0.02150922875115006,96.24345599240517,87.756422537177,32.180821185666474,0.040656005434133474,0.1096365237587718,0.9931399306644718,-0.02021413833160705,0.1847689810681054,0.9825740746867713,-0.10587437424277191,0.9930011728954492,0.05233820313082548,39.52793489033366,0.18587142801795875,5.554844010247183,36.66495311663343,42.053029188579885,-8.487033455627849,13.093309193217735,29.501509690170817,1.2774938817790733,-0.1770394991960285,0.07069436726449896,0.016638093985092132,78.71798230521331,70.23094884958546,32.180821185666446,0.0718753335666711,0.06483739666027528,0.9953039979920697,0.03636358288391609,0.18227966862291523,0.9825740746867713,0.19751663560415977,0.9785939594765891,0.05780173990067473,39.36996174583837,0.1831264946674518,6.724328524522119,27.62129821780676,69.6855764550046,350.7436475560629,3.589750196238896,32.0872286176071,0.9164999162411936,-0.18940155474838802,0.013549273736873778,0.021496754791123496,97.30687467281135,88.05052222887423,32.16027865613132,0.04065118636831834,0.10980947343896844,0.9931210201128081,-0.023290690658267953,0.18163935910988324,0.9830893585787671,-0.12419271842121882,0.9907719650979093,0.05428703221925985,39.36996174583831,0.18312649466745123,5.563314332892141,37.674081940219416,42.10735724029191,-9.256352444576345,13.08462332974865,29.503851089885373,1.2774670684281595,-0.17698574512956336,0.07013007842637295,0.016627096778965,79.78143918051133,70.52508673593498,32.16027865613129,0.07192298368092374,0.06500418034458734,0.9952896769062572,0.03248729183568689,0.18022177703699116,0.9830893585787672,0.17933385957322884,0.9820024351980599,0.05925018207271394
K14Wp0R,2564,39.43630003126307,0.2681575495133818,11.08273958198628,219.625085142544,212.11610340406,20.37461477955027,-8.698144695099202,28.21845209110672,-5.587362387831899,-0.199069278250133,-0.03674137617742692,-0.014634850557658483,71.74118854660401,92.11580332615428,28.861158453005068,-0.16281043229796235,-0.1021945683474141,0.9813506169230426,0.08401640320693222,0.2546560726807668,0.9633750716304519,0.31963306477602266,0.9395771859414805,-0.12259451684384408,39.436300031263066,0.26815754951338144,11.578930078135608,211.98987140855297,202.02062583075949,20.374614779550242,0.3861788399718993,29.527695136732394,-5.578840723992239,-0.20038876361780866,0.02510921682260349,-0.02016322800462669,54.010497239312485,74.38511201886273,28.861158453005075,-0.18607511166328627,-0.07525715578661159,0.9796491276586762,0.15757930363558642,0.2169728886906041,0.9633750716304519,0.5916793537237437,0.7991299064737306,-0.10633407241491043,39.35866174644838,0.2658030646790279,11.08745981610289,219.908323183354,212.2505962597206,20.24668592776267,-8.70712963031924,28.21806108589803,-5.587149894857365,-0.19884155383738292,-0.037229106550021276,-0.014623099120358233,72.15891944307464,92.4056053708373,28.89700883257718,-0.16263847199901538,-0.10261960001797113,0.9813347772895736,0.08143618331139349,0.25302058659412796,0.9640273496157858,0.31276796982142613,0.9417825443818187,-0.12337680556527306,39.358661746448355,0.2658030646790277,11.587041987840955,212.28310500522022,202.14514979783434,20.246685927762666,0.3774929763224172,29.53003653651745,-5.5788675373262056,-0.20031935981824633,0.02457548121398931,-0.020149559299655107,54.42825480305453,74.6749407308172,28.89700883257717,-0.1860395768416493,-0.07571366681882813,0.979620700325094,0.1546234710982723,0.2162009513815449,0.9640273496157858,0.5858249414031186,0.8033060231564269,-0.10727800888643853
K14Wr6C,2566,39.6438033967584,0.2010440372339664,22.42061198880684,260.5453592978688,88.49871368339008,47.58200969574519,18.01764846249483,29.552172318457266,-7.111922808114585,-0.1192330789867242,0.12087869287427572,0.05048428521146829,349.04407298125886,36.626082677004035,31.673653110564462,0.009992525157157574,0.38127203290372946,0.9244088848374625,0.1973797416345099,-0.03820919391490217,0.9795822043568715,0.9072349799177933,-0.18810031429286503,-0.37622195972123534,39.64380339675838,0.20104403723396613,20.934708245086146,261.98990995553595,69.5738327468531,47.58200969574713,26.288975388932922,22.7288929349579,-6.390085276247439,-0.07850988311244332,0.15124920511354323,0.048339681165193604,331.56374270238905,19.14575239813621,31.673653110564455,0.1246990693374092,0.33483754748208844,0.9339882006227724,0.17678755492030135,-0.09573330315325905,0.9795822043568716,0.8180898075105021,-0.4533674112124314,-0.3538178306670931,39.33850246228333,0.1962234293478309,22.43611833409181,259.2531884641068,88.48961627721387,49.1056496794039,18.00866352727483,29.551781313248437,-7.111710315140103,-0.11905886440704795,0.12028531839960828,0.050452390857547144,347.7428047413207,36.84845442072458,31.619366603726007,0.01005965716657995,0.38152051964464195,0.9243056293173667,0.1917504089970467,-0.04165831098938714,0.9805592107440412,0.9028635407623872,-0.2103402246762232,-0.3749592199762012,39.33850246228331,0.19622342934783066,20.95029715253904,260.697374941609,69.56521862077247,49.10564967940553,26.280289525283436,22.73123433474282,-6.390112089581457,-0.0785221680532176,0.15063092477735282,0.04830743612090594,330.2625935623814,19.368243241786956,31.619366603725997,0.12483812721401993,0.335056909302835,0.9338909516223658,0.17038234630753338,-0.09733185651040904,0.9805592107440412,0.8071737728058027,-0.47324784483078053,-0.35285546312543886
K14Wr6D,2567,39.81945893074601,0.2562832907121074,16.58694385700065,329.035466657773,68.29622004282315,0.1860902709658531,22.861792499260645,18.324680862738887,-4.308455192019761,-0.11879433790732408,0.1604786956336386,0.05055335405391532,37.33168670059615,37.51777697156201,29.614396961598807,0.10556909938385592,0.2652324966498023,0.9583876501584284,0.20378064089012463,0.15541742340109954,0.9666017147211013,0.7752461480223346,0.6143457731243789,-0.14687641410635585,39.819458930746045,0.2562832907121082,15.396611336428972,332.80278128549963,47.09203036748955,0.18609027096324307,27.437555122109238,10.5626062812918,-3.5538976645020446,-0.06613600649107823,0.188866707118446,0.04874980681870671,19.894811652989176,20.08090192395242,29.614396961598803,0.18075782717983183,0.1944643374222152,0.964111108422761,0.2409880337474987,0.08721176921001778,0.9666017147211011,0.9283044598533179,0.3514620661785939,-0.12134762401429032,39.41213701221835,0.2487774940764955,16.60848999523905,329.3575891669131,68.2684144328743,0.02288862670913369,22.852807564012235,18.32428985756839,-4.308242699033171,-0.11862041739198144,0.15985877944518123,0.05052141340697059,37.626003599787396,37.64889222649653,29.60728433011917,0.1058312389576602,0.26551600239695056,0.9582802311077012,0.19703492193103309,0.1518798245278564,0.968560663273612,0.7722602215512595,0.6183777419017533,-0.14568156551220868,39.41213701221832,0.2487774940764954,15.418632615062545,333.1218803654346,47.067526053051225,0.022888626850873773,27.428869258443925,10.564947681121836,-3.553924477824386,-0.0661565849640947,0.1882232138302445,0.04871728688968202,20.189406418485817,20.212295045336692,29.60728433011915,0.18109336100266102,0.19465829946162144,0.9640089942793426,0.2334918211652722,0.08585925114922241,0.968560663273612,0.9266436883269669,0.35620765462527454,-0.12019809345474804
K14Wy1X,2572,39.8744092413861,0.1325545733486494,10.47753493132413,99.15991255469126,122.8858861631437,159.5662097685278,39.66353364663389,19.415671753540426,-8.109275079668123,-0.05665103985231351,0.12743745038693546,-0.003998538281668464,222.04579871783494,21.612008486362754,34.58887393686472,-0.09873865271182597,0.15270918921230903,0.9833262846028131,-0.09843631543689312,-0.08877503432187987,0.9911757084817795,-0.7287864658333265,-0.6607865779375406,0.17953101580441283,39.87440924138608,0.1325545733486494,8.964392047393444,96.48524035430779,107.94002702578359,159.56620976985312,43.88245133255377,6.527217268758829,-6.902930759400587,-0.01539259229924036,0.13859699200937992,-0.004424284588751369,204.42526738009138,3.991477149944501,34.58887393686471,-0.04799607158493786,0.148244526689983,0.9877853701178594,-0.12069112376553104,-0.05481211143402286,0.9911757084817795,-0.8989550070988515,-0.40976770910584626,0.15482351173529968,39.5979567125132,0.1396190523197147,10.48070762736419,97.85277865489563,122.9618203952652,160.899361154316,39.654548711461054,19.415280748223935,-8.10906258669029,-0.05651877058654104,0.12683967993639503,-0.0039939157821871265,220.81459905016084,21.713960204476848,34.069327522515024,-0.09897057717802167,0.15262388228794377,0.9833162133354688,-0.10566768331871913,-0.09125689274082321,0.9902052919618965,-0.7429615557870751,-0.6446212740313745,0.18019861178326763,39.59795671251321,0.1396190523197146,8.968207170984346,95.16627984236709,108.02759140262577,160.899361155466,43.87376546891663,6.529558668426866,-6.902957572730914,-0.015447181303774088,0.13798719175894159,-0.00442116483585521,203.19387124499286,4.093232400458874,34.06932752251503,-0.04824293061349851,0.1482335456860007,0.9877749923839829,-0.12833468766078707,-0.05498806883009654,0.9902052919618965,-0.9075998453624081,-0.39007562615157926,0.15525310489837627
K14X54T,2589,39.55321949502915,0.191826886670219,37.74043644946911,133.788508114908,62.13796619693838,161.0371050822058,39.33816444520629,6.205419116517428,-24.673952325879352,0.011988620341006846,0.125969997513075,0.03736366834778859,195.9264743118464,356.9635793940522,31.965848541513896,0.28605444889061354,0.5411296133342552,0.7907917512484602,-0.18446353877315466,-0.05263798355630569,0.9814287776249538,-0.828095142891304,-0.34498526147128894,0.44186378408669924,39.553219495029154,0.1918268866702192,36.64752228493643,135.67326991629358,43.05408838190356,161.03710508220527,40.039764430283576,-5.967614243549005,-23.579804416429923,0.04843299066540517,0.11646365816383991,0.03871269489236683,178.72735829819715,339.7644633804024,31.965848541513893,0.4361536233218908,0.4074902908365629,0.8023226780648292,-0.19177956842153124,0.004260467772479375,0.9814287776249537,-0.9054557200940958,-0.07872064823349201,0.41707672973996174,39.30962050365419,0.1987536026456701,37.78978516630581,133.3630559142331,62.02007324229722,161.542392206982,39.329179509986176,6.2050281113087,-24.673739832904843,0.012074884200438743,0.1253732106156731,0.03734056802495479,195.38312915653032,356.9255213635123,31.49669180991882,0.2874867249090681,0.5411411700455484,0.7902642704075598,-0.19163296781207514,-0.05272381067571936,0.9800494913193757,-0.8295152612385952,-0.336810808659646,0.44549176259758183,39.30962050365419,0.1987536026456701,36.69921988061456,135.2493457093886,42.935984406300896,161.5423922069817,40.031078566634015,-5.96527284376396,-23.579831229763915,0.048335622866872846,0.11586869267514745,0.038686902289869096,178.18533011568948,339.7277223226712,31.49669180991882,0.4375224796535263,0.4070833427712166,0.8017837812253636,-0.19865392478495753,0.006293864644664133,0.9800494913193757,-0.9044405592954896,-0.07049909145109695,0.42073406423277837
K14Y72R,2591,39.6299752491562,0.1369761948019688,26.77880504093784,127.0817383897394,88.76613575544053,154.3420076414761,38.32717285532287,12.450688943653182,-19.20286571079521,-0.027816978006439855,0.1362159669714626,0.015515494073216476,215.84787414517993,10.18988178665603,34.201612039430586,0.0097017837929941,0.450442854913324,0.8927525468172959,-0.11102944729983302,-0.08021807635888874,0.9905743394907689,-0.7250351465584465,-0.5874775443886945,0.3594359067956365,39.62997524915616,0.1369761948019692,25.28922081092591,128.27362027132943,70.11272068951035,154.34200764147616,40.81147345729538,0.29129631100607334,-18.08537161531135,0.014197179162629945,0.1382553131009563,0.015912667372194135,198.3863409608398,352.7283486023159,34.20161203943053,0.14531679690553564,0.4017118597073207,0.9041629334957285,-0.12998372907192413,-0.043205417704075544,0.9905743394907689,-0.8782001472933878,-0.3410165913320506,0.33536873099640807,39.35149840917666,0.1440823830378627,26.78963693877926,125.8569753711603,88.72592644554037,155.6435083032006,38.31818792010279,12.450297938444393,-19.202653217820693,-0.02770403463392164,0.13561231276173305,0.015507037385340136,214.58290181670066,10.226410119901288,33.681640742271824,0.010021647914635608,0.45060466255621323,0.8926673538646276,-0.11862385984342988,-0.08178088393821435,0.9895656961001279,-0.7363361452424753,-0.5695323232400713,0.36529715848089933,39.35149840917666,0.1440823830378628,25.300427572640036,127.05081779147562,70.07085042705016,155.6435083032002,40.802787593645824,0.29363771079105305,-18.085398428645338,0.014122757754025944,0.1376457418591236,0.015902156379767326,197.12166821852577,352.76517652172595,33.681640742271824,0.1456705964471255,0.4017718100217582,0.9040793604560271,-0.13769690335559326,-0.04241810825755704,0.9895656961001279,-0.8837118196003175,-0.3204959380727547,0.34108030370802844
K14YA0D,2602,39.79178306609493,0.2988101297924732,25.29841318445586,257.3879730431311,185.3737872792802,357.0443662632505,6.507921012336016,24.689325929854117,-11.330383078080338,-0.2105528055672952,0.03751225655383684,-0.02697316123939057,82.7617603224113,79.80612658566179,27.901595203441165,-0.42545466034597224,-0.040020930759551876,0.9040943850566889,0.03764868723531563,0.29642886164483384,0.9543125831368909,0.1347604608630832,0.8988506709896898,-0.4170216894231685,39.7917830660949,0.298810129792473,25.009070051983198,253.73615574063072,171.09714614764636,-2.9556337367725902,13.968929387003325,21.57004025619195,-10.949694360875753,-0.1885699752515446,0.09936289618061242,-0.032180491722454296,64.8333018882771,61.877668151504515,27.901595203441154,-0.4176683607692441,0.0654264338753218,0.9062408742507098,0.12706999652306905,0.27044539125343176,0.9543125831368909,0.41132384792722987,0.8161516725553442,-0.4058437377999707,39.56089951651605,0.2949170112643058,25.31613448805005,257.7788706579509,185.5043746656167,356.7590352331071,6.498936077129596,24.688934924643068,-11.330170585104064,-0.21031738437492523,0.03697475803692456,-0.02695314010803686,83.2832453235676,80.04228055667471,27.893717268177618,-0.4256406626716477,-0.04101733448942503,0.9039621698676462,0.03449383553708211,0.29289284532574605,0.9555228707189218,0.12596451038077783,0.8997078853349271,-0.417921838614213,39.56089951651599,0.29491701126430503,25.030310354942443,254.1281643644197,171.22619991300863,-3.240964766930947,13.960243523366062,21.572381655970645,-10.949721174207639,-0.1885084929386651,0.09877939239641959,-0.032158768503629656,65.35436427742832,62.11339951049737,27.893717268177603,-0.41814666399478634,0.06453674718602072,0.9060840886212929,0.12298182725780678,0.2680513266100379,0.9555228707189221,0.4032256401175984,0.8196258917740019,-0.4069674196854404
K15AU9B,2607,39.87199506887904,0.2353937822031387,24.15615836316401,28.75784655519531,56.56573637259394,358.9071461880594,4.457306404485866,29.6272344001104,5.653010998935851,-0.1870575106830296,0.012922835662455695,0.07320533583568811,85.32358292778925,84.23072911584865,30.486375345630705,0.225474733465398,0.34150582186956135,0.9124335143986674,0.019191251601460374,0.23461016295520562,0.971900080924012,0.11668572463005611,0.973458791184063,0.19688175012941514,39.87199506887901,0.2353937822031381,23.193546946948448,31.874913841252727,36.128419462751765,-1.0928538119390383,13.038020746144511,26.89671038038863,6.01449230386449,-0.17636578976616754,0.06882482439273897,0.06837239886658267,68.00333330400449,66.91047949206545,30.486375345630705,0.3181022950024444,0.2322059548637337,0.9191797019299325,0.08816736536177848,0.21825844401777697,0.9719000809240123,0.3997157687001698,0.8927343289809763,0.20797288792368668,39.70453051214761,0.2322731020377584,24.1917376971371,29.38912938152885,56.62421482074659,358.4936330813633,4.448321469265824,29.626843394901698,5.653223491910349,-0.18683783710039611,0.012401818087942414,0.07315821280558528,86.01334420227543,84.50697728363878,30.482236045138258,0.22543771999070433,0.34220886329915196,0.9121792193888738,0.016148587413899608,0.2317110637297636,0.9726506084251205,0.10551362880067461,0.9738713904788465,0.20110044491276427,39.70453051214759,0.23227310203775842,23.227773033024548,32.49927797292508,36.19399605660402,-1.5063669186378967,13.029334882495023,26.899051780173682,6.014465490530488,-0.17631248725064175,0.06826178860594237,0.06832672698847649,68.6932740295291,67.18690711089121,30.48223604513824,0.3182793830249088,0.23289408088296426,0.9189442754764636,0.08439889360662742,0.2163969054497317,0.9726506084251205,0.3890779988380602,0.8965024818403247,0.21190000206302206
K15Bp9A,2612,39.22364035861693,0.2124276893654787,2.815861883872433,43.93369085240148,152.8874785701995,16.95119626447026,-22.92183500634833,-21.506794579085195,1.4553973441637793,0.12193933638310721,-0.15225767705946755,0.003932591211462964,196.82116942260097,213.77236568707124,30.8914530687334,-0.04372795125635894,0.02238878328989371,0.99879257539377,-0.20333846973814088,-0.061473489682199435,0.9771767889132671,-0.9568308498313866,-0.2886397987901676,0.034085060735137895,39.22364035861691,0.2124276893654783,2.04136624030056,10.58066440545586,168.63055629613157,16.951196264470358,-28.377046220908483,-13.577925843118777,0.6738635839797597,0.0701142873563934,-0.18197977491278658,0.005866471335545614,179.21122070158742,196.16241696605778,30.8914530687334,-0.034922013774992544,0.007022133840054158,0.999365369917445,-0.21240755953982007,0.0029243562529097018,0.9771767889132672,-0.999882266970111,0.013880604772320365,0.006540719369169909,39.44325680315935,0.2167833172133334,2.814036809031963,44.12166497154114,152.7840580608122,16.7219963836162,-22.930819941568437,-21.50718558429388,1.4556098371383042,0.12195190629773568,-0.1526679831804747,0.003931897909173343,196.90572303235336,213.62771941596958,30.892616751673085,-0.043659174803554614,0.022453126465952097,0.998794139734198,-0.20741492693294997,-0.06304010396101643,0.9762197464597729,-0.956400600385021,-0.2900512050875623,0.034178794747976526,39.44325680315934,0.21678331721333344,2.0370489829408243,10.756300029034355,168.53954143518703,16.7219963836161,-28.385732084558022,-13.575584443333693,0.6738367706457831,0.07000238777181055,-0.18237471010903758,0.005862693758260347,179.29584146422138,196.01783784783748,30.892616751673078,-0.03483701373890119,0.007062636887491343,0.999368051137293,-0.21676694580551784,0.002664174950043605,0.9762197464597729,-0.9999010462449078,0.01240516592787344,0.006633971407874235
K15FY5R,2620,39.15347249539761,0.1351714377591327,13.58513009497916,11.15139486922111,98.33736869012037,84.5959802634169,-33.22755376227285,-19.275524675185245,8.620012900867607,0.05800379495505154,-0.14771875337099435,-0.008692499259506738,109.48876355934148,194.08474382275838,33.86104132493206,-0.03405939177180403,0.23240740311183958,0.9720219939954783,-0.045096163876964954,0.12742705203155652,0.990822225434073,-0.32826816965427214,0.9434915409688446,0.04542819512229125,39.153472495397565,0.13517143775913298,12.029558288704205,12.368265891798796,79.56828958017121,84.59598026341712,-37.72121748814273,-8.337776254524993,7.583669381061233,0.010907119558812423,-0.1583394623299104,-0.008395193985221486,91.93655547197001,176.5325357353871,33.86104132493201,0.03773657604793679,0.20497145227858313,0.9780402111257935,-0.004567825981134645,0.1350942358195835,0.990822225434073,-0.029166916374002566,0.9985771975572583,0.044641589442181676,39.36722532116244,0.1356051459008944,13.58158865576953,13.31839314525268,98.34377034883211,82.33376407057223,-33.236538697492946,-19.275915680393943,8.620225393842134,0.05805921736242022,-0.1481321016840289,-0.008684730654918477,111.6621634940848,193.99592756465702,34.02882698777282,-0.03407663997695678,0.23234415123885385,0.9720365106275471,-0.0500563484151054,0.12602824119279152,0.9907629607555973,-0.3627595590604651,0.9303113119875496,0.054095887997712026,39.36722532116243,0.13560514590089445,12.025985724775794,14.534784722185105,79.57514205983514,82.33376407057222,-37.729903351792274,-8.335434854739923,7.583642567727258,0.010834903297019161,-0.1587502423333015,-0.008389412749114849,94.10992678202025,176.44369085259245,34.02882698777281,0.03770102670528841,0.20491598655631174,0.9780532046054655,-0.009718855371369198,0.1352564210862955,0.9907629607555972,-0.06625323670972044,0.9964317422387484,0.05229045500412395
K15G54F,2623,39.12503122604736,0.2771240213090261,10.74600490808771,248.9981378703552,201.089654474591,92.3920977307405,-35.86385981871617,-22.548248302076427,1.5435297435431523,0.041999373568403206,-0.13823416033144414,0.02734547616499087,90.0877923449462,182.47989007568668,28.282545238843905,-0.17396646462066503,-0.06709198538526807,0.9824634011933726,-0.00042462740463895246,0.277123695988006,0.9608341567687498,0.004358708458682914,0.9847238003294096,-0.17406906309099676,39.12503122604734,0.277124021309026,10.955153439321123,240.6783547348217,191.67884268853564,92.3920977316367,-41.02669141154889,-10.661243835920677,0.4133985370112403,-0.0024727052684181752,-0.144463393641872,0.027287710704579887,72.35719742335732,164.749295154994,28.282545238843888,-0.1861063061203599,-0.03846909892919422,0.9817762327790436,0.08399127033665836,0.26408935929665905,0.9608341567687498,0.3062982287153684,0.9374044409386837,-0.1656934192847201,39.32439132469952,0.2759642085160706,10.70895318443492,250.0522915037911,201.0444561514041,91.29535545081742,-35.87284475392808,-22.548639307312836,1.5437422365227689,0.042065522863222404,-0.1386538656478249,0.027329090487844755,91.0967476551952,182.39210310601263,28.472266797402582,-0.17342634165487675,-0.06672657190471026,0.9825837718088222,-0.005282145008783693,0.2759136519384416,0.9611679122911349,-0.013261871330907282,0.9845374031203726,-0.17467176253131222,39.324391324699484,0.27596420851607073,10.917273542548456,241.70338597848442,191.6632739112561,91.2953554517505,-41.03537727519913,-10.658902436164501,0.413371723682338,-0.002535953766116719,-0.14488347401431845,0.027269575643427146,73.3666598897405,164.66201534149099,28.472266797402554,-0.18548103286383053,-0.038287301248057896,0.9819016595417828,0.07899364029743715,0.2644168095535162,0.9611679122911349,0.28946751341638344,0.942549516314516,-0.16676021099713123
K15G54G,2624,39.27325193219634,0.2602953421486022,0.892193611318048,71.30782344589099,64.8120580734137,53.49848616929202,-27.8152577338491,-21.766528383757986,0.247717715147716,0.07201063513585945,-0.1611582579719211,-0.0020828975422879283,136.11988151930467,189.6183676885967,29.050607383217038,0.006626881052373995,0.014090535523225195,0.9998787632789219,-0.18761871626688875,0.1804241736869608,0.9655290440249542,-0.7206877549101512,0.6931028812959008,0.014749774977475434,39.27325193219636,0.2602953421486026,1.1046706485475113,175.28447330373572,303.26138380942865,53.49848616968364,-33.08525354761701,-12.347337346443831,-0.6640353083998827,0.0200142292924038,-0.17538226103737722,-0.0015320857137179206,118.5458571131644,172.04434328284805,29.050607383217038,0.01057371842681948,-0.016120614707401903,0.9998141438587903,-0.12438524636605298,0.2286525215927312,0.9655290440249542,-0.47787475124816287,0.8784265536900625,0.0015848948565352424,39.50416732621929,0.2626652441109429,0.8903045035983573,72.14520344117071,64.88378009862723,52.48902655750809,-27.824242669062293,-21.766919388982647,0.2479302081220499,0.0720566695252351,-0.16156259852083152,-0.0020795589918340494,137.02898353979793,189.51801009730602,29.127795572078362,0.0065952444356600125,0.01406896984280757,0.9998792761320718,-0.19219179203924755,0.17904006684707152,0.9648870242345157,-0.7315945579321542,0.6815795375980187,0.014789750901447185,39.50416732621925,0.2626652441109427,1.104047657448914,176.30269170889255,303.15223847395595,52.489026557918336,-33.093939411264785,-12.344995946676065,-0.6640621217340015,0.019935909033671376,-0.17578161818591695,-0.0015309044433067269,119.4549301828485,171.94395674076685,29.127795572078345,0.01053704526979775,-0.01613162618976833,0.9998143534244024,-0.1291626844546111,0.2287138636120244,0.9648870242345157,-0.49174879428278667,0.8707362284241625,0.0012425099960450662
K15G54H,2625,39.17360679804915,0.2556810568012173,18.0871032269523,196.3705891243494,24.3240906010391,1.847315326065663,-21.20921885121213,-19.790520980561155,-3.0366388976893117,0.13818998856504794,-0.1422491779272046,-0.060924806179634125,220.6946797253885,222.54199505145417,29.157657613208592,0.2829027686729659,0.12787872451974222,0.9505856380633858,-0.19385606929957402,-0.16671120898939595,0.9667611893290983,-0.7639315410701164,-0.6393369474125103,-0.08750353268005875,39.173606798049114,0.25568105680121667,17.96800662244491,201.4588294541471,1.902964982459931,1.8473153260655952,-26.103051726668596,-12.459171532981742,-3.757205879666947,0.09040889976836781,-0.17734777798479961,-0.05845622340800866,203.36179443660703,205.20910976267263,29.157657613208592,0.30831575567475494,0.010243859535527968,0.9512289199475178,-0.23472013071412817,-0.10138670053083677,0.9667611893290985,-0.9186117240859091,-0.37870362214773484,-0.11285418443327327,39.37411673197465,0.2593450648429082,18.04636038927944,196.1336618414415,24.27166936057744,1.987486668789239,-21.218203786432074,-19.790911985769995,-3.0364264047148497,0.1381916665572959,-0.14266619219718127,-0.06088202911960604,220.40533120201894,222.3928178708082,29.16263387498845,0.2824033699082547,0.12734194259338133,0.9508061665350123,-0.19748556092581088,-0.16810507393945637,0.9657847261898626,-0.7670972127804928,-0.6357291519013222,-0.08608316657294189,39.37411673197461,0.2593450648429081,17.9288681363366,201.23322283292669,1.8386791395848288,1.9874866687901258,-26.111737590318032,-12.456830133196853,-3.757232693000983,0.09028339781628247,-0.17774581775497394,-0.05841688900488412,203.0719019725115,205.05938864130164,29.162633874988423,0.30767753773649836,0.00987707217272206,0.9514394233043428,-0.23860103603511829,-0.10163369648566559,0.9657847261898626,-0.9205780759753506,-0.374308094312815,-0.11148747268384247
K15G54J,2626,39.03692142742342,0.2038002260204394,19.2138927494399,32.22058683322892,25.17875170148093,143.8967305000836,-38.80805978028667,-24.452603390894666,-1.9581284184494656,0.05689835775615304,-0.11298641493534903,-0.044071735213107345,57.399338534709855,201.29606903479345,31.081188017372394,0.29782656762799914,0.14001166146371338,0.944296600792937,0.10980358989089943,0.1716907212782722,0.9790124962808278,0.5514161694575961,0.8155681670523921,0.17546729880953027,39.036921427423394,0.20380022602043946,19.067087901746216,37.015803336540266,3.0659679818800605,143.8967305000839,-44.31085560979221,-11.587260511014547,-3.1801025744250735,0.021316268862320756,-0.12489576504860617,-0.043500982456686065,40.08177131842032,183.9785018185042,31.08118801737237,0.3262074456172092,0.017472443976841483,0.9451367182187832,0.15593291093092926,0.13122293783706068,0.9790124962808278,0.7668929034735306,0.6108978839214056,0.1966699011600071,39.20507350968795,0.2001704180748492,19.14263856192711,33.13723006211455,25.14676105982813,142.8783937970008,-38.81704471550676,-24.452994396103385,-1.9579159254749525,0.05695452107754992,-0.11342304243312833,-0.044040253843787736,58.28399112194268,201.16238491894347,31.357377554598518,0.29684142104398387,0.13934621776710684,0.9447051404256199,0.10523146111094678,0.17027781964987457,0.9797610952307405,0.538553847820386,0.8233023509845834,0.17925677633248444,39.20507350968793,0.20017041807484925,18.996964125189773,37.94988874856619,3.0155548462983903,142.87839379700094,-44.31954147344176,-11.584919111229501,-3.180129387759062,0.021237075917684246,-0.12532896053113357,-0.04347167173272321,40.96544359486458,183.84383739186552,31.357377554598497,0.32506730651197485,0.017124549638690457,0.9455358248298802,0.1511497090128829,0.1312324721156344,0.9797610952307405,0.756867145411062,0.6221561614143644,0.20018450242577168
K15G54K,2627,39.35736772527699,0.3118799759027424,30.59365073934327,58.30515152454583,204.8214962142831,339.7237296105696,-21.152979597676705,-18.66870808649539,4.767965428639607,0.15747840767505472,-0.10357796687559116,0.09466940445789034,263.1266477388289,242.8503773493985,27.082592827522227,-0.46192961766625096,-0.2136517933990417,0.8607984313996421,-0.037324268417771936,-0.30963852853960744,0.9501215083508555,-0.1693956860376048,-0.8853138492745947,0.4330409793939248,39.357367725276966,0.3118799759027422,30.82852858274865,55.248071284468104,189.86762845514605,-20.27627038943111,-25.925732697951393,-11.406754198069265,4.055249011640458,0.11617985784660899,-0.1463097245383529,0.09790733058671572,245.11569973961414,224.83942935018302,27.082592827522223,-0.5048891616512462,-0.08782334741627189,0.858704835258136,-0.13123511941293975,-0.2829248359578326,0.9501215083508555,-0.440682237129254,-0.7927847506826959,0.4210599778698178,39.50304750492236,0.3134200782466375,30.52925152947377,57.82377161803635,204.7695706948708,340.0859106880946,-21.16196453289674,-18.66909909170418,4.768177921614171,0.15746715769607647,-0.10402090034096122,0.09460789523781751,262.59334231290717,242.67925300100183,27.121999264948958,-0.4612442555995926,-0.21282757633709695,0.8613699318102849,-0.040403241318813704,-0.31080496060883916,0.9496145821078527,-0.17807210864281398,-0.8851128584077783,0.4299599423256939,39.50304750492235,0.31342007824663765,30.762811722488355,54.760445375887514,189.8228481145775,-19.914089311906057,-25.9344185616009,-11.404412798284305,4.055222198306523,0.11603708303236711,-0.14672856741631793,0.09784186306101104,244.58329349046502,224.66920417855897,27.121999264948943,-0.5039868405088254,-0.08726063113089212,0.8592920614369541,-0.13451943150271822,-0.28308420654694594,0.9496145821078527,-0.4488046151214816,-0.7899722051552741,0.4177539138389635
K15G54L,2628,39.32531238172194,0.2367963045816563,1.247004150480659,161.8364227516387,118.4744354679949,319.8145894026551,-26.280871311791287,-20.640402932496883,0.7170808453224926,0.13959754792980766,-0.12213620727934187,-0.001403584601955136,280.3108582196336,240.12544762228868,30.013223733210932,-0.01037568552790068,0.019129985474711172,0.9997631663576947,0.04238385552666299,-0.23297231306364172,0.9715593188974472,0.179053566968847,-0.9838159362519555,0.006784079334796754,39.32531238172196,0.23679630458165657,0.42537097364413096,26.360835503791193,236.36440543418132,-40.185410597352515,-31.295987219492588,-11.737322588508517,-0.14518082563796553,0.09618373168203904,-0.15859960253154606,0.001246756947155636,262.7252409379725,222.53983034061997,30.013223733210936,-0.004112250513603643,-0.006181100283947979,0.9999724413177561,-0.029984954750396694,-0.23489017082914587,0.9715593188974472,-0.12663781759829384,-0.9919435450520167,0.003296450148112772,39.50962376469683,0.2379505392279747,1.247146606583301,160.8160090364597,118.4531348735704,320.6756731431554,-26.28985624701088,-20.640793937706004,0.7172933382970121,0.13959828251208348,-0.12256670217229204,-0.0014007013577700782,279.2691439100301,239.9448170531855,30.108287485192818,-0.010369757247315014,0.01913602695413013,0.9997631122456172,0.0383272492195742,-0.2348435246842982,0.9712772729149571,0.1611407752720071,-0.9869055164655548,0.007152070650724939,39.50962376469682,0.2379505392279747,0.4249444443313791,25.28802131273232,236.39551121728516,-39.324326856851414,-31.304673083141775,-11.734981188724001,-0.14520763897193756,0.09605435917631468,-0.15901020817720243,0.001246075711480532,261.6835325300175,222.35920567316606,30.108287485192808,-0.004104774191061717,-0.006177131850714924,0.99997249655725,-0.03441730785909616,-0.23544831288122692,0.9712772729149571,-0.1446503813565425,-0.9894777562068018,0.003168145413317778
K15G54M,2629,39.33411149774552,0.2342897894195815,9.167870660447452,259.2341471986267,206.2832762454433,84.09366694444343,-32.7556500257209,-23.82995505108029,1.107420539349751,0.058874488607058295,-0.14093041884939408,0.024600660152052922,105.51742344407,189.61109038851345,30.118530797932383,-0.14285564239332887,-0.07055178101382546,0.9872257652797392,-0.06267987544708778,0.22574972567028603,0.9721668038838439,-0.2619744102092605,0.9522971600706475,-0.15652324848689417,39.33411149774549,0.23428978941958156,9.534163837045602,249.7708882700704,198.03901802969096,84.09366694459094,-38.43982231321888,-12.821991370408734,0.048419214302291236,0.012869412379081513,-0.15213127015327593,0.024964689308966063,87.80990629976134,171.9035732443523,30.118530797932358,-0.15749399105052914,-0.05129150123924224,0.9861870130373857,0.008953393301043474,0.2341186497796976,0.9721668038838439,0.04222859082065672,0.9869456570415568,-0.1554188410847,39.54071840557558,0.2342867627587978,9.138636607071371,260.4759219852434,206.2441320286304,82.77965735292273,-32.76463496093844,-23.830346056295333,1.1076330323253296,0.058929327436166586,-0.1413483170113596,0.02458611417479578,106.72005401387378,189.4997113667965,30.276851493176068,-0.14245200213764328,-0.07023141691475697,0.987306930576871,-0.06740330553411983,0.22438155362478285,0.9721675332966035,-0.28216027965749346,0.9464941388162944,-0.156634676141671,39.54071840557557,0.23428676275879767,9.504303471754,250.98193455168447,198.0309902226637,82.77965735307909,-38.44850817686794,-12.819649970630483,0.048392400969382576,0.012795880899877671,-0.152546211167956,0.02494811124186281,89.01292477434816,171.79258212742724,30.27685149317606,-0.1570124328947779,-0.05111033940376625,0.9862732020705494,0.004036025375435803,0.2342519961562035,0.9721675332966035,0.021243813802637013,0.9875114104834539,-0.1561086626042834
K15G54N,2630,39.37654958745544,0.1683726203280224,1.228566730986885,120.7078819111442,178.3423045454652,297.3864002242831,-29.469409457145563,-22.86541237529565,0.5084448306360957,0.12291701210021952,-0.11447521476909937,0.002377731188122071,299.05018645660937,236.43658668089245,32.746616753939264,-0.02143191823618714,0.0006202465547709339,0.9997701176645203,0.08175762437107507,-0.14719045530645855,0.9857234199935982,0.48558124772838607,-0.8739971517781578,0.018434493163946932,39.37654958745546,0.16837262032802247,1.6501741071446223,56.117373476610126,225.33446064943485,-62.613599775717596,-35.00053499548031,-12.895204971356364,-0.4559953595038173,0.08249763786001012,-0.14625770407315541,0.004652312591371225,281.45183412604496,218.83823435032735,32.74661675393927,-0.020243335407441807,-0.02048106432942235,0.9995852806917056,0.0334293882359428,-0.1650206510661469,0.9857234199935982,0.19829921898270247,-0.9798499315082747,0.02390672445316863,39.55317742232818,0.168063596453941,1.226409581130089,119.2265187062039,178.2408077523077,298.7810486073195,-29.478394392365573,-22.8658033805044,0.5086573236106221,0.12292892673234612,-0.11491084440586663,0.002378080023372436,297.4673264585116,236.24837506583117,32.90572817355089,-0.021393162884995952,0.0006570556744022562,0.9997709241919455,0.0775181087827506,-0.14911846050633296,0.9857761548886069,0.46124884772854746,-0.8870741867465313,0.01867853519597561,39.55317742232818,0.16806359645394098,1.647285780863989,54.49913551226847,225.3698765689789,-61.21895139268091,-35.009220859129776,-12.892863571571366,-0.45602217283779034,0.0823774383936139,-0.14667658181759036,0.004649348798213038,279.8690120812474,218.65006068856647,32.90572817355089,-0.02019527139094396,-0.020457712977180704,0.9995867311010033,0.028805476485928495,-0.16557661965824685,0.9857761548886069,0.17115685406916398,-0.9849658066147315,0.023402801219902274
K15G54O,2631,39.06893008179205,0.2741453870482739,10.2364567192271,275.877363910664,32.27825806987627,301.0298677090828,-28.43615115027623,-22.27860215829969,-0.6591304357454121,0.1373066102461802,-0.10044845726867752,-0.02857793581126377,308.1556219805402,249.18548968962295,28.35836312295721,0.15024829686081115,0.09490324962818898,0.9840827315324842,0.16936689135668095,-0.21557028865783462,0.9616882586161444,0.6093438898163671,-0.7729488962172619,-0.17677677387025603,39.06893008179203,0.27414538704827374,9.95254321321178,284.74710608767333,5.962886395524209,-58.97013229241951,-33.80655948879149,-12.647931535857854,-1.5911073802643858,0.10129817739971234,-0.137232986245326,-0.02579695605828427,290.70999248319754,231.73986019077802,28.35836312295721,0.1718972965136687,0.017954564236632463,0.98495124400874,0.09694822130292184,-0.2564307618559979,0.9616882586161444,0.3521261508759188,-0.9209080788103015,-0.1671391164605975,39.22250179072152,0.2732917339966809,10.20677222976578,275.0032683124209,32.25573321818572,301.7227429226116,-28.445136085418895,-22.278993163562472,-0.6589179427871356,0.13730888031888516,-0.10089348827272072,-0.028556839087339383,307.2590015306066,248.9817444532182,28.503316264647314,0.14985441141051342,0.09457205795434634,0.9841746700840701,0.16545601856363262,-0.21751477603138467,0.961931197190884,0.5970052540267734,-0.782574813657278,-0.17652588391990656,39.22250179072152,0.27329173399668094,9.923831998897308,283.89954351873035,5.913444107895142,-58.27725707875021,-33.81524535238313,-12.645590136147732,-1.591134193613021,0.10116537696145582,-0.13765791276383693,-0.025779511373844204,289.8129876266255,231.5357305478753,28.503316264647314,0.17142176669751663,0.017755369966303895,0.9850377275717219,0.09263255775206276,-0.25711394578128854,0.9619311971908839,0.33745482297578006,-0.9263570954650509,-0.16729248079916725
K15G54P,2632,39.16184460521053,0.2927470597865847,10.94093896248656,96.68366112053035,33.30838638881528,57.25064715327687,-27.382101640187376,-23.156859927035494,-0.834341751558945,0.06900224529678492,-0.15620207564310773,-0.03256020972303451,129.99204750934564,187.2426946626225,27.697329741216027,0.15861849551364227,0.10422611480663214,0.9818233496272654,-0.18814305472317017,0.22428337426818867,0.9561899178438925,-0.6327674956149383,0.7510461734272426,0.18850714011276884,39.16184460521051,0.29274705978658444,10.620985629640236,104.9561257384858,7.599039035300304,57.250647157323165,-33.06250605137122,-13.803564002356586,-1.7458787209240363,0.01948369941743711,-0.16974884925946593,-0.03203559240156007,112.5551647737861,169.80581193110928,27.69732974121602,0.18269268948088366,0.024373290557243615,0.9828679076649383,-0.11228980135601985,0.27035502866622557,0.9561899178438925,-0.3813839767673395,0.9071042942882963,0.1780675757931847,39.38340284921182,0.2946051110494285,10.90912013895995,97.52972174545776,33.28199003063768,56.32364592701779,-27.3910865753443,-23.157250932392646,-0.8341292586133826,0.0690502960456301,-0.15660973804925937,-0.03253644389894116,130.81171177609545,187.13535770311324,27.78085107931539,0.15821065439201448,0.10385380077507154,0.9819286007146458,-0.19254663178451364,0.22297525881784516,0.9556190812994234,-0.643743977585872,0.7418844184479717,0.1876198310041751,39.38340284921181,0.29460511104942855,10.590219756677085,105.82719351087354,7.5472288835084775,56.32364593123917,-33.07119191500459,-13.80122260273212,-1.7459055342865404,0.019405734744410954,-0.17015198217522998,-0.03201396630074957,113.37442239438202,169.6980683256212,27.780851079315386,0.18219143384944086,0.024138757215507064,0.982966734855242,-0.1168810876464624,0.270427407647646,0.9556190812994233,-0.3945857617237726,0.9016862813304042,0.17681608158031742
K15G54Q,2633,39.18780437472852,0.1813744512391653,10.76057394932794,226.4328326490132,191.7492439755364,140.4063044038756,-39.18584843137349,-22.16052245021219,2.6068481575359255,0.05517871042206999,-0.12313497953958419,0.02504651256755315,58.18207662454961,198.5883810284252,32.08013786099438,-0.18279352368054974,-0.03801859127771987,0.9824159579412918,0.09562453468755834,0.15411891489397497,0.9834141083173922,0.5298160320941211,0.8372539364065791,-0.13528051636406938,39.18780437472853,0.18137445123916518,10.714485874056873,217.9554470608232,182.4963551876172,140.40630440387548,-44.10450286962309,-9.288136101201307,1.3922946018546467,0.014708886783659258,-0.13405076060448998,0.025461407910724078,40.4518022484404,180.85810665231588,32.080137860994384,-0.18573860528504998,-0.008097684579049592,0.9825658237549394,0.13801725474416418,0.11767722360419962,0.9834141083173922,0.7614190616388103,0.6380954694198694,-0.11434677292739899,39.37218571872422,0.1775735926896798,10.72277493962695,227.5972545575436,191.6796567248182,139.1997084065976,-39.1948333665936,-22.160913455420832,2.607060650510446,0.05523602632891842,-0.12356480501017647,0.025031667759834515,59.276911282361766,198.47661968895937,32.38072524860506,-0.18220482644098743,-0.037665342989226906,0.9825389168674763,0.09072046172914074,0.1526505114448419,0.9841075241960503,0.5134995632813979,0.8470197668687827,-0.13738891164634384,39.372185718724204,0.17757359268967976,10.67518596814615,219.08986558903143,182.4573124682403,139.19970840659772,-44.113188733272615,-9.285794701416178,1.392267788520666,0.014634122405454128,-0.13447781999476224,0.02544449692033908,41.54717805727171,180.74688646386943,32.380725248605046,-0.18507070178704488,-0.007942218264716057,0.9826931141048493,0.13289782717665552,0.11777329218648892,0.9841075241960503,0.7488777381014488,0.6523338993711693,-0.11680161431788223
K15G54R,2634,39.07567295096538,0.2215823713016777,10.01024256862864,213.5806745011974,36.51798258253377,339.5728367077658,-24.71649418301866,-19.191736042775286,-0.1263213767789102,0.13307805170031647,-0.13953710061330973,-0.033772479067143965,250.09865708373115,229.6714937914969,30.417192678281644,0.13969733844253113,0.1034384600999763,0.9847766947913718,-0.07542699125990977,-0.20834950506577177,0.975141657775077,-0.3454122226738382,-0.9335131087606614,-0.09614401801216865,39.075672950965334,0.22158237130167746,9.613432718164093,222.5579656297337,10.089055931232885,-20.42716329223438,-29.344580081090758,-10.828893839471334,-0.9351214909826809,0.0856085192914502,-0.17321820251229772,-0.031425887058215474,232.64702156096658,212.2198582687322,30.41719267828162,0.1644175276341537,0.029254821581166976,0.9859569118480414,-0.13443927045983683,-0.17613866648155735,0.9751416577750771,-0.6083874937019197,-0.7855618405029843,-0.11294800685563476,39.27786759808042,0.2245566343668495,9.985952959572854,212.7669933197409,36.50772474470693,340.2415793514976,-24.72547911823878,-19.19212704798399,-0.12610888380438512,0.13308315594394862,-0.1399559326402157,-0.03374790072530117,249.27471806444782,229.51629741594547,30.457761845148752,0.13938028189755042,0.10316506686850256,0.9848502962360202,-0.07946780320276774,-0.21002511824135014,0.9744610397352134,-0.3587656444635887,-0.9286974963737407,-0.0938518650947969,39.277867598080405,0.22455663436684947,9.589719650686481,221.7670142992864,10.05575756145821,-19.758420648502533,-29.353265944740322,-10.826552439686267,-0.9351483043166577,0.08548623477156084,-0.17361901011080402,-0.031404669609547416,231.8227718607446,212.0643512122421,30.457761845148738,0.16403269711457866,0.0290880104908451,0.9860259438387011,-0.13879756027316492,-0.17652455721622437,0.9744610397352134,-0.6197212779344976,-0.7769374397005713,-0.1109673486515486
K15G54S,2635,39.3660854570559,0.2333523554431772,3.576883680638288,41.81739689061309,138.6535908713434,24.02735815631013,-24.39303541549078,-19.809409957519083,1.9369098942475516,0.10375406443556838,-0.1653681216215263,0.0034758928957427685,180.47098776195648,204.4983459182666,30.179916691074503,-0.04683638990513638,0.041214038766949776,0.9980519804044128,-0.23334447131405583,-0.001918201773194511,0.9723922450375265,-0.9991081743000012,-0.00724510296606401,0.041597650533768266,39.36608545705589,0.23335235544317723,2.369010187325359,21.697590246575317,141.16559336021788,24.027358156310246,-29.27970533834391,-11.515421611204728,1.1306812109662177,0.048838871872285645,-0.18898440236528627,0.004823237899244546,162.8631836067932,186.89054176310344,30.179916691074492,-0.032198568413745014,0.025920164024458587,0.9991453334170413,-0.22299241552175098,0.06875830430321622,0.9723922450375265,-0.955405736691443,0.29490055957936223,0.015281958541370579,39.60409254582132,0.2376708509198321,3.575686064471144,42.25661617194619,138.5702724354676,23.55519232600673,-24.402020350710902,-19.80980096272777,1.9371223872220775,0.10377882294228036,-0.16576964052938292,0.003475505693328466,180.82688860741376,204.3820809334205,30.191354170548184,-0.04676076634411513,0.041268299588511186,0.9980532842388646,-0.23764610023959135,-0.0034299297181078223,0.9713457502985448,-0.9990296463563797,-0.01344992658266242,0.04193882659264826,39.60409254582131,0.23767085091983164,2.3660988747532365,22.161736270829092,141.05741809285468,23.555192326006686,-29.288391201993466,-11.51308021141964,1.1306543976322416,0.0487412320338035,-0.18937464274328186,0.004820159544211217,163.21915436368377,186.77434668969045,30.1913541705482,-0.03211008678464456,0.02594899898726615,0.99914743245341,-0.22754989187594565,0.0686183655022639,0.9713457502985449,-0.9572139256808111,0.28896188118182214,0.015573429506472298
K15G54T,2636,39.04818098036113,0.182260310794331,6.32792374325834,226.0733430008769,43.42943711134313,322.7341514545831,-27.120189221292836,-20.46945220978804,0.41903728192746414,0.12686033092104296,-0.1294235880565506,-0.020094245217174594,269.50278011222,232.23693156680315,31.931247378927225,0.08004320872515273,0.07577103745047169,0.9939073571619544,-0.0015816577517821708,-0.18225344784009534,0.9832503135566009,-0.011694657854951829,-0.9967756164045208,-0.07938265250697352,39.04818098036111,0.18226031079433092,5.815161005605341,240.23808486958373,11.760839966359116,-37.26584854541708,-32.03595983223559,-11.320819760207582,-0.4637315985040019,0.08236057710231746,-0.16169892834762117,-0.017831974323676933,251.99892483594286,214.7330762905258,31.931247378927214,0.09919253985217766,0.020651657194192093,0.9948539335464316,-0.05632478617447954,-0.1733387993302286,0.9832503135566009,-0.30994539273906774,-0.9466772215979946,-0.08795505458657116,39.23957802809883,0.184143850709083,6.312193738969245,224.7661841922118,43.43880432681764,323.8649705226399,-27.129174156512935,-20.46984321499674,0.419249774901989,0.12686960256247312,-0.1298491986171756,-0.020078834646553627,268.2049885190294,232.06995904166934,32.01385102980519,0.0798326851991224,0.07559650153628437,0.9939375791916575,-0.005768073336020287,-0.18405348973588995,0.9828993042250213,-0.034259183994988784,-0.9964093502042402,-0.07742554576857287,39.23957802809881,0.18414385070908257,5.799657847244473,238.96830272112996,11.732628802436215,-36.13502947736013,-32.04464569588513,-11.318478360422514,-0.4637584118379783,0.08224046950024218,-0.1621074566848823,-0.017819868130403888,250.70093152356617,214.56590204620605,32.01385102980519,0.0989391280004627,0.02054807558701855,0.9948813122881434,-0.0608593673928912,-0.17379613101132596,0.9828993042250214,-0.3313909418797689,-0.9395118507349062,-0.08658825537398766
K15G54U,2637,39.2036928421584,0.1021910782816432,5.598105480990283,23.61264865995137,46.71796014166085,136.4375808811437,-34.96582935387909,-23.754356662701454,0.898716322628831,0.07414558954122619,-0.12691016664046298,-0.013819036921095755,70.33060880161221,206.76818968275592,35.19742519799589,0.06687931739401148,0.07101519434982395,0.9952306260743626,0.03439672536087607,0.09622827944431613,0.9947647880376723,0.33798298626819384,0.9403407578456606,0.03907377800370256,39.203692842158425,0.10219107828164287,5.0218749713659525,39.569037161659296,13.246601642266324,136.43758088114348,-40.517372755599304,-12.0822812110198,-0.21762264045385327,0.03271362533706382,-0.14337903507645008,-0.012922679459190905,52.81563880392562,189.2532196850691,35.19742519799593,0.08520698849167543,0.020058248535468972,0.9961613502730714,0.06176241563437914,0.0814151122051125,0.9947647880376723,0.6049419913856802,0.7943147252416427,0.05576113631034842,39.39443947683736,0.0991254758105857,5.581711522969796,25.86019526977415,46.74989678042677,134.0182714880359,-34.97481428909921,-23.75474766791016,0.8989288156033579,0.07419019298749943,-0.12733746180984512,-0.013807832279007549,72.61009205020092,206.62836353823684,35.489446919404536,0.06664460469148838,0.07084504550830213,0.9952584971716855,0.029625899407087215,0.09459474636044096,0.9950749419241371,0.30037907386179286,0.9528759341775985,0.042424828238903915,39.39443947683737,0.09912547581058573,5.005258108497323,41.865728064317864,13.229175444268428,134.01827148803574,-40.526058619248865,-12.079939811234732,-0.21764945378782852,0.03262679336842445,-0.143799842235097,-0.01291386369746563,55.09490350858629,189.11317499662204,35.48944691940454,0.08493184272533504,0.019966216444462982,0.9961866955004829,0.05672146321133348,0.081292899848882,0.9950749419241371,0.572801227444544,0.8176235658792241,0.05822764255030337
K15G54V,2638,39.37072634888034,0.2345280696228915,3.100947586890298,176.1848846275391,114.8755184698354,310.7944789612207,-27.627378350097835,-21.224497624153912,1.841518990053612,0.13562022564932777,-0.11626888058322382,-0.004015945458214391,291.0604030973745,241.8548820585952,30.13718589862632,-0.022755102602411068,0.04907657017223682,0.9985357758065974,0.08427812183238846,-0.21886208813187571,0.9721093480462782,0.3594403479761892,-0.9331611227122388,0.003599347883963602,39.37072634888034,0.23452806962289174,1.5480322040553343,168.7464701774205,104.72613883150238,-49.20552103881612,-32.78645585949369,-11.887382247120318,0.9386061859043936,0.09423733457265573,-0.15180491990470807,-0.001420239606690458,273.47260900892286,224.26708797010673,30.137185898626313,-0.0068671840723383126,0.02612758096060604,0.9996350290461332,0.01420568443567096,-0.23409744545969333,0.9721093480462782,0.060640246048832974,-0.9981457642352425,0.005271991879821412,39.54853196817868,0.2348986890793128,3.100949289828836,175.1157289399007,114.842431244178,311.7099463793435,-27.636363285315774,-21.2248886293644,1.8417314830280733,0.13562362601296465,-0.1167033080239972,-0.004011311291583283,289.9581601840787,241.66810656342216,30.258633653842214,-0.02272677049015429,0.04908972956054252,0.9985357741987818,0.08017887358927052,-0.22079117364862086,0.9720198587831528,0.34144698176593924,-0.9398897513388358,0.004605862693565239,39.548531968178686,0.23489868907931255,1.5478026816938861,167.7099641790881,104.66042638410565,-48.2900536206894,-32.79514172314171,-11.88504084733761,0.9385793725703955,0.09410926663035148,-0.15222007965409487,-0.0014191333006026456,272.3703905631937,224.08033694250432,30.258633653842228,-0.006836200389532192,0.026131565653578707,0.9996351372579532,0.009715249885786438,-0.23469769502667953,0.9720198587831529,0.04143445560709044,-0.9991246810915282,0.005749567139884396
K15G54W,2639,39.18579804984582,0.1821298608653028,3.394170267735285,148.5003326626864,104.0154628124852,338.6642325913642,-24.445970915650122,-21.748724917424,1.719091170877417,0.1359528778878978,-0.13039195711464807,-0.005950266332689515,252.5157954751716,231.18002806653578,32.048894103131545,-0.014338441371959389,0.057442301103256,0.9982458570627708,-0.05471961710645663,-0.1737154274166153,0.9832744854724877,-0.29955362068561636,-0.953577845694412,0.030934132199599607,39.18579804984579,0.1821298608653027,1.8211734436398137,151.59197526354046,83.34435807771014,-21.33576740863593,-29.909747111812504,-13.3481482909986,0.8954154931172553,0.0903429852759802,-0.16536870439424411,-0.0034626253064605804,234.9363333412506,213.60056593261464,32.04889410313153,0.003683373053939774,0.03156594440526971,0.9994948843874835,-0.10463111315204074,-0.1490758745719084,0.9832744854724876,-0.5742476299881465,-0.8185420367431792,0.015119310080979297,39.37835495985041,0.1850316502926376,3.393709142628879,147.4763774203703,104.0106271841545,339.5184946479274,-24.454955850870228,-21.749115922632694,1.7193036638519423,0.13595605529294258,-0.13081691863051476,-0.005944335696685912,251.48700460452483,231.00549925245218,32.09211295582002,-0.014331648271501036,0.05743571599937594,0.9982463335196684,-0.0587512014635309,-0.17545656994427009,0.982732561987229,-0.3166049349356726,-0.9480233954571267,0.03182698289688823,39.37835495985038,0.18503165029263702,1.8207284427006691,150.57296711348275,83.3345788999438,-20.481505352072727,-29.918432975462053,-13.345806891213524,0.8953886797832791,0.09021752750276889,-0.16577477308155336,-0.003460150101065119,233.90754601342655,213.42604066135382,32.092112955820014,0.003687859599807178,0.031557604931944074,0.9994951311850055,-0.10900028334896647,-0.1495180585744135,0.9827325619872291,-0.5888435648309301,-0.8080962671210854,0.0156102281267574
K15G54X,2640,39.15208711681485,0.1557900320635756,13.54588029204609,175.2287918227353,36.20629807710661,7.188414393670025,-24.89841664690931,-21.828760292094763,-0.7001718094417447,0.11704804726846363,-0.13871637182755317,-0.04362425428370039,211.4350898998419,218.62350429351193,33.05258220953036,0.18899420529253216,0.1383547536575467,0.9721826744528025,-0.13292497100888298,-0.08124953029191943,0.9877901932645566,-0.8518648257003327,-0.523399243367743,0.01948206294558768,39.15208711681486,0.1557900320635759,13.125645834614183,181.8304812532723,12.199830456389424,7.188414393698235,-30.298409296589963,-13.287771438541744,-1.5354778633851485,0.07085242432569597,-0.16759352597798804,-0.04168808896563157,194.03031170966173,201.21872610335996,33.05258220953036,0.22195882026093916,0.04798850808011181,0.9738744196253525,-0.1511424421882789,-0.037768985421014076,0.9877901932645565,-0.9703439558781112,-0.24161951631258768,-0.007253731983569199,39.35283456536278,0.1600562450043852,13.51187154124865,174.9652689836562,36.18597584948417,7.317523851705069,-24.9074015821234,-21.829151297310652,-0.699959316469454,0.11706389554640687,-0.1391357539439958,-0.04359307283634577,211.15124483314037,218.46876868484543,33.05416763455203,0.18857749063464607,0.13794698934415084,0.972321530234122,-0.13697689624480197,-0.08279692904960026,0.9871078960453594,-0.8543706278220633,-0.5192594587785289,0.020504750277992496,39.35283456536276,0.16005624500438576,13.092410448450943,181.58429087320872,12.161747229016465,7.317523851745126,-30.30709516023589,-13.285430038765345,-1.53550467672126,0.07074003000836086,-0.1679981034891872,-0.041659993324911826,193.74603810222519,201.06356195397032,33.054167634552,0.22143839693189102,0.04772194705012573,0.9740059815699179,-0.15547199454859603,-0.03803236090469919,0.9871078960453593,-0.9715099071130503,-0.2369161831444233,-0.006262790549776473
K15G54Y,2641,39.09487740750995,0.1142353404571637,3.577608498033269,108.2777082056203,70.28286925260323,33.32419228422902,-27.187050739344436,-22.86554917582939,1.117821757951326,0.1027892183947708,-0.14158288833041144,-0.009036315889525626,178.56057745822352,211.88476974245253,34.628860776731976,0.021052470159143518,0.05874192254090937,0.9980511910901144,-0.11419929263956077,0.002869594045864709,0.9934537165820236,-0.997942450309679,0.024495708901381252,0.05925222456020331,39.094877407509934,0.11423534045716344,2.5109161404291136,130.67804969668288,30.330025539091984,33.32419228422916,-32.84245527128138,-13.58478253681184,0.2130907786004731,0.05544639634151872,-0.1660188708000233,-0.00751161514385031,161.00807523577487,194.33226752000402,34.62886077673197,0.03781353581770904,0.022123036894655865,0.9990398929710067,-0.10801687705336058,0.037176165496231955,0.9934537165820237,-0.9451967605559274,0.3248064188315998,0.03322460113188071,39.30192526510759,0.1185787889106579,3.572168187475405,109.0790286338739,70.32464037211858,32.33264270458862,-27.196035674564563,-22.865940181038084,1.1180342509258523,0.1028146235849555,-0.1420003491778241,-0.00902831684347534,179.40366900599247,211.7363117105811,34.64155056531395,0.02097773215825015,0.058668021431713714,0.9980571115997244,-0.11857236643312254,0.0012341385528709186,0.9929446464030519,-0.9982168786189013,0.009789533071031364,0.05888317486845381,39.30192526510757,0.11857878891065787,2.5048937017343142,131.51345557365104,30.337637220220127,32.33264270458884,-32.85114113493094,-13.582441137026757,0.21306396526649718,0.05534432784116833,-0.16642450371638948,-0.007506426122262223,161.85109279387117,194.18373549846,34.64155056531393,0.03771996550734158,0.022075019836722838,0.9990444923532351,-0.1126795172298578,0.03693583052219803,0.9929446464030518,-0.9498888072696383,0.310870160136721,0.03272609601576896
K15G65R,2736,39.13730580800459,0.289425750903619,2.012610918095297,164.5079657050533,134.8929672766421,310.3574580299574,-26.80115379187881,-21.344860398627283,1.1966093253108472,0.14613886937237128,-0.10690661901795605,-0.0009866085090954964,299.4009329816954,249.75839101165275,27.809961686178294,-0.024786777452178003,0.024879557921579084,0.9993831213609539,0.1420842934308562,-0.252149397870346,0.9572004673598297,0.49103466818798497,-0.8710895244853417,0.009380563384829706,39.13730580800463,0.2894257509036193,0.9467818877166692,114.60250276809734,167.20333800938002,-49.64254197165448,-32.01770612678316,-12.251705216160662,0.3146387857552424,0.10700436782084176,-0.14605746507529097,0.00196211382895651,281.80584077747733,232.16329880582285,27.809961686178312,-0.016113297631693165,0.0036598642118404337,0.9998634741970442,0.05921530384279028,-0.2833033940441412,0.9572004673598296,0.20462333144275185,-0.9787254886287708,0.015023652606580262,39.29992490063363,0.2892496028913438,2.01227182074988,163.7198279806893,134.8148579064932,311.0242654481978,-26.810138727012596,-21.345251403896334,1.1968218182847734,0.1461352196654312,-0.10734732146973769,-0.0009840047411721008,298.5346858871825,249.55895133538024,27.932437229465716,-0.024748668183430696,0.024909129927357353,0.9993833291932623,0.1381718434500312,-0.2541139005454447,0.9572537110020519,0.47781332850209884,-0.8784062430416473,0.009843540582722151,39.29992490063361,0.28924960289134394,0.9444653729027487,113.82763262729871,167.1119967916185,-48.97573455326705,-32.02639199036866,-12.2493638164592,0.3146119724224321,0.106867742835643,-0.14647647702878266,0.0019609531287270287,280.9396294189172,231.96389486565016,27.9324372294657,-0.016068035677754135,0.003676530746820549,0.9998641414467898,0.05489222278287382,-0.2839932686715576,0.9572537110020518,0.1898023028942276,-0.981706539539093,0.015078330220119255
K15KH3C,2745,39.24479604472707,0.131026114018517,17.09701967488908,93.98019118439545,74.51445648762355,61.34716049122458,-16.086604314050636,-33.643493909415525,2.005434539224109,0.13369551205111355,-0.08939861160290058,-0.0469713675673787,168.494647672019,229.84180816324357,34.102702923537215,0.07849409018981571,0.283318116794097,0.9558083084497223,-0.12839328527297703,0.026134399775111672,0.9913789171881792,-0.9374213544148164,0.18768896090964565,0.29328153409266755,39.244796044727025,0.1310261140185166,15.79683064796766,97.14564120644187,53.89590063705832,61.34716049122487,-25.543580591457406,-27.21240618599844,1.302201450152527,0.10170045624543733,-0.1256085207122291,-0.04418628513736936,151.04154184350017,212.38870233472505,34.102702923537194,0.16041090601957234,0.21994520261904088,0.9622330534100608,-0.11464404798214789,0.06343961551791033,0.9913789171881792,-0.8446942609679026,0.4620938720541258,0.2701126781510158,39.37659155035441,0.1340686733454543,17.07266164045673,94.73437844872949,74.51760116447642,60.3293481458992,-16.09558924927072,-33.64388491462425,2.0056470321986284,0.13370020244488068,-0.08985104871374461,-0.04693794273325636,169.2519796132059,229.58132775910508,34.097424160332565,0.07837006352053401,0.2829308032323123,0.9559332056823353,-0.13171668538425735,0.025002479156969428,0.9909720434136322,-0.9401340190816165,0.17476693423532624,0.2925825436751681,39.37659155035438,0.13406867334545436,15.772458779218812,97.90433265847169,53.89434364131515,60.32934814589935,-25.552266455106942,-27.210064786213398,1.302174636818545,0.1015673861812938,-0.1260412384736609,-0.04415651509254223,151.79867629978685,212.1280244456862,34.09742416033254,0.16017567505990044,0.2196101334834317,0.9623487633859642,-0.11815372093288024,0.06335698384807471,0.9909720434136322,-0.8511619212692199,0.4505949477327673,0.2692351701746916
K15KH3D,2746,39.41846173809254,0.2506165120521566,7.037977514956411,134.6306380655279,154.0914503786093,337.9136664467837,-9.566365959230009,-29.01927975849329,3.738602056377547,0.19508799307838864,-0.03877498658462648,-0.0062177065134000654,288.72208844413717,266.6357548909209,29.539544346830397,-0.11021231619209176,0.05353655021641723,0.9924651546278587,0.08044241977199196,-0.2373555417815548,0.9680864444288079,0.32332105948979567,-0.9422633680395194,0.08719654661290915,39.418461738092546,0.25061651205215685,6.0601108854332155,123.71738801881119,147.35193394078473,-22.086333553216395,-17.981715455705935,-24.773829830092957,3.244436087086053,0.17436633233508173,-0.09589507814361266,-0.0014144391540158712,271.0693219595959,248.98298840637952,29.539544346830393,-0.08889146081055534,0.05695358885249477,0.9944116838170127,0.004677031796503761,-0.2505728666211954,0.9680864444288078,0.021169748059109095,-0.9959119941707713,0.08781310627640654,39.46572653597128,0.2503525113896219,7.03931986597205,134.0823584010475,153.9741420175345,338.3087303900546,-9.575350894450072,-29.019670763702006,3.738814549352071,0.1950515354535614,-0.03926135393951183,-0.006211596626886577,288.056500418582,266.3652308086366,29.585382783874827,-0.11012336766820797,0.05377229081839706,0.9924622837335202,0.07759793712159875,-0.23802298232221855,0.9681547500482086,0.31233051943739437,-0.9458857457037488,0.08803296372626833,39.46572653597124,0.25035251138962167,6.0587098546169464,123.18804782344658,147.21580964955172,-21.69126960994549,-17.990401319355446,-24.77148843030791,3.2444092737520767,0.17418455831288865,-0.09634771119869032,-0.0014133367356535531,270.4038574729983,248.71258786305282,29.58538278387481,-0.08873545591755357,0.057151451239229066,0.9944142650245691,0.0017646307677371012,-0.2503462922380601,0.9681547500482087,0.009579759178544867,-0.9960451626510995,0.0883304147699176
K15KH3E,2747,39.30225737176768,0.2571749631277665,8.114819797437825,250.8362452151673,109.9228147857692,272.4041860814418,-17.513467422803235,-37.287632772635995,4.159380382772816,0.14726401455443067,-0.02892062458409862,-0.018335831839515523,0.7590600009365289,273.16324608237835,29.19470078134534,-0.04809990642327923,0.1327093916947407,0.9899871798958225,0.25715239480485963,0.003406978998122657,0.9663648577738285,0.9910203279981201,0.010024874341935774,-0.133334959365227,39.30225737176765,0.25717496312776666,6.537750125311829,250.2700785677803,92.90204137272703,-87.59581391902049,-28.063002155057188,-30.25528225236935,3.3875285976450127,0.13210331740077694,-0.07205457119457033,-0.014701957010721732,343.17211994050734,255.57630602148686,29.19470078134531,-0.005764453160599179,0.1137118013525499,0.9934970545064125,0.24616240759463417,-0.07445153287193845,0.9663648577738285,0.9510654057358782,-0.2898074998667159,-0.10717372361476002,39.35145174563964,0.2540875670770449,8.116888708023335,250.5634730872793,109.8940095182725,272.3691029376485,-17.522452357977127,-37.288023777852914,4.159592875741561,0.14725961072396657,-0.029413596778110424,-0.018321599837121085,0.4574826055518315,272.82658554320034,29.352737110640337,-0.048045345386540025,0.13276717136070149,0.9899820821588471,0.2540794676365536,0.002028760374537769,0.9671812178991422,0.991084881766793,0.004769854749491209,-0.13314655691744667,39.351451745639615,0.25408756707704505,6.539779006239953,250.0044437527924,92.86615384069626,-87.63089706273998,-28.071688018665025,-30.252940852606073,3.387501784306404,0.13194986996358016,-0.07252318323597741,-0.014691948696689862,342.8705975934887,255.23970053074873,29.35273711064031,-0.00569498713111051,0.11375052594329269,0.9934930221039304,0.24281674992120433,-0.0748366066897423,0.9671812178991422,0.9495349140363358,-0.29483652434018504,-0.10702743078766214
K15KH3F,2748,39.27979342863789,0.2553394640314555,15.34958205773406,157.0153172887032,80.61643806530263,9.638764786272413,-7.849803061552602,-28.427250356833955,0.8536665212010894,0.187354672862515,-0.06592183871310914,-0.05369091959623004,237.6317553540058,247.27052014027822,29.250112027303203,0.04315870548874552,0.26116559162446223,0.9643287094616546,-0.13669821787544292,-0.21566603608716164,0.9668514664146345,-0.5216160369221396,-0.8468958118265859,0.10336437459893524,39.27979342863789,0.25533946403145547,13.960447932591958,159.98362017446325,60.16208069729048,9.638764786272235,-16.087714712576883,-24.727991357001816,0.4106047484833256,0.16010765699649795,-0.11943767353774484,-0.04929865536512004,220.14570087175372,229.78446565802597,29.250112027303203,0.12003450186805129,0.20927078173734362,0.9704624970973015,-0.19518337195566166,-0.16462591899178197,0.9668514664146345,-0.7556372948811934,-0.6497639383142617,0.0825778605376323,39.36100991946093,0.257196748177986,15.3354061997859,156.5553967609561,80.6066524508664,9.859402414976357,-7.858787996772705,-28.427641362042685,0.8538790141756114,0.1873233984588039,-0.06639001101939135,-0.05365299101430006,237.16204921182253,247.0214516267989,29.237486163174133,0.043164367746297,0.2609228181507661,0.9643941726935749,-0.1394687571832723,-0.21609866506548292,0.9663590599392493,-0.5282885939864217,-0.8425196976279643,0.10522224371649469,39.36100991946092,0.25719674817798577,13.94642528330934,159.52762579434625,60.148311375393476,9.859402414976252,-16.09640057622644,-24.725649957216774,0.4105779351493458,0.15993543978367533,-0.11987452728016357,-0.04926545877844811,219.6759371697397,229.53533958471596,29.23748616317413,0.11996656342073578,0.2090359242958104,0.9705215123915671,-0.19795604353019935,-0.16420588327827979,0.9663590599392494,-0.7607254845602642,-0.6435766368363118,0.08429620192519566
K15KH3G,2749,39.43010432200094,0.2814476336997558,7.148132598687984,100.0102161623893,171.7312105739573,351.9726466632972,-6.4393000980079504,-27.579850716227245,3.538966161701562,0.20833374813106784,-0.03616258844734973,0.0007304724154145875,271.7414267363466,263.7140733996439,28.332594764039264,-0.12314147117519213,0.017895897196538918,0.9922277535628301,0.008552898343854603,-0.28131764687824257,0.9595765886498108,0.03148971711997922,-0.9919637895088861,0.12254076064262838,39.43010432200096,0.281447633699756,6.613358630988148,87.57846665589005,166.4918779909007,-8.027353336702578,-14.56171342068256,-24.346259065300206,3.138981451753916,0.187585923262106,-0.09740595431336956,0.005900717050184135,254.07034464679074,246.04299131008815,28.332594764039264,-0.111982820141711,0.026901486238711757,0.9933459407634672,-0.07724526291815893,-0.27063987117920474,0.9595765886498107,-0.2729040749418075,-0.955135174719245,0.1150659110866183,39.46531544712253,0.2816570007756176,7.146789246564072,99.58599090603602,171.6019649827333,352.2686639992126,-6.44828503322811,-27.580241721435925,3.539178654676087,0.20828841260187692,-0.036650706749669755,0.0007319253180275674,271.18795588876935,263.456619887982,28.349633063622345,-0.12307777476513823,0.01817023152546862,0.9922306707843559,0.005839385080365622,-0.2815964624561173,0.9595151556458521,0.02185111556376282,-0.9922063639020715,0.12267461098715286,39.46531544712249,0.2816570007756174,6.608585515369207,87.15900616703746,166.35798166039277,-7.731336000787485,-14.570399284332156,-24.3439176655151,3.1389546384199374,0.1873952888719299,-0.09785757471087653,0.005896916519871447,253.51698782743023,245.78565182664275,28.349633063622328,-0.11183922941438529,0.027143591143933225,0.9933555316319568,-0.07991483611499091,-0.2700819969095132,0.9595151556458522,-0.28216584443545456,-0.9524548209609521,0.11494455299085446
K15KH3H,2750,39.40110877874244,0.2840797074046904,9.719060111807623,9.851607004153013,193.8480487070126,29.67989018696197,-7.611069915574488,-29.539901514178666,4.600392124052383,0.17969288629791927,-0.08197670472323773,0.020998903260882974,203.6996557111656,233.37954589812756,28.208053325456913,-0.16391041660478103,-0.04040603935284487,0.9856473645844458,-0.2601218477285352,-0.11418364372110074,0.9588006674178244,-0.9162527732345807,-0.39955795901894775,0.028884129285005472,39.4011087787424,0.28407970740469,9.74319941628621,0.5025613651389387,185.48079065186135,29.67989018697244,-16.29942153224303,-25.860779216836157,4.152918303372775,0.14590090534505504,-0.13242806849205233,0.025027983068464797,185.9833520170003,215.66324220397274,28.208053325456895,-0.16845884012202597,-0.016163740983843017,0.9855761526448116,-0.28253210518960886,-0.02961232338507229,0.9588006674178245,-0.9945643091011334,-0.10411355186474007,0.0014843787566360032,39.51135235037317,0.2867726244086528,9.708012746999042,9.859586936988647,193.7124320381801,29.56563401813525,-7.620054850793242,-29.54029251938799,4.600604617027065,0.17966674717023676,-0.08243411633188225,0.020986771344061603,203.57201897516876,233.13765299330402,28.180578142921664,-0.1638209649050718,-0.03997290672264683,0.9856798964094347,-0.2628437818367041,-0.11468079377125608,0.9579986753068992,-0.9171394009090234,-0.39751926747744126,0.028874751677484607,39.51135235037316,0.2867726244086528,9.72857944297732,0.49798812797809766,185.35790152127942,29.565634018147247,-16.308107395891483,-25.85843781705209,4.152891490038985,0.1457382101400027,-0.1328562154839933,0.025011362579019054,185.8558896492575,215.42152366740476,28.180578142921654,-0.16824272804747492,-0.015778906714877725,0.9856193030587553,-0.285276147152999,-0.029258468445335917,0.9579986753068992,-0.9947933303525286,-0.10190227106699609,0.0014686856414411291
K15KH3J,2751,39.18799607279171,0.1068272108465693,11.10239339505372,46.39494061830991,101.3020658752847,84.32970956612998,-16.589268912984345,-35.24757939745635,4.547845259277993,0.13343294437967515,-0.08466512327962758,-0.022420417549044495,147.6970064935946,232.0267160597246,35.00165175366906,-0.03773877754499628,0.18882869824554907,0.981284620988376,-0.0902939815461086,0.05708808872092651,0.9942776005838322,-0.8319447089998422,0.5370524541571489,0.13943694865763334,39.1879960727917,0.10682721084656921,9.534709979809469,47.43744733781169,82.69395147075515,84.32970956612985,-26.576997000512534,-28.58971145322262,3.817096069770095,0.10220320275241056,-0.12101684810787408,-0.019612156690249773,130.13139880856684,214.4611083746967,35.00165175366905,0.02106497083600615,0.1643002022638526,0.9861854341551265,-0.06885470100399158,0.0816766988002593,0.9942776005838323,-0.6344503589692274,0.7632743540896145,0.12200410809845834,39.31637672782659,0.1090480196412906,11.10077061502463,47.92520672573024,101.2941428253587,82.5331521204412,-16.598253848204433,-35.24797040266503,4.54805775225252,0.13343781075817604,-0.08512073298852083,-0.022403447872474953,149.21934955108895,231.75250167153015,35.029003706186174,-0.037707222209822096,0.18880666044177927,0.9812900745274262,-0.09368672735946336,0.05580562430759896,0.9940364829382837,-0.8455138840826428,0.5144726279270905,0.14291321470485735,39.31637672782656,0.10904801964129063,9.53311524510436,48.96919652264453,82.68456394169493,82.53315212044131,-26.585682864162056,-28.587370053437542,3.817069256436121,0.10206979572481044,-0.12145264341604356,-0.019598857338207154,131.65376046433946,214.18691258478077,35.029003706186145,0.0210883949165156,0.1642695232044275,0.9861900442338866,-0.07247632107910221,0.08147793241440403,0.9940364829382837,-0.6542947413201405,0.7458483050237462,0.12493477247754257
K15KH3K,2752,39.1062257366503,0.2526205939809437,10.4621178945326,94.148123423282,101.1863546367353,35.14534001790525,-9.538377909685718,-30.60100571174828,2.8240766234195673,0.16606472645343898,-0.09103524946108053,-0.026820957563634798,195.33447806001732,230.47981807792257,29.227187762704833,-0.03522769719515589,0.17813551877296677,0.9833751808449369,-0.2436269109725068,-0.0668063825789053,0.9675654166498073,-0.9481322094112248,-0.2612366519514803,0.1811097047487252,39.106225736650266,0.2526205939809434,8.894961323168406,95.28544396383118,82.48274509181033,35.14534001791188,-18.40747082748407,-26.29011786475015,2.317829347955503,0.131496439238123,-0.13694668298393398,-0.023207030583844438,177.76818905564153,212.9135290735534,29.22718776270482,0.020228583421491572,0.1532945925382155,0.9879734674126134,-0.252428968444348,0.009837702648841855,0.9675654166498073,-0.9873689743579916,0.03737592108206615,0.15396606443796257,39.23136125506397,0.2556328811219417,10.46032061998,94.14953826111703,101.1760788218641,34.91024169368781,-9.547362844905013,-30.60139671695744,2.824289116393962,0.16604772153511344,-0.09148658962317506,-0.026801038446037807,195.32561708298113,230.23585877666892,29.202535347096255,-0.0351897696887614,0.17811157190496396,0.983380876396727,-0.24654240811494937,-0.06756486447545444,0.9667739291526718,-0.9481781218287244,-0.26109152561183924,0.181078614250924,39.231361255063945,0.2556328811219416,8.893201469851798,95.28890227870708,82.47044875105348,34.910241693695596,-18.416156691132983,-26.287776464965766,2.3178025346214137,0.1313433985580092,-0.1373718013959925,-0.02319132178466236,177.75935102976058,212.66959272345616,29.202535347096237,0.020257505305052197,0.15326016346920898,0.9879782162437627,-0.2554374319872731,0.00999441096072927,0.9667739291526718,-0.9873680461262303,0.037528136716594135,0.15393498771705819
K15KH3L,2753,39.29373131939749,0.3236131842339694,10.38017419034941,77.27656457828647,106.1283463016825,38.86096585574762,-8.409536790250625,-30.50594468057085,3.0320866391433734,0.16338351653685562,-0.10106654074225933,-0.02360740320667249,183.40491087996895,222.26587673571657,26.577761806693218,-0.05005185833374864,0.17308728751691183,0.983633876184313,-0.3230419231631918,-0.019220012723083442,0.9461894667506878,-0.9828988183044878,-0.05495722636071093,0.17575442027550703,39.2937313193975,0.32361318423396945,8.802070329299742,77.53832067884892,88.28785341401802,38.860965857872586,-17.30879937777474,-26.5404942218583,2.55619831534065,0.12582385403922589,-0.14569941824443305,-0.02014859542666695,165.82617409286695,204.68713995073955,26.57776180669322,0.004572000369470784,0.15295322818867596,0.9882228528015755,-0.31376152872974505,0.0792413787059666,0.9461894667506878,-0.9580627610442098,0.2445209050362364,0.14941644119910352,39.43279648369317,0.3264689482617051,10.38022007405801,77.38441997912261,106.112084159653,38.53613150279536,-8.418521725302679,-30.50633568588812,3.0322991320937813,0.16336830868700408,-0.10151115747807736,-0.02358963795870557,183.4965041387756,222.03263564157095,26.559212888643994,-0.05000294791788198,0.17310224343427796,0.9836337318928939,-0.3258612333000282,-0.019910570340612603,0.9452079272947811,-0.9827947136641687,-0.056555370447727904,0.1758295790454074,39.432796483693174,0.32646894826170514,8.802129673449752,77.64910123014558,88.26870677664782,38.53613150514728,-17.31748524129627,-26.53815282222749,2.556171501986075,0.125674615382935,-0.1461186701764384,-0.020134936529193306,165.9178080067934,204.4539395119407,26.559212888643998,0.00462314370216659,0.15295271489991139,0.9882226943088565,-0.3166578009232035,0.07943432062770305,0.945207927294781,-0.9584482067744461,0.242965972822245,0.14948100542004852
K15KH3M,2754,39.32656314268006,0.2259115321511526,8.279204904993783,311.7565911936712,191.8603514769114,76.40040124445908,-16.001679710091178,-35.51837151799699,4.579505491050355,0.12738590399405003,-0.09503760619770407,0.017343753552553905,143.6169426705826,220.0173439150417,30.44223900887816,-0.14092292100954198,-0.02959528324578009,0.9895781169487028,-0.18187442534333453,0.13400639449262516,0.9741478222739702,-0.8034713645802918,0.5855722997762323,-0.10741903013087677,39.326563142680044,0.22591153215115267,8.27127823894906,300.7716088422251,185.1492764924175,76.40040124456631,-26.099711586424917,-29.025350103107492,3.861922561994055,0.09221324542909967,-0.1290780971636296,0.019891785126331912,125.92088533464255,202.32128657920885,30.442239008878147,-0.14327955985211735,-0.012911576853429295,0.9895980289550609,-0.1325349746656284,0.18294944889029463,0.9741478222739702,-0.5858654425108013,0.8009263989196795,-0.12360658067100333,39.47041562350568,0.2278979535145895,8.263928836641194,312.6439799287367,191.7056072735644,75.40786074273716,-16.01066464530195,-35.51876252321289,4.579717984026145,0.1273948233726457,-0.09548626379918139,0.017334071482446308,144.3495872023011,219.75744794503828,30.475188678538455,-0.14074398079506778,-0.029161042205134456,0.9896164739369833,-0.18518720019148496,0.13282762552035954,0.9736850223680459,-0.8110386560282618,0.5753591264502693,-0.1057268841792562,39.470415623505666,0.22789795351458952,8.252036203986766,301.6363010474339,185.01747071784723,75.40786074286069,-26.108397450067777,-29.023008703332106,3.861895748661528,0.0920865341229424,-0.1295084894579014,0.01987860714913961,126.65377176528114,202.06163250814183,30.475188678538444,-0.14297780501416457,-0.01255286896484581,0.9896462866873613,-0.13605007633244226,0.1828328579497532,0.9736850223680459,-0.5962070879332964,0.7934762493626248,-0.12219881339653128
K15KH3N,2755,39.46717268638937,0.1911778983788982,7.986246091041278,148.1198858262558,94.07722010743025,6.311938615680064,-9.951594011453906,-30.35720688761018,1.6954541599653932,0.17964514398509615,-0.06562626933090507,-0.024485084121305675,242.19710593368603,248.5090445493661,31.921921557248396,-0.009878426829502315,0.1385837547733024,0.9903014488509584,-0.08917135964904345,-0.16910782787001102,0.9815554040253803,-0.461322056313421,-0.8841932215470462,0.07337783949540147,39.46717268638935,0.1911778983788981,6.461654617310414,151.397289280016,73.24315913778283,6.311938615746257,-18.696521874239508,-25.932885516236677,1.1808119250590385,0.1520457067188555,-0.11682704382480563,-0.02030392148493858,224.64044841779884,230.9523870335451,31.921921557248382,0.03244596626449505,0.10775951993652985,0.9936473947715114,-0.13602884406147267,-0.1343322091379124,0.9815554040253804,-0.7086181125441327,-0.7035323499325378,0.05387581250238529,39.55713989839046,0.1932075301484995,7.982760489402637,147.4537048924695,94.07309524528202,6.719723733603475,-9.960578946638133,-30.357597892832196,1.695666652935035,0.17961903685653077,-0.06609463974097572,-0.024466730611790347,241.5268001377515,248.24652387135498,31.914402598883775,-0.009864170644147246,0.13852437228275818,0.9903098991836702,-0.09211123418414888,-0.16983718745656448,0.9811579130261942,-0.47154771867476863,-0.8786699270048637,0.07471217029299125,39.557139898390446,0.19320753014849923,6.458207491514675,150.73383616792552,73.23630290999571,6.719723733714662,-18.705207737858753,-25.93054411647514,1.180785111721012,0.1518788929900003,-0.11726564732922246,-0.020290158480837702,223.97013907792123,230.6898628116359,31.914402598883772,0.03244161839229956,0.10769839543337503,0.9936541636893416,-0.1390517953797082,-0.13414077645430195,0.9811579130261942,-0.7167313054518185,-0.6951781502236295,0.054987046083461645
K15KH3O,2756,39.36442436878641,0.1914929013592094,13.06086005573522,144.3418225869606,79.40827532901072,18.74601992264956,-10.152660302222506,-30.781079956301646,1.002608948748203,0.1708095379038279,-0.07298509253489877,-0.04206268594565594,223.7500979159713,242.49611783862088,31.826416536072337,0.04153833060827314,0.222135542366081,0.9741305702563722,-0.13832734463226018,-0.1324200777750709,0.9814939983153397,-0.7075391842947006,-0.694286234933754,0.13173809877594994,39.36442436878639,0.19149290135920916,11.6925768620308,148.02190103694787,58.231039893208624,18.74601992264964,-18.99702792899569,-26.276219363951455,0.47942152134638516,0.14188824456102417,-0.12117305989243443,-0.038168142893063764,206.25294093015648,224.99896085280614,31.826416536072326,0.10669976049738517,0.172297446028637,0.9792490751600481,-0.1717404158900249,-0.0847039598890695,0.9814939983153398,-0.8875069322549574,-0.44812069112306874,0.10732796181227737,39.46463099689337,0.1941177855153363,13.04700949422891,143.8975910755098,79.40276030058017,18.93634292901023,-10.16164523744259,-30.781470961510344,1.002821441722721,0.1707893527981798,-0.07344853072888044,-0.04203255113205832,223.30035137608996,242.2366943051002,31.803844221596528,0.041516404448284534,0.22190006865062492,0.974185171153069,-0.14127281963265714,-0.13313040631807907,0.9809782287831987,-0.7128171052597772,-0.6886201577329506,0.13301899418097435,39.46463099689336,0.19411778551533632,11.678834906009527,147.58260837044162,58.22051029687539,18.936342929010298,-19.005713792645217,-26.273877964166388,0.47939470801240236,0.14172823882278504,-0.1216087505003978,-0.038142406479470085,205.803118667317,224.7394615963273,31.803844221596524,0.10660772754865924,0.17207817459602545,0.9792976535531016,-0.17476328723973775,-0.0844956098654778,0.9809782287831987,-0.8908607273820381,-0.44112497592558697,0.10851691123044473
K15KH3P,2757,39.20774824003372,0.2198690607624023,7.331584184503591,94.39005145478116,103.5294146053538,36.48781816964111,-9.438253412459002,-31.718822784477165,2.1353971202036797,0.16667196853931268,-0.0817740743396391,-0.01838807016558479,197.91946606013494,234.40728422977605,30.587177459888775,-0.029853981768865435,0.12407014668241449,0.9918242477751531,-0.20920319624918618,-0.06764929090290195,0.9755293927501411,-0.9435643723993149,-0.3057728404061364,0.12723696478873667,39.20774824003369,0.2198690607624021,5.757905265249314,95.50216467618218,84.84207306408324,36.48781816964185,-18.630625051326977,-27.385959878291146,1.622738091415579,0.13463928922584442,-0.12830158972629438,-0.014684322447902739,180.3442377402654,216.83205590990727,30.587177459888757,0.009019374867071335,0.09991909023827954,0.9949546855424933,-0.21986509246220415,-0.001320983394022358,0.9755293927501412,-0.9949802189208811,-0.006459536145231093,0.09986309803397965,39.32194257193694,0.2228820597730901,7.331011548994949,94.34962563542112,103.5176780216907,36.28305989479252,-9.44723834767893,-31.71921378968596,2.135609613178189,0.1666545566198644,-0.0822316217603416,-0.0183738031506823,197.86730365711182,234.15036355190435,30.557787017224474,-0.02982624932159665,0.12406662136194845,0.9918255231214999,-0.21213237883930885,-0.06838323198468514,0.9748454171976727,-0.9438445101881208,-0.3049082892227722,0.1272339410337843,39.321942571936916,0.22288205977309028,5.757361849192127,95.4650592624014,84.82703616402138,36.2830598947935,-18.63931091497638,-27.38361847850622,1.6227112780815913,0.13448414206546297,-0.12873250247101958,-0.014674325953337859,180.29209542642278,216.57515532121627,30.55778701722445,0.00904474683898858,0.09990732160414247,0.9949556370233323,-0.22287916344053788,-0.0011362538190874778,0.9748454171976727,-0.9949860234762227,-0.00555075056207828,0.09985991315423393
K15KH3Q,2758,39.35507516821784,0.2588047609883732,38.61161238796672,236.528232535375,63.74468583333794,331.1576009398219,-10.569354722271676,-29.35482047419542,-2.800617007834049,0.15718064151349453,-0.01144313196260674,-0.11662005054867196,300.2729183687129,271.4305193085348,29.169794345627757,0.27605684919046763,0.5596570504466518,0.7813940119430052,0.13046851940729848,-0.2235125718028325,0.9659296535927194,0.3405805353250374,-0.7829665896745847,-0.5205460771258024,39.35507516821785,0.25880476098837357,37.48635495985379,238.32502451282994,44.747257256039966,-28.842399060179122,-18.85864992365629,-24.790715877505075,-3.321434822454702,0.14953836193777847,-0.05838914405698687,-0.11254297708404784,283.0722817688699,254.22988270869078,29.169794345627754,0.43221978008942924,0.42842329272958574,0.7934982948602883,0.058536485762582836,-0.2520979653722261,0.9659296535927193,0.10246159315625658,-0.8492706625995377,-0.5179198428093134,39.34972062820648,0.2573610551404725,38.55689374650264,236.0545194744759,63.71790038926614,331.3799143148154,-10.57833965749171,-29.355211479404094,-2.8004045148595615,0.1571695911108705,-0.011947818363136992,-0.11653994401583939,299.7724198637421,271.15233417855745,29.22263500784844,0.27598789783596445,0.5588585754468736,0.7819896245459887,0.12779422557539344,-0.2233905741355324,0.9663153146344017,0.3343973691242059,-0.7879237229937723,-0.5170634451075059,39.34972062820647,0.2573610551404728,37.43218750578818,237.85440653678336,44.71698076711259,-28.620085685185636,-18.867335787305763,-24.788374477720005,-3.3214616357887143,0.14937322874473075,-0.05886691528611064,-0.11246739129136026,282.57138730389596,253.95130161871032,29.222635007848424,0.43191284927898616,0.4276668200018673,0.7940732848403844,0.05601614057415972,-0.2511909725650853,0.9663153146344017,0.094976706882063,-0.8521284269667866,-0.5146421757929956
K15KH3R,2759,39.17981012514381,0.1111681165337401,6.942003880007398,15.43905130033221,123.9011151109504,92.1670542199313,-17.203718514779126,-35.67127244867919,4.161072551530092,0.13254126333941132,-0.08411327862387624,-0.007682186765062712,139.3401664112826,231.5072206312139,34.82426442738201,-0.06741359352448151,0.10031779319405859,0.9926690021234621,-0.08433116541795767,0.07243344995862258,0.9938016149445225,-0.7569714568959178,0.6526552954746013,0.032175747603320724,39.17981012514383,0.11116811653374004,5.444912334485297,10.759649843484205,110.97125979179489,92.167054219931,-27.279802989402057,-28.808000269169618,3.410806792195104,0.10111409726492851,-0.1202214276420698,-0.004898345839104791,121.73090963527909,213.8979638552101,34.82426442738203,-0.03396061927840323,0.08860325454757535,0.9954878902436759,-0.05846671043069234,0.09455154099787468,0.9938016149445223,-0.5251440004176139,0.8508289884329467,0.017714718952148142,39.30859565639601,0.1129430335038077,6.945318253126865,17.13689016550807,123.8370254060322,90.2573799641581,-17.212703449999243,-35.67166345388787,4.161285044504619,0.13254672736289097,-0.08456925820402708,-0.007675095317621554,140.97391557154026,231.23129553569837,34.86896362018804,-0.06733331294524474,0.10044083418060451,0.9926620088413387,-0.08774085465083195,0.07111730620730661,0.9936014649661894,-0.7750634162100172,0.6308781010549146,0.03563035871560593,39.30859565639599,0.11294303350380763,5.447584984826097,12.477694481011952,110.88705424909234,90.25737996415836,-27.288488853051604,-28.805658869384516,3.4107799788611293,0.10098142020510444,-0.12065775607702572,-0.004894908348846655,123.3647487301043,213.62212869426264,34.868963620188026,-0.033846921311734876,0.08869645397380953,0.9954834629315492,-0.062114940762198825,0.09432848430432211,0.9936014649661895,-0.5490552816691829,0.8355343024256857,0.020511634288790062
K15KH3S,2760,39.26207475377151,0.1802406895870292,31.21280372263667,340.1145997386716,222.055874347257,34.24311820860319,-12.88098192360838,-30.243283800606267,8.378155279352022,0.14749974047272138,-0.06290654731611955,0.08816906924310379,202.17047408592862,236.4135922945318,32.18545132553424,-0.3847727947213306,-0.3471310118243324,0.8552484768020063,-0.1669146252844032,-0.0680162778235849,0.9836225362491408,-0.8930843428487173,-0.4139207788192679,-0.17626668834503453,39.26207475377151,0.18024068958702943,31.895921461103438,337.3945416138356,206.79154487252586,34.243118208603214,-21.63770794746812,-24.939384966073625,7.784989951138616,0.11913127349469124,-0.10452400316040115,0.09148586964558028,184.18608648636143,218.42920469496465,32.18545132553423,-0.471657771509417,-0.23816412835929915,0.8490093017968801,-0.17975984937555614,-0.01315685126788565,0.9836225362491406,-0.9711717123902337,-0.1248040338581764,-0.20309962625703748,39.34639785298754,0.1827913755764524,31.15154195159885,339.9614855546741,221.9799881883087,34.21700467453481,-12.88996685882853,-30.243674805814962,8.378367772326534,0.14749517864800382,-0.06337674060712847,0.08811191684181101,201.9414737429828,236.1584784175176,32.15421566546158,-0.38455221802146644,-0.34600924397986316,0.8558020768234055,-0.16955106916946652,-0.06830169784582558,0.9831517243105808,-0.8945173280570075,-0.4103893865160426,-0.17725490470150093,39.3463978529875,0.18279137557645198,31.832862070361315,337.23496175832713,206.7227154009773,34.217004674534934,-21.646393811117704,-24.937043566288537,7.784963137804626,0.11898652050813932,-0.10497085271950211,0.09142470607354863,183.95767715930447,218.1746818338394,32.15421566546156,-0.47110863953285115,-0.23717702879618957,0.8495903170169241,-0.18235547395537452,-0.012616184195003348,0.9831517243105808,-0.9714436637668963,-0.12100474399577066,-0.2040957129820895
K15KH3T,2761,39.54355463784095,0.246314003806988,6.684812094176566,170.037745031432,119.6100138949305,336.1692700679303,-10.41082315057611,-29.288364372235144,2.756932704646744,0.19161130767203186,-0.042379617740948415,-0.017070686158295028,289.6477589263625,265.81702899429274,29.803423370233954,-0.05751620936900937,0.10120564914046107,0.9932015416026488,0.0828198091819029,-0.2319729891140391,0.9691900801847753,0.3372592422833436,-0.94119639162073,0.020138418373408278,39.543554637840984,0.24631400380698842,5.1512344415231945,166.37166681649822,105.67452192405429,-23.830729932069662,-18.840625387956276,-24.77525303942303,2.238721964557568,0.17026386189074616,-0.09828108881356677,-0.012384606139828974,272.0461887405525,248.21545880848285,29.803423370233965,-0.02425740422015781,0.08644600705932023,0.9959611770566159,0.008794675938909875,-0.24615694616759987,0.9691900801847751,0.036621388715776804,-0.999105261822727,0.021155370161458218,39.59784197767994,0.2460767112958108,6.687355125926973,169.3866805034919,119.5671099888884,336.591803826276,-10.419808085796209,-29.288755377443835,2.757145197621269,0.19157718027907264,-0.042863569108935136,-0.017057302113761504,288.95379049238034,265.5455943186564,29.853735249401257,-0.057462161146556105,0.10128703166092543,0.9931963739632188,0.079927064405527,-0.23273463905847053,0.9692503557687447,0.32589539153729596,-0.9451625129379736,0.0214480281500976,39.59784197767994,0.2460767112958111,5.153453513979645,165.7350764148243,105.61720408675842,-23.40819617372407,-18.849311251605812,-24.772911639637954,2.2386951512235918,0.17008483752986825,-0.09873212265633435,-0.012376151019188392,271.35228050158275,247.9440843278587,29.853735249401243,-0.02418129717816693,0.08650738010119101,0.995957698928428,0.00580730113547267,-0.24600817688785043,0.9692503557687446,0.02455882994297187,-0.999453347085262,0.022133026722502665
K15KH3U,2762,39.35161467836296,0.2120912551503598,14.04238705972541,190.203603556497,80.89025617450997,347.3359630249423,-9.892264606626137,-29.69973834463889,1.2668901056412845,0.18334799462481974,-0.05072533485008708,-0.04728817694638263,271.093859731007,258.4298227559493,31.005481329035636,0.03841616161035516,0.23957920889045828,0.9701164884664878,0.004048884442906146,-0.21205260443112461,0.9772498654329633,0.01386330126459459,-0.9989796233774919,-0.04298279835715169,39.35161467836298,0.21209125515036042,12.65141286502836,193.44275360050707,60.15594682763432,-12.664036975057712,-18.429648146954026,-25.32405352447563,0.7594403177742662,0.16070197564938576,-0.10374077104390722,-0.04287710173400988,253.5987004281414,240.9346634530837,31.00548132903563,0.10899277125123538,0.18997326078832336,0.9757206239495133,-0.05988676883574172,-0.20346074665563804,0.9772498654329632,-0.2872590006439444,-0.9564987267533712,-0.05091612974512003,39.41621899545397,0.212700131250049,14.02925710420156,189.4260307385006,80.88464865322106,347.8506963545245,-9.901249541846266,-29.70012934984756,1.2671025986158162,0.18331940567815283,-0.05120369254085095,-0.047254539772279884,270.3106793917217,258.1613757462462,31.032384041740237,0.038404388585183295,0.23935593635591054,0.9701720665266463,0.0011533349250900918,-0.21269700433325014,0.9771175232111089,0.0005989980764551095,-0.9992113973178959,-0.039701696076144294,39.41621899545395,0.21270013125004927,12.63838080203823,192.66910173899544,60.14635307502515,-12.149303645475726,-18.43833401060359,-25.32171212469052,0.759413504440296,0.160529360097311,-0.10418814556061143,-0.04284820916313596,252.8154548140206,240.66615116854487,31.03238404174021,0.1089141028112034,0.18976252334597543,0.9757704150783619,-0.06284233141284362,-0.2032047913224157,0.9771175232111089,-0.30005922598970747,-0.9527128374874487,-0.04798656254694278
K15KH3V,2763,39.42657447772344,0.1713821659603697,6.738417383971481,38.30126127290205,170.3270340281344,30.6310043241817,-10.798913504862394,-31.989920188685495,3.9403485709469193,0.16654301007997607,-0.07553787967457637,0.00549182315664549,208.62829530103645,239.25929962521815,32.669562747333366,-0.11566844984332793,0.019715403957273878,0.9930921974105139,-0.1504300908903284,-0.08211354677515302,0.9852046250351915,-0.8770270839801103,-0.4749048272456958,0.07272481711273215,39.4265744777234,0.17138216596036915,6.1762478424642735,25.14300923747026,165.82031834960767,30.631004324181767,-20.058815365787893,-27.23336903190653,3.3890132365861936,0.13574160264015636,-0.12231777194237699,0.009235018871025576,190.96332758707794,221.5943319112597,32.66956274733335,-0.10430928063194564,0.026354950439703005,0.9941956500414628,-0.16825428898638034,-0.032593573706409154,0.9852046250351916,-0.9811449943330396,-0.1877896526382802,0.045711557151488814,39.5353757839067,0.1744157891514607,6.735710593595139,38.21696506670911,170.1800811156279,30.59846928472438,-10.80789844008248,-31.990311193894208,3.9405610639214466,0.16652568459432196,-0.07599960687511176,0.005490084786556028,208.39704618233702,238.9955154670614,32.63978201715707,-0.11557127433324388,0.020004004979385252,0.9930977395673474,-0.1534288765284251,-0.08294846202644193,0.9846720938945478,-0.8789448309319137,-0.47137139899549263,0.07256023971226976,39.53537578390671,0.17441578915146083,6.169688193344941,25.06228762738525,165.6699335957289,30.59846928472435,-20.06750122943743,-27.231027632121478,3.38898642325222,0.13558571665944813,-0.12275269531253,0.009228983540766216,190.73222122311415,221.3306905078385,32.63978201715707,-0.10412946519160214,0.026600468657032816,0.9942079609146857,-0.171364948021356,-0.03247956426685568,0.9846720938945478,-0.9819009622798534,-0.18384198676282631,0.0455260823813644
K15KH3W,2764,39.30492685991215,0.1955171928518055,19.56972213994665,111.3257444164379,73.6567074869575,46.12903885520616,-11.73863954049569,-32.89600221195441,0.7136962870883674,0.14611283192196028,-0.08405370542945416,-0.05825067841683513,184.9824519033954,231.11149075860158,31.620137895016597,0.09425324123421241,0.3214192025921464,0.9422345900686697,-0.19477840078215916,-0.016980791777613902,0.9807002739366141,-0.9445855600522207,-0.10199235362099787,0.3120187166560395,39.30492685991214,0.19551719285180535,18.280189595100044,114.13557156750204,53.41617240072241,46.129038855206986,-21.139008597801347,-27.813252972472796,0.13136503384031684,0.1154578952112067,-0.12426429074960013,-0.05509071666437878,167.55174396822446,213.68078282343146,31.620137895016597,0.18694329350517166,0.25186785148061963,0.9495339859130771,-0.19092079405244933,0.04214526188116862,0.9807002739366141,-0.9395101302117322,0.18810954825819265,0.28624380007894085,39.42361047829926,0.1985985956705258,19.54262031578567,111.4788025677815,73.64865650468302,45.72291892111306,-11.747624475715703,-32.89639321716318,0.7139087800628534,0.14610919966610678,-0.0845097249382548,-0.058209693678229396,185.12745907246452,230.85037799357758,31.5941368010472,0.09417292012616485,0.3209782540092369,0.9423929231313724,-0.19780387326762694,-0.017749082303870456,0.9800809139033854,-0.9445601030617937,-0.1044632852290672,0.31127742247558504,39.42361047829924,0.19859859567052573,18.253252622950573,114.29322622770961,53.40334282868402,45.72291892111416,-21.147694461450826,-27.81091157268782,0.13133822050630317,0.11531560428898925,-0.12469790947477451,-0.055053637976152224,167.69656905639363,213.4194879775078,31.594136801047185,0.18673352445802222,0.2514675537881197,0.9496813466817722,-0.19403734521241928,0.04231915482640682,0.9800809139033854,-0.9402115762793504,0.18574635957949664,0.28548289219016904
K15KH8G,2805,39.24694814786371,0.2742052188908833,27.53118079677335,112.2645853067924,69.47349817245328,43.12959084076439,-10.297467494585975,-31.614212022466905,-0.7514175802605108,0.14007605373580148,-0.0887590249786267,-0.08460301225575675,181.7380834792457,224.86767432001008,28.4852301401796,0.16207704550278007,0.4328842474266138,0.8867594147518164,-0.27407906274445887,-0.0083168162247453,0.9616712005321791,-0.9013956943888956,-0.06707700052101223,0.42776918792529334,39.24694814786366,0.2742052188908828,26.30563736989869,114.46339743750757,49.93039009432795,43.129590840981614,-19.338268484121816,-27.026687682149507,-1.2846758155422382,0.10901049876972234,-0.12692622555886504,-0.08163075064861174,164.39378753183553,207.52337837281715,28.48523014017958,0.2852695991015801,0.33913346167787184,0.8964428319746928,-0.2640962055060438,0.07376785413922801,0.9616712005321792,-0.8909993907674845,0.20834713605411592,0.4033752056708733,39.36511926648882,0.2770192654273454,27.49034039006224,112.3570878206933,69.45559714213658,42.80647977042889,-10.306452429787754,-31.614603027687693,-0.7512050872969969,0.1400764676018697,-0.08921189076925287,-0.0845443649906522,181.81268496282988,224.61916473325877,28.460222843826248,0.16199042480979658,0.4322415967028632,0.8870886676932025,-0.2768806399188663,-0.008762685434565765,0.9608643643002346,-0.9017169695340304,-0.06827786142814551,0.4269012069474196,39.365119266488776,0.2770192654273451,26.265144626939215,114.55992743025962,49.908190286537554,42.806479770675544,-19.346954347757244,-27.024346282381497,-1.284702628886841,0.10887252918439252,-0.1273580601347905,-0.08157588362875423,164.46811771679717,207.2745974874727,28.460222843826223,0.2849928952666573,0.3385381509961995,0.8967558028625199,-0.2669029648121988,0.07417870848406623,0.9608643643002347,-0.8916442422120323,0.20729942468063733,0.40248912265700754
K15KJ9M,2808,39.34004142680831,0.1830410376811353,6.575121105953802,42.71511401143612,103.8480865910287,78.58058848673181,-15.68062730960883,-35.84708158510683,2.7438341176540333,0.13133573510698496,-0.09040690826496486,-0.012204093511048585,146.56320060246483,225.14378908919664,32.139199421626465,-0.027406781627629124,0.11117754387586613,0.9934225798010358,-0.15274667212970097,0.10085869138893498,0.9831052733683271,-0.8301620056894817,0.5520847534001021,0.07767541034822659,39.34004142680829,0.18304103768113544,5.000823108649444,43.894581363798885,85.09214995714088,78.58058848673626,-25.842458808779053,-29.435686454479285,2.0326441713935584,0.09818946535664902,-0.12585688005067522,-0.009502574042525604,128.98673132093975,207.56731980767603,32.139199421626444,0.007457697176556202,0.08685045234222756,0.9961934459133794,-0.11515851185598056,0.14227627568397633,0.9831052733683271,-0.6265108653486784,0.7770658863232097,0.06043793438540555,39.47739800882282,0.1851906148866677,6.574703736478326,43.60633016689371,103.838032058708,77.43057172361554,-15.689612244828396,-35.84747259031587,2.7440466106285135,0.13134200713003336,-0.09085866956976153,-0.012193971277104905,147.4443622256017,224.87493394921725,32.16655439744321,-0.027385540421967884,0.11117532510902857,0.993423413888911,-0.15609148334914633,0.09965446637238717,0.9827026183733805,-0.8384650786304824,0.5392032206518786,0.07896960653201038,39.477398008822796,0.18519061488666788,5.000429558450697,44.78906201400729,85.07884642211738,77.43057172362074,-25.851144672428187,-29.433345054694698,2.0326173580595484,0.09805874851746181,-0.12628943135043905,-0.009496050590199343,129.86790843612468,207.29848015974542,32.166554397443186,0.007477275833214887,0.08684190101613232,0.9961940446389038,-0.11871085816221824,0.14213829883775814,0.9827026183733805,-0.6383484324418373,0.7672942957098671,0.061406372390396986
K15RR7R,2821,39.63084742453701,0.2343516800529636,7.967926881673906,206.7292442003491,8.316548651415467,145.9289498221046,46.62844562816318,10.71106581446149,0.5394441577819626,-0.014537832645320152,0.12664355441921216,0.017834221061357177,215.04579285176456,0.9747426738691729,30.343291748674098,0.13716103812823768,0.020050092323095087,0.9903458201140748,-0.19186216430598252,-0.13457198761804326,0.9721518863101348,-0.8193214253961689,-0.5699344033271132,-0.06234723563204343,39.63084742453701,0.2343516800529637,8.367514555591061,217.49816920784605,340.0737910638774,145.9289498221046,47.652735420913565,-3.8746782201798773,1.8529835871194436,0.023896781122436855,0.12511876961579593,0.01849960098586911,197.57196027172347,343.5009100938281,30.34329174867409,0.13681003958831106,-0.04959533668529061,0.9893549998089247,-0.22341648595558547,-0.07075156356508558,0.9721518863101348,-0.9511300841632271,-0.2958113233770103,-0.088584558257036,39.3780123173525,0.2410881079015987,8.001157895152428,205.9119614980267,8.335314787785318,146.7322730366134,46.619460692943065,10.710674809252811,0.5396566507564908,-0.014433789556861365,0.12604631607349542,0.01782421025773867,214.247276285812,0.9795493224254415,29.884441834836135,0.13772276440219197,0.02017827958450978,0.990265255978633,-0.19928740859383992,-0.135676101607928,0.9705032324667585,-0.8272331857252894,-0.5585565875422995,-0.06082593976166979,39.37801231735249,0.24108810790159907,8.399676393584176,216.64004037574935,340.1338633266547,146.73227303661312,47.64404955726402,-3.872336820394782,1.8529567737854702,0.023815858601723628,0.12451800307979272,0.018487356113484215,196.77390370240403,343.5061767390172,29.884441834836117,0.13738424643632066,-0.049640584653898034,0.9892731580237804,-0.23083006023929356,-0.06957700095216222,0.9705032324667584,-0.9552756176775861,-0.2825750799052598,-0.08717693781753559
K15RR7S,2822,39.75292485254509,0.1857244668346019,3.909280345164785,83.45845626208182,203.7462316740611,71.28325434541225,36.42095021477241,13.088953694004758,0.1835097624444818,-0.025781148656626868,0.16044155186938155,-0.01074513254178432,287.20468793614293,358.4879422815552,32.36983407919016,-0.062404893297255064,-0.0274539113805922,0.9976732491364418,0.05493473612217999,-0.17741407032189863,0.9826018636350141,0.2948553587250891,-0.953138266508996,0.06773302257632674,39.75292485254506,0.18572446683460186,4.36992731392437,62.39021726958183,207.17852670574152,71.2832543454174,38.6536280269227,1.4755689151974618,1.248893877173734,0.024175851931466773,0.16073419084379165,-0.010082913409843833,269.56874397532334,340.85199832074073,32.369834079190134,-0.06778274898719597,-0.03480349404752319,0.9970928822039714,-0.0013979046914606146,-0.18571920590900318,0.9826018636350141,-0.008703423134976074,-0.997680035112546,0.06751887116623446,39.41459066814192,0.1849096890776944,3.921139514110232,80.99575860209788,203.7435794572664,73.77813518706961,36.41196527955233,13.088562688795928,0.1837222554190129,-0.025669569789053312,0.15982166057652453,-0.010735988169495303,284.7393380593643,358.5174732464339,32.1264509625712,-0.06259518382481603,-0.02753416803560135,0.9976591164082673,0.04704509108725233,-0.17882492141589704,0.9827555173516913,0.2534910622951231,-0.964976962307695,0.06754068071838788,39.414590668141855,0.18490968907769445,4.380930768424351,59.98272954670108,207.12050163136286,73.77813518707495,38.64494216327314,1.4779103149824024,1.248867063839763,0.024094742364870855,0.16010955324099957,-0.010076000987814993,267.10323117806394,340.8813663651389,32.12645096257115,-0.06798839349432792,-0.03482212251089574,0.9970782306990242,-0.009344710232998025,-0.18467341309855878,0.9827555173516912,-0.05168989998147633,-0.9964704844051313,0.06614172623471484
K15RR7T,2823,39.87459783329752,0.1726223318232938,5.4386246901932,68.67686179644656,192.9701727886102,98.77094786749707,39.73260458554016,13.671047376410954,-0.41934588220403146,-0.02477056215348779,0.1473147698092797,-0.014197033620481138,261.64703458505676,0.41798245255381516,32.99135177479764,-0.09236132419209248,-0.02127265342565756,0.9954982973414445,-0.02507699761864493,-0.17079114038657225,0.9849880865045468,-0.14621209061285176,-0.9853053737679845,0.08829125088337653,39.8745978332975,0.17262233182329412,5.539195164722362,52.148506187802994,191.84141623469682,98.77094786749774,42.00175456489038,1.0300960246229778,0.7380854548403617,0.021270173428928413,0.14791536951459616,-0.013616207278303585,243.98992242249983,342.76087028999757,32.991351774797614,-0.09447251158708819,-0.019807616548271307,0.9953303988531166,-0.07569993758432997,-0.15513861187286682,0.9849880865045468,-0.4392858393970597,-0.8951082583679087,0.07621782669946693,39.56655050721348,0.1753092533810525,5.456974912395724,66.2090396404297,192.9959007486909,101.2463391047031,39.723619650320074,13.670656371202236,-0.4191333892295037,-0.024659660626714812,0.14670367667970344,-0.014185575627901886,259.20494038912057,0.4512794938236766,32.630168078930176,-0.0926624214825954,-0.02138582281828658,0.9954678911081797,-0.032834829759813944,-0.17220687638902837,0.984513415692736,-0.18822919476303313,-0.9782626391176772,0.08701711984073815,39.566550507213464,0.17530925338105263,5.5574834121166745,49.73584054095806,191.81173240657841,101.24633910470384,41.99306870124085,1.032437424408025,0.7380586415063881,0.02119101137953696,0.14729932366586887,-0.013606926682854063,241.54757294753648,342.79391205224033,32.63016807893016,-0.09479372853812704,-0.019823700516356003,0.9952995377913514,-0.0835223965014553,-0.1541341740292392,0.984513415692736,-0.47716311428838654,-0.8757021506721808,0.07389929411520234
K15RR7U,2824,39.76106426343398,0.257226286232854,16.23187862493138,188.8122918833361,193.7780790105062,2.040694999933947,26.578100954331727,12.782294155762651,-1.7714111197774,-0.0866607805561153,0.1784492105826323,-0.05646580358155065,22.590370893842305,24.631065893776253,29.53347336628501,-0.27148214697426964,-0.06657228764340244,0.9601383100325521,0.237490545042917,0.09881094749249364,0.966351197893837,0.9247291777307428,0.3782091561750013,-0.04282268135950561,39.761064263433944,0.2572262862328536,16.201822162915917,183.1583093723635,181.62507107787505,2.0406949999345865,29.23542095458291,4.15652980363911,-0.9663400944587216,-0.027140442220696146,0.19629090964329413,-0.05723524967835178,4.783380450238553,6.82407545017314,29.533473366284998,-0.27890942380903816,-0.007912785538822744,0.9602848125090425,0.25633039007740427,0.02144978908781369,0.9663511978938372,0.9965791420436364,0.0812015636042357,-0.015372693706593499,39.33105944661034,0.2492987930653775,16.27066432972381,188.8435450080124,193.8134281458292,2.045977849571824,26.56911601911171,12.781903150553871,-1.7711986268028492,-0.08650839740463741,0.17781724974211774,-0.056426015146819226,22.65697315384159,24.702951003413414,29.525873796587767,-0.2720721173044689,-0.06689493674228204,0.9599488686506742,0.23005981420508748,0.09603317193436098,0.9684266166190116,0.9242977610697233,0.3792338897894195,-0.043073259879919196,39.331059446610276,0.24929879306537672,16.241393090913817,183.20278084100298,181.64664847814748,2.04597784957322,29.226735090933417,4.158871203424079,-0.9663669077926706,-0.02718715728505588,0.19564244031873684,-0.05719673362706604,4.849429319150431,6.895407168723651,29.52587379658775,-0.2795692976244556,-0.008036877196835742,0.9600918791608913,0.24840637797475218,0.021075094432008626,0.9684266166190119,0.9964843696986857,0.0823087462879222,-0.015625979352456576
K15RR7V,2825,39.61147469875372,0.1604697489472693,5.756329180309736,267.3198848230872,342.4019924025969,116.2525613564284,40.261921110946325,15.300005508558899,2.6972378011009637,-0.03351226783530974,0.140781634886061,0.012506152597383911,249.721877225684,5.974438582112384,33.2550312984136,0.09560414376064276,-0.03032376178312324,0.9949574449026022,-0.05561520642428916,-0.150524048382919,0.9870407588710814,-0.34505463043354023,-0.9332200246707926,-0.10018826063875068,39.611474698753696,0.16046974894726906,6.7892285410277555,278.3005861641407,313.9038227118602,116.25256135642866,42.912173089400945,2.4230610536962676,3.8809441811290193,0.010231578737876989,0.14432810347700628,0.01279288914623926,232.2044088760009,348.45697023242957,33.25503129841359,0.08197776893255902,-0.0851761313575959,0.9929877502002699,-0.09834328386189663,-0.1268035442976969,0.9870407588710816,-0.607846816858613,-0.7853904684774504,-0.11697888381935939,39.31933224229284,0.1648304691455151,5.771721273746067,264.9345064487472,342.5150684415368,118.576817455899,40.252936175726205,15.299614503350272,2.69745029407549,-0.03339550722185539,0.14017492055911318,0.012499712906327707,247.449574890284,6.026392346183002,32.83830826230733,0.09591873780434046,-0.030215330309746834,0.9949304646819772,-0.06321188754316794,-0.15222792395602228,0.986321913191261,-0.38197915760714346,-0.9187259632591122,-0.1001724891741924,39.319332242292816,0.16483046914551547,6.802176370526753,275.90956073444863,314.02281004869354,118.57681745589915,42.90348722575141,2.4254024534814125,3.8809173677950444,0.010159815254107606,0.14371446197628943,0.012784469170339407,229.93237078314223,348.50918823904135,32.8383082623073,0.08231042090330504,-0.08516705676116788,0.9929610098354118,-0.10609994954231777,-0.12614231750625304,0.986321913191261,-0.6386567839035414,-0.7604194810884174,-0.11781224535338886
K15Ta1C,2903,39.57906446751429,0.1052410751025767,5.715434294834252,105.9432048635449,130.8421878369462,144.676345403705,37.99326798263368,19.930786921541376,-4.1812373374079055,-0.060489418997452055,0.1321168234342927,-0.004067507817990274,236.78539270049112,21.461738104196115,35.4137211713989,-0.0651282075638575,0.0753395327051937,0.9950287791774076,-0.05764859145593621,-0.088047281570147,0.9944467387000944,-0.5441603992875672,-0.8334986734875274,0.09575709447204286,39.5790644675143,0.10524107510257663,4.310217115158901,97.61990411642024,121.5520146680415,144.67634540370472,42.33814621545695,7.522816308191098,-3.015963331282162,-0.01763537485148221,0.1442172463689203,-0.004555092587495629,219.17191878446175,3.8482641881664676,35.413721171398905,-0.03932734613383855,0.06404581367755639,0.997171747291533,-0.08158858120147004,-0.06647546394179815,0.9944467387000944,-0.7728653026281356,-0.6301825410192189,0.07449287877428941,39.29369464087255,0.1114346058822401,5.718254127309894,103.4497022030091,130.934636672324,147.1846895355538,37.98428304741358,19.9303959163327,-4.181024844433381,-0.06035457707666044,0.1315159166560345,-0.004062839091931893,234.38433887533307,21.569028410886858,34.91501726490983,-0.0652817712291732,0.07527134312626389,0.9950238767231419,-0.06489340783810786,-0.09058982838755784,0.9937717688744584,-0.5786890495111746,-0.8097706867179895,0.09690417384266457,39.29369464087259,0.11143460588223952,4.314342114322358,95.10297509018594,121.66775772270498,147.18468953555353,42.32946035180741,7.5251577079761915,-3.015990144616138,-0.017688460642066924,0.14360367916965328,-0.00455188516109781,216.7707328128909,3.955422348444472,34.915017264909885,-0.03949433434216418,0.06402733978508182,0.9971663338254632,-0.08926327058304442,-0.06670637085727456,0.9937717688744584,-0.7986350598897227,-0.5971327418607316,0.07493016557317655
K15Ta1P,2906,39.68775768321275,0.1274630003960742,9.634554822079096,102.2140766977449,150.0364674185491,122.3688742629234,38.25694268875434,18.274039987362737,-5.931161873160064,-0.05116860300601154,0.13658297115731102,-0.015748710576822145,252.250544116294,14.619418379217393,34.62903700991811,-0.14499415872124016,0.08358941458081039,0.9858952802943918,-0.038857765421568616,-0.1213955952100897,0.9918433261004636,-0.29797013222086455,-0.940455765002506,0.16357491977021363,39.68775768321277,0.12746300039607383,8.535904167241178,95.0167334133025,139.56170428255137,122.36887426292337,42.13734362094002,5.863816575250498,-4.772086572835508,-0.007082941432151236,0.14565915161900736,-0.015949900277992837,234.5784376958539,356.9473119587773,34.62903700991814,-0.11297015581506727,0.09627541187702524,0.9889230450156516,-0.07387601157598038,-0.10387083990993395,0.9918433261004636,-0.5724305830549941,-0.8065113064914008,0.1478605426909209,39.39520158702328,0.1320044032406859,9.649453398362665,99.33480145739581,150.1589387391725,125.2132585890058,38.247957753534216,18.273648982154082,-5.930949380185551,-0.05104000831783403,0.13597907096477008,-0.015736212580138378,249.4937401965683,14.706998785574115,34.194861510981745,-0.14539486748234257,0.08340685641684503,0.9858517276002775,-0.04624242481482475,-0.12363980193357998,0.9912491298987709,-0.34336282437240373,-0.9245241001834062,0.1653999970346696,39.395201587023244,0.1320044032406863,8.553255726129073,92.13517272384198,139.68611181667129,125.21325858900612,42.12865775729047,5.86615797503562,-4.7721133861694955,-0.007143099941076928,0.14504461798960014,-0.015939055535902878,231.82128454051326,357.03454312951936,34.1948615109817,-0.1134072914769531,0.09622364689359426,0.9888780491134174,-0.08159408894426004,-0.10376688838105291,0.9912491298987708,-0.6109257942152315,-0.7776118408063449,0.1486253645925086
K15Te8Q,2916,39.76112105886948,0.2738177311009939,14.21758679731293,359.6093234379136,2.74078677575455,28.47038034308296,19.422659657812005,23.727269863291774,5.76948389338245,-0.13081705224509746,0.14287223365402635,0.03774237950895853,2.350110213668131,30.820490556751093,28.87382110449789,0.24532399284486356,0.011744217313144364,0.9693700077340721,0.27358742689061605,0.011228076979964393,0.9617816020982642,0.9991489274078786,0.041214273621132544,-0.001674667002057281,39.761121058869485,0.2738177311009945,14.699751166684967,5.633491128441282,339.3246589311938,28.470380343086035,25.514058752894588,16.75168762395961,6.474855631424743,-0.08255625138375337,0.17571453530900466,0.03548141706567803,344.9581500596351,13.428530402721151,28.87382110449787,0.2374110060674796,-0.08959339640111144,0.9672688548275192,0.26443578335732715,-0.07106241162170947,0.961781602098264,0.9646020868813054,-0.26253061493820207,0.02490964079226961,39.39341285959736,0.2677145402140151,14.24287040210019,358.8008366306398,2.856039753814195,29.33177546843014,19.41367472259208,23.726878858082888,5.769696386356927,-0.13063507356240603,0.14226411811319253,0.03771902535676934,1.6568763844539944,30.988651852884136,28.847223448429386,0.2457270829714286,0.012258986152690617,0.9692615322774657,0.26760261017637194,0.007740676249153309,0.9634982744966378,0.999549852324951,0.02955640805995885,-0.0051489280206572395,39.393412859597355,0.2677145402140153,14.721923364499606,4.8193048253644,339.4460543318725,29.331775468432923,25.50537288924516,16.75402902374445,6.474828818090722,-0.08256582426542679,0.1750798572015409,0.03545779021178483,344.2653591572369,13.59713462566981,28.84722344842937,0.2379507649166708,-0.08922159131415472,0.9671705853255367,0.25768273195002556,-0.07259948138088101,0.9634982744966377,0.9615596214433467,-0.2737649776790527,0.02135020857311891
K15VG4J,2923,39.5740211318395,0.2006372046361183,6.339697811649748,209.2887448193256,57.29334325233658,136.8186503782288,25.316887628119705,38.36776692143715,-0.06347045822586539,-0.10224141754387843,0.08699357274135719,0.014780703168576045,266.58208807166216,43.40073844989092,31.634000155736548,0.059665729717220596,0.09291517828044184,0.9938846866424823,-0.011961677653765193,-0.20028031893299708,0.9796656123983348,-0.06213578518687485,-0.9966047203528435,-0.054020140407453954,39.57402113183949,0.20063720463611845,5.467073170444406,222.14172181253755,26.925224342633168,136.8186503782288,35.712368292330595,28.92772585849596,0.9207571994175263,-0.07156653867911046,0.11381429062679486,0.012813904028667913,249.0669461551707,25.885596533399507,31.634000155736533,0.08494586588758993,0.04314253056507345,0.9954511147841713,-0.07168303468779112,-0.1873948516425801,0.9796656123983347,-0.35865897808893943,-0.9312772250666412,-0.06392548402925308,39.35991034167748,0.2042892347457263,6.357488279584021,207.8715888084885,57.29811814735992,138.5179122165043,25.307902692899646,38.36737591622838,-0.06325796525134741,-0.1020785915445189,0.08642290960739377,0.014772738970811033,265.1697069558484,43.6876191723527,31.319104378315785,0.05982471184109035,0.0931798335067288,0.9938503521560924,-0.017202111825294044,-0.20356369711160321,0.9789105723032138,-0.08662390597543645,-0.9948952575668815,-0.051766064023522185,39.35991034167748,0.2042892347457257,5.484302062808305,220.68272339061974,26.972025932343243,138.5179122165046,35.70368242868107,28.93006725828095,0.9207303860835434,-0.07158347736348816,0.11322110086410116,0.012805469967643023,247.65474932296297,26.172661539467583,31.31910437831581,0.08517736709817518,0.04334766567063764,0.9954224208923211,-0.07766805961470005,-0.18894910412246366,0.9789105723032139,-0.3815401498218445,-0.9222503339249217,-0.06230116892398579
K15VG4K,2924,39.48724903106499,0.2514492656861636,1.964934300316241,254.9782583720212,185.8975065939783,351.4127162631682,12.052749855376536,27.190958232749974,-0.885443219971061,-0.19114605442085245,0.07309279268312532,-0.003168210430440325,80.87576496599951,72.2884812291677,29.558209258237024,-0.03410637544279373,-0.0035230509539269303,0.9994119987603367,0.039873745963165175,0.248267633003128,0.9678704803773536,0.158634062608381,0.9867819185211548,-0.03311615104551267,39.48724903106496,0.2514492656861631,2.2573933033986666,211.74697689535577,211.5199044411465,-8.587283736831987,19.72035667921743,22.279842413838796,-0.3422759795540946,-0.15998871916089083,0.1274189143979307,-0.007578787180002893,63.26688133650225,54.67959759967027,29.55820925823702,-0.033577281527992504,-0.020592233059958266,0.9992239619338571,0.11311076057672927,0.22457223571907653,0.9678704803773537,0.4500487900598403,0.8927634373141852,-0.020725143199381204,39.21503920157475,0.2468192613436649,1.966754148203757,255.6615965998383,186.0160497689902,350.8507103866376,12.043764920156338,27.190567227541305,-0.8852307269965374,-0.1909236405112129,0.07253144648092126,-0.003164144454181366,81.6776463688285,72.52835675546612,29.53601219227921,-0.03413058218563263,-0.003596935344285138,0.9994109091939105,0.035725174739807054,0.24422010494642452,0.9690615317046527,0.14480206564968845,0.9889017966960559,-0.03325053796400577,39.21503920157472,0.24681926134366472,2.2615034211839085,212.50522015389862,211.56350671602024,-9.149289613362415,19.711670815567803,22.282183813623924,-0.34230279288807475,-0.15994639329909438,0.12681660620082008,-0.007573553136676856,64.06872686991886,54.91943725655645,29.53601219227919,-0.03362267616556027,-0.020655299574626296,0.999221133807201,0.10793226591516795,0.22196930811409432,0.9690615317046528,0.43751180332238504,0.8989626051094073,-0.021205107132543408
K15VG4L,2925,39.62212727892514,0.2436054589151117,11.57645197338123,169.3657882671736,220.3679537929784,21.77201955873454,12.985989539863855,28.168456123233113,-2.6733184289844933,-0.16661425799085308,0.09914739215155081,-0.03757943682182468,29.733742060151997,51.50576161888654,29.969960779949613,-0.15289465550454598,-0.12997616528565434,0.9796578080002132,0.2115322626694776,0.12082103071557247,0.969874414750053,0.8659081973342394,0.49883023662262416,0.03703226728658189,39.622127278925184,0.24360545891511232,12.273281163390587,162.50324791732564,209.50049161290863,21.77201955873443,20.954084370789396,22.929765308300563,-2.096827891555776,-0.127796306289826,0.14484585664484292,-0.041115840252146804,12.00373953023427,33.7757590889687,29.969960779949623,-0.18501473398340595,-0.1046783956858576,0.9771448110109804,0.23827878897951812,0.050663974732513356,0.9698744147500529,0.9747503125631467,0.2139561098119817,0.06391096331750208,39.32055007741097,0.2376831135945985,11.59915004916119,169.0852093575285,220.4347490951894,22.21755719089147,12.977004604643765,28.168065118024405,-2.6731059360099634,-0.1664082864011645,0.09856858297789778,-0.03755230688464227,29.5199584527179,51.73751564360937,29.9747193067596,-0.15303841218585623,-0.13040602387319622,0.9795782323700417,0.20682806913216806,0.11711281871375968,0.9713427497603393,0.8676761506850462,0.49566993663742576,0.03807113665536577,39.320550077411,0.23768311359459848,12.297418257337982,162.23937025598755,209.55036637943903,22.217557190891316,20.94539850713986,22.93210670808562,-2.096854704889747,-0.12777555723973708,0.14423186812252647,-0.04108812815840935,11.789736635426607,34.00729382631792,29.974719306759624,-0.18528162509770335,-0.105042415950726,0.9770551725733756,0.23266895166013749,0.04856358122498181,0.9713427497603393,0.9754521226507645,0.21040939015454757,0.06496956942222394
K15VG4M,2926,39.53788983099945,0.2581919852108766,18.25264294568896,332.784671252663,54.11857046594572,22.68564363835113,12.976506675356674,27.765089165354095,1.8994644297694223,-0.1609182285412326,0.10027009208902243,0.06238209665031463,26.903241718608683,49.588885356959814,29.32952356448477,0.18357404530135826,0.25377072199329354,0.9496846795387917,0.23024836496896164,0.11682804310718105,0.9660936283678029,0.8731276891264703,0.46597213770041057,-0.14324107430335548,39.53788983099941,0.2581919852108764,17.35762268170274,337.039832753079,32.48455396051359,22.685643638351287,20.69726599759326,22.548106731334236,2.4706132908305283,-0.12478336993566709,0.1441954709507025,0.05896668866132948,9.524386713592605,32.21003035194389,29.329523564484752,0.25165633333893656,0.16022740521665954,0.9544612451576745,0.25463287666270706,0.04272235187355689,0.966093628367803,0.9766745713359339,0.18045218161823046,-0.11637779794699198,39.23591793260491,0.2523964934586562,18.28648336151328,332.5102445402679,54.15249985243351,23.15418823090359,12.9675217401366,27.764698160145414,1.8996769227439447,-0.16071607468820795,0.0996905304310727,0.06234222784483005,26.66274439270137,49.816932623604956,29.332909828783826,0.1837521884182284,0.2543340028833442,0.9494995251335553,0.22555749877333972,0.11325989871680243,0.9676238990898139,0.8747683574476011,0.4623893377970411,-0.1448323896786905,39.235917932604885,0.25239649345865567,17.390581720249706,336.75570791545226,32.5284750462307,23.154188230903653,20.68858013394375,22.550448131119314,2.47058647749655,-0.1247646402918483,0.14358191834630601,0.058927320915780505,9.284182961682973,32.43837119258663,29.332909828783826,0.251996308235422,0.1607154764396852,0.9542894719467899,0.24909017285586968,0.04071947564566845,0.9676238990898142,0.9771999716162264,0.17654114952272076,-0.11795523726584904
K15VG4N,2927,39.64107793786032,0.2399296779692597,9.410821761225455,88.93706354987897,62.0253077110121,295.3244666961307,19.440883795454194,32.28094025220435,-0.3359475815720274,-0.15719416929162394,0.04915261427404169,0.026831034439221524,150.96237126089108,86.28683795702176,30.130006873875168,0.07670059694910376,0.1444066833273329,0.9865412957591033,-0.20977078666418186,0.11645800716448382,0.9707902706710484,-0.8624170471641704,0.4790717750899568,0.16348416153496642,39.64107793786031,0.2399296779692598,8.380864561725511,96.69279344522812,36.779911499918974,-64.67553330409847,28.282512857893504,24.90025672103756,0.4434058657897548,-0.13569073107613536,0.09434106365473906,0.023101514384376007,133.4727049451471,68.79717164104862,30.130006873875157,0.11673930505047089,0.08726833834556512,0.9893210660744757,-0.16507376282225636,0.17411749825371994,0.9707902706710483,-0.6816585751973251,0.7172073005879466,0.14475936875830764,39.44732897775668,0.2415291512996342,9.429910076593425,90.24252696399495,62.02880190423172,294.2912615999622,19.431898860257665,32.28054924698882,-0.3357350886015476,-0.1569945114715548,0.04860731386271511,0.026814993564199724,152.27132886822668,86.56259046818889,29.91964908872164,0.07684594126188486,0.14470162866867586,0.9864867662428156,-0.21379216222660927,0.11237990166392195,0.9703935640102311,-0.8732263474404917,0.45894701990211895,0.16383949175550389,39.44732897775667,0.24152915129963437,8.399701573982755,97.98041679306655,36.80142893574508,-65.70873840030364,28.273826994264475,24.902598120808996,0.44337905245229703,-0.1356646908252773,0.09376092572993308,0.023086185101411114,134.78184572881162,69.07310732850797,29.919649088721627,0.11696695549353239,0.08750701203678617,0.989273093825445,-0.1701353914652297,0.17143593409345284,0.970393564010231,-0.6980456926430108,0.7012879370304583,0.14466319628054408
K15VG4O,2928,39.84366634757939,0.3069712770777082,14.13935670169647,356.1006592230455,58.1254206150704,7.233978892843695,10.326708234599714,25.79721367204753,1.2225376435272692,-0.19080214506838683,0.08746853803735724,0.05245310345430195,54.22607983811588,61.460058730959574,27.61280520540484,0.1289955059586716,0.20744504371762829,0.9697044463543816,0.1794518585023996,0.2490550048297642,0.951718779392989,0.5828388896815808,0.8124179149071238,-0.016612050225774715,39.84366634757942,0.3069712770777089,13.166820538501144,1.3741263024341503,35.41821047244748,7.233978892843556,17.596641145692242,21.472605283098737,1.7079746015786323,-0.15685244348628719,0.14101919052327175,0.04815008460657489,36.792336774881626,44.026315667725186,27.612805205404833,0.1856336005321056,0.13201175137936752,0.9737109755216066,0.24582612342013216,0.1838501618028917,0.9517187793929888,0.8011768418269001,0.5984027316289188,0.005462499365907441,39.53286825489393,0.3013949291946351,14.16183151682854,356.3024109704822,58.15601004429076,7.225106120502714,10.3177232993796,25.796822666838818,1.2227501365017945,-0.19057996166235588,0.08689755656016163,0.052419889509311986,54.458421014772966,61.68352713527568,27.61786222634933,0.12908541497981085,0.20783699173245443,0.9696085501412895,0.1751989429307867,0.24524321344366304,0.9534993952047168,0.5796286410782208,0.8147279814306913,-0.015778298884425335,39.532868254893884,0.30139492919463495,13.18851381506041,1.5649213052066218,35.45992694119965,7.225106120502753,17.58795528204268,21.474946682883797,1.7079477882446557,-0.1568122196983537,0.14040776680573414,0.04811796663847956,37.02484824640627,44.24995436690902,27.61786222634931,0.1858377076552203,0.1323607400374345,0.9736246612068716,0.2406260070844187,0.18148836893544526,0.9534993952047169,0.7987923081617686,0.6015746212658782,0.006230848289715874
K15VG4P,2929,39.50647360473049,0.2570020909466421,5.284709083090078,127.7770252442993,223.5611188612673,48.59523576087264,13.669124463143827,31.834592247064258,-1.2624901117313407,-0.14448215651492347,0.10600131907087879,-0.016314751814163406,351.3381441055666,39.933379866439225,29.353227282386424,-0.0667428271642192,-0.06347202613208061,0.9957493142959304,0.25407081971510614,-0.0387052105050486,0.9664108470257636,0.9862790739296019,-0.14816810209134484,0.07279973798864532,39.506473604730445,0.25700209094664195,6.141971739674282,114.39296659726006,219.29728785742867,48.595235761041515,22.673223689437208,26.218273883424253,-0.6380834667010222,-0.10522236247899061,0.1446940032487436,-0.019220930802625665,333.6902544546887,22.28549021573025,29.353227282386403,-0.08279825999681031,-0.06776304582663441,0.9942598341287845,0.2303795153839135,-0.11390940980629824,0.9664108470257636,0.8931000789208456,-0.43917805693480055,0.09744169199348011,39.21911602650329,0.2526913319595817,5.295998681969172,126.7749069021452,223.6285220368347,49.77974112393846,13.660139527937627,31.834201241845065,-1.2622776187552431,-0.14429101886101856,0.10541791608535887,-0.016301874431033786,350.4034289389799,40.18317006291835,29.308785359488798,-0.06681012814599037,-0.06368587392590963,0.9957311465648795,0.24915517345091234,-0.042126105803329414,0.9675469449863879,0.9836467504644004,-0.16423473381560866,0.07393255378614717,39.21911602650332,0.2526913319595818,6.1543922378942275,113.42606197793356,219.3293747450437,49.779741124086655,22.6645378257977,26.220615283195123,-0.6381102800331491,-0.10521674350738969,0.14408011650550362,-0.019207893667876123,332.75543672297727,22.535177847063892,29.308785359488816,-0.08292701533672395,-0.06794600319711373,0.9942366170971981,0.22465790330307936,-0.11567945250117591,0.9675469449863879,0.885708960086849,-0.45369895105240005,0.09837123479871772
K15VG4Q,2930,39.84197982088111,0.24982811866706,15.01057897849904,9.014124660027095,55.57539737834393,3.913946260825779,9.815575703391715,28.195893543187914,2.103119456253476,-0.18634691426381808,0.06613251986610741,0.051242441520604524,64.58952203837103,68.50346829919681,29.88833295825941,0.14641672735797231,0.21363938911739996,0.9658780219920761,0.10720132656630643,0.2256589560800695,0.9682901998488249,0.4335102162354914,0.9002345375829424,0.0405791789256917,39.84197982088112,0.2498281186670599,14.092545575313933,14.129964260721497,33.04092658675842,3.913946260852652,17.809621738140866,23.91362877669375,2.5947606459742114,-0.15901626841958647,0.11933409214898141,0.04687932680157519,47.17089084747991,51.084837108332565,29.888332958259426,0.20411213294579375,0.13275935072684122,0.96990370242561,0.16983664977113497,0.18322008970426631,0.9682901998488249,0.6838199467571138,0.727225580354944,0.05944102703110841,39.58075222488092,0.2448117243640329,15.03603895952557,9.439177080588113,55.61579308641731,3.696769549141846,9.806590768181797,28.195502537975553,2.103331949225197,-0.18612771695503708,0.06557583875373288,0.05121003901602533,65.05497016700542,68.75173971614727,29.89092002108229,0.14650843772553282,0.21409674818849922,0.9657628384289457,0.10324898885550614,0.22197393244794938,0.9695706367325223,0.42638236016611564,0.9035418713553814,0.04254608850162493,39.58075222488089,0.2448117243640323,14.116971712428542,14.543500002156758,33.09302906371771,3.6967695491567514,17.8009358745,23.91597017647225,2.594733832637669,-0.15897459433824043,0.11873720276560298,0.04684806055286372,47.63652906587447,51.33329861503122,29.89092002108229,0.20433771641232884,0.13317065843701514,0.9697998109830949,0.16496183835931766,0.18088773388819177,0.9695706367325224,0.6779721576450211,0.7325315660948136,0.06124751531967997
K15VG4R,2931,39.53110475658921,0.2116378107983843,1.65420059064218,317.053046932418,100.1622624883828,7.880897846956296,10.913763312723988,29.32296853183994,-0.45964795552616766,-0.18139065113804131,0.07545360337532242,0.004771786485753254,57.21530942080079,65.0962072677571,31.164828287463074,-0.005093233154214583,0.028414367704206116,0.9995832545035991,0.11459840193478762,0.17792630281531052,0.9773481657221582,0.5412041086845744,0.8406612208943317,-0.019667852637922877,39.531104756589144,0.21163781079838362,0.22232005062960555,23.53574589606025,16.100135300467993,7.880897847716566,19.267046828212823,24.656314166285465,0.0711875083117855,-0.15019845505676083,0.12672255761537723,0.0006340495629631078,39.635881196528246,47.516779044244814,31.16482828746305,0.00372801959280443,0.001076047101230662,0.9999924719679402,0.1629852215782753,0.13500511289063438,0.9773481657221584,0.7701147417553316,0.6379035066056982,0.0015494486997633553,39.26711250299449,0.2061608319215922,1.654751287043649,317.4684320200936,100.1543031592074,7.726192013435715,10.90477837769491,29.322577526550756,-0.4594354625566578,-0.1811747757407081,0.07489067485197634,0.00477053071680422,57.622735179301,65.34892719273672,31.171771922218394,-0.005090979672891717,0.02842453193654633,0.9995829770009884,0.11039741855029613,0.1741111673501551,0.97851812010887,0.5352142299435216,0.8444907771453405,-0.019520639908112244,39.26711250299451,0.20616083192159262,0.2227509193995157,23.83688521141219,16.20642586344418,7.72619201395904,19.258360964721145,24.658655565936108,0.071160694977143,-0.1501626910722848,0.1261207161489332,0.0006337789915023132,40.043311074856376,47.76950308881542,31.17177192221839,0.003733238176465745,0.0010850599995828858,0.9999924427602016,0.15782814173100057,0.13263697183041523,0.97851812010887,0.7655591801447825,0.6433635621799385,0.0015711636416489696
K15VG4S,2932,39.56361285493323,0.156489392735337,20.6800590445088,235.6677160004203,228.6992865463647,332.4643346715583,14.004082493766427,31.11726452280622,-3.7811584828993885,-0.1643395221102237,0.049869915616766874,-0.059027278101280604,104.36700254678499,76.83133721834326,33.37232710484876,-0.23308240084373344,-0.26530546656136267,0.9355669959065351,-0.0388300299344871,0.15159537860357544,0.9876796393372325,-0.20815955560839633,0.9336086700751812,-0.2916238168760673,39.56361285493318,0.15648939273533635,21.536497369270165,231.9838878990601,214.55381364723561,-27.535665328441794,22.845196318442877,25.433274105530028,-3.15296856820546,-0.13991769362341727,0.09718329916871718,-0.06290589753650468,86.5377015462957,59.0020362178539,33.37232710484874,-0.30233621591666776,-0.2082082871312236,0.9301839182199787,0.009450666340508103,0.1562037609803129,0.9876796393372326,0.09158875681746709,0.9528740167965126,-0.2892103174831602,39.3564414769145,0.1539882609168277,20.72141946306987,237.359884952264,228.7500478688148,330.9930575019453,13.995097558546238,31.116873517597586,-3.780945989924888,-0.16413507515144687,0.04932413443753235,-0.058985772850427665,106.10993282107881,77.10299032302413,33.29601149800953,-0.23329249799117907,-0.2660195581260759,0.9353118223755343,-0.04272884899940159,0.14794130580529344,0.9880726772357441,-0.2365267399760661,0.92481501840232,-0.2979467788277144,39.35644147691448,0.1539882609168276,21.578924024863003,233.68493500340193,214.59532332753247,-29.006942498054745,22.83651045479327,25.435615505315184,-3.152995381539463,-0.13988882027108437,0.09660125624899633,-0.06286358076044607,88.28025833093443,59.27331583287969,33.29601149800952,-0.30275220844371936,-0.20881828917046105,0.9299118358158328,0.004621287462017875,0.15391890138115713,0.9880726772357441,0.06207589798669694,0.9530602349125274,-0.2963490703842738
K15VG4T,2933,39.54855226539188,0.2632058744960126,7.023243385787747,254.6427398820105,76.52995797361623,63.37149354304592,15.9547472808194,33.82115268396846,-0.9409328264720234,-0.1269534537105526,0.10829284425033492,0.018317649499567764,331.1726978556267,34.54419139867264,29.13914098132815,0.028481658362066148,0.11890850684382874,0.9924966307938369,0.23058861791348365,-0.12691028980331023,0.9647396890512949,0.8690406047006392,-0.480485787362552,-0.11790604532481022,39.548552265391876,0.2632058744960124,5.728656681961736,262.8277074359368,50.81255856034765,63.37149354401507,25.442250241714692,27.42159631612106,-0.24008824360596792,-0.08878105083184454,0.1415834658484773,0.01587775234660846,313.6402659962845,17.011759540299522,29.139140981328154,0.06307057657993004,0.07736678397113864,0.9950057703892166,0.18164582342771743,-0.19047867912309013,0.964739689051295,0.6862876495887719,-0.7205560771010735,-0.09903636591995406,39.27173398487691,0.2603454058880175,7.033459438767526,253.4745936868786,76.52325680113832,64.80398486546605,15.945762345666097,33.820761678701196,-0.9407203335070757,-0.1267740645862568,0.10770790538121726,0.018307314680327105,329.9978504880169,34.80183535348294,29.04751846065788,0.02853680697275969,0.1190772660506147,0.9924748134626443,0.2254608515318103,-0.13018116143877184,0.9655155460338293,0.8589909462099404,-0.49835118078613416,-0.11739103431871255,39.27173398487692,0.26034540588801747,5.738885480300244,261.64651972014707,50.818981397296604,64.80398486632423,25.43356437811138,27.42393771583013,-0.24011505694825108,-0.08878645157102506,0.14097166392835567,0.015867264755809348,312.4655011174437,17.269485983767936,29.047518460657887,0.06317412705615139,0.07751154658816259,0.9949879345078534,0.1757712001262412,-0.19205263750643314,0.9655155460338293,0.6713022534086746,-0.7345510980210935,-0.09893416479882763
K15VG4U,2934,39.7238264280389,0.1407177114182387,37.41442645647076,88.0677976161349,231.7686198977874,86.69075396086822,19.724622077770707,34.70962049893227,-4.5787324327970325,-0.10238835282685237,0.07109432831658247,-0.09517884821303663,319.8364175139223,46.52717147479052,34.133980484309916,-0.3759914496905623,-0.4772618125811776,0.7942616646995613,0.10753733777708628,-0.0907589956456304,0.9900497592006239,0.6026868366273707,-0.5177256298021393,0.6072303921923466,39.72382642803887,0.14071771141823863,38.320466609297156,85.96145736253912,215.84918572261404,86.69075396086842,29.403151256936965,27.12976721156138,-3.770104665669285,-0.07347813007912142,0.09870218648050927,-0.09724008558503419,301.8106430851532,28.501397046021566,34.133980484309895,-0.5025961283341022,-0.3631400481573785,0.7845549293757752,0.07417422786688169,-0.11958117839835246,0.9900497592006239,0.40125076106900825,-0.6755969702692346,0.618519652480479,39.51807305400955,0.1391244615322794,37.49988180080184,86.00467150934564,231.8057205928509,88.99734648694532,19.715637142550676,34.70922949372352,-4.5785199398224945,-0.10222542834481771,0.0705343215756216,-0.09511311254415407,317.81039210219654,46.80773858914188,34.02014241957719,-0.3764143996815189,-0.4784356638994376,0.7933545961431786,0.1030809889897641,-0.09343407036803449,0.9902749033492434,0.5789146358863619,-0.54412170301694,0.6072803443735899,39.51807305400952,0.13912446153227953,38.40669268229899,83.90325942070511,215.88046113277073,88.9973464869454,29.39446539328747,27.132108611346382,-3.7701314790032465,-0.07349378752844941,0.0981191255337879,-0.09717475648263535,299.78372055347586,28.78106704042125,34.02014241957716,-0.503353912660074,-0.3641059320858251,0.783620896116041,0.06910692966350652,-0.12074704165788033,0.9902749033492433,0.3706257268533589,-0.6935788899388036,0.6177255814888003
K15VG4V,2935,39.74253393675307,0.09412004347585165,1.760240651628985,28.09756113445847,48.66218464489952,350.3663442048557,15.196603189149084,32.70674729313361,0.3132380035708442,-0.1590444076053241,0.07050233413395757,0.00510089259269989,76.75974577935798,67.12608998421365,36.00196491478536,0.020288604713483815,0.023063316924585395,0.99952811662865,0.0215567671923124,0.0916181661686843,0.995560855707025,0.22920168756668197,0.9732714382280088,0.014466995063535647,39.74253393675305,0.09412004347585134,1.6495651286869917,83.14901478001151,336.049129785605,-9.63365579514733,24.348737697743925,26.58826945824307,0.9844210352092504,-0.13040839389072498,0.11525231635674901,0.0015087051906505808,59.198144565616474,49.56448877046914,36.001964914785354,0.02630768358476507,-0.011685915779574627,0.9995855867092105,0.048196114728079484,0.0808437821295735,0.995560855707025,0.5119036495177203,0.8585672892219532,0.028580823789841815,39.50883570095151,0.0894197925950151,1.764841084252068,30.24144292976527,48.70554325358408,348.4532218804168,15.18761825393236,32.70635628792341,0.3134504965452618,-0.1588435096718683,0.06994272417429838,0.005099416241962881,78.94698618334935,67.40020806376612,35.975963806901895,0.020324108137609966,0.023138961338894398,0.99952564704292,0.0171433104262843,0.08776107460237466,0.9959940264340266,0.19189667585226633,0.9812925536231729,0.015510963882445649,39.508835700951515,0.08941979259501565,1.6511118529300393,85.17889561135723,336.2065341361094,-11.546778119591856,24.34005183409715,26.590610858025688,0.984394221875243,-0.13038589410132664,0.1146581627641571,0.0015078483854108066,61.38542974746662,49.83865162787476,35.97596380690188,0.026364378826012707,-0.011624485212567107,0.999584809244649,0.04282449003458171,0.07849816788316544,0.9959940264340266,0.478748200232064,0.8774826584412374,0.028711407305428576
K15VG4W,2936,39.70306072100713,0.1644774305122688,1.379293547559726,168.3743812988392,197.4493261184396,43.79217588075182,15.199602824545787,32.19136768313816,-0.6296895344118193,-0.1481760347902788,0.09496508974001312,-0.003251172172603156,5.823707417278797,49.61588329803062,33.17280331014329,-0.022963207270683014,-0.007217949389726316,0.9997102541829063,0.16362853113557502,0.01668918650900529,0.9863808467585335,0.9948213008786492,0.10152364429012406,0.00485066677526282,39.70306072100709,0.1644774305122686,2.0938380355186283,119.43231908009345,228.7900128962626,43.79217588075195,24.221948807987776,26.096060379623413,0.03764108059655624,-0.1124347633491081,0.135289180382161,-0.006351168250623269,348.22233197635603,32.01450785710796,33.172803310143266,-0.0240708237784307,-0.02748621197748907,0.9993323289045323,0.16101469047690575,-0.03357222957362793,0.9863808467585337,0.9785095581444079,-0.20373140286446317,0.031820749628402326,39.43213690420468,0.1592848890032952,1.381360618079018,167.1268314933727,197.5685146949679,45.17816219366479,15.190617889325678,32.19097667792948,-0.6294770414372942,-0.1479824213320489,0.09438908373467178,-0.003247050591630869,4.695346188340579,49.87350838200537,33.1511933542557,-0.022982527025416054,-0.007276589157627063,0.9997093851223751,0.15875033511698386,0.013038671904661106,0.9872326595768638,0.9966244952636594,0.08191928426687614,0.005370875688275755,39.43213690420467,0.15928488900329496,2.0973603746883183,118.29489008334295,228.7990521233383,45.17816219366485,24.213262944338233,26.098401779408498,0.03761426726257988,-0.11242431030015795,0.1346815971766842,-0.006346757013049469,347.0939422066813,32.27210440034611,33.151193354255696,-0.024106954686425562,-0.027536233318224343,0.9993300808993948,0.155260968011263,-0.03557678564735115,0.9872326595768639,0.9742937590961203,-0.22296462169001646,0.032224966423241165
K15VG4X,2937,39.55936191159482,0.3349967095577455,16.84679970195538,183.0466097000508,230.1254837614848,9.838161355692451,7.768985967608436,25.396717722752786,-3.124912070626589,-0.20042959662463186,0.07486385630189185,-0.06111164148008857,53.17209346153561,63.01025481722806,26.30710583900655,-0.1858019498972338,-0.22241759305384157,0.9570830944669964,0.20080156103612112,0.26814460371220117,0.9422192975021704,0.6011640570527508,0.7989771716304065,-0.015403107522613979,39.55936191159476,0.3349967095577451,17.744560848077953,178.67632646448064,216.7160924170328,9.838161355692515,15.158169805808694,21.863447080004587,-2.708331482913122,-0.166704069789361,0.13191158124149643,-0.06572929908287305,35.392418881513436,45.23058023720595,26.307105839006528,-0.24430911186689996,-0.18220916344083904,0.9524247364579503,0.2730908038304733,0.19402115420165442,0.9422192975021706,0.8145473942258363,0.5800542865275254,0.007040400623795595,39.26554157897118,0.3298176746875422,16.8724237796366,183.1542745719705,230.1815839086819,9.900756328941599,7.760001032388343,25.396326717544106,-3.1246995776520663,-0.20020096046495697,0.07430132305271617,-0.061068739194588516,53.335858480652405,63.236614809594,26.315071960047902,-0.1858581585540001,-0.22292814992990412,0.9569533869879694,0.19694179846636933,0.26456308614984325,0.9440446501430442,0.5989425285737885,0.8006327448579252,-0.01597045168118235,39.265541578971195,0.32981767468754253,17.77134913453209,178.7931132520148,216.76288906543692,9.900756328941636,15.149483942159163,21.865788479789675,-2.7083582962471007,-0.16665724299572512,0.1313062618557891,-0.06568508993534833,35.556002317451714,45.456758646393354,26.3150719600479,-0.2445169219446844,-0.18267513790036907,0.9522821372239313,0.26832235659555626,0.1917884550417589,0.944044650143044,0.8129460017471415,0.5823035891911924,0.00642870581001017
K15VG4Y,2938,39.63604162658275,0.1905283624401018,1.28480149648128,233.9866974614122,166.2040798730737,18.12855287137714,12.736022048726268,30.05190021856867,-0.7226684033813375,-0.16887514853549307,0.08666884735160271,-0.0009845314805189186,40.190777334485915,58.319330205863054,32.084251521862235,-0.021775286783871244,0.0053468793510158385,0.9997485922804222,0.14554459994992158,0.12295457014492824,0.9816816913368066,0.7638514215876075,0.645137242105016,-0.018136829594091988,39.63604162658273,0.19052836244010185,1.4249477054504929,162.92880410568466,219.6644899912339,18.12855287137727,21.23087278248171,24.8007311110236,-0.1378087315016041,-0.13472699587942158,0.13363322595649915,-0.004698052590376824,22.593294096918555,40.72184696829582,32.084251521862214,-0.0191428578793018,-0.01587267557626973,0.9996907567654426,0.1759062992264935,0.07319857093240378,0.9816816913368065,0.9231972438256458,0.3842571505001133,0.007300087825793508,39.36168227936512,0.1846155344953382,1.284957637401803,233.874535058169,166.3232041489899,18.37266792140905,12.727037113506148,30.051509213359942,-0.7224559104068122,-0.16866766159466368,0.08609840186328818,-0.000981929104696575,40.19773920715886,58.57040712856791,32.09490426672445,-0.02178900370160328,0.005302238783119968,0.9997485311725035,0.1410133138703469,0.11915595196339308,0.9828108182264788,0.763773470428985,0.6452301901783404,-0.018113187220561322,39.361682279365105,0.1846155344953384,1.4275243544948304,162.90675977385777,219.69347522304702,18.372667921409167,21.22218691883214,24.803072510808654,-0.13783554483558091,-0.1347016015675787,0.13302675264660516,-0.00469474934571662,22.60023499690476,40.97290291831393,32.09490426672443,-0.0191694188636509,-0.015911070876611515,0.9996896374395352,0.17043865669593053,0.07094758544648451,0.9828108182264786,0.9231503778974578,0.38436930360005983,0.007322447527021161
K15VG4Z,2939,39.63988951028951,0.219727798646079,1.750876162524948,280.5214274710553,208.4611333261391,317.3863776435227,14.229834781242866,31.2594422182883,-0.6327602259307932,-0.17597458759813578,0.044864860595564576,-0.003769208347111616,128.98256079719442,86.3689384407171,30.929903849619794,-0.026861084049822025,-0.0145607944692447,0.9995331237273194,-0.13822720311145723,0.1708026516709731,0.9755612202738217,-0.6288650659795978,0.7769339237921512,-0.030040087406795406,39.63988951028954,0.2197277986460795,2.5691379889947217,243.39542073364188,227.9810766822849,-42.61362235648047,23.01651426504831,25.500615296036013,0.0013468095125739321,-0.1540387009932737,0.0959267430127005,-0.008016027659476288,111.37649741592679,68.76287505944632,30.9299038496198,-0.03000470766357592,-0.03330147884914147,0.998994859358387,-0.0800896481312872,0.2046117146207877,0.9755612202738216,-0.36382716030978224,0.9306038309416307,-0.04007876317554018,39.43669187250477,0.2190583552637251,1.753843930319482,281.8523063813096,208.5571139276165,316.234122112657,14.220849846023258,31.259051213079502,-0.6325477329562563,-0.17576234229201892,0.044322434030670294,-0.0037647395548557616,130.4094203089261,86.6435424215831,30.79775501387156,-0.026882128890830338,-0.014630520430261425,0.9995315397816301,-0.14200350561825117,0.1667979838096843,0.9757117591733492,-0.6480259351022634,0.7610290408887693,-0.029953069271061387,39.43669187250476,0.21905835526372508,2.573275329221522,244.80994495140453,227.9933794752078,-43.765877887347195,23.007828401399205,25.50295669582084,0.001319996178621552,-0.15400036310286996,0.09534554229377262,-0.008010500557797198,112.80332442661233,69.03744653926515,30.79775501387155,-0.03004583194761828,-0.03336152385959788,0.9989916199389968,-0.08490024397136615,0.20193690000703413,0.9757117591733492,-0.38689103706181716,0.9212300161651825,-0.04062736463923644
K15VG5A,2940,39.909495372465,0.285702793537824,14.13500688146785,119.1675765831438,224.9555425420585,50.35903319012541,14.88344740992965,31.68063841498406,-2.9975474886662923,-0.13347982268795783,0.11032732480289653,-0.04341208925093101,344.1231191252023,34.48215231532771,28.507241055866892,-0.1728147463382793,-0.17254677026201845,0.9697229890644969,0.2748037391232414,-0.07816003581883758,0.9583182737299146,0.9431719203167778,-0.25486226330302436,0.21324154255215283,39.90949537246498,0.285702793537824,14.925507725175676,113.71696657395317,212.64982092589128,50.359033191523295,23.831691264744364,25.704693667459097,-2.3418716992846136,-0.09268517602879253,0.14549436624287057,-0.045983026131394135,326.36678749984446,16.725820691367744,28.507241055866874,-0.21686381451059197,-0.1389560396381052,0.966261509635983,0.2378762366691438,-0.15824342723614776,0.9583182737299145,0.8159355751591268,-0.5278661947423944,0.23581013048198238,39.61304915643529,0.2817825791381827,14.16688483440421,118.1920929818826,225.0161467678009,51.51721583265218,14.874462474803474,31.68024740969534,-2.997334995661361,-0.13329605929579663,0.10974102233302932,-0.04338105000622983,343.2082397496835,34.72545558233571,28.45078199760734,-0.1730135104648962,-0.17311105330586704,0.9695869679507592,0.26976766682599657,-0.08140533054428506,0.9594782843265572,0.9384016495546679,-0.26994540020002616,0.21571236641399594,39.613049156435274,0.2817825791381823,14.958647392834937,112.75630985228898,212.69529691893771,51.5172158339057,23.823005401159325,25.707035067139508,-2.3418985125863943,-0.09268796004648859,0.1448799430604874,-0.045952051829493384,325.4516067712267,16.968822605132402,28.450781997607347,-0.21722374980585346,-0.13942999066804146,0.966112374531345,0.23208951572820277,-0.15979949497671853,0.9594782843265574,0.8067672755000672,-0.5408037154700962,0.2380292093755256
K15VG5B,2941,39.91921390491958,0.2094745954980411,2.64805412651352,251.3115249873002,119.1524635694667,37.01874141048882,14.156024388495766,30.96147765292439,-1.2693486868388808,-0.15325263481551424,0.1007674218961766,0.003919807431850434,10.463988556766935,47.48272996725576,31.557152719586774,-0.02250604411904219,0.04034839468585718,0.9989321723842846,0.2059908762251434,0.03804425148515333,0.9778140896105619,0.9824858590808605,0.18112474583724442,-0.04376486206464194,39.91921390491954,0.20947459549804082,1.1460088550975476,235.27339169190313,117.60090922202461,37.018741410489234,22.873742829647057,25.238866938038527,-0.6394182325819522,-0.11571784376884474,0.1423539708571565,0.0007320508802602026,352.87430091392775,29.893042324416967,31.55715271958675,-0.00926633824398462,0.01772418521353159,0.9997999741118543,0.20785669722818162,-0.025984602680431033,0.977814089610562,0.992130710472203,-0.12412272545440739,-0.016437833302821826,39.62822689994809,0.2040103027346424,2.647210477167643,250.5167207188162,119.1871735578439,38.02585760234923,14.147039453275761,30.96108664771566,-1.2691361938643568,-0.15305561879024757,0.10018752690528793,0.0039191226978283235,9.703894276660094,47.72975187900932,31.543660333252582,-0.02252331026297948,0.040321911850176785,0.9989328525579405,0.20109132636988417,0.03438723717720235,0.978968741267115,0.9848137093602533,0.16806576502825,-0.043541434077985955,39.628226899948054,0.20401030273464216,1.1456418542821423,234.42455408928424,117.68963323347018,38.02585760234966,22.865056965997603,25.241208337823537,-0.6394450459159271,-0.11570519025084824,0.14174165250944487,0.0007317146238798753,352.11418732275445,30.14004492510412,31.54366033325256,-0.009290797621699126,0.017704144121159796,0.9998001022006798,0.20208107242584458,-0.027990065900259927,0.9789687412671151,0.9903994991889651,-0.13727482751858505,-0.016262033574861178
K15VG5C,2942,39.59909329080442,0.105320739054342,13.32828144203211,154.9179019739485,232.2289591449793,29.61631765418036,16.268714647348425,32.18222020698465,-1.623318142316903,-0.1470019072083464,0.08349661789169413,-0.039645230268162454,27.146861118927802,56.763178773108166,35.42848751953506,-0.1412014238476124,-0.18222588484254337,0.9730652006914845,0.09371859859028989,0.048054993010351314,0.9944383047354155,0.880814316796569,0.46326651875330493,0.09772549272522142,39.5990932908044,0.10532073905434192,14.283886756031286,149.64717889220515,219.76541755005678,29.616317654180214,25.265341130665,25.764386578333728,-0.9276083829826962,-0.11377629477387756,0.12400179714219225,-0.04279601918745265,9.412596442261929,39.02891409644214,35.42848751953505,-0.18965118486023697,-0.15781757729870916,0.9690851564112796,0.10390272491609795,0.01722445441697529,0.9944383047354156,0.9765436873630806,0.17555100896314274,0.12467666150222444,39.34937315155653,0.09945986464829318,13.35636040011123,154.2385478369548,232.265693728825,30.52211253866056,16.259729712128323,32.18182920177596,-1.623105649342377,-0.1468090807035473,0.0829282985750966,-0.039616715742741906,26.504241565779807,57.02635410444037,35.43568982390754,-0.14137639064313534,-0.1826934916228128,0.9729521079104484,0.08900676490108259,0.044385363327342615,0.9950415746712009,0.8856042489215351,0.4534585582021547,0.10040144563374977,39.34937315155652,0.09945986464829293,14.312625066849462,148.980554993897,219.78916603161767,30.52211253866048,25.256655267015457,25.766727978118805,-0.9276351963166714,-0.11376494256986654,0.12340177925168026,-0.04276718096177015,8.769721025514627,39.29183356417511,35.43568982390754,-0.1899592309119436,-0.15820722097354026,0.9689612819009706,0.09829708847481085,0.015164005843838178,0.9950415746712009,0.9780727647229577,0.16475431407018093,0.1273957727024494
K15VG5D,2943,39.70472167995916,0.2216322055928321,11.98034436503207,102.461032473932,50.56679034319404,293.7804286628726,18.230917978392792,33.28015095472159,1.4976718051597468,-0.15685445620900748,0.04335969483504194,0.0315517497639465,153.02782281712604,86.80825147999866,30.90487664158027,0.1318478461089445,0.1603246422641264,0.9782188684334974,-0.1975245783904158,0.10052300974220717,0.9751303325423001,-0.8748001808742174,0.4400487806236734,0.20268624574463515,39.704721679959135,0.22163220559283214,11.19830428975133,109.29515159691562,26.28915360308705,-66.21957133719594,27.380717298140087,26.218290309988447,2.2528675505697704,-0.13724630826888334,0.088716148859534,0.02778114972555597,135.58430520000266,69.36473386280672,30.904876641580252,0.17411871923558522,0.08601382191601502,0.9809609034264105,-0.15830767275484364,0.1551112997266439,0.9751303325423,-0.7063222124849619,0.6837479726433903,0.18329659586692285,39.52138114136291,0.2233574146690359,12.00909114912401,103.7786532561556,50.6022777743781,292.7116616628472,18.22193304318068,33.27975994951087,1.4978842981326606,-0.15665502608005522,0.04281827710037345,0.03153254485191941,154.3809310305337,87.09259269338088,30.6939876254785,0.1320600128597547,0.16078552261083262,0.9781145989720442,-0.20139885045349,0.09657658993590741,0.9747366133024676,-0.8852632140468295,0.41889494028535956,0.2020793677217008,39.52138114136287,0.2233574146690358,11.22597105277697,110.59331092771416,26.344381765113997,-67.28833833723377,27.372031434497593,26.220631709769176,2.2528407372343757,-0.13721922539986048,0.08813978100708646,0.027762683939247988,136.93769269282816,69.6493543555944,30.693987625478474,0.17446019549851535,0.08639181119950935,0.9808670119564059,-0.1631875221597328,0.15250694180594637,0.9747366133024676,-0.722663600097175,0.6667429998425641,0.18223911011505986
K15VG5E,2944,39.86093759627012,0.2183427791876308,0.6252091182333468,301.4568408450376,61.76454885320322,41.91346977796061,14.24054071160596,31.392059950923098,0.02515726784270575,-0.14979039078733922,0.10242754747843566,0.0019688683919580918,3.2213896982408414,45.13485947620145,31.157589700475782,0.005162300745307163,0.009613362803034861,0.9999404651811188,0.21799776599922652,0.012269606461699499,0.9758721385389694,0.9983751129754512,0.05621826593124979,-0.009308080733337753,39.86093759627011,0.2183427791876309,1.2277403664490232,54.22484066602826,291.42035488215726,41.91346977796313,23.048636015577816,25.62380360206654,0.660399419679308,-0.11186355267243316,0.14289067854628348,-0.0011134026676339398,345.6451955481855,27.558665326148628,31.15758970047577,0.007825108855119991,-0.019946462640593205,0.9997704267978389,0.21152590563678664,-0.05413280399088688,0.9758721385389694,0.9686056378701103,-0.24799380305985302,0.01738366848934597,39.57099578000894,0.2132424617024176,0.6269478122641555,300.5761693360087,61.75572880285572,43.05138396748654,14.231555776386102,31.391668945714216,0.025369760817229386,-0.1495956953146751,0.10184653979626744,0.0019694912655541723,2.33189813886446,45.383282106351,31.13277922786386,0.005178140352718341,0.009639299303719026,0.9999401335937171,0.21306587514929792,0.008676423212984308,0.9769993104025678,0.9991264923053612,0.04071245672881396,-0.009420628465731698,39.57099578000893,0.21324246170241756,1.2271575796813243,53.25876402646571,291.49695806658934,43.051383967488846,23.039950151928448,25.626145001851363,0.6603726063453352,-0.11185348247472295,0.14227800047279512,-0.0011125020175456685,344.75572209305506,27.8071060605439,31.132779227863846,0.007848043303864377,-0.019926521006603536,0.9997706446865071,0.20573922454161692,-0.05606887690975409,0.9769993104025677,0.9646425801440976,-0.2630022116606398,0.01716185405339733
K15VG5F,2945,39.48684088526483,0.3443729858936934,23.42941209595763,284.8153198789028,228.1896680154647,308.1583435665749,16.715405934310134,30.484095864513378,-3.4077694286605813,-0.16752075316409817,0.018328152698789443,-0.05940395653953818,153.00498789436756,101.16333146094246,25.888639586097007,-0.26507939274792935,-0.2963675929215629,0.9175506337016327,-0.3068521864092231,0.15631535148288336,0.9388329172896858,-0.8316349689460146,0.4007740192780975,-0.3844001351428487,39.48684088526484,0.3443729858936935,24.26912525258339,281.5081197601722,213.63232129941872,-51.84165643342518,25.22739584022238,24.010657412304287,-2.713783052164163,-0.15246319239033546,0.06807602754278728,-0.06362847958822694,135.1404410595909,83.29878462616571,25.888639586097014,-0.3422215667895438,-0.22764983927015556,0.9116248953952399,-0.24410461942519726,0.24291086469859186,0.9388329172896858,-0.660874353968565,0.633268784200599,-0.40276014602207993,39.33041215531077,0.3455476241389346,23.48017846962792,285.5686137899426,228.2336351034559,307.6313995949077,16.70642099909001,30.48370485930468,-3.4075569356860598,-0.16731417400032866,0.01780351223622495,-0.0593621988217525,153.80224889339854,101.43364848830623,25.73988167863806,-0.26539331324707904,-0.2971771834693693,0.9171979671308428,-0.3100514857625441,0.1525491288880449,0.938401214540954,-0.837782347416,0.38834025171571396,-0.38381321922976125,39.33041215531077,0.3455476241389348,24.320815614997677,282.2695249322645,213.66767529050543,-52.36860040509229,25.218709976572814,24.012998812089364,-2.7138098654981433,-0.15242591047708587,0.06751349363351973,-0.06358567850498283,135.93720022276995,83.56859981767766,25.73988167863805,-0.3427653804287883,-0.22831680773334875,0.9112537129065434,-0.24830291345199765,0.24030984940137665,0.9384012145409539,-0.6705030191151722,0.6232728559696993,-0.40243837834979607
K15VG5G,2946,39.55518059585156,0.2219905537357443,10.22093650876926,211.1366493390478,218.77487534233,358.2152752836185,12.15376502405432,28.161818725341604,-2.5862808702857376,-0.18240932557641318,0.07389247668818896,-0.030984363823493597,69.91152468137784,68.12679996499634,30.774304152261106,-0.138337873071376,-0.11112666346157045,0.9841308335490697,0.07624727193040165,0.20848539390344295,0.9750488162405498,0.34860967751705163,0.9327661345425046,-0.09175309799724177,39.55518059585155,0.2219905537357446,10.89050411968475,203.32263683039454,208.87481184889538,-1.784724716382402,20.15663734384026,23.174833535460547,-2.031735344854342,-0.1506554886291932,0.12554207876752227,-0.035148274133040246,52.19744867928989,50.41272396290749,30.774304152261085,-0.16544399782695493,-0.09123512059743455,0.9819900388255505,0.13606738678073907,0.17540088997084155,0.9750488162405497,0.6163854386383609,0.7838838859094948,-0.07480002971941635,39.2888637842404,0.2169053321420641,10.24006972150409,211.7551741042118,218.8464634699097,357.7703155185001,12.144780088834244,28.16142772013291,-2.5860683773112076,-0.18219276741775334,0.07333059450158219,-0.030961654202640267,70.60163757412147,68.3719530926216,30.766899735635423,-0.13845486355505282,-0.11150555012762342,0.9840715233399896,0.07204167320670998,0.2045920830170042,0.9761926433283242,0.3373922953504328,0.9367032155225545,-0.09356027505235857,39.28886378424036,0.21690533214206364,10.911186714804654,203.95969344818764,208.9276839872213,-2.2296844814992554,20.14795148019074,23.177174935245613,-2.0317621581883123,-0.1506194183207968,0.12494102851057229,-0.035124561772128776,52.887377435408894,50.65769295390964,30.766899735635413,-0.1656699757378984,-0.09155920929304093,0.981921774039377,0.13087713862183462,0.17297137826189637,0.9761926433283243,0.6069347869298691,0.7910255494987726,-0.07686835795409655
K15VG5H,2947,39.71461097456441,0.1595100585584206,13.6472049495943,6.010553800639676,56.12052168348122,1.841639731659002,14.3815215480488,30.10490463686118,1.175675371325429,-0.16366938731222375,0.07776423550067006,0.04351658748407569,62.1310754841209,63.9727152157799,33.379731052386745,0.13152579960548721,0.19588255563239837,0.971766941420142,0.07456304353622883,0.14100996886718759,0.987196303284554,0.4699047987126531,0.8823712912416661,0.02470596161528009,39.71461097456437,0.15951005855842038,12.722544555552476,11.625924341012354,33.07040059348959,1.8416397316605368,22.76261096685755,24.354192466750618,1.8034713954489132,-0.13368117513083624,0.1235720663761806,0.039848787680192975,44.696324934501945,46.53796466616248,33.379731052386724,0.18455293105169565,0.12017273001663983,0.9754479640660366,0.11338686210489718,0.11219125760644512,0.9871963032845541,0.7135444260395752,0.6992028879284617,0.04438100472445601,39.45739559213357,0.1540752039581734,13.67356726752848,6.786906277079255,56.14841195710702,1.291597924210211,14.372536612828696,30.10451363165249,1.1758878642999555,-0.16346538950810988,0.07719975828612258,0.04348936319643723,62.935318234186276,64.22691615839649,33.37798931861726,0.13167948371182417,0.19631786022117256,0.9716582790917636,0.07010361324275241,0.1372029587329053,0.9880591234967911,0.45777764766533424,0.8886277133811067,0.027935860628569027,39.45739559213355,0.1540752039581731,12.748136914605404,12.388973754022132,33.11182405666044,1.291597924211553,22.753925103208008,24.3565338665357,1.803444582114938,-0.13365648177537903,0.12297233651067187,0.03982223361690437,45.50079781068257,46.79239573489412,33.37798931861725,0.18483093092754213,0.12054412815887655,0.9753494964057112,0.1079912076292359,0.10989571215262176,0.9880591234967913,0.7037884166816328,0.7088303614262096,0.0473432494147731
K15VG5J,2948,39.4666321399161,0.1147433301000605,6.065271215258226,315.6683189326386,72.13585816506203,28.55264180764359,15.856318121853898,31.899960130897185,-0.5638128820407806,-0.1510913691233135,0.08741063871288257,0.018129522265967542,27.80417709770063,56.35681890534422,34.938099340348046,0.03241278299264904,0.10056705643493724,0.994402171487313,0.10149586512403477,0.05352215583452513,0.9933951722237976,0.8808237501266956,0.4676511236581455,-0.07383730597752548,39.46663213991613,0.1147433301000611,4.86575559574025,326.5257533388609,43.744532089887876,28.552641807643322,24.75793824493807,25.619888000233225,0.11831489997287259,-0.11808304526901656,0.1289682999620631,0.014881975212798979,10.270285428748764,38.82292723639209,34.93809934034805,0.06127753050819664,0.05864926800434451,0.9963961700133996,0.11290487064145227,0.020457809948489565,0.9933951722237976,0.9826032270821949,0.17972793156970596,-0.04678427878392267,39.21010035584835,0.1087775797893289,6.074583836770395,315.0911761434629,72.13299415569162,29.39289626313523,15.847333186633806,31.899569125688473,-0.5636003890662551,-0.15089580167610409,0.08683969604243402,0.018119313538120282,27.224170299154537,56.617066562289764,34.94492053584246,0.03246739777068688,0.10071926581686765,0.9943849845886206,0.09672757661059736,0.049762815312890306,0.9940661135634672,0.8854505578247827,0.4586893053581421,-0.07470897401146791,39.21010035584835,0.10877757978932923,4.874958810516063,325.9286851405725,43.761671430483034,29.392896263135295,24.749252381288535,25.622229400018277,0.11828808663889678,-0.1180688064859572,0.1283649532966432,0.014872155036892983,9.690356571055531,39.08325283419083,34.94492053584245,0.06137557277568955,0.05877829356066779,0.9963825326010849,0.1072255209944119,0.018309820105637798,0.9940661135634672,0.9843300995671278,0.16978712632745369,-0.047608684287989214
K15VG5K,2949,39.856898828252,0.2591835164173745,3.122201666126527,219.6534710750038,174.6765673827643,19.38777573273181,11.61024304056116,28.22552880711441,-1.59172512199866,-0.17568055484172046,0.0973079907925212,-0.0043958656630133115,34.33003845776807,53.71781419049988,29.52664763645411,-0.054230814499567924,0.005053211391899009,0.9985156402447296,0.2140344583268703,0.14616889488259352,0.9658280927874922,0.8257148589376323,0.5630159221126875,-0.034756915530671326,39.856898828252035,0.2591835164173748,2.898521364896994,189.5303429622936,187.17769575429895,19.38777573273165,19.63054133125241,23.399752586590736,-1.05130142893315,-0.13790541715207205,0.1458311014966379,-0.008198281093600802,16.70803871659257,36.09581444932422,29.526647636454125,-0.05017089222303466,-0.006318216261933376,0.9987206625061945,0.2482413503008595,0.07451393952329688,0.965828092787492,0.957808634391067,0.2872847416588001,-0.008372400847773902,39.55001658923332,0.2532557636219773,3.12409205459341,219.4018236086737,174.8066968649294,19.74329590050304,11.60125810534114,28.225137801905696,-1.5915126290241344,-0.1754685066096618,0.09673041446888622,-0.004390976856670103,34.20852047360313,53.95181637410617,29.533746936665167,-0.05427496067451527,0.004933012104305391,0.9985138426858982,0.2094417510578196,0.14238200280086377,0.9673993581723368,0.8269115894617631,0.5612668935554276,-0.03459331456309043,39.55001658923333,0.25325576362197755,2.9037132618109136,189.30632161664172,187.28013713179084,19.743295900503007,19.621855467602938,23.402093986375768,-1.051328242267124,-0.1378778925184786,0.14521645261864286,-0.008192631837423789,16.586458748432563,36.32975464893557,29.533746936665164,-0.05024928544191488,-0.0064193767976885325,0.9987160762269256,0.24271780829738696,0.07229486387748367,0.9673993581723367,0.9584163777440673,0.28525591703602887,-0.008191988029503468
K15VG5L,2950,39.70556167072441,0.1639884812502899,22.63340260226833,196.3682845970548,223.6378151050102,3.892724422683855,14.43272617111772,29.535270590699334,-4.7594899958211,-0.1599576766323274,0.07017548923350941,-0.0672003354197873,60.006099702065,63.898824124748856,33.19430691515259,-0.27851035750691583,-0.2655725598449614,0.9229860216811326,0.08197912092035697,0.14202691898334685,0.9864622537214607,0.5148852173739653,0.8503715624961272,-0.10845007435525263,39.70556167072443,0.16398848125028997,23.367642484692226,192.79063772755345,209.3489034229523,3.8927244226846254,22.802911376486193,23.79570192219687,-4.132836967833249,-0.12938545886697114,0.11521661765530529,-0.07079178436203633,42.13954115050575,46.03226557319037,33.1943069151526,-0.3457226271701423,-0.1943986856812525,0.9179787666759925,0.12159958861694943,0.11002618793253437,0.9864622537214606,0.7504130058872693,0.6551105376881662,-0.08780947560004417,39.46004987366788,0.1587588030394002,22.67911907447452,196.9989472395074,223.6973286716137,3.455462685117491,14.423741235897925,29.53487958549052,-4.75927750284646,-0.15975616658465322,0.06961609834007779,-0.06715335221611554,60.69627591112112,64.15173859623862,33.19541958784933,-0.2787667216757612,-0.26637040048696015,0.9226786681345598,0.07770277093727627,0.13844362365660703,0.9873173970195689,0.5050559138178855,0.8556939089144509,-0.11272292652467944,39.460049873667884,0.1587588030394006,23.414698884543128,193.42991333637852,209.39935808080924,3.455462685117455,22.794225512836903,23.798043321981737,-4.132863781167105,-0.1293636446949199,0.11462248798958738,-0.07074418210781677,42.82927141718778,46.28473410230524,33.19541958784932,-0.3462080239288271,-0.19507308560074596,0.9176527096028763,0.1164309523222744,0.10792678483041852,0.9873173970195688,0.7427713115162743,0.6631534461155658,-0.0922945593924327
K15VG5M,2951,39.70927077492797,0.2109540999118511,7.204780704515026,10.68863846545967,76.3129984889166,346.3707608792496,12.966625572838778,28.925542674839818,-0.7274014117507152,-0.18076477974587016,0.0680488848394188,0.024237782335074908,87.00163695437628,73.37239783362588,31.33243730044707,0.029675652351330427,0.1218545537946589,0.9921042401769219,0.011034465787542086,0.21066530999289565,0.9774959681402173,0.053730279657872915,0.9982845170145737,0.0232611293119285,39.709270774927944,0.21095409991185066,5.912168181476792,18.668891864725246,50.801928390837595,-13.629239120750348,21.110633200214846,23.65733294557533,-0.14585740356816468,-0.15237428120658358,0.11947469935546386,0.020047470106784163,69.47082025556284,55.84158113481249,31.33243730044706,0.06509872337451277,0.07982440602460952,0.994680964137661,0.07397830492711842,0.19755718835246,0.9774959681402173,0.3520038360059969,0.9354176542805147,0.03297137390832907,39.45515432259042,0.2067801002248689,7.213284229399775,11.783091060749,76.31318765942144,345.5285772970668,12.957640637618724,28.925151669631088,-0.7271889187761975,-0.18054932383623631,0.06749091929247278,0.024223479574950486,88.09627872017045,73.62485601723728,31.2966135573775,0.029710089455164332,0.12199771193143641,0.9920856156945631,0.006869253787043594,0.20666597010977888,0.9783874437823663,0.03479037164977786,0.999065650224575,0.0256409161657158,39.45515432259043,0.20678010022486937,5.920586182326022,19.7519211825739,50.81360152150555,-14.471422702933149,21.101947336565335,23.659674345360358,-0.1458842169021476,-0.1523370588856321,0.1188777157307252,0.020034187782478424,70.56552270407944,56.094100001146295,31.296613557377494,0.06517479642562846,0.07995093894709764,0.9946658198974947,0.06880166332867269,0.19499831017784489,0.9783874437823663,0.3341258937286189,0.9418835987709552,0.03485933886817116
K15VG5N,2952,39.50599205035136,0.2343128510026844,3.948434817139168,315.551032718213,97.88170919058484,8.668652293189874,11.485675120179849,28.158044170482977,-1.0517949350936422,-0.1818712379251749,0.08486747604535122,0.011631352991255057,53.43274190879782,62.101394201987695,30.249230421344148,-0.009442472731715227,0.06820816794473471,0.9976264258400204,0.13959563099607478,0.1881902546674878,0.9721612458100733,0.5941195545916629,0.8029301311703582,-0.04821990575017303,39.50599205035134,0.23431285100268373,2.407026447417345,321.897105416126,73.96243113789357,8.668652296924842,19.476584937933033,23.3730496389892,-0.5154093397527184,-0.14800276698695272,0.13584182259505,0.00755673510265799,35.8595365540196,44.52818885094444,30.24923042134416,0.011602736364709624,0.04036364295847939,0.9991176871800296,0.1899001497124546,0.13726050154430147,0.9721612458100735,0.8099322824943069,0.5859505575852217,-0.02591605369514881,39.22220352874932,0.2286018373881071,3.949720503764569,315.8489501801435,97.88366861063862,8.60959038773163,11.476690185697356,28.15765316492443,-1.0515824421661932,-0.18165504041556063,0.08429823792161581,0.011625499630326337,53.73261879078211,62.34220917851374,30.255935735666924,-0.009447875870404961,0.06823001959292625,0.997624880437475,0.1352303915841364,0.18431370336797992,0.9735200049011737,0.5899155048554214,0.8060382673726612,-0.04797925241238957,39.22220352874931,0.2286018373881069,2.4082893510400956,322.19040920430075,73.96900538294427,8.609590390564582,19.467899074882027,23.37539103821795,-0.5154361531172929,-0.14796847464984136,0.1352338689870956,0.007551824634043445,36.15941458724501,44.769004977809594,30.255935735666927,0.011604186512438585,0.04038613998886466,0.9991167612207216,0.18456820048453634,0.13488283592480724,0.9735200049011739,0.80685806060736,0.5901834380682649,-0.0257600361578265
K15VG5O,2953,39.70860459203755,0.2128609793092568,9.99809074432053,49.00281303914958,58.417748672903,331.3956760521375,14.535023860343019,29.450880672618418,0.5362548812362835,-0.1763461075094498,0.05985611874726844,0.03201038833866433,107.42056171205257,78.81623776419008,31.256192131572387,0.09092619087788958,0.14790105271711768,0.9848135389085622,-0.06372700557116297,0.20309767421964442,0.9770824957430688,-0.28961898866096364,0.9481301234029733,0.13103476829781965,39.70860459203756,0.2128609793092573,9.044206750756606,56.62263617864796,33.3199579490736,-28.604323947862614,22.72901240348368,23.684352654646293,1.1628821108924317,-0.15085167138330005,0.11032989186582767,0.027864991450801676,89.94259412772155,61.33827017985894,31.256192131572373,0.13135589845867995,0.08635021108554848,0.9875673490884529,0.00021326995200563937,0.21286087246937524,0.9770824957430687,0.006704939722700531,0.9913240692892804,0.1312693164111746,39.47349760715916,0.2102971512784011,10.01671518235579,50.36981690894012,58.43880956629756,330.2653562273086,14.526038925122954,29.450489667409727,0.5364673742108028,-0.17613361319387916,0.059303644362853215,0.031990876026311156,108.80862647523767,79.07398270254623,31.172333509378806,0.0910393684974486,0.14820722720848875,0.9847570518593696,-0.06780153010214118,0.19906743669324514,0.9776375136850004,-0.3124049738885925,0.9404560275111579,0.13396116081760498,39.4734976071591,0.2102971512784002,9.062182366214936,57.97213191017963,33.35868903106242,-29.734643772691673,22.720326539834176,23.68669405443136,1.1628552975584507,-0.15081546958434508,0.10973903750484112,0.027846469469973763,91.33082094124205,61.59617716855038,31.172333509378795,0.13155627698225125,0.0866093523259253,0.9875179826596845,-0.004884176302867972,0.2102404258406381,0.9776375136850005,-0.017406229811491425,0.9908915919874287,0.13353230355374165
K15VG5P,2954,39.58737511440764,0.3357238461400282,15.0920362183492,267.4962253063138,225.3139615403871,324.1953387819505,13.410947476177281,28.00068596028222,-2.7387553770456092,-0.19056826383147385,0.028798395557447384,-0.04199869037619168,132.81018684670096,97.00552562865147,26.29694928241067,-0.18309799493664383,-0.18511570195700527,0.9655088301715039,-0.2281484403961978,0.24629005260431427,0.941960455185326,-0.6550729401272753,0.7093772759588943,-0.2601217473917663,39.58737511440765,0.33572384614002826,15.886793306010318,262.38532216584406,212.65721571230534,-35.804661220201766,21.31017864711347,22.64146290647445,-2.1524755406922482,-0.17174356949894365,0.08501925253994617,-0.046747981700293824,115.0425378781494,79.23787665794764,26.296949282410672,-0.2304634474530139,-0.1477119987969309,0.9618044316801038,-0.14210888648402992,0.3041637145507703,0.941960455185326,-0.40286198619851216,0.874119968142359,-0.27132361005078626,39.39064497821052,0.3351009334655249,15.12115178972178,268.3214155343788,225.3674555244022,323.5725641624878,13.401962541162877,28.000294955047632,-2.73854288402556,-0.1903462371827451,0.028266737465393973,-0.041968598455419955,133.688871058781,97.26143522126881,26.190803076203085,-0.18326975852615748,-0.18563569554217396,0.9653763950658506,-0.23146827937199005,0.24231192965687118,0.9421822352339986,-0.6661134488226924,0.6987866963293821,-0.26074897186874296,39.39064497821052,0.33510093346552505,15.917033884575286,263.2225100601202,212.698441023508,-36.42743583993367,21.30149278365087,22.643804306172704,-2.152502353975531,-0.17169336500380875,0.08444536251548493,-0.046716494690600165,115.92095108362821,79.49351524369453,26.190803076203075,-0.23078426476856198,-0.1481519973648267,0.9616598196930382,-0.14648290437819206,0.3013891078562656,0.9421822352339986,-0.4165633996251653,0.8673592209728477,-0.27232869089778194
K15VG5Q,2955,39.42049739187524,0.2778094873273465,19.0593302950793,288.2196879985853,224.3705440649466,300.0357719203524,18.15053766250054,31.658356175327636,-3.4333799907827345,-0.16073409588001283,0.03372966215372571,-0.04716294089549316,152.59023206353186,92.62600398388423,28.46910922124938,-0.233426389911585,-0.2283530406990508,0.9451809399772841,-0.24662173755855574,0.12788991286525284,0.9606361895904801,-0.8513240953977566,0.4231293260841994,-0.3101755277302237,39.42049739187523,0.27780948732734645,19.819140092190075,284.06004989039644,210.7109677086442,-59.964228081637295,26.95025165957802,24.696540865355917,-2.691920521501462,-0.14168260980905667,0.08070794444676327,-0.051085697236645265,134.77101759904065,74.80678951740336,28.469109221249376,-0.2915016719992022,-0.17315650767129875,0.940767558471671,-0.19565432996022997,0.19722447722556277,0.9606361895904801,-0.6749309932656322,0.66052735713521,-0.32889476250837674,39.24871588230487,0.2792640766599101,19.10402930895533,289.2136284540707,224.422240628789,299.2658284925358,18.14155272745675,31.65796517008673,-3.433167497756217,-0.16053206544061863,0.03319469890337555,-0.04712938766033619,153.6358690828597,92.90169757539547,28.28795948134585,-0.23374682284001047,-0.22907961389132447,0.9449258983177478,-0.2502178036420859,0.12401401232619913,0.9602143383054056,-0.859588569641967,0.40693134266760617,-0.309053997378479,39.248715882304886,0.2792640766599104,19.864945920786408,285.06510761792833,210.75108833906063,-60.73417150972523,26.941565796085328,24.698882265057026,-2.691947334779103,-0.1416525535294287,0.0801369440557951,-0.051051302893714415,135.81619595698896,75.08202444726373,28.28795948134585,-0.29202661623054466,-0.17374509015265888,0.9404961983234077,-0.20026240535207143,0.19463656777521263,0.9602143383054055,-0.6877284637301815,0.6475825885400095,-0.3281255113445847
K15VG5R,2956,39.73997885754252,0.05168843452695233,12.70193809826544,308.8939855185341,61.03714730172003,46.34790622993093,18.74398968078161,33.49240859661134,-0.04086517411584456,-0.136507194013357,0.08373424375680849,0.036059286641342767,9.931132820254163,56.27903905018509,37.68588156226196,0.10647484720532312,0.19237975662325943,0.9755271068269598,0.050913922597024326,0.008914412466969064,0.9986632594304012,0.9683504794071016,0.18168794997475868,-0.17113397636356717,39.73997885754252,0.05168843452695249,11.67160530023411,314.56737147496284,37.90881621570126,46.34790623089602,27.976115041643624,26.26564509678292,0.7301558358549425,-0.10578956423756028,0.12105811474204815,0.03315736270476961,352.4761876906641,38.82409392156012,37.685881562261955,0.1596141539491066,0.12429567772513724,0.9793231878996635,0.051243424430662245,-0.0067679920557031994,0.9986632594304012,0.9823398927626661,-0.11931586475880285,-0.14412515222504624,39.49888802169932,0.04633332489247676,12.72815274524219,305.4446141501065,61.04662084029874,50.05621011245186,18.73500474575808,33.492017591280785,-0.04065268119316867,-0.13632140153971753,0.08316576517345294,0.036037060574146636,6.491234990405246,56.547445102857104,37.668773210098365,0.10665909535657615,0.19278788799655103,0.9754264029743844,0.04603628943790601,0.005238038791489666,0.9989260348015804,0.9760717932354941,0.122742628602665,-0.17949401542601726,39.498888021699315,0.04633332489247666,11.697485946891195,311.1046917756828,37.931842934937244,50.05621011309395,27.967429178146027,26.267986496392446,0.730129022473285,-0.10578356510101909,0.12046006984133814,0.03313529353728323,349.03653471062006,39.092744823713986,37.668773210098365,0.15991308163696358,0.12463173348285529,0.9792317076823178,0.04548767932167513,-0.008811811704765719,0.9989260348015804,0.9721287773770905,-0.17783990444381675,-0.15276978949627887
K15VG5S,2957,39.72330576768753,0.1853133787914786,3.073030912795141,189.0058864373628,120.2948170725013,89.21067912585171,20.840504956705608,35.21035460038888,-1.9196177789646138,-0.11568131961642339,0.10131190543936666,0.0026186565311028375,309.3007035098641,38.51138263571579,32.36204575911032,-0.027042931612928985,0.04628804278250165,0.9985620145715256,0.11737571034180407,-0.14340150271482843,0.9826794755365994,0.6331960167262962,-0.7739459824300567,-0.00839170318387776,39.72330576768753,0.18531337879147836,1.571861701311461,176.23719861645705,115.47181778672486,89.21067912585542,30.544444244081916,27.2700267433248,-1.0785256563643064,-0.07971505785524541,0.13152360306111466,0.0004226617292708871,291.7090164031819,20.919695529037313,32.36204575911033,-0.011797050254713155,0.024764370656155034,0.9996237069774268,0.06854611541313124,-0.17216991148538013,0.9826794755365994,0.3699152607390803,-0.9290637541408504,0.001800170560742708,39.46802851973696,0.1846321352212494,3.071926898716388,187.0072329406414,120.3434447360788,91.42490080088173,20.831520021485765,35.209963595179936,-1.919405285990095,-0.11550948558658237,0.10073164551097209,0.002618843887287189,307.3506776767202,38.775578477601925,32.180962141164756,-0.027072486923673755,0.046248469217995046,0.9985630473569306,0.11201479383566597,-0.14677094848201727,0.982807699727491,0.6065404667319814,-0.7950257363752447,-0.006537638530084717,39.46802851973695,0.18463213522124933,1.571362332971947,174.18555334048793,115.57340554340254,91.4249008008849,30.53575838043254,27.272368143109553,-1.0785524696982844,-0.07972653503337636,0.1309185437159395,0.0004225328394983638,289.7589588838905,21.18385968477537,32.18096214116475,-0.011837179097120086,0.02473555626887038,0.9996239460152464,0.06241745564663582,-0.1737615797204835,0.982807699727491,0.33809824276648126,-0.9411067212075367,0.0027780453951212407
K15VG5T,2958,39.63825509835957,0.2835792798198762,13.5335320722135,165.7422897827401,214.5548569352013,26.51937577459175,11.993683926030057,27.83335521913848,-3.880129467540095,-0.16632111057445909,0.10343132956821334,-0.04321027645094259,20.29714671794136,46.81652249253311,28.39766726425023,-0.19273040074990969,-0.13273180233734982,0.9722331311342244,0.2659707677278257,0.09837051721644355,0.9589487953258194,0.9340274316586518,0.3525210437541018,0.05763393635403517,39.63825509835956,0.28357927981987596,14.074085093458603,159.5216133368356,203.01390402122533,26.51937577459445,19.940554713471002,22.910071396742417,-3.332030592951125,-0.1260682436705314,0.14884111119437016,-0.04670119169988428,2.535517358060929,29.05489313265538,28.397667264250227,-0.22382191232425616,-0.0950708732074233,0.9699821032529884,0.2833016529254349,0.012545174087110927,0.9589487953258194,0.9949152322507931,0.053904720964659814,0.08507621108789713,39.32735215649502,0.2779696542818584,13.55924864143198,165.302162261397,214.6383331699031,27.10319532393653,11.984698990810204,27.83296421392963,-3.879916974565499,-0.16611533546543247,0.10284964910587077,-0.043179372470263815,19.940495431300064,47.0436907552366,28.3955416737332,-0.19289582629094568,-0.13326047727256693,0.9721279984634847,0.26130462832433593,0.09479989408146253,0.9605898559210503,0.9360277911481669,0.3468623462913176,0.05948518238659042,39.32735215649503,0.2779696542818585,14.101766800612838,159.09627546731227,203.08232625782372,27.103195323938742,19.931868849821647,22.912412796527267,-3.3320574062850254,-0.1260486528461983,0.1482244448716835,-0.04666973605088779,2.178601725135991,29.281797049074733,28.395541673733206,-0.22413931011446198,-0.09552181045647141,0.9698645025922595,0.2777687332098312,0.010566908373860024,0.9605898559210503,0.9950617052445038,0.047906115369447444,0.08693219694744589
K15VG5U,2959,39.47468175728822,0.1636598027885115,5.130637081662236,7.324116013081241,80.44605300079972,342.8069890982436,14.75976315696601,29.974329087850492,-0.8601574256863556,-0.17033323742685264,0.07233968522526307,0.01615955789630471,87.77016901388096,70.57715811212455,33.01426312575118,0.014842732117992643,0.08818651310727416,0.995993389641344,0.006367686903699125,0.1635358786697003,0.9865168366283597,0.03941175557100518,0.9991580185765534,0.011400326178993777,39.474681757288224,0.16365980278851178,3.794473945261941,18.26991623216311,51.95012696114782,-17.193010901756292,23.13970413228672,24.115458991721102,-0.2227415594478539,-0.14091562295879567,0.1204139244250731,0.012281984892273903,70.22004319331093,53.02703229155463,33.01426312575117,0.040788415766580384,0.05211322662787228,0.9978078556263649,0.055383911067917284,0.15400374490120555,0.9865168366283595,0.33894993221891256,0.9405756400805946,0.020746294507076088,39.22718914276187,0.1595500946391082,5.136159636802689,8.840242215417932,80.43902740428739,341.5547074356846,14.750778221745872,29.973938082641805,-0.8599449327118266,-0.17012477320887445,0.07177884378975326,0.016150669527712477,89.27926961970532,70.83397705538988,32.96848740260802,0.01486949076718353,0.08827935910254768,0.9959847654461227,0.002006946563241248,0.15953747166368368,0.9871898334670245,0.013187275877969584,0.9998183919324769,0.013757867148446703,39.227189142761866,0.1595500946391082,3.8000154421564587,19.772554380636386,51.956631878140094,-18.445292564315576,23.131018268637145,24.117800391506194,-0.22276837278182715,-0.14088608074906903,0.11981631128919551,0.01227390734752182,71.72918625877648,53.2838936944609,32.96848740260801,0.040841970951861165,0.052193859105688,0.9978014504301058,0.05002035574469929,0.1515064246509768,0.9871898334670245,0.31409451067753874,0.9491269648046289,0.022419702116450606
K15VI4Z,3128,39.59428669737624,0.2794481313994427,13.95908996948496,54.98676829217393,353.2115004227545,4.866712106087507,15.414010457950226,23.286999506875237,6.200758035849095,-0.17392530059860808,0.11762635666087154,0.023923079156755674,48.19826871492842,53.06498082101592,28.52973726570064,0.23953783314568416,-0.028514394733823147,0.9704682147215509,0.18626754802716658,0.20831624683299999,0.9601607895854526,0.6636959666734676,0.7214383188017467,0.19757129342564078,39.594286697376184,0.27944813139944213,14.679725628720444,60.669954380125404,330.12212355091805,4.86671210646359,21.549302966599036,17.54290419971908,6.797022770548751,-0.130877612831448,0.16467004637083088,0.020325106979721837,30.792077931043423,35.65879003750701,28.52973726570062,0.21973397004676112,-0.12623976168753007,0.967357485615615,0.2400545202785624,0.14305623172888754,0.9601607895854527,0.8448541736220674,0.487248338909512,0.22093094292854243,39.24434422075343,0.2730270365593802,13.97464630041353,55.09915006454335,353.3327193194859,4.825322813514827,15.405025522804994,23.286608501615362,6.200970528813342,-0.17371442881708118,0.11703516204951642,0.023908987325053734,48.431869384029255,53.257192197544086,28.529577216444885,0.2398593242743105,-0.028038139775632614,0.9704026830530681,0.18115621420415515,0.20426989192638104,0.9620063603259611,0.6606918626070116,0.7240573864013133,0.198058486015058,39.244344220753405,0.2730270365593799,14.692308011649008,60.78300789830485,330.2430372119124,4.825322813795802,21.54061710300567,17.545245599432747,6.796995957206041,-0.13085479854990212,0.1640427707799001,0.020311638570745662,31.02604511021724,35.85136792401304,28.529577216444878,0.2201843077626165,-0.1258812006310513,0.9673018111958555,0.23396590203332493,0.14072568840879607,0.9620063603259612,0.8427689338632831,0.49065252278167826,0.22136085020373403
K15VK2O,3129,39.50060899037919,0.2450422757698013,3.316394740198074,169.150556436585,123.1359757111246,103.0786549291086,21.694993409442496,37.870018906518744,-2.2522543870587226,-0.10508616536930858,0.09695869875846935,0.002027919686934141,292.2865321477096,35.36518707681819,29.8212898690836,-0.03162225307425999,0.04844192411481494,0.9983253042463474,0.09292950694387389,-0.226737345079305,0.9695123944981605,0.37950263347691726,-0.9251265757705622,0.010888984668865563,39.500608990379156,0.24504227576980153,1.844676124803237,155.88357911391924,118.80833128256825,103.0786549291617,32.17098647600061,29.547320293025447,-1.3664602087942608,-0.07091693213667852,0.12417321413507208,7.418156911075937e-05,274.6919103964875,17.770565325649216,29.821289869083564,-0.01551180541616649,0.028206153324117432,0.9994817641194798,0.020043917194165484,-0.24422112582239255,0.9695123944981604,0.08198333289900528,-0.9965469088925779,0.013152623442443208,39.26601070109518,0.2460450837944144,3.314887417689317,167.6738682789559,123.1988936302875,104.7749886368966,21.686008474226238,37.869627901306416,-2.2520418940842695,-0.10492143269123157,0.09638135654617594,0.002028502981679477,290.8727619092434,35.64775054614,29.604801807871848,-0.03166104866419677,0.04838519292513419,0.9983268257955813,0.08766434857484684,-0.22989811927971085,0.9692583849214819,0.3565927248293056,-0.9341783857535512,0.012343913062736883,39.26601070109519,0.24604508379441425,1.844046095740245,154.3489608983635,118.9291365233677,104.77498863694132,32.16230061235364,29.54966169280589,-1.3664870221282384,-0.07093430621673977,0.12357308135314819,7.428624650862624e-05,273.2780974217312,18.053086058672534,29.60480180787186,-0.01556592578273969,0.0281637658086605,0.9994821180241301,0.014069444594399233,-0.24564249222845275,0.969258384921482,0.057378595755652406,-0.9982553041554507,0.013929984731434539
K16S55Y,3183,39.68373785231693,0.185919403967042,17.2721850061459,332.9788982340987,116.8124187764881,322.6355239611788,26.223831417572715,19.950177075239747,-10.075282046636678,-0.12461242973244671,0.13058763774500065,0.016265148940448882,89.7913170105868,52.426840971765614,32.30576096362982,-0.1339280930925225,0.26498982696258605,0.9549050515558808,0.0006771551335697948,0.18591817079668474,0.9825649979663126,-0.01464262969748098,0.9907520614729062,-0.13489234997852695,39.68373785231689,0.18591940396704187,15.715901348384877,332.0441196857977,100.12644360047162,-37.364476038821465,31.291029799254748,11.096571976841863,-9.216710494254105,-0.07976151246553807,0.1621295595481036,0.014073055661305841,72.17056328626927,34.806087247447806,32.305760963629794,-0.047624236955430395,0.26664807409172553,0.9626166093713461,0.05692562818089325,0.17699010601632736,0.9825649979663126,0.28893242341655223,0.9488909433404104,-0.1269804407977242,39.35127340991541,0.1820346231904638,17.27343649875991,334.9321411425677,116.8605841959201,320.7921611048449,26.214846482352613,19.949786070031006,-10.075069553662148,-0.12443460966850291,0.12998775589618233,0.01625618979996122,91.7927253384878,52.58488644333272,32.187979182676536,-0.1341602320626356,0.2648957545865528,0.954898565992703,-0.005694744698688675,0.18194552460258784,0.9832921213758941,-0.04833123567532399,0.990876651249102,-0.1258076057615834,39.351273409915414,0.18203462319046382,15.717386582114745,333.9926133411159,100.17915688615287,-39.20783889515494,31.282343935605194,11.098913376626895,-9.216737307588076,-0.07977295850768817,0.16150398670607027,0.014063777659884244,74.17177022726878,34.96393133211384,32.18797918267654,-0.04787394830488523,0.2666287062832705,0.96260958755843,0.049650726436242416,0.17513254810128118,0.9832921213758941,0.25661715196834833,0.9591862522060178,-0.11878287290105051
K16S57F,3189,39.58341318830651,0.2121440723386417,16.89931561384297,205.8939532466331,93.5061551278454,75.53999786765995,28.96499369348188,24.812877742574678,-9.24440567613097,-0.07035341667250429,0.1428329655360339,0.01868027709247626,299.40010837447846,14.940106242138427,31.18602671747607,-0.017777416396781143,0.29014665966085396,0.9568170563665261,0.10414267100889191,-0.1848226487840615,0.9772384010933961,0.4720824124951952,-0.8723661755850805,-0.126946648273111,39.58341318830654,0.21214407233864163,15.372673042644312,207.3423036235638,74.53236252729207,75.53999786770112,35.34860293721386,14.904064074678313,-8.27368976221398,-0.024425829392877112,0.15741245234780357,0.018014181576887386,281.8746661508559,357.414664018557,31.186026717476093,0.07069959522453337,0.25549480957807263,0.96422195033807,0.04365320581020786,-0.2076042028739169,0.9772384010933961,0.18993363743920344,-0.9742174663422821,-0.1217601808586771,39.26846790806862,0.2111748208552549,16.90693994586266,203.9119093506043,93.49056404263284,77.68525104557698,28.956008758262954,24.81248673736355,-9.244193183156755,-0.0702119634541492,0.14222487631447517,0.018669699223821945,297.40247339323713,15.08772443881412,30.975956232321906,-0.017706214076108662,0.2902785710150523,0.9567783657632264,0.0971907004995451,-0.18748005947208551,0.977448308114936,0.4427515163743511,-0.888862153329497,-0.11787776349533548,39.2684679080686,0.21117482085525474,15.380409551026863,205.36111993556702,74.51599905868933,77.68525104561513,35.339917073564706,14.906405474460714,-8.273716575548255,-0.02447436391357265,0.15679004112445336,0.018002262054551826,279.87711899425636,357.5623700398715,30.975956232321895,0.07080731856616401,0.25560007632301673,0.9641861462503689,0.036224017395558,-0.20804476808363925,0.9774483081149361,0.15675258094099032,-0.9810826350179045,-0.1136023399172019
K16T94S,3199,39.63751237539825,0.1860460979774242,36.64778787165348,186.5598065310839,156.9682172040667,46.96002434830552,20.832403303316262,20.519007070820187,-20.112151653842652,-0.1190958809839364,0.12093433422201819,-0.048133599251616706,343.52802373515055,30.48804808345608,32.263107864423546,-0.5493146072738017,0.2335299172356594,0.8023199112520735,0.178410493356468,-0.05275269123871325,0.9825410166641262,0.9501231130179404,-0.304329232312168,-0.06818935744956459,39.63751237539826,0.1860460979774241,35.637450032195254,184.50281432145644,141.0470995924557,46.96002434830588,26.601701786990642,13.267452575212609,-19.386631654623763,-0.07564541318884603,0.1512608027950914,-0.05023670410418274,325.5499139139122,12.509938262218043,32.26310786442355,-0.453108714432649,0.3663038871086921,0.8127200964626473,0.15341720447813592,-0.1052440589427219,0.9825410166641262,0.815375816871059,-0.5771220404619976,-0.04574306149388988,39.33064997684102,0.1816841037481037,36.67765532712853,184.8872080640797,157.1006745273117,48.65890615123504,20.823418368096235,20.518616065611436,-20.111939160868094,-0.11892175836056945,0.12034092245400156,-0.04809939543723261,341.9878825913914,30.646788742626427,32.18489608596828,-0.550238218826135,0.23242208999491365,0.8020086499692124,0.17277997320330452,-0.05618001793001752,0.9833569476264701,0.9444276713664722,-0.3247565452593306,-0.050887718248386,39.330649976841016,0.18168410374810384,35.67013874853859,182.82778096891928,141.1808598611922,48.658906151235506,26.593015923341152,13.269793974997606,-19.386658467957705,-0.07565961802697117,0.15064251468560974,-0.050202878794802494,324.0086408301115,12.667546981347016,32.184896085968276,-0.45432382691369744,0.36553568516796975,0.8123875449360826,0.14700163115474546,-0.10676906851984769,0.9833569476264701,0.803303573974685,-0.5948746043999963,-0.028767569925971664
K17O69F,3215,39.64063985507897,0.2118610702743408,13.65637379051761,214.6339579942444,218.8630334651109,257.5695710564016,26.400299482172095,-32.384120226052495,10.151409917333376,0.0934865350758547,0.1118064920578784,-0.006899972101605891,73.49699145935529,331.0665625157569,31.24233146902225,-0.1838375175404026,-0.14814244379974345,0.971729171883618,0.06018246130657783,0.2031334153921295,0.9772997937696553,0.29414723067408194,0.9462941231064094,-0.13418211229906915,39.640639855078945,0.21186107027434087,14.303742287438046,208.66975325458637,207.0686035949344,-102.43042894360663,15.098977565816844,-38.846165173529954,10.571400411077096,0.12303675811574813,0.07834320711215201,-0.0035116340255946653,55.738356849520756,313.30792790591414,31.242331469022226,-0.21999966624204456,-0.11242743774174728,0.9689995965407904,0.11927203868460702,0.17509795511600587,0.9772997937696553,0.5697408448675889,0.8132317269429186,-0.11853070481104928,39.43624045890095,0.211823917042408,13.65861686421233,216.2658407268803,218.6840726112276,255.7897014895342,26.391314546952653,-32.38451123126041,10.15162241030786,0.09351817534531356,0.11121919818268793,-0.006893404929825722,74.94991333810788,330.7396148276421,31.08270153147026,-0.1843290322511895,-0.14759129094301668,0.9717199281208109,0.05500290502833132,0.20455818797993228,0.9773078471847093,0.2701191310831059,0.9526408008233895,-0.13968235260575707,39.436240458900976,0.211823917042408,14.301579539514957,210.29349554407364,206.8975411760938,-104.21029851047204,15.090291702168168,-38.84382377374434,10.571373597743102,0.12288938749669157,0.07777379167458413,-0.003509125972339046,57.1910367201674,312.98073820969535,31.08270153147028,-0.22030172880297613,-0.11175355876173954,0.9690089217290553,0.1147746078405892,0.1780341574704919,0.9773078471847093,0.5489119317192278,0.8265402376506797,-0.12460708952793775
K17OG6W,3217,39.60266596555162,0.25868896138373,2.331150721435729,233.195482041627,179.374065146194,266.1984817410379,15.279581083314907,-39.89593359483848,1.6172203841595136,0.11984632876962938,0.08458617728322436,-0.003496487475037338,52.569547187821,318.7680289288589,29.35789343889628,-0.04067260402881472,0.00044435058776523626,0.9991724284797247,0.1572306299222085,0.2054227537447068,0.9659606727285573,0.6077907479776679,0.793429103121247,-0.03256785213919717,39.602665965551616,0.25868896138373,2.37179352219356,193.96906782450105,200.98759713258397,-93.80151825926718,2.468638207840401,-42.64774531102263,1.685871448609002,0.13984231532522926,0.044431849130154,0.0003563130149602683,34.956664957085025,301.1551466978178,29.357893438896276,-0.038638300763529615,-0.014822258309920826,0.9991433242396713,0.21201775494526343,0.14821757766797825,0.9659606727285573,0.8196596969217933,0.5727636352468015,-0.00998996401108711,39.45309404086564,0.2571080934841642,2.334172352408157,234.2173447865207,179.2041167609757,264.9675601487248,15.270596148124485,-39.89632460002562,1.6174328771331683,0.11986030151261381,0.0840171276947495,-0.003492201472654744,53.42146154749639,318.38902169622116,29.309384249967238,-0.04072379572068632,0.0005657217951106565,0.9991702819944909,0.15321691385504543,0.20646827611959495,0.9663826510575085,0.5959147684563697,0.8023677133867977,-0.03303999470388997,39.45309404086565,0.2571080934841641,2.369760298862766,194.99670407355322,200.81186565409615,-95.03243985152467,2.4599523442256728,-42.645403911225976,1.6858446352751146,0.13968368086132757,0.043885162619215365,0.00035622859509286354,35.80856972764934,300.7761298761247,29.30938424996725,-0.03865043756537179,-0.014691083960679896,0.9991447921738198,0.2085085749353387,0.1504285408873459,0.9663826510575085,0.8110549446069222,0.5848721218081473,-0.010699437382312525
K17Y03K,3223,39.45328524568691,0.2823657541663625,2.205590330669556,47.36719742757171,30.90930301378491,28.81081825699642,-19.337630958365594,23.936945205613025,1.1735483210090343,-0.17498697367982816,-0.09476166409611636,0.0003305893984255092,78.27650044135662,107.08731869835304,28.313028602947902,0.033019681587348984,0.019769154177643525,0.9992591661681021,0.0573735873556554,0.2764754792018302,0.959306823114514,0.2034688769660899,0.9786719232220398,0.028314003656000442,39.45328524568691,0.28236575416636245,2.398025390339021,87.21211093065423,333.51158971723027,28.810818257002982,-11.231535362572414,28.660144408265506,0.8644468849245691,-0.195372427666767,-0.03747527600481603,-0.005053852510428958,60.72370064788447,89.53451890488745,28.313028602947902,0.037448921620682134,-0.01866188634426107,0.9991242726845955,0.13808297396633917,0.24629963748765432,0.959306823114514,0.48863154786022617,0.8714887631727823,0.04179169892805911,39.48840183275979,0.2814335209460467,2.204841129148162,47.78237398593369,31.06530004390041,28.5188214749878,-19.346615893584847,23.936554200404803,1.1737608139835585,-0.17477539031724987,-0.09521050664651483,0.0003323103207300386,78.8476740298341,107.3664955048219,28.37504186843388,0.03295454217706782,0.01985223979124319,0.999259669317826,0.05443432617753036,0.2761190519426125,0.9595807278639517,0.1937009862224624,0.9806467802410173,0.0284924610971306,39.48840183275977,0.28143352094604634,2.3936021850722575,87.68454304197209,333.61030195143735,28.518821474993203,-11.240221226221008,28.66248580805077,0.8644200715906181,-0.19530638604253361,-0.03796706465458836,-0.005050310792563401,61.29484499340947,89.81366646840267,28.37504186843388,0.03741192350494732,-0.018563056490004372,0.9991274998284297,0.13517319947737103,0.24684617245389803,0.9595807278639518,0.4799149268349032,0.8763220132929367,0.04172998944720171
K19QB0Z,3256,39.62993835789548,0.1256588834909614,9.967817902070347,309.6788777535182,2.006180791105709,36.05382638007681,35.81891450412343,-1.5884526699570891,-0.4993705384690603,0.02240477616575147,0.17073300499955146,0.029849729097500416,311.68505854462387,347.7388849247007,34.65008455102671,0.1729889025007187,0.006059589620610537,0.9849051329875516,0.08356763418585059,-0.09384351611472617,0.9920735078610884,0.6646289268314634,-0.7352012171948387,-0.13321996792555194,39.62993835789545,0.12565888349096122,10.501298559873728,318.05139031510146,336.1839639103503,36.05382638007692,33.666730412436024,-12.33430178843788,0.42831273758945343,0.07208250673181284,0.15598902469406592,0.03184769562559743,294.23535422545183,330.28918060552877,34.65008455102669,0.1667379536787424,-0.07359595190809398,0.9832507770989897,0.05158118446833823,-0.11458418917563726,0.9920735078610884,0.4150068379205782,-0.9016241492114845,-0.12183274616386784,39.27954429611064,0.1204700448804947,9.997742883842735,306.8854997758596,1.990209204399,38.7738566517034,35.80992956890334,-1.5888436751657196,-0.49915804549452547,0.022484058646252053,0.17010621590915176,0.02983166495673347,308.8757089802586,347.649565631962,34.547535831872814,0.1735046565820234,0.006029231382888307,0.9848145929632063,0.07561098273834287,-0.09378705136025137,0.9927169628280216,0.6272112489995512,-0.7663707912644976,-0.1388591351876099,39.279544296110664,0.12047004488049495,10.531308101484658,315.23360020945495,336.19279459109646,38.773856651703206,33.65804454878653,-12.331960388652751,0.4282859242554878,0.07196928795754878,0.15536756751633088,0.03182650425622717,291.4263948005514,330.20025145225463,34.54753583187282,0.16722044310192963,-0.07377812465251078,0.9831551819176629,0.0440083893561203,-0.11214407420719377,0.9927169628280216,0.37009405099234255,-0.92003458993816,-0.12871187488883445
K19QB2F,3275,39.54435154055442,0.2013355880107567,11.82645709293375,160.4192824172524,356.3032265483831,203.917377866448,46.68666270379313,-5.6212852753584155,-0.5442987645902844,0.006503256220394764,0.12835247992067303,0.02690796822724729,156.72250896563548,0.6398868320834481,31.582666270632828,0.20452158967069725,-0.01321425239358431,0.9787728556167921,-0.18494721396384403,0.07956473494362473,0.9795223228698582,-0.9190603824602045,0.3880855090091977,0.06868515916247502,39.544351540554416,0.20133558801075724,12.48511179133705,167.23917459659936,332.05341546883125,-156.0826221335513,42.8063205665889,-19.46162759811505,0.6352593899812465,0.044213341787460905,0.12039183983386012,0.02813672878599713,139.2925900654306,343.2099679318793,31.5826662706328,0.19097537237869014,-0.10131514302422191,0.9763522156162714,-0.15262244157240565,0.1313103549919617,0.9795223228698581,-0.7604979151835785,0.6475822061884811,0.047751515467995456,39.29423207205841,0.2079334511548783,11.87271732904293,161.3145063403325,356.2880888681044,202.9183498996622,46.67767776857305,-5.621676280567009,-0.5440862716157433,0.006593196619054741,0.12775409617576194,0.026891875787720673,157.60259520843692,0.520945108099113,31.123646786834605,0.20530662151376297,-0.013319443594689983,0.9786070629138809,-0.1922476363704952,0.0792285707250611,0.9781429751783846,-0.9250070016105499,0.3741891536713758,0.06591300513676733,39.2942320720584,0.20793345115487893,12.531414363225695,168.10878057961284,332.06448095153985,-157.0816501003376,42.797634702939405,-19.45928619832988,0.6352325766472875,0.04411880218853153,0.11979424150007506,0.02811802467451191,140.17326153115266,343.0916114308151,31.123646786834566,0.19169195460419158,-0.10164786414988788,0.9761771899884726,-0.15968971267877655,0.13317475651844912,0.9781429751783844,-0.7702843756286194,0.6361313722432569,0.044708588775970844
K20K54E,3293,39.56082999274023,0.2118566827304117,21.40815824267837,314.5145598037333,279.7463822497177,38.49294556198947,11.910498581511758,-31.630622376977975,2.5028832921303854,0.16694406485241947,0.03713579910457894,0.06697213185988932,234.260942053451,272.7538876154405,31.17960378441651,0.06179143813718025,-0.35974108080349687,0.9310038522773528,-0.12374435807592345,-0.17196100680651985,0.9773007449001897,-0.535605527041551,-0.8033567384927953,-0.2602780630801619,39.56082999274023,0.21185668273041203,22.97308010923162,313.96315380328724,262.67462396585097,38.49294556199019,1.7295753105738576,-33.75083823450912,2.5515016955216194,0.16845315208189332,-0.015028944735437484,0.07164022043696243,216.6377777691382,255.1307233311284,31.179603784416496,-0.04976459359784043,-0.387113004502196,0.9206883332427562,-0.16999892533145436,-0.12642633983345822,0.9773007449001896,-0.7458026685226085,-0.604032953721556,-0.2809316116832861,39.47326824478081,0.212547750360376,21.40826974270594,313.5295576831873,279.7301078559935,39.17999931489346,11.90151364629174,-31.631013382186666,2.5030957851049376,0.16692647056171017,0.03659855290640905,0.06692918660512315,233.2596655391808,272.43966485407424,31.083313879980984,0.06168956036104516,-0.35976040334958803,0.9310031419518425,-0.1271438163943652,-0.1703261463661192,0.9771506812241106,-0.5488849857532757,-0.7929003059962287,-0.2646400898686992,39.4732682447808,0.21254775036037588,22.973134377281315,312.9770148502918,262.65940199840554,39.17999931489426,1.7208894469243945,-33.748496834724065,2.5514748821876725,0.16827534134065797,-0.015535777932054226,0.0715923583169814,215.6364168486973,254.81641616359155,31.083313879980977,-0.049867548905741944,-0.3871006345977508,0.9206879635686306,-0.17274406132038955,-0.12383874782068072,0.9771506812241105,-0.7551793356588965,-0.5900535938158072,-0.2855537207231562
K20Q83H,3295,39.54408585502633,0.2558853022943731,22.47177680294537,67.30330405366249,321.2663726270781,314.0647072152782,25.005605928854244,-23.374297362990127,-1.0702471931933761,0.08438348844140878,0.14576932023579572,0.06887383953069703,28.5696766807406,342.6343838960188,29.425335492058274,0.29816226945502194,-0.23916046913699127,0.9240679255745247,0.2247277345448681,0.12237129261642216,0.9667071490734499,0.8344046681837932,0.423582192464517,0.3526286657945539,39.54408585502633,0.255885302294373,23.800702663864282,69.47317595924126,301.6884745243439,-45.93529278482409,16.799724629218318,-29.835944009464512,-0.6076442904446682,0.1225301741485097,0.11346923348786456,0.07227698866209008,11.161650483585163,325.2263576987611,29.425335492058277,0.2119884376044768,-0.34339301812743744,0.9149547187830348,0.25104521685218034,0.04953369586376929,0.9667071490734499,0.9133131651687483,0.1517398580473624,0.3779339595871336,39.25235539223659,0.2513645954398342,22.51492149572686,68.20548146694522,321.246315752072,312.9388341071933,24.996620993639127,-23.37468836818993,-1.0700347002147472,0.08442122998457083,0.14515926293648435,0.0688296196654054,29.451797219017237,342.39063132621055,29.38570295900644,0.2986210923493027,-0.23970033757853174,0.9237798392305643,0.21888066392575317,0.12359374903308425,0.967892473449075,0.8264682282664495,0.43649998561649694,0.3555531327704959,39.25235539223655,0.251364595439834,23.844106692684786,70.3704934481521,301.67353019088,-47.061165892896405,16.791038765576097,-29.833602609672468,-0.6076711037743372,0.12238314306492583,0.11287627499812164,0.07222869975123378,12.044023639032105,324.9828577461357,29.385702959006423,0.21226274434878417,-0.3440380807932896,0.9146487447788865,0.24583144774589638,0.052450539938002895,0.9678924734490751,0.9095704710258988,0.166451591900244,0.3807563864094721
K20U74D,3301,39.59459812986823,0.002607162473357059,11.09529138437053,77.52659338346498,158.8948705340069,119.6715804781041,39.48553090818604,-2.7297861408160777,-2.2888194861869255,0.009436520814936358,0.15572864551394383,-0.029157260927889027,236.4214639174719,356.093044395576,39.49136857947639,-0.17953260906319068,0.06929433494634961,0.9813084822966256,-0.0014419680774791963,-0.002172101338798963,0.9999966013461433,-0.5465078999658984,-0.8161023701097131,0.18789900685254438,39.594598129868245,0.0026071624733567944,10.182388705647428,70.53954520246795,148.17995042590076,119.6715804781035,36.86538933959635,-14.52991534018976,-1.2736589665800795,0.05681967444091254,0.14560302047602092,-0.02760235222229164,218.7194956283687,338.39107610647216,39.49136857947641,-0.15021330505466002,0.09320898262017967,0.9842499929100669,-0.0020341540876134215,-0.0016308014319117842,0.9999966013461433,-0.7723877816878019,-0.6128898043127737,0.1666829399454142,39.27941042659546,0.009604179688455172,11.12438270353088,35.83104727662191,158.938475258096,161.23204521024,39.47654597296593,-2.730177146024758,-2.2886069932123965,0.00952449520694465,0.15511191302416977,-0.029135775914066773,194.7695225347179,356.0015677449579,38.90216391080186,-0.18005023347736862,0.06933672921168937,0.981210645787626,-0.009286849251457724,-0.002448407333111461,0.9999538788026735,-0.9630063346507134,-0.24466700721369516,0.11294624829400778,39.27941042659547,0.009604179688454728,10.212285395256735,28.86007336370031,148.20709245214178,161.23204521023968,36.8567034759468,-14.527573940404668,-1.273685779914052,0.05671668550744356,0.1449885244682456,-0.02758369747967314,177.0671658158421,338.29921102608176,38.90216391080188,-0.1506939416333364,0.09340837931342752,0.9841576147289861,-0.009591600135536428,0.0004914003745459885,0.9999538788026735,-0.9946615429046355,0.057664617743317104,0.08557573795817999
K21L44D,3319,39.35747080290574,0.2995539327004315,1.80487274630921,316.3780559795803,219.6880285601083,78.55118188469756,13.039253683122098,-38.34022868300958,1.1921085752354954,0.15470131176444574,0.003927725304605265,0.0030178726251423077,176.06608453968863,254.61726642438617,27.567785642752913,-0.0242370286745414,-0.020113415780655373,0.999503885408488,-0.29884813670075827,0.020551150497710353,0.954079368503326,-0.9974252686322009,0.0683424579654966,-0.021728827239779813,39.35747080290574,0.29955393270043174,2.8095684116405164,284.99613422581086,233.4645363936951,78.5511818846975,0.81525688616599,-40.48796676632102,1.2150301528259113,0.14852113549418025,-0.04298740954716961,0.007112339617419953,158.460670619506,237.0118525042035,27.567785642752906,-0.02918055551420857,-0.03938425214413043,0.9987979654879808,-0.27863481518553085,0.10997817221076116,0.954079368503326,-0.9292328441348429,0.3664485796120276,-0.04734722675509377,39.34237440045079,0.3025359828871468,1.803610546412807,316.3396351384216,219.5342062682815,78.38868303578543,13.030268747901875,-38.34061968821832,1.1923210682100198,0.15469192312080096,0.0034127366600524636,0.00301779240863729,175.87384140670315,254.2625244424886,27.439890492096286,-0.02427395811499499,-0.0200342583835981,0.9995045790032433,-0.3017518206814273,0.021768317733249946,0.9531379643359654,-0.9971903213339123,0.071689033356236,-0.021728910106523978,39.342374400450815,0.3025359828871468,2.8059663640635355,284.8748160554131,233.39360253550487,78.3886830357853,0.8065710225163163,-40.48562536653596,1.2150033394919308,0.14835668409232078,-0.04347550371564094,0.007107727002840703,158.26841859091792,236.65710162670322,27.439890492096307,-0.02919184814905692,-0.03929768915699955,0.9988010450678164,-0.2810343349429206,0.11201662164465712,0.9531379643359654,-0.9279984170599174,0.3695678431559174,-0.047313288190223776
K21RN7M,3336,39.60157866101836,0.1846193810637428,11.9885770952234,10.68411015739975,162.8251142808242,183.5073397216713,46.718152205753555,-3.521829226500503,-2.214916313497379,0.00717508994622463,0.12895708755656193,-0.026612611064329793,173.50922443822395,357.0165641598952,32.290359719474026,-0.1984541505812001,0.06133651133865728,0.9781890320862819,-0.18343598341424724,0.02086997492110321,0.9828100956622497,-0.99239602903952,0.11690656139174757,0.03850944624569263,39.60157866101834,0.18461938106374254,11.163053929508122,3.9701705544394024,151.82059462813143,-176.49266027833266,43.51630904091742,-17.469762701364782,-1.0164248667551457,0.046510610870700256,0.12076525716560486,-0.025340859350623923,155.79076518257082,339.29810490423813,32.29035971947402,-0.17065477361344317,0.0914253253037079,0.9810801996452969,-0.1683828512099119,0.07570687738098868,0.9828100956622499,-0.9114354298033479,0.4112247301038072,0.013404426516543704,39.34920094976905,0.191934638574446,12.0286506542624,10.98581790883615,162.8674645686009,183.0575341831987,46.709167270533456,-3.522220231709166,-2.2147038205228577,0.007264580051523456,0.12835829857625675,-0.0265928315899832,173.85328247743703,356.91081666063576,31.796726287281878,-0.19915318636240872,0.061391333943736845,0.9780435125690004,-0.19083120030743303,0.02055136185092331,0.9814077106459358,-0.9930183859932209,0.1110732856946039,0.03971410686926631,39.34920094976904,0.19193463857444626,11.203882087562016,4.292699223768476,151.84159601162577,-176.9424658168008,43.507623177267895,-17.467421301579677,-1.0164516800891257,0.046414531538087535,0.12016740855062809,-0.025323720362853182,156.13429523539423,339.19182941859344,31.796726287281864,-0.1713045923727844,0.09169265823083404,0.9809419927083138,-0.17552351584377698,0.07765565575373556,0.9814077106459358,-0.9138231030288853,0.40585196319041134,0.014543739036037291
K21RN7T,3340,39.7309597821389,0.1172739485640935,2.776634962899336,14.55270054119359,160.0284314901607,182.5822484523707,44.30498716352176,-2.618885465296491,-0.6145428886653055,0.007551849790136701,0.1406755507794224,-0.006537475934770327,174.5811320313543,357.16338048372495,35.07155324824628,-0.04552923418742902,0.016545705045545794,0.9988259750721604,-0.11674984190432472,0.01107490077286612,0.99309960275301,-0.9954301623949041,0.09471341210924997,0.01217215515338893,39.73095978213888,0.11727394856409368,2.203915561568879,339.9453067735222,177.02312614233682,-177.4177515476285,41.445315683556245,-15.8800404861522,0.5274785784385851,0.04985509206447054,0.13182246630042266,-0.0051659256345244,156.968432915859,339.55068136823047,35.07155324824625,-0.038404204548401315,0.0019971358424018784,0.9992602906757736,-0.10792597652276645,0.045882050994053805,0.99309960275301,-0.9203026138516751,0.3909849042927743,-0.01318724963533366,39.45175790240089,0.1249184554012786,2.784370928220889,14.98564829901365,160.0771876997355,182.0044149401267,44.296002228301624,-2.6192764705052123,-0.6143303956907802,0.0076410873739412005,0.14006890755484303,-0.006531151724322096,175.06283599874916,357.0672509388759,34.52350524236779,-0.04567008550738116,0.016552909434179038,0.9988194253612673,-0.1244549682406661,0.010750878106276902,0.9921670118987824,-0.9961856604742079,0.08635016868426842,0.01256098060521019,39.451757902400885,0.1249184554012791,2.211628428499138,340.49022976630323,176.95980271167682,-177.9955850598666,41.43662981990666,-15.877699086367143,0.5274517651046081,0.0497567711092351,0.13121720664358102,-0.00516230880018028,157.45003247798002,339.45444741811343,34.52350524236776,-0.0385362995324644,0.0020467132438243127,0.999255104857234,-0.11536787033888894,0.04790485354649011,0.9921670118987823,-0.9235586378008793,0.3832405793118375,-0.012888014281158685
