ids,indices_mrt_74,aau_HE,e_HE,ideg_HE,wdeg_HE,Wdeg_HE,Mdeg_HE,xau_HE,yau_HE,zau_HE,vx_HE,vy_HE,vz_HE,pomegadeg_HE,lambdadeg_HE,qau_HE,q_HE,p_HE,s_HE,k_HE,h_HE,f_HE,k2_HE,h2_HE,f2_HE,aau_HI,e_HI,ideg_HI,wdeg_HI,Wdeg_HI,Mdeg_HI,xau_HI,yau_HI,zau_HI,vx_HI,vy_HI,vz_HI,pomegadeg_HI,lambdadeg_HI,qau_HI,q_HI,p_HI,s_HI,k_HI,h_HI,f_HI,k2_HI,h2_HI,f2_HI,aau_BE,e_BE,ideg_BE,wdeg_BE,Wdeg_BE,Mdeg_BE,xau_BE,yau_BE,zau_BE,vx_BE,vy_BE,vz_BE,pomegadeg_BE,lambdadeg_BE,qau_BE,q_BE,p_BE,s_BE,k_BE,h_BE,f_BE,k2_BE,h2_BE,f2_BE,aau_BI,e_BI,ideg_BI,wdeg_BI,Wdeg_BI,Mdeg_BI,xau_BI,yau_BI,zau_BI,vx_BI,vy_BI,vz_BI,pomegadeg_BI,lambdadeg_BI,qau_BI,q_BI,p_BI,s_BI,k_BI,h_BI,f_BI,k2_BI,h2_BI,f2_BI
60620,71,43.54062960739754,0.2190348272301798,19.55454522388238,82.23083155411946,184.9288378485406,330.6169862366581,-26.848824140527316,-22.735510294265964,7.226215654825877,0.1370260028321095,-0.10993421302348229,0.0430848504617947,267.1596694026601,237.77665563931816,34.00371532384796,-0.3334664205825249,-0.028757236518888667,0.9423232819429197,-0.01085379314547183,-0.21876574392283182,0.975717041185735,-0.05446282184013279,-0.9418355372139806,0.3316317564378637,43.540629607397484,0.21903482723017953,19.26797684779916,77.55830211482913,171.75368067968745,-29.383013763341996,-32.64917163972239,-13.562988936496268,6.329131149542818,0.09619212868759454,-0.14619083724054072,0.04575231655350202,249.31198279451658,219.92896903117457,34.003715323847935,-0.32657497680547554,0.04732969808812069,0.9439855317765153,-0.0773804481017416,-0.20491100944392487,0.9757170411857351,-0.3454337711618021,-0.8813844805755461,0.32223734597577414,43.74224361097423,0.2210159249812349,19.51114355230465,81.33614585163727,184.8291016817592,331.4231847975207,-26.85780907574736,-22.73590129947474,7.226428147800428,0.13702846098026156,-0.11037288624508493,0.04305791554384316,266.1652475333965,237.58843233091716,34.07451117854025,-0.3328046001740857,-0.02811662048349213,0.9425765506077234,-0.014781346066414498,-0.22052108947621257,0.9752701989216573,-0.07165807189976811,-0.9411944037247278,0.3301790652492394,43.74224361097421,0.22101592498123468,19.222000677667307,76.65468187116288,171.6635840799663,-28.576815202479377,-32.65785750337191,-13.56064753671129,6.32910433620887,0.09606275055381443,-0.1466097598021523,0.04572180567804696,248.3182659511292,219.74145074864984,34.07451117854024,-0.32575055911447276,0.04773333294115593,0.9442500210023493,-0.08165445064650048,-0.20537913668366845,0.9752701989216574,-0.36158588038071504,-0.8755790158676401,0.3203389424992818
66652,76,44.10970945823012,0.08910525536734511,0.563523454745842,202.4562868107517,84.90549456681971,61.37920273972465,42.490031209153955,-1.3611414863026887,-0.41745523284109254,0.01769665252626436,0.15511139427434056,-3.7897190831522195e-05,287.3617813775714,348.740984117296,40.179302532775125,0.0008733520640735953,0.00979632808906465,0.9999516334364096,0.026589383205177713,-0.08504558327654645,0.9960222153475896,0.29838580654445795,-0.9544379480622823,-0.003756827314827266,44.1097094582301,0.08910525536734504,1.0807983371613925,348.18554334726366,281.5968600017666,61.37920273972478,40.090165593754925,-14.132797987946232,0.6872924190251399,0.06370230731100429,0.14251941247527597,0.001717757700858582,269.78240334903023,331.16160608875504,40.17930253277511,0.003791793705936002,-0.018477319464314575,0.9998220896569076,-0.0003384011651160227,-0.08910461278032254,0.9960222153475896,-0.0037620865574507223,-0.9999854659605215,-0.003861938949914587,43.7281489318473,0.08702617189051982,0.5634256526277285,197.3376273561224,84.78156085385962,66.52829753315007,42.481046273933856,-1.3615324915113334,-0.41724273986656757,0.017779090604255532,0.1544950754942759,-3.592929214224711e-05,282.119188209982,348.64748574313205,39.92265552645011,0.0008943847185181237,0.009792716256010643,0.9999516502233018,0.018270797401454222,-0.08508661796212913,0.996206025582099,0.20993165964563484,-0.9777116707260397,-0.0029303932373359585,43.728148931847336,0.08702617189052009,1.0815669208522407,342.89256723110844,281.64725791622095,66.52829753314978,40.08147973010541,-14.130456588161111,0.6872656056911641,0.06359470532556893,0.14190698324110598,0.00171676077916707,264.53982514732934,331.0681226804791,39.92265552645013,0.0038107527414249073,-0.018487112782365943,0.9998218365411489,-0.008280875261488659,-0.08663129745549245,0.996206025582099,-0.09510251931225402,-0.9954519976658667,-0.005552581696635503
118378,116,43.61214462089152,0.1123622534459757,5.057166582334538,190.5639963293708,87.90173126336627,329.073273467964,-19.691318929425655,-34.29250510372942,1.6302873233814439,0.14837657577398963,-0.07355419722208362,-0.013359974137163059,278.4657275927371,247.53900106070114,38.71178577367636,0.00322746824386358,0.08809054327423999,0.9961072430388126,0.01654172248714388,-0.1111379656850709,0.9936673105222604,0.1465045938695341,-0.9890779709473871,-0.01616079706334353,43.61214462089153,0.11236225344597606,3.6099490047871705,199.0378551949433,61.86896827608008,-30.926726532036078,-29.164233125729297,-26.742198024288655,0.8271246848507576,0.11954877600272405,-0.1149391052174388,-0.010070219680343015,260.90682347102336,229.9800969389873,38.711785773676354,0.029686784311894764,0.05552600578677571,0.9980158102548206,-0.01775778368338567,-0.11095015600760479,0.9936673105222604,-0.15861124536152466,-0.9871274736798279,-0.02053834344212775,43.75079729150121,0.1133748748593057,5.053192092623443,188.6459225904271,87.91483792652285,330.7000638783115,-19.700303864645782,-34.292896108938095,1.630499816355972,0.14837142625457928,-0.07401725397635404,-0.013349077179723744,276.5607605169499,247.26082439526135,38.790556123582405,0.003204802929325916,0.08802222690929704,0.9961133554009365,0.012953850870196855,-0.11263241095260249,0.9935522823438315,0.11367292033641159,-0.9934299896441614,-0.013240953809797187,43.75079729150119,0.11337487485930542,3.6058477000723084,197.12401183752752,61.87781110264542,-29.299936121688148,-29.172918989378854,-26.73985662450356,0.8270978715167839,0.11940374318710072,-0.11537897410389167,-0.010063315766226044,259.00182294017293,229.70188681848478,38.790556123582405,0.02964454106290786,0.05546758129869195,0.9980203147281335,-0.02162940506582105,-0.11129254730601595,0.9935522823438316,-0.19129184911659858,-0.9813585017440515,-0.018518086192231137
118698,118,44.027081533086,0.2388409085441938,11.204210557081,81.76437094543084,285.0246846238495,336.4780613031687,29.362489600306784,-18.395896818606435,4.672717027000643,0.07457900263160933,0.16853156425689403,0.02292177106704055,6.789055569280322,343.26711687244904,33.51161337917444,0.050371062591725496,-0.1876639240027626,0.9809408787899838,0.23716618166977463,0.028234409262376785,0.971058711101334,0.9747703675010815,0.11332445169477223,0.19230262424076727,44.027081533085976,0.2388409085441936,12.78153187273987,81.44596895459127,267.7537953833109,-23.521938696831292,22.29656253601372,-26.406228731479032,5.288996404026079,0.12132657963274919,0.13812981440604238,0.026274299610483613,349.19976433790214,325.67782564107085,33.511613379174435,-0.008670968919947052,-0.2210641779298872,0.9752207152917602,0.23461019533534205,-0.04475528839063044,0.971058711101334,0.9578016669053677,-0.1864249683038876,0.21877316578180617,43.61167444713986,0.231850356394363,11.20891622876946,82.29738923961929,285.0253823767951,335.7451042200124,29.35350466508671,-18.3962878238151,4.672929519975179,0.07462331558481883,0.1679062506716881,0.022908350357213107,7.3227716164144,343.0678758364268,33.50029218361555,0.050394233813898945,-0.18774111967995644,0.9809249171978589,0.22995935329444958,0.029551372093215206,0.9727514647842,0.9735871658858448,0.12255827978562359,0.19263306693908336,43.61167444713987,0.2318503563943628,12.786238225155872,81.97918927013079,267.75429007333986,-24.25489577998755,22.28787667236421,-26.40388733169394,5.2889695906921155,0.12118035525269318,0.13752032727911342,0.02625684378330065,349.73347934347066,325.4785835634831,33.500292183615564,-0.008672199180062451,-0.22114429645877098,0.9752025395296797,0.22813828114380152,-0.041322057511029284,0.9727514647842002,0.9594533291715437,-0.17726509338231455,0.21914925464121615
119066,120,43.69915202828103,0.08173729748530009,6.748098167383874,273.091971668873,47.78275160678883,316.9884673461079,0.5580614107206046,-41.098699536732454,-3.316543871784311,0.1590237986766612,0.012723461281399395,-0.01292383018232708,320.87472327566184,277.8631906217697,40.12730143909006,0.07895634921999668,0.08702405978894248,0.9930723578550057,0.06340918807688453,-0.051577714835292277,0.9966539089371995,0.7706449422564574,-0.6263699002258578,-0.1173333757529802,43.699152028280984,0.0817372974852999,6.107602827967583,286.02391397707686,17.348852128055892,-43.01153265389252,-11.787083009661645,-39.347295853013684,-3.6426614694445645,0.15573530002188288,-0.03590830033510628,-0.008636590372021836,303.37276610513277,260.36123345124025,40.12730143909003,0.10155572914886116,0.03172610213621404,0.9943238347340798,0.04496236786818106,-0.06825958742833693,0.9966539089371995,0.5484570501537971,-0.8299019906782947,-0.10226216311421842,43.66696343455853,0.07910062218477035,6.735423999496273,271.8831106492718,47.67246706532247,317.9445958649111,0.5490764755006232,-41.099090541941166,-3.316331378809796,0.15901151290670928,0.012202577336617351,-0.01291322554830036,319.5555777145943,277.5001735795054,40.212879457965336,0.07897578620495349,0.08670951282215618,0.9930983262393779,0.060198388003670715,-0.05131337556405051,0.9968666368025274,0.7559358772700838,-0.6440652829374252,-0.11722141771298984,43.66696343455854,0.07910062218477054,6.0981522575809075,284.8501038303956,17.203455271846558,-42.05540413508854,-11.79576887331108,-39.34495445322866,-3.642688282778547,0.15556601336053968,-0.036401139242877356,-0.008630647341134327,302.05355910224216,259.9981549671536,40.212879457965336,0.10147924083146669,0.03141977880984289,0.9943413705462575,0.04197963146580344,-0.06704191951319069,0.9968666368025274,0.5290940447865853,-0.8423274455045967,-0.10268381723071916
119067,121,43.617858211409,0.1925101527280695,7.218887113737183,304.080077835953,42.93452922824433,304.3127108567457,0.34950163718301397,-39.99232575988032,-3.7388450036947773,0.16049322824117396,0.03140951738821196,-0.010934421065823974,347.0146070641973,291.32731792094296,35.22097766545937,0.09199997123483006,0.08559502721714202,0.9920733322736214,0.18758716421760613,-0.04325753950679017,0.9812949816933823,0.9699553454957305,-0.21989596721411625,-0.10407877472004769,43.617858211409,0.19251015272806948,6.695846033518784,316.40911615761837,13.11308601564144,-55.68728914325733,-11.640106974133008,-38.22960678708875,-4.061072219962636,0.16272322084337057,-0.0185390687321074,-0.0064538350447255035,329.5222021732598,273.8349130300025,35.22097766545937,0.11355832353670155,0.02645319168319449,0.9931791056024618,0.16591021010376614,-0.09764200472495849,0.9812949816933823,0.8607587719341263,-0.5026240421091652,-0.08039532842335292,43.54696504895453,0.1892811679102233,7.20590655852197,304.0662701990706,42.81149810142788,304.0891146129634,0.34051670196337547,-39.9927167650889,-3.7386325107202807,0.16047995759304107,0.030876109203145354,-0.010925149823801286,346.8777683004985,290.96688291346186,35.30434464554274,0.09201867395598526,0.0852445337699891,0.9921017755783523,0.18433864850411522,-0.04297235382352724,0.9819229294983094,0.9694415295232592,-0.22222944461627991,-0.10390955096209173,43.546965048954505,0.1892811679102233,6.686467730282728,316.4255245684308,12.959768014366944,-55.910885387039016,-11.648792837782073,-38.2272653873037,-4.061099033296627,0.1625492505613126,-0.019043549284798646,-0.006449354995220774,329.3852925827977,273.4744071957587,35.30434464554272,0.11347027666714503,0.02611276770706195,0.9931981774428297,0.16289751791537516,-0.0963937714920844,0.9819229294983094,0.8595598620042209,-0.5046932961981366,-0.08025908299965122
119070,124,43.69964984602495,0.1743133983747697,3.318350266323914,218.9798557573557,22.18957599666078,25.94696422710185,5.083317820463375,-36.76931019005796,-2.085342684514009,0.17559138361975524,0.008277389125212087,-0.0034006800419524594,241.16943175401647,267.11639598111833,36.08221537357686,0.05359685395767376,0.021861096815247612,0.9983233292335075,-0.08405760387277428,-0.15270717103046905,0.9846902249677504,-0.4826194624913711,-0.8750729390421126,-0.03641161601383698,43.69964984602493,0.17431339837476978,3.5580040538838476,245.2433024245794,338.3893407842653,25.946964227101788,-6.20147634936492,-36.58713380641177,-2.2570504975265204,0.16991800512091365,-0.0451513479444033,0.0012810587459381444,223.63264320884468,249.57960743594646,36.082215373576844,0.05769673064696602,-0.02285616902290398,0.9980724837456686,-0.12616435031271775,-0.12028182557282306,0.9846902249677504,-0.7231341903697208,-0.6884046856865785,-0.056355402962729034,43.6657191793064,0.1751568091412236,3.315765899019197,218.1210655422893,22.01733773061496,26.6476009838826,5.074332885243253,-36.769701195266634,-2.0851301915394798,0.1755679935047453,0.007759485139158917,-0.003396458254041394,240.13840327290427,266.7860042567869,36.01737113900236,0.053620582751716654,0.02168299822265132,0.9983259391067844,-0.0872117275450981,-0.1519013573577755,0.9845405487898733,-0.4982940018609621,-0.866272600739415,-0.0357053065741997,43.6657191793064,0.1751568091412239,3.56009552028971,244.3746420726427,338.2269480184598,26.647600983882494,-6.210162213014475,-36.584792406626676,-2.257077310860493,0.16973921256889182,-0.045637991743449326,0.0012803545196454257,222.60159009110248,249.24919107498496,36.01737113900235,0.05766555150163928,-0.023033120151523968,0.9980702177432694,-0.12892912664840117,-0.11856301316268769,0.9845405487898733,-0.7354328925258073,-0.675280555493174,-0.05598778406004969
119956,129,43.94634655390661,0.1718646335652081,4.048893736259478,155.7487187790389,105.566134087973,91.13722949768082,44.312906095548584,9.162005408000592,-3.195646138444031,-0.00509682273812485,0.1459522637686664,-0.00242482422075472,261.3148528670119,352.4520823646927,36.3935238068898,-0.01894761690156319,0.06801793007260093,0.9975041598922735,-0.025952344484954926,-0.16989387300970415,0.9851205752239147,-0.15001702774234332,-0.9882579684889008,0.02900136385661505,43.946346553906565,0.1718646335652083,2.471791852934891,157.03654319306162,86.69790101667412,91.13722949768211,45.08135200014786,-4.6519018847958105,-1.9543936820121106,0.03928195874214291,0.14067353851190986,-0.0013431134138974857,243.73444420973573,334.8716737074178,36.39352380688976,0.002484171368308433,0.04305592131790271,0.9990695754210912,-0.07605563003654728,-0.1541200616735121,0.9851205752239147,-0.44216977781046324,-0.8967735361970736,0.01682594329128589,43.5874391498072,0.174097211243656,4.049436872063332,153.1017961876481,105.5720540959526,93.7605899709616,44.3039211603285,9.16161440279189,-3.1954336454695063,-0.004999107441680802,0.14534208385228747,-0.002421256495569317,258.6738502836007,352.43444025456233,35.99898754857321,-0.01895718308173234,0.06802508072862402,0.9975034905209454,-0.0341915911277776,-0.1707066901412158,0.9847284707152433,-0.1953056948550022,-0.9802219292917413,0.03194768994436397,43.5874391498072,0.17409721124365585,2.4723254716852874,154.38556323655112,86.70787289248017,93.76058997096271,45.072666136498334,-4.6495604850107455,-1.954420495346087,0.039190724379259786,0.14006234646598986,-0.001342058801273436,241.0934361290313,334.85402609999403,35.998987548573226,0.002477212130941989,0.043065642397525104,0.9990691737136858,-0.08415557556178423,-0.15240629273321674,0.9847284707152434,-0.48298093012736815,-0.8754322649029662,0.018648611212773756
129772,148,43.45141318315891,0.02943602614438166,3.305512789809421,130.026763659221,83.2964764103151,8.430640118770635,-31.17340588967626,-28.379844890996043,1.596811350016572,0.10433899648136664,-0.1160227883201323,-0.006767246474632773,213.3232400695361,221.75388018830674,42.17237624868912,0.006730766205209988,0.05726588874205515,0.9983362733933258,-0.024596290141069614,-0.01617102799666868,0.999566666293363,-0.8343193211461117,-0.5495105044694174,0.044152868990109416,43.451413183158934,0.029436026144382232,1.9761122256665091,149.21060363001965,46.548994737294755,8.430640118776513,-38.319443659664735,-17.637285917495817,0.5413135554579134,0.06457887797248833,-0.14212099689977467,-0.004989988095577059,195.7595983673144,204.19023848609092,42.17237624868911,0.02371501424124347,0.0250332475167816,0.9994052904694377,-0.028329518574373498,-0.007994874140158894,0.999566666293363,-0.9621887512077272,-0.2718110410816196,0.01765120379579146,43.6673315232586,0.03427939876009578,3.302265802062313,128.4016941874068,83.3361842395804,9.821890408734498,-31.182390824896352,-28.38023589620474,1.5970238429910955,0.10436336294015536,-0.11645738070308316,-0.006760768261572355,211.7378784269872,221.5597688357217,42.170441653183524,0.006684512150886878,0.05721434541602058,0.9983395394232971,-0.02915337856140958,-0.018032129597160742,0.9994122887080418,-0.8491710620557724,-0.5261850131442657,0.04514243357906506,43.667331523258554,0.034279398760095225,1.9722934908438812,147.5934344477824,46.58075513060165,9.821890408737762,-38.32812952331426,-17.63494451771075,0.5412867421239358,0.06447068846973386,-0.14254264725252977,-0.004986489182532142,194.17418957838407,203.99607998712185,42.170441653183495,0.023655350974669545,0.024998007741543097,0.9994075865127395,-0.03323578840826741,-0.00839401859865082,0.9994122887080419,-0.9693251511238751,-0.24508886806678803,0.018444461185334153
134568,157,44.06578374737917,0.1561023041380659,10.20251442116906,59.69757826933641,276.7621827574741,31.72026093343242,35.80660753716063,12.723123200352859,6.6690419361344,-0.04073023770717871,0.16574969860362784,-0.003766869227439292,336.4597610268105,8.180021960242925,37.187013370763545,0.02085655713090063,-0.1758957308835043,0.9841878356704087,0.143111440065149,-0.062346171331465805,0.9877408924625865,0.9032229602656044,-0.4010005056198199,0.15292769056546707,44.06578374737917,0.15610230413806592,11.756845629343333,58.2431127356435,260.60778696597527,31.720260933432236,37.779063754223834,1.312407230397401,7.712785278575817,0.011341145526212347,0.17031013032652464,-0.003455731611227734,318.85089970161874,350.571160635051,37.187013370763545,-0.033251768861440684,-0.20102720665278503,0.9790211346303836,0.11754499913554581,-0.1027185598391925,0.9877408924625865,0.7354008037221961,-0.6551097467680349,0.17325379526656612,43.6283352489416,0.1493331075701985,10.20547055517235,57.75602548506865,276.7566366743012,33.70326853351406,35.797622601940546,12.722732195144118,6.669254429108929,-0.04060863928372621,0.16512624955065308,-0.0037624020029672026,334.5126621593698,8.215930692883887,37.113180368102725,0.020845504962280267,-0.17594817447574654,0.984178695573888,0.13480006982701453,-0.06425977117298569,0.9887869451926575,0.8893919346509715,-0.4318859729925969,0.14985490619275652,43.62833524894158,0.1493331075701987,11.759775868947434,56.30118074335106,260.6025989459426,33.703268533514084,37.7703778905743,1.3147486301824252,7.712758465241846,0.011268638360577551,0.16967907449581118,-0.0034532610262986937,316.90377968929363,350.6070482228077,37.1131803681027,-0.03327814669505766,-0.20107359215128878,0.9790107126543199,0.10904413263438355,-0.10202820274114163,0.9887869451926575,0.7129793375842871,-0.6803743288721036,0.1695618966327802
135024,159,43.5754723376465,0.1136849711479976,2.158957041459469,299.0773471305806,44.30022065666434,275.734640166137,-17.70554457071305,-39.885252867203434,-0.6099509880386309,0.14427038628927422,-0.04515305320261845,-0.00501682301002301,343.37756778724497,259.11220795338204,38.621596022180796,0.026961469995286924,0.026310799254274653,0.9992901585517064,0.10893415003770957,-0.032521125756695884,0.9935168480378573,0.9577773675439398,-0.2856195470367556,-0.03292398170209016,43.57547233764652,0.11368497114799747,2.0218024418574285,343.3062335737049,342.51553257709276,-84.26535983386297,-28.899023652065964,-32.67352902232972,-1.4066549748907073,0.1239821085483244,-0.0866243750570907,-0.001601715508065454,325.82176615079766,241.55640631693467,38.62159602218081,0.03364980541074429,-0.010599714591734439,0.9993774745542311,0.09405089963710103,-0.06386470811311178,0.9935168480378573,0.8273477722896208,-0.5615985744392508,-0.010134341379839963,43.66532604458986,0.1108360891582175,2.152517908916476,297.9803264090287,44.23124263719671,276.5700206085264,-17.71452950593315,-39.8856438724121,-0.6097384950641045,0.14426798892384834,-0.045635145688669894,-0.005011518009969531,342.2115690462254,258.78158965475177,38.82563207398906,0.026912656249407016,0.026199982767820037,0.9992943859727058,0.10553713751126617,-0.03386076292431156,0.9938386998603504,0.9517564279476998,-0.30505655235865126,-0.03316928885714227,43.66532604458985,0.11083608915821741,2.0190044312304267,342.3203828400717,342.33532135648926,-83.42997939147364,-28.907709515715492,-32.67118762254462,-1.406681788224682,0.12383410431263528,-0.0870832217568463,-0.001600487568616984,324.6557041965609,241.22572480508728,38.825632073989055,0.03356979699742284,-0.01069069061145617,0.9993791962332426,0.0904079560775543,-0.06411739341058192,0.9938386998603504,0.8157478100684481,-0.5783087689917867,-0.010699442776847165
135742,162,44.00160699277147,0.1249714566244668,5.433069869456925,292.8512732359873,336.7416364775488,72.37488152922253,42.86874356153208,-2.9489296643193184,1.3523378334160852,0.02893491941397575,0.15084354774475622,0.01426755646472702,269.5929097135361,341.9677912427586,38.50266207306749,0.08698837263365597,-0.037388196855316004,0.995507481520082,-0.0008879229581715514,-0.12496830223565229,0.9921603373594204,-0.005470239846114999,-0.9961712685697904,-0.08725182033677248,44.00160699277146,0.12497145662446685,6.5745370395988605,303.3397114928346,308.72752378801863,72.37488152922253,39.92283934337368,-15.760810646448908,2.4531459098769512,0.07272865355445843,0.13505612670809464,0.01627741428958067,252.0672352808533,324.44211681007585,38.502662073067484,0.07163049462149304,-0.08932150424766246,0.9934237470078995,-0.03847880383541691,-0.11890015402107983,0.9921603373594204,-0.3036147228940342,-0.9479813576979772,-0.09565273388188629,43.63634502538613,0.124969610350994,5.448469698202526,289.0605926555185,336.7900981174457,76.00401446265533,42.859758626311965,-2.9493206695279888,1.3525503263906091,0.02900982509700388,0.15023008946854186,0.014259936201101145,265.8506907729643,341.85470523561963,38.183127990422086,0.08726587690334903,-0.03742005568225788,0.9954819969045278,-0.009042279085581785,-0.12464205028888814,0.9921605699123105,-0.07067289602558469,-0.9934541913351986,-0.08974470171482722,43.636345025386085,0.12496961035099396,6.588844078904622,299.5338348569945,308.7913840257373,76.00401446265565,39.914153479724135,-15.758469246663806,2.4531190965429737,0.072615001703358,0.13444869970573517,0.01626665882726635,248.32521888273175,324.32923334538737,38.18312799042205,0.07188541110028318,-0.08943495684265033,0.9933951259018219,-0.04615599613154594,-0.11613366235671713,0.9921605699123105,-0.3648586233076008,-0.9256950158510067,-0.09983447614269696
160147,193,43.57049865025498,0.08612783277206544,2.645662160558244,287.9872195891751,326.9974029791089,352.0623598373953,-16.492934184897692,-36.243085480390796,-1.8196130643678339,0.15102933635029442,-0.06642169124582005,0.0012271986875633735,254.98462256828407,247.0469824056794,39.81786602871032,0.03871114600072347,-0.02514180685707135,0.9989341002905409,-0.02231385056222599,-0.08318711228970216,0.9962840942331596,-0.25852608159298207,-0.9650061050734335,-0.043903101338974966,43.570498650254976,0.08612783277206548,3.993081080153816,302.5356574134702,294.88974775185005,-7.937640162605339,-26.6103785742109,-29.56781159864756,-2.553700114414319,0.12382851714243831,-0.10894114073113638,0.004640444104583961,237.42540516532017,229.48776500271484,39.81786602871031,0.029307951326277993,-0.0631681708072628,0.9975724666338386,-0.046370982755732044,-0.07257916737108851,0.9962840942331596,-0.5365407215262668,-0.8418298690412158,-0.05870711825769189,43.69499574777761,0.08829332878365574,2.646023961279571,286.1933492548341,326.8509708070601,353.7105607995027,-16.50191912011765,-36.24347648559954,-1.8194005713933081,0.15102240883071738,-0.06688952852831781,0.0012283186617535063,253.04432006189427,246.75488086139694,39.837019122018646,0.0386520454193257,-0.025244108893965524,0.9989338087936818,-0.025749149989756182,-0.08445527326640871,0.9960945176499574,-0.29107200317782345,-0.9556733743801631,-0.04433385238033811,43.69499574777756,0.08829332878365526,3.9951262579750257,300.6879295109071,294.79710424094765,-6.289439200497842,-26.619064437860313,-29.56547019886257,-2.5537269277482917,0.12368061585065927,-0.10938502972477582,0.004637488266222673,235.48503375185476,229.19559455135692,39.83701912201862,0.02922070865673545,-0.0632478024930004,0.997569980334916,-0.0500288973229576,-0.072751778949711,0.9960945176499575,-0.5647244434877741,-0.8231017681485064,-0.05991479114731299
181871,206,43.4841527436441,0.08588849164743223,0.80711141370875,156.1125906263432,278.2099771144404,71.07213096883007,-38.57704346102165,17.995233338910094,-0.5016897312474504,-0.07691665876059997,-0.13440892809594196,-0.0013428680878323615,74.3225677407836,145.39469870961366,39.749364453925956,0.002011539697506153,-0.013941920718891155,0.9999007833553855,0.02320889459788126,0.08269328998785497,0.9963047560874779,0.27018147354252575,0.9627925189175035,0.005704109998762173,43.48415274364408,0.08588849164743229,2.37867273708726,149.90680404993253,266.83158141297,71.07213096883036,-31.31320911538787,28.807783862338106,-1.364888837457506,-0.11384494608509593,-0.10489511183659792,-0.004481004928049946,56.738385462902556,127.81051643173292,39.749364453925935,-0.0022939600558446933,-0.04144030298541323,0.9991383482960402,0.04710663775718457,0.0718178089103562,0.9963047560874779,0.5480313647906917,0.8361988723944775,0.020810310229689828,43.67419424880308,0.08499513007060291,0.8064141649382114,159.2529628031851,278.1933898987112,68.1829233747348,-38.58602839624175,17.99484233370139,-0.5014772382729251,-0.07677080656043984,-0.1348311972561022,-0.0013400255386022343,77.44635270189633,145.62927607663113,39.96210042789729,0.0020057692750478453,-0.013930458601557979,0.9999009547013972,0.01847400144244376,0.08296314486820816,0.9963813666785832,0.2173189184080338,0.9760879217388573,0.004985653164894024,43.67419424880305,0.08499513007060289,2.3779543097940046,153.03436425755177,266.8278045574185,68.18292337473507,-31.321894979037417,28.810125262123165,-1.3649156507914821,-0.11383354786786992,-0.10534171266187256,-0.0044778471585537345,59.86216881497029,128.04509218970537,39.962100427897255,-0.002295998467859811,-0.04142764275643364,0.999138868629722,0.04267451375200531,0.07350549647304352,0.9963813666785832,0.5016919820083685,0.8648417033971924,0.018814442685279188
182222,209,43.73830949150967,0.09473395993193492,6.100323463984335,312.5605988517801,207.698480337765,293.4025004587073,5.068863261465575,41.97257151990954,-3.719957951966974,-0.15550092146882555,0.003885697957820927,-0.008092580365960209,160.2590791895451,93.66157964825243,39.59480623265042,-0.0940918117763108,-0.04939612212848342,0.9943373442023181,-0.08916640250624133,0.03199805976118567,0.9955026252278869,-0.939290838912455,0.3340746343120848,-0.0782742527551912,43.73830949150968,0.0947339599319349,6.563552012064949,298.8348335245177,203.75904409918468,-66.59749954129246,17.606834449907065,38.48058147286815,-3.236116821945911,-0.1467839360615559,0.05067736162130983,-0.012141096187447437,142.59387762370238,75.99637808240992,39.594806232650434,-0.104617598854022,-0.046052557625083756,0.9934456804205287,-0.07525189402307125,0.05754715988062225,0.9955026252278869,-0.7920364450260241,0.6022056695317073,-0.10013291833561004,43.61013352512143,0.09681250690929652,6.110263015558774,314.7424202803116,207.8483423847188,291.4281226670613,5.0598783262454425,41.97218051470084,-3.719745458992444,-0.15530239854011638,0.003370737481897826,-0.008085213854158783,162.5907626650304,94.01888533209171,39.38812717190526,-0.09411480719621598,-0.04972263570918647,0.9943188937984386,-0.09237772967944304,0.02896578245679437,0.9953026366417088,-0.952307144939517,0.2956267894459819,-0.07560359157478379,43.61013352512141,0.09681250690929644,6.57698556011637,301.0516761997945,203.87378851039406,-68.57187733293857,17.59814858625749,38.482922872653226,-3.236143635279883,-0.14675046064286565,0.050126489085175745,-0.012132804278194995,144.92546471018852,76.35358737724995,39.38812717190525,-0.10473815212348196,-0.046356247487117655,0.9934188531574542,-0.07923185846891706,0.05563249138429867,0.9953026366417088,-0.8161233295645707,0.5694858888400394,-0.09812509033121791
385446,280,44.10206379980806,0.1150703540074199,2.664394142130906,15.93972626024133,68.60147214565568,289.1733955607631,42.93887961586259,0.5826034755247003,-1.8505659887302266,-0.019289072821704584,0.15320510746186203,0.0034369956448619364,84.541198405897,13.714593966660118,39.02722370590632,0.01696043778985831,0.04328120975425517,0.9989189558879061,0.010946641663816337,0.1145484936944914,0.9933573443774436,0.09540640756802393,0.9953565401780748,0.012766178742931221,44.102063799808064,0.11507035400742016,1.7467187931337038,50.5901655087086,16.391752412627252,-70.82660443923682,41.14430232283822,-12.415444283438397,-0.7173099508611387,0.02778644325035392,0.15187470248194204,0.0042041098107643135,66.98191792133585,356.155313482099,39.02722370590632,0.0292423487258055,0.008601917469350137,0.9995353380730713,0.04499499541147819,0.10590862457474393,0.9933573443774435,0.391122926433103,0.9200370789004706,0.02355058102669089,43.71276207944187,0.1133435450968166,2.666678489512581,20.17278243051204,68.49404645703285,285.0002021142193,42.92989468064248,0.5822124703160362,-1.8503534957557013,-0.01918184523710148,0.15259006636147232,0.003436634513145153,88.6668288875449,13.667031001764201,38.75820265938424,0.017056157473105314,0.04328638755281439,0.9989171017381173,0.0026370651847478395,0.1133128637989769,0.9935558569023112,0.023613566766737593,0.99959240473492,0.016044433951148143,43.71276207944189,0.11334354509681677,1.7514381141530626,54.80798599248673,16.299635723148484,-74.99979788578054,41.13561645918868,-12.413102883653291,-0.7173367641951149,0.02770291370208797,0.15125600290911312,0.004201446423389417,71.10762171563522,356.1078238298547,38.758202659384246,0.029335160827196605,0.008577998887558816,0.9995328240104612,0.03669968365041208,0.107237551422409,0.9935558569023112,0.32389871609692555,0.945761996426477,0.02497734625951493
385527,283,44.23453414587368,0.2510127665330146,3.458172482844756,207.2049520851643,149.033430707594,346.5771558973172,30.078483052841495,-15.117402550304561,-0.15191072964132268,0.07211484371926297,0.17740442149700575,-0.01143480873260693,356.23838279275833,342.8155386900755,33.131101353618824,-0.05172232713718178,0.03103684962640527,0.9981790995812235,0.2504719950924529,-0.016467806076218703,0.9679837762263592,0.9974173044739333,-0.0663192681998735,-0.027576718466603915,44.23453414587361,0.2510127665330142,2.5032018807015293,182.52349079429558,156.10098073130516,-13.422844102682896,24.1017476149304,-23.497178594419946,0.5122884987367075,0.12260422010635283,0.1473325289370799,-0.008060113597822199,338.6244715256007,325.2016274229178,33.131101353618796,-0.03993054319010822,0.017693963420263477,0.9990457824239214,0.23374599316187875,-0.09148890448204314,0.9679837762263593,0.9311945523326276,-0.3645175000891656,-0.0019229755022840786,43.78705485002921,0.2434304261342112,3.464677154246666,207.3780026722949,149.0390342283271,346.2215772862945,30.069498117621492,-15.117793555513158,-0.1516982366668076,0.0721608082632702,0.17677316092140968,-0.011425202108129202,356.417036900622,342.6386141869166,33.12795342872452,-0.05182253693198605,0.03109008938840212,0.9981722451599995,0.24295460608555605,-0.015212881045217773,0.969918361323321,0.997612951695489,-0.06321450536009848,-0.02779073445398495,43.78705485002921,0.2434304261342115,2.5092548534847667,182.75709406692204,156.04596872357268,-13.778422713705373,24.09306175128098,-23.494837194634812,0.5122616854027244,0.12245713939384187,0.14671687373447964,-0.008054556947752492,338.8030627904947,325.02464007678935,33.1279534287245,-0.040009989063537706,0.017775145134300892,0.9990411628109175,0.22696068563548977,-0.08801829096132349,0.9699183613233209,0.9323244051928905,-0.3616168808645165,-0.00210593341324881
469306,334,43.48461837392077,0.1437768809039048,25.50291616217838,146.536419919737,119.0339594745431,253.6754723794945,-35.71961114692594,27.739956798847373,8.475930580021846,-0.057081983781653696,-0.12056323655712636,0.05172109184458888,265.5703793942801,159.24585177377458,37.23253557682181,-0.20896135281988426,0.3764498814511431,0.9025633716161454,-0.011104531380100077,-0.14334741317960364,0.9896101295548385,-0.030259031653316115,-0.9709376362321149,0.23741208383609474,43.48461837392073,0.14377688090390506,23.957554955972064,145.76459955995293,102.15268873559361,-106.3245276205057,-25.89509801058632,37.23410604020144,7.765466457079503,-0.09222509548661904,-0.09768783151348984,0.04919895893056076,247.91728829554654,141.59276067504084,37.23253557682177,-0.08548274311073148,0.3969599965894038,0.9138465197931244,-0.054052153111569655,-0.13322971225090569,0.9896101295548385,-0.3285614193563553,-0.9164384345178387,0.2284469072870769,43.65956097002734,0.1442297661671297,25.47523196043721,144.8583714147874,119.013963633619,255.6437845365126,-35.7285960821461,27.739565793638654,8.476143072996392,-0.05694942567811884,-0.1209947857262284,0.051688368526900855,263.8723350484064,159.516119584919,37.36255270036076,-0.2086184183481003,0.37614136970474293,0.9027713030012512,-0.0153956866111115,-0.1434057121679515,0.9895442256672388,-0.05780287303488896,-0.9671423210670304,0.24757737915647635,43.65956097002735,0.14422976616712968,23.92975738837336,144.0870385492598,102.13240623789581,-104.35621546348739,-25.903783874235923,37.236447439986506,7.765439643745547,-0.09222818787149191,-0.09813926298414304,0.049166137959435315,246.21944478715562,141.86322932366824,37.362552700360766,-0.08524902346226094,0.3965567273355654,0.9140434158198597,-0.05815845488146387,-0.13198416410473507,0.9895442256672388,-0.35394256049061673,-0.9045000727141426,0.2379165448922312
471288,380,43.40262250136555,0.02897975644670494,13.04604545870461,191.2120087189897,257.0912864147597,103.7584764374509,-41.224070453520625,-11.732166269793996,-8.703504913997568,0.033869358364484424,-0.1459818328396289,0.015206398483931525,88.30329513374937,192.06177157120027,42.1448250721277,-0.05042861096172715,-0.2200291051103381,0.9741889694000926,0.0008580546075768012,0.028967050695587783,0.999579998657581,0.03450061750677619,0.9984403962940335,-0.04389171265585714,43.4026225013655,0.02897975644670514,14.428292835094966,187.99586830870092,242.63333228611228,103.75847643754753,-42.586201474198965,1.2687445803806945,-9.880508039346564,-0.01222504388470801,-0.14939323588737952,0.014875243971312995,70.6292005948132,174.38767703236073,42.144825072127645,-0.11453841405862049,-0.22128198479553954,0.9684602391992573,0.009612016590522344,0.02733926518350249,0.9995799986575811,0.335576606422791,0.9413750823635978,-0.03465971042424666,43.65789412828095,0.02819559429276944,13.03551055058972,202.4693522705493,257.1519563388892,92.4142995887091,-41.23305538873973,-11.732557275007117,-8.70329242102262,0.03394095676327503,-0.14639634531538956,0.015198148965907803,99.62130860943853,192.03560819814763,42.42693385776326,-0.05015576440032384,-0.21990773804660957,0.9742304583847925,-0.004712482844427954,0.027798993560260863,0.9996024251983773,-0.15753317522024118,0.9837438984695023,-0.08620464563499101,43.65789412828092,0.02819559429276952,14.41854210122993,199.25687604465668,242.69057762212742,92.41429958880995,-42.5948873378489,1.2710859801612457,-9.880534852680128,-0.012281755923891635,-0.14981001205652048,0.014865428306992999,81.9474536667841,174.36175325559407,42.42693385776323,-0.1142416517413159,-0.22124986377352346,0.9685026292104804,0.003949673348982165,0.02791758617715359,0.9996024251983773,0.14931135763262526,0.9853740658951359,-0.08212227921332081
500828,417,43.4466848924752,0.07353561450023016,1.648912656037704,58.26735462592055,198.8265810497365,333.8664340790295,-27.753048115051218,-29.667711349464973,0.5505332666934849,0.12199643119647081,-0.10634822370978358,0.004030954999738577,257.093935675657,230.96036975468655,40.25180622090917,-0.02723551088028161,-0.009285826023717992,0.9995859144576554,-0.016424421125662503,-0.07167792540673419,0.9972925916701043,-0.22346693750694296,-0.9744042168473042,0.024473455650150442,43.44668489247519,0.07353561450023038,2.307287311114531,15.09765874006146,224.3911913274935,-26.133565921421813,-35.420171744540504,-19.898198002550558,-0.4254563524078817,0.08402889176803297,-0.13823229037481827,0.006348366331542326,239.48885006755495,213.35528414613313,40.25180622090915,-0.02876819812157535,-0.028163238089457195,0.9991892827673615,-0.03733447482775648,-0.06335316558201422,0.9972925916701043,-0.5078537491669599,-0.8613794823514036,0.010486030759571387,43.64550056734539,0.07637536050607945,1.645096546105011,55.56264126116277,198.7397406516196,336.4380634237364,-27.762033050185487,-29.668102354747838,0.550745759670848,0.12200896284386267,-0.10678930042336787,0.004030195769581657,254.30238191278238,230.74044533651886,40.31205972704609,-0.02718650685309708,-0.00922314692927973,0.9995878287603583,-0.020664149960510046,-0.07352678830768519,0.9970791364317911,-0.27066963576145103,-0.9623810797161421,0.023677113024097658,43.64550056734535,0.07637536050607907,2.30279721715715,12.28639926072981,224.41094890671727,-23.561936576572887,-35.428857608130734,-19.895856602862118,-0.4254831657373839,0.08390766598635396,-0.13865654711442904,0.006344265766431033,236.69734816744707,213.13541159087418,40.31205972704607,-0.028702549495786104,-0.0281183599032425,0.9991924346635105,-0.041934770098518835,-0.06383314773076691,0.9970791364317911,-0.549181760920354,-0.8356591917461715,0.00855036388433547
508792,469,43.27763042532909,0.124987001658307,4.672332798883681,35.61851185927144,175.2168428827467,3.530244741205554,-30.868393088243597,-21.868111025858177,1.991397620387624,0.0986232637949419,-0.14087523677721772,0.010801359558411078,210.83535474201815,214.36559948322372,37.86848915959089,-0.08117355728858232,0.006792304300830109,0.9966768373948509,-0.10731931080049464,-0.06406493668802359,0.9921583791998465,-0.8584823939680775,-0.5106441721358381,0.04743952687941709,43.27763042532904,0.12498700165830656,4.324899537681775,15.872857657657162,177.32057440204503,3.5302447412060927,-36.0733654168565,-11.521893679359765,0.9979527621794508,0.05114372186315994,-0.16408584074920857,0.012215009067660664,193.1934320597022,196.7236768009083,37.868489159590865,-0.0753296293092753,0.003525345242759345,0.9971524551887974,-0.1216879788529914,-0.02852694140996271,0.9921583791998465,-0.9735686650418112,-0.22746130286707833,0.020625473248313358,43.52989703768453,0.1299535417460115,4.662564445925629,35.31384171864562,175.1123673744821,3.799273535110584,-30.8773780234637,-21.868502031066885,1.9916101133621515,0.09865146119639535,-0.14129317192472032,0.010796062496785925,210.4262090931277,214.2254826282383,37.87303274579821,-0.08099173033257154,0.0069258302820110395,0.9966907105479818,-0.11205661306593379,-0.06581214538764064,0.991520084006203,-0.8621191144936219,-0.5045222605575589,0.04698852015784197,43.52989703768452,0.1299535417460116,4.312831668886085,15.526251784759033,177.25820398230778,3.799273535109659,-36.08205128050604,-11.519552279574706,0.9979259488454768,0.051044537209927014,-0.16449276926977818,0.012206976413136672,192.78445576706682,196.58372930217647,37.8730327457982,-0.07511596156977368,0.0035972980367954045,0.9971683166668919,-0.12673191860486804,-0.028756630871183003,0.991520084006203,-0.9751731658176869,-0.22052681645218292,0.020130074380776502
523742,573,43.66177421979315,0.2553047732410677,14.95636725760635,334.5051784084623,336.9012975186576,158.4626921947616,-26.041826747797916,46.84303791255616,8.780938168989639,-0.10694662780260418,-0.04464326702464258,-0.02217769773364926,311.4064759271199,109.8691681218815,32.51471485330617,0.2373929374791872,-0.10125031466925988,0.9661226459484212,0.1688577200505567,-0.19148785240584015,0.9668606273710431,0.667117326147914,-0.7366235244206298,-0.11108670678072821,43.66177421979314,0.2553047732410677,16.02918865219039,338.84449326549645,315.1369585871379,158.4626921947614,-10.912925759966134,52.52132886702157,8.483506454688994,-0.11478134480818207,-0.010251623375054218,-0.025349553604524393,293.98145185263434,92.44414404739575,32.51471485330615,0.19571745685360167,-0.19478400885205913,0.9611211510409494,0.10376629750356517,-0.23326612000475894,0.9668606273710431,0.4163388324242228,-0.9037316986427046,-0.09965437011996328,43.68047247830648,0.2537496892038031,14.91403679503192,333.7664548044638,337.0399338650312,159.5033808217416,-26.05081168301797,46.842646907347465,8.781150661964162,-0.10678064815843386,-0.04512570119245653,-0.022160890738882295,310.80638866949494,110.30976949123652,32.596566162660935,0.23697993935434689,-0.10039714407128363,0.9663130557981404,0.16582669251783075,-0.19206877106813455,0.9672699184968865,0.659313703558217,-0.7432112001123996,-0.11376533886836623,43.68047247830644,0.2537496892038035,15.984270155060832,338.1267219518857,315.2545170420713,159.50338082174176,-10.92161162361563,52.52367026680663,8.483479641355016,-0.11476931897416287,-0.0107616585486053,-0.025332408789471322,293.381238993957,92.88461981569878,32.59656616266089,0.19558147536245743,-0.19385154006924887,0.9613373325258022,0.10069989389531803,-0.23291293682511188,0.9672699184968864,0.4069871594193027,-0.9076543304521922,-0.10259175639002388
525816,648,44.05051778903948,0.1933069562919644,13.33784622912669,320.3008600971823,101.6037584477286,0.07032285232213949,16.07856434857448,31.255992969654383,-5.224662674392961,-0.1580610454352392,0.0868155182260187,0.032568322523598245,61.904618544910875,61.97494139723302,35.53524627215523,-0.046401994316112784,0.22597763146799932,0.9730267031277202,0.09103612732335795,0.17052859840164286,0.9811383290082681,0.45406354277483096,0.8786992793725077,-0.14735628779595789,44.05051778903948,0.1933069562919646,11.768858672089165,321.10697234873993,83.2344715514383,0.07032285291318707,24.903674678053985,24.938869246294143,-4.540288133745061,-0.1253020955174668,0.1305063574344119,0.029127297318274945,44.341443900178206,44.41176675309139,35.53524627215522,0.024028291226188013,0.20254369898769917,0.9789783916007185,0.13825069174695062,0.13510856961108406,0.981138329008268,0.7020804664933387,0.7004876917218795,-0.1280625328292738,43.72247037181884,0.1873633074508679,13.33959604547741,321.0331988956089,101.6141912395428,359.5803554801781,16.069579413866542,31.25560196416441,-5.22445018152396,-0.1578608065944501,0.08624497443450313,0.03254843625813264,62.64739013515168,62.22774561532981,35.53048371303228,-0.046449123515864055,0.22599828629851335,0.9730196573115792,0.08608693883166306,0.16641528758356894,0.9822906856023178,0.4428455702311381,0.8847798877394889,-0.14509428375492792,43.72247037181888,0.18736330745086838,11.770574484832876,321.83779381276435,83.24639083298291,-0.41964451981351175,24.894988814810464,24.94121064565637,-4.540314947173411,-0.12528301819849533,0.1299019798950815,0.029107929282611814,45.08418464574726,44.66454012593375,35.5304837130323,0.02398960307125731,0.20257780676339393,0.9789722831374832,0.1322910609240416,0.13268038354828549,0.9822906856023178,0.6931644096685111,0.7096729232749084,-0.1260454011035332
530055,660,43.9379274056278,0.1337534330464597,8.891669817377252,148.7679389432345,102.4229097502533,190.0885161715768,9.279526558123848,48.774934570724,-3.0593196834131264,-0.12871232498555096,0.02285996700151649,0.01889579825202058,251.1908486934878,81.27936486506462,38.06107877417896,-0.03325129999312926,0.15094777254026936,0.9879823485335647,-0.04312436595589856,-0.1266107022041009,0.9910146412381031,-0.316331566836778,-0.9452572794122044,0.08014371803720478,43.9379274056278,0.13375343304646004,7.320729598575445,149.88202280491555,83.73748186664552,-169.9114838284323,23.655121446552,43.69322015112168,-2.408533707703079,-0.11627052274830624,0.06067301411225966,0.01569849624794402,233.61950467156106,63.708020843128764,38.061078774178945,0.013899868696808452,0.1266630715864339,0.9918484057286685,-0.07933515993902446,-0.10768432220691775,0.991014641238103,-0.5890789339682325,-0.8055419520093905,0.06393882316520627,43.79864410407399,0.1378341854750769,8.891818840585115,147.7507759728908,102.4319082567654,191.4932424001307,9.27054162291756,48.77454356551293,-3.059107190440634,-0.12853175698629354,0.022332289111999165,0.018885075931333307,250.18268422965622,81.67592662978689,37.76169366907617,-0.03327555966932727,0.1509450578786186,0.9879819465105187,-0.04672885639347188,-0.12967141807559668,0.9904553181817048,-0.33275975050413786,-0.9393977959641575,0.08247866016192844,43.798644104073965,0.1378341854750771,7.320851574210147,148.86290335092335,83.74841786135735,-168.50675759990128,23.646435582914958,43.695561550900315,-2.408560521038744,-0.11625749879983044,0.06011544203759371,0.015688128802693248,232.6113212122807,64.10456361237942,37.761693669076145,0.013875922308228482,0.12666782130070164,0.9918481344576041,-0.08369551663585538,-0.10951403188922963,0.9904553181817048,-0.6030286953833826,-0.7949936323790862,0.06589018910977491
531917,682,43.47762119765967,0.2072264289525318,6.615252320954027,277.2814343919741,193.6250969319738,19.68784854970996,-27.407302808173675,21.992595608530806,-3.2275437141845504,-0.1275759630888683,-0.13142306135751258,0.011327356304715546,110.90653132394789,130.59437987365786,34.467909017517755,-0.11195957199370739,-0.027137787826430927,0.9933421337640287,-0.07394760932768074,0.19358342886502297,0.978293006794785,-0.3552887588458348,0.9277454835537681,-0.11427254956187559,43.47762119765964,0.20722642895253163,6.6933822091169475,263.64241077405956,189.5907279500373,19.68784854971003,-19.387170882477886,29.24428673067318,-3.763089958270907,-0.16156674966907741,-0.08674574359207626,0.006878792445931756,93.23313872409688,112.9209872738069,34.46790901751774,-0.11492692075085692,-0.019419303742580617,0.9931841186451179,-0.011687357903798145,0.20689658895604626,0.9782930067947851,-0.055270368905736014,0.9917290260187017,-0.1158392216523451,43.62272793054337,0.2086787997429279,6.60366113107241,278.1165857863901,193.747292430587,18.98910174028517,-27.41628774339378,21.992204603322136,-3.2273312212100276,-0.12739615673077892,-0.13184733178066155,0.011321706696271383,111.86387821697713,130.8529799572623,34.51958942448528,-0.11170623725028461,-0.027328747548907382,0.9933654192273814,-0.07771256090457858,0.19366878772740118,0.9779842322542072,-0.37084191142896883,0.9216912513687446,-0.11384864460337953,43.6227279305434,0.2086787997429287,6.685437072598482,264.45909251061266,189.731539586274,18.98910174028534,-19.395856746127425,29.24662813045828,-3.763116771604885,-0.16152336613983329,-0.08720450894514803,0.006874336365234074,94.1906320968867,113.17973383717204,34.51958942448527,-0.11474310534362044,-0.019678412393472317,0.9932002717789475,-0.015249231354569112,0.20812088411604482,0.977984232254207,-0.07193113355632613,0.9906558688383434,-0.11587433521470028
532039,688,43.38114884534853,0.2359733475475829,3.000538319951576,131.8409936561991,41.90201181434166,25.74804762462085,-28.44074837067401,-20.06924931479496,0.21266169749510766,0.08587786886305547,-0.16413610177584675,-0.00940987439473991,173.74300547054077,199.49105309516162,33.144353931851676,0.038960012581194386,0.034959289407271575,0.9986290429903447,-0.23456766389954015,0.02571831653753243,0.9717595274795033,-0.9933609154621974,0.10822803881903331,0.03899722099702567,43.38114884534854,0.23597334754758292,2.755363493761258,163.32418686108073,352.87412236961245,25.748047624620757,-33.16781774906646,-10.54040286659338,-0.7013801505589901,0.03253128202859298,-0.1824099576474956,-0.008516868166823949,156.1983092306932,181.94635685531398,33.14435393185168,0.04770032643543876,-0.00596326905029777,0.9988438908459051,-0.2159032855306573,0.09523230570494352,0.9717595274795033,-0.9149889128343853,0.4032431059825073,0.013794450613564987,43.6669757557361,0.2405292754162671,2.992719676070327,132.3096006404532,41.91688111619174,25.16253929336994,-28.449733305894096,-20.06964032000372,0.21287419046962963,0.08591460880488017,-0.16453844643914867,-0.009401624972877137,174.22648175664494,199.3890210500149,33.16378971758919,0.038849534841703635,0.03487836064795407,0.9986361767936782,-0.23930914500486283,0.024196393312144668,0.9706418843568031,-0.99425353163897,0.0998459651877679,0.0386095591681511,43.66697575573615,0.240529275416268,2.7482924201289203,163.87891425527602,352.80276864844535,25.16253929336994,-33.176503612716004,-10.538061466808376,-0.7014069638929695,0.032444572274689804,-0.18280460451581323,-0.008511005379175445,156.68168290372137,181.8442221970913,33.1637897175892,0.04757056312774807,-0.00600722429496855,0.99884981592829,-0.22088281558437783,0.09521089282110867,0.9706418843568029,-0.9183598933381607,0.3955222506420137,0.01331373557640412
533028,695,43.49125649643326,0.2434605418321009,4.318920380103769,74.725879656501,104.601671126887,336.2063751317888,-26.390052181219865,22.034365148532906,1.509157423566598,-0.10010851850620946,-0.15810377585383933,0.010326397704041035,179.327550783388,155.53392591517672,32.902851624852744,-0.018984968845201584,0.07287570411995872,0.9971603194607008,-0.2434437743704181,0.0028572975807778576,0.9699108023786619,-0.9972802322930301,0.012426772784660284,0.07264787399310707,43.491256496433294,0.2434605418321013,2.743579945660721,76.4409458208729,85.30732787494802,-23.79362486821119,-18.53569419572588,28.976817342293053,0.9988769440794573,-0.1434214063120826,-0.12047730485957454,0.006377549022063156,161.7482736958209,137.9546488276097,32.90285162485275,0.003915984226547813,0.04770575186480658,0.9988537562158691,-0.2312119665586372,0.07624999638864241,0.9699108023786618,-0.9485791289342517,0.3131012587181203,0.046532117289729995,43.69555706993324,0.2473060674800853,4.318174244311511,74.74021269755022,104.6068178796543,336.4086261084889,-26.39903711643993,22.033974143324222,1.5093699165411194,-0.09994712207229181,-0.15851016365491744,0.010321418983341183,179.34703057720452,155.75565668569334,32.889380684616405,-0.018988240276176113,0.07286143259935626,0.9971613000767647,-0.24729000766649947,0.0028183542657253934,0.9689374123169853,-0.9972849611488962,0.012086855704537713,0.07264030689239995,43.695557069933194,0.2473060674800851,2.7428225527763956,76.45279180738169,85.31495581070665,-23.591373891511243,-18.54438005937539,28.979158742078127,0.9988501307454781,-0.143390184612974,-0.12091346179404158,0.006373428897387804,161.76774761808832,138.17637372657708,32.889380684616384,0.003908554532482476,0.047693113053106334,0.9988543888719568,-0.23489033456497588,0.07737455486410319,0.9689374123169854,-0.9486860687098646,0.3127786497978514,0.0465215999988708
535988,756,43.4548988685081,0.269899406322247,11.40863136992696,132.0384177103563,61.2914438298017,18.95947664024154,-22.383740536352892,-24.03272554536493,1.6320906983971817,0.12143600664973808,-0.14758654883005576,-0.03579838603879815,193.329861540158,212.28933818039954,31.72644746210448,0.09501652348284526,0.17348972014479414,0.9802413872456697,-0.2626280039836651,-0.062227172976581396,0.9628885244237251,-0.960188088852594,-0.23760593971659388,0.14690899032052904,43.45489886850814,0.2698994063222476,10.379839673010606,138.38436705891326,37.47701363094674,18.959476640241686,-28.631887183228464,-16.14840029667895,0.8436004803787194,0.0721397475105581,-0.17737482058223616,-0.0338237697798004,175.86138068986,194.8208573301017,31.72644746210448,0.14298488327060072,0.1096250487866116,0.9836349281286354,-0.2691956070861975,0.019478569213248226,0.962888524423725,-0.9907794772303347,0.0635444918822558,0.11965836807599685,43.71198668503228,0.2741980746300981,11.3885801659973,132.1322576016296,61.30581618293395,18.69646534307854,-22.392725471572945,-24.03311655057366,1.6323031913716943,0.12144891391872811,-0.14799998575255524,-0.0357724498424373,193.43807378456353,212.13453912764206,31.726244097739947,0.09480828803886433,0.17321262131315251,0.9803105509668689,-0.26669098760452287,-0.06372206259512549,0.9616732375756055,-0.9598131609642845,-0.23940503512282063,0.14643744465671812,43.71198668503225,0.27419807463009793,10.359597313484901,138.4889903550158,37.480373984422236,18.696465343078696,-28.640573046877968,-16.146058896893926,0.8435736670447318,0.07202649037093477,-0.17777284222723838,-0.03380094516163599,175.96936433943804,194.66582968251674,31.72624409773993,0.1427026707529718,0.10942196897822384,0.9836985211257042,-0.2735198756769062,0.019273342744384286,0.9616732375756056,-0.990952467485396,0.061716186694686315,0.11918187565427932
536922,767,43.40743861228664,0.2132543212028963,10.03728710242761,33.16946139612971,130.2415378488657,35.91908951618463,-28.864466003264745,-21.91470297449522,6.405595090560936,0.08500196164723808,-0.15505447166714814,0.006244946046492337,163.41099924499542,199.33008876118004,34.15061475586706,-0.11259267828177491,0.13303968247363607,0.9846945372472881,-0.20437812216412635,0.06088504489916647,0.9769967218411185,-0.9519853842287147,0.29091401148100116,0.09535652121873117,43.40743861228664,0.21325432120289634,8.601747821727725,29.10015904187025,116.67511585235987,35.919089516184904,-34.29946001883247,-12.171648497971415,5.4627161592505935,0.03400762619071784,-0.1734879970214263,0.007184585537562606,145.7752748942301,181.694364410415,34.15061475586706,-0.06714458540390406,0.13364671759867336,0.9887518189748317,-0.17632676340499465,0.11994281145123754,0.9769967218411185,-0.8219497589928708,0.5648960782498353,0.07273935983714436,43.68036906509392,0.2173686748403327,10.03496934138323,34.0016886833163,130.1624342738674,35.05206721180765,-28.87345093848484,-21.915093979703922,6.405807583535463,0.08503928866171048,-0.1554629032498633,0.006242702899365736,164.1641229571837,199.21619016899137,34.18562512487779,-0.11238320315166841,0.1331645615252326,0.9847015868795802,-0.20911894901538947,0.059316152644462876,0.9760895753967244,-0.9555093111183707,0.2784004021632264,0.09744317544831264,43.68036906509389,0.21736867484033295,8.598459071928803,29.944328142057284,116.58425932166608,35.05206721180813,-34.308145882482,-12.16930709818635,5.462689345916619,0.03391992692415711,-0.17388862379144532,0.007179924500498757,146.52858746372337,181.5806546755315,34.18562512487776,-0.06690717314698069,0.13370226983715244,0.9887604023330795,-0.18132049392347585,0.11988335699833048,0.9760895753967244,-0.8291439069651708,0.554031554851353,0.07462853188643415
550564,794,44.01356958407008,0.2925396346879645,23.57165538256645,174.197973543672,154.8619592541572,358.034049084274,25.79712945584896,-17.341824833688126,2.0683653655811916,0.10629576414986819,0.1539450378479883,-0.08050565835039941,329.0599327978292,327.0939818821032,31.137856016632917,-0.362020318902292,0.16987590084251028,0.9165606728497728,0.2509128753418166,-0.15040667156436152,0.9562533984967752,0.8612887692958953,-0.506505074762553,0.04042604512616327,44.01356958407004,0.2925396346879643,22.528802480774715,171.16983880390134,140.06617726440047,-1.9659509157280486,19.289092763944186,-24.324387274469917,2.6007683624748443,0.14999503044435739,0.11464382577611593,-0.07640228552907341,311.2360160683018,309.27006515257375,31.137856016632895,-0.2937925191110797,0.2459434996132984,0.9236870415418468,0.19283109762069475,-0.21999001262276816,0.9562533984967753,0.6666818623244696,-0.7430181904629413,0.05881550041233422,43.61411329048062,0.2861592840755052,23.61787301826892,173.8655383654436,154.8356582727309,358.1871748554056,25.78814452062927,-17.34221583889624,2.0685778585554018,0.10631881909442487,0.1533295008127766,-0.08044975731727708,328.7011966381745,326.88837149358005,31.133529855688707,-0.3626113571855669,0.17035638971496578,0.916237798894656,0.24451443196357647,-0.14866011039998334,0.9581820621037498,0.8582757919895745,-0.5113997834539199,0.04281268933333337,43.61411329048063,0.2861592840755054,22.574400262910185,170.84448929623142,140.03240714432278,-1.812825144595172,19.280406900295223,-24.322045874684413,2.6007415491405688,0.1498295911714111,0.11405008002143426,-0.07635092286311496,310.8768964405542,309.064071295959,31.13352985568871,-0.2942108018030077,0.2465887342049711,0.9233818279918776,0.18727293016430657,-0.2163700198509039,0.9581820621037498,0.6622669626004161,-0.7467740863274223,0.061081373902874776
559179,833,43.37108440221063,0.1155750600930839,9.915960630140567,42.92500643885914,78.90894390234342,51.51710195523916,-39.93853531988727,-3.4168941637104897,6.7365464601613745,-0.003001147559880471,-0.1616001557853442,-0.004919596838444213,121.83395034120257,173.35105229644174,38.35846871612292,0.03312658001157173,0.16898721531479285,0.985061394409957,-0.06096114062053998,0.09819029407106745,0.9932987493621845,-0.5174755261115098,0.8476231779503434,0.11727756851579287,43.371084402210606,0.11557506009308371,8.564085795278157,48.017759283707704,56.29946704682554,51.51710195523926,-39.27566579315236,8.807227497122879,5.656646334385684,-0.051521419766049896,-0.15314421091167593,-0.006341422482938716,104.31722633053325,155.8343282857725,38.35846871612291,0.08262611033488096,0.12389012939021825,0.9888499187089025,-0.02858059615194611,0.11198546351700864,0.9932987493621845,-0.24039478526960018,0.9643425684018747,0.11069669364194368,43.63774936652005,0.118135696676893,9.910803998828305,45.30054408930297,78.97619911363242,49.13349888549882,-39.94752025510737,-3.417285168919193,6.736758953135899,-0.002904836879763298,-0.16200420015439249,-0.004914357003770105,124.27674320293539,173.41024208843422,38.482573443694555,0.0329112432465492,0.1689389631768824,0.985076888769951,-0.06653292368386744,0.09761871180983459,0.9929974608077632,-0.5527789737990012,0.8242986459143251,0.12234029781528663,43.63774936652,0.1181356966768925,8.557922415080236,50.38597572359723,56.373868274581774,49.133498885499094,-39.284351656801896,8.809568896907944,5.656619521051706,-0.05155179359609955,-0.1535584730076358,-0.006337017777419391,106.75984399817901,155.8933428836781,38.482573443694534,0.08240625747455635,0.12390874551140692,0.98886593202255,-0.034065702157893694,0.11311750866167636,0.9929974608077632,-0.2812188100622443,0.9527720185799908,0.11463621364204686
612240,965,44.16122705247751,0.1637700551665993,3.647299120538854,10.83017894672962,7.711269155959042,3.476879350614921,33.90042979858753,14.68015693679425,0.6373461139606629,-0.06858735925405367,0.16328753361878956,0.010901032986252798,18.541448102688662,22.018327453303584,36.92894046186855,0.06303911850656922,0.008535848992001665,0.9979745531925653,0.15526938490853281,0.052077337483754434,0.9864985398016204,0.9481449335188983,0.31761345906616734,0.011953060799139409,44.16122705247745,0.16377005516659848,4.214977640237117,32.50185151167322,328.50675316003117,3.47687935061406,36.71974873185267,3.753827191540898,1.649603822892805,-0.01635209506073631,0.17637797318048382,0.01045449993010179,1.0086046717044042,4.485484022318464,36.928940461868535,0.06267264159601416,-0.03839568403002441,0.9972952980152088,0.16374468110612223,0.0028827727494630086,0.9864985398016205,0.9990858570561277,0.0163633240759129,0.039492934249171295,43.70893628195743,0.1552893723010998,3.658294887229177,10.79087918029611,7.755787902855293,3.542693988098517,33.891444863367454,14.679765931585525,0.637558606935186,-0.0684470897272964,0.16266573482019256,0.010895669118986423,18.546667083151405,22.08936107124992,36.92140300278349,0.06322223759033127,0.008610673875441108,0.9979623264279481,0.14722440288880004,0.049393970722203154,0.9878690251497566,0.9481163821201722,0.31769894180692015,0.011946059187811199,43.70893628195739,0.15528937230109907,4.2241514718815685,32.41626682159793,328.59771294269024,3.5426939880984545,36.71106286820315,3.7561685913259364,1.649577009558827,-0.016406040963500765,0.17574285040693946,0.010447647248459114,1.0139797642881376,4.556673752386592,36.92140300278349,0.06286980887190524,-0.03837933991139805,0.9972835170604072,0.15526505509279118,0.002748056895677306,0.9878690251497567,0.9990846552342973,0.016453438084944316,0.03948589685635
612793,1005,44.17847551609727,0.1403502067514324,2.817310524221939,184.4103266891213,198.1713611005445,355.3404904811972,36.46982033153472,10.695046918860315,0.05963467393299843,-0.050879752726390656,0.1653088530592063,-0.008510155828425165,22.581687789665807,17.922178270863014,37.97801734344993,-0.04670024980000052,-0.015328399019283775,0.9987913329880888,0.12958997660233873,0.05389451270189868,0.9901019237759465,0.9233619797761662,0.38391192771775107,-0.0037796904475329803,44.17847551609722,0.14035020675143173,3.2432964973142506,155.27124558271788,209.6892492273363,-4.659509518803887,37.98074146810776,-0.8212658066881673,1.1064266414481492,0.0016670105606775656,0.1729558104373587,-0.008467443605954875,4.960494810054172,0.30098529125028506,37.97801734344991,-0.04914893549725058,-0.0280218366709716,0.99839829667777,0.1398245327423511,0.012135921001424414,0.9901019237759465,0.9959226921897275,0.08705092101740491,0.023667030476736083,43.73235176212754,0.1318461350660703,2.825097774774248,184.9083879818977,198.1764768552947,354.8728799192589,36.46083539631463,10.69465591365159,0.05984716690752856,-0.050751351638739825,0.16468569948086226,-0.00850250943865486,23.084864837192413,17.95774475645129,37.96641020494118,-0.04682785560502782,-0.01537491470056119,0.9987846434228878,0.12128856956307575,0.05169609487382375,0.9912701935739516,0.9199575433096505,0.3919953240719671,-0.004217157026493321,43.73235176212756,0.1318461350660708,3.250222921851971,155.83731055203953,209.62625399012433,-5.127120080742622,37.97205560445822,-0.8189244069031272,1.1063998281141778,0.0016009874380197443,0.1723229813521266,-0.00846161394488336,5.4635645421638515,0.3364444614212294,37.96641020494117,-0.049284631324353685,-0.02802744608433052,0.9983914499740132,0.13124715111356317,0.012553432057971254,0.9912701935739515,0.9951314606705755,0.09578509123294832,0.023207591024125132
J99H12G,1089,43.47761557474182,0.1559091430900823,1.021694924881237,269.6436813644145,30.68640157565609,311.732274635587,-21.63438715772233,-33.228630692398916,-0.312713926256854,0.14932353006820054,-0.0716577487345879,-0.0024580253722692492,300.33008294007055,252.06235757565753,36.699057786883806,0.015334182045384481,0.009099849292532464,0.999841015163837,0.07873113580007404,-0.13456994149777304,0.98777140022422,0.5048997423705948,-0.8629938111332794,-0.017830650570428357,43.47761557474181,0.15590914309008252,1.6746744685392716,336.30208110353146,306.45934065846257,-48.267725364413096,-30.641045832007524,-25.14106849657128,-1.1573160991089195,0.12072345523861143,-0.11341730460059911,0.0008682435457587402,282.76142176199403,234.49369639758095,36.69905778688379,0.017366676637621488,-0.02350458198908417,0.999572875366315,0.034439061004972314,-0.15205792309570595,0.9877714002242199,0.22102993114370784,-0.9751962918378239,-0.011745719406044807,43.6135101927998,0.1555407782368144,1.018256721237297,268.2674670595705,30.60339592540655,312.9150071419528,-21.64337209294247,-33.22902169760759,-0.3125014332823264,0.14931774585717555,-0.07212207657444278,-0.002454435394169858,298.87086298497707,251.78587012692992,36.82983087577249,0.015295707709388488,0.009047080020939164,0.9998420833655501,0.07510086059975281,-0.13620864301390853,0.9878294722802545,0.4827567574022789,-0.8755743221029555,-0.01776287297671895,43.61351019279978,0.15554077823681434,1.6746703364320674,334.97087211247884,306.3312881524494,-47.084992858047315,-30.6497316956571,-25.138727096786173,-1.157342912442894,0.1205776350998137,-0.1138581934666819,0.0008678160068917229,281.30216026492826,234.21716740688095,36.829830875772466,0.017314059319919948,-0.023543278623087336,0.9995728774739449,0.03048336652999282,-0.15252441791238533,0.9878294722802545,0.19612869501786606,-0.9805002097746272,-0.012364207313904288
J99K18R,1093,43.84060871789461,0.2028432633994114,0.6037962852956017,212.1305403221616,283.8589254263449,197.7948925867923,44.50547262144461,-27.727316271559946,0.3853791944624017,0.05981216350040649,0.10840882838168973,0.000885648320028901,135.98946574850652,333.7843583352988,34.94783657614018,0.0025241982703861367,-0.010231259496758925,0.9999444733344955,-0.14588732337903715,0.14093359565349642,0.9792112185292186,-0.7191833979769973,0.694797688471088,-0.0056046560548185225,43.84060871789459,0.2028432633994115,2.1815764197928336,209.43665482502092,268.9698994849807,-162.2051074132079,34.02702433424529,-39.87605917244057,1.3233283181019533,0.08970725541435914,0.08527650944864248,0.0033583640236439652,118.40655431000164,316.20144689679375,34.94783657614016,-0.0006843471006414971,-0.03806034000195957,0.9992752084325824,-0.09649757755144421,0.1784197495604846,0.9792112185292186,-0.4753686835031755,0.8795877546468505,-0.018708196593199448,43.60089790458271,0.2084141322713154,0.604798388383337,213.0734447379063,283.9071593270417,196.5070196491224,44.49648768486194,-27.72770727922272,0.38559168741673827,0.05986637386438009,0.10782381177004664,0.0008869972167902544,136.980604064948,333.4876237140704,34.51385460154889,0.0025370139379569125,-0.010246107259802724,0.9999442888712847,-0.15237632136893775,0.14218968744770327,0.9780406686174121,-0.7310932765129917,0.6822532081546935,-0.0057602951423125605,43.60089790458268,0.20841413227131544,2.1826011793913067,210.4156818600322,268.9820168704022,-163.4929803554081,34.01833846855684,-39.873717774583326,1.3233015046915875,0.08958222374143802,0.08470244699183906,0.0033562674935717998,119.3976987304344,315.9047183750263,34.513854601548864,-0.000676615295943316,-0.03807835352107144,0.9992745274372131,-0.10230398691436239,0.1815773796259637,0.9780406686174121,-0.49050153425981713,0.8712270021700373,-0.019280964150555645
K00O67P,1134,44.02919533528592,0.1892767893200643,0.7532102553641444,80.23554811621513,182.5084025602551,70.73289626128687,42.637762403550425,-3.6204791542346335,0.07208484896346866,0.041805439811817266,0.1492476840220297,-0.0019361888465711454,262.7439506764702,333.47684693775705,35.69549060587705,-0.013133024326594123,-0.0005753298979545982,0.9999135926006535,-0.023906359747063097,-0.18776098886338455,0.9819237735306585,-0.12630743183634408,-0.9919065459387539,0.012955183779390731,44.02919533528588,0.18927678932006398,1.5623722567768439,2.89737154397881,242.25418767736608,70.73289626129366,39.53522103113865,-16.331213797248772,1.1617238229798934,0.08495777737042047,0.12964693289383727,0.0004045572241416985,245.15155922134488,315.88445548263854,35.695490605877026,-0.01269329114548828,-0.024130258032695102,0.9996282363994984,-0.07953778147193002,-0.17175402264236897,0.9819237735306585,-0.42023604485062455,-0.9074137795078545,0.0013781754513042023,43.67034744435636,0.1897345102267784,0.755114670805029,77.79846948924065,182.5115015745824,73.03927204566,42.628777468330455,-3.6208701594429304,0.07229734193798809,0.041871719089724174,0.14863529536589,-0.0019329486269226734,260.30997106382307,333.34924310948304,35.38457546056816,-0.01316619670494382,-0.0005774966110459242,0.999913155109978,-0.03193570238763109,-0.18702752547153087,0.9818354320500989,-0.16832155668733834,-0.9856479744634414,0.012881148646999806,43.670347444356345,0.18973451022677834,1.562830638988823,0.5311674962764165,242.18638663061643,73.03927204566736,39.52653516748936,-16.328872397463357,1.1616970096459183,0.08483592900720921,0.12904313137792106,0.00040444046882769677,242.71755412689285,315.7568261725602,35.38457546056815,-0.012725568344926297,-0.024122293892354076,0.9996280182386194,-0.08696998887238318,-0.1686280089621324,0.9818354320500989,-0.4583803308572694,-0.8887561017272316,0.0002528355092846885
K00QM6L,1149,44.09876004270864,0.1937221438911765,2.489139637364602,213.9023944773211,167.4825319466367,358.466915837929,33.60488060489817,11.6021877506647,-0.8089886813888478,-0.06102825668094296,0.1726143052889694,-0.0067503631050642296,21.384926423957836,19.851842261886816,35.55585370429257,-0.042397685281739934,0.009412902742295838,0.9990564716494832,0.18038471847311935,0.0706372591142038,0.9810564361779633,0.9310377120052031,0.3641180549238856,-0.02422438652603801,44.098760042708605,0.1937221438911757,2.178412013065951,175.06952267311547,188.70336240187623,-1.5330841620669817,35.54853054301204,0.9089279668323815,0.17044043358319305,-0.0058462341360093735,0.1829856041936781,-0.006914051652998306,3.7728850749916774,2.2398009129246956,35.55585370429258,-0.03757360280829711,-0.005751825832175549,0.9992773092948727,0.19330229382710823,0.012747244210875426,0.9810564361779636,0.9978233214600788,0.06586308651437166,0.0032669535008309127,43.62428109973333,0.1851676468619684,2.494097713768762,214.0585858172832,167.5574088974771,358.2835212508475,33.59589566967805,11.601796745456033,-0.8087761884143247,-0.06089305360675518,0.171986255265993,-0.006743896208002006,21.61599471476029,19.899515965607804,35.546475622450664,-0.04249437269277109,0.009376114596508694,0.9990527097028069,0.17214548838802995,0.06821281603954851,0.982706946426859,0.9295593771679244,0.36786603505763393,-0.024370978030358065,43.624281099733295,0.18516764686196807,2.1843158341370055,175.31544928879526,188.68842246157797,-1.7164787491516071,35.539844679362496,0.9112693666174856,0.17041362024921436,-0.005907221542121781,0.182346052686855,-0.0069092631454995895,4.003871750373264,2.2873930012216572,35.54647562245065,-0.037676886174903834,-0.005757582498994875,0.9992733872629305,0.18471571451956503,0.012929124252054476,0.982706946426859,0.9975503698919161,0.06988254507737467,0.0031127836433056965
K02PF0G,1234,44.06867388348778,0.143926128774535,5.537208322633802,274.5662290133408,76.86063479141635,21.55039688024916,35.81481621592075,13.279739752330443,-3.0885000257495707,-0.048960477671841515,0.16441439110028633,0.008245465007631205,351.4268638047571,12.977260685006229,37.72604025120993,0.0219346367520792,0.09396598731535771,0.99533374550369,0.14231795344775652,-0.021455317999653035,0.9895884343786441,0.9842967148109723,-0.1480143687218582,-0.09618588183406813,44.068673883487776,0.14392612877453503,4.256919486122591,285.49620011100086,48.38727462169886,21.550396880249377,38.223783936114586,1.840541042437545,-2.0362050867219095,0.0027642176737781897,0.17152336639265625,0.008324779270794166,333.8834747326997,355.4338716129491,37.72604025120992,0.04929485644993422,0.055497301653205766,0.9972412279066653,0.12923136472437904,-0.0633560172004093,0.9895884343786441,0.8959130325524258,-0.4384326811286739,-0.07153056843782474,43.6294120505134,0.1361312532971021,5.542087224367129,273.2111329686551,76.80153698456854,23.01123616343165,35.80583128070064,13.27934874712179,-3.088287532775044,-0.0488333629691735,0.16379183703081854,0.008241881022179907,350.0126699532236,13.023906116655269,37.690085507461326,0.022050898118654693,0.09402582922249754,0.9953255253087717,0.1340683377328291,-0.02360929778277704,0.9906908104326799,0.9803022751262456,-0.17236477800664818,-0.09642526995049372,43.62941205051338,0.13613125329710174,4.262791760423088,284.1450620428459,48.32432093215427,23.011236163431654,38.21509807246504,1.8428824422226633,-2.036231900055884,0.002697459153267787,0.1708914973962363,0.008319354024300273,332.46938297500014,355.4806191384318,37.69008550746132,0.049423763350239215,0.0555194462713862,0.9972336149077698,0.12071628965014368,-0.06292293331800645,0.99069081043268,0.8847603422554042,-0.46043890157362144,-0.07207742149783893
K03Q91X,1289,44.07559960480085,0.2556657313534483,27.61247618706536,333.3730498583506,351.8560075475781,34.37551846219041,33.28801447807835,11.155935175930281,8.24300446424212,-0.03690592712762182,0.15848209793699386,0.07932573275782331,325.22905740592864,359.60457586811907,32.80697919699769,0.458814792391669,-0.06565847379389576,0.886102675259276,0.21001368494458642,-0.14580541253495902,0.9667652423476479,0.8286698494999708,-0.5197653851983467,-0.20772632206658387,44.07559960480085,0.25566573135344806,28.330654519121346,336.3709610047294,331.62575493810255,34.37551846219701,34.86244758388811,0.5792405222373915,9.206961986338385,0.010501668923337018,0.16222681066333505,0.07964528581813804,307.996715942832,342.372234405029,32.806979196997695,0.41754675446515394,-0.22552418384144754,0.8802235797445246,0.15739199346989746,-0.201476367299158,0.966765242347648,0.6384310875936648,-0.7458056153719812,-0.19020970131302617,43.64193729669422,0.250388787079066,27.67779299904867,331.9967132929355,351.9319481874136,35.69767640113236,33.27902954285827,11.155544170721447,8.243216957216584,-0.03678689193015701,0.15786351995882128,0.07927450756077527,323.9286614803491,359.62633788148145,32.71448555119431,0.45990126844628615,-0.06519202824641088,0.8855737251830681,0.20238538075975604,-0.14742693902287465,0.9681453688909917,0.8158248750817232,-0.5355981924409062,-0.21809252497947895,43.641937296694216,0.25038878707906576,28.394040541770742,334.9903913592389,331.7070133287381,35.697676401138956,34.85376172023855,0.5815819220223268,9.206935173004345,0.010429724412905409,0.1616011726392038,0.07959205834113554,306.69740468797704,342.395081089116,32.71448555119431,0.41872337661481296,-0.22539319950776054,0.8796980388132876,0.14962954195003078,-0.20076240900813505,0.9681453688909917,0.6216955157297044,-0.7570186055814182,-0.20104108168516704
K04O15Q,1369,43.96416899651366,0.1316091378142625,9.721279858451176,238.3368208306354,110.761300651193,335.1426325522006,28.119688204038134,-26.690363365693447,-2.8836950650007562,0.10592048504670122,0.12985337079752102,-0.02485313876468693,349.0981214818284,324.240754034029,38.178082620161966,-0.05985511936112455,0.15789088525979142,0.9856408235448372,0.12923392353462057,-0.024890925335579264,0.9913016870982246,0.9705243374408971,-0.1934599636463995,-0.1437210941401492,43.964168996513656,0.13160913781426264,8.145472734290372,237.71900449932093,93.78930930126141,-24.85736744779934,18.815836457097845,-33.93778691085252,-2.366215655069674,0.14082942168182225,0.09179099636005361,-0.0209812426337394,331.50831380058236,306.650946352783,38.17808262016196,-0.009363765633766216,0.14137716514254905,0.9899115198185201,0.11566947353230193,-0.06278166968927856,0.9913016870982246,0.8703757921873685,-0.47759491112269986,-0.11978765063190418,43.65791474961461,0.1252653492899592,9.726408918893767,238.640250742343,110.764169713844,334.5602482282866,28.11070326881807,-26.69075437090211,-2.883482572026244,0.10594379152029602,0.12925398108763395,-0.024834538568285935,349.404420456187,323.9646686844735,38.18909080923288,-0.059894306136247154,0.15797038979611386,0.9856257038247944,0.12312951725575647,-0.023033230626637046,0.9921232747331676,0.9714723436914682,-0.1882270813241933,-0.14426382532978038,43.6579147496146,0.12526534928995936,8.150606722319516,238.0222642618119,93.79233786691822,-25.439751771713617,18.807150593448345,-33.93544551106743,-2.366242468403662,0.14067012561458475,0.09121256760565982,-0.020967025658350763,331.81460212873014,306.3748503570165,38.18909080923286,-0.009377105286213262,0.1414651762132992,0.9898988199888873,0.11041186712844517,-0.05916609949917345,0.9921232747331676,0.8728742515844745,-0.47289286043251544,-0.12026172904460226
K04S60C,1385,44.14427004565918,0.2719577224340962,0.9820902482655416,47.94763183694803,358.8514586513627,351.5747057366132,27.586382657163963,16.955160764318922,0.30007250276032205,-0.11291296756735308,0.16233722037756426,0.002743490329862614,46.799090488310696,38.37379622492392,32.13889490552601,0.01713642547558425,-0.0003435598592132477,0.9998531016547095,0.18617101879755416,0.198245692390583,0.9623092004176511,0.6845564910816273,0.7288487059026177,0.012726917226456967,44.14427004565914,0.2719577224340959,2.110057532349874,93.07074735968565,296.15878702804457,-8.425294263386967,31.39921195227464,7.829877035112689,1.165565334692817,-0.058653151691843194,0.18886178404061602,0.0011280202034500936,29.22953438773021,20.804240124343245,32.138894905526,0.016232092938849835,-0.03304795446336145,0.999321946053729,0.23732947703659302,0.1327995561780159,0.9623092004176512,0.8720627522736693,0.48801106358391194,0.03676626057368651,43.65357432828649,0.2642777072147373,0.9849404011397693,48.49622076271252,358.9308129783121,351.0626010714619,27.57739772194382,16.954769759110242,0.30028499573484757,-0.11274298901231514,0.1617160585219001,0.002743594016786781,47.427033741024616,38.48963481248654,32.116907793078816,0.017186613431808148,-0.00032075377020370806,0.9998522478025264,0.17879142285715263,0.19461843089335926,0.9644466255160632,0.6765265185253498,0.7363057399353589,0.012873502639654463,43.65357432828646,0.2642777072147374,2.111103384637549,93.61779732438508,296.2397235317094,-8.93739892853817,31.390526088625062,7.83221843489779,1.16553852135884,-0.05867874551246874,0.18821829405218152,0.0011274185505130354,29.85752085609448,20.92012192755631,32.116907793078795,0.016286825483028976,-0.03304135337244296,0.9993212738068787,0.22919909378836092,0.13156930469251793,0.9644466255160632,0.8666585182641394,0.4975453990391091,0.03676395810056289
K04V75U,1391,44.00793572475914,0.1340383842208493,3.33571045686139,250.733729148656,53.09983715431099,84.26365909707718,32.08148277159808,30.412146118588453,-0.43101044739706657,-0.08748940316131494,0.12163110826637956,0.008334395414877438,303.83356630296703,28.09722540004418,38.109183127317436,0.034936331964007146,0.04653055000553054,0.9983057450626454,0.07463020602477323,-0.11134011313644297,0.9909761407599398,0.555503358073068,-0.8296981280677944,-0.054927547281328974,44.00793572475914,0.13403838422084935,2.738377923776969,278.7266836407493,7.561920536138377,84.26365909707708,39.766329649740946,19.300336687548185,0.6648069673972107,-0.04687220885661549,0.14237744882412673,0.007045737278480291,286.28860417688765,10.55226327396474,38.109183127317436,0.0473600244954432,0.006287142854564194,0.9988580979871552,0.03759452348041432,-0.1286582303967244,0.9909761407599398,0.2803272713416156,-0.9587422294008079,-0.04722243646544433,43.66614062220332,0.1331702551523629,3.345021416196097,247.5353937079747,53.07707077541037,87.67711618409538,32.07249783637801,30.41175511337974,-0.43079795442254365,-0.08733646462947509,0.12103722948887137,0.00833075182424338,300.61246448338505,28.289580667480436,37.85110953402555,0.035052276602779806,0.04664635893167198,0.9982962762143209,0.06781410990722245,-0.11461048536166571,0.9910931758127762,0.5079699794286001,-0.8596854383745938,-0.05392074782483958,43.66614062220333,0.13317025515236292,2.747224670719483,275.43899247352596,7.62862497941656,87.67711618409535,39.757643786091435,19.302678087333234,0.664780154063233,-0.04690569879817818,0.14176511474041906,0.00704116930380213,283.0676174529425,10.744733637037825,37.851109534025554,0.0475055357909831,0.006362749706210924,0.9988507093081467,0.030109900895453536,-0.12972166636846524,0.9910931758127762,0.22594891427389513,-0.9729699209222308,-0.0477139509895798
K04VD1F,1401,43.92869011715995,0.2150289665529745,0.8155485202925512,65.4223709880405,246.4624767668289,88.47147322925285,19.70352068350241,41.19364752869416,0.022968084755996376,-0.11462416134787687,0.08883629827886763,-0.002000924416609166,311.8848477548694,40.35632098412225,34.48274927924118,-0.005684152579449836,-0.013049278859128583,0.9998986982343313,0.1435610133241915,-0.16008651382977748,0.9766076712493916,0.667551235169549,-0.7444513433536983,0.012943948488918638,43.92869011715996,0.21502896655297443,2.2576975344118333,38.04071342463816,256.25437306758096,88.47147322928654,31.214195477349087,33.31725844300056,0.8832565428923014,-0.08234755741346171,0.11931146788062705,-0.00427122644257583,294.2950864922191,22.7665597215057,34.48274927924119,-0.009360491511097633,-0.038265821496018815,0.9992237527720733,0.08847070045471649,-0.19598569238057156,0.9766076712493916,0.41097155749179126,-0.9113249042564417,0.024275457045304077,43.6514996987942,0.2141345440550233,0.8165424585011892,63.74976059206042,246.4888783233816,90.42031706725146,19.694535748285716,41.19325652348271,0.023180577730582436,-0.11445303587333501,0.08826440006688424,-0.0019976408082525796,310.23863891544204,40.6589559826935,34.304205713474914,-0.005685058628834259,-0.013067802435556069,0.9998984511678634,0.138325053922177,-0.1634618683824443,0.9768041753813029,0.645889111559997,-0.7633242408649665,0.012781192282420206,43.65149969879419,0.2141345440550233,2.2587530818238286,36.39762022428708,256.2512523271222,90.4203170672796,31.20550961370196,33.31959984278199,0.8832297295584525,-0.08235727017126808,0.11871459366101865,-0.004268209276112105,292.6488725514093,23.06918961868888,34.30420571347491,-0.009366950772108331,-0.03828319261693508,0.9992230268545094,0.08245950175292392,-0.19762093393239558,0.9768041753813029,0.384634834639002,-0.9227725084051812,0.02338678502567846
K05NC5V,1437,44.12470356597601,0.2260281138049653,13.33615707119244,328.7614563592603,301.9975336478087,41.34751342112456,33.40826236424575,-17.34114346615767,4.538160998381699,0.10076336202312738,0.1361606700075704,0.03736095895141106,270.7589900070691,312.10650342819366,34.151280046755225,0.12222478420848744,-0.19561927956777392,0.9730335038355944,0.002994078514154934,-0.2260082824236347,0.9741207788409862,0.025106663089534742,-0.9925019108689372,-0.11962279210090626,44.12470356597602,0.22602811380496546,14.870257749235046,330.29287245384654,282.92976741683304,41.347513421128944,26.47407004778064,-26.622882870010258,5.269523598418859,0.136105648344429,0.0993614877878139,0.04112628928335336,253.2226398706796,294.57015329180854,34.151280046755225,0.05742288279598872,-0.2501242500073435,0.9665094267981363,-0.06524380589743543,-0.2164069176857528,0.9741207788409862,-0.2724774962803042,-0.9537199857736924,-0.12717783909410038,43.79411157447615,0.2239272201288564,13.35051923869285,327.0189379195014,302.0198724186076,42.83785046912543,33.39927742902595,-17.341534471365975,4.538373491356351,0.1007901250339139,0.13555705286036887,0.03733786044453705,269.038810338109,311.87666080723443,33.987417911590725,0.12243036313135708,-0.19577840537865487,0.9729756534317368,-0.003756409900464748,-0.22389571076574247,0.9746058691006138,-0.004302187899389243,-0.9920593069778012,-0.12569734531008686,43.79411157447615,0.22392722012885635,14.88447696349017,328.5512448907464,282.9513352734785,42.83785046913046,26.465384184131494,-26.6205414702249,5.269496785085021,0.13594951836381627,0.09877798494752649,0.04109887898068719,251.5025801642248,294.34043063335525,33.98741791159073,0.05757078963970174,-0.2503363676907765,0.9664457083518192,-0.07104358670206917,-0.21235867936852232,0.9746058691006138,-0.3002008280162447,-0.9444143330750364,-0.13401876861393436
K12DA6Q,1712,43.5259231211027,0.1625497500293057,1.125118344366101,250.6530640824361,273.6502669609333,24.17213018764794,-35.52749941760803,-11.392496516348205,-0.7105732165445087,0.04013945941209693,-0.17032245273475982,0.0005737547954478288,164.30333104336944,188.4754612310174,36.45079519797268,0.0012501318693722964,-0.01959592165004248,0.9998071999265631,-0.15648785971820806,0.043976937085297346,0.9867003490246724,-0.9625259333035989,0.2705560585249052,-0.018526924016248492,43.52592312110271,0.16254975002930583,2.684421855830334,242.51080996775357,264.2064169831743,24.172130187647927,-37.27545314432617,-0.12825459107438597,-1.738174238742392,-0.013196938225622708,-0.1744908018064588,0.00021025806377783453,146.71722695092785,170.88935713857578,36.45079519797268,-0.0047277390576648095,-0.046595629393742365,0.9989026458092919,-0.13588710410493862,0.08920266908878557,0.9867003490246723,-0.8350039084181848,0.548673227622692,-0.04154710840062218,43.81900964036898,0.1674384412256493,1.12458652509913,251.5511380034448,273.6332780244675,23.26854434124153,-35.53648435282814,-11.392887521556835,-0.7103607235699836,0.04020685530544913,-0.1707206510257372,0.0005753127373006345,165.18441602791222,188.45296036915374,36.4820229701339,0.001243733282954127,-0.019587029912667166,0.9998073821425411,-0.16187176166727743,0.04281546887291264,0.9858825327593165,-0.9665715224362923,0.2557202952529052,-0.018617803601799376,43.81900964036899,0.16743844122564977,2.6838481361859077,243.39733258435623,264.2009766563447,23.268544341241473,-37.2841390079757,-0.12591319128924638,-1.7382010520763678,-0.01325299885725914,-0.17489075645133725,0.00021027153655253455,147.59830924070093,170.8668535819424,36.48202297013388,-0.004731152739748104,-0.04658522915375358,0.9989031147305756,-0.14137030415082347,0.08972217509835037,0.9858825327593165,-0.8433363706226872,0.5357526147678044,-0.04186766956034452
K12Y09O,1760,43.94163718683111,0.1687866902603955,15.3927785778958,0.6800130550831456,118.5001850768666,310.5146261704872,22.95428281392616,31.26742896712979,-9.66124328030043,-0.14184826032481018,0.08121094464230891,0.023651278600388702,119.18019813194975,69.69482430243693,36.52487368144277,-0.1266551996553376,0.23326806238898704,0.9641288666301586,-0.08229329122790648,0.14736607828105375,0.9856526026906951,-0.4871838072587633,0.8732937730280775,0.003150227807744146,43.94163718683108,0.1687866902603956,13.845802006255965,359.4306142766407,102.12687568796856,-49.48537382951296,31.581378118416357,22.872777356414883,-8.79451235617132,-0.11129928165988907,0.12026610607477733,0.020592792377615198,101.55748996460926,52.0721161350963,36.52487368144274,-0.050273509217240275,0.23396945895167223,0.9709432869889187,-0.033816595637174374,0.16536439964082525,0.9856526026906951,-0.2006333870483597,0.9796635077719043,-0.0023781382531408,43.64820887576526,0.1676385007034714,15.38918411573805,2.895504158869795,118.5554085526837,308.4967011264579,22.945297878706103,31.267037961921087,-9.661030787325913,-0.14165888802733806,0.08064415728734242,0.023637368941604568,121.4509127115535,69.94761383801136,36.33108858144002,-0.12685105939162233,0.23309275217432104,0.9641455168256624,-0.0874683862157001,0.1430103084778468,0.9858485345538087,-0.5201770324115094,0.8539532504464478,0.013405260292213199,43.64820887576525,0.16763850070347153,13.842528815868773,1.6395708922750727,102.18844166717236,-51.50329887354239,31.572692254766853,22.875118756199935,-8.794539169505303,-0.11128958966214374,0.11966859201344658,0.020579144553649408,103.82801255944743,52.32471368590504,36.33108858144001,-0.05051317621590772,0.23386108549527992,0.9709569566770455,-0.04006698094166073,0.16277992491805743,0.9858485345538087,-0.23819597948676124,0.9711929848864139,0.006845543350255214
K13RA9E,1886,44.02344386094753,0.1516365333715773,5.416114028145874,168.4920536283966,112.8288218336485,81.57331394614964,41.136322791317845,15.208281114687294,-4.154125861608138,-0.0303519755476258,0.14749519986393084,-0.0027732990609330406,281.32087546204514,2.8941894081947908,37.347881446795206,-0.03662070516770357,0.08699468912968,0.9955354579402235,0.029766769159407947,-0.14868617187472408,0.9884363215438061,0.197124337393987,-0.9801976308303074,0.01883082902142077,44.023443860947474,0.15163653337157723,3.8467270221574377,166.34006048086067,97.39161979612354,81.57331394615007,43.906467780874635,2.0714854036875607,-2.9456177888956088,0.01569128120502409,0.1497733849041177,-0.002341892126851634,263.7316802769842,345.30499422313426,37.34788144679516,-0.008630860023501236,0.06653012680460318,0.9977470874337936,-0.01655639067031344,-0.15072997107715974,0.9884363215438061,-0.10865708452999046,-0.9939530304744817,0.01584333273135993,43.64739827373581,0.1518974137870328,5.417016133152402,165.3194026688921,112.862509395096,84.7537736295278,41.12733785609776,15.207890109478605,-4.153913368633616,-0.03023733310505535,0.146883985801968,-0.002769497772142388,278.1819120639881,2.935685693515893,37.01747135742274,-0.036677937967960594,0.08698758564039848,0.9955339717010528,0.021617502235800643,-0.15035128171144474,0.988396264503671,0.14335937082625982,-0.9893814699278247,0.023924835626515182,43.64739827373576,0.1518974137870328,3.8477482632257303,163.1541982347231,97.43847380563427,84.75377362952827,43.89778191722511,2.0738268034726346,-2.9456446022295877,0.015615858381627717,0.1491560937294072,-0.0023401680875426664,260.5926720403574,345.34644566988567,37.0174713574227,-0.008687564914459494,0.0665406808079161,0.9977458915041826,-0.02482795742721426,-0.14985458566617674,0.988396264503671,-0.1628044040384775,-0.9864666960222793,0.019446944864530108
K13RF6V,1949,44.06739453070562,0.0904520828798842,5.712344044903746,299.299317526207,79.00330693961568,8.307880341708776,35.185330059879476,19.05270583967605,-3.0914454423017506,-0.07549729535618649,0.14607958288441092,0.010200752545085224,18.302624465822703,26.610504807531477,40.08140690831368,0.01898636737393433,0.09770650016793526,0.9950341490013673,0.0858762109654191,0.028405205289387916,0.9959008086665512,0.9451600165707019,0.3148620157389367,-0.08680123340646809,44.0673945307056,0.09045208287988393,4.391203864210404,309.2108925575431,51.54701830808593,8.307880341709444,39.367230013582066,7.5339682976902385,-2.007637643035767,-0.028113577259341414,0.16206124497476698,0.00942980090884216,0.7579108656290146,9.065791207338458,40.081406908313674,0.04761424083297437,0.05996023697921874,0.9970645184998288,0.09044416929536117,0.0011964688802641704,0.9959008086665512,0.9981313209114613,0.014642091676531799,-0.05932516638727139,43.66348932327098,0.08218772623817255,5.717697849733659,299.0654074417442,78.95258765826549,8.698519461816428,35.176345124659484,19.05231483446707,-3.091232949327242,-0.07535239447760063,0.14546931763300047,0.010195858037455844,18.01799510000967,26.7165145618261,40.07488641616661,0.01909066790107971,0.09778090891333856,0.9950248440371587,0.0781571920854154,0.025421952512037282,0.9966168660301707,0.9466913864878272,0.3101489675983481,-0.0870806330215508,43.663489323270944,0.08218772623817217,4.397347202178261,308.97926557237713,51.49411250651522,8.698519461816712,39.35854414993254,7.536309697475003,-2.00766445636976,-0.02815964008456661,0.1614357179202518,0.009423635026847768,0.4733780788923241,9.171897540709036,40.0748864161666,0.047736145961474054,0.05999990425903912,0.997056303253558,0.08218492115643682,0.0006790277689452293,0.9966168660301707,0.998175133043811,0.00968662889898475,-0.05960346461023555
K13RF7Y,1974,44.02027198344181,0.1088862260611178,2.325210938382313,288.1327428702986,158.8146203231331,297.9032626737507,41.099670111823286,9.591575717895044,-0.966242320179773,-0.05103728161575536,0.14842869125287766,-0.004870681336660728,86.94736319343173,24.85062586718243,39.227070696980874,-0.03782946922557992,0.01466197988122472,0.9991766398410611,0.005798557459091117,0.10873172010607791,0.9940542187296261,0.05297058619705619,0.9978514450323287,-0.03855659016087185,44.020271983441766,0.10888622606111775,1.8168659479132778,245.48315937679757,183.8568554828686,-62.096737326249624,42.08768299631003,-3.2717561362489427,0.19334958275903036,-0.0036805362738830815,0.15691181386369496,-0.004973968354651228,69.34001485966621,7.243277533416588,39.22707069698084,-0.031633173741679205,-0.0021326037355368175,0.9994972707918396,0.03841739636959009,0.10188382541902638,0.9940542187296261,0.3528522186323304,0.9352342994536542,-0.028846437070714128,43.62785329702075,0.1064602289302106,2.330037503976974,292.354468887829,158.8983625435765,293.629668041481,41.0906851766032,9.591184712686285,-0.9660298272052481,-0.05090877494511505,0.14781685152274868,-0.004865474287369168,91.25283143140553,24.882499472886536,38.983222047286276,-0.037929384225171975,0.014636976700799602,0.9991732185789206,-0.0023276774304068757,0.10643477937992273,0.9943169613639944,-0.02213958213552164,0.999047574990527,-0.037600290004361735,43.627853297020756,0.10646022893021057,1.8227209253472645,249.812574404975,183.83282748107575,-66.37033195851895,42.07899713266049,-3.2694147364639345,0.19332276942505366,-0.0037429752286931286,0.15628973819090516,-0.004970480178761507,73.64540188605076,7.275069927531817,38.98322204728628,-0.03173597395347767,-0.0021261650287816088,0.9994940256847434,0.0299771985877172,0.10215257171851039,0.9943169613639944,0.28161294040135976,0.959063574680918,-0.029853165975481752
K13SA0P,2000,44.16295311351572,0.140832329507545,8.335879337704867,284.2025975727623,18.81365200276297,67.63304319855237,38.16383082282674,18.909962391233414,0.819382892834205,-0.04919083753814591,0.14620080183324413,0.022601777872460063,303.01624957552525,10.649292774077594,37.943381548606816,0.1372301224023276,0.04675343488307831,0.9894351973889326,0.0767362785151609,-0.11809017145455158,0.9900334615382848,0.541573950236161,-0.828821387310042,-0.1405445280438104,44.16295311351567,0.14083232950754476,8.44961645179459,295.0065516002006,350.54234955898494,67.63304319855271,42.054661688757314,6.49815792513998,1.9787427473980237,-0.003350625347705831,0.15423023574762607,0.02251801519661093,285.54890115918556,353.1819443577383,37.94338154860678,0.1449423513600387,-0.0241449121714999,0.9891454584632402,0.037751616206632775,-0.13567815044548906,0.9900334615382848,0.2696771307115084,-0.95369869864116,-0.1331654511551926,43.77580681945086,0.1386251727460437,8.36417174155866,280.9328930716516,18.84116005345957,70.95609243104005,38.15484588760661,18.909571386024755,0.8195953858087375,-0.04906356843787242,0.1455904553354088,0.02258857163655035,299.7740531251112,10.730145556151228,37.70737803700705,0.13767004271359978,0.04697709317869092,0.9893634883376868,0.06883861792567782,-0.12032532235964716,0.9903449204601039,0.4932082654358577,-0.8581065508764059,-0.14282420750261762,43.775806819450835,0.13862517274604358,8.476661345947957,291.70210446089783,350.6049907598733,70.95609243104019,42.04597582510775,6.500499324925093,1.9787159340640545,-0.0034132854237464406,0.15360995738982236,0.022503077001201854,282.3070952207711,353.2631876518113,37.70737803700703,0.1454292821397605,-0.02406264690283944,0.9890759894569998,0.02954814646383745,-0.1354394534817017,0.9903449204601039,0.21480821525837204,-0.9670056249390132,-0.13695821258260268
K13SA1B,2012,44.06720457414189,0.1234673407122766,2.064466330358741,286.7074490162494,111.4369902274452,349.9173827557387,35.04096282232348,16.450673689765402,-1.3924792850851757,-0.07607241072235225,0.15215914795603183,0.0005478811236066736,38.14443924369459,28.061821999433278,38.62634401274872,-0.013165949824240075,0.03353180465793341,0.9993509272731015,0.0971016562703846,0.07625911468217732,0.9923486362047558,0.7858775404676192,0.6174188376481031,-0.034503192690399184,44.067204574141904,0.12346734071227672,0.5007068532382161,274.47179719135556,106.088359043621,-10.082617244303515,38.39713802384959,5.0971035400941815,-0.33476260393134316,-0.02655988273319632,0.16803052388753864,-0.00018391525115740433,20.560156234976546,10.47753899067303,38.626344012748724,-0.002421711327230104,0.008396618194625354,0.9999618153295361,0.11560296272957173,0.04336057230603253,0.9923486362047558,0.9362674042890623,0.35118007350708075,-0.008712269358932255,43.64460436833076,0.1154948202711226,2.064569088442237,287.9408220618642,111.4527219960441,348.7586622552934,35.03197788710699,16.450282684549578,-1.3922667921106773,-0.07592712437539788,0.15154480790504285,0.0005494564071638983,39.39354405790829,28.152206313201702,38.60387863100615,-0.013175811699220566,0.033529856535323636,0.999350862663753,0.08925498478992344,0.07329802998450537,0.99330808236445,0.7722303009267328,0.6344175724241996,-0.03427398619934505,43.64460436833077,0.11549482027112312,0.5009275963834537,275.6600305891953,106.14922257350308,-11.241337744760017,38.38845216020133,5.099444939871367,-0.33478941726531053,-0.02660698691476191,0.16740099595220959,-0.0001836375855922387,21.809253162698383,10.567915417938366,38.60387863100613,-0.0024317009737205987,0.008397741476963927,0.9999617816539093,0.1072283754741905,0.042908379165671764,0.99330808236445,0.9283893082578004,0.3715072012315514,-0.008700100327150686
K13SA2J,2020,44.1235986866998,0.2840700796220428,7.34325106370166,314.7676800274185,93.73077862387963,346.8113299892595,29.154849733392627,13.169473979738394,-3.859662762080821,-0.09694792508240266,0.17286729956695218,0.011017672769304522,48.498458651298165,35.309788640557656,31.589404494557925,-0.008316604545349354,0.1275424661800004,0.9917982422900132,0.18823625326419482,0.21275084745667083,0.958803519947401,0.6568295497712328,0.7485590027564635,-0.09074338510089046,44.12359868669973,0.28407007962204167,5.82267105298483,318.49535677359006,72.44496466899537,-13.18867001074058,31.865306117370725,3.747246498074041,-2.9829036601324868,-0.04048798563506438,0.19407727071795736,0.009905986093697524,30.9403214425854,17.75165143184482,31.589404494557925,0.030599511031666683,0.09672518754521699,0.994840644535076,0.24364784266669806,0.14605320571742697,0.9588035199474014,0.8544435183154027,0.5151762275242799,-0.06722892682950954,43.61591885264671,0.2764984598988247,7.345744710524883,315.5404123008911,93.71582247901357,346.1392813983113,29.145864798172568,13.169082974529609,-3.8594502691063006,-0.09678864702120374,0.17223907997576382,0.011012230724777902,49.25623477990467,35.395516178215985,31.55618446281778,-0.008286108795543097,0.12758770727385166,0.991792678614654,0.18046427166678256,0.20948519035530813,0.9610143608050704,0.6469409396956074,0.7572634661876799,-0.08955145628735091,43.61591885264675,0.2764984598988255,5.8252837608941945,319.2703704412611,72.42776103876876,-13.86071860168866,31.856620253721196,3.7495878978590156,-2.982930473466468,-0.04052575457189514,0.19343028507436805,0.009899501050846407,31.698131480029872,17.837412878341212,31.556184462817775,0.030642248407238983,0.0967592434943699,0.9948360173470532,0.23525269953616562,0.14528443029922022,0.9610143608050702,0.847616024986132,0.5264611679351763,-0.06622471474486707
K13SB2G,2049,44.24654567318928,0.162101809840166,4.122161502287918,285.9394339138987,42.85437423585005,33.235440491324,37.46962298757026,9.50635531986526,-1.3344079571895486,-0.024261834092641224,0.1685687965368642,0.010095275162733428,328.79380814974877,2.0292486410727406,37.074100540389736,0.05269650636163868,0.048890474017049955,0.9974130537383527,0.1386470190137083,-0.08398809958601133,0.9867740385957379,0.8536164417550138,-0.5162959069172217,-0.06911951147130913,44.24654567318925,0.16210180984016587,3.7315607279844625,308.4465680687284,2.8162382485314588,33.23544049132396,38.61294157952513,-2.256443064818013,-0.2707215650986219,0.02750360381967529,0.16802281098150623,0.010857122401458244,311.2628063172599,344.4982468085839,37.074100540389715,0.06500338629633871,0.0031976629718338517,0.9978799199911418,0.10690838775130436,-0.12185070119566015,0.9867740385957379,0.6594322629022703,-0.7500340001384893,-0.05097145553981795,43.8052874487765,0.1556926010713549,4.13231415210524,283.9572328802554,42.7821780378712,35.29325688301642,37.460638052350184,9.505964314656548,-1.3341954642150249,-0.024151273538432896,0.16794345799689958,0.01009045135081829,326.73941091812657,2.0326678011429635,36.98512830519811,0.0528877845370612,0.048944076899053786,0.9974003005730753,0.13018778790713623,-0.08538926108247204,0.9878055547381964,0.8344711912910212,-0.5465960839012639,-0.06993248150285061,43.805287448776504,0.15569260107135485,3.7429286542901883,306.4064369291635,2.802129380889028,35.29325688301644,38.60425571587561,-2.2541016650329624,-0.270748378432599,0.02742026384319354,0.16739328821571153,0.010849999864017901,309.2085663100525,344.50182319306896,36.98512830519812,0.06520192083097415,0.0031913349496203326,0.9978669875796026,0.0984203238717933,-0.12063840962701457,0.9878055547381964,0.6320612333652855,-0.7731353315199918,-0.0525390943224805
K13SB3E,2070,44.11689201023848,0.2513395779696417,31.19703414065856,339.9172397962948,18.2186542809123,13.65659719949759,31.337809996203195,12.023746410747359,0.9830604893969914,-0.04695129576089143,0.15746601861565604,0.09946253064976598,358.13589407720707,11.792491276704652,33.02857099105288,0.49201641866563395,0.16194429287097697,0.8553910741701499,0.2512065666860535,-0.00817583682340399,0.9678989702164387,0.9839463194767573,0.014637139560347456,-0.17786341538842057,44.11689201023849,0.25133957796964224,31.2154144908645,342.9642785761883,358.02996162153323,13.656597199497533,33.46611310098401,1.9956219233949248,1.905777553891911,6.763060540118746e-05,0.16429266963021352,0.09950216242588501,340.9942401977215,354.65083739721905,33.02857099105287,0.5179507914877178,-0.01781606337136357,0.8552248625263383,0.23763801257104558,-0.0818520521138075,0.9678989702164384,0.9469439192195773,-0.28327381039098365,-0.15183267829963176,43.66612683368117,0.2440450930786826,31.27769816835133,339.4017722421665,18.23102067183098,14.20390923526247,31.328825060983124,12.02335540553868,0.9832729823715232,-0.04682552770284888,0.15684812165981857,0.09939780885964607,357.6327929139975,11.836702149259963,33.00962284616989,0.4931247802110371,0.16242707563917141,0.8546609832214895,0.24383683323150138,-0.010079990844036072,0.9697638849453083,0.9831499936984119,0.007261618202837827,-0.1826563954311174,43.66612683368118,0.24404509307868294,31.295624245879196,342.4417771458762,358.0505584727173,14.20390923526257,33.45742723733451,1.9979633231800058,1.9057507405579424,2.679459555946905e-06,0.1636656469739291,0.09943562597172083,340.4923356185934,354.696244853856,33.00962284616988,0.5191532118100964,-0.017670578084237994,0.8544985039995272,0.23003613105249127,-0.0814946983931107,0.9697638849453082,0.9440900032255414,-0.29006422297568196,-0.15670613376352252
K13TI7C,2093,44.06844323136411,0.07094803436796725,1.036525101218722,294.8839336042872,71.98740670298307,11.93185713255255,38.38138546179071,14.462824810676448,-0.5794741718188643,-0.05450684439555816,0.15195573165536927,0.0017879988446771753,6.871340307270316,18.803197439822867,40.94187380644247,0.0055938335355108625,0.017203182659026525,0.9998363663784076,0.07043843669468244,0.008488239905155579,0.997480013042528,0.9926761440519449,0.11968614284062457,-0.016410369956093497,44.06844323136409,0.07094803436796715,0.9515078751248085,39.94754507159602,309.3497356669972,11.931857132553656,40.95764657983697,2.193056187459746,0.5491201931237422,-0.006105173468239406,0.1613221575535971,0.0016204159724734423,349.29728073859326,1.2291378711469179,40.941873806442466,0.01052918896886691,-0.012841396287726082,0.9998621078533977,0.06971382120475365,-0.013175990046667745,0.997480013042528,0.9825355176485773,-0.18576938816457222,0.010662597244698323,43.66303946511299,0.06262971485007474,1.037891685356367,293.7017105823022,71.885793828662,13.2759280282836,38.3724005265707,14.462433805467482,-0.5792616788443423,-0.05437601226695568,0.15134152794317568,0.0017887429452275857,5.587504410964243,18.863432439247845,40.9284357539254,0.005631748680953187,0.017215900634389946,0.9998359346273474,0.06233213966093319,0.006097995366642353,0.9980368323953772,0.9951058769593072,0.09741255637512458,-0.016585762011780206,43.663039465113,0.06262971485007474,0.9529321605472122,38.55572578035309,309.4577506278298,13.27592802828326,40.948960716187436,2.195397587244532,0.5490933797897628,-0.00616598732149409,0.16069712586891266,0.0016194842936127075,348.0134764081829,1.2894044364661568,40.92843575392541,0.01056917466006323,-0.012840714087554604,0.9998616947401909,0.06126416636585873,-0.013007040466534097,0.9980368323953772,0.9781299198928566,-0.20773639955734807,0.010365717984971583
K13TI7F,2096,44.06850589149897,0.1825940318593781,2.379878820286556,251.8993743981071,80.77341783555894,35.46424410421515,35.11873734403798,14.81516868479798,-1.341947668170418,-0.04659288861314896,0.16603381678854084,0.0030177914021420086,332.6727922336661,8.137036337881227,36.02185972275142,0.006658047611944545,0.04098753005710195,0.9991374744157159,0.16221641662569186,-0.08382371172755083,0.9831883947287704,0.8875901017132712,-0.45894002342980633,-0.03946981422395658,44.068505891498944,0.18259403185937761,1.2038512016420992,288.15734710487726,26.947860775855517,35.464244104215176,37.97599865383172,3.514509486277131,-0.29581862296779193,0.005653372611587524,0.17235194518663338,0.0031747472550052304,315.1052078807328,350.569451984948,36.021859722751415,0.018728381590376087,0.009521129543698978,0.9997792735475253,0.12935034158831454,-0.12887617934145068,0.9831883947287704,0.7083089470558006,-0.7056202214257667,-0.01996343246425378,43.62635733508944,0.1763310604698658,2.381735825077742,250.1361490452393,80.71262445445498,37.33915779169993,35.109752408817805,14.814777679589358,-1.34173517519589,-0.04646736077579387,0.16541017730670315,0.003017711240076326,330.8487734996943,8.187931291394193,35.933675481755806,0.0067067596100996345,0.04101240087382659,0.9991361280376648,0.1539964491363363,-0.08589375145973803,0.9843309184992477,0.8725352320273956,-0.4869852782094671,-0.03908462201617147,43.626357335089445,0.17633106046986602,1.2068420743909878,286.37798786740393,26.90324388351011,37.33915779169991,37.96731279018212,3.516850886062297,-0.2958454363017664,0.005584677648712888,0.17171952083921538,0.003172773792990505,313.28123175091406,350.62038954261396,35.933675481755806,0.01878233083377737,0.009530157410977895,0.9997781754710254,0.12088903455241216,-0.1283685483730857,0.9843309184992476,0.6854836218128869,-0.7278075806316736,-0.0202071720276962
K13TI7K,2100,44.05148160628265,0.06506759589882796,6.615639880870584,301.4815739082083,56.93267722454848,26.07341166855914,36.537906340143856,19.57641192631759,-2.312478853390963,-0.06989277743120342,0.14261116983429406,0.01581793437367702,358.41425113275676,24.487662801315878,41.1851576023804,0.06286042753117844,0.09654801966054914,0.9933413544951321,0.06504267689953823,-0.0018006159489047532,0.9978808586018407,0.9948582359485845,-0.024574653454616402,-0.09825058153952977,44.05148160628264,0.06506759589882827,5.7452554129513045,313.76896285618176,27.133443153021425,26.07341166873681,40.79280817740154,7.624627110157949,-1.1890855772992188,-0.02397499233593144,0.15706186979562584,0.015163177279101669,340.90240600920316,6.975817677939972,41.18515760238038,0.08908871546359655,0.04565463605920364,0.9949768112792117,0.061486447987265255,-0.021288700053374264,0.9978808586018407,0.9433083145352987,-0.32395000640379834,-0.07228981311051276,43.66215546523254,0.05751300359341525,6.629734161455965,298.4795901097175,56.8739114865953,29.23942635877434,36.5289214049356,19.576020921084496,-2.3122663604191,-0.06975163295403279,0.1420032292702892,0.01580927497662162,355.3535015963128,24.592927955087134,41.15101376106436,0.06309295275162305,0.09668813164614962,0.993312984165544,0.05732398508039681,-0.004659003846171302,0.9983447572946251,0.9917909835949634,-0.07779571407068486,-0.10148138613542466,43.662155465232516,0.057513003593414935,5.7604684706878375,310.7445944592955,27.097271970957134,29.23942635892119,40.784122313755994,7.62696850991618,-1.189112390635748,-0.024023829027935737,0.15643969354857856,0.015153168628844594,337.84186643025265,7.081292789173858,41.151013761064355,0.0893527025077867,0.045718719665202086,0.994950196354938,0.0532654628724944,-0.021691842875032064,0.9983447572946251,0.9244037372069352,-0.3737582285019227,-0.07604286465511502
K13U17G,2193,44.07794734203618,0.08008110374652734,7.619433280922246,239.5749994020897,187.715985763678,326.1429959402359,36.477297583152506,19.15498653807982,-1.8840708549982035,-0.08162211197158317,0.13695911679659117,-0.019621642573496446,67.29098516576767,33.43398110600356,40.54813666800462,-0.13139205533473755,-0.017802233358315496,0.9911706252116077,0.030915405265097062,0.07387300518157416,0.9967883510669343,0.38707339799694457,0.9149327883584712,-0.11433362300605948,44.07794734203615,0.08008110374652688,7.510758034405946,227.59024526148912,182.01480710749036,-33.857004064013466,40.59599567503835,7.241197662319022,-0.7659391607886252,-0.035882473217336036,0.1552170174794816,-0.02061803322985655,49.6050523689795,15.748048304966034,40.5481366680046,-0.13063153699043287,-0.004595554736771439,0.9914203358919861,0.051896779164400594,0.06098940473248971,0.9967883510669343,0.648275460148638,0.7552646586466154,-0.0965102231293828,43.69355776026325,0.07445473320143554,7.641832828015037,243.9021323310346,187.7813597927349,321.864991612927,36.46831264817855,19.15459553246687,-1.8838583619639904,-0.08147310596217121,0.13635496449506712,-0.01960654876263391,71.6834921237695,33.54848373669648,40.44036557460134,-0.1317555735282937,-0.018004601729895375,0.9911187129505619,0.02339859031723611,0.07068248203949189,0.9972243943586133,0.3153458558926925,0.9414326271625704,-0.11942193971413377,43.69355776026325,0.07445473320143547,7.53447071263374,231.95303643428898,182.04419693643368,-38.135008391985444,40.587309811499644,7.24353906164437,-0.7659659740598361,-0.03592332897518911,0.15459607773623227,-0.020604059693878227,53.997233370722654,15.86222497873721,40.440365574601344,-0.13103920369222216,-0.004677197128337369,0.991366153811361,0.04376630264992977,0.060233031207566574,0.9972243943586132,0.5880668467701917,0.8021937337371353,-0.10325985319880064
K13U17K,2196,43.90647943859781,0.2800932055413443,24.88308373290514,149.1982388620035,21.35895280585506,231.3530011948021,49.42698669149696,19.699235749068052,0.15976290923934044,-0.061488133830077264,0.0922410988749919,0.05023245441431243,170.55719166785858,41.910192862660665,31.60857286860583,0.3918683776595816,0.15324777448583743,0.9071682832890409,-0.2762979027929624,0.04595294008696791,0.9599728101407738,-0.969136688758731,0.11979169586259203,0.21546235890318904,43.90647943859779,0.2800932055413444,24.82594094839295,152.95232584928863,0.36999003840814076,-128.64699880520013,53.04407169114831,3.8482235155714744,1.6217462453996236,-0.032123990648147215,0.10650605824453131,0.049366174473091926,153.32231588769676,24.675317082496633,31.60857286860581,0.4198542861088649,0.002711265367983969,0.9075874764870435,-0.2502762541589841,0.1257537291477808,0.9599728101407738,-0.8932749609989841,0.40694897926883866,0.19092504373264893,43.65456917096485,0.2860082460650509,24.98732849438795,149.9520361999377,21.36335533564928,230.701625064622,49.41800175627685,19.698844743859343,0.15997540221385798,-0.06135262252541607,0.09166691861158012,0.050200728848786236,171.315391535587,42.01701660020899,31.169002409651753,0.3933930581399455,0.15387888226707983,0.906401230912412,-0.28272901416827684,0.04318589312079801,0.9582271563584458,-0.971461634329057,0.10734834242021957,0.21151507370953282,43.654569170964834,0.2860082460650507,24.929841615132595,153.69143119535653,0.39058527905036367,-129.29837493538065,53.03538582749876,3.8505649153565358,1.6217194320656396,-0.032167365512862124,0.10591776678985379,0.04933324142654399,154.08201647440688,24.783641539026235,31.169002409651746,0.42149838198298784,0.0028733986134553886,0.9068246013238346,-0.2572417182662063,0.1250096604293298,0.9582271563584458,-0.899139123478883,0.39578924545074307,0.1868146402591547
K13V72E,2257,44.03307981155676,0.2884163582247281,13.53237985882859,200.5041770702176,123.0690752905342,40.81515736659599,29.954772702049965,19.22210157720005,-8.565927200417207,-0.05908332269126797,0.16830899399967428,-0.01018666972892732,323.5732523607518,4.388409727347778,31.333219290888763,-0.12767922573967697,0.19609080478577146,0.9722378369478247,0.23206461299482842,-0.1712600685716761,0.9575050936200733,0.7964674958039811,-0.5991006958365364,-0.0819627011262641,44.03307981155669,0.28841635822472744,12.018253418203093,198.4795659671021,107.46137778306775,40.815157366947176,34.58489121838362,9.275479455377209,-7.616001954041809,-0.0051982337668364815,0.17829390226463165,-0.010333803875844885,305.9409437501698,346.756101117117,31.333219290888742,-0.06248007602807243,0.1986282534366042,0.9780813141228343,0.16928628872623566,-0.2335083470476203,0.9575050936200735,0.5803237220010357,-0.8117070929297714,-0.06599979522971475,43.57756639258481,0.2835758928977113,13.5349906689773,199.1256261021336,123.1301336456451,42.21517482571761,29.945787766835075,19.22171057197606,-8.56571470744181,-0.05894942319979139,0.16768382959115755,-0.010177899663698434,322.2557597477787,4.470934573496322,31.220019092498276,-0.12791233405219582,0.19599172947049243,0.9722271734406958,0.22423795316913914,-0.1735875208396306,0.9589497968962013,0.7831309045062296,-0.617111056403055,-0.07668070469394615,43.57756639258475,0.2835758928977108,12.02136830082113,197.09374503109396,107.52950429781694,42.215174826057435,34.5762053547344,9.277820855146128,-7.616028767374906,-0.005259655492057855,0.17765749534874112,-0.010326723295686496,304.6232493289109,346.8384241549683,31.220019092498255,-0.0627322227066645,0.19860452602535844,0.9780699926265626,0.16112150097827835,-0.2333562704433729,0.9589497968962015,0.5620310305197169,-0.824847403179286,-0.061219949373824724
K14G65K,2300,43.40059512169464,0.3111162570135947,19.50142808682434,329.7531995204139,262.0879806707475,350.0925318502446,-24.34085529321066,-16.331452424518574,-7.742028619287648,0.11586203541227287,-0.1647271537507961,0.048671849241752704,231.84118019116136,221.9337120414059,29.89796441527053,-0.0459525257550643,-0.33065249254568574,0.9426331707244634,-0.19222113126025883,-0.2446310734047812,0.9503718612321447,-0.589221351674448,-0.7902789185577257,-0.16815894152309643,43.40059512169463,0.31111625701359447,20.93700739850739,327.85152148883253,246.29026031617747,-9.907468149755347,-27.913115558599976,-8.21570393171231,-8.514268645039035,0.059325217779004194,-0.192030912845191,0.050325365260884915,214.14178180500994,204.2343136552546,29.89796441527053,-0.14368817166733072,-0.3271796667308854,0.9339738620543759,-0.2574957682455789,-0.1746117255907177,0.9503718612321448,-0.7954832415528446,-0.5753699958411358,-0.19014673358843123,43.68401657969267,0.3150863602424339,19.48774324680759,329.2845375934126,262.1089864909451,350.4161274683576,-24.34984022843075,-16.331843429727233,-7.741816126313113,0.11587867860899001,-0.16512910226432162,0.048641169664425485,231.39352408435775,221.80965155271542,29.91977879482717,-0.04580038750935318,-0.33044629622010985,0.9427128777196185,-0.1966037823635755,-0.24622422133324062,0.9490630040145782,-0.5949841685414096,-0.7854671479729503,-0.17039717908559113,43.68401657969266,0.31508636024243375,20.923562699731686,327.38315567690626,246.31114380177735,-9.583872531642392,-27.921801422249498,-8.213362531927206,-8.514295458373,0.05922054951702228,-0.19241911131401848,0.05029178932127074,213.69429947868366,204.11042694704128,29.91977879482717,-0.14348085367975974,-0.32703131364682264,0.9340576880052757,-0.2621547886653014,-0.1747978294793042,0.9490630040145782,-0.7994601202912217,-0.5690422014739447,-0.19249542593431138
K14MA5H,2334,43.94842902319816,0.1969908543725403,4.911386648549955,145.5741523115851,259.294026454917,267.051125485476,15.80019137227449,-43.184714125090395,2.023451171185433,0.12263732137654122,0.07465347772909559,0.009163134105534477,44.86817876650207,311.9193042519781,35.29099044158741,-0.015904604971537294,-0.08412466771532835,0.9963283012252964,0.13961367475616748,0.13897272584036935,0.980405326022649,0.7066921357567014,0.7058636713888766,0.048401473872681296,43.94842902319813,0.19699085437253983,6.345700289567928,138.79013613467362,248.4635669411694,-92.94887451453127,1.9604608844591351,-45.94015022416592,2.0782508534881607,0.13915384243672183,0.03412007543257609,0.013001767021022558,27.25370307584302,294.30482856131175,35.290990441587404,-0.04057369336730396,-0.10281055765873832,0.993873112947742,0.175122416378829,0.09020829223559908,0.9804053260226491,0.8852328489540501,0.459413145617108,0.0728173383672446,43.78809227970325,0.1948635311578787,4.907266589928958,146.7102587935039,259.248907124447,265.5675319316146,15.791206437055475,-43.18510513029845,2.0236636641600345,0.12264942347004401,0.07409108548516224,0.009158935056732043,45.959165917950884,311.5266978495655,35.255389995413225,-0.0159574817833759,-0.08404172986989616,0.9963344550980904,0.13546344847719322,0.140076585844974,0.9808303646526664,0.6931942560234255,0.7192198511842262,0.0469524129163677,43.78809227970323,0.1948635311578789,6.341152523719303,139.91139594871052,248.43327433779373,-94.432468068391,1.9517750208108182,-45.93780882438057,2.0782240401542946,0.1389956694185088,0.03358030033881334,0.01299320704571981,28.344670286504254,293.91220221811324,35.2553899954132,-0.04059904638567189,-0.10271572713176731,0.9938818827367598,0.17150084864711648,0.09251624013456496,0.9808303646526663,0.8764434045665387,0.47622276710900835,0.07112548543843934
K14Qn5U,2370,43.95712139326404,0.2695439018401384,21.24849574884143,171.2467689964189,177.4852945073946,31.78438312882179,25.818344726417788,22.112626744277478,-9.030669339453674,-0.098210540173795,0.1463645544563879,-0.05518325644303082,348.7320635038135,20.51644663263528,32.10874737926303,-0.362064562423169,0.015901185603798083,0.9320173844589557,0.2643482164839046,-0.05266816363786424,0.9629881022010572,0.9811780777621456,-0.18506177630373236,0.05515177848708379,43.95712139326402,0.2695439018401381,20.756596791137767,167.0602121320042,163.81160353987082,31.784383128829642,31.528831025616427,13.280487943760374,-8.165147199909617,-0.04787013926394572,0.16919404342945882,-0.0565235369465118,330.871815671875,2.656198800704658,32.10874737926303,-0.34034685381640806,0.09880516115244134,0.9350944119322459,0.2354554620527332,-0.1312045746486757,0.9629881022010573,0.877584945561914,-0.4728073020138018,0.07935942593997371,43.52625574396871,0.2635274353375426,21.28931629547041,170.1836919100574,177.597538278713,32.86951063533635,25.80935979119808,22.112235739068222,-9.030456846478948,-0.0980504158508307,0.1457540982041372,-0.05514432762942348,347.7812301887704,20.65074082410672,32.055893197914656,-0.3627583613575137,0.01521969346063778,0.9317589453266203,0.2575576463312596,-0.05577425922309045,0.9646519013739709,0.9778343110730153,-0.20002079269697184,0.06190107088925352,43.52625574396875,0.2635274353375432,20.80027906437763,166.0025615007878,163.91767468053376,32.86951063534355,31.52014516196708,13.282829343544797,-8.165174013243387,-0.04790296034739365,0.16856373565068428,-0.05648549791730233,329.92023618132157,2.789746816665115,32.055893197914656,-0.34121410382905903,0.09837237330901567,0.9348239468037197,0.2280377987947095,-0.1320813063852966,0.9646519013739707,0.869695600321103,-0.4860574141905458,0.08589384665106367
K14Qu2U,2394,44.17909695945854,0.2498873556292473,26.00002430304584,332.2119781454653,69.48280274416122,356.2727508694682,25.317077114881084,19.828660565610186,-8.175100621451186,-0.10014519330860559,0.15004785805448617,0.07139570771333323,41.69478088962654,37.967531759094754,33.139299246171326,0.15364418213104944,0.4105643212502036,0.8987938603559998,0.1865905824512402,0.1662156582391829,0.9682749142142546,0.7025092253292854,0.6816992551443322,-0.20436955219139163,44.17909695945846,0.2498873556292468,24.775507473112217,334.5368037276358,49.799948840307344,-3.727249130552361,30.337920357449576,11.25464152877277,-7.342075733860361,-0.052088753970470525,0.1732896899867782,0.06998722443085602,24.336752567943165,20.609503437390803,33.13929924617129,0.2704883609182797,0.32007917111565326,0.9079567009641257,0.22768214578151216,0.10297830351925548,0.9682749142142547,0.8809139872937674,0.43764116189828217,-0.1801686998413372,43.72438497223452,0.2423747722460514,26.03245829774465,332.7441447302754,69.4489608610102,355.9119914223966,25.30809217966496,19.828269560395498,-8.174888128479523,-0.09998377229354796,0.14943493308552677,0.07134979757786873,42.193105591285644,38.10509701368227,33.1266971229905,0.15406523760471785,0.41094984336288803,0.8985455630082537,0.17957193472704305,0.162786518114099,0.9701826991750959,0.6973797457862652,0.6879417352514094,-0.20099168904799003,43.72438497223449,0.2423747722460512,24.808516775924485,335.06782044096894,49.76771525753922,-4.088008577631579,30.329234493802097,11.25698292855093,-7.342102547197145,-0.05211874754743281,0.17265663712037782,0.06994047022358293,24.83553569850818,20.7475271208766,33.12669712299049,0.2710062034277559,0.3203262414288164,0.9077151187215962,0.21995926339021127,0.10180104454356474,0.970182699175096,0.8778179253707215,0.44514151188601814,-0.17687488316228658
K14Se3L,2439,43.94218859914328,0.1440432290872486,35.36463493092912,197.4260502400477,61.27164692964742,71.36430433715957,34.909504240302304,-6.377796149745385,-23.90241803838762,0.06036530336596248,0.14220740093362833,0.010942835519775327,258.6976971696951,330.0620015068547,37.6126138601618,0.27819395434077404,0.5075352420277086,0.8154851941440253,-0.028230392473233463,-0.14124976738631742,0.9895713961883289,-0.24444132466580898,-0.9540468500486448,-0.17332930135405142,43.94218859914328,0.14404322908724843,34.290687578139845,199.4524334106424,42.02574175409321,71.36430433715954,31.998689642842344,-16.62519309358984,-23.029593436601004,0.10016316069718637,0.11732904565794144,0.013707540411086211,241.47817516473563,312.8424795018952,37.61261386016181,0.418512268958252,0.3771707457460544,0.8261898748379702,-0.06877970279366437,-0.1265614646308138,0.9895713961883288,-0.5162440709795247,-0.8356372657907204,-0.18762307747261903,43.60846955182035,0.1442228182012509,35.38926267303356,194.5289360130712,61.15283650206709,74.23029616059131,34.900519305082234,-6.3781871549539755,-23.902205545413093,0.06041914298354325,0.1415997309937643,0.010937443634559762,255.68177251513828,329.9120686757296,37.31913317561337,0.27941489070125386,0.5072642598229018,0.8152363396958761,-0.035667351849213415,-0.13974283989519992,0.9895452383343012,-0.2879069710123902,-0.9465736914969021,-0.1452853144966774,43.60846955182031,0.14422281820125082,34.31773370425054,196.5579255983055,41.90531448058858,74.23029616059166,31.990003779192865,-16.622851693804677,-23.02962024993498,0.10003112099807658,0.11673350014739454,0.013698507394523883,238.46324007889407,312.69353623948575,37.31913317561335,0.41959431025358945,0.37655070054087897,0.8259238371211887,-0.0754350953983609,-0.1229217949435788,0.9895452383343012,-0.5561794378230578,-0.8153832713264786,-0.16066908160488558
K14T95L,2466,43.97397265715735,0.1955038205442286,10.59293648043301,306.3338947585823,100.9125699120071,355.7271231390507,26.30366473426399,23.02997109952205,-5.6456497192342905,-0.12092167889158795,0.13715468225362865,0.017349634828449964,47.246464670589376,42.973587809640094,35.37689299817564,-0.03480104906860705,0.18050600783393514,0.9829580195102839,0.13271699716610028,0.1435546673243447,0.980702939810323,0.665365663285101,0.7316816425553558,-0.148089527207949,43.97397265715738,0.1955038205442292,9.026760057567598,307.5025143934914,82.17855722703099,-4.272876860954439,32.17504860634088,14.008373508086482,-4.761032124153012,-0.07429139566242715,0.16727492629172638,0.015308712661779113,29.681071620522403,25.408194759567962,35.37689299817564,0.021351369377436504,0.15543614460133048,0.9876151699812952,0.16985277070827234,0.09680795489066607,0.9807029398103229,0.8590613368040716,0.4965087557580529,-0.12446957485261848,43.55413009928152,0.1880673769372022,10.59508709641931,307.0355250399128,100.9174143911316,355.1851023870245,26.294679799045895,23.029580094311104,-5.645437226260056,-0.12074633253584229,0.13655039887445167,0.017339948816448607,47.9529394310444,43.13804181806887,35.363019096728,-0.034823298895044666,0.18053929244564737,0.9829511186917137,0.12595639010674395,0.139657889355802,0.9821561289998451,0.6563776089698597,0.7400174245735822,-0.14677413181651786,43.55413009928155,0.18806737693720288,9.028892070668585,308.20302608561707,82.18451147890622,-4.8148976129841925,32.16636274269258,14.010714907868806,-4.7610589374872445,-0.07430650802435167,0.1666459047920954,0.015298606467124571,30.387537564523313,25.57263995153912,35.363019096727996,0.021340213483794623,0.15547477095258438,0.9876093311050212,0.16223137964154852,0.0951331578769448,0.982156128999845,0.8529772734370242,0.507170201383636,-0.12332135998448157
K14TB5R,2475,43.88405442096437,0.139291212572336,7.387124170326122,64.99722154498949,177.0946878354156,133.0910477210201,43.70994808387016,20.699437692564587,-2.9674401813899403,-0.047012091760703464,0.12656968019028406,-0.016079585561055543,242.0919093804051,15.182957101425188,37.771391268077856,-0.12840748000404545,0.006516778197396185,0.9917000810128719,-0.06519589338695125,-0.12309158129355956,0.990251462054022,-0.46767334209609823,-0.8761871032202333,0.11652383980629118,43.884054420964354,0.13929121257233623,6.9918657739706855,52.75714319864246,171.6569529331349,133.09104772102015,47.98435846618907,6.528683251595615,-1.6460926771357087,-0.006136628303892753,0.13485806022057437,-0.016254820011513238,224.41409613177737,357.5051438527975,37.771391268077835,-0.12044018584162629,0.017662747165837468,0.9925634433107993,-0.09949578614297067,-0.09748143638490359,0.990251462054022,-0.7134415235400594,-0.6939816733827402,0.09690526042341849,43.55890817825951,0.145000263266206,7.41072628903014,62.6506019699247,177.1948504132554,135.4319260510153,43.70096314865007,20.699046687355853,-2.967227688415422,-0.04688628295443091,0.1259724913584182,-0.016066865796986372,239.84545238318012,15.277378434195384,37.242855024823385,-0.12882669144446285,0.006312282697907282,0.9916470333029868,-0.07283858611949348,-0.12537789565701835,0.9894316164610524,-0.5019710682718455,-0.8572631783551744,0.11456391078523263,43.55890817825947,0.14500026326620596,7.0176634979600125,50.44791637102874,171.71935453320333,135.43192605101552,47.975672602539525,6.531024651380651,-1.6461194904696919,-0.0061974210746942975,0.1342507659713367,-0.016243770898421283,222.16727090423205,357.5991969552476,37.242855024823356,-0.12090158656097179,0.01759592631006376,0.9925085338395487,-0.10747248161815146,-0.09733828661993768,0.9894316164610523,-0.7403562737847613,-0.6655812646719892,0.0942028024274163
K14UM8Q,2496,43.99181853426776,0.1209521874081398,4.141294574566784,351.1378204225338,266.4452952686926,130.3921482668707,37.784536245865816,29.115723881845415,2.599831840070772,-0.07439728265169093,0.1164660803340033,-0.005899242432995449,257.58311569122634,27.975263958097003,38.67091185448612,-0.004477519994993818,-0.07207736734196024,0.9973889937891568,-0.026007517946828727,-0.1181229895027177,0.9926583341518804,-0.21462165720722526,-0.9766338961828186,-0.01112551501692618,43.99181853426775,0.12095218740813962,5.642523284971992,345.3386640775173,254.64148703543844,130.3921482668709,44.725923629254076,16.34171956882775,3.8334891573578735,-0.035563945791340895,0.13349888889462003,-0.00688164364507631,239.9801511129558,10.3722993798267,38.67091185448613,-0.0260412325149406,-0.09481018920233088,0.9951547026631191,-0.060512377644385634,-0.10472671001533938,0.9926583341518804,-0.49911741286489264,-0.8661769513974474,-0.024885679473956666,43.67459749663563,0.1256341237181433,4.144090404426681,348.33443557275,266.4226149017896,133.394233686539,37.77555131064567,29.115332876636757,2.600044333045296,-0.07425311905139273,0.11587566339191596,-0.0058933459955180945,254.7570504745396,28.151284161078593,38.18757771140319,-0.0045090880347080226,-0.07212416338967971,0.9973854687032662,-0.03303078048827022,-0.1212142754908078,0.992076643691189,-0.2623848667384861,-0.9648526698291556,-0.014611886605678045,43.67459749663561,0.12563412371814375,5.645139200670992,342.53201215279785,254.62203872551567,133.39423368653897,44.7172377656045,16.344060968612872,3.833462344023895,-0.035605015042472314,0.132892505623503,-0.00687687685889087,237.15405087831346,10.548284564852452,38.187577711403165,-0.02608546180213084,-0.09484515271421984,0.9951502126258055,-0.06814170484348582,-0.10554923544701361,0.9920766436911889,-0.5409784854076819,-0.8405179530433251,-0.029527088205055688
K14UM9M,2511,44.05484105380637,0.1402493579796009,4.194556595657334,165.1860601941582,244.9560710031808,352.1182071655154,29.205737973311678,24.211416298599264,1.1889063350299254,-0.11299086672339681,0.13074512120952161,-0.01156672570678244,50.14213119733898,42.260338362854384,37.876177880116664,-0.03096257245332203,-0.0662667555321617,0.9973214307425232,0.0898837574874953,0.1076605431605255,0.9901162141821079,0.640264868969243,0.7679265301202687,0.01870138768225721,44.05484105380636,0.14024935797960092,5.461616254893711,153.88154902472482,238.63904203623903,-7.8817928345067845,35.1089564990968,14.25797749736321,2.1569791961225384,-0.0678727475275811,0.15876908374958015,-0.01344172663570053,32.52059106096385,24.63879822645707,37.87617788011666,-0.04953375031310027,-0.08127379135815568,0.995460184245553,0.11825801961397021,0.07539842976264216,0.9901162141821079,0.8414917178286889,0.5386427772371742,0.04190044577264079,43.66036650333795,0.1329747038924246,4.201098390070967,166.4167149241005,244.9319048610737,351.0798878878852,29.196753038097935,24.211025293383283,1.1891188280051017,-0.11282083595678931,0.13014513380818463,-0.01155703066557858,51.34861978517415,42.42850767305936,37.85464219572185,-0.031038765575979437,-0.06635683387323851,0.9973130730266393,0.0830533641348871,0.10384801674156253,0.9911194318167321,0.6240085711569786,0.7812280636330416,0.017205107229953956,43.66036650333792,0.13297470389242416,5.467684569582557,155.11963496162676,238.6073655537181,-8.920112112148487,35.100270635451096,14.260318897139415,2.1569523827893198,-0.06789216195788424,0.15814576325049212,-0.013432562985070121,33.727000515344855,24.806888403196368,37.854642195721844,-0.049633594530427524,-0.08133639129576588,0.9954500980686933,0.11059407196137204,0.07383239886581465,0.9911194318167322,0.8300585164860894,0.5562335588687972,0.04008849207771248
K14Wy2B,2574,44.00964598998699,0.1463649797288088,30.34632912205496,219.2582723747258,104.6446818460727,34.12964226932949,33.40162912364176,4.786955191993037,-19.627831177666728,-0.015061809802825565,0.1673955040888495,-0.01624538183693279,323.9029542207985,358.032596490128,37.56817504679049,-0.12773312848227883,0.4888119796997022,0.8629873095186207,0.11826586931296144,-0.0862316151226691,0.9892306569799509,0.7241330976004743,-0.6110755375177513,-0.31971541158807687,44.00964598998704,0.14636497972880946,28.76980437429621,219.42635793637396,86.91608655456247,34.12964226932927,33.81536733342238,-5.526524328893744,-18.70331483481752,0.0366419048710522,0.1641252184324668,-0.01524168024333578,306.34244449093643,340.4720867602657,37.56817504679051,0.025892755901898136,0.48059478226382957,0.8765604488297353,0.08673735720066027,-0.11789545435198032,0.9892306569799508,0.514328852952826,-0.8012719848991121,-0.3056616384763832,43.58278080182356,0.1402349584964283,30.35308409175426,216.8815845522472,104.6542187274666,36.4688588516625,33.392644188421656,4.786564186784265,-19.627618684692205,-0.014957415521167208,0.1667709519425712,-0.016232550948697848,321.53580327971383,358.00466213137634,37.4709513449209,-0.1278402280580125,0.4888891418212337,0.8629277392107482,0.1098035523811814,-0.08722971666220247,0.9901182537533105,0.7034073690100476,-0.6428374673512889,-0.30327885483782624,43.58278080182356,0.1402349584964282,28.776545202943332,217.049089026841,86.92613867960044,36.468858851662425,33.806681469772805,-5.524182929108742,-18.7033416481515,0.03655243999172764,0.16349830800955178,-0.015231310182357793,303.97522770644144,340.4440865581039,37.470951344920906,0.02581396849788939,0.48070229289392996,0.8765038189516965,0.07836812030927165,-0.11629394353828776,0.9901182537533106,0.48453513198289433,-0.825289355926644,-0.29003997115657065
K15Bp8P,2608,43.37251471753446,0.1799955453298894,10.15434357654638,358.6813108249527,104.8756818141521,76.03431353591424,-39.56547944946522,-14.696389764060312,7.524657011497536,0.02672230867524474,-0.15124358220292727,0.0023285433548375445,103.5569926391048,179.59130617501904,35.56565527862319,-0.04526030452237204,0.17039173691963536,0.9843364063286758,-0.04219320100208779,0.17498037069283426,0.9836674253330725,-0.23476086541379906,0.9720446875330642,-0.004057278510486142,43.37251471753446,0.17999554532988937,8.577723059567997,359.18109116913547,86.80014621593062,76.03431353591759,-42.34786355235929,-2.058022757275646,6.360384751349979,-0.020269685684164294,-0.152250219106343,0.0017707842894502702,85.9812373850661,162.01555092098369,35.56565527862319,0.008325447553017194,0.14891835760348748,0.9888144465427888,0.012614653309792726,0.17955296394233652,0.9836674253330725,0.06992352513399258,0.9975500772048614,-0.002131689801754744,43.63326948640884,0.18034455643825,10.15271692875625,0.4773853144342958,104.8654432482293,74.22663586580913,-39.57446438468531,-14.696780769269086,7.524869504472066,0.026798697350103734,-0.15165456801619157,0.0023289251579993197,105.3428285626636,179.5694644284727,35.76424685493181,-0.045222685885570026,0.1703728116459746,0.9843414111644091,-0.04771808437426391,0.1739170591418788,0.983603497840004,-0.26446788383559544,0.9643933748275366,0.0014686756879107262,43.633269486408814,0.18034455643824998,8.576112248915036,0.979148329879922,86.78794891790292,74.22663586581265,-42.356549416008846,-2.055681357490654,6.360357938016008,-0.020321005840434586,-0.15266508039606097,0.0017697518269397525,87.76709724778284,161.9937331135955,35.76424685493179,0.008355591902376266,0.14888882601740272,0.9888186393728228,0.007026519829412883,0.1802076220807433,0.983603497840004,0.03915241365252868,0.9992300009005984,0.0025482946005770855
K15G55C,2642,43.42648064072173,0.07730382074385811,2.025447026231388,329.0902030073209,199.1231855430967,40.70981149352342,-33.53051510529796,-23.59546088729661,0.3999398905136854,0.08517704182977731,-0.13588401634276545,0.005527247850386942,168.21338855041756,208.923200043941,40.06944776573475,-0.033392984162493734,-0.011578492936197442,0.9993752283852396,-0.0756738810862089,0.015790643525482543,0.9970075823675573,-0.9788100082451279,0.20396408295098462,-0.018155457172339632,43.426480640721756,0.07730382074385844,2.601088004229828,291.7280153373525,218.87510315813577,40.70981149352282,-39.08790869846784,-12.364383309832927,-0.6771916821326095,0.03998298436728781,-0.15526600290394518,0.006631298849357832,150.60311849548827,191.31292998901108,40.069447765734765,-0.035330577785329303,-0.02848284342814314,0.998969708201206,-0.06735022165897254,0.037945070089352384,0.9970075823675573,-0.8706398344932419,0.4901112236234214,-0.042157645474254275,43.67303135240091,0.0818063969714162,2.019967103179258,331.0338084604384,199.0660487070348,38.68452495879797,-33.53950004051805,-23.5958518925053,0.4001523834882109,0.08521425149758953,-0.1363052968320397,0.005525485737064906,170.09985716747326,208.78438212627123,40.1002980126413,-0.0333141742597103,-0.011513963858423607,0.9993786041484282,-0.08058820953305151,0.014065101126615426,0.9966482395582481,-0.985010593794005,0.17164712677510197,-0.017070266062189154,43.67303135240093,0.08180639697141645,2.595510087091451,293.57645771027484,218.91320417416054,38.6845249587973,-39.096594562117374,-12.362041910047854,-0.6772184954665852,0.039891280145311604,-0.15567884287890763,0.006627008650066867,152.48966188443535,191.17418684323263,40.100298012641304,-0.035235956868802425,-0.02844524285571245,0.9989741215379002,-0.07255634343772795,0.03778708261286453,0.9966482395582481,-0.8863368954833708,0.46117704926679837,-0.04150466159926061
K15G55D,2643,43.31469184301569,0.1068569301664384,5.634902810199672,356.9879108220277,197.9945304182357,17.85933743797725,-31.081213853000623,-23.464252704028873,1.2545096529839868,0.09624010520673441,-0.13686352885332115,0.01577668824174033,194.98244124026337,212.84177867824062,38.68621684156576,-0.09338632061920396,-0.030333199201677628,0.9951677708544417,-0.10322433931242322,-0.02762497598385938,0.9942744070302749,-0.9659266563679506,-0.25876451448516785,-0.005159511710097307,43.31469184301569,0.10685693016643827,5.862113449185209,341.3393937218891,195.98297965403458,17.859337438637773,-36.73783968505415,-12.979181281700294,0.24247172192933952,0.049947070512214246,-0.15954164871414758,0.017159246635084856,177.3223733759237,195.18171081456146,38.686216841565766,-0.09818660276824409,-0.028122992326637664,0.9947705707043343,-0.10674026306051294,0.004991970188969517,0.994274407030275,-0.9984474700963453,0.04510785531570438,-0.03267921123627905,43.56099153580016,0.1118645456062833,5.619410377996903,357.2834247083635,197.9325144591882,17.47865434394559,-31.090198788140427,-23.464643709353297,1.2547221459716213,0.09626989990934201,-0.13728415282866077,0.01576805648969651,195.2159391675517,212.6945935114973,38.68806101148872,-0.09316307958992302,-0.030149249539057066,0.9951942842247203,-0.10794296822983972,-0.029359703224522724,0.9937234642677507,-0.9648733892011968,-0.26267433122052075,-0.0046409621036896075,43.560991535800156,0.1118645456062839,5.845554343399408,341.58948043790684,195.96660432537954,17.478654344766728,-36.746525548662476,-12.976839882049799,0.24244490860961343,0.04984868790937906,-0.1599516229576465,0.01714790012882911,177.55608476328644,195.03473910805317,38.68806101148869,-0.097918223855435,-0.028015843419253134,0.9948000472228099,-0.11176279813294702,0.004770064695001611,0.9937234642677507,-0.9986386907481324,0.04106252356103263,-0.032165734868887734
K15G55E,2644,43.3917647715446,0.05314636036287924,1.778343680456362,151.862769394332,57.79621418126793,5.984101505637806,-33.10758165350801,-24.34855817910167,0.4669021831185761,0.09398600687970293,-0.12946705531630623,-0.004611366962477718,209.6589835755999,215.6430850812377,41.0856504042148,0.01653846818642934,0.026258793799669364,0.9995183614212562,-0.04618344186528674,-0.02629877026206171,0.9985867335290305,-0.8687937858129559,-0.49495775961744626,0.01463468234264092,43.391764771544594,0.05314636036287956,1.424461830894507,209.67501002975854,342.4203115511659,5.984101505640349,-38.9141377190874,-13.21005694774997,-0.6054147425538252,0.05059423682030565,-0.15180980102448383,-0.003218714061104619,192.09532158092452,198.07942308656487,41.08565040421478,0.023698018506679047,-0.0075082089156161365,0.9996909676083587,-0.05196652974569729,-0.011136220454472621,0.9985867335290305,-0.9777541400683954,-0.20939287202437168,-0.012307181825976397,43.62852430728206,0.05822987632367797,1.774050830593103,151.0159830062011,57.84996542150603,6.620786861457713,-33.11656658872813,-24.348949184310367,0.46711467609310164,0.09401731238056164,-0.12989263674320697,-0.0046063337174128615,208.86594842770714,215.48673528916484,41.088040732684455,0.01647397563403553,0.026210892777341982,0.999520683741274,-0.05099490694587791,-0.028111171484875644,0.9983032011885613,-0.8755549480837446,-0.4828855933176081,0.01500122169601284,43.62852430728205,0.05822987632367793,1.4207690047654553,208.99271773012256,342.3095087238543,6.620786861458248,-38.92282358273697,-13.207715547964892,-0.6054415558878017,0.050495420456810755,-0.1522249575023277,-0.003216402336061979,191.3022264539769,197.92301331543516,41.08804073268444,0.02362206903269173,-0.007534444528726464,0.9996925677428328,-0.05710062686771335,-0.011412138624508593,0.9983032011885613,-0.9805617625480558,-0.19584228430149714,-0.012017882851049853
K15G55F,2645,43.33655371372573,0.2433516180411285,5.332478583263281,322.9712510963171,202.036545061827,35.13307418898957,-27.12469118940119,-23.459089078004,1.079759269575713,0.09245657660877368,-0.1544191167127328,0.016598234250249158,165.00779615814406,200.1408703471336,32.7905332471643,-0.08614561525275798,-0.03486901998318516,0.9956721771839042,-0.235068180710157,0.06295204858344382,0.9699381372009066,-0.9649831626808807,0.2562717304624376,-0.05596691798011339,43.33655371372574,0.24335161804112848,5.676975053493068,306.8501913847193,200.50192993066906,35.13307418899276,-32.961209330121115,-14.169431785546388,0.17174091249276557,0.04101791062091995,-0.1751341882507103,0.017735012231170553,147.3521213153884,182.48519550438115,32.790533247164305,-0.09265432199133816,-0.034645588735427016,0.9950954023597441,-0.20490252089666733,0.13128201298512338,0.9699381372009066,-0.8406273048938792,0.5357984826300077,-0.07915630283328239,43.60692810415924,0.2473583431263706,5.318771622346949,323.6477782151283,201.9770068493687,34.39007347720605,-27.13367612462116,-23.459480083212934,1.0799717625502656,0.09248890720300265,-0.15482797413908536,0.01658905186091581,165.62478506449702,200.01485854170306,32.82039061948364,-0.08596091248522764,-0.03469034176247795,0.9956943816820046,-0.23961371394282555,0.06141187185511488,0.9689240682766512,-0.9677355485692745,0.24590418264921343,-0.05494580048509322,43.6069281041592,0.24735834312637028,5.662272094297597,307.4825175956975,200.486775500939,34.390073477209604,-32.96989519377061,-14.167090385761584,0.1717140991588182,0.0409255127445426,-0.17553371166888213,0.017723279820764215,147.96929309663653,182.35936657384613,32.82039061948363,-0.09242427335283168,-0.034531707302153505,0.9951207539218542,-0.20970149129491056,0.13119235672444374,0.9689240682766512,-0.8464088501187763,0.5267467001085965,-0.07829414004454703
K15G55G,2646,43.25458458594847,0.1572090094008974,2.955432412237907,50.21934485420434,129.7629094353997,25.23251852700289,-30.74284158215535,-21.119692281176505,1.9174762540853603,0.08721817675327945,-0.15107196478076657,0.001527308931534071,179.98225428960404,205.21477281660694,36.45457419114418,-0.032977865571476805,0.03963340615943443,0.9986699422224297,-0.1572090018605918,4.86909425366211e-05,0.9875653534643611,-0.9992142285099683,0.0009634999733421634,0.039623190318678,43.254584585948464,0.15720900940089755,1.6079837978002098,28.463433619818062,133.9210787011984,25.232518527002863,-35.72569413572704,-10.846364493804867,0.9335853309020848,0.037452042622489405,-0.17036100501435245,0.0025600869834496846,162.38451232101647,187.61703084801934,36.454574191144175,-0.019464935786908943,0.020212172995867646,0.9996062146353416,-0.14983730587319088,0.04757577540592831,0.9875653534643611,-0.9529737159076931,0.30275772309691573,0.013373776364771557,43.52109290170105,0.1620568506753134,2.954857826571745,50.86681697738852,129.6924568527768,24.53719938022218,-30.751826517375456,-21.120083286385196,1.9176887470598856,0.08725401836011122,-0.1514830656197924,0.0015282277582596604,180.5592738301653,205.09647321038747,36.468201648103644,-0.03292270995228151,0.0396662203069142,0.9986704592286493,-0.16204913031299867,-0.0015818393096634202,0.986781423188134,-0.9991587920323378,-0.009102358262295829,0.03998568967198578,43.52109290170103,0.16205685067531328,1.6061050473881886,29.153220850436803,133.80836036396357,24.537199380222177,-35.73437999937658,-10.844023094019787,0.9335585175681088,0.03736203475218745,-0.17076372763590075,0.002558525494560331,162.96158121440038,187.49878059462256,36.46820164810363,-0.01940244445056189,0.02022677317164275,0.9996071342264449,-0.15494393172277623,0.04748474358242278,0.986781423188134,-0.9559703822082487,0.2931453588923667,0.01365382365787903
K15G55J,2648,43.53107954372884,0.1658540348721959,3.921955004084272,129.2568215895257,48.60361104922217,29.0210135129002,-29.576455790015718,-23.167814190167725,0.4707753320282515,0.09347978340300532,-0.1462471281892696,-0.011437702607434031,177.86043263874788,206.88144615164808,36.311274359058906,0.045228901173924085,0.05130863659668987,0.9976581430075074,-0.16573840974021592,0.006191964161062162,0.9861503126382978,-0.9979425677645801,0.0361347190491621,0.05296143429586065,43.53107954372885,0.16585403487219608,3.3896046442201992,152.7923457858728,7.532029508270481,29.021013512900204,-35.19281782157679,-13.15114348708161,-0.4989785783333193,0.045232968132304825,-0.16765305197929312,-0.010195401197985465,160.3243752941433,189.3453888070435,36.311274359058906,0.058615110643929755,0.00775016314169461,0.9982505716379415,-0.15617045959047124,0.055842174337042284,0.9861503126382978,-0.9415090227383254,0.3359017324606071,0.02703305813788525,43.79305797773561,0.1705040093113034,3.912135344725516,129.8484705702811,48.62519365191758,28.27305568094237,-29.585440725235827,-23.168205195376387,0.4709878250027788,0.09351142819774305,-0.14666146285208725,-0.011428094043350469,178.4736642221987,206.74671990314107,36.32616601252933,0.045096552622346645,0.0511973626446472,0.9976698507020307,-0.1704435123139324,0.004541618799438615,0.985356982422498,-0.9983027538241693,0.02545396846570963,0.05238040851718103,43.79305797773554,0.17050400931130294,3.3800145811528823,153.44906246466243,7.488417916511126,28.27305568094249,-35.20150368522633,-13.148802087296502,-0.4990053916672933,0.045137745133664565,-0.1680575895934916,-0.010188413381551317,160.93748038117357,189.21053606211606,36.32616601252929,0.05845533167596022,0.007683769442706249,0.9982604539326422,-0.1611540402928308,0.0556865557251079,0.985356982422498,-0.9450614247238011,0.32582875127243094,0.026353905654908583
K15G55L,2649,43.43200312467662,0.04781862844922391,11.32652462972151,172.7175590683216,39.09134723842637,3.438755113359323,-33.59950040902622,-24.11260145773641,0.4950764201758939,0.09030355309174193,-0.12729643623365153,-0.03119525711777434,211.80890630674799,215.2476614201073,41.355144304452175,0.1524342892344728,0.12384176691969283,0.9805238417457219,-0.040636785482094075,-0.025204620458304756,0.9988560350587241,-0.8482540410481578,-0.5290040463843468,0.02489579792772238,43.43200312467658,0.0478186284492238,10.84629502441618,180.54620727055098,13.82591491205382,3.4387551133653695,-39.31242408523278,-12.83652611778151,-0.5882067901021691,0.04847297859205145,-0.14862820221836823,-0.029871161630836703,194.3721221826048,197.8108772959702,41.35514430445214,0.1827228161561784,0.04496866977593897,0.9821355258794674,-0.04632209899399146,-0.01186947225262232,0.9988560350587241,-0.9687447463580672,-0.24805321696674507,-0.0017938662416613687,43.66408849114087,0.05278627756160302,11.29357833126052,171.5967033585518,39.09565386884036,4.401353518490067,-33.60848534424634,-24.112992462945105,0.49528891315042,0.09033732673974842,-0.12772347250767488,-0.03117240614669293,210.69235722739216,215.09371074588222,41.35922379657311,0.15198737593037623,0.1234976480030531,0.9806366138868732,-0.04539199512350615,-0.02694360550331356,0.998605832599224,-0.8581358687886048,-0.5126243800900696,0.02861949747458791,43.664088491140824,0.0527862775616027,10.813541489150028,179.44869402604368,13.806448737818728,4.401353518492115,-39.32110994888234,-12.83418471799643,-0.5882336034361451,0.048375583991801224,-0.14904549114768895,-0.02985098622949635,193.2551427638624,197.6564962823545,41.35922379657308,0.18219283073615625,0.04477259528059406,0.9822429369255787,-0.05137998155154366,-0.012103247273917588,0.9986058325992241,-0.9733179079857716,-0.22945367989297402,0.001805208512491444
K15HJ5F,2737,43.37521826973578,0.2162616295878062,6.161807126258015,314.1588536981326,239.704600588121,21.67227128791371,-23.589518188306016,-25.904643888526,-0.7881352186262311,0.12204496639447941,-0.13698677904112339,0.01883715396211072,193.8634542862536,215.53572557416732,33.99482288299594,-0.05414685809476133,-0.0926783248145247,0.9942227345358983,-0.20996182275756736,-0.051818195803147706,0.9763354482799579,-0.9672908506611453,-0.24169964422908607,-0.0770044947179797,43.37521826973579,0.21626162958780648,7.314631791128803,304.92302895019697,231.2949939476588,21.67227128791372,-30.279469710583705,-17.568632248579647,-1.6229526889647548,0.07441555272804175,-0.1674541857703009,0.02089523878468553,176.2180228978558,197.89029418576953,33.99482288299593,-0.07961326787995122,-0.09935581077073709,0.9918619613855371,-0.21579066927822857,0.014264623529129583,0.9763354482799579,-0.9926151651840269,0.06178760839700642,-0.10439073376150373,43.61805628076697,0.2206680691088771,6.15075567595833,314.2974821749235,239.7107627458962,21.3557311912474,-23.598503123526093,-25.905034893734722,-0.787922725651703,0.12205746551109495,-0.13740732040894063,0.018826470947482698,194.00824492081972,215.36397611206712,33.992944023007794,-0.05404016714297811,-0.09251855463849665,0.9942434195823286,-0.21410560009032492,-0.05341524814322233,0.9753489648714248,-0.9667032202090025,-0.2441395654521848,-0.07668609142708406,43.618056280766936,0.22066806910887682,7.303829944374473,305.04886087219074,231.31407215380779,21.355731191247525,-30.28815557423323,-17.56629084879461,-1.6229795022987274,0.07430077024078871,-0.1678588566736306,0.020881388247453076,176.36293302599847,197.718664217246,33.99294402300778,-0.07946329830819242,-0.09923634876572192,0.9918859467225207,-0.2202236210726344,0.013998337254716161,0.9753489648714249,-0.9928007346781162,0.059284161964959114,-0.10407732396014532
K15KH4A,2766,43.50980488662927,0.1208760215121782,13.67642624941129,52.2599696103558,80.6976669711336,95.37091455929624,-20.67784763399902,-39.38708255749269,3.4162764957585017,0.1173596475062821,-0.08413458951215272,-0.031491843570094616,132.9576365814894,228.32855114078563,38.25051277516239,0.03821884861294255,0.23332902296178598,0.9716464823455079,-0.08237186231105434,0.08846405414642307,0.9926676117529912,-0.6593304404169614,0.7282334006152678,0.18697455593716206,43.50980488662925,0.12087602151217847,12.2887106080741,55.61558373033862,59.84516954046444,95.37091455929624,-31.691890445110605,-31.30076821197177,2.544128459142819,0.08729672695190799,-0.11565573210817524,-0.029097857663865148,115.46075327080305,210.8316678300993,38.25051277516236,0.10691664109657828,0.18403475185881998,0.9770875303497062,-0.051963723942779046,0.10913653820151747,0.9926676117529912,-0.41354275256132755,0.8933812947985592,0.17564809679598106,43.66883669456971,0.1224369223106105,13.65933849681567,53.98174517302056,80.71167295287279,93.34987738684022,-20.686832569219142,-39.38747356270138,3.41648898873303,0.11737528693561178,-0.08459055480878193,-0.03146879381335327,134.69341812589334,228.04329551273355,38.322158728801945,0.03811503685083795,0.23305236620768371,0.9717169539381614,-0.08611148462794058,0.08703799262429267,0.9924762969739406,-0.6807368158192522,0.7071879953048847,0.19100399703912976,43.66883669456969,0.12243692231061032,12.27145837568075,57.34038757851684,59.85599838012143,93.34987738684038,-31.700576308760166,-31.298426812186683,2.544101645808845,0.08717331091885876,-0.1160951206788608,-0.029078200565832928,117.19638595863827,210.54626334547865,38.32215872880193,0.10673410750948474,0.1838005253065957,0.9771515732941196,-0.055958794359377305,0.10890093332354572,0.9924762969739406,-0.44040727735053925,0.879785418923617,0.17893866744245393
K15KH4B,2767,43.51913219461046,0.07162682218863133,5.980556209210803,255.7632978919608,153.6786474220676,197.1348493245586,-20.022825676021142,-41.70479262669435,4.8461579485561685,0.1287193461275271,-0.05872961160630796,-0.0004645356096853459,49.44194531402843,246.57679463858702,40.40199505110355,-0.09338856957197463,0.046198818476183186,0.9945573106888839,0.046573062870504625,0.054418300889515395,0.997431500576936,0.64787899338616,0.7550189523337637,-0.10099104685942079,43.519132194610414,0.07162682218863203,5.015998158765863,242.6411054234541,149.15907615759113,-162.8651506754497,-31.8069592850396,-33.708070145184564,3.9713815074121253,0.10493816346106545,-0.09486908099163392,0.0024274392845318755,31.800181581045194,228.93503090559548,40.40199505110348,-0.07507021515840503,0.044823534062645685,0.9961703235843786,0.06087499318134841,0.03774436198974219,0.997431500576936,0.8481473205534324,0.5240381454949362,-0.07765400636323266,43.63642508424459,0.0682092327487509,5.980478066398068,257.3920466647224,153.5172539369131,195.3402224618274,-20.031810611237834,-41.70518363190459,4.846370441530682,0.1287273717728568,-0.0592026044686112,-0.0004622817586250297,50.90930060163549,246.2495230634629,40.66001800934992,-0.09325685011164474,0.046461091352275795,0.9945574527887314,0.043009319876774754,0.05294051223694895,0.9976710382525027,0.6281813639168794,0.7713947863408853,-0.10167722278676312,43.63642508424458,0.06820923274875135,5.012108128737869,244.2958044255317,148.97189455697898,-164.6597775381736,-31.815645148686357,-33.705728745402,3.9713546940782134,0.10480292333905868,-0.09532240171641719,0.0024259667021311665,33.267698982510694,228.60792144433708,40.66001800934989,-0.07486542265163901,0.045033681429143636,0.9961762575107529,0.05703088167475654,0.0374162794458943,0.9976710382525027,0.8343408025044798,0.545599153299984,-0.07872095778457759
K15RR8D,2830,44.08321036055246,0.1211587134187042,2.602935039129587,175.0096887491432,192.1529669157738,9.569525397894662,36.62484746194198,12.921777029886162,-0.22375197742011796,-0.05275713399334807,0.16114990436736856,-0.007666778653850535,7.162655664916997,16.73218106281166,38.74214530990183,-0.044396386373255804,-0.00956069744393374,0.998968244711203,0.1202132126846992,0.01510686378104228,0.9926331478258845,0.9921772861723804,0.12477430309261617,0.003950454576686527,44.08321036055244,0.12115871341870421,2.9134588547143703,142.35337575220706,207.19120224047535,9.569525397920652,38.80866526064906,1.2546095469252379,0.8457504003346396,-0.001401066300682652,0.16955826556763937,-0.007708304005825316,349.54457799268243,359.1141033906031,38.742145309901815,-0.04521041247907482,-0.02322622101859943,0.9987074452814834,0.11914704201778271,-0.021986728171522422,0.9926331478258845,0.9830356337248578,-0.18076823486515087,0.03104493663875873,43.65074633693431,0.1127276535614956,2.610189314882256,174.3517816813919,192.1825218763132,10.24663311175178,36.615862526722665,12.921386024675066,-0.22353948444548036,-0.05262747459981787,0.16052953830461977,-0.0076596975336227615,6.53430355770513,16.78093666945691,38.730100126163656,-0.04451508047013027,-0.009610287867554964,0.9989624867720712,0.11199536364358781,0.01282818770602861,0.9936259236365159,0.9934823532537005,0.11389786781941597,0.004482128922793111,43.65074633693434,0.11272765356149572,2.9202936971089937,141.77950927745974,207.13661530748175,10.246633111773678,38.79997939699954,1.2569509467077857,0.8457235870007762,-0.001465033059398122,0.16892771367070705,-0.007702983154462205,348.9161245849415,359.1627576967152,38.73010012616368,-0.04533854172815428,-0.023237477084024204,0.9987013749328344,0.11062492277383447,-0.02167141755316796,0.9936259236365159,0.980980343490689,-0.19153079307261922,0.03152016798596035
K15RR8E,2831,44.03921502666003,0.08203025964047578,6.851630167260859,154.0401921406179,200.8665578255457,21.36279291038471,38.24970155018985,13.964493581348627,0.06917010749251529,-0.05032444102874728,0.15330449338017438,-0.019366254009526237,354.9067499661636,16.269542876548314,40.426666783660366,-0.11147419842637278,-0.04249332113528815,0.9928584092125579,0.08170636570805086,-0.007282396546887641,0.9966298392599512,0.9949380144173798,-0.08585582681212595,0.05222187730834712,44.03921502666003,0.08203025964047606,7.1179088511144775,141.21535216300137,196.01466541784725,21.362792910664695,40.66381485110084,1.757783799111749,1.189912617322897,-0.0011295942683216794,0.16134450388359975,-0.019404739965104403,337.23001758084865,358.5928104915133,40.42666678366035,-0.1191027693166505,-0.03418516408802556,0.9922932554932435,0.07563731721297058,-0.03174838171479579,0.9966298392599512,0.9207342289712741,-0.3823924466088031,0.07761762929391089,43.63183421202726,0.07419998317190975,6.872624110205769,151.7493653635014,200.8705307566985,23.70325323320276,38.24071661497651,13.964102576119021,0.06938260046960343,-0.050196412136048876,0.15268938566687212,-0.019351331371551733,352.6198961201999,16.32314935340264,40.39435284773528,-0.11181117131602648,-0.0426306531500142,0.9928146299188693,0.07358529769136667,-0.00953107897274164,0.9972433817766294,0.9905041788363523,-0.12527333120819512,0.056639775738655494,43.63183421202726,0.07419998317190968,7.1384858013494155,138.96197858413552,195.98089568478275,23.703253233460128,40.65512898745136,1.760125198874844,1.1898858039914866,-0.0011937429798078603,0.16071945722139708,-0.01939157963313366,334.9428742689183,358.6461275023784,40.394352847735284,-0.11946548485268824,-0.03421307165165712,0.9922486904284987,0.06721672392760246,-0.03142530074879402,0.9972433817766294,0.9044848309600145,-0.4186291513529543,0.08158936328186142
K15RR8F,2832,44.02740414637253,0.08668413152047594,2.381253065027804,184.6900536445487,252.5401892037438,307.9160587619568,40.09158138423277,12.108648702656987,1.4393041887259648,-0.05638837482678056,0.14770790228032626,-0.0040797965735193615,77.2302428482925,25.14630161024928,40.21092685484323,-0.012466150000020465,-0.039634494182453794,0.9991364781525485,0.019160118360703686,0.08454010008193151,0.996235846244523,0.22110109989210439,0.9752449755293178,-0.003397253496922938,44.02740414637251,0.08668413152047594,3.78389710152548,170.82117778382752,248.80784905941974,-52.083941238043465,41.82084052229481,-0.5677515855191473,2.5924552043430475,-0.009019149483277257,0.15784113754664683,-0.00432991828098649,59.62902684324729,7.545085605203823,40.21092685484321,-0.02385643019736593,-0.06153054880200278,0.9978200550712351,0.04382721410824362,0.07478846141597875,0.996235846244523,0.505272517222293,0.8628956280387268,0.010527034316411964,43.63346762490302,0.082815840319546,2.383538727150507,189.8095168366968,252.4924170948067,302.8950260777357,40.08259644901266,12.108257697448314,1.439516681700489,-0.05625628161135102,0.14709654565557992,-0.0040751196109810196,82.30193393150353,25.196960009239206,40.01992533749097,-0.012511182652076692,-0.03966209789229937,0.9991348198813952,0.01109340841300004,0.0820694809147403,0.9965648682309484,0.13409331155011128,0.9909433779622856,-0.007085581854698345,43.633467624903034,0.08281584031954659,3.7856399034876977,175.9303380089914,248.77033940268416,-57.10497392226416,41.81215465864526,-0.5654101857340503,2.592428391009071,-0.009078010257959863,0.15721843899907587,-0.004326861776597318,64.70067741167554,7.595703489411385,40.01992533749096,-0.02390769752331674,-0.06154320914693405,0.9978180472446018,0.03539111535043538,0.07487277450505501,0.9965648682309483,0.42720283146929283,0.9041436751652149,0.0046856635984066156
K15RR8G,2833,44.08421113656508,0.1767230489493993,3.551470403104924,28.11969183981931,332.4901798023767,14.93266683971818,33.94822089092083,13.776466424784587,1.7315639047470104,-0.058070822039030724,0.16856642028174204,0.007614300559724875,0.6098716421960262,15.542538481914207,36.29351493398224,0.05494113115898953,-0.02861251210388619,0.9980795540727581,0.17671303764388918,0.0018810520038493703,0.9842606179107383,0.9995252678675638,0.009841274241534304,0.029195688304574023,44.08421113656501,0.17672304894939828,4.800571968067472,41.558402978376634,301.5036626862988,14.932666839718014,36.462263994896865,2.8779172255849623,2.7371406937389944,-0.004646084805530326,0.17823344978002012,0.007489143301897385,343.06206566467546,357.9947325043935,36.29351493398222,0.043731312086710696,-0.07135277649036625,0.99649202386687,0.16905696329076195,-0.05148571833894702,0.9842606179107384,0.9546367778850602,-0.2925516661393996,0.055517068981455114,43.62552247640946,0.1685263787057275,3.557754772563628,27.24300739091559,332.5902257269745,15.76480590882928,33.939235955700696,13.776075419575958,1.7317763977215361,-0.05793760117135447,0.16794108333445104,0.007611139609244694,359.8332331178901,15.598039026719334,36.27347115431485,0.05508819082886823,-0.0285669296685682,0.9980727537411855,0.16852566484754797,-0.0004905174392639118,0.9856971439952201,0.9995896299764572,-0.0036938122124661743,0.028406467483104166,43.62552247640942,0.16852637870572684,4.80524199649709,40.69238315785508,301.59316578983317,15.76480590882925,36.45357813124732,2.880258625370111,2.7371138804050186,-0.0047078766060271076,0.1775970833821046,0.0074842781364396465,342.28554894768826,358.0503548565175,36.27347115431485,0.04388527105346379,-0.07135355906657785,0.9964851993848661,0.16053566139628028,-0.0512780824497651,0.9856971439952202,0.9506327721101548,-0.3054738851285824,0.0546171959607237
K15Ta1L,2905,44.07906488444353,0.1721662003858117,10.61405354261173,318.8127102710863,72.9018822731018,359.9024897227732,30.694110725767192,19.227672353759203,-4.438429134356127,-0.09169810222122352,0.15198450122989995,0.024798499764115002,31.714592544188122,31.617082266961347,36.49013976672923,0.054154221379787204,0.17605162673031025,0.9828901998862134,0.14645786997970808,0.09050576156408163,0.9850679161584304,0.8399080412787191,0.5290009794534879,-0.12129487183140124,44.07906488444355,0.1721662003858122,9.358541373732649,324.34467566567076,49.870905364923495,-0.09751027833752486,35.17739186037877,9.057453271018437,-3.4706069663026673,-0.04217078785953726,0.17258419173942946,0.023645667014909583,14.215581030594251,14.118070752256726,36.49013976672922,0.10480541054408953,0.12433223037080124,0.9866900842775845,0.16689423117357913,0.0422790273808135,0.9850679161584304,0.9634465360302835,0.2505714245247644,-0.09478783372816457,43.64181185852335,0.1640552417592556,10.6265995568077,319.2561005499724,72.85741309453957,359.6223463386406,30.685125790020408,19.22728134942346,-4.43821664123917,-0.09154234283246988,0.15137027823276392,0.02478382118632331,32.113513644511954,31.73585998315258,36.482143863261356,0.054354280377741114,0.1762151998706576,0.9828498438414497,0.13895422598317012,0.08721149826775072,0.9864511532008629,0.8363002975457849,0.534897670693884,-0.12035902214245849,43.64181185852331,0.164055241759255,9.37181893160389,324.78648828412304,49.82820647921836,-0.3776536613595727,35.16870599648701,9.05979467179478,-3.470633779500832,-0.04220742891033192,0.17195161172879314,0.0236299730166393,14.61469476334139,14.237041101981818,36.48214386326135,0.10504553513479942,0.12442880439361156,0.9866523745399998,0.1587471507312494,0.041394015067369186,0.986451153200863,0.9617634319148729,0.257282458861584,-0.09389801591867172
K15Ta2R,2911,44.21734105176382,0.1655149852223899,7.00828700282853,328.9570077855641,79.31872761653885,347.2289637769275,31.88389773598029,18.770694980872243,-3.4239335422221773,-0.09481787817645682,0.14832255374192155,0.014833627658113954,48.27573540210295,35.50469917903047,36.89870850100776,0.02261453333505255,0.1198988345737976,0.9925285146281103,0.11015791813809786,0.12353316722503344,0.9862072752047777,0.6617603478480822,0.7470705103215208,-0.06291974748779326,44.217341051763825,0.16551498522239005,5.667075596592972,336.5486499934424,54.19046026429389,-12.771036225500868,36.14522666105182,8.262417398384127,-2.4290521116298733,-0.045974926275729654,0.17003572835466174,0.01357216698803369,30.739110257736286,17.968074032235418,36.898708501007754,0.057776697013668596,0.08008125890187559,0.9951124786951883,0.1422607212320153,0.08459963077765074,0.9862072752047776,0.8579261722045812,0.5122677933076163,-0.03929874026149573,43.7861019648787,0.1580174678773709,7.014548974239263,330.2035688035994,79.27619844506218,346.1445565671545,31.874912800945243,18.77030397537929,-3.423721049276845,-0.09466002776783589,0.14771078515068392,0.014825627987828405,49.479767248661574,35.62432381581607,36.867133004168195,0.022723709303120235,0.11998859563171453,0.9925151736642801,0.10266656068215874,0.12012117828290131,0.9874363168557373,0.6460621257837179,0.760868658814051,-0.06068454220253156,43.78610196487867,0.1580174678773706,5.673968576139812,337.79649260768286,54.14675365967436,-13.855443435700433,36.13654079749359,8.26475879784232,-2.4290789249905367,-0.04600901761527519,0.16940485644088737,0.013563224704770104,31.94324626735721,18.087802831656777,36.86713300416818,0.05790788739464458,0.08013419472965659,0.9951005916049486,0.13408929134880548,0.08360372061069414,0.9874363168557373,0.8470719295524383,0.530163408259811,-0.03736183489404535
K15VG6Q,2977,43.95168008020203,0.05143946811914203,2.017440837825459,282.0198844936831,58.32954854064656,71.58873916262849,23.201119622349683,36.612498407200164,-0.01843326298975606,-0.12488555734855164,0.08811442631577049,0.005373685375255763,340.34943303432965,51.938172196958135,41.69082903393375,0.018483102322711997,0.029961243376686663,0.9993801573094451,0.04844368646740712,-0.0172982115210731,0.9986761142230346,0.9412450588757524,-0.3359645586179459,-0.034431881950169316,43.95168008020206,0.05143946811914213,1.5504888825955176,332.4977951788548,350.290323397271,71.58873916794991,33.164941749630415,27.893581071847873,0.8956030732807202,-0.09254701435335286,0.12172304672577246,0.002825081203023621,322.7881185761257,34.376857744075664,41.690829033933774,0.026670229816782832,-0.004563461907883059,0.999633869802807,0.04096662518399839,-0.031108752810327,0.9986761142230346,0.7964330402852454,-0.6045976276012731,-0.01249484057172885,43.66326109483841,0.04791496931645464,2.022800503882957,275.4934880680512,58.32959823899827,78.38835711568197,23.192134688093756,36.6121074013025,-0.018220770056602886,-0.12470755421993462,0.0875430119384739,0.005372026186450968,333.8230863070495,52.21144342273146,41.57113727922288,0.018532159315302874,0.030040823432728746,0.999376859847473,0.04300062768460674,-0.02113741477396473,0.9988514182376692,0.8969082858768674,-0.4408186168863345,-0.0351350783667599,43.66326109483837,0.04791496931645456,1.5539037920169303,325.8190024911879,350.4428252852191,78.38835711952954,33.156255886692755,27.89592247068491,0.895576259924976,-0.0925498909705106,0.12112455615952152,0.0028233421031025174,316.261827776407,34.65018489593655,41.571137279222846,0.026741034318604938,-0.004502350835758297,0.9996322553421948,0.03461888627639675,-0.033126681052871726,0.9988514182376692,0.7225410007571405,-0.6911601861068892,-0.015234807696852364
K15VG6R,2978,43.89881666515037,0.1738797797733943,6.81983632222815,186.7825347375533,227.1469470356505,5.6174564237096,17.08409444941318,32.03125812623341,-1.1075301214098867,-0.1559931358522927,0.08673958681202266,-0.020731846080285953,53.929481773203804,59.5469381969134,36.265700091101415,-0.08076275808103893,-0.08705401460461291,0.9929244560631808,0.10237702801072812,0.14054580018532994,0.9847668872306562,0.589393126228989,0.8077246207075301,-0.014024259584576343,43.89881666515035,0.17387977977339397,7.72127031735198,176.5084323187223,219.75682096275312,5.61745642372235,25.982539533170012,25.374169737766344,-0.3918581401148613,-0.12188604451562547,0.12980930616770545,-0.02409896221505839,36.26525328147545,41.882709705197804,36.26570009110141,-0.10328679784136649,-0.085923526518818,0.9909333907898384,0.14019703333620978,0.10285411833159462,0.9847668872306562,0.8059340267901377,0.5919488094991107,0.008182383174801687,43.57697779405397,0.1676876908233778,6.83420214764865,187.3060294792345,227.1922398726197,5.303617611405052,17.075109514198292,32.03086712102181,-1.1073176284346644,-0.15579428301922077,0.08616909391094316,-0.020716008160717923,54.49826935185422,59.80188696325927,36.269655014707446,-0.08086308965849663,-0.08730047255294514,0.9928946511201047,0.09738086122300806,0.1365142099605092,0.985840168762829,0.5813904467190608,0.8134839581708699,-0.015132688540549296,43.576977794053946,0.16768769082337742,7.736365491899987,177.05671901108184,219.77718570291273,5.303617611411601,25.973853669524544,25.376511137547066,-0.391884953448028,-0.12186925679037974,0.12920539582189128,-0.02408265560294,36.83390471399457,42.137522325406174,36.269655014707446,-0.10345689147281963,-0.08612726422824014,0.9908979594102211,0.13421333054305112,0.10052832216951757,0.9858401687628291,0.800077736906484,0.5998565139708761,0.006912130880363216
K15VG6S,2979,43.92984872037059,0.1295241123817773,2.731052386968982,199.4571410751566,69.76603672076375,138.2502593386772,26.907426765549168,40.298149727022114,-0.5394916474247118,-0.10667603445187486,0.08420783120402486,0.0061638847059965664,269.2231777959204,47.47343713459759,38.239874057798836,0.016479206595261576,0.04470737529282101,0.9988641981492867,-0.001756047735667121,-0.1295122078594807,0.9915762725638975,-0.013912679354173119,-0.999777240605389,-0.01587156327089784,43.9298487203706,0.12952411238177708,1.7714991721249658,232.57899488806666,19.084880754659107,138.25025933867715,37.82404427807527,30.287463586515063,0.5027541628377419,-0.07639617584359734,0.11249828273553494,0.004060706239282261,251.66387564272577,29.914134981402924,38.23987405779885,0.02921441012648606,0.010107763803571224,0.9995220614633039,-0.04074711949624246,-0.12294782609320978,0.9915762725638976,-0.31471510486805265,-0.9488686085031776,-0.024551304754205753,43.67014859497493,0.1333104350934952,2.737136707014941,197.1316365249037,69.74010144340504,140.8928935507698,26.89844183032909,40.297758721813395,-0.5392791544501878,-0.10651023617161152,0.08363903520008538,0.006161695889848143,266.87173796830876,47.764631519078534,37.84846208518124,0.01653617198084837,0.04479941941547298,0.9988591327290632,-0.007274930423081917,-0.1331117856996754,0.991074330156514,-0.0548866214027357,-0.9983935020220325,-0.014066766194637766,43.67014859497489,0.13331043509349594,1.7772728383917,230.153873755614,19.1586269434495,140.89289355076983,37.815358414425745,30.28980498630011,0.502727349503765,-0.07640987748662198,0.1119059750208749,0.0040581389674695075,249.3125006990635,30.20539424983332,37.84846208518117,0.029296518672925473,0.010178412830356611,0.9995189412441876,-0.04709467628525729,-0.1247147287629012,0.9910743301565139,-0.3533919539279485,-0.9351722441270661,-0.023811776778175784
K15VG6T,2980,43.92719601995783,0.2017860044720679,8.251832632683133,69.77283331003098,67.03112155544656,306.5112006997661,18.763505327815274,35.34878490799085,-0.5049337205136695,-0.15571505388352602,0.04902490599852737,0.023566762716429365,136.80395486547752,83.31515556524363,35.06330264742922,0.05600763293980704,0.13214523436290201,0.9896467966338565,-0.14710520098405475,0.13812187170843823,0.9794296342255521,-0.7200713759119308,0.6807058040219908,0.13467301868998918,43.92719601995782,0.20178600447206785,7.126078581628361,78.07434108752334,41.22122836326017,-53.48879930023893,28.568052033515148,28.0294030739884,0.2822251702558666,-0.13422988187069274,0.09377251529314076,0.01987626493141743,119.2955694507835,65.80677015054457,35.06330264742921,0.09330914387778841,0.0817470668927022,0.9922755770063245,-0.09873692184530468,0.1759790097293299,0.979429634225552,-0.48433472919149745,0.8664224288692157,0.1213756353283792,43.69430295091854,0.202121141708912,8.266896241793056,71.45091710939353,67.03144443399182,305.1244124617598,18.75452039259614,35.34839390278185,-0.5047212275392907,-0.15551638743358187,0.048479691182976785,0.023552909704014746,138.48236154338537,83.60677400514516,34.862760552303804,0.05610841827002923,0.13238510513508778,0.9896090285247033,-0.1513385481145865,0.133976116454699,0.979360528137767,-0.7396815319310346,0.6590063983052176,0.13631507001407678,43.694302950918534,0.20212114170891204,7.140977994590515,79.73501740451886,41.23909366254044,-54.87558753824632,28.55936616986644,28.031744473772893,0.282198356921767,-0.13420482074714846,0.09319275843510327,0.01986309735656671,120.9741110670593,66.09852352881298,34.8627605523038,0.09347768023257828,0.08194625216437937,0.9922432842073298,-0.10402178984865541,0.17329865308881162,0.979360528137767,-0.5096193078282674,0.8516605092560586,0.12232145381063968
K15VG6U,2981,43.94350731833439,0.08191328975777779,3.548552088621638,152.4688754659454,76.5939118164582,192.5348821211432,23.890834285275396,41.0106131222394,-0.8515331669576631,-0.12113064774624994,0.06807647570489143,0.008285811039360644,229.06278728240358,61.597669403546774,40.343950070394634,0.014350279082907797,0.060207787456807514,0.9980827079054113,-0.05367217514414857,-0.06187959804521603,0.9966394598655315,-0.6543695086633984,-0.7556335395085478,0.02860944077409514,43.943507318334355,0.08191328975777812,2.3406472325266137,172.79206722366385,38.71351987068941,-167.46511787885944,35.173201092972036,31.877885289319337,0.11753551489593705,-0.09509980671925426,0.10148692558740835,0.005667956349609007,211.50558709435325,44.0404692154938,40.34395007039459,0.03186725008995984,0.025542829855888356,0.9991656730566043,-0.06983838698649494,-0.04280638669715411,0.9966394598655315,-0.8525237379335882,-0.5226633886330316,0.005124299208604662,43.70818602082993,0.0880591320079673,3.554574631334516,151.6659970659435,76.57109024157013,193.6718466642073,23.88184935005785,41.01022211702929,-0.8513206739833153,-0.1209551613301279,0.06751849166530681,0.008282200012173183,228.2370873075136,61.9089339717209,39.859281098192874,0.01439862387595244,0.06030410972353544,0.9980761964804744,-0.05865176614310435,-0.06568394825443435,0.9961152489897961,-0.6651616937141847,-0.7461193343609577,0.029425500981946316,43.7081860208299,0.08805913200796789,2.3467861467013518,171.94774960663509,38.7321969663577,-166.3281533357999,35.16451522932451,31.8802266891023,0.1175087015618389,-0.0951009723425808,0.10090199818254329,0.005664311826049505,210.67994657299278,44.35179323719288,39.859281098192824,0.031942433093627744,0.025620198547831204,0.9991612914812247,-0.07573357526688829,-0.04493146233199274,0.996115248989796,-0.859957401184348,-0.5103335858240646,0.005735793599357328
K15VG6V,2982,43.92052804858503,0.07176609250760096,2.76300340275929,44.5077737491378,148.24305227556,232.993114287497,23.276826694457935,39.55950538172931,-2.21459622624334,-0.12798074328055747,0.06614426495778908,0.000536504292904541,192.7508260246978,65.74394031219481,40.76852336966759,-0.0409879981342533,0.025371016897564252,0.9988374720196124,-0.0699962788502943,-0.01583960166548965,0.9974214896252188,-0.9749102223024093,-0.22001856307126771,0.03379186816856428,43.920528048585034,0.07176609250760091,1.8729290208510958,11.192401039332212,163.9512512005672,-127.00688571250275,34.18747304178041,30.68004532072726,-1.2732123121655572,-0.10199737235262728,0.10171423421333217,-0.0022743935150670697,175.14365223989944,48.13676652739669,40.7685233696676,-0.0314091982636907,0.00903537084122572,0.9994657694679662,-0.07150845826839304,0.0060755600471908274,0.9974214896252188,-0.9963814166578323,0.0847574625747155,0.0063439007579498595,43.68256616929639,0.07745736732947431,2.762900756251626,46.4034539189304,148.3812311236455,231.2641518586488,23.267841759237797,39.559114376520654,-2.2143837332688148,-0.12780066562046863,0.06558757597326514,0.0005380872017296187,194.78468504257592,66.04883690122472,40.29902959562714,-0.041047541742708346,0.025271155307804508,0.9988375583778824,-0.07489288044741198,-0.019766138011831504,0.9969956651091252,-0.966450278351045,-0.25447043362088256,0.03490928082885208,43.68256616929639,0.07745736732947417,1.8765033052858713,13.054355559323461,164.12308704278905,-128.7358481413512,34.17878717813084,30.68238672051238,-1.2732391254995337,-0.10199391491538103,0.10112915445593462,-0.0022727147163818236,177.1774426021125,48.44159446076131,40.29902959562714,-0.03149612606171765,0.008958188078170348,0.9994637286612559,-0.07736339819991969,0.0038142328945352704,0.9969956651091252,-0.9987536898754295,0.04935950636920855,0.007396356616786682
K15VG6W,2983,43.911069208147,0.09224081922883172,1.515377836586057,69.22439428684979,59.22974683892753,301.2849183401982,20.9374643797333,36.52458199082467,0.018408493590104213,-0.1423839896469749,0.06664936258796561,0.00413847806134009,128.4541411257773,69.73905946597552,39.86067621117359,0.01352930598184916,0.022722435798403443,0.999650263237617,-0.05736346291078171,0.07223435370299497,0.9957367278894527,-0.6216070837282212,0.7829388695880177,0.024725694067777623,43.911069208146984,0.09224081922883198,1.2683561396762004,137.66651087953588,333.2208594249625,-58.71508165980177,30.980292886574908,28.493569062599697,0.8722487412476443,-0.11566925436184929,0.10654661918427034,0.0009521436929605834,110.8873703044984,52.172288644696636,39.86067621117357,0.019761182365536884,-0.009973063051915743,0.9997549868267117,-0.032886809681036494,0.08617903736413714,0.9957367278894527,-0.3566064066209009,0.9341357810422116,0.014906821713092593,43.65541290847623,0.09224140393163147,1.519417755964932,73.13060225946903,59.23159827894545,297.6662126490152,20.928479444513215,36.52419098561597,0.01862098656462874,-0.1421942582794712,0.06609233506415613,0.0041376467643679795,132.36220053841447,70.02841318742969,39.628576332583314,0.013564629761012857,0.022783436797280742,0.9996483961009246,-0.06215364743685189,0.06815717650822921,0.9957366737248968,-0.6735259507985125,0.7387279044171434,0.02537472830230284,43.65541290847622,0.0922414039316316,1.2698005247743305,141.40424627710286,333.3912245799684,-62.33378735098467,30.971607022925383,28.495910462384757,0.8722219279136679,-0.11565663341067216,0.10595830054381578,0.0009516599204187127,114.79547085707128,52.46168350608661,39.6285763325833,0.019813282921071946,-0.009925548866468748,0.9997544284971129,-0.038684229749668106,0.08373772726766182,0.9957366737248968,-0.41944893718624454,0.9076736652289827,0.013824129018296855
K15VG6X,2984,43.80337776943106,0.1191160014409868,3.061643513105582,152.928402044162,43.9883903937473,231.5860723311901,24.58604945738464,40.50444508972752,0.6454151275242808,-0.12471089167346253,0.06143997293864861,0.0069970282666909295,196.9167924379093,68.5028647690994,38.58569455992742,0.03842769569628648,0.0370941495881943,0.9985726494701336,-0.11396165468312343,-0.03466068466106379,0.9928803443520829,-0.9562771929509128,-0.29144997625099467,0.024307233187205898,43.803377769431044,0.11911600144098689,2.7504415755003744,183.87423724416868,355.49796800336736,-128.41392766880992,35.64160228938033,31.185355342897765,1.6279616142244808,-0.10047996443082033,0.09624196386953662,0.004230404209143276,179.37220524753604,50.958277578726126,38.585694559927404,0.04783776874870025,-0.0037666211324232446,0.9988480166904226,-0.11910885111464845,0.0013051380914300798,0.9928803443520829,-0.9999338620701037,0.011034461741164611,-0.0032422429966763953,43.58091419459153,0.1248730426763644,3.071670367879406,153.9531267786199,44.04024060353999,230.8210070941458,24.57706452216457,40.50405408451883,0.6456276204988012,-0.12453300561587075,0.06088643698349003,0.0069942810400311015,197.99336738215987,68.81437447630572,38.138832836495325,0.03851973143664518,0.037250390318943186,0.9985632872838532,-0.11876578712496165,-0.03857414413621407,0.9921727285169386,-0.9506537245804813,-0.30936039874408267,0.02352954802287416,43.580914194591536,0.12487304267636434,2.7576216362383743,184.79423224573785,355.6546546666192,-129.17899290585407,35.632916425730826,31.18769674268284,1.6279348008905008,-0.10047752402902084,0.09566055187532607,0.0042277231980728455,180.448886912357,51.26989400650294,38.13883283649533,0.04797270158411042,-0.0036452692934857422,0.9988419954700042,-0.12486921032695157,-0.0009783146613643319,0.9921727285169387,-0.9999619769774528,-0.007737969489234706,-0.004020998324778413
K15VG6Y,2985,43.94626414070444,0.07815055805435571,1.225748455121332,283.8360376629204,60.80858844492311,67.77881739391036,20.79280525124232,37.50955846402249,0.00304844041923924,-0.12917579003607327,0.08474487776629142,0.003297268247167547,344.64462610784346,52.42344350175381,40.51183907370427,0.010433355368464802,0.018674864003653424,0.999771171093766,0.07536073522401843,-0.020694668654090857,0.9969415681351604,0.9641079760222988,-0.26469676151984894,-0.02077101372322401,43.94626414070443,0.07815055805435545,1.1592862650343951,6.682659747315387,320.39189990892254,67.77881739391056,31.140292621502862,29.476229173606427,0.861292532887731,-0.09759554063967903,0.11980689005738446,0.0006087355646676221,327.0745596562379,34.85337705014848,40.511839073704266,0.015587186529401534,-0.012898554283005719,0.9997953125082684,0.06559790621775678,-0.04247851720638994,0.9969415681351604,0.8393634169479359,-0.543565553632311,0.0023543988372404,43.6623782032663,0.07427183961797622,1.229117874879074,279.9476093688305,60.80610308372113,71.95319717008482,20.783820316022197,37.50916745881382,0.003260933393764792,-0.12899491140157693,0.08417572180944613,0.0032970007670748945,340.75371245255167,52.70690962263649,40.419493052013884,0.010462843173481805,0.01872573702435894,0.9997699113724225,0.07012081476648471,-0.024482187335340792,0.997238032688165,0.9439125388852472,-0.3295189304564267,-0.02112802418730785,43.66237820326631,0.07427183961797634,1.1597635410782723,2.6269332356957777,320.5567470915372,71.9531971700845,31.131606757853305,29.47857057339153,0.8612657195537547,-0.09759503350921535,0.11920968378340654,0.0006084819597914231,323.183680327233,35.13687749731747,40.419493052013884,0.01563066432098378,-0.012858945761165882,0.9997951439403955,0.05945911720469611,-0.04450752230215261,0.997238032688165,0.8005547523554147,-0.599258898905894,0.0009276654871178026
K15VG6Z,2986,43.97761864995314,0.06800072873007713,4.456096103549887,351.7764133021699,61.08955201287341,5.851204200550735,20.756589806565085,35.36340089601086,-0.08367226072376333,-0.1381101800762155,0.08248785821027144,0.012529430491806307,52.8659653150433,58.71716951559403,40.9871085339429,0.037561108480233384,0.06801251474597342,0.9969771617081632,0.04105079279800871,0.0542119130678534,0.9976852714619869,0.6033031683550063,0.7974345007915723,-0.011113235357308618,43.97761864995308,0.06800072873007668,3.558121622416542,10.558465036819346,24.769663858965398,5.851204200551523,30.460113399707197,27.441272078621452,0.7557928031190966,-0.107045196489196,0.12035418034687168,0.0095839659261517,35.328128895784744,41.179333096336265,40.98710853394286,0.05635137986598768,0.026001795612351525,0.9980723564011442,0.055478652750075075,0.03932198109020021,0.9976852714619869,0.8160017859047143,0.5779375081660565,0.011371985540192428,43.6877360264228,0.06173678579092746,4.46593576711085,353.3698981379791,61.09315914801214,4.527315949294321,20.747604871345025,35.363009890802175,-0.08345976774923963,-0.137923313209262,0.08192021501005557,0.012522975198852019,54.463057285991226,58.990373235285546,40.99059562566895,0.0376395893123773,0.06816476144839932,0.9969638040636573,0.0358831333353438,0.050237749370695355,0.9980924652957787,0.5809208745332661,0.8139103824473973,-0.008990376846202252,43.687736026422805,0.06173678579092767,3.5673485349124165,12.100463306258945,24.8248532939572,4.52731594929606,30.451427536057697,27.44361347840652,0.75576598978512,-0.10703835577181553,0.11975660725417875,0.009577696715787298,36.92531660021615,41.45263254951221,40.990595625668945,0.05647218452644873,0.02612354459605832,0.9980623491508677,0.04935357684240182,0.037089825729652984,0.9980924652957787,0.7995898141255795,0.6004048640324738,0.01304332751899836
K15VG7A,2987,43.97124703318541,0.09904429050382481,11.36172940296539,223.8114255989155,222.0136253309829,339.2545969113628,19.819442229213603,34.60960312129721,-2.501535037787239,-0.14489942695622304,0.07337516741095484,-0.03044225223571486,85.8250509298984,65.07964784126119,39.61614606821515,-0.14637005603664474,-0.1318552313712897,0.9804029807461079,0.007210636610638794,0.09878146689068429,0.9950830259423552,0.08188247706451879,0.9872664922381567,-0.13638230550018143,43.97124703318546,0.0990442905038259,12.099230553013868,216.93844979564176,211.16115885066606,-20.745403089622286,29.406079077865126,27.005779331400344,-1.6920378264598468,-0.11508263093598242,0.11371807374064699,-0.03362554992233721,68.09960864630784,47.35420555668556,39.61614606821515,-0.17936256183679977,-0.10845970899899847,0.9777860517184691,0.036942937984389336,0.09189663113785958,0.9950830259423551,0.3799018423339674,0.9164102313324828,-0.12596379678464226,43.6928458572308,0.09481254397111756,11.38926142216929,226.520379864476,222.0705998230117,336.7635365923491,19.81045729434098,34.60921211591597,-2.501322544739585,-0.14470800962807065,0.07281363194974137,-0.03041990596267103,88.59097968748767,65.35451627983679,39.550215988168844,-0.14658856337983067,-0.13231636381583667,0.9803082030426924,0.002331399213401524,0.09478387559064491,0.9954951438885701,0.0341636788340568,0.9890908129161505,-0.14329063770320763,43.69284585723079,0.0948125439711176,12.127908184897194,219.66660599578682,211.19864690545813,-23.236463409122837,29.39739321449259,27.00812073091597,-1.6920646397130321,-0.11507040316525675,0.11312494846788558,-0.03360285816015406,70.86525290124496,47.628789492122124,39.55021598816884,-0.17971015863567086,-0.10883054013162025,0.9776810177239823,0.031078689522301643,0.08957417904648352,0.9954951438885701,0.3351707590131285,0.9325640586246831,-0.13410756452945577
K15VG7B,2988,43.92800610480426,0.07421485489447316,2.938788484220019,325.7606661104395,101.4235454766691,353.8839024997723,20.2667818644541,35.25615036683964,-1.3782908490109893,-0.14131092823553285,0.07987312577120234,0.006298578054671442,67.18421158710862,61.06811408688094,40.66789550593268,-0.010154356009652029,0.050253401465656836,0.9986848775740828,0.02877826460772602,0.06840801249251004,0.9972422751332759,0.38704430375763105,0.9216097772689686,-0.02884658335076877,43.92800610480428,0.07421485489447377,1.3796246779672274,332.81221443949556,76.79396933637163,-6.116097500228392,29.996645979407617,27.486991418620224,-0.5520907840446244,-0.11071314849495134,0.11882846976069386,0.003249656816916243,49.60618377586718,43.49008627563879,40.66789550593268,0.005500394903839981,0.02343995556171514,0.999710115052942,0.048094024358048125,0.05652264597535461,0.9972422751332758,0.6479087583936998,0.7616385117366676,-0.011000828890970375,43.64175600182764,0.06861515746222936,2.939403993546192,328.3718734318409,101.421883904953,351.5494061300446,20.257796929234086,35.255759361630865,-1.3780783560364673,-0.14112191608233945,0.07930723508297552,0.006296298960946298,69.79375733679393,61.34316346683852,40.64727004183404,-0.010155023252016348,0.05026421198117211,0.9986843267502814,0.023699706297309747,0.06439226471392186,0.9976432028367824,0.34472417014978224,0.9383187643548466,-0.026891317820775487,43.64175600182761,0.06861515746222913,1.3802459904133857,335.4221358779932,76.79359572483402,-8.450593869954854,29.98796011575813,27.489332818405195,-0.5521175973786023,-0.11070384935017362,0.11823191926826944,0.0032476331471237053,52.21573160282719,43.76513773287233,40.64727004183403,0.005503024436342361,0.023450473794789508,0.9997098539080491,0.04203982625033575,0.05422815543984581,0.9976432028367824,0.6125725903344585,0.7903508380037781,-0.010018704390151309
K15VG7C,2989,43.99339956775159,0.1448904184514654,3.696346843184917,277.7834710774322,163.568713736869,344.8000055934331,18.424285897251856,33.05940597383744,-2.385199647841826,-0.15497811250255106,0.0773774711386446,-0.001962604337757909,81.35218481430115,66.15219040773428,37.61917749527754,-0.061835758503607396,0.018235949457072506,0.9979197307988668,0.021785787147625288,0.14324319473328956,0.9894477078860506,0.1497774259627896,0.9866543172550848,-0.06387472828798316,43.99339956775158,0.14489041845146566,3.102311299884152,252.82475688518707,170.90283904256583,-15.19999440916087,27.605298595155535,25.94944580452159,-1.6252887242694884,-0.12426290308415831,0.12057793950862458,-0.005388100908787865,63.72759592775287,48.527601518592,37.619177495277526,-0.053438364388235786,0.00855672336701182,0.9985344879856332,0.06413420150019357,0.12992319868666025,0.9894477078860505,0.4424179779637768,0.8953171797758995,-0.051705709284108115,43.69551969159937,0.1401237840967667,3.698361301928048,279.36266121288,163.70951163145,343.3458431770172,18.415300962823245,33.05901496824213,-2.384987154857292,-0.15477993998233086,0.07681325315419198,-0.0019593464134770476,83.07217284433,66.41801602134717,37.57273812433768,-0.06191406166577966,0.018093781983249846,0.9979174635317235,0.01690158826924601,0.1391007231597815,0.9901339935233022,0.12004259777179141,0.9907265797214674,-0.06364447307978052,43.695519691599415,0.14012378409676762,3.1079685912343553,254.40837698978595,171.03911398767866,-16.65415682662085,27.596612732143203,25.95178720369902,-1.6253155375758905,-0.1242445222781708,0.11998021644486656,-0.005384335162675608,65.44749097746461,48.79333415084376,37.57273812433768,-0.053555954979732784,0.00844495591790811,0.9985291394875532,0.058225216650008293,0.12745390937769288,0.9901339935233021,0.4153063362761489,0.908181396756113,-0.052222577827966556
K16QD4N,3154,44.1327873672649,0.1619732888088917,5.738137532173345,280.2296062980766,130.4188122835649,341.8724985866143,33.72044261740014,15.96354400943058,-3.6197428140075507,-0.08468401361022242,0.1533438626881005,-0.0035121164060905904,50.64841858164152,32.520917168255835,36.9844546530855,-0.06482536025720842,0.07611888990952692,0.994989239774212,0.10270358200708389,0.12524903405009888,0.9867951427284345,0.6303230986857461,0.77007250250322,-0.09839274440540619,44.13278736726487,0.16197328880889128,4.326634789307509,272.0817949937691,120.95356371584872,-18.127501413385914,37.05305215458464,5.031629027794315,-2.5999155852160625,-0.03429647501236877,0.17176125677828907,-0.004458679015346533,33.03535870961781,14.907857296231896,36.984454653085486,-0.038803221173555114,0.0646981211120154,0.9971501708123662,0.13578776327270498,0.08830079067009729,0.9867951427284345,0.8358919412943424,0.5436916737769149,-0.07539248201798804,43.69763711768869,0.1546633375173124,5.740941694984737,281.6345954478007,130.4938080069956,340.4874905981695,33.71145768218005,15.963153004221859,-3.619530321033027,-0.08453295537739453,0.15272872858768005,-0.003507819928486133,52.128403454796285,32.61589405296576,36.93921471944657,-0.06495656026587873,0.07607100590825436,0.9949843452730961,0.09494688703063704,0.12208946152385775,0.9879672322643125,0.6101580328097604,0.7861984341508456,-0.09797549252992752,43.69763711768872,0.15466333751731265,4.330474725715898,273.46857575835605,121.04665739175059,-19.51250940183018,37.04436629093511,5.03397042757936,-2.5999423985500396,-0.03433839377976493,0.17112922833696897,-0.004455536209687178,34.51523315010661,15.00272374827643,36.93921471944658,-0.03894275663369827,0.0646922436552426,0.9971451124668963,0.12743881166563015,0.08763616407195271,0.9879672322643124,0.8215341323859986,0.5651556553462882,-0.07537078051136431
K19QA9S,3230,44.00354901356131,0.0496768480616465,1.025402115293746,239.4049189205151,329.503126083424,143.3275438237189,45.64879194696064,-3.617889502853412,0.3588478917990884,0.015529396151752244,0.14388293910273378,0.002360081038578632,208.90804500393904,352.2355888276579,41.81759139504141,0.015419941931862226,-0.009081906750102633,0.9998398593577875,-0.043486946863420944,-0.02401405184132647,0.9987653431946165,-0.8753267037692682,-0.4832865274253857,-0.015404352551768504,44.00354901356128,0.04967684806164685,2.439802969303477,265.023555713718,286.31155794787264,143.32754382382606,42.3973783989137,-17.238306684350015,1.5274783261389524,0.058180450903969165,0.13247018710693678,0.003964461205726187,191.33511366159064,334.66265748541673,41.81759139504137,0.011956147133870772,-0.04085623830775694,0.9990934982958567,-0.048707870787781056,-0.009763839237757414,0.9987653431946165,-0.9796276547753298,-0.1962934354995797,-0.04240925817742516,43.65638388406261,0.05698549186962514,1.028770082215346,235.4440588315145,329.5712010099236,147.1121161405074,45.639807011742725,-3.6182805080428295,0.359060384773936,0.015613286822961703,0.1432741461413814,0.0023604417037573306,205.01525984143814,352.12737598194553,41.16860337518013,0.015481398819742127,-0.00909334585399906,0.9998388056840781,-0.051639979035522414,-0.024096863879640405,0.9983750065563425,-0.9061279608959973,-0.4227451583210518,-0.014786804880386837,43.65638388406259,0.056985491869625426,2.442312047513095,261.07078574608227,286.3715862873766,147.11211614064308,42.38869253527205,-17.235965284547223,1.5274515128055164,0.05807654991648327,0.13186449331832806,0.003961958441687506,187.44237203345892,334.554488174102,41.1686033751801,0.012011277495066216,-0.04088566749149344,0.999091633138178,-0.05650542573180294,-0.007381269978184455,0.9983750065563425,-0.9907146689861919,-0.12927599885485422,-0.04209703998691686
K19QB0X,3254,44.03132584760957,0.07167578121257842,3.405089533803189,80.43659125811534,24.03934714502083,259.2671696485895,44.69858222496415,-3.22506004888586,-1.2586605518501301,0.0005952990878087955,0.1477661854812109,0.008015097578024396,104.47593840313617,3.7431080517256987,40.87534616965656,0.05424347149110307,0.024195398383845688,0.9982345558523011,-0.017917039044730087,0.06940026890656135,0.9974279835594981,-0.24926422108596702,0.9666627906073315,0.05856959400279822,44.03132584760956,0.07167578121257845,3.5881728166728726,106.3755594344218,340.5646359153025,-100.73283035141063,41.65508483718571,-16.576792666465234,-0.11110231982167074,0.04496622055682685,0.1406832636404476,0.009257433886555205,86.94019534972432,346.20736499831366,40.875346169656545,0.05901827844879361,-0.020824570309085712,0.9980396685905739,0.0038259302860426843,0.07157359757536123,0.9974279835594982,0.05275245855468019,0.9968007271597682,0.06004571966588684,43.66765551855757,0.0736147548389203,3.416079770607707,86.85109301922242,23.94006859125443,252.8621295290673,44.68959728974404,-3.2254510540945507,-1.2584480588756046,0.0006891992666551439,0.14715478979242613,0.008011667995247782,110.79116161047685,3.6532911395441374,40.45307176316852,0.054460317791698555,0.02417906973264176,0.9982231445788518,-0.0261304960325475,0.06882099466795985,0.99728675308058,-0.35424282763146725,0.9332589024429095,0.059496555217239504,43.66765551855754,0.07361475483892022,3.600638928372479,112.69913768274317,340.5564405891597,-107.13787047093324,41.64639897353617,-16.574451266680157,-0.11112913315564676,0.0448711763444812,0.14007206507630635,0.009251383532738234,93.25557827190289,346.11770780096964,40.4530717631685,0.059220061979671806,-0.020905295184548065,0.9980260281637803,-0.004180581185274724,0.0734959513915403,0.99728675308058,-0.05739618617624703,0.9966689267932429,0.05793727795838419
