mpc_des,classification_gmv08method_vvl24,res_p_largernumber,res_q_smallernumber,Secure_or_Insecure,aau_bary,e_bary,ideg_bary,wdeg_bary,Wdeg_bary,Mdeg_bary,aau_helio,e_helio,ideg_helio,wdeg_helio,Wdeg_helio,Mdeg_helio,g2026feb12
2060,centaur,0,0,S,13.66035840634819,0.3808288693852142,6.935994795280865,339.5576946614904,209.2859264292004,192.811439892835,13.71305151034971,0.3762147230385045,6.918061908008081,339.4393882923577,209.3053744299162,192.8897740144431,-99999.0
5145,centaur,0,0,S,20.32045144177667,0.5726041065175566,24.69008535002866,354.7971781858566,119.33974871247,123.5646105612326,20.30222026972162,0.5720389527767726,24.66626671642874,354.6219542617023,119.382320387857,124.0226102227427,-99999.0
7066,centaur,0,0,S,24.53895835062803,0.5185945255579401,15.65705072072252,170.5311434509412,31.24046778236976,92.05006751116822,24.62743856691048,0.515215221984137,15.61745317951943,170.7756471913496,31.38690459901643,91.82429956947085,-99999.0
8405,centaur,0,0,S,18.01196283302957,0.6201039715094995,17.62131472257852,290.3497507657283,6.029643752435696,96.96170213306478,18.06070791648884,0.6197600038602207,17.61258375377666,290.7790008834933,5.809910217397561,96.44494090787315,-99999.0
10199,centaur,0,0,S,15.75240125701619,0.1703872240580105,23.39850177439375,241.6285844482026,300.4212055922236,110.6903353137005,15.79873875584812,0.1675538725113076,23.38050177408006,242.2831596945322,300.4426548005727,110.2158716500267,-99999.0
10370,centaur,0,0,S,25.01604572558266,0.2459279008295649,4.143879665773363,5.987549707526686,178.1810023886551,80.15544353780251,25.04960980787451,0.2436074561909783,4.139206119772623,6.250704117963609,178.3124754611199,80.03094899718678,-99999.0
15760,classical,m,0,S,43.93169127881377,0.06935864754515028,2.185457507108798,2.828023174722455,359.4121582420375,35.59074926233211,44.29418167194455,0.07631145665468779,2.179662023397884,5.50055739648846,359.2795311421397,32.86202555988188,-99999.0
15788,resonant,3,2,S,39.31509086230199,0.3197291080925065,1.937433898615991,79.15664204908057,354.8330255442272,0.3416361057024372,39.58806754407301,0.3243694084868677,1.936047336841986,78.86708951639582,354.6939971250002,0.5354947997575599,0.0
15789,resonant,3,2,S,39.52651361023949,0.1856793660009393,5.156768254229456,316.9877230772713,354.6509595448911,75.64043664359676,39.82819741934742,0.1875653929950001,5.146473461121167,319.2199269076414,354.5018115117812,73.35905705273215,0.0
15807,classical,m,0,S,43.74704486861042,0.0611652402208927,0.563902423345072,304.7802418863689,176.8078041249886,82.44410879754894,43.50243080413682,0.0601098932759996,0.5647190773591965,299.6628473829028,176.8970240017166,87.59198205219086,-99999.0
15809,resonant,5,3,S,42.18811265505202,0.2166695151974898,14.04471784228779,237.4847742035093,56.32581680837274,359.52375993726,42.37006625635135,0.2199977719183202,14.05718388757964,238.1395461340842,56.42419649402095,359.0685180142319,-99999.0
15810,resonant,3,2,S,39.35348590444269,0.1170055564350914,3.803155145862289,102.0849582109807,144.7522694734993,39.44661065091076,39.4770927643455,0.1171715250030036,3.796852031401476,104.0979979693184,144.8090344808086,37.70187570744269,0.0
15820,resonant,3,2,S,39.45564030719419,0.3164989124390252,12.13726528717493,98.98813934544404,317.3897309659553,5.955245374532336,39.78069340840589,0.3221787942540372,12.14049309254394,98.83391435626088,317.306605597829,5.975909540062069,1.0
15836,resonant,4,3,S,36.37715096598148,0.07407929351351311,6.555083680569002,334.0287317429371,127.4861013456058,68.75647453524049,36.18635543156067,0.07360216947281555,6.561209924908528,330.0887612294521,127.5380526588274,72.55675581494114,-99999.0
15874,scattering,0,0,S,83.41191031417632,0.5800684517238144,23.97867515281801,184.5774368666242,217.771013022508,10.26736412150343,84.43127067841384,0.585480445853156,23.94356528336927,184.6294919140385,217.6602309153806,10.06666909049998,-99999.0
15875,resonant,3,2,S,39.38242413898734,0.3306015194569302,5.691537828118851,75.26845636533565,316.7695684695718,33.2499041621433,39.57513852329282,0.3345038240898011,5.697363648836875,75.42370974627029,316.6960875597717,32.88151587584323,0.0
15883,classical,m,0,S,47.04544182218429,0.2129987090842586,19.15143676626766,300.8308632157699,127.1856093469369,75.51706353751263,46.82179144577658,0.2148423135460636,19.1755005092224,299.4563176297302,127.23800021901,76.63865174424379,-99999.0
16684,classical,m,0,S,44.06791757235325,0.04974410394890854,3.744525674276558,251.7597514834046,25.64259956133024,332.641208672783,43.95747961550359,0.04909134580302306,3.753998164088154,255.7774363127144,25.77163086458088,328.8076123392922,-99999.0
19255,classical,m,0,S,42.78795973574361,0.03345448373090562,1.487259239096916,115.6951775766441,72.3818789400537,273.217274498421,42.84978293666794,0.03033437209082738,1.484447400065284,112.6576237808877,72.33071377674852,275.9292061648924,-99999.0
19299,resonant,3,2,S,39.56805635167748,0.257779436671749,4.737224889296993,30.15256831783186,15.96334112456053,17.35640599057816,39.8317675435656,0.2630445869812094,4.730818338186175,30.21105263868278,15.83022666354693,17.1758852425756,1.0
19308,classical,m,0,I,43.29779453865073,0.1189705399587754,27.42480341226575,240.4805407970524,355.2208290356918,144.6755342358023,43.59633164269897,0.1131328237085733,27.34213834435402,242.7613976794393,355.1098046959883,142.4066478361342,-99999.0
19521,classical,m,0,I,45.73210467246742,0.1034624078056889,12.03539513566575,57.42611736960726,49.98061396983714,346.3288742043553,45.85587713294616,0.105095985845943,12.0136908516102,55.47193755578278,49.88101519009619,348.0299212940983,-99999.0
20000,classical,m,0,S,42.94840100766407,0.05390473361337252,17.17480184496602,267.307814698378,97.29821226841159,117.5536719830005,42.87536745014465,0.05734273220221364,17.17282968158848,267.2573780489242,97.28189870813684,117.2678995665619,-99999.0
20108,resonant,3,2,S,39.45350277419038,0.1461179922248011,19.55649367149392,142.889226812157,188.0094355280919,69.2397488326778,39.72244945302673,0.1491890616232384,19.51697446931277,145.1595567939124,187.8716520721202,66.87486842850527,0.0
20161,resonant,2,1,S,47.79387083964982,0.3979479671808008,12.42407317244285,309.3351907885203,343.0519953603619,61.13134884643557,48.2350394267795,0.3990030964854853,12.40070218669079,310.5969205894273,342.8934274654741,59.90110099078514,-99999.0
24835,classical,m,0,S,41.79577455140031,0.1044909792918968,27.04396888688327,71.22242207849966,21.03586820635416,338.1153821993178,42.01983197360536,0.1079851602619525,26.98872206840905,69.13506040016406,20.91194711880729,340.0572826035156,-99999.0
24952,resonant,3,2,S,39.35344231562968,0.2260286606732044,16.56352415799958,82.06709296056167,346.8320437797405,347.9993987454903,39.68991658502055,0.2318934323397439,16.5437930770884,81.30343719833039,346.7104403279125,348.6993159194329,1.0
24978,classical,m,0,S,43.31962955608854,0.04880977190277312,2.393646945605336,126.7117283978325,50.43172266652446,79.89168925068735,43.27076915868452,0.04571840883396956,2.39952201945125,125.9325747201441,50.52245109841225,80.93589998333464,-99999.0
26181,detached,0,0,I,93.15896075359937,0.5894118850814293,13.35170681829289,356.4717056838418,194.1800642040373,13.36184949943028,92.23426685339872,0.5850940657667735,13.37534504907876,356.2912113327405,194.3206062609059,13.59923767205012,-99999.0
26308,resonant,2,1,S,47.64953565418149,0.3708728453360897,13.49592285529752,130.9430679961533,183.1303091665071,52.89802635147994,48.10332408489885,0.373745684421299,13.464960820753,132.1333129721322,182.9893520841712,51.67460553470473,-99999.0
26375,resonant,5,2,S,55.39934407159303,0.4176146211227021,7.619279663713678,159.447795720802,322.9782206321788,32.31705640510835,54.95664295508248,0.4149778304174343,7.630315570751347,158.6399402831681,323.0700042489126,32.9730592793129,-99999.0
28978,resonant,3,2,S,39.49688468262393,0.2440514818462529,19.63015611540603,299.8626243023315,71.0305101101053,291.0010814184655,39.59459301078086,0.2470962794473128,19.65687736330396,299.545187813809,71.07643681126704,291.6302068027778,-1.0
29981,scattering,0,0,S,96.3833065154577,0.8725058796867112,5.959274260454422,172.5841014043781,184.6550979806753,8.880012625345705,98.34138489041345,0.8751551201006774,5.96557506805547,172.8740603830786,184.4514184466935,8.59485516393903,-99999.0
31824,centaur,0,0,S,11.7818528456184,0.3831541083555571,5.245968441289982,281.7095574878785,87.08296424067213,219.3721896175228,11.7547826269134,0.3856074892275587,5.249538810687309,281.8471366197264,87.06516208402027,219.3413625513209,-99999.0
32532,centaur,0,0,S,10.63888516344255,0.198317455592034,20.35366789883768,86.62576670502825,205.2082908204431,249.4474553474586,10.60763778178064,0.1993289709592204,20.38409250084341,87.28795975082404,205.153549165401,248.7779194096836,-99999.0
32929,resonant,3,2,S,39.63596042365665,0.2630315987129361,4.834047115125054,25.15478759260689,342.0588109052489,24.19263048271425,40.02662241266696,0.2697641648080333,4.828620061936884,25.86254972407516,341.9361313988215,23.44799239241762,0.0
33001,classical,m,0,S,43.4514456076646,0.03799749735257716,1.455909360742639,268.3889155417307,350.2258093479221,249.1268329575557,43.28630053108203,0.0375437452368289,1.460713239017895,274.9665108077791,350.1170824441085,242.3812866247363,-99999.0
33128,scattering,0,0,S,33.26479609379401,0.3835509754136842,14.24842238094883,282.3522516616847,132.7672328824151,85.28397643170807,33.13424063169489,0.3860756877456832,14.26690162735124,281.7104747420398,132.8398896101436,85.72771530205159,-99999.0
33340,resonant,3,2,S,39.25042125433144,0.251858454830537,3.037538166771556,324.2649336678738,127.9566365592104,13.50483125752235,39.26619065308413,0.2529059176295218,3.040416421822939,323.6853731287991,127.9379260449994,13.81871234420431,0.0
35671,classical,i,0,S,37.89254604689598,0.04275600363549323,4.604007563034731,264.5843148404378,192.0998177832484,297.7830904059658,38.19411207296805,0.04563846009711607,4.591081980776902,255.4326099027667,192.0408681397112,306.8739030060925,-99999.0
38083,classical,i,0,S,38.97868824833503,0.1539845049715241,12.75168898140727,80.06688857301253,10.00074457863817,109.8964322681605,38.79198997995017,0.1555485170649417,12.79278721296556,78.27884111994774,10.08902385481345,111.726401571372,-99999.0
38084,resonant,5,2,S,55.60683057961109,0.4144725781888443,13.15015834189106,66.57914778561003,166.4362559627889,3.51908890169503,55.32840120597654,0.4114665451831839,13.15795005995015,66.74008361336206,166.5607464769526,3.447137249338482,-99999.0
38628,resonant,3,2,S,39.41344885255506,0.2760810917213484,15.4737505554119,67.88163360166344,169.3231329149966,11.69255000204176,39.34672958339557,0.274455078373875,15.4749980147359,68.17786396927086,169.4547059720884,11.51025972163155,1.0
40314,detached,0,0,S,48.7576209311835,0.3038246374760341,24.81572150813838,58.88850238436972,205.6295047782018,352.4845925032073,48.6718905818968,0.3030491490681492,24.85791670022352,59.32741095175598,205.7363591916852,352.1993067578097,-99999.0
42301,resonant,9,4,S,51.55158015636903,0.2837485693153668,0.7523224391280176,343.031170603863,301.9669994905822,83.72832585972826,51.98890174578689,0.2833093006436042,0.7522795116541552,344.8153161678866,301.8202869035476,81.91465731454873,-99999.0
42355,scattering,0,0,S,37.78620577903292,0.5361460767708618,2.428695735129224,158.9577326490097,351.9406236479295,26.04110690108438,37.52773294110782,0.5336861538662689,2.432325777429799,158.5602492508026,352.051604128579,26.39888980192012,-99999.0
44594,scattering,0,0,S,32.25440841356829,0.4545157899305691,2.623915456236491,144.3509394098089,259.1626931919465,358.1263533298521,32.69687281437481,0.4616349889648878,2.621641565552868,144.1817333296694,259.1483767067555,358.221971201107,-99999.0
45802,classical,m,0,S,43.4296691597029,0.01225921086509706,1.182128765903274,58.69040167201864,173.1598823438578,100.6594054817992,43.7432778191666,0.01104307946553536,1.179082436152311,94.69801689842126,173.1992845069294,64.84250460244058,-99999.0
47171,resonant,3,2,S,39.40576217181522,0.2245260945943225,8.415343712285368,295.0014228313381,97.1041328137984,11.36649460405744,39.76920983746071,0.2316113571359461,8.41251695288802,295.0355072697025,97.10424602723144,11.1518039537281,0.0
47932,resonant,3,2,S,39.34065519428218,0.2810044058779991,10.81464017587165,195.1492814314747,26.09674828336105,19.12350672527893,39.24827574569343,0.2787370920381952,10.83144425396149,195.3376160639876,26.20966720505512,19.06233148002114,0.0
48639,classical,o,0,S,52.52940423383972,0.2374201939921378,0.2452609867415124,84.27204384086184,260.5403214405158,49.01072142288231,52.99700038697551,0.2426086199926914,0.2454976441040217,85.61706359082145,260.4402591619543,47.50975006251884,-99999.0
49036,centaur,0,0,S,19.96185099425896,0.1362570305315389,9.34827665980702,153.0328954789392,126.8646029383354,122.7715727294922,20.06163605906345,0.1341034981298205,9.348733331835977,155.0350420804101,126.8026400230183,120.6570856486212,-99999.0
49673,classical,m,0,S,43.12479855801285,0.1034710237550525,22.52482914476119,269.8270382165538,132.308040670987,314.7682458624586,43.50485368023451,0.1094933761480747,22.4928543320514,267.1040529454031,132.2598541018452,317.6737373176901,-99999.0
50000,classical,m,0,S,43.33502533463486,0.03693345203902089,7.990820114052818,157.5534412778974,188.9127639888259,294.3766197031836,43.38856753712717,0.04029136031430398,7.991301152616514,157.6829389185426,189.1013090370789,294.4345862855208,-99999.0
52747,classical,m,0,I,44.39629091241533,0.05952734183731268,0.5459679217563513,248.744770308876,63.96373017897777,322.5230345687061,44.41983441753035,0.06191399503507036,0.5476524689541816,250.7560858445152,64.03125843728584,320.8132039013248,-99999.0
52872,jc,0,0,S,8.338645325245748,0.3076622597894029,15.67312527463518,337.7819188325782,173.0812518079675,225.2950734908572,8.375686255773003,0.3041630852135757,15.64414674775851,337.2944170408771,173.0781522994202,225.8309416572215,-99999.0
52975,centaur,0,0,S,26.16802229364552,0.3788483169196535,12.63552812643863,301.082146685789,51.96132462809512,89.99064721569701,26.1834032578261,0.3809729800524496,12.62742355010595,301.3040026300114,51.81810043459433,89.59115084610062,-99999.0
53311,classical,m,0,S,44.06556805419195,0.06207396304547475,0.3682611175026118,241.8870310000472,51.36842779390206,307.4143357868408,43.90377210255264,0.0621580499752929,0.3699320420914171,245.8501659422228,51.34844208852224,303.7403535178374,-99999.0
54520,scattering,0,0,I,123.2260140053895,0.767868848311169,5.706366511342323,303.6963757576669,293.2575180959424,13.24900308190294,124.4794304689021,0.7684886999942021,5.701804274302024,304.2609947788891,293.2341883408479,13.03493701609921,-99999.0
54598,centaur,0,0,S,16.49572668983968,0.2007858793949969,20.73649928028881,152.878170391256,337.8073482419468,333.6896978062445,16.5330289823462,0.2018112255207102,20.74331963318629,152.3243175028946,337.7180787369362,334.1699677315353,-99999.0
55565,classical,m,0,S,47.19594267484594,0.1289169285150493,24.38245610695351,295.9282579957489,297.4805089686611,299.0013737810403,46.93560056956567,0.1257531978473527,24.40436561325567,297.7089593478102,297.512106340489,297.0048244285134,-99999.0
55576,centaur,0,0,S,25.00958216889915,0.3928050318070577,13.34425827540243,239.0153665230126,315.5069083730254,57.84014565836475,25.04318965999135,0.3911021443056834,13.32755814039549,239.310120788262,315.548823254292,57.74386978594481,-99999.0
55636,classical,m,0,S,43.25306162859262,0.1233140955939572,25.85344187327785,340.3031030630173,324.5787629815763,81.40230827153854,43.59422923762648,0.12470580167849,25.83550017323716,343.8357211726275,324.4473325783675,77.84286767710076,-99999.0
55637,classical,m,0,S,42.66760427020139,0.142070864546656,19.43347725996193,277.4685870481229,204.6284272263978,304.3238894678277,42.94041769254895,0.1429292264011723,19.38233081619544,274.9702861052194,204.5433683701517,306.6650379462833,-99999.0
55638,resonant,3,2,S,39.29473953303431,0.288037806342696,16.32717437954754,206.981025095408,199.8024611153147,31.31720176707751,39.42354503621145,0.2913108791063087,16.32316900790812,207.0089750426557,199.6518318430161,31.14681183857159,0.0
58534,classical,m,0,S,45.21771871663492,0.1200949312589206,2.897885838496713,336.2318021982715,132.5654493171233,67.85161984519726,44.94062043827141,0.1191321049501528,2.900473205474001,333.419166145679,132.6390155813771,70.55920365693926,-99999.0
59358,scattering,0,0,S,41.44536260959799,0.2076936591480369,10.02841787652846,328.1355177842148,120.0866738897392,55.35183571981318,41.24682322484228,0.2076662562106588,10.0363583867046,326.7619992987509,120.1189271793236,56.50841883995411,-99999.0
60454,classical,m,0,S,44.31531744904889,0.08605956922976828,1.164128522500194,291.7611765621709,320.1342423476567,307.3537830381545,44.04172463896325,0.08328266298663041,1.166519192318369,295.0435860341168,320.2425405224101,303.9811801692742,-99999.0
60458,detached,0,0,S,59.49635479749632,0.4039965146644872,19.70210509561818,251.5256250665029,312.3371009202543,345.6180696379972,58.95895211213971,0.3988115856819895,19.72833892869908,251.71414406265,312.3791258734356,345.3065632441347,-99999.0
60558,centaur,0,0,S,10.72546221935952,0.4564591908851173,4.340000912993274,163.1367925652385,173.2911238355099,80.42547898211438,10.74438717864556,0.4569205456894726,4.343908426063479,163.4103200886236,173.1881832447902,80.06346643679923,-99999.0
60608,scattering,0,0,S,49.17781026286379,0.5406821018275074,5.9508275299244,235.4558842139285,294.059534515009,16.61162004623512,48.75843827369631,0.5370837484386445,5.951685142133295,235.2099834805039,294.0953284663098,16.89838160369147,-99999.0
60620,resonant,7,4,S,43.74224361097423,0.2210159249812349,19.51114355230465,81.33614585163727,184.8291016817592,331.4231847975207,43.54062960739754,0.2190348272301798,19.55454522388238,82.23083155411946,184.9288378485406,330.6169862366581,-99999.0
60621,resonant,5,2,S,55.31414535248362,0.4023320745530196,5.871089739542948,143.2049724328728,3.920831527476043,35.83408664096444,54.88881413450309,0.398935954240178,5.886267764056205,142.5143266046133,4.041288229305487,36.51418545133908,-99999.0
63252,centaur,0,0,S,9.83394820416855,0.2954683949406887,12.45677316780963,130.105017859178,280.6830198822208,300.2988900661083,9.891641954838565,0.2967658547198083,12.44526142309968,129.2680909632723,280.720352180816,301.198745854623,-99999.0
65489,scattering,0,0,S,100.5210785663129,0.8228609704964432,22.29574228194472,319.6780476401126,171.9749320095864,12.00207552138207,99.10043998860331,0.8208899155851317,22.3277078117439,319.2393733478125,172.1671300992284,12.27858823667221,-99999.0
66452,classical,m,0,S,44.95119139477356,0.06468477931094385,2.659229512432046,88.19018028217813,134.3906595336607,114.3508874595773,45.2905499849597,0.05994655595118022,2.655182919322129,93.94347673807836,134.3451029601949,108.8324125354533,-99999.0
66652,resonant,7,4,I,43.7281489318473,0.08702617189051982,0.5634256526277285,197.3376273561224,84.78156085385962,66.52829753315007,44.10970945823012,0.08910525536734511,0.563523454745842,202.4562868107517,84.90549456681971,61.37920273972465,-99999.0
69986,resonant,3,2,S,39.43649097384976,0.2249712079282595,13.93292928254597,146.3080038154204,233.9768279467523,53.39905048976094,39.56592799137501,0.2284747311211693,13.91310433198821,146.6295971362048,233.880186165892,52.84130207432364,1.0
69987,classical,m,0,S,42.51635685769105,0.0217535340223529,1.046810316862714,214.8278702939681,136.3525802899026,87.84609256025486,42.67768101834564,0.02506086941530686,1.047698694451772,223.1690173337427,136.2956650170663,79.20627967838959,-99999.0
69988,resonant,5,2,S,55.18136157620398,0.4289350269991012,9.456198842493393,309.6122654708357,20.72350473461477,49.35594564276899,55.68656908708859,0.4323923799681017,9.432892822774228,310.5101281911693,20.56021562774042,48.34021822450833,-99999.0
69990,resonant,3,2,S,39.23250460116103,0.1863698390408053,6.577893889866056,141.6606146320419,237.1633750453445,56.64813931310457,39.36305852423649,0.1899797669126202,6.568365569513527,142.0956251166561,237.079016659343,55.96020094495929,0.0
73480,scattering,0,0,S,30.90858035818144,0.5686629640190535,16.6348137160341,358.396078485053,299.1516986226778,44.59957233511373,31.1846691170348,0.5698988865288924,16.63444192377339,359.0429459590388,299.1025544193416,43.8899547128484,-99999.0
76803,classical,i,0,S,38.60648362836005,0.1226245453909656,33.72896013156117,126.7978720141377,127.3692067079758,75.0370057853269,38.87251702277266,0.1218905294949173,33.68917544901255,130.0771328574399,127.3305696775093,71.98288142231962,-99999.0
78799,scattering,0,0,S,37.49771017274361,0.249084616079613,14.35614553725724,247.7561248280642,46.82885563864486,150.8921730087701,37.55836906641495,0.2487296500883811,14.32675144180807,248.6466239679319,46.67920982823909,149.7341101732764,-99999.0
79360,classical,m,0,S,43.86064579308999,0.0109313639716756,2.24534379023375,230.1480911208988,304.3576644358685,332.9706213457864,43.6841846654946,0.00650765443740911,2.249160383549256,228.0582640864817,304.3793957264019,334.7757369729085,-99999.0
79969,resonant,5,4,S,34.8903443907139,0.08306621764648017,3.177893477096021,157.2815511341596,334.2431784382629,63.91116408829384,34.70524898966307,0.08101547591271031,3.183789121365088,154.0728413277356,334.3487818421881,67.07551053456851,-99999.0
79978,resonant,12,5,S,53.87934040127618,0.2754229967270796,18.74501379030037,101.3247916168875,336.9991770882274,49.72022043247581,53.6568709158328,0.2760695069380836,18.79914664100166,100.3354981426333,336.9952761475925,50.45253181314023,-99999.0
79983,classical,m,0,S,46.38539111189169,0.1424590603524443,9.81855100521465,176.9886485534319,334.8562816263768,27.16712334882826,46.07877296110516,0.1379195819424444,9.840801299596297,175.5128599468385,334.9316516070444,28.53002188887477,-99999.0
80806,classical,m,0,S,42.1707150561798,0.06647656223161713,3.756492883953818,5.266636364440998,45.64412496811532,106.6912143202435,41.96659659101766,0.06975679075588083,3.762279272863002,2.111273608752664,45.49375629073605,109.8167884965095,-99999.0
82075,resonant,8,3,S,57.82530825191333,0.2889422249743392,19.80966991559877,316.0239053709477,126.9581204135873,36.33803363059663,57.63366905167883,0.2892710908877232,19.83689428565881,315.1209185865594,126.9766752483296,36.91525082409504,-99999.0
82155,scattering,0,0,S,85.1879319859149,0.6196418363000269,12.71971934373243,199.2916878115386,2.404964909984828,5.605645398325507,84.18972733613006,0.6150996665112213,12.74054319322934,199.2073275512947,2.509894730885734,5.712095736546863,-99999.0
82157,classical,i,0,S,38.57262542565825,0.0592217049981432,5.368361340945227,114.666755474294,150.7669234156979,295.5082218918387,38.35696311080146,0.05776129587273742,5.377593483095975,119.5630690654228,150.8563423510556,290.5578547787231,-99999.0
82158,scattering,0,0,S,215.5333890758165,0.8410858630674134,30.80026383957848,6.874659635098374,179.3584553322795,2.184106006166631,209.5882956372827,0.8366126060016098,30.84780158408069,6.717229813285989,179.4673087075917,2.283753134102278,-99999.0
83982,centaur,0,0,S,19.38891522241257,0.2761352266941551,12.7742139149938,92.73523744288586,117.4118457439745,87.64079960150322,19.46953267199712,0.2736020791975487,12.76540909030699,93.55947447841736,117.4113731575299,86.99747631948537,-99999.0
84522,resonant,5,2,S,55.29969609687416,0.2934805473977874,35.03821970862103,86.76277789096365,23.85522753527017,328.4769100235526,55.66527571903114,0.2957297183707255,34.95188327013315,85.75394473878055,23.76130376729443,329.3291670548041,-99999.0
84719,resonant,3,2,S,39.4339812980768,0.2644606707080914,14.01230412019612,288.3422617907663,23.08268986212503,83.16296532607566,39.67996041701794,0.2655017423824207,13.97648523231645,289.7162666314586,22.94751277414659,81.64665293209804,-1.0
84922,resonant,3,2,S,39.42262899388765,0.07587101877772846,14.79025950770095,112.5629800404462,302.7229044922575,27.44951885610339,39.56199609439959,0.08003922824147665,14.80249164049918,111.9311174139506,302.6722011152648,27.80107726762109,0.0
85627,classical,m,0,S,43.98422792434415,0.0874024053154314,1.515125347691559,251.5351132219339,55.95808406310457,322.6100741975706,43.97201363574113,0.08916092055175684,1.518806695987454,253.166347118231,56.0291434531667,321.2601394740436,-99999.0
85633,classical,m,0,S,43.50765713195177,0.03126642384241005,1.190903570325824,331.9367297888433,101.9525321865278,263.1603753777802,43.82762697611939,0.03288837291051074,1.19132277112535,319.1092832228235,101.9750862687661,276.1930682736744,-99999.0
86047,classical,m,0,S,43.83791265093605,0.1702890206160498,24.22501356110066,304.8521218661117,301.8190877055204,70.32184901563338,44.13518263795928,0.1692893925901203,24.19859061158126,307.2421263990399,301.788251286786,68.19697609750484,-99999.0
86177,classical,m,0,S,45.22586349104601,0.2366531964954308,22.17315077403082,51.11596470488018,326.607107483777,354.9743654263395,45.74718863670817,0.2451339677313189,22.13871657551258,50.97990577423451,326.5356994894425,355.1924928023356,-99999.0
87269,scattering,0,0,I,547.095832078113,0.9620348410769776,20.06685891320183,212.413408778704,142.3152648140704,0.502505991480088,668.7074679788287,0.9688965543532316,20.07077789214028,212.7327980513971,142.2268041350707,0.3702789886248467,-99999.0
87555,scattering,0,0,S,34.88473006705831,0.562773715695119,6.778289276535199,284.4537122355368,330.134716054225,53.9105062955369,35.15045635201088,0.5618955229876441,6.764536193352558,285.2401472329895,330.0323345789467,53.2670401698237,-99999.0
88267,classical,m,0,S,42.96997912141973,0.02469701893407707,0.4972254445645764,35.0239092350191,113.1148159926126,114.9467134310179,42.94429290291111,0.02224009913540731,0.497457778581137,30.36152904910153,113.077021102188,120.0149176244229,-99999.0
88268,classical,m,0,S,42.47593694166838,0.01746264067724191,1.886043298328789,233.645724189776,86.97140104795893,317.417695773512,42.52061633103522,0.02041573009161719,1.888179078169055,238.2661152347546,86.98593993939326,313.1557069977782,-99999.0
88269,centaur,0,0,S,25.9584128750144,0.2378802869443929,4.35923955778973,266.3948953057346,14.60528482102091,15.57377801459674,26.09400608381266,0.2409387597217797,4.355794882390031,267.0683931636784,14.7239335602418,14.98802931285737,-99999.0
88611,classical,m,0,S,44.01298946033581,0.02777574024036557,2.578418479567159,237.8993532086183,304.7127124637353,165.9164347251316,44.36455138815304,0.01977487772863108,2.5747184797218,239.9546607707941,304.6535120339164,164.0643943294396,-99999.0
90377,detached,0,0,I,506.4304975421183,0.8495519103426582,11.9285236008624,311.2846862360646,144.4016069281979,358.325648987748,532.326516852977,0.8565115553281075,11.93034172164724,310.8679998379738,144.2587380277273,358.4694686624043,-99999.0
90482,resonant,3,2,S,39.27973240900756,0.2238492831796987,20.56755294481566,73.02334000377972,268.5833462525786,184.934362532034,39.11718424049083,0.2286136928854769,20.56760589263773,73.46431852244103,268.5360867687667,184.3590559069446,1.0
90568,classical,m,0,S,41.94521061702653,0.0766501004822278,21.98326352831654,292.1167988564293,250.6047202752207,45.35044460087325,41.78166485678447,0.07281409959411776,22.01725043647204,291.1638574992094,250.592248501314,46.55939426826656,-99999.0
91133,resonant,3,2,S,39.35425714389974,0.2281002011044488,5.941857309659968,180.8131761769208,50.23941666950229,35.47637139683013,39.41397382561989,0.2272505456211213,5.948832246916949,181.5226249611176,50.35175844884581,34.96033586129654,1.0
91205,resonant,3,2,S,39.26503640730382,0.1323874533792646,10.60511100305764,140.8186659469523,223.8493614796542,70.02196964861498,39.40275324453133,0.1357970006763721,10.58719471053205,141.8892361504633,223.7338226724996,68.72356725520805,0.0
91554,scattering,0,0,S,101.5470929906994,0.6951565946522514,25.50468875872146,335.6024113280325,341.6469581199739,8.582387488009424,104.2394730668736,0.7022110418901649,25.45414749893198,336.1882733365449,341.5772594547178,8.177672419598677,-99999.0
95625,resonant,7,3,I,53.04831228900167,0.3759275366921297,13.93858334115553,185.8490754678745,28.17029097019204,24.3751621832306,52.94149624255781,0.373642036244292,13.95737174074108,185.9866751884489,28.31056820034079,24.38143594266349,-99999.0
95626,centaur,0,0,S,23.05666644027044,0.2191493682253493,15.02652487181708,155.4059497391051,107.271236444339,11.48470671883022,23.10154989593759,0.2201973618853569,15.02445110419002,155.9823968852631,107.2972003567748,11.09258002377655,-99999.0
118228,resonant,3,2,S,39.39140789400974,0.1216176868317933,14.6636152563258,19.63237886705624,10.73210984679459,35.17712723000969,39.6012553277888,0.1266664165357771,14.64454908046539,20.2270669722637,10.57589200457445,34.44896068987112,0.0
118378,resonant,7,4,I,43.75079729150121,0.1133748748593057,5.053192092623443,188.6459225904271,87.91483792652285,330.7000638783115,43.61214462089152,0.1123622534459757,5.057166582334538,190.5639963293708,87.90173126336627,329.073273467964,-99999.0
118379,classical,m,0,I,45.29568139086157,0.233986946626399,15.34522847413377,95.31460647331592,57.02434789941846,71.95963794048347,45.14170678327834,0.2314749838414313,15.38168339497573,94.67955249339391,57.06798127564811,72.85136192935651,-99999.0
118698,resonant,7,4,S,43.61167444713986,0.231850356394363,11.20891622876946,82.29738923961929,285.0253823767951,335.7451042200124,44.027081533086,0.2388409085441938,11.204210557081,81.76437094543084,285.0246846238495,336.4780613031687,-99999.0
118702,detached,0,0,I,98.39499221235283,0.6016112993129642,23.3562655041306,348.6977751063019,327.1008733108249,12.60552295819159,100.5572383333872,0.6089948311166259,23.31845307790786,349.4412974964023,327.016299366593,12.05706452404585,-99999.0
119066,resonant,7,4,I,43.66696343455853,0.07910062218477035,6.735423999496273,271.8831106492718,47.67246706532247,317.9445958649111,43.69915202828103,0.08173729748530009,6.748098167383874,273.091971668873,47.78275160678883,316.9884673461079,-99999.0
119067,resonant,7,4,I,43.54696504895453,0.1892811679102233,7.20590655852197,304.0662701990706,42.81149810142788,304.0891146129634,43.617858211409,0.1925101527280695,7.218887113737183,304.080077835953,42.93452922824433,304.3127108567457,-99999.0
119068,resonant,5,2,I,55.08474202598492,0.3571223787977054,12.90580626029226,180.003875114618,57.83379913366338,19.67239295914251,55.12722310316921,0.3563960571540001,12.92337874559664,180.4683752065734,57.91859420297638,19.43717873931622,-99999.0
119069,resonant,3,2,I,39.13276783566022,0.2406479693751368,2.360653805059303,280.4760036258504,45.3704377365116,327.7051459441923,39.22688213721312,0.2436372137830698,2.364482271222249,280.6450315222453,45.47936023743088,327.7363843466014,0.0
119070,resonant,7,4,S,43.6657191793064,0.1751568091412236,3.315765899019197,218.1210655422893,22.01733773061496,26.6476009838826,43.69964984602495,0.1743133983747697,3.318350266323914,218.9798557573557,22.18957599666078,25.94696422710185,-99999.0
119315,centaur,0,0,S,17.4492917382863,0.1756451030179754,17.43171330454777,303.9504685071335,16.23022947353584,148.4028856642865,17.44727729143589,0.1764614308113737,17.44156836116194,304.5333389630005,16.08600699966629,147.7193996915217,-99999.0
119473,resonant,3,2,S,39.58851700009415,0.2853503110839112,3.671829425863873,47.44320568362603,36.37452036055014,352.6329091191718,39.85727639597687,0.2897146174361009,3.664780658589293,46.8541503588605,36.29692655231417,353.0590325462228,0.0
119878,resonant,12,5,S,53.86049437152785,0.3454875826966335,15.73259143555238,151.4032047126902,317.0322053062839,29.39468603356651,53.54098262313838,0.3436734198608834,15.75836422116576,150.5542369487785,317.075504169207,30.00685663001465,-99999.0
119951,classical,i,0,S,38.78498245021739,0.04460874850025311,0.4028241808842767,73.69554191086651,286.7951946997505,270.0835551559967,38.7810067792437,0.04755339549211967,0.4021699434419342,73.71586702251388,286.8933208332802,270.3155555697194,-99999.0
119956,resonant,7,4,S,43.5874391498072,0.174097211243656,4.049436872063332,153.1017961876481,105.5720540959526,93.7605899709616,43.94634655390661,0.1718646335652081,4.048893736259478,155.7487187790389,105.566134087973,91.13722949768082,-99999.0
119976,centaur,0,0,S,23.91441296012801,0.3839353273994839,3.523646209259399,218.6864145000885,181.8549374346381,54.34964841346606,23.89866567890108,0.3855925626920206,3.530192164149811,218.5309897908337,181.7690568333236,54.35937244016708,-99999.0
119979,resonant,2,1,S,47.85451652251515,0.2617805145142004,9.182906853233028,44.49177473320609,109.7246406231161,323.3816017242639,47.91024096736598,0.2604321092692387,9.186525774916113,43.76897533782511,109.7073428540542,323.7849521328802,-99999.0
120061,centaur,0,0,S,20.70227174267761,0.4728071314085165,19.74053616707841,116.168637856219,78.46426936949584,63.04500446655077,20.75059654233401,0.471022669328361,19.74833284383788,116.4571802815689,78.53530233659951,62.89626458719527,-99999.0
120132,detached,0,0,S,49.38029775656018,0.2500878728582699,11.77716813160033,174.4166203182455,341.7632276154247,36.52123883036092,49.04316611065043,0.2460561864574883,11.79781572697901,173.4828443917567,341.8875158191971,37.42776744893363,-99999.0
120178,classical,m,0,S,43.18869121678161,0.1059317141065895,27.16182123073612,68.79022164207133,183.0012979993359,79.20532465010231,43.48802831849319,0.1050726739600247,27.07928489650255,72.48887686909181,183.066112599556,75.62048727901754,-99999.0
120181,scattering,0,0,S,32.3370872875845,0.1723128802858656,2.719156526512449,248.348582544753,146.4578834857177,20.83400034025967,32.55540721723677,0.177978183262315,2.719685759056834,248.6128807954456,146.365586137844,20.44353776758659,-99999.0
120216,resonant,3,2,S,39.37336369955241,0.3150187995219243,29.28006268438908,204.5991281583964,25.73354494911844,7.15479998200484,39.26784671669537,0.3130744886804079,29.32850785755706,204.8066683011201,25.82222139325884,7.054964017808362,-1.0
120347,classical,m,0,S,42.02616498601073,0.1066936360500484,23.93058188702035,309.7079692416664,280.0891822317406,129.479710000367,42.35385029892976,0.1009220589524043,23.92575540055365,312.8741371911898,280.0900295748477,126.3427239538678,-99999.0
120348,classical,i,0,S,38.85080645300327,0.06534477970677352,24.83734319796406,358.3194358518941,140.4948312246413,277.834440584599,39.1048341050596,0.06430338312746542,24.83277410722667,352.5813724906577,140.3768518250316,283.4724433418273,-99999.0
121725,centaur,0,0,S,17.9459531083814,0.4633363597132282,6.77403201491965,215.87782279444,103.7947528450051,234.2571882900172,17.89495962759486,0.4655629421622041,6.776339094173774,216.1510521168077,103.7955174111556,233.8786894721101,-99999.0
123509,classical,m,0,S,44.38135630957218,0.04470133357760235,1.969102090967898,291.9026894482896,185.656742104407,337.9566875930968,44.47968664351687,0.04559139244030787,1.969198134847344,287.2485704319337,185.4872263048046,342.41033921937,-99999.0
126154,resonant,5,3,S,42.32171552338179,0.1402632371027339,11.07866790281726,355.1160893667499,108.8520609601485,30.07727311538543,42.17659513908171,0.1392038429696957,11.08328098120382,353.5489710892442,108.8546033927745,31.37790939617888,-99999.0
126155,resonant,3,2,S,39.41687651498689,0.2925131982700528,5.9768201794614,129.350315019688,319.4558133182198,21.41030967017358,39.37835908420417,0.2930266032542508,5.986194493941434,128.8262401745855,319.4218048250221,21.70036984667315,0.0
126619,detached,0,0,I,71.26373261072457,0.4667944989085264,15.97661843925349,161.3407529594662,346.9597676115195,17.17365973905459,70.53198223124929,0.4621588441658295,16.01470249973296,160.781265552266,347.0365404092606,17.61722824648851,-99999.0
126719,classical,m,0,S,47.01389161991657,0.1917500813701526,0.8365019705221699,307.6337014660193,248.3431260613104,2.66188766370532,46.6802577541793,0.186142943479991,0.8373323772737683,307.6899474378062,248.3307991697137,2.669082011295061,-99999.0
127546,scattering,0,0,I,66.53220169794263,0.6845636158987554,77.92981174123324,27.91676111143564,90.3220924828978,9.591339089783588,65.88264799204558,0.6820391113422359,77.94765614040419,27.62150822722009,90.28942979918453,9.775704463726411,-99999.0
127871,resonant,5,4,S,34.93848214077082,0.08535623908403198,2.372342171791395,38.18290263858244,78.48025969478464,73.75257995236029,34.75223334487336,0.08433338354905288,2.374321294630917,34.953268296498,78.41404004082453,77.08497900606942,-99999.0
129746,resonant,3,2,S,39.29033462825042,0.2680769523128062,1.474873629443258,34.8201429650947,171.5848984675931,15.89851123398773,39.0994979502568,0.2643637628386133,1.475970293776409,34.77912095926516,171.6960079204629,16.00693073316502,0.0
129772,resonant,7,4,I,43.6673315232586,0.03427939876009578,3.302265802062313,128.4016941874068,83.3361842395804,9.821890408734498,43.45141318315891,0.02943602614438166,3.305512789809421,130.026763659221,83.2964764103151,8.430640118770635,-99999.0
130391,resonant,2,1,Sh,47.42018786258424,0.279778463060001,23.45557547491296,169.5969740690276,45.96570561680102,29.30840009366896,47.36689451251119,0.2777368003838032,23.49544901058727,169.9048259950339,46.0634517442334,29.19951752953692,-99999.0
131318,resonant,3,2,S,39.34203578418909,0.1740437370810942,13.69820659200944,171.2738178208004,2.083378930612803,37.87565956337943,39.14433517256259,0.1702921714862105,13.72716828323542,170.497538023031,2.1979782607933,38.69631923818142,0.0
131695,resonant,11,8,I,37.22071387152085,0.05209237287190805,4.262093329933955,5.138905967893393,94.72944952557054,39.08699226941678,37.10029192273893,0.05142780366814378,4.261321363008905,1.063680531626234,94.70308476857655,42.93168474522922,-99999.0
131696,resonant,7,3,S,52.91516165574298,0.3217260261634177,0.5176237745209951,133.1898424320775,359.4215248112591,6.783820350339753,52.64483221975129,0.3187336654937628,0.519080844466029,132.7836335216066,359.2723059400677,7.108126080557379,-99999.0
131697,resonant,5,4,S,34.92461171600523,0.07462716827114464,2.856641289071483,219.9859697327596,323.1359186656201,328.6837431445883,34.78936591485098,0.0708085703864765,2.862958951929525,220.2538741875364,323.1269754559307,328.2092800206841,-99999.0
133067,resonant,3,2,S,39.55368446527896,0.2573470568800154,8.884078393046922,305.0161625149235,209.4932860285446,62.07119859108126,39.39979252544635,0.2548889149411608,8.90453716841611,304.3640158275168,209.6010084566843,62.85786020713431,-1.0
134210,detached,0,0,S,61.99620841908684,0.3931527920367008,6.481327106172258,22.1730143339787,316.3279351524844,11.43345763003456,62.97478613540283,0.4019366274433155,6.47321451099946,22.81914503322447,316.2610789403541,10.91268688252318,-99999.0
134340,resonant,3,2,S,39.48886004513597,0.2490156779353786,17.14068505519694,113.7737185262524,110.3009981703397,48.45416731520814,39.5925229511923,0.2478034439356385,17.13307572752574,114.6667138948947,110.310433683377,47.86379559721605,1.0
134568,resonant,7,4,I,43.6283352489416,0.1493331075701985,10.20547055517235,57.75602548506865,276.7566366743012,33.70326853351406,44.06578374737917,0.1561023041380659,10.20251442116906,59.69757826933641,276.7621827574741,31.72026093343242,-99999.0
134860,classical,m,0,S,42.83763706308402,0.02075739115760245,1.114662599433828,149.1312443415479,96.76840327110507,101.3151096814713,43.1851840515933,0.019333356162541,1.114999031867784,171.748128723439,96.8153133995391,78.79104207255902,-99999.0
135024,resonant,7,4,S,43.66532604458986,0.1108360891582175,2.152517908916476,297.9803264090287,44.23124263719671,276.5700206085264,43.5754723376465,0.1136849711479976,2.158957041459469,299.0773471305806,44.30022065666434,275.734640166137,-99999.0
135182,classical,i,0,S,37.06697108853034,0.01935939804090846,1.838439675970827,52.25248810552509,224.2870446522843,106.6023719098021,37.36250159478839,0.01920193793366233,1.834277779568967,75.40342602248855,224.3113699294543,83.34154630802716,-99999.0
135571,resonant,5,2,S,55.29663531719832,0.3517945766185578,14.68420818833073,231.0998499346399,35.76713845276772,359.4670283156973,55.30432177732246,0.3519426758475873,14.70599040288691,231.509188762584,35.87922839264794,359.2412455801651,-99999.0
135742,resonant,7,4,I,43.63634502538613,0.124969610350994,5.448469698202526,289.0605926555185,336.7900981174457,76.00401446265533,44.00160699277147,0.1249714566244668,5.433069869456925,292.8512732359873,336.7416364775488,72.37488152922253,-99999.0
136108,resonant,12,7,S,43.10242838617071,0.1950238703740695,28.20482616187237,239.9475409481698,121.946606699129,219.8947575451145,42.90823210323457,0.2000323429108546,28.21036066463027,240.4214704772465,122.0310496867948,219.4923650268348,-99999.0
136120,resonant,3,1,I,62.14124947587747,0.4781613122819164,20.10417149141833,342.2344360069814,238.345886817734,19.50103394956696,62.08738861341276,0.4766069559421315,20.13155719455083,342.4884987518095,238.425017979349,19.45942126325781,-99999.0
136199,detached,0,0,S,67.83509587854064,0.438430718773656,43.99295013326412,151.2212811296407,35.97648248088259,208.7683463266865,68.14426960840316,0.4319686550652169,43.76046552346262,150.9985934705465,36.07071611727361,208.7579535717485,-99999.0
136204,centaur,0,0,S,20.1396493793539,0.2573983375326626,11.16648056945645,70.65345478564677,4.683280286176848,47.24236495512194,20.09367341221592,0.2577757172353569,11.18546713315684,70.17389033583194,4.610534715959026,47.6271527633761,-99999.0
136472,classical,m,0,S,45.49862071545293,0.1603884378715119,29.0020603455838,296.065589417185,79.44159367281512,167.2810827691488,45.2644790201922,0.1661366609343317,29.01842683872438,295.8215820509515,79.36114797127138,167.5750391827715,-99999.0
137294,classical,m,0,S,44.95306725523668,0.1062660157564984,1.351223404998112,113.685552395191,149.2769510781089,82.53715111726193,45.33379994363342,0.1056777480829999,1.348802803280733,118.2389159446718,149.2153517924117,78.14823405008087,-99999.0
137295,resonant,2,1,S,47.54881698133559,0.2923863854358285,12.68761633186611,208.6847454477957,175.7225555682632,9.69291496719943,48.0929140853631,0.3003161129651236,12.66573459629409,208.8961645844472,175.6155544782364,9.4415157221378,-99999.0
138537,classical,m,0,S,46.51315030248743,0.1393322951922273,4.886910878381064,359.107528405849,4.374528067529279,0.2655582098737876,47.00246798309315,0.1480994778671258,4.871315754040538,359.2812735630577,4.379395501994804,0.1292128331723852,-99999.0
138628,scattering,0,0,I,44.72436657406141,0.2668020956505819,15.7082768450467,313.6891162370946,355.6093550180155,53.73063357418106,45.15184092920627,0.2700760050488524,15.66849911218189,315.3476787995453,355.5028056813118,52.09067624074437,-99999.0
139775,resonant,3,2,S,39.34972197379356,0.1929291470012605,6.489562423866515,209.2179194388096,162.5354354523089,17.8438484829281,39.73286796393928,0.2004102613904384,6.480929724566349,209.8593561247134,162.4266260451738,17.18134284086244,0.0
143685,resonant,4,3,S,36.45085306537069,0.2355021238307725,5.903362884616813,197.6791983435116,177.6364247640064,19.40315437315511,36.79490197440881,0.2423827054256742,5.89438824242667,198.2180365387175,177.5306989136928,18.81779410020048,-99999.0
143707,resonant,5,2,S,55.52617081747594,0.4152943036322472,7.53738552866165,112.3683876808073,265.2017959160028,16.04736469761414,56.23735930337379,0.4225889707384608,7.531732367304673,112.6210701942995,265.2044036894009,15.60372013276292,-99999.0
143751,resonant,5,3,S,42.16916128437642,0.2525986852225898,7.651984553646249,346.9126602897967,29.20789916013589,24.81907814923621,42.54872662326555,0.2590856545918388,7.634220907544209,347.4477572150548,29.13074659208812,24.15412644353782,-99999.0
143991,classical,m,0,I,44.56973663043468,0.1360746528882402,19.39230161791545,64.97961601207095,66.91249554443446,332.2500346728264,44.63941653678746,0.1358062148671507,19.36512338088062,63.53753738770716,66.8551219852859,333.4044539976264,-99999.0
144897,classical,i,0,S,38.99836194571499,0.04164417427317401,9.53237700880632,152.8050688366247,147.9559108928115,104.4434696076247,39.26344947869602,0.04199955180457558,9.528311783986066,162.2834187048847,147.8235338828866,94.87467897615073,-99999.0
145451,resonant,21,4,I,90.56982367421948,0.6123726080352662,28.75789161898191,318.3140855176559,84.63605265176058,7.645888552320071,91.97633664117004,0.6185779823250732,28.7356516574079,318.2606194754605,84.62622192736995,7.462542554018499,-99999.0
145452,classical,m,0,S,41.51128770894609,0.02255641824601008,19.2736259725646,172.8432063625998,186.9892303716362,349.912988976409,41.84245923244938,0.03015674686913111,19.21521163719997,172.276488595306,187.0439529146503,350.5544516376912,-99999.0
145453,classical,m,0,S,43.22277799986954,0.1387218277331213,28.50704080436501,279.3555804962109,85.84622192425998,52.65557875278091,43.47335641145162,0.143491641166884,28.48290936901347,280.5204595816452,85.84629880396179,51.18020949439026,-99999.0
145474,scattering,0,0,S,92.24809806551022,0.6415874165562678,16.27510606710664,277.0829122101517,170.3524259357058,354.3720277548456,93.89325763386037,0.6473322968798413,16.25890617301694,276.7425548282024,170.2334040349346,354.5968384333707,-99999.0
145480,detached,0,0,IH,75.65981808415651,0.3893700769017141,26.48002264402657,171.4593782301119,180.4515407979981,3.417513776410805,76.86225834794146,0.3987212236204805,26.40497989816028,171.7286354109465,180.4517477590382,3.221584311117642,-99999.0
145486,centaur,0,0,S,17.61054140563809,0.530977395576255,3.78616346117526,208.1056447480743,262.9322395075278,61.70931945878606,17.54920225295982,0.5309984294408607,3.790917680126939,207.8302399577148,262.9375869233503,62.06663340266876,-99999.0
148112,classical,m,0,S,43.93289059343203,0.04023333893182982,0.7908352980338933,86.36033022423918,192.0711846214747,98.88155583440394,44.30897668508015,0.03996346919536047,0.7889014882618306,98.35006852573608,192.0248098392744,86.86941399963092,-99999.0
148209,detached,0,0,I,221.9271698800769,0.8011798257061694,22.75582363338076,316.6911298260349,128.2857724677115,6.307197932669875,220.1965117072008,0.8005330190173165,22.7890131315824,316.2192673940207,128.3272123145176,6.399024693300584,-99999.0
148780,classical,m,0,S,44.2387628237135,0.06213943499193431,5.199315454539906,299.4608592144979,1.859858153402663,131.0762725087031,44.42508212727882,0.06159181009719804,5.194287596435879,304.356429775721,1.653896986313823,126.0225335254429,-99999.0
148975,centaur,0,0,S,28.70530585877334,0.6748379500040604,12.62845738421273,90.29456906639157,105.9030534141887,29.74255743229732,28.7444164289112,0.6739327130831105,12.6279750576312,90.4977247379219,105.9255975132285,29.71034927951795,-99999.0
149348,resonant,11,6,I,45.0621222784204,0.1215996606904397,2.988085111209993,88.79448677519255,275.5534382997898,65.32359843743389,45.26532116732869,0.1256559486816717,2.987652039129232,90.07610969032542,275.5376157653659,63.70210215072341,-99999.0
149349,resonant,5,3,S,42.27211151927704,0.239969287739629,7.070097440493869,254.7062621041135,224.496715077816,322.8140025185872,42.5304124807876,0.2416651219968797,7.055037697959943,253.3808359981591,224.4478706604266,323.9248319279084,-99999.0
149560,scattering,0,0,S,41.49273494677151,0.4765526953715241,34.81079900578428,137.2793453141342,130.8291769980292,42.64841146757619,41.85765087226411,0.4773616691588028,34.77761871547582,138.198868462643,130.7674934810095,41.89793997611504,-99999.0
150642,classical,m,0,S,45.1842771734833,0.1190975718345761,10.21645206291965,47.24746614456313,136.2238003729246,345.8045542086255,44.91665584290898,0.11389181556541,10.23283573168836,47.27694166244844,136.2665084905555,345.5870506649904,-99999.0
160091,classical,m,0,S,45.09024350088833,0.1094238479811528,1.982326006560558,312.9803627425275,322.6590853753327,76.52314700485238,45.48808909983139,0.1100833794367936,1.97804355412947,317.4906888398593,322.5679891774884,72.1612419261857,-99999.0
160147,resonant,7,4,I,43.69499574777761,0.08829332878365574,2.646023961279571,286.1933492548341,326.8509708070601,353.7105607995027,43.57049865025498,0.08612783277206544,2.645662160558244,287.9872195891751,326.9974029791089,352.0623598373953,-99999.0
160148,resonant,7,2,I,69.56657272063897,0.5061149771402249,15.32062466833627,229.0580143963799,39.61864723815428,357.8175567951259,69.5542522922401,0.5061958490909906,15.34437724460432,229.340808356646,39.70793617136003,357.7173011701912,-99999.0
160256,classical,m,0,S,42.95926951640359,0.06182827532944492,4.907340553644122,38.53904990834894,103.5497492959442,234.0231729563826,43.31474469256515,0.056873431855757,4.906632489346257,32.08066198028991,103.5475386674191,240.4767891933332,-99999.0
160427,centaur,0,0,S,24.50875453825125,0.04265940376174813,12.25898474804963,170.2925315245107,162.5486009309134,93.86775709339715,24.61356880509794,0.04422399365264634,12.25750404321398,175.8991341052792,162.4202689162424,88.1535109477918,-99999.0
168700,resonant,3,2,S,39.35327606795137,0.2305095111363082,4.991077933630001,49.80426629143916,154.7332430539982,28.52441535089231,39.22580773136664,0.2274225889702082,4.990464109940271,49.79543607398239,154.853398625119,28.65392463237848,0.0
168703,classical,m,0,S,39.78571342878028,0.07514354202046965,4.916720447229166,220.6955227534906,23.37127435636129,0.1807946828388046,39.67283899713802,0.07264577593072706,4.928198977399523,222.4808556667378,23.4884997399991,358.5522237793022,-99999.0
169071,resonant,3,2,S,39.28373015605319,0.1915886911619362,5.637348762346472,336.1268567038617,287.5254972052556,348.295773885478,39.18714356645309,0.1902665318441391,5.636686996990736,336.9736334537153,287.5572947187835,347.6747312151741,0.0
174567,resonant,15,8,SH,45.7453594210024,0.142608746380803,21.51098087163998,183.2143891739226,184.0964029408132,275.1274399938495,45.77002444824716,0.1456411186361168,21.52102147770465,182.9316991588814,184.2968309408837,275.5894867921044,-99999.0
175113,classical,i,0,S,38.95773913230397,0.06761239919479814,13.35553202859132,84.28345367588531,84.5970618534005,175.9666880638047,39.23516453090497,0.06020996257297875,13.35515061016474,83.44837273976954,84.65545457054823,176.9045628927945,-99999.0
181708,classical,m,0,S,43.71989079807081,0.04806685642534136,7.748985324798621,43.35096914588095,187.9065574899257,357.143767765004,43.52406067901967,0.04407890657568809,7.767580049517907,46.02574111020623,188.0270989895523,354.5718981348112,-99999.0
181855,classical,m,0,I,45.98193385873539,0.1824523691229531,28.6816786152992,41.41138277398982,41.59788258651949,1.224967596768948,46.15375495041872,0.185535228141916,28.63358625618446,40.64290259006269,41.49249475929462,1.789083187021453,-99999.0
181867,resonant,7,3,S,52.78554453421491,0.2897221216658253,5.479691965960187,147.8286110800881,305.6309643664667,38.5759683345014,52.5217482982308,0.2890200220237961,5.486993316874595,146.796242680417,305.6668551286739,39.33631822781549,-99999.0
181868,detached,0,0,S,49.5469405088016,0.2915819516468906,16.67967016927632,256.1120408376368,304.2737215045111,337.7618189730511,49.20243949934365,0.2868262371781944,16.69838564871372,256.376433791452,304.3040809895726,337.330122385673,-99999.0
181871,resonant,7,4,S,43.67419424880308,0.08499513007060291,0.8064141649382114,159.2529628031851,278.1933898987112,68.1829233747348,43.4841527436441,0.08588849164743223,0.80711141370875,156.1125906263432,278.2099771144404,71.07213096883007,-99999.0
181874,detached,0,0,I,52.72509000160596,0.2572264080726304,17.20274565410247,324.1599812896025,198.4186883915611,47.81286232344246,52.44478058697073,0.253744377598928,17.24661201744244,323.4414350945958,198.5422342418824,48.63506909797793,-99999.0
181902,scattering,0,0,I,122.3931704680877,0.6928709080442257,25.9290171627376,138.12933188704,210.3022081128187,9.085758476921493,125.8171179257453,0.7008167410267135,25.86042646569429,138.5518666437786,210.2467791127474,8.650936570208478,-99999.0
182222,resonant,7,4,I,43.61013352512143,0.09681250690929652,6.110263015558774,314.7424202803116,207.8483423847188,291.4281226670613,43.73830949150967,0.09473395993193492,6.100323463984335,312.5605988517801,207.698480337765,293.4025004587073,-99999.0
182223,detached,0,0,I,58.43675411299309,0.3834262622638893,19.88231479496315,146.1086829710828,227.6255886211943,36.28821083858151,58.83957402304507,0.3880754823581122,19.84486089181401,146.4566461080839,227.5182805592995,35.71114075515055,-99999.0
182294,resonant,11,6,I,44.97916501999502,0.1623711277079514,10.652294952185,205.4078963754463,45.01205636319606,2.181904720083955,44.88964243973979,0.1606768921109423,10.67495940870692,206.3103305143214,45.08697533973695,1.50244216509577,-99999.0
182397,resonant,9,4,I,51.63545040706451,0.23423132362627,17.03575426930315,108.4666652264732,141.009547138944,72.77101681267197,52.04162909500521,0.2328082485526581,16.99965225459042,110.4751361704647,140.9499205245429,71.00900066229023,-99999.0
182926,classical,m,0,S,45.75797853866696,0.14682532483448,2.194786452619246,190.5043759342547,55.43814387835577,316.9511353594521,45.45963708811934,0.1434348496015578,2.198831651978903,192.4436604217769,55.3335196344138,315.1373694053089,-99999.0
182933,detached,0,0,I,50.44586676166018,0.2404663202933763,1.05439862790106,164.4737488542178,117.2446273068903,343.1023672358081,50.37260454459419,0.2404197841764973,1.054145700315516,165.2824515705208,117.250868607685,342.6004847297771,-99999.0
182934,classical,m,0,S,44.23330385323901,0.1090264763360403,11.61076079439559,253.9174402269222,244.8331067421797,91.82893174579937,44.07780579180795,0.1072243714098563,11.63412995148098,252.0464748262986,244.840716648308,93.98453472022268,-99999.0
183595,classical,m,0,S,44.54649065120194,0.103456805288505,1.660378257359213,234.9429825079523,276.8384919566886,309.7650058964479,44.63714851002496,0.1021025643486793,1.660731699940315,232.9214959144977,276.8150170221307,311.4473555709278,-99999.0
183963,classical,m,0,S,44.3599268898526,0.1019764688959052,2.444512195588648,131.4493730964358,103.1597331035861,326.3885974543606,44.07940629956716,0.0977676863368791,2.444746996393226,133.6395084362046,103.1528206208099,324.2392617299524,-99999.0
183964,resonant,7,3,S,53.00774805900758,0.3823924666247071,11.30666595681956,56.27942561112572,101.624919598224,6.63809697537775,52.56570279472682,0.3775826589705978,11.30915041048685,55.94694482489224,101.6201013890204,6.870266881640866,-99999.0
184212,resonant,27,4,I,107.5016972316394,0.6712360078531989,15.43427499629829,3.704395822541807,356.7918278360328,3.698344592292246,110.9192158792432,0.6811968965508579,15.401274169579,3.97064418566045,356.7274965387278,3.490475309300095,-99999.0
184314,classical,m,0,I,45.13421335802891,0.1394387146082756,5.769722196807812,269.5350591167503,0.4213681528990021,324.1418889633161,44.91838273561215,0.1375665563321092,5.783675237857715,271.2228516603704,0.5450578842726179,322.5401068735668,-99999.0
187661,centaur,0,0,S,23.94005235516205,0.4040725741607193,33.12552848345511,173.6793103575437,62.53341139301475,48.81427355769453,24.07179139321162,0.40403455098449,33.11562738095902,174.3301930669791,62.62807818036161,48.23315474325345,-99999.0
202421,classical,m,0,S,43.32646951521489,0.146812777876919,25.71603684324843,221.5912204846886,307.7507130917951,233.1752469429102,43.62955501946676,0.1408302132745665,25.70640214919096,219.7605116329367,307.6500640965196,234.9631156857461,-99999.0
208996,resonant,3,2,S,39.46953401637667,0.1790421374379278,13.56476128465707,15.11712000330832,252.0296686529746,238.1860951854565,39.36244964789438,0.1788437173109648,13.55518481186182,16.30706486362108,251.9416284778024,236.7583352535737,0.0
225088,resonant,10,3,S,67.06668035590768,0.5034142762720836,30.80273433978821,206.9909502320339,336.8394917733194,108.833672866688,67.28342067941813,0.497972382599408,30.64278641748404,207.245483604408,336.8562453852364,108.9471529934501,-99999.0
229762,detached,0,0,I,73.43827171589366,0.488740309991839,23.35749874938981,346.4327300109384,131.1774960661848,346.7603394955937,73.94696690434101,0.4911125180863911,23.37358204214031,345.8864819579183,131.1031545620077,347.0728957644613,-99999.0
230965,detached,0,0,S,47.0948540611966,0.2467709535184194,38.11570213436399,132.2459676350121,328.6579111306971,4.556970044266299,47.19012799040714,0.2485912888606756,38.16885612093767,131.6944864788581,328.5747021170566,4.89093942195083,-99999.0
241097,scattering,0,0,I,40.36527948000929,0.776239992632728,15.68530558191039,348.418101016847,187.0546935235297,23.29313009000317,40.29238542608642,0.7751193438598616,15.66813165001493,348.3387838774083,187.2390585364775,23.39014940174062,-99999.0
248835,centaur,0,0,S,22.08794797839666,0.4586270782256665,36.2959958349953,70.67585996266271,280.0300660233946,44.27701926648579,22.21164068579378,0.4610126346213393,36.28415052399296,71.03797786347786,280.0052192868422,43.73195728056722,-99999.0
250112,centaur,0,0,S,12.55854318735583,0.3134249861469973,19.46909528879282,99.4556299604181,245.3575220586491,111.5592650054916,12.55711286680984,0.314582177344306,19.46429341117992,99.62345227142617,245.2689378573825,111.2686244057951,-99999.0
275809,classical,m,0,S,43.84541807982372,0.08307231682001336,1.547391969544782,125.9820194505712,108.7491262919498,91.03178701440507,44.15194130948476,0.08054189697046549,1.547349208592023,130.7735001589232,108.7489034281128,86.47361000404102,-99999.0
278361,classical,o,0,I,47.9602608079833,0.1590768516294631,12.058146982813,8.022423236889399,272.5211987599065,344.7584629500965,47.91774920781472,0.1592649414896224,12.06301052258724,9.199195715140664,272.5302078151371,343.9077983241152,-99999.0
281371,centaur,0,0,S,14.71007150013537,0.3080069713863794,27.11533416543445,141.9874605550056,245.6489193488452,57.09252620522356,14.72022191832754,0.3093341352650813,27.10899546002609,142.0420905191554,245.5684825541693,56.93262321047851,-99999.0
303712,classical,m,0,S,44.14939706003487,0.103543500687493,1.341138556614501,310.6681232634532,339.1305737317672,59.21492704539023,44.54545566320706,0.1065577355872074,1.336817514130666,314.9970190896556,339.0788735374528,55.02194468566911,-99999.0
303775,scattering,0,0,S,111.8325988012266,0.67005899348676,14.02978128064331,223.9949629888436,78.40808055458928,15.72368264273692,114.465701298737,0.6759395516312304,14.01649491798736,224.6751434519738,78.4751994029702,15.07080533361829,-99999.0
305543,detached,0,0,S,61.95627815289681,0.4059333266178514,25.15242837684972,331.8819095016077,43.21843767765218,359.6317528893704,62.94319567544409,0.4151089482829149,25.10268569163739,331.7654117417912,43.27398172227818,359.6654925970204,-99999.0
306792,resonant,3,2,S,39.50198816213923,0.1564529629539356,15.61623508227601,64.78361398770558,248.4831471985322,335.966734412586,39.60198288201244,0.1595371666813495,15.63312210742012,65.33061183138908,248.53995111102,335.6844766282966,0.0
307251,classical,m,0,S,46.69221787535614,0.2018808378126878,9.762562241567569,122.875556713352,59.84685074824809,56.65533087734939,46.58594640411096,0.1987200748234401,9.782696926552878,122.7368069133895,59.90233320449575,57.06674539474942,-99999.0
307261,classical,m,0,S,41.73742005120063,0.1452758524876187,17.69307157288216,214.578797467264,216.0737440442188,226.8416541033995,41.84064089630857,0.1455173397712801,17.71039839308527,212.9200570822881,216.256657939553,228.7158184751947,-99999.0
307463,resonant,3,2,S,39.14847095345454,0.2093283898632509,1.369442515131648,280.7575569080116,267.9008262143482,282.3419091689029,39.20979200406564,0.2063836703388298,1.369286060012807,280.1738223291787,267.8747713773235,282.6047339862989,-1.0
307616,classical,m,0,S,43.76431411331373,0.0762898128688509,10.35939959955198,87.24934039023204,17.7679183715451,286.5041446634044,44.13481419972585,0.0775381025022798,10.32424200333101,81.25086820348426,17.7485627413665,292.4311378170291,-99999.0
307982,scattering,0,0,S,90.17445944798851,0.5963218706309371,16.2797702431695,75.69827523543537,230.4409273616852,8.33061404300021,92.01115078457532,0.6035891968456861,16.26323269449006,76.15724029964537,230.5453080391014,7.962358420979005,-99999.0
308193,classical,m,0,S,43.35118968733779,0.142302238840788,28.6332839983228,91.65254869381282,112.8215688612526,326.9998994731176,43.10747100175,0.1377671232418417,28.64961512229142,92.39164941438607,112.8417832437306,326.0825409781439,-99999.0
308379,resonant,2,1,S,47.7999512653714,0.1984767706934372,10.00750744816774,267.0227468383325,46.44116706794104,59.10553474952508,48.25113636638194,0.2020963603620414,9.979487948714585,269.1246149581887,46.46911668522162,56.85231176724015,-99999.0
308460,resonant,5,4,S,34.82708185112024,0.06564654910479832,1.518108658718389,50.0525736770787,27.52473065612615,320.6100380350404,35.101881690078,0.07050521995092211,1.513240152640337,45.39661947762222,27.51410908607559,325.1487034886851,-99999.0
308634,classical,m,0,S,43.40466085357819,0.1041147824695685,7.865867500150228,101.6022360798447,318.434513211505,84.53659016884026,43.22114015143095,0.1063390055616151,7.882758274392421,99.27881622499072,318.4639102632983,86.59552190329863,-99999.0
308933,scattering,0,0,I,798.1758657661027,0.9697241450746147,19.47019879098228,122.3981596762766,197.3733903481152,0.2642123535331027,1084.921215827721,0.977672721520008,19.42468402424117,122.7546129499252,197.366306215305,0.165711270671872,-99999.0
309139,centaur,0,0,S,15.85219427463824,0.3765337229308655,31.59933479162572,134.5149156727605,233.8846534351086,115.1879708550009,15.82490804732868,0.3787070506071596,31.62223696664553,134.4773712757694,233.768676150303,115.1667500664043,-99999.0
309239,scattering,0,0,S,30.23387581686782,0.3005337426434005,36.09957190306305,96.08228390719444,187.0362301557693,81.96566197536234,30.41759031469263,0.2999873817642702,36.01063371921536,97.2398050449973,186.9397862621689,80.78838498889937,-99999.0
309737,centaur,0,0,S,10.92036719444073,0.4365908866839622,6.048503084515599,182.8992170797257,234.4625696164036,132.7853578735761,10.89407824709961,0.4385531073753011,6.06085174620717,182.7181886138724,234.4604756858998,133.0383044452009,-99999.0
309741,centaur,0,0,S,27.1722021349068,0.611026290033455,35.82395377983008,199.7300227583182,240.6289345004417,29.87834403557707,27.06333476864033,0.6109200958702911,35.86578361819362,199.49753762854,240.5505963118901,30.069684486261,-99999.0
310071,centaur,0,0,S,29.90254996530485,0.56554622632203,19.66220369303123,108.3652637499338,46.78766784428808,28.5844522415043,29.75816845838994,0.563849358172478,19.69848938920145,108.154560456513,46.8393910219139,28.84662730986181,-99999.0
312645,resonant,2,1,S,47.55426064397635,0.3049501631530925,18.89020250041875,352.1627103977462,205.0249347083528,8.66712933333174,47.22973522571245,0.3002649033767451,18.93652206426298,352.1247988425744,205.0549519502213,8.77896108852807,-99999.0
315530,classical,m,0,S,41.77729615618487,0.1390856077701247,27.40490477811235,57.78311440935828,14.89971024822582,55.94778140268299,41.66922659612548,0.1399783982730342,27.45812526463685,56.5648541113648,14.75677270532878,57.04599463128209,-99999.0
315898,jc,0,0,S,8.37180111692985,0.3521299322557019,42.04867135457805,68.32577940955598,344.6779876664863,186.1623275992228,8.361615868100055,0.3532643193778626,42.08240891642424,68.2558045428841,344.7806856974795,186.2376733644782,-99999.0
316179,scattering,0,0,S,30.64040933704021,0.3125847656700624,19.23545743308456,225.120294963391,234.3567482899854,59.14601497065018,30.48830706264785,0.3122533442283555,19.26900193195848,224.3834631565775,234.291918119039,59.91222052243329,-99999.0
328884,centaur,0,0,S,13.1487017497675,0.3084083205162629,24.78845567734826,135.8183232540348,41.51694941619388,99.13540058345211,13.17931305741483,0.3062669546740504,24.78332294546943,136.078492849428,41.63502367031493,98.93032538165409,-99999.0
330836,centaur,0,0,S,21.41287864209719,0.4179172295554878,17.87263604710485,140.5008767879484,50.38188084235195,58.54794624971333,21.44399216178766,0.4164233869511167,17.88153661874609,140.6982467186604,50.49884369072869,58.4495765033366,-99999.0
332685,jc,0,0,S,12.70747562705454,0.445274302174773,23.28184909312611,240.1593634927172,72.20337908884191,75.29738347192853,12.75740393444479,0.4453739632477844,23.25242470667041,240.5977456426023,72.16284765509903,74.71939433318272,-99999.0
336756,scattering,0,0,I,286.0127091253235,0.9670958439693098,140.7877267977407,132.8122056550907,136.201708309678,0.9090259731647803,285.7506380391686,0.9669154246372618,140.7518145861567,132.9635721703339,136.1480648676483,0.9107763204328021,-99999.0
341275,centaur,0,0,S,19.91933459023491,0.2328811522590188,28.76348779656416,149.4251106474189,311.8486190550048,0.6725358350971568,19.95879710758192,0.2345202681838908,28.78016235807532,149.0697101358033,311.7974305433087,0.8930940511185523,-99999.0
341520,resonant,3,2,S,39.2136720573843,0.2644194961808446,11.28218489973827,205.3474539528777,196.7031634789764,8.508503490980587,39.56278828360574,0.2709542404086015,11.26214110099223,205.3254776980982,196.607179526718,8.431590629829277,0.0
342842,jc,0,0,S,11.58517941849626,0.4406981063244056,105.0733399908269,330.4431317747704,112.528881688207,109.4922363624391,11.56771009063817,0.4419011075176852,105.0935529045716,330.2418541958638,112.5600094710079,109.7485175674588,-99999.0
346889,jc,0,0,S,10.78006592721403,0.4430590311127137,19.90499790647075,13.26413405481061,11.4543831451229,132.2367649505329,10.75542828509704,0.4452894550126218,19.9565184088846,13.15665340454092,11.43625690423794,132.3070773271068,-99999.0
349933,jc,0,0,S,12.05225311738012,0.4606912718151087,30.99756002891711,89.38729744548071,97.42155672129965,38.63877878459876,12.05348250156745,0.4603509081218179,31.01324099800874,89.44572189394273,97.4730988002096,38.63492065072801,-99999.0
353222,scattering,0,0,S,122.1206287442591,0.8904303725768014,30.79440781543389,326.7686845664163,126.0668773724589,2.446014317559266,121.284635784944,0.8899493277029978,30.81551212828732,326.5624914074928,126.0719964934814,2.473282943469817,-99999.0
363330,classical,m,0,S,43.80338354586994,0.0476351481482729,3.076167437041108,313.0914910887043,165.794592562819,216.6006601119637,44.10837212298664,0.04343612625754416,3.067168327918098,305.6576783582974,165.8329055351956,224.2379025051415,-99999.0
363401,classical,m,0,S,45.58846153597452,0.1312413856887371,2.297272513611556,156.0691450129772,49.64763383659296,43.41104300683109,45.50773571490624,0.128188156027638,2.302782197120445,156.4103279001248,49.73250895284583,43.31646072662519,-99999.0
364171,classical,m,0,S,44.6866389266321,0.08020179236355121,3.548996881860785,181.986197388729,36.38528176649324,16.59240264511966,44.51272129269811,0.07622524665169715,3.559191114269626,182.7713078512705,36.45228100700502,16.00273134950057,-99999.0
382004,jc,0,0,S,19.79842773583622,0.6887795931973743,26.99927792254082,291.5902213640027,113.8651089116701,42.3018550449591,19.76431985953891,0.6899649189145949,27.01226737050054,291.3962745075539,113.86257194767,42.33354868544016,-99999.0
385185,resonant,3,2,S,39.19877854582232,0.1970659272245007,3.714378505495071,188.4767876449556,170.3127879955513,37.34364830789417,39.52975953458363,0.2029383470418621,3.710198399924785,189.6597275425817,170.1830541577817,36.09428773476403,0.0
385191,classical,m,0,S,41.30587936357411,0.02571500957321957,12.73338681128853,18.33661464387701,163.7518563871854,195.3569427496811,41.64195474227225,0.01793843175548965,12.70128050676283,12.67552011294313,163.6603705897888,201.0712589827863,-99999.0
385194,classical,m,0,S,43.39785455153982,0.05007938050184421,0.78926706981109,117.4232456950684,336.8138665922014,243.409883273222,43.7085702031745,0.04883502211863279,0.7862274963048904,109.0936431859859,336.8549870586424,251.9327670255628,-99999.0
385199,classical,m,0,S,45.35020622416015,0.04631301166360241,2.151582851767032,214.5746247044001,130.8877590066548,1.029676447263673,45.74505571020498,0.05434914484322139,2.149165281999101,216.2217598158375,130.8436820240819,359.5800328243078,-99999.0
385201,classical,m,0,S,43.16437644670879,0.07347596631830573,12.40986456420665,102.5639944886993,140.649928370182,148.3077114940056,43.48547178067599,0.06760828200306128,12.40129335172534,106.7685966711312,140.5250781851534,144.0665685837622,-99999.0
385266,classical,m,0,S,42.60702339590305,0.09589537570312844,1.798952527616009,1.879150003719241,291.6175872315199,53.6656160329457,42.98325492671802,0.099550191851798,1.797593230128984,6.247893519727679,291.5757254700177,49.43893455339111,-99999.0
385362,classical,m,0,S,46.2462068866099,0.144325430998187,3.700648602315206,134.1965591900782,328.7763675350207,259.6986971086531,46.62428826792377,0.1429020630766311,3.689832327739625,131.0490403946963,328.7310520181921,263.035519169989,-99999.0
385363,classical,m,0,S,44.86197928244777,0.07228345998665946,3.931806920587378,203.2257828394315,339.8153736011932,164.4115688249287,45.20311762252161,0.06432141068329073,3.918509374969209,203.9301087509008,339.7901263746029,163.8828620218374,-99999.0
385437,classical,m,0,S,44.14776040766574,0.07893075096200591,1.101857766474526,86.5864317239121,116.479629744243,31.72508456715169,43.98251094389218,0.07489360647153395,1.101629512799498,86.63054516184064,116.4904411417269,31.93929137970807,-99999.0
385445,resonant,3,2,S,39.42798567288973,0.1500416484871697,3.662478365387726,266.4657845619467,286.7588789599394,133.2143340530371,39.66508942709215,0.1438254965383949,3.660330089967546,267.6461738641075,286.7425675976223,132.2762930304751,0.0
385446,resonant,7,4,I,43.71276207944187,0.1133435450968166,2.666678489512581,20.17278243051204,68.49404645703285,285.0002021142193,44.10206379980806,0.1150703540074199,2.664394142130906,15.93972626024133,68.60147214565568,289.1733955607631,-99999.0
385447,classical,m,0,S,43.81875118862929,0.02858445775426059,4.458809735279845,202.9006423588391,114.1421461484614,23.82193670804253,44.17373023164871,0.03518975827566266,4.456490239722998,210.484620586991,114.1202063380342,16.44016308887127,-99999.0
385458,resonant,17,9,I,45.96190606970794,0.1698147390135323,5.080611382906046,96.96211980218955,347.0996601050765,309.8018756939505,46.40383457939031,0.17368648381201,5.066484789652443,94.49500748356957,347.0157977801818,312.2901173489257,-99999.0
385527,resonant,7,4,S,43.78705485002921,0.2434304261342112,3.464677154246666,207.3780026722949,149.0390342283271,346.2215772862945,44.23453414587368,0.2510127665330146,3.458172482844756,207.2049520851643,149.033430707594,346.5771558973172,-99999.0
385528,detached,0,0,S,56.26379668387963,0.3389989719063101,6.917715115849512,13.02213559317768,285.2172243969252,12.70600974050121,56.82456984423284,0.3445273118625043,6.914961844391477,13.84669014252977,285.2186706968927,12.12875419576484,-99999.0
385533,resonant,12,7,I,43.03550459316349,0.1142316846878709,23.85876414188531,114.6532154746968,135.2739260593046,77.94248882924114,43.3414839991343,0.1131456595606037,23.81777408254051,118.3073212086004,135.2342707589358,74.53261707076337,-99999.0
385571,resonant,1,1,S,30.14547456622197,0.02690308775077834,1.431724771808218,3.012093043817099,34.78200264209125,7.943843512562946,30.34771589741,0.03331460188611685,1.427555532534603,2.089657609768352,34.75568916307719,8.717761335403377,-99999.0
385607,resonant,3,1,I,62.69361524742585,0.3436855215086739,25.03788412550973,349.1193149374895,144.047537976734,19.39917480407792,62.23064702276541,0.3400502266787824,25.0831213691237,348.3558948952477,144.1004989010281,19.95598258459498,-99999.0
385695,resonant,1,1,S,30.13479706157411,0.05281488168858524,5.251792821078682,304.7254894495718,169.387360584005,297.032054411674,30.33108553903385,0.05431099002296831,5.244564517247689,298.206900816131,169.2681108760719,303.4925884451433,-99999.0
386723,classical,m,0,S,44.33395710035509,0.1435052543702098,29.09075202234487,100.1300719196144,141.5645075897683,188.3357698291215,44.53020764318452,0.1382307808809073,29.10843779085816,101.0252518441647,141.4197751431174,187.2373520743084,-99999.0
386968,centaur,0,0,S,21.53024917997182,0.4579076592804407,2.035718572325875,158.3308670087278,24.39566671111563,23.20475836206021,21.44893491934093,0.4561108002592402,2.038827527734212,158.18107348706,24.45537757389733,23.3843018851472,-99999.0
389820,jc,0,0,S,8.824320306347774,0.371481299421858,6.457513821416362,22.20972167683895,101.1376909832811,131.2702057593316,8.826535184296974,0.3706239517293108,6.458909952134384,22.15555309243319,101.1721731868317,131.4599882323308,-99999.0
395699,centaur,0,0,S,15.08498968420801,0.3729207115864262,12.60731210031739,171.6863325960921,350.6961521887187,81.07676006603285,15.08936528745377,0.3715231175606035,12.59804819969757,171.6649548158489,350.8142984301159,81.17414209567804,-99999.0
408832,classical,m,0,S,44.08740017786111,0.04007139818408178,2.151511550789395,295.3595947767651,162.7187558223137,258.9667869111505,44.45780701630615,0.0399165337347128,2.145737894729359,283.6024590722029,162.6885032501444,270.8686709520524,-99999.0
413666,scattering,0,0,I,35.06109598567215,0.6784498075055259,6.961000053732758,245.8410206598124,301.4413320823817,24.56515094571443,35.02436593453956,0.6772966133387922,6.956849283172624,245.9364910573069,301.4736873014322,24.62821242971319,-99999.0
415720,classical,m,0,S,43.04358076872368,0.06987955693593237,7.736810555119824,329.8386093503198,14.29301102846043,55.76522029466391,43.3761333915828,0.07515818196644784,7.714883160337975,333.948834066635,14.18828052664192,51.55088917356407,-99999.0
416400,classical,m,0,S,44.22186879721144,0.1326018616575093,27.42040083840237,246.513164243475,204.629401504478,347.5373143025442,44.42595427959422,0.13587911146665,27.37299025133284,245.1270261304148,204.4969375552896,348.7590256693944,-99999.0
418993,scattering,0,0,S,352.653230225895,0.968807031138141,68.01163236206186,128.6154529040121,220.2290934816228,0.5458009869076447,390.3541936810724,0.9718000260297698,67.92294283014492,128.7462874993382,220.1420012257392,0.4679673487632892,-99999.0
420356,resonant,22,13,I,42.70372386465972,0.007828932555796366,1.09346523305804,14.80790750217494,314.2320316269143,173.3678422374809,42.55421867876508,0.01163880766375442,1.096326003060688,24.64391971692464,314.2298188236502,163.2498847767822,-99999.0
427507,centaur,0,0,S,22.00878398773659,0.3654785510122947,22.47093075115886,327.4859989893385,156.9635867708828,86.1639656285937,21.95433689800767,0.3650396139342916,22.47101876137913,327.0305705135769,157.0979095969205,86.67799828236082,-99999.0
427581,resonant,5,4,S,34.8643002867453,0.09340687440450493,3.489069016808314,62.95619096537346,120.037806206683,169.9201536404918,35.10763878306039,0.08603756874206643,3.486871845121907,63.22024728596571,119.9986851246071,169.7979286530217,-99999.0
427614,classical,m,0,S,40.09209344328085,0.05389849018550426,23.91370518287657,67.16210200990699,99.8482750330643,255.0352700559335,40.32678787969782,0.05011382595745522,23.90951184216859,61.54369336700785,99.84174748344391,260.3901125942089,-99999.0
432949,resonant,5,4,S,34.87437698010338,0.1637563995020288,28.58230119638081,100.2514872166354,56.44863263981262,43.43377578616471,34.70547793632856,0.1605712619446613,28.63537867531305,99.37201154273228,56.418873646982,44.45396253434904,-99999.0
434194,classical,m,0,S,42.56278861632593,0.04796463647708737,2.271624895361505,115.3731417017023,84.34250565098615,356.4887388446173,42.30594726005371,0.0424243846412457,2.272815102944696,116.2979315937713,84.2800987090306,355.6596665866868,-99999.0
434390,detached,0,0,S,55.20160323000778,0.3186289559255958,5.13765303324972,15.29011594950195,122.7959660205523,15.45666444224559,54.79890022001653,0.3145564261215918,5.141586485940916,14.59081165761018,122.8301299751091,15.96756456791212,-99999.0
434709,resonant,5,3,S,42.16915886906378,0.2280798109460988,17.91544878194934,59.39980076245381,130.4294171029406,346.7653124475617,41.8987635462581,0.2232369500325865,17.93624271368887,59.48255652301206,130.4679105606501,346.5381968371415,-99999.0
437313,jc,0,0,S,12.90602701645105,0.584830547413774,9.022891861949399,48.90836077596389,141.1495810542719,72.95558597843039,12.93830564922815,0.5830242850583122,9.00956812003058,49.15796011347033,141.1581031843359,72.84002167703069,-99999.0
437360,detached,0,0,S,111.2093673108275,0.6720550361658864,31.14276668914791,232.0958947334423,181.074148746369,0.1866647758347677,113.911438168516,0.6797939327707305,31.10077960356544,232.0165452799065,180.9643571845062,0.2023745851515911,-99999.0
437871,classical,m,0,S,42.50797415054654,0.07249067161389013,21.73404094392152,11.52229513319781,203.311456069255,14.07994891263802,42.34055481428583,0.06862545227064677,21.79066337592904,12.19903504611145,203.3980306373814,13.53897100896153,-99999.0
437915,resonant,9,5,S,44.48097677386956,0.1370052668000317,6.586798612380361,24.69285956408413,22.17660363038169,182.6044008105966,44.3092386590668,0.1413782615560003,6.610493223561905,23.84437529954599,22.2815604631752,183.614896927899,-99999.0
438028,resonant,3,2,S,39.40934205586893,0.2794104916289522,3.134062082083252,300.9366718859208,226.1592262027478,35.07216578000319,39.18464204339995,0.2758410862925852,3.140686532189192,300.4387280860179,226.1790273377318,35.6880627286815,0.0
439858,classical,m,0,S,42.63164707243433,0.04081816985238727,3.186662380473711,187.2897985510962,133.0576799790619,25.77675899413288,42.9920855029691,0.04751484488208015,3.182512629918573,193.0403120417787,133.0100879212568,20.21626106066754,-99999.0
443843,classical,m,0,S,46.44361632870174,0.1180494496018868,10.6358947745204,334.4751804479392,205.7751501186002,40.01853725613001,46.21496382785857,0.1137756926939322,10.6654173951709,333.5490183693752,205.8539039475965,41.08269246569559,-99999.0
444018,classical,m,0,S,44.15270060742388,0.04422027648341365,2.821483971017881,121.4636383756509,65.60983685885724,37.77185426914433,43.9483082102618,0.03972798378649622,2.827400377534204,119.6627679603498,65.57721095539333,39.82775114144029,-99999.0
444025,classical,m,0,S,43.96387436696344,0.04638849279769816,3.315492449468202,282.5936816350696,45.29659963051189,265.9514403647743,43.78258936232032,0.04910872136856638,3.325677959053599,287.079393349048,45.30982489063235,261.6985801562138,-99999.0
444030,classical,m,0,S,43.43670381753044,0.1504194378571338,31.22840460088222,37.95154593505014,241.0141617942795,48.16060549521733,43.78831585520285,0.1533977793311172,31.21151134048302,40.45426701721539,241.125607420671,45.71828584424625,-99999.0
444745,resonant,3,2,S,39.34800067669357,0.1833543384138341,15.08051115392662,122.8367633067942,207.4951018366176,302.821468995986,39.32504271018342,0.1855282828903071,15.10914038449191,123.3245499645976,207.6187656556454,302.5257467521641,0.0
445473,scattering,0,0,I,153.4292178039485,0.7761113254280513,4.510596786215288,313.7290627531973,117.3938618452179,359.1101244452352,158.6510401477914,0.7833721977278598,4.511399282012781,313.4753533167994,117.3611351272351,359.1757712154922,-99999.0
447178,centaur,0,0,S,28.8522784920906,0.5194637492052342,35.45674947566295,326.5906355753594,198.1698016379239,340.582104962771,28.85599629869997,0.5191053412844796,35.45597428810986,326.5185258196734,198.0639938482639,340.6115721078004,-99999.0
449097,centaur,0,0,S,20.25626406221069,0.376946489182129,15.41156403130638,5.908424533996536,43.85604441108895,36.99211882720667,20.26948209330048,0.3783414271141133,15.41218276426065,5.876033239129659,43.75192612210494,36.93703073250587,-99999.0
450265,resonant,3,2,S,39.18547178194356,0.2554998095286385,4.14554082733884,100.5328021132348,10.37750557843614,2.182018450688218,39.18479258263873,0.2556886251326416,4.148028230365074,100.059528536338,10.23007849548429,2.527494541382171,0.0
451657,detached,0,0,S,76.54389057794174,0.5104952273553176,23.68354557182253,293.6555828426928,177.3167588484804,340.6887059785669,77.35493329189754,0.5137579455708468,23.64157362675683,293.0331401935164,177.178512054345,341.1873211433469,-99999.0
455171,classical,m,0,I,45.9762126399764,0.1198779132305033,2.087273310054123,132.5516697511944,113.7905246880344,84.45609527785071,46.33058427803484,0.1181008794952929,2.086587983583257,136.2659184643603,113.772489508526,80.9492539750319,-99999.0
455206,classical,m,0,S,46.66941863711455,0.124205390596324,2.813595655292978,338.6176281930907,154.9020873938976,64.88674908964668,46.38832138327301,0.1218210467415761,2.817484735281762,336.1517856447418,155.024895355003,67.34318450391035,-99999.0
455209,classical,m,0,S,45.09269613353365,0.08684392622868455,1.708414598304811,344.7104525971422,184.5282752845897,67.13190956934788,44.94372349875438,0.08357636825811467,1.710613467444798,343.1945465371049,184.6831600490909,68.79336450007298,-99999.0
455502,resonant,3,2,S,39.23155115834246,0.2230766513514189,12.04452502115821,145.473094461045,136.0305665679313,118.6957738263328,39.45358016562994,0.2209877908135445,12.04907231657545,147.0709775556598,135.910540420995,116.9300645954808,1.0
456826,resonant,3,2,S,39.32875846634467,0.2763286372059553,28.53925977862215,312.7617694541107,96.3513845558727,23.69699202792498,39.5141302654265,0.2804138964719339,28.53179120677976,312.6527315279819,96.3364666334029,23.53464914379939,-1.0
459865,centaur,0,0,S,13.40803342564705,0.3715197467986989,22.52508595391593,288.4659214138357,266.5976904704398,13.25815654210695,13.35209159273864,0.3694376254708668,22.54835135582804,288.3393515954973,266.6269002891161,13.39555393939675,-99999.0
459870,jc,0,0,S,10.90522603628872,0.402921715622846,165.5386440346035,279.7251554130561,262.5431035636336,55.49452526166669,10.92271202971854,0.4012361864936498,165.5462193678841,280.1830285261666,262.6051386667502,55.28877122799378,-99999.0
459971,centaur,0,0,S,13.30055694619592,0.5646102482306763,3.941394660042224,195.3668532390299,94.32673838748188,70.1750736254545,13.36466012554995,0.5640502672526801,3.938300304262815,195.7477331321677,94.32723782347624,69.63979728977539,-99999.0
463368,centaur,0,0,S,29.23483906036992,0.31049953195701,15.06634025610945,265.1077487766975,252.5736838335895,328.3579285075598,29.24905003380067,0.3095966412457568,15.05643543626568,264.7351294808622,252.5282075805654,328.5416286461658,-99999.0
463663,centaur,0,0,S,18.65716752836987,0.6258692881400653,13.93183660533303,232.0829388381158,314.5732780739716,27.15905817130883,18.65546983145935,0.6253828562006597,13.92787401222066,232.1320494042873,314.6234234544776,27.17547356862346,-99999.0
468422,classical,m,0,S,43.93196079291314,0.02901759659930335,0.7568812746465089,6.70479145674827,212.6970004688281,355.4500536699138,43.69503298310811,0.02410626827643885,0.7585051066085158,10.75767902725082,212.7286825221717,351.5181758615086,-99999.0
468861,scattering,0,0,S,174.5712418701075,0.9499203015621746,125.3637833783488,153.1117498355532,276.0697411254171,359.7928252933601,190.1025695338668,0.9540053483181146,125.3316918081213,152.9090447271546,276.0304419249054,359.819360879468,-99999.0
469306,resonant,7,4,SH,43.65956097002734,0.1442297661671297,25.47523196043721,144.8583714147874,119.013963633619,255.6437845365126,43.48461837392077,0.1437768809039048,25.50291616217838,146.536419919737,119.0339594745431,253.6754723794945,-99999.0
469333,detached,0,0,I,54.31903583811093,0.3420485408981189,18.41153791339124,147.5062516449567,127.3495013141605,33.86297339809695,54.82654501501886,0.3449486068161765,18.38950856954484,148.7610016467163,127.3149803685364,32.86280568810269,-99999.0
469361,classical,m,0,S,43.1580491561559,0.1197180567991742,17.13577004126159,314.4739625555965,188.1647233478784,61.12528154149056,42.92784852031586,0.117061439612725,17.18387543657278,312.4006322050112,188.2553742306634,63.24147446076289,-99999.0
469362,resonant,3,2,S,39.55580087292228,0.2825384917582665,17.51825981240526,52.918107132032,223.005974641985,357.9487428995312,39.61319441420987,0.2836893626080902,17.53825065296054,53.36395159048152,223.102573358885,357.6758994567701,1.0
469372,resonant,3,2,S,39.3765040002324,0.1111437267854397,22.35176465714702,42.18863422644065,164.1841356341874,163.6920898455841,39.6535610048473,0.1038752864565257,22.28984509759859,43.28738536205657,164.0969727604117,162.6728253110329,0.0
469420,resonant,5,3,S,42.20061885237849,0.2171215323184687,2.607500755452926,181.2096352016127,304.9292488574822,10.66584614135989,42.04057295888573,0.2148294657288364,2.611121010858872,180.4011645882526,304.9330581556962,11.23220024068912,-99999.0
469421,resonant,3,2,S,39.39079328753,0.110063019345734,18.0994090123069,110.4282121678432,106.6789557999112,291.5285869387822,39.25791032299436,0.1071479773042421,18.10643245933182,111.5845928508237,106.6779244697047,290.100784127659,0.0
469438,classical,m,0,S,44.01087794357994,0.09091853738140594,2.181918405144728,130.5047504298813,59.13833873246128,356.02818637909,43.73016480974299,0.08528128361276356,2.185062708837903,130.691245723447,59.02854173341412,355.916768444953,-99999.0
469442,scattering,0,0,S,34.42776051798856,0.5897295585816205,7.70989830333136,275.1843806739016,32.97834327752601,349.1573721205496,34.54747423454612,0.591493707210982,7.71725491331457,275.2255735522457,33.0541198586489,349.2085054643973,-99999.0
469505,resonant,2,1,S,47.93052656799631,0.2520101672471832,3.384599525094021,53.86937899046155,169.2274511715862,14.24058288022186,47.75267791646459,0.2487908932475994,3.386180214065297,54.08524964310786,169.3666820598531,14.14283359466227,-99999.0
469506,resonant,3,2,S,39.50377554165794,0.2148214921352587,1.911078169580767,170.3896091636157,91.73089899550506,356.0227634716122,39.44952951013441,0.2140060876275191,1.912393934897614,171.1300622707341,91.72470647955109,355.5598359846564,0.0
469509,classical,m,0,S,44.02730285198474,0.06705407822178254,1.04159958406045,45.59809937214609,233.9257099874359,309.8783670219746,43.82081114589496,0.06605099155165017,1.043435891039349,49.67839457456506,233.9323854093671,306.0022426353962,-99999.0
469514,classical,m,0,S,44.38486037238897,0.06896253140467881,2.414549305803857,330.9894941890723,104.6731342356848,281.3268059244076,44.76412370058262,0.07142900714164166,2.414408986178557,324.6228781245566,104.6774951890236,287.8196655880161,-99999.0
469584,resonant,5,3,S,42.1642802603647,0.1532916523930372,2.385612473997534,18.65570998393979,97.18407433568413,22.3260377349032,42.00143788008374,0.1513893918305207,2.385116523112966,17.32276048606334,97.16105172024518,23.43664969802079,-99999.0
469610,classical,m,0,S,43.27293595097546,0.02764432783592317,1.484851501863531,196.156396285777,76.64152946284624,340.3113574187661,43.18571312657144,0.02701523315385608,1.48756098073645,203.2256846444589,76.63370619948623,333.5785693806919,-99999.0
469615,classical,m,0,S,40.54622368451739,0.0577236021886169,26.11944885986771,19.71153631860588,320.9343864723493,2.749532593068529,40.86546924103402,0.06482628672247093,26.07010184849655,21.41875167545442,320.8975922521952,1.245010220088163,-99999.0
469704,resonant,3,2,S,39.43274812984533,0.1501771055113087,1.773805458460088,212.4223890511766,24.40608375526077,344.2201129257846,39.22040377074246,0.1463578255194303,1.779252960185859,213.4647289188163,24.43402780848121,343.2922802827429,0.0
469705,classical,m,0,S,44.00746224201531,0.08972577335746877,2.866721078327778,76.51210414414253,118.0205719264003,344.2701541858154,43.73534998798429,0.08429004872895339,2.868069563128939,77.0924487980662,118.0528175888582,343.5707245601733,-99999.0
469707,resonant,3,2,S,39.42914586126896,0.2355724350432311,14.68638729790556,349.2483565515217,217.0790048279372,29.16883399404665,39.32214590202056,0.2327925734465753,14.71354259592361,349.3360776810866,217.1690294927897,29.23965401900024,0.0
469708,resonant,3,2,S,39.32896860293773,0.3246117622972022,18.25094272454705,85.90183046238752,205.4028579241105,347.0649780688526,39.37405035923025,0.325980785597772,18.26925655330448,86.19034387416706,205.5192697484276,346.9174703871144,0.0
469750,scattering,0,0,S,174.4566799927591,0.8323313050359042,6.17574290039741,227.8665580957456,192.492380804811,357.2690470335301,184.1936585118011,0.8408705578255873,6.161447368688657,227.4711888425339,192.4870430566005,357.5049331234513,-99999.0
469987,resonant,3,2,S,39.43849903826467,0.3024333064420558,12.450244986115,102.2109627619216,222.5631765707984,319.0018484634739,39.44444686098748,0.3044169865181648,12.473320304501,102.5129670779089,222.6414335377415,318.9191699234375,1.0
470027,classical,m,0,S,41.90209454146522,0.1414288063561516,17.17109189715507,86.1848077658948,310.3419613061527,337.7543747009214,42.31996991053873,0.1490532185653158,17.15388709531249,84.86420635377928,310.2755326589919,339.1575724035199,-99999.0
470083,resonant,2,1,S,47.77849536972354,0.3690903592955981,13.59171505362018,289.9773926917205,101.3733252719751,17.50232976929613,48.23730569912126,0.3752564658409637,13.58949586132953,290.1039942272959,101.3623143276818,17.15454887620177,-99999.0
470308,resonant,3,2,S,39.42660917948565,0.02878409603278319,18.15606064659473,0.1111928988118293,64.58966560758162,191.5359500329181,39.37534027834488,0.0306881910932053,18.19066491478547,355.507931525715,64.62174650815592,196.4433331957067,2.0
470309,detached,0,0,S,46.14271946750709,0.4894716187685598,44.89205292702628,10.33948692018796,233.590600568906,12.87656454578574,46.31233771663054,0.4906505682862981,44.92636348974925,10.66278961897179,233.6763719464605,12.69916707519214,-99999.0
470316,detached,0,0,S,49.65197745971911,0.2855412376122558,21.67010696589369,52.52467022362902,258.1918877237049,15.94361958331318,50.18768063310371,0.2920741422002449,21.66799486159887,53.41872774467552,258.254355801761,15.16584021007315,-99999.0
470443,classical,m,0,S,45.95367958844028,0.06684870742649128,22.87252060317325,273.9077484054616,53.58462543228779,108.2729099373631,46.11439190918829,0.06855490166272908,22.82187032781462,277.4986153275562,53.50241748307311,104.3878881858321,-99999.0
470523,resonant,5,3,S,42.30106609383514,0.1596509641182967,15.92113183138204,150.8542852336391,326.6474764280122,40.5910859591008,42.07067110028629,0.1575203976826693,15.95399181216694,149.1665058256523,326.6939356447385,42.09391456250561,-99999.0
470593,scattering,0,0,S,89.15034578240054,0.6652172295722074,14.10728871533764,164.5710873062932,72.46966176567132,3.989805523929336,88.83186741837775,0.6637866380855213,14.12254631472934,164.7782051092377,72.4954254460483,3.981570487448356,-99999.0
470596,classical,m,0,S,45.11822760777972,0.1898685243566052,23.14877805047644,41.73009019905506,285.118675067353,4.047696973343573,45.53089982630205,0.1968975476678675,23.14065984417101,42.51457951920919,285.1175206116343,3.471282397390836,-99999.0
470599,resonant,23,7,S,66.53188569807911,0.4201259114825927,13.14535436094082,140.7707950902402,164.0927122626681,6.170061839094226,67.29574507816972,0.4262043461221933,13.11662243963181,141.2870428084762,164.1487723738768,5.851273586244534,-99999.0
471136,centaur,0,0,S,25.06314802992692,0.4412719483118434,11.36468546024408,271.0019948246883,315.5821846357762,21.92273647055827,25.09601581260698,0.4411888009578392,11.35812835725469,271.237365049306,315.6349011688633,21.80786537174964,-99999.0
471137,detached,0,0,S,62.17429517992637,0.3627545058347307,30.60649708611001,354.0736708336853,189.5717201838717,6.946697691449146,61.67516526238414,0.357778499209225,30.6876114650687,353.9185209249305,189.6016164396712,7.100469333583001,-99999.0
471143,resonant,7,2,S,69.3596391872348,0.5313713010173227,29.4597364933253,284.7043022482154,346.1853159399916,350.1827266887673,69.04755901291895,0.5298862818583195,29.48651605580461,284.9537055281922,346.3106472427276,350.0283152827736,-99999.0
471149,centaur,0,0,S,22.51818912867028,0.1950731102771493,24.38566278494107,171.3468826598869,184.8657134059835,228.5037959331798,22.45057812744815,0.198034870571061,24.44627979809358,171.715951508804,184.9379385781057,228.1752599093882,-99999.0
471150,classical,i,0,S,38.94683647711503,0.05177114953847241,39.74391746356534,301.1775187924264,1.76226883316217,261.2615610298568,38.79035695380126,0.05297119738286474,39.85898986381208,305.1735586633728,1.815385395052844,257.2570973242755,-99999.0
471151,resonant,5,2,S,55.30855279442459,0.4227050495624193,10.72581980321152,142.1496881977694,66.33103976752338,6.367388369540876,54.88315504515432,0.4182174873790553,10.74132602794156,142.2588723094043,66.3127771188061,6.420725151759225,-99999.0
471152,scattering,0,0,IH,53.71622527842476,0.3739676131887459,11.69959736467467,131.284564981826,57.95338786624523,16.89255713531171,53.32549528576159,0.3694040578129437,11.722079343451,131.1702161240171,57.94357977370874,17.16422387992226,-99999.0
471155,scattering,0,0,S,33.29695126953778,0.3370618942606505,12.417229963093,285.0382369660151,0.4795233895207217,349.5052480875635,33.32273279102139,0.3380254806188669,12.42127312138312,285.2791747038729,0.6023353720292852,349.3679514944021,-99999.0
471165,scattering,0,0,I,38.94718531832285,0.1801713499104502,15.71911528059698,282.019424425449,238.6957709295476,71.41011936314415,38.84246402050425,0.1776037558682194,15.75054936164265,281.4296566911427,238.7375631796667,72.24540373533986,-99999.0
471172,resonant,5,2,S,55.2188899606621,0.4299337318476571,3.125665823043966,217.0056563506834,50.89565234479704,355.4326805343313,55.14268010650931,0.4294564888390538,3.131348408724495,217.3658675195751,50.94843111460448,355.2807875083855,-99999.0
471196,classical,m,0,S,40.71575045551293,0.002117509027580249,13.64737890258426,226.5729144928086,331.6230031117902,123.3289602017751,40.95801743128076,0.004624618642735372,13.61254663939648,357.3028882216083,331.6566524667246,352.8431376895911,-99999.0
471210,detached,0,0,S,50.6131493655563,0.2775539269861017,27.80426276839673,259.5468841876357,158.0246219367796,7.718915849249613,51.00879498286459,0.2833611793850607,27.80593513591358,259.3873367869487,157.8904643587042,7.753265316875442,-99999.0
471237,centaur,0,0,S,25.74638659885042,0.5639642331804481,13.80578361550844,23.26320679042451,119.3255945302029,26.9879150710298,25.59859473352448,0.5623518837097886,13.80929397462509,22.97600680269746,119.3564866861076,27.27977153069394,-99999.0
471272,scattering,0,0,S,58.44754763779032,0.7401365583272076,37.74958329610542,300.7041162390318,214.3074720267095,11.7311402721959,57.97008024769795,0.7382154923691548,37.82297663919723,300.5405244672833,214.3724315550135,11.89277634514184,-99999.0
471288,resonant,7,4,IH,43.65789412828095,0.02819559429276944,13.03551055058972,202.4693522705493,257.1519563388892,92.4142995887091,43.40262250136555,0.02897975644670494,13.04604545870461,191.2120087189897,257.0912864147597,103.7584764374509,-99999.0
471318,classical,m,0,S,41.43382737528881,0.1332247732144806,27.72553158797191,251.6741951205751,236.7991071161297,97.77548270328381,41.30207953113933,0.1319549640140389,27.78949977132246,250.2146402928629,236.8192267350709,99.49140039412121,-99999.0
471325,scattering,0,0,IH,35.57428716027634,0.3307826788993236,110.2131232826985,322.4016820196536,243.8047039299655,40.60245527404904,35.75386302378108,0.3316025759858373,110.2771869266774,323.2916411621313,243.8745750971501,39.91908015592304,-99999.0
471335,centaur,0,0,S,23.81655806764452,0.1804387414024279,6.298471460591296,201.5915194386185,166.0938320613765,359.9894625148123,24.0360913194421,0.1875515174248567,6.287558319125922,201.6791604171096,166.0563668411893,359.9541752219226,-99999.0
471339,centaur,0,0,S,11.6620088272108,0.1586166988835855,8.193320004007411,77.26407292445683,330.3489088702577,34.84242427811777,11.69063957168834,0.1606858501349159,8.194692646967326,77.58408679489503,330.2729311368286,34.46509683023712,-99999.0
471512,centaur,0,0,S,28.85662292852142,0.4988548539575438,14.5930072062403,293.3491492870274,128.7686756465926,50.40348290459016,28.76672080051945,0.5000422454661612,14.60817901625343,292.9163275198526,128.8048289602089,50.6262267892552,-99999.0
471513,centaur,0,0,S,21.48499654582565,0.1168361649025533,5.906956469843919,356.8927422721809,174.4765449795838,19.70020673367213,21.38432433065881,0.1133399219657697,5.917886029019525,356.1315176847341,174.5215511487477,20.42814436619705,-99999.0
471921,classical,m,0,S,45.91913989697139,0.08040901809459672,16.30337109650805,99.23257104099406,193.1556220597965,258.8768290032517,45.65827307541978,0.08189834464272122,16.36004316575425,103.0866277435069,193.1204797159936,255.019766875471,-99999.0
471931,centaur,0,0,S,19.63616488510563,0.2089863822834112,33.51071761751039,178.2825070570525,160.882239854642,32.6601143654613,19.78907720774951,0.2135226677773322,33.47026746843759,179.4123607167155,160.8182502782797,31.56381831319757,-99999.0
471954,classical,m,0,S,43.32583312528382,0.1311908297689061,28.08568560796083,252.6405852340966,352.4381937731835,106.4753565033001,43.64126138291717,0.1277172641389665,27.99414190280874,255.6085114561708,352.3965670931135,103.60712635565,-99999.0
472231,classical,m,0,S,43.54322286161861,0.08093574942002511,2.906364863621398,331.3553349015689,252.9621056960756,358.6677754295544,43.32307451994323,0.0764825839782903,2.909919165390476,332.727430917433,252.9422986679081,357.5055194479709,-99999.0
472232,classical,m,0,S,42.98995536969445,0.05802929177673798,13.91121179684493,36.4758622826417,247.5278583885024,285.287757271582,42.75066552973099,0.05802572979260635,13.93067697772951,41.92489451649177,247.4648199717022,279.9956901498776,-99999.0
472235,resonant,5,2,S,55.42589564154681,0.4093508314670835,0.8066581046797309,274.0822272375329,318.969968426266,354.2513818224937,55.00393454584786,0.4051830830933432,0.8075200524028133,274.3169522626775,319.0926585133716,354.0445717162983,-99999.0
472262,scattering,0,0,S,46.16297751262057,0.2822343833504764,20.6910864539021,243.0897803331398,144.6088414245212,11.81954473629373,46.6522620143768,0.289726963684539,20.68482139870083,243.3143006124296,144.5050109915603,11.52822101327162,-99999.0
472265,centaur,0,0,S,15.08325986257804,0.3143535288462491,3.031006401890843,7.194124450028298,21.70185810691774,44.3680129855527,15.11798001294315,0.3161438544460542,3.030208984938219,7.428149178108187,21.59601833539526,44.07125574525705,-99999.0
472271,classical,m,0,S,43.02458983531319,0.154799829684329,17.37121271055274,268.1581132698941,236.6125703014292,278.4789923314042,43.30021236733299,0.1526688837619889,17.33164566143051,265.704971086489,236.6279017800707,280.6820701799786,-99999.0
472651,centaur,0,0,S,19.12000873510355,0.3239952204833057,37.75482228659886,238.5298718343225,6.229573715210653,337.2383342680089,19.04668380818124,0.3222154733628472,37.8144172100341,238.8038361387099,6.254655110598172,336.9790132287559,-99999.0
472760,centaur,0,0,S,22.86502960277428,0.4260574727649843,6.815100218151837,357.6552375328018,154.8404170242479,36.09356062587105,22.76076816276766,0.4242802102016023,6.818251707577303,357.2801350956262,154.928199250981,36.45953953046381,-99999.0
474640,resonant,36,1,I,328.0540912837232,0.8557423238071604,25.54799990175592,326.9930477526866,66.02222401106708,0.8191329331858656,352.9795250552193,0.865954972587209,25.50926712319778,326.9312134260201,66.0338352463799,0.7334578158189021,-99999.0
480017,resonant,13,4,I,66.3316099991899,0.4477871841042398,7.291368321454014,269.3155653799924,75.29430728062691,19.08529602118678,67.40490865376617,0.4556804823019031,7.282790920119165,269.9040769074502,75.33732577247679,18.37561852029152,-99999.0
482824,classical,m,0,S,42.38205295824324,0.2282071983640993,18.64382018537278,147.1045783485191,43.30304445169,318.7109815357337,42.24337108490484,0.2250617042742855,18.64202156251862,147.3343923883266,43.15848526001061,318.362477408805,-99999.0
483002,classical,m,0,S,47.00539504585254,0.0833423450561521,37.88501185236736,267.5984454360308,185.9268191504147,317.0559234406861,47.32467795955048,0.08676112505739751,37.79230529897691,263.9843246139975,185.8088158936712,320.6006392829991,-99999.0
487581,resonant,2,1,S,47.71555933879405,0.06573056535500582,24.73719950726549,289.7905605008195,153.1234751053179,81.79003106517644,47.46772655423946,0.06691325215758614,24.80193793056305,285.3019745289246,153.1718792583715,86.08410181737761,-99999.0
488644,classical,m,0,SH,42.59320414764276,0.03654697041290537,2.575344740070221,247.7733787288493,35.64152871042041,303.1154629629106,42.39588056563026,0.03605205771438635,2.58378422621697,255.2966690400215,35.66578295059272,295.7727226747751,-99999.0
491767,resonant,3,2,S,39.48938957342623,0.07697215492507077,30.12526284050315,314.6481248036511,65.5128445783078,24.50728886804387,39.76917419653603,0.08347406582933169,30.07472839503301,315.4235139543582,65.53091369867953,23.50050531518666,0.0
491768,classical,m,0,S,46.08038322128886,0.1156199174251095,15.66888125204094,294.8195547421524,116.0355208494357,358.7958689683308,46.46319371526329,0.122750231463195,15.67118930285166,293.8349215411786,115.9890801637181,359.6053595381031,-99999.0
492338,centaur,0,0,S,29.0038927311117,0.6295693750113979,12.68644550968361,114.8896825670676,98.19573933451034,13.56675797664392,29.00420854056591,0.6292290087462009,12.69098685533905,114.9939336838082,98.22881183214265,13.5569604310925,-99999.0
493480,classical,m,0,S,40.20288492184479,0.01735388115970905,17.18286425547381,45.85983970928105,130.9624038353659,11.03286550659262,39.97523284694768,0.01218614811489907,17.1999453434737,39.82695009156858,131.0352206094746,16.97286547503276,-99999.0
494158,centaur,0,0,S,8.537596462515937,0.2982625533091783,6.330389554110282,177.2246537988157,69.72683752831436,57.55776746836892,8.589495685385707,0.2989252750243384,6.325412642514356,178.0683906630954,69.78751430893635,56.71456998763308,-99999.0
495189,resonant,2,1,S,47.69374867660159,0.1719380749477498,19.28387267334052,220.4396635163895,121.0305088192855,46.41853786707595,48.13472537522542,0.1776363473730142,19.28553604565444,222.3111844203669,120.9672712526744,44.43020122771728,-99999.0
495190,detached,0,0,S,55.06924198425047,0.3092897518656202,26.78527764749554,220.1430077560147,171.6028912274193,10.77971428295449,55.66327336328142,0.31669122745292,26.75155427178436,220.320948793012,171.4692511563166,10.54407926093925,-99999.0
495297,resonant,7,3,S,53.08301992618047,0.3171995038946332,4.806475072138124,174.2233897632677,165.1686376966615,20.07579097038252,53.78747024230082,0.3251193361568732,4.796552256791274,175.1340382829421,165.0902370647355,19.23262875884965,-99999.0
495603,resonant,5,2,S,55.27950022317737,0.2503088638595672,26.72950416545871,157.3894302928522,22.05825630851821,339.2526392631884,54.99441513590924,0.2461909781554874,26.77340802252728,157.5242494731887,21.91204115254687,339.0464963405901,-99999.0
495613,classical,m,0,S,42.1168706835177,0.1267496060315511,36.04914170207157,224.0868021654728,58.63952341834369,302.6504069403559,41.93623314850354,0.1265294679504614,36.11660872289894,226.1084855483343,58.59398754672093,300.8411036385455,-99999.0
496315,detached,0,0,I,150.2702674642501,0.7269332358472357,33.53900427498075,42.59132468595469,210.7272710238412,357.3141237698087,148.8809523117524,0.7246397245982662,33.61126950216331,42.82688835046716,210.7773680371888,357.2465474013575,-99999.0
499514,resonant,5,3,S,42.17166977155889,0.1311922915224991,25.89075619997816,246.9759904048542,219.8485045930896,247.2569222652879,42.47092556511271,0.1287632630245991,25.84757999519249,243.849772090729,219.9970998352433,250.4007399375073,-99999.0
499522,centaur,0,0,S,21.15166236124001,0.3813331616029874,24.31300429432805,96.49978193325917,8.516656921918184,311.2703857021131,21.31076893605931,0.3826634070899488,24.26033635639725,95.63527212788615,8.504372682839055,312.1115781028661,-99999.0
500828,resonant,7,4,S,43.64550056734539,0.07637536050607945,1.645096546105011,55.56264126116277,198.7397406516196,336.4380634237364,43.4466848924752,0.07353561450023016,1.648912656037704,58.26735462592055,198.8265810497365,333.8664340790295,-99999.0
500829,classical,m,0,I,42.36804347689962,0.1540108621346906,12.1125484062562,356.1375345911845,40.8560803934901,186.5655819768141,42.19709353350355,0.1586983869617533,12.15449723599922,355.693186156716,40.86498669860263,187.2243645248606,-99999.0
500830,classical,m,0,I,44.11925650808961,0.1675331179645236,8.318438371019813,125.8638780594988,49.16873681022217,39.39860851694047,43.88950154613616,0.1634651697863285,8.339352028640354,125.1619269991827,49.17526967848427,40.28500864490147,-99999.0
500831,classical,m,0,S,41.09840379607068,0.03494490185832283,7.450796975592861,288.7728395587221,216.0462056923415,81.71955247375035,40.92777291449757,0.03284475378092659,7.471502380682069,282.2452153174,216.0968478909475,88.4268876749031,-99999.0
500832,scattering,0,0,S,86.73033719866878,0.6092687552831135,18.36242977690704,36.54390793339029,213.9257488124198,356.6593923794003,86.1003510535503,0.6066852387918656,18.3987677997981,36.79727211434828,213.9756629971547,356.5652597775373,-99999.0
500833,resonant,3,2,S,39.37183253731094,0.1037125367204847,6.942091096649714,352.2119357579762,204.4358548834108,27.15624839481784,39.19656898876602,0.09954377354669053,6.959330828984752,351.8942356156658,204.5127011981998,27.59871158786999,0.0
500834,resonant,3,2,S,39.1701571104548,0.178527195898109,9.878229019938422,12.12738533572937,44.9899038792116,167.9672144608622,39.02906987892432,0.1821917700697134,9.910585811657825,11.33836773917981,45.00775739166421,168.9873583372732,0.0
500835,classical,m,0,S,44.09451537257386,0.0650811228449619,2.760715868238036,103.004145995589,72.40285450562389,44.0560751361063,43.87505463609374,0.06079317722310713,2.76530072392685,101.0057889227639,72.35971361396355,46.29725237392962,-99999.0
500836,classical,m,0,S,45.68560651466229,0.1313173760113066,2.847814368610263,69.7082894909408,90.46079044703386,54.1953142365762,45.44739994273199,0.1277297685681639,2.849783192187586,68.31382980223023,90.43283006749591,55.81880717079974,-99999.0
500837,classical,m,0,S,44.59153520192852,0.105875272067341,2.294055670754554,108.5854201425634,25.2675529008751,82.86728117713675,44.37806118489435,0.1041843709015209,2.301883839723935,106.0774032657129,25.35016043420538,85.51135552754096,-99999.0
500838,classical,m,0,S,43.79299923801237,0.08293653282095774,3.195831832761687,290.4838480553694,69.79738084573484,233.6593886460004,43.61602115435348,0.08727956188827636,3.202125940938063,291.8028272745788,69.75551282421102,232.6304827410884,-99999.0
500839,classical,m,0,S,42.85966939802214,0.06224190224672269,5.017134231049558,189.3835710654885,46.30473208754076,352.9596317198992,42.66653006559834,0.05846058597130491,5.030849218827642,191.7706451634979,46.31397864783438,350.7816315465839,-99999.0
500840,classical,m,0,S,43.79789409674204,0.04532733451133089,3.899817696983354,185.9460349355096,63.41250855382192,342.6121707621778,43.61128382314867,0.04231072907116475,3.908164649812229,190.3449520600165,63.39071406577012,338.4741388812953,-99999.0
500856,classical,m,0,S,44.02232984140824,0.0166374509022829,3.6779446002503,310.6044059051683,54.49400764775876,225.3035752091395,43.83675130139548,0.02109161206926402,3.687936080590134,314.6382157245646,54.48414509314972,221.5234549214943,-99999.0
500876,detached,0,0,S,72.27584040293779,0.4106608238281292,50.31875088395009,178.0835026220753,67.53253166697343,2.335929063733753,72.18433342324005,0.4098209545473071,50.38731510820868,178.5284005017792,67.54982510798769,2.169877874147735,-99999.0
500877,resonant,2,1,S,47.78661654132195,0.285184376150846,8.33525689074605,89.12105886962618,107.0938064255091,33.15125008367976,47.61269420429175,0.281839124830484,8.334508936419276,89.13004195908154,107.1102289824615,33.39481885291207,-99999.0
500878,resonant,18,11,I,41.7251691290755,0.1085755375459049,18.208568180064,184.4710364278918,207.9501397931191,224.3089978795017,41.6555600295268,0.1117803238249122,18.25417094235986,183.9406175889613,208.0836559543002,225.0483764557681,-99999.0
500879,resonant,11,4,SH,59.2051597387814,0.3841218146908066,13.73039868884243,60.09788909019321,86.01043870572583,55.53434327712708,58.86461953692365,0.3814114192894167,13.74529075743193,59.58309069344825,85.9968499606515,56.33563817151348,-99999.0
500880,resonant,2,1,S,47.76992918716522,0.0826305385605226,7.650574881070211,184.6871905403394,128.1197448637925,304.4516190790185,47.66701130287362,0.08416557153170115,7.645430572536363,186.94625295088,128.1984530060259,302.4541039373665,-99999.0
500881,classical,m,0,I,42.35580090867534,0.04805052237123199,7.286926224121975,46.81239796341332,165.3650741596656,40.31327314331765,42.28114473734079,0.04502595866302826,7.286815189471611,47.9687698177059,165.52968842116,39.32012395297281,-99999.0
500882,resonant,7,3,S,53.04879836476522,0.2876505466639316,7.74043234128253,78.96807059542542,146.4232207418473,18.02317666772823,52.90670466424118,0.2849853069647839,7.735257212970475,79.2545766442565,146.5323688464536,17.9207757592132,-99999.0
500883,resonant,3,2,S,39.37058182053259,0.2554223116435185,19.81497884985396,273.8803206422173,214.8933266521131,98.99491497579564,39.27110873209328,0.2541873035241043,19.86410539735501,273.1482916396848,215.021427824341,99.91445389881083,-1.0
500884,resonant,3,2,S,39.41565097469886,0.2565609358675978,20.04630920024309,186.4087343552235,83.10186511612406,357.2041350788168,39.42161585559771,0.2568488539251061,20.06128785761096,187.007110264885,83.1192310858657,356.8636718958865,0.0
500885,resonant,3,2,S,39.29510725244343,0.2311086851901564,7.250637197488137,25.41765754442302,145.7146554980751,62.59780305495507,39.19995465678102,0.2283929909854436,7.244996992335306,25.06743566503812,145.8286224963436,63.12761556334147,0.0
500886,classical,m,0,I,40.67230728444621,0.01211695844563478,19.64008556134193,337.457630573792,79.91910466240154,190.9531142231749,40.58221382171764,0.01490456947578326,19.66375718001653,329.0481110532578,79.91598544761099,199.6817104540065,-99999.0
500887,classical,m,0,S,42.41042883799106,0.08033490924085625,9.957450819467956,116.4478221925225,175.1196394791831,324.9213204283064,42.33018053849507,0.08064544052449392,9.964884755670548,118.6377574469083,175.2866954680302,322.8778069580057,-99999.0
500888,classical,m,0,S,41.27697509620077,0.06380823411528337,12.46753658367755,334.5932355465256,192.0703915561709,76.87554051816856,41.17757763757606,0.06098729982094544,12.48795446804583,332.8475647640897,192.2320367208917,78.76691650015276,-99999.0
501105,classical,m,0,S,41.69170763089581,0.07098997939523495,40.79441165208519,141.8157601566354,207.580427830124,24.4586485859423,42.00829047709428,0.07735579996999904,40.68317548615958,143.752669894495,207.6046590700182,22.44889299137917,-99999.0
501214,centaur,0,0,S,25.22944225509562,0.1644336001165104,14.20173400566123,54.23529896519111,147.5134149672543,115.1403033666855,25.3529457382796,0.160224391344247,14.17285881842317,55.47641295421051,147.512388866123,114.0966120230678,-99999.0
501546,scattering,0,0,S,42.95247935885938,0.2725323149811084,18.69485338090976,98.42327209200074,261.5687859413315,346.6120045821775,43.41783059383549,0.2801941825067159,18.69352263026312,98.15209678890669,261.6171143575926,346.9890437534268,-99999.0
501581,classical,m,0,S,46.608986386609,0.2486640705688852,20.73102097849234,10.38121326397153,8.099012300083343,357.1778701647376,47.14934581691269,0.2570660966377465,20.67495066718124,10.22993610252498,8.083090681110601,357.3277290203879,-99999.0
503273,centaur,0,0,S,14.52859778168146,0.5435748263222091,9.477608349306415,30.75661479712188,12.83949705467455,26.95416152842646,14.54626332502894,0.5445360094460243,9.484001518312077,30.81076553877663,12.75565415577698,26.86274093329047,-99999.0
503858,resonant,3,2,S,39.40130285274836,0.2842723015592918,11.94152343609661,346.0660743924007,228.8730057443393,44.12690890221211,39.44920733780647,0.2827325101304335,11.95305828884528,346.5419826532401,228.9912988749456,43.83708289045911,0.0
503883,resonant,5,3,S,42.24410339007095,0.2521070411603771,2.673224066728307,249.3590067296187,156.7878603053776,352.1280948231484,42.7057784450407,0.2597471055927643,2.670305062892116,248.8524039398426,156.6935230844449,352.6113203787083,-99999.0
504555,resonant,3,2,S,39.40638106530381,0.2425400634064726,18.79734957590866,172.7674062580078,158.7516789317817,48.07644190880671,39.75688402550966,0.2468977586729207,18.77732497613075,174.2417006493011,158.6246987050193,46.5832695749947,1.0
504847,classical,m,0,S,46.00581340680756,0.14736046412725,6.755184886206441,210.3679085240528,189.1931881635484,352.5161664608148,46.46712865630548,0.1554416190644744,6.736726348512826,209.553950712121,189.1308730447581,353.2782810441889,-99999.0
505412,classical,m,0,S,39.96654772473632,0.03263148281229746,20.60333655541605,315.9575153772172,83.10717721270004,3.18792631818452,40.26743881489902,0.03979377361731627,20.58554198739714,314.1409951954219,83.13439402648844,4.78734866775405,-99999.0
505446,classical,m,0,S,43.78099163146462,0.0596756992982897,0.7929494098630662,251.9495532564345,71.76746278685651,55.21445817331794,44.17095753059509,0.06492878101021764,0.7916996861020206,257.8016446990884,71.87828873815064,49.16849844465987,-99999.0
505447,classical,m,0,S,44.14970618177841,0.0929065821951413,3.467687480742923,175.3579437773411,51.99638344794694,148.203772452345,44.49722843888204,0.08604640328814495,3.458581776080715,178.1860674717797,52.08366074581722,145.2232212746527,-99999.0
505448,classical,m,0,S,46.29687602609919,0.1661828184865444,8.477867118783614,114.0332611215098,27.81352517618132,255.2301301453313,46.6585361291131,0.1621643093637196,8.446588709703446,111.5030550935352,27.84047261328525,257.6445199104967,-99999.0
505476,classical,m,0,S,45.78427641855347,0.09726906717110576,2.024654381863124,235.3777182076194,81.92804636008701,58.35691012843007,46.20593197279369,0.1018086590038776,2.022932813560708,239.4355005661725,81.99426552255724,54.14844933708373,-99999.0
505477,resonant,11,6,I,45.04497288777202,0.07472501441512643,1.840975371339767,182.1959176651939,110.9507325364172,85.89909076668992,45.4329195625923,0.07585011919046869,1.84094652703047,188.4772837549085,110.9373827982962,79.52892739356285,-99999.0
505478,scattering,0,0,I,200.0587421029162,0.7804118207434518,10.65211151865473,252.1221409659867,191.9542172472914,354.4226714524117,207.7367473260332,0.7877096441001052,10.61870135405849,251.5504898104032,191.9143962444753,354.776946314011,-99999.0
505624,classical,m,0,S,43.46524513630918,0.1699103190180614,23.49297374068105,117.5815103985965,178.5372454988014,326.1839343448317,43.39527788992591,0.1703828851645472,23.51530096085309,118.453849248677,178.6963939505732,325.4435916189282,-99999.0
505679,resonant,2,1,S,47.60305841376913,0.07407015530234712,11.91352629973411,76.76749442714373,260.8710113172234,70.95995996323295,47.93940402167074,0.07817958552691456,11.90026580646587,80.98465823535093,260.8864910615275,66.44926095310441,-99999.0
506028,jc,0,0,S,8.68420706721219,0.2337033936998023,33.21844195661123,63.49739666753883,278.5541252975598,98.57456019535724,8.694297646068849,0.2340146865474384,33.21366798908699,63.85682511043922,278.4963053948162,98.11041718391601,-99999.0
506121,classical,m,0,S,43.67725786504415,0.07591269366685369,4.183436096700167,273.4854460427449,29.0073802253285,76.40568973027582,44.05423935939646,0.07830649851580007,4.169237224611244,279.3235447071404,29.01101035681366,70.46547064590786,-99999.0
506439,classical,i,0,S,38.73842455547615,0.03009759909577326,3.822557542778687,203.9385007506696,135.5691663997878,106.9345027172659,38.84447957906442,0.03222746965927572,3.826839806038351,210.1434507557541,135.4959313914123,100.4482632080905,-99999.0
506479,scattering,0,0,I,159.5710056682089,0.7612491126146191,15.50045962748515,10.83177461976277,197.8710628559415,2.508298775111185,156.5282385589323,0.7565448381387753,15.52987884259155,10.81068291772437,197.963911995253,2.580108874377749,-99999.0
508338,scattering,0,0,S,164.7815017257115,0.798706359897932,23.41065460997636,354.826520627401,33.63414473273168,0.9333689316903432,172.8466162671597,0.8080801920018617,23.36353812145375,354.8260968993057,33.60907312657493,0.8676366577999405,-99999.0
508770,classical,m,0,S,46.44194936810763,0.1274332038437571,1.64592151678238,109.7319110201704,78.73946194268241,295.2661123393004,46.40811478192832,0.124329944945084,1.643530162094376,109.428319213345,78.68740974138773,295.2530829046581,-99999.0
508788,classical,m,0,S,46.07729011071007,0.1131844975145367,2.691692561167922,31.72464469618351,38.39065556004221,99.1397736978406,45.81504597864757,0.115698983791822,2.699367484407348,29.20766216398756,38.2703667602038,101.6892139756249,-99999.0
508792,resonant,7,4,I,43.52989703768453,0.1299535417460115,4.662564445925629,35.31384171864562,175.1123673744821,3.799273535110584,43.27763042532909,0.124987001658307,4.672332798883681,35.61851185927144,175.2168428827467,3.530244741205554,-99999.0
508823,resonant,3,2,S,39.33650023208529,0.2962296163208855,19.24553344875763,240.0033347873982,20.56383062589142,110.1460702044739,39.58672763013583,0.2931010130207798,19.17426015264852,241.2447058517535,20.49311435935079,108.8145309738399,-1.0
508869,classical,m,0,S,42.43537682196651,0.03252461613275991,1.162319310564635,344.3769196486205,334.581726440259,123.6878942001547,42.57254348873949,0.03348394659966097,1.16339004172714,352.0196685357239,334.3917198213729,115.8659390137738,-99999.0
511551,classical,m,0,S,43.35871094446264,0.1294155025819563,3.662314004793872,294.8270502577499,343.4097081861916,102.9641925829177,43.70030388345396,0.1278718651146331,3.654199874814608,298.405948241569,343.2616432021053,99.38726996585359,-99999.0
511552,classical,m,0,S,43.7109519171382,0.06619216032002759,4.491056902976098,333.0059122951525,241.4524365349811,179.9026517107225,44.0361337802157,0.05851091455566915,4.482080311051087,334.2494868312258,241.4967864003439,178.4522373595099,-99999.0
511553,classical,m,0,S,43.52200565508026,0.127191251376034,10.69284261389541,168.1497660876163,233.5419568318929,1.120966778663381,43.90196219374815,0.1346278425915645,10.67001825551191,167.487820639658,233.5521053751978,1.589325623841787,-99999.0
511554,classical,m,0,S,46.34078701331845,0.1989136605836437,7.954933711223235,189.4238245198738,225.1263038073949,349.8561095385614,46.79979762712538,0.2061911634342536,7.936585589842834,188.4846402107547,225.1285339896887,350.6282067733348,-99999.0
511555,resonant,9,5,SH,44.47935715923413,0.09834910214162002,18.29468950516998,0.4287875674734718,15.15046583801817,17.47934978046576,44.86559846368156,0.1059374597161746,18.24170980000115,1.219318527961013,15.08095896758351,16.60908994055447,-99999.0
514312,scattering,0,0,S,31.01118762277003,0.4672633474533011,10.25550076102524,171.3126377419457,292.3622008784866,18.51074239064662,30.89107718709634,0.4662566199197484,10.26136522717701,170.9570738629698,292.3533064445461,18.71538177506844,-99999.0
516977,resonant,11,9,IH,45.93662311890821,0.1929963626925089,5.450401177790337,87.92564876234093,257.1298886302937,324.4390007214099,46.16321431637164,0.1977432262457188,5.454151285795225,87.77768313954144,257.1788936586875,324.8729459806927,-99999.0
517717,scattering,0,0,S,45.52026415018513,0.8162383635022921,85.58735094084389,66.27108850281502,250.0360355993826,4.667101193510114,46.79961935116135,0.8210918018811478,85.51184068184442,66.47469661396723,250.0586956173074,4.461449370388093,-99999.0
518151,centaur,0,0,S,24.48430127914411,0.6142994038117368,93.54896887207546,306.5801496294099,176.3431193346427,26.19814647197446,24.52432141624759,0.615362005426794,93.63919797635866,306.6086458665995,176.4150683306214,26.09448148171856,-99999.0
523588,classical,m,0,S,44.53582644803864,0.09739345695406598,3.416594816769443,8.941348498962451,28.86908415691815,128.4896063929542,44.30221903079905,0.102008770701584,3.427257446247925,7.226023624749121,28.74732416774877,130.1970267688862,-99999.0
523591,classical,m,0,S,42.64633668532694,0.05683046934772851,5.024465076023859,197.7739245919059,70.64983097392276,74.30022540566414,42.99380316991351,0.05775199621377028,5.022434023415017,205.586293646973,70.75161825545496,66.53067386385801,-99999.0
523597,centaur,0,0,S,25.41413415566484,0.3728645166502403,7.269906347473244,3.754340547548938,275.9869937834494,77.14539165641449,25.5846368471666,0.3722055009121284,7.266299496862859,4.691978330370152,275.9890210864069,76.0978401743771,-99999.0
523601,classical,m,0,S,47.24695876459838,0.2092669505256999,20.74299915938945,344.8879047597126,341.2653554790433,50.91937781785347,47.68844279134248,0.2137672426370932,20.71006965562899,346.7790850576931,341.1284630193666,49.03039198381421,-99999.0
523615,classical,m,0,S,43.75650919487674,0.03751210305066078,2.328802287102662,263.5795964679683,65.92563304586538,51.33984664796582,44.14108886170339,0.04347073819701509,2.324851304257663,271.7570762943752,66.00718873928191,42.99687284976581,-99999.0
523617,resonant,2,1,S,47.56070255846179,0.1959591443602235,19.53385144129573,189.257382573631,131.0370439629021,37.677856176512,48.05891692061688,0.2018329100857538,19.51800875294971,191.1924899184078,130.9613842449235,35.82410795766089,-99999.0
523618,resonant,3,2,S,39.39444522467446,0.2292709583354712,12.92550596062288,275.5739641770832,82.24250416527708,38.00330805490322,39.72649939744144,0.2348713438803713,12.91296695706038,276.4795995720158,82.25476403548635,36.8801421047668,-1.0
523620,centaur,0,0,S,15.9214484145037,0.34002169472465,21.35621891499145,329.3422395110558,286.4789661015109,175.702039875201,15.95717004085167,0.3373133088597167,21.3570727178312,329.6282896390612,286.4477846192423,175.1955148465145,-99999.0
523622,scattering,0,0,I,502.4964724229084,0.9292298535701498,18.59538830042404,285.6641064222185,112.9104701915246,0.5553944611064585,566.0849853044225,0.9372098744844316,18.59981593957335,285.6690456869985,112.8862999302955,0.4634421982958228,-99999.0
523624,resonant,7,3,S,52.72873990886698,0.3421147668023355,38.85931854533378,47.66562264563709,103.6610300297515,10.55549512475772,52.32280490206664,0.3375619888057195,38.86891030751529,47.18889377665563,103.662594606821,10.91212274615327,-99999.0
523627,resonant,18,11,IH,41.75056201337301,0.09574962191525045,26.3549384166754,77.1054329846241,320.4929139656256,341.5629322431178,42.13562074035485,0.103358400613027,26.3220258510849,75.53965776017375,320.404637555831,343.1963819042798,-99999.0
523629,classical,m,0,S,40.99170401947971,0.1203497002410567,19.50387881753392,237.375072623793,141.1979280572637,8.41727349473601,41.37493849301725,0.1283260040090611,19.48780010718922,237.7140224120979,141.1002643458462,8.07928969637173,-99999.0
523634,classical,m,0,S,40.53316271107899,0.04497553926499843,18.02208547716146,52.33591282606096,127.6377436311211,327.4447472123173,40.38388775375119,0.04098067207155976,18.04725990330004,52.37036974160871,127.6521060580106,327.1405491505872,-99999.0
523635,classical,o,0,S,55.19233133900143,0.18567081049948,40.59717363285489,31.47621023889548,91.1267678945604,45.44386304668612,54.80469615108979,0.1827361886146477,40.6056579485647,29.78337352195103,91.09266926848957,47.10701111934961,-99999.0
523639,detached,0,0,IH,65.7418143613698,0.4470393932704139,13.53535035993925,20.5279492625086,67.4645398909135,323.7240698186812,66.59658191310392,0.4507110306921099,13.52186960112558,19.32407799886707,67.56055516312898,324.7840072102347,-99999.0
523640,classical,m,0,S,46.8660631721292,0.1216090702069939,17.04877742430964,312.7746600940373,60.84963203514901,9.783376596441753,47.32857016198879,0.1300291658058388,17.01881419804378,313.0654389470353,60.90867855100754,9.337980842775423,-99999.0
523642,classical,m,0,S,45.33036598351595,0.2173960879038929,34.4788306836727,111.0955499347101,341.3967999398768,323.4200529156531,45.71204118620858,0.2213813919453669,34.42756623702277,109.6277352174701,341.2720730746931,324.8639610423053,-99999.0
523643,scattering,0,0,S,38.99972582211813,0.4595401499387374,22.45284285990675,3.116689581537745,111.3508101386452,330.7648723579493,39.34556388968682,0.461861171433082,22.45094473031589,2.363046122785505,111.3141406416263,331.3775629578118,-99999.0
523644,resonant,3,2,S,39.44967012465626,0.2855284654538569,22.30490233313224,292.3373595067709,170.558611667695,352.0534663151874,39.60627642821355,0.2879490680965165,22.31041456455609,291.8372548253839,170.4281776205319,352.4247060627069,-1.0
523645,classical,m,0,S,43.1997841883163,0.1125791247700927,28.84523081483134,88.53375469662589,156.4573337963157,176.060139741139,43.41863587614788,0.1072640199060112,28.83627747495519,90.01862606991507,156.2780281574635,174.4520693129001,-99999.0
523646,resonant,4,3,S,36.44868504066152,0.04545598630456144,5.524450241057449,344.9163649774154,104.0863231401428,340.3338933557035,36.63859209107814,0.04934257066165436,5.52417485759129,340.2715556737232,104.0749239046847,344.7100810041838,-99999.0
523647,classical,m,0,I,44.12653252192043,0.1575692171019781,25.09844144934358,217.14010953077,225.2267018330201,345.9507575592262,44.40022623964261,0.1619008584865717,25.04398159700351,215.7927894343897,225.175137465555,347.0824440774921,-99999.0
523649,jc,0,0,S,7.635347305821448,0.2956105428440077,39.20922103936904,228.3896908420255,252.2774692233307,186.0606287415771,7.652616335177121,0.2931833544254695,39.20401896921715,228.1984870629984,252.3486059239763,186.3356702549091,-99999.0
523652,scattering,0,0,S,63.21958007628849,0.5587064456883643,13.48884389691347,100.056418523241,315.3160010894394,353.8481402882938,64.44934644719174,0.5666901427742119,13.48058382627388,99.73625581612541,315.243720437189,354.1217649706485,-99999.0
523653,classical,m,0,I,40.81229336958713,0.1406728944581615,23.06332624414183,141.2338141664742,129.4463137084273,30.04886145632437,41.01538506423407,0.1428133069053961,23.03186305859145,143.1709081094919,129.455880976833,28.39810878368711,-99999.0
523655,resonant,3,2,S,39.62150482638828,0.1925461118134903,9.533707057892455,120.7426865536251,12.79052418007089,353.142408510875,39.55721512395581,0.1910540522187536,9.542992983481383,120.1549460880621,12.64237991464795,353.601515371572,0.0
523658,classical,m,0,S,41.09921509185102,0.03355953094344418,19.02897956853517,355.9759306873599,209.7110962461618,3.870033167601916,40.88859554788779,0.02872717259906712,19.08544025748685,357.2982833709986,209.7182689460964,2.658920755825174,-99999.0
523659,classical,m,0,S,43.02707709132449,0.08759686007636423,10.88056435207002,25.061278034618,266.3820849870087,325.0217109904924,42.94334646040823,0.08791232704142148,10.88859242894191,27.27594973174232,266.3846849604298,323.1209614679618,-99999.0
523671,resonant,2,1,I,48.06878776185814,0.2164749996545492,14.03378861742185,342.330412972372,285.0428314316798,286.2869408164328,47.77224173564006,0.2156369743101408,14.03874688601054,343.8101600388945,285.0578747565622,284.692297918013,-99999.0
523672,scattering,0,0,S,35.06137074753159,0.4428896118163747,21.84537469911765,78.56933463437849,184.922354123628,332.9505758725995,34.86217705520727,0.4410802298024444,21.89377601638896,78.9997087253054,184.9502907126803,332.575371272038,-99999.0
523673,centaur,0,0,S,24.22927418572772,0.3065315443374382,6.369677408622053,19.86961245292225,19.87806615152645,330.8786562524566,24.46630231603234,0.311901028323457,6.358478579083185,19.02117634326007,19.94307643107252,331.7294529875004,-99999.0
523674,classical,m,0,S,41.48385328884467,0.06626603932855715,23.38817616154149,317.9844908041661,115.0381583751753,256.6435161454366,41.74318121643096,0.06698246362913754,23.36917313530654,312.511160355818,115.0252532610132,262.4093089643761,-99999.0
523675,resonant,15,7,S,49.9446462304405,0.2272484102111658,2.277710024815583,237.3202463834494,48.97566913735093,34.88861257238715,50.4018654134064,0.2312709213238696,2.275379823814472,238.9011286328189,49.12300329841065,33.36535533104515,-99999.0
523676,jc,0,0,S,9.942900531930007,0.3770461362568366,19.15151224825824,186.4861478466429,233.9485056911041,100.3714558368535,9.914277685792404,0.3785957508280505,19.18498361066572,186.2067942444784,233.9192699499067,100.6673188179858,-99999.0
523677,resonant,5,3,S,42.2806539844186,0.1640390288964292,12.38000742850667,9.534789878057003,39.37663597390801,8.20963387058285,42.59301074465647,0.1703049546930743,12.35114194565029,9.186601626030885,39.31689131234085,8.37343006318242,-99999.0
523678,classical,m,0,S,45.68242989861283,0.008826154428153226,3.584330739977536,263.3286399030905,292.1981130603465,345.6497326236949,45.40828357427509,0.003207697190414882,3.58640626568148,279.4968272530841,292.2419513482237,329.3720267795317,-99999.0
523680,resonant,15,4,S,72.64033777692372,0.437851353285259,33.61437203648358,141.5649889153253,302.8813075425754,14.00919931315513,72.72367461047966,0.4395040243123436,33.64966396489291,141.137828858665,302.870314484528,14.11265145767822,-99999.0
523681,classical,m,0,S,45.76639756286068,0.1443752356686827,15.42835032588657,347.3785981473499,279.193522173324,268.2984907056255,45.52292590898819,0.144022513778946,15.43106635667381,349.4555207400235,279.18749645276,266.0442602655374,-99999.0
523682,centaur,0,0,S,16.32319083778357,0.3072814389667258,14.13569460914501,11.76276644448794,359.789905125999,276.5293359822324,16.32735644033478,0.3087389006122633,14.14585028591296,11.62634244639745,359.9185132473835,276.7542657821601,-99999.0
523683,detached,0,0,S,52.2889305574077,0.2707301841759433,28.4804536311363,21.38070032960397,145.8327422445728,0.7384718212432279,51.94061067917381,0.2660259710153002,28.53266408109084,21.01891894643892,145.8703980264893,0.9293355095406708,-99999.0
523684,resonant,17,9,S,45.94968363818268,0.1582535270105992,8.697411015226836,237.7712757992923,30.61248760533391,305.9327727678489,45.67008236373916,0.1565492773868657,8.724502646486144,239.7593773700031,30.57627801853791,304.0608105396646,-99999.0
523686,centaur,0,0,S,20.13781681445259,0.09056942194627048,21.33893632365246,336.5827063447467,207.8392808254384,79.90968080352701,20.15035870757095,0.0889333253146534,21.35293615597207,337.0802390872377,207.9611526432077,79.51782734253757,-99999.0
523687,classical,m,0,S,42.65014906390376,0.04874899252644691,23.72350047394992,68.73729056131157,35.58702058398512,101.507983467953,42.44147231959423,0.04918519333250181,23.79639120613336,63.10443403517503,35.57915921251792,107.2755708988261,-99999.0
523688,resonant,5,3,S,42.27273264552613,0.1601204712133095,10.86559713298537,336.2015199103236,153.4634073423271,95.66409653712512,42.11913951104734,0.1589630575522828,10.86669999714383,334.7089418701207,153.6224759675533,97.2776521935145,-99999.0
523689,classical,m,0,S,46.91419545101046,0.2179690446095219,9.369372348260141,209.0393988572554,18.88502707043433,341.1741339427246,46.59034904810424,0.213342243029594,9.39705158213349,209.8170767271874,18.88537321169765,340.4616845498376,-99999.0
523690,classical,m,0,S,47.10969204696265,0.06783600909079342,6.776840800744669,319.9096164051612,303.6180500718669,286.6086486394103,46.81776975742052,0.06651169762354962,6.783335221021964,324.7703474687058,303.6864890954974,281.638662344606,-99999.0
523691,resonant,2,1,S,47.58473448896412,0.1023954647804396,4.187612985727651,330.8264923991733,180.5208834740876,356.3444665162891,47.37062528706315,0.0983696650163075,4.198331213177385,329.7361438507895,180.4274889028221,357.2745770720966,-99999.0
523692,classical,o,0,S,52.11412273083167,0.2278660260686961,10.27102236755265,331.5164175843123,27.56257976607771,269.5285166586474,52.02132033307595,0.2315052046710158,10.30359665380965,331.8162167636759,27.69740174495591,269.4737471712714,-99999.0
523693,classical,m,0,S,43.52876192875217,0.1427529698558259,27.91459431861836,351.5587563656094,346.4158528071235,240.7858138562373,43.33108385319824,0.1463638788742081,27.98794680836174,352.7821772807251,346.5392992128565,239.5541252625586,-99999.0
523695,scattering,0,0,I,33.43277597842896,0.09843970616265328,15.17921414685491,332.9354295451172,132.2615880659656,118.5922364853855,33.31280138069472,0.0990780697146885,15.1771964038649,330.6597111578483,132.3551325502409,120.9909663426464,-99999.0
523696,classical,m,0,S,41.24748479937939,0.0828754961212023,21.91812216636506,239.7451498595823,54.83417058723073,298.9526313974993,41.08563953231788,0.08318929852414698,21.96799663847032,242.6976420537898,54.82025504765249,296.2330369927444,-99999.0
523697,resonant,3,2,S,39.36366500163951,0.2931856980033332,16.18753962603873,22.03700179819281,137.2900216248377,42.30192645403029,39.15132299809596,0.2901411323956226,16.18855284068867,21.4106696815709,137.384451045707,42.98434706249223,0.0
523698,scattering,0,0,S,88.88177651878782,0.6103596512142764,4.751623591984189,302.5567434885347,253.2481035658139,3.674785777078911,87.6117645382681,0.6047661251554357,4.756473735553192,302.5682490765866,253.2244042298561,3.764488030142148,-99999.0
523699,detached,0,0,S,59.49362482832144,0.3754416845162172,27.01286732758872,200.0519982524644,31.77970723127904,0.9536355411115731,59.19157795316428,0.3723159357719992,27.07314609949239,200.3254022877045,31.84071490329628,0.8270990527543125,-99999.0
523700,resonant,3,2,S,39.46594813642711,0.3880469991287099,54.24975672305477,72.47600735992881,159.8811245256979,26.62472363525783,39.49676250115673,0.3875321022405104,54.18815552206178,72.71131285673316,159.9767900125316,26.51041397597265,1.0
523701,resonant,3,2,S,39.28997592626894,0.2409798182613952,14.45723800977884,172.7208661647817,73.51068371025876,359.523415925241,39.18005938113335,0.2389806629940139,14.47466024800618,173.2839004038219,73.51569201175539,359.1913512102109,1.0
523702,classical,m,0,S,46.22829942589465,0.1781448457439583,15.47988971163523,339.6326149267557,222.7505277943478,33.633416659761,46.08350681214085,0.174743485570686,15.51431224436565,339.6958211449902,222.8266272341624,33.77664793486164,-99999.0
523703,resonant,3,2,S,39.58123560415017,0.2265774590361448,14.74718203608962,132.5782867044393,109.8298998917887,2.283989987150062,39.46477894489744,0.2243072326524462,14.74566692589746,133.1228188550026,109.855718996137,1.95343800220663,1.0
523704,resonant,3,2,S,39.42906402964309,0.2416205285286101,8.98587273245511,186.403089420318,39.68143004845757,4.858850546612556,39.25666081849675,0.2382892717279814,9.005512258378856,186.7276041213013,39.72218773125702,4.686729097495177,-1.0
523705,scattering,0,0,I,52.37377983459237,0.3516321077718792,9.40464657361387,36.33413613309756,231.3785603093083,344.4811246295411,52.15554854469728,0.3499244299928913,9.422958649256259,36.91569787211608,231.3970437608273,344.1211702918509,-99999.0
523706,scattering,0,0,S,60.84116153906307,0.4171990188607141,9.716999490333052,253.7550840249832,21.51846707903784,350.954238854107,60.7377384720818,0.4168189349843597,9.733335273523236,254.1065096833175,21.63750224696955,350.7648072233818,-99999.0
523708,centaur,0,0,S,19.14567601427497,0.338305282436734,13.37435826350943,153.5543442199931,131.5796985382111,22.32108578061684,19.29502640913092,0.34198974025913,13.36263565397619,154.2381810369037,131.5891270608547,21.7517659695553,-99999.0
523709,centaur,0,0,S,25.2799466192767,0.2487641571868056,39.08472823011671,242.0911057721599,109.0713036918293,353.1087137307815,25.50858756634955,0.2553015178469537,39.06528346709972,242.1094427029444,109.073448370667,353.2083772506439,-99999.0
523710,scattering,0,0,S,33.79723617525902,0.4446803907309559,13.80486190901421,83.80466811817661,261.1083213633604,6.837513183929437,34.2932632503982,0.4522725800028627,13.79604913181373,84.0802842679772,261.1381341244124,6.574743130939568,-99999.0
523711,classical,m,0,S,43.39978476505225,0.217800304733725,47.4297238391515,28.05431710596044,306.124465142591,355.477635741078,43.74056356701766,0.2239141478177429,47.37872496051452,28.50632725215257,306.1119314799519,355.2696337526597,-99999.0
523712,classical,o,0,S,48.03602059946327,0.1671914115106718,15.08726978442861,175.4686671818633,125.9025669013438,3.604263674452972,48.31312210733023,0.1716856526295097,15.06834988236925,176.5936710056032,125.9114326538631,2.78532907258851,-99999.0
523713,resonant,5,2,S,55.50890885024335,0.3553119616238493,28.86841838615665,49.61879963578124,196.3653531713826,9.320275579198777,55.48618362219822,0.3546108628033425,28.89177014643951,49.92596867958096,196.5121800748676,9.14342033652709,-99999.0
523714,centaur,0,0,S,14.58758172665196,0.2759302449255835,9.133283848725373,156.0812107995197,128.3743182158636,34.91754888493015,14.69794108373118,0.279063178116698,9.125873355881199,157.0637582666446,128.3766816878469,34.01808889212884,-99999.0
523715,resonant,3,2,S,39.5991376531389,0.1386677564835212,6.188210491501072,102.121193011007,61.98919159860116,55.86401164035262,39.42742174447465,0.1354631626183903,6.200940406416485,101.0781787432326,61.98247668933113,57.12946176702545,0.0
523716,classical,m,0,S,40.71236578994595,0.08219810226978816,19.32035342987272,51.92086287923508,200.2573427044722,56.53853186314551,40.93208715884428,0.08276941281288216,19.2923308491855,55.73506219818679,200.4149670404472,52.8490486071873,-99999.0
523717,resonant,3,2,S,39.37222075980659,0.1996830976088978,9.665834317825547,91.8205243224826,96.27667342844775,52.55317952816908,39.29505295280109,0.1968492049867737,9.669382943900448,91.8333150748147,96.28391991530145,52.82927311307734,0.0
523718,scattering,0,0,S,122.011572585508,0.7242631201178747,18.65455087701602,81.91507891843996,161.1021386575172,2.857116627635263,121.6334635528825,0.7231964632968805,18.64483467094801,82.05011388318628,161.2157495111065,2.847099159559605,-99999.0
523719,scattering,0,0,I,258.071756241638,0.9350405773568388,84.80127165450045,38.27634278114443,246.2273875471629,0.4608072201744139,284.5560288785044,0.9410456844444424,84.79379031908512,38.47596549870846,246.2940606812955,0.3954692162982753,-99999.0
523720,scattering,0,0,S,36.10829477237189,0.5493206397005439,8.70503943527534,159.2503993968047,197.1714734287587,359.0909290197574,36.77209727479973,0.5572237358795582,8.69137625979159,159.2546820385751,197.1984580417277,359.1109789481584,-99999.0
523721,classical,m,0,S,43.95060764185363,0.05535596604206559,1.466508401965147,19.64284254550907,146.736142072892,159.3629100976258,44.22809131379258,0.04849469362358901,1.463436052779438,19.67676938879494,146.7300280844927,159.6087613843371,-99999.0
523722,scattering,0,0,I,68.8507496384342,0.502487625636352,10.69699830531547,27.27108031946557,316.7221049604214,352.0626524028701,69.88972340832886,0.5099883808276596,10.67985905795991,27.2752528140556,316.7339285901878,352.2570961236588,-99999.0
523723,classical,m,0,S,40.38693659267397,0.05362172320177029,17.4324353263043,200.5136146599075,1.04183313705742,137.0703745535226,40.66682322032987,0.04745739792967769,17.37664101659563,204.6059483645654,1.105389452064888,133.0937509967302,-99999.0
523724,classical,m,0,S,43.50843591551183,0.08330320365945988,4.277328839636488,89.22051724783924,200.1725536065382,45.67270340682489,43.86433971762217,0.08719766559611694,4.266673618810111,93.64084739922626,200.2737159314679,41.33218131137765,-99999.0
523725,resonant,11,6,S,45.07013089193483,0.1254273471672465,7.687835993102415,281.7758500055441,25.59046162005324,15.26173816556815,45.41701048564055,0.1311300685281259,7.675223786319578,283.4725762194138,25.73951191732644,13.66094381140021,-99999.0
523726,scattering,0,0,S,121.4310348315224,0.6895807443915546,15.51566989610079,253.0019268570179,95.99026666772782,359.0978305221893,125.564671259283,0.6997618746991282,15.51393909276354,253.067368477833,96.00644808087308,359.1347018663604,-99999.0
523727,centaur,0,0,S,23.10495738804915,0.5188284487855892,20.45236255956934,233.4460756864787,215.913087226035,310.6363137039529,23.28644678417568,0.5196751733835767,20.42437925505835,232.7294284707193,216.0102541981346,311.3357962217108,-99999.0
523729,centaur,0,0,S,25.5838647874244,0.5320771354464737,14.70241727116365,330.5592762352502,45.95205146689204,20.76903621817657,25.7982066714725,0.5356826463544828,14.68638479136792,330.8399340589192,45.8766538212669,20.42347309621928,-99999.0
523730,classical,m,0,S,45.80847352229371,0.1641248100555807,9.698226495492023,76.46345174352759,290.2835615899031,320.4413925996708,46.13311936225879,0.1699210130166826,9.691627330919237,75.63943907954176,290.2820604676788,321.5577076267908,-99999.0
523731,resonant,5,3,S,42.3446710591157,0.1634269501802067,4.137021413113033,248.6726528779225,128.4795861372844,33.56272769852382,42.6564176265161,0.1694633811888774,4.138719942151537,249.4619380622296,128.4120816332005,32.58485875861972,-99999.0
523733,scattering,0,0,S,70.09532720186385,0.7943865679784785,7.615971181741266,52.40316761476216,337.3991985605097,2.814068256609678,72.3446680324378,0.800706930625445,7.613431581499945,52.55935352406196,337.3242300903474,2.6724611466869,-99999.0
523734,scattering,0,0,S,31.61787345036651,0.4054526734474074,26.48017967533747,234.4184892566776,159.1849903069601,6.920191779580969,31.97079644340453,0.4118603893571819,26.4635101085794,234.5529613882699,159.0994859199529,6.76320804258147,-99999.0
523735,classical,i,0,S,38.46751438682378,0.03933666053726456,25.98930966626006,297.1466755617737,43.91850604448506,34.11859210058272,38.77946265476075,0.04591365498367542,25.92838443049964,302.1409696646691,43.9773215432438,29.0173138504728,-99999.0
523736,classical,m,0,S,43.12530862670261,0.1825756062051075,27.41246992965424,281.871855782933,109.4046545566576,350.9732949497073,43.58618659341916,0.1908507134310974,27.40609426441784,281.2660340605877,109.3802227417597,351.5593508498656,-99999.0
523738,classical,m,0,S,43.21064619431047,0.152264696579517,17.28259319958587,96.91765351930297,202.5953780933076,103.7817565397474,43.47514319511975,0.15205037643156,17.23516435092399,99.39350789034889,202.4700843905732,101.148964004497,-99999.0
523739,scattering,0,0,S,38.12838180944372,0.7533072454366662,85.95307918052578,159.0402857084376,171.8078001404098,11.90527192893832,38.47794618874811,0.7548130141593173,85.90459172214804,159.2986849170992,171.7134018956529,11.72564502729892,-99999.0
523740,centaur,0,0,S,21.70328648552295,0.3245994620851556,12.21775678429614,269.9698267325576,256.9549444124145,7.837916850073491,21.57916129287999,0.3212346596183903,12.2277547788734,269.7892006489308,256.9260835529243,8.009852834432143,-99999.0
523741,resonant,8,5,I,41.02581901902276,0.2062018565668146,19.12413372687422,9.401836548325676,42.41409707532548,9.633532535451046,41.3074837531413,0.2118102997820739,19.08528180258353,9.14572444932898,42.35053700435252,9.704913651750278,-99999.0
523742,resonant,7,4,S,43.68047247830648,0.2537496892038031,14.91403679503192,333.7664548044638,337.0399338650312,159.5033808217416,43.66177421979315,0.2553047732410677,14.95636725760635,334.5051784084623,336.9012975186576,158.4626921947616,-99999.0
523743,resonant,5,3,S,42.26601414090946,0.1068221466864203,9.2910697215219,141.5338164637608,219.2958482746387,42.07096626599456,42.59124993886567,0.1128697798592847,9.267056576182595,143.423428761432,219.2523070239065,40.00140696094854,-99999.0
523744,classical,m,0,S,44.11634184418052,0.06543833392422883,1.274029155978503,21.95562023942185,65.34532826534976,34.33157305491881,44.04313518183519,0.0660264249042851,1.272473898208921,19.17127877029419,65.22411994902015,36.89963527850581,-99999.0
523745,classical,m,0,S,43.02367385736682,0.009210460457151189,1.695021329192123,283.9276519931369,52.78025121164618,146.8420414962836,42.95573171358825,0.01219714490057329,1.693400153884786,291.9336418153682,52.61828848985617,138.6466084344276,-99999.0
523746,scattering,0,0,S,30.23303550830213,0.474341404207857,15.20183717878648,119.4586837837871,319.6103524615589,5.293632708453885,30.39524464064483,0.4773119563774388,15.20906709675696,119.3559536909674,319.5498700144277,5.285255988126604,-99999.0
523748,classical,m,0,S,40.81336103572969,0.08489633212423423,18.37198233709951,348.6314788895148,178.798788880343,281.3707216764211,40.95123820382748,0.0825907773312916,18.36235573617431,346.155829969064,178.6180122534977,283.6940979751334,-99999.0
523749,resonant,13,6,S,50.3919099802332,0.2216560443444047,10.66342109880374,208.2212208169695,244.2329240086405,350.0023371106161,50.6703741259329,0.2252731535892867,10.64648736703618,207.2187996666313,244.199666670274,350.724600190794,-99999.0
523750,classical,m,0,S,46.74490022286545,0.1157594886314573,11.03824363159642,177.0199639166673,318.0998777028494,288.3766203272065,47.06142469685945,0.1150029468267244,11.03748008706409,173.640678278378,317.9724976813141,291.6243574354369,-99999.0
523751,resonant,3,2,S,39.54824771041188,0.2255961781953796,15.26250376084787,265.9375239908469,167.1616902790844,4.576975321817879,39.75827783085158,0.2298348905855316,15.26383593722155,265.5293675844605,167.0267100651958,4.850872833658232,-1.0
523752,classical,m,0,S,40.71961920979335,0.04491702895537527,28.59483639190017,338.2597426612975,248.1672369670145,210.7666553353023,40.86812487843585,0.04025536447028985,28.54599461634479,339.1408743786501,248.1438633398514,209.5651133604058,-99999.0
523753,scattering,0,0,S,54.23576756305417,0.7125580567750105,21.18475331869082,110.8886898579777,34.24211334083957,2.782674881317116,53.65425206892279,0.7096937906136788,21.2109053392246,110.7890506772937,34.18862206099726,2.844641618473699,-99999.0
523754,centaur,0,0,S,18.54947383159346,0.2892380034326252,11.56860113446026,264.8770362468888,257.585859575247,13.50917409280662,18.45151846301192,0.2861613239525985,11.5791708976067,264.6053947122115,257.5623580359356,13.7769859889593,-99999.0
523755,scattering,0,0,S,77.5524101093038,0.697601883910455,24.22620243150991,150.1752606664125,338.786179141954,7.910477165792234,76.69427136568872,0.6948217036073266,24.26943004027966,149.8352341057216,338.8251176015252,8.081354432921854,-99999.0
523756,classical,m,0,S,43.78556715537581,0.04918034347785347,1.332923363640396,257.9160254000305,201.4905648902462,326.8056686945723,44.04528112394948,0.05257978144375962,1.33047556310038,252.1808043715677,201.375340234276,332.3609217330959,-99999.0
523757,classical,m,0,S,44.14388709006886,0.1786110086317073,18.15904146465421,321.78997546798,76.40828502588,73.25185344848086,44.07681637822689,0.1813555835851084,18.14683572185322,321.1544194825009,76.33241022096401,73.61970440343097,-99999.0
523758,classical,m,0,S,42.97421722523882,0.1413908682548561,20.92505853547493,94.51564638295677,100.3246009148448,314.5989615296058,42.81322256924783,0.1377047975689027,20.92740955802849,94.91071216484389,100.3142935310026,313.9444850031691,-99999.0
523759,classical,o,0,S,51.02754622095519,0.2088406227175274,14.50134786717411,134.1705941419358,40.96710172904113,277.7184211885986,51.21878348542828,0.2053539648944778,14.45945875641178,133.1179670584575,40.8718018530485,278.5005753028227,-99999.0
523760,resonant,3,2,S,39.34115764978903,0.1415618457949034,9.814095006412714,208.6289743884041,40.66271268215384,233.2806157727265,39.31345587654317,0.1397215348292622,9.804503176024657,209.7092149601681,40.4883064970325,232.0013468656097,0.0
523761,classical,m,0,S,41.54512935912943,0.0726596793387117,19.5980841127619,332.7079347273033,193.1548177348114,294.35313523642,41.62364704857215,0.07067778515050242,19.5875618422906,330.5028517572276,192.9718762270532,296.391849766112,-99999.0
523762,classical,m,0,S,42.70017879526851,0.1454303417415669,11.98713884993966,154.292754902844,333.7151859284173,22.09269082375756,42.49365831683227,0.1425713496697717,12.01629466118112,152.8738697823013,333.7164589882034,23.31257140538433,-99999.0
523763,classical,m,0,S,40.26088521304207,0.09342050390448833,15.88008967224106,61.78693443373275,251.2040225403558,197.5014793735344,40.11143673423631,0.09659630785938075,15.87693998185716,63.6515945441183,251.1054850782538,195.4739321400666,-99999.0
523764,resonant,3,2,S,39.48935591233965,0.2517729021693892,19.53703320812431,288.8616053072578,194.4772546033499,347.332651153449,39.54068854307882,0.2521594236142988,19.53626246863743,288.3328531552991,194.3323270187776,347.7295848829577,-1.0
523765,detached,0,0,I,58.26234451873246,0.3436005946306616,19.03244579028041,11.97737617302953,79.35073658656418,11.95650476476909,58.27673038755393,0.3445647077891406,19.01880950712828,11.47140317394767,79.30349831084605,12.18624678417535,-99999.0
523766,resonant,3,2,S,39.42020481950109,0.2234983653966111,26.06511107768067,197.4045288460585,197.1136373384396,25.17246201107456,39.66102947389784,0.2284699368504786,26.03002507466634,197.674994893266,196.9817952968716,24.7826502808882,0.0
523767,scattering,0,0,S,76.90550141698102,0.574875203452926,18.62127570001442,213.3804152818698,269.4457569652452,6.580503856011054,76.33217741678844,0.5722168808902004,18.62156870040769,213.0400592187142,269.4129472146234,6.73655547745411,-99999.0
523768,resonant,3,2,S,39.50377305753161,0.1579905144698509,22.86559256472741,17.09188269015435,334.5071253586989,156.02246347889,39.37507822301499,0.1621201024446988,22.9349850743486,17.28385106696361,334.4990734363632,155.5846629019554,0.0
523769,resonant,5,2,S,55.26018088163653,0.3745167190907986,8.90741448980004,269.5158660482097,161.8490700854283,34.46654092540488,55.13853094169729,0.3755333952484853,8.930025305391425,268.9780230418624,161.7942048529709,34.7502141238736,-99999.0
523770,scattering,0,0,S,58.29163927793625,0.7222868539686916,26.8864090819425,23.98349173526344,212.0673023608021,357.0631807389528,57.71131367691031,0.7197275614237907,26.92504514096871,24.11990673272657,212.0813907372352,357.0036350854006,-99999.0
523771,scattering,0,0,S,102.7553867908898,0.7290282925819213,11.51903744835147,294.3958428878228,258.7423030919909,358.9400717558734,100.7112427496669,0.7236177744824185,11.52496215682426,294.4591327675247,258.7076896968711,358.903200413608,-99999.0
523772,classical,m,0,S,42.91992121632766,0.1421445126600206,24.84009428359719,281.4706966270579,3.125388332849139,272.2206918795158,42.69789093957857,0.1426152760878482,24.92449332905608,283.4812039317286,3.116240317532039,270.1824117474026,-99999.0
523773,classical,m,0,S,42.46836453980693,0.1670059276106301,27.55456578919972,262.2107859103876,186.5844607228225,38.09908000850317,42.36639025861921,0.1671048962481043,27.61094107290737,261.2086469862715,186.4620784037248,38.96144195316948,-99999.0
523774,detached,0,0,S,60.85297801554238,0.423534649484861,36.37429845946036,63.13910683076364,93.28320335098158,353.8126119796241,60.47189601619937,0.4197516640295662,36.37286168578291,62.92770220486284,93.26029301684119,353.8279702576936,-99999.0
523776,classical,m,0,S,41.59254259097831,0.09472068340881996,28.61035240655476,35.90957463267785,104.0206572031807,351.8025075234614,41.49430339850502,0.09235711434716345,28.61732272288813,34.44038890612297,104.0135059986304,352.9771606497657,-99999.0
523777,resonant,13,3,S,79.83758617155141,0.5525845812097311,18.19595064121809,87.00678781932265,72.84582768065083,0.6507320995527397,78.92555749873489,0.5475416321330658,18.1997728210226,86.87884699968194,72.77745997103099,0.7088683718768235,-99999.0
523778,resonant,39,5,I,118.1132819290753,0.6700576335460973,29.62871771260921,169.2933607774981,27.87279225002191,0.06923622810396476,116.1779310670283,0.6646345833406369,29.69670821467311,169.3562683007782,27.85321214879903,0.06459030273412884,-99999.0
523780,classical,m,0,S,41.91565051180125,0.1414718173035833,17.47190931116364,227.2313125289356,53.23643205859373,270.142152138745,41.68580378859912,0.1419664174549655,17.49718108336008,229.4880964075928,53.11491684004771,267.9379636265464,-99999.0
523782,centaur,0,0,S,23.27704870786483,0.3006831616302316,17.18227716145678,168.5641599389466,344.041574566614,16.85367961047469,23.1536214928405,0.2977402510595122,17.21062647465461,168.153774370863,344.0648653546423,17.19273065138152,-99999.0
523783,centaur,0,0,S,14.56850365174116,0.3020739660471299,1.81966330770069,10.79852017952173,213.6288037881178,33.46214923894167,14.5936408824713,0.302329617029664,1.818890464847806,11.06331132874299,213.7309176846873,33.23149717869243,-99999.0
523784,centaur,0,0,S,21.50555175385449,0.313555043937895,6.423477817969272,325.3769400804794,328.4748189759287,294.1845156751668,21.41668197657524,0.3138740549261,6.434391707866671,325.9897202530239,328.540144052332,293.5585007414129,-99999.0
523785,centaur,0,0,S,14.0726987269033,0.5067145553092612,16.75891753643366,163.1947171867821,314.8501069530265,55.93829485758803,14.02643074952914,0.5066526913493179,16.76541337851593,162.8901931506276,314.9077708490875,56.24219226270764,-99999.0
523787,scattering,0,0,S,56.323226109421,0.6085520958177496,29.45667810831542,277.6932411675793,209.3021653197514,16.412407748434,55.84685477041403,0.606105409608399,29.52574346533469,277.376449409921,209.2791453893345,16.68594028999153,-99999.0
523789,classical,m,0,S,41.86307813966865,0.09333767382726053,27.96565600112342,119.1684236834674,172.5464016264941,324.9253512126073,41.7871214667782,0.0935080520563854,27.98403965971743,120.8475693904837,172.7119798881318,323.3702433743422,-99999.0
523791,centaur,0,0,S,11.4998834228397,0.289719338504256,33.23776735478859,139.7406285189731,58.67704921879504,76.90779605672286,11.53365073273607,0.2886151186151144,33.23536639293443,140.2404924793188,58.76678641454562,76.45711276750704,-99999.0
523793,classical,m,0,S,40.54100179874712,0.08740902888233683,30.34809898829863,310.7246661132368,117.5684307191341,282.4743718679114,40.85580189481102,0.09003327704252671,30.32392843666787,306.2753582238215,117.5386905116229,287.1310647347735,-99999.0
523794,resonant,9,2,S,81.86485506649076,0.5858703029650053,7.55233120536601,260.8142396220973,211.7618508815698,326.1660858316998,82.92663611047269,0.5873885021296544,7.525122566088234,259.8267763598024,211.8340728976829,326.9476141943277,-99999.0
523797,scattering,0,0,S,71.8272022883915,0.8534149206202106,144.0267235282627,345.6440886256141,350.0558596860855,4.360755453388468,71.77021653780105,0.8529351719254327,143.9967759170386,345.7229722801742,349.9710591679868,4.36455857283626,-99999.0
523798,scattering,0,0,S,72.99243920496676,0.8568064657331347,72.0072178522547,162.9870258341194,315.8465026182838,3.412580491947705,72.75124962461264,0.8566410254978966,72.05170358573524,162.8204414467693,315.8625084449193,3.432264238092442,-99999.0
523800,scattering,0,0,S,53.15201057339155,0.7938587489165775,161.6856197755657,300.9084377316844,144.7935018921671,5.794789620865979,54.33179140734892,0.7984426297984142,161.7047403265595,301.0258774462023,144.7776469051965,5.586474855692727,-99999.0
523899,classical,m,0,S,42.17890193189786,0.04625106347194348,8.026798706191991,32.68908542796891,121.2231660069936,19.04971746152613,41.93749942685153,0.04166871267499204,8.032880277764754,28.93549861436474,121.2668541852053,22.6560787029016,-99999.0
523955,resonant,4,3,S,36.45159334073308,0.1291133098711034,9.577817903443567,279.0073902175148,231.3140531490318,300.8334416737516,36.57761271339631,0.1281087017105486,9.560174999005072,277.1367919345993,231.2470976174367,302.4648335979277,-99999.0
523965,detached,0,0,S,64.2153788736659,0.4197074933351791,6.664264808713484,89.70619116710225,47.35039635457676,353.6378726808028,64.05207185083263,0.4179305198248452,6.660611057761136,89.4316424222872,47.22576186614109,353.7525339363414,-99999.0
523983,classical,m,0,S,45.12775608172272,0.1784526956157467,13.68951803045219,70.62140655951431,327.3239631991038,8.126920331395109,45.5338662240291,0.1858197031384871,13.68347783389804,70.56154701209127,327.2016096840882,8.1079691685244,-99999.0
524049,detached,0,0,S,56.98252865319296,0.3929698870390795,19.68349211819189,103.3268597390248,130.6642749054473,326.660197721171,56.5248640009108,0.3892451731354721,19.71190241814983,103.8707068907901,130.706477652387,325.9827855891321,-99999.0
524179,resonant,2,1,S,47.65924324023219,0.2287895188876408,3.239962641207821,68.66221051032382,135.2206496157866,14.58581056489357,47.38029964836777,0.2241371290595948,3.240024231803219,68.62803149194676,135.3043281884432,14.71809941609333,-99999.0
524216,resonant,3,2,S,39.43200091543699,0.1493716930068547,6.511654942828189,18.88507285273976,209.2142054657683,163.57133489652,39.68907692990008,0.1427516459057893,6.489448684355301,20.08923716793224,209.1840777948889,162.2294236817926,0.0
524217,classical,m,0,S,44.05423275795247,0.06343280536780864,2.121987600287888,32.44791884263544,8.320053762903406,6.70247021205693,44.39622892743049,0.07068594866961561,2.116051379317752,31.71893969347037,8.193504430465733,7.336353845940025,-99999.0
524365,resonant,5,2,S,55.35673051669112,0.4388656593790721,7.108508872774423,10.44139801591812,107.2101902175164,12.2680332552541,55.05858813330575,0.436691844325954,7.110514945715306,9.959750547258915,107.2088848949465,12.53353844206848,-99999.0
524366,classical,m,0,S,42.95417660951834,0.03306143711081583,1.233401389897938,76.67554699338913,179.8332042992044,233.0518522639828,42.86692836573226,0.03216632875740767,1.235700806342466,82.59994980085312,179.7112706728896,226.9052969075472,-99999.0
524435,classical,m,0,S,46.1966124307101,0.1462393204780304,7.036103207145623,337.8610903551169,300.7047744072946,237.7275903289057,46.01094997954038,0.1470863767588024,7.046314704343187,339.5721983207065,300.7278631507181,235.7018038949218,-99999.0
524457,resonant,4,3,S,36.34861118350443,0.1214944691575275,3.536129893037334,189.1382565733194,153.6871391534806,241.0379345503535,36.19009862104912,0.1252349021579416,3.540800863658596,190.4021229490706,153.8097990341195,239.8071532349727,-99999.0
524460,resonant,3,2,S,39.28148598343922,0.1750596591588615,2.783058006900005,53.23695878786442,44.3200310053286,136.4998540420982,39.17045169025795,0.1759617585140054,2.791914040275986,52.01396545475088,44.39413468367836,137.9645606271868,0.0
524531,classical,m,0,S,43.92602687949093,0.0890883226676796,4.990798006962759,186.0979753673266,80.47314091591939,221.4684555885783,43.85220857527079,0.0885134672900683,4.985935073800989,188.2748669531332,80.41356301763635,218.978608303502,-99999.0
524612,classical,m,0,S,42.65729915196247,0.1186511045068462,16.01238546656333,185.1075158318291,0.6917336736518671,175.3089294317409,42.964374356454,0.110845957175754,15.95213503912279,185.1373699144311,0.6876682644693349,175.3460903742962,-99999.0
524613,scattering,0,0,S,50.99341273248485,0.4844967483860799,6.924521582651652,254.1345735808059,160.3017749164048,344.4579141329038,51.81237110346891,0.4916245134682614,6.911676951177597,253.5740467369986,160.251583011285,345.0290315845487,-99999.0
524747,detached,0,0,IH,55.72728653763534,0.3176570760417292,11.0622884872139,221.7225714393993,194.6101172789967,357.0672945718975,56.34873463837115,0.324949530415278,11.03841247156888,221.3195014135863,194.5147790546547,357.3571784367701,-99999.0
524834,classical,i,0,S,38.8139535205277,0.001996502894777486,2.525187709393707,172.7612759539884,262.1399253050331,23.4290513419594,38.8738949947947,0.005096539470653746,2.523634642654356,147.838058064768,262.1085641506537,48.02553256540126,-99999.0
525257,resonant,9,5,I,44.4891955332503,0.1033401184284886,7.391526415687864,293.2960275337741,23.55357990159035,74.212257507577,44.84809088755665,0.106261738770229,7.367719808181239,297.2218757144843,23.48659722149651,70.1650006513788,-99999.0
525258,resonant,3,2,S,39.31514285866844,0.2112415364250653,12.84153710087891,272.0504149310543,26.60983256386946,85.44331195935577,39.59922405713764,0.2117003905313543,12.80203890808646,273.9781215315879,26.53571171491357,83.3898164213559,-1.0
525460,classical,m,0,S,44.02972080724854,0.1122223206109105,4.799635277292747,229.5726554133769,28.2853688733784,283.0714947889171,43.7784074505233,0.110850686340728,4.8122988930816,232.3811467032444,28.16035954023274,280.2666390119346,-99999.0
525461,classical,m,0,S,44.98142889663863,0.08293744602207775,3.056311920863378,9.649440748794442,47.82369956041554,148.8518708135961,44.74385845063568,0.0873161845355908,3.065893693506891,7.393231837126548,47.77198063145209,151.2938021113874,-99999.0
525462,classical,m,0,S,45.63872788741123,0.06823846654568011,3.414556058602485,149.4515503297919,93.91176360276948,333.9649964150304,45.38283541953037,0.06441203422887008,3.415914211082544,152.7146779541511,93.88645923060442,330.8798316471369,-99999.0
525595,classical,m,0,S,42.92314123646302,0.02740252616701245,2.0947930035295,20.98458964193237,137.8614854138686,71.63542193957758,42.75006229283631,0.02447845925351705,2.094467407763259,13.71490677287081,137.9595003956693,79.0588056813421,-99999.0
525596,classical,m,0,S,46.85785568981915,0.1153875345633612,3.744671885357788,60.16743005488417,71.10211028095354,86.99830239491648,46.63613565999245,0.1138965887855148,3.751839961803118,57.93050944548825,71.06962002941096,89.50732976915783,-99999.0
525729,classical,m,0,S,41.37364004745817,0.0948474797295862,20.19803728797029,268.7624761755874,66.29713308027222,68.49795922672516,41.65991166167305,0.0986460617586726,20.16081923289172,271.9674678325301,66.30963058777323,65.03749730619376,-99999.0
525815,resonant,5,2,S,55.50296818122144,0.281794998377502,17.85108089486573,218.3092083545112,152.591760188025,32.53797549242891,56.00296590446682,0.2879914710354474,17.85314954396999,219.0121003776979,152.4495087859367,31.70532499596479,-99999.0
525816,resonant,7,4,S,43.72247037181884,0.1873633074508679,13.33959604547741,321.0331988956089,101.6141912395428,359.5803554801781,44.05051778903948,0.1933069562919644,13.33784622912669,320.3008600971823,101.6037584477286,0.07032285232213949,-99999.0
527328,centaur,0,0,S,21.10264314958981,0.1931702704093953,3.068596896465253,199.9719413157221,65.35228385874767,135.3583588987742,21.20212880945357,0.1900400922145057,3.063003027378072,201.1469773395045,65.36392347224175,133.9821185323206,-99999.0
527443,centaur,0,0,S,12.86950627778137,0.3389844046932894,41.73300352071642,104.0440557437185,184.86409148654,161.6736369530595,12.88088759748243,0.3381144365555572,41.74203820807629,104.3321146311472,184.7145946914349,161.3160955196113,-99999.0
527603,scattering,0,0,S,191.9939005339591,0.8167419746931749,11.98362270979045,338.3558681800137,24.38249322037084,2.32430120593414,203.1512392189974,0.826702161040987,11.95509653036186,338.5978065919123,24.34007540547615,2.119052848311323,-99999.0
527604,resonant,1,1,S,30.02800258138481,0.06329493282616248,28.11618631671482,216.7584869512311,188.6119467963191,22.68451014283427,30.16493394074476,0.0678023041151346,28.08400649362828,216.8596677658191,188.4747412443976,22.48208855021452,-99999.0
528219,scattering,0,0,IH,41.51976274112673,0.4911875644657707,103.4485298323017,133.0965918177528,260.9700604704126,342.9280175718926,42.04993872413332,0.496762828064549,103.4343104381866,132.5573904790834,261.0096398594467,343.4375992770811,-99999.0
528381,resonant,6,1,S,99.47696636293686,0.5732399188536217,20.78162550017606,324.7958429519969,331.0470368549135,24.90614133633105,101.2052286411711,0.5778533121540251,20.73897220146021,325.8391306932073,330.9174714096679,24.07159949022629,-99999.0
529780,resonant,5,3,I,42.07448825574618,0.1775924764022118,30.81243778785857,165.6514666418286,5.162543424306435,241.4504112324083,42.31788170109301,0.1727084185583331,30.71719137775413,164.337569681927,5.049713301997942,242.7025005517291,-99999.0
529823,detached,0,0,S,52.48609809159455,0.2806476948806766,30.77591624011799,174.0025514777152,172.2201459093545,4.844946193055414,53.08774670578823,0.2885036189137022,30.69772142222435,174.4108206159376,172.2140803619654,4.538037587626532,-99999.0
529938,resonant,3,2,S,39.45358158072332,0.1669357267918414,5.620419166654465,30.94807153893397,44.83682518728565,340.6697800984842,39.76913482331028,0.1723460237434382,5.606961151396113,29.48078241613297,44.82103855591178,341.9520968574953,0.0
529939,centaur,0,0,S,20.7167714148315,0.287104614394332,1.815394760295597,344.9441013888178,60.86589881448823,39.93350437585563,20.74756796561333,0.2890404402630719,1.813759131359292,344.940697755654,60.79285524590541,39.79944352022911,-99999.0
529940,resonant,22,9,I,54.5575313150208,0.3194798680206256,13.01945146103357,109.0268672515855,243.6410546815724,28.92606702732257,55.1890256342513,0.3263842309319294,12.99589859506771,109.7782925939541,243.6585592229093,27.98609127923874,-99999.0
530055,resonant,7,4,S,43.79864410407399,0.1378341854750769,8.891818840585115,147.7507759728908,102.4319082567654,191.4932424001307,43.9379274056278,0.1337534330464597,8.891669817377252,148.7679389432345,102.4229097502533,190.0885161715768,-99999.0
530231,classical,m,0,S,44.15328405765552,0.102176188389809,4.538237647541032,42.07493285878714,105.5792743483351,355.0160726750152,43.98503508058621,0.0987163175144334,4.539142155149779,40.86214665383297,105.5767035735818,355.9653784735548,-99999.0
530664,resonant,1,1,S,30.16008294211698,0.01185035615447383,9.63876831585657,117.3288021936181,113.516339368143,169.0510523117173,30.36364092323158,0.006156741114117023,9.638236675166338,140.7053927556723,113.4801308289614,145.5576088861754,-99999.0
530838,resonant,3,2,S,39.26585785963931,0.2716871337669336,4.652789078882821,88.3817276257313,289.1655161760955,23.26260184513853,39.62216392950638,0.2780578218828676,4.652791505426326,88.81712835369306,289.1316604158091,22.66534809430008,0.0
530839,resonant,5,3,S,42.31905791211032,0.2329519798676838,13.42360850548882,210.3493504748142,219.2782938233339,350.2840350409988,42.67425418604664,0.2387368038360096,13.39457727741508,209.541816220099,219.2348406306881,350.922412101236,-99999.0
530930,resonant,1,1,S,30.0295396364905,0.02791666458751344,22.29805673687115,215.121302136366,352.1617515456314,222.9910523705934,30.16016045595995,0.02340974231365264,22.28195038526932,211.7614301639542,352.0074225442438,226.2507916056253,-99999.0
530941,classical,m,0,S,45.59313565032983,0.191943583113048,11.18799003421417,190.4333824696155,335.2585581664807,16.28973830333717,45.27868590535235,0.1869101397467592,11.21131907323219,189.6802925077895,335.3319052183797,16.94659663574702,-99999.0
530955,detached,0,0,S,73.55032693386806,0.4643353293470756,25.93788231620433,44.92575870109194,96.86431172811966,0.6686573123461603,73.03560567134285,0.4606877772274937,25.93856810387839,44.58708607348066,96.8478071306486,0.7898311108558876,-99999.0
531015,resonant,19,5,I,73.43397198134035,0.4932359363870188,10.14365511891062,129.3209768597848,341.0158849454267,20.64639918130431,72.85207761156441,0.4908749074341278,10.17134779105938,128.6776179582827,341.0394197053188,21.06610350144284,-99999.0
531016,scattering,0,0,SH,76.8107698895187,0.5304744351772542,26.38237641582582,174.2874164058519,289.1695130924993,8.02725158917028,76.63056950576262,0.5300286537420856,26.39368584299761,173.8788133062394,289.1659157957347,8.15518983068194,-99999.0
531017,resonant,5,2,S,55.27951634788178,0.3749660749120795,14.38174553614064,341.0203040054396,228.4583819097631,338.5943522867813,54.82950567319386,0.3702750387981805,14.3965871030082,341.4798288468313,228.3482357305123,338.1452967782265,-99999.0
531040,classical,m,0,S,43.30716491592424,0.03382404016191929,17.02206578242632,74.42818418446939,150.5788732604179,289.2154002507365,43.12545661228712,0.0308990760117977,17.06525202403973,80.28620798822432,150.5732752964574,283.1241733594834,-99999.0
531074,resonant,2,1,S,47.93243481593726,0.2674187402469714,13.11200413122938,188.589701072009,9.713472401715379,5.725197918249256,47.59135362750636,0.2622928071585438,13.14645706792068,188.5596027297037,9.765561616670306,5.78888258618997,-99999.0
531075,scattering,0,0,SH,70.31876815826723,0.5004847842671106,18.69860015157427,160.5961266431174,15.67228681761753,6.23109583097207,69.54333584768393,0.495133163081485,18.74645767310718,160.427418997099,15.67946116977831,6.392977926406574,-99999.0
531076,classical,m,0,S,42.85356672247813,0.03476455981369474,3.235026619941625,144.2402717762149,56.61013752500067,1.999653434159103,42.60356220956763,0.02928175499211656,3.241930079535758,145.2233593437101,56.5348888300198,1.170236378570529,-99999.0
531077,resonant,3,2,S,39.44578943676662,0.1888289110898267,9.695455125965257,42.56826291044359,48.45803083493841,96.18107801020736,39.23952739840589,0.1900431547332948,9.721835618954142,41.09626491435068,48.4066433623149,97.7786023240631,0.0
531141,classical,m,0,S,46.48832870462474,0.1637303156703941,16.47221787816925,82.43718431232634,134.4950926509702,8.781705087058715,46.24899658891729,0.159306658733754,16.47246387188028,82.73088843864527,134.5902392224376,8.597519892674741,-99999.0
531142,resonant,45,7,IH,103.9694458555797,0.6289513540495375,25.997882394759,141.5725941358881,52.99941066874988,6.301817045174867,102.6241240728383,0.624035857079678,26.04976452442093,141.5676316000359,52.99927052244582,6.438429252982976,-99999.0
531224,detached,0,0,S,57.63691899541188,0.3369098810635067,4.813614401970552,174.1698027810282,75.84994164331313,350.7608333595014,57.31254131844058,0.3337625525645667,4.819540852606151,174.7717531532079,75.82638860466871,350.4087325283185,-99999.0
531682,classical,m,0,S,42.69015414631676,0.1139877919752114,8.950322318886986,86.00895224304995,180.3957439776669,154.7255044514162,42.90057306010883,0.1102631403203023,8.93720086152541,88.44815981261104,180.2053547208272,152.1435339564972,-99999.0
531683,resonant,5,3,S,42.24704723500339,0.1667472498578355,2.456915515912993,170.1220885982941,178.2846747827485,61.76713032109977,42.51913715092471,0.1707824082500712,2.454760330775624,171.7664143871541,178.1259084189865,59.99067700258983,-99999.0
531684,classical,m,0,S,43.74496180522959,0.04950821598834717,4.181924089749105,126.7022304437114,90.02079698956359,222.1227271714697,43.92071452885748,0.04439395216509421,4.178451881470804,126.1371087177509,90.02546429719848,222.3253108062339,-99999.0
531917,resonant,7,4,S,43.62272793054337,0.2086787997429279,6.60366113107241,278.1165857863901,193.747292430587,18.98910174028517,43.47762119765967,0.2072264289525318,6.615252320954027,277.2814343919741,193.6250969319738,19.68784854970996,-99999.0
531942,centaur,0,0,S,17.03597201223036,0.3747546215331558,18.53223126705541,41.0216383038718,137.1225548041562,31.55337544188271,16.98445303751927,0.3732642657396026,18.53541711565846,40.83167481639357,137.1784499203965,31.77463181716477,-99999.0
532026,classical,m,0,S,47.41896314758369,0.1362626466009726,8.408778091431143,211.5414436506855,310.9404911552807,344.1893451449802,47.21956932593768,0.1322497607896883,8.42302900464594,211.0031408275163,310.9468263680174,344.4571499993049,-99999.0
532027,scattering,0,0,S,31.82153009730387,0.1966083302529242,8.16840724592678,354.2778757556533,267.4567001076404,321.9728854648197,31.66199731857098,0.1945265567125719,8.172937825974147,355.4125563282764,267.444403810103,320.9556653215927,-99999.0
532037,resonant,41,15,I,58.78604928354002,0.3948949807985987,33.12065451612152,139.2071431309629,187.0531061501358,216.5594279395866,58.55436195814845,0.3988651749594525,33.28964445670172,139.7601942154625,186.9221266435967,215.9286143452395,-99999.0
532038,classical,m,0,S,45.82360542911402,0.06318884498694713,15.64481053795639,170.6933333937498,320.7329153880144,49.96880391973364,45.54505693671945,0.06030408162556615,15.67040788587691,166.020427750396,320.8199664276553,54.51581505457703,-99999.0
532039,resonant,7,4,S,43.6669757557361,0.2405292754162671,2.992719676070327,132.3096006404532,41.91688111619174,25.16253929336994,43.38114884534853,0.2359733475475829,3.000538319951576,131.8409936561991,41.90201181434166,25.74804762462085,-99999.0
532092,resonant,3,2,S,39.52491382956934,0.1221024912826007,20.79363751334386,341.3038445838606,185.2999739160072,74.41547049255591,39.44079728689053,0.1195399390019319,20.81588380693202,340.5038029053208,185.4723072266596,75.3393868739374,0.0
532093,classical,m,0,S,47.36336195214606,0.1766902798656735,18.13380141352694,183.969545793498,168.6316804127986,282.5394404078316,47.33012028013931,0.1797052984656616,18.13839744423319,184.2189280058869,168.82169563992,282.4687903266998,-99999.0
532094,centaur,0,0,S,24.41705393782656,0.1957207115770032,14.90857467629676,260.0005106157284,137.1987440157423,215.5070035138752,24.37587537238494,0.1983617211188494,14.90457442130189,259.7430018751733,137.3023808089379,215.916613382475,-99999.0
532095,resonant,19,12,I,40.85811958367304,0.06314985076606854,21.40029477684276,156.22747740063,86.21128226301668,353.9466228086189,40.71094251879293,0.06019264642393345,21.41697696101595,158.6963427106621,86.19881196793229,351.7416828948896,-99999.0
532184,scattering,0,0,S,79.42899710577393,0.6240123155562532,21.17459322958024,316.6085886079337,53.22995208254223,9.346853624650027,81.08123338400844,0.6315249046035964,21.13455376206922,316.8420395763643,53.21175506033423,9.001733295484987,-99999.0
532660,centaur,0,0,S,8.921442233189696,0.230242449985364,7.046448623433171,260.5345728352762,115.4314477140693,143.0790276011189,8.896761295182616,0.2325590901715555,7.051465721796967,260.337505130069,115.4294015078405,143.2092974689464,-99999.0
533028,resonant,7,4,S,43.69555706993324,0.2473060674800853,4.318174244311511,74.74021269755022,104.6068178796543,336.4086261084889,43.49125649643326,0.2434605418321009,4.318920380103769,74.725879656501,104.601671126887,336.2063751317888,-99999.0
533085,scattering,0,0,S,45.84463626512289,0.3405428177881524,15.69576828341758,102.3001727626526,320.1246509674929,47.40608354799315,45.73870962584242,0.342032813250736,15.72752073275991,101.6973151027531,320.1288397787786,47.71607813007583,-99999.0
533205,classical,m,0,S,43.82021089491117,0.01799628613652099,1.927897821247901,323.9900416295806,199.1999025816939,17.8250747265409,43.56064066735927,0.0129924862135981,1.933506824937309,313.9498126772822,199.1597438917467,27.84480711794977,-99999.0
533206,classical,m,0,S,43.22639779811977,0.01481494161099422,6.480565757693971,171.0400446694294,164.141207086589,210.2644041738919,42.97737712587976,0.01979991445326449,6.49883934307676,180.0077988187417,164.2001021160793,201.198341098963,-99999.0
533207,classical,i,0,S,37.9110431610703,0.01809593749089106,6.943296167102503,98.80315110453114,99.72902678432746,44.33917355045387,37.80752902649628,0.01461793007200945,6.944844012076955,98.20248952936637,99.73341157793915,45.21616990264674,-99999.0
533208,resonant,25,6,S,77.9162177815177,0.5438941098423483,26.01916685303956,189.3605777064374,8.962801006935363,2.023764260365905,77.0501003038263,0.5388567022687579,26.07976535981619,189.3433562103874,9.007257504413941,2.056432003400611,-99999.0
533209,resonant,3,2,S,39.29578158832744,0.2929121934998198,10.29339705612719,356.562861115996,39.9377482882397,141.7916175284272,39.12207285042369,0.2976241719319749,10.32925734619794,356.1708990521258,39.84688711046967,142.2736952124146,0.0
533210,resonant,25,4,S,102.1816456573828,0.6482553078873036,25.43378771902093,8.15132219889925,214.8535834178517,1.288264909061739,101.0846620190851,0.6444416490228236,25.48518866063922,8.2787691323299,214.8966704927759,1.284711040162415,-99999.0
533211,resonant,4,3,S,36.52759552857715,0.1350655729866886,13.58962432477987,188.8868911828609,144.4342570981281,239.2850164415707,36.35391863421506,0.1386923136521128,13.6086826390156,190.2527083932939,144.5421906508346,237.8930257342176,-99999.0
533396,centaur,0,0,S,25.24184606042337,0.3112698794182321,22.76496783927378,59.65187793351763,129.4090776450126,40.64998506631348,25.19361270479452,0.3094320595835817,22.75576766370116,59.61288875731621,129.4639498888178,40.82402579973181,-99999.0
533397,classical,m,0,S,43.88913579033456,0.03595922030799552,5.933738409587312,130.9641608699377,84.50800238455494,10.13426062689469,43.68471311845573,0.03135354825281337,5.939162944905522,132.882607817354,84.47864770514029,8.461968918183063,-99999.0
533398,resonant,8,5,IH,41.04942817220849,0.2450849156897852,15.7538350992723,149.4354835615161,128.5766421736178,349.9175233804542,41.03238465033323,0.2453194167482549,15.74348459462483,150.0377564160428,128.6361746748242,349.5380717987777,-99999.0
533506,classical,m,0,S,43.15081512697686,0.07000857782852339,8.532949338955273,137.0485176120061,118.1746738768882,319.4409268549132,42.90929067902635,0.06714653925077838,8.534216031494651,140.7572297562633,118.2276540218371,315.8044597583914,-99999.0
533507,classical,i,0,S,37.84423492810858,0.01885187983904106,24.44257971922883,309.8031490760421,87.90849364728038,201.8192331477543,37.73191211797626,0.02242725334358691,24.46031237448049,307.1695861506454,87.89907389560591,204.7343948690736,-99999.0
533508,resonant,16,5,S,65.31869533706917,0.4281981080278686,35.69235962420314,215.8882929406042,44.42430695778097,347.2919739472649,65.03512401440854,0.4265251096013992,35.76970942092572,216.3424584715197,44.43722385363369,347.0452385515403,-99999.0
533559,centaur,0,0,S,21.25487880752169,0.2887816390494217,32.75749689461711,324.7239503924896,94.64965800636504,204.1557130924703,21.24133121247672,0.2902791713211152,32.77000650913704,324.4253134954016,94.6603374908356,204.7396454330408,-99999.0
533560,detached,0,0,S,62.32451729951575,0.2625497949552138,20.48737333873795,96.77988592035025,182.45932756886,345.3498217691452,62.22032892683495,0.2622807898060581,20.50762667965158,97.40661327294669,182.6301461025313,344.8835104575427,-99999.0
533561,classical,m,0,S,41.38319050573428,0.1054673553925797,17.74625658026626,156.4875765503841,138.6273930435798,333.319570455936,41.36242777260615,0.1064365083328203,17.73034337853188,157.9169017477555,138.7212119767886,332.1236783159063,-99999.0
533562,resonant,3,2,S,39.40108765166791,0.2176299589208766,7.982457200860466,96.79186656550587,109.7990516092174,28.10720978103229,39.27775107109185,0.2145518735489416,7.981444853621754,96.91993865315948,109.8214408103635,28.20298562899046,0.0
533563,detached,0,0,I,138.7399792046432,0.7253135035497953,40.79808596963787,131.2791195451444,60.77252842993655,7.415416624252951,137.1255290615911,0.7218142600849003,40.87220916810922,131.3106102758024,60.80006191538829,7.553843084042868,-99999.0
533676,classical,m,0,S,43.26701420634697,0.06368170992534761,3.82683663997037,188.0099850273701,116.0328249843539,304.5711291415167,43.14421618973526,0.06456103936037522,3.825588893678705,191.3058631971663,116.0700173806084,301.5372721349114,-99999.0
533704,classical,m,0,S,46.00728062871819,0.195578357760042,12.8840751736576,249.0962849886853,20.83022682804841,57.56253164733472,46.39293108447769,0.1969621771516584,12.84768144464393,251.2731545736508,20.92990198297869,55.4472513302685,-99999.0
533868,classical,i,0,S,38.70231067193508,0.05016416800258414,4.400067272158906,1.342750129252211,127.4773520861067,296.339257590473,38.92582707768296,0.0506222693348829,4.401743427899,354.511952277921,127.406146574965,302.9717018921386,-99999.0
534073,detached,0,0,I,48.7307356848838,0.2606260065508209,26.28112138206024,290.3977841721974,75.81250489803865,20.67833369656584,49.25814852936507,0.2682128189974926,26.25168237546501,290.9031493437825,75.84237226203769,19.98773273857937,-99999.0
534074,resonant,5,3,S,42.25304747532115,0.0808913075370197,6.549018762138117,175.3532684781905,335.2069140704742,246.3890469987298,42.57761031291889,0.07648698160185144,6.536709638033332,170.7230159587245,335.0732122077534,251.0238922093055,-99999.0
534161,resonant,3,2,S,39.28485707976569,0.1931988475578534,9.671889941359831,337.09548166846,117.5875177355123,349.1495225020102,39.47394690678232,0.1964305134663751,9.676147226305018,336.0788755738232,117.5508876382341,349.9201133980258,0.0
534251,centaur,0,0,S,8.99673374852233,0.1528613778704854,10.72382915316286,289.4262851388149,22.57070326541362,144.5621791942783,9.00270876715831,0.1524917805087087,10.72344770273596,289.9030889771212,22.46703152207783,144.0369791683314,-99999.0
534314,resonant,5,3,S,42.25787203706147,0.1639085811116369,8.92113608408521,297.0142690201003,123.8469282909153,0.4420560094544512,42.56623932094375,0.1698866657472048,8.92413988200045,296.2908052547522,123.7878724493374,0.9742012959468843,-99999.0
534315,resonant,3,2,S,39.46810468751259,0.2897111211295863,9.396095965948593,315.830273336381,59.89423506866927,16.73172806308169,39.88070464155355,0.2968325362202558,9.380054049104253,316.1533457082188,59.90439954101709,16.25139656124178,0.0
534405,classical,m,0,S,42.93925333721735,0.017496031947832,0.943284411275947,243.2963674382484,106.4845204339148,64.87711129671098,43.21927735041012,0.02263701379944026,0.9431083878386036,255.4872390290169,106.5060117485311,52.39617986029493,-99999.0
534625,classical,m,0,S,44.44934324558302,0.05044026061654049,1.946988968731077,221.7740258075093,16.72954878977257,201.1852933496567,44.61793962494004,0.04570487637536733,1.943060686692215,223.8414023864946,16.53038208583726,198.9470446977519,-99999.0
534626,resonant,2,1,S,47.93228321820743,0.2651270934658967,3.882807497715474,329.334411060092,81.81037478199747,14.2261924069059,48.27056716404694,0.2706925320472899,3.878643342417789,329.1334220525318,81.80727659502199,14.14673518772094,-99999.0
534627,resonant,11,3,S,71.66735471031464,0.5260498842142804,3.944371367107022,222.4502593669361,249.9455606432556,341.4230393113303,72.43137951289249,0.5291746641284878,3.939347065065619,221.7013246521046,249.9537735838647,341.8967215006681,-99999.0
534631,resonant,3,2,I,39.62572940608806,0.3352830257207861,15.96754536837134,3.131940892676183,15.26848215830882,14.55404711891683,40.05417582294685,0.3421985255347385,15.93611849447168,3.459027313771788,15.18975208761696,14.16491603414077,0.0
535017,scattering,0,0,S,99.56369402167482,0.7108919169489593,21.22515687463602,170.976900196984,343.6230631745459,2.570935890096345,98.03191656225242,0.7065869589609239,21.26559906540027,170.764396114274,343.640336785034,2.656819342719733,-99999.0
535018,classical,m,0,S,44.0407613730042,0.05582597450855079,3.000043970701812,340.5111801886171,120.1770349360692,62.46668083134604,43.80183837913881,0.05516552719052192,3.002026980201541,334.9679429827341,120.2124092055705,67.82390982731842,-99999.0
535019,resonant,4,3,S,36.42748569184106,0.09098395936068883,13.88845172364874,5.206437183449828,125.4423423061345,37.49355525980184,36.23396144795526,0.08811646261739131,13.90112074328052,2.629373697449676,125.4869658321705,39.92337536251097,-99999.0
535020,classical,m,0,S,42.57100143727596,0.08176719943711377,21.3977577727394,180.3102119844052,129.7489719177864,113.3704748963185,42.7867003749407,0.0819595100530141,21.41374213194546,184.2887512235261,129.6625319858326,109.147201162387,-99999.0
535021,classical,m,0,S,41.45590817290739,0.129599247525564,15.12081874652248,47.52334975188032,184.2945917134372,286.8145237545254,41.28802550186106,0.1271876421835775,15.15808351696479,49.06301099421463,184.1753066076799,285.1529734262147,-99999.0
535022,resonant,5,3,I,42.29436065396159,0.05323087080082328,7.105133451845885,311.8444676758663,276.7216407460343,302.2118614889438,42.06544831426708,0.04983222150578361,7.106579243267364,316.2037396437879,276.7107297908683,297.7157899697201,-99999.0
535023,classical,m,0,S,43.98517203429109,0.09225972246442557,3.754174469525932,50.14623823093515,109.038802120475,9.603168452425578,43.72479721555179,0.08735479244050615,3.755137190658792,48.75189259806496,109.0498581477689,10.86106160563372,-99999.0
535024,resonant,3,2,S,39.33369066704768,0.3445005101810445,26.410830539858,65.7406254304551,51.84533295004338,330.3635169942289,39.57219667191278,0.346300513387269,26.36297260526001,64.909290575324,51.82011360731538,330.9918815672003,1.0
535025,resonant,2,1,S,47.50468297218371,0.252922535728298,12.26004360850046,226.2515385811226,182.3732341809281,15.37401975218525,47.83916013257195,0.258543617887055,12.25032257376706,226.2403625255487,182.222144471708,15.2570246371533,-99999.0
535026,classical,m,0,S,46.66830577959463,0.1752320296107416,25.3823970723926,197.8365853948228,205.6336675668763,19.5806460329499,46.95371700119757,0.1806590121257547,25.33447361562612,197.8360148920694,205.5098795860156,19.42036608447872,-99999.0
535027,classical,m,0,S,44.03270754585773,0.1731198967660738,11.48641982284115,315.7475038877597,298.8891781538371,286.9421002440605,43.78553087918522,0.1715363476411775,11.49802310641982,317.3471002140732,298.9266582875208,285.1571920749828,-99999.0
535028,classical,m,0,S,45.41820023593488,0.03961692969284941,2.155401978527272,332.3578848309933,104.5518968446386,88.25244724716028,45.16962026440152,0.04133702739025879,2.155448201681874,324.927472575533,104.5450990426673,95.5407960385442,-99999.0
535029,resonant,3,2,S,39.21457753686703,0.2141714823833572,17.48466625072481,177.4230383654682,167.4660450164844,71.46962320350083,39.4111142299413,0.2170006375255603,17.48710879463074,178.6051079787374,167.2971536616747,70.13970699295774,1.0
535030,resonant,24,7,I,68.3799041576158,0.4908976835208199,24.33858650369423,183.7974459402236,332.5250320309665,4.876715719479804,67.73552774795802,0.4863759121117502,24.38465222914513,183.4837138060795,332.5571701064219,5.036734298269267,-99999.0
535031,scattering,0,0,SH,63.48524342127885,0.4382452345403124,4.669684445357527,320.9072816702592,219.9365949707783,349.2978416608586,62.94489523147724,0.433363238244067,4.674354595531412,321.0168468142458,219.823782155268,349.1402685550995,-99999.0
535032,resonant,3,2,S,39.48422816772942,0.1781423494711938,8.214535038851015,299.7541151480233,73.96217596528987,46.94771190356303,39.70223306685156,0.1827278863908908,8.202904029755251,300.4679705963775,73.94506232770644,45.95300320746186,0.0
535167,resonant,3,2,S,39.40527926836392,0.1911964102058257,7.333809050406927,173.8338971328972,223.8267225089015,20.08097060430451,39.68031125049783,0.1970627273448239,7.31950918603602,173.9582242822292,223.7632585777929,19.7696262194404,0.0
535168,resonant,3,2,S,39.43282476519797,0.175279763236108,4.760634324004362,228.2338942402621,258.3880177925752,330.4239146047711,39.55701568212072,0.1760210736365099,4.756529576500022,226.9233721130808,258.3631114073896,331.4517724765245,0.0
535169,resonant,13,3,I,80.21016907762781,0.5986483002954875,19.67942568230754,325.0553358156075,202.2938934894009,3.125997405063518,79.17169972689642,0.593578786552072,19.72216756667547,324.9324779438044,202.2557158752401,3.223739994100741,-99999.0
535228,detached,0,0,S,59.45677373512167,0.3788248448798847,26.85471303542584,287.1439094504037,121.2114529976068,44.1259627117823,59.4441128181737,0.3814149003827191,26.88588300724893,286.7282098504149,121.2179425660366,44.16481766511718,-99999.0
535229,resonant,3,2,S,39.40134954919446,0.1966682532071257,19.06371191434326,108.1315638343769,303.8080811044262,47.37954993692518,39.41952604295431,0.1991335367908433,19.08520876514079,107.686809352118,303.7887367934454,47.51712653469956,1.0
535230,resonant,13,5,SH,56.78831893671031,0.3205488488547205,40.69762633094179,13.17330375683597,102.0982797104072,16.36743095792981,56.52171213221156,0.3184874193628389,40.70450709079498,12.45345038263152,102.0914790910971,16.83459208264151,-99999.0
535231,resonant,3,2,S,39.47240088900269,0.1982278892529182,7.281495321080267,47.91533485628474,12.35841054809503,55.34655390004634,39.39842051927588,0.199865710089289,7.294487270598716,47.20915595383397,12.20932591704047,55.90630878671996,0.0
535466,classical,m,0,S,42.82739752837614,0.2172020783977636,16.92381014020836,77.41341816148854,65.92448164917985,16.49938414767728,42.56719319303478,0.2132566207783193,16.93362018976488,76.7064366875852,65.8363679774156,17.16601808787886,-99999.0
535985,centaur,0,0,S,20.34442986428558,0.1665513549925173,28.31833601447363,104.4985665670817,322.3074334665353,54.26984516983267,20.31852627736637,0.1675488451788353,28.35667855895136,103.9096576341468,322.2830128797707,54.68485622893029,-99999.0
535986,classical,m,0,S,46.38718466633289,0.2222160835389181,22.52670370433178,203.9109880449327,312.242234708508,342.5134232650697,46.26215542120917,0.2195222556546348,22.56076631777419,203.4518397945921,312.224649000051,342.7081836458313,-99999.0
535987,classical,m,0,S,46.52575470556895,0.2332762562867547,7.675319106646004,234.8057167376011,340.8309136601575,325.4275235528098,46.22481867643641,0.228999667805474,7.696411940299798,235.4943118322905,340.825714035669,324.613721532306,-99999.0
535988,resonant,7,4,S,43.71198668503228,0.2741980746300981,11.3885801659973,132.1322576016296,61.30581618293395,18.69646534307854,43.4548988685081,0.269899406322247,11.40863136992696,132.0384177103563,61.2914438298017,18.95947664024154,-99999.0
535989,classical,m,0,S,44.82850096648127,0.03542189197502238,1.790529596544669,283.7264726397897,98.32129972084013,117.9324937875776,44.67106556895384,0.03936901768441842,1.789886352168379,281.1004452607668,98.29675170036286,120.2886699286939,-99999.0
535990,classical,m,0,S,44.92314218045567,0.1534657378465985,9.24707301533327,99.07273088751923,35.74552576020388,9.277453405211025,44.72676004104677,0.1503547003844366,9.25746948282004,98.11217472900363,35.59928222891087,10.1476833741516,-99999.0
535991,resonant,5,2,S,55.2045589608814,0.3444874827693982,10.36757826975416,94.63325584122113,120.5589174423989,320.9856904989451,54.856832835308,0.3406901517353102,10.37893472993778,95.04136578169529,120.5736889348309,320.3451359519754,-99999.0
535992,scattering,0,0,S,39.22013663283204,0.3218235473438727,19.18912201244856,266.3015646517335,290.3589968295561,350.377663784513,38.93856424368033,0.3171601761772888,19.1984564111344,266.4215120685971,290.3756514143942,350.1927690536087,-99999.0
535993,classical,i,0,S,38.93432173586717,0.02895016506110311,34.3727463883767,351.9154942694336,330.6750029221891,220.6974713921952,38.75270899390198,0.03219329360933511,34.44685720765845,358.0187272951894,330.7437605794275,214.4529972236388,-99999.0
535994,detached,0,0,I,53.70108959353505,0.3243020908547857,27.83861151298224,240.7611121865272,7.295186197390553,337.8235760976458,53.35897308940605,0.3211034987221701,27.91399438181712,241.352989120708,7.344888644109433,337.2934086818362,-99999.0
536287,classical,m,0,S,41.60274687330931,0.1389690658187373,19.02134462912338,207.6983729685836,335.7031618174187,330.0287021070014,41.43611055053018,0.1351620507717906,19.06690732791365,207.7926914204459,335.6671554371008,329.738575172498,-99999.0
536919,classical,m,0,S,45.87826339085226,0.1269728931717693,5.360890624549272,177.0774685425379,116.8445025777601,296.7569938661366,45.64775823521161,0.1271246881967827,5.360819495876675,179.3683824617968,116.8935635879228,294.6096488143659,-99999.0
536920,classical,m,0,S,42.5864145752362,0.03173366761189408,17.13108524750455,48.57063494239933,103.4261356233608,72.97641071054272,42.39787447680735,0.02905468952551353,17.13248418908364,41.49723480916222,103.4385965405927,80.26222426601069,-99999.0
536921,classical,m,0,S,40.16884586629172,0.130666161315391,20.13754586582289,32.22892277220019,152.8218807382557,35.51501168218941,39.98591239140665,0.1267653317174176,20.1494766527527,31.51786084731073,152.9515976481185,36.28723486521411,-99999.0
536922,resonant,7,4,S,43.68036906509392,0.2173686748403327,10.03496934138323,34.0016886833163,130.1624342738674,35.05206721180765,43.40743861228664,0.2132543212028963,10.03728710242761,33.16946139612971,130.2415378488657,35.91908951618463,-99999.0
538495,centaur,0,0,S,14.81882405400383,0.4589755921365281,20.83581981600285,91.51819550832899,59.24553552294247,48.78172512989924,14.78479638225886,0.4582080200211883,20.86463632823268,91.35021893926228,59.29698956340093,49.00495045586207,-99999.0
538690,classical,m,0,S,46.55993396821979,0.1610272266598006,4.207318960054818,169.3950402288955,269.9338438871625,94.08912180758686,46.28739337821333,0.1629596610964811,4.208773181678831,167.4350760879105,269.9067485126906,96.04416000535416,-99999.0
538691,classical,m,0,S,43.37356972091329,0.06948289800004795,6.298268088143623,31.6980233144613,290.1873854407532,237.1910689177203,43.12816089070664,0.07321545847780819,6.30032732250554,35.15676839929633,290.2278732930664,233.718319634568,-99999.0
542258,resonant,8,3,S,57.90688700183093,0.3700949659850654,3.336988365406075,216.9371842834497,193.2109441067823,46.96236364469134,57.83355977923141,0.3724171307494117,3.343867950668771,216.5864628458634,193.0528776178543,47.11171606443055,-99999.0
542889,scattering,0,0,S,51.95982186105076,0.5859511225309001,14.50437323475894,195.2647255121409,99.6592212338765,11.72282357473979,52.77620599835142,0.5913032681612556,14.50111247438187,195.8005369717664,99.67573747330809,11.33377123311744,-99999.0
543354,scattering,0,0,SH,56.14152020292205,0.3866548819807287,9.409506922155575,307.0754152337854,283.7930666756695,319.8302089709521,55.73341943926534,0.3832563634626528,9.413339965506553,307.6328359549325,283.7988688053844,319.1042254825212,-99999.0
543375,classical,m,0,S,41.86558676125097,0.04772203881535042,11.14851363324165,78.22431374756815,323.0879998281102,98.30427889201518,41.72459560924226,0.05077593534868237,11.17480972625588,75.01723491013966,323.0832600379487,101.2378165950988,-99999.0
543376,detached,0,0,S,104.32287712531,0.6247930788923184,25.43442044882432,287.3543953560792,239.6264497859587,358.974482909445,102.8196014011429,0.6193502505330335,25.44757750872708,287.3234400444374,239.5362728131226,358.9702277443532,-99999.0
543377,scattering,0,0,S,90.23841933333294,0.8717827191479244,11.34247288747524,280.0751706463839,307.3067601209882,358.8545125487417,87.94192083667073,0.8685672623717601,11.3531351719998,280.156112749784,307.336539288292,358.8061656600181,-99999.0
543435,resonant,3,2,S,39.24733702786281,0.2572934737746955,20.16831928498999,131.4177780640678,67.33002740532717,22.11754966818905,39.07273971952024,0.2537620763305174,20.19818636477699,131.4194720985033,67.32776849325813,22.307803423724,1.0
543454,classical,m,0,S,43.12671338622834,0.1556703957774433,27.8761282481188,83.88966543241563,57.07175251703564,70.84343041118505,42.93777131622116,0.1534144392047053,27.9395355458995,82.60408101292543,57.06334777543933,72.34725513776299,-99999.0
543733,classical,m,0,S,46.21565055344703,0.1855917246533307,16.68062202820412,184.2170406380697,211.2410746158362,20.25917618718929,46.55447863184772,0.1918053429582533,16.64399227637046,184.381338752112,211.1463414752352,19.92426914475131,-99999.0
543734,resonant,5,3,S,42.08132310464187,0.2685686431355663,4.583000336753693,171.9018816793079,208.4589292910445,8.75848768484875,42.55518596327887,0.2765660810209741,4.572481931020108,172.0660614695705,208.4290715328669,8.509832466992169,-99999.0
543735,resonant,11,1,IH,149.7558429730874,0.7523777576261661,14.12246370767529,251.6772443366676,194.3116105374245,357.6301349582001,153.6638423012115,0.7584009946093644,14.09992336200708,251.3993681833678,194.2068372133091,357.7554149338924,-99999.0
544430,resonant,5,2,S,55.54323256738225,0.4047600212651004,2.950270704467548,188.5894238744114,257.2007057581382,20.22133738666689,55.45226418614144,0.4051662058702982,2.949560136568503,188.1425562208692,257.1422654865704,20.43452548447314,-99999.0
544977,classical,m,0,S,40.75396314813043,0.07532973598697994,19.68209737693758,44.80619177441504,221.5253247310093,240.2265545511804,40.62007349314119,0.07536255709355434,19.69276340000223,47.84633796253363,221.3599669725435,237.0732278940343,-99999.0
545293,scattering,0,0,S,47.909542436646,0.5746496802980251,18.27384028333247,232.9536814664266,288.3043831890045,19.40719181434996,47.51734928464499,0.5715883885568195,18.27675183328594,232.7012762855836,288.3255567395069,19.71770163139179,-99999.0
545361,classical,m,0,S,42.68741588530811,0.1129710140275514,8.637561051939887,256.278764091204,283.9533002396591,30.81585063024171,42.44994493080488,0.1083140128043346,8.638724704375944,255.3613973401042,283.9726859724781,31.86333341780018,-99999.0
546974,resonant,13,3,S,79.89492772626348,0.5591469848153219,10.54128724071431,196.825104523868,354.6842714164662,353.4910448315453,78.90054152323394,0.5536755237462144,10.56746116897222,196.9220153594453,354.6548273129712,353.3402732023605,-99999.0
547375,centaur,0,0,S,25.81484756719401,0.05165665969626632,18.02215078915839,139.5584392729372,131.6176149944755,126.3438003979896,25.97635929767678,0.04894437476277704,18.01816388627166,145.97761160227,131.5388526337956,119.8594832222446,-99999.0
547616,resonant,3,2,S,39.45052600777279,0.2623069011299512,17.59291389955617,235.5050877222034,199.551569880254,343.2806034832829,39.79945095558016,0.2677303621529773,17.5551449255636,234.6530549539362,199.4823722145897,344.0268058826514,-1.0
547617,classical,m,0,S,43.42263451941702,0.07376981020231232,15.57876309481384,96.68751756775458,58.34805770309464,279.1301745817332,43.636342851056,0.07163124724389004,15.54362315430448,92.56017304251851,58.32213613716222,282.9680102225635,-99999.0
547893,classical,m,0,S,40.8015496935347,0.09540567892706692,28.18310791687168,313.4404845551627,161.8419787078261,339.0597007373651,40.92147988364297,0.09694708739473132,28.20360505614787,311.4425697869835,161.6960186513409,340.8847292924042,-99999.0
548141,centaur,0,0,S,27.42409504678778,0.09037833511472337,19.55829307822957,81.1076738501691,123.6425772144691,343.2261678940642,27.28671902163579,0.08624402635045388,19.57208405760525,81.80024297862771,123.6833480274153,342.464179426625,-99999.0
548504,classical,m,0,S,43.35078391579001,0.003674491200885072,2.823569148384248,149.4584403838406,65.29443614864323,335.2893314953016,43.09478467181619,0.002805415887496402,2.827349154337485,272.714142069273,65.19198524369862,212.1312039498078,-99999.0
550310,centaur,0,0,S,23.1784906192905,0.3372646243287342,12.5119179100914,356.9191237816565,174.632958845414,28.94334489117964,23.07452290480284,0.3348242410452805,12.52586566085762,356.57596471443,174.7196459193704,29.28328785346104,-99999.0
550564,resonant,7,4,S,43.61411329048062,0.2861592840755052,23.61787301826892,173.8655383654436,154.8356582727309,358.1871748554056,44.01356958407008,0.2925396346879645,23.57165538256645,174.197973543672,154.8619592541572,358.034049084274,-99999.0
552033,detached,0,0,I,57.94288583333118,0.3884836503296931,18.80431884121937,100.2724415810064,292.7415611713466,341.612568783211,58.79614650856982,0.3966024725623257,18.79381233927609,99.67962719065731,292.7158283079079,342.3022992555099,-99999.0
552474,scattering,0,0,S,43.41252174855649,0.5360267608835486,28.63494315104359,9.959778571958536,131.7729176570249,10.40714079941532,43.07535902625569,0.5330187847000513,28.65893089121621,9.629568958350816,131.8035763229695,10.60848023889568,-99999.0
552555,detached,0,0,S,98.05621708469369,0.5920282920552208,21.25125307648538,323.8512163684961,212.6266448562638,6.177430779796579,96.65028536581464,0.5862651421830505,21.30387418952352,323.7084714391601,212.6153537804108,6.35556956834886,-99999.0
552678,scattering,0,0,S,31.7371499627817,0.4592203945610478,26.96754091787012,170.5320951728888,131.429299864068,345.3846662333734,31.78146422498477,0.4604942654638985,26.95737531291041,170.6837361204882,131.4897408758696,345.3711457413527,-99999.0
552679,resonant,3,2,S,39.39883829998492,0.2398094065038029,12.24066604067155,164.1433936254729,129.1756118016586,325.7582740286748,39.29732193960555,0.2398140297347739,12.23738287837658,164.8950612619976,129.2508553904561,325.1854885442589,1.0
553137,detached,0,0,S,55.87309428206738,0.3330603619973965,46.76961377694753,97.7610362822399,24.89031464727215,19.12576118202329,55.62797018700099,0.330953071722119,46.85877342273211,97.37372597709938,24.78185982266062,19.47070060089622,-99999.0
553138,classical,m,0,S,45.81896467274999,0.1797917185146452,9.301275804420577,350.6548668765575,207.2410756869722,347.6950199660315,45.50488240602881,0.1743923105489536,9.324652181670956,351.0533865490007,207.1753887046916,347.3114502223703,-99999.0
553893,classical,m,0,S,45.87359028570026,0.1438995775748516,7.857226647292802,55.65367389028733,65.96321658276125,34.77802886283116,45.61245995188918,0.1411564827649477,7.861404105517612,53.9431004986003,65.8582398864208,36.43206900092774,-99999.0
553898,resonant,20,11,I,44.80721787566175,0.1489031291747423,7.252983185597753,5.723959321824741,173.2690408126349,359.1849534194396,44.51362000959929,0.143482199487056,7.273082384773524,5.459141747903642,173.2821861281419,359.361031927183,-99999.0
554000,detached,0,0,S,51.04142960270875,0.2514113256025788,19.964828550642,311.5406870134614,169.4487000340454,36.66987600834494,50.71830537582007,0.2489107940592162,20.02164082641791,310.4114727082131,169.4775201889163,37.65754461973491,-99999.0
554099,scattering,0,0,S,40.99781348404132,0.2473239776839414,18.84939070359935,126.7451001275284,66.76813293692001,26.5797710470593,40.81275707265817,0.2436852711114996,18.87903772880234,126.6662746618674,66.76608038045988,26.8606089876913,-99999.0
554102,resonant,2,1,S,47.68687304864493,0.2373288667554204,11.64348467526082,123.4295832299372,161.8541554395866,327.4716460807225,47.51387763278691,0.2366484870029879,11.6536007370476,124.2783310992781,161.9964878421052,326.7396867901878,-99999.0
554780,classical,m,0,S,46.46728217580736,0.1619237931728033,2.585772826632318,307.8103633447005,189.9705619492456,7.988065697508791,46.25002397037674,0.1585299254262686,2.591465282374163,306.8702591826836,189.8726152008316,8.791500993054248,-99999.0
554856,resonant,2,1,S,47.85488410172316,0.1138192885266085,8.631807036307785,12.44895845690227,150.4090392514883,343.6582509453908,47.65494123347584,0.1097241654538443,8.652195152469332,11.84714680306042,150.3850806338951,344.0155378262482,-99999.0
554982,classical,m,0,S,42.67695645216445,0.03605196549925783,3.212740929612977,281.1204640075202,358.3717456319378,324.5416834012408,42.54609438127178,0.03538783096380074,3.218079177675524,287.0494481965596,358.5458009081956,318.7282929081619,-99999.0
555426,classical,m,0,S,40.4393206586133,0.1082061556860754,30.18039320166218,187.2661914167126,351.7928349883592,6.628263189252033,40.22547367925455,0.1037664902939042,30.25977151658201,186.7074698408705,351.8333118861556,7.116316378135945,-99999.0
555591,classical,m,0,S,45.3433273294511,0.2291931255141411,28.10615250457032,158.1653639139846,321.1203298979333,15.30024826207605,45.19700344673134,0.2276532621813178,28.15630226088093,157.3520941103823,321.1155604189719,15.86877616896702,-99999.0
555632,resonant,17,10,I,42.81670681364403,0.1396377451251268,27.00994220719675,264.356067999138,274.4404306055434,343.6484977015737,42.58612747229483,0.1349063834615637,27.01244724606104,264.3506010840025,274.419548347757,343.4965113317691,-99999.0
555678,classical,m,0,S,43.86720582730388,0.1753449954941759,7.931100476764215,49.61461667215059,20.35406343425351,96.0500419950764,43.62953047460083,0.1777452975215493,7.959641520783688,48.01286946518048,20.29978504464543,97.63109525333323,-99999.0
555756,resonant,4,3,S,36.48059668880607,0.1582885091157451,4.529912357033595,198.075743069425,119.3677154496929,259.5307232597502,36.30308545388011,0.1608105078332042,4.531237934915069,199.6062958541116,119.4203531961519,258.0365226627467,-99999.0
555757,classical,m,0,S,44.85355435524413,0.09044580945434312,10.75182321121022,270.4372619949258,67.33118355008878,229.7842153983964,44.60949943859777,0.09499853070822857,10.76828994106263,272.6595661932554,67.24869122296516,227.7287821727055,-99999.0
555758,resonant,3,2,S,39.41838715239668,0.2575361634182765,24.16298629778144,35.49608196553851,201.96624208309,356.5024951745879,39.26230481789277,0.2548599284937111,24.21162439487782,35.8775045241984,202.040775420315,356.2284286142298,1.0
555820,classical,m,0,S,41.36323825873595,0.09659315299060144,18.98080502701866,89.54586345183013,140.5918883047538,347.2307621175275,41.1414069639027,0.09232096184950622,18.9933848071376,90.88740181558073,140.6966056771812,345.922217457131,-99999.0
555915,resonant,11,7,S,40.68188613772233,0.1383045814992687,14.51884840571725,129.6802511033375,97.13770474439055,1.559767381128691,40.49518882783968,0.134439861548401,14.52333440211065,130.4203208706683,97.13765286535224,1.021243512927536,-99999.0
555916,resonant,3,2,S,39.38166851410858,0.2862943968806814,26.11342800025583,57.49999764789396,204.2235123432422,349.89918024838,39.29348311164782,0.2852327377659167,26.15799925290218,57.92066269423212,204.3140603720028,349.6067075457988,1.0
556004,resonant,5,2,SH,55.6896379300902,0.3413430848561315,10.38466723417948,138.8469627344114,171.0993340583437,318.478942735611,55.52146115935911,0.3422918117522256,10.40005759580251,139.4079745881996,171.25773303069,318.060463688253,-99999.0
556067,resonant,3,2,S,39.37754730973516,0.1980948684827011,19.98948311294907,153.3005441709662,157.0118402884379,319.9854506834348,39.3388344612747,0.1993071999231256,19.98679209315155,153.9289224452698,157.1496342821247,319.5117482120855,0.0
556068,resonant,3,2,S,39.34737403672391,0.09229171969067743,15.38535914418041,299.1997664037537,119.1565495883915,253.9125258146768,39.51678249752285,0.0935157524677492,15.36915607968613,296.2838059732293,119.1632648863331,257.1646765659649,0.0
556130,resonant,3,2,S,39.32018885513159,0.258760838926952,16.81622818292238,129.4883807455576,160.4980478640049,332.8105279018223,39.24181231730391,0.2587405479442897,16.82183120185521,130.0444617991396,160.6284995286281,332.3775766026236,1.0
556416,classical,m,0,S,46.34438974783188,0.1174831071604423,3.928347298447301,259.3673051238627,308.9055033144715,78.05291755202815,46.48974911593061,0.1145899362241657,3.921324005300257,261.1685602762303,308.9350751414828,76.59424733339962,-99999.0
558093,scattering,0,0,S,34.53029605823808,0.3021976307891972,18.82793581844167,277.6729750833451,220.6598690434896,6.193971323007641,34.37993223465367,0.2995679037379669,18.84450901497126,277.3640781477393,220.5604069720961,6.438598258823067,-99999.0
558094,centaur,0,0,S,24.53353480071083,0.4983708525463397,22.91568116973231,346.4388923835845,167.6932003603883,13.94861307355074,24.37534211229463,0.4958105723213647,22.94539404534221,346.168847302235,167.7306597455655,14.15250346237737,-99999.0
558095,resonant,5,2,SH,55.54622309503587,0.4500699779979929,27.22909352286677,265.2466766717826,266.5890701517746,354.6372664638823,55.08827588807771,0.4455156702937872,27.23161472621711,265.1930981530651,266.5541881571838,354.5896365610831,-99999.0
558168,scattering,0,0,S,67.01735306184338,0.7314575528299709,14.71483621682765,268.572358884142,261.0631356390465,5.320394223731672,66.04385346319302,0.7277261143119481,14.72757148890289,268.4470983367962,261.0501282372261,5.457323711391858,-99999.0
558224,classical,m,0,S,44.07666810426409,0.1541544771799716,18.38158808800678,76.93765450311386,84.55665111084153,344.9137206080119,43.89535780670253,0.1503455013420271,18.37643655119145,76.53402140898127,84.50953754140681,345.1148285835118,-99999.0
559176,centaur,0,0,S,29.64015222446768,0.433763004694982,16.54593871617057,202.036496098075,8.591562614207941,350.0577223599292,29.43498178478111,0.4302365950347641,16.57631204167903,202.2128403036623,8.582546322565868,349.8892833225344,-99999.0
559177,centaur,0,0,S,25.29155097895991,0.3156491048050233,14.96458293460451,326.5206591211992,223.070632654563,359.4007341438652,25.14055336972866,0.3118882021293077,14.98686777959887,326.5491136592631,223.037714643405,359.3977673974697,-99999.0
559178,resonant,4,3,S,36.41748697689744,0.1214813628237004,8.822552828736448,0.4656915012444991,262.4947707282203,297.8445539627074,36.21417047144913,0.1199057744639835,8.826954093881536,2.817885825756061,262.4533915400499,295.5403919037049,-99999.0
559179,resonant,7,4,S,43.63774936652005,0.118135696676893,9.910803998828305,45.30054408930297,78.97619911363242,49.13349888549882,43.37108440221063,0.1155750600930839,9.915960630140567,42.92500643885914,78.90894390234342,51.51710195523916,-99999.0
559180,classical,m,0,S,43.56484877750524,0.05015327901605927,8.087419348288037,55.12900070800596,101.6176111401326,58.62622265436237,43.34048964829436,0.04668956534423144,8.088746818539919,50.80319652165896,101.6211108198998,63.12591281122735,-99999.0
559181,classical,m,0,S,42.77401091498351,0.1725141127404848,28.19005334928557,53.22157607410823,210.0181003219894,293.0487347056725,42.54673269257704,0.1714207830569784,28.26182607199545,54.87368665481134,209.9265023559967,291.4477598581371,-99999.0
559182,classical,m,0,S,46.92742912442387,0.1851028134432182,11.38486638099837,299.1872120467063,43.98936106576746,273.813466590508,46.80072900459602,0.1882075476009789,11.41946574029838,300.0031952816445,44.03246362074836,273.2720240022588,-99999.0
559239,centaur,0,0,S,18.36919770085747,0.3265242336418759,22.34994068014978,342.8707342689344,271.3212865171944,311.9004334193788,18.28636740930798,0.3252454616091117,22.36231859062115,343.4156275074891,271.3082916079974,311.3437172735088,-99999.0
559800,detached,0,0,S,108.6221122748752,0.6564686342358128,30.47938525094279,125.4243195755436,69.58955882001429,4.277063282411326,106.9956011455881,0.6512327625618963,30.51756009302555,125.4528172061671,69.56277171089422,4.381799521638801,-99999.0
559801,detached,0,0,I,67.18866299077362,0.468307679437479,19.20274286453272,151.4311705460995,87.28036756245795,356.3166451206391,66.68519108325584,0.4645713031809117,19.21424544117292,151.7935771636334,87.26837910186686,356.161074709795,-99999.0
560039,resonant,3,2,S,39.40695816494742,0.3285520784311872,24.02187586071978,97.61366743447138,152.0287563599969,350.241268411103,39.230058879815,0.3260369019984016,24.0347717481027,97.95061439408839,152.1300884394284,349.9717795701653,1.0
560414,scattering,0,0,S,71.50018629328484,0.5572419100556092,12.42928525430593,102.9135080897056,149.7291606597214,353.4783535175676,70.94967760452857,0.554276802302005,12.4361866832724,103.1640805115629,149.8294842412043,353.3197498281244,-99999.0
560552,classical,m,0,S,44.34650608904154,0.1442940216639783,16.37277824684083,234.9193948654593,283.6893813539195,29.97436233698116,44.0566647913094,0.1396914252655138,16.37645653490037,233.6350278195744,283.7016661795192,31.27221283960703,-99999.0
562274,centaur,0,0,S,27.90836156535589,0.3780098978323433,11.88739282483029,49.72534845665064,144.2259233890482,338.422253616979,27.77279034857566,0.3751629203395608,11.90432018428227,49.84348472089695,144.2142481596649,338.197182961394,-99999.0
564160,classical,i,0,I,36.2721144473293,0.03485000058322481,10.24459424934517,127.5774517370886,300.7512168951545,114.3677789972312,36.08094478015803,0.03770416411511911,10.25182588058749,120.7320850153149,300.8062571675916,121.122928953506,-99999.0
566442,centaur,0,0,S,16.20275987500679,0.3905034154647108,29.69798944258711,184.5052543319567,357.5907777786959,17.89226595773426,16.13746223596958,0.3886626191277785,29.72845131391253,184.2997361761094,357.6469004320914,18.0715142890125,-99999.0
567065,scattering,0,0,S,47.42225172760408,0.7870884358686276,19.60838013483038,87.225818914448,61.3905335506471,4.171646724433351,46.75439198464782,0.7843751209346108,19.63285850959799,87.08717571101444,61.36984209431994,4.271713941408684,-99999.0
567070,centaur,0,0,S,19.37387608036367,0.3585187365831671,31.47889363856019,79.32605463842505,104.7116660049862,23.00881507351077,19.29802720941597,0.356336380026422,31.49371191173649,79.17058600619033,104.7328693371644,23.22533902418672,-99999.0
567122,centaur,0,0,S,20.68802063592219,0.4116239511555008,35.94021713344246,62.65416560536523,338.8138518365374,343.2117256028153,20.91706899520812,0.4172398075604531,35.89023650173767,62.24852658895711,338.7997727338719,343.6569578902722,-99999.0
567129,jc,0,0,S,11.48830316862913,0.5399451200079088,19.90824455556248,331.9010919503133,169.7569619539549,20.76516366548503,11.42106637849321,0.538547550084085,19.92660444537358,331.614012780147,169.7879918496797,20.98553293303237,-99999.0
568573,resonant,15,8,S,45.74978494945429,0.2296907163745103,11.67018830770092,218.9731847341391,32.82340095595806,352.6867778897324,45.58667423989838,0.2273966111144247,11.69693370029948,219.6252317039007,32.89703291597353,352.2072197597954,-99999.0
574372,resonant,21,5,S,78.30155446774583,0.4978541418961334,32.04341364252154,9.811761419413632,147.1718400248182,37.09881095351743,77.71691685369046,0.4946557557756404,32.02692095592527,9.297334844202013,147.336267654497,37.69106047745903,-99999.0
574398,centaur,0,0,S,22.90147640156969,0.3152267680156511,17.86080702371387,81.53981802865054,241.1136462123189,351.2837858912561,23.05691994122335,0.3197922456033702,17.86090616596109,81.56483510394571,241.1830666356818,351.3528510613205,-99999.0
574441,detached,0,0,S,57.60861558949953,0.3829600876452243,33.26403832939888,131.4408379351262,134.668154017308,19.86486809864406,57.9419580665803,0.3848955047774777,33.21515154780261,132.1892009760315,134.6824146838641,19.39693585119056,-99999.0
575713,resonant,3,2,S,39.51247952024626,0.1785212391778216,13.4967182919577,109.1037866686133,19.79453870695516,298.1695927984575,39.77037708960827,0.1785738487685088,13.45989628940717,107.0650163712279,19.70897486156985,300.0739443867404,0.0
576162,centaur,0,0,S,26.26020066920934,0.3804249708363407,29.8285997349548,99.65942129799735,139.6575384241573,13.04490087757909,26.2607053085843,0.3800681836740356,29.81543041837743,99.85576944028523,139.7188948918891,12.95851271161031,-99999.0
576212,classical,m,0,S,40.52162800705424,0.01922199123902477,16.55871875681011,311.4134691784013,47.65643152753069,232.943270298541,40.37139177303492,0.02310029124247548,16.60296165313903,315.5059043347273,47.67145535462142,229.0755422347128,-99999.0
576256,resonant,2,1,S,47.77939311719591,0.2741364059429869,6.616454677006568,163.7009571827913,329.2024570173362,73.26852842758635,47.54101365010318,0.272457432932571,6.617877572686886,162.6617558180888,329.367730554225,74.38282060483276,-99999.0
576257,resonant,3,2,S,39.31420430950087,0.2890516785817225,29.06677754273111,75.09365171783904,185.103387928477,0.6624016349489015,39.29895668367852,0.2888017141033398,29.08183167835448,75.42486315813632,185.2374012983517,0.4354545556025604,1.0
576357,centaur,0,0,S,27.54536190395001,0.3814104807287007,12.32771102991654,125.611317988689,234.6525886206853,1.859211414992308,27.89994469564439,0.3889389255521696,12.313130131385,125.6785063399607,234.6916560914097,1.777361124017373,-99999.0
577578,resonant,2,1,S,47.73733918190992,0.3439601089722655,6.660052943744452,35.57550726149131,219.318231827247,353.3274495202128,47.55879712180707,0.3419287865633936,6.672696268415201,36.00735248573611,219.3742321659164,353.0695135767188,-99999.0
577627,classical,m,0,S,40.92402095944844,0.1103043987863269,20.3348639675436,25.35086093500801,159.133511138186,44.77461271887129,40.76947305791442,0.1067628457645559,20.34559918449808,24.56380910511558,159.2809093871785,45.65089968868772,-99999.0
578559,centaur,0,0,S,20.19127791289472,0.3166633804044354,20.98283001933918,58.22298123346106,102.4916951440612,40.20764753002379,20.11315516182393,0.3147453591001338,20.99183123938364,57.883062214843,102.5065222101886,40.62760070574269,-99999.0
578832,centaur,0,0,S,26.64511147552203,0.2008347573741296,14.26164176835289,89.09098613151238,109.3363283643097,31.3338485893185,26.56833936276269,0.1982660846421512,14.26224273351008,89.05009996756353,109.3617574909578,31.53251272069347,-99999.0
578833,detached,0,0,S,50.46916124499577,0.2789355164586454,17.81191667199773,119.0182269035505,148.37869235832,354.2415560160366,50.39397170730997,0.2782249353737045,17.80261044096218,119.5483338588379,148.492159808913,353.8899888455873,-99999.0
578834,resonant,3,2,S,39.57534160678001,0.1896183605093185,8.845034180383282,233.8838845464044,331.6182907971774,20.68914319886424,39.40308820862105,0.1858312467607516,8.848565680735135,233.8307565670181,331.7432876677412,20.82155474065059,0.0
578835,detached,0,0,S,57.58306276859174,0.3600884708902914,29.83645498875619,131.1496654447226,105.2157681110917,4.272339354812097,57.32954627325829,0.357120245207304,29.83611916916047,131.5161493062015,105.2330989499584,4.141688441202174,-99999.0
578847,classical,o,0,S,51.39822517629894,0.219251985690709,46.60675296293437,154.8782789316782,110.8078952687441,355.5694334565474,51.31328470962825,0.2182430231766876,46.592528963362,155.7183815846749,110.8342770932253,355.0258176442704,-99999.0
578991,centaur,0,0,S,11.33614287456883,0.07962661873403125,23.94973827097364,6.944181645953059,140.6325307493726,176.1104396707774,11.38477324707887,0.07558481107087328,23.92106001626486,6.466994911430297,140.6539553484137,176.6993796530269,-99999.0
578992,resonant,3,2,S,39.37956872487533,0.2789436094232249,6.191111958913963,118.5871734914263,129.3749591062261,1.250601757847846,39.2854032395796,0.2772542983425181,6.188588055979288,119.0131856664586,129.434676393014,1.000987770300267,0.0
578993,resonant,3,2,S,39.43164858056924,0.07511206833832974,19.3896876550291,320.7671259013447,146.2505243071556,210.313399955928,39.61881301345461,0.0722302986148217,19.34435108719881,317.1814076782323,146.2885408784609,214.1796197543959,0.0
578997,scattering,0,0,S,42.9316130844328,0.4034751690108168,28.46837673494755,47.2242250196715,139.5508051017443,35.22621865770874,42.78925471490238,0.4009205014478859,28.44680737344071,47.11780795548375,139.6386131679513,35.48058998221798,-99999.0
579062,classical,m,0,S,42.75463678266399,0.1788130021579033,28.43413228033977,106.8158187256687,164.9939867763784,349.3981851626014,42.69906067513874,0.1782952342686349,28.4342637742973,107.5551716089624,165.1411538279784,348.7925983370794,-99999.0
579077,classical,m,0,S,41.06097327262335,0.04679574135237796,16.07878146444567,134.6109603580903,177.4766621643175,21.09122219066749,41.36268476625819,0.05259430721471777,16.03375995951232,139.1879552047348,177.5434450357374,16.65379025097116,-99999.0
579246,resonant,3,2,S,39.24132242074315,0.2673349215808268,19.25133801564582,141.2176375382407,131.0798321174286,351.9629017378867,39.20678562511353,0.2671237268952324,19.24041983491481,141.735663867315,131.145253808749,351.640674374888,1.0
581804,resonant,2,1,S,47.9012375952334,0.2137710024827524,6.029141918533666,67.40452181981898,111.1105303175327,46.11532143908853,47.69829588060075,0.2101215852916239,6.027851394773982,66.99940927617972,111.1355487894596,46.76342371726736,-99999.0
582301,scattering,0,0,S,249.3727415738086,0.9540620589663934,175.9731228656556,44.6414886511543,52.85435248697109,0.4260991058160808,243.7937382691435,0.952944363181787,175.9766045851671,44.64120335403612,52.77941881894169,0.4407062093936402,-99999.0
583751,resonant,2,1,S,47.50828643803236,0.2781129271205721,21.44831944200065,350.2445561774008,296.7704060789546,6.749687888137271,47.75512234915407,0.2813658397276997,21.43181297803502,350.986826822598,296.7828606161247,6.292816704490577,-99999.0
584778,jc,0,0,S,75.76043927814571,0.9062223891842573,74.87910710554678,323.0069591829593,0.6027806659877875,3.10070402123862,77.77751103926695,0.908373285071478,74.81609330482517,323.2392096098833,0.5169228816499825,2.977869719815415,-99999.0
585899,scattering,0,0,S,81.6493396228859,0.8376246905888404,137.8638162498325,181.5040924976218,31.01895633084895,1.329831145944344,84.26159782520928,0.84271695522206,137.9066648696084,181.6560576870088,31.07433408570653,1.260748937800928,-99999.0
585912,scattering,0,0,S,31.88176242450463,0.5778707076217406,24.47783337097782,192.6849940986201,167.4801265011315,359.0157394470805,32.47670081061644,0.5853353695612743,24.44464971210586,192.7017122070208,167.4766006009116,359.041970675611,-99999.0
585913,scattering,0,0,S,37.80984126508853,0.6280125318505793,23.69384607694666,177.1157305787062,188.7068574309216,1.238557325674493,38.64129831330326,0.6357752593360307,23.65900190871248,177.1900437418451,188.6947494587546,1.185219619655131,-99999.0
587670,classical,m,0,S,42.51916464163266,0.02605326108990079,2.114855896464354,247.9782092903571,103.7271400697349,31.33959021801424,42.88750752276619,0.03357904128948722,2.114644812110961,254.3947144462792,103.7344957814783,24.82862346295676,-99999.0
589683,detached,0,0,S,49.36061974999749,0.2461938339962496,30.64315475449395,191.8990407928543,25.32230753841054,102.251001955554,49.65784037414721,0.2418616198376849,30.55246772792665,193.041334413563,25.47200412830695,101.1568138517952,-99999.0
590218,centaur,0,0,S,16.29997993975021,0.3177658862305001,10.71788197408145,231.2525307549664,299.0217630385521,289.9599311774544,16.35346850567354,0.31645302826509,10.71850127217892,230.6812069488886,298.9593166357774,290.4259060870301,-99999.0
591370,scattering,0,0,S,37.11502066652894,0.4900992972371272,37.42590698685666,343.368208574536,303.9782721101228,16.84044894137947,37.50052831159081,0.4939992376525019,37.39720770063258,343.9789733945672,303.9710195523882,16.4049660574803,-99999.0
591376,scattering,0,0,S,39.64414472993263,0.3789008211896818,4.680856934780139,289.9421289494438,1.985815997611881,24.39226369663855,40.05876319909268,0.383385540738772,4.66958939316218,290.8012847041948,2.031764791947983,23.63808376731877,-99999.0
591392,classical,m,0,S,45.54988599273853,0.1392245070509099,8.879689779363556,219.6574716555645,87.35591111465934,37.42902106992135,45.98498519961789,0.1446858949773179,8.878269768086852,222.2202493495962,87.40276401226222,34.92762751988626,-99999.0
591486,resonant,3,2,S,39.38195302963535,0.2804170698880235,10.36546781350045,285.50196806726,129.4771715833845,356.276366288121,39.77068968621027,0.2871664562044492,10.3650761750932,285.0919507375125,129.4104878240417,356.5843753209348,-1.0
592044,classical,m,0,S,46.39985485833411,0.111896010245978,9.255844573185096,319.2723340567485,351.4267880011615,28.17934139678182,46.81624465109274,0.1179450594883488,9.227342158489568,321.9393114479322,351.4485748533151,25.65286735911357,-99999.0
592064,classical,m,0,S,44.04128999425804,0.1765882560969454,28.79258008271717,274.9406212834444,342.8814306426598,66.12865802288466,44.34791427940073,0.1764606411204004,28.71026964041769,277.1910599607077,342.8831628510725,64.06392069914048,-99999.0
592147,classical,m,0,S,46.58435184550896,0.1828859521970525,4.361439038874449,321.2028098889645,355.7161898145521,17.76062697177095,47.03646601515545,0.1896129871210563,4.348645735578164,322.5434391358025,355.7607437102679,16.54574461334855,-99999.0
592148,classical,m,0,S,43.99359788520893,0.07691651553125421,2.363120909949151,170.6032399440266,43.19608086131599,149.9331863658517,44.34744573643247,0.06952697173542756,2.356490462356125,173.5007711521026,43.30965438111595,146.9472148326808,-99999.0
592149,scattering,0,0,S,140.9696725658391,0.7611774280778029,13.04869815658647,14.32877212051618,1.765744796485951,0.219990846937894,147.5493697839059,0.7717699933622482,13.02030789881464,14.35446166728085,1.729470796547051,0.2053400690278412,-99999.0
592245,detached,0,0,I,67.91246602929493,0.3723960733682116,42.22745598614918,282.6777261428774,77.93233102914299,359.4228416960121,68.99529053590109,0.3821482720310208,42.21151700527616,282.65702686007,77.99294903138413,359.4287499140802,-99999.0
592487,classical,m,0,S,45.21261422556164,0.09240374532267452,7.075107232805454,183.7150675465264,177.2384353519524,58.99740589336172,45.47986198613579,0.0971676399429221,7.068455898863657,186.0084957360912,177.0643325728638,56.56280989724296,-99999.0
593616,classical,m,0,S,42.95625417637257,0.01412220967914999,12.08925030879075,216.2199917863661,194.451957627401,325.4962963150409,43.32642169992084,0.02130598711788075,12.04970431875481,202.8038076235819,194.4455011085112,338.8878121861001,-99999.0
593617,resonant,5,4,S,34.83826899921137,0.04679673582827981,7.122341832781777,57.35333015737318,197.672256830602,119.2078801686182,35.10831947930678,0.04354861994809961,7.100840090992915,66.11905784589922,197.6623774735818,110.4089037427262,-99999.0
594337,scattering,0,0,I,171.5000798583033,0.7944640985423265,16.9759237609416,303.3492825736369,102.89688941604,0.3239571607737091,179.5704977370699,0.8036879595292614,16.9735258160912,303.21861089788,102.8859195134261,0.3101060393413677,-99999.0
594872,jc,0,0,S,14.37707136107838,0.5915247322328776,160.3802284484895,332.7500054082013,23.28034105660392,16.92136212128499,14.39985099014824,0.5914637819305849,160.3647895645492,332.734009930549,23.20379568109814,16.89711204391048,-99999.0
594994,resonant,3,2,S,39.45375449576941,0.2036948545821866,1.588000497974316,338.3104837855813,238.3282406701618,148.4528663058361,39.72004622624893,0.1968400694182699,1.585175320649779,339.2291233705022,238.3988834284072,147.4422167214728,0.0
597614,detached,0,0,I,70.81824117466591,0.4846113998961341,20.88496865248045,75.84529034253127,209.4187590235105,28.86466216923197,71.74859040374997,0.4884506598938965,20.82478460917021,76.73740136418118,209.4996231115167,28.02619621776154,-99999.0
599752,classical,m,0,S,45.1896914049174,0.1395271596602543,13.30422942593319,214.8708698131649,174.7413517182076,42.85569731811968,45.39436144046676,0.1441682119499178,13.30423955884115,215.3933297904946,174.5672687946857,42.16850291487531,-99999.0
600181,classical,m,0,S,44.83312885834567,0.04027419035137403,3.424753614196276,165.9208916144665,79.94243408788297,79.91676697667496,45.14485008108387,0.03959418282854855,3.426021263370745,176.0600230006393,80.02196461111788,69.9520879495112,-99999.0
600217,scattering,0,0,S,166.6997190631831,0.8826062504138682,26.22867443884049,273.085642240336,169.4342274204945,0.3590527822059703,172.2859049402543,0.8864377975660452,26.23711763580654,273.0388659218459,169.3466026430048,0.3441073746666542,-99999.0
601690,scattering,0,0,S,34.06796550208025,0.4474869407379494,35.57694602299287,27.17733129402267,315.5384550518905,13.14526730563765,34.52613425930937,0.4540798081719036,35.55075920941305,27.68440525328977,315.4907307750732,12.70584072105374,-99999.0
602572,detached,0,0,I,49.63548756217125,0.2649387892082069,10.95296020847426,279.5107697047764,59.02237190843446,7.376171753684388,50.2300871310839,0.2732164883552632,10.9431881724663,279.9911003312031,59.12004284342665,6.910637114593123,-99999.0
602714,scattering,0,0,S,62.66079940187428,0.4803364920875967,12.27656162275749,328.8426263391466,345.8810098159231,11.76484776906325,63.6524690793691,0.4875063086570758,12.24743328786692,329.4727079889041,345.8739503659625,11.28701212810628,-99999.0
602715,scattering,0,0,S,56.80528641248071,0.3989755697740426,3.446881709259413,337.0810147520209,22.51877927339948,1.776219891419177,57.72137567446145,0.4083344244883788,3.438166970641853,337.173820633065,22.56795697453481,1.674458707832055,-99999.0
602716,detached,0,0,I,66.7215689600302,0.4508143954898504,21.57818918663764,116.5041208506448,199.5492968364327,26.02901399850751,67.68736360743377,0.4567277682342621,21.51167876234956,117.3964096675011,199.5356422727488,25.15310340873735,-99999.0
603108,classical,m,0,S,43.43916779670965,0.2115399131654634,9.761653378240155,90.09493209125881,355.0372794978792,337.8836402623529,43.79201132438211,0.2163781817106395,9.74584331973338,88.88009041302095,354.9054659197915,339.0123481659984,-99999.0
606653,centaur,0,0,S,21.40942002865429,0.641015089796127,40.22302587805673,7.595210033353467,1.510571354922536,13.052936852159,21.64907775359443,0.6443801591104988,40.2057215002616,7.901442431995584,1.43349633146432,12.78356116814817,-99999.0
606985,centaur,0,0,S,8.352254301704662,0.2541258411226192,1.80458469818305,181.4462881227282,207.5538693977676,5.949757867338704,8.426425037776616,0.2597527010911104,1.80337692286373,181.7772702913804,207.4471276164849,5.713378011178835,-99999.0
606988,centaur,0,0,S,22.4336470854389,0.4558879079910473,13.24728482626419,261.287903912479,133.4330450672621,358.3753552244239,22.7399905858611,0.4628582991400249,13.23863638007835,261.2231697658712,133.3943924250404,358.4372915232415,-99999.0
609221,classical,m,0,S,43.93159570143587,0.07374250866575843,0.4906135354277924,280.6190508479881,124.6743797963567,17.75944211526986,44.20206752443757,0.07981851397875765,0.4907727941239965,280.1442874951143,124.690219641117,17.92333618202112,-99999.0
609222,classical,m,0,S,44.19570747901736,0.07177000255649642,1.746214277723362,207.3931120009796,50.39146813171108,157.7427963835163,44.45558360699921,0.06709516604366308,1.740533707911392,211.1423933342095,50.36554422691329,153.7210071793927,-99999.0
612019,classical,m,0,I,42.83651583427128,0.04332257213531443,1.657795190379278,13.08761250776118,19.51488587850546,201.7638550955209,42.674908637893,0.04769303282424272,1.663415263484132,12.18457556564904,19.63385339317075,202.8126876386933,-99999.0
612026,classical,m,0,S,44.10213554096343,0.06190623593936804,2.342943839821738,120.3823305650003,154.1712807246744,279.1188586341424,43.83869317427077,0.06158016266183865,2.347805579750828,125.6407385985438,154.2480807465734,273.7705842854264,-99999.0
612029,resonant,3,2,S,39.50340553651926,0.2516636445532409,4.813393613289856,60.21581950296655,186.6632654896613,2.651490721468095,39.41463354519172,0.2499548042908079,4.817890238480907,60.62693720409928,186.7912518009084,2.358519812058842,0.0
612045,resonant,3,2,S,39.52229648895277,0.1752961755951833,5.307035190395558,48.44094439066872,163.5397018862081,152.3567763748393,39.79568580837426,0.1681786212794273,5.291764636947019,49.54653132256051,163.450403813229,151.3388267724693,0.0
612047,classical,m,0,S,42.62365482249735,0.01340661419571358,3.314252445162243,206.5006216037658,44.60653242276037,146.1922947669848,42.95155831803179,0.009551549788960579,3.304166659787702,240.5747287547296,44.6232117801494,111.926799695415,-99999.0
612048,classical,m,0,S,43.88492391742896,0.1267311838636389,7.346464773385855,140.4583535233334,285.8987481481254,8.744345830485749,44.10828741460739,0.1314941715437171,7.347925117705873,139.5619670723584,285.8750359621155,9.34865653934651,-99999.0
612049,classical,m,0,S,43.72287482230872,0.03067408336051769,1.014834996610638,210.0366976483737,74.64443192812328,243.0736129492632,43.49382074772593,0.03233470403858847,1.014760126998052,219.3003010390691,74.51457613379463,233.7753907155086,-99999.0
612051,resonant,2,1,S,47.8834432868594,0.3630649674982556,11.79662250199287,341.6623149993898,9.436706379618734,37.08371649433236,48.33931006565301,0.3681303548265565,11.77587550101401,342.4722204887079,9.29151503643199,36.19281179399665,-99999.0
612060,resonant,3,2,S,39.32304503697971,0.1886419670476616,8.785855845545527,34.63289462990866,194.8006625844351,12.24741674658871,39.21043152194831,0.1859836762115122,8.799208040067798,35.02769805295015,194.9252597193928,11.97590555909208,0.0
612081,classical,m,0,S,45.56939383244833,0.126810701453429,2.225963793832012,35.3064979211011,88.33983011726892,350.668109210837,45.56230597820883,0.1262517856311079,2.224104697005329,33.90798329359193,88.31384297907891,351.748606468109,-99999.0
612082,classical,m,0,S,43.18534998086449,0.0398248594542059,1.910830875107884,14.06222304422695,102.6289306415112,352.5856113727782,43.19739494975168,0.03985630142044101,1.910384162098154,9.4715725459633,102.6240674526264,356.8166481359573,-99999.0
612083,resonant,13,7,I,45.43933176381803,0.1068828432566005,2.972611022514052,42.23875962832969,37.49268610845302,19.06445378234929,45.50571110677168,0.1092300609645141,2.968972804145526,41.03018351171217,37.3317852504498,20.07361260837875,-99999.0
612084,detached,0,0,S,88.76487423951826,0.563931055000143,19.71332845615925,199.9660738998224,303.4485392083795,5.346088145596404,87.77048035453485,0.5594019836631478,19.73087003345773,199.5851366105606,303.4802873995548,5.523254288713456,-99999.0
612085,classical,m,0,S,46.86768550119056,0.006693943179003989,23.29298276585414,67.80293020431488,125.1652379583493,321.3580479331421,46.65592011690681,0.002287410006394345,23.32362375722057,96.70214854937092,125.197656686738,292.1851649831057,-99999.0
612086,resonant,5,3,S,42.24469385750414,0.2343931066521199,9.755892014309266,110.3118430328252,127.9906822132038,309.6330764401749,41.98862297519805,0.2314764090155404,9.76794217529945,111.2714204370738,128.0297037233816,308.521135799358,-99999.0
612087,classical,m,0,S,44.18979614672101,0.06506930736999642,2.69792086739717,295.9645885554797,139.2748788396889,78.64473356426527,43.9750287689444,0.06640174119148869,2.702682248215177,291.6405958650665,139.3133761909247,82.72904563074263,-99999.0
612088,resonant,3,2,S,39.42169596102965,0.2787629693403779,9.287245433293057,164.4899590559081,338.9723847073785,45.00039318361063,39.18527766178997,0.2759870551700839,9.300729670921562,163.5915150827361,339.090424926816,45.86856279607992,0.0
612092,classical,m,0,S,42.92773969410963,0.02621822790158504,3.157305701944767,276.5675758071824,160.908266097382,155.5167224479083,42.76425938510319,0.02899552456583665,3.159830586201086,269.469502718546,161.0627409868613,162.7250760714405,-99999.0
612095,classical,i,0,S,38.01487653128834,0.02571171008846598,3.998119257172736,293.0828945953606,127.479298832005,293.4143358461968,38.32263508598248,0.03024375369218982,3.994120302054788,280.1739751439261,127.4334249715752,306.4833849116801,-99999.0
612100,classical,m,0,S,44.06133239240187,0.05791307361529261,1.406734438102467,256.4776827279568,189.0389293445629,316.9442825905018,44.42110327042668,0.06250234650196572,1.403433595612024,250.5227307022528,188.9503179515831,322.8136561149237,-99999.0
612101,resonant,11,4,I,59.2347212054036,0.4147928950873502,19.71080000327701,43.63932184950475,314.9047089743967,12.71532380252313,60.16001054877011,0.4233534928000391,19.7001404658291,44.14257692862009,314.8226169546483,12.23101907648871,-99999.0
612102,resonant,3,2,S,39.38304569651994,0.1387333075446638,11.46167975965666,94.85981089351695,137.5180394099906,158.3306700816263,39.64527311010355,0.1323189817904432,11.45533593499061,96.4631070275611,137.3976322764806,156.6850609304458,0.0
612141,classical,m,0,S,42.99409234845383,0.08119620122340171,7.165860501649925,79.73661414583016,255.4337881097642,122.5726518190651,43.03806087379891,0.08330832887427055,7.157811359634403,81.5804518654625,255.3818326305658,120.3841420046871,-99999.0
612144,classical,m,0,S,44.24606521636985,0.1001131632447707,9.484989746212285,148.4886266454152,130.6102223049435,267.5620289021219,43.9910434040746,0.1005062789377674,9.497363433496325,151.627956099608,130.6740371809337,264.2769120009506,-99999.0
612145,scattering,0,0,I,36.64274727970415,0.2339424003291532,13.51232595458372,70.31350794122989,341.8192287055838,107.0888770330548,36.47973831119484,0.2372019255310845,13.55314462965608,69.34485500994568,341.8778312578839,107.9003606167806,-99999.0
612146,classical,m,0,S,43.86803229565406,0.05639289260633597,0.5488511015358747,27.26342112002531,76.7758844152308,32.08363277778704,43.72555144968423,0.05544075387010566,0.548046499127662,23.41260106887077,76.6514936971011,35.7669719347512,-99999.0
612147,classical,m,0,S,43.84186134793902,0.03619146814442799,0.5280406215500368,56.01471256071718,56.89911508446496,35.98184522118259,43.65131397472832,0.03445039276423529,0.528002033296558,49.26520586111074,56.68805217067072,42.70086602435674,-99999.0
612148,classical,m,0,S,46.31902023185946,0.0424659964495712,27.99296884599991,83.48229241993302,314.0680299812605,117.6148726585568,46.11510029161148,0.04645569477356008,28.04412965115353,79.91208248848044,314.1099213297801,120.9192214347035,-99999.0
612149,classical,m,0,S,44.16213822601892,0.1071802658294328,11.59342364618697,227.5726847489066,154.1972535264354,159.9353482234095,43.92682029230307,0.1127524874040158,11.6237030011872,226.7960045583127,154.283963272321,160.5784752816987,-99999.0
612150,classical,m,0,S,47.04861305696026,0.1471591727739821,19.27040902233669,55.56688745503867,307.2581673214231,126.8997288342161,46.92285854531603,0.1513280679949995,19.30453398505653,55.402588351742,307.2757603932286,126.7024821647462,-99999.0
612156,classical,m,0,S,45.10688852579885,0.09796344268574819,4.459208821872834,111.8067216601207,178.3353297304171,293.561228866414,44.86907234139996,0.0979594531355272,4.470735456025915,114.8119294330781,178.4406402412102,290.6148239057347,-99999.0
612157,classical,m,0,S,43.90596857136707,0.06849139998491789,1.137930304106481,123.9931636813919,159.6596129287712,298.2730947664152,43.67786479946842,0.06796372308087416,1.139242005235809,128.2362735732149,159.7708895489503,294.0850619077672,-99999.0
612158,resonant,3,2,S,39.17837597990552,0.1631025032087454,17.335465226789,350.5627710708598,207.5498358962519,39.5600765191062,39.07923379044403,0.16015802990282,17.36813041600638,350.5324616908426,207.6660478708551,39.7398882059497,2.0
612161,classical,m,0,S,41.25275614700599,0.08347102594683843,19.12726982126272,303.0758170095041,146.0259939064878,177.577067125042,41.23429045227999,0.08387664614126042,19.10422137618754,300.9372823030517,146.1550681045978,179.9658617936194,-99999.0
612166,classical,m,0,S,42.98642666196511,0.03002745970230506,3.137360477881028,110.4909847791414,57.9470194951794,195.8941966185495,43.34490110019962,0.02228323357593625,3.132424389734808,103.7057078371506,58.06605562607837,202.607947840134,-99999.0
612167,classical,m,0,S,43.19176737683406,0.04884748648695642,4.4187176609495,231.143926074299,77.23878505688953,20.19385678542561,43.50954777428315,0.05462625258378027,4.419936927578278,235.7386451082212,77.32044726480022,15.75475564235662,-99999.0
612174,classical,m,0,S,44.10201574334227,0.05230033396362869,2.660350882059934,206.3811206653557,99.7089848192402,56.40637570238224,44.50004288298904,0.05688144638133147,2.660111693738938,213.9077835156875,99.72730519177604,48.8882015663802,-99999.0
612175,classical,m,0,S,43.98998673357173,0.0823619597408965,1.192782662642321,354.9102473376367,118.5271408738127,259.800310106655,44.36548945767077,0.08074547423111432,1.192607590534189,349.1383080092492,118.5019952832167,265.6295917122967,-99999.0
612176,resonant,2,1,S,47.74852745794218,0.2161595197712949,3.674264104299803,99.04267160698348,223.3137492351384,42.0416528102776,48.25261121234657,0.2217188600081122,3.665211213964766,100.7607502932294,223.3481149980537,40.23353795785102,-99999.0
612203,classical,m,0,S,44.88870899439203,0.01123564413167606,1.743832057380981,228.007324153862,110.5106228672468,115.0578442342579,44.98252258141226,0.01369564650761901,1.744124096875155,241.8326116525469,110.5058343567766,100.8490587256567,-99999.0
612208,resonant,3,2,S,39.26321011701077,0.3012617961679147,12.90990652212445,232.6653986610293,219.4091848898901,13.23094093361655,39.27459874837572,0.302177084595017,12.90714773304414,232.3011393257945,219.2873179324251,13.45039875892057,0.0
612213,classical,m,0,S,43.23348822021986,0.03943050969152224,1.171069989820875,171.7900114558192,56.76439164426326,0.7847868711941759,43.04439600903627,0.03537536457516498,1.174405607545691,174.9458220310222,56.73910412944602,357.8849255098526,-99999.0
612214,classical,m,0,S,43.96987369822234,0.05878560813341535,3.513414559577058,55.17384659593648,89.85572957557896,82.64166166982017,43.78771413519289,0.05656170201072423,3.516105583622961,51.4169877695713,89.83336123381372,86.67554158556734,-99999.0
612217,classical,m,0,S,42.71407040711766,0.03762526203474322,2.936454612421627,19.31671526800038,88.61070172901067,132.5828475283836,42.58500810716708,0.03808236702834083,2.93918482642183,13.5440816531023,88.59281885522905,138.6779357172535,-99999.0
612218,resonant,3,2,S,39.53691130836452,0.1139055921864232,2.251705210283168,89.35223752496873,139.1524195936796,47.90954195985595,39.61015990386004,0.1126950427659093,2.24862599853277,91.01394907796337,139.2030444258023,46.53488316453091,0.0
612236,classical,m,0,S,42.93256428878611,0.03658470855423573,1.136191036943797,316.5474277190633,143.3140238144222,279.4284880462664,43.30493483811872,0.03822004947357133,1.135127997171072,304.0195317506489,143.2348166086149,292.000854635356,-99999.0
612237,classical,m,0,S,45.21232009888218,0.1205518657616819,1.430773830582079,164.1723795005999,111.8016716568226,88.26320019216264,45.60636935241715,0.1200823807680697,1.430758203984611,168.2134922028767,111.7919317356374,84.20034327966883,-99999.0
612238,classical,m,0,S,44.39457723410018,0.02592336798926277,5.144951207792126,223.6468883357928,148.0404491238077,340.1559260364114,44.77743809520206,0.03398020403511055,5.13366981645995,220.6643538516377,147.9914527404532,343.3148786933649,-99999.0
612239,classical,m,0,S,46.26966202389679,0.1234027108776807,30.56874523236958,3.469188158359289,334.7459013971348,24.04694860300011,46.70244393123398,0.130393723533743,30.50456872174013,5.385292912542245,334.6676133249121,22.24300855812921,-99999.0
612240,resonant,7,4,S,43.70893628195743,0.1552893723010998,3.658294887229177,10.79087918029611,7.755787902855293,3.542693988098517,44.16122705247751,0.1637700551665993,3.647299120538854,10.83017894672962,7.711269155959042,3.476879350614921,-99999.0
612241,resonant,3,2,S,39.3808168692057,0.1089834348456424,6.711579358706881,169.3494702012753,129.4482707119756,75.46865508499688,39.71312383747163,0.110862341935244,6.708536177418281,173.4475887200247,129.3690830990448,71.36734832825327,0.0
612242,classical,m,0,S,43.98550588577748,0.05181388185299061,3.958366055072167,350.7383218146039,76.47614439767696,309.2940496090719,44.3844889682959,0.05718951797704096,3.955319288297732,343.7091961501587,76.55234714523743,316.2334035774434,-99999.0
612243,resonant,1,1,S,30.22822079379842,0.02837101200402112,1.323417559666402,158.4677170193784,151.6288880544667,91.21842739761823,30.42958244013339,0.03009204650166101,1.322921865194017,170.8811119375212,151.529173659653,78.73460015850135,-99999.0
612244,classical,m,0,S,44.02149877286735,0.03869661652204814,0.2468275974133055,359.0387156474229,348.4434453124742,27.31732267847743,44.42138393294633,0.04645400855379727,0.2453949912917332,3.825932820932067,348.3413452348806,22.59459505928625,-99999.0
612245,detached,0,0,S,58.18088672841787,0.3885925273917034,28.53123770621112,65.26713513188785,254.8742546166637,36.86198189877918,58.89567740909794,0.3937429712533353,28.49593908314612,66.2419359895914,254.9183308702987,35.74036380512617,-99999.0
612332,resonant,3,2,S,39.32173563849289,0.2428339151301081,5.666991733771232,155.3097299083066,1.743449069223514,316.9727877925794,39.38590688682944,0.2416157941061982,5.666240664928686,154.6998355506489,1.572919041825895,317.4443896151685,0.0
612333,classical,m,0,S,44.97844745710333,0.06305273690015414,1.687293823230358,266.0523771090188,66.51127443145317,184.6835027932306,44.77224782400518,0.06764156752497523,1.687343936841144,268.0559651423604,66.3648856425338,182.5986650424082,-99999.0
612349,classical,m,0,S,42.00152284849577,0.08998760949115568,26.68389768572748,250.0037649988412,220.6438924096474,121.1186104152187,41.87835455799727,0.0899087756940363,26.7572695687272,247.694050185762,220.7096147757881,123.6447376032755,-99999.0
612350,resonant,5,2,S,55.40372828248054,0.4220798129928973,1.558782019297344,110.6361727626888,124.0178822251873,14.5102947022562,55.36131551403388,0.4208456537236822,1.557857002362829,110.997869928672,124.0385675320513,14.40765367876989,-99999.0
612351,resonant,3,2,S,39.48621495521127,0.1915692833657471,5.380987250578926,173.3950996969026,79.1156437899691,12.60455473824345,39.49829098098564,0.1912018828023472,5.386569940069747,174.2299204288867,79.14034496557683,12.04352132021623,0.0
612352,resonant,3,2,S,39.43767930489473,0.08906096198939968,1.801995229139419,336.9276291214931,225.5750552567348,40.13814264255955,39.33599081123459,0.08578732748842002,1.805307107704667,337.0490440409743,225.644316117283,40.23320066524219,0.0
612388,classical,m,0,S,42.66120194479304,0.01386537979236243,1.272063264137557,279.3262025245895,88.45551237232529,346.5843836714413,43.02474701444976,0.02200320230945269,1.272206606321623,276.6174524310844,88.52719713886171,349.3281941134485,-99999.0
612524,resonant,2,1,S,47.68719231599501,0.3215645228901972,3.909305450653889,53.83441843742612,37.87877993167744,7.30424861688991,47.77952229095161,0.3233173849496492,3.906079090574945,53.46219769723908,37.74633025991633,7.512039594754095,-99999.0
612533,resonant,3,2,S,39.30853780564528,0.1247394550490431,13.27049001620183,164.6477493312692,19.04364002619059,291.2202700155122,39.32776759861991,0.122154873387214,13.26517437845671,164.0940368497746,18.86170615354813,291.6146665173779,0.0
612547,resonant,3,2,S,39.38404001915452,0.17658737218693,5.618132398715844,137.8597517839355,34.38455084987835,46.37536822087285,39.20946552687744,0.173155033764113,5.632911354468078,137.162822748457,34.4475734992968,47.2169693521323,0.0
612548,classical,m,0,S,44.20150988948021,0.1016735463744752,8.86395675111772,166.4071966836268,9.99662989626316,43.2663154445469,43.98689158442971,0.09755493962280908,8.887014734754686,165.1258149993291,10.1146866587107,44.63631713746865,-99999.0
612549,classical,m,0,S,43.62099164845007,0.03254445584074283,2.098492141810429,227.6698872213712,36.30306920263124,323.3561741865427,43.42000277378426,0.03049533315884686,2.105484199529135,235.4977274745247,36.33122582685728,315.715720760393,-99999.0
612573,classical,m,0,S,43.84724147047872,0.05403043153380772,2.408781965631102,307.8824510012156,138.0649251535027,296.5714199837115,44.23637617132284,0.05750559239408819,2.406526701577795,300.0555332854609,137.9795119363,304.435906318797,-99999.0
612574,resonant,3,2,S,39.23651836835271,0.1942948716290419,6.495115397640599,80.6178746513319,136.7819467559162,156.1060438563108,39.49872033009957,0.1873073843644064,6.488353533260609,81.62304102412953,136.6715693455552,155.1460024444238,0.0
612575,detached,0,0,S,67.74606265019698,0.4322933466919082,4.005718544339678,69.41358731929023,276.003943920406,0.2533975297312107,68.88966477143353,0.4415864555331653,4.004632088360599,69.6149777939303,276.0135412970305,0.1743857033177361,-99999.0
612576,classical,m,0,S,45.31767700646509,0.1319571757464174,7.115909444662813,185.9657017477254,141.0464953179978,32.00012898219863,45.77077707473661,0.1387445934779364,7.105970738813856,188.3283994725223,140.9684507772361,29.74483455555101,-99999.0
612577,classical,i,0,S,38.7617858131977,0.07130675808454713,5.405736430154725,45.92406867131812,58.25535117982223,291.4916513495895,39.07488714844295,0.07299650399520718,5.39491402538511,39.84008223142769,58.31386070415547,297.4042831077033,-99999.0
612578,classical,m,0,S,46.56751429193921,0.1827788355019204,3.492363653402303,13.31717795754168,273.1621359656082,40.00824793417926,46.97820740977161,0.1865641932615717,3.4916710990266,15.46521658848016,273.1816108966378,38.02862668661233,-99999.0
612579,classical,m,0,S,44.16262302004914,0.08250681250224313,0.189495249245842,173.3442400827859,145.5225223617799,48.20451302062853,44.57427104752663,0.08801272525003016,0.1898558236690013,177.7387857792189,145.5255413323563,43.79229153027703,-99999.0
612580,classical,i,0,S,38.20551624744754,0.05956753705386494,3.428912923492978,297.8070060022518,109.7270019384227,313.1604027183553,38.53357201809834,0.065450201652503,3.428042624669818,292.9253902432183,109.7138596268433,318.1395213754543,-99999.0
612581,resonant,3,2,S,39.30306699931199,0.1334790437932851,9.531216459604618,100.7491705149203,157.4946761377627,110.8655444410284,39.60587862137537,0.1302472334270578,9.511751024157496,103.9549998615129,157.3817897755459,107.7120341341705,0.0
612582,classical,m,0,S,43.30250297524789,0.03643707695690573,2.949055333744305,218.9466737681458,95.91759626462135,62.95725034272468,43.68171325049385,0.04107702144204949,2.948324267843081,229.2034986067251,95.94409162929537,52.60764122079181,-99999.0
612583,classical,m,0,S,43.00306032136972,0.06065265143320792,2.659268799828548,16.72465165058819,326.0404394452281,24.00263272643483,43.40191297265056,0.06834348022597352,2.653914352471026,20.00252496514252,325.9490177649394,20.82626683751386,-99999.0
612584,detached,0,0,S,49.60696018515728,0.2525355974034816,6.750985877842033,25.28122338267401,158.0758443041128,144.1234491051566,49.89461277707262,0.2453575473569678,6.725767256846029,25.6870201589691,158.0672222902191,143.9787391104575,-99999.0
612619,classical,m,0,S,42.48602943859852,0.0422368989924809,1.498058891062567,87.30219702098601,215.4476350431541,78.52512992986667,42.84710426272397,0.04491328896669085,1.494166844295539,97.4605722599761,215.4543610420569,68.26680281958772,-99999.0
612620,classical,m,0,S,42.6511016593697,0.07990098938369539,28.56694751754415,192.9566207442496,176.3069164392826,13.03120627465172,43.01456333184206,0.0873913847081635,28.49382293627677,193.9298531264874,176.2254244404262,12.06789569016633,-99999.0
612621,resonant,3,2,S,39.4243255714409,0.1658023238316669,8.345093639808484,118.5211438475328,175.6461450786367,73.6218339902913,39.75894257791429,0.1672031272394227,8.323420468592442,121.2778234025636,175.5549975720295,70.88183383874994,0.0
612658,resonant,3,2,S,39.35839882572762,0.09086050374940674,27.93332015937591,167.3661377364033,251.3873828681167,37.82483898062188,39.40495759398738,0.09352596240459297,27.90317193317358,166.4334063892547,251.3305974649037,38.47304340740381,0.0
612687,classical,m,0,S,42.61525926181928,0.003402750933888696,3.069553067036539,353.7452849621791,36.00812646474491,49.20450590398308,42.78343937790623,0.008226248022309725,3.06225023129501,0.8121954273299624,35.87760060068062,41.91755391724455,-99999.0
612688,resonant,3,2,S,39.25949620465698,0.2945654729699032,17.54123031106736,255.7610032805064,210.9941404028544,356.1950795301271,39.3439438378072,0.2959236070012453,17.53001306462388,255.3305952679666,210.8716287595674,356.4835092847711,-1.0
612719,classical,m,0,S,44.13178182107947,0.03935031486328013,3.773443175661022,313.7771040857762,84.05410274406833,73.86908472161903,44.11317962531282,0.04233467699862141,3.769971135553849,312.1602481055909,84.01228628342693,75.15597939540244,-99999.0
612732,detached,0,0,S,88.4834852211123,0.5789725365834293,20.87357814684412,30.55640987788054,109.7924173361047,1.393826232028211,87.70475805723129,0.5754010418243003,20.88240711921247,30.2521646053322,109.7956346695363,1.478256769949374,-99999.0
612733,classical,m,0,S,46.73236855210122,0.1593461510105329,4.855622397025782,326.1699968913135,126.4610095231557,35.16422179717283,46.58764065445177,0.1590719312163996,4.861618647867181,324.7204085484482,126.4712428346188,36.31008530675227,-99999.0
612772,resonant,3,2,S,39.54795127503802,0.2291068543689075,16.65087943291773,82.01065918585655,197.8918007857299,340.1578991563106,39.48083756249437,0.2288518694008382,16.67709710259222,82.62444948378527,198.009915822618,339.6851888889122,1.0
612793,resonant,7,4,SH,43.73235176212754,0.1318461350660703,2.825097774774248,184.9083879818977,198.1764768552947,354.8728799192589,44.17847551609727,0.1403502067514324,2.817310524221939,184.4103266891213,198.1713611005445,355.3404904811972,-99999.0
612794,classical,m,0,S,44.1735969746311,0.09625167562096404,1.577307001217539,169.8772202887062,81.48639113844216,61.57082642028109,44.44935758742639,0.09646241681894462,1.57842251984621,173.6997860319071,81.56462365164727,57.95291283188382,-99999.0
612795,classical,m,0,S,43.78770940868169,0.0402354593489733,1.156472410499673,209.3966497937318,136.4259397662087,19.71633784986852,44.18768860594403,0.04822104257637442,1.155582225140812,213.3026931735439,136.3631770258095,15.89809822675476,-99999.0
612798,classical,i,0,S,38.91168039237272,0.1082253025022775,32.93058087391159,227.7001645997595,159.5835359216712,349.0688330357476,39.25053632940023,0.1155751280643413,32.86479637351787,226.9992321401832,159.5078784892261,349.8406973653261,-99999.0
612802,centaur,0,0,S,22.92382835878517,0.1484129091005514,21.45192568552081,354.9871420709668,197.543569390121,74.02659626278175,22.94986663176246,0.1467066229263467,21.45287985243969,355.4847214571484,197.6840600657808,73.63217271165455,-99999.0
612883,resonant,22,5,IH,80.63563694228205,0.5115120164716657,23.1847065181047,171.0788621605292,234.979752003149,10.35531065564203,81.54730701159926,0.5173635101548324,23.14554396055136,171.0317157973958,234.9178948972326,10.1825449841762,-99999.0
612891,resonant,5,2,S,55.32407859604778,0.4310209598589999,8.980191893305832,174.1693617973197,229.8588659110343,14.68573613176594,55.81406432678182,0.4364073309672735,8.966323387562815,174.1966708444389,229.7844430461016,14.46944041331388,-99999.0
612892,resonant,2,1,S,47.70578748647771,0.2770738298060923,9.75754999510563,201.4927729702385,250.1996961056416,354.4884007955899,47.95445817329649,0.2804763589286099,9.745726093551488,200.7945572434548,250.1694918031255,354.9217728453369,-99999.0
612911,classical,o,0,S,57.48197400534099,0.107509355815015,46.64067672299326,283.5615177697489,252.3672214365236,282.2569467803449,57.56991223162008,0.104159234580476,46.56856715173107,282.3587269825828,252.3343762126772,283.0719909956204,-99999.0
612931,resonant,2,1,S,47.78128692902214,0.2234651429768285,11.66751141647525,69.39947138897179,50.16595677017158,21.81016135406527,47.54492133501821,0.2209796598253235,11.67573276980711,68.52489317567752,50.03710786888069,22.5940276776767,-99999.0
612951,scattering,0,0,S,52.0460143168747,0.5110404604776954,0.7106138205269731,177.1660601580832,351.50120116099,12.1125498159205,51.54110753575436,0.5066457698942205,0.7124474884465077,176.8634079477155,351.5678883154333,12.37184013941521,-99999.0
612952,resonant,3,2,S,39.51317816648869,0.2388739645724719,10.32769660721694,252.6494662803005,357.113844391215,333.9940645275306,39.2856842402372,0.2358001891864165,10.35191419264978,253.4398859800318,357.1891605503116,333.242382983783,-1.0
612953,resonant,4,3,S,36.51658995525315,0.1615415117933486,10.42085633617302,210.072683300952,333.5284058974706,3.549244961024847,36.29341495807137,0.1566553459033867,10.44057972222334,209.8041161590222,333.5921772865064,3.737640389311753,-99999.0
612985,classical,m,0,S,42.43552697990341,0.1068824180067132,14.26118834611526,195.2198889697462,225.0919136132172,178.2783957416879,42.30800198854578,0.1100607015078622,14.30262506918282,193.9063252572575,225.1418791116548,179.847310258753,-99999.0
613037,resonant,11,2,S,93.79006267577839,0.5916307903912736,22.93420814856369,346.4135710018116,344.2306373486904,11.30520323165929,95.89955250315757,0.5997707757174721,22.88570599841797,347.0512775180194,344.1452620377699,10.80173025976354,-99999.0
613087,resonant,5,3,S,42.3096619017229,0.1101760332036183,6.891777282660055,270.1671989573864,95.19268293570545,30.40180397500216,42.67292529561109,0.1172257655906428,6.889117072320182,271.5950176904687,95.20371072360238,28.78573312094015,-99999.0
613100,resonant,5,3,S,42.40519951819476,0.2429770042476842,2.169921551004006,224.7053388439855,179.1964029696451,0.4573900253150089,42.83219919658812,0.2503837215993092,2.166622526911597,224.4450065701666,179.0946349721327,0.6532444755285095,-99999.0
613214,centaur,0,0,S,21.52771437428505,0.1298984268365562,17.77853413333344,51.66280299089679,39.2606274947861,24.3409066613375,21.51523004878083,0.130345129767906,17.77883954558794,50.9919765881049,39.14900819048839,24.91373178924619,-99999.0
613411,detached,0,0,S,91.02113870266044,0.5858508601097219,21.6416024003086,345.8619842416862,217.1300144817248,9.020837268389682,90.18605129826358,0.5818023314663235,21.6878128593298,345.8537547708666,217.1995202843727,9.1506775332092,-99999.0
613412,detached,0,0,S,81.0934711424781,0.536845345894962,16.03713979399438,237.3724196180231,40.69938737916663,351.5605856495598,80.90568482854005,0.5364256082121747,16.07012000509816,237.7123498095143,40.7636230658276,351.4371647867261,-99999.0
613468,resonant,5,3,S,42.22378301970423,0.1747956893306682,9.377252722160888,153.0960404762836,145.6039104874232,78.50380745111671,42.57319302487321,0.1759814755203418,9.369587495503149,155.7215116760667,145.4790674907234,75.86098260445097,-99999.0
613469,resonant,3,1,S,62.57429915212071,0.4946344642705094,20.06414648560865,218.8826934583714,249.7887091826219,356.8086151278218,62.78024019669871,0.4960983211382574,20.04614110714674,218.524595791847,249.742575449426,356.9382437272596,-99999.0
613490,resonant,1,1,S,30.03767959832296,0.0300617907744309,8.163022888792655,27.21314356355961,120.8585143268944,269.8589746045468,30.20998380514934,0.02860909936366873,8.164456206987829,16.13979712347622,120.8049021181679,280.7700447122809,-99999.0
613619,scattering,0,0,S,37.85521307164403,0.4604744720355674,37.40786492357147,20.83120986966432,39.46409834718006,9.982076478973628,38.07210895139023,0.4637596013926962,37.37386018285777,20.79561191676094,39.37464882524663,9.911072648526456,-99999.0
613620,resonant,3,2,S,39.27088034294216,0.226131289212816,14.84101491554149,149.4476799845301,235.9194092671681,27.67033418901157,39.5498146557502,0.2317122515877577,14.81454372918725,149.8043336123786,235.8809801482419,27.10448859891517,1.0
613766,scattering,0,0,S,34.09438773942472,0.5048292469053794,6.2722080954565,286.9019113743271,323.9919990069999,47.8801321287951,34.35266925674037,0.5045483558991217,6.260529491432406,287.7205783878873,323.9364964959647,47.23921933962508,-99999.0
613857,classical,m,0,S,41.5293352533116,0.1317352135208835,22.27742279983183,30.14783355055509,72.54687598459755,318.703169102299,41.8173834266985,0.1345431054288988,22.24665786191553,27.50503539186625,72.56740897928674,321.092943686683,-99999.0
613858,detached,0,0,S,72.4151854277675,0.5031175057696324,21.96168425741828,297.6370476180506,121.6928115363136,1.129584652247559,73.46674048792808,0.5102319387560886,21.96802288728054,297.4146395142247,121.6430328219283,1.174471637751872,-99999.0
613908,detached,0,0,S,57.14893657185809,0.3629843152756463,20.26092913738479,143.8743549135299,172.3461528027013,66.34637419470751,57.6096482945052,0.3650594349455926,20.2374519075292,145.0844469290015,172.1339413991764,65.04763260116577,-99999.0
614688,classical,m,0,S,43.2802187928193,0.05542175048048267,3.066024385086076,82.99264634093865,111.2441778348805,307.5722184399455,43.13786794118504,0.05169128830310137,3.067268539904391,84.05838577997388,111.2482947057434,306.2082588741035,-99999.0
616560,resonant,5,2,S,55.35689411355296,0.4049743115376664,3.382621022320252,148.8025455449755,336.2893141379071,339.8376658996518,55.63257107053269,0.4063572769755401,3.383469350387899,148.2520007034981,336.1442773536645,340.2361296397667,-99999.0
617103,detached,0,0,S,50.55968706597594,0.2774849793273476,17.89577739430306,49.39866241315838,209.6706392184339,352.5931183802357,50.41776928757528,0.2759253491812946,17.93172925918025,49.94304533841064,209.7640601972749,352.2215980626117,-99999.0
620057,classical,o,0,S,53.84764362608405,0.2373900842633389,26.15328409913627,56.96285577742513,134.6636868211891,342.0244852214943,53.48654041380714,0.2322576933733393,26.19371301608395,57.09047630106099,134.7016963129182,341.7051658203293,-99999.0
620065,classical,m,0,S,44.82037545059546,0.064462202016065,7.902156146097625,202.3418146614254,342.0590716058003,325.2708353502077,44.63431948002481,0.06015919977410013,7.924646885061513,202.8185557962531,342.0029691892398,324.5916321347028,-99999.0
620074,detached,0,0,S,61.94271509097169,0.4229258770056467,28.03094188344388,68.88499465496317,304.5628442883988,70.89750166518934,61.96902335901069,0.4265568592076288,28.08197456735461,68.75141872895153,304.5715952254311,70.57129832230848,-99999.0
620075,resonant,3,2,S,39.39075724470732,0.2250383061712203,5.276273438091327,260.765558161362,73.59276650391277,185.6597580627145,39.23893941421602,0.229401774787876,5.275924851378249,261.3645789708315,73.47653821584542,184.9495317180343,0.0
620086,detached,0,0,S,63.5884515021907,0.4434788114905186,27.56843708334722,297.3968977631965,122.2218103308843,28.81968935194716,63.63075729957913,0.4456861157734528,27.59854605656978,297.0314653917746,122.221492037313,28.84051495824992,-99999.0
620087,detached,0,0,IH,59.03437183593019,0.4268120232996358,17.48490137255932,314.8394992289165,191.9075194785285,6.969520985586681,58.57260514347208,0.4227307230628661,17.52492229964177,314.5351270784803,191.8461399486296,7.189890487779569,-99999.0
620088,classical,o,0,S,51.46238890107489,0.2283194655132481,12.78229458238753,297.4272517629848,220.4127675914862,5.457875974840809,51.11382566873107,0.2234007473992619,12.80301148522446,297.0054542959728,220.3014811567147,5.848451834687061,-99999.0
620502,resonant,2,1,S,47.58566160519632,0.1835188367079662,2.250621593405346,60.68514659726153,173.9892717186547,2.244226365615224,47.38353787179814,0.180061624238649,2.252966266159356,61.25730862511817,174.1249573715803,1.785344559472293,-99999.0
621861,resonant,2,1,S,47.83751441046417,0.261027085592469,7.994611846836688,350.2066919912863,241.2449900497966,347.7214464614102,47.51395821943382,0.2566146631565671,8.007104911307898,350.8523872579821,241.207682096312,347.2365777108755,-99999.0
622544,resonant,3,2,S,39.23895709531831,0.06295198356713487,14.84964799542398,83.23421958755087,67.85524712187352,74.66618820600965,39.08479151373028,0.06044698650976359,14.87588405092963,80.25695044228544,67.83913261453066,77.89039365780552,0.0
623070,detached,0,0,S,48.83030600865422,0.2794981113812933,13.51478603701565,112.3225709938874,208.1351507411914,315.2523724737224,48.77756317855971,0.2813052252884693,13.54515724969514,112.8111403594499,208.2484834506008,314.976179209192,-99999.0
624884,scattering,0,0,S,33.48294215513813,0.3329231049853151,8.203713587422337,94.40492052873908,289.5475441690192,334.4154695396619,33.83285341968977,0.3390227109999874,8.1983298557311,93.81153943475883,289.5439524921219,335.1407919295385,-99999.0
J93R00P,resonant,5,4,S,35.02927610939614,0.05712729375507324,4.339744404955471,278.7353128836098,192.3652176022048,319.3181132871611,35.21060267764061,0.0593275980301487,4.332985086713854,273.9591799426931,192.231465016065,323.9581741898095,-99999.0
J94E02S,classical,m,0,S,45.82455478518717,0.1150907959327018,1.065342438233967,100.121047353562,154.7711023950951,310.0077751114522,45.53547310507086,0.1123568005369512,1.06690156877927,102.610738392044,154.8515095492381,307.4807140667712,-99999.0
J94T00A,centaur,0,0,S,16.76294386105127,0.3021998593190188,5.398380482616825,153.9102490159538,137.68065326367,201.9926049158031,16.74421432751869,0.3027091981035821,5.406789035723879,154.256948113103,137.6478176159331,201.4295608896284,-99999.0
J95D02B,classical,m,0,S,46.44441013823393,0.1349530735144398,4.103931352290738,0.9451850128126987,128.6323864896262,31.27938763843893,46.16781089481711,0.131619446945614,4.108320938582441,359.0513737758242,128.67871989427,32.98217527298188,-99999.0
J96K01V,classical,m,0,S,45.20098605930124,0.1111478370852511,8.083241355692273,194.5228435970341,92.61667888029234,4.534329021220931,45.35905151336296,0.1139559491614314,8.08657173759337,196.2447003173657,92.63678944822743,3.139244872163279,-99999.0
J96R20Q,classical,m,0,S,43.84886425444608,0.100334670735443,31.66942401144447,358.8315371916692,11.54775719704941,33.42682196819329,44.15709557977872,0.1062483939650633,31.59543346158353,0.2427100596563418,11.43010687156966,31.92625689407235,-99999.0
J97G45A,classical,m,0,S,47.17704343725852,0.1745520571388814,7.759066199763502,326.2797406141025,177.0679146909684,52.78754111549077,46.88361914998834,0.1713925638300421,7.778517864949021,324.7086308187122,177.1777095990186,54.36118353593115,-99999.0
J97Q04H,classical,m,0,S,42.69584329812467,0.08316181450711344,13.18610815040446,73.33510659256568,355.7261466570759,328.2956645265339,43.06123801912628,0.08904106059430568,13.15280334915987,69.9510893286843,355.62270683125,331.651042356452,-99999.0
J97R09X,classical,m,0,I,41.57113699235458,0.05475207084469007,29.99562122960593,71.50157651081675,163.8980799805548,136.6783803174069,41.88157309620543,0.0493332285042855,29.91971137609595,77.31102407344764,163.805849491517,130.9416598622105,-99999.0
J98FE4S,classical,m,0,S,41.76458234247978,0.02154960326091067,9.86605455395891,202.5160108441196,228.8889672476955,126.4297143748433,41.53200551827963,0.02493940744050306,9.889323382971678,191.930646148233,228.8255507135371,137.1359191832477,-99999.0
J98HF1L,classical,m,0,I,40.74549562618843,0.0901364976753207,28.00870492170777,131.2382612288122,16.34033519258255,76.19854634479695,40.60303811108165,0.08805107280786736,28.07850094271577,129.2750807671471,16.4580098157064,78.26690649036483,-99999.0
J98HF1N,classical,i,0,I,37.96011842413813,0.0525278898843515,24.97477319051569,306.1612592788733,37.3073338928746,236.112493701757,37.80365449797994,0.05609844780901819,25.04705583900975,308.7574254275445,37.30661527975013,233.6751300255709,-99999.0
J98HF1O,classical,m,0,S,41.37466636941805,0.09262200984817076,16.72976853497458,226.1145455397512,123.4410460976477,230.5576983450428,41.17716553742731,0.09703621524648363,16.7327775190027,227.6680429544621,123.5193884031393,229.0826188082586,-99999.0
J98K61Y,classical,m,0,S,44.33003986757921,0.04656227897602777,2.054314592483436,357.5384704733366,122.9163353611427,213.7356341850474,44.63632404883983,0.04216282619958317,2.052463832016213,350.2041893233986,122.8909188821601,221.3445749888891,-99999.0
J98K65S,classical,m,0,S,43.7691903361521,0.03406587288539287,1.184063947361715,195.9442301456842,102.6633320599326,35.08629481533286,44.10394365954487,0.03920048861550218,1.184429650764572,204.4687643713946,102.683893546199,26.75651905042458,-99999.0
J98U43R,resonant,3,2,S,39.47429006512089,0.2203597328846677,8.764440628288515,18.87922364866164,53.88747448433714,11.98035815665948,39.62149509141089,0.2237585128299754,8.751710093771235,18.44931509162505,53.808930439504,12.19650481290772,0.0
J98W24V,classical,i,0,S,38.96723701820148,0.03838920943551556,1.518431793112288,158.3432055739697,183.708934123137,93.92680578727881,39.11962719862169,0.04096227274485547,1.517767323607792,164.1226060745017,183.5505030033283,87.96879256722738,-99999.0
J98W24X,classical,m,0,S,43.29848698854566,0.04201885294300003,0.9215413984716168,176.3971545661849,60.7776177198344,206.93379801165,43.44168970340748,0.03760690875114988,0.9188413775884503,178.3921996895187,60.71980262895558,204.6240752956948,-99999.0
J98W31S,resonant,3,2,S,39.36203598790179,0.2006030974209863,6.740830111505553,28.4115146221219,15.96647284746305,31.47675842164276,39.52269647660798,0.2046874662712944,6.73585831274423,28.49922176783397,15.80639581728913,31.24291773480456,0.0
J98W31V,resonant,3,2,S,39.25856941821641,0.271189874409944,5.723429417017228,273.8648500099369,58.53867445548021,76.50485690496336,39.46425083431512,0.2734089881326207,5.710699434721993,274.8394579509219,58.47986255463416,75.26067190096751,0.0
J98W31W,classical,m,0,S,44.65009937301413,0.08643466922623641,6.798425430377273,51.70911103532909,237.0942464218242,144.9592433584668,44.82377163530737,0.08483705411737004,6.783415387075004,54.90725796909607,237.0314439934838,141.4440827271689,-99999.0
J98W31Y,classical,m,0,S,45.19080671406937,0.1178779333672769,1.977343539437288,107.6846325991837,63.65636281638737,304.3309557623489,45.20197961422227,0.1153420788158202,1.973836546702824,106.7438727261948,63.56804725431935,304.9941268817985,-99999.0
J98W31Z,resonant,3,2,S,39.49932223041616,0.1675953719404924,14.60340942617282,352.303099386218,50.56422071904649,45.07264626705594,39.57800655130352,0.1707580872967687,14.58498880497046,352.194492595016,50.45084174375828,44.96213316961727,0.0
J99CB8Y,scattering,0,0,S,90.21096590771177,0.616278509229493,25.58411333213466,15.0372786419218,163.1290265757105,7.316396391117696,89.00833294520075,0.6112883176091743,25.62026118611784,14.78717445339971,163.2300121969296,7.506327261017788,-99999.0
J99CB8Z,resonant,23,20,IH,116.8153217673107,0.6790507747515092,27.75868340019499,236.6160134612299,345.1818239759899,357.5902468556934,114.9401755593241,0.6739703854047111,27.80731811273763,236.7154982834807,345.262190860638,357.5045941173007,-99999.0
J99CB9B,classical,m,0,S,46.90400832481273,0.1287222913268993,8.746185821258058,350.2707781763361,168.1133942254361,33.03101023259021,46.59655634440705,0.1240967706756952,8.767719486893558,348.6701697225471,168.2021497286989,34.586204519435,-99999.0
J99CB9C,classical,m,0,S,44.76092340345532,0.07446845869144424,0.4535900353198722,65.70034431699511,190.4568988397627,308.5248267521879,44.48916116075142,0.07186930147361811,0.4543341350090055,69.63483826310933,190.5064839180042,304.6002031459686,-99999.0
J99CB9H,classical,m,0,S,43.30624314479773,0.08313467085186783,19.95545020163473,171.6334071710172,122.3558617823657,221.7198079940343,43.12979787450666,0.08514035079696991,19.98014291966366,174.3866854946677,122.3833461225662,218.6829205675411,-99999.0
J99CB9J,classical,m,0,S,45.32893958305895,0.06648514082091332,3.205702151352722,187.1370080350304,313.3523951966681,15.62632981823882,45.09737859239137,0.06262166425108812,3.211873573862417,184.2686032794809,313.3879708817385,18.25655064399472,-99999.0
J99CB9N,classical,m,0,S,43.7322195318142,0.04053218385068418,1.000122898771122,266.1907319491444,347.1257926453562,270.537667966972,43.51212588946758,0.03940318117217927,1.003972881962598,273.3148336543409,347.0760776244204,263.271003889365,-99999.0
J99CD3Q,classical,m,0,S,41.31005794709432,0.09573858717490119,13.2763837327642,137.0972867556269,123.2951724431496,261.9007946007439,41.1257260943197,0.09512060564135516,13.29244779006673,139.7801464767957,123.3223895291523,258.9683045328754,-99999.0
J99CF3M,classical,m,0,S,45.67526796620741,0.1391243917258361,0.1982582232117747,2.560853589946254,91.85344832206653,69.6040166812087,45.4085930082072,0.1390986590072886,0.1979952186514332,0.4426970389440881,91.62208338087909,71.84957251488025,-99999.0
J99CF3N,classical,m,0,S,43.85015419387697,0.1136847157618028,7.425015087438381,270.4237980064215,153.0573010927677,105.8194620636117,43.61095188920928,0.1166879215533245,7.443346217719717,267.9718020843497,153.1292596067619,108.1107103701808,-99999.0
J99CF4G,classical,m,0,I,43.04832769688636,0.09245707174600402,0.7769114167954104,171.2935536466119,100.6289200980368,254.2059722944416,42.83979370386086,0.09277364536673081,0.7763852478478932,174.3818122277075,100.5875335788828,250.9556491802864,-99999.0
J99CF4H,classical,m,0,I,43.02280943198927,0.01166426789032025,0.8381635630759963,242.3341734873468,164.8724959925991,113.1594384662521,42.80975804457088,0.01553939057934074,0.840044726293361,228.2889742783229,164.8807609682802,127.0085529641065,-99999.0
J99CF8K,classical,m,0,I,40.81266262818441,0.07245152400760481,17.08797926937443,313.3769486526791,127.7308818190758,73.93726266596586,40.62179292273597,0.07331572931281456,17.10961832130581,309.5919270533359,127.7716362936216,77.49633999533037,-99999.0
J99D00A,classical,m,0,S,43.26929183511972,0.07154952995889605,2.790793463229214,253.1348528517567,54.00083367657547,225.2148515951997,43.04434434656555,0.07475906893143645,2.794104572311169,256.6527408050971,53.84902442885365,221.6987733616761,-99999.0
J99D08H,classical,m,0,S,44.09720462193408,0.07323727443397311,4.527111128372488,101.3905701757007,105.1061466745297,330.4529011658856,43.83326893869158,0.06820349612740564,4.527931696587071,103.1419513021374,105.1091338134908,328.5926720766914,-99999.0
J99G46S,classical,m,0,I,44.57007340579775,0.08465780935557542,5.18003085229687,96.358095194953,24.34759828005588,104.058349611214,44.38335022056479,0.08414672875385594,5.196354684367268,93.2280985769996,24.45121177641401,107.3412095457036,-99999.0
J99H11S,classical,m,0,S,44.10326337193564,0.01931736895523414,2.600232822677298,168.0871815048079,105.6610254656369,322.1072084065559,43.93364162778528,0.01829418207974494,2.6003701875285,180.9938733318967,105.6658439818638,309.4613603143526,-99999.0
J99H12G,resonant,7,4,I,43.6135101927998,0.1555407782368144,1.018256721237297,268.2674670595705,30.60339592540655,312.9150071419528,43.47761557474182,0.1559091430900823,1.021694924881237,269.6436813644145,30.68640157565609,311.732274635587,-99999.0
J99H12H,classical,m,0,S,43.55232218813476,0.02012644084340562,1.301258271624963,78.36291635607431,255.764762636336,262.8910916980176,43.390843682985,0.02314722322975308,1.302502123474368,86.53895017937481,255.7689664943821,254.9812571251683,-99999.0
J99H12J,classical,m,0,S,43.05897943837441,0.04892523322125045,4.542579337613651,222.2847204542338,122.52464058323,269.9405849362462,42.9697160289461,0.05187442952846973,4.539931771580962,224.4490817140241,122.5810286350659,268.0511509081884,-99999.0
J99JD2D,classical,m,0,S,43.26479986151219,0.06656115964139256,10.48400094202761,102.0144399547681,30.94200507647422,102.1968524897921,43.12351786299919,0.06523525927972396,10.51346200604906,98.75491097733817,31.04577202148907,105.6451130628101,-99999.0
J99K18R,resonant,7,4,S,43.60089790458271,0.2084141322713154,0.604798388383337,213.0734447379063,283.9071593270417,196.5070196491224,43.84060871789461,0.2028432633994114,0.6037962852956017,212.1305403221616,283.8589254263449,197.7948925867923,-99999.0
J99O03Z,classical,m,0,S,43.95634469932154,0.08045374899790847,2.554145776927976,277.8329500598673,137.769670676739,299.2729538552105,44.33773053862981,0.0851201435590725,2.550186543448044,273.3091855948089,137.7233887923362,303.985611602732,-99999.0
J99O04A,classical,m,0,I,44.38374803840743,0.0670834604101635,3.124661186752577,58.265709384966,136.9604196818736,143.3541526261397,44.70844173439374,0.06000635159804318,3.119177822433046,61.08142542934645,136.9148794440675,140.7765593545457,-99999.0
J99O04C,classical,m,0,I,45.46912407345464,0.1685063016371283,1.169542642529412,203.4334609411674,55.54250891033445,69.25677954515082,45.83493846209587,0.1683997970513999,1.16830463454602,205.9728586769624,55.70591527357094,66.72723009160258,-99999.0
J99O04D,classical,m,0,S,41.42159801300964,0.09414182168620853,14.39648842850151,147.2309764049836,301.4976223167117,254.008392886757,41.71416466632799,0.09356999475869525,14.37895200596191,142.9442534022675,301.4683846032018,258.5515208905937,-99999.0
J99O04G,classical,m,0,I,46.99280147424547,0.1335375781111019,1.420545002582349,102.1929850627553,111.3145770605838,111.5489048970999,47.31130541421949,0.1283586168947616,1.420403732176763,104.5808850814027,111.3083626360966,109.4042822297742,-99999.0
J99O04H,classical,m,0,S,40.45648774877086,0.03902430399287111,28.17420554595867,161.5464648163598,124.1761234356054,49.31229165162971,40.75082315209227,0.04243244960981555,28.14300718085656,170.4337091963459,124.1436636827252,40.65905357574249,-99999.0
J99O04K,classical,m,0,S,43.21112938180152,0.1585456412121628,29.98541373912032,65.54050679390473,122.3787762173049,127.9854733748162,43.43454322441535,0.1527223374817975,29.94762808582547,66.47397099978276,122.3514410409092,127.3723049588099,-99999.0
J99RL4T,classical,m,0,S,42.52543428373816,0.04627045080447649,2.577227115065562,208.7469942223727,138.0590218158229,4.436634379309849,42.89758245133523,0.05425659901699047,2.573511426011936,210.614966707824,138.0066561723681,2.739829793955344,-99999.0
J99RL4U,resonant,5,2,I,55.67306107604678,0.3405662823255016,4.259821002735936,107.7719059799263,137.855501014257,60.53737164887352,56.10920585970963,0.3394514008405936,4.251649871952529,109.1687160091726,137.8018423584458,59.41839315448372,-99999.0
J99RL4W,classical,m,0,S,42.89615483336956,0.03233594348602188,1.362251163072503,268.9760225720615,0.3470160709758136,118.3879251869909,43.24330275161672,0.03016049856662534,1.357484172476492,283.2473486891766,0.2423714415625428,104.092500479959,-99999.0
J99RL4X,classical,m,0,S,46.10456870191235,0.1720303118601984,4.818923497275834,265.7512930415685,3.786547723914656,103.3266588561136,46.47511037354441,0.1697002777982443,4.801902148739252,268.4641442952487,3.685716214658752,100.5942338507636,-99999.0
J99RL4Z,detached,0,0,I,84.77502710942709,0.5674568560834432,20.4957181585602,114.2743810357013,214.5063163326135,20.33768516723625,86.3253227622068,0.5739474637591601,20.43443389195928,114.9503744347851,214.4790648959456,19.6155711085694,-99999.0
J99RL5B,resonant,2,1,S,47.58003391025429,0.3403626323236535,7.856543971873316,347.7184634231094,5.000249210573133,32.19010443280025,48.07953459612975,0.3462832025660876,7.841530433774611,348.5606946867641,4.869829299147077,31.29024496317611,-99999.0
J99RL5G,classical,m,0,S,46.38659618584567,0.0708178903704546,0.2418551522265733,114.1826969317827,292.2803179556632,325.0373241761187,46.82976322236483,0.07798164835168953,0.2413003457980469,110.5212112736821,292.0967936672753,328.9026324553277,-99999.0
J99RL5V,classical,m,0,S,44.6124746105643,0.1827743520548225,21.99587679951553,26.15096173204542,351.8354826636021,27.61655558306921,44.97036702840566,0.1891294884793477,21.96966974525511,26.89668872420323,351.687277059893,26.79550203546724,-99999.0
J99RL5W,resonant,4,3,S,36.34581078403554,0.1567757754084861,10.54778404251993,188.1780667403046,252.9381203096824,348.0693578437876,36.57103562033616,0.1612737466862016,10.53509061576502,186.923632022299,252.9302186728134,349.085448163086,-99999.0
J99RL5X,classical,m,0,S,46.92080291957561,0.1411906889769641,0.8918041430261492,186.2292456191517,99.2867138945685,54.63588623751602,47.34794429312196,0.1441313048368764,0.8920900601854272,189.3642160235154,99.33263454298692,51.57834177233529,-99999.0
J99T11R,resonant,3,2,S,39.42855506493081,0.2461437052193646,17.13631684764927,346.203292508325,54.712004619509,41.94321200290165,39.51568179280242,0.249186681939893,17.1165783451103,346.153517858993,54.6090057049112,41.77687179135169,0.0
K00AP5F,detached,0,0,S,48.58919056958771,0.2492600804550508,30.87489607840846,199.4229899818495,23.6180330247458,284.4558768720101,48.47324667739486,0.2469281678559494,30.88646279055616,199.9731246072652,23.40951711249778,283.7865028544804,-99999.0
K00CA4L,classical,m,0,S,44.40597862872429,0.07659092910722484,1.244180833771316,308.1258563854112,140.8919700487027,82.12403973634014,44.1502613014515,0.07733394079753773,1.245724574324372,303.867026365827,140.9558483694406,86.22971101171684,-99999.0
K00CA4M,classical,m,0,I,44.33961972657351,0.08358587169868695,0.9089248856156318,298.2631352571915,148.9694817280336,83.3094994343663,44.08514244654965,0.08447757363430473,0.9102420345516394,294.3751847076365,149.0323346592494,87.04507844949208,-99999.0
K00CA4O,centaur,0,0,S,24.09472482708638,0.1458513051814842,3.067417954661984,137.635154813093,353.2862007907233,81.60309410605291,24.00897352400098,0.1448735812781917,3.072490595396029,136.2952620730541,353.4033704996714,82.97212171522312,-99999.0
K00CA5K,resonant,3,2,S,39.41208846482777,0.2326776256091054,8.137114876646466,352.3681922291253,326.5223761815679,202.1982123901329,39.26496374402283,0.2361908903206252,8.162105340416373,353.0608439458431,326.5348403564238,201.2449283352077,0.0
K00CA5L,classical,m,0,S,43.00926245113556,0.04689687138244566,4.17611865524314,199.8715094688019,113.6626243051734,210.4865151678336,42.79843799508014,0.05056974138398938,4.17828594172901,204.0548445818974,113.6849563710715,206.0934810941306,-99999.0
K00CB4N,classical,m,0,S,43.91201507226546,0.04234631023737987,1.552230996146896,316.8359755230551,82.4905164149077,122.3587250918638,43.68874659741788,0.04656981911295328,1.551975834266144,312.7875290758555,82.40032866179396,126.3243813049564,-99999.0
K00F08B,resonant,3,2,S,39.27717352430357,0.2962331319052017,4.584435534576723,67.06055458625943,1.739998803758041,116.3072635462334,39.09300240136537,0.2992422936307934,4.601472388159793,66.14092971133172,1.852222218825991,117.2094953023456,0.0
K00F08C,classical,m,0,S,43.94103694662521,0.06416843881393883,0.71496443486073,28.88441363077682,332.6688186931611,212.6134398846895,43.71448424036653,0.06937645193854618,0.7167754505410717,30.11148410582107,332.8484707796018,211.3501125359895,-99999.0
K00F08H,classical,m,0,S,43.49462856193392,0.03306895609477176,2.074702162373786,21.80330581730683,8.823452090855438,182.6378615733654,43.26963296622566,0.03832748840944096,2.082225001575136,20.23778723065686,8.910024975869439,184.2671019104473,-99999.0
K00F53R,resonant,9,5,I,44.49230861429152,0.08612092993497882,2.510364598947908,88.23017933110633,39.44294708158743,97.45116876253837,44.30618679030606,0.08507337616089482,2.518630832357924,85.28087814770122,39.49511746641763,100.6064476997285,-99999.0
K00F53S,classical,m,0,S,43.0543122554914,0.03552326235704542,2.090074951239259,129.6644431962459,26.03284526308458,77.11270344652561,42.89151020753636,0.03282012283482354,2.096643467852608,124.1665291297191,26.13631279843023,82.77384068619445,-99999.0
K00F53T,classical,m,0,I,45.12341516097024,0.1542330583021498,11.99011616422731,244.703829544323,35.31911446832424,336.7239996804345,45.02937307588284,0.1538521354206713,12.01767073308906,245.8713834727984,35.41179185171243,335.7635736149714,-99999.0
K00F53Z,centaur,0,0,S,23.74299065241101,0.4788217258951358,34.83853329033795,291.339520863632,202.3933722386227,98.55068713391277,23.72877751295218,0.4775320383951056,34.86576780672485,291.1076014440208,202.5927247105668,98.86764697167494,-99999.0
K00GD7M,jc,0,0,S,7.880192229718412,0.1220262772924223,15.84169311941111,123.843258654938,89.58254775080121,343.0098475921774,7.84587983443377,0.1193811491428356,15.86047747867622,124.2409742967709,89.5846959992204,342.6064095903129,-99999.0
K00GE6V,classical,m,0,S,44.02633438419176,0.0680427369759971,3.675568974658335,63.57354584829688,99.89931137969597,64.58853708772305,43.84355722604977,0.06473823601664418,3.676523124777131,61.15001886341634,99.89517704772865,67.27006272143838,-99999.0
K00GE6X,classical,m,0,S,44.0901617015526,0.01377123069177722,0.6814737324812445,31.889513449934,345.0043925167409,200.3656549808326,43.86532734815952,0.01899203795397384,0.6835300401682368,32.87852119809028,345.1800046736099,199.3731776591095,-99999.0
K00GE6Y,classical,m,0,S,43.96102898029935,0.02113817798967784,2.701023456396526,9.068242863228438,13.49351069152256,194.7299034819073,43.73888724614785,0.02635867220300225,2.710551534825367,8.703709190284043,13.57599576842337,195.1847199670978,-99999.0
K00J81F,classical,m,0,S,46.11062236807213,0.1017047238544867,1.741691410839644,128.7640073333616,179.8306687576679,312.414454883581,46.03181222066598,0.103044236611467,1.743000425108214,130.4218485056483,179.9889784255843,310.9360441068609,-99999.0
K00K04L,classical,i,0,S,38.59118300138311,0.06197659996060999,21.30580226887491,229.4744809077418,147.9702014721926,263.4456984757108,38.62242578870396,0.06471637439664257,21.27852746138459,228.3950672677504,148.0853603713457,264.7653634690802,-99999.0
K00O51B,classical,i,0,I,37.78759693257008,0.03427701293902484,4.454364790106648,208.3110779460704,126.8205154790478,16.72117222229673,38.10165715563798,0.04151565471643124,4.450182563165145,212.8017476722576,126.7749174344803,12.38215765985757,-99999.0
K00O67H,classical,m,0,I,44.16307783163636,0.01862382050144294,5.628906108585593,199.8432646079682,77.82980405984972,67.1100680381485,44.5243975865875,0.0217387372655949,5.628224321241053,220.8861823059635,77.91299580294789,46.14087485477455,-99999.0
K00O67P,resonant,7,4,S,43.67034744435636,0.1897345102267784,0.755114670805029,77.79846948924065,182.5115015745824,73.03927204566,44.02919533528592,0.1892767893200643,0.7532102553641444,80.23554811621513,182.5084025602551,70.73289626128687,-99999.0
K00P29U,classical,m,0,S,42.4841769678653,0.02215163085698854,0.7077353600240516,126.9353277225807,226.9601433689982,341.3979557850543,42.80306639048072,0.02947285171948764,0.7070016467492172,125.8183854966932,227.0411227958443,342.6518821950027,-99999.0
K00P29W,classical,m,0,S,44.18326417382686,0.05997451422945519,1.759542628588551,86.8082634461844,147.9844807278265,91.98736639430665,44.49265656490938,0.05757811567248073,1.755790215003549,93.50566158050529,147.9700295074925,85.54404220305615,-99999.0
K00P29X,classical,m,0,S,42.60547830440395,0.05678310617859383,6.405700634791708,270.0509798100137,135.3352616501666,296.1006275203804,42.9358676616096,0.06148291403563538,6.394672965706948,264.4984708918911,135.3058511549481,301.8900864242415,-99999.0
K00P29Y,classical,m,0,S,44.23629040768994,0.05700328174698491,0.820668600928043,119.5775957944849,45.08162949982753,178.7064737172411,44.56577098493885,0.04936812057076143,0.8192620694576398,117.8040643635465,45.28660222491763,180.4589399590298,-99999.0
K00P30A,classical,m,0,I,47.02870138205859,0.1367237562058447,0.4186459363047939,291.083956824215,324.8095803223587,73.41599395717661,47.4031653744603,0.1362638699381516,0.4169038103227337,294.4675958454535,324.768000624332,70.26257199315555,-99999.0
K00P30C,classical,m,0,S,43.0633071650325,0.03000209000237829,1.25132556421781,127.6662530400256,71.7742578527116,143.2975592732877,43.39475956610845,0.02315777345328942,1.25121927969065,135.6388656295394,71.90427136941105,135.3663912843841,-99999.0
K00P30D,classical,m,0,S,46.51698443511189,0.02269136312671468,4.596461146943546,307.2815493804975,330.6124687085517,62.72165072787144,46.89407581439726,0.02583503710565159,4.583503362062963,324.7388047921389,330.586411595077,45.4758761203957,-99999.0
K00P30F,detached,0,0,S,76.46305316141974,0.5040497912161451,6.308395867337055,337.3760994651591,293.6768689809834,21.95485234470043,77.35184545418979,0.5073664538246025,6.303913546528176,338.2669169337306,293.655564787212,21.35021429316366,-99999.0
K00P30G,classical,m,0,S,45.10149250731724,0.1030178294243328,4.6316566076992,297.7168493132727,130.1825617809461,273.5143646212452,45.43719775805823,0.104859924953334,4.624538355366488,293.8722326542856,130.1574278969381,277.6288444529763,-99999.0
K00P30H,detached,0,0,I,76.82602931557433,0.5012756933783327,8.055451873385246,241.5831347262128,127.2207418257871,350.629718339646,78.28712263078783,0.5104316453471345,8.046534458768555,241.3880476883232,127.1935200055218,350.9805337686435,-99999.0
K00P30L,resonant,5,3,I,41.98746155512299,0.2385719269248175,5.85925746329384,140.7142501183862,326.0401410930509,258.568263586824,42.29588301576754,0.2365808295453653,5.842673346067849,139.0171568555373,326.0068048774529,260.4740507773894,-99999.0
K00P30M,classical,m,0,S,44.004293297482,0.05738557986302232,2.28245574847861,63.46256425856577,129.7825607228214,146.5624628645237,44.3299626693036,0.0501773572142689,2.279675790813037,66.4824527943468,129.739104159832,143.7736969809103,-99999.0
K00P30N,classical,m,0,S,44.82080880342073,0.1040675201198469,1.514563550975201,275.0192451727966,15.89900651164301,48.2378202263479,45.21134287286331,0.1079170400199876,1.509656153868691,278.7943926814694,16.00331657983573,44.50753738043173,-99999.0
K00QM6H,resonant,3,2,S,39.51255199293847,0.1919833359650404,2.802173708656912,306.9866554576465,350.9769867167855,60.28587731487137,39.87176136650634,0.1946281276950755,2.794211444571315,309.3343352999944,350.8993322517194,57.99164367377131,0.0
K00QM6L,resonant,7,4,S,43.62428109973333,0.1851676468619684,2.494097713768762,214.0585858172832,167.5574088974771,358.2835212508475,44.09876004270864,0.1937221438911765,2.489139637364602,213.9023944773211,167.4825319466367,358.466915837929,-99999.0
K00QP1N,resonant,5,3,S,42.1642996440487,0.1233578678863774,0.3419610015515118,317.2457778114249,42.78895068626449,25.53500368452651,42.55970911175432,0.1308724585470173,0.3405257492266013,318.4986880692841,42.87858241737772,24.07447415623089,-99999.0
K00QP2L,detached,0,0,I,45.91834835425205,0.2575477328360135,23.63066463545221,121.5194780972589,162.4546526516722,56.97871135676484,46.33297915590284,0.2592840921137898,23.57074873075787,123.3308741075233,162.3816749247422,55.29089261055056,-99999.0
K00Sb0Y,classical,m,0,IH,43.69192828020081,0.04810459421458734,1.828381199143497,284.4851439046562,270.2497476598992,132.058472206708,43.98109052694018,0.04200769013400382,1.828032145447466,288.9554727819768,270.270703477323,127.8230315525796,-99999.0
K00SX1R,resonant,5,2,S,55.38334550530794,0.437711690292415,4.256679805097028,239.1697643477302,194.6031663436517,14.54815459064289,55.52730065951729,0.4399981135098569,4.258869530215712,238.9899678584398,194.4628872310014,14.57394235295386,-99999.0
K00W12V,classical,m,0,S,43.45759620033562,0.03901945320735699,2.230432689394695,134.454035187757,115.9153669417141,192.8307372400721,43.60307185134107,0.03506973384564328,2.231489611130373,138.1916525164709,115.8930188623386,188.7418132870932,-99999.0
K00WI3L,classical,m,0,I,43.53711406449376,0.06660702366642801,4.298598947887484,199.0989302512795,93.66954997715229,152.9001638083883,43.65486083828284,0.06561735516431935,4.295919809802609,202.6197843966845,93.66485522263973,148.9913867607624,-99999.0
K00WI3M,classical,m,0,S,44.92493635776728,0.1145659031723416,7.443438850415836,149.2332849951948,81.2356203294756,223.3342529243002,45.02986830240772,0.1103948275522933,7.433489279322208,149.6418411077089,81.22120271127757,222.5372717054956,-99999.0
K00WI3N,classical,m,0,I,44.7263496890719,0.1135479624596862,4.037629951118054,66.04007256051636,96.71364120606377,301.0396603400045,44.80846790026182,0.1115255359611368,4.036061287019019,64.37123166220151,96.70748791389028,302.3481154827643,-99999.0
K00WI3O,classical,m,0,S,43.79694000694587,0.06031065934183557,2.442511838075845,267.1061272972309,120.4640161379963,60.37461856461782,43.90973633844894,0.06419888887983266,2.444304864147458,267.7045336799496,120.4387990420224,59.42834375570112,-99999.0
K00Y01V,classical,m,0,S,43.86898039344843,0.03377100200177383,0.7955836336007442,21.1563499499217,189.9095874680096,232.6110242817198,44.02289699265891,0.02911890770982424,0.7951891833157813,19.59515077853892,189.7636975238788,233.9506579709754,-99999.0
K00Y01X,classical,m,0,S,45.56739939925685,0.07236674153340304,4.547194142249084,333.5093382167898,65.11031921747063,40.43600511542959,45.74569675005758,0.07704815282946269,4.538436629267348,333.6455840909952,65.06318156893973,39.98761688406356,-99999.0
K00Y02A,classical,m,0,S,44.07408624470616,0.06048284863512986,1.86575828274558,167.7546734284905,147.0843358967995,119.5734658040552,44.25049337664482,0.06111156577546879,1.86741626432888,172.4592931832379,146.9696291769741,114.6152170859466,-99999.0
K00Y02E,resonant,2,1,SH,47.94265750534348,0.2045920738418387,3.826752378579667,236.2421787213571,224.65728960461,354.7048137582522,48.0872655496766,0.2066875671267392,3.821672496089458,235.3646230183308,224.551700464388,355.3557694402787,-99999.0
K00Y02F,classical,m,0,S,45.56468381491663,0.07509181233345268,2.006479383152016,96.54737863199682,81.29485274923917,272.7902709965852,45.70772388357974,0.07186254658054159,2.003415429412257,93.95901151204707,81.29027858542561,275.0101196621678,-99999.0
K01DA6B,classical,m,0,S,43.12720231366314,0.03690979362419491,3.792570995248061,240.0442525096128,130.0766418727353,175.0319821381784,42.88260413079408,0.04262187924009565,3.796205449874518,239.7562668027351,130.1473849597894,175.2131547073492,-99999.0
K01DA6C,classical,m,0,S,42.19339357809386,0.06115667057250822,1.914393614394843,345.8797385056715,121.3764891432943,76.61853339981343,41.94641575954334,0.06065570875108975,1.915014743737955,340.5699645283009,121.4200332357524,81.87180572865728,-99999.0
K01DA6D,classical,m,0,S,44.00018809000539,0.09394019518978537,1.823645318008144,1.495781971675341,123.5562751231032,56.97864460413481,43.72971256049235,0.0916085684876955,1.824310618348282,358.2277930909015,123.6043811546655,60.18527721567254,-99999.0
K01E24S,classical,m,0,S,44.30699599867551,0.05824163867057777,4.038275032899532,261.5399104775783,111.6409217732749,169.4151430604411,44.05769214106929,0.06401636623623268,4.039371124863141,261.0023085240294,111.6672495592453,169.8754982878225,-99999.0
K01FH2U,resonant,3,2,S,39.34754695178246,0.2681548915947566,24.73439477640034,134.2316710376886,32.4555419066029,55.00855367962046,39.2306426209512,0.2656577513486914,24.78691742005026,133.8752914339536,32.56498160491505,55.50408872557927,1.0
K01FI5L,classical,m,0,S,44.10851353222992,0.07483629409864796,3.559499539494647,68.42853807754871,75.56189187648893,40.57875353480753,43.83464958459849,0.07095742053514387,3.562291698790549,65.21254804792055,75.48249590226737,43.8613996186882,-99999.0
K01FI5T,classical,m,0,S,47.21540782883623,0.1096790863854623,19.51199553280878,142.3236893013665,16.81220890193568,57.31915935360537,46.98923896335522,0.1063363270420898,19.56824075639194,140.5879406431597,16.91546283636844,59.15851226936912,-99999.0
K01FJ4J,classical,m,0,I,44.19796192266224,0.1395572813645209,12.26707493678962,190.0498359886731,4.946742525379905,16.24477806284269,43.94386921734333,0.1346426425463164,12.29911789576784,189.7792048917408,5.03841780162301,16.56161983659474,-99999.0
K01FJ4M,detached,0,0,S,54.04566154276331,0.3653069738415235,28.68773411124296,44.29032133450981,181.779669150317,359.7425548993916,53.72702044937341,0.361675355529917,28.73869171964456,44.45595652556491,181.8815291617084,359.6329886021708,-99999.0
K01H59A,classical,m,0,I,43.88270245478791,0.06227713857332226,1.013469259389532,310.9601621171671,149.3424587297521,137.1408806223458,43.74022755067983,0.06324641884379825,1.013220684021769,307.2779769972751,149.4551923604043,141.0158374682174,-99999.0
K01K76F,classical,m,0,S,44.38565424989293,0.02492862590801279,3.212727472146633,287.3418288525471,50.93206978880048,294.0428553781823,44.39527794870386,0.02797114827518213,3.21971707071398,289.528419835592,51.03680042182582,292.1294105364713,-99999.0
K01K76G,resonant,9,4,S,51.55285630004524,0.3406179549521909,1.549950916928102,63.94139945016254,96.0129608224107,67.72740904605608,51.40947859193694,0.3377732008353247,1.551256785799063,63.71354295968326,96.00680317614207,68.32316635016245,-99999.0
K01K76H,classical,m,0,S,46.15961564688295,0.1236776091563205,3.24512678505657,69.68680962139129,261.6531151761839,316.0793703379813,46.24337712952756,0.127042684767687,3.247425022415928,70.17937250191228,261.6813813866555,315.9300100180395,-99999.0
K01K76L,resonant,9,5,S,44.49135545390318,0.09746398911872654,1.328734233458718,143.4470772350486,255.3855097134422,235.0475491646972,44.48845067331657,0.1001686019688106,1.329883566370327,142.3966463821812,255.4160743637343,236.4658610878088,-99999.0
K01K76Q,classical,m,0,I,42.78840859674772,0.09828411850807416,6.244282586280344,246.0191890514056,47.7553583561932,318.4024741440234,42.67897732870669,0.0985186725217437,6.259894592136245,248.0870397602936,47.803677580262,316.5828963772709,-99999.0
K01K76W,classical,m,0,S,46.01257890164932,0.2161781364117296,10.46011168546441,241.7584919627601,61.82953317473102,340.2139683376073,46.09200490805794,0.2185179338274963,10.47575784171095,242.3312248634315,61.89280785395437,339.9086197675559,-99999.0
K01K76Y,resonant,3,2,S,39.30805652598155,0.2342800914355039,3.969518978919643,263.0807783287048,90.06856068333839,316.9405720685887,39.4767925223513,0.2382600430088229,3.971740387848006,262.8632056358001,90.0891023313334,317.4530936569897,0.0
K01K77A,classical,m,0,S,47.42746852738993,0.09319400342329545,11.91732727638727,124.2059791496458,239.1504401340525,279.0573322135648,47.47562879784867,0.09658436049041307,11.93894560898442,123.8630204801863,239.2294905919645,279.7193400073442,-99999.0
K01K77E,classical,m,0,S,45.44335112168306,0.1845684613896452,20.98364294618837,325.6958718028914,240.2844149397011,56.34909305521591,45.48113554910087,0.1822186515419206,21.01359552109314,326.3819891495402,240.374004353207,55.92984374358132,-99999.0
K01K77G,scattering,0,0,S,61.67351935600833,0.4494908143243395,15.4795650335244,15.53810410678515,250.4865695659221,7.727223477206113,61.92804585021183,0.4511864208763954,15.49259399568518,15.98894723472849,250.5436318838261,7.51340293525402,-99999.0
K01K77O,classical,m,0,S,43.90078147572052,0.1458875892897803,20.72585813505291,16.30731612981225,245.5904581266104,9.815122435205728,43.9490176146213,0.1463024221401595,20.75329363529425,17.52680062408179,245.6494380947432,8.870897201178447,-99999.0
K01OA8K,classical,m,0,S,42.92422456999748,0.03472763785478315,1.998115232399236,127.9361046012652,114.7835598300929,86.25020240756672,43.22698780626321,0.03359120857522363,1.997300031343068,139.8791603088427,114.7689632505399,74.55718883641934,-99999.0
K01OA8N,classical,m,0,S,42.70290844662423,0.03943746860367629,1.149927173831492,328.069839541479,202.4543704085056,160.3327350333113,42.9913640042703,0.03234302604949822,1.147597001500918,328.4512210824504,202.5662269226138,160.0823924290809,-99999.0
K01OA8Q,classical,m,0,S,45.53449235154074,0.009511212831523598,2.324511461435345,321.2585204069764,131.331268829999,147.7010727535425,45.38260427360646,0.01160361595134315,2.323433749484349,301.6761026498207,131.4129210598992,167.504360704079,-99999.0
K01OA8Z,classical,m,0,S,43.30397869905225,0.0541534345682504,2.101623319876903,66.11505797766229,130.3122768537219,130.3163402055756,43.5894588969134,0.04815120126698937,2.09884158448841,70.26473515246397,130.284968254768,126.4468785013971,-99999.0
K01OA9G,classical,m,0,S,43.49647846743478,0.01362382070680437,0.5463998050633179,13.74869519166862,332.6787870320533,347.988318715015,43.8203786930082,0.02097916104457719,0.5442074613518881,14.79783900276039,332.708959898356,347.1336609477549,-99999.0
K01OA9M,scattering,0,0,I,68.47494844718078,0.4936153739632498,3.550177287212137,291.6292485692755,306.8415344026771,39.07222563164073,68.96219555687041,0.4931052386119573,3.543932425945961,292.5200751623856,306.8043183987029,38.52326391599924,-99999.0
K01P47K,classical,m,0,S,39.77014379183345,0.06523125149855456,8.731273394142761,169.4735320538359,248.0096291120788,344.5859914461893,40.08821838592066,0.0718700153680276,8.71816945495971,166.6165372741383,248.0391097122056,347.2426227149278,-99999.0
K01QT7Q,classical,m,0,S,44.35848632129277,0.08232880882728093,4.413807875336497,211.0057877808025,80.62728387792495,78.80729867788128,44.75047311756222,0.08392591335158071,4.410393521046076,216.6553405219658,80.6905883702838,73.04589937959139,-99999.0
K01QT7X,classical,m,0,S,44.12773147988035,0.02726321896754092,0.9098980108267612,111.3039360079939,279.4999438303925,325.8844650340346,44.51475607841723,0.03477386942245238,0.9092718476871787,104.6379874679388,279.4660388940204,332.6847167796079,-99999.0
K01QT7Z,classical,m,0,I,44.28802002835697,0.06414210310280337,1.855370101852604,259.1899924483433,16.00034884531586,56.01302639794554,44.62895065642568,0.06659923824730345,1.850096836103011,265.3231454657338,16.13768943326837,49.95417516266445,-99999.0
K01QT8A,classical,m,0,S,46.19156928942387,0.1878524478030063,23.63912022837073,227.4466958572195,117.0864594136042,2.001880775339928,46.67037178737856,0.195958802905596,23.62362618390121,227.9846444067731,117.0581092783756,1.629601482601261,-99999.0
K01QW2R,resonant,1,1,S,30.22822079379842,0.02837101200402112,1.323417559666402,158.4677170193784,151.6288880544667,91.21842739761823,30.42958244013339,0.03009204650166101,1.322921865194017,170.8811119375212,151.529173659653,78.73460015850135,-99999.0
K01QW2W,classical,m,0,S,43.98425395794449,0.02418473864557093,4.80929599907169,74.64381156877329,124.6901231455065,130.8913034135576,44.29091757613637,0.01840495001683488,4.803585453560896,86.37301331709318,124.6618389969142,119.4340006622228,-99999.0
K01RE3V,classical,m,0,S,46.04329134472249,0.0729856883353227,1.294508041008145,279.4864604774796,105.6917524029128,12.98332859745039,46.44165734624236,0.08091984008092336,1.2943967679883,279.7268073570407,105.7046421610373,12.54990600290516,-99999.0
K01RE3W,classical,m,0,S,43.01763738126449,0.03339318378391447,2.96441678436155,232.2029800851001,131.4630938131205,36.67820998207786,43.35488164652452,0.0403466338506489,2.964309811667549,236.8915915801014,131.3787572167873,31.87995405382279,-99999.0
K01RE3Y,classical,m,0,S,42.08078150669315,0.1550361117994895,6.910869674354134,241.559965255108,0.6009821513324874,147.9200171635497,42.36321362066873,0.149256639734556,6.889198204223798,243.4286807589771,0.4650974411087058,146.0038055309944,-99999.0
K01ST1E,classical,m,0,I,45.3824514052014,0.13169437196126,1.583999132280733,285.7756726140237,106.6840406485099,5.941364118240541,45.8033073707912,0.1396273807486524,1.583910476869667,285.5250010606383,106.6876342982489,6.019063758454425,-99999.0
K01U18N,classical,m,0,I,44.20907243186819,0.07486734613006799,3.606817331833917,222.8784860377102,22.98209569444226,152.6471462214105,44.5237461995559,0.06910423109778137,3.59378471478542,226.774642240871,22.91014760454827,148.6146894722461,-99999.0
K01U18P,resonant,2,1,S,47.76176004454751,0.07751749483053692,1.171340750617753,137.6764596934826,105.5150661800025,152.3003045037379,48.11965658030724,0.0713713600715582,1.171205230436216,141.4733923598831,105.5346636757119,148.2846886286232,-99999.0
K01V71N,resonant,3,2,S,39.45122626633879,0.2463382200881676,18.65918549253836,1.364078469519081,70.44001826990856,22.396694773091,39.51043107805414,0.2485041724241793,18.64215068441212,0.9475045643026967,70.3793440057261,22.57603469615275,0.0
K01XP4U,classical,m,0,S,43.430867023035,0.07796234788907797,6.510053223731623,73.09188692852251,114.7358362897026,313.6375951542112,43.29192337009687,0.074240069478391,6.514747168959468,73.43816279037,114.7412004465936,312.9904304034347,-99999.0
K01XP4X,classical,m,0,S,43.76329296973905,0.02768344905815031,1.751381806519079,105.971742390038,85.68099724952702,304.5505921607048,43.639044984295,0.02402122283864445,1.74993834417871,107.7326073805043,85.62481962550014,302.5309225148401,-99999.0
K01XP5Z,centaur,0,0,S,15.93717380856421,0.03501485365681906,2.608297589144547,284.3043880323225,77.79252691444401,216.7925817813476,15.88621911525602,0.03772409711560807,2.610673968611902,286.0563299792958,77.76558635668708,215.1603409549075,-99999.0
K02CF4S,classical,m,0,S,43.13940347709435,0.04938122713797673,1.177910765751672,141.5512901659867,86.97028094648907,323.6583935393916,42.87738047885238,0.04504590738946748,1.178199918562219,146.054243177535,86.89310152220152,319.2265126100482,-99999.0
K02CF4T,classical,m,0,S,46.78583709163436,0.1123864356461464,3.534058739184803,345.1003938319703,159.4713036959631,39.84004645298925,46.47996803491953,0.1083837613329759,3.541775567474973,342.7997710018465,159.5558569372761,42.05595357596276,-99999.0
K02CF4U,classical,m,0,S,43.75217032603471,0.05928316011517005,3.351707968046104,38.87820965454159,108.9060770740026,15.75641041443787,43.5129130327343,0.05496705259159134,3.352546889028779,35.92738148569361,108.9152337693763,18.53868297988371,-99999.0
K02CF4Y,classical,m,0,S,44.2650927484694,0.07823742152077075,0.9784977434808729,238.3986764417319,120.998959898622,188.9978782815149,44.01839144230645,0.08398849329904876,0.9786104402319672,239.0678042678815,121.0273165083089,188.2778202731282,-99999.0
K02CF4Z,classical,m,0,S,43.42421332629817,0.05896910774191884,10.07587489638086,23.98607211373104,152.9217764712582,17.40063126800322,43.16012296556135,0.05364195500283342,10.09469560926523,22.22332028544603,153.0175785271263,19.09842126106794,-99999.0
K02CM4X,classical,m,0,S,46.16419876192279,0.1329190459794723,16.85918263130932,134.8257654066305,42.26696682837802,276.8552865504594,46.30210612310034,0.1297818247860577,16.81930344911735,133.4727720873968,42.15739395087704,277.9532948017358,-99999.0
K02CM5B,classical,m,0,S,44.03644262652008,0.0798214490218229,3.781711078045905,116.2765587063022,100.4979075847051,334.2689238146137,43.75894375169082,0.07479416091983508,3.782192013350911,118.2517314695948,100.4874708845786,332.2875302417709,-99999.0
K02CO8Z,resonant,7,3,S,53.04025110400012,0.3891575706875535,5.46680091481489,310.9359781450502,135.1836292873908,39.12379605073433,52.76815538786592,0.3889728121518376,5.475088038676649,310.1327928310081,135.2283838953187,39.66064316978539,-99999.0
K02CP1D,classical,m,0,S,42.56412885349785,0.01196816308399681,1.42905513439219,11.0665919369815,48.72664707628793,113.5322626762273,42.32843063929398,0.01569840720285127,1.431683948845101,354.3980405887417,48.57666575818042,130.2431210576287,-99999.0
K02CP1E,resonant,3,2,I,39.30461276483603,0.2666114891867936,9.293677865606004,215.0741800120672,342.544105078193,10.6520935892974,39.06171640821262,0.2621675121995876,9.307174820180256,214.9377276279,342.6443711793398,10.79427455909143,0.0
K02F06V,classical,m,0,S,46.97921070640502,0.1567284674341514,3.091612556159036,65.80250093019997,312.805638985392,163.0632661183909,46.7278657320981,0.162654202291924,3.096768637966732,65.29476267397233,312.9143035275955,163.4178483384518,-99999.0
K02F36W,classical,m,0,S,42.84937904301636,0.01999822743498789,2.350272265923683,141.9798469000286,57.32119451260939,342.9458534509372,42.59754262564706,0.01456843238003756,2.353813286710187,146.8022762720171,57.1999531531735,338.1868382504525,-99999.0
K02F36X,classical,m,0,S,44.15206908073177,0.04906851585223571,1.132776907601538,79.49980020894185,300.9845593791557,158.9913645360047,43.90378276672986,0.05466471977002729,1.134270784725634,77.94334043628778,301.0704903806852,160.3936155659083,-99999.0
K02F36Y,scattering,0,0,S,32.02057270751155,0.2966975111345518,5.352518067604718,255.7130657661107,332.6680675911198,6.873811380691033,31.91105286590287,0.2942457448037613,5.354293216997327,255.8700596693108,332.7708949797191,6.789655569501999,-99999.0
K02G31W,resonant,3,2,S,39.32758517319393,0.2427750048339672,2.646788878967451,197.9169876471697,227.101084006536,111.2408921122983,39.1311635567597,0.2458761823016756,2.653660064762569,196.9474269986638,227.0377852062541,112.2892947453901,0.0
K02G32A,detached,0,0,IH,52.06338142910836,0.3279891390670863,15.12679111894774,67.69066661076414,244.7214301357562,342.9221285767682,52.25680580858366,0.3312767184311534,15.14437676271502,67.98077754739343,244.7815176393175,342.8905872803823,-99999.0
K02G32B,scattering,0,0,I,206.8700845637488,0.8291589763678138,14.19212848097321,37.04414124907096,177.0434073434328,1.078503927079573,201.5186553164604,0.8245965509657788,14.20930700588789,37.02545407526932,177.1523109013358,1.118970538349978,-99999.0
K02G32E,resonant,3,2,S,39.29243655258336,0.2301856910084259,15.70075408733511,104.8233497991565,203.7422597434693,308.7635803040026,39.18566070900802,0.231060629089172,15.73864708189132,105.6127770997061,203.8281750400136,308.1394486331995,1.0
K02G32L,resonant,3,2,S,39.45487791086993,0.1255801233615699,7.07781723143701,192.5953420050464,11.09273344227436,27.52635015072744,39.30613300578722,0.1218635551754686,7.092287580170193,192.5297152622281,11.22107060437931,27.6975007835213,0.0
K02G32R,resonant,3,2,I,39.53698648023738,0.2757369011260577,3.320619243133359,342.8728799088008,206.9265255041594,40.39132038581549,39.42264929377106,0.2728802299078431,3.325610983770423,342.7362206169971,207.0483868360188,40.66219796849129,0.0
K02G32S,resonant,5,3,S,42.20348968764375,0.109000316487187,4.302055855641676,317.8364313379906,260.4703103850348,34.12330591050459,42.1402481470981,0.1063674747871824,4.306050485610763,318.6517590233151,260.4874066785662,33.61106287797931,-99999.0
K02G32W,resonant,5,4,S,35.01937142129352,0.07418523613300623,6.355114592353111,122.7397754933332,276.7475529949135,221.2110028817402,34.97950973033409,0.07682013393648027,6.356299418583307,121.7946433476032,276.7614351995652,222.4690796608894,-99999.0
K02GG6H,resonant,3,2,S,39.23591137681682,0.1948008696320648,8.660482047176474,219.0355664819245,10.78190560603993,4.818687105877235,39.08278801347804,0.1916271718513455,8.676918000794608,219.4294097070585,10.89566618503545,4.524556596437179,0.0
K02PE9O,classical,m,0,S,44.02163446922065,0.06219500952948202,0.6717816505300601,125.0363582505074,71.50421183242067,161.7512871341788,44.37517806343018,0.05415115002096015,0.671281110945937,126.790591033949,71.66689102018454,159.9087706723175,-99999.0
K02PE9P,classical,m,0,I,40.93648133040255,0.08980167972883711,34.71334676751398,125.2361097299762,159.6529731182318,73.61789333998159,41.25210554044351,0.09090831836832515,34.63243508197478,129.9102619847306,159.5792496183647,69.05640799549423,-99999.0
K02PE9R,classical,m,0,S,45.34522401327816,0.09351649468788097,2.307664050226044,257.4842641837473,151.8572643691514,332.8819207041527,45.78340719635725,0.1008530058828929,2.304061379780581,254.8895618444424,151.7664795168658,335.5211180714168,-99999.0
K02PF0G,resonant,7,4,S,43.6294120505134,0.1361312532971021,5.542087224367129,273.2111329686551,76.80153698456854,23.01123616343165,44.06867388348778,0.143926128774535,5.537208322633802,274.5662290133408,76.86063479141635,21.55039688024916,-99999.0
K02PF2Q,centaur,0,0,S,25.74552030236082,0.1878067936395802,9.338107933138991,355.4197412219552,324.7462997325101,68.53757844498317,25.91987792497874,0.1899495278167818,9.334212076389006,357.2206522517411,324.6437815961103,66.68338213094711,-99999.0
K02PF5D,classical,m,0,S,43.20298520457804,0.005241489686425208,5.765226111769866,54.26113668708851,322.0846519681244,348.551025546621,43.57895349823631,0.01358540785558541,5.754434124927411,48.74742774619479,321.9997147915965,354.1890471040502,-99999.0
K02PH0R,classical,m,0,S,44.20063402000758,0.08688078393156322,0.8560269510520567,190.8691700021538,23.12968930395429,127.6862899035121,44.53420947854793,0.080808163336548,0.8529715921077673,194.2032383065592,23.28507197576576,124.3536416845167,-99999.0
K02PH0S,classical,m,0,S,43.88973823481491,0.08375136441651415,2.3060593015388,164.8129317578574,116.5535888299815,63.86609307307586,44.26784371086838,0.08601845254797919,2.305168109503809,170.184309983099,116.5259593238102,58.63975357189827,-99999.0
K02PH0U,resonant,2,1,S,47.76804621499643,0.2221518954654154,1.918736244480124,97.46336092387307,329.0833104736004,308.2837722245924,48.25134889183288,0.2264533273447915,1.91338607554972,95.62046229083796,329.033784202812,310.2639706028769,-99999.0
K02PH0X,classical,m,0,S,42.64570659653828,0.04211442746658588,1.570468252249932,111.8145493549508,119.1034513428195,118.9251295161729,42.99036457038896,0.03762040362972699,1.5698828315273,121.5320934317518,119.073747557284,109.3527625673364,-99999.0
K02PH0Y,classical,m,0,I,43.02454190685479,0.0323577258400103,3.015586367088938,125.2181038810322,110.7929482466107,115.0013474378525,43.37763076957674,0.02863468701898902,3.014804981459819,138.8979674545091,110.7763790382537,101.4502066146673,-99999.0
K02PH0Z,classical,m,0,S,42.55781058968868,0.0409586893044338,1.271833643552505,163.3090618519334,68.70891153991595,118.4710626424952,42.90284886009773,0.03656990870867807,1.271043638349737,173.2636786646039,68.84176315709148,108.4951755311651,-99999.0
K02PH1A,classical,m,0,S,44.34044089806821,0.07723639960766666,2.508425093536005,28.20106694096492,109.5548387142721,217.6284977174735,44.68741343042772,0.07148011920852719,2.50791546174093,23.8549962204614,109.5433212154967,222.1203994692327,-99999.0
K02PH1C,classical,m,0,S,44.69587500296505,0.0587196790532376,3.576348534334068,308.7237841686577,336.7245159061312,63.95597092748825,45.08422183853278,0.06149399384991309,3.565943306915295,316.2656307464545,336.6773462080494,56.56819670126746,-99999.0
K02TU1H,resonant,3,2,S,39.37390761853895,0.03782086146911113,1.541398570826674,232.1442708594732,93.44494394874681,90.47112393660181,39.61075988047914,0.04021891599119314,1.540275164539274,240.5032957510329,93.47025909684179,81.8139739307189,0.0
K02TZ1T,centaur,0,0,S,7.081095625931783,0.09541786735898657,8.737832901998607,41.56924852753142,284.4785325988577,36.7442381702033,7.133991028772762,0.0996072532013285,8.724378606120752,43.78911531827083,284.4839489072837,34.53177187075332,-99999.0
K02VD0E,classical,m,0,S,44.54987023550886,0.06651813680188581,3.24229700140783,232.5003169733614,356.8073217345594,219.9001161433332,44.67537359879232,0.06215780011617439,3.241526061529262,233.3243011919533,356.5895326369048,218.9060361400485,-99999.0
K02VD0F,classical,m,0,S,45.82644611513757,0.1173334055112967,19.52989596604275,112.1170316867304,257.5137673140345,68.46510710203833,45.97710578229035,0.1211295856948594,19.50612447062013,113.0163805193493,257.4841078971107,67.21726445436168,-99999.0
K02VD0V,resonant,5,3,S,42.3034386514017,0.1681690742844461,2.383218914192293,259.5636232158925,171.4810604654747,349.8476470159453,42.6260916479083,0.1738510170558102,2.3809762620546,258.5120931054234,171.3512062891414,350.7925036309702,-99999.0
K02VD0X,resonant,3,2,S,39.47408352609239,0.2224151294193533,1.320628392362864,105.8858577522562,296.902578576364,22.64279438564691,39.710481453816,0.2274977296010137,1.321359040183359,105.9365008175591,296.8373756450272,22.38390447467885,0.0
K02VD1B,classical,m,0,S,43.12643424553479,0.04134187424508668,1.529408375576906,142.2916031457946,86.79915645826767,174.5476945106166,43.43142032813356,0.0344705811236273,1.527887709802271,146.2397020851311,86.85015680132946,170.3328399386597,-99999.0
K02VD1D,classical,m,0,S,45.11167648821399,0.06459989480025073,0.8535053597378612,242.0765573496494,84.5046977983025,72.47850494717088,45.46229576982674,0.06836561089187008,0.8523642789806859,247.6179948341145,84.5739837085235,66.65196289694354,-99999.0
K02VD1F,classical,m,0,I,44.16430509782332,0.06014867253995438,1.806864789710756,15.97385858995601,157.1309728586672,290.7672996444421,44.22417802003037,0.05755552388391983,1.809184814593769,13.66612278835629,157.0121149667233,292.8168247688621,-99999.0
K02VD8D,resonant,3,2,S,39.48992337162242,0.14728045288095,2.783296135069075,39.42497459385385,315.1408525017279,61.86661099172824,39.71683420765012,0.1512732488886318,2.78511477395672,40.97362728058904,315.0321851001511,60.13004279012966,0.0
K02W21L,classical,m,0,S,43.09820908240962,0.04119533217646751,2.549749376170472,333.5488540936705,67.80385863599422,57.0661845513783,43.15548997416885,0.04457198750225938,2.545486619351049,332.8296097087663,67.73180344002286,57.48273544016947,-99999.0
K02X91E,classical,m,0,S,46.0995248943756,0.1227570255010076,6.270525523572028,5.550877226172357,276.9867980575634,188.6717219705858,46.09478214259967,0.1223684635848079,6.27018672986369,7.09378151108518,276.9737510737749,186.7145129196909,-99999.0
K03FC7J,classical,m,0,I,43.28008610162822,0.1824096998350207,22.89521682738172,89.96415900165358,162.2624460884225,320.4558018434492,43.02474292611765,0.1795097517247231,22.9453722492383,91.20753602188228,162.3461120820915,319.1870556086188,-99999.0
K03FC7L,resonant,3,2,S,39.25910150603987,0.2354673717964244,3.494693081210546,56.06801035044148,314.2502683200666,169.2341371890481,39.0815432440678,0.2408667959706789,3.501097224621584,55.8842694925315,314.3532376749239,169.2536799104963,1.0
K03FC7M,classical,m,0,I,43.74756229193149,0.06031147058665767,4.285919670623861,77.27613292218852,52.41287015563801,100.5407297285832,43.57914461182152,0.05920950176967833,4.297795478018708,73.30894337813997,52.43060432829745,104.760550981331,-99999.0
K03FC8D,classical,i,0,S,38.28391940791311,0.02276422752033541,5.304100686009336,339.7713183408206,149.1498126121417,65.84389606040216,38.07238210811411,0.02102994386910867,5.312456041889916,326.5993035040807,149.2440592697317,78.95648222323226,-99999.0
K03FC9H,scattering,0,0,S,70.76442305910726,0.6093470885388694,18.69952288271136,296.6931119648564,171.5897595407098,25.28754488870338,70.13777708669136,0.6077260753435003,18.75312288460322,296.0940977548461,171.6757686697685,25.70545048202589,-99999.0
K03FC9Z,detached,0,0,S,61.76728554749184,0.3845704177687038,5.793714486969917,161.3200865299592,28.02957353541929,15.24787008891187,61.25557950582965,0.3794650368012258,5.809482681992129,161.1347600998772,28.08031331803162,15.52744256456806,-99999.0
K03FD0A,classical,m,0,S,42.60567400070706,0.03156279338853514,0.2886817806760275,282.2790189242358,304.1972250995752,353.3805877955579,42.39147783967439,0.02712413613769724,0.2889314349339719,286.4496688635825,304.4192647324682,349.1658306245822,-99999.0
K03G55F,classical,m,0,I,45.5103379037463,0.05337594800166283,5.94747868003317,287.7260076071036,163.4887847925438,133.7433778785081,45.31006683258887,0.05534359718514555,5.955264927975437,282.9628112353481,163.6518467034563,138.5876017868598,-99999.0
K03H56X,classical,m,0,S,47.20025577706824,0.2243829886622432,29.5254099444292,265.1476889233174,197.5438822071661,89.93448217468016,46.97426899859949,0.2246955683494496,29.62624875426991,263.8993043142867,197.621444360667,91.24253522629519,-99999.0
K03H56Z,classical,m,0,S,43.60458301477107,0.00416014943416334,2.549199709334009,108.8435706267082,57.09014692713068,55.34386781909157,43.39316409256504,0.002947888112422371,2.555752200603645,21.78598293828762,57.0531284912605,142.6348114495191,-99999.0
K03H57A,resonant,3,2,S,39.41092581683699,0.1708990883995097,27.63428548287261,3.616177383401045,199.7114389402375,24.80386775497222,39.27658916987698,0.1677543104896262,27.69062237945346,3.607931655154306,199.8146533924135,24.91892307320931,0.0
K03H57F,resonant,3,2,S,39.32498554090737,0.1926701667401526,1.422023130009589,123.0464192440356,48.13711215510873,47.82798845978328,39.15454257787752,0.189357350073497,1.42596146683518,122.4427818678084,48.16153086541082,48.62191220454932,0.0
K03H57H,classical,m,0,S,44.00338099653684,0.08619491163830059,1.433604627996923,151.7306489619736,39.13549869015688,29.62668931615508,43.78286940398617,0.08154015876168695,1.438322418141845,151.0611416711833,39.1533178122869,30.47760167166973,-99999.0
K03H57M,scattering,0,0,S,41.91715411743864,0.6781505198288063,10.78238008569881,294.1578061462213,14.32928955937212,356.4719082229716,42.38132497307151,0.6817082992416057,10.78189968796474,294.1447269882298,14.41808823758232,356.5279656692313,-99999.0
K03H57O,classical,m,0,I,46.3026024368662,0.1548089312869862,3.479964881084828,192.3689107058642,36.22475345054011,0.6906833069066686,46.0741205110456,0.1507355324171634,3.489827948722009,193.0780957862034,36.26540432041301,0.1569259572492719,-99999.0
K03K20O,classical,m,0,S,43.91378514592267,0.04217403299058749,1.784508658848302,139.70280894984,228.719729958264,232.3118261366642,43.76486473218796,0.04625627675942268,1.788591429346069,141.0709670641691,228.7559221966739,231.1974575728173,-99999.0
K03L07A,resonant,4,1,S,76.11670362708853,0.5280724468562836,5.642171700771589,271.8129614678633,34.13349173286502,349.8234224687087,76.44211436598206,0.5307302183674353,5.650220515632125,271.9901148594039,34.25612921235321,349.8304346315999,-99999.0
K03L09D,classical,m,0,I,47.24239584699929,0.1718663606498362,6.969506200119779,330.1542046060293,237.4074919186598,51.35027722174218,47.2404115204274,0.1692973706999945,6.980462035594745,330.7436163765512,237.4959086535278,51.03299423978203,-99999.0
K03O33S,scattering,0,0,I,68.89648209717294,0.5178646579684555,20.69570031611221,165.1555115573705,131.4546707484623,21.67339675730566,69.93945636683868,0.5229482442542103,20.67486802398585,166.0643397343443,131.3918966033754,20.95901859770526,-99999.0
K03Q90T,classical,m,0,S,43.88779419262846,0.0595080549407342,2.424041967994936,353.2606367228154,141.1504323248969,239.3009851949358,44.25675255214526,0.05530976405973771,2.420683345556095,346.0733604437731,141.067034925925,246.5820101080083,-99999.0
K03Q90X,classical,m,0,S,43.76689375104093,0.02240170982584275,3.201139045763839,96.16370618698367,61.33613929149524,180.5963431509672,44.0911403393673,0.01520243371443115,3.199951937311949,89.07651535381811,61.47501162503894,187.7543523770991,-99999.0
K03Q90Y,classical,m,0,S,42.74585049670582,0.05223691527559392,3.767166638627223,40.48715435132025,104.156138519337,204.8060490098932,43.07419390006105,0.04582335328144475,3.766693194923982,35.17521903753573,104.1577220641342,210.2707083933295,-99999.0
K03Q91D,classical,m,0,S,43.24075933003978,0.03225095318479591,2.223617413577884,228.8741064802723,80.79824810344054,48.5035506255276,43.62129907188655,0.03775380360569039,2.222876608622572,239.1715748200414,80.87906455424955,38.19172066716897,-99999.0
K03Q91E,classical,m,0,S,42.97012014434728,0.04776700996193996,3.471838423586397,289.4283766263407,13.86288875604446,54.11921963727067,43.34960618967281,0.05235783963760069,3.459936922827914,297.3923411146249,13.9067402298599,46.1734367180422,-99999.0
K03Q91F,classical,m,0,S,42.94113548264409,0.03413190404575375,2.181186067935682,239.1413729904705,60.07736493431156,66.40379500995469,43.31916791263811,0.03789385623651006,2.177655682425156,251.0434942537717,60.18715056418114,54.40594902856893,-99999.0
K03Q91G,classical,m,0,S,42.5066114116075,0.01803779287997803,2.206854703141734,354.3017198300082,31.01072746879104,312.1729695682073,42.8276342379474,0.02450180969721159,2.2025484264102,344.2543401991961,31.1744440379398,322.267586233904,-99999.0
K03Q91J,classical,m,0,S,44.2692090007081,0.04052997989906845,2.48660508772292,345.0291403393951,83.79819825780883,275.990653826536,44.62119572136577,0.04321891449044385,2.487137198584143,334.9743294488898,83.87066472629517,286.162636314635,-99999.0
K03Q91L,classical,m,0,S,43.02306977250095,0.009255306968781758,1.53870994256016,202.3808702682856,164.5953687410522,349.805653596987,43.39227106177223,0.01750119707992389,1.534882790751638,200.1668266462394,164.557913327702,352.1485399144782,-99999.0
K03Q91M,classical,m,0,S,43.12164955869812,0.04372771486921073,3.042999123168721,8.556377254256278,8.064167414395829,2.227179946681139,43.51239916195617,0.05212763519136082,3.03253486846137,8.476042925391651,8.030203022488358,2.288700869284789,-99999.0
K03Q91N,classical,m,0,S,42.5308056324347,0.1082910394497465,4.330018378066631,304.9430703252073,18.83710518155951,35.46746426537671,42.93530700374357,0.1146563416492458,4.316285650866205,307.7586958574028,18.87474518922636,32.6461804566464,-99999.0
K03Q91P,resonant,4,3,S,36.46042709708835,0.1024169666081085,6.549607558039432,197.5958113094546,26.61121724082306,147.5569251300613,36.72643575139843,0.09595296100336176,6.527558899710528,199.9124983815602,26.63988636941091,145.1738806684037,-99999.0
K03Q91S,classical,m,0,S,46.1546741217069,0.1418865957081659,3.815096155848777,162.8198114550053,195.8413674237474,1.508997648619306,46.63797611157943,0.1505691164819777,3.804385360104428,163.1154063922268,195.8771745204303,1.239006184350916,-99999.0
K03Q91X,resonant,7,4,S,43.64193729669422,0.250388787079066,27.67779299904867,331.9967132929355,351.9319481874136,35.69767640113236,44.07559960480085,0.2556657313534483,27.61247618706536,333.3730498583506,351.8560075475781,34.37551846219041,-99999.0
K03QB2B,classical,m,0,I,44.05596137838599,0.1078978847614204,11.34259681356781,318.3067187584086,13.69731124505012,45.21489014655119,44.46075755495486,0.1137713401722856,11.30662035419761,321.3273289232676,13.65340382158032,42.15107918773419,-99999.0
K03QB2C,centaur,0,0,S,20.5014353464962,0.2761265689428287,18.24009855436601,22.1851176507174,158.6427740780371,228.0986181447973,20.59622614382895,0.2714636084433931,18.21031623870842,21.7182834626397,158.5339546823272,228.5724703272623,-99999.0
K03QB2D,centaur,0,0,S,19.01808527069863,0.5819671664897957,14.49410076861853,274.0582115076703,0.5914987920711672,107.4423351962771,19.08113164325617,0.5804906334586193,14.47324092391604,274.5599188409075,0.3869135100442574,106.8755403974336,-99999.0
K03QB2E,classical,m,0,S,43.0283235068368,0.0432810729720495,4.226544878716833,40.58615462031364,94.35755713760518,219.2448759522467,43.3730273693906,0.03800934253369669,4.226507381246662,31.95636540588348,94.3898672893947,227.9685962934207,-99999.0
K03Sg2S,resonant,16,1,I,190.39032152959,0.792071107272816,16.79636521860143,206.7901932514007,151.0585514081095,2.104635917644684,200.9647111636974,0.8028886585267024,16.77682372193026,207.0903996377129,150.9699117548961,1.921224940297851,-99999.0
K03SV7O,resonant,3,2,S,39.33972699546348,0.2754137764980317,6.563948309316284,111.9959657301984,187.3059329739443,65.92324190748236,39.67823897015393,0.2770285282534667,6.546190567290972,113.6175460662465,187.2126185711826,64.27802888965138,0.0
K03T58J,classical,m,0,S,44.41730175351817,0.08662861758298447,0.9548688593396591,11.97877037183829,37.22441568848264,42.38034799990989,44.51255755126373,0.0902152270019024,0.953065161252786,11.55677438108738,37.04540872003721,42.61277078374349,-99999.0
K03T58K,classical,m,0,S,43.08405371832578,0.06498108201011189,3.355861795940229,208.3117184114429,67.43736519206726,178.4265101261778,43.16433375170275,0.06317803697804089,3.349377842650727,211.3235654349947,67.37465803653014,175.0795715629529,-99999.0
K03T58L,classical,m,0,S,43.54192554064249,0.04507809307586308,7.738733027684093,225.6925076605106,255.1997766978074,339.7930223386502,43.60686052799313,0.04544600070210803,7.730215078682704,221.262822086283,255.156884507834,343.8971959023302,-99999.0
K03Uf4A,resonant,9,2,S,81.95528773273412,0.5539775332625575,22.36722353499444,101.3913180349186,211.0309316022506,22.73267925842383,83.36169213181589,0.5596686809502464,22.29655625889039,102.1611537293812,211.0344958021318,21.95843834944977,-99999.0
K03UT1T,classical,m,0,I,42.79028973764115,0.06205462370355871,1.610480794164949,205.6229623909355,51.14309115444788,171.9165013634509,42.99120368884479,0.05771096383137104,1.605551629816655,209.0106506033176,51.08543873389966,168.2464151578981,-99999.0
K03UT1V,classical,m,0,S,43.62771041936206,0.03529667057745333,2.109879275747493,49.54361622937097,226.250834312068,139.631501014983,43.89711147685823,0.03251083882823064,2.104807821868742,59.6340302443741,226.2065520761905,129.3001384302539,-99999.0
K03UT1Y,classical,o,0,S,49.22830235492214,0.1619281599967334,3.540766206908124,16.84134874291037,358.2148287579354,50.55609009910555,49.48781493409823,0.1667429027590904,3.539084851021733,17.75292795440753,358.0159736965481,49.49058480144553,-99999.0
K03UT1Z,classical,m,0,I,45.14409992985684,0.1326512217611223,5.335553846552302,316.7274472813753,225.8383242553328,271.0067343910251,45.28462674670229,0.1291377159597314,5.323750266124181,315.4324966308268,225.7441676414595,272.0277641213896,-99999.0
K03UT2B,classical,m,0,S,47.07363445572943,0.05553042155231057,19.27796775608288,194.4449580063161,28.20160264681868,193.1011018539481,47.35415797047551,0.04904060302451535,19.21702522640111,195.6003823086516,28.10625970401014,191.7570105666636,-99999.0
K03UT2N,classical,m,0,I,44.91110061146902,0.1084594458372707,0.8836164614863717,73.7695053890726,23.57563943580788,348.1309341158476,45.08960318476409,0.1112878959970028,0.8816807275874917,71.96262023522479,23.39547367450548,349.7801119725802,-99999.0
K03UT2P,resonant,2,1,S,47.73620146320138,0.4158076788014129,12.97522086109671,24.39689931092522,27.10679857852206,14.42586104377462,48.0743512567071,0.420340177328437,12.9614251759858,24.41735713404164,26.98297187369006,14.27488852989951,-99999.0
K03UT2V,resonant,3,2,S,39.33628272312716,0.2153841192349265,10.97264606525513,121.9617683554598,235.6684970198941,68.97460570052989,39.48851623925747,0.2185484362454969,10.95398164694036,122.7118133650524,235.5826912104775,67.96647603295777,1.0
K03UT3K,classical,m,0,S,42.38148800267271,0.07443294741460005,3.021629556465224,299.3901717015371,171.9692884169886,315.8537479269639,42.63659307213564,0.07665917998931644,3.018731812584788,295.1171044925492,171.816872677062,319.997977231887,-99999.0
K03WJ1A,resonant,3,2,S,39.32399287159173,0.2352527602463357,4.518725748930985,226.5948095917486,179.2274698195904,36.48159662593934,39.43352371549437,0.2385731323704458,4.5218155899535,226.5822536824337,179.0814081617757,36.32536267467545,0.0
K03WJ3O,resonant,3,2,S,39.42901006774635,0.2441176827878805,6.629363158899266,222.0917152762266,112.9207413286651,53.94368549399383,39.75069859316706,0.2480899505603728,6.630172135523909,223.3992047924239,112.8900504325264,52.45883367863351,-1.0
K03YH9J,classical,m,0,I,43.6348576624037,0.07859597435567602,1.446588792578783,44.86578242416902,31.50068981889344,16.22639671368864,43.73880605262725,0.08161587998554799,1.444267827812324,43.35615303925923,31.32561902648242,17.55326998867023,-99999.0
K03YH9K,classical,m,0,I,41.65358527535803,0.1437184367504008,19.61114126014887,286.254389715112,250.1627569862364,293.6018980386738,41.69989071475612,0.1411788990960739,19.58506062743708,285.3776599548254,250.1144678402242,294.1734375802287,-99999.0
K03YH9M,classical,m,0,I,40.96212354321712,0.05718903203099708,23.41427850195409,286.3267074496076,72.90904988315299,94.64862336210751,41.02079568759572,0.06008064473688827,23.38406876852001,287.9724777618339,72.85701077282926,92.68251100591961,-99999.0
K03YH9N,classical,m,0,S,44.27799082525195,0.004236232337062476,2.766709049855413,221.5218291965085,66.26662090556042,171.3497475596702,44.3419333125313,0.004762769551247489,2.761674142361412,268.0044223410924,66.19325687572803,124.5535737453092,-99999.0
K03YH9P,classical,m,0,S,44.02849767213065,0.08015966671754048,0.9483365055613651,1.822469549252733,66.17407347265602,59.64430377514219,43.91485509298067,0.08160324371861274,0.9473761104489858,359.4802573316408,66.03459955367607,61.81041758588761,-99999.0
K03YH9R,classical,m,0,S,43.42121231949596,0.05222748537373341,9.822594854080021,28.33070577418188,104.4095757908245,4.190575953922446,43.28478290229067,0.04965546363466876,9.824846132993104,25.09519529584507,104.4055724642109,7.135890303315756,-99999.0
K03YH9S,classical,m,0,S,43.58004781505928,0.02465210262901694,3.727824848305259,128.7929718108519,86.56558330629603,282.3062082186677,43.45099459034503,0.02166078918460152,3.725674833795883,134.6919404205985,86.5171090355385,276.14396340301,-99999.0
K03YH9T,classical,m,0,S,43.54875518597726,0.02601286974248878,1.684318461343947,344.1188496833287,283.2392588413409,229.2049599448107,43.42534359932537,0.02611547382988023,1.685531469627108,352.465334814062,283.2398964552361,220.5376166607586,-99999.0
K03YH9V,classical,m,0,S,47.0344548317096,0.2184610701510224,15.56750233279425,67.25737249709209,109.886721608989,337.1602833801681,46.81051565925915,0.2143565776141532,15.57531002198775,67.18969329711118,109.8907829325809,336.9869792908281,-99999.0
K03YH9X,classical,m,0,I,43.57660277555427,0.04240013803841469,4.850733168226493,54.1258108245113,112.1288081759216,333.5755806565901,43.43404958138328,0.03860352776085509,4.853347132535323,52.80829285370259,112.1344722247101,334.5935123390904,-99999.0
K04C39J,centaur,0,0,S,12.85453093333527,0.4809411942880796,3.616048653148573,125.5064789625867,334.3622463225459,157.1569519723891,12.85159255887277,0.4806682934738095,3.613125779253558,125.2354080278563,334.5085938990217,157.5412227465898,-99999.0
K04D64H,classical,m,0,S,46.44379779822503,0.09316328421581642,3.519610925610381,153.4802144904265,134.7109682476262,237.2575472576054,46.21416505171324,0.09494009161457906,3.525893249351745,156.4183241494632,134.7488531930653,234.0672625768111,-99999.0
K04D64M,classical,m,0,I,44.96284640034372,0.1356388279161435,3.628472890192917,212.8350798837539,30.39790103604494,333.0513209955962,44.69254189927931,0.1318164759024632,3.639777022174841,214.4577991737365,30.3917782174295,331.5554342527087,-99999.0
K04D71M,classical,m,0,S,43.10089327512724,0.03420317829150075,2.300824487048108,302.2601816535039,105.5605537727931,144.1142710845837,42.85407775967015,0.03897331585882369,2.30100393534802,297.3266110913596,105.5596788053882,149.0680783770846,-99999.0
K04D77G,classical,m,0,I,43.79907864856455,0.1293437946261824,47.69076767982077,295.8265713227935,352.828208631455,279.3672578146234,43.62767888914557,0.129321795354106,47.8234343733962,297.4211470632295,352.8922034937214,277.7247299618718,-99999.0
K04E95P,classical,m,0,I,43.53858265054741,0.03431010498697874,10.21840794966087,117.4695252670134,171.9248108472774,302.0426079736872,43.35363016325091,0.03424694751008502,10.23635202354708,124.9572961435828,172.0737360719969,294.6381459711259,-99999.0
K04E95S,classical,m,0,S,45.2895126697853,0.1397489841391457,3.512827374424532,210.7136763003963,37.3148039526349,338.6382406550402,45.0476024897476,0.1363227156466728,3.523168797042669,212.185670958796,37.32434131517847,337.3389351803106,-99999.0
K04E95V,resonant,3,2,S,39.46944036819153,0.1853796576970217,12.27680252338543,255.3056111047191,192.1567788458603,122.935761492856,39.30306033509829,0.1872341215449518,12.31375379320858,253.9194686462963,192.276919110546,124.4050449872303,0.0
K04E96G,resonant,5,2,S,55.51919976712031,0.4224685899071667,16.2127144118049,16.33942443081705,196.4087911461248,12.55301152134203,55.23238162184347,0.4191768777412221,16.23846936484043,16.36213713545314,196.5234800851116,12.62391357633158,-99999.0
K04E96J,resonant,3,2,S,39.53758463508095,0.2395651683299884,9.340010213993246,232.4459934498654,18.71682391212001,345.99492330611,39.36232949550672,0.2369443830265334,9.36127331235566,233.0715679386732,18.79245014876944,345.4828988113093,-1.0
K04FG4W,resonant,3,2,S,39.48751619076099,0.1567493027685853,9.122698868706257,2.203399549250406,197.9777419360544,26.02667256452447,39.32169565968189,0.1529238001591275,9.142149527777114,2.062835333323036,198.0803289551265,26.27682221031563,0.0
K04H78X,resonant,3,2,S,39.40879106075502,0.1526586065862653,16.27203160165089,19.44357502285547,228.9580811889,15.75052029908268,39.41678410010785,0.1520888830227907,16.29630614101127,20.40502671424493,229.0495333922584,15.00415749150089,0.0
K04H78Y,resonant,3,2,S,39.29008043326853,0.1954601273606281,12.58401071174418,193.8946061710235,25.18207512149934,17.4484706556807,39.1646672594174,0.1924802041322034,12.60910522692977,194.136940930766,25.28447104405883,17.33954748320193,0.0
K04H78Z,resonant,3,2,S,39.57534607011154,0.1507684639147086,13.309297590531,220.6517280294767,25.75632838449921,355.7020150786368,39.45061935922691,0.1483960598846514,13.33867866047061,221.5097348672797,25.85020286466953,354.9917461116275,0.0
K04H79A,resonant,3,2,S,39.33680270546754,0.2451008417572601,22.6996698392558,262.6918231788635,203.2489358329208,97.95231797167507,39.17670978745049,0.2453683855164851,22.76957276729047,261.6631085809212,203.3442430603735,99.08530853111229,-1.0
K04H79B,resonant,3,2,S,39.24318298556549,0.2283399495664266,2.66101260671266,188.8403555296724,62.60607679038317,359.5631201614434,39.15702368488999,0.2267545338340304,2.665700840438248,189.452418940906,62.62665259891097,359.1828082350527,1.0
K04H79C,classical,m,0,S,46.39890343264359,0.1606648504615704,1.446254321108438,156.4069719164915,68.45122036236647,23.94693380001041,46.30413467101888,0.1579915700779432,1.449240732457531,157.0563774448528,68.47060169348666,23.59156353466489,-99999.0
K04H79D,classical,m,0,S,45.94390653058748,0.0317050736632745,1.305077630815091,232.3780230566901,159.1746813120993,220.3237627483765,45.8397345138684,0.03533813570047224,1.304897274010935,230.984557445419,159.3181043058551,221.920885571498,-99999.0
K04H79E,classical,m,0,S,44.30657117125449,0.09789510383144581,3.088517098914077,162.7026988699339,62.81903693526112,23.30929993054453,44.20847713387825,0.09503526551662263,3.095022551645575,163.7129114505467,62.84807827585951,22.58408327841263,-99999.0
K04H79G,classical,m,0,S,44.20352685208587,0.02353981221804011,3.596989926110377,188.0645937018816,56.30906851854551,6.658911859608094,44.10682108397408,0.02130554584382337,3.605794888382201,194.9207654803229,56.35204478693673,0.0892707419833154,-99999.0
K04H79H,classical,m,0,S,43.25301106838011,0.05904536698689481,8.610524315963561,99.2237378619432,222.3461785876926,299.3537307834182,43.19416003142175,0.0610992640190541,8.629644353205896,101.56034935142,222.4387878395512,297.2655419900032,-99999.0
K04H79K,classical,m,0,S,43.90144923790339,0.07925858429799137,1.944400192843314,182.3511103215383,69.0070390158328,344.6333279489251,43.72339287335159,0.07642982964530559,1.9482130437752,184.773962821866,68.97850319435204,342.4872840824979,-99999.0
K04H79L,classical,m,0,S,42.10838395212969,0.0735122847927756,16.7574086605045,313.3514158020241,202.495459178532,69.87172605193891,41.94202970279736,0.07074515449480773,16.80205993699617,310.8818909681686,202.5957309942219,72.47800449522836,-99999.0
K04H79M,resonant,4,3,S,36.43927612167476,0.07992060575011131,1.172124462140644,244.5306700755639,195.9098130438561,149.0782099449181,36.31184679471348,0.08216837606635448,1.174450447595922,242.0849670760894,196.0214247389812,151.6571524134021,-99999.0
K04H79O,resonant,5,2,S,55.205576572216,0.4117609339601557,5.623992927218477,119.9106739842808,53.63400318049268,39.9274036481632,54.94761578056529,0.4085462655943451,5.637291328902511,119.6868337410155,53.70132231153709,40.35967959711521,-99999.0
K04H79Q,detached,0,0,S,63.28535247052536,0.4225223205092984,6.47219807021856,173.5047760189465,37.23647005146736,12.88795071976955,62.89593515478889,0.4186146679687652,6.486820878011539,173.5562678601088,37.30881400882077,12.98786620267096,-99999.0
K04K18V,scattering,0,0,S,30.19167727525177,0.1854457522679196,13.58561151812437,294.9508830880915,235.5979725807871,83.06834029176203,30.18680315413261,0.183034846547027,13.60508266095332,294.9223974648867,235.6850482871964,83.30925182853905,-99999.0
K04K18Z,resonant,5,2,S,55.40769623755184,0.3817608065230959,22.64540882792861,11.13364300599357,232.1180932306914,11.67263523567152,55.40951816385151,0.3811383820822486,22.67701877269232,11.51794482915277,232.1991800658357,11.49613525453115,-99999.0
K04K19B,resonant,3,2,S,39.48533787280863,0.2190245700464257,17.15536970121952,286.3513700609119,43.97167280687445,309.8449590875073,39.49391104929825,0.2213350911637952,17.18936563368213,286.6924201762143,44.05801710045474,309.7343041310691,-1.0
K04K19C,resonant,3,2,S,39.25755772747346,0.2360186379279391,5.636795621416808,6.779338440029828,240.6004123390717,17.59101563103334,39.28904425078922,0.2357273092408435,5.643138549173193,7.430040299967428,240.6690231811132,17.16056029831117,0.0
K04K19D,classical,i,0,S,38.25519584039048,0.0171586805921691,2.125921789251688,68.97151828961076,4.700295807679717,188.1570926504232,38.22404127034839,0.01854033529028739,2.127956504919471,60.45310695688397,4.898887228563108,196.8182282046152,-99999.0
K04K19E,classical,m,0,S,44.36610821475725,0.05011389007807532,1.178316192503395,257.8694878556864,292.4058123848067,56.64627996538817,44.25989952980718,0.04663393937238683,1.177484542675868,257.2883577971936,292.4732057293444,57.48586859192752,-99999.0
K04K19F,classical,m,0,S,44.11836092174354,0.06335933990770677,0.1084935961692452,278.0352770580308,327.2840817728692,8.32655467887851,44.03618841104915,0.06132179414338816,0.1085057930057925,279.9358989284568,327.8118333621397,6.225804763980499,-99999.0
K04K19G,classical,m,0,S,43.28120700423212,0.02226561491070594,0.9626938931193922,271.6037916826134,298.8773779818655,41.07162884406259,43.19391232192817,0.0189966301011952,0.961809381857813,274.054723038449,298.971137109357,38.85898377438252,-99999.0
K04K19H,classical,m,0,S,40.77187409980361,0.1172057273824862,35.22947823363137,225.43532442829,232.9566033788513,146.6155883826441,40.7116119558011,0.1171710194194429,35.31273366178279,223.9808425289826,233.0148686020559,148.3499035571668,-99999.0
K04K19J,classical,m,0,S,46.97319953726245,0.2357192552752586,24.42097359812069,46.59305827123434,236.6136674434769,349.5388450959229,47.00847451902972,0.2368807322326736,24.45829076338761,47.22910948592862,236.6782837061143,349.1512191461072,-99999.0
K04K19K,resonant,5,3,I,42.38473734196611,0.1427631958230866,4.485151028952929,218.9532330978932,238.0563004340127,144.9300697212922,42.2805772953386,0.1435895282729542,4.495597563136378,217.5166897621048,238.0972215173515,146.6731652640204,-99999.0
K04K19L,resonant,2,1,S,47.65592510921525,0.3225593233766315,5.73299527304737,199.2332958645743,38.55074591389968,18.32197122234867,47.65723064686713,0.3215972944228571,5.740606313682513,199.6296223576312,38.67205770880811,18.09757007516883,-99999.0
K04K19M,resonant,2,1,S,47.72619745332702,0.2918620414991843,1.686321479419184,305.7536288636882,283.8481563916401,23.21133717430615,47.6989885444298,0.2902847375595788,1.685721386240428,306.2345929558576,283.8785388235583,23.00391663386486,-99999.0
K04L31R,centaur,0,0,S,20.27642925610364,0.2807508501292705,16.78185776306789,98.36777757931941,164.5511643099891,65.14593983650371,20.41241064803141,0.2807416856929746,16.74893711478117,99.63035366140805,164.5250302122585,63.97599888859313,-99999.0
K04L31W,classical,m,0,S,46.49723905628482,0.08138492323244323,3.001791007786292,231.6599028378974,125.4601730572769,302.6392071931887,46.6619636021849,0.08569741510750355,2.998322061288065,230.867418624688,125.4812910870217,303.7866741296298,-99999.0
K04M08S,resonant,3,2,S,39.34699229292584,0.296731388126079,12.24626920237153,345.1892294482438,288.3229697372799,33.02624195603917,39.65637588957399,0.2995243634044122,12.24059897573918,346.3727031082747,288.321823804204,32.05428912708548,0.0
K04M08T,classical,m,0,S,43.11218192216413,0.0422817313044264,2.238449605613071,28.40730949578195,87.23285817039906,193.1315337364781,43.30876645509687,0.03863581736819469,2.24029505428597,22.72260802979879,87.27906693444395,199.1193189331002,-99999.0
K04M08U,classical,m,0,S,44.871988312022,0.08066812841831571,3.578408008240415,337.4633898686191,109.7449919998241,228.8852497183931,45.09617219693562,0.07940260374572068,3.576982679534969,333.5011800841312,109.7434202667035,233.2012651154462,-99999.0
K04M08V,classical,m,0,S,47.23378027417282,0.1750142359230663,27.2029538688575,193.005193626416,110.2425061478133,13.06291384723452,47.59039171818641,0.1803074589510648,27.1893387211291,194.3654727973542,110.238021433357,11.97461980098615,-99999.0
K04O14J,detached,0,0,I,55.3320416564608,0.2912831459804121,22.46334160617776,130.9543518943275,104.2043254833624,50.60810209702237,55.62003586761482,0.2903355625246218,22.45844975036406,132.1618115887267,104.2075871153722,49.73388569457277,-99999.0
K04O14L,scattering,0,0,SH,48.78541701960287,0.3047029735103379,21.21929593045039,182.5663366314321,123.3844264828056,15.70437017075067,49.28528143100888,0.3106082194527519,21.19927840191689,183.5004596046563,123.3626549977006,14.99099869825715,-99999.0
K04O15P,classical,i,0,S,38.58378632968921,0.05522063684905543,22.945202986929,93.41131727378784,289.179875720144,297.3691487708603,38.8010123992642,0.0597210867041487,22.93236195002914,89.86371586949696,289.1798035336539,301.2092760640309,-99999.0
K04O15Q,resonant,7,4,S,43.65791474961461,0.1252653492899592,9.726408918893767,238.640250742343,110.764169713844,334.5602482282866,43.96416899651366,0.1316091378142625,9.721279858451176,238.3368208306354,110.761300651193,335.1426325522006,-99999.0
K04O15S,detached,0,0,S,55.79224165579797,0.3171190071193496,4.247357166328104,202.8542704271067,123.6034584359046,0.1771267273704378,56.41172911859928,0.3244855075494249,4.243400875466937,203.3031713709912,123.5884403252763,359.9682480366121,-99999.0
K04PA7S,detached,0,0,I,48.04921637184451,0.2440244761702134,24.51895276952976,152.140482027368,140.0685431973213,37.77690122886053,48.50440511411055,0.2479636522853635,24.47818276266099,153.8288913322081,140.0168316367991,36.28817905027753,-99999.0
K04PA7X,classical,m,0,S,43.58730235934544,0.05416644093662255,3.045149397929055,204.77243335702,65.484070254453,47.10608224660026,43.86425042714542,0.05650863022263235,3.046374191205205,210.9794737083212,65.60432913348012,41.06047307097803,-99999.0
K04PA7Z,resonant,15,8,I,45.75270996865603,0.1873593158645021,10.85730658611712,43.04713398447835,297.3467992402446,353.5270393531018,46.17376044251782,0.1947775361106614,10.8476147580743,43.35782688349499,297.3298786687047,353.4443599557596,-99999.0
K04PA8B,classical,m,0,I,45.08167024301422,0.1087935511088362,20.20309456855582,273.5654175955164,147.4296357713272,314.4335403554576,45.50375589836131,0.1144035743739592,20.16502692394754,270.4279971976235,147.3506481612586,317.6745716684608,-99999.0
K04PB2D,classical,m,0,S,46.52728853047615,0.192252457279241,7.757764190703231,132.8984378212856,12.61407783366784,230.7069860221054,46.87608076938883,0.1864543924888479,7.72571796575706,131.0936547543361,12.66050897731821,232.5156131218697,-99999.0
K04PB7T,classical,m,0,I,42.98467422535091,0.0411352065092927,1.237728836101961,194.8114878707861,0.139751262632921,131.60275339402,43.26761819245563,0.03516374762725592,1.233544615259529,200.0811519408128,0.2681865542891164,126.4606266268217,-99999.0
K04PB7U,classical,m,0,S,42.82836794749805,0.01414704353531321,1.873218062390787,333.4058584818798,23.16278142035062,335.8319372472739,43.13805434063415,0.02127709676107386,1.86906999832447,330.4767847723852,23.32981396614636,338.8286228318775,-99999.0
K04PB7V,classical,m,0,S,46.08188109769897,0.1535310156586713,4.322177387509432,314.4053795565519,329.2262096266857,39.44049409233645,46.45694649561765,0.1571181959995505,4.311214011668297,316.8694848627394,329.2195970535959,37.20174551913103,-99999.0
K04PB7W,classical,m,0,S,43.62281248371487,0.06042083284722295,1.862686864167796,73.37882856370877,81.3695882116367,175.4063352605782,43.90741303981233,0.05360056506200223,1.863661017886913,71.57974528880857,81.45673710189565,177.3762871949635,-99999.0
K04PB7X,classical,m,0,S,44.26446461228385,0.09975888922885805,3.746712173824503,73.26939794177576,120.0893557047193,132.7664416876816,44.54893829138344,0.0933834681256748,3.743284960291582,75.20756364010178,120.0611343130109,131.1081083014865,-99999.0
K04PB7Y,scattering,0,0,S,40.04937171614552,0.2824888572590726,23.36251478204606,152.6206337022834,129.9864767628788,42.55310295244198,40.40698835507908,0.2852351238831468,23.33714538674585,154.0973218861511,129.9414519696528,41.25531564270812,-99999.0
K04Q29E,classical,m,0,S,40.8748253498343,0.08371571000366078,24.11701811634096,354.2980822430174,317.858550224161,30.14238488170626,41.21053418076374,0.08931663785023602,24.07629774691951,357.7163011247422,317.8133500805125,26.91852544033395,-99999.0
K04Q29G,classical,o,0,S,48.46107592327493,0.2351990480191936,27.13053094747308,333.4223448226319,319.8915958175847,35.52404375935174,48.90856505189526,0.2392874252382305,27.0835472370408,335.0976454800588,319.8448871061802,34.05915190793513,-99999.0
K04Q29H,classical,o,0,S,50.79046092086033,0.2268226581981071,12.00986912751683,18.80166128604698,326.6739000493123,4.094247002192979,51.37576656796288,0.2353505235892538,11.9856557103373,19.33701164935395,326.6284809452983,3.718129336544698,-99999.0
K04S60C,resonant,7,4,S,43.65357432828649,0.2642777072147373,0.9849404011397693,48.49622076271252,358.9308129783121,351.0626010714619,44.14427004565918,0.2719577224340962,0.9820902482655416,47.94763183694803,358.8514586513627,351.5747057366132,-99999.0
K04Tc7Z,jc,0,0,I,7.022467444738931,0.2344109282233274,5.152432278980566,19.71743340587604,113.8876841457217,159.9117004488445,7.038505237932672,0.2321184120509614,5.150541252143709,19.75385283231898,113.9255007018122,159.9633165400845,-99999.0
K04TS2E,scattering,0,0,S,34.44798940804486,0.1567990415343961,20.67553740274718,79.403130239069,45.80029284341422,335.0935291831377,34.52250943805445,0.1573415064180141,20.64712147699862,78.30133455718516,45.70329820992229,336.0069657965331,-99999.0
K04TZ7X,resonant,4,3,S,36.57929952275338,0.2108173264568827,16.25578806116426,35.93733387826236,36.37047365999847,13.72127714036378,36.69870446584291,0.2139165713608393,16.23736631490306,35.57352794937896,36.25217415911086,13.9226931100115,-99999.0
K04U10D,classical,m,0,S,42.84327885495621,0.03674296464343992,3.49564953188823,207.537417863304,54.73453447070867,167.0586457194986,43.04808507654305,0.03284758538928945,3.486498266911549,214.1024577135102,54.68795398572075,160.2046289359963,-99999.0
K04U10S,resonant,3,2,S,39.53967565825971,0.2188796540315772,10.28800150186112,7.090385110228882,14.09772744644288,17.39199215227221,39.90455288714043,0.2259002630961131,10.26517957520996,7.498492846715086,14.00820904373584,16.90232356417485,0.0
K04V75U,resonant,7,4,I,43.66614062220332,0.1331702551523629,3.345021416196097,247.5353937079747,53.07707077541037,87.67711618409538,44.00793572475914,0.1340383842208493,3.33571045686139,250.733729148656,53.09983715431099,84.26365909707718,-99999.0
K04V75Z,resonant,3,2,S,39.48097930247486,0.1925860499441268,4.465597571270756,12.50366309752942,168.6965873580903,286.4868669227806,39.5566021480403,0.1898690906732504,4.467211237505734,11.85232628584449,168.5329069886116,286.9593921893767,0.0
K04V78K,resonant,2,1,S,47.74011789528212,0.3298647219497038,1.467747932712071,312.2267692669408,67.52866482235073,30.22581496467312,48.1137580725945,0.3352246952185328,1.464873845635431,312.5475756136157,67.50814447696477,29.64836378386506,-99999.0
K04VD0U,resonant,3,1,S,62.26112430880143,0.4290867534499335,8.024227298083055,271.5253608087435,42.95861439092354,53.63739661993678,62.89418781488575,0.431920329552087,7.996457386816991,272.5315713280465,42.89970316756048,52.4391393325233,-99999.0
K04VD0V,resonant,3,2,S,39.44888307284437,0.188132027340719,23.92273505015027,29.10024314471937,46.4499658610828,5.56724648079347,39.61020974711461,0.1916430581857865,23.88435449355277,28.50400100871006,46.36455047310503,5.96351972444856,0.0
K04VD0X,resonant,3,2,S,39.45995171594264,0.2079478908545828,5.745094173321696,291.2993178355626,44.43147002789017,71.82738374346495,39.69604616375777,0.2107497978770494,5.73081117532306,292.6893398577868,44.35196433268677,70.22128289797443,0.0
K04VD0Y,resonant,3,2,S,39.33966119365786,0.276122194579506,10.20277855822098,180.7200070726375,222.368222963168,26.25229635665139,39.53848986150633,0.28037671158328,10.18902260541428,180.7950295225674,222.2666825043012,25.99820051226239,0.0
K04VD0Z,resonant,3,2,S,39.55198534927369,0.2815038378571839,11.58185944319741,334.5525143013672,40.06948097045719,41.86605897326655,39.77691980420858,0.2857339005621616,11.56176538974796,335.0407213358408,39.96094135421378,41.1979372078325,0.0
K04VD1D,classical,m,0,I,46.36771760202195,0.1278842520208511,3.651009356738776,329.7554126891039,36.14111958168136,51.11323349469275,46.66169871287462,0.133060730897716,3.641368986895714,331.2285906451555,36.03822977942056,49.43245888786978,-99999.0
K04VD1E,resonant,5,3,S,42.26328851595945,0.2572188570989955,5.196929244296467,272.3950764668899,219.1849176016744,322.684899416047,42.45971156296836,0.2578840066709809,5.187038335031232,271.3383811181056,219.1020638836792,323.5350162161134,-99999.0
K04VD1F,resonant,7,4,S,43.6514996987942,0.2141345440550233,0.8165424585011892,63.74976059206042,246.4888783233816,90.42031706725146,43.92869011715995,0.2150289665529745,0.8155485202925512,65.4223709880405,246.4624767668289,88.47147322925285,-99999.0
K04VD1G,scattering,0,0,S,64.18087592620948,0.507193416466736,13.64277399522386,345.0300618088545,42.72367117980267,16.09722905075705,64.92383474988694,0.5130487877028541,13.61799668519011,345.2206091684899,42.63475054238756,15.7500612301084,-99999.0
K04VD1H,scattering,0,0,S,60.04401095434074,0.6293701071735809,11.97219317353871,308.1344789367382,39.62283699910869,25.34707265437976,60.77461954289063,0.6333833893149232,11.94684834463447,308.5843440824522,39.49982457154994,24.78511728413726,-99999.0
K04VD1M,scattering,0,0,S,68.4115317806092,0.6983653068163379,14.03181292925928,137.7526698739595,225.9081643161825,17.25033531467927,69.32785268614731,0.7023788941223986,14.0096678160129,138.0418735822921,225.7883875635559,16.85076384062438,-99999.0
K04VD1U,classical,m,0,S,45.55740282850189,0.09676102955639561,0.7683061339231946,183.0136507540622,207.6373237187283,27.1462372302633,45.86589859184948,0.1031492839549199,0.7671411077285007,183.5483127689613,207.5411573428238,26.42207521454314,-99999.0
K04XJ0X,classical,m,0,S,45.19390157019865,0.104590656004694,1.57964195308593,333.6240749350544,72.02238253831544,44.34506958560186,45.29591415739471,0.1082527399671162,1.576837785339092,333.2773113542578,71.96899665509989,44.37548549666155,-99999.0
K05B49V,classical,m,0,S,43.68842396133958,0.04516209164612047,7.980751039540523,27.88317732239534,116.0781731483381,5.720727218252359,43.49811434153202,0.04146321698155787,7.98674773746047,24.36985744580657,116.0962866303704,8.974951255027063,-99999.0
K05B49W,classical,m,0,S,44.08517716810152,0.0782122387157134,2.102501429378491,121.7735164188334,58.95545936092533,332.8402068810867,43.88351625176037,0.07369570420171423,2.10260728068257,122.0655004760047,58.81371852504977,332.4555892420205,-99999.0
K05C81D,resonant,3,2,S,39.26353420781369,0.1515455671354247,21.34339215966475,2.028925418661394,317.8710378163104,201.8836700038271,39.11091992405191,0.1549676356586112,21.39081423644834,3.079827765525785,317.9051141858661,200.5753285501863,0.0
K05C81E,classical,m,0,S,42.71333296068663,0.04668911798938737,3.083823386140789,42.80331279433949,103.8328478727575,11.2337400195458,42.50101066300234,0.04262269165008446,3.084067016230957,39.29327345425029,103.8273615005261,14.55557610041522,-99999.0
K05C81F,resonant,4,3,S,36.46956087713476,0.06343261141200306,0.4052171139618152,2.021438337783572,109.6830786061116,53.27290427809618,36.28432604172439,0.06192650011603289,0.4047898161422723,357.8188704671375,109.645208153881,57.3891681997878,-99999.0
K05ET6E,classical,m,0,S,44.1468669555367,0.06885370639797901,3.296214747580688,290.964205359934,341.9998351983759,252.8389490434953,43.92673287732826,0.06930545015906325,3.307284411901298,295.1799712064985,341.9793360898602,248.4471050521493,-99999.0
K05EU3M,classical,m,0,S,43.54569143824455,0.01948797983488181,5.602135577261843,108.2971718287633,113.2361052394898,359.5053006369239,43.33023613118662,0.01487804531057207,5.60185398474077,114.6465708553716,113.2725613913993,353.3097268385792,-99999.0
K05EU4F,detached,0,0,S,86.37352526298791,0.553754931828211,18.7020132949916,198.279570141061,15.54265283625053,1.508485505301589,85.41016812066987,0.5487611548251772,18.74560998845097,198.3526020002136,15.60699222295111,1.505548284593602,-99999.0
K05EV8B,classical,m,0,S,45.0761014718697,0.1429843615930574,4.478780385437569,304.1819199280845,166.814758214268,98.0692886266059,44.84983197447331,0.1430417769385545,4.486387097849761,302.0103794672536,166.9700256080106,100.282645444662,-99999.0
K05EV8C,classical,m,0,I,43.7381965808517,0.03456212349905953,2.532979247922046,288.9845574287111,109.2700520399778,133.481645047993,43.49777168347646,0.0392632553635153,2.533433148615412,284.3227498796248,109.2806978648056,138.0186233377142,-99999.0
K05EV8W,classical,m,0,S,44.52520686796925,0.07180998488132627,1.061330693161345,227.9361714469824,128.5653424134602,175.9680197014244,44.28846596240578,0.07740210361749458,1.062033795676785,228.3762060539845,128.6095776575076,175.3584657323699,-99999.0
K05EV8X,resonant,3,2,S,39.53478723191548,0.2235177409242628,6.653250506383401,27.42506270628907,100.1705554352964,58.44423739759561,39.3031257373551,0.221603049615867,6.654818583550552,26.22618637749163,100.1661202887467,59.71839985334802,0.0
K05GI6X,classical,m,0,I,43.96553703853946,0.01900691280743287,3.780969167541196,67.13110850728876,158.9094314810859,330.0374858873611,43.70288550524534,0.01455518552154706,3.789284561130965,79.43193216576412,159.0003735777619,317.6761937687664,-99999.0
K05GI7A,resonant,3,2,S,39.36678318089701,0.2172429429250235,18.75176898478047,283.5070123258801,27.72513419614789,311.7874610868107,39.29375991718206,0.2183686580547554,18.79488402044479,284.202471245768,27.81912559754943,311.2701215742568,-1.0
K05GI7C,classical,m,0,S,44.09518547060956,0.1244718069929998,2.398583276034918,198.7945297078162,2.181638632599483,30.51289034519024,43.91917005194953,0.1204721319563877,2.403183689286363,198.6147481412677,2.34063105316635,30.78805186808469,-99999.0
K05GI7D,classical,m,0,S,43.02959208598575,0.02009269920980071,0.7020316987287506,340.290607360723,354.4425490942464,197.9287488098356,42.79536242248949,0.0250340664709318,0.7051228833796762,346.2773061497195,354.407469106008,191.8545534486557,-99999.0
K05GI7F,resonant,3,2,S,39.42985333201954,0.254385124634059,3.906693970619199,134.9228374209729,128.8938777951771,0.02563716633901321,39.41865500716929,0.2542144677770535,3.904142857272453,135.4892547648152,128.9427721477763,359.6818161288093,1.0
K05GK6X,resonant,7,2,S,69.21949547185467,0.52153414164786,9.323698752942278,90.12537291596556,126.0265694968058,0.5624213271791271,68.50649726346947,0.516644563135518,9.325080878674843,90.22271793289801,126.0839523145443,0.5324327866955605,-99999.0
K05GL0V,resonant,3,2,S,39.232778210533,0.1706658148435664,12.01384669554077,260.0964998945158,174.7705475856316,120.170414434808,39.04205521371396,0.1733710457121386,12.04765140525264,258.5499255371772,174.8850734739183,121.7038989758005,0.0
K05GM8H,resonant,4,3,S,36.66881593065216,0.1881203473127143,17.15189066904776,209.5587136837016,311.8531907539163,4.357578588917178,36.46538760104656,0.183938206998885,17.17344795547233,209.0207061987998,311.888158825647,4.739027869115629,-99999.0
K05JH4Z,classical,m,0,S,42.61153986467761,0.07358579897586799,6.510775245325696,243.2386799358275,59.18793678047686,299.2808466565357,42.46025488517576,0.07430651539702937,6.525612111410032,246.4390329545733,59.18404111638866,296.3487816896471,-99999.0
K05JH7H,classical,m,0,I,44.53570260829917,0.09444846900964668,3.274883046657605,59.68953808260346,117.452270199574,47.11168141323515,44.33283446884753,0.090427612895885,3.274155342708631,58.43831929405162,117.4932941157942,48.55544891026472,-99999.0
K05JI5Y,classical,m,0,S,44.10384606929964,0.0673290431131443,2.139501358601118,109.9142824218598,31.89025733413706,118.2941092114368,44.07123598880484,0.06501324227269235,2.144129923870199,107.8882685514374,32.06210658138557,120.5274261836205,-99999.0
K05JI6B,classical,m,0,S,41.46692535265181,0.1056300964194414,20.21957148115421,36.84853295465903,238.398970945744,350.7432958771415,41.45998076457273,0.1060222343391037,20.25335944974249,38.36714972725616,238.4589103960288,349.4901226944301,-99999.0
K05JI6J,classical,m,0,S,44.63748478977468,0.09400355165660104,4.142336228077769,238.1182828119437,63.76857631953195,337.461581863066,44.69019940734383,0.09623880493400272,4.149424347729821,239.5696067463358,63.83543221795099,336.3037567941226,-99999.0
K05JI6K,detached,0,0,S,47.27307521256439,0.244227337271704,27.25123560925724,229.432447155147,63.14975593069597,350.8266546394132,47.39965374957801,0.2467105825225537,27.28548535406106,229.9863186495523,63.21426519906548,350.5251391095849,-99999.0
K05L54A,classical,m,0,S,44.31355027869785,0.06697654596809599,7.917343669232697,198.4969791627094,70.66347096307629,357.441172255151,44.30174538386154,0.06695460633553435,7.929899362750956,201.1563475278499,70.69863446679749,355.1001907728383,-99999.0
K05L54B,classical,m,0,I,43.67783743022768,0.04668204446771126,3.004419867325978,171.4553946825298,96.07094683912655,359.729097902803,43.66899677135597,0.04661833059479435,3.005907941044005,175.3106935597141,96.07339663554225,356.229719279504,-99999.0
K05L54C,detached,0,0,I,67.38078914540378,0.4633005677695468,22.44351660263193,236.9019946748555,65.55998913500648,349.2117439740299,67.64296752094822,0.4660183682926594,22.47239624432159,237.1842719455527,65.60737009248078,349.1904097499395,-99999.0
K05NC5U,resonant,22,5,IH,80.84009297748577,0.5083705991650385,37.16219373704837,358.8703625090158,297.294643493589,9.449138917326904,81.91862997113381,0.5139507157122654,37.1351203531045,359.5132334913675,297.2808496729219,9.081935219465842,-99999.0
K05NC5V,resonant,7,4,I,43.79411157447615,0.2239272201288564,13.35051923869285,327.0189379195014,302.0198724186076,42.83785046912543,44.12470356597601,0.2260281138049653,13.33615707119244,328.7614563592603,301.9975336478087,41.34751342112456,-99999.0
K05P21K,classical,m,0,S,44.10557089451535,0.1178689304816759,5.404376773704361,61.11942799659245,292.1590544573938,339.5602975535003,44.46014996653046,0.1249790337917717,5.400154706032877,60.78424305557623,292.1464961938667,340.1432754985212,-99999.0
K05P21L,classical,m,0,I,46.52378739062711,0.148995559055308,4.736252861395013,212.3714549867782,38.50709939369128,71.44917268141504,46.87169013777495,0.1483333058180598,4.728173838134881,215.1377756465853,38.66529751997675,68.74419498641605,-99999.0
K05P21S,classical,m,0,IH,44.44915791689155,0.0800778429071216,2.59904743653071,252.2336870179542,188.602149287534,286.0368304069488,44.84404910939966,0.08261780870838172,2.591009838459333,246.5551460269514,188.6283998527811,291.7615870607835,-99999.0
K05P21T,scattering,0,0,I,74.74234179470886,0.5199033189356976,7.904229544904723,107.2688762568986,177.1574720070044,26.68323888144508,75.80630227329405,0.5238046720111953,7.878431013751374,108.23722895626,177.1379836411811,25.88471485010566,-99999.0
K05R52H,detached,0,0,I,153.5887057608512,0.746107564220164,20.4454736456038,32.51289765737381,306.1090068593917,3.729180612625249,160.1417611849701,0.7561812481598743,20.43374158432757,32.93518824151582,306.0522588165959,3.460866390674608,-99999.0
K05T53N,resonant,1,1,S,30.1186358191252,0.06586118769433526,24.99907111447915,87.80939291685897,9.288014453146607,316.1580064567821,30.30341092739017,0.06890566432268919,24.94723321851476,83.6373296898821,9.188968954834321,320.2563383531285,-99999.0
K05TH3H,centaur,0,0,S,19.8573123445788,0.305338326723495,13.4779722325455,230.6604588252038,193.3161938435256,45.09680062106438,19.83067870067092,0.3061304093577319,13.49658003288728,230.3888171986912,193.2273817617563,45.27595513437777,-99999.0
K05TI9V,resonant,3,2,S,39.40267540975269,0.1882233903541293,34.39113901429624,185.5468248829349,246.2125529935524,23.22226011608965,39.44910365284174,0.1902234441925678,34.3571641966574,184.966543184754,246.143950378377,23.5616580353636,0.0
K05VC2Z,resonant,8,5,I,41.27082805275139,0.1791497126928661,12.10244643716639,180.1119588765253,221.9389093061064,37.62054697015724,41.40965601878031,0.1829856092303892,12.08604345696903,180.1419713374867,221.8181013815773,37.38320847442052,-99999.0
K05VC3A,resonant,3,2,S,39.51446886153308,0.2515852010880727,1.514688039416332,317.3413344790617,39.76762155116011,67.28586915817944,39.67082273642372,0.2547089738616972,1.511658884334958,318.0519752536401,39.6184184909632,66.37833963894018,0.0
K06A98K,classical,m,0,S,43.94898310922164,0.1590498440780535,18.12038172614343,278.1589341758739,126.0297111457294,86.91368958144885,43.80774926754771,0.1619632377057655,18.14562418735429,276.9957926968955,126.0548375958259,87.76464098327683,-99999.0
K06A98L,detached,0,0,I,60.51897116555978,0.4136364432865721,10.40266993427764,28.77455524041988,124.8616177123942,3.122476630292484,60.02181589340679,0.4090438923142579,10.41225846701043,28.42561266231133,124.8886511980164,3.286548904956443,-99999.0
K06A98M,resonant,9,1,I,130.8792396007219,0.725377612096136,13.08587886245209,157.6934755939552,308.5726195552025,6.52387896934123,129.5848579289011,0.7233511917292447,13.10186419845892,157.2721785204571,308.6011197542477,6.660548987242465,-99999.0
K06A98N,classical,m,0,S,43.07818704217676,0.0325838534942085,1.914057714403767,84.57576108677765,93.84272424037671,334.5320067680703,42.8861664350297,0.02798418298469317,1.913384438898725,84.69318493625379,93.80442683400564,334.2197653850289,-99999.0
K06A98O,classical,i,0,I,37.96853843151842,0.08817442388182922,23.85607057195618,84.04444430409117,126.0646366721728,314.9098526247049,37.79127094631651,0.08435452599600272,23.88426766325576,85.43370548797976,126.0937107520641,313.3127423584838,-99999.0
K06BS4R,classical,m,0,S,43.80410183215265,0.03939702237800224,1.156281842572559,102.9335627603171,15.24667372464222,27.2809689066368,43.62682692881845,0.03732019348708345,1.159184636040256,97.26700720280448,15.07252831294897,32.86355041114678,-99999.0
K06BS4S,scattering,0,0,I,59.59366328272081,0.439078276261511,4.574420287625464,248.609475134614,327.940624968153,334.2015621963218,59.09263171883257,0.4348486319418363,4.585653240959465,248.9751251499382,327.9399243071384,333.7044305183723,-99999.0
K06C69H,classical,m,0,S,45.75212562296671,0.03656031557267136,1.790850923351598,65.04878654274171,41.00015973361064,45.92139309247717,45.5368114566665,0.03531931410061132,1.793284005015474,57.6179352219585,40.82296665367078,53.29989917346209,-99999.0
K06HC2N,classical,m,0,I,45.89061683553685,0.1857854111797446,7.788753658748607,159.5549392525012,317.2746300211099,31.32929817090073,45.6473282894095,0.1834479309789263,7.802849903124337,158.1631081710471,317.3092455918675,32.49406004896165,-99999.0
K06HC2P,classical,m,0,S,46.24206107010904,0.1646607464802645,9.088800068267908,147.5260486817197,40.75884171243649,35.12114373016861,46.02732027983243,0.1605353246685102,9.11302732723468,147.1395993370051,40.80768569587062,35.6920761073835,-99999.0
K06HC2R,detached,0,0,I,62.02335519303959,0.372605222434536,3.472759216954911,145.3550988362657,50.32216331086578,21.24373195456539,61.62879284067771,0.3682640994854817,3.481303685199038,145.2803132835764,50.3575283632599,21.51233613018444,-99999.0
K06HC2T,resonant,3,2,S,39.31888360507541,0.1608376976850239,7.208018832729737,317.9458137597018,171.6474672444723,98.38734876763927,39.19100120494623,0.15970802760263,7.214451011802803,316.5491547299773,171.8226266662213,99.89150626825047,0.0
K06HC2W,classical,m,0,S,45.45252376028269,0.06604693250054088,1.534476118851216,123.4204689473212,46.17733443763664,72.44265989884244,45.32440432433409,0.06285231189117067,1.539148564972091,121.7045747661466,46.2496718819063,74.40749364667377,-99999.0
K06HC2X,resonant,7,2,I,70.1607737976617,0.4865122664865356,12.86037707017656,257.8773196172772,250.5269530671052,43.9625523000789,69.66988798218924,0.4835262845956946,12.88718787819105,257.4680002444834,250.5319418986545,44.63158004896361,-99999.0
K06HC2Y,classical,m,0,S,42.80919931553642,0.03031290142859393,2.936668738532039,328.1746532101523,29.62818274423647,265.2236386257809,42.76764984914892,0.03342902170451777,2.943261149052363,329.1994654296041,29.78065803509717,264.403859049109,-99999.0
K06HC2Z,classical,m,0,S,47.05116833582754,0.1864272022523953,30.09971701209503,42.86924184249012,242.5118512422514,346.3635539383102,47.08298747462712,0.1877402770423922,30.14522276270333,43.69682197433808,242.5629745223459,345.8139849131765,-99999.0
K06HC3A,classical,m,0,S,42.78073342243822,0.04633446167555639,3.303092257835263,164.441795221837,52.04693096211784,46.66916614266814,42.76170575033769,0.04386420067682714,3.310213844367093,166.693657921081,52.13902602648036,44.68115223395117,-99999.0
K06HC3B,classical,m,0,S,44.08488339435706,0.0898917472326168,1.801817886116153,126.4626060042156,115.7478238440461,11.37205482861656,44.00537262051427,0.08779892945345995,1.801223223150013,128.067587894514,115.7664300279658,10.07045429657639,-99999.0
K06HC3C,resonant,4,3,S,36.52692823309373,0.1374493475367642,12.60003475259815,32.85181394221801,57.18141460511687,162.9535950366885,36.47749516407433,0.138128196186277,12.62921132752956,31.60948089998277,57.2387674597448,164.4871432000473,-99999.0
K06HC3D,resonant,9,5,I,44.47281162892055,0.1101526793992612,2.507651640173263,208.5094505034133,73.22110297279083,343.2089930811919,44.43851497303041,0.1104603209125719,2.511837543054678,210.1287650453354,73.2390117127769,341.9078548884492,-99999.0
K06HC3E,classical,m,0,S,44.04037800599148,0.07165892808924879,4.231449380306039,129.3921295810869,84.43335402536852,40.30886331646239,43.97487546395695,0.06875995722708537,4.236043777634274,130.4892081588066,84.43665345993263,39.54739666190103,-99999.0
K06J58U,resonant,27,14,I,46.24533801777166,0.1258488219229647,7.03424218566477,253.4459405279995,238.491603176423,106.8621510230007,46.11824463538003,0.1243965326105639,7.050445636487755,251.8628744785491,238.5341603248381,108.7472195500193,-99999.0
K06J58V,classical,m,0,S,44.95809878196537,0.06084064274856015,0.3173911986725179,92.61511825527812,144.8487232859314,17.69233301908161,44.88508030643528,0.0585753106689253,0.3171515008467489,94.93252219699413,144.8370073716559,15.7252221842431,-99999.0
K06QI0P,scattering,0,0,S,38.06161074425133,0.6540899014059975,4.962838480899813,52.76182134105273,237.5753074009304,35.53168405068377,38.46934997177566,0.6554244753642665,4.950916930690028,53.30873233408467,237.5869308863346,34.8989904933228,-99999.0
K06QI0S,detached,0,0,S,56.24942648198969,0.3141432054117043,27.33607691966858,31.3162648427285,299.7144509556436,359.4807685031686,56.87704918277179,0.3216123457108875,27.31155439892366,31.73532647705366,299.6977190174964,359.2970686110861,-99999.0
K06QI0T,scattering,0,0,I,78.4498614726741,0.5721516828514458,21.04627644733306,157.8285426970629,124.7283178664832,13.08177642502872,79.55439693286269,0.5767287993218538,21.02549723085128,158.5125314875673,124.7061969039882,12.6652743801423,-99999.0
K06QI0Z,classical,m,0,S,46.26450199168938,0.03515055608903934,24.06917386838829,100.9908135818279,178.8413604813445,77.66179611609084,46.64603318377218,0.0367840128382575,23.98954636092308,113.4723659593574,178.8325131523634,65.25738458937882,-99999.0
K06QI1A,classical,m,0,S,42.3495688414733,0.08246914537102759,4.827650521025755,272.6468648854089,159.0310867824169,320.1521576188923,42.72606679979745,0.08796681228139695,4.818956381738047,268.6695382424441,158.9251518534261,324.1375410670991,-99999.0
K06QI1B,classical,m,0,S,43.84330360360027,0.040606752968297,2.194188396473196,142.2064760581125,64.66276201121346,173.1649214775985,44.20330474247402,0.03247982791563643,2.190266791233089,144.7190645638435,64.75807535412365,170.4894990703601,-99999.0
K06QI1F,classical,m,0,S,44.81316966870668,0.07530395735862198,2.664170169566148,325.9502323322114,136.8270348166034,288.0111509553443,45.20302559801561,0.0768643518367445,2.662129669945616,319.838400596207,136.7361854099575,294.1252834469836,-99999.0
K06QI1G,scattering,0,0,S,57.51899471618668,0.6458999235101878,7.233661086292839,313.5161191122464,38.86184049640396,23.22021273404587,58.21969235272059,0.6498560798042708,7.219876675516433,313.9254106833712,38.73450738706285,22.71110252702513,-99999.0
K06QI1H,resonant,10,3,I,65.93551532090054,0.4187126163744178,19.13402849708608,207.8178584344705,73.84042946947521,114.8763079547219,66.29707933770077,0.4170216510731299,19.08211702021672,208.6319235770186,73.84507285921941,113.5749767706588,-99999.0
K06QI1R,classical,m,0,S,46.61107368225706,0.2015976365403511,9.838821055390676,30.52139620323425,291.1169574491512,51.55743648221676,47.0655734289203,0.2061945583538951,9.838019578546584,32.50921891684469,291.0784850364832,49.49252006254794,-99999.0
K06RA3J,resonant,1,1,S,30.03767959832296,0.0300617907744309,8.163022888792655,27.21314356355961,120.8585143268944,269.8589746045468,30.20998380514934,0.02860909936366873,8.164456206987829,16.13979712347622,120.8049021181679,280.7700447122809,-99999.0
K06Sa9F,resonant,3,1,S,62.60732056850846,0.3762194406379632,27.65419675355361,289.6046047896446,95.24953729424162,23.00076591109644,63.21077499654121,0.3824878761087611,27.6437386354957,289.7885757106063,95.24551765513652,22.52727803316,-99999.0
K06Sf5E,classical,m,0,S,42.59703339273202,0.02707210772692951,18.51900863559989,59.01672241718533,208.9846927303672,93.20395328114016,42.94936314742444,0.02721555399557953,18.46550855652903,75.9628079916327,209.0554838449989,76.22843138195141,-99999.0
K06Sf5F,classical,m,0,S,43.15647175195029,0.07461480028251762,15.71181280950952,119.7569908966992,269.1440333470915,343.201346747019,43.56449522638961,0.08273343625987346,15.70652461406139,117.8816824293869,269.1739438800017,345.0499947590283,-99999.0
K06Sf5G,resonant,2,1,SH,47.91847226941208,0.2913255757132471,31.38113470463676,183.0955007196488,186.9524665909022,1.849387540401563,48.47751817692581,0.2993104686823424,31.3028284808723,183.1758476484829,186.9332062430798,1.778410733303002,-99999.0
K06Sf5H,detached,0,0,I,49.75000776070561,0.2538005297073915,25.0465108866369,68.73997023671919,310.3580638724034,359.0218925867122,50.36075821823808,0.262686165392476,25.02841065621354,68.70963703608462,310.2868942155003,359.0938579924821,-99999.0
K06TC1K,resonant,3,2,S,39.33619269030893,0.2494038315958331,27.24899288861399,295.1459794319888,174.220391872705,332.773899174962,39.57021939216514,0.2520771843794415,27.22560442845845,294.1955314940046,174.0826315093658,333.6269940740559,-1.0
K06TD0O,resonant,4,3,S,36.41869399380866,0.1513285473079,1.046517918035708,170.1150862057222,233.9599859699216,6.088726105575005,36.70506417438908,0.1579400627213048,1.045018156075279,169.7870981414683,233.9275965958794,6.251108949361042,-99999.0
K06TD0P,resonant,3,2,S,39.25374802755279,0.2700981643248457,4.925800024290613,109.8466244592308,8.489517917047415,309.4943462892807,39.55298656783529,0.271247061178729,4.912421298934771,108.4487864663099,8.401005263343908,310.7986932625169,0.0
K06WJ5S,resonant,3,2,S,39.38325767888753,0.2350774566758589,32.71460970384202,232.0659006714991,62.55673685578002,91.28131846986221,39.6348406032681,0.2351653161599459,32.6453527580319,233.5642719298035,62.57078423835824,89.53291488341554,-1.0
K06WK6F,classical,m,0,S,43.50344697600569,0.04942527882443655,2.055588179586184,184.5206404975271,58.11373109027053,269.5432576489913,43.32323373091235,0.04769111636611907,2.055512723263901,189.4948800600243,57.95982916514489,264.4647165105561,-99999.0
K06WK6G,detached,0,0,I,50.39742958368603,0.2902215181661181,14.2941816351928,122.7114520720258,317.22443209102,44.29551583647687,50.20312449929575,0.2906523121483851,14.32158846161927,121.7880191566568,317.2477467039385,44.93052383317863,-99999.0
K07B81O,detached,0,0,S,54.19697264596493,0.3356085459114356,9.693320185983634,15.74216033385579,116.3292658854055,13.06683461447278,53.84981362612817,0.3321726426732194,9.699358664585864,15.10845669330262,116.348012867958,13.48886054543047,-99999.0
K07BA2P,centaur,0,0,S,23.86214904245632,0.2570729066478694,64.76185374348759,125.1847610692223,45.26875881143337,40.89900327589536,23.83829486416107,0.255936990013761,64.85533125234143,125.2746691096885,45.30559909977402,40.92787999808181,-99999.0
K07C66J,classical,m,0,S,43.39953883401024,0.02867480616141182,3.020185837347095,307.3977172219044,112.8827719204577,92.36216679048002,43.20256131381839,0.03120522177650707,3.02149152357729,299.4676427889522,112.8979612093984,100.0532756242342,-99999.0
K07C79Q,classical,m,0,S,45.43811939319405,0.07693233255929945,1.184047751000558,236.9504049613373,356.7736080904579,289.5005196128319,45.20880560878609,0.07415148378750647,1.188331150487711,240.165812653043,356.6742695768038,286.1728798085301,-99999.0
K07C79R,classical,m,0,S,47.14684663219203,0.2187430529725203,21.86901517335586,357.2806398318636,133.2751825940941,24.05395382443968,46.87151021896882,0.2155760417878049,21.89856229378493,356.2029592968052,133.3187137572648,24.92807968258565,-99999.0
K07C79S,classical,m,0,S,44.16546517300802,0.03517191703443133,1.539572532018112,138.006450720862,330.2863366931289,49.2206267807174,43.94428021510038,0.0338231151126856,1.544287403931635,129.8465156497401,330.3012497299654,57.17044316604699,-99999.0
K07DA1S,classical,m,0,S,44.00299882455703,0.08615104172752387,1.389062859858053,215.7908438992932,26.49837377110792,287.9798467417588,43.76746640798537,0.08380982625796422,1.392634556390804,219.033520900347,26.33723657113746,284.7259978675481,-99999.0
K07F51M,classical,m,0,S,45.54870932858541,0.1608700670741702,29.22225300034571,342.2369960541253,106.6336196953763,76.16344828345565,45.28643224144336,0.1615262407298519,29.22938926563536,340.2030619985065,106.6494755687065,78.09330849271761,-99999.0
K07F51N,resonant,5,1,I,87.52486149778939,0.6189481756242398,23.23668355754914,9.950830542403942,102.2852982799844,17.744955220551,86.57872643025148,0.6163358505027363,23.24069741265071,9.410719915324073,102.2836188766878,18.12742873815402,-99999.0
K07F51O,detached,0,0,S,50.41623062374678,0.2880442515760823,27.9451604210753,150.4451189315934,43.22526793826071,355.972540115254,50.04746969967314,0.2829928167247662,27.9976601172666,150.6237561845397,43.15146792566476,355.8606949964967,-99999.0
K07F51P,classical,m,0,S,44.75522319852945,0.2015739914484673,25.60648558019579,56.19194751203075,72.00935585796344,40.57378926180603,44.47028303629708,0.1985879928785715,25.62713473051691,54.95871519907499,71.93483263386752,41.83188047892894,-99999.0
K07H90V,classical,m,0,S,44.00307137713972,0.06034414259532674,2.943336862254288,135.3907998595238,88.94705658221632,31.64050199582418,43.94224846410287,0.05774909812371721,2.945998084035717,137.2101871567737,88.94549672976565,30.16383108893173,-99999.0
K07J45F,resonant,3,2,S,39.35233281350149,0.0868945250048951,11.01426699634242,342.446475680774,176.2647045663497,94.67840211561902,39.30606601960928,0.08435430048623652,11.01614712001886,341.353240479125,176.4458462751757,95.92803553549058,0.0
K07L38E,classical,o,0,S,54.04937711637834,0.2267601006519426,35.96569455265081,53.62965983594079,193.5291151322621,15.58324515004695,54.07331703064558,0.2263559187969253,35.98450843407328,54.19469513485237,193.7025769892169,15.15686342370832,-99999.0
K07L38F,resonant,5,1,IH,87.54443546526865,0.5550426226681731,35.82531570600321,12.74588934868,169.2938644489358,24.43327799833139,86.99439360043276,0.5518990698625416,35.82167935947368,12.50999553885535,169.4891334526275,24.73140884525226,-99999.0
K07L38G,resonant,5,2,S,55.4350782822093,0.4338737441353768,32.57903174699548,75.86036349023203,139.6283121755173,22.3512147666864,55.30870911607232,0.4316745549107339,32.54670138820847,76.00757400425515,139.7072000800844,22.39392330939372,-99999.0
K07L38H,detached,0,0,I,133.8491398725913,0.7250703763160677,34.1968546763293,130.1519779734757,122.9258568006048,1.926603034996951,133.5782244151288,0.7243455773930212,34.17583111818389,130.3988307067144,122.9631970773148,1.904216361387053,-99999.0
K07L38J,detached,0,0,S,72.35571372719225,0.4696416610598475,31.53987007560844,117.9832515820783,137.8069635386749,4.093045936036687,72.27582536752097,0.4688057383118591,31.51202020922495,118.3076092502678,137.8823663876234,3.981846304353515,-99999.0
K07RV4L,classical,m,0,S,40.38679778635066,0.03835809730913041,21.06015881353397,23.21024343185686,211.2516059490393,125.3352438109902,40.70291189734866,0.03389013744822214,21.00213348373452,33.21113037142183,211.3299199966436,115.3018981296495,-99999.0
K07RW6W,classical,m,0,S,45.91657472487891,0.2354556247918064,20.49985957052198,71.83770131782629,264.2888269641223,20.63404426605243,46.44207467973403,0.243083237090064,20.49057675246139,72.82859254962612,264.3287753669717,19.6266579891844,-99999.0
K07RW6X,classical,m,0,S,46.1031970095756,0.1574696964463181,25.02903844909139,51.53992209306537,264.4359945327429,35.84239383491151,46.56590909998282,0.1635290525266718,25.01996125061416,53.69914861710593,264.4827385851881,33.69001901224554,-99999.0
K07RW6Y,classical,i,0,S,38.81795240960788,0.06802684499674387,25.48131208773084,180.541900234899,232.2400841751384,315.8354304574677,39.14732135007964,0.07361598823172047,25.44120342739793,176.0598512064042,232.3316691621386,320.2552489884384,-99999.0
K07RW6Z,detached,0,0,S,52.67462319308029,0.3465820932172373,37.26688168886692,103.7133602403243,296.3945040512885,348.7647779478594,53.40617918793684,0.3550411844978195,37.253692119576,103.2258934323566,296.3531789823238,349.2542003460363,-99999.0
K07Tf8B,scattering,0,0,I,57.12328479339903,0.4081588782921344,6.540644779016412,42.11534725134315,94.65270510106745,298.9208424313487,57.57923855120146,0.4066230548504718,6.538597126294893,40.95789812892992,94.6756378240929,299.8647683838184,-99999.0
K07Tf8D,classical,o,0,S,48.25842711207439,0.188924065135341,15.09268787567855,277.7185325193282,119.2763460281744,10.75982606979462,48.69760909070498,0.196351866471093,15.09569795931774,277.6621569068338,119.2238803501596,10.6455627754973,-99999.0
K07Tg2J,centaur,0,0,S,19.50681774901786,0.5261839755572901,2.909453058316847,316.7204325849037,318.6106130283576,91.35662007137392,19.59555606950816,0.5247558287929198,2.909254730529256,317.291505504653,318.4882641914643,90.70504923552424,-99999.0
K07Th1V,resonant,3,2,S,39.46983974669133,0.2330784118006463,1.805655976476996,2.632321402119983,44.38421391981552,12.81101451102756,39.76036998327458,0.2389096761699267,1.801550146375636,2.539364596508897,44.32859328655186,12.71909210574845,0.0
K07Th4C,resonant,9,1,S,129.9076113896083,0.695131691243857,26.46767449876122,351.2628764405412,16.25788265623374,4.433558374486347,134.0613965915225,0.7044594403689195,26.40503629986657,351.501556503881,16.19256793222739,4.195218153842225,-99999.0
K07VU2J,classical,m,0,S,43.15082128124254,0.06781443332863246,8.711794109630588,331.5437473063677,59.22994037184522,7.387063788093882,43.51322497063639,0.07553669979525585,8.693556648716392,331.1759168745897,59.26452031316549,7.549488440966349,-99999.0
K07VU2K,classical,m,0,S,45.77859162316354,0.0326997837351691,26.54374902242079,206.2268575186587,61.35570535922234,132.7322291726101,46.10267444753929,0.02980120274232569,26.4866617847539,218.3661076442944,61.38881960692105,120.3426007441172,-99999.0
K07VU5H,centaur,0,0,S,24.18457432740591,0.6613255234655464,6.210619894926689,248.7240527877914,165.8335081900288,38.50461464276275,24.12548724356842,0.6623413747503125,6.225758007271488,248.4569426985605,165.851049362781,38.59152299936082,-99999.0
K07VU5L,resonant,1,1,S,30.02800258138481,0.06329493282616248,28.11618631671482,216.7584869512311,188.6119467963191,22.68451014283427,30.16493394074476,0.0678023041151346,28.08400649362828,216.8596677658191,188.4747412443976,22.48208855021452,-99999.0
K08AB8Q,classical,m,0,S,41.49498467220715,0.06159274087915034,24.58038341149943,197.7032140234847,312.4461867267468,2.339246727709107,41.32137082630422,0.05795504352197235,24.61997906556949,195.5337932146525,312.4699033651167,4.26172092916289,-99999.0
K08AD8U,scattering,0,0,S,32.3918644203067,0.3744281427149996,42.82637071935646,253.1039821063792,50.5435365452472,211.5762851239135,32.31210530289315,0.3766091065588075,42.82967799902293,253.5854796329885,50.35488702137022,211.0148073577348,-99999.0
K08H21Y,jc,0,0,S,10.9383826389216,0.5064852210685704,11.99487211884681,164.2798778218827,53.28544771752317,151.708025290303,10.97313902715482,0.502911820828661,11.96860875554988,164.3952991351266,53.3252319514029,151.4844914984972,-99999.0
K08J41O,detached,0,0,S,87.36543728121715,0.5432370021707331,48.81532717853954,146.5715281376453,153.0589089556643,354.5327616937105,87.6281832296638,0.544903303944365,48.76555034257339,146.790983891571,153.1640638955308,354.493330396089,-99999.0
K08L18C,resonant,1,1,S,29.95987135663433,0.08303835455051042,27.53903351763881,5.725945911634836,88.51459832284843,198.4808395892691,30.03231573335676,0.08150453331967199,27.55254281178741,3.494684548718263,88.54238397866412,201.0129226741459,-99999.0
K08RG7G,centaur,0,0,S,16.8078136881549,0.626572640720649,8.29863814140515,204.0282041802748,175.7975966178932,70.75939871420387,16.7899154455025,0.6283136525169699,8.322797416089657,203.9403417105571,175.7506543784792,70.69499850138172,-99999.0
K08TN9A,resonant,3,2,SH,39.47140200336221,0.09546747976197476,32.27367444325237,287.4420916852073,125.1286824767774,8.876382931605434,39.72909174664819,0.1015089208371443,32.28590128078094,286.8366655196993,125.0615736883181,9.293587588125162,0.0
K08UX2A,resonant,4,1,S,75.76847324838536,0.5127617437404072,30.74126196113059,226.5404877769895,109.009927738254,23.33884384883529,77.03203528173854,0.5194483863864622,30.74205267386243,227.2599555061435,108.9849010956653,22.53407902506617,-99999.0
K09DE3J,resonant,13,4,S,65.89787273738304,0.4321948366622986,17.64010559926232,84.14763088299267,142.0073522601946,354.1112543899185,65.28377344690618,0.4271843807550534,17.65394865230081,84.38117658117484,142.0984293004105,353.9062751935364,-99999.0
K09DE3L,classical,m,0,S,43.54108394984853,0.04705122142783598,11.016622811077,322.9348013066286,111.3946709370186,120.7742988200131,43.29242075804984,0.05009951032815943,11.0186481806762,317.2356499088321,111.4286959272563,126.4907569335985,-99999.0
K09DE3N,resonant,3,2,S,39.35398894711758,0.1976151715086538,10.56180808740428,129.1650867810008,95.04046837700001,353.7119675889025,39.12855906226218,0.1933623623065077,10.56562388781915,129.7236639780402,95.0325936629709,353.2894606892364,0.0
K09DE3R,classical,m,0,S,46.89110975058617,0.1595397028471142,9.548042311762163,200.7721930666999,82.77500940542457,294.059689688362,46.61230302134805,0.1591898454923063,9.554237445522235,202.8878949421648,82.72306528218128,292.0936390814362,-99999.0
K09DE3S,detached,0,0,S,49.23725314125053,0.2429585546180492,11.00165735354023,76.3462997619604,98.37084993561548,19.55619660586521,48.87463762198017,0.2377627793686456,11.0044217784196,75.88349812804623,98.36460661214677,20.09388094279192,-99999.0
K09J18Z,resonant,3,2,S,39.2944263444878,0.247102436318765,23.84863796076784,176.4021359310241,37.15884985091818,359.7374580963699,39.07686363480192,0.243114657468711,23.90186243430004,176.6669771111047,37.15855738238604,359.5835258471758,0.0
K09J19E,resonant,3,2,S,39.45210329361713,0.3010599537359382,22.17625201089752,117.4172897212463,144.4016261684403,337.1872661751335,39.25580869800869,0.2987773975862836,22.1899790812678,117.9813105721497,144.4975696538598,336.685396489483,1.0
K09K30K,detached,0,0,I,59.97862002760241,0.3705042726194103,14.26524113069022,263.3018041261388,259.7597977891739,55.71143765592961,59.73663282149878,0.3673302947737683,14.28506428771304,263.0310083047715,259.7723389494731,56.31617930521517,-99999.0
K09K30L,classical,m,0,I,45.73467434959081,0.200747976548961,23.15961467414457,188.9863426598462,255.4554182652471,172.6903674815962,45.68232898046066,0.2017067949845852,23.19957432702645,188.0722698703592,255.4720627193325,174.0125919275427,-99999.0
K09K30N,resonant,7,2,S,69.38614163636153,0.5608250123379913,4.616844247436935,306.3048273772137,284.7264009795312,12.8040418123221,69.37137762107416,0.5598924293483194,4.615940580298192,306.6121871945468,284.7458853674599,12.7514020502367,-99999.0
K09K30O,classical,m,0,S,44.26610071860009,0.0719658321565659,9.375139000981642,343.3749998597986,53.94737923867471,233.3772535895269,44.25582868962179,0.07467959837854994,9.396383688584383,341.9837278018069,54.03221051258168,235.0720538729522,-99999.0
K09M10E,centaur,0,0,S,28.99574481379461,0.2339685126991566,14.53432441963308,348.0382936752453,345.381810985489,8.347866459389445,29.26897713350613,0.2405762638316781,14.50501527245461,348.6087754362435,345.3869924672524,7.87660165756369,-99999.0
K09M10F,classical,m,0,IH,41.60445423800672,0.1431443759645689,26.7953593137758,330.2997516936152,320.0907319216248,21.02715838048373,41.85508182653881,0.1468661965411309,26.74661565706093,332.0462675152797,320.1041002510759,19.53642526964223,-99999.0
K09M10G,resonant,2,1,I,47.81797314241503,0.3524971655806522,19.95061422830198,182.0629286217233,84.43370835835105,31.7640981263507,48.20663423221733,0.3549107809355684,19.95374102078523,183.0765790556554,84.4857403340174,30.9380508288249,-99999.0
K09UF6F,classical,m,0,S,42.88355620890172,0.01956611317763728,1.294219432438614,28.51970296640518,74.70637628986398,309.9555194072003,43.17796390821621,0.02302505539467015,1.291835872882872,12.11576078590057,74.75311469587784,326.0664477184795,-99999.0
K09X26M,scattering,0,0,S,43.39322142188002,0.4187010503083152,21.61437592368446,145.6994341062272,282.3197637331082,28.27005458033396,43.37028582976915,0.4199982796144927,21.61801491013739,145.3342980798774,282.3051977098448,28.37324055063992,-99999.0
K09Y19G,resonant,5,2,S,55.66481875765454,0.4080707038524397,5.153952217042094,301.3416582347498,99.19660326792857,19.21424866161449,56.10160499153037,0.4132006531724669,5.152668848831146,301.3322243106611,99.18897638211402,18.94364357672501,-99999.0
K09Y26R,classical,m,0,S,41.33154920026656,0.05104241934373577,18.63800548416696,293.2840219603187,118.6015582559367,58.28071609165882,41.32655572431435,0.05365583690160689,18.65564811831196,291.5265486699692,118.5877790177745,59.69527430370007,-99999.0
K09Y26S,classical,i,0,S,36.58257304690213,0.02375804583704836,6.553802783907114,258.8792079970546,143.0246646551169,78.6152899532464,36.53936875870339,0.02628341751023401,6.566008972505341,255.468537035794,142.9797144154034,81.74869564220072,-99999.0
K09Y26T,resonant,3,2,S,39.35106086720541,0.1764828692366928,10.18411902037971,21.04414336207716,85.04740154142809,7.456981713597635,39.3358346771662,0.176645762854887,10.17857698070824,20.14883144696293,85.01186030449968,8.088820471060322,0.0
K09Y32K,classical,m,0,S,44.07231641981531,0.03071390732331178,3.518237404564881,41.58095578855272,109.9580473674305,329.8193883770336,44.01940989655519,0.02832249024875883,3.519539290866855,37.35839331276714,109.9546851105093,333.6903035234179,-99999.0
K10AF3V,resonant,3,2,S,39.40453688265806,0.2552255343571037,7.911820226170223,214.6515292286821,268.2256207295815,15.56816251405332,39.23767597121677,0.2529928531276658,7.91232035488777,213.972254517684,268.1903942044218,16.07574436727716,0.0
K10B04L,centaur,0,0,S,18.58770984833409,0.5383996639945063,20.81212384687816,252.9712397102995,227.0550045113069,61.01569745552457,18.53095012328142,0.5380804076455102,20.85636242703838,252.7044594266354,227.1149900633054,61.34750936026957,-99999.0
K10BB8K,jc,0,0,S,399.193102369121,0.9847148368299861,143.8994145492142,178.9643993266439,175.9725106800255,0.4888081064178373,405.4804545649214,0.9848630325672242,143.9472767926326,179.0338026136228,175.8072497879167,0.4777354502132109,-99999.0
K10DA6F,scattering,0,0,S,30.45580780306821,0.1536918016177621,28.70831752099241,178.8265013731452,15.76450350932935,347.7522482087718,30.31128394656476,0.1499715463425571,28.77392848477677,179.0807212125957,15.72408899347865,347.4893070587107,-99999.0
K10E65Q,resonant,17,6,S,60.14204995502083,0.4038541322543721,24.83226581368317,180.4000630689024,337.5724625501051,19.72106239823453,59.62574653418676,0.3994594761265614,24.87366110768381,179.8539240319668,337.6720186185239,20.18054999599749,-99999.0
K10E65S,centaur,0,0,S,21.61021825965786,0.5615864581294235,10.42123523925057,238.5738965426176,273.2578010328688,50.74909777239503,21.56387486085097,0.5604552929601223,10.42801428069723,238.4882643295605,273.2845089524279,50.98871478145291,-99999.0
K10E65U,centaur,0,0,S,19.91083143722225,0.1458084079608955,14.563536483999,239.5673163178254,4.579272025238697,7.280543066969545,19.89054069100031,0.1449104220012542,14.57421589674747,239.9944920866813,4.687554460300367,6.921628251974536,-99999.0
K10ED9L,resonant,3,2,S,39.33821321992347,0.06430094202076327,22.99287800737755,208.6992263630554,331.0898422457122,39.26954692233117,39.15818403002002,0.06034710956869841,23.01190385301791,206.8931021600381,331.2209918546323,41.11560384263227,0.0
K10F86X,classical,m,0,S,46.80049327473842,0.06059554223231998,25.17812928854538,353.4672359207572,310.9351077757062,293.7633441495321,46.60900542819747,0.06138384719390407,25.17386719769977,357.6194386289424,311.039117007262,289.7647107163578,-99999.0
K10F92H,jc,0,0,S,24.34328182953335,0.7625203251156532,61.83358459521001,313.9004545318668,280.1442330025088,38.74818906567405,24.48133406617624,0.7616238188818419,61.8134679292855,314.2480071502906,280.1732314762242,38.4601830664319,-99999.0
K10G34X,centaur,0,0,S,28.72681033133098,0.4239200754590885,11.55057079164268,356.7523438183174,279.1583454288341,8.441837448516473,28.89180487803317,0.4267157325704062,11.54913987652105,357.1094040240115,279.1915880701171,8.234715106169551,-99999.0
K10GH4B,resonant,79,2,I,348.5888599883211,0.8606148588918034,21.56294302851925,347.2686952219096,130.7163691497979,3.950847742516749,336.4096717702558,0.856233572093453,21.58344351581374,346.6819207171528,130.814608462168,4.185900672174728,-99999.0
K10J80B,centaur,0,0,S,12.84799320823806,0.2069116644757372,17.90019704628375,172.00011048612,20.88286341667659,113.7446027323135,12.8974349079028,0.2039233159566181,17.87638135567106,172.6719543736667,20.97836446860756,113.1164860051844,-99999.0
K10JC4J,scattering,0,0,SH,83.52913693050367,0.7173190168485675,37.75540445795239,339.503757098438,268.8138715943935,4.83112898733973,83.95612329398676,0.7183583470016968,37.76872100174604,339.7781746126086,268.8427691043273,4.764107941916678,-99999.0
K10JC4K,classical,m,0,S,40.40796927918122,0.1176546719515594,15.51540555195295,221.8922923931468,277.5500633776809,105.7333928056018,40.3295220929158,0.1158139155749842,15.51881556766984,220.6296863947355,277.55947927953,107.3246359698372,-99999.0
K10JL0J,resonant,21,10,S,49.26910825938097,0.2484413110520561,7.16945177721355,101.5711068024441,215.9154367592769,26.9714498974158,49.82600375871793,0.2550167910733456,7.153108290208131,102.8403556921682,215.9922517718956,25.70431648666746,-99999.0
K10JL5E,scattering,0,0,S,62.10752271040944,0.5609714989078907,11.19882534283097,119.7063592251741,128.4727981650807,6.554108373573459,62.15207301812581,0.56088683705384,11.19092602322145,119.9805871808677,128.5140446438396,6.481198037290663,-99999.0
K10K39Z,classical,m,0,S,45.17888156784175,0.05397124948771296,26.09029352462671,319.4147897090297,53.17735321949363,257.739656869725,45.18445537776698,0.05694927942426764,26.14519546223398,318.5457256388187,53.26234840003755,258.8998415257678,-99999.0
K10L68P,resonant,4,3,I,36.40468593869709,0.05977380337415424,10.75638972327714,277.9482007720745,262.1869121878169,83.41772437825355,36.4011229137886,0.05697251173299963,10.76588675156808,278.1676430247934,262.2101503905172,83.5109654346851,-99999.0
K10LD6B,resonant,3,2,S,39.27381633081322,0.2618278401390892,14.08126992810694,158.9014960968949,132.4896232284491,6.965761791606963,39.4952951756616,0.2654920165963768,14.06401592822206,159.6026404093775,132.5126357272235,6.504017334770513,0.0
K10MB6R,resonant,3,1,S,62.92803443779672,0.3988469647904326,19.55952860958183,354.0551268586217,351.7585466761178,20.50143625631966,63.8346017338672,0.4064624395031875,19.51858189779023,354.829104186097,351.6501067760345,19.75837017164808,-99999.0
K10NE6G,centaur,0,0,S,19.9523135207605,0.1246084949386104,8.391412167652726,222.0413760458717,322.1700352131968,155.4407942107794,20.06025220412973,0.1190334233536745,8.376559672787643,222.6398519169465,322.1477131635025,154.9866514108749,-99999.0
K10P66T,resonant,3,1,I,62.34883571344162,0.4307408841846248,18.4412421792371,203.4209303119341,108.7846130249274,18.59638400095856,63.27430080380572,0.4375623739697236,18.43583715014858,204.2796190411734,108.7700398951995,17.86869746845679,-99999.0
K10P75U,resonant,19,4,I,85.13058307225548,0.5783834719081781,8.892363828317604,256.457375968107,78.28036498315873,357.895557125767,86.85136093046931,0.5867408354512764,8.894142658173374,256.5551790622777,78.33690773679209,357.9322234562706,-99999.0
K10Q07Q,scattering,0,0,S,113.0331621305705,0.6863930382127,18.17593367162235,215.0763903092938,76.0950924696132,9.394227738448894,115.6900505212161,0.6924627899883484,18.17087125504902,215.6350917347861,76.17078069318067,8.986594791265384,-99999.0
K10R45M,classical,m,0,S,46.31477293715963,0.1511223289368967,19.06131725865728,297.487483580447,87.00921523246679,335.9893594315832,46.78832918205421,0.1590173214877144,19.05865186779497,296.2373564553243,87.0523583372391,337.2942779861986,-99999.0
K10R45N,classical,m,0,S,40.79442458631021,0.108608063824468,32.78646768525456,324.1277387418822,123.4388303322552,289.9962614451744,41.14513799416981,0.1109578074061058,32.76285017822295,320.1588655962852,123.3795259069508,294.0537039306963,-99999.0
K10R64F,classical,m,0,S,42.99848965720403,0.173765901125484,28.69012858121126,209.691369396273,131.031032430548,30.53540699518084,43.42819202348238,0.1805282721932906,28.67325988822781,211.2982906354419,130.9534249030646,28.96004017082518,-99999.0
K10R64N,classical,m,0,S,40.88967431855642,0.08346007198165994,19.87320295245436,40.15593688635369,68.53114328731064,282.5743959461893,41.22415126009619,0.08398432413284442,19.84707112081569,34.67505379492206,68.59727968797351,287.9021680325486,-99999.0
K10RI8D,classical,m,0,S,40.40690889389327,0.0584175855644637,27.95496948925677,356.2804037634623,65.17308952797555,318.3800732060994,40.75137699941073,0.06400790383760842,27.91915817260902,350.9399849972294,65.24690403989838,323.6021252661778,-99999.0
K10RI8F,scattering,0,0,S,46.76035420021592,0.2947589527504686,13.84857030462251,332.7591553533408,178.3039170566703,251.7213833059967,47.08353971304726,0.2898730848718517,13.79426488591217,331.6178305668786,178.2347958924661,252.8654141315698,-99999.0
K10RJ0J,classical,m,0,S,44.35760932493422,0.07507889419798727,2.990827313288091,294.6089810218157,86.2400596477042,334.3083483789284,44.76455665556477,0.08289188665219883,2.990752450582586,292.5009725868977,86.29890714283674,336.4743942933071,-99999.0
K10RJ0K,resonant,3,2,S,39.46137565161614,0.1944734714046025,6.635762751018238,214.0209430858499,340.2375356700756,186.3068835224923,39.72014545540701,0.1868973377120158,6.616849231704503,214.0617638735662,340.1156833427531,186.3284090462281,0.0
K10RM6J,centaur,0,0,S,29.70850822581557,0.5818286184915754,38.79871298505321,291.3957841498826,187.9204581637553,3.089443018032088,29.67756838242378,0.5816310977480365,38.83221723966435,291.3387656307037,187.8546590687007,3.108664435952951,-99999.0
K10S41B,resonant,3,2,S,39.47961297776073,0.2802862651348224,5.223053357484889,248.8484145125956,139.5504350459966,6.484289025230034,39.91068267774678,0.2879490425320069,5.221169055948815,248.9284530875774,139.4698319389549,6.356627630706265,0.0
K10T00H,centaur,0,0,S,18.55251048656986,0.3230192911331071,26.70110042793068,210.2451299012797,123.6778688806585,85.06894658270257,18.60679278339725,0.3239668034191675,26.71598836122652,210.7483843165747,123.6356325522501,84.35851797393394,-99999.0
K10T00J,detached,0,0,S,62.85352592631644,0.364926064076072,38.9011362293567,273.9246763496519,91.29834596811648,16.05195194475662,63.72936888440111,0.3733900798539916,38.88349261181217,274.3145105615014,91.31357750292385,15.50164881248913,-99999.0
K10TI2J,resonant,3,2,S,39.6475052867629,0.2757952754683303,9.501355264612224,170.5448121225299,232.6540426297247,3.693360251986979,40.03684808200455,0.2827762256169295,9.484393363998173,170.3358397187771,232.6425751262559,3.741787613417184,0.0
K10TI2L,classical,m,0,S,43.7982880361776,0.05815202533786641,1.607802486117634,287.9355666220602,114.4445807862562,353.6975751186329,44.17482990703073,0.06584721695591625,1.607880376723774,285.9838345626169,114.4244089388524,355.5167567268271,-99999.0
K10TI2N,resonant,3,2,S,39.60653733472978,0.1450955085730957,13.30086771518514,282.6678881724756,27.45476195874986,74.39352243245649,39.91709205696878,0.1472586513831058,13.26058606562467,285.4400379808852,27.40770386886664,71.50641363270715,0.0
K10TI2P,classical,m,0,S,45.12654422063628,0.178902656715101,9.712149187011653,232.9262298049214,209.9490496360756,337.9312862552617,45.48709815890621,0.183907970116029,9.688014463531621,231.4118127001903,209.8846383075914,339.2818094677716,-99999.0
K10TJ1S,resonant,1,1,S,30.00874067575953,0.04587239494820373,6.563610751577486,299.6063243500073,129.5883128132866,356.1366690093028,30.1669655487138,0.0506424837487074,6.565986901741353,296.9716725280308,129.5196616775884,358.5993847453437,-99999.0
K10TJ1T,resonant,1,1,S,30.09082228460783,0.07017461364706738,4.276008172808362,7.657147187706809,249.2950139440022,180.3160740020756,30.193648605412,0.06664339787911995,4.270155537677801,9.700455545185807,249.2641015342075,178.0016782835091,-99999.0
K10TJ1V,centaur,0,0,S,24.76079460296458,0.1315045088198377,11.5092285946535,41.19253975659646,200.5096475197851,202.7451793114672,24.82525143494605,0.1280313828452845,11.49388405517329,41.75334895971719,200.3665941396637,202.0435204776208,-99999.0
K10TJ2A,classical,m,0,S,41.99804005403521,0.1088695962337913,17.98609585115597,30.00707590731025,230.1424287576754,132.3316460262546,42.28671649412355,0.1048803394121839,17.93707327431008,33.20685622493269,230.1589825967646,128.9207459420479,-99999.0
K10TJ2D,classical,m,0,S,43.15633350297113,0.02570368091738127,4.318825775531834,310.8016913245692,76.89592898705628,32.96545400210753,43.41778957950581,0.03188090506931425,4.312402354769962,312.8137780165659,76.90996498679417,30.6477209579497,-99999.0
K10TJ2E,classical,m,0,S,41.25145865285163,0.05494567715886504,21.27593187659904,286.2149011888221,29.69248718949381,104.0028701196679,41.46541787811829,0.05600014080352417,21.22256255379203,291.9211739625246,29.57843064274426,98.11225574290683,-99999.0
K10TJ2F,classical,m,0,S,43.35447720536924,0.02156670862589615,2.315215853227939,74.16057335596024,78.07578184857024,275.1963994047917,43.59060184060723,0.02006186492679203,2.311535467012563,58.12273552186013,78.09234895246367,290.907088192762,-99999.0
K10TJ2G,classical,m,0,S,43.98658190703157,0.0580611290687158,1.320788667455802,33.44991195170405,334.5184399539438,57.61227319878572,44.223275842097,0.06295772826223432,1.320897226908304,36.34511802392348,334.3317305762604,54.57981105920717,-99999.0
K10TJ2K,classical,m,0,S,46.35376060464022,0.1146990241764996,36.61163398130636,21.29298917153685,24.89325908443384,350.4161840055091,46.71930684632025,0.1211674681752795,36.50831736770748,20.12496809838922,24.8608180571525,351.4763057201865,-99999.0
K10TJ5S,resonant,3,2,S,39.4572552063547,0.1246164033969561,15.50295193900655,220.0960825449039,182.1157230585738,11.64388359808219,39.74067541964253,0.1309829889763875,15.47851872370786,219.9845131978686,181.9821153919476,11.66121716920331,0.0
K10UB0U,centaur,0,0,S,22.48431061570671,0.2334882694730913,26.76422555018823,10.40793239709403,15.61020359687198,95.77688976324019,22.44620969083651,0.2355504331167558,26.81245442528754,10.19483559731827,15.4940793155942,95.89885683348277,-99999.0
K10V11R,classical,m,0,S,41.43027805727537,0.144137638112977,30.92274890095069,35.07412847003148,86.69798253934826,330.9624734331337,41.56244913691267,0.1450037875071853,30.90154270641726,33.42621751072809,86.68692385440254,332.2970074627504,-99999.0
K10V21E,centaur,0,0,S,9.922186397921518,0.2259880251707679,34.41856238384415,126.3748005092792,230.5872594048443,168.1137734668602,9.898203130070236,0.2282045451496357,34.45965956643467,126.3872764942656,230.5233107249121,168.107208407432,-99999.0
K10VM4X,scattering,0,0,I,39.74714669277589,0.2047678321718085,15.54680723196897,1.692300132888884,152.9128209522244,296.0907119395912,39.91824696290799,0.2033261489778254,15.54849250586726,0.4195584234049735,152.7698755263554,297.2102046777702,-99999.0
K10VP3D,classical,m,0,S,42.78121091427645,0.09783805426119838,23.96186792357463,57.50229315268471,205.1739133718849,160.1597402164842,42.97654604924296,0.09412437275729346,23.90034244823887,59.93295693249591,205.0350544054005,157.5436738487385,-99999.0
K10VP3E,scattering,0,0,S,31.80167310320901,0.4820658106759714,7.896951515746278,53.72852206270208,341.9406264408136,23.30698007925377,31.97729186023836,0.4852533950701871,7.902529040379299,53.8723884166834,341.84132825506,23.05209073034788,-99999.0
K10W09G,scattering,0,0,S,53.09280717983482,0.6467133986046589,70.26764547921815,292.9401719513055,92.07013775279476,15.86388660367053,53.57460715505341,0.6503221623609106,70.24108894104423,292.9610074508495,92.04657355400879,15.61424402831842,-99999.0
K10W75M,classical,o,0,S,50.43513323910032,0.1650887684856406,22.59633258946463,265.0412388935533,223.1836373059711,334.3451543678124,50.53387076271454,0.1651311015952746,22.560662175265,263.8354180252991,223.0620881405924,335.3200483885752,-99999.0
K10X91E,resonant,3,1,I,63.02005110693276,0.4582931922251838,17.7446461645503,244.8671170430588,147.5323961237187,22.61854792359664,63.53480809255947,0.4632252663517094,17.76464999839661,245.0216730859561,147.4296303378979,22.26292343216524,-99999.0
K11BG3R,detached,0,0,S,97.28423694899422,0.6101492837155619,24.76563926783906,20.25729707335366,107.3938819956449,4.348658813938975,96.42938210618333,0.6070899738866442,24.77372297000291,19.89510342306359,107.3951683636252,4.476879951071218,-99999.0
K11BG3S,classical,m,0,S,43.72215819304496,0.05105868339833625,4.585960272457564,211.0017088383532,168.244897458857,132.3181072570621,43.53091517634094,0.05559955777504978,4.600063876187227,209.1839505750633,168.2063448666933,133.9413390894514,-99999.0
K11BG3T,resonant,12,5,I,53.87381305963216,0.336110166849473,32.66656983600318,111.2681377312373,323.5330104939692,49.38429690591843,53.68063794845013,0.3371818571338641,32.73835177100422,110.491412301132,323.5679427059599,49.87153848267302,-99999.0
K11BG3U,resonant,8,3,I,57.54969923991642,0.3790609087970577,21.4562361386424,325.2860256589404,150.7263219999846,18.93873663297347,57.23139546497201,0.3769171710481192,21.50134246188873,324.6458979001495,150.7382170692247,19.35311963516563,-99999.0
K11BH0N,scattering,0,0,S,70.85534858797226,0.5078668196515634,12.46127239689644,65.70461550342154,83.19820580242883,356.1580439628335,70.40621738530022,0.5046267456627453,12.45758274558235,65.49382500854061,83.15521663380991,356.1860959554397,-99999.0
K11BH0O,classical,m,0,S,46.45606856669248,0.1935485739300363,14.8500933504116,209.9974969311307,295.9999232345385,9.31708061553762,46.19113184412001,0.1894862533676718,14.86121642651954,209.1577694939244,296.0226676235295,9.952398826945956,-99999.0
K11BH0P,resonant,5,1,S,88.04940380757147,0.6014095228189276,22.50274322495147,349.5976436595099,163.8554353300254,3.813347697898778,86.98985122234164,0.5968325821372998,22.550681414839,349.3324351674357,163.8703280247147,3.937116507484069,-99999.0
K11CB9W,resonant,7,3,S,52.89732166486469,0.3681508868853543,19.86274783230665,333.3863028359341,157.7818904405753,15.60180574003033,52.55653384014305,0.3650208456759645,19.90617946186389,332.8078088522661,157.7957401612852,16.00164744447305,-99999.0
K11CB9X,classical,m,0,S,41.77990330178378,0.1416289032591642,27.38368862091851,67.17211960030308,323.78534701632,128.0789886583216,41.60210676607976,0.1459381578110198,27.44615540894516,66.21469509156613,323.845043576199,128.8089121593882,-99999.0
K11CB9Y,resonant,3,1,S,62.7915669298685,0.3695720859468405,21.83523113964279,16.56119860475889,178.2273328098086,353.9826451191264,62.22938003927712,0.3640300758572179,21.89358125632468,16.64618694182584,178.2341519196985,353.8506308320007,-99999.0
K11E90Z,classical,m,0,S,41.09586063304764,0.06968172812631296,27.44023374429343,72.51837424659354,86.94335478739075,11.20930795688606,40.86335071240747,0.06490092871249176,27.44452021115123,70.79583923115433,86.89918754989324,12.86753588977347,-99999.0
K11H60O,resonant,11,2,S,93.87071794866804,0.6097536566029164,22.22513600017625,242.2721929581675,353.22262179365,3.145042215374182,93.29898574209587,0.607224709894058,22.23682910233821,242.3705606132464,353.3584102309881,3.135855916460425,-99999.0
K11H83P,detached,0,0,S,52.38004653551759,0.3093517617225217,28.64771631350786,209.7027708461451,12.2906497281195,20.18121133787434,52.27983940372417,0.3072860943648434,28.67636402386269,209.89041173045,12.44650596588588,20.10951851577086,-99999.0
K11HA2M,resonant,1,1,S,30.10746593832457,0.08031264176288606,29.37774431863748,152.120332746158,100.9863665138486,45.02375671158453,30.22896971564766,0.08113257323383043,29.37453833811486,155.2588919992003,101.0021967053106,42.14487127588953,-99999.0
K11HA2Z,classical,m,0,S,43.19716304928983,0.008288226423822005,2.395581868174263,49.91610472792366,154.6426512298856,86.06611325445874,43.31665638804965,0.006024120332010724,2.391230338394656,78.52228559673411,154.7385854408767,57.73743710566468,-99999.0
K11HA3F,classical,m,0,S,43.00331944951218,0.0499107447600964,3.056497775508848,36.49975406233775,152.3618487106582,96.5519428794255,43.10585400854617,0.04640057743384884,3.050853599731425,38.79339889255112,152.4560398127541,94.53947730685321,-99999.0
K11HA3J,classical,m,0,S,46.56122270527533,0.1551219609298187,5.339729380371038,189.9886391760548,126.3499055203622,343.867335374029,46.76537327124321,0.1594498741839331,5.333487021718562,190.628013601798,126.3720700835532,343.5437949598666,-99999.0
K11HA3K,detached,0,0,I,53.2255533774695,0.3109591049344975,6.419011937227041,229.127212047335,121.1003632941534,328.7065567617771,53.56422965843606,0.3159590118697098,6.41266908601659,228.9951079890104,121.1174018281919,329.1517505106399,-99999.0
K11HA4N,resonant,3,2,S,39.39631768630306,0.2927986706678989,17.49141609464566,53.83269587942723,161.4256201076708,27.96460497257355,39.33661416896024,0.2907795958359426,17.48328620586203,53.9987761983302,161.5523197938654,27.92887557330556,1.0
K11J31W,classical,m,0,S,45.58616019722511,0.09568950277019281,1.87117254583061,126.4109487463051,209.033600746571,323.843658901808,45.75612036255757,0.1001498674559025,1.871323516970497,126.5009927692743,209.1894964815538,323.957841308354,-99999.0
K11J31X,classical,m,0,I,44.94525397685806,0.1113234114474205,3.31084004461392,20.18606073233196,139.0875262516506,119.4944984957494,45.02096068708727,0.1074613585194433,3.304943672740977,20.02041875421464,139.1500115249584,120.0002334269844,-99999.0
K11J31Y,classical,m,0,S,43.99414698345308,0.05737204270619255,2.603726033825058,109.1183210094887,231.4047228974826,316.2868127444809,44.14213867865644,0.06172397449912964,2.605954493924269,109.0204910817777,231.5232403028125,316.630347897319,-99999.0
K11J32A,classical,m,0,S,46.59663107775885,0.132969701591638,3.218882667785641,105.886951991517,235.9206880074674,321.4175821576468,46.78981590342471,0.1375681951905223,3.221799825305109,105.7641555440083,236.0259351916942,321.7912629046905,-99999.0
K11L29J,classical,m,0,S,44.09163023887161,0.07844550080559759,0.2432463266058487,135.4024561497553,7.836670011363213,107.4578419754618,44.01588105449798,0.07632413604971627,0.2440212263153533,133.2109579078578,8.175358685407897,109.6687454131456,-99999.0
K11M04M,centaur,0,0,S,21.17458315084955,0.4735884057521046,100.4424211655103,7.04617891599494,282.5302526311253,67.17292715911174,21.29395288306126,0.4736595387244363,100.4207263479729,7.65229111101609,282.5208671439314,66.42820050413532,-99999.0
K11M11V,detached,0,0,S,60.37401465085729,0.3896781621235461,14.47722277963374,3.539891057898745,10.46943109082001,353.8800412148784,61.32264327525631,0.398925202458205,14.4387349266043,3.320775531071452,10.50014746169363,354.1141496241696,-99999.0
K11O45F,centaur,0,0,S,9.031710370861317,0.1397756221434974,19.60777996384484,54.11881927416388,315.9964414979052,106.8193494195968,9.022587373892282,0.1406945094318476,19.62374690195848,54.0509235085678,315.9497080128758,106.8014351476341,-99999.0
K11O60B,scattering,0,0,I,100.9115098825917,0.6363798149196449,19.44859663398782,226.1152344440289,142.7004377930671,358.1053855490093,103.8806553599061,0.6466909867675228,19.42129790296398,226.112427387197,142.6524702916845,358.199115374019,-99999.0
K11Q99F,centaur,0,0,S,19.09147718026249,0.1768558657265136,10.81029473812147,287.4669736014372,222.4963293821789,308.1980017396222,19.14503751721904,0.1767431135814479,10.79851908090859,286.4977776629916,222.419440411938,309.0459791207588,-99999.0
K11R00S,scattering,0,0,S,40.39186222723801,0.4741140693896553,16.23716874657402,40.28836131156385,348.362264423136,8.214247166284867,40.92921306880793,0.4809070901488234,16.22281696431218,40.47374739539485,348.2661443039103,8.002200311209142,-99999.0
K11SP0R,centaur,0,0,S,11.12302834104271,0.3871721647202822,8.88739247536185,338.7837299564522,315.6241170122269,133.3433730051782,11.14160177069535,0.3863008806445065,8.892696204034923,339.1178472354624,315.5474144450423,132.8622007532899,-99999.0
K11SS1W,classical,m,0,S,46.65023481992124,0.09488260694935717,4.633452594484752,302.6586592241259,111.086250641147,333.6845925781207,47.09932304164341,0.1021203328154756,4.632850277006778,299.9473120651841,111.0597530269921,336.3420592777725,-99999.0
K11Uf0P,resonant,3,2,S,39.60145887422382,0.1750596303232217,2.732728764720004,179.2887712591928,241.7384675584939,356.2333463574698,39.91116130490058,0.1811854081905934,2.728556455665406,178.4749651005674,241.7264417666308,356.8399309625478,0.0
K11Uf0Q,resonant,3,2,S,39.39502691147605,0.2635050855999077,3.245979911075442,335.4134997953709,10.81900247170645,43.70321677555594,39.73415968801843,0.2683852815805574,3.238847390613123,336.5431749020335,10.69678897852569,42.49640867321376,0.0
K11Uf0R,resonant,3,2,S,39.40150237948347,0.2681712622743292,17.31901365416721,50.31531259142331,27.04897223337362,349.6116583361591,39.70654796079866,0.2731616225805936,17.28478233619192,49.64835675337141,26.97056462880709,350.1449022871547,1.0
K11Uf0S,resonant,3,2,S,39.51560008668452,0.2557542998734165,11.87591226764051,290.3927394056258,20.57743886075086,67.85519462888078,39.82946857537648,0.2577880720829782,11.84190716697813,291.9688024771469,20.48735328774465,66.18611733296784,-1.0
K11Uf0U,resonant,3,2,S,39.28754830616084,0.2628429158964673,12.62254663629977,15.39283485129691,19.32884532162635,13.26297414515644,39.63366916171375,0.2693331922151265,12.59807079883731,15.53069352246089,19.234881743771,13.02288431978061,0.0
K11Uf0V,resonant,3,2,S,39.4242529885145,0.2593382001149842,4.308033555753092,30.03366586587558,332.1465108230803,32.18783226387058,39.7794915834779,0.2652917669864354,4.305947920304166,30.89130106032691,332.0206832579199,31.26528833026445,0.0
K11Uf0W,resonant,3,2,S,39.59390540878531,0.2183708321492579,10.75123040673938,285.4549074531832,17.91364041502881,81.10237467996811,39.8852905950648,0.219313313373949,10.72007913868399,287.3410235846945,17.80866630377746,79.11721710357507,-1.0
K11Uf0X,resonant,3,2,S,39.39984759463756,0.3278035138418562,17.47896677290766,263.5207962497666,223.9616324640982,319.0282154172692,39.64438812054255,0.3286912486878752,17.44100028124344,262.5222599444049,223.9291725320164,319.8290802338228,-1.0
K11Uf0Y,resonant,3,2,S,39.31487813010505,0.1367005397002011,8.589612285911556,2.589812930920107,12.40398776848386,30.2186771387852,39.61728983048336,0.1430613339772901,8.570627897499138,3.579373122012755,12.28889147324186,29.12857316792224,0.0
K11Uf0Z,resonant,3,2,S,39.52228664007647,0.1247695824587894,3.832773317989044,8.415229522430764,298.4587077574229,86.5611355670848,39.811915817478,0.1259941485760884,3.833237449608859,11.66518372089865,298.3897647387855,83.17500257430432,0.0
K11Uf1A,resonant,3,2,S,39.21952611717009,0.244509964565595,8.645639050690493,167.5025617066289,237.9598148961528,8.008010733033052,39.55124614378252,0.2509179348734723,8.631266530886148,167.3299823821599,237.9411074589606,7.990372145711293,0.0
K11Uf1B,classical,m,0,I,39.60019013639614,0.04371196603265806,14.89984111275268,322.4421359645879,13.3734540789942,67.1950443645255,39.87908113793641,0.04792159736968564,14.86033689780265,329.3121481951976,13.26655249910587,60.22457151441289,-99999.0
K11Uf1D,resonant,3,2,S,39.2087716666818,0.2883335802396621,15.69884072923238,131.8935543105571,19.08012076816907,291.4512764969812,39.42130162119801,0.2865393354339875,15.65483654740792,130.8276922519091,18.98290191041268,292.3754050259187,0.0
K11Uf1E,resonant,2,1,S,47.61313734440402,0.3198646382432738,9.354438200693611,73.30781993324635,17.09851626403754,341.6809229835901,48.03186926086663,0.3244457023964856,9.334217559417462,72.48933160724974,17.00250581895568,342.3687697422888,-99999.0
K11Uf1F,resonant,2,1,S,47.79805172098687,0.3463849514161522,5.872312928781419,195.8988775630914,261.769407522956,337.3326391259492,48.22801802826592,0.3504010836364186,5.86778526584253,194.9362280688196,261.7746348001663,338.0674033088407,-99999.0
K11Uf1G,resonant,2,1,S,47.69162092765934,0.1420237704939553,10.69142525181035,114.0497635668161,238.8342810837265,40.63721589262122,48.11652199232639,0.1484775594302263,10.66891810450822,115.7457309239877,238.8509457256809,38.72689846292325,-99999.0
K11Uf1H,resonant,19,10,I,46.13393847439717,0.2383684715026634,27.04146314403649,198.2393651956174,214.0569782678498,359.955974037957,46.53098618659223,0.2447417161813498,26.98033814607177,197.813590892421,214.0039800555193,0.2288755535756343,-99999.0
K11Uf1J,resonant,5,3,S,42.28657331626432,0.1186292614779411,5.141536924140207,29.60597232286561,21.60499845107324,359.6902062241804,42.62192550328538,0.125425627276146,5.127832132172941,28.75854978788357,21.51823746117218,0.4067006227108316,-99999.0
K11Uf1L,resonant,5,3,SH,42.22334535652278,0.07189188689574265,1.974027472110834,82.73143158282635,308.5180099693125,13.53797018886677,42.55647407110049,0.07921027532350362,1.973885167148357,82.86876144425227,308.4121485167749,13.30000922663762,-99999.0
K11Uf1M,resonant,5,3,S,42.21787588294718,0.1467291039187751,9.383815310513691,197.3629363561527,11.44237528764664,197.7165802021852,42.47599638946561,0.1396756888250444,9.351881229228571,197.4085100402731,11.32534861842719,197.5662691175785,-99999.0
K11Uf1N,resonant,5,3,S,42.34020109177131,0.2104086751336817,3.23394837536113,60.84318117764085,326.4497908326182,17.67667881536208,42.71510087482155,0.2173672496431627,3.232876519694223,61.18904141128917,326.3261314598424,17.24685940901345,-99999.0
K11Uf1O,resonant,5,3,S,42.27293495113606,0.2056568748293692,5.288846349345262,98.63878165557395,310.0993462224769,2.815037309541069,42.6434849547496,0.2125168853591165,5.289149270384583,98.29820143018605,310.0139299657857,3.033705227497019,-99999.0
K11Uf1P,resonant,4,1,S,75.77895595639177,0.4911188114754416,13.43478966734908,160.2489048236753,231.9619354294238,5.741750669992951,77.07222612124676,0.4997023196846586,13.40819656471741,160.236157646335,231.9520077752026,5.585717229731306,-99999.0
K11Uf1Q,detached,0,0,S,62.24787336350528,0.4013423665650179,40.39850330383251,263.6506428936414,215.5041582102523,323.6085382955533,62.69078100009418,0.4024618419102827,40.28540796835296,262.7650003233548,215.4788937515701,324.2898694400693,-99999.0
K11Uf1R,detached,0,0,S,61.83831896733894,0.4333493384298819,26.58144815033506,45.04069533218971,23.36323965281526,355.5295332906359,62.545158250551,0.4394345227408608,26.5276865340746,44.67912167805767,23.28103529230896,355.7607674050358,-99999.0
K11Uf1S,resonant,3,1,S,62.42655469524082,0.4998152906426241,22.04028856678708,9.270657535560204,24.81314732653347,8.40812284398796,63.29416089100704,0.5067393883535181,22.00003204341939,9.375301168363391,24.72396881608805,8.206458953125257,-99999.0
K11Uf1T,resonant,5,2,S,55.49003097482313,0.4029039938202594,6.418820966710283,130.299267630016,4.868860801818665,313.6439472490455,55.89878026421037,0.4027397376094262,6.400225694531303,129.3848947673565,4.737529120754393,314.4344567100283,-99999.0
K11Uf1U,classical,m,0,S,43.93646689541681,0.02949756799011451,1.694378806977276,97.29446788158711,357.0042487569675,315.0723882543695,44.25937177039322,0.03357623788350399,1.690093251869861,86.38452597319262,356.8480564927588,325.9131081486166,-99999.0
K11Uf1V,classical,m,0,S,43.36276463598552,0.0668421520312031,4.418118667203823,323.0636306138699,20.17266292995626,57.90158843663095,43.69510953224718,0.07199888273222228,4.404718155352306,327.4313770716174,20.08093064036741,53.4086549554941,-99999.0
K11Uf1W,classical,m,0,I,43.84622264102187,0.1659750647770518,4.528933106092871,94.69290236653298,18.48332759552103,311.8580832329685,44.1635475492223,0.1678784361974047,4.516102971795237,92.46091621284835,18.38825814650943,313.9513306826175,-99999.0
K11Uf1X,classical,m,0,I,42.43142122269541,0.0983624894300647,7.210040757043948,315.7170245543085,24.16295686592532,59.03337092895207,42.75817363579969,0.1030837830171336,7.188912747914702,318.8752783229949,24.08163436223716,55.74171399354836,-99999.0
K11Uf1Y,classical,m,0,S,44.21882765629211,0.06436391732437485,1.907121882484252,154.175039141454,309.4297474922452,308.6834724427287,44.54798986781181,0.06718928750500146,1.906974782655954,148.3757562229515,309.3135227885197,314.3758217246742,-99999.0
K11Uf1Z,classical,m,0,S,45.53992268273762,0.05420362676305601,1.213750510427045,352.0596586104428,315.3410242190495,91.49222319748351,45.88887694199848,0.05582533455804419,1.213298691265325,359.9225883781339,315.1910619368061,83.56420734184863,-99999.0
K11Uf2A,classical,m,0,I,46.24894771253566,0.1478378125126031,2.956200084083136,147.0629164224603,252.5586354039341,4.960676997887605,46.66579634964037,0.1554393734609231,2.95257630278011,146.6462643185164,252.5728765958416,5.163076090326618,-99999.0
K11Uf2B,classical,m,0,S,43.5113838010665,0.0598759258608153,15.31177966000432,248.9611508663424,14.51348782970729,134.4542609154526,43.81956342378158,0.05606901405513146,15.2635973226118,255.1828785340596,14.41432533919728,128.1308244065267,-99999.0
K11Uf2C,classical,m,0,S,43.4048690092645,0.07028511186692793,3.132100452593619,33.19937796468646,337.4714269279025,31.96527923439933,43.74817487976797,0.07725096082528357,3.128391506047701,35.24896941685326,337.3177487786666,29.85860509151405,-99999.0
K11Uf2D,classical,m,0,S,45.41109403178572,0.05229935372515541,5.495625486970975,100.451094579742,358.3483529310952,311.5237113044894,45.75397748853872,0.05570890026384763,5.482542394441226,93.55679010065158,358.2053680815987,318.3389751311871,-99999.0
K11Uf2E,classical,m,0,S,43.49699503004948,0.1121992814521411,22.79837601051661,6.343006773523636,218.1167757571531,179.5182540899682,43.7613807722059,0.1056692248816696,22.72442093628856,7.349267292461254,218.0899640729781,178.3096057722621,-99999.0
K11Uf2F,classical,m,0,S,45.0702439685505,0.01203720516809528,2.146033655872699,279.9435077989363,313.95477490844,172.2348068543022,45.39788148840731,0.005935188394040058,2.145658791598924,308.8181548112535,313.8224702165537,143.2637865588036,-99999.0
K11Uf2G,classical,m,0,S,46.47622149635415,0.1568411583156218,2.495852687127238,24.61372792408818,303.9257370209035,61.91160706593354,46.86913852896817,0.1609130663042678,2.496112858194387,27.03205131704414,303.8326985872765,59.37873613267296,-99999.0
K11Uf2H,classical,m,0,S,42.60151433915458,0.1162004127135198,15.11772331545837,94.38358008535758,21.51677149831258,305.7090314255764,42.88949993118887,0.1176656198661127,15.07608872643907,91.24437106970261,21.42685147452766,308.7039475767546,-99999.0
K11Uf2J,classical,m,0,S,42.02744575921253,0.0290596686672048,29.75631435455402,149.0653322358888,27.03120360321619,233.7209517258808,42.28300138313269,0.02424060292497765,29.66878453558772,140.3691458053519,26.9614873944912,242.2664284723171,-99999.0
K11Uf2K,classical,m,0,S,40.73645652759877,0.09199521836191915,26.36466557369464,151.6452785831529,218.9227459965703,30.32600524578777,41.03643310055343,0.09834943626288466,26.29745840087541,152.9416066182768,218.8929126180233,28.86240538608001,-99999.0
K11Uf2L,classical,m,0,I,43.02720343844133,0.08313157110764069,10.37180799125888,60.11978170070672,239.4518267869916,96.78871960534325,43.34516536757921,0.08362066281170479,10.34902875893324,65.11863026388802,239.4712038807459,91.55880697709827,-99999.0
K11Uf2M,classical,m,0,S,45.38880932854767,0.1324627620767507,10.72936549491358,123.7560710264681,231.6915088809257,42.27006508765944,45.76771473889761,0.1386300851968702,10.70396455530044,125.4862423110731,231.686308286781,40.33163503173335,-99999.0
K11Uf2N,classical,i,0,S,38.95879299883793,0.05799754007930785,20.41141965480415,325.4258832718859,216.339903936833,226.0015780329456,39.20730077094138,0.05222502587772983,20.35212967159033,321.8779635738846,216.3113996334762,229.3744841955787,-99999.0
K11Uf2O,classical,i,0,S,38.02763470912465,0.1277059965944832,27.78751856528666,273.0584869810249,21.12820809566926,98.71122972929281,38.26951124821723,0.127456217966269,27.70847049477311,275.9502322002601,21.04219479205656,95.70970741158834,-99999.0
K11Uf2P,detached,0,0,I,56.3714644790196,0.3449512610371593,19.7206059108429,26.82446337377979,23.08038779034773,0.9973056759916763,57.00630171866597,0.3521811508071213,19.67581984547795,26.58379155845128,23.00207520312093,1.11455801918535,-99999.0
K11Uf2Q,resonant,10,3,I,67.37938510686755,0.4835528169215894,16.71176887079165,197.7427065119381,219.9437720922783,359.6379753145244,68.33424782487104,0.4906756871848864,16.67849235920487,197.4844459286747,219.8987000455829,359.732608206221,-99999.0
K11Uf2R,detached,0,0,I,50.09242485826501,0.3146687142258591,17.87142659489558,54.38515713783742,15.27884494436617,352.2268255076029,50.57474966915889,0.3207014165986976,17.83485444392896,53.83959294278165,15.18008895467394,352.6573753460493,-99999.0
K11Uf2S,classical,m,0,I,47.87247590648009,0.1604912543786387,2.60474330778847,116.4040572391153,5.079783666259953,300.6534021909104,48.23186244596068,0.1611957856142614,2.597178602069132,113.8734209027501,4.948107732702286,303.0827135801883,-99999.0
K11Uf2T,classical,o,0,I,48.0709116085922,0.1822586201870169,17.82176225089655,79.71283744357049,224.3144343015552,79.39640454765424,48.45857329213046,0.1837586955529708,17.76876204922461,82.04496813215479,224.3063238311251,76.87177302017984,-99999.0
K11Uf2W,resonant,21,5,I,78.17016969267415,0.5214743829140592,12.97662099019079,134.0878057240843,233.1770180011061,12.15761610427278,79.60921564842165,0.5298979663778954,12.949721752024,134.3905509690847,233.1732188259043,11.71690153674035,-99999.0
K11Uf2Z,resonant,4,3,S,36.43268374269161,0.132996276724262,6.811727552652769,27.92506579037981,9.78825119851971,14.35539486904008,36.69836375949816,0.1393765591171389,6.798383410062659,28.00173248612504,9.669927231168069,14.18092468186535,-99999.0
K11Uf3A,resonant,4,3,S,36.52685933451948,0.132549715754967,5.437726062377603,84.07401905333366,292.3373676583578,29.14324573555426,36.80319939327533,0.1388471406515655,5.438119160928686,84.95685166913579,292.2949346220546,28.09524285110284,-99999.0
K11Uf3J,detached,0,0,I,73.90010871295084,0.5095601039909936,17.36986873136729,266.026710154891,146.4645367058963,11.58917621641205,74.60303467953786,0.5146654544517347,17.38729905061157,265.9927789115205,146.3705905311319,11.42937015461353,-99999.0
K11Uf3K,resonant,13,8,SH,41.54925368633049,0.08958242490377535,13.62857793300307,86.01712225528154,256.5013514545271,95.92132545730622,41.68277907447683,0.09203292920452895,13.61127990248313,88.1936568107551,256.4725538232062,93.40457792109271,-99999.0
K11V24Z,detached,0,0,S,51.10315776485727,0.3340429576611915,23.21747424798887,199.1946790917283,200.7462828360445,20.24118930461328,51.4647463057486,0.3391455106792952,23.18862311906907,199.3275574642271,200.60661917936,19.97153637811457,-99999.0
K11WF7J,resonant,6,1,S,99.01246523883356,0.6219673998573654,27.09854179166068,58.74084317854184,76.47206225614154,355.282804038827,98.7766328924976,0.6207431270320032,27.07899899521498,58.47473269949344,76.42904688807891,355.3160396496557,-99999.0
K11WI8W,detached,0,0,S,51.38965337090453,0.3041342963811937,26.30035419546927,57.65650446152993,55.52000855674476,15.30008254496594,51.18545117435033,0.3023145983142334,26.30246479379295,57.10585024381889,55.40315900839288,15.72077509608967,-99999.0
K12A25Z,resonant,27,11,IH,54.68444756060889,0.3349785791905616,17.6995637443463,37.09260765134313,187.6311345217711,312.9041822626954,54.37021930092891,0.3318004939747357,17.74144977086024,37.73999108668298,187.4895684445421,312.1749461754346,-99999.0
K12BF4V,classical,m,0,S,46.85503344046982,0.1969029997147548,12.23370601757861,338.027828009977,176.6507983348719,18.14471799411905,46.53820539769347,0.1922307657676789,12.26812242127863,337.1721953287359,176.6658357960926,18.91476384024629,-99999.0
K12BF4Y,resonant,5,3,S,42.28312022854764,0.168801039674838,7.143747778056512,192.1139569199601,3.729821685430719,346.9823197087163,42.00894637522941,0.1636239569703807,7.164635098199159,192.4385779077943,3.70869979281206,346.6136186308164,-99999.0
K12D30R,scattering,0,0,I,1027.18664632971,0.9858431131850809,77.9965492046769,195.2938247313275,341.437874141482,0.1306517520737016,988.7260479855609,0.9853092359592819,78.00056559165554,195.1961154037651,341.546526923775,0.1384295578086959,-99999.0
K12D85S,centaur,0,0,S,18.89997414847413,0.1326195336683589,16.77336776405328,302.7262532593603,128.9806021139962,93.70115244688799,18.82924824820326,0.1340078015065043,16.78856976059415,301.302348307219,129.0153893914114,95.02217269652247,-99999.0
K12D98Z,classical,m,0,S,42.74995759395453,0.0240466992400464,2.762402806810961,213.6366563829103,66.93322701252094,279.9760586012252,42.5030838173436,0.0243207460012952,2.766457982745946,227.0396899798648,66.843887840816,266.7148480665453,-99999.0
K12DA6Q,resonant,7,4,SH,43.81900964036898,0.1674384412256493,1.12458652509913,251.5511380034448,273.6332780244675,23.26854434124153,43.5259231211027,0.1625497500293057,1.125118344366101,250.6530640824361,273.6502669609333,24.17213018764794,-99999.0
K12DC1V,detached,0,0,S,64.43132024363533,0.4399177092166449,33.31074519225088,216.3072882882558,5.646920679225753,352.6657078861388,63.91638420198835,0.4357261958946824,33.39168574310538,216.5222452696063,5.688240373276385,352.4828836519823,-99999.0
K12E18E,detached,0,0,S,68.44015911904275,0.4430486248649818,16.30114654209953,339.9060438157833,243.5502305654943,359.0491166068293,67.84641886847663,0.4383141210119219,16.32587249383898,340.1961401758159,243.5271939824443,358.9440007168441,-99999.0
K12F78Z,centaur,0,0,S,18.99774929867224,0.4472928615653686,16.96733505530734,154.9072922208376,10.09684471297201,57.9093738267456,18.98194351659155,0.4460959934403452,16.97020411910517,154.7995771579242,10.23696732898657,58.06050736374085,-99999.0
K12F87N,resonant,3,2,S,39.37031784165931,0.2542774839030231,20.64408045481559,160.9163632593775,74.03172530522747,358.0597840819005,39.20003535033151,0.2512570310308169,20.66753863465168,161.3983427065847,74.02107102371268,357.7792216211677,1.0
K12G01V,centaur,0,0,S,18.50809431879108,0.5548123264164309,18.90499635777395,341.0176886888668,168.469663792891,58.83206534629233,18.48096585082145,0.5538826562080488,18.89467523831924,340.8522921420438,168.6053129458909,59.04151370324863,-99999.0
K12G11U,scattering,0,0,S,173.8477691070701,0.8952836581798373,10.75526282380816,6.226793685797124,144.8040668035469,2.532133320812329,168.1992455243411,0.8919516068614234,10.7594829052477,5.945537793566008,144.8924090642967,2.666860878728775,-99999.0
K12G12M,centaur,0,0,S,20.39128056289067,0.1677390141192968,12.28094925278043,222.670436984561,267.4356144380005,87.26541483201392,20.33242092324047,0.1670020664418707,12.29007620528418,221.7952842513435,267.4417613830209,88.29128709825596,-99999.0
K12G17X,scattering,0,0,S,37.46789797749258,0.5489144237084902,32.54906650296127,243.6239981197984,209.2240768526999,53.3152861477484,37.29266009124684,0.5490701059101747,32.65657634616534,243.2135010329831,209.239166043494,53.73078842408746,-99999.0
K12H85E,resonant,9,5,S,44.50600563920847,0.09787379907875843,3.023681776461022,37.2028118535304,235.1668425168873,17.39014825377047,44.6532513874458,0.09974771043701744,3.026197309372043,39.3988995306939,235.2743325336743,15.43526347614988,-99999.0
K12H87W,scattering,0,0,S,91.73318561347786,0.6460510191856753,14.09510529087186,112.1480191650888,125.514116704339,4.985034605880657,91.44258707441503,0.6446091651287775,14.08634785756791,112.3608743803669,125.5571005289974,4.973602437392109,-99999.0
K12H87X,resonant,13,2,S,104.8916639704397,0.6679787702821577,12.70006913562423,285.229636425648,271.717189840305,5.399976344228814,103.3463175804417,0.6629794227503989,12.70618135749703,285.2221836578321,271.7136399049785,5.533084034500513,-99999.0
K12L27B,centaur,0,0,S,20.27015525636573,0.2291142485209686,25.7792667321382,90.90387338784069,209.0138710876145,11.86113794016404,20.39934443729768,0.2333301287727288,25.75736858058543,91.43652186679839,209.1040666113575,11.38043383961001,-99999.0
K12O06L,detached,0,0,S,54.13486106649111,0.2989328615801639,8.79257059956568,276.1443634316888,160.8945000712636,276.762257473652,54.54290482107298,0.2997499815716642,8.76336500899131,274.7315723897362,160.9687984433182,278.4120019905694,-99999.0
K12P26D,centaur,0,0,S,20.43387603652988,0.5059179884743431,7.654861661734289,85.28534555531408,209.1207849741159,53.33945771378833,20.58308789215129,0.5065641428709777,7.637486090039062,85.95640571763376,209.0590299354709,52.63079155620251,-99999.0
K12S67B,classical,m,0,S,47.0348356326623,0.1401702274508166,17.92733638826304,151.2402083712574,214.6550866904034,13.22188485469037,47.50763220786519,0.1484433004755831,17.87831045456695,151.8462279551979,214.6786560122797,12.51774773239829,-99999.0
K12TW4C,resonant,5,3,S,42.26956345940107,0.197023858391261,9.630961630192399,259.2955460615187,131.8285764799596,9.338349027348638,42.6717207299744,0.2045673277189151,9.630164926586971,259.3613612836238,131.7490038110941,9.180728262272272,-99999.0
K12TW4D,resonant,3,2,S,39.3862955070921,0.1386364530434021,9.575925786644659,190.9673142830659,114.6103786153271,63.25885209295166,39.73419352251955,0.1416949497497603,9.574070137360582,194.0439638494088,114.5717965864301,60.16052685771434,0.0
K12TW4E,classical,m,0,S,46.11929782524782,0.1201858535370753,5.547310295737519,303.2981225901029,151.9849373221131,317.6191787642668,46.49414817180446,0.1239000516395719,5.542533357400158,300.2739223184342,151.8542573156853,320.5687872632453,-99999.0
K12TW4F,classical,m,0,S,43.36201149700385,0.110164449591067,7.883105746366454,92.92825581547099,318.4979316166105,347.0472492255816,43.75346983432148,0.1174681019806768,7.877998073490407,91.4189469296225,318.3898705624855,348.5178978672764,-99999.0
K12TZ9F,classical,m,0,S,42.09313058229268,0.07259133819389978,24.74184668770573,102.4319464406066,93.96862718753209,225.0712648832509,42.33143210779036,0.06662975776293914,24.7310602482427,100.5181848562221,93.97480120453557,226.693470498049,-99999.0
K12UH7G,resonant,3,2,S,39.30135527399742,0.2246902022159329,21.87718604131034,130.3919531366132,261.8696065828517,14.24077266187285,39.63924967837083,0.2313679337323172,21.85834533943374,130.4496497622172,261.8756657608437,13.97518790895095,1.0
K12UH7H,resonant,3,2,S,39.38255529104018,0.1900867915454159,23.74972270314469,345.8552579135974,255.1472194290451,154.7344691140896,39.613136973275,0.184592382198315,23.7149949476767,347.0059629355285,255.1875503305779,153.320738426332,0.0
K12UH7J,resonant,5,2,S,55.22833439922803,0.4338965743430834,15.63221443140277,46.87432432170863,298.8644798888492,27.50860422693079,55.94004955486955,0.4400252871878689,15.63459279874841,47.58031089461578,298.8119023850487,26.69923787529931,-99999.0
K12UH7K,scattering,0,0,S,92.23122178708768,0.6167722153010953,24.85289813077215,162.3720510810437,251.4805806089862,359.6564879414268,94.19850496876636,0.6246993794054964,24.82466791036818,162.1165853998713,251.4891284308069,359.7108390151696,-99999.0
K12UH7L,classical,m,0,S,40.66583505471935,0.1166449124574288,19.23692988566903,147.6544188767847,272.1652152979134,351.1653074456187,40.9857803708986,0.1230440726348467,19.22815296507658,146.2045101838665,272.1694740798972,352.4026023452378,-99999.0
K12UH7M,classical,m,0,S,43.54628491168427,0.05787556996569174,16.17738901681106,57.27524357479421,287.7354400875466,54.63434649434546,43.88788238478273,0.06342632046496853,16.17758994814549,62.05638326099064,287.7064342601217,49.67788912270569,-99999.0
K12UH7N,classical,m,0,S,43.17344048911785,0.1584869788114225,20.09369427311396,70.77180997199797,341.2881634198467,0.7354738287533601,43.52188966709337,0.1651296538159294,20.0759500261414,70.26969235804305,341.1499474739481,1.163495666114032,-99999.0
K12UH7O,classical,m,0,I,41.56193942502298,0.03509602072163315,16.44659297737806,336.0201166272474,289.9561195184723,137.8846167625815,41.85354044211837,0.03152984180246346,16.44783122580365,346.7954798070211,289.9194016545837,126.9271138099352,-99999.0
K12UH7P,classical,m,0,S,42.83795505198064,0.1004765246715414,16.60150879052123,59.03551396982318,280.168114180151,57.85723194671071,43.17747388457676,0.1053422837108729,16.59848609478939,62.11821056188507,280.1597431759812,54.57577526165358,-99999.0
K12UH7Q,detached,0,0,S,51.95677168683991,0.3121191330554067,19.60211360637236,120.0607115465749,330.1555247846374,339.6036315820903,52.44135663472627,0.3169410981591202,19.59242230056731,119.1747902573372,330.0301105293812,340.3911323657132,-99999.0
K12UH7R,detached,0,0,S,73.7496018614573,0.49119350394327,16.353083868168,158.1294818894927,291.5001810647721,347.1620321323259,74.73160234484331,0.4967038480042321,16.35452989774658,157.4596773306526,291.4620235379797,347.627833110176,-99999.0
K12UH7S,detached,0,0,S,56.09433893208383,0.3666306399920342,17.21408655441517,92.47826557310978,271.779974297246,21.76153630143154,56.79263306467372,0.3740029245355809,17.20546077897302,92.96393904566825,271.7858950363836,21.09180233131081,-99999.0
K12UH7T,classical,m,0,I,47.50187879956034,0.1284402969644373,16.36314231231213,282.9189767233327,320.497835673616,156.1902507340239,47.8213928196848,0.1223611546737426,16.35689835599554,285.0259159998521,320.3476437897945,153.9982513095059,-99999.0
K12UH7V,resonant,1,1,S,30.02355608155223,0.07237984993621478,20.83484469931761,204.3147740174082,265.6625866276448,311.0214785960577,30.1996920310655,0.07445473156637523,20.82001473878922,200.0626353510193,265.6657811377198,315.0579179464715,-99999.0
K12UH7W,scattering,0,0,S,30.06896952691511,0.2590363056662262,53.88468037633305,34.35029219774159,20.00789056530282,14.57145109727568,30.19010758349731,0.2620744751492223,53.83725789995205,34.38035706220879,19.89484089819937,14.47552117382051,-99999.0
K12UH8D,resonant,5,2,S,55.25054338229295,0.4181277770528892,8.693871646117637,319.1819071571165,66.85156714582997,22.3044651912947,55.75911928932118,0.4237073715489321,8.680083911943118,319.3675273197865,66.81837996169915,21.88201986301723,-99999.0
K12UI5D,resonant,1,1,S,30.20083131748529,0.04406450477236403,28.30035028702399,353.9622346371141,246.2151842258206,179.3421752240534,30.34528808379678,0.03933194672637352,28.25473506188412,356.9363498004597,246.2109275296075,176.1245990397687,-99999.0
K12UI5E,classical,m,0,S,41.81450548738534,0.1496675651941439,20.46288016854662,244.0585198895272,202.3255482881567,35.97192627963751,41.72820830986646,0.1499527523110548,20.48666597396612,242.9706697036052,202.1710777660928,36.92790178684003,-99999.0
K12VB3P,detached,0,0,I,262.3282434659622,0.6930667586722001,24.052188470126,293.8968875407631,90.80237643918957,3.734959608415951,273.3267321586935,0.7055120340334003,24.03828455362061,293.9123996087734,90.82209227737806,3.493410912157826,-99999.0
K12VB6B,classical,m,0,S,47.06923969762705,0.1605063432199896,23.2272814514072,359.1303792200945,193.5417326221975,278.0998427955578,47.12543647509327,0.157417727844167,23.21271823342904,358.7207359914262,193.3395211651671,278.3359902370201,-99999.0
K12VC8R,classical,m,0,S,41.36729822252427,0.1474101205835044,18.47181383836235,275.4507428043053,283.6417935372215,207.673540832493,41.62566226746487,0.1403640121068831,18.47071112663063,274.9203706113894,283.6228338512906,208.0142063003049,-99999.0
K12W37D,resonant,17,11,I,40.18622728836668,0.1161471674009318,21.12448098317843,17.41036935169051,83.68286155063143,28.24677747987311,40.07631479943588,0.1154265572706271,21.11694532798907,15.73115359842049,83.63338514845562,29.69581461106956,-99999.0
K12W37E,resonant,2,1,S,47.64691305032432,0.2456394610055893,25.68917761763991,331.0620077670885,59.86544358561294,11.30832462832438,48.10216438515588,0.2528464040024272,25.64255430087083,331.048968991406,59.87267022092884,11.11474754945374,-99999.0
K12W37F,resonant,3,2,S,39.37671711560619,0.2902992207141799,19.01280185422447,275.1503376269488,173.6167697087286,343.6411186620406,39.68058912969518,0.2946970084173912,18.99351239177187,274.4360152388509,173.4946684589088,344.2677977823257,-1.0
K12W37G,scattering,0,0,S,49.02746139566661,0.3437464856876742,14.32033239667781,41.15257605899816,106.9971855341179,299.0036029407102,49.32646200749398,0.3420843437882856,14.32129158222778,40.06654827468054,106.9712226660057,299.847853297867,-99999.0
K12XF7R,resonant,2,1,S,47.78143991612069,0.2259307763927345,29.97054980431349,276.0914223413216,223.5737588706414,325.9937745349882,47.87940311007643,0.2254545505550196,29.92109825328165,275.2572240447651,223.4668805934414,326.6114480724568,-99999.0
K12XF9W,resonant,3,2,S,39.48136026335359,0.2085719781190789,20.97797106636504,273.998025551048,146.549110166701,21.36443835315992,39.63440055449261,0.2123549213134114,20.99914355229747,273.7822659312446,146.4559205874372,21.37726115356077,-1.0
K12Y09O,resonant,7,4,S,43.64820887576526,0.1676385007034714,15.38918411573805,2.895504158869795,118.5554085526837,308.4967011264579,43.94163718683111,0.1687866902603955,15.3927785778958,0.6800130550831456,118.5001850768666,310.5146261704872,-99999.0
K12Y12F,classical,m,0,S,43.55164144015361,0.1397089254582876,28.16908027797266,12.97701442421661,153.5474666564405,300.9955316096767,43.63683884343228,0.1379353458540526,28.20114957753106,11.75646101381598,153.4142404120095,302.0042028210813,-99999.0
K12Y12G,resonant,3,2,S,39.42849380475495,0.2145032212133351,30.91789367047966,30.11463148408275,114.477164283776,324.5151629942694,39.51302136853084,0.2140784989534817,30.93419134389577,29.15392502164874,114.4485997599901,325.1934158493313,0.0
K13A60Z,scattering,0,0,I,418.8308326915443,0.9811117705732872,16.53565775730394,158.274855086046,349.1604426683924,0.3464738660416323,385.3593204813072,0.9795117996750661,16.54619622069054,158.0468969798687,349.2743723540922,0.3928106556933243,-99999.0
K13AA5S,jc,0,0,S,15.95899293940234,0.6404493994314493,14.57410866462402,325.9603011642197,106.6246066055173,68.04522501591816,15.90907443066318,0.6416210486766345,14.58030134053721,325.7219771353325,106.6281239671893,68.28324298076741,-99999.0
K13AI3R,resonant,11,3,S,71.49884451332933,0.503980281817124,7.023615084780129,261.3849875879369,165.0382702615001,28.99570677199339,71.33560586381688,0.5051594551490072,7.04390905471534,260.9463322560878,164.9820530362064,29.16128600734165,-99999.0
K13AI3S,detached,0,0,I,61.18564278075027,0.406354022416294,21.69741908773309,321.2685779284093,135.4086868253115,21.97927863456656,60.94927891006533,0.4056896097602355,21.73207488844705,320.6483017746343,135.4228292213146,22.31481295720923,-99999.0
K13B76L,scattering,0,0,I,952.3207012607613,0.9912103517217272,98.57068022857388,165.9980608316226,180.1708249387444,0.1266376426820661,1080.923830058183,0.9922339280151434,98.5661795976907,166.120158766963,180.0188695602191,0.1046882340454229,-99999.0
K13B78K,scattering,0,0,S,38.17135270713759,0.7833994797405837,2.208135021325714,283.0564296682949,175.1460190710105,16.95997370302089,37.89332453892021,0.7828400415515973,2.212674715061276,282.6974323620476,175.2363534760222,17.14487665703735,-99999.0
K13CD3Y,jc,0,0,S,7.835886075455578,0.2621381011934913,17.71999301200034,61.53468423707199,148.3435852587016,134.6519922778568,7.872042955759923,0.2583380143523383,17.69720624850233,62.07031581647797,148.3260378115291,134.1654400713247,-99999.0
K13CD4A,scattering,0,0,S,30.98163965279461,0.6456292912626348,8.522569376419952,256.3665792583581,268.5270467388422,20.32255268116573,30.82006786957011,0.6440023228996762,8.530186775148774,256.2467167173254,268.54732613257,20.51188454132859,-99999.0
K13CM3E,centaur,0,0,S,21.79199446934426,0.1562419098901018,5.169391046804206,131.7649498539279,265.7064721585948,134.0699898245553,21.7096202547616,0.1595630245544204,5.172166320430001,131.0467501475565,265.6735997297307,134.7644771073538,-99999.0
K13CO2Z,classical,m,0,S,44.89001943996353,0.2320637566324402,33.78435173630574,119.3488507624594,127.942848425837,308.6350430996773,44.61556117793733,0.2293255026772746,33.82305847188665,120.3784650441781,127.9949606492272,307.4701094982733,-99999.0
K13E27Z,centaur,0,0,S,19.49367239860882,0.5452426253306423,14.62538545401626,212.9911259983339,328.8313968806319,36.90103189034883,19.4838312400589,0.5443663134454343,14.61594514431661,213.010763972378,328.9049827298797,36.95579764771593,-99999.0
K13EE9M,classical,m,0,S,45.2590051555904,0.05729145390967498,2.63358306299237,15.38300297179394,169.310076614014,39.79378582443849,45.0461479725862,0.05282924899439775,2.637280479447291,13.65429184559846,169.453590086928,41.60502951818352,-99999.0
K13EF4J,classical,m,0,S,44.02126252097042,0.1162150103972506,9.781897203126364,95.70072044861719,290.3288291694845,157.0522450203653,43.78434803982329,0.1217763812697736,9.785388848401047,94.84209369731032,290.3677387070805,157.8403561939461,-99999.0
K13F28A,classical,m,0,S,44.18403983470981,0.04181769233897548,1.53732096822642,20.98655701384931,301.3963936548683,254.784550474445,43.95302101503287,0.04487967400386591,1.537808140340902,26.71784297971041,301.4978214130217,249.106145830218,-99999.0
K13F28D,resonant,3,2,S,39.6427955403348,0.1833778099843878,6.847899729124502,201.0825298894632,251.1911573280491,102.7384924026149,39.44208431548427,0.1847149970933969,6.858046469539486,199.6017049085529,251.1442306354041,104.3852586708111,0.0
K13F28G,resonant,17,7,I,54.363386342534,0.338476250684809,21.05232090412247,239.0667134996468,329.4228989281787,352.3856739813809,53.90855280076798,0.3331602031673053,21.08616896789685,239.2260366498359,329.4982806987461,352.1698149171264,-99999.0
K13F28H,classical,m,0,S,43.2557146932599,0.1411641066794093,13.07992962535852,295.479088657486,322.8322062583264,303.7317995498014,42.99186822354632,0.1389662217161909,13.10241278624095,297.4723950083019,322.9163497421529,301.6590396637804,-99999.0
K13F28K,classical,m,0,S,42.87964847046091,0.1115024927838082,12.04899296900547,246.9923336026228,247.3117380044766,30.92278757765953,42.63148707094741,0.1079973702985949,12.05699469706787,245.0177919061098,247.2231424503313,32.86509083465766,-99999.0
K13F28L,scattering,0,0,I,358.0758162623943,0.9101461577801716,15.82184661239919,225.0944098912422,294.3740350487937,0.5174289259243777,337.0490898087094,0.9046106892500044,15.82845812666231,224.9054000684516,294.3967024263223,0.570688013807717,-99999.0
K13F28M,resonant,13,5,S,56.82054857440494,0.3770458711765416,14.92833355605899,244.0378390506107,208.3285168480654,39.09271556923078,56.49254839546219,0.3763765278207227,14.966730297346,243.3244787256569,208.2206828326292,39.71598851922498,-99999.0
K13F28N,scattering,0,0,S,35.39369263045635,0.4258653546057273,8.65047590879111,250.6928123632974,299.2083001443586,9.560101297785089,35.1434367683497,0.4220017800489747,8.65371548998012,250.5682400228487,299.2478070129753,9.70731273208406,-99999.0
K13F28O,resonant,2,1,S,47.77238645914661,0.2205021388479138,8.876617962282252,263.5738945747261,247.9887197453836,40.99241652663739,47.45409225892453,0.2166500424744692,8.889917848600412,262.6124556773091,247.9446696443226,42.09336038169504,-99999.0
K13F28Q,detached,0,0,I,62.36042000941111,0.2657529091540173,25.77546495028524,227.6297066908344,214.8541771332638,98.04275866969176,61.99361879764226,0.2677416787692198,25.8814947916778,226.4135042214463,214.8303820392327,99.37980090426157,-99999.0
K13F28S,scattering,0,0,I,137.5566718041575,0.739185096303267,13.06010005567894,104.5811467992166,204.6433290142069,338.4163124414769,136.4295786155252,0.7395119901829856,13.12676567641845,105.1633030136744,204.6226168869814,338.1518027503574,-99999.0
K13F28T,scattering,0,0,I,291.7228448368201,0.8508697243020131,17.37544866899884,40.65303384042321,217.7224072711782,357.3338415996739,283.2210627160895,0.8467835650743748,17.42072220921133,41.05800500218024,217.6921005000933,357.1964406610786,-99999.0
K13GD6O,classical,i,0,S,38.76858848017093,0.0603014748760512,24.27625800615883,148.977137014722,39.13780096633196,41.70949775833978,38.63825261788463,0.05682041813332827,24.33813849300539,148.2158010462726,39.18744640919568,42.6521214572827,-99999.0
K13GD6Q,classical,o,0,S,48.72427512239359,0.1730871923276746,2.029729903532461,157.1639446973217,203.3691056719498,239.9800353767743,48.53332115165955,0.1776822598307222,2.036268711518322,157.784626267653,203.4533424184939,239.5525288767045,-99999.0
K13GD6S,resonant,5,2,S,55.62794601757758,0.3854635606001262,6.978149344075203,197.2941369128806,44.56550189715117,355.8428620078041,55.30609466148328,0.3821903719679746,6.993431139226367,197.6809245439512,44.58850928890546,355.638726843832,-99999.0
K13GD6X,resonant,2,1,S,48.00167058220154,0.2515321940988787,1.099697445828216,181.1406556857513,63.5214201907757,352.3067135528995,47.76613091906479,0.2483233522027953,1.102084941725664,181.8329849947706,63.48964425129948,351.8642608495114,-99999.0
K13GD6Y,resonant,5,2,S,55.53011379324321,0.4140079716744192,10.8763480850516,43.97051051417073,221.0202452790852,350.0134487507167,55.31954880860542,0.4124370134108144,10.89771678908539,44.39017127067849,221.0690803496209,349.784996295438,-99999.0
K13GD7C,classical,m,0,S,43.22888084219322,0.02780318543500952,2.308545197121926,55.13444811484198,40.70094439498931,130.077411648756,43.04075849981233,0.02953034543853258,2.316197085375629,46.42994642382619,40.72660190895714,138.9886304165757,-99999.0
K13GD7E,resonant,3,2,S,39.33514562984352,0.2567542680642263,3.866193661289111,136.7947323865853,31.38634526515427,41.53923012762453,39.13901354223636,0.2534356224193712,3.876249113645493,136.2499011562983,31.45204254990806,42.19752893303833,0.0
K13GD7F,resonant,3,2,S,39.56897711438833,0.1576863859177956,14.67965008502556,101.7748274451772,35.78861254225245,74.07249140306638,39.39200738259566,0.1558146482740912,14.72173030629332,100.3529531197933,35.83590139784908,75.6423802155452,0.0
K13GD7G,resonant,3,2,S,39.33489262055123,0.1354742788439464,2.391602481823433,73.9861158517899,96.06802828515293,48.03816199974192,39.15362006608967,0.1319079031804855,2.392653967693219,73.03694515661849,96.051488723104,49.20189507866981,0.0
K13GD7H,resonant,3,2,S,39.438088194488,0.2280687616953784,13.46792168430853,152.5607034088616,35.74051220406435,31.23754515303646,39.26449358424694,0.2245192192547235,13.49925698225078,152.3120422645398,35.80066875507506,31.62274054864152,0.0
K13GD7J,resonant,3,2,S,39.49538928251611,0.2666681858469337,16.87311126210425,230.9172308974808,42.49131063486645,339.6107694469753,39.38512463364199,0.2657386736719386,16.90783046281006,231.5471699018204,42.53411160020182,339.1673786222158,-1.0
K13GD7L,resonant,3,2,S,39.26612236779183,0.2000508143951116,10.43943210018013,235.2190780841534,44.49319449712444,332.1077812013382,39.15327467248776,0.1993301134359582,10.46274081209955,236.1568267929538,44.533333271359,331.3758972881811,0.0
K13GD7M,classical,m,0,I,44.1072309545069,0.076422105258725,22.46181540810633,102.5602378741025,32.46666191822938,81.88220568263364,43.91313817758742,0.07466949781907498,22.53056369687591,99.4513632498842,32.51407421926253,85.1471493504815,-99999.0
K13GD7O,classical,m,0,S,41.41900114337233,0.09091385148346476,29.25048445444738,291.0454444604821,35.39953347905623,268.3323825191899,41.27920232486145,0.09324282447687385,29.33586497423444,292.9733626222178,35.43355772871372,266.5921636830718,-99999.0
K13GD7P,classical,m,0,S,43.7128057621447,0.02475830378172008,1.7477041320831,200.482115421651,141.5578910520537,246.1023226052901,43.51871360430538,0.02853072921439725,1.748004657472908,206.7691889621962,141.6645452869621,239.9344343645972,-99999.0
K13GD7R,classical,m,0,S,42.6280600310489,0.04380337348381017,4.225932939327511,233.4518399486447,51.35735569326886,307.9812564251512,42.4498832876035,0.04332396844624028,4.237241538029759,239.3538892503189,51.35564478727831,302.3156281333405,-99999.0
K13GD7S,classical,m,0,S,43.86486967031315,0.09975205807011121,2.594869830402124,120.9230161616231,95.86592943367897,10.92665096017192,43.66168439659214,0.09541361375371535,2.595994921297094,121.5860294520419,95.84938178415004,10.50089724136137,-99999.0
K13GD7U,classical,m,0,S,44.84091261771429,0.07469936196911266,4.972065098279439,212.4957157975932,35.7353278841569,344.5700188612273,44.6453385573539,0.07156311883958157,4.986802901333808,214.9919029808522,35.78293096488404,342.2635310485136,-99999.0
K13GD7X,classical,m,0,S,43.28978364205771,0.05877630896502622,4.129563842074004,241.1222227390894,51.11255799686499,300.4132800108445,43.10282799944954,0.0588214768949645,4.140732751706675,245.6514202750265,51.10562504690124,296.1200099658676,-99999.0
K13GD7Y,classical,m,0,S,44.8844363275872,0.1010503639645068,5.309888796824391,213.6082116850959,39.92573596786788,338.5634742080712,44.67768038892107,0.09814620420296918,5.325099587551175,215.6493165557563,39.95150282350193,336.718924497621,-99999.0
K13GD7Z,classical,m,0,S,41.44458711007762,0.04828367921653964,21.11624950967407,288.2563406265094,212.1306823366269,84.71063840030604,41.28411847753095,0.04643600391575135,21.17602483000058,283.8130575175433,212.1933453409691,89.31898260760944,-99999.0
K13GD8B,classical,m,0,S,42.97361631035891,0.04969883981966795,2.786641935044766,189.2453880474442,182.5546107549817,220.6315431164977,42.80105659302038,0.05419873770520863,2.792705431385398,190.1483646110987,182.6929946245475,219.8385303676944,-99999.0
K13GD8C,classical,m,0,S,42.89443321984284,0.05076279070884784,3.02270962634423,254.6434388802437,83.33170784599413,256.9779933137537,42.72410763064821,0.05399011646252783,3.026057872332083,258.1630261605877,83.29671961515339,253.7425549450883,-99999.0
K13GD8D,classical,m,0,S,43.92963638306507,0.1135052561473777,5.420004058484776,146.662116547588,57.01254604113852,22.97233443815837,43.72938816146421,0.1091523272940685,5.432352038009712,146.7165595496687,57.0096005229063,23.14624710318323,-99999.0
K13GD8E,classical,m,0,S,44.1589371406231,0.05224522654597184,3.067746250514623,55.70129648838634,31.54952056234463,138.839194832475,43.97089413508768,0.05445152387348064,3.078295376657597,51.21021271044893,31.61500916798208,143.510367501041,-99999.0
K13GD8F,classical,m,0,S,44.04518967825235,0.01865641813914807,0.5516987220660007,305.5881729333202,175.8387584078814,107.0450465646804,43.85758864216825,0.0185791963363022,0.5521343369914989,291.2884221314002,175.9493814749244,121.47884109577,-99999.0
K13GD8G,classical,m,0,S,47.45705611836443,0.02802334346277767,24.60801429047471,140.894663395179,215.1963671410813,235.3454218198004,47.27587098279347,0.03200968254654125,24.68366751087979,144.1838267009802,215.2468726381353,232.2584888112953,-99999.0
K13GD8J,scattering,0,0,S,122.6313986015958,0.7867537696742405,27.9577561751347,158.3508085244445,17.22662304771041,3.82028178181559,120.3635947597888,0.7828452136476536,28.01399678626331,158.1970026533859,17.28674374139084,3.940239192417871,-99999.0
K13GE1W,scattering,0,0,I,576.3298956244607,0.9591724638412278,32.07336600138101,206.4391839575011,23.45437718943095,359.894526323656,535.758750119651,0.9561059886781929,32.1267942916078,206.5380972340584,23.47690479308592,359.8815881157831,-99999.0
K13GF8M,classical,m,0,S,43.5459679369443,0.01551009560994304,2.68848232737976,269.6976875416806,81.54332326389334,234.2576932584405,43.34645559031664,0.01981002103666737,2.691632480737438,277.1751561927742,81.49899510458602,227.0395006626902,-99999.0
K13GF8N,resonant,3,2,S,39.36201857950742,0.2043902875488683,10.77910463723859,281.5338637628915,205.393519148639,81.23384959304384,39.18516245947456,0.2032434528769649,10.80958228157525,280.3039360684414,205.4808059746328,82.577318821454,0.0
K13HF6R,resonant,15,8,S,45.71804571865634,0.1884223093740389,20.41224693350361,330.5839832506288,214.1699416296756,33.69641191462002,45.50318558212526,0.1844926838296996,20.46440651907452,330.2022252222959,214.2294263243383,34.22764478609491,-99999.0
K13HF6S,classical,m,0,I,45.67619124442614,0.1770628456638662,8.259859330625723,209.4184368036668,41.5304617283557,348.2393665991438,45.48549910792367,0.1743150665556131,8.280678342485897,210.3964842926702,41.56877316049166,347.4615397341298,-99999.0
K13HF6W,resonant,3,2,S,39.59182105136806,0.2433010788429472,9.930243080921608,35.12593790352425,125.9953323339833,51.10972053692016,39.40882927767318,0.2403468429002167,9.927424291200568,34.46901174446835,126.0628620679368,51.90214338139993,1.0
K13HG2G,jc,0,0,S,34.00950354046251,0.8374018772145394,68.46415206086277,312.4073961864192,231.3403544568577,19.88125313207971,34.13293262243248,0.8372070134401142,68.47449590160187,312.5474137855517,231.5133597193248,19.78408061961321,-99999.0
K13J14X,centaur,0,0,S,11.24939099988119,0.3547655807749922,10.43682584653687,273.8078027505026,245.7553237703356,126.7669228982964,11.27383088223385,0.3521003743823679,10.43703867123938,273.8718877592051,245.8465893880852,126.7909893028165,-99999.0
K13J63U,detached,0,0,S,48.64589691369803,0.2592406245645713,4.309249012086534,336.2910284286322,278.2515997843234,354.1565131338543,48.4844004040459,0.2571671334803072,4.309871873000414,336.9460070338041,278.2685036653251,353.74808708972,-99999.0
K13J63V,classical,m,0,S,46.42139979349114,0.2139442896808856,8.217219775510573,158.8722845968251,350.5337628887334,76.41472627428375,46.2567701970426,0.2115457619540248,8.22283617817214,157.9235675201279,350.729449633351,77.47387066649047,-99999.0
K13J63W,classical,m,0,S,45.64532740906808,0.1013555786395343,7.739941498659797,14.86367838350704,309.4517753575713,298.4275698029611,45.57310366056623,0.1034832430204696,7.733938858594774,16.3206262749683,309.5432121444535,297.2232088883582,-99999.0
K13J64C,centaur,0,0,S,22.08149231106922,0.376642312388921,32.01131827992428,170.2361012415971,71.52180193767713,31.98475577133209,22.18322401945447,0.3777024683399955,32.01715536276284,170.777731962027,71.59055718419472,31.55346361624631,-99999.0
K13J64F,resonant,5,2,S,55.42347371984481,0.449689807308102,8.78530109348012,128.3817885636896,105.2835407075574,9.628103646346997,55.28502206493814,0.4478813844276902,8.785205845658584,128.6651663680358,105.2984722610671,9.57760265215065,-99999.0
K13J64K,resonant,5,2,S,55.24419161736433,0.4082518672128587,11.07747333904607,121.9322316178568,100.2687284695434,14.71825638524107,55.063607434622,0.4057232193746718,11.07939162275378,122.1801593478249,100.2787136402019,14.7174184887526,-99999.0
K13J64L,detached,0,0,I,56.77261715490192,0.3669537927701885,27.67200442032972,104.0336852651665,73.37762804088257,36.76763959638765,56.50124793776747,0.3634455435005817,27.71437402763183,103.8837212696245,73.38384465432347,37.17893311184179,-99999.0
K13J64O,scattering,0,0,S,143.2858663331099,0.7548015247747583,8.579808317040968,40.6696074947322,185.2120291335873,3.147562467909145,141.8454383101424,0.7521138049999981,8.585395868673144,40.71251696404757,185.3469562195445,3.184086327647033,-99999.0
K13J64P,scattering,0,0,S,57.37116886297719,0.4357357461265278,13.70138822214688,80.08187121951892,206.6293345459721,350.7252499131033,57.41390297766757,0.4367218897852437,13.71881174477792,80.36051903014673,206.7452343001336,350.6112431370792,-99999.0
K13J64Q,scattering,0,0,S,49.04930408913618,0.544865993955122,34.87843435395553,31.65618112638188,71.56896259972227,88.6707480160168,48.85386974905561,0.5449065870395824,34.9677271909603,31.27938533776595,71.56182512765082,89.38544667887112,-99999.0
K13J64R,scattering,0,0,S,77.56637816078599,0.5406074786050877,10.45941285562771,141.0941421484695,109.5682086679667,2.741632345816085,77.39532071775265,0.5394378251237915,10.45733804879708,141.4142279600418,109.5877692517648,2.670164210765765,-99999.0
K13J64S,classical,m,0,S,42.52586546961705,0.04834964143683074,9.632692108721857,70.32579073230335,192.0732553823087,350.0270017570069,42.43923749946546,0.04707695528949018,9.647670197181093,73.86631772601001,192.2312984857194,346.6439932910789,-99999.0
K13J64U,classical,m,0,S,40.18026611851064,0.07038346012339981,26.60922786423822,168.3580885547071,74.80242651135212,7.398910807824517,40.10964113699222,0.06853128766355508,26.64433681261359,170.3911574053394,74.81068213379915,5.661004353975436,-99999.0
K13J64V,scattering,0,0,I,72.9833736928192,0.5748350755971461,31.38959106025661,114.0713018172537,224.7205849494031,332.7460188801257,73.21728582291148,0.5775596397638529,31.46545961927936,114.1629893318944,224.7979325680122,332.9171592779896,-99999.0
K13J64Z,resonant,3,2,S,39.42068084871972,0.2326623235448677,10.12820926370692,130.4856806736035,117.1487921656816,6.95353385708491,39.36776999725068,0.2313805873495235,10.124214116262,131.0578408189962,117.1833246210159,6.613806124770089,1.0
K13J65A,resonant,3,2,S,39.51900399239766,0.1488090779105777,10.2228829476303,45.87457748876989,177.1294370455615,24.61757923671114,39.44215058206418,0.1463288936792521,10.22814650133511,46.32481812496184,177.2839609434997,24.29542702069831,0.0
K13J65B,resonant,3,2,S,39.40265067814756,0.1888536187185779,24.89766820141254,166.4349246358534,72.46287146419061,12.70705882210651,39.35228374087198,0.1873315214841628,24.928652262049,167.1223021252099,72.48394820427097,12.27738260018098,0.0
K13J65C,resonant,3,2,S,39.37196775738377,0.294315266834661,16.40963778640584,127.3900775932131,87.17733060864369,25.62203758627538,39.29527609707197,0.2920936640468519,16.4210078429318,127.6546741122265,87.18903936542422,25.59978713072083,1.0
K13J65D,resonant,3,2,S,39.37029809463932,0.09368374145964682,13.01506824435974,48.50280355219459,198.0378319686792,7.312719187656992,39.30858374813596,0.09203471813826547,13.03433202062874,49.86507463888209,198.18087721531,6.104164207945891,0.0
K13J65E,resonant,3,2,S,39.35326331714277,0.2782667206126225,8.048058609615353,66.18560584378021,113.8530183226614,48.41967003403204,39.24029417111209,0.2754644283960541,8.04536068740229,66.0428928311374,113.8811351421845,48.79986174185655,1.0
K13J65F,resonant,3,2,S,39.38812118155369,0.1761644374575654,8.315697938031757,119.2363356556583,112.6802099558257,18.89527072561283,39.32547954241518,0.1741386604387805,8.313182590416712,119.8694381477562,112.7063750552332,18.51875975299014,0.0
K13J65G,resonant,3,2,S,39.36487303466103,0.2493359964941893,15.93470397946221,174.6020750919601,85.23911818506573,0.9943587489171908,39.34147152219898,0.24889355535435,15.94594979449201,175.2094073922981,85.25236738896928,0.6438362394425006,1.0
K13J65H,resonant,3,2,S,39.24878970817159,0.2862232990686516,7.553041066752748,117.6166056877678,160.6112528258093,353.032634393276,39.26472621895395,0.2868774923806902,7.54960751796721,118.0314156972121,160.7262860914294,352.7695436327375,0.0
K13J65M,classical,m,0,S,46.77879629622674,0.1238074686784509,11.20547966277229,308.3263789733736,92.14724258658094,210.8389456052365,46.66492006702556,0.1276136944666336,11.21260472553548,307.7907889298278,92.13821366598874,211.7446058078756,-99999.0
K13J65Q,classical,m,0,S,44.2576771961833,0.1221192524367678,8.413077596260825,52.5978181712513,131.4617591627917,55.76000422379325,44.1344689017005,0.1187490458577559,8.407142922507049,52.1496823255733,131.5444936749799,56.43347592602208,-99999.0
K13J65R,classical,m,0,S,46.19967166269755,0.1894107988194637,11.70699382886598,184.3453071242532,98.2180729328017,340.9849808900606,46.13753595407599,0.1894578598515089,11.70958582476416,185.3314961985923,98.22545594665009,340.304554510454,-99999.0
K13J65S,classical,m,0,S,40.57349692140056,0.0216068497993123,13.72805113072577,37.05281944033918,201.5978673570301,16.98056540531725,40.51586014833762,0.01965928359856421,13.75167881113784,43.37510073535123,201.7479567509692,10.83319603891956,-99999.0
K13J65T,classical,m,0,S,46.61740834844943,0.1978742202497661,8.573092025970004,358.552310148368,170.2884318449387,63.88243546410565,46.47483370642379,0.194804969358318,8.575712001862977,357.9253240198966,170.4679081314393,64.64392868849514,-99999.0
K13J65W,resonant,2,1,S,47.70926543639792,0.3234260373374472,5.696988716551547,272.2339312559396,292.8988204429826,29.10254435263472,47.57277663393738,0.3205680029816393,5.69467088927891,272.3679245056255,292.9332671190462,29.20846098993007,-99999.0
K13J67X,classical,m,0,S,46.39286134166652,0.1281782094220627,10.4977255568127,90.43578244075977,104.5547644285109,45.46447429670881,46.2596464490919,0.1246271000796442,10.49737742325676,90.38150997111777,104.5681406476081,45.81657696231234,-99999.0
K13K18Y,resonant,1,1,I,30.13820474409754,0.1211857600934962,6.658780506727894,271.3866312456023,84.39721171976304,288.4013290404311,30.17102305901891,0.1238118489767909,6.664140433660877,271.2760593446257,84.4160187955201,288.7992424044766,-99999.0
K13L35U,classical,m,0,S,43.712263542873,0.08148582235015452,3.009405789143551,13.80471170243692,157.0016175758653,111.118544485687,43.80124721811384,0.07759490480398304,3.003771375739334,14.19224235601286,157.1154972787586,111.0043492851862,-99999.0
K13L35Y,classical,m,0,S,42.65777861848547,0.05593200452068949,8.718723286724204,18.42099845080977,294.5977777209614,309.6717509447581,42.60942992853757,0.05764811083404163,8.713731760663887,21.10715497686444,294.6396003822157,307.2866455184831,-99999.0
K13L36Z,resonant,5,2,S,55.32975133173566,0.3421634240985932,13.86322125093576,69.52851048986132,170.1890944384246,11.78548190349477,55.24755801281964,0.3405973930901613,13.86075734304218,69.83723606011462,170.3357484467767,11.621586418415,-99999.0
K13M12B,centaur,0,0,S,22.59855341266355,0.3321909318523897,14.00880283295584,110.9473311750803,158.6813772507042,56.12304231094633,22.76540331458117,0.3328549793763973,13.98352660164375,112.0791809360317,158.6411540745758,55.09353237159291,-99999.0
K13M18R,resonant,3,2,S,39.3998991834731,0.3403013167862002,31.10590017292658,116.4530674594578,168.2971802533507,344.7111453704109,39.36642709013923,0.3404284490563632,31.11445849765069,116.7385762806329,168.4226780835834,344.5281455854544,1.0
K13N24M,classical,m,0,I,44.99822683274463,0.1635472538123851,30.78257252830699,84.53518724012804,335.2508362377167,290.0471365140797,45.32538821783915,0.1664982496892921,30.69976125679776,82.44690941765415,335.268100156685,292.3427692929907,-99999.0
K13N33T,centaur,0,0,S,29.62158442438227,0.4466610160446204,20.42641593526973,10.73500814074372,57.35888276139918,350.4727833155998,29.96229584257788,0.45233589155397,20.40117502372821,10.31714287373779,57.35639595032216,350.7804363517378,-99999.0
K13N33U,scattering,0,0,I,69.56529384435174,0.53690945183487,22.18212996305671,30.7869881429768,326.8635318334201,354.6627337013362,70.88059061081783,0.5454493757682073,22.1429387809591,30.75083929230397,326.8551697290733,354.836085592493,-99999.0
K13P74U,scattering,0,0,S,33.79187868379242,0.5325186123357315,12.70688039435936,200.0202969993409,133.9431772121567,13.97609323714251,34.32081445863959,0.5388212925156675,12.699014248664,200.5383633419855,133.9001690644487,13.5173071713471,-99999.0
K13P74W,classical,i,0,S,38.054629832156,0.1186246170890458,25.79651806050675,291.2749152785473,353.5341874988693,59.06606839842922,38.35009046624134,0.1208355259429498,25.72290853832894,294.5815391574825,353.528642239801,55.86372252171875,-99999.0
K13P74X,resonant,3,2,S,39.5793624162941,0.1529877360730601,7.833079353157455,126.9320861043026,43.12155333792608,183.2577353830687,39.84507689141007,0.1455915972160733,7.816150457384716,126.2802878107162,43.26499961699802,183.8909503779965,0.0
K13P76S,classical,m,0,I,43.53186171521772,0.1412014524875752,2.585633108512505,204.4576267725439,309.6219703686465,257.5808462537237,43.83828650457564,0.1371688321000213,2.584680973729087,201.9434270184,309.5023531739164,260.0248869710758,-99999.0
K13P84D,detached,0,0,I,100.674519493267,0.6329403270747977,19.50563139649447,296.7976923331544,356.2993035380237,10.3602593313941,102.6244490512418,0.6387859984549847,19.45204899174619,297.3912083018533,356.3303687223763,9.956354040626193,-99999.0
K13Q95P,classical,m,0,S,40.63989505735539,0.1693622843617392,25.44176923041561,18.82140028503855,71.39519046799758,325.70918653212,40.95653820295011,0.1732759574807878,25.40843794411937,16.835094900362,71.42287458613718,327.4742628280823,-99999.0
K13Q99R,classical,m,0,S,41.01790870858703,0.04242149443052737,32.36998353523155,263.318975323632,50.96581997001209,22.23844986566708,41.32548033339349,0.0484893427081893,32.34267116243136,267.9209742474118,51.09722252949126,17.67540672507413,-99999.0
K13QA3X,detached,0,0,I,50.43812331806816,0.2632134265915738,32.48899384788692,232.067834054927,50.49180293867977,17.44200119102089,50.79508516015255,0.2671952964006163,32.49309685449291,232.9523816261234,50.62126231974467,16.69740596768226,-99999.0
K13R30N,centaur,0,0,S,14.09879753243461,0.4231784910726286,16.60720391573372,187.5700791061759,182.0810682474054,57.39578300616731,14.1209161782744,0.4243939944433691,16.62152531753294,187.7554966030236,181.9781228359955,57.13004834031243,-99999.0
K13R98B,resonant,5,3,S,42.19713336645928,0.2568285296543122,21.93914493941525,350.47920959028,147.0274444110175,296.6074875709182,42.47592843844865,0.2561275996346448,21.92583365287764,349.0902708341937,146.8944769689745,297.910874919759,-99999.0
K13R98D,resonant,3,2,S,39.44668986949157,0.2326273317753166,19.54578031318995,104.848485361903,144.8593981114907,136.4337823059788,39.6881540551062,0.2277852598049995,19.53146167768577,106.2159433814744,144.7085673220867,135.0260737136926,1.0
K13R98F,scattering,0,0,I,358.8957603731582,0.8993845894618162,29.53990234810288,312.0161808921289,67.63331962587843,0.70011247797777,397.5916831924476,0.9091732686809397,29.50140997275214,312.0529995560889,67.64791053208609,0.597779328572682,-99999.0
K13R98G,centaur,0,0,S,23.19462695571895,0.1687019777845663,46.0248030127771,350.443474546525,145.856298797892,315.9243950056079,23.28553137196293,0.1697975750142607,46.03927450024066,349.2160053975568,145.7630373867001,317.0469819294569,-99999.0
K13R98P,classical,m,0,S,42.94183599682017,0.1318261134080916,13.28942218796909,177.8059266893699,216.3134955377368,318.9395854036208,43.325680909614,0.1380526161677995,13.26682885245014,175.692780454572,216.4367429098358,321.0816945518599,-99999.0
K13R98Q,detached,0,0,I,55.75824632914646,0.4350068413131766,37.69049215986247,245.1163916306334,11.21615226202552,21.04396548386856,56.06796751316905,0.4366721338787878,37.64160399139927,245.5938093306306,11.3559458305996,20.67908306266695,-99999.0
K13R98R,detached,0,0,S,50.21179914165769,0.2853087359074708,37.76117499043983,233.5003913507423,62.2632316906332,29.40152786894989,50.7281136432942,0.2904285146127865,37.73701211208468,234.6630619211013,62.3655984969256,28.27660560597689,-99999.0
K13RA8X,classical,m,0,S,45.29208014839737,0.05920075053309905,4.870708345080168,31.79430387518716,71.75100507489361,288.855512880016,45.68133698468731,0.06096111810855395,4.864168107877034,23.96269270938916,71.81974297097885,296.5087133741657,-99999.0
K13RA8Y,scattering,0,0,S,45.56661098526284,0.461343855173064,10.76000042675915,5.168006831178713,93.26186269068668,332.2069745626455,46.07572241111007,0.4648549170762412,10.75626147832343,4.290514543894346,93.27160895742098,332.9337863593975,-99999.0
K13RA8Z,resonant,5,2,S,55.3638201044957,0.4523258152346764,13.0322695510715,333.5646934570275,65.59618844209233,3.619969955884549,56.16443307391167,0.4601132972800964,13.0138324118197,333.4491246876825,65.60535468312091,3.565093568969726,-99999.0
K13RA9A,scattering,0,0,I,462.7645384875115,0.9005724689966628,12.39973362415311,262.918775824971,104.7986037802675,0.5680084745368515,527.185304259586,0.9126950974867283,12.39827402346127,263.0517380601605,104.7890085457096,0.4633568465907424,-99999.0
K13RA9B,classical,m,0,S,40.19999581639895,0.107885765849414,23.1516442674967,223.9518698762294,175.8566325873956,342.6799435370465,40.56089099873093,0.1151364797080207,23.0920710579978,222.5306526862515,175.79491289309,344.1193892727847,-99999.0
K13RA9C,resonant,3,2,S,39.41655614267066,0.2790860478855962,43.51488294368471,318.8516793025738,32.81624464721067,27.77938381786236,39.7477663958807,0.2844048146904683,43.41847864250212,319.4764633681535,32.78957178584653,27.05552824560993,-1.0
K13RA9D,scattering,0,0,S,32.37836867156276,0.08103558401653173,11.11941416865098,332.7087818452251,16.69190721569242,29.79180751003469,32.64785640601811,0.0876102285512404,11.08879073514742,335.06435890142,16.66865844856224,27.39500546119243,-99999.0
K13RA9E,resonant,7,4,S,43.64739827373581,0.1518974137870328,5.417016133152402,165.3194026688921,112.862509395096,84.7537736295278,44.02344386094753,0.1516365333715773,5.416114028145874,168.4920536283966,112.8288218336485,81.57331394614964,-99999.0
K13RA9F,classical,m,0,S,42.85826158766397,0.06465614763099994,9.71496988448842,243.652671175269,144.8548316041607,346.4239102422329,43.25681904740289,0.07281995363808975,9.70024657564176,241.9635154244572,144.7661714229709,348.1859745887091,-99999.0
K13RA9G,classical,i,0,S,38.23638748394036,0.09027052579169365,22.72239269614338,59.73942561518812,22.68405489508585,312.5758245463871,38.53963543306029,0.09422385904160079,22.65634347674829,55.91337635947929,22.66763926097719,316.3165499165756,-99999.0
K13RA9H,resonant,4,3,S,36.38045523969829,0.07267444732932865,14.82347128870195,288.0219471079763,204.3838488229474,212.9679004812489,36.62653082651023,0.06760994244782062,14.78836433900651,283.9865077738478,204.5047034336536,217.0537719944944,-99999.0
K13RA9J,classical,m,0,S,43.31625273424754,0.131770547624099,20.30061751873024,253.6107128604928,182.4736891376838,298.1756971723062,43.69644040864841,0.1350256879024947,20.23669473527719,250.4663725346239,182.4809327131225,301.3623181181189,-99999.0
K13RA9K,scattering,0,0,S,89.4760097911119,0.6169264151534749,12.84849796173209,162.3620186602506,176.758721897813,10.06566796835008,91.66069626709468,0.6254100104019314,12.8198886202467,162.9150295945304,176.6800888764498,9.601578143990523,-99999.0
K13RA9L,scattering,0,0,I,40.18861611795533,0.2014506063085874,14.18961691367712,69.59765345721758,193.5860765844957,64.81127180976775,40.50280749555331,0.2018076379320778,14.14836003097019,71.66459111864783,193.6529432150157,62.81981654329354,-99999.0
K13RA9M,resonant,11,5,I,50.83133906461475,0.2220652874827931,14.28497219123875,128.3360442529037,261.0140755213721,327.5866242678604,51.37076615708573,0.2291663201373632,14.28456087831677,127.149686167453,261.0711349972579,328.8751448908149,-99999.0
K13RA9N,classical,m,0,S,42.53804254053848,0.1556670562101762,32.30683496887448,17.92567850006442,20.93662244083779,348.3121034044266,42.91730544745918,0.162621402506797,32.21879859351852,17.06054230378587,20.92748749187879,349.1128718900162,-99999.0
K13RA9O,classical,m,0,S,44.0301811888326,0.03509218917700917,1.523682234976713,328.1105855939667,52.09498435732086,353.5463148685866,44.43174347065489,0.04355632116696459,1.520206245139252,326.5029536193934,52.20245447422169,355.0289356329191,-99999.0
K13RA9P,classical,m,0,S,44.70048066355165,0.1034708045582451,2.350585599293748,269.4191718842803,105.5490335411044,2.513254239738801,45.14376694261534,0.11208956720604,2.350375139179596,269.4385494125936,105.5491197966453,2.449311695691731,-99999.0
K13RA9Q,resonant,4,3,S,36.40380546902631,0.1511951884593307,14.5389341353772,335.9242553196121,70.51397689364181,355.209589673945,36.71884764762604,0.1581502315299502,14.52008403596887,335.1250251002643,70.54232784959673,355.8302711794037,-99999.0
K13RA9R,classical,o,0,I,47.89239680924766,0.05847792027198163,4.237768345925038,100.7339443057468,225.7838767875827,29.51494918853275,48.34236920078316,0.06569360492200192,4.229486273457536,105.1459573884663,225.8847103976805,25.08113819267163,-99999.0
K13RA9S,classical,m,0,S,44.68172730366559,0.1181749115182469,4.84673764411636,306.4048087921252,353.5013606772598,58.74100412738728,45.09703582165297,0.1217025971530503,4.831319660151534,310.1760265747606,353.4489145639286,55.03733268040092,-99999.0
K13RA9T,classical,m,0,S,45.44179014009029,0.2095397621243233,17.23981046862443,43.3006297734121,293.4967520424118,10.92648305691727,45.93442287149891,0.2174340943059395,17.23050460101389,44.15987821749926,293.4706658943483,10.19974469290703,-99999.0
K13RC4D,classical,m,0,S,42.89287519945442,0.09590578507743495,15.43427310950795,54.01337931666679,221.2477052724423,49.37251217110803,43.2076939241346,0.09851240685329171,15.41617770990308,57.79399154970305,221.389474059737,45.67116889080731,-99999.0
K13RC4E,detached,0,0,I,120.8297026231831,0.6689146194506681,31.67526699614609,160.0302929705584,175.6609165819804,4.709568354650303,124.295767958717,0.6777934768079146,31.59869781220222,160.4100640831373,175.6341936628786,4.454146411159042,-99999.0
K13RC4F,classical,m,0,S,43.42469251047854,0.03792767242996558,4.126156577785011,174.240928548068,44.30105110026255,153.6806306484646,43.78664803944984,0.03066791295846078,4.114893603375043,181.0734371686313,44.38804809538735,146.7399379352342,-99999.0
K13RC4G,detached,0,0,I,90.92588811605873,0.5715822706909395,43.52345664374464,287.5634888560758,35.58826684126709,4.197129445033099,92.65830007862738,0.57932870874726,43.46367017030445,287.784722240884,35.69608299938783,4.007986061958458,-99999.0
K13RC4H,classical,m,0,S,44.31316297603406,0.08727485896700185,35.7928487151092,3.461314696758026,180.0382821512139,212.6098658310665,44.59885473041869,0.08101590004286731,35.68809545474463,1.715492211095685,179.9298789697783,214.3353234472434,-99999.0
K13RC4J,classical,m,0,S,43.86769677371639,0.06009929583071157,4.045136074007036,155.7463645398495,111.1046758648933,115.4270180960667,44.22677419819624,0.05743693789018563,4.044880233706687,163.2893582894848,111.0774741320445,107.7999610758554,-99999.0
K13RC4K,resonant,3,2,S,39.53843455407192,0.1855788177335508,7.057026029918529,208.5721570490498,92.47117274964245,70.89845964679658,39.87459668496096,0.1874314852456018,7.053796014638545,210.8647455249994,92.49422811267115,68.47270337279458,0.0
K13RC4L,resonant,1,1,S,30.068448207278,0.02383171754219535,10.13749450420413,243.9703724998048,166.8820097165942,351.0529274707743,30.27624224041114,0.03010867116942309,10.12259157099588,239.7438672438707,166.7667956351908,355.2415835674642,-99999.0
K13RC4M,resonant,5,1,S,87.7428294841873,0.5980198818511399,13.86369724364162,181.3055110877779,187.2715427819027,1.537496367138783,90.03299518454743,0.6081376976140441,13.83109044323959,181.3960089921868,187.2475105046766,1.461460192748008,-99999.0
K13RC4N,classical,m,0,S,45.33555418469585,0.1572670210934572,15.17743798200247,77.98414288690195,184.3698297773087,84.3904201796752,45.71119985562661,0.1561289989644655,15.12483048446783,80.94929062900823,184.3672088267054,81.49125082692953,-99999.0
K13RC4O,resonant,19,13,I,38.74640345062818,0.07881583989659377,24.57456643037355,293.7527797382868,181.473216042613,267.6803531876236,39.04332348501056,0.07796044055572818,24.5000169593936,288.368432332549,181.4329704684096,273.0782628054563,-99999.0
K13RC4P,classical,m,0,S,45.60397662791297,0.1917387904564059,32.22975858901633,346.4079906133449,28.65501614533483,11.30354731538972,46.03095399989057,0.1990825245251338,32.14491868015732,346.656202289056,28.64018728098277,10.9568231815045,-99999.0
K13RC4Q,classical,m,0,S,46.74032223445753,0.1695116264023754,21.61998413286668,61.66522000502481,179.9064779089331,87.21850836312929,47.07643523504927,0.1670741474814058,21.54602801433636,64.04251822760514,179.9486777028562,84.9717639067318,-99999.0
K13RC4R,classical,m,0,S,41.65439585384134,0.0646318711015156,45.32691481683675,221.2150357374852,101.0910018599131,47.69303003580537,42.0244267752726,0.0702455281695975,45.31813767858614,226.3906684054054,101.0891576641229,42.4947122992042,-99999.0
K13RC4S,classical,m,0,S,46.33795866999048,0.2497083395377681,15.27589767661635,259.1024382407373,139.9979118447838,356.3248908839934,46.86099578881957,0.2578263561595122,15.2660627279508,258.7681393640192,139.9066420684643,356.633016143781,-99999.0
K13RC4T,resonant,16,5,S,65.21183631266258,0.4425677317771979,18.29028336576892,308.6889549109094,49.55091403423061,10.42391745115584,66.31418373371233,0.4514932161442201,18.25320030165284,309.00230344536,49.58911368956248,10.01743215041119,-99999.0
K13RC4U,detached,0,0,S,48.24741048637774,0.2505650996510322,31.65003436791382,292.7920270859632,188.2357242929721,315.9254379530511,48.5570225542373,0.2518969251014652,31.5817915169093,291.5263666040468,188.1080546504643,317.0817362445113,-99999.0
K13RC4V,classical,m,0,S,44.71988487478946,0.1065778562384928,43.25520813825462,184.1705871000279,51.7857421939637,93.78305652171727,45.03017169914617,0.1044266855817561,43.21379468796795,187.7214850092377,51.92839429091189,90.25110448200769,-99999.0
K13RC4W,resonant,4,3,S,36.52444133198096,0.06712252929018854,4.808021912866259,253.4935986307165,92.54416948055754,41.39670293951897,36.82573616553857,0.07331303284078096,4.805912382181195,257.0394490704508,92.56613262560111,37.70999252273807,-99999.0
K13RC4X,resonant,3,2,S,39.53834254669929,0.2441483498733452,29.47630299838068,232.5151797265022,20.53764296723902,38.97524588609808,39.73968781101319,0.2452769874747102,29.44223042712806,233.5482698126568,20.68428593320698,38.04685887699324,-1.0
K13RC8T,classical,m,0,S,40.32261023628672,0.1077761563761951,24.16961376983526,213.4453230521452,32.71463054213171,123.0777949091845,40.61757723410063,0.1035590999679571,24.09371053217347,216.76205434077,32.75502044055573,119.6714270081762,-99999.0
K13RC8U,detached,0,0,S,61.20472354264854,0.4165518415828925,25.25689993201136,112.2663752983876,176.1551066201494,22.05689988536071,61.87676136296313,0.4209704614087906,25.18935434649127,113.1111220642337,176.1950227297157,21.37033719983972,-99999.0
K13RC8V,resonant,13,5,S,56.79173386180837,0.3339082483231771,8.391612474740318,48.25832773829996,255.3910469815632,26.84682998321058,57.48556182020156,0.3397229002528094,8.387571207481248,49.37444133045276,255.4600629817138,25.7894668638274,-99999.0
K13RC8W,classical,m,0,S,45.44692584397133,0.1313633946576663,5.607319870398319,118.8918689863354,290.8620771850873,325.4205734438161,45.90275627068351,0.1381938092178722,5.604834230616371,116.6392801385456,290.8264843658586,327.7281583312134,-99999.0
K13RF5Q,detached,0,0,I,51.24702362639739,0.3128854956774312,38.51249338641854,318.0846453259391,49.90298111341744,330.6710626690624,51.71482550142666,0.3186909970500466,38.51637548215366,317.4509405337835,50.0344315747151,331.401790478911,-99999.0
K13RF5R,detached,0,0,S,62.16949387192057,0.3885648316297705,34.16403273342232,223.4822820315607,3.91944020135097,39.24976840531986,62.36708064820863,0.3876830404803271,34.10152527491486,223.9964741273767,4.088852142105338,38.89093743510958,-99999.0
K13RF5S,detached,0,0,I,50.45015142896787,0.2657407036752057,34.0853481643636,331.9319841871718,45.6680851030753,317.9695679523579,50.84289915617528,0.2707070700805619,34.09004125814711,331.0365190432678,45.81888546388677,318.982644793334,-99999.0
K13RF5T,detached,0,0,I,103.0319988867422,0.6531334719993288,26.04137843475008,222.1249987008446,172.286862656296,348.3892341884392,105.4657625770119,0.6606162256863982,25.97315511307239,221.6660730008669,172.3445192854623,348.8748686927919,-99999.0
K13RF5U,classical,m,0,S,43.96995091576156,0.08295989098169929,1.797165693735106,48.52911810630831,287.1928892773636,25.68221394950183,44.38875793748603,0.09042013788166013,1.796236564783549,51.34462602959006,287.1553595487096,22.94066443366545,-99999.0
K13RF5V,classical,m,0,S,41.03892052077624,0.06040647688130057,28.28531559121386,37.84229207161602,1.490085394345523,337.895428719988,41.37837230649005,0.06732872294347382,28.20232125291841,35.18748486649753,1.450584539571585,340.5691444939708,-99999.0
K13RF5X,classical,m,0,S,46.7783261578052,0.2612159598475201,27.94929782296135,126.0179413972411,174.7465314060639,47.07232014957643,47.22228403066561,0.2646210775116248,27.87211211055544,127.6329931120239,174.6872678426141,45.53319636782696,-99999.0
K13RF5Y,resonant,11,6,S,44.98566984125373,0.1957224352487085,10.90042099340707,225.4325533730034,19.69534417637038,102.9369462556679,45.33551963118138,0.1920275549469286,10.85941487218538,227.5376460644997,19.7371079943126,100.830914250651,-99999.0
K13RF5Z,classical,m,0,S,40.58071424273459,0.1064105032347143,28.88284459989637,357.5223206288873,186.2346931526836,203.1105718181356,40.84977885183924,0.09961980647355972,28.7868399493617,356.455202508268,186.1748154029245,204.157536011679,-99999.0
K13RF6A,scattering,0,0,S,30.96670575088066,0.08342771898220168,13.07914111472516,160.8087841691376,35.92393340763124,196.447283144888,31.1674225454536,0.07669500386111357,13.04185105798941,160.1615818078843,35.93203683246841,196.9684856129441,-99999.0
K13RF6B,classical,i,0,S,38.87401592969721,0.1133179571007645,38.96269835494408,5.731406182751868,45.12828639325021,271.9907575442549,39.08133660453095,0.1148816975089467,38.96629890822841,3.064448374826623,45.28339159484836,274.7770883880186,-99999.0
K13RF6C,scattering,0,0,I,173.1077234411669,0.7837368523247863,35.0000739350215,319.7216029596374,349.1667811754777,359.8689553973407,177.6540422174891,0.7892516273274692,34.94688530032008,319.8685430551319,349.2553598725944,359.8590233359768,-99999.0
K13RF6D,classical,m,0,S,46.82105230323922,0.07702890372266112,29.1693041829444,322.3264993817181,305.6702600788835,64.19622714531485,47.17553653498258,0.07816712774516085,29.13241468786539,327.873095622021,305.6297455430715,58.90293518240244,-99999.0
K13RF6E,classical,m,0,S,40.55719923541606,0.04125685617130252,13.41645250887552,43.73159631797399,259.1421077573075,32.77102791227185,40.86849770653726,0.04657760614069983,13.41603340683385,50.39490246459395,259.2075852608176,26.23483399612464,-99999.0
K13RF6F,resonant,3,2,S,39.3873052122923,0.2581743713026172,6.595928417338147,307.2390974436946,249.3541177438097,139.6899057465232,39.61868145296323,0.2515446691460624,6.59180277025298,307.7407604868507,249.4646395016934,139.2315302798955,0.0
K13RF6G,resonant,3,2,S,39.33779700021826,0.1735518311357767,5.372243603736197,331.2375459341306,205.5705124680007,180.2781648099647,39.59950991658549,0.1660275008968802,5.355013408092853,330.8850850236366,205.6628559917072,180.6349652745903,0.0
K13RF6H,resonant,3,2,S,39.37738550528692,0.05655573904229513,9.007019369713987,119.4913023918263,185.9004415217547,60.41812285812562,39.71621961312027,0.06050261314566601,8.979406380319878,126.4292910543347,185.8798461118429,53.50255076611057,0.0
K13RF6O,classical,m,0,S,42.891473133959,0.0336505318130639,1.356302687556177,112.0134546278768,262.5112014095619,355.045631874443,43.27910994052304,0.04207984360251703,1.355552103165914,111.0830113940253,262.5311525068455,355.9651524290032,-99999.0
K13RF6P,classical,i,0,S,38.97452172847941,0.1161380183857966,31.4759528659259,229.0890467884134,357.6356610366462,138.3320198549914,39.23324323802954,0.1105693237417724,31.37490548044633,231.2573597576593,357.5838476804065,136.2151750221993,-99999.0
K13RF6Q,resonant,3,2,S,39.48168962495899,0.1238562119043272,12.33003828083715,0.1772732269897612,189.3382010574904,178.02108342041,39.76278416276264,0.1161348783336002,12.28562012237731,0.2096459753929122,189.3405749563476,178.0052284537136,0.0
K13RF6R,detached,0,0,I,62.69216944154244,0.2137025373203,29.49766620247582,332.7432505410654,0.1640597917813096,25.91674353659691,63.38781342785453,0.2209501986151279,29.40349461574089,334.1185161987434,0.1222118780764331,24.59733302139777,-99999.0
K13RF6S,detached,0,0,S,60.66291486567469,0.3865740809257941,14.306849439956,147.2668148509506,177.9887465157955,22.07366523075129,61.52905571816425,0.3937307066250122,14.26800356834769,148.2001114111536,177.9387074552626,21.21663954879516,-99999.0
K13RF6T,resonant,37,15,I,54.86458123246806,0.3381641580707773,22.94554741040059,306.1410247130676,168.8220115219182,291.4246787299699,55.35061355301733,0.3376905595857052,22.86632438588677,304.784911161061,168.7562796718265,292.8227603395696,-99999.0
K13RF6U,detached,0,0,I,56.60083913487495,0.3753932773722697,11.58429370548483,345.4143977231809,37.37281696266189,358.4556389686942,57.46347858805917,0.3845994746348866,11.55770056651388,345.2304613372068,37.40958923941675,358.5537545305505,-99999.0
K13RF6V,resonant,7,4,S,43.66348932327098,0.08218772623817255,5.717697849733659,299.0654074417442,78.95258765826549,8.698519461816428,44.06739453070562,0.0904520828798842,5.712344044903746,299.299317526207,79.00330693961568,8.307880341708776,-99999.0
K13RF6W,classical,m,0,S,40.73208646285069,0.08517231064241326,15.78815088882072,224.1343072387661,208.4077492503201,272.5522537087248,41.03188606975621,0.08665898156367133,15.75751231601555,219.3463770917398,208.5470566490417,277.3993545313261,-99999.0
K13RF6X,classical,m,0,S,44.90999188808472,0.191322760990492,31.19751485600029,165.9001875807638,171.0469424538507,2.389942050154018,45.30641780653035,0.1981476461733025,31.11922082603647,166.4314390103123,171.0773483493099,1.990607971121775,-99999.0
K13RF6Y,detached,0,0,I,49.30866743087781,0.2840697307110229,14.87472681280154,56.8111846208098,194.3313303028618,54.87411307497473,49.66855892816564,0.2840765231530354,14.83413741868007,58.1691194422316,194.4451856195055,53.63602554058917,-99999.0
K13RF6Z,classical,m,0,I,41.07304978857312,0.06049469985836249,26.44936927126964,248.178849177021,36.36625195419663,90.0743939640999,41.39364574633564,0.06098360485782497,26.37360298627602,255.2462364933359,36.40482308901298,82.90042464756489,-99999.0
K13RF7A,detached,0,0,S,54.65764949306338,0.3936915056815014,37.62885972598788,201.5332306009834,178.8302608261202,9.340772476255777,55.32817327072233,0.400894766420463,37.56565416722849,201.7748407597532,178.7289251736306,9.082804662427954,-99999.0
K13RF7B,resonant,3,2,S,39.54972274698654,0.2278237765556913,8.709745923293553,213.4226739330238,76.97921661643831,65.54747586519917,39.90108846005841,0.2293989825521261,8.701443160942887,215.3296298983979,77.03846433934302,63.54555100752505,0.0
K13RF7C,resonant,3,2,S,39.24545627925585,0.2510096920598146,12.81792133823757,249.9671270849415,139.4153853043119,2.704600757047692,39.6695114398172,0.2588604874801295,12.81056756026669,249.9352921865845,139.3328519400339,2.712611322736179,0.0
K13RF7D,resonant,7,5,S,37.63898941041496,0.09918755586987198,12.15840837163532,161.3017522217816,151.0763412791565,52.98360917220104,37.96860080503868,0.1035607714266301,12.13773685443089,165.152885195822,150.9894967461147,49.20802716912185,-99999.0
K13RF7E,classical,m,0,S,45.90612431634327,0.135398792639069,35.63687548598393,129.8222552324834,179.2479421165198,75.94843587477982,46.24203382945243,0.1371628671903432,35.55115112990881,132.7140953491859,179.1188226918111,73.03109344148247,-99999.0
K13RF7F,resonant,3,1,S,62.63487842117794,0.4204165612308874,20.45132687887336,297.6289324309023,101.6793248949825,3.071152837225539,63.55369383772824,0.4287883950207976,20.4478755910851,297.4865402153457,101.6706791883241,3.0473428236835,-99999.0
K13RF7G,classical,m,0,S,41.40315171785001,0.1454429257783565,14.41099857709033,75.44980916910859,180.9597951163013,122.4042580028237,41.70378193351564,0.1414334027329618,14.36712273152224,78.11617024781185,180.8544534593228,119.7177234610109,-99999.0
K13RF7H,classical,i,0,S,38.6100999798999,0.03996334522542327,5.42676957950477,141.5945219897718,96.42523241133371,150.1931337443822,38.9044681167228,0.03404658110940591,5.425125574437228,149.1510251914814,96.4405819124983,142.499645493424,-99999.0
K13RF7L,detached,0,0,I,55.075542057742,0.2960464315190121,20.86709908489612,320.3624455349816,33.85711662610773,20.81389462887704,55.74366607799014,0.3038404944772385,20.81012972670947,321.0373571500851,33.85384914314822,20.04034823234835,-99999.0
K13RF7M,detached,0,0,S,56.65505077809239,0.3494910646162437,14.16564184558227,120.7627777963167,176.5480304183004,55.48153429105645,57.24605584675042,0.3517769758199992,14.12472298547655,122.2453073850438,176.4249836420551,54.03243262149448,-99999.0
K13RF7O,scattering,0,0,S,72.31047739066071,0.5577806150519686,12.22661658431735,247.3958964789772,134.3764207257454,6.662863778908621,73.74432116950439,0.566318384407203,12.22589672450775,247.5800341419766,134.3014201712473,6.424705538491379,-99999.0
K13RF7P,resonant,5,3,I,42.425364575956,0.1249230568090995,8.802490110366993,279.233641142729,121.2008211382685,356.8690566205285,42.81470565324578,0.1326315741438577,8.801743353482639,278.4936622728949,121.1435246710945,357.5199061850234,-99999.0
K13RF7Q,resonant,4,3,SH,36.33507188475311,0.07243890273211546,15.52780268671818,156.5640186710234,263.7098708035431,284.9982336887338,36.60608887665616,0.07542020691922546,15.52748955447958,151.5170420076548,263.7598456930681,290.1753739268626,-99999.0
K13RF7R,classical,i,0,S,38.34592703065892,0.04535442332944999,32.13318603922154,178.6395073117216,174.6743092377965,354.6344910533309,38.62535346904149,0.05211136093335077,32.04432204342545,179.1390052596647,174.6969783849001,354.2445516541709,-99999.0
K13RF7S,classical,m,0,S,45.67383928502029,0.1737787356515353,10.77706122917229,145.7056101567094,271.9679653193881,305.6027649442626,46.10402467754965,0.1783566116765606,10.77578769584131,143.4613034884421,271.9928559432435,307.9564525085037,-99999.0
K13RF7T,classical,m,0,S,42.08154509840622,0.06318530184252924,12.62848168640729,357.6165925204921,194.2694059313007,154.9950972611728,42.39351927912176,0.05576991034453624,12.58822904848036,359.5409956186572,194.3497720664805,153.1315672286834,-99999.0
K13RF7U,classical,m,0,I,43.25743294226898,0.1826995186531599,33.0498684727045,320.0609692828718,173.7135863476919,269.0457946339476,43.56076802103957,0.1805982310569882,32.95554245103378,317.9886441317724,173.6201909892881,271.1258541223962,-99999.0
K13RF7V,scattering,0,0,S,68.13982686562011,0.5043334642997248,11.56361568673759,115.9361163157873,185.9943957977909,21.43187689141679,69.19907853201912,0.5099525336433253,11.52920476636914,116.7868665724156,185.9900959461944,20.69387134540549,-99999.0
K13RF7W,classical,m,0,S,46.72745951288202,0.2552462868776635,13.62048094416824,122.1745594465139,182.5081451001635,43.33281237336483,47.21119578243583,0.2595686556502462,13.57989154023269,123.842706286052,182.4742237005074,41.72112183027787,-99999.0
K13RF7X,classical,m,0,S,41.26113922049642,0.04076981303660953,12.80702725893441,88.50598568747414,19.37737085653745,268.3300713515235,41.60541849717303,0.04083190019887376,12.76467801127731,77.10533737982225,19.40135630583102,279.6945974337156,-99999.0
K13RF7Y,resonant,7,4,S,43.62785329702075,0.1064602289302106,2.330037503976974,292.354468887829,158.8983625435765,293.629668041481,44.02027198344181,0.1088862260611178,2.325210938382313,288.1327428702986,158.8146203231331,297.9032626737507,-99999.0
K13RF8A,classical,m,0,S,45.81962718064765,0.1673693852512418,18.98989141407002,129.3993191310242,179.3973816667614,51.41468579527788,46.25175272575867,0.1715106263258673,18.93364959482229,131.8840627593836,179.3415942263553,48.97053107425332,-99999.0
K13RF8B,classical,m,0,S,46.43397836190364,0.2056103024123305,20.36015541108559,357.6031756451268,2.320648531154948,10.0211404174667,46.94012135625132,0.2138371471346382,20.30394829662472,358.1271914920127,2.283974883912884,9.518023121320567,-99999.0
K13RF8C,resonant,1,1,S,30.05726480130351,0.05725247788899,7.450205249738884,86.05845308989052,81.5525857733173,233.5497948023291,30.25595726077589,0.05234605333764188,7.443610819492381,81.22123620083417,81.58540332411482,238.2128300805404,-99999.0
K13RF8D,resonant,29,5,I,97.21830423292651,0.6321221549761923,32.68665165975094,23.97055927600833,41.12960537753863,354.0754466826054,99.287378515539,0.6392751337668959,32.61831848988071,23.52444981450277,41.14060769150509,354.3408611475001,-99999.0
K13RF8E,scattering,0,0,S,48.01228657183579,0.3966563189430966,28.28494319541003,84.27375096777021,173.912735489157,40.53882534505343,48.3705159342385,0.397621613522477,28.20592742761108,85.1910014623876,173.9522071533052,39.7842992463911,-99999.0
K13RF8F,classical,m,0,I,47.33487565074368,0.2084354877266644,16.55124813007798,359.6689224445333,321.3951142880847,24.39414053433521,47.83499062946307,0.2151682579456985,16.5236616510154,1.150759197416185,321.3346653744958,23.06921121316739,-99999.0
K13RF8G,detached,0,0,I,59.83002643457127,0.3644721678825314,28.52525948312616,176.8181515446733,181.1599292031791,2.252108480647868,60.67472664808304,0.3731369411539882,28.45165448158796,176.999617194977,181.1542412941071,2.124341863578212,-99999.0
K13RF8J,scattering,0,0,I,90.0708131158921,0.6318264387373207,17.15415827838438,86.9205381468667,192.4735582224859,12.60707811062048,91.52374581277277,0.6362745251150731,17.11162915707587,87.48049760938243,192.5588563015924,12.20095161998387,-99999.0
K13RF8K,classical,m,0,S,44.60658259252444,0.1255069350675275,34.32243933815784,314.9129824090164,3.238755937069128,354.3265322016047,44.84424987153601,0.1302249124884138,34.26239741782171,315.5825289400031,3.378054823987102,353.7919375523615,-99999.0
K13RF8L,classical,m,0,S,40.3395994699279,0.05741266690094744,14.59571505510467,99.03890104685206,268.6419524483837,337.9604292894735,40.67450606937746,0.06492048237813108,14.59444762650097,97.46219972083227,268.6783834213375,339.6599615401993,-99999.0
K13RF8M,classical,m,0,S,43.61925976932133,0.1033336418910235,18.25728278545611,126.4154523107338,181.2868346759673,31.3102556339989,43.9869977655249,0.1088054639772918,18.20390067557767,129.2809751584906,181.3331475519502,28.55305043201709,-99999.0
K13RF8N,scattering,0,0,S,46.32603651713466,0.3437817894168633,14.39341375517013,86.51918330168604,202.5903793980265,27.28132497385243,46.79312207415408,0.348095945416991,14.36236040308347,87.48886438616793,202.6817640870482,26.39097719661915,-99999.0
K13RF8O,classical,m,0,S,40.35929209044969,0.07134059172055109,18.20893422043886,155.4080210040109,188.9828939648363,15.11307529527033,40.714142814386,0.07882804984183309,18.15471056277355,157.3739000979358,189.0021574925629,13.18291571244419,-99999.0
K13RF8P,classical,m,0,S,44.24388483362194,0.05765333415584767,0.2340423109910798,77.55453401419247,236.2287585307986,47.4047746348954,44.64787252990892,0.06317942228302435,0.2338924218725815,83.80792238959589,236.1485820647698,41.26721462443515,-99999.0
K13RF8Q,classical,m,0,S,45.39986449461468,0.07336132623881927,8.258253269894318,264.7662571200148,148.4135949289264,323.4332408399957,45.82816331995092,0.0801247621569571,8.243442280453673,260.85741587995,148.3244032596224,327.4211892294365,-99999.0
K13RF8T,classical,m,0,S,44.28493357812279,0.07901606796129425,1.050747552779534,51.65029607538666,130.6841856158927,188.8321189502358,44.63870687449899,0.07076959449960338,1.050230240986202,50.72945399858799,130.6261684798365,189.8145527855062,-99999.0
K13S99E,resonant,13,3,I,79.93893169277493,0.5412868542528232,18.27249341536017,224.0259480442705,100.532930589773,24.43791811208735,81.31965433472114,0.5474010390452,18.2689545560779,224.7841822611846,100.5334489955042,23.59738261212354,-99999.0
K13S99Y,scattering,0,0,I,741.212075969667,0.9326198456251775,4.2253741230945,32.19845955930796,29.50957150376826,359.431179356489,883.3303630883325,0.9433485435664242,4.212935489565481,31.75310857577896,29.53578271403309,359.5676455556897,-99999.0
K13S99Z,classical,i,0,S,38.28119903973452,0.01718997428315855,19.83911335495031,54.32779178652191,183.0932857112005,147.6417420764103,38.57184845056796,0.0121109016136191,19.78196769098964,76.19448568788467,183.0204979363184,125.7574785315897,-99999.0
K13SA0J,classical,m,0,S,43.56262632843546,0.04337662836903728,2.947475949463893,56.03918501693023,110.1610477981362,220.1289923481769,43.91724744187039,0.03677104693202755,2.947240856215666,49.04968116417387,110.140989020233,227.0490690493721,-99999.0
K13SA0K,detached,0,0,S,61.90944711767043,0.2656736028347811,26.28756112991368,11.7659795524253,17.11170345989092,357.5817060606773,62.66889331105762,0.2743923255503254,26.20925780341328,11.49239494627549,17.08620664861765,357.793025666565,-99999.0
K13SA0L,classical,m,0,S,43.78831706413418,0.05940890747145983,3.420922965539749,262.4141115006487,128.8029407286935,355.1978161459791,44.18601450377696,0.06760410143435938,3.419597895224418,261.1476740292365,128.729394753932,356.4422500138071,-99999.0
K13SA0M,classical,m,0,S,45.33246146337365,0.1257704210598594,1.479961880773344,285.0214208261305,102.4241019164709,0.1517720167426179,45.78228589238427,0.1341867985888043,1.479808071265448,284.6138888674791,102.4425223427158,0.4392086028991225,-99999.0
K13SA0N,classical,m,0,S,43.63360110126832,0.02555161592114946,6.214959519381215,348.6346857486369,182.4383612031859,214.871532266996,43.99249125381824,0.01876380223565621,6.195788524336796,336.6927161329388,182.3643399659151,226.794064632658,-99999.0
K13SA0O,classical,m,0,S,45.83032911105854,0.1441033897866853,2.46204916623778,249.428252683716,21.49846623896477,96.92524284914661,46.21710675336941,0.1424509782939513,2.45238501507331,252.7173303622395,21.49226727021169,93.57200822105285,-99999.0
K13SA0P,resonant,7,4,I,43.77580681945086,0.1386251727460437,8.36417174155866,280.9328930716516,18.84116005345957,70.95609243104005,44.16295311351572,0.140832329507545,8.335879337704867,284.2025975727623,18.81365200276297,67.63304319855237,-99999.0
K13SA0Q,resonant,2,1,S,47.8462268764577,0.2534184464054944,12.95719542533295,277.1059365270674,19.89705708408368,59.93110385531914,48.30523587472067,0.2557989987443895,12.9128721290744,278.936236237732,19.87528777799696,58.06599292233809,-99999.0
K13SA0R,classical,m,0,S,45.59190633613673,0.1801232218760196,24.17612370703849,152.2048553271662,17.57512698791873,220.964225655369,45.89634192935242,0.1736121703588262,24.080290190248,150.9971131968612,17.56616538873685,222.1028111531866,-99999.0
K13SA0S,classical,m,0,S,43.90247273764096,0.08318220688503017,2.553292177305658,238.6110197382453,117.4994801412807,25.07562322125993,44.3128242020272,0.09097662015408217,2.553024873307927,240.6786929532608,117.4613719499182,22.95941177584775,-99999.0
K13SA0T,classical,m,0,S,40.91733653070066,0.06449201262560848,14.82919840126482,286.6508361647444,181.9235640314664,284.0717420366194,41.24768717950045,0.06544755115201958,14.78616703159711,279.8759455076164,181.8493851584603,290.8221226332171,-99999.0
K13SA0U,resonant,5,3,S,42.29653682620664,0.2303713827761489,9.664273739269364,229.4833357605251,21.48966100450375,108.834326030992,42.60965698346462,0.2265663644027896,9.626851339486281,231.2055710186708,21.48526461534581,107.0606526831613,-99999.0
K13SA0V,classical,m,0,S,43.06633028834177,0.03376118019543208,2.099628241508344,124.8004376491231,141.756602831907,114.0252112609003,43.42648842546933,0.03170584127528434,2.097742064560785,138.872785360535,141.658529433378,99.96654115211781,-99999.0
K13SA0W,classical,m,0,S,42.66258002655213,0.01338053324227323,1.220059742991174,151.1680277058885,154.0435757325823,77.51748746198247,43.02444862484654,0.01758306470278069,1.218520803047825,177.8574824846763,153.9446801986561,50.84064465721572,-99999.0
K13SA0X,classical,m,0,S,42.76562372216647,0.01613839421730868,1.2768801005058,6.664475550654504,69.80469308687353,309.1788601568929,43.13010789855542,0.02173784945558162,1.274876273767198,348.0867552981797,69.89917902049292,327.5726495894385,-99999.0
K13SA0Y,classical,m,0,I,43.2802721144176,0.1633199507667386,27.02965201779413,266.0458402764598,13.63508684180504,85.50014334765504,43.61604852689695,0.1630308262585187,26.9391691653378,268.7017890778122,13.59750342161843,82.81842173482546,-99999.0
K13SA0Z,classical,m,0,S,43.63543646654614,0.07008937580519628,8.454568535474522,164.0959150522938,27.85489074294474,189.5465712854814,43.97742911980587,0.06197672167540393,8.424463928263341,163.4267736804326,27.87924837215575,190.1219246878797,-99999.0
K13SA1A,resonant,2,1,S,47.74642338221376,0.27017438180805,3.688917509523797,187.0216764103359,65.25097639153307,98.54707293625205,48.12394261553942,0.2667788117635431,3.682001288644448,188.5371896060086,65.35686863199155,96.89968258692133,-99999.0
K13SA1B,resonant,7,4,S,43.64460436833076,0.1154948202711226,2.064569088442237,287.9408220618642,111.4527219960441,348.7586622552934,44.06720457414189,0.1234673407122766,2.064466330358741,286.7074490162494,111.4369902274452,349.9173827557387,-99999.0
K13SA1C,classical,m,0,S,42.64777058827895,0.04023952642376549,2.23811242883054,128.6750901681093,101.6245635290037,149.8797497387311,42.99570311138391,0.03367476419436956,2.237831034325489,136.2781941969607,101.6385554764308,142.1864532878332,-99999.0
K13SA1D,classical,m,0,S,43.33877872148241,0.02123219925033834,1.587792224677012,307.1465755367224,44.5913914398921,30.11331108746474,43.71669247280052,0.02891857022464963,1.583046560517067,314.3884672110448,44.66143386826458,22.72238523333674,-99999.0
K13SA1E,classical,m,0,S,44.12715373392319,0.07627996890456436,0.9102553526820997,262.4064743518181,128.7678614598738,354.1310975130535,44.53961171335549,0.08453622837496064,0.9102138538908056,261.2965115065598,128.7231953764728,355.1995884390784,-99999.0
K13SA1F,classical,m,0,S,42.44046570428726,0.05338448212462268,1.317933084053235,141.5845242517884,37.82538979746354,205.230969721998,42.77826351536243,0.04578071771258094,1.313231127057979,138.1929929528399,37.88827392116271,208.4783541922775,-99999.0
K13SA1G,classical,m,0,S,46.55377288069842,0.05593944142446707,1.782241192150499,216.6000604303505,152.1459280264374,13.05348815497739,46.9888431878971,0.06443378004112219,1.779823199317155,217.9388057853379,152.0442260698746,11.73568578640822,-99999.0
K13SA2G,classical,m,0,S,43.07070459646125,0.007548386073946911,7.986709689439597,202.2555630916949,200.5629210112813,317.1752871457571,43.43974567615599,0.01491225695569749,7.962330632688362,181.8606764395232,200.6248665793821,337.5806015268216,-99999.0
K13SA2H,classical,i,0,S,37.90025018014294,0.05286709433248907,19.38226502402946,83.02927220652593,180.2274948628636,107.9527073960006,38.19449015689741,0.0507742098791974,19.32443774154808,91.16898682504153,180.1749484264787,99.83622960978116,-99999.0
K13SA2J,resonant,7,4,S,43.61591885264671,0.2764984598988247,7.345744710524883,315.5404123008911,93.71582247901357,346.1392813983113,44.1235986866998,0.2840700796220428,7.34325106370166,314.7676800274185,93.73077862387963,346.8113299892595,-99999.0
K13SA2K,classical,m,0,I,43.48495327261664,0.1839362687833646,7.418432615043008,151.5039544589736,66.3416666184325,145.6728431130965,43.79650103405582,0.1769218698353315,7.407018700258498,152.6432912230806,66.4466933816603,144.4179253703351,-99999.0
K13SA2L,scattering,0,0,I,314.334833530297,0.8787022171036265,6.504960173071466,265.4832096296898,94.7293250774166,0.8280631486260471,346.8802039331424,0.8900262547078174,6.503023417679809,265.6343471607713,94.74493657878091,0.7078508991376219,-99999.0
K13SA2M,detached,0,0,S,52.27103192827128,0.255644161150301,11.40712771418927,226.9595106969552,154.0139619318044,2.246479061588117,52.92025849727851,0.2646380503942201,11.39015465890716,227.0030514950697,153.9157629717823,2.224787942229336,-99999.0
K13SA2N,detached,0,0,I,67.70240770615239,0.4386206275445212,4.454572174627401,247.3658293878202,114.1449832787686,7.233726526189779,68.91751149917745,0.4482670757342059,4.453838349448126,247.6690632193904,114.1167132649723,6.927051366219035,-99999.0
K13SA2O,resonant,3,2,S,39.35028625266416,0.2195999312484545,9.851180978234321,257.8771337158747,145.2196844432694,0.5985165393178516,39.72673047503832,0.2268445180529169,9.846489171514223,257.6106486062787,145.1210449824078,0.8048420673232457,0.0
K13SA2P,resonant,3,2,S,39.35718536459976,0.1529928839360913,11.59986568826027,75.55016592872894,146.6871278029917,172.6055929387124,39.60784937183665,0.1461136615472929,11.58838262072252,76.48386717037477,146.5448791887414,171.6396724045655,0.0
K13SA2Q,resonant,16,3,I,91.68305671731616,0.6164586809995747,29.54852580630858,357.6696953138572,14.30554040974709,347.1690022046856,93.33304425383523,0.6230638321498996,29.50780475087652,357.2868185463734,14.4553553912339,347.583014544138,-99999.0
K13SA2R,resonant,7,3,S,52.87199093153983,0.3836135839033558,29.92054331368005,9.72141552590649,41.44327150509449,307.3737131190123,53.32604279377008,0.3867226988313806,29.91269311640275,8.71861615549576,41.62089257221436,308.4557435421296,-99999.0
K13SA2S,classical,m,0,S,47.24745210782392,0.1965931263969854,26.37890468628925,19.64937244921354,21.52726813958554,344.0399238029086,47.73042730254516,0.2040097013137048,26.30437931650365,18.70123057992514,21.53636085385036,344.92806054906,-99999.0
K13SA2T,classical,m,0,S,43.93218447698118,0.08125751500524962,2.479406704233417,229.7675454371931,64.17199466136965,81.9260870642943,44.31265562688825,0.0826896052151343,2.474806523269401,235.4009523112624,64.25322653457086,76.12788661079809,-99999.0
K13SA6D,classical,m,0,I,44.1655170339466,0.1502272397310091,21.88547633266174,173.6907760658988,4.892506921448228,199.9973165934358,44.47075777991309,0.142866780757085,21.80086185923082,172.8939816357095,4.857848698403409,200.8032885066664,-99999.0
K13SA6E,classical,m,0,S,42.79572894661389,0.03554985644193642,0.2018588273376559,291.3406691860966,359.3661759843718,79.3116288619791,43.16884479917734,0.03778521407377775,0.2004491548444416,304.0196394642295,359.3457806907948,66.63630251586105,-99999.0
K13SA6F,resonant,4,1,IH,75.63376766298755,0.4245990656732118,39.84616641983293,257.8024312263277,54.35286217103803,9.074409269854645,76.71303524472187,0.4320912512859976,39.82404488956428,258.283140449797,54.47192294665737,8.662709462711492,-99999.0
K13SA6G,detached,0,0,S,61.59493167179293,0.3878232735311204,20.510675965121,167.2377277935448,186.8860522083087,8.403582228640358,62.54129552480492,0.3967415828977967,20.45649972383995,167.6212903903736,186.8633059335849,8.046074309838549,-99999.0
K13SA6H,resonant,2,1,S,47.88522947595833,0.2166576705544822,15.45290847738583,195.065989700875,149.6613892851667,26.94370086125867,48.41088395274704,0.2240170187187214,15.43283639646157,196.3346403453486,149.5577168956119,25.71339141750299,-99999.0
K13SA6J,classical,m,0,S,44.47734587348986,0.03361312677123045,2.839156686999551,179.3345290074979,129.4652741816158,60.00532554479145,44.87572555575245,0.03837633116990238,2.837176577430386,190.7196206891743,129.3958365391585,48.68419695707264,-99999.0
K13SA6K,classical,m,0,S,44.62839503387662,0.02326664772148672,1.163505623835757,320.1067168323697,49.1630171676135,10.48903862419482,45.02682936211956,0.03168666971547224,1.160230915314709,321.9376876247136,49.25826860218404,8.500305940797327,-99999.0
K13SA6L,classical,m,0,S,46.8517473283179,0.1968539059277306,10.30639676497363,144.4180325873999,285.9578819066434,303.243701671551,47.30825099793872,0.2006499245780154,10.30246429709417,142.2404122553511,285.9403615409945,305.5265565451484,-99999.0
K13SA6M,classical,m,0,S,45.31429701495133,0.1723597537653358,16.90044853977107,335.248985052487,21.23015074549908,22.73528279977392,45.76947325531727,0.1799420124058886,16.85111189792934,336.2763703832837,21.20462894897411,21.64231207243249,-99999.0
K13SA6N,classical,m,0,I,43.62505115629518,0.04524561393310587,6.486391974643941,280.8721552718451,202.7250021959464,236.3066334178611,43.98511671349078,0.04165723933920681,6.466907190422864,271.0516345586364,202.806002895421,246.1408862247176,-99999.0
K13SB1Y,detached,0,0,S,54.27260846236956,0.3142143819930404,45.10808985229118,22.17327941586764,8.894930503894091,324.5103056245034,54.72165725151111,0.3188835195225708,45.01142601152525,21.4061506964968,9.018517990204284,325.3411918043101,-99999.0
K13SB1Z,classical,m,0,I,41.46332180631774,0.1234722173029678,25.9326823156564,330.0082069339139,357.193486461647,39.85444477513612,41.82872673098938,0.1290207685202946,25.8614562352077,332.5058417922606,357.1358284898614,37.39433061421715,-99999.0
K13SB2A,classical,m,0,I,43.23923577624646,0.07922402673797325,11.74598517256383,359.9563759191677,8.781269498013556,8.271750450913745,43.64304623762356,0.08750776016948968,11.70903967939742,0.6055469337600059,8.750296075737268,7.60840160728427,-99999.0
K13SB2B,classical,i,0,S,38.30794657551677,0.08177840030399404,33.32260356725763,44.66510725105563,14.53988250682478,327.7028247911133,38.60267726818493,0.087217199049864,33.22845177537781,41.74682141043601,14.51659529516047,330.579807608185,-99999.0
K13SB2C,classical,m,0,S,44.73875186027376,0.1245614211480948,9.480233104150516,47.5955436479049,23.56931473507487,320.0416235312044,45.15923404894791,0.1299977477112985,9.450271535558365,44.70943959772931,23.57518931893328,322.844202935306,-99999.0
K13SB2D,resonant,5,4,S,34.81157376669773,0.07142840575866408,5.398885630190962,244.5546313822342,60.54884500048163,73.54516861525163,35.09133081157362,0.07394971894634575,5.389151243622369,250.1264426732035,60.60760213571243,67.83203418337823,-99999.0
K13SB2E,resonant,5,3,S,42.30220700279772,0.1303827766837767,6.45822333517732,346.0454101668265,329.8972215154043,44.58653450957591,42.70453258080105,0.1356721389793721,6.445774376925915,348.9535354238074,329.8093662477826,41.77370519618126,-99999.0
K13SB2F,classical,m,0,S,43.7950345774607,0.01227930920227941,3.757623476579257,322.8775898317657,256.9629147284058,140.1432252897274,44.16889235423621,0.007292266090388026,3.755573822922255,4.400155202258144,257.0252137526812,98.6250382852181,-99999.0
K13SB2G,resonant,7,4,I,43.8052874487765,0.1556926010713549,4.13231415210524,283.9572328802554,42.7821780378712,35.29325688301642,44.24654567318928,0.162101809840166,4.122161502287918,285.9394339138987,42.85437423585005,33.235440491324,-99999.0
K13SB2H,classical,m,0,S,45.77574360170201,0.09381360605527064,1.776756786506027,165.1968722339177,119.1161578858434,77.07147128519671,46.18761869513879,0.0950745363695144,1.77635069643473,170.3988179703503,119.0785118306734,71.91245154269983,-99999.0
K13SB2J,classical,m,0,S,43.7452103742103,0.006284638631576824,3.842131000335721,21.89195125677936,95.8302306368367,259.5218473965359,44.12451365370218,0.009288421049210722,3.841298559258725,319.9237903579492,95.85504365300295,321.4250091230314,-99999.0
K13SB2K,classical,m,0,S,44.11537951859543,0.07821688626096787,1.927679745783146,122.4264175443726,116.6964720532291,132.7835049289301,44.47534911444787,0.07264532571785681,1.927424461993273,127.1680364095475,116.6619048755306,128.0324793864737,-99999.0
K13SB2L,resonant,5,4,S,34.83180417795779,0.08760135527750204,2.090544381030921,339.2049304833752,106.0502710833262,308.7082768312034,35.11715097016516,0.09136585349733255,2.090360439541711,334.9809648427982,106.0497692534844,312.8410204657984,-99999.0
K13SB2M,classical,m,0,S,44.20187326380128,0.07216760047505068,2.715374728570424,77.5366029237678,97.57708607111051,206.8446075955804,44.55542021181478,0.06451921653038228,2.71487968353967,74.82287156013305,97.6025166532563,209.4729346567976,-99999.0
K13SB2N,classical,m,0,S,43.21609063609505,0.04275534799367525,12.72242543536482,250.6095797109814,77.70554290764386,69.39229037473311,43.55142562184595,0.04702130231934319,12.70703993174277,258.5106742031425,77.74235574135791,61.26039741007057,-99999.0
K13SB2O,detached,0,0,S,50.59829633489635,0.3141507610986226,24.49644543832887,63.77009028376438,177.1750521473249,75.14668696594705,50.95162558606365,0.3119080995171224,24.40613694608104,65.05170605598259,177.1945160079378,74.01558436247974,-99999.0
K13SB2P,resonant,9,4,I,51.66899653531425,0.2189914161363577,38.66914789003724,125.2418634668706,180.2321928628967,40.3035731730408,52.12779561277294,0.2231274619571432,38.55439716595473,126.8704734296134,180.2143318546245,38.75193588504534,-99999.0
K13SB2Q,resonant,22,13,I,42.69233266559525,0.1053175960064305,22.4727792595788,151.1203060497931,180.9044389834183,26.48052216630964,43.0787998855291,0.1120601356641099,22.40657009616327,153.3761329583884,180.892861092758,24.28208209370556,-99999.0
K13SB2S,classical,m,0,S,40.02446670516521,0.07344004272967558,14.74383327542776,254.8097648102413,185.4584990959733,287.8376789279661,40.36048524687332,0.07604222742965128,14.69768452326378,249.0576750414408,185.474356423478,293.6307559568617,-99999.0
K13SB2T,classical,m,0,S,43.57877977451587,0.04485028088304102,4.516797889126101,26.26985918019645,323.3558824204476,19.78667970240099,43.97833075302842,0.05287446630279258,4.508899544306956,29.6693471297466,323.2617893718316,16.48069869144252,-99999.0
K13SB2U,resonant,3,2,S,39.28140197020272,0.2056059692834141,2.393637329357268,2.168621257217365,235.3310987808978,111.9671541909347,39.56632383280675,0.2010978637389176,2.389299465003297,3.869941451119003,235.4167476098737,110.2135518895436,0.0
K13SB2V,classical,m,0,S,43.90280814872115,0.1575933635811009,32.37314410517275,153.0587351639804,181.024333605326,28.77946404767571,44.30099148433877,0.1638101484739523,32.28408498390233,154.6504970378672,180.987916043521,27.22714115550287,-99999.0
K13SB2W,classical,m,0,S,43.80775063228293,0.09154634324140233,0.6871568858306096,346.0306976850711,297.4999517030486,79.33672870852992,44.19432767946459,0.0925510628095117,0.6864227690105984,351.3591706704456,297.3963390065883,74.10834859649344,-99999.0
K13SB2X,resonant,7,3,S,53.02750241068299,0.2702530285132183,1.998904561626416,129.651615914902,198.8300179780236,27.30387080357627,53.67599626755774,0.2774205780313823,1.993397715494885,130.8685690414641,198.8272150873598,26.09435680771324,-99999.0
K13SB2Y,scattering,0,0,I,38.14787830286527,0.3142394135419494,13.47375502416558,256.6672845591511,343.729860831504,92.90193217187863,38.40632903243493,0.3108925905433145,13.43185816214681,257.9295200444412,343.6593585849315,91.77406600258254,-99999.0
K13SB2Z,classical,m,0,S,42.93557193152449,0.03533682667760364,1.265655355125769,82.9247536882514,354.3124463165053,296.3812254407522,43.31477957568552,0.03953733189633867,1.260940050377089,71.76772980443256,354.2679649919208,307.5828249392291,-99999.0
K13SB3A,classical,m,0,S,40.34441206937164,0.04094772571968824,20.55787378588724,157.4885151372706,359.3370966896511,217.8393309453555,40.65687403961303,0.03498658910420326,20.49137534917012,150.0917415011979,359.2962704930611,225.2687433040905,-99999.0
K13SB3B,classical,m,0,S,45.62176916289663,0.09175759851736706,3.017859959696142,230.1947001818834,182.2703835509259,329.7504422956322,46.06117818474178,0.0988452130448034,3.009199731928127,227.2618568623854,182.223395582053,332.6857927274543,-99999.0
K13SB3D,classical,m,0,S,45.91593981943858,0.1366534306097855,19.58709558027768,356.6632518530629,25.55818562104898,355.4795155020448,46.37424250349297,0.1449420584712373,19.53011100837975,356.1880303261611,25.58194225372295,355.8934147423278,-99999.0
K13SB3E,resonant,7,4,S,43.66612683368117,0.2440450930786826,31.27769816835133,339.4017722421665,18.23102067183098,14.20390923526247,44.11689201023848,0.2513395779696417,31.19703414065856,339.9172397962948,18.2186542809123,13.65659719949759,-99999.0
K13SB3F,resonant,3,2,S,39.34222316588716,0.02633486904268023,37.67473860877055,51.52343001728416,46.94709995666603,238.4751148585165,39.60362023047172,0.02462488265889299,37.64170222566378,37.01899843167196,47.09054021191986,253.0183160606728,0.0
K13SB3G,classical,m,0,S,46.61141287871478,0.1792802796897131,8.039535963452602,301.5165918908467,336.0532323071282,70.16432285429038,47.03263948730741,0.1801153480204961,8.018981515162151,304.3089027820117,335.9688813902878,67.50244621608437,-99999.0
K13SB3H,classical,m,0,S,45.34092336905773,0.0804300310383918,1.18655145522813,249.473007950739,109.1515771991881,18.95315951801072,45.77574754788063,0.08866200133814488,1.186594685318231,251.1361700593642,109.156849857732,17.22471034239246,-99999.0
K13TE5P,centaur,0,0,S,22.89542734532863,0.4128816131698568,29.2775363304017,69.08006174308366,327.2545026125048,19.09139552187959,23.05089057277208,0.4167470778150199,29.28314258988723,69.30143910507638,327.1825782816917,18.79893105826946,-99999.0
K13TF9H,classical,m,0,I,40.89082164309863,0.08802040137676911,33.60564867532845,233.938103551407,62.42601409596347,94.49944985734707,41.17715122258959,0.08864160045000805,33.54110902518292,238.3590105171119,62.4612724686056,89.85477163004826,-99999.0
K13TF9M,classical,m,0,S,46.46761392273892,0.1679107503939937,9.542783719379429,294.3376096592849,107.9568435317517,358.549485066698,46.91925479003197,0.1757338749988462,9.542275361307864,293.7525049881832,107.9353928463369,358.9875319509972,-99999.0
K13TH1X,resonant,13,6,S,50.35838075520187,0.2765803174509376,19.5885094424525,203.6351711255935,167.3712855645575,8.11259566742786,50.97582309307261,0.285133108165407,19.54974395989298,203.9595925256017,167.2827276136288,7.810097867766025,-99999.0
K13TH1Y,resonant,3,2,S,39.39977976273894,0.2430488226400256,24.95535703886521,247.6234817963476,58.80620302731178,61.16214750399943,39.73625286484911,0.2456423660170902,24.90571581000049,249.2050603601787,58.84618108044233,59.42444563288821,-1.0
K13TH1Z,classical,m,0,S,45.3662177582333,0.1920885587443443,15.88598509935002,241.3055546674466,163.6571926491888,0.5107044319823301,45.79096095035891,0.1994594745294146,15.866579984548,240.956735402495,163.5302933043539,0.8038316947442423,-99999.0
K13TH2A,resonant,3,2,S,39.42471716071084,0.1837071348986184,14.5469792816201,237.4316336466017,173.6424979653504,342.8839569588282,39.80998896791915,0.1907405092350171,14.51534936062333,236.4001836045884,173.5634826584588,343.9058348407352,2.0
K13TH2B,classical,m,0,I,43.03012820456419,0.1955697935206464,11.62500217080358,327.6039572935239,35.21501775659484,16.66435688718001,43.48131961470615,0.2034984670462959,11.59465150619267,328.2393652217363,35.22834401697966,15.93260081506978,-99999.0
K13TH2C,classical,m,0,S,43.68426019680091,0.04564452498604402,7.462451154648324,160.9577679456298,291.8762164008336,271.1428283985562,44.06109857881766,0.04671985027216835,7.45855928702724,150.7134913156487,291.8397080954291,281.496356596088,-99999.0
K13TH2D,classical,m,0,S,42.49252714326023,0.1608745282634902,11.00329772812999,85.3464006558955,6.03872561098076,306.469908218459,42.87231040967821,0.1639563817118447,10.96926818154533,82.74457638582477,5.990860533964993,309.0347031348364,-99999.0
K13TH2E,detached,0,0,S,48.25619272804733,0.2604588771054113,29.84151035487955,325.6833877229537,50.81346315922261,12.89571243079321,48.7621091080116,0.2680320619895288,29.77984338519743,325.8784144440618,50.82914005778824,12.53929955053685,-99999.0
K13TH2F,classical,m,0,S,43.75397770063984,0.02497889501700874,2.893503862214639,314.1704668293171,126.9934524692344,296.0848467821638,44.13945622577078,0.02931247583456596,2.89190943736043,298.8229952421602,126.9276719790921,311.4684161164883,-99999.0
K13TH2G,resonant,2,1,S,47.884769153743,0.3196442193529425,4.801112339490992,339.4228955969672,14.47197808574734,16.39685692730622,48.50393563490332,0.3277311650860825,4.787989842505035,340.0357743678483,14.43940539593232,15.76103062632795,-99999.0
K13TH2H,resonant,5,3,S,42.31003446147215,0.257655162995809,11.55475952982247,287.8926548109714,42.65558780814896,36.31351995687484,42.75311241154922,0.2634187325622094,11.52622943792655,289.1267658185771,42.68036062265411,34.98117178451118,-99999.0
K13TH2J,detached,0,0,S,51.93098811482915,0.2885653125824431,27.37844907072024,248.2157158753556,176.5221952481394,346.2578132598244,52.47609281520288,0.2951416682636849,27.32503260398944,247.5164293617447,176.416204197335,346.9054358916856,-99999.0
K13TH2K,classical,m,0,S,46.46097187177282,0.2041469081199712,12.5920675993044,246.9476326306088,71.97637942862745,49.68521411421944,46.92157157447954,0.2088397245961807,12.57553149889022,248.8316098499734,72.0320993137321,47.65662872214462,-99999.0
K13TH2L,classical,m,0,S,43.78301846787914,0.06100554560639177,1.791118817110906,76.46247859643809,95.08942281608331,204.414798811326,44.13973096075868,0.05333757294651738,1.790839259495187,73.12064049249874,95.1327348788728,207.6914649791929,-99999.0
K13TH2M,resonant,7,2,IH,69.66836260543764,0.4770983996178632,12.60855459142628,352.3177160982469,14.86643904656551,4.25511350047013,70.99954547781415,0.4867428912495693,12.57572214804537,352.4804022305773,14.84930124821911,4.078657287976997,-99999.0
K13TI7B,scattering,0,0,S,76.82835424315297,0.7869412187807265,50.7949257210385,25.04113013863146,81.99361784161775,350.1047386710694,78.257685766532,0.7897241290205989,50.77003852012734,24.53440892921802,82.01882647046867,350.4013682567259,-99999.0
K13TI7C,resonant,7,4,S,43.66303946511299,0.06262971485007474,1.037891685356367,293.7017105823022,71.885793828662,13.2759280282836,44.06844323136411,0.07094803436796725,1.036525101218722,294.8839336042872,71.98740670298307,11.93185713255255,-99999.0
K13TI7D,detached,0,0,S,61.52485413685259,0.3767763183765855,5.466709652380312,181.2393999161432,156.3522382632254,18.8967587415278,62.44581954328939,0.3849228406653906,5.457431351711595,182.0973691371516,156.2612109864862,18.12081049205831,-99999.0
K13TI7E,classical,m,0,S,44.44105252622366,0.08147990725179981,2.49025577220636,45.49046797966707,88.38206355075856,257.4393799378104,44.80692852340754,0.07856747583274838,2.488997938751093,39.88974829762441,88.43440546692817,262.8959495289411,-99999.0
K13TI7F,resonant,7,4,S,43.62635733508944,0.1763310604698658,2.381735825077742,250.1361490452393,80.71262445445498,37.33915779169993,44.06850589149897,0.1825940318593781,2.379878820286556,251.8993743981071,80.77341783555894,35.46424410421515,-99999.0
K13TI7G,resonant,2,1,S,47.47220031960043,0.2524935551793067,5.953303207513392,152.1102833701165,157.6712550449265,43.63565047938779,47.9781201248226,0.2571527993057113,5.941686317088947,153.8619006799705,157.5779093032351,41.96881083725406,-99999.0
K13TI7H,classical,m,0,S,44.17492762165702,0.05552163195491111,2.834332937397835,254.798877640338,89.27888401403949,37.25044627709838,44.57329687075374,0.06259196517213096,2.832938215594835,259.0988532167145,89.32204225130512,32.81847327000903,-99999.0
K13TI7J,classical,m,0,S,42.77820967207537,0.1009116474373016,10.71418570893233,224.2076730527116,38.08768715869886,100.9095990421196,43.13198647703014,0.09879752990816018,10.68273905360735,228.6887050073742,38.15688083542876,96.34788859224346,-99999.0
K13TI7K,resonant,7,4,S,43.66215546523254,0.05751300359341525,6.629734161455965,298.4795901097175,56.8739114865953,29.23942635877434,44.05148160628265,0.06506759589882796,6.615639880870584,301.4815739082083,56.93267722454848,26.07341166855914,-99999.0
K13TI7L,resonant,3,2,S,39.30633177820857,0.2024248651493099,18.84701134945977,348.3072658322797,25.08135271674607,11.40008104936128,39.69608965951807,0.2100252157867019,18.79890509257498,348.6313441248333,25.06112419356505,11.00137197563569,0.0
K13TI7M,resonant,4,3,S,36.42017769167482,0.1414158907155983,12.01050625321021,303.8570607735774,52.24069811209171,29.6335731156384,36.74259302974739,0.1481195648188362,11.98538233975933,305.1556179262251,52.26698174013463,28.1900680081014,-99999.0
K13TI7N,resonant,7,3,S,53.04140681844294,0.3741045670060541,9.985482489389192,276.3276008118925,109.9746941918152,9.449984902784987,53.73259948723838,0.3821279611308407,9.985254898863506,276.4368944651661,109.9509122230488,9.20226082118855,-99999.0
K13TI7O,resonant,3,2,S,39.27749174731579,0.1893604229929189,9.16376305363304,333.7994473592767,82.35886759559921,350.9522200058775,39.63308869605762,0.1961118532700896,9.156128910106236,332.8922819752665,82.38113169730418,351.6709849473199,0.0
K13TI7P,detached,0,0,I,79.60142588733181,0.52041585295514,31.18268182267038,176.1876556097029,191.5516772973415,10.51515788515139,80.9845268421206,0.5283890150239544,31.11423540167574,176.5241163346247,191.4614954408434,10.15153346938088,-99999.0
K13TI7Q,classical,m,0,S,43.53767085214682,0.09354649591059991,10.01440643334704,281.7282787867368,117.1078156870251,359.8364399394088,43.9197549215906,0.1012736389228675,10.01433663757797,280.9254965935437,117.0592139978312,0.5234887750475073,-99999.0
K13TI7R,detached,0,0,S,61.00133137393568,0.3970682404649832,14.19020735811646,334.7815835595828,76.79124154023877,353.0678664593066,61.89123414360115,0.4052901783794388,14.17678529123263,334.2452972025326,76.82526485851383,353.4251847503228,-99999.0
K13TI7S,resonant,5,4,S,34.86469082350092,0.0985786968017943,4.599796961517944,195.3863113235435,127.8952477391881,48.8067598011291,35.16577282059806,0.1035786511661202,4.5976053184906,198.821387871951,127.8320995746233,45.38760508155303,-99999.0
K13TI7T,classical,m,0,S,44.04157522314443,0.1145148614477689,19.25614089690803,183.4640923948264,170.5861378933095,36.4696386282362,44.42324313116151,0.1210674155463604,19.21901106778324,185.5087288967738,170.4602952392412,34.39791761481677,-99999.0
K13TI7U,resonant,3,2,S,39.28074556621272,0.1605383880075304,14.88529238370753,290.7882030005512,84.37315393001157,19.93081725705373,39.63292226569725,0.1677827056845311,14.87375105844999,291.33707619988,84.39453544575856,19.20017408014718,0.0
K13TI7V,classical,m,0,S,39.6210434773729,0.05495914229727032,6.136194459768917,39.87485570536187,148.8993720345161,196.0395411057839,39.92607343294731,0.04723119880905244,6.127046131506901,38.28853604366812,148.7870988460014,197.6549307956956,-99999.0
K13TI7W,classical,m,0,S,43.10927042601196,0.05924056662225375,0.3749586803234041,276.9478633911428,51.76204660473213,47.00079925487093,43.49811021299303,0.06525636151813763,0.3736916498025192,282.1677526115784,51.9195671912351,41.56511512076302,-99999.0
K13TI7X,classical,m,0,S,42.90370505912755,0.05014109859188827,0.4812043653053525,254.7513331224268,45.36755989700202,66.60087890738863,43.28395606966092,0.05361248080365016,0.4796337580741515,263.0799734412572,45.52198688426056,58.11574524866472,-99999.0
K13TI7Y,classical,m,0,S,43.48848356928196,0.06452775148574634,11.13442499852177,354.6897603812971,93.07676407331994,305.1872104483072,43.86378199570686,0.06834066790379013,11.13040750788264,348.4051870515255,93.09750063979769,311.3403631017262,-99999.0
K13TI7Z,resonant,1,1,S,30.12781392718005,0.06913116294801565,13.15663023872926,358.8826108271975,155.5642854831844,257.2626925363135,30.31400387016856,0.066182020247335,13.14420195376169,354.2681700163673,155.4408488754194,261.8246818987295,-99999.0
K13TI8B,resonant,3,2,S,39.49847301121161,0.1602161310136657,14.93686746084276,310.786245621866,91.5752206224005,3.674780882737605,39.8361200191901,0.1672746969274127,14.92934179381735,310.3635666467572,91.58380935654931,3.901910649665984,0.0
K13TI8C,classical,m,0,S,44.24398505495781,0.1197121553288022,11.27370548297633,280.0166979564906,114.5731490989808,1.856753178186171,44.65334859970019,0.1276616576342472,11.27332649251886,279.5663662918226,114.5322152913421,2.195888590888528,-99999.0
K13TI8D,classical,m,0,S,43.78500957065364,0.08273058734958098,4.587352300918821,161.3701841799439,35.06458762509462,179.5806552648689,44.12894130194617,0.07449348112458007,4.571838013367909,161.5776885665328,35.12876387598325,179.2700229270141,-99999.0
K13TI8E,resonant,3,2,S,39.46234098778611,0.2308460599939937,9.370265430250646,292.7251556944626,109.6660448935158,2.148169877051979,39.84157764389446,0.2380599439217102,9.369710550306381,292.4460178130767,109.6418026813898,2.286206433040276,-1.0
K13TI8F,classical,m,0,S,45.63796068104261,0.1852096745830117,10.85801875868221,260.8708173277407,171.7596997948435,322.5417823398597,46.0920558584144,0.1905938498096928,10.83045713686431,258.9495766892459,171.6831820024045,324.4649940940635,-99999.0
K13TM7K,resonant,1,1,S,30.0939414467654,0.08169639139729346,18.60803887305612,192.4722029948175,78.0476002825538,123.6974559134751,30.28708378222137,0.07899178186069725,18.58772086641616,196.6426553874651,78.07651349236265,119.3351724814066,-99999.0
K13TM7L,classical,m,0,S,40.23687385835647,0.06722945900125422,22.8829677108014,314.0018100982905,95.49619081702352,359.2144644274516,40.53675111141685,0.07398400299750033,22.87484291858103,312.4450127241042,95.49958590324114,0.5534296521602319,-99999.0
K13TM7M,resonant,3,2,S,39.2967952400228,0.1962463418478545,6.843088098068174,204.2755829210244,180.0784208133443,2.512310811341302,39.70264734649721,0.2042832597473626,6.827904764142053,204.2430233388801,180.0073938720558,2.528648202439907,0.0
K13TM7N,classical,m,0,S,43.42894138320672,0.01883647502414231,5.290289379482076,166.1725272575123,63.29378862763341,154.1411699967081,43.78946664838638,0.01248980580326426,5.280641771726208,185.6429190657107,63.36875758521388,134.5039715375903,-99999.0
K13TM7P,classical,m,0,S,43.14616000693961,0.09583996846452418,13.75410153396386,318.9149751341004,62.38729280308388,7.079337153236139,43.54252397975156,0.1039464439312385,13.73027028144397,318.9077306426357,62.43917486855541,6.919350470766673,-99999.0
K13TM7Q,classical,m,0,S,44.01803384354603,0.1361205217302596,10.31029663177667,223.3281878055026,98.66212573959511,59.63966151157875,44.40888390451589,0.1403055162170758,10.30768695302727,226.1601691528154,98.66697866570452,56.66292691726205,-99999.0
K13TM7R,resonant,3,2,S,39.6388699925541,0.16645790153254,21.46749194878323,109.3880988146805,182.4195266229127,91.88937387661092,39.92250550815451,0.166254525156898,21.41362091330112,111.8956813140382,182.2952034707612,89.33665110274328,0.0
K13TM7S,scattering,0,0,S,33.5918231580663,0.3250947728899745,24.32178819117372,328.3880579511114,180.6743183186245,290.5026443987892,33.77551007708949,0.3234831763007644,24.26727592581421,327.4975426640869,180.5576843429994,291.3245511182772,-99999.0
K13TM7T,classical,m,0,S,42.52190371589902,0.1123376886171492,5.909923231126926,24.22041047070379,10.92992218915435,349.8825407929215,42.93152907433206,0.120365319608423,5.891731162647506,23.14631446608876,10.89507009969596,350.918989627329,-99999.0
K13TM7U,classical,m,0,S,43.40597211692779,0.1684204678679367,20.63384995150312,235.9932792622097,172.2818072020693,344.8860925735292,43.82816216668918,0.175707615992703,20.58793062092587,234.9788180410238,172.1936911549749,345.8949525260919,-99999.0
K13TM7V,resonant,3,2,S,39.43864665787513,0.1837565862639454,6.917787274592776,326.5114175699752,109.0787708663142,326.1247468358235,39.80619148406213,0.188963080146042,6.916772296181401,324.6928307966738,109.0563203936536,327.8566668600097,0.0
K13TM7X,resonant,7,2,S,69.26806266044491,0.5185772773514165,36.57986382878031,171.1471851346214,178.3464883715139,12.78937711725893,70.40796681096724,0.5258003199070498,36.50660264800013,171.6359773687376,178.260363416606,12.34329109109007,-99999.0
K13TM7Y,scattering,0,0,S,36.08151862040775,0.2456653262238285,36.52412142077443,233.6302893165221,32.41047907483,95.56776002333551,36.3101395584837,0.2440485069816803,36.41280069536303,235.0499835525289,32.41917203474918,94.04676486718921,-99999.0
K13TM7Z,classical,m,0,S,43.33506640624312,0.06078518482249448,8.54401477046828,39.1776309852008,112.9364939318604,228.0944355195717,43.69074424549808,0.05499897749902621,8.541923443543457,33.30532755035576,112.8984254147209,233.9670008267936,-99999.0
K13TM8A,classical,m,0,S,46.09154039485685,0.1721735296574219,11.22391155714669,354.4448489295173,82.15047947870889,330.3956734798369,46.52069011420699,0.1777177230181711,11.21468567991776,352.4860520365669,82.18492256940073,332.1595437245884,-99999.0
K13TM8B,resonant,5,2,S,55.60980325291651,0.466403517611518,20.60003728942342,292.0367776124761,65.5522512465313,15.65411738338295,56.45440578334198,0.473912657248403,20.56923929311194,292.4251034674616,65.57453159689094,15.13715529339202,-99999.0
K13TM8C,classical,m,0,S,44.26050476033161,0.1352495360168833,19.63803736666229,292.9353217959002,167.0671486325269,288.6769007651934,44.64173305009566,0.1365513915654855,19.5843831908149,289.6214768328111,166.9907682300251,292.0346125119448,-99999.0
K13TM8D,resonant,2,1,S,47.58180021149784,0.3166101499177639,15.09208515734553,305.7485488120327,87.58147011754777,2.549657562578738,48.16373193186248,0.3247704728066022,15.08323355528227,305.5814485945143,87.59874796420874,2.564739846721648,-99999.0
K13TM8E,resonant,3,2,S,39.29991026250114,0.1714092188124646,9.873846048968462,82.14070332271564,97.64179644867588,200.9361465633621,39.56905863888856,0.1639817155248735,9.87187496415358,81.4161695711938,97.65535749371305,201.6098707753453,0.0
K13TM8F,resonant,11,7,I,40.64660516179806,0.09810271118065272,21.61477750873167,338.6825931227667,148.2146592157301,293.2568822500495,40.91785582042264,0.09842323058121209,21.60472735152895,334.8727660425708,148.0813546004038,296.9758635988074,-99999.0
K13TM8G,resonant,2,1,S,47.62181345334419,0.1631474326064532,18.5822116415027,292.2855777240606,125.2624769578714,351.4233288303138,48.05723787681662,0.1702405895579615,18.5831680403238,291.2666744774256,125.1900968914556,352.3153926300891,-99999.0
K13TM8H,resonant,2,1,S,47.85603028483226,0.2504635914079846,11.92736801959963,308.812325692804,118.4976229539016,346.4267878526631,48.33486789625413,0.2570256324344501,11.92785450760239,307.9042671573284,118.4481272473679,347.1950966855045,-99999.0
K13TM8J,classical,m,0,S,45.27915028651848,0.1331522580698138,1.916337536929111,357.6788635330543,313.6207042615413,44.41922997929794,45.71957677850668,0.1383932294092976,1.913497810277138,0.6667135394548152,313.5340603715732,41.55418278286209,-99999.0
K13TM8K,resonant,2,1,S,47.7586024179616,0.3121374613159526,1.862919606066331,272.3454906375467,354.0721914672888,68.06543292358565,48.1834327805435,0.3117380492103636,1.85585118869662,273.9473895286483,354.0172188051382,66.5682654759996,-99999.0
K13TM8L,resonant,2,1,S,47.71856473208232,0.2507775744003995,8.729560393628258,276.8621844477715,357.587610576817,68.67804338590736,48.15168469048673,0.2511262455699558,8.699352270379997,278.8500504221905,357.5389420453805,66.7704105760632,-99999.0
K13TM8M,classical,m,0,S,42.75666176473744,0.06567892134574944,1.152110365475548,176.3744614746912,171.5526436950033,20.23655895079282,43.15587538296961,0.0735975881728907,1.149548644152973,178.9305066085937,171.4941625911244,17.74123190732052,-99999.0
K13TM8N,resonant,5,1,IH,88.58898262093724,0.6246442986222466,19.28964036714764,225.5285040434973,174.9758034338857,355.5642391966265,90.88781355760085,0.6338524189285799,19.24864976521688,225.2745705528418,174.9278560509399,355.7924411422677,-99999.0
K13TM8O,classical,m,0,S,44.05713498332472,0.04738626195530749,3.30040340040271,185.6786480852818,20.07043590684652,169.4632288882908,44.41984891332148,0.03925371479842827,3.287927431463911,188.1849114275214,20.08656251834042,166.9037930428715,-99999.0
K13TM8P,classical,m,0,S,45.11734277436318,0.049243431105537,3.343152046561277,73.58065011977662,159.42315623242,134.5320435125581,45.4987403749744,0.04341848248126142,3.335029785800714,81.31717769951622,159.3358283769163,126.8829087344324,-99999.0
K13TM8Q,resonant,5,3,S,42.32394855817791,0.1576406609315034,5.481853676205555,277.4558155055923,16.1569354854358,66.46195725191434,42.70578292628068,0.1598023956566345,5.463283602763001,280.3520111832443,16.1516228409699,63.55002410260725,-99999.0
K13TM8S,classical,m,0,S,43.39081664543968,0.03562349330685988,1.546693697853826,231.1984575688452,113.9877829227081,31.80098513423285,43.77939894068685,0.04310211692780423,1.546634434218282,236.8518321214541,113.9695847691414,26.11370275587738,-99999.0
K13TM8T,classical,m,0,S,43.8992415958682,0.06761895608331112,1.436707210572802,301.6092563124836,109.1425826837594,329.0983712472649,44.30782988357025,0.07470484016428752,1.436701390618862,297.7955986547153,109.142060666518,332.8756314372912,-99999.0
K13TM8U,classical,m,0,S,45.48000293928922,0.06940530029705073,2.818105637552121,27.76852154898991,154.0613934395937,195.274378076821,45.84977769731124,0.06119606752776623,2.812313565136242,26.20099936163997,153.9582466093463,196.9099309998748,-99999.0
K13TM8V,classical,m,0,S,42.49953827040687,0.03635956126341526,2.475346603716386,190.2857816653771,88.23197090898955,91.19246497381093,42.86586923157144,0.03687868189984971,2.474445268443851,203.2989085567688,88.28642806494553,78.1092989635668,-99999.0
K13TM8W,classical,m,0,S,43.46370742590947,0.05155233268927418,3.213875910694659,293.9933764162297,108.9739692563521,334.159990153209,43.86275018078104,0.05911594311005527,3.21343277031409,290.0067570284318,108.9589928080947,338.1341947672548,-99999.0
K13TM8X,classical,m,0,S,43.36206004074198,0.03073689971857849,3.339747853077127,124.8028553167656,105.0616264194845,140.4678470216604,43.72875556843558,0.02474667891416865,3.339353756041277,137.0104952695073,105.058664436134,128.2534854331984,-99999.0
K13TM8Y,classical,m,0,S,45.1049548245905,0.1405333414774584,4.775645016254917,121.2503628747598,84.98491359305311,160.4956866508057,45.44395046588883,0.1326315950239942,4.773404394237203,122.1984765370696,85.05146915389777,159.4809660787596,-99999.0
K13TM8Z,classical,m,0,S,43.89059265060543,0.04087588178865655,3.943821749386374,98.74264548404552,66.68718377010379,214.1113335789398,44.25543555859021,0.03389568410828415,3.937966271223619,91.59421227583879,66.77790130193888,221.1217798760784,-99999.0
K13TM9A,classical,m,0,S,41.4830433370433,0.1223877124526081,23.55661983637119,257.31854728928,176.2069602062338,318.1101546522244,41.84343727242936,0.1272659784624317,23.49483372069867,254.6123934861193,176.1357514047101,320.8186402467064,-99999.0
K13TM9B,classical,m,0,S,43.51575739284328,0.01969870400823184,3.653132301267782,57.19424536810944,127.9989691759007,201.0336563119077,43.87486984623587,0.01195924710645762,3.651693335838723,47.19950610726569,127.9211230809677,211.0066169593515,-99999.0
K13TM9C,resonant,2,1,S,47.60785878422889,0.2181788817150296,8.180529646004777,240.6979002728994,169.9414126194432,344.039338605955,48.13190909087653,0.2258329720876021,8.162813003412554,239.7647480846086,169.853241195242,344.9632036433489,-99999.0
K13TM9D,classical,m,0,IH,43.72004196052221,0.08902493132653173,3.716036250751079,185.00320902934,101.5196575502748,85.47389989266557,44.09855415375277,0.0896617296184121,3.715469526565708,190.3289733091511,101.5263975435966,80.07827631847053,-99999.0
K13TM9E,resonant,3,2,S,39.3784879837433,0.2036973203079228,3.963259576351943,214.5808131714345,129.3800620584022,30.07903073061788,39.7770108350634,0.2104221596542747,3.961915684558343,215.8782075465543,129.3146428226665,28.77066129329583,0.0
K13TM9F,resonant,3,2,S,39.39026939056582,0.1628262090030277,14.62692405771226,205.9091300221691,29.45547143403826,141.3587147782025,39.65919161831085,0.1570539663306307,14.57475854158623,207.5772752279926,29.46119505885217,139.5834059049443,0.0
K13TM9G,classical,m,0,S,44.47392634721746,0.03810522307715423,3.900427992446998,33.45332037254911,112.7131836680581,244.4783243626427,44.83956868471495,0.03412902601267952,3.900126679177295,22.05644538423209,112.6806281285276,255.794079851799,-99999.0
K13TM9H,classical,m,0,S,42.79204796078418,0.03825520119588448,4.140833052790787,18.51905432522038,118.6099901730509,252.9959695705476,43.14233236722776,0.03548313094449088,4.140174116265969,6.684802402401505,118.5587348815521,264.775497523974,-99999.0
K13TM9J,detached,0,0,S,56.68247293769349,0.3500161401943307,37.11954327597059,199.0839617350722,187.7610626638008,2.898279552664389,57.36644993942314,0.3576588052792156,37.03558794471105,199.0931491595995,187.6926656954927,2.856470562273124,-99999.0
K13TM9M,classical,m,0,S,43.34503719312961,0.0617020311623575,4.22040028951809,77.0667889411032,98.71078918790161,210.2404674254071,43.6892861114604,0.05429114848355921,4.219565868163979,73.64857796108637,98.72490469648369,213.557393577498,-99999.0
K13TM9N,classical,m,0,S,45.37097176624997,0.2280635729448366,17.72884892206008,150.8295616150329,155.5488204177127,52.74493453278051,45.81125013621995,0.231599127395643,17.69734989593771,152.8065828675826,155.4411732530119,50.83551933832238,-99999.0
K13TM9O,classical,m,0,S,43.82308539315183,0.03994739290291472,1.047290486412333,81.21861656550612,96.62393002527423,200.6685336964543,44.18644904760603,0.0320672217856043,1.047169606645264,76.74443378340689,96.67895132807155,205.0422400921075,-99999.0
K13TM9P,classical,m,0,S,42.58868204479464,0.1431493625845188,23.20178623985827,247.7048786072244,167.4351475544544,335.3187013322362,42.98620742773236,0.1498236283804449,23.15053412386754,246.0933398321616,167.3476892678792,336.9474436020061,-99999.0
K13TM9Q,resonant,3,2,S,39.43569451904229,0.1626576939895182,5.577668994212871,257.0516545382301,30.68729601845683,74.32591478996346,39.7734613809516,0.1637229063323086,5.560193359842228,259.8096253662746,30.71590110651468,71.50055117842749,0.0
K13TM9S,classical,m,0,S,44.1825490338915,0.07184311233549165,1.169463277803733,11.81938266796584,91.88268508264771,281.9243111319776,44.56822684666909,0.07286343938439793,1.169143700627118,5.131859593394346,91.94596812259671,288.4925666427581,-99999.0
K13U15E,scattering,0,0,S,59.93210889177854,0.6512441569404352,6.734086791179629,18.56444702536476,24.18575423300599,8.87981796141229,60.69115668400669,0.655808570584145,6.729103152297305,18.67710622972844,24.06798470364843,8.694663361487047,-99999.0
K13U15H,scattering,0,0,I,173.879167430022,0.7986374709003871,26.08046305342449,282.8730132539736,176.5421706831982,354.7234540767814,179.1869374360706,0.8038732771515045,26.02262306366127,282.4478807376464,176.4363504092002,354.9896544193369,-99999.0
K13U15K,resonant,2,1,S,47.9633605931959,0.1968886949668831,11.69881480356928,34.03499615573951,119.487971936503,238.9969856225633,48.32655479541791,0.1911147052019876,11.6937606453202,32.32119159252602,119.4178111004948,240.7215619965158,-99999.0
K13U15N,classical,m,0,S,45.13200349528987,0.05418358580601548,3.362889382006039,118.2645803487274,166.0707484346368,97.15141982747733,45.51471361432537,0.05411413900078125,3.355422453998053,127.1570318647083,165.955935940761,88.26765820489399,-99999.0
K13U15O,classical,m,0,S,43.32357841594753,0.04867924441766906,3.727228070059037,203.5604409745553,64.10059097962585,115.3217097871852,43.67865130822744,0.04624570102013167,3.720154973779362,212.8547573393288,64.17298652455139,105.8461022861747,-99999.0
K13U15P,classical,m,0,S,46.61099433054454,0.07900262145803265,2.470429200852058,327.1243545102635,82.11536281257106,342.9605409787478,47.04258354092561,0.08663098933905528,2.468288581723352,324.5969651336256,82.1723633269298,345.3083517050864,-99999.0
K13U15Q,classical,m,0,S,42.76735823730169,0.1130500902903179,27.34521913161289,15.73847417430948,189.132037774914,180.7450667510014,43.05292744093935,0.1058545946551129,27.25009878580446,16.13369269793599,189.0693291658047,180.3124718156493,-99999.0
K13U15R,scattering,0,0,S,55.77834196442333,0.718914644180255,22.24361861902935,163.4871614998165,194.6198840546417,10.25434994355632,56.86181570510111,0.723917833027193,22.21759129560818,163.8448385739908,194.5122886144815,9.918985981853234,-99999.0
K13U15S,resonant,4,3,S,36.37832200365246,0.06990244505981184,2.016537449395924,261.2891098945771,158.8500305073844,337.3650205698374,36.67440724708511,0.07624480427445901,2.0141426433308,258.2785138854944,158.7443178630355,340.3480962911057,-99999.0
K13U16W,classical,m,0,S,44.35181443522933,0.07324077930059225,1.972287667547584,43.48383375676278,78.10306074351328,271.6097550455773,44.72213344110035,0.07229986606517476,1.970202580159589,36.95509433844129,78.17899286247408,277.9572384090918,-99999.0
K13U16X,resonant,3,2,S,39.22920483865305,0.2379656618304636,4.41603035310494,199.5879440957773,37.29034974891831,129.4574284856521,39.49313775694119,0.2325719044176663,4.400038902234743,200.8188684649925,37.33746841018109,128.1037770644114,-1.0
K13U16Y,classical,m,0,S,44.00277019412483,0.09618472460071183,2.357565637717078,221.4955118561332,52.92141353815208,100.5668984343856,44.37019178100429,0.09478108830371093,2.351365735876902,226.2918147056397,52.99723485751151,95.607606182922,-99999.0
K13U16Z,scattering,0,0,S,44.61090885296363,0.2778888855991488,11.20737654285838,99.7789593996568,23.07971164981211,294.7355955444127,44.96981595395631,0.2775342816963463,11.16934440009225,98.17804034209688,23.06835664711108,296.2136859052634,-99999.0
K13U17A,resonant,3,2,S,39.44536439499743,0.1497135067370711,1.975876529654579,303.7149167101872,30.30944500896597,43.89449077539843,39.80756134034226,0.1553322779182141,1.969703980700094,305.8111831006567,30.30882248610183,41.69807496864858,0.0
K13U17B,resonant,3,1,S,62.50083350790527,0.2864393902070321,32.85764472157435,309.6685080716211,15.38390606694286,34.57197229186612,63.18791770962493,0.29222557210591,32.75191261164087,310.8940125309659,15.34893993455674,33.3278588540289,-99999.0
K13U17C,centaur,0,0,S,19.31925482470573,0.1266272206957649,32.46998470847671,205.7532695024008,194.1609301797581,20.71859753065083,19.41295317084316,0.1306997107776568,32.43506204966887,206.0951121837011,194.064269519754,20.31764482465952,-99999.0
K13U17D,resonant,5,2,S,55.47837656602091,0.396070698941519,26.37219521854768,341.5290665071084,16.80821926987769,14.55443019960207,56.23416915120859,0.4037428980139183,26.30683001804916,341.9872856885868,16.76048461266476,14.06332014183059,-99999.0
K13U17E,resonant,12,7,I,43.06906627917945,0.04639113755817516,0.7166319885644467,209.2371063831036,109.8901453245208,63.26915980810642,43.44088884638576,0.0509470944579274,0.7167331052151082,217.2518085623514,109.9165428748376,55.1277774978239,-99999.0
K13U17F,resonant,3,2,S,39.43979464422751,0.2507368959071292,17.12341709224645,150.1584138137868,190.8636852508922,33.79551387095081,39.8294156000537,0.2566189656668678,17.08198922804066,151.3072426636492,190.7941145002021,32.61542241334155,1.0
K13U17G,resonant,7,4,IH,43.69355776026325,0.07445473320143554,7.641832828015037,243.9021323310346,187.7813597927349,321.864991612927,44.07794734203618,0.08008110374652734,7.619433280922246,239.5749994020897,187.715985763678,326.1429959402359,-99999.0
K13U17H,resonant,2,1,S,47.68970795262641,0.3022650317434407,9.331626910555375,219.5658335938481,181.6513746186786,356.7504253958239,48.26450358265825,0.3103246070123603,9.312071519200359,219.2716647745721,181.5698597806622,357.0001642196708,-99999.0
K13U17J,resonant,3,2,S,39.51994425164295,0.1849173069742388,6.819861742089115,359.3441700512266,36.72799325628131,359.3607902218739,39.90544887034493,0.1925907216309762,6.80274759858813,358.9547102243795,36.72619928914618,359.6260357143592,0.0
K13U17K,resonant,7,4,S,43.65456917096485,0.2860082460650509,24.98732849438795,149.9520361999377,21.36335533564928,230.701625064622,43.90647943859781,0.2800932055413443,24.88308373290514,149.1982388620035,21.35895280585506,231.3530011948021,-99999.0
K13U17L,classical,m,0,S,42.71101707790549,0.02716303722944018,1.831470015248858,211.4499376367961,82.2958046571937,90.35255835050447,43.068707034995,0.02886875139839042,1.829868913455853,227.7137856089567,82.362544940779,73.91831817863252,-99999.0
K13U17M,classical,m,0,S,42.47293189936342,0.07869820489486065,12.98918915972415,112.5335217574316,185.5502283630746,80.8710428171985,42.82688721948903,0.08037199402930949,12.94996228785185,118.2184320353212,185.4759735444207,75.16184853290035,-99999.0
K13U17N,classical,m,0,S,43.52077750245085,0.02536972441272568,2.948244761612038,97.25633262428123,57.5210764003927,234.1757348395883,43.87803611773133,0.02060286121122446,2.94151307027153,80.54815180360542,57.59465984311303,250.7009893151268,-99999.0
K13U17O,resonant,5,2,SH,55.00221079325686,0.3884775150071172,3.83246939379976,244.363891636853,158.708292430652,356.8032625280105,55.79127330164138,0.3968847995874467,3.828120083651814,244.1268767683095,158.6111740649237,357.0080344158693,-99999.0
K13U17P,classical,m,0,S,43.83176003920439,0.04713376865323066,0.9447908967204476,244.6387564328002,95.02282997071629,44.08186706054187,44.21760093499831,0.05369733840388266,0.9444850086529328,250.2958784512165,95.08110155139495,38.26277313640443,-99999.0
K13U17Q,resonant,4,3,S,36.56393695811764,0.09111401944574449,11.43092080553451,273.3807585954453,20.79393843251946,86.48371595382775,36.84810464811008,0.0919119551826896,11.3955616718978,278.0510960339519,20.75860797828349,81.73973962100871,-99999.0
K13U17R,classical,m,0,S,44.32050208276735,0.07310462805567801,3.113733166465169,4.375834737062593,141.9854193364582,247.6689885879467,44.67524635363615,0.06890661398179393,3.1107731036559,358.8472700169305,141.8761157641743,253.1892412181679,-99999.0
K13U17S,classical,m,0,S,42.55220000279925,0.03555042822316237,2.912141600066997,144.9264423562299,114.4259202836582,124.9654039851161,42.89905037051893,0.03218084014139283,2.911956144672778,157.4223973222772,114.3923986491567,112.3955234682523,-99999.0
K13U17T,classical,m,0,S,43.02448309921737,0.02644850666490195,4.007376415808242,204.336196257124,42.04847792453616,138.9423064660331,43.37585872710526,0.02163813925656559,3.995134874017825,219.9612068002199,42.09120670718596,123.1667161604035,-99999.0
K13U17U,centaur,0,0,S,25.85834653359148,0.2488352263592143,8.514031255134052,249.0145180458687,27.9727476470697,96.66643846719148,26.02053711091647,0.2473549938415729,8.48997977026297,250.4340158507755,27.93284987387731,95.15717013242724,-99999.0
K13U17V,resonant,3,2,S,39.42126460291638,0.1809457911715569,2.085021870773233,205.8216166425319,64.86636432449761,99.06929926483598,39.72596089631854,0.1790242257158852,2.080884709528974,208.1244003610539,64.94472427983031,96.59018875493216,0.0
K13U17W,classical,m,0,S,45.31755478934929,0.01370768315444288,1.927103483430396,73.575712545966,94.26175742073916,220.5961604708701,45.69714927883968,0.008170242561675771,1.926416758446862,39.70975065993733,94.30104028319637,254.3079848513825,-99999.0
K13U17X,resonant,3,2,S,39.50930014913339,0.1374457936479323,3.023598771926623,179.4170856402837,29.88141746157191,176.4372408794368,39.7814097875744,0.1299425780992106,3.01214300424374,179.9413558590036,29.89390043335809,175.790757181747,0.0
K13U17Y,classical,m,0,S,44.32384215381614,0.05297647936560829,4.459368971719271,225.8048854884779,29.34505517728584,127.0390067653739,44.68608691208571,0.04887380488740475,4.443533623886261,233.784474247757,29.35232106787083,118.947578667947,-99999.0
K13U17Z,resonant,2,1,S,47.52986723099218,0.1760253000622854,7.178984425467423,331.9382820587335,22.32457585096896,25.78558822218488,48.02482738746944,0.1837193256169983,7.156950166683514,333.1217794499886,22.29596935045968,24.5257793263485,-99999.0
K13U18A,classical,m,0,S,43.02801399686117,0.0182545606640307,6.789686200554622,148.3782042085788,26.91295590211151,214.3009066853994,43.3758372368782,0.01164038715717312,6.766507580984767,130.4383189406062,26.90520078886614,232.1300138873293,-99999.0
K13U18B,classical,m,0,S,45.14683882949545,0.0329907410030395,3.558482852863896,278.7167317755296,134.8169360698937,336.7266212310845,45.54052812329902,0.04029939385058816,3.556547319212648,272.6657176038213,134.7239189587644,342.7512472570415,-99999.0
K13U18C,classical,m,0,S,42.79433183527774,0.04233074352908686,2.940499274437153,118.4427395634943,155.8596120622784,110.0133730201354,43.1448911632163,0.04082828209256901,2.935914964739928,129.5053969850324,155.7407738098923,98.95609849363821,-99999.0
K13U18D,classical,m,0,S,44.96177472120448,0.09847728036282227,2.724338257862795,12.44300952914419,71.24630111735647,314.7916352778881,45.35968865770128,0.1029801467179336,2.720405156010003,8.463668303319283,71.31252811347828,318.5731236558946,-99999.0
K13U18E,classical,m,0,S,45.31537639480773,0.09123233921410231,2.448989292989977,322.2847170809315,39.76667659283668,24.20742305197152,45.73785373107724,0.09910026101384248,2.441501999563266,323.8841431736315,39.7930225851761,22.46163658095512,-99999.0
K13U18F,classical,m,0,S,46.43649107102296,0.1963459439944564,10.45817642788218,282.0333709834932,193.2054746147401,296.0181651801608,46.82424106238897,0.1969659953034272,10.42498544510289,279.7545787143969,193.1491527406187,298.2061860637468,-99999.0
K13U18G,classical,m,0,S,44.77113074194646,0.108611825995004,0.9317706871226531,191.3020254714219,99.0581853507258,85.67400627255316,45.15547381845897,0.1092788996519213,0.9315799607218794,195.5832412821979,99.10738602575607,81.24087491698229,-99999.0
K13U18W,resonant,3,2,S,39.33339682291754,0.2020625262293243,6.777096777096726,282.9071004949118,178.4685774104034,308.951355058044,39.66671096903011,0.2044980229203453,6.760764908718576,280.9392010811894,178.3831371507317,310.8747502762055,-1.0
K13U18X,classical,m,0,S,43.59649456952987,0.05725428476401976,2.886137470135538,144.5660470376064,81.89929340966575,157.3017983637072,43.94273114057501,0.05015387554481082,2.883596038392632,148.7349562169723,81.96331274882678,152.9652124235435,-99999.0
K13U22R,classical,m,0,S,44.01062641281582,0.08238573941268983,1.435278870965663,104.7400747838348,116.8873865923623,159.0965513336737,44.35462423466054,0.07498715576863348,1.435248973508168,107.2977810125468,116.8586995863566,156.4783685914487,-99999.0
K13U22T,resonant,5,3,S,42.27452737362517,0.2124204650938304,29.34108543174435,138.4578816364138,194.2375573250916,57.44419149975592,42.58676966731051,0.2159618560032243,29.27296361705093,139.9662829378811,194.1199126634845,55.84835181153848,-99999.0
K13U31E,classical,m,0,S,47.30155777215089,0.2039898273451508,38.80707506241404,282.6203677399058,342.984243260974,31.31779589856099,47.51048518476298,0.2053974000683263,38.72433920130342,283.8060241540819,343.068461153286,30.33152916667141,-99999.0
K13U31F,resonant,3,2,S,39.47431695153809,0.1979918950611304,32.0519936588781,177.0325584253806,178.0432835487487,32.93404411243932,39.80525805346649,0.203688066600633,31.99310155072833,178.1613895751288,177.9317651199044,31.77979392379453,0.0
K13U44P,classical,m,0,S,45.96496043811293,0.1351398973575774,2.9389059759428,216.0248049150335,127.0499349634043,36.41089684178728,46.41360428272581,0.1420096081943451,2.938250409267195,218.1192562647465,126.9826739223741,34.27919703848854,-99999.0
K13U49L,classical,m,0,S,43.55934725234458,0.03236850603496471,12.91732621074313,43.10636868966978,192.3690833466682,130.4706318108809,43.92190285079749,0.02739391906686248,12.87325009512582,55.74714912814167,192.3785967676591,117.8366958871663,-99999.0
K13V24D,classical,o,0,S,53.03441204210243,0.1838610388309226,18.95338529736096,196.677524878488,105.5350115248524,78.11356849208966,53.50403578596765,0.1854273190933026,18.95300538457232,199.2273182704092,105.517220201501,75.39309205346696,-99999.0
K13V24F,resonant,3,2,S,39.40344143802452,0.3266850221171773,19.84709135708492,304.0600789755773,113.6688587905778,15.32103704565736,39.62401466597586,0.3309028442377578,19.85343496522064,303.9137334909631,113.6423524315387,15.23521615030348,-1.0
K13V25Q,detached,0,0,S,61.55951973801452,0.423009662048084,28.59403894680219,215.004472428942,153.6861495813479,10.27254305511039,62.50239598170906,0.4314479886767541,28.56449137816542,215.3910751957789,153.5813996195951,9.90554640408305,-99999.0
K13V30X,resonant,1,1,S,30.08473899230874,0.08367384653056317,31.2572984670122,215.5258874654798,192.5364553744214,8.326182420891563,30.25538824348834,0.08882821015403475,31.2043240114297,215.1508722509009,192.4270536888781,8.615934453220214,-99999.0
K13V31Z,classical,m,0,I,43.52957292953894,0.1172830649351138,2.673743724828201,138.8373109451439,74.85460861622299,150.7307753241677,43.86365968965738,0.1098895222019313,2.671308086093521,140.5460277979245,74.95376846626966,148.932805536468,-99999.0
K13V46K,scattering,0,0,S,41.59477015074904,0.3037612828613745,13.56925242519894,178.4852858420631,149.4712379248978,33.61009721079256,42.05175507356061,0.3093923856420223,13.55382261592226,179.6743610302187,149.3752511175608,32.46521753280678,-99999.0
K13V46L,classical,m,0,S,45.63249001281153,0.09925723853238297,6.679749654016457,44.68491004373545,96.43000873700011,246.0119912208949,46.00739675108382,0.0948788931660103,6.678316204706817,40.42521489046594,96.44877754556488,250.1925887485247,-99999.0
K13V46M,resonant,5,2,S,55.54282201615428,0.4311589926657818,8.592236397509783,198.1659946487743,175.1132537778208,6.379407901806466,56.43778386248666,0.4400121671654525,8.576111142239883,198.3929851109397,175.0347347551044,6.156319780113219,-99999.0
K13V46N,resonant,3,2,S,39.3956120100726,0.2407044988758476,7.74635497734424,241.9278826484053,112.9223665432721,30.43047795316748,39.78111443366772,0.2471458709116547,7.746132251088901,242.8621705110443,112.892153061589,29.38365926142933,-1.0
K13V46O,resonant,2,1,S,47.85783244713954,0.2912177861392388,11.73185575959295,313.0461792543938,117.0849754083325,349.2782238515077,48.33356902770367,0.2974951526954369,11.73297750359608,312.3110387738117,117.041165712272,349.8518540666462,-99999.0
K13V46P,resonant,2,1,S,47.70341656831393,0.2671392277072479,13.43949269994243,252.6076842027219,104.6253254647977,32.26484572992725,48.18361030133049,0.2736369872996131,13.43836479955143,253.4536348487893,104.6121201512219,31.23976264794974,-99999.0
K13V46Q,resonant,3,2,S,39.28210568754439,0.2391806851638946,9.470645672650507,218.2234970541343,70.34169441837201,82.12443189241252,39.59139067433852,0.2392204242242372,9.45511282918751,219.9554372660167,70.38983516461897,80.2048363144344,-1.0
K13V46R,resonant,3,2,S,39.46044548940711,0.1503747485145034,13.80261823904113,225.6400352118482,87.42314885115843,72.52415704118258,39.7740419245724,0.1528202488972072,13.79276579247433,228.2337835684818,87.44709771732754,69.73542236515877,0.0
K13V46S,scattering,0,0,IH,100.12424080406,0.6302148973092558,20.21262825516835,265.834085559679,69.34029724755679,13.2818622728849,102.5246017207994,0.6380313565650709,20.18148309918478,266.3375610137617,69.38280888709502,12.69985110233078,-99999.0
K13V70Z,centaur,0,0,S,9.184475260520252,0.09646144701132381,12.04082224853698,246.6019188180157,215.1662370435817,54.30986764000815,9.153168636299764,0.09564838653032366,12.05779613193292,245.2797877857341,215.1302361788276,55.60730983513938,-99999.0
K13V71O,classical,m,0,S,44.03144270457989,0.1500162736343806,15.78985985306501,148.8887110278941,26.44824459605582,214.0677717731286,44.34129781147021,0.1429258911344593,15.73029759261227,147.6044583966425,26.46544501431552,215.2470445203355,-99999.0
K13V71Q,resonant,3,2,S,39.47029845542545,0.07207063112583764,9.317747841692906,166.7038392138444,121.3369774246371,108.3413090889188,39.75435181877343,0.07112995596312129,9.318541136357519,172.4787511696404,121.2727759399795,102.4358568779307,0.0
K13V71R,resonant,3,2,S,39.39349166140389,0.204786853028762,16.2016758913961,273.4211339905644,75.12298382355289,41.80523133528852,39.73224352296679,0.2102678545782705,16.18115669246151,274.6322056934772,75.14407784594586,40.39025596555935,-1.0
K13V71S,resonant,3,2,S,39.58186360375871,0.2140447342238909,13.62669514323317,278.2419011290409,111.8262964663779,18.34631942923163,39.91077557509173,0.2205894976232025,13.62790672485893,278.4597791976342,111.7965594263219,17.94405240428834,0.0
K13V71T,resonant,3,2,S,39.37509671433781,0.2848573602936192,11.18941576229414,330.9145486856686,128.6788162386782,336.3861286754882,39.66863817131535,0.2884705591327336,11.19148259769349,329.9590003662865,128.6094524503273,337.1888922964566,0.0
K13V71U,scattering,0,0,S,100.5507927569062,0.6595019434531765,13.88662948557171,281.6489781044602,141.049152018779,357.9807712658645,103.0141366730076,0.6674551590758191,13.88412003192922,281.4236591887195,140.9616612558175,358.1010160001103,-99999.0
K13V71V,classical,m,0,S,40.50990092827831,0.05977587001476117,16.64583785331523,58.55680830180391,103.7458725821493,252.3446430794659,40.77449933393315,0.05580428936224352,16.64471491810767,52.97995755156072,103.7317587012058,257.7016818039522,-99999.0
K13V71W,classical,m,0,S,44.14105453189067,0.01123802925276294,1.595034365630292,311.5781409657324,63.16277392864433,359.4783082486669,44.53230032711805,0.01972685581632375,1.592390395272674,310.6943631363783,63.27176252799423,0.2295621821966086,-99999.0
K13V71X,classical,m,0,S,44.00654590556559,0.08317088888960945,2.973945305144717,320.7848935185531,30.28101294030594,25.65745607388036,44.42292384891988,0.09092801699133128,2.964424797067912,323.0090528336353,30.31007478594777,23.34444492686629,-99999.0
K13V71Y,resonant,3,2,S,39.41129711743645,0.1542714786561766,10.61053670756446,326.7945573193082,63.75896427644604,359.2881880312599,39.79170648996189,0.1621468141171819,10.5943059249335,326.36508408329,63.80491275389537,359.5689902183163,0.0
K13V71Z,detached,0,0,S,52.43076456959874,0.2815155576611372,28.12396303776028,212.1843651946452,174.4389458425354,3.046429497060409,53.04116924648265,0.2896686151345558,28.06620560303734,212.2095590734958,174.3452083449081,3.012051349955474,-99999.0
K13V72A,resonant,13,8,I,41.57569792958375,0.1112100790048586,15.04029701001677,200.6640036743658,159.0708871216607,33.09291623464092,41.93203017474315,0.117976183498299,15.02115678021231,202.4843272742739,158.942948276732,31.24222055719427,-99999.0
K13V72B,resonant,16,5,I,65.13988433639616,0.4506744016011967,18.0009126263788,275.9136889245565,56.4914459024621,25.68394456589264,66.0993998667049,0.4572208406778057,17.96171535767804,276.6484593311635,56.5242555415284,24.82626551246852,-99999.0
K13V72C,resonant,3,2,S,39.43697920259921,0.2521489628431369,13.33314005498935,332.6098140911532,103.4612141406014,344.8890269960502,39.77922478039911,0.2576279197090272,13.33129350046723,331.6849465635848,103.4467141076963,345.6337252026487,-1.0
K13V72D,resonant,2,1,S,47.94180729010561,0.2843644076929866,22.14448619726914,192.3378782537427,154.1272981441709,31.38422644940408,48.45811752873963,0.2907301628335782,22.12295731622445,193.4052351560005,154.005679135773,30.31156625145983,-99999.0
K13V72E,resonant,7,4,S,43.57756639258481,0.2835758928977113,13.5349906689773,199.1256261021336,123.1301336456451,42.21517482571761,44.03307981155676,0.2884163582247281,13.53237985882859,200.5041770702176,123.0690752905342,40.81515736659599,-99999.0
K13V72F,resonant,3,2,S,39.36066275134537,0.09867727276897013,26.61491853444991,63.05886376561345,188.5438361058259,145.8923622249156,39.60324270926012,0.09401182340588421,26.54102464713026,65.8694111848558,188.4270714292354,143.0062531265476,0.0
K13V72H,resonant,13,7,SH,45.44340303112212,0.1478597749853209,9.682970623767918,235.1944252538907,103.5089906939868,41.32623399226,45.88084096660257,0.1541360553031514,9.681545302191946,237.2656313522217,103.5010866161831,39.14501108860507,-99999.0
K13WB4G,classical,m,0,S,44.15136218574136,0.06408834969169482,1.470790656493635,273.7282501461387,70.03037724444728,27.30026154052826,44.56512208259728,0.07173055640813948,1.469014694591768,276.8851527081405,70.1306553500194,24.02264465913861,-99999.0
K13WC3H,classical,m,0,S,46.25329673178479,0.1210044639152529,9.327894032276971,181.0781142445392,130.1790057597491,57.05354797176827,46.69090710067488,0.1252452649811174,9.321892495255746,184.6453309061974,130.0961279207855,53.52145918850682,-99999.0
K13WC3J,resonant,3,2,S,39.49668233629455,0.2261629039799101,9.185625852735182,276.7944880565421,85.14195346796063,28.57590585540405,39.8693138748164,0.2327507171704454,9.178422579585853,277.5778220093533,85.16056772847158,27.61258898003186,-1.0
K13WC3K,resonant,5,2,S,55.34487154689355,0.4477239388757327,15.06760219270892,187.6632476215096,170.0949323959117,23.73512364580641,56.04246782400848,0.4539854699566886,15.05329763403748,188.2854783503416,169.9550347257966,23.07531352189692,-99999.0
K13WD9A,classical,m,0,S,43.47739235676879,0.141145409590316,2.310954867745911,49.59122785197457,69.86960603114268,269.9212604264524,43.84167568300656,0.1396168461177713,2.30813365624602,46.15979715231889,69.96826748036754,273.2145108263684,-99999.0
K13WD9B,classical,m,0,S,42.90926647225675,0.02132805751814297,3.189226066611139,299.0022500899301,132.8143600429423,305.8422510156686,43.28499431414021,0.0267959992847252,3.186731094643404,283.8049509019627,132.7358280862005,321.0831009968945,-99999.0
K13WD9C,classical,m,0,S,44.99214178011393,0.09697694277224979,4.376085723755415,339.9259509922242,63.85960642540408,336.9364015620916,45.4299658945155,0.1046427285622386,4.369683161118139,337.5964413478252,63.94241025917464,339.1436158360361,-99999.0
K13X33U,resonant,11,7,IH,40.59867729444765,0.09719213144596743,22.90337616197233,26.95096704211156,54.94043442323643,323.0113958350226,40.91511740340921,0.1016699108251563,22.8551134949224,23.62895472845214,54.96887249736191,326.1373262852878,-99999.0
K13X40L,scattering,0,0,S,89.60940876787315,0.5995479947204237,14.47444304229745,274.0201871634442,108.6736861825959,6.601583793262318,91.60800256456147,0.608272350881545,14.47450436089786,274.1456203042306,108.6531672834281,6.346812714287369,-99999.0
K13X40M,classical,m,0,S,41.83163677105388,0.1063732740611661,47.03386929192624,222.0950706753745,77.80885911583556,55.70302078930851,42.19665699047149,0.1103576547696728,47.00846375237811,225.738210769541,77.87357559562169,52.01128616952042,-99999.0
K13YG9D,classical,m,0,S,42.7394131953667,0.1762366581277101,28.92128370209699,258.6994840189909,50.44901771426574,68.54132150053893,43.08078952460612,0.1787841421818381,28.85012225336106,260.8654192659528,50.47339719620184,66.19952780507873,-99999.0
K13YH3A,centaur,0,0,S,27.44904218504798,0.4317436737934761,37.81736066974771,159.1877119952305,288.7849972176227,30.88771276311692,27.36517815861933,0.4316630241283725,37.83333748690472,158.7802265520991,288.7764455636897,31.13030921897012,-99999.0
K14A55M,classical,m,0,S,47.11987222776043,0.1392344271887183,7.172118069376539,112.3117097360868,131.8237978232869,273.731996864791,46.91697387066134,0.1374018936824323,7.185017494313982,113.9736685329063,131.835812230325,271.7800307961157,-99999.0
K14B70D,classical,m,0,S,41.42486129522936,0.1323727045452705,22.94000406044411,8.334703031562475,276.585845359177,221.6870196857799,41.29353621451066,0.1335270609208535,22.93963837523291,9.973311813858217,276.5693030163176,219.7531555305622,-99999.0
K14DB2T,scattering,0,0,S,47.77764687424779,0.7218506741713286,40.47838219086734,321.629870267399,158.9130537332053,13.070511270401,47.44610113031646,0.7206834788319987,40.53127324523579,321.3322183231757,158.9809038544064,13.22437371643623,-99999.0
K14F43P,classical,m,0,S,44.82094821101894,0.1518369499361123,28.22965794329675,129.2720521138062,5.513497290761883,42.56843245829845,44.57207608503946,0.149043812584493,28.31593631438682,127.7440676352344,5.530742164873759,44.05358367770048,-99999.0
K14F61U,jc,0,0,S,9.149568038414083,0.4184569487462088,19.52993044359874,119.1919207586273,59.02193872371129,127.2621100090232,9.176857995131126,0.4154293627879404,19.51664124224239,119.3265675133575,59.11708622868937,127.1458436174598,-99999.0
K14F61X,classical,m,0,S,42.93870018744565,0.1441206910328414,21.5280938947904,43.97359667519648,189.3520998009675,338.3269723327975,42.69574772915265,0.1401796617239248,21.58830666383072,45.08802342864076,189.398538675121,337.2562025942178,-99999.0
K14F62B,resonant,3,2,S,39.50161200018764,0.1837297391659949,6.040378336547059,351.1158284578277,187.7988918798963,20.84781471640659,39.25913421185855,0.1790618335492133,6.055293852488592,350.5698642472208,187.8596938458853,21.41390407750076,0.0
K14F62C,classical,m,0,S,45.76752500469519,0.1376721710284653,2.108428280165722,267.7479184541113,11.63305084861283,297.47731598323,45.49823301830308,0.1368894808985583,2.116262796683499,270.0526961232856,11.66546680647142,295.2430924523512,-99999.0
K14F69C,resonant,15,4,I,72.46066126535533,0.4456330951924441,30.06640224924224,189.5901830417436,250.1918026562403,91.54833978547138,72.00796686437936,0.4478959212594747,30.1392889913361,188.8782329729875,250.1021052727952,92.51088831741212,-99999.0
K14F70L,resonant,5,2,S,55.51169370831708,0.4132010262718064,8.900050299731415,24.47153005182846,257.583861096297,288.9948875126868,55.15247403065324,0.4135790265768054,8.900648151413229,25.37864609996074,257.4956010915282,288.0726941899862,-99999.0
K14F71V,detached,0,0,S,55.04667736651108,0.3081433242263441,27.07497167468055,38.49471125381407,202.2179711320227,327.4137267300114,54.66146125653018,0.3047569738377772,27.15072447392124,39.30782067427801,202.1593476813007,326.6622368421984,-99999.0
K14F71X,resonant,3,1,S,62.54474826415318,0.4592812308809001,17.72561741969121,193.3947724702953,275.8607231494602,32.13524500018976,62.0432054591714,0.4573221830492593,17.72954743345906,192.6868946977116,275.843024253949,32.74131015432544,-99999.0
K14F71Y,classical,m,0,S,43.46914090711722,0.2069209247819205,18.55614809338284,242.7613637930502,241.8372788219759,56.21485287748528,43.20322272810994,0.2048393740085117,18.58738709040059,241.4530430230321,241.7743400552782,57.62446630919666,-99999.0
K14F71Z,detached,0,0,I,75.60303884304376,0.2607647328028277,25.46153049719281,244.4930755073696,305.894743221375,352.1434998203758,74.90050276616736,0.2538951823060667,25.48827680873883,244.5118410746731,305.9577793441974,351.9683043961578,-99999.0
K14F72A,scattering,0,0,I,56.50956087684676,0.3920039089598047,5.099179134443956,115.9991387529882,322.3923060800303,72.57690301166848,56.15960011993075,0.3936623242820723,5.109085560033661,114.9690018205385,322.5292880038933,73.41377713209155,-99999.0
K14F72B,centaur,0,0,S,23.81576112629235,0.3463356373356802,17.0101949799931,283.9242182016116,245.2161260354478,45.51283180967395,23.75113285320612,0.3445329594598854,17.033203625298,283.7516032214331,245.2504941354341,45.81748527506547,-99999.0
K14F72C,detached,0,0,S,75.456369382422,0.3151877624477763,29.8683820425283,32.60137260176653,177.9983203822474,359.5534352404758,74.83285785231766,0.3095987700798599,29.94562712996895,32.72771767539259,178.0934236152482,359.4446062297449,-99999.0
K14F72E,scattering,0,0,I,2044.440737258543,0.9823419919369506,20.63255629054288,133.920515456121,336.8292880398923,0.2233981733597079,1702.296470218195,0.9788988992393978,20.68646097733557,133.4088538468956,336.9480279346157,0.2946915846005876,-99999.0
K14F72G,classical,m,0,S,46.55897958736308,0.2224488186942415,34.93303448352922,171.0879893466807,192.9662449720638,151.8257701087539,46.39704430232045,0.2267780255339677,35.06114685852305,171.0730709083426,192.8525301081951,151.7612347100633,-99999.0
K14F72H,resonant,13,5,I,56.99234341211172,0.3511521088936047,19.16986556016932,45.39572871777074,236.3042711896527,288.7731897723572,56.62084313051838,0.3514728177652898,19.19383854132874,46.52720195969805,236.1572517560561,287.725792020533,-99999.0
K14F72J,detached,0,0,I,94.46571936904392,0.5935661269510019,15.37851102856402,132.6954038400131,302.6990584135183,36.46245684848697,93.7818323320963,0.5942489967938857,15.39450084751374,131.9292066225725,302.7864198885615,36.89851023683978,-99999.0
K14F72K,detached,0,0,S,53.724252004121,0.2916545601134224,12.25658828770712,231.1554772664765,207.6238017111035,83.8963680229195,53.40157732202851,0.2934960753043645,12.304152577144,230.0408007604438,207.5803017384365,85.02338619520617,-99999.0
K14F72L,resonant,19,3,I,102.964110229432,0.6314180298757239,29.169263591682,258.9824550949717,201.1373477464826,26.22154816658592,101.9817730770644,0.6300325649139874,29.29117588049453,258.4286008962429,201.1217862335094,26.6723808040849,-99999.0
K14G53R,scattering,0,0,S,206.7790780644836,0.8905821244840477,42.04710351441706,177.8433288435993,52.55127957163522,0.6390552506720479,205.5734216028625,0.889907802881041,42.09510667699728,177.9510948174804,52.59686097905498,0.6414941972208678,-99999.0
K14G53T,classical,m,0,S,46.23112552238069,0.1002475300101689,12.14261317387932,284.3068453171236,33.7963001269888,288.5221101175219,46.07886498947057,0.1020339146186976,12.17874039096572,286.3954018849132,33.86898455394104,286.6489598753521,-99999.0
K14G54E,resonant,2,1,S,47.69925244955047,0.2568871646980083,16.993970146017,26.71614337093288,134.0069617349973,38.02960971396494,47.39290153595033,0.2529967279438775,16.99739397936211,25.91620892983672,134.101132460444,38.86814591005449,-99999.0
K14G54J,resonant,3,2,S,39.42774966351414,0.273287495377846,17.26434552800709,37.48881857404015,233.058746039446,348.0593945681965,39.36285268955756,0.272749177367943,17.29249078499225,38.03293389874724,233.1014556488373,347.7209539802578,1.0
K14G54K,resonant,3,2,S,39.4298742846687,0.3257810197903719,24.01318274101833,12.85723275220652,234.1522355199421,1.353406190955312,39.3516050573208,0.3244816101516605,24.04892549775752,13.21856318952686,234.1936985004857,1.173233823483177,0.0
K14G65K,resonant,7,4,S,43.68401657969267,0.3150863602424339,19.48774324680759,329.2845375934126,262.1089864909451,350.4161274683576,43.40059512169464,0.3111162570135947,19.50142808682434,329.7531995204139,262.0879806707475,350.0925318502446,-99999.0
K14GA1Q,scattering,0,0,I,429.6054349658925,0.9646606729985078,147.3240322446658,153.1150629359878,9.823362107431425,0.3896314102070454,507.0569155173356,0.9700508050936363,147.3725867593725,153.3518856443398,9.898864166568941,0.3026610237212837,-99999.0
K14HJ5Y,jc,0,0,S,7.109626271309254,0.107356096867722,22.95557286242696,176.1563658331862,11.81937697653033,193.9481188634018,7.147776781869357,0.10280181201528,22.92154739766166,175.545844651842,11.80089520793354,194.5688380218347,-99999.0
K14HK8P,detached,0,0,I,65.0289116152433,0.4232803711659852,26.85172807557471,84.74493782483691,223.8695173794877,320.6032730432627,64.81312102383008,0.4242648000655807,26.92921200955755,85.34688664136196,223.8758518654155,320.2823354964933,-99999.0
K14HK8V,classical,m,0,S,43.50725506324169,0.04333279603569078,1.859598429002111,315.5086903281022,181.1778395920682,88.31982570490393,43.31606810654628,0.0416920794029321,1.863092895377813,309.5742027800813,181.3130897262885,94.35336945047524,-99999.0
K14HL1O,detached,0,0,S,65.3926233085229,0.4193864069834242,43.69029699781834,51.21925331364277,175.0882630112487,356.8489148820866,64.98159640199798,0.4158972963904803,43.76661639198248,51.34238562049714,175.1883142557819,356.7458218212651,-99999.0
K14HY4J,resonant,3,2,S,39.39382108541226,0.3059702714366805,18.40176475563366,54.35115238921695,153.049292604447,27.78777041025536,39.29409119920544,0.3035063448445268,18.39395993947214,54.3961229513428,153.1629491443924,27.86731160584175,1.0
K14J80E,scattering,0,0,S,89.92208384076,0.8006473025345724,28.15032599945042,146.3973893757694,116.3274097600868,1.715579580940724,90.84353019223408,0.8025223506096153,28.14193298960778,146.5921777922288,116.3542924847526,1.676764431757016,-99999.0
K14J80O,resonant,3,2,SH,39.11990798596343,0.2891165357547059,15.70614370591673,346.6332640081796,196.3997468831208,46.13270551041248,39.01946917538059,0.2864935498359837,15.7253514223262,346.4423768224186,196.5494310446063,46.43389646139355,0.0
K14J80T,resonant,3,2,S,39.58631972453693,0.2179618762517045,14.49485332581471,150.7361958145349,146.1098427793835,343.114235634371,39.63110310167433,0.2196386791565955,14.48135590685239,151.2717985208282,146.2041329303651,342.7821990821084,1.0
K14J80U,detached,0,0,S,53.31319123249233,0.3265269224215237,11.50031982063827,34.12315423721324,158.1027587354793,41.01995771851946,53.17002452137398,0.3234440827158378,11.49125929393069,34.0577311830959,158.2516089069089,41.25414161037378,-99999.0
K14J80V,scattering,0,0,S,48.24878649811977,0.4029078793702295,8.219347821743936,149.2717269024491,127.0647478556098,0.1806011456703701,48.36871226686542,0.4043683237725701,8.213140783266871,149.6582590413315,127.1037630758156,0.02181529351982961,-99999.0
K14J92C,classical,m,0,S,45.75360962393261,0.1310836839602774,9.317715436476854,88.81672374359052,55.51989959036018,78.63805448079228,45.56105140121495,0.1287992326197395,9.341668848566421,87.20036986284818,55.53378876020814,80.50451325113755,-99999.0
K14J92Q,resonant,3,2,S,39.36836888655609,0.3374034546362231,24.15879430185477,74.0574172829776,160.3897734082898,17.15767503632152,39.34644835032714,0.3363571992623975,24.14495313666555,74.31464238325698,160.5027607971298,17.02792380099279,1.0
K14K84L,jc,0,0,S,16.07292805699337,0.6448006587912243,12.25385916223208,91.09300972764382,134.5524106557832,51.15055074951355,16.15169304324326,0.6436527641031263,12.24033200906601,91.50835195035064,134.5263479021297,50.84560700141761,-99999.0
K14KA1S,classical,i,0,S,38.47207302878858,0.02641899835828959,24.11569235257202,59.19567760851547,217.4815254418565,352.089039096579,38.48425607634438,0.02725148495325139,24.15405575000012,64.69931483006778,217.6102194033029,346.7885408157746,-99999.0
K14KA1T,resonant,5,3,S,42.07269477530026,0.2428363366737731,9.946705861577623,206.4922635663649,66.4034375514979,357.3624576646416,42.09614796109063,0.2434189551595571,9.95994210176922,207.1309743400757,66.44772038415051,356.9723234146138,-99999.0
K14KA1X,resonant,3,2,S,39.55269108567543,0.2379814199218524,4.001926671974428,86.32818059842933,129.4741295063844,28.94019476184669,39.4851164759027,0.2356752784496639,3.999149403916197,86.62837768576284,129.528157117802,28.85927676453015,1.0
K14KA2A,scattering,0,0,SH,105.4625965023037,0.6557794555798702,26.75651490871232,6.064900345532212,168.1287228024395,8.89928474698301,103.9679837781643,0.6510425363358014,26.79427288811683,5.770747238338165,168.2526170708258,9.134062663073056,-99999.0
K14KA2B,resonant,5,2,S,55.47102348177406,0.409247348798179,11.12140737890875,45.3930887888841,214.8775303518319,3.30086673044671,55.49036405380039,0.4092793064904304,11.13446571833395,45.72448042107994,214.9880009262555,3.137280888595622,-99999.0
K14KA2C,resonant,3,2,S,39.30834126287849,0.2659105562212643,12.58120106839541,137.1542073302398,162.849278965891,343.9356479318664,39.37661928999513,0.2678951949521595,12.57304366615183,137.50556110211,162.9713442912302,343.7461841806931,1.0
K14KA2D,resonant,3,2,S,39.44796101222914,0.2223395169669049,7.279943416339613,58.14368359979565,197.5366296919982,11.05002659599343,39.47431132128919,0.2223112328660968,7.283563344227515,58.75203947799062,197.679675700026,10.58804705757683,0.0
K14KB3E,resonant,15,4,I,72.5298274728251,0.4421840700671175,33.86172245058112,135.633482983245,106.443708081449,2.684313316139417,72.1907142257644,0.4394503335264494,33.85883707371019,135.9930631525131,106.462365668603,2.57829622092074,-99999.0
K14L14R,centaur,0,0,S,18.68940458302531,0.5258489728008905,6.263811019362501,83.85197398542235,183.7344345935082,31.1893225433273,18.85584958131811,0.527684420863128,6.252058526916263,84.45639395769929,183.7413430748451,30.66290097856822,-99999.0
K14L28O,classical,m,0,S,42.93674032171483,0.1186287997084062,25.59310217208019,107.390685051314,287.2076654808186,313.8135423665039,43.30236676058557,0.1245519506179369,25.58206695934392,105.141291681357,287.1974748631065,316.2590007206229,-99999.0
K14L28Q,classical,m,0,S,43.619740972365,0.09593009762031163,1.296599126407698,158.4504970672483,223.506881887112,346.3615959992007,44.04580673699488,0.1042771044912963,1.29415369638541,157.2856140116704,223.5636790386897,347.4983773900794,-99999.0
K14L28T,classical,m,0,S,44.19664435246643,0.06756644371243259,10.03829043861361,198.2057711014047,63.80896044175876,40.50746891639707,44.41165751783088,0.06912004066896855,10.04578954733287,202.5014954857898,63.91809698380925,36.43208580647197,-99999.0
K14L28U,detached,0,0,S,54.96597985293455,0.3558364841368946,32.2769027046507,121.3326937197072,104.4145535439252,16.6754450677671,54.82539421170297,0.3534284277001064,32.27553259299177,121.6621734264963,104.4296732394426,16.61722680061442,-99999.0
K14M69X,scattering,0,0,S,32.15191586997263,0.2729912372296305,10.88382907149331,69.28631336230815,178.4022551524465,69.38340455474267,32.36864174579281,0.271974793622235,10.85320954970663,70.65612657518773,178.4293982953873,68.13238725134737,-99999.0
K14M70E,classical,m,0,S,42.64087970173508,0.1516558237188552,7.809211766869016,273.4567724021514,1.063428434176541,32.84956360184936,42.90695422365896,0.1544396645888532,7.791909605403855,275.3890127338368,1.184412697277243,31.07199583901845,-99999.0
K14M70F,resonant,3,2,S,39.39775923339863,0.2444811802816378,4.757954726300599,184.5417448811788,125.9692208271497,322.3873430024298,39.36392171462523,0.2457876718252013,4.755486097983249,185.1140803070383,126.0267256334428,322.0486503815661,0.0
K14M70G,classical,m,0,S,43.36327962890121,0.05388945016991494,12.17678605993655,38.73538670246761,325.2402578971386,326.4833686769463,43.67243828028359,0.06049880337051568,12.14808765097934,36.8363931585918,325.2453181852641,328.6290103443136,-99999.0
K14M70H,resonant,3,2,S,39.3782102378486,0.1714079708130554,3.284851691736358,89.83026854912497,97.63685828778813,147.7939652776872,39.62163077133616,0.164511538427632,3.28508338911904,90.45164816712418,97.66272941834282,147.3366822068074,0.0
K14MA3B,classical,m,0,S,44.05725598579571,0.07697345143132352,1.96253519128015,294.6157432702985,184.1967709839168,170.004880889715,44.15805512160257,0.07411089420841226,1.960498141964953,292.2751007188817,184.3766726089068,172.5682399630925,-99999.0
K14MA5H,resonant,7,4,S,43.78809227970325,0.1948635311578787,4.907266589928958,146.7102587935039,259.248907124447,265.5675319316146,43.94842902319816,0.1969908543725403,4.911386648549955,145.5741523115851,259.294026454917,267.051125485476,-99999.0
K14N65V,scattering,0,0,I,112.4127447261572,0.8024864674291198,12.34174237043293,253.2396005915447,81.09796416214272,2.332307198333024,117.7366245966302,0.8111886189514975,12.33513911562837,253.4865049248457,81.13490078823396,2.155047080046929,-99999.0
K14N65X,centaur,0,0,S,22.89659142470566,0.1966187856263994,11.37909426728047,230.7468805729417,96.48166184763572,33.98687684812746,23.09596406604733,0.2017236069759856,11.37409579117264,232.0892716251546,96.49119270024975,32.62783172731958,-99999.0
K14N65Y,resonant,11,7,I,40.60792369929998,0.07884717802303524,18.47085399802735,165.7797682898597,257.2781563155075,276.0976697926797,40.90004940143496,0.0810796842927372,18.4735614384189,160.9511851684209,257.3503252691731,281.0812626674413,-99999.0
K14N66A,classical,m,0,I,42.7398493510717,0.2110037505155185,16.09267073013898,355.3615402144394,307.4423044491928,24.27697860305182,43.12615334834172,0.2163468272852261,16.07324688734086,356.8252063444046,307.4132741989757,23.02437520884948,-99999.0
K14N66B,classical,m,0,S,45.65886063042012,0.07897223792039179,4.912367088927406,193.9712391970244,299.9215435574303,228.702732254992,46.03199649888068,0.07390039557841827,4.907639399858531,189.0688802024362,299.8610396697048,233.7595333768128,-99999.0
K14N66C,classical,m,0,S,47.36781789343304,0.2196781432792708,43.83141172932609,198.1594304682826,138.8268436132394,7.847944713006401,47.8234111324561,0.226641384057629,43.76784164969903,198.9331771740937,138.7830334470422,7.262809067213104,-99999.0
K14N81D,classical,m,0,S,41.47800219083179,0.1207854001782797,24.30070372761743,279.3338806683029,1.796566285633119,42.7850676564444,41.76968282549911,0.1237531344573942,24.23621954707954,282.0571311119308,1.878893990821988,40.18666388553691,-99999.0
K14N86T,resonant,3,2,S,39.464412213618,0.1310957974544342,8.220026712149078,278.8653406475757,6.689529048433438,11.5878281535379,39.63764862607249,0.134173733408552,8.210400732650424,280.2597573745086,6.844330785102007,10.34179870937586,0.0
K14N96B,classical,m,0,I,41.63063807133988,0.0912314102515825,12.41162767580708,111.1921338026572,306.3952076620729,257.4029585777397,41.82592843163818,0.09266478965021716,12.39207150497625,108.071458809799,306.4085865495794,260.8542788544388,-99999.0
K14Od3V,resonant,3,2,S,39.25136679094611,0.1073682238635719,3.551297813019798,103.7965389362906,65.52290814424846,156.7661709092688,39.48056716551046,0.1007721696584477,3.551653296615609,103.8505263803331,65.6536313203442,156.8369838562573,0.0
K14Od3W,scattering,0,0,S,42.40575957380827,0.6606281341931108,22.19822069198134,305.5342438799933,292.247477796996,22.71052195726677,42.70829886790708,0.6611143918192117,22.18775815434553,306.0088438579623,292.2501310646974,22.44050366250965,-99999.0
K14Od3Y,scattering,0,0,S,80.79390312525835,0.7682555755850295,8.967305552822188,349.8039021860133,279.4959049209136,6.906260928005501,82.36680676136679,0.7718813555682712,8.965292752713507,350.2311819798938,279.5183929762124,6.676743125712837,-99999.0
K14Od4C,classical,m,0,S,43.53545273045383,0.05133941790312294,2.452681259392796,298.9990306200249,94.51366847852287,333.8636241373001,43.93606840880704,0.05910943337895576,2.452441144660284,295.3940333159421,94.54919329504344,337.4681337742331,-99999.0
K14Od4D,classical,m,0,S,44.36423521829146,0.0954172883945142,11.24797148847282,82.57872332191792,130.197389964293,160.7850823718722,44.71097418256642,0.0876544785611175,11.23868444021131,84.43614105360852,130.1051762565053,158.9811577665947,-99999.0
K14Od4F,classical,m,0,S,46.78850110582416,0.1395738829581118,22.33971039834513,354.9651814293576,354.5401401228941,7.908738776195504,47.24805538559099,0.1475735172850075,22.27452355477579,355.7716494152876,354.5260123782364,7.186975797002357,-99999.0
K14Od4J,classical,o,0,S,52.61441822410812,0.2250503277732456,34.74773736989137,270.6549551915666,299.2623945830541,61.00326622542953,52.70375278681799,0.2223539367135166,34.71043669921536,271.45664875923,299.2756644514531,60.57491573647297,-99999.0
K14Od4Q,detached,0,0,S,61.95762996556243,0.4396253763323334,29.48932324372423,157.8331787891254,186.6208389149789,14.43731107582203,62.88876339968613,0.447246736645387,29.41616092515874,158.3867064188375,186.5731960377026,13.91136576697995,-99999.0
K14P70N,classical,m,0,S,44.21568234593517,0.0595899535845983,4.113607410322608,235.7949911357139,136.3347996679672,285.6008816909185,44.35789658943627,0.06333360936406786,4.106929556008248,233.798623322772,136.3839977016823,287.9230086646049,-99999.0
K14P70Q,centaur,0,0,S,16.0829200491026,0.6113003012916126,15.02807399103325,10.16029957596684,343.9722319433989,45.35445553606958,16.13266514608213,0.6124658628481345,15.04349006839379,10.35826613277415,343.8767492543997,45.05588600355205,-99999.0
K14P70S,classical,m,0,S,41.45296667429898,0.05986105932240555,15.18494612443496,321.521912199759,347.0787794747495,49.64205708983864,41.81130334241688,0.06466730468752073,15.1414211596424,327.5519443648212,347.0337113792899,43.70998422565808,-99999.0
K14P82M,resonant,5,2,S,55.40231438436314,0.3441958878394505,23.67756809541536,315.0337134740611,358.4066000443784,30.50012414691992,56.06176753795887,0.3497032022437379,23.60966683602786,316.1764219131528,358.3613292988393,29.43589176187822,-99999.0
K14P88E,classical,m,0,S,40.30110716468192,0.07755044219695519,22.55058253743987,254.3183197602744,43.49795966711905,19.71382713261288,40.55828424373581,0.08223963012082107,22.54019810672731,257.0827470519916,43.64502343715411,17.05590785124079,-99999.0
K14PA2Z,classical,m,0,I,43.93792287461019,0.1125948012405503,4.545509415478061,277.4022827723767,49.97784212852094,28.59305190801404,44.36372923534191,0.1195552712507893,4.537227355419442,279.7308504321655,50.0817727556462,26.21758537049558,-99999.0
K14Qh3F,classical,m,0,S,45.94501551954024,0.1058411525629451,4.738516742740527,172.5323688882729,83.80449617391585,67.6411305697093,46.28523439124671,0.1060221993294771,4.739573471511703,176.5119228547125,83.86970644383008,63.82814242871891,-99999.0
K14Qi1M,resonant,3,2,S,39.60692864230229,0.2798595389542114,18.26679895728287,312.8378725113672,96.05078163362148,5.318528376475292,39.96101530202667,0.2862700539361117,18.26038334555552,312.6046543588621,96.04541700282105,5.354647759405115,0.0
K14Qi1O,resonant,1,1,S,30.10235491138105,0.105322586507952,18.83173636610928,114.9039242596931,106.9993252812508,183.8101219279395,30.27403156853011,0.09918491359072476,18.83062695972116,115.5473399119584,106.9761431556813,182.9988578436664,-99999.0
K14Qi1P,resonant,1,1,S,30.07594865588828,0.065904763332047,19.40473107972904,2.111134295396466,96.54595484755392,316.8869160375937,30.26678251889968,0.06899868453871433,19.39808321326098,357.5955215456756,96.54277067585542,321.2118408702329,-99999.0
K14Qi1U,classical,m,0,S,41.25926814412825,0.1056492736943528,19.34142775898625,296.6764773184337,113.1591215479861,354.3712631494654,41.60576852363837,0.1127663202258474,19.34169257939799,295.4773160866426,113.1209331395127,355.4287754430634,-99999.0
K14Qi1W,classical,m,0,S,44.28212193402014,0.1026366036402342,28.80691356441156,203.9212513769407,162.7308501798345,3.159432997416198,44.68927260654842,0.1105918478396502,28.7391612469522,204.3538949309611,162.6608052138232,2.809024180857165,-99999.0
K14Qi1Y,resonant,4,3,S,36.43158977113555,0.07798923242736541,10.16605061096022,119.5860845286424,79.6749712607025,254.0014122112331,36.52316994707304,0.07439004445897912,10.15415572784525,118.3666691378295,79.65710897709859,254.8976754523176,-99999.0
K14Qi2C,resonant,7,2,S,69.09037176164236,0.5007168336895121,18.99018856492867,45.03152015956748,46.67346623794053,341.5006350875117,70.01224562506698,0.5055381523304485,18.94666408275725,44.22391126267791,46.69426913247099,342.0903329375785,-99999.0
K14Qi2E,classical,m,0,S,41.26581344168955,0.04154446070319721,26.35126029025515,256.4117968205082,77.78177769783136,68.80576991633112,41.55767056056762,0.04583091571178131,26.32005527014048,263.5748320048508,77.80937107504235,61.3936190163833,-99999.0
K14Qi2F,classical,m,0,S,45.90443162473838,0.207002929932196,30.5067952042004,246.481687873738,52.91375660913317,22.80811433330476,46.30441917958508,0.2123535529220227,30.48935174717424,247.7367048970718,53.03591680118955,21.62465851033712,-99999.0
K14Qi2G,detached,0,0,S,53.66271583806159,0.3641139110416071,30.45533901107358,242.0439685751758,95.89704109572155,35.4538047857277,54.27954167282159,0.3698078271260807,30.44432109201703,242.9190738623536,95.90297745779212,34.40487584377272,-99999.0
K14Qn5T,scattering,0,0,I,57.13240441465875,0.4739063898930282,44.67446934822591,258.7107391154523,103.7895076970048,8.641187924705926,58.11862850199075,0.4825743605073519,44.66473791541154,258.9987974983924,103.7801985428234,8.311955462782729,-99999.0
K14Qn5U,resonant,7,4,S,43.52625574396871,0.2635274353375426,21.28931629547041,170.1836919100574,177.597538278713,32.86951063533635,43.95712139326404,0.2695439018401384,21.24849574884143,171.2467689964189,177.4852945073946,31.78438312882179,-99999.0
K14Qn5V,detached,0,0,I,79.55750175679181,0.5447514596667152,23.38953319818772,276.9852538270975,69.19626632917421,10.07160370832071,81.24900607698314,0.5537407302497886,23.36228352027711,277.3591139481621,69.24775087063637,9.63292509867022,-99999.0
K14Qn5W,resonant,28,3,I,133.3223583704842,0.7470444008656487,28.50416052296525,208.8745668992504,75.93433421894687,4.177109953418275,136.6212672332864,0.752641022514933,28.50962415606084,209.2690875987287,75.99979150918377,3.983061126419337,-99999.0
K14Qp0S,resonant,7,2,S,69.46382046233106,0.5269134321539849,13.50333542760054,300.4959200162661,131.6429059775513,354.2510714409394,70.54711605544637,0.5337230256676682,13.50360701977708,300.1082999569234,131.5696655370267,354.5071591428912,-99999.0
K14Qp0T,resonant,3,2,S,39.50345030193788,0.223443244330795,28.73226703627097,250.7013086690027,1.245552287963864,40.7207455416746,39.68796101692014,0.2242503989605679,28.6798879885975,251.8247568009128,1.367969040142926,39.7358731461611,-1.0
K14Qp0U,classical,m,0,S,40.8934398389197,0.05176065815318417,42.12695650682794,119.7293449955636,86.25068244418412,165.3575421045419,41.21298368885414,0.04414425374218046,42.10997894809157,122.5474159831157,86.29531474014964,162.4684136172569,-99999.0
K14Qp0V,classical,m,0,S,43.27002718240859,0.1515478880102968,31.50364172170367,324.4254502524554,47.82954659926514,333.6476600183921,43.64789841528106,0.1583795878856595,31.47597736432405,323.3302934114043,47.95655586631921,334.7742085347468,-99999.0
K14Qp0W,scattering,0,0,I,205.2674384581002,0.8734617941187991,26.12475714325015,298.5446101674856,148.5004235610146,358.4969011068254,216.5705554697074,0.8798560210406116,26.11119803375241,298.2797403842115,148.409137378967,358.6243380505101,-99999.0
K14Qp0X,classical,m,0,S,45.59322684008281,0.1440329040611132,6.462775803832099,269.7620268898947,67.98481212223103,25.47644573904372,46.06361041044182,0.1515757994801447,6.455582542630201,271.3885092032988,68.06457723539569,23.7764346343631,-99999.0
K14Qp0Y,resonant,17,10,I,42.82314233849753,0.171143497553175,22.71134597600581,245.0668766321556,107.6492822180073,28.59135089469858,43.24711427525597,0.1783461105043329,22.7084670410171,246.344042182065,107.6280347572863,27.22693535990348,-99999.0
K14Qp0Z,resonant,3,2,S,39.37293645511743,0.2392626730189813,23.73795068839238,263.4813190424262,71.81767292118086,37.65362146807148,39.75691340053883,0.2449082487882525,23.70865455747466,264.6775169243554,71.8562926904411,36.31499084112152,-1.0
K14Qq7B,classical,m,0,S,41.37250606708577,0.04582511440590492,19.66278712250937,300.8887232589361,91.19284792674405,25.27694061295932,41.63548712890248,0.05214110875863001,19.65155628946881,301.4652602702744,91.19907315495874,24.42296354908551,-99999.0
K14Qu2F,resonant,5,3,S,42.26789578078611,0.1555069295270041,18.52728913523854,203.8145117952787,183.951242588543,20.79343645111555,42.5952486567795,0.1620526101727597,18.49551741485265,204.2565379611795,183.8192963348644,20.26088122009114,-99999.0
K14Qu2G,resonant,2,1,S,47.6078830338546,0.1564796954519541,15.64714630770973,198.5023111747447,155.0519162203478,37.72140145677255,48.04494904032958,0.1630443910228816,15.63181824252606,200.1732898549941,154.9156661573981,36.00764202847445,-99999.0
K14Qu2H,classical,i,0,S,37.99488190783061,0.07185420364712977,31.45804833607446,306.4964509561358,44.08538645423069,346.0815319039568,38.27559675144645,0.07858290241803678,31.42754927305896,306.0793200846645,44.2167344208848,346.5410228032509,-99999.0
K14Qu2J,classical,i,0,S,37.9619833485444,0.04804434092640934,26.70918580398598,212.890823035195,34.68539671755164,74.63876862418371,38.19447450403572,0.04793258620492531,26.67720463536688,220.170402362095,34.8371289659541,67.4340265165388,-99999.0
K14Qu2K,classical,m,0,S,46.11311935389699,0.1866669970620431,39.98673597213213,204.461357142489,97.13322408137255,24.6147804842698,46.52622005807767,0.1921510745642856,39.98331907917407,206.1030645655137,97.149946840756,23.15825458075204,-99999.0
K14Qu2L,classical,m,0,S,44.92078044425941,0.153956679370785,16.94231592822087,272.9085404350067,172.4000364835483,301.4279188185143,45.33197513435077,0.1570430171784611,16.89282199608308,270.1180466477921,172.346456715625,304.2551357305507,-99999.0
K14Qu2M,classical,m,0,S,43.49773835882394,0.1518821380518678,5.172577610371973,319.9541132902203,25.60669629637,21.00301767279465,43.94611324344461,0.1596855801073245,5.157318747302646,321.2306780963978,25.63938528702261,19.68488049778002,-99999.0
K14Qu2P,detached,0,0,S,76.56785083102085,0.5238267101137034,24.30801834535038,247.7806248747702,86.04937476933912,10.23979219733598,78.12772359190936,0.5326736893193296,24.29868367387207,248.2639786521763,86.08775420701375,9.77802182789313,-99999.0
K14Qu2Q,detached,0,0,S,65.13141519552887,0.4826138757126761,25.70389512281324,292.902010875881,66.82455148639748,4.07849653012443,66.35846520550247,0.4920005149283427,25.67856536267006,293.0185430774587,66.88264836234107,3.904247708573321,-99999.0
K14Qu2R,resonant,11,2,S,93.86818780595829,0.5747356394534932,28.28137526937586,219.4941679584828,148.236333098375,4.876123903001472,96.12317182182518,0.58455066992749,28.25309927290542,219.7731652038906,148.1412357054765,4.649469247056356,-99999.0
K14Qu2S,detached,0,0,I,128.0721006630121,0.6849458127641976,24.93797034477648,337.81532872083,77.25881852061602,356.2724611578407,132.0919984502798,0.6941915940144305,24.91802866056344,337.385850228054,77.29585490565196,356.499670479427,-99999.0
K14Qu2T,classical,m,0,S,40.59202488625569,0.05728394505155694,22.30399703224709,305.0910183313549,128.7222146888388,321.6034560640892,40.92982754911583,0.06275028228580834,22.29600718461641,299.8186802542886,128.6394438848571,326.8364740416454,-99999.0
K14Qu2U,resonant,7,4,S,43.72438497223452,0.2423747722460514,26.03245829774465,332.7441447302754,69.4489608610102,355.9119914223966,44.17909695945854,0.2498873556292473,26.00002430304584,332.2119781454653,69.48280274416122,356.2727508694682,-99999.0
K14Qu2V,classical,m,0,S,41.89927263377758,0.1727698398233182,26.37178443347387,243.5975880522041,152.1145297435117,2.717032917791651,42.28801178028375,0.1802588792747836,26.34765595790365,243.4588894498453,152.0008445437544,2.82989949474903,-99999.0
K14Qu2W,classical,o,0,I,49.16206927457286,0.2396407024407055,19.91316534782772,232.2818801905513,119.4496534675884,25.75599276470881,49.71504120794555,0.2471874675394675,19.91077017066382,233.2961988941645,119.3962276841648,24.690984260863,-99999.0
K14Qu2X,classical,m,0,S,41.97205005042278,0.1344980243917765,26.03521713182934,298.8969241173858,149.2709642362246,318.5995568251367,42.32134476834756,0.1387059676702267,26.00884280989251,296.372498262375,149.1527184314496,321.098677858962,-99999.0
K14Qu2Y,classical,m,0,S,45.64572372565316,0.1547212336685375,27.12989289615371,99.17341544646655,159.4550462432327,124.6089133041243,45.96749319677339,0.1505993485571163,27.08115458839627,101.6387409045079,159.2975667044797,122.1478335973855,-99999.0
K14Qu2Z,classical,m,0,S,41.33968913477391,0.1335638603257466,27.71430003085693,186.3570256214648,32.44835345120082,92.46686843358887,41.56718192974101,0.1305805538449619,27.6771982900667,188.5041218011769,32.61589690359848,90.40740913980287,-99999.0
K14Qu3H,scattering,0,0,S,36.91463490726663,0.1340128951244604,13.16626861864998,262.0676229243871,91.4611690138522,29.53060127167128,37.24887582234994,0.1408738269639635,13.16016001758975,263.5246470338341,91.47899234012633,27.95193034554161,-99999.0
K14R70H,classical,i,0,S,38.26759907029354,0.122722097144788,27.6059949044731,244.760865171404,8.005237678349475,52.3639326334828,38.4603716646822,0.1233785886834993,27.55442170839003,247.073047433726,8.140349378010967,50.17659828431535,-99999.0
K14R70J,classical,m,0,S,46.86596071891225,0.1888029572308635,26.47795940542279,274.8080740917869,30.88377171696038,8.230054438035769,47.20339942268036,0.1940849561721145,26.45464752924123,275.6603114815109,31.03506188871002,7.480219784128067,-99999.0
K14R74L,classical,m,0,S,46.77396082905715,0.2076796023533173,30.2772994942921,10.04808086277263,150.1644786278368,266.3709674962723,47.06480744513838,0.2041279069536664,30.25120276426536,8.514824716201476,150.0055523759885,267.8349319625096,-99999.0
K14R74M,resonant,10,3,I,67.05680467119909,0.3535386246319812,32.47191267949469,284.9236968044115,149.4733237188688,353.4712559004435,67.77164683605076,0.3599286604157474,32.46922171861539,284.4224846574765,149.3454876887212,353.8498913787036,-99999.0
K14R74N,resonant,3,2,S,39.31973514101977,0.2875540261547601,24.36129765157343,317.7254556939707,115.2799917597969,348.7931021919293,39.67670033173864,0.293282014078302,24.36223402444414,317.0319813808477,115.2405350065037,349.3360581464901,-1.0
K14R74O,resonant,1,1,S,30.03877051305511,0.05118716012389441,29.53652182874186,114.1899771905184,152.4341561570414,138.8226974363036,30.21563278966317,0.04767308874767313,29.51789848855537,119.9027714384577,152.3068628150752,133.0576133834481,-99999.0
K14R86K,scattering,0,0,I,388.3419074983701,0.9432333425353477,26.38226275425606,223.3084910330438,8.199466568600487,1.241520526202345,396.5212499821973,0.9441803733340499,26.33419998051676,223.4777882294604,8.341882056390103,1.202248024904059,-99999.0
K14R86L,resonant,25,3,I,123.5349497241266,0.6934588081557099,28.85565000989635,332.0318109425879,23.72595386939982,354.9773716013,126.8995492112241,0.7015791775381398,28.82284579596615,331.8231368318994,23.85870756883279,355.2001176698627,-99999.0
K14R86M,classical,m,0,S,43.00762001528282,0.1791710911902525,19.13552895389117,307.9337712511713,117.2449466529029,350.7469856211611,43.3677285884251,0.1854426235281835,19.1381328739628,306.9316071560777,117.1980253256381,351.5812582176793,-99999.0
K14R86O,classical,m,0,S,42.01287056113678,0.1217871721533536,28.89155799314316,227.3564839022669,32.68552865794491,48.79567892038609,42.25857128625729,0.123254425346677,28.86395179941821,229.8906993919169,32.84490143811443,46.35977923156884,-99999.0
K14R86P,resonant,29,8,I,71.05922468156625,0.5061326854207344,24.80484438594338,219.0483081765739,33.4758969003313,22.1465576633117,71.59920887842846,0.507785093761247,24.78345735403706,219.5960846275474,33.63778823006879,21.72929336492392,-99999.0
K14R86Q,classical,i,0,S,38.6106088291729,0.0133338025218036,31.16913457561649,45.60037720185672,67.22875435936054,209.8779470328573,38.84479881405686,0.01029330493816963,31.17758877744858,18.46894330230284,67.33165225147111,237.1633651290034,-99999.0
K14R86R,classical,i,0,S,38.2555066508927,0.07960370900773565,35.44181316348438,181.6897435407206,10.14845715984833,122.0672987020014,38.43097814383919,0.07531881826370691,35.36718771088506,183.6302026106106,10.29452791824681,120.2376486227232,-99999.0
K14R86S,classical,m,0,S,47.21246599695279,0.2185356160671243,25.23052213646746,171.663235638035,62.09365514629508,61.7492660939702,47.47466565038734,0.2174619762100297,25.2378237801314,173.1610475720089,62.21851649398525,60.42568050369312,-99999.0
K14R86T,detached,0,0,S,46.9394582740035,0.2420731496807819,30.79509430221699,317.6023561019111,95.0817996883819,349.2550189615432,47.44342123056506,0.2495237307330309,30.78513350526806,316.7882138560676,95.088213954358,349.9182701211959,-99999.0
K14R86U,resonant,3,2,S,39.49535940704487,0.2195707248743456,30.21246327648654,127.7269115666833,138.0938582435361,109.8017192408853,39.76682297920466,0.2165117461753572,30.1961402186484,129.5412200059878,137.9704496081403,107.9737467768769,1.0
K14R86V,resonant,8,1,S,119.929854023406,0.6726683215976292,28.49653605390036,263.4377487059653,129.6083069518617,1.40660273467125,123.69025976183,0.6826036962791345,28.49365304280074,263.4460881773969,129.5387889469155,1.345315116204941,-99999.0
K14R86W,resonant,3,2,S,39.27541470411341,0.201774462510945,23.28856048727755,243.3477857577538,127.0462099513454,26.53684830632923,39.62521661339633,0.20840629858872,23.28998279102128,244.1301126695776,126.9770699490018,25.64761786054497,-1.0
K14R86X,classical,m,0,S,45.26224233952464,0.171704916184761,26.58877660776102,248.1159802606362,154.6083193007176,4.86794710185785,45.65647038503668,0.178841864718504,26.57074797426762,247.9268626182077,154.4788966767903,4.993135280876666,-99999.0
K14R86Y,classical,m,0,S,42.72085612417431,0.1854536114192678,28.16280344473808,246.4157318641665,14.3228986482513,37.98519271834613,42.94486853790119,0.1870207288943975,28.12078565782065,247.8450229199707,14.47206367232318,36.67604257192686,-99999.0
K14Sa3M,classical,m,0,S,41.91860367829954,0.1222329958947075,23.22817165346541,130.7709394285377,124.5499499980557,108.8480590941497,42.25254326313799,0.1188957000255404,23.21496615065606,134.3382865184227,124.4760143657516,105.335438109697,-99999.0
K14Sa3N,classical,m,0,S,44.85269791344177,0.1913319535443209,27.13257931184983,267.3737692788717,59.92221741415648,38.16705837055562,45.29688982771741,0.1972827324509055,27.08754844755613,268.9803205608143,59.98621264480434,36.44219875864322,-99999.0
K14Sa3O,classical,m,0,S,41.73717640455465,0.09622075756099896,23.14675538633165,309.909571850256,119.6873600799527,323.1809490934638,42.11057946805245,0.1019502139780576,23.14073402499871,306.6256998305891,119.6301513346738,326.4279679780244,-99999.0
K14Sa3P,detached,0,0,I,62.40558149691913,0.3152725915361759,31.22784819353696,267.8617373903849,145.4476661975048,347.3730202797166,63.21882193660915,0.3234004786201164,31.19571253338582,267.2433825940674,145.3418331031759,347.9877182179487,-99999.0
K14Sa5A,classical,m,0,S,40.56207594732859,0.1010830293309055,28.22563940672115,274.1979191098513,159.0036711850694,9.941875371031909,40.72202566507566,0.1049960082198461,28.24287372716976,273.2831985178776,158.862813807051,10.6894808543906,-99999.0
K14Sb3M,classical,m,0,S,45.54715412421452,0.1623113608559002,25.41883040292186,252.7378785711113,106.1431318542244,24.24386556476082,46.00656164710907,0.1700447024644317,25.4156320250256,253.8438666382131,106.1252790463034,23.04197715080618,-99999.0
K14Sb3O,classical,m,0,S,41.81977080154231,0.1275010997177783,25.98610715408597,203.1985866061671,132.987836311527,38.553422034391,42.2089828011656,0.1336766124927674,25.96962449108367,205.5929233244993,132.902669118359,36.18226379761549,-99999.0
K14Sb3P,resonant,3,2,S,39.49462829937185,0.3230385342967535,24.45488526274471,311.974216277798,158.8416198260467,321.9249462953127,39.81121198682006,0.3254245940487931,24.4268238759869,310.9566301703429,158.7237407248533,322.8871970741797,0.0
K14Sb3Q,classical,m,0,S,46.06244137165164,0.1585665652820923,29.90939874058147,339.5243831914703,131.1869224456429,319.4907816010362,46.38227125605656,0.1611752623775269,29.9172170331158,337.3726005425745,131.0944962886121,321.4765323582999,-99999.0
K14Sb3T,detached,0,0,S,104.9258344453651,0.5218738794324214,43.14912477814546,297.2307650871807,130.3804280002046,354.6097510324076,106.9214708553011,0.5303928785885883,43.15162262039275,296.8071327164225,130.2928358403124,354.8972230591886,-99999.0
K14Sb3X,classical,m,0,S,42.90306875711062,0.1635590037445954,32.86496931185987,251.2793548981775,140.8120943204926,19.03776361792628,43.24149061171355,0.1701713876607637,32.86817988020619,251.6428398146193,140.7046439924283,18.56059526879891,-99999.0
K14Sb3Y,classical,i,0,S,38.9621759970625,0.06733843462855454,25.48442299703336,349.4588812863833,48.51218887725639,289.2898462452945,39.20561473346434,0.07096214544961103,25.47921174354234,345.2477014348074,48.65683938051507,293.6112096716657,-99999.0
K14Sb4A,classical,m,0,S,43.8480652819313,0.121651392634861,35.78268502905995,200.2418590632188,72.3047666534492,96.18082694214628,44.19996785177629,0.1206487267359066,35.74112601764224,203.8953356246996,72.37365140893876,92.37986379915594,-99999.0
K14Sb4B,classical,m,0,S,44.19793754165024,0.1725908171392584,40.75318740398945,1.689865970679911,100.919476889897,317.3373823778641,44.54433451175684,0.1755241004301512,40.74718503555533,359.4728842932775,100.9105222609849,319.3490206138021,-99999.0
K14Sb4C,resonant,1,1,S,30.08226479146845,0.09916752364004658,33.72796695711266,45.00749335866338,176.259380474595,191.3826519986209,30.22939734142172,0.09384942662324194,33.67135217293563,45.33450071497297,176.1186170728707,191.0020239510626,-99999.0
K14Sb8F,classical,m,0,I,45.92699476182173,0.1635990021489377,14.56548970272194,250.8501442495909,102.3936166911793,5.522028734143663,46.41949403896923,0.1721807681308055,14.56237865321399,251.3976106583265,102.3928478491192,5.036420915726916,-99999.0
K14Sb8G,resonant,32,7,IH,82.84284465458383,0.5351176017404241,21.7348159079212,271.9451448081149,153.6586085325947,347.9560413239145,84.42162815923119,0.542842998549128,21.70072690747456,271.4029750649194,153.5636043036083,348.4673911378259,-99999.0
K14Sb8J,scattering,0,0,S,81.46090098838233,0.7093735180340441,37.13029131141948,214.6194184290877,167.6736214678082,3.870129710933144,83.58050576271201,0.7166416282144173,37.10108700945211,214.810909872617,167.5779213919474,3.701824877135772,-99999.0
K14Se3L,resonant,7,4,S,43.60846955182035,0.1442228182012509,35.38926267303356,194.5289360130712,61.15283650206709,74.23029616059131,43.94218859914328,0.1440432290872486,35.36463493092912,197.4260502400477,61.27164692964742,71.36430433715957,-99999.0
K14Se3N,detached,0,0,I,129.5361837597594,0.6981009992076964,31.19709089969665,208.9108359180849,140.3500368149476,10.41147064057819,133.1920795189864,0.7058541533212905,31.19989551836449,209.4442073959051,140.2322734668674,9.910527271148766,-99999.0
K14Se3Q,resonant,10,1,I,139.2795041777632,0.6659045175569575,44.04457351210896,190.7637024584378,180.3220920101578,8.260505406263222,142.4671548896134,0.6732310942183558,43.98296953088091,191.1008149229799,180.1655731110902,7.933212512686936,-99999.0
K14Se3S,classical,m,0,S,45.32982694726025,0.1366595251374401,25.72620705904087,289.538389874339,18.76381131006892,7.602543679807066,45.63004730302512,0.1418666115208715,25.68762982047361,290.679942834062,18.9143881326722,6.570519197016726,-99999.0
K14Se3T,classical,o,0,S,47.94474339846629,0.1529457462244497,30.00168935599061,253.8090715404112,64.35423491499336,1.634546139364946,48.31787075611817,0.1593137096205686,30.00922944176675,254.6348066382156,64.45897000196724,0.9613974374619828,-99999.0
K14Se3U,classical,o,0,S,57.75889807115907,0.1639759002428658,44.44292802603995,247.3877420311759,177.8458789844257,3.923962802655367,58.10683613903438,0.16906499193285,44.40423925562717,246.9196348058354,177.6674183713341,4.290634764899433,-99999.0
K14Se3V,classical,m,0,S,46.12898259933247,0.1567222672024063,29.36462302209783,29.98293983798968,355.3153520995728,303.4454694008447,46.40386392560954,0.1609407099602217,29.29871589705424,28.6043718983394,355.4443126588283,304.9875194459635,-99999.0
K14Se3W,classical,m,0,S,42.57463929697212,0.182818144298175,34.91850600879767,324.0225953710433,43.62432483712389,359.917713596149,42.99223313656097,0.1905600101450163,34.85251418216303,323.9189920889995,43.6971029245427,359.9484147916579,-99999.0
K14Se3Z,classical,m,0,S,42.77565875183324,0.125848091955804,29.90944844840268,315.3954057474177,52.30265751860134,11.98074939983043,43.16922845880418,0.1335973893454564,29.85054816058231,315.8274658682853,52.35715451278202,11.41408499466486,-99999.0
K14Se4A,resonant,2,1,I,48.17058546111367,0.2484598871200865,20.58149855041669,212.0253806123645,125.5920536185716,41.30457366486419,48.66079807326776,0.2541136028957535,20.58125944886698,213.4121833745621,125.5181938613013,39.84191947301071,-99999.0
K14Se4B,resonant,3,2,S,39.42548455970154,0.1051123607591631,21.84380133614517,200.5550618073978,135.1014035921216,57.34858874783111,39.73861914787539,0.109655273939471,21.83956219891272,203.6852276219269,135.0023822374288,54.14664957942378,0.0
K14Se4C,resonant,3,2,S,39.38777675031297,0.2435879971821884,26.69237686102935,276.6548846298202,158.0913260972487,345.8520156303894,39.71842781190142,0.2490788796921818,26.67330914687931,275.8957267849389,157.9738982596955,346.5458199107352,-1.0
K14Se4E,detached,0,0,I,74.83354027817234,0.4045220083238687,41.49120939081625,325.7797381350029,335.9576530256939,3.177789737541004,75.38996841991768,0.4086468239500819,41.40983773931121,326.2298633087545,336.0238395407474,2.950742664192743,-99999.0
K14Se4F,classical,m,0,S,41.35279110861978,0.1478079460705628,29.03872860021745,265.9720872497003,109.6075907830506,10.35828879978606,41.75767339410415,0.155893847051274,29.03447920023726,266.3313294491011,109.58077676106,9.927905488175632,-99999.0
K14Se4J,resonant,3,2,I,39.13946191621088,0.2318936200205405,23.54402595271069,309.7374329879198,102.2520215462179,355.4580992461744,39.51140128396477,0.2388170753212763,23.53945291321797,309.1721930880179,102.2403050421815,355.8700497588802,2.0
K14Se4L,classical,m,0,S,41.72251554232458,0.07167841010281793,25.97999675233803,141.4437824911516,97.48302801712889,139.3838692895396,42.05020704434661,0.06594308959726133,25.97383377422426,146.1261718023347,97.49204731469557,134.6111193666413,-99999.0
K14Se4R,classical,m,0,S,46.17481827905182,0.1489567151754589,31.18114216716069,26.59224496364444,10.8431175225158,297.8020152048322,46.4738636643805,0.1527153732835878,31.1182892267635,24.71559181313956,10.99642723840447,299.7882093969675,-99999.0
K14SY9B,centaur,0,0,S,25.87837763989383,0.1778377599026238,15.52281444327149,358.8066373352674,117.1615515281309,320.4560662718708,26.01827660873657,0.1797634789055882,15.52456476016865,357.3186026458297,117.1182711815933,321.7874614311155,-99999.0
K14SY9R,scattering,0,0,I,304.3093228743836,0.8440594375228558,17.96826270479199,341.4519315077956,34.88404694173664,357.9351662262825,327.0617507793409,0.8548246259313541,17.9433121906157,341.1090702504413,35.01771469556685,358.1609497210824,-99999.0
K14SY9S,detached,0,0,I,146.0777936675323,0.6898684818642947,48.23843347481142,147.4627777302896,144.1948005154267,9.026171097167165,148.9361092535,0.694704744120284,48.14982199026497,148.0974170921784,144.1432504890185,8.690097514804245,-99999.0
K14SZ0C,classical,m,0,S,45.64637098675219,0.0857925213332512,9.314581623981619,213.6054116023726,62.62658805621333,67.78976244459547,46.0394414488758,0.0874564083565955,9.306099866766234,218.8690912096566,62.74110496590082,62.53550898495949,-99999.0
K14SZ0D,resonant,3,1,I,62.32689123522644,0.3773196073395443,32.8297243828473,41.3821562024845,356.5670764906006,330.428647029857,63.04211512303822,0.383304882554634,32.73831912377836,40.61784627603479,356.6358403885118,331.2806425663497,-99999.0
K14SZ0F,resonant,3,2,S,39.49220274209355,0.244098150229483,9.817624738453546,142.0963370048119,38.04478318760817,171.6040342036409,39.72901652981714,0.2368382525744281,9.790076182761466,141.9500012200508,38.19049905629927,171.7233606743643,0.0
K14SZ0N,resonant,17,10,I,42.82510144898906,0.1889429639785477,32.05787925702322,258.5786974116144,171.6800782460429,344.3338800823657,43.1709199530917,0.1946019440651176,32.01066625029991,257.602811335327,171.5547448405527,345.2578230245592,-99999.0
K14SZ0Q,resonant,12,7,I,43.0842868611345,0.1082274317836379,29.81729826284696,214.6310989839583,66.37709798592284,110.0380028125944,43.38578453089102,0.1068435253289982,29.76203901261563,218.3037652656389,66.41654656239709,106.1224165826252,-99999.0
K14T86B,classical,m,0,S,45.55484777308106,0.1767823991285602,19.11358587410281,330.5490750123949,50.23550357757724,4.565095884640894,46.02422464861679,0.1850434502486155,19.07282364606459,330.4734179111724,50.27799894880344,4.501378332777597,-99999.0
K14T86E,classical,m,0,S,44.34359906053916,0.1544869530058807,28.72399644778435,170.9169745733866,161.7475475838567,55.79001975802693,44.7058737001874,0.1587049781532902,28.68689250733555,173.1970155904905,161.6047774158056,53.48534442363746,-99999.0
K14T95L,resonant,7,4,S,43.55413009928152,0.1880673769372022,10.59508709641931,307.0355250399128,100.9174143911316,355.1851023870245,43.97397265715735,0.1955038205442286,10.59293648043301,306.3338947585823,100.9125699120071,355.7271231390507,-99999.0
K14TB4Y,classical,m,0,S,43.81180435996455,0.02520158291214084,17.08878605146229,129.5402601499111,43.04469404898059,209.3652302791793,44.1678011225772,0.0181308120314312,17.04136463681428,118.9903113618798,43.1044952770735,219.7830936345911,-99999.0
K14TB5A,resonant,5,3,S,42.32647840738304,0.1066924873649689,6.911816702857614,248.682777549215,84.55807003551676,52.66950308706784,42.69430844691768,0.1119145738502717,6.906334666634756,251.7450201123266,84.59357016248836,49.4288052443944,-99999.0
K14TB5D,classical,m,0,S,45.89960574297833,0.209166454831835,13.98373477750981,258.4290853490148,51.97059160624057,47.99399180400616,46.35932824601316,0.2136330436910966,13.9538132901435,260.3240071464968,52.03976994768067,46.00317579039649,-99999.0
K14TB5G,classical,m,0,S,45.19613311935947,0.1094298381713739,10.90103961099394,355.1899207627855,147.6145586558627,256.2312899720285,45.55094374115892,0.1058290450778413,10.88599799428473,351.4589578362041,147.4878078557142,259.9616243549449,-99999.0
K14TB5H,resonant,3,2,S,39.35958740012397,0.1567838426595844,8.074486265495736,222.212688608398,172.4485037680965,0.1242913137467966,39.73017008018334,0.1644626842848061,8.059182021851717,221.9091954821555,172.3489911954141,0.4008642885081479,0.0
K14TB5K,resonant,3,2,S,39.35824628206164,0.2303522864706162,11.9831942608893,161.5801338138971,178.8019590981612,34.97516278079016,39.7465856269656,0.2363348974058632,11.95735241050712,162.8823311860304,178.7107376208206,33.66480148613325,1.0
K14TB5L,resonant,2,1,S,47.80806737258163,0.2643476522474001,28.61370013177084,272.9119866461567,40.52323414560199,53.91512355364249,48.24346657221651,0.2678438405912376,28.53255481584963,274.3499293025247,40.52874005204638,52.34363301444622,-99999.0
K14TB5Q,resonant,5,3,S,42.30323919418915,0.2413501938639119,13.39661398290269,303.0129011494155,157.7499407306674,321.2386364929096,42.65931987145903,0.244548803193952,13.3806245703784,301.5628356695552,157.6282862235123,322.6298688617923,-99999.0
K14TB5R,resonant,7,4,S,43.55890817825951,0.145000263266206,7.41072628903014,62.6506019699247,177.1948504132554,135.4319260510153,43.88405442096437,0.139291212572336,7.387124170326122,64.99722154498949,177.0946878354156,133.0910477210201,-99999.0
K14TB5T,resonant,2,1,S,47.71902867296714,0.152958513073803,8.52699970790287,132.1566072105792,87.83541722053032,153.0431982926205,48.08053171566385,0.1454844600363472,8.52269109198202,133.5476028977064,87.88630500931545,151.5377498751216,-99999.0
K14TB5V,classical,m,0,S,40.73022778421655,0.08793080156990893,22.61432285928647,222.9056462266435,153.2668378774694,16.59558537643041,41.07646090969138,0.09540083389066918,22.58807644676416,223.8336631788976,153.147189173619,15.65497447026569,-99999.0
K14TB5W,classical,m,0,S,41.79622653433185,0.07358595429465248,22.58678525285967,203.7624305637449,96.97126979462612,83.09808497313206,42.13958991644508,0.0752969588687669,22.5804199616401,209.6981544959093,96.97912839175268,77.02599227411656,-99999.0
K14TB5X,classical,m,0,S,45.76356690904472,0.1176965670641321,29.35067528628683,54.31320394673294,158.6570017048607,183.4795437896149,46.0683128680572,0.1104072054668364,29.29836575666049,54.81882620060698,158.4983603597253,182.9687529167514,-99999.0
K14TB5Z,scattering,0,0,I,41.56844105288324,0.2482618714280022,25.56753263430752,95.91079080451365,36.4737140223642,280.0533179989454,41.85874367380072,0.2464152758613155,25.49062765052569,94.27268909363966,36.50675513597535,281.5375829315386,-99999.0
K14TB6A,classical,m,0,S,45.26208355885244,0.1650794473993845,26.74366490396554,251.0107512459828,155.5717781435874,2.746369997785448,45.64776136702211,0.1720846913242112,26.72513976605096,250.6840129279723,155.4399892684013,3.006125017629216,-99999.0
K14TB6D,classical,m,0,S,46.43637015231609,0.2005141092184335,9.252115154969198,159.1672514217139,150.6814918535541,54.66321002584323,46.89037795020008,0.2043530969217735,9.238632863563055,161.4237135424068,150.5686023883822,52.45508766155648,-99999.0
K14TB6F,resonant,5,3,S,42.05567514433382,0.2371719535679829,3.641005363773242,134.5457651903512,135.7372216635176,92.77569369247598,42.38795836827561,0.2354098120770318,3.638760876602989,136.5090340963702,135.6341665299487,90.82288559292789,-99999.0
K14UM4F,classical,m,0,S,45.35045434284,0.123768725836905,27.15865953793826,331.4731958176234,174.326076882236,271.888491320039,45.64799149956383,0.1215267579062371,27.10029094135174,328.565104660748,174.1788352391024,274.7325167906151,-99999.0
K14UM4O,resonant,5,3,S,42.159153399399,0.1100123430750108,7.324424344582938,224.9846940329851,253.2168061662593,338.4818921441415,42.26411612401507,0.1109614717939807,7.316017675708046,223.0564534904863,253.1789992901333,340.1084135512088,-99999.0
K14UM5B,classical,m,0,S,43.76473532822627,0.06037220965015807,3.463508040489638,159.2361498702371,105.8583328848806,119.3625341599485,44.11790411996056,0.05732886842430505,3.463215088889289,166.5298104964728,105.8505066276526,111.9520023674248,-99999.0
K14UM8C,classical,m,0,S,44.95252120446501,0.04747791645271519,5.492070891148892,144.5561337775781,353.6798675238798,264.2176851209729,45.30095872686711,0.04537310731818926,5.477836736746844,135.3887343835809,353.5450033455098,273.3406146784356,-99999.0
K14UM8F,resonant,3,2,S,39.54608131616106,0.2202287703670796,12.60142443259342,40.88262349780286,8.309386826410707,358.8744648584967,39.90565569408226,0.2270660021936644,12.57565766854643,40.50632074134959,8.213360273234441,359.1734528416156,1.0
K14UM8H,resonant,2,1,S,47.62465979278489,0.3257918672587151,3.11010209949661,82.70419970098992,282.6407809477444,20.0310486501128,48.18736217680163,0.3332350707331144,3.109505397010962,83.22252719257462,282.618194575056,19.39044580893273,-99999.0
K14UM8J,classical,m,0,S,42.91264416188962,0.09524915176701891,13.89099162201199,231.6788057557606,221.4861900692012,315.0206418048407,43.25005941951721,0.09889002582693866,13.85398866416127,227.8311896322146,221.4814661625078,318.6885029483882,-99999.0
K14UM8L,classical,m,0,S,46.58200002259343,0.1421082439942725,5.08241844705302,167.4190856713485,255.8857368889864,342.8733438255073,47.00556039782991,0.148826218503558,5.076877688125124,165.7266912590202,255.9111490052748,344.3581545576085,-99999.0
K14UM8M,resonant,3,2,S,39.30430670775775,0.2907250534938153,4.888879070927724,117.8704636203959,271.3884875933857,11.78065545194496,39.70149463247844,0.2977789078981683,4.886432660342003,117.9731044774253,271.382295348331,11.51739345467876,0.0
K14UM8N,classical,m,0,S,45.875834153756,0.1731967824882829,24.02205354939835,46.62455531620348,18.52475750249449,344.5367393552575,46.26579773249561,0.179283971649426,23.95932314238874,45.4390235562682,18.451035711012,345.6136221188432,-99999.0
K14UM8O,resonant,3,2,S,39.56888309326907,0.1231840240856412,6.832122564163085,330.7234065397942,7.907518492478288,51.73203120249885,39.89558539097052,0.1282492963102468,6.814268513031943,333.2818611834126,7.805399266462188,49.10968664275247,0.0
K14UM8P,classical,m,0,S,42.44594258331475,0.1287021911377679,3.406249977126539,191.2578067336056,339.5125997769047,238.7046224500331,42.73228578174532,0.1230705791936916,3.399750193019759,189.2261656914834,339.3509867664653,240.7027403709891,-99999.0
K14UM8Q,resonant,7,4,S,43.67459749663563,0.1256341237181433,4.144090404426681,348.33443557275,266.4226149017896,133.394233686539,43.99181853426776,0.1209521874081398,4.141294574566784,351.1378204225338,266.4452952686926,130.3921482668707,-99999.0
K14UM8R,classical,i,0,S,38.94100951282684,0.09831942348137353,8.933445497637285,154.3167781005597,231.930788135458,14.60045624698013,39.2573526602138,0.1055493214758529,8.914241495881054,154.5727840131251,231.9344754162953,14.16220523912899,-99999.0
K14UM8S,resonant,2,1,S,47.93362159775754,0.3251360550764884,7.164876299625384,290.0826233312524,3.822320654241643,67.2939160611124,48.36737693805571,0.3262256384541866,7.142620536890324,291.593350118445,3.698642571981306,65.76963824023245,-99999.0
K14UM8T,classical,o,0,S,48.82310675738682,0.0969368642534638,3.438146493030733,52.29897489741987,287.5252909229184,50.27336811807162,49.25998493158026,0.1028749674365383,3.438088780748834,55.58116655343951,287.486798104146,46.85588799675778,-99999.0
K14UM8U,resonant,3,2,S,39.61063314562529,0.2967737420497683,4.245495205451975,161.1812348862821,252.4483954991722,359.2484492121188,39.99807558785311,0.3034185822455395,4.240887920594299,160.8069139578593,252.4465979132053,359.4453742032003,0.0
K14UM8V,resonant,3,2,S,39.48739575050068,0.2280491254308778,10.13451653577463,348.5789514363754,4.752438743230699,34.84045306956281,39.84992136138917,0.2340322566173336,10.11320824473334,349.6910175903648,4.643276990569905,33.67584774653657,0.0
K14UM8Y,classical,m,0,S,43.35073479600147,0.05212040969010641,2.557582059597447,58.60456190520708,327.8089121727767,13.21285977421451,43.70543887697824,0.05979968793622926,2.555043732266568,59.0168447259896,327.6667193068406,12.76008065002414,-99999.0
K14UM8Z,resonant,3,2,S,39.5718528844866,0.2130828288724247,2.64880788934879,122.7992792321245,308.8753849660987,344.6554002651408,39.91360572262182,0.2188791169877464,2.648447784264658,121.8099769903417,308.7862521478926,345.5445368489398,0.0
K14UM9B,resonant,3,2,S,39.55754910263932,0.2632101325359988,4.091634907331106,282.8229436639736,353.4250140597275,96.20994982725917,39.8437627167954,0.2615558542455805,4.081000858064283,284.5129333991572,353.2739234944206,94.5074230192602,0.0
K14UM9C,classical,m,0,S,45.53477737445527,0.1124152525962132,3.834032844990114,325.602415293736,337.6878178971421,83.34569662150265,45.90946741169815,0.1139376702136586,3.827846609221349,329.6789763411474,337.5328780686653,79.2512313389357,-99999.0
K14UM9E,classical,m,0,S,42.91717115418965,0.03527528404437651,6.012303295659506,201.3963336580557,239.5674939322574,322.410435403784,43.25168633258627,0.04042294711832189,6.000242492656711,192.9208201150179,239.5927781803735,330.6717119656197,-99999.0
K14UM9H,classical,m,0,S,43.9667938787203,0.07312394200414796,8.396659951098641,113.4307710565517,358.9206304237948,296.6493146062278,44.3020977663948,0.07465165334587481,8.375519569654578,107.8393280763913,358.7921284397568,302.1718703817928,-99999.0
K14UM9J,classical,m,0,I,41.3823439625265,0.096033712529305,21.02241762785963,223.7917149284533,222.442669879769,323.6912205691649,41.69144902751429,0.1002537347453605,20.96904236577064,220.5083574259416,222.4324520744934,326.7917687331734,-99999.0
K14UM9K,classical,m,0,S,42.71162588367261,0.06863028262149794,2.338707471683819,42.33127496510937,295.6543442673482,52.73160455305776,43.0702456797617,0.07420531585698917,2.338495520501313,46.82858381243601,295.5866297885154,48.14621232316888,-99999.0
K14UM9L,classical,m,0,S,42.67717547806662,0.09898800290413774,2.579720433588429,35.07536808030376,252.0486968621404,98.07724130912047,43.01587939182184,0.09852021813205557,2.576343066236318,39.56333398461022,252.081749993459,93.40332143602384,-99999.0
K14UM9M,resonant,7,4,S,43.66036650333795,0.1329747038924246,4.201098390070967,166.4167149241005,244.9319048610737,351.0798878878852,44.05484105380637,0.1402493579796009,4.194556595657334,165.1860601941582,244.9560710031808,352.1182071655154,-99999.0
K14UM9N,classical,m,0,IH,42.2320847016994,0.06900728476597426,8.254564613165375,83.79258535276954,5.28985923419603,315.2424708113261,42.56814774242005,0.07312418080073103,8.231737773346106,78.73880724185925,5.187583521737025,320.2253013103881,-99999.0
K14UM9O,resonant,3,2,S,39.44755815176993,0.1609824826505836,10.08673280853222,348.6312610287973,3.319960047832808,37.06742497893339,39.79456800803914,0.167152411496736,10.06344249160521,350.1774696454453,3.214977411313316,35.4733412527633,0.0
K14UM9P,classical,m,0,I,45.66649986267944,0.1751004885247541,5.824268293131818,263.4324832527624,232.9255870475069,277.3313298161628,46.01090796938259,0.173099367142241,5.810263940400254,260.9094082142082,232.9621091052973,279.6402849227596,-99999.0
K14UM9R,classical,m,0,S,43.16168213334136,0.02150738740086532,4.097787836518365,139.5879859261424,254.5303718587126,1.709532456486976,43.51390237674783,0.02931240407727418,4.09298023987708,137.3549953125893,254.5641858737778,3.749679890248042,-99999.0
K14UM9T,resonant,3,2,S,39.44599356532614,0.1312288525989153,43.44931325969716,146.8730812031969,208.6536752043887,33.57842196463332,39.72117605008795,0.1365699060861028,43.34130277148333,148.0758741291435,208.6189574613838,32.26687298960712,0.0
K14UM9U,resonant,3,2,S,39.4751405427184,0.2170944437196853,6.861491500979787,182.0769112627097,232.0585687135058,353.3164083234752,39.84503437850085,0.2239501762374242,6.848525692177562,181.3802010955974,232.0588061128269,353.8483877545606,0.0
K14UM9W,resonant,2,1,S,47.72217547901784,0.1702112926096939,14.60766287645087,158.6706098944076,6.998488711011672,242.8622622992489,48.05048522535679,0.1646531303643616,14.55508421599147,156.9483455238009,6.896972857830308,244.5075163200395,-99999.0
K14UM9Y,resonant,2,1,S,47.62805239822987,0.2137329723797733,3.403019164325344,193.7452026816764,343.9983799414326,227.2326820873603,47.94569960395217,0.2068782986961849,3.393034019401835,192.8629037972697,343.8333865401027,228.1124870723132,-99999.0
K14UM9Z,classical,m,0,S,41.6631442500621,0.04858327475090483,11.85660772835938,53.2313335153344,211.9967338900954,124.4952421735024,41.98163185117723,0.04546926848553157,11.81954180936891,61.77459657919037,211.9826368013639,115.8188357343945,-99999.0
K14UN0A,resonant,5,2,S,55.32995585049126,0.231868940192802,12.70517127164962,131.5698315617845,10.45678046792252,274.3306082998837,55.75668321986054,0.2288788993859948,12.65567555040156,129.7297864395171,10.37533103230516,276.0704944201976,-99999.0
K14UN0C,classical,m,0,S,45.11238596011215,0.1191652443156664,2.134845706612737,33.29553367667306,289.4788931303235,61.57518925366569,45.50872172845776,0.1233608038627522,2.134707315004985,36.59110717209491,289.4280054107396,58.17964903821154,-99999.0
K14UN1K,classical,m,0,S,43.77265241281443,0.06556913248895699,7.034078934640124,169.1368056677397,350.6631471639906,243.4473586278516,44.09729491580671,0.06074333834556369,7.016880302177225,163.8508981028824,350.5231653230522,248.6941522834918,-99999.0
K14UN1O,resonant,5,2,S,55.406993063683,0.2368023790603616,23.15651516053572,233.9189353273946,213.67051639846,326.5806636654823,55.93093582533312,0.2412388204567906,23.08959527304513,232.3117446368777,213.6607200063642,328.0185456334181,-99999.0
K14UN3M,classical,m,0,S,46.71316360378096,0.2209080054593909,12.13227194167546,30.70164663714149,8.67975970948486,0.1114993581067346,47.19662061430417,0.2287425592095859,12.10245992855443,30.41286059087288,8.59475138188176,0.3314854734471147,-99999.0
K14UO0U,resonant,1,1,S,30.05833691201809,0.04852100494021067,35.7455405305747,73.07279313038121,81.99610878520406,255.6725076615656,30.23532452329459,0.04549043993934114,35.7152890197968,66.64671088885366,82.0145331262711,261.88731139418,-99999.0
K14UO1D,classical,m,0,S,42.33336524346014,0.05002712253842639,12.49140036275392,68.59234394384521,40.64159863893606,276.3153018521727,42.68697910048711,0.05048789344635634,12.45657221841544,59.2934901305022,40.69632724126712,285.4909900751223,-99999.0
K14UO1E,classical,m,0,S,42.48117428881613,0.1236480605163494,7.513033586276664,78.27108101314032,60.41687045289396,255.25475923948,42.8145433484182,0.1200883439293301,7.498668886712528,74.79227142939038,60.49773002421981,258.5666166072581,-99999.0
K14UO1F,resonant,13,8,I,41.51423208563146,0.1592238535341082,26.75031337784569,18.15567056533638,191.5668073206859,180.5776188510795,41.76852749229453,0.152353147755018,26.6553459028837,18.54971726922581,191.4933357339792,180.1226120121612,-99999.0
K14UP0O,classical,m,0,S,41.87499226930392,0.09874023241032309,28.25788527543824,260.9425935468807,195.9619975793966,313.3706605254013,42.17245456771763,0.10177827503649,28.18196414638812,257.5647797603515,195.8817534060272,316.6484962909246,-99999.0
K14UR6W,resonant,3,2,S,39.34643628603492,0.2882601717954233,13.35903064359831,210.3214797077714,128.0555053228765,38.23573598470372,39.73617755523518,0.2935360834348292,13.35802169585655,211.4311626289,127.9858138544602,37.06409999700765,0.0
K14UR6X,classical,m,0,S,45.18747752145254,0.1154011861379936,9.004396161278548,241.3063569170238,82.51678113743074,50.85748942783835,45.61169691794043,0.1206810437533798,8.997611771688295,244.4596219458524,82.56416360810438,47.57476549809021,-99999.0
K14UR6Y,resonant,5,2,S,55.35886665464188,0.4271603738902512,24.03502278312655,289.3541822983541,65.08304312599651,18.87160075253574,56.13252718260578,0.4344764869836311,23.99748079844034,289.8191069952616,65.10770718572832,18.26329618658995,-99999.0
K14UR6Z,classical,m,0,S,45.88425542554384,0.1638126474801911,8.624126361959867,14.42615435004417,6.9738807155898,1.864217147995732,46.36745052944976,0.1723633669328313,8.599024099458674,14.35467608874264,6.923475331117084,1.909933627964287,-99999.0
K14UR7A,classical,m,0,S,46.85318188813708,0.1687041334020815,6.560175693459279,254.1432340511384,130.8761928651138,356.2590732342085,47.36238265103565,0.1774068129653809,6.555994485705954,253.8179812451422,130.8027904880393,356.6026361698253,-99999.0
K14UR7F,classical,m,0,S,42.64743844437316,0.02919958140160152,37.08789780794429,65.35806074060268,76.5273216139876,221.4470253836778,42.99448204303056,0.02379101425922244,37.06911335261624,52.23277727787822,76.60320035265298,234.5396666113621,-99999.0
K14UR7G,classical,m,0,S,40.11638389403802,0.04176991218515417,20.25523947526292,197.5632600146093,187.3472104702084,10.64598565911818,40.42843303953799,0.04907161701091529,20.20149515145031,197.8863953921603,187.2581434130987,10.26485402238152,-99999.0
K14UR7H,resonant,3,2,S,39.34675441338902,0.287390615435373,7.793952874061842,82.43210801079253,147.2348931391362,151.6997975715465,39.57628120352283,0.2812665871521965,7.783904965793282,83.28845864226474,147.0789042539289,150.8425988546288,0.0
K14UR7J,classical,m,0,S,43.29985570775224,0.08580640020447629,13.60042739198736,119.3703198914212,73.15748722529618,201.7542976540941,43.61636756166452,0.07816627155191934,13.5814917360298,118.2229739416698,73.21802143310187,202.6940637156285,-99999.0
K14UR7L,resonant,2,1,S,47.70080786931483,0.1057494864481434,21.41872482597748,7.47772996983254,192.6443491015473,211.3261731479868,47.99619262143496,0.09895189855020141,21.35090527418843,6.743802048923948,192.5198143829822,211.9384375479426,-99999.0
K14UR7N,classical,m,0,S,42.59238017191225,0.02039448780758919,3.296228759861761,108.3982857656805,126.4147029368403,133.472148521576,42.95457477453967,0.01564380398897467,3.29409073767358,130.6087083225754,126.3511229419657,111.3323750495596,-99999.0
K14UR7P,detached,0,0,I,48.31539710145582,0.3254447909871644,37.01680100278224,227.5799520078116,174.0861582719668,9.285301294502114,48.76051869666369,0.3316447090657399,36.98183865731291,227.6668971627379,173.9555477962195,9.13939277901232,-99999.0
K14UR7R,classical,m,0,S,41.27263707402953,0.1345694980447893,31.5063320363653,194.5733503008964,146.2293279864079,60.88350962586129,41.57041346293343,0.1384958207808205,31.50254704816396,196.9120186958799,146.0999032198986,58.45319096912333,-99999.0
K14UR7S,detached,0,0,I,99.4614113787134,0.4527702730553929,36.3743556724866,351.272086489107,143.3254230833421,321.8784838809215,100.3856464688408,0.4533920927781202,36.36098540975672,350.3131809356795,143.1499848404322,322.6781103048237,-99999.0
K14UR7T,classical,m,0,S,42.62143853320285,0.06517181016896506,5.790376794172096,147.11933483409,59.85301397700173,181.5937933185753,42.94657465045939,0.0572776832136436,5.777760612086772,147.8217010537787,59.92166485719162,180.7010930492146,-99999.0
K14UR7U,classical,m,0,S,45.87136645871897,0.1913458652709031,28.42701140877051,322.9045657943992,101.9824816080071,344.4352257034312,46.3021381494168,0.1979359519655507,28.42266454628216,321.6746029035801,101.9724126092378,345.4921821414366,-99999.0
K14UR7Y,classical,i,0,S,38.74534984849265,0.1032851412944592,38.38980763946852,291.2942236452668,169.4494854113978,327.5459283131035,38.96487825170159,0.1064990418083075,38.35727629362427,289.0018656075804,169.299366271966,329.7612185177688,-99999.0
K14UR8E,resonant,15,7,I,50.01640333055662,0.214327066259782,21.93706136096987,159.4405965005048,190.4184217527313,41.34685847516741,50.4621965554219,0.2200379070276356,21.88518077793881,160.7507499578809,190.2958329237137,39.95298372525208,-99999.0
K14V37T,resonant,3,2,S,39.46281094172399,0.2310811873814863,33.31894901407649,200.1213474305756,197.5254173469104,16.74670530968654,39.73281948030561,0.2364228423444489,33.26525019559367,200.26405836842,197.4120492987361,16.50221814755123,0.0
K14V37W,classical,m,0,S,42.08341538505315,0.1327014329138758,48.7850476762932,255.4781090935643,122.7762105403099,27.58370906344265,42.42362720635744,0.1394098423814007,48.79446388124847,256.4640956307518,122.7120482968274,26.45632476148586,-99999.0
K14V39V,classical,m,0,S,43.93940296926223,0.01368458390208023,1.628715704243656,281.97678377379,136.3233582351396,322.1397501552113,44.32399233717446,0.02072282856929562,1.627609901806162,266.348294986271,136.2435080003881,337.7887240039317,-99999.0
K14V43K,classical,m,0,S,43.78451671390777,0.0650974513808813,10.11136088865582,195.290435026554,93.04361130461781,81.5820413985454,44.16838681906372,0.0664662295904397,10.10831438590643,202.5062225286617,93.07014063546617,74.30469723749663,-99999.0
K14V43L,classical,m,0,S,42.63548828447274,0.07447911172066848,4.764616939098039,256.8787797647796,39.31031620363098,73.61769440399038,43.00974992281319,0.07682054293139952,4.75080978599078,262.8744558688012,39.37058132649993,67.52398580532075,-99999.0
K14V43O,classical,m,0,S,43.91967049180071,0.04703541167291288,40.14360584860971,37.71981613531739,105.1614755242432,271.7348040630817,44.22057169385741,0.04530669857030791,40.14342751469282,29.14895076004378,105.142053665332,280.0801555349802,-99999.0
K14V43P,resonant,28,3,I,133.2858764835891,0.6927490973193636,35.85842590530407,314.4408000641012,59.2539384526912,358.1100153732085,138.0322000493558,0.7032198036174603,35.82475401417651,314.2429801158339,59.33324443286534,358.2283573553605,-99999.0
K14Wo9C,resonant,3,2,S,39.51101164717478,0.2564135837557127,9.268911798539477,107.685251381555,304.2858754886282,38.35949494762005,39.56696109232639,0.2590465001219922,9.278914888615336,107.4046313506413,304.2586579841777,38.35260892624382,1.0
K14Wo9M,resonant,5,3,S,42.25279609788889,0.1189146965145653,24.12130742456419,319.4661514570592,89.03235030428756,6.25482707918166,42.56222858018916,0.12541017805061,24.1061573735326,318.7941494248409,89.04051189584438,6.673742234726594,-99999.0
K14Wo9P,classical,m,0,S,44.96052357199741,0.08922906839276606,8.33998997555436,336.8483917496679,66.74729715903781,55.21163464990688,45.00376091691453,0.09240081470059726,8.328572169769606,336.275960985071,66.66700504745644,55.48895870087188,-99999.0
K14Wo9S,classical,m,0,S,44.31078462708446,0.03712112274888909,2.737474309774275,11.99082701996128,83.91843455236155,341.3478309228228,44.51043402317681,0.04041309875374156,2.734155796852097,5.973329035171333,83.92230186753027,347.0209433259504,-99999.0
K14Wo9W,classical,m,0,S,42.64401748318878,0.1318214430717883,20.38857028492629,172.1440872357775,110.4156006182682,158.4554229633367,42.76832721050299,0.1299595247089994,20.39847869046394,173.8806249000481,110.3920935648217,156.3399468157844,-99999.0
K14Wp0B,resonant,3,2,S,39.49885391928134,0.2323454905045783,12.62381115483776,318.9841511471971,82.42448753722529,30.65725253335963,39.67738900905787,0.236547148979775,12.61258525237994,318.9875235071568,82.40373524423266,30.375762660399,0.0
K14Wp0E,resonant,3,2,S,39.47200452519273,0.314388821256164,27.12626758784569,320.309499709603,99.0716097256376,13.46373168868143,39.69682588402029,0.3187030555335447,27.1216795720269,320.1077628839514,99.05589114046263,13.42022229358305,-1.0
K14Wp0O,resonant,3,2,S,39.36996174583837,0.1831264946674518,6.724328524522119,27.62129821780676,69.6855764550046,350.7436475560629,39.5279348903337,0.1858714280179588,6.715068849889359,26.58951471761752,69.65394127478766,351.5129665447718,0.0
K14Wp0R,resonant,3,2,S,39.35866174644838,0.2658030646790279,11.08745981610289,219.908323183354,212.2505962597206,20.24668592776267,39.43630003126307,0.2681575495133818,11.08273958198628,219.625085142544,212.11610340406,20.37461477955027,-1.0
K14Wp7M,resonant,2,1,S,47.69163102046839,0.06541198475055308,19.48403398080319,154.4819691532356,147.0678003993088,89.28533585932674,48.08018906581871,0.06669619703982463,19.4665020219164,161.4231521949921,146.9296115689207,82.31264878169705,-99999.0
K14Wr6C,resonant,3,2,S,39.33850246228333,0.1962234293478309,22.43611833409181,259.2531884641068,88.48961627721387,49.1056496794039,39.6438033967584,0.2010440372339664,22.42061198880684,260.5453592978688,88.49871368339008,47.58200969574519,-1.0
K14Wr6D,resonant,3,2,S,39.41213701221835,0.2487774940764955,16.60848999523905,329.3575891669131,68.2684144328743,0.02288862670913369,39.81945893074601,0.2562832907121074,16.58694385700065,329.035466657773,68.29622004282315,0.1860902709658531,-1.0
K14Wt5Z,classical,m,0,S,45.79129586066518,0.2049609972273047,31.97554023550411,299.2200107127121,108.8933003502967,352.8830648905357,46.26042881227142,0.2126423276019901,31.97290925044792,298.5119857042579,108.8668255758471,353.4692684737636,-99999.0
K14Wt6A,resonant,3,1,S,62.50648152768179,0.3623922727065503,23.84163101713105,307.0131629398016,87.04024167755854,353.6643821775294,63.46011338561347,0.3716520109649937,23.83120707997541,306.5795180429543,87.07086250505729,353.9961468675702,-99999.0
K14Wt6B,resonant,57,2,I,280.2421854169134,0.8476398121958711,24.15753704150202,235.3380139079693,114.8912100402825,1.832176597649676,302.4676056730251,0.8586903781488398,24.15476017012169,235.6624496092127,114.855165672752,1.618213959306113,-99999.0
K14Wt6C,classical,m,0,S,45.95303530684472,0.08375646936699013,36.37259710965392,296.830089723526,54.74128048861815,4.943036652469463,46.36592341531448,0.09168813295745243,36.32515016700442,297.4408772269426,54.8489867174375,4.284630952634727,-99999.0
K14Wy1X,resonant,3,2,S,39.5979567125132,0.1396190523197147,10.48070762736419,97.85277865489563,122.9618203952652,160.899361154316,39.8744092413861,0.1325545733486494,10.47753493132413,99.15991255469126,122.8858861631437,159.5662097685278,0.0
K14Wy2A,classical,m,0,S,45.89440444876769,0.1143942705305633,30.68755434524928,240.5728918060797,94.35290934072133,21.85012906237352,46.34907778305244,0.122060825876776,30.68179034637737,242.5068055804429,94.37426674539938,19.95195178937925,-99999.0
K14Wy2B,resonant,7,4,S,43.58278080182356,0.1402349584964283,30.35308409175426,216.8815845522472,104.6542187274666,36.4688588516625,44.00964598998699,0.1463649797288088,30.34632912205496,219.2582723747258,104.6446818460727,34.12964226932949,-99999.0
K14Wy2C,classical,i,0,S,38.8132238569188,0.1168614577559912,29.25889767990414,308.3730663573162,89.59312029840775,337.0817147249238,39.17985440201583,0.1241967204089047,29.24951015376191,306.6360011596825,89.62216143985705,338.7865489263025,-99999.0
K14Wy2D,classical,m,0,I,43.11413306245671,0.2249443763453248,39.10838649006171,240.9290526683594,46.88864457260247,46.5175504807851,43.48622932192828,0.2282504441804404,39.04552091190331,242.5246467840673,46.99354731826608,44.8973811841243,-99999.0
K14Wy2E,detached,0,0,I,78.97282361341028,0.48805021415882,48.72222430142673,314.5011321606415,58.54615492743343,0.433387711215951,80.40357805580005,0.4970785321337817,48.66055493975733,314.3715490514837,58.61129893394158,0.4458758549384642,-99999.0
K14Wy2F,detached,0,0,I,108.8485087341963,0.6418017822988964,40.22783697827632,193.0397518908603,126.8096885679406,10.07001666061505,111.549232404928,0.6494991275390066,40.20389590547515,193.6968271002672,126.7467680209152,9.594492842470327,-99999.0
K14Wy2G,classical,m,0,S,41.62599022013244,0.06884071924788271,24.43868507156762,216.7891570164453,84.90507813607317,68.55590847411791,41.98770256804048,0.07197768361921911,24.42567437940903,222.9277150210641,84.94907088419075,62.33255458252282,-99999.0
K14Wy2L,classical,m,0,S,40.84769443373616,0.02027015428550254,22.9885936905713,29.52758119648276,99.96926832570253,260.1044785807613,41.17800715889521,0.01936027393521011,22.9838630964455,6.547396254177449,99.9686124697336,282.975703867713,-99999.0
K14Wy2M,classical,m,0,S,47.06267296267281,0.1401801799032953,35.89713534292382,259.4240478617285,103.4976275932543,6.491119698814351,47.55901379019344,0.1489304909530418,35.88990342831568,259.9030228423221,103.4896630528393,6.019594581250343,-99999.0
K14Wz6L,classical,m,0,S,46.8032094520288,0.1804188002483468,24.8479799870577,312.3257572074552,141.2511577698889,32.31950253417914,46.6858046562822,0.1804010690570187,24.8959570693491,311.1786785174114,141.2396615413107,33.18579117271032,-99999.0
K14X40Y,classical,m,0,S,47.23635470039996,0.1479434018058617,29.06349617158872,37.81459686090845,132.7816363539177,215.5723990036802,47.58646946314317,0.1408226199194273,29.03496714228407,36.3379334695142,132.6726782970898,217.1067513804922,-99999.0
K14X40Z,classical,m,0,S,39.81674400108744,0.05590252334208864,44.55229243989711,271.75420133624,146.842393345411,26.68159904656491,39.96864099871501,0.06016399014302574,44.59502747848224,271.4259390195333,146.728603169172,26.81336208165585,-99999.0
K14X47Z,classical,m,0,S,46.03313195906897,0.232509395052376,33.42974768969435,294.7645614246334,109.3072842413894,356.2306157264283,46.52405693947163,0.2403658605306201,33.42694164785707,294.2772177277803,109.2802702204576,356.5991773076924,-99999.0
K14X48A,classical,m,0,S,46.73892853011905,0.2049954792421617,26.58083041619881,223.785834579083,82.80859008770872,55.57528023771671,47.19326731758332,0.2086797608139597,26.56222885729339,225.8559750770179,82.8550696907835,53.39673049654456,-99999.0
K14X48C,classical,m,0,S,41.28828505497415,0.1303650543424163,28.19439206590805,291.5649169412663,132.8128529790873,331.4736979794635,41.66454533002949,0.1366242853387331,28.1784572227044,289.5295556165851,132.7272065658872,333.4979263098909,-99999.0
K14X54S,classical,m,0,S,47.00269885944621,0.2204131208208865,28.92660538237816,228.2211537066701,95.04395377787789,51.73163196964873,47.45541483771868,0.2249393187724353,28.91625744668777,229.9486694544187,95.05541226836867,49.85164701516715,-99999.0
K14X54T,resonant,3,2,S,39.30962050365419,0.1987536026456701,37.78978516630581,133.3630559142331,62.02007324229722,161.542392206982,39.55321949502915,0.191826886670219,37.74043644946911,133.788508114908,62.13796619693838,161.0371050822058,0.0
K14Y50A,classical,m,0,S,46.42874604265874,0.1702620839695102,23.87716815072173,194.5210732027915,45.35932686257632,315.2522289652593,46.14124787879442,0.1670665599860559,23.92225055430858,196.0701410382062,45.25477246020629,313.7771211188969,-99999.0
K14Y72R,resonant,3,2,S,39.35149840917666,0.1440823830378627,26.78963693877926,125.8569753711603,88.72592644554037,155.6435083032006,39.6299752491562,0.1369761948019688,26.77880504093784,127.0817383897394,88.76613575544053,154.3420076414761,0.0
K14Y72T,classical,m,0,S,44.83645965494558,0.1776901287140893,31.74056622344487,322.0434778783521,95.83293235785275,330.2558362611476,45.29652440756096,0.1842851443857583,31.73265626547957,320.2966159923629,95.84409035338244,331.9400421486625,-99999.0
K14Y72U,classical,m,0,S,46.51867172672969,0.145976687853089,30.1782951564278,181.0277177546125,130.3627371229145,58.08150984188711,46.95052033837418,0.1497043388075126,30.16154258726714,184.0147716766699,130.2746049877651,55.12406090412463,-99999.0
K14Y91W,classical,m,0,S,40.8172378078726,0.1561389255788523,24.00836239093267,301.4222588610929,165.9368586986196,306.2357928406184,41.12911295555597,0.15823116799445,23.96663797774528,299.0344459340445,165.8123648014626,308.5869483880103,-99999.0
K14Y91Z,resonant,2,1,SH,48.0020863744152,0.2730042345919613,30.00468197551483,205.5514653173067,116.3187811943776,36.37597843264994,48.53760748011006,0.2786531345924554,29.99762739421483,206.9627437104842,116.2751287871409,34.98150248183403,-99999.0
K14Y92B,resonant,1,1,S,30.1533872681838,0.1009955484946885,30.8080160677975,46.85850347981938,100.9802304603216,265.7976021842886,30.33985458228896,0.09855534657392742,30.80160499222424,43.47140866337246,100.9701258755516,269.0187947963007,-99999.0
K14Y92D,detached,0,0,S,75.04665933863177,0.3530945270100914,36.25954382083934,224.3657611952146,147.380480312369,15.28065811331942,76.09144253519365,0.3616949785620173,36.23927450082021,224.8896348747544,147.2504441823817,14.73441624142614,-99999.0
K14Y92F,resonant,19,11,I,43.28489910421972,0.1197489752119032,29.65825106441006,352.9660702642106,138.3641886466657,272.8467312733715,43.61760430620949,0.1182801402883864,29.63615785530763,349.4177541210994,138.2505113510817,276.3779108154858,-99999.0
K14Y92G,resonant,2,1,S,47.72106862599329,0.1921893362308766,26.62709267632961,222.9249441622486,101.4555085768316,41.26966549781044,48.2175656581354,0.1980263733148448,26.62201802968067,224.8325582530299,101.4529890195471,39.31341475959967,-99999.0
K14Y92H,classical,i,0,S,38.70571576338182,0.07164150596872157,29.93474289813369,16.0166526763682,79.17381371101963,302.2088049616248,39.00910455174652,0.0743698346102091,29.90853233673898,10.48393732622192,79.21479527083918,307.5678741301388,-99999.0
K14Y92K,classical,m,0,S,39.74126554901029,0.06233321477621803,54.79069838727892,218.0382827880094,206.5512737150206,44.61400119860792,39.73304014809501,0.06341218212372939,54.79042767832931,216.9470904311409,206.377787238453,45.6076003373316,-99999.0
K14YA0D,resonant,3,2,S,39.56089951651605,0.2949170112643058,25.31613448805005,257.7788706579509,185.5043746656167,356.7590352331071,39.79178306609493,0.2988101297924732,25.29841318445586,257.3879730431311,185.3737872792802,357.0443662632505,-1.0
K15AS1J,resonant,19,11,S,43.26963250215029,0.1280554449121507,26.81152695874408,7.419552811014322,255.9662633415239,288.7027489043151,43.01699858523862,0.1269158641079869,26.82399108621934,9.890377293308317,255.8931905308826,286.2573013818439,-99999.0
K15AS1L,classical,m,0,S,46.06951808731746,0.0842966984641404,3.487219503155317,130.4184456159804,65.29263719177916,313.8538985395464,45.8793733853105,0.08019651894958575,3.485876308001539,131.4377579468758,65.1721553804279,312.6835943422754,-99999.0
K15AT3Q,classical,m,0,S,43.85384056529946,0.2062394822221547,33.00808926863181,112.5476744469419,200.141289641552,115.5368699400161,43.98599780085033,0.2067241338529341,32.96264554952769,113.7536309101976,199.9354529015231,114.1562059312122,-99999.0
K15AU4N,detached,0,0,I,131.2813620185235,0.7006322021563425,32.01399830941607,210.2973769051583,143.1183977440856,5.004707514729678,135.7858670660912,0.7102752080209322,31.98984721979516,210.6981079900482,143.0255022381909,4.707104926854255,-99999.0
K15AU9B,resonant,3,2,IH,39.70453051214761,0.2322731020377584,24.1917376971371,29.38912938152885,56.62421482074659,358.4936330813633,39.87199506887904,0.2353937822031387,24.15615836316401,28.75784655519531,56.56573637259394,358.9071461880594,2.0
K15Bp8P,resonant,7,4,S,43.63326948640884,0.18034455643825,10.15271692875625,0.4773853144342958,104.8654432482293,74.22663586580913,43.37251471753446,0.1799955453298894,10.15434357654638,358.6813108249527,104.8756818141521,76.03431353591424,-99999.0
K15Bp8Q,classical,m,0,S,41.50102591546681,0.05298197434879215,16.02307998067847,130.6539698176001,271.0179136009805,122.3645273996944,41.29154586474024,0.05704720126598203,16.02484461660085,127.2356747644547,270.9853238337813,125.6657021953839,-99999.0
K15Bp8S,classical,m,0,S,41.85855615653981,0.1075912249703255,28.5518935937846,204.3756611648301,17.38168069481346,328.0573660358002,41.63515027675743,0.1037388189153676,28.63421156048115,205.8390527744594,17.33893600736527,326.6060023950347,-99999.0
K15Bp8Y,resonant,2,1,SH,47.4871467620175,0.2140222491639017,26.16257636013237,334.9001244694679,194.1823064772163,347.7311280229965,47.25924074628405,0.2101193909637942,26.21588509877864,334.8072665368529,194.0691043219517,347.7424689809958,-99999.0
K15Bp9A,resonant,3,2,S,39.44325680315935,0.2167833172133334,2.814036809031963,44.12166497154114,152.7840580608122,16.7219963836162,39.22364035861693,0.2124276893654787,2.815861883872433,43.93369085240148,152.8874785701995,16.95119626447026,0.0
K15DO9A,resonant,5,3,S,42.22603658156943,0.2932118085644829,19.83688135940953,244.3247665632746,214.8164790388581,37.57456090964105,42.02634445917766,0.2921840091419914,19.87186527355129,243.5891821295618,214.7056604934082,38.24163453238069,-99999.0
K15DO9B,classical,m,0,S,45.21205012491597,0.1804548882034988,23.44824739695864,304.2625815095881,200.6555492991472,11.08634831483515,44.97684487459178,0.1767583905977782,23.50009344461437,303.5491537445179,200.5547096723225,11.73630602181584,-99999.0
K15DO9C,resonant,13,8,I,41.56284956328003,0.08898650772504828,20.61678977614273,234.6027396154247,204.3422441991715,71.06833446461272,41.3839189403233,0.0897339078367485,20.66414677814319,231.8684341999335,204.2187438759748,73.73111744834759,-99999.0
K15DP0Z,classical,m,0,S,42.66675918197436,0.1404765833119864,21.96639745378654,127.9659375313868,260.0182452145355,157.2708050083563,42.44695333645178,0.1458398248053257,21.98033882597213,127.297439958255,259.9505387774267,158.0013513803958,-99999.0
K15DV9M,scattering,0,0,I,282.7645711754592,0.8603610946393873,6.837790110591998,43.36580451697115,165.9143692794393,1.688252222748499,274.3942483419158,0.8560056267457958,6.839601817410181,43.31020197634695,166.0494057588383,1.766064968881636,-99999.0
K15Fd2W,classical,m,0,S,44.63618741587747,0.08480946285867495,3.091911959506445,102.3218310309965,36.18056374755808,25.83646879402079,44.38063040543125,0.08095532085380959,3.098584314863988,99.8831309971563,36.04971174312875,28.26270740058065,-99999.0
K15Fe3V,classical,m,0,I,47.43562584157826,0.1937432673860537,11.9235571321891,10.00361405085889,346.5244026712742,164.856105921925,47.22298322135757,0.1991934514972466,11.97167384310942,10.10260679585547,346.5190490444007,164.5618427550828,-99999.0
K15FY5R,resonant,3,2,S,39.36722532116244,0.1356051459008944,13.58158865576953,13.31839314525268,98.34377034883211,82.33376407057223,39.15347249539761,0.1351714377591327,13.58513009497916,11.15139486922111,98.33736869012037,84.5959802634169,0.0
K15FY5S,classical,m,0,S,46.55370021037015,0.1244105613869715,3.489342573409659,81.6467152674526,98.3522296179802,355.1605020946938,46.25240964162523,0.1188423499292307,3.489526231542394,81.4740597500102,98.33338058023422,355.2506133756506,-99999.0
K15G50Q,classical,m,0,S,46.21572529054288,0.1669019781225428,11.54704754223421,25.19979236326868,19.88066360163141,162.3523059827812,45.99331428187915,0.1718375884135933,11.59410933505552,24.3323055486238,19.93386561082979,163.3216761937054,-99999.0
K15G54F,resonant,3,2,S,39.32439132469952,0.2759642085160706,10.70895318443492,250.0522915037911,201.0444561514041,91.29535545081742,39.12503122604736,0.2771240213090261,10.74600490808771,248.9981378703552,201.089654474591,92.3920977307405,-1.0
K15G54G,resonant,3,2,S,39.50416732621929,0.2626652441109429,0.8903045035983573,72.14520344117071,64.88378009862723,52.48902655750809,39.27325193219634,0.2602953421486022,0.892193611318048,71.30782344589099,64.8120580734137,53.49848616929202,0.0
K15G54H,resonant,3,2,S,39.37411673197465,0.2593450648429082,18.04636038927944,196.1336618414415,24.27166936057744,1.987486668789239,39.17360679804915,0.2556810568012173,18.0871032269523,196.3705891243494,24.3240906010391,1.847315326065663,0.0
K15G54J,resonant,3,2,S,39.20507350968795,0.2001704180748492,19.14263856192711,33.13723006211455,25.14676105982813,142.8783937970008,39.03692142742342,0.2038002260204394,19.2138927494399,32.22058683322892,25.17875170148093,143.8967305000836,0.0
K15G54K,resonant,3,2,S,39.50304750492236,0.3134200782466375,30.52925152947377,57.82377161803635,204.7695706948708,340.0859106880946,39.35736772527699,0.3118799759027424,30.59365073934327,58.30515152454583,204.8214962142831,339.7237296105696,1.0
K15G54L,resonant,3,2,S,39.50962376469683,0.2379505392279747,1.247146606583301,160.8160090364597,118.4531348735704,320.6756731431554,39.32531238172194,0.2367963045816563,1.247004150480659,161.8364227516387,118.4744354679949,319.8145894026551,1.0
K15G54M,resonant,3,2,S,39.54071840557558,0.2342867627587978,9.138636607071371,260.4759219852434,206.2441320286304,82.77965735292273,39.33411149774552,0.2342897894195815,9.167870660447452,259.2341471986267,206.2832762454433,84.09366694444343,-1.0
K15G54N,resonant,3,2,S,39.55317742232818,0.168063596453941,1.226409581130089,119.2265187062039,178.2408077523077,298.7810486073195,39.37654958745544,0.1683726203280224,1.228566730986885,120.7078819111442,178.3423045454652,297.3864002242831,0.0
K15G54O,resonant,3,2,I,39.22250179072152,0.2732917339966809,10.20677222976578,275.0032683124209,32.25573321818572,301.7227429226116,39.06893008179205,0.2741453870482739,10.2364567192271,275.877363910664,32.27825806987627,301.0298677090828,0.0
K15G54P,resonant,3,2,S,39.38340284921182,0.2946051110494285,10.90912013895995,97.52972174545776,33.28199003063768,56.32364592701779,39.16184460521053,0.2927470597865847,10.94093896248656,96.68366112053035,33.30838638881528,57.25064715327687,0.0
K15G54Q,resonant,3,2,S,39.37218571872422,0.1775735926896798,10.72277493962695,227.5972545575436,191.6796567248182,139.1997084065976,39.18780437472852,0.1813744512391653,10.76057394932794,226.4328326490132,191.7492439755364,140.4063044038756,0.0
K15G54R,resonant,3,2,S,39.27786759808042,0.2245566343668495,9.985952959572854,212.7669933197409,36.50772474470693,340.2415793514976,39.07567295096538,0.2215823713016777,10.01024256862864,213.5806745011974,36.51798258253377,339.5728367077658,-1.0
K15G54S,resonant,3,2,S,39.60409254582132,0.2376708509198321,3.575686064471144,42.25661617194619,138.5702724354676,23.55519232600673,39.3660854570559,0.2333523554431772,3.576883680638288,41.81739689061309,138.6535908713434,24.02735815631013,0.0
K15G54T,resonant,3,2,S,39.23957802809883,0.184143850709083,6.312193738969245,224.7661841922118,43.43880432681764,323.8649705226399,39.04818098036113,0.182260310794331,6.32792374325834,226.0733430008769,43.42943711134313,322.7341514545831,0.0
K15G54U,resonant,3,2,S,39.39443947683736,0.0991254758105857,5.581711522969796,25.86019526977415,46.74989678042677,134.0182714880359,39.2036928421584,0.1021910782816432,5.598105480990283,23.61264865995137,46.71796014166085,136.4375808811437,0.0
K15G54V,resonant,3,2,S,39.54853196817868,0.2348986890793128,3.100949289828836,175.1157289399007,114.842431244178,311.7099463793435,39.37072634888034,0.2345280696228915,3.100947586890298,176.1848846275391,114.8755184698354,310.7944789612207,-1.0
K15G54W,resonant,3,2,S,39.37835495985041,0.1850316502926376,3.393709142628879,147.4763774203703,104.0106271841545,339.5184946479274,39.18579804984582,0.1821298608653028,3.394170267735285,148.5003326626864,104.0154628124852,338.6642325913642,0.0
K15G54X,resonant,3,2,S,39.35283456536278,0.1600562450043852,13.51187154124865,174.9652689836562,36.18597584948417,7.317523851705069,39.15208711681485,0.1557900320635756,13.54588029204609,175.2287918227353,36.20629807710661,7.188414393670025,0.0
K15G54Y,resonant,3,2,S,39.30192526510759,0.1185787889106579,3.572168187475405,109.0790286338739,70.32464037211858,32.33264270458862,39.09487740750995,0.1142353404571637,3.577608498033269,108.2777082056203,70.28286925260323,33.32419228422902,0.0
K15G55C,resonant,7,4,S,43.67303135240091,0.0818063969714162,2.019967103179258,331.0338084604384,199.0660487070348,38.68452495879797,43.42648064072173,0.07730382074385811,2.025447026231388,329.0902030073209,199.1231855430967,40.70981149352342,-99999.0
K15G55D,resonant,7,4,I,43.56099153580016,0.1118645456062833,5.619410377996903,357.2834247083635,197.9325144591882,17.47865434394559,43.31469184301569,0.1068569301664384,5.634902810199672,356.9879108220277,197.9945304182357,17.85933743797725,-99999.0
K15G55E,resonant,7,4,I,43.62852430728206,0.05822987632367797,1.774050830593103,151.0159830062011,57.84996542150603,6.620786861457713,43.3917647715446,0.05314636036287924,1.778343680456362,151.862769394332,57.79621418126793,5.984101505637806,-99999.0
K15G55F,resonant,7,4,S,43.60692810415924,0.2473583431263706,5.318771622346949,323.6477782151283,201.9770068493687,34.39007347720605,43.33655371372573,0.2433516180411285,5.332478583263281,322.9712510963171,202.036545061827,35.13307418898957,-99999.0
K15G55G,resonant,7,4,S,43.52109290170105,0.1620568506753134,2.954857826571745,50.86681697738852,129.6924568527768,24.53719938022218,43.25458458594847,0.1572090094008974,2.955432412237907,50.21934485420434,129.7629094353997,25.23251852700289,-99999.0
K15G55H,classical,m,0,S,43.76859617466178,0.1188664842845279,4.554324202313938,132.2437631929109,55.18592100022098,21.31296018747868,43.51127397136558,0.1138233019174909,4.5645298687649,131.7588002385873,55.14448062769586,21.96960705706562,-99999.0
K15G55J,resonant,7,4,S,43.79305797773561,0.1705040093113034,3.912135344725516,129.8484705702811,48.62519365191758,28.27305568094237,43.53107954372884,0.1658540348721959,3.921955004084272,129.2568215895257,48.60361104922217,29.0210135129002,-99999.0
K15G55L,resonant,7,4,S,43.66408849114087,0.05278627756160302,11.29357833126052,171.5967033585518,39.09565386884036,4.401353518490067,43.43200312467662,0.04781862844922391,11.32652462972151,172.7175590683216,39.09134723842637,3.438755113359323,-99999.0
K15G55O,resonant,5,3,S,42.39449871815641,0.1214227262559125,8.388078828113834,221.4130114356069,43.77057046432848,317.8558009825718,42.1697887125402,0.1192992711493727,8.410373318746386,223.6088804196613,43.74717619903525,315.8335898721008,-99999.0
K15G55P,resonant,4,3,S,36.38840171934994,0.1193533362698053,10.37605291583856,162.261196624285,199.5755419246004,222.748024038988,36.23990713990721,0.1236715113756751,10.40888426466278,162.9567757069372,199.6356863743858,222.1667967547368,-99999.0
K15G55Q,classical,m,0,S,42.82666955357595,0.09670031824334689,20.69314219287629,104.6689409698281,199.9107783442973,280.997522738201,42.63161297450893,0.09787000653949444,20.75772181855464,107.3210340519427,199.9627916829214,278.4620499731289,-99999.0
K15G55S,classical,m,0,S,44.1448541946202,0.1947781331696383,24.83215822418559,48.53291288321878,197.9101861810124,340.657340467966,43.92779505522485,0.1917712499572138,24.89616028413828,49.38722966263825,197.9693220412281,339.9032054380214,-99999.0
K15G55T,scattering,0,0,I,45.96865270957476,0.2493710420167605,11.74471547990134,197.9835485473932,32.16394227000912,354.171261105444,45.7001406298556,0.2453216165030345,11.77461444890905,198.4748229286123,32.19024055261026,353.8143054925743,-99999.0
K15G56B,detached,0,0,I,91.06075290785896,0.5437783758137278,29.45686084824705,189.4589202016227,27.00390305371765,359.493181790716,90.10546503643474,0.5390441958934956,29.52957980299151,189.6159302993246,27.02777718583893,359.4411339441014,-99999.0
K15G56E,classical,m,0,S,43.09320244120822,0.05315211055332294,0.03567903028616375,179.8266812679064,66.2122816482605,329.6528422148297,42.85827496223562,0.0496434599640216,0.03616887689354054,185.2367071624507,65.14916706022156,325.4477530762832,-99999.0
K15G56F,classical,m,0,S,42.6817251027755,0.01052860950623711,1.655099710124612,204.9379411623987,28.75908487732388,338.8877236886867,42.45353359764113,0.006831920130405139,1.661130658739207,230.5596590300117,28.76684897203448,313.3965167123624,-99999.0
K15G56G,classical,m,0,S,43.51726318691261,0.08651896164699517,3.528579798071839,108.7942719684216,28.4631489832427,65.70784368264437,43.27071876982945,0.08403297655154476,3.540534545580844,105.61159477015,28.47708763202159,68.99677564537859,-99999.0
K15G56H,classical,m,0,S,46.1769986797443,0.233700046960936,37.47188892396338,250.5505989792617,201.5593883406517,93.08117316746582,45.9754955951945,0.2344850898738775,37.60263818566541,249.4900396180155,201.5975031225012,94.1995694531549,-99999.0
K15G56J,classical,m,0,S,43.80961075292507,0.06800658356820166,3.631055890036055,245.273784812854,41.61086615009198,291.7951128753229,43.57569569116033,0.06787591621430489,3.642154400621058,249.7925739175634,41.58202870134907,287.4517580086595,-99999.0
K15G56K,classical,m,0,S,44.5337472547273,0.1073435358790643,2.071765097202028,148.3804045387873,181.2168524455817,251.6154268398119,44.30731695253842,0.1108264289669547,2.077495645613777,150.4908384775797,181.3119417698182,249.5646260920572,-99999.0
K15G56L,classical,m,0,S,40.06084774948245,0.08373730614455568,17.77797713210901,243.6369260973485,25.76090121174781,311.671955320644,39.86879529992535,0.08216645879381047,17.83097838471004,246.6389633870572,25.78849387462067,308.7894442944595,-99999.0
K15G56M,classical,m,0,S,43.81089657679116,0.04897851031847093,2.005009747229651,82.04749567128782,153.0650852847053,339.672357396533,43.56931951807376,0.04475271301039423,2.0072481036203,85.82602411072465,153.1785477635349,335.9228898585997,-99999.0
K15G56N,classical,m,0,S,42.65344851758678,0.04618719554985661,2.830209367938958,160.6182601852196,55.07785577716055,357.6857016842928,42.42076934464471,0.04121360154711651,2.837013276130052,162.6414107204977,55.02686706916944,355.8531367680876,-99999.0
K15G56O,classical,m,0,S,46.60980477168921,0.06171012004042151,10.95991147872265,132.5171068488054,25.50082104360446,48.97016991069091,46.34353774744463,0.0576991773436813,10.99646859127886,129.0133927780356,25.52780431551379,52.57956169228117,-99999.0
K15G56P,classical,m,0,S,41.73165067432033,0.1710773995333707,30.18776494218387,301.5905197768682,202.441620699118,54.0753744786732,41.52900230645086,0.1685292539858046,30.27347143549945,300.4233579780818,202.4877215251386,55.31238500241331,-99999.0
K15G56Q,classical,m,0,S,42.985727982683,0.104604603435331,18.13477137628924,334.1057855208573,24.69625731122146,219.286320167862,42.78934956212402,0.109313151608123,18.19953290110626,335.0370964960816,24.72335641233035,218.4822790697802,-99999.0
K15G56R,classical,m,0,S,44.14267092707787,0.03374716236796511,1.262751720282635,37.76804287641405,38.94119642722287,133.1733757853461,43.90687508444086,0.03693722680139851,1.267413525580086,30.70287940354477,38.91241868353126,140.4092501407757,-99999.0
K15G56S,classical,m,0,S,43.23322131288177,0.018641823499404,0.5954171984126182,242.479203021641,96.5653373842587,235.0896292709621,43.00607693291501,0.02292931266405961,0.5956625614081119,251.3079247799414,96.482237418187,226.4897981919671,-99999.0
K15G56T,classical,m,0,S,45.70768165846633,0.06239925014358327,11.30807741721422,167.4316102508023,26.6372776750004,16.91986797592295,45.4500038577641,0.05714852341968652,11.34438665017718,166.939300208657,26.66215061971284,17.52621565714493,-99999.0
K15G56U,classical,m,0,S,43.43744776765668,0.04637889574826041,2.557715856700689,188.1596810377408,49.56458417203935,338.2446143230637,43.2025560844686,0.04234576287918711,2.564724718570232,192.4855763346736,49.5232586857371,334.1092742188782,-99999.0
K15G56V,classical,m,0,S,45.91984119792037,0.1111990292349406,1.452981074068874,166.4093583618159,88.90664450261175,326.4634194802819,45.66179417560653,0.1081674737909652,1.453935200407011,168.7321435635266,88.85430050180871,324.3517073008446,-99999.0
K15G56W,classical,m,0,S,45.32171701244502,0.1056611951474447,1.639711430491094,308.6447442392911,155.3710024373707,96.47902273658278,45.0676641923727,0.1061331827007957,1.641853595107404,305.5411700667382,155.493006771711,99.58456839354754,-99999.0
K15G56X,classical,m,0,S,44.3217609839318,0.07761847667728249,2.058208950173463,119.5534163779942,23.47935865017718,62.91556358446631,44.07206426122543,0.07474401333981533,2.065598747636962,116.1416645076512,23.51457049332997,66.42689533336711,-99999.0
K15G56Y,classical,m,0,S,43.3476022949837,0.04797656844901971,0.7702949669001166,321.9837596860528,35.71540945916002,219.362119763608,43.12905594392961,0.05289042084998454,0.7735468264972333,324.2531995759727,35.69328613636326,217.2753831564964,-99999.0
K15G56Z,classical,m,0,S,44.12444647979479,0.06720494447753075,0.7463218825148015,19.66182620540349,71.30191836695992,116.1410226199151,43.88921039858414,0.06905712442748027,0.7478825435595239,15.50533479459609,71.19757093518812,120.5447403099465,-99999.0
K15G57A,classical,m,0,S,43.89638080992213,0.07801234186882992,1.938119288677345,184.6016892309928,56.1531489830908,337.5517786679902,43.6557197061653,0.0741097921254453,1.942833115049234,187.2255427313545,56.09959924785033,335.1348853242668,-99999.0
K15G57B,classical,m,0,S,44.15757699589083,0.0709934733791291,1.253130867139595,174.6047020179607,148.8231942067808,257.4232653422279,43.93292082774457,0.07396543824428198,1.254126138012319,177.9994982637275,148.9311788656204,254.0846289230775,-99999.0
K15G57C,classical,m,0,S,44.20560890087919,0.07668472565729549,1.480575521950561,39.95206646943248,174.6061147109461,0.7075175659457478,43.958670800245,0.07166325098795752,1.483361461177492,40.85697831196928,174.7118145202591,359.8477143264869,-99999.0
K15G57D,classical,m,0,S,46.31783569276967,0.0825811505902926,2.799317036338388,125.4144252027723,47.60224826421798,35.3721513476465,46.04604966543054,0.07775932238264056,2.807290300894748,123.6981546931253,47.56669691163489,37.26314791755906,-99999.0
K15G57E,classical,m,0,S,42.95076356582961,0.0162653798059638,2.625718319902102,225.2402602381054,22.70252865070424,328.784819975392,42.72847535002089,0.01330246481789165,2.634882994239106,241.6755790882729,22.746615937816,312.4663087061008,-99999.0
K15G57F,classical,m,0,S,46.67676228144589,0.1613985978149097,0.8104145555852433,262.6294969112561,13.63214313263117,314.8846051335925,46.42868916817552,0.1599623967339135,0.813626834237328,264.3329068798346,13.70604295800107,313.2916275916683,-99999.0
K15G57G,classical,m,0,S,44.04071059113019,0.06246480738888736,1.185753039472599,195.6595891274105,170.9071681176724,210.1933992052632,43.81917487735013,0.06768468435667842,1.188048571329126,196.6521413564588,171.0225969418652,209.2474299316908,-99999.0
K15G57H,classical,m,0,S,42.8422156487043,0.02022478366046163,1.354730134289278,232.0631161140543,137.4302842871062,206.0729513738623,42.62344669898118,0.0253752436387639,1.355118523237446,234.244904815413,137.5174302879355,203.9619470287288,-99999.0
K15G57J,classical,m,0,S,43.32442574845747,0.03119304897214704,1.327732484021074,33.0833937354808,82.06824261762478,96.23631517437386,43.09552640240572,0.03114924218745542,1.329211449309672,23.47679011810279,81.99896161521369,106.0630825919988,-99999.0
K15G57K,classical,m,0,S,44.02988074710559,0.09471027752607876,2.380158396506627,152.3371761682882,54.89449574438812,7.849487718254183,43.78304317781718,0.0896436953438775,2.385931882591383,152.7585759632979,54.85213058242972,7.623499311154125,-99999.0
K15G57L,classical,m,0,S,43.11080761893249,0.01507175317245917,1.246662312500518,112.7104780479997,59.66964516914606,42.07630656044363,42.88483069036954,0.01077350676965087,1.249820688205413,99.67322978585396,59.60185386897519,55.33839344424823,-99999.0
K15G57M,classical,m,0,S,44.03660367519122,0.06881701541162716,3.222537311995163,231.911345094125,49.87947500005272,300.696934940598,43.8090729057605,0.06811066803297132,3.231381428736388,236.2456700323931,49.84295790866435,296.56920000217,-99999.0
K15G57N,classical,m,0,S,44.93398507768757,0.04529956397074452,1.174567189027061,110.8975707667717,84.60607980021213,18.54641236944257,44.68675176520263,0.04004305853510764,1.175717840155241,110.3279403614594,84.53911370693747,19.33931223467084,-99999.0
K15G57O,classical,m,0,S,43.1864346069065,0.03735279100471142,1.095042866112713,224.9035301232316,145.9075944431066,206.2430147332711,42.97014325626304,0.04251677229827244,1.095622608869401,226.045037714029,146.0086811548228,205.1667352593083,-99999.0
K15G57P,classical,m,0,S,45.27396473898449,0.1702308727682876,4.455972178320076,216.0590980330342,32.57073585397544,338.8784835759884,45.02686799516001,0.1668554151262514,4.468942347435713,217.2541151446418,32.59158418628036,337.8386971545321,-99999.0
K15G57Q,classical,m,0,I,44.99545242415452,0.108586803661709,0.9209148881887422,140.4465051640133,118.0063347967485,326.5235454959501,44.75585247491891,0.1058291546991566,0.9207698558843794,142.7318900739365,118.0174712342658,324.4030112127696,-99999.0
K15G57R,classical,m,0,S,43.95287137107136,0.05609594976893322,1.686248913827404,44.87488094774657,52.92672119545605,112.4679558227826,43.72285181465089,0.05742864211095468,1.691199631226275,39.76107709409963,52.8754621958022,117.7905605438557,-99999.0
K15G57S,classical,m,0,S,43.98557639985552,0.04352233672446661,1.829569460334878,279.5628891539886,90.03033533877763,202.0190209346169,43.7529416274449,0.04893784075908677,1.830626263328639,280.6748457950013,89.97850176656712,201.093107362737,-99999.0
K15G57T,classical,m,0,S,43.91849169093488,0.06728852002915225,2.285836506762797,68.7921291952165,92.0540942624704,45.33393754965049,43.66695598670916,0.06312660276283266,2.286919358548127,65.86581961405014,92.01705451865558,48.42089182052126,-99999.0
K15G57U,classical,m,0,S,44.12533194105335,0.07943277094009005,2.37979653179254,121.7057472847531,71.14115889668969,16.96376594526463,43.87002333537668,0.07417457289994184,2.383395133875714,121.3220178349967,71.07845824619848,17.54046121994079,-99999.0
K15G57V,classical,m,0,S,42.96307568091741,0.04801457860330996,2.294867916596763,65.21677902636223,73.98056409653799,67.64263225208067,42.72606778949412,0.04553461355968189,2.298092498664835,59.51957944689979,73.91422848395071,73.53301148802734,-99999.0
K15G57W,classical,m,0,S,44.92342658576469,0.04979194818432455,3.832997244885992,148.2142852927088,147.8633166580341,280.0514641038766,44.67915533766026,0.05065984409240944,3.837340073667693,154.2507996980311,147.9828664606234,274.0372812404447,-99999.0
K15G57X,classical,m,0,S,45.62928859448725,0.1806195271433108,14.36500673399122,317.0263422772981,188.0456238876673,49.72286305079663,45.35329760906943,0.1774286713246992,14.40611433750649,315.6356765116449,188.1249195708111,51.13470890007724,-99999.0
K15G57Y,classical,m,0,S,43.88550586518112,0.07184286801161271,2.311219138483532,347.4604213811642,101.9214315615479,114.4118780272321,43.64706448897526,0.07375517490871551,2.311576461162979,343.4390192060931,101.9097630978556,118.5686051595241,-99999.0
K15G57Z,classical,m,0,S,44.23804827261826,0.06464629633565075,3.699488777604038,218.6875767140774,60.79685874254859,299.4762295632817,44.00071872021839,0.06382417065804566,3.707294810875617,223.4358949215194,60.73785536013067,294.9384148900472,-99999.0
K15G58A,classical,m,0,S,41.85140171633736,0.1471562727300074,17.41595685605667,217.3519489218338,28.30882424147849,337.8276751550846,41.63853780514787,0.1439278290972,17.464204163674,218.6100486498479,28.33528350934608,336.6967796286291,-99999.0
K15G58B,classical,m,0,S,43.98394959811896,0.1097666531251179,4.429294730093817,174.8788419113806,49.71411909155945,352.2902720623682,43.73461782699902,0.1051147370137054,4.440330067597865,176.0466741095236,49.68234610041624,351.3017000261286,-99999.0
K15G58C,classical,m,0,S,44.11400000330532,0.02526894450773998,2.929460810792177,349.1252995831478,93.87308595564865,125.9653680045665,43.87452263447002,0.02807035808341902,2.930633376882731,339.1008456764159,93.84229908945522,136.1537270397496,-99999.0
K15G58D,classical,m,0,S,43.58006025747785,0.08079594257867703,3.258830771309857,178.9034096309052,86.71385931560417,314.1761077403416,43.34467269279663,0.07870206278376644,3.261047074178564,182.3920190817228,86.6725015942479,310.8793428938737,-99999.0
K15G58E,classical,m,0,S,42.78688748043542,0.03037834838551403,3.545311902666586,218.8391000302983,79.01479716800232,277.6590168570486,42.56187075566677,0.03152463180180957,3.549132972842525,228.4402964259187,78.95917709872711,268.2579026145416,-99999.0
K15G58F,classical,m,0,S,43.95097622470817,0.08226222402356259,3.127431972514322,143.7596183991919,83.63621940579283,348.5337498527169,43.70419474944541,0.07765846303116418,3.130027525737753,145.553836020714,83.59098771388462,346.9299905956094,-99999.0
K15G58G,classical,m,0,S,44.16329244541546,0.0657109678173353,1.975321679410266,291.3576558963014,85.85128799641923,196.3688286602301,43.93722118158122,0.07115776432931287,1.976953612963417,291.6159351008479,85.79143967333525,196.3194983942486,-99999.0
K15G58H,classical,m,0,S,43.49901179627002,0.02906432532759858,2.188580315103249,126.3367917096804,82.98325072343741,4.215103263996514,43.26329436531535,0.02388855939395115,2.190613746887366,128.4352362222442,82.92854138023431,2.317557136701912,-99999.0
K15G58J,classical,m,0,S,45.31288626607552,0.1190456237158086,3.562927289372044,218.2860533626305,58.71480709244143,308.4263830159065,45.07019422722199,0.1177935894476121,3.570801757595968,220.8104146420004,58.66198667441268,306.1218641553784,-99999.0
K15G58K,classical,m,0,S,44.08638761385984,0.09224442432198855,5.57597912683512,270.7707644411831,185.6789606974047,107.0277913504247,43.84929992145192,0.09348782562255706,5.592918172704584,267.4396708752257,185.7733105587955,110.3977734811363,-99999.0
K15G58L,classical,m,0,S,44.36644536223872,0.05906982337795479,1.976974468566525,105.5201761359507,134.5060201764689,337.4204181480748,44.12415130482954,0.05510925131776576,1.97750505593345,108.8869501523647,134.5901098530547,334.1249105369022,-99999.0
K15G58M,classical,m,0,S,43.77272794277105,0.05461998960109621,2.829808314193349,195.93585925446,92.41527482569438,290.6881933892238,43.54218865043444,0.05464029910939698,2.831120484879913,201.5129290819189,92.38269975311293,285.2991250264521,-99999.0
K15G58N,classical,m,0,S,46.06321803772791,0.1049908047389228,3.060985232585052,262.3904203871813,122.496185954144,187.1572865162063,45.82784928673967,0.1106044302206818,3.061331036395828,262.0432094492152,122.5651554085442,187.5853531510557,-99999.0
K15G58O,classical,m,0,S,44.26997601042929,0.04460064068330792,4.263773437182206,342.3751521293195,160.3023140191125,66.22396511910819,44.02587377006887,0.0418920057409687,4.270914950775736,336.1390335246978,160.4299677396059,72.47209432284967,-99999.0
K15G58P,classical,m,0,S,44.03516587413427,0.07222074136963799,2.613686397451826,327.1452340779676,61.0733843666327,185.2114498683098,43.81289348809455,0.07758099201909094,2.619904430720309,326.639239683494,61.00423237948741,185.941534073992,-99999.0
K15G58Q,classical,m,0,S,45.64272295824839,0.1271698246198843,2.081988261058852,245.9284579095274,108.6706344310327,226.7971532805247,45.41972404211686,0.1321134352630945,2.082023682520089,246.9984509046928,108.6805070882703,225.8888113124132,-99999.0
K15G58R,classical,m,0,S,44.00512252241388,0.08111442492032186,2.339950835982698,129.0823689971557,88.47256372883518,358.5977666762909,43.76083396660813,0.07620412714375897,2.341480069567885,130.2473051172072,88.43247182328508,357.6264276294791,-99999.0
K15G58S,classical,m,0,S,43.26368314515117,0.06458852439431581,1.508724478127311,221.2322281067236,96.62136364488947,263.7840806855482,43.04688110706179,0.06705869345988086,1.509260103418236,225.272486604931,96.58526727041523,259.9480414987811,-99999.0
K15G58T,classical,m,0,S,43.87694155596673,0.0688253321394472,2.1877916435322,141.0666842266107,120.371397653587,319.2829552193969,43.64426917658282,0.06638873392217166,2.187767900555984,144.8922449930698,120.4176503261811,315.5743384731646,-99999.0
K15G58U,classical,m,0,S,44.2645565745927,0.07910487351433525,2.751125895179892,264.0239571416231,83.17840774941742,232.9083060757885,44.04432905141936,0.08360066398352059,2.753750460476493,266.1393275076696,83.1221360697051,231.0171658036661,-99999.0
K15G58V,classical,m,0,S,42.96022888483915,0.01804864909809991,2.11667926062613,249.5168738231095,82.0007833164523,245.1748006337271,42.74027127875635,0.02181019465490211,2.118861088901808,260.0044754722639,81.94319022432742,234.9048680015329,-99999.0
K15G58W,classical,m,0,S,45.38747613562867,0.1271317754771083,12.2563262979838,262.3508442596919,36.06467605053017,289.2033131832562,45.16026269115483,0.1278086526718668,12.29480195678321,264.6593719151145,36.06100581027037,287.072241473629,-99999.0
K15G58X,classical,m,0,I,43.7237502083658,0.07283349681182946,3.910873399250756,173.6680810459217,77.13898096473085,328.9022231392627,43.48905373863578,0.06960382472081923,3.915458516972497,176.955881727444,77.08879795311822,325.8236351286757,-99999.0
K15G58Y,classical,m,0,I,44.52741118678126,0.0649634193894759,2.914187293711416,7.443324206947511,141.5650465743644,59.35339020889816,44.27912283677473,0.06170386314727895,2.915944351992805,3.537412328885093,141.673071442261,63.29449583431101,-99999.0
K15G58Z,classical,m,0,S,42.75742082236525,0.061043203664623,5.019501039068244,184.6431141785417,43.94073196857711,349.7743369777095,42.53274158029348,0.05663636333273578,5.033578838621326,186.9982835230738,43.92632730796655,347.5957972148199,-99999.0
K15G59A,classical,m,0,S,44.3480484785775,0.1017090947687947,4.030718523902156,197.9519195930787,55.77402310740833,330.0368957043699,44.11281958660747,0.09865255730254491,4.040062613354793,200.2976098355111,55.73581391920533,327.9020232766682,-99999.0
K15G59B,classical,m,0,S,42.88771498337132,0.07578756141355358,4.570211726931014,175.6151715271882,56.29401826539576,347.698203808093,42.66152199354962,0.07153335517155715,4.580583081451886,177.6826878767172,56.25701121926085,345.8326245709583,-99999.0
K15G59C,classical,m,0,S,43.39091141864671,0.03372244859089656,1.976930858219156,184.4191750830442,136.8798568992058,258.3323053797462,43.1722292396591,0.03658431939991486,1.97758165437393,191.3944168275455,136.9746879719413,251.432934200284,-99999.0
K15G59D,classical,m,0,S,44.69280423954284,0.0885156809595626,3.193900437131805,348.4681341156996,59.88770955244379,163.2316945759873,44.46786408939503,0.09331972647771374,3.201869765831375,346.9396601784227,59.82413672808148,164.9852704143556,-99999.0
K15G59E,classical,m,0,S,43.17001333718212,0.03185390488291558,12.58027791442011,281.1182586427866,197.2785500150513,94.31154482097396,42.95150765115344,0.03152273058922166,12.61969224369393,271.9413228654101,197.3454078985085,103.5793744022837,-99999.0
K15G59F,classical,m,0,S,42.9954015765535,0.07005092535510238,2.468465529494361,169.0744545249716,73.03268791567643,338.6971475014983,42.77102020015548,0.06631499421293822,2.472120278530045,171.9388799419816,72.97870106094014,336.0554872529031,-99999.0
K15G59G,classical,m,0,S,46.78624644914191,0.1636233935191506,7.554395289043224,86.541242557331,45.38720836408971,64.6755839225052,46.50609076512411,0.1614078930594508,7.576354541230385,84.81797994112682,45.36214210417672,66.54580819419292,-99999.0
K15G59H,classical,m,0,S,43.35283155817023,0.04591014108784297,5.259471000647741,226.1306084980291,58.06476073990878,296.0137792400955,43.13063628477619,0.04555836166953971,5.271393329666719,232.6267086705458,58.01794493804419,289.7307521895913,-99999.0
K15G59J,classical,m,0,S,45.08435538028967,0.04428522890661395,4.328302417968382,167.1200565527523,164.1092860117643,248.154980577252,44.85300371845605,0.04789115049652904,4.336619012471091,171.8961294619752,164.2432744220721,243.415088079396,-99999.0
K15G65R,resonant,3,2,S,39.29992490063363,0.2892496028913438,2.01227182074988,163.7198279806893,134.8148579064932,311.0242654481978,39.13730580800459,0.289425750903619,2.012610918095297,164.5079657050533,134.8929672766421,310.3574580299574,0.0
K15HJ5F,resonant,7,4,S,43.61805628076697,0.2206680691088771,6.15075567595833,314.2974821749235,239.7107627458962,21.3557311912474,43.37521826973578,0.2162616295878062,6.161807126258015,314.1588536981326,239.704600588121,21.67227128791371,-99999.0
K15HJ6Z,classical,m,0,S,43.14440224323378,0.04238892267964751,1.822033252084743,163.7606948536051,48.57996529033241,3.232319945740465,42.91403492945595,0.03736909255396587,1.827314303773746,165.3986387143864,48.54232669070023,1.787875125526275,-99999.0
K15KG2H,detached,0,0,S,61.79635665410751,0.331973266879006,28.86000590105894,295.3974537557644,200.9234489505627,68.67579445994186,61.50384165962093,0.3300114148574921,28.94483942356415,294.6283499527729,201.0885017539516,69.56750851643146,-99999.0
K15KG3C,resonant,17,9,I,46.22445533102366,0.1673993597737128,3.142398781973418,49.02376162515472,209.3457075785437,355.0147372410842,46.12014636862129,0.1658647008588637,3.148113305760783,49.96519812491507,209.4549829198569,354.2634138199288,-99999.0
K15KG3G,scattering,0,0,I,679.8161201700335,0.9404347438134354,13.99418819562047,32.09749103850513,219.1029685896911,0.01364292430526895,660.2207193302206,0.9386692977444125,14.01680801335786,32.25759868880868,219.1750778580634,0.01187789419199919,-99999.0
K15KG3H,resonant,23,2,I,152.9962466165576,0.7389559941297608,27.1376991642255,230.8205123629758,67.57279697953528,353.895425886577,153.2691609286711,0.740051500126403,27.17935701201771,231.1261289340488,67.57848240421187,353.8908655217771,-99999.0
K15KH2E,resonant,9,1,I,129.8001029841699,0.6600094919516291,38.36138628312445,15.4313702296738,227.5791483647825,1.30583287854129,129.3093776788444,0.6586531729678404,38.42907153048073,15.66785512264722,227.6367734844733,1.271621904946425,-99999.0
K15KH2G,detached,0,0,I,55.54582783339988,0.2644307695247589,32.33668770949013,38.50334322696278,53.12369077559991,117.0115919626909,55.31395414847388,0.2656407158088714,32.44427985098443,37.53435481390431,53.12383873395071,118.2690747485297,-99999.0
K15KH3C,resonant,3,2,S,39.37659155035441,0.1340686733454543,17.07266164045673,94.73437844872949,74.51760116447642,60.3293481458992,39.24479604472707,0.131026114018517,17.09701967488908,93.98019118439545,74.51445648762355,61.34716049122458,0.0
K15KH3D,resonant,3,2,S,39.46572653597128,0.2503525113896219,7.03931986597205,134.0823584010475,153.9741420175345,338.3087303900546,39.41846173809254,0.2506165120521566,7.037977514956411,134.6306380655279,154.0914503786093,337.9136664467837,1.0
K15KH3E,resonant,3,2,S,39.35145174563964,0.2540875670770449,8.116888708023335,250.5634730872793,109.8940095182725,272.3691029376485,39.30225737176768,0.2571749631277665,8.114819797437825,250.8362452151673,109.9228147857692,272.4041860814418,-1.0
K15KH3F,resonant,3,2,S,39.36100991946093,0.257196748177986,15.3354061997859,156.5553967609561,80.6066524508664,9.859402414976357,39.27979342863789,0.2553394640314555,15.34958205773406,157.0153172887032,80.61643806530263,9.638764786272413,1.0
K15KH3G,resonant,3,2,S,39.46531544712253,0.2816570007756176,7.146789246564072,99.58599090603602,171.6019649827333,352.2686639992126,39.43010432200094,0.2814476336997558,7.148132598687984,100.0102161623893,171.7312105739573,351.9726466632972,1.0
K15KH3H,resonant,3,2,S,39.51135235037317,0.2867726244086528,9.708012746999042,9.859586936988647,193.7124320381801,29.56563401813525,39.40110877874244,0.2840797074046904,9.719060111807623,9.851607004153013,193.8480487070126,29.67989018696197,0.0
K15KH3J,resonant,3,2,S,39.31637672782659,0.1090480196412906,11.10077061502463,47.92520672573024,101.2941428253587,82.5331521204412,39.18799607279171,0.1068272108465693,11.10239339505372,46.39494061830991,101.3020658752847,84.32970956612998,0.0
K15KH3K,resonant,3,2,S,39.23136125506397,0.2556328811219417,10.46032061998,94.14953826111703,101.1760788218641,34.91024169368781,39.1062257366503,0.2526205939809437,10.4621178945326,94.148123423282,101.1863546367353,35.14534001790525,1.0
K15KH3L,resonant,3,2,S,39.43279648369317,0.3264689482617051,10.38022007405801,77.38441997912261,106.112084159653,38.53613150279536,39.29373131939749,0.3236131842339694,10.38017419034941,77.27656457828647,106.1283463016825,38.86096585574762,0.0
K15KH3M,resonant,3,2,S,39.47041562350568,0.2278979535145895,8.263928836641194,312.6439799287367,191.7056072735644,75.40786074273716,39.32656314268006,0.2259115321511526,8.279204904993783,311.7565911936712,191.8603514769114,76.40040124445908,-1.0
K15KH3N,resonant,3,2,S,39.55713989839046,0.1932075301484995,7.982760489402637,147.4537048924695,94.07309524528202,6.719723733603475,39.46717268638937,0.1911778983788982,7.986246091041278,148.1198858262558,94.07722010743025,6.311938615680064,0.0
K15KH3O,resonant,3,2,S,39.46463099689337,0.1941177855153363,13.04700949422891,143.8975910755098,79.40276030058017,18.93634292901023,39.36442436878641,0.1914929013592094,13.06086005573522,144.3418225869606,79.40827532901072,18.74601992264956,0.0
K15KH3P,resonant,3,2,S,39.32194257193694,0.2228820597730901,7.331011548994949,94.34962563542112,103.5176780216907,36.28305989479252,39.20774824003372,0.2198690607624023,7.331584184503591,94.39005145478116,103.5294146053538,36.48781816964111,0.0
K15KH3Q,resonant,3,2,S,39.34972062820648,0.2573610551404725,38.55689374650264,236.0545194744759,63.71790038926614,331.3799143148154,39.35507516821784,0.2588047609883732,38.61161238796672,236.528232535375,63.74468583333794,331.1576009398219,-1.0
K15KH3R,resonant,3,2,S,39.30859565639601,0.1129430335038077,6.945318253126865,17.13689016550807,123.8370254060322,90.2573799641581,39.17981012514381,0.1111681165337401,6.942003880007398,15.43905130033221,123.9011151109504,92.1670542199313,0.0
K15KH3S,resonant,3,2,S,39.34639785298754,0.1827913755764524,31.15154195159885,339.9614855546741,221.9799881883087,34.21700467453481,39.26207475377151,0.1802406895870292,31.21280372263667,340.1145997386716,222.055874347257,34.24311820860319,0.0
K15KH3T,resonant,3,2,S,39.59784197767994,0.2460767112958108,6.687355125926973,169.3866805034919,119.5671099888884,336.591803826276,39.54355463784095,0.246314003806988,6.684812094176566,170.037745031432,119.6100138949305,336.1692700679303,0.0
K15KH3U,resonant,3,2,S,39.41621899545397,0.212700131250049,14.02925710420156,189.4260307385006,80.88464865322106,347.8506963545245,39.35161467836296,0.2120912551503598,14.04238705972541,190.203603556497,80.89025617450997,347.3359630249423,0.0
K15KH3V,resonant,3,2,S,39.5353757839067,0.1744157891514607,6.735710593595139,38.21696506670911,170.1800811156279,30.59846928472438,39.42657447772344,0.1713821659603697,6.738417383971481,38.30126127290205,170.3270340281344,30.6310043241817,0.0
K15KH3W,resonant,3,2,S,39.42361047829926,0.1985985956705258,19.54262031578567,111.4788025677815,73.64865650468302,45.72291892111306,39.30492685991215,0.1955171928518055,19.56972213994665,111.3257444164379,73.6567074869575,46.12903885520616,1.0
K15KH3X,resonant,2,1,S,47.90996609473598,0.2381968420792988,15.52916393593467,223.2066330395101,80.36077193715917,323.2449427498037,47.82591600087714,0.2391256230791079,15.54587126851803,224.0388270557919,80.35658149687976,322.7286208600706,-99999.0
K15KH4A,resonant,7,4,S,43.66883669456971,0.1224369223106105,13.65933849681567,53.98174517302056,80.71167295287279,93.34987738684022,43.50980488662927,0.1208760215121782,13.67642624941129,52.2599696103558,80.6976669711336,95.37091455929624,-99999.0
K15KH4B,resonant,7,4,S,43.63642508424459,0.0682092327487509,5.980478066398068,257.3920466647224,153.5172539369131,195.3402224618274,43.51913219461046,0.07162682218863133,5.980556209210803,255.7632978919608,153.6786474220676,197.1348493245586,-99999.0
K15KH4E,resonant,5,2,S,55.44209116753522,0.2900565146187891,24.06496549344961,8.970476534785124,212.5794227417902,13.7419175003938,55.23998935324621,0.2870195553824841,24.11555353179709,9.20646888417641,212.6736621331882,13.6722913497518,-99999.0
K15KH4J,resonant,5,3,S,42.36996135701625,0.09766964447606609,10.56249642160403,313.4222254711669,195.8164483034528,85.64516438698763,42.23830050492217,0.09541230993194828,10.58437414617476,311.5815613824517,195.9662996944392,87.62997663134325,-99999.0
K15KH4K,resonant,5,3,S,42.29751723448989,0.2384607807592287,9.620051672522694,349.8483632754254,111.2780699199804,116.6648732954849,42.13626365499955,0.239293102984618,9.617471037670839,348.8220134254624,111.3122459383158,117.9391945728559,-99999.0
K15KH4L,resonant,5,3,I,42.3511737156683,0.1426030753065727,20.10034823384848,353.0609915107478,216.1909519321955,28.81491696646247,42.23158457795801,0.1394665125235397,20.14437280520578,353.2910034158149,216.2782132915693,28.76627145158109,-99999.0
K15KH4M,resonant,5,3,SH,42.23936876970114,0.211650416270247,14.41967821307197,81.42595610079718,79.17523975264399,62.82964517379406,42.08457720697952,0.2088370003758803,14.43807078266506,80.83675123750434,79.17129453418669,63.69147770361907,-99999.0
K15KH4N,classical,m,0,I,45.67912090715582,0.1954986491315135,11.17410422939378,67.15854657260594,95.92203548163232,59.53674226189975,45.48990152606763,0.1923553631173927,11.17860055098246,66.4549017290301,95.92014826393785,60.5098641122505,-99999.0
K15KH4Q,classical,o,0,S,55.00368087958231,0.1113763533080201,24.3980506029134,290.2016373545032,213.9699451236829,83.6975756348613,54.79418226401675,0.1090155736738217,24.47217693814847,288.3093020316437,214.0658401693306,85.80102537173913,-99999.0
K15KH4Z,detached,0,0,S,48.36951216125605,0.2964838165572223,14.7179450977987,329.1788097245793,213.9385350128477,37.2610387725889,48.16206857594621,0.2930586776077077,14.75067887754081,328.9259394914674,214.0357485760881,37.66501725075683,-99999.0
K15KH5A,classical,m,0,S,43.33401081141882,0.07220129878574641,8.772216735812625,121.888369927054,174.4687110918394,313.5391663814265,43.2167800576247,0.07258210050405019,8.781840959889953,124.6538633875527,174.6332891753225,310.9078828822656,-99999.0
K15KH5B,classical,m,0,S,42.12932950286891,0.1069214584403516,9.355191008667006,139.026307786052,108.2221052461435,358.5277415246527,42.00837854813656,0.1045387252925372,9.35407434237918,140.43833499604,108.2437615802422,357.3740913752812,-99999.0
K15KH5C,classical,m,0,S,46.22169847768699,0.2096472624493353,29.79284265487648,264.1050246880919,66.4985193129315,294.6737032679533,46.14958567870929,0.2120506890827627,29.84761009786565,264.8054525721176,66.49894955674912,294.2982831212567,-99999.0
K15KH5D,classical,m,0,S,46.00280148186759,0.1855800010352196,26.23636446031192,58.25259625587631,219.4823194832935,339.8420397411169,45.92806133234041,0.1853938143350969,26.29181361486313,59.13547554310868,219.5611102277553,339.1702000966859,-99999.0
K15KH5E,classical,m,0,S,45.73473863395127,0.121751196716534,7.221980456813077,123.687376312808,149.8883850401484,338.0603357059331,45.61122085535667,0.1207249201457796,7.220899580120105,125.2364732250673,150.0208291905655,336.6778130153002,-99999.0
K15KH5F,classical,m,0,S,45.21193008015813,0.1812968466955953,8.605082567275643,347.8056524793896,179.3696280993347,58.96118385855605,45.0384088391182,0.1781177649394716,8.615855678481385,346.9840864069851,179.537690659153,59.88877983453141,-99999.0
K15KH5G,classical,m,0,S,43.46608392730681,0.07605970925582695,7.3296256965387,314.0305735858684,167.4149482118576,116.6886685553111,43.33446416017954,0.07547757337538534,7.334554621535181,311.0126718624723,167.5938007503721,119.8392666753118,-99999.0
K15KH5H,classical,m,0,S,40.28238053993107,0.070711977591007,17.58526841011474,315.4362241541488,216.2379912487543,69.78991735226586,40.18510111537372,0.067801856559958,17.62601980777083,314.2139371439455,216.3353172239301,71.21019661715683,-99999.0
K15KH5J,classical,m,0,S,42.91800778298006,0.1159513519831034,39.4511691261879,6.961078837936393,61.6622307163079,164.5287840581492,42.80636661767247,0.118068247539947,39.53942159512638,5.560505376322922,61.65811550591931,166.2326669234225,-99999.0
K15KH5K,classical,m,0,S,45.14522972227906,0.1430193089648442,8.827004945380752,317.3801205977189,156.958496891248,111.8963424023382,44.97456823087335,0.1429398678372943,8.830598039460599,315.5148913217847,157.1325565138038,113.8790939865545,-99999.0
K15KH5L,classical,m,0,S,44.81134843776005,0.1277248852843231,8.63688397041811,151.6746017833103,140.5287952905463,321.729523840461,44.69270227683231,0.1277951982968875,8.633966226839977,153.2414397425363,140.6413576421919,320.3486061817757,-99999.0
K15KH5M,classical,m,0,S,46.47528797852326,0.08103260255430907,8.251057473750295,83.34722076151834,137.8735756799184,19.55937034615993,46.31950705825296,0.07736316979871095,8.247521197561499,84.23463213078176,137.9809379482135,18.85813629496923,-99999.0
K15KH5N,classical,m,0,S,47.2769569653704,0.1217200858305406,12.76602070789653,249.1444018269531,93.47384558787826,273.128536659968,47.15628344073863,0.1248030608603907,12.77232119629033,250.3668676265905,93.46766306295545,272.2457060123756,-99999.0
K15KH5O,classical,m,0,IH,40.36951761348737,0.08652770912657443,31.00382111553822,57.98047163053845,68.88106432435434,107.0395117947857,40.25911201613401,0.08534377032213018,31.05821357985324,55.83168084085423,68.88120370480966,109.4797539001415,-99999.0
K15KH5P,classical,m,0,S,44.83347654685121,0.1256700066419515,10.6150545022396,123.2015868644537,189.4120563505799,306.8550385878647,44.74259878706417,0.1270673993995118,10.63293201591378,124.5252906421268,189.5691689324,305.6924285993363,-99999.0
K15KH5Q,classical,m,0,S,42.94591637359055,0.1030922141264877,13.02233366200814,161.1366681702261,94.3648897740008,353.9433195704249,42.83840057074383,0.1012576594093067,13.02784485372226,162.7919358798675,94.36616656904249,352.5818733034558,-99999.0
K15KH5R,classical,m,0,S,44.07260688204516,0.1018045818543446,15.62585346449897,158.6863095327768,209.1119107921417,248.926832289605,43.9865409424133,0.1052670982248976,15.66655109750377,158.9908162926568,209.2339721704455,248.838829646934,-99999.0
K15KH5S,classical,m,0,S,45.28302663361351,0.1040913566054106,7.691538635034985,38.69806619052664,104.9548182979209,85.72128711712638,45.11088213455022,0.1019636210674218,7.691460064565774,36.70729534035036,104.9679465361447,87.98453885837955,-99999.0
K15KH5T,classical,m,0,S,45.30199224390086,0.06874143943755175,7.125310388295006,78.2934988906959,102.4183713486313,55.83789627585583,45.14529790966692,0.06504099711302168,7.126003055885234,77.05818197017659,102.4259258838374,57.3584596664526,-99999.0
K15KH5U,classical,m,0,S,43.93010202303893,0.04818792415377937,7.065326045779479,99.13283980405963,177.086514352696,331.1948012006848,43.80755559110523,0.04735304188603168,7.073649853117148,103.3435139847957,177.2524583487269,327.1208109073071,-99999.0
K15KH5V,classical,m,0,S,45.44151792602917,0.161200286350501,19.27268429223552,146.0355929153091,70.21362239827695,21.48102553942487,45.29414510258002,0.157851414011045,19.30273214695707,146.4643918180817,70.21835478766482,21.32203677899164,-99999.0
K15KH5W,classical,m,0,S,46.27641735810752,0.1480561207846856,6.351967525265443,115.5415986377247,117.3617606972768,10.21461663005624,46.12941602032385,0.1450138249273072,6.349574695743523,116.3118166551855,117.402337179386,9.688214914696657,-99999.0
K15KH5X,classical,m,0,S,45.68298037644085,0.07212372717247298,5.895828630984218,9.499400760095488,123.7368504192634,103.2694203049406,45.53167595646588,0.07074079947015788,5.892571417061517,6.419929571174036,123.8040692736261,106.5926956742522,-99999.0
K15KH5Y,classical,m,0,I,44.51729273265131,0.04959459671288552,7.676069936673942,80.79843379750231,199.3868163930111,330.4331249581839,44.40853844132297,0.04913860564083986,7.691841241424569,84.82000471578165,199.5272322539666,326.5870911224138,-99999.0
K15KH5Z,classical,m,0,S,46.94535418879639,0.1944400434704943,18.67368037977325,316.9087257202,72.81019185964088,220.5165534220361,46.82412889959195,0.1986251746197406,18.70972819425001,316.8132002771167,72.78924540990187,220.9848660037544,-99999.0
K15KH6A,classical,m,0,S,44.28753563707593,0.1435017739360707,6.197684746720653,177.6902867938192,159.8700121707679,283.0111811367742,44.19372746525517,0.146144006420026,6.19970198599156,178.5666121082741,160.0335041521473,282.2980073615175,-99999.0
K15KH6B,classical,m,0,S,45.17810569784534,0.1817173306540382,27.49166217746977,353.4560862654144,221.62289104618,23.81655813581561,45.06494198986344,0.1789606536409906,27.54952613403249,353.7946433573371,221.6992067083379,23.67403613234124,-99999.0
K15KH6C,classical,m,0,S,41.96669717069704,0.1048241850497006,11.03438326118645,85.52121917698854,204.8813106223928,325.9255226388494,41.88426873979343,0.1050357611720036,11.05681982952198,87.20777076574197,205.0032282923978,324.4199040846334,-99999.0
K15KH6D,classical,m,0,S,46.13603548813127,0.1519441141859793,11.5128915157024,178.1096369888646,85.80041109317715,348.8493406042602,46.02394521555156,0.1505778646889233,11.52252853952513,179.3461763964756,85.79754361223915,347.9152205390777,-99999.0
K15KH8G,resonant,3,2,S,39.36511926648882,0.2770192654273454,27.49034039006224,112.3570878206933,69.45559714213658,42.80647977042889,39.24694814786371,0.2742052188908833,27.53118079677335,112.2645853067924,69.47349817245328,43.12959084076439,1.0
K15KH8K,classical,i,0,S,36.89036554304136,0.01427600780924802,22.88640460759129,135.9132733161807,240.5179574701547,242.7265410219315,36.85856863922436,0.01703771287455626,22.92784840597867,134.1650793936587,240.5640170213627,244.7523184659739,-99999.0
K15KJ9L,classical,m,0,S,43.54544972616833,0.03656891278528197,5.67202176287676,64.74282816083033,156.4420960362469,22.10228817117535,43.41636576196594,0.0330673799294886,5.672675056725659,66.83228027288374,156.5930013479057,20.16111017455762,-99999.0
K15KJ9M,resonant,3,2,S,39.47739800882282,0.1851906148866677,6.574703736478326,43.60633016689371,103.838032058708,77.43057172361554,39.34004142680831,0.1830410376811353,6.575121105953802,42.71511401143612,103.8480865910287,78.58058848673181,0.0
K15KJ9N,classical,m,0,S,45.09438629292016,0.0519241152574074,4.839094200441383,172.5963472953754,144.5319358512433,292.4234411503363,44.97048751913036,0.05367521681331124,4.837653815157235,176.2182383032143,144.6599103097391,288.9887300483183,-99999.0
K15MF0L,classical,m,0,S,43.62589198404746,0.04492171458927852,6.479687942517767,198.1256203875887,346.5383785179458,190.9756111175044,43.98406301497479,0.0367357885776968,6.460052091675997,196.2053983995316,346.4510950040141,192.9545787084482,-99999.0
K15PV2F,classical,m,0,S,45.26384028432823,0.09079702776104578,17.99383799066763,260.253662798494,160.633796076665,350.110867184757,45.61732440447106,0.09731306191319451,17.97492489291228,258.495889134053,160.4891520757268,351.7946469369548,-99999.0
K15PV2L,classical,m,0,S,41.88119172411108,0.1347171653794057,26.1231932601225,4.666884833498891,71.7522895296871,337.97251684726,42.19955178213157,0.1398513866280936,26.08779157022067,2.711571416555907,71.77483918436549,339.6913948228407,-99999.0
K15Q14L,classical,m,0,IH,43.57928460442219,0.1158440262853643,12.19441461840936,354.0967994938259,26.43061148508703,307.7689118951794,43.87290843880577,0.1209711321316489,12.18034257266062,352.1589167644288,26.59950050969823,309.8181192754492,-99999.0
K15Q23W,classical,m,0,S,47.45680025380499,0.03890028111438382,20.86843183731438,98.30738177308066,94.02014438348564,114.7303785778737,47.69313135081757,0.03410233527526577,20.87359496251965,103.5709905782287,94.04359113462925,109.7954462873427,-99999.0
K15Q33W,classical,m,0,I,45.92662977877014,0.1742446263502304,21.52726205479562,74.86969517351201,77.42440612742523,249.6025005239086,46.26322723064172,0.1693723504385491,21.50508483429008,72.70531354743552,77.4883080192757,251.5742124766235,-99999.0
K15Q33Y,classical,m,0,S,42.92278682033833,0.03577373507213477,32.6760957383049,125.2661029700901,138.1195590227314,116.595621050938,43.26705132445567,0.0330526857559158,32.64540768255862,137.7483255873196,138.013677958011,104.1557139888688,-99999.0
K15RO5T,classical,m,0,S,44.38539843344693,0.08418960453548568,0.957660582610519,343.3588464846318,330.3785458159775,53.64164336738692,44.79668077447317,0.08905209184395521,0.9551922920255042,348.126715591129,330.2627140856383,48.96914019156294,-99999.0
K15RO5X,scattering,0,0,I,423.5465580532411,0.8924513038115957,12.13783797898845,65.12310026536126,8.605191956989096,358.2339283185058,463.0700114601564,0.9013051655617663,12.09811900390677,64.62734404726069,8.580975371118448,358.4685599816796,-99999.0
K15RR7C,resonant,23,12,I,46.39225046034191,0.1603799504727451,24.30703410543289,128.053236492385,194.9232027180593,42.74559814724191,46.82857422819915,0.1657651019029878,24.23238456179404,130.1915117785709,194.9031583582564,40.58778730755444,-99999.0
K15RR7J,classical,m,0,S,46.69825072489595,0.2036354636176178,5.520266039695776,71.14827308823659,350.1370808245096,332.9492245533829,47.1939543844955,0.2103113040135301,5.505964799645553,69.70751857907787,350.0561739188725,334.3923124894246,-99999.0
K15RR7R,resonant,3,2,S,39.3780123173525,0.2410881079015987,8.001157895152428,205.9119614980267,8.335314787785318,146.7322730366134,39.63084742453701,0.2343516800529636,7.967926881673906,206.7292442003491,8.316548651415467,145.9289498221046,0.0
K15RR7S,resonant,3,2,S,39.41459066814192,0.1849096890776944,3.921139514110232,80.99575860209788,203.7435794572664,73.77813518706961,39.75292485254509,0.1857244668346019,3.909280345164785,83.45845626208182,203.7462316740611,71.28325434541225,0.0
K15RR7T,resonant,3,2,S,39.56655050721348,0.1753092533810525,5.456974912395724,66.2090396404297,192.9959007486909,101.2463391047031,39.87459783329752,0.1726223318232938,5.4386246901932,68.67686179644656,192.9701727886102,98.77094786749707,0.0
K15RR7U,resonant,3,2,S,39.33105944661034,0.2492987930653775,16.27066432972381,188.8435450080124,193.8134281458292,2.045977849571824,39.76106426343398,0.257226286232854,16.23187862493138,188.8122918833361,193.7780790105062,2.040694999933947,0.0
K15RR7V,resonant,3,2,S,39.31933224229284,0.1648304691455151,5.771721273746067,264.9345064487472,342.5150684415368,118.576817455899,39.61147469875372,0.1604697489472693,5.756329180309736,267.3198848230872,342.4019924025969,116.2525613564284,0.0
K15RR7W,resonant,1,1,I,30.01362792329008,0.07665447414302379,30.82629321586067,132.5581564589833,1.312816013464077,257.2473989898515,30.20913317023473,0.07452932593433136,30.74681123667994,128.0398039882458,1.252842533843773,261.7629669825407,-99999.0
K15RR7X,resonant,2,1,S,47.64036686058289,0.20626248167008,0.07306873932634736,37.93348622916968,72.86365890897993,288.997221313779,48.06641387159318,0.2064820204379749,0.07277069610508036,34.83676263092845,73.58638188455717,291.3009511724091,-99999.0
K15RR8B,resonant,4,1,I,75.6686834263034,0.4390266312411856,27.69396233966302,306.9558529086609,3.321380421820802,26.46228537940291,76.7363447665162,0.4446935670684214,27.60471179872401,307.9419855439348,3.278478921697398,25.56240769914227,-99999.0
K15RR8C,classical,m,0,I,43.70407323449118,0.08425492345099331,4.571529731311077,249.6609554677526,201.4391758525971,293.8676935827154,44.09299206310487,0.0868862276577716,4.557289159074902,244.2967494401107,201.4493451790728,299.1760682071593,-99999.0
K15RR8D,resonant,7,4,S,43.65074633693431,0.1127276535614956,2.610189314882256,174.3517816813919,192.1825218763132,10.24663311175178,44.08321036055246,0.1211587134187042,2.602935039129587,175.0096887491432,192.1529669157738,9.569525397894662,-99999.0
K15RR8E,resonant,7,4,IH,43.63183421202726,0.07419998317190975,6.872624110205769,151.7493653635014,200.8705307566985,23.70325323320276,44.03921502666003,0.08203025964047578,6.851630167260859,154.0401921406179,200.8665578255457,21.36279291038471,-99999.0
K15RR8F,resonant,7,4,SH,43.63346762490302,0.082815840319546,2.383538727150507,189.8095168366968,252.4924170948067,302.8950260777357,44.02740414637253,0.08668413152047594,2.381253065027804,184.6900536445487,252.5401892037438,307.9160587619568,-99999.0
K15RR8G,resonant,7,4,S,43.62552247640946,0.1685263787057275,3.557754772563628,27.24300739091559,332.5902257269745,15.76480590882928,44.08421113656508,0.1767230489493993,3.551470403104924,28.11969183981931,332.4901798023767,14.93266683971818,-99999.0
K15RR8J,resonant,5,3,S,42.18315011427079,0.1561725602484307,5.208948040417654,193.428017652381,358.3669417691089,183.5188028289074,42.48272903999714,0.1482261077362483,5.188769474028156,193.407224217873,358.3064967548888,183.5713253948769,-99999.0
K15RR8K,resonant,5,3,S,42.30814582560644,0.1538799057546991,9.778346667478342,304.6021070981172,351.1118832011037,67.19238065372662,42.68580444667064,0.1560692107312875,9.751103288667611,307.6118749830322,351.0272434093654,64.2313319358563,-99999.0
K15RR8M,resonant,15,8,I,45.76360878818181,0.1837166205000109,22.21123320800422,208.3315503836683,193.3887119655731,347.369902570405,46.2262524246073,0.1913072822364034,22.1493696658624,207.4750863800873,193.3569459524736,348.1797405155782,-99999.0
K15RR8O,resonant,13,7,S,45.43762137715544,0.2384030299804688,25.36251501463457,146.5401107222404,190.8767335121655,26.50844730858054,45.91376881276835,0.2450642458719678,25.29299117570579,147.6377897163325,190.8471170889235,25.4111231773186,-99999.0
K15RR8P,resonant,12,7,SH,43.12596022072358,0.1663549839496437,7.183779178932673,31.0364055315435,354.8105783914102,357.0011507934374,43.57595527623526,0.1747274028429664,7.165199130115795,30.7351076865807,354.7405489961985,357.3101119996732,-99999.0
K15RR8Q,classical,m,0,S,45.95219717401249,0.1009818839467073,18.36232392553998,91.0866131864535,358.5561872325417,299.3670749603535,46.35609406458381,0.1039904624677233,18.30507524399122,86.86464621422088,358.4924203325947,303.591911301531,-99999.0
K15RR8T,resonant,11,6,S,45.05329385560339,0.1941537125855091,17.96072576663749,193.3700105307367,200.7613423274133,353.1338558137722,45.52588097276174,0.2021740113823492,17.9115866540328,192.8086814071128,200.7474465415483,353.6305158613061,-99999.0
K15RR8Y,classical,i,0,S,38.84598533673422,0.05667932961808236,1.097239794700984,49.09556517749994,332.8735921655903,359.3533446103841,39.1894490273182,0.06472578989051539,1.094692638000516,48.65115666674865,332.7601271053616,359.8490538282005,-99999.0
K15RR9F,scattering,0,0,I,42.88356489419846,0.2407111273664579,6.931967499980685,95.44093926312497,343.7045961637944,324.8500323360865,43.31271252635478,0.2456193410396695,6.917003523198809,93.98266247668121,343.6108627784763,326.3035486209736,-99999.0
K15RR9L,classical,m,0,S,44.20360124695484,0.03303940275833325,0.4595649325760869,88.70702264940729,290.6789394779523,355.7172759866003,44.60580220217616,0.04152910896809912,0.4590902423908721,87.60044291729935,290.5611373132328,356.914362638065,-99999.0
K15RR9M,classical,m,0,S,44.10590745444556,0.06406441896113083,0.1558816574588326,169.8669951355751,9.002698742373061,197.0292554001714,44.46372340717719,0.05601578696098754,0.1545054631457724,167.6839246834857,9.054463082484423,199.1349912978176,-99999.0
K15RR9N,classical,m,0,S,42.84792089631687,0.111631843692083,15.50893588004094,308.647299839885,6.214242596826835,51.41215376093218,43.23609191830578,0.1163101965416176,15.46010334121086,312.0589895130066,6.179102923475327,48.01096694497803,-99999.0
K15RR9O,classical,m,0,S,45.49160014484686,0.06279477009007729,0.5304700173432589,44.6129055519166,17.40275030792249,319.0231644728589,45.91382449562013,0.06900729776557714,0.5279872494785327,39.38736908435026,17.43658229161927,324.1727634866044,-99999.0
K15RR9P,classical,m,0,S,44.06839249505543,0.06158896465358248,1.92564078833858,321.3857205648569,11.77083902461315,39.80905325877411,44.47452754564544,0.06827098011023572,1.918617608480904,326.049844987213,11.75553068317014,35.12140717456171,-99999.0
K15RR9Q,classical,m,0,S,46.74542950144,0.1707425964416451,2.928534116756571,306.8268749471172,348.3833496502965,63.61906461704036,47.1885939680367,0.1732683466787673,2.919669444674173,309.6695349619616,348.2945118621467,60.84527489942933,-99999.0
K15RR9R,classical,m,0,S,44.20819119129488,0.08313410416012436,0.8295724522419659,21.86116496701976,262.8415226157931,83.7830174132324,44.5960074829917,0.08388925428340047,0.8291017257392633,27.63424896495351,262.8388299916671,77.97632261089916,-99999.0
K15RR9S,classical,m,0,S,44.16429889413199,0.03915615966575139,0.7172637000015072,238.5611820724823,297.8409829529095,202.6217167855268,44.5316955365878,0.03135531940260756,0.716598944939498,233.7077450439196,297.7257835744848,207.5418514748054,-99999.0
K15RR9T,classical,m,0,S,43.7897870743905,0.03504720887196926,2.208824115296185,318.1897671550567,9.034005160580314,48.77552232243021,44.17973221539743,0.04118129707769861,2.200777958443805,326.9439065020949,9.002908800468342,40.00167235530943,-99999.0
K15RR9U,classical,m,0,S,46.21411321317238,0.132134858061163,5.088604316218077,41.50422058815553,358.8858398857742,344.3682145430005,46.68427093262202,0.1401859974656731,5.073367982406497,40.21433338974834,358.8240828292014,345.6566113216441,-99999.0
K15RR9V,classical,m,0,I,45.46471716185117,0.1389239123735154,1.465201908624042,26.28584061855367,281.9079391859402,56.56854602543685,45.89792363282351,0.1429449967695233,1.464714799460339,29.40496945100911,281.8754950038159,53.44706991005737,-99999.0
K15RR9W,classical,m,0,S,43.90752421724077,0.07899858225675055,1.498679136577582,73.73913213317935,243.2515567619384,54.89672684181463,44.30911670667766,0.08390003397058901,1.496599889221987,78.54872086720852,243.2972202102849,49.99408687493097,-99999.0
K15RR9X,classical,m,0,S,43.17029436499892,0.04238514013077574,16.02411700727907,22.4312975600234,5.457800981890786,352.9195195894009,43.5477865253919,0.05038722217787477,15.97358336721347,20.72793827223977,5.409964198426636,354.61157838535,-99999.0
K15RR9Y,classical,m,0,S,44.80012169485283,0.1759687692013624,17.75526838187131,133.1041503789027,192.3999040426602,40.13080585392198,45.23883116609328,0.181681742790898,17.70218053325218,135.0457588225061,192.3701253343729,38.17842635263431,-99999.0
K15RR9Z,classical,m,0,S,43.55806647502236,0.07084769541790774,3.566323238091667,218.7665036898732,353.4424798471061,163.5865635867413,43.90528785175944,0.06303737416148224,3.554084924978131,221.1259754669062,353.3591803585701,161.2622770864272,-99999.0
K15RS0A,classical,m,0,S,44.85014965784152,0.09599227175002524,1.967670582627975,205.9089803485929,353.2298001627245,177.6792936583008,45.20009783654108,0.08772268524283054,1.960232553459603,206.4270965788108,353.1428057352278,177.2007068427502,-99999.0
K15RS0B,classical,m,0,S,43.79001647720722,0.07270091514805857,2.170224120052787,112.6468686370318,201.6653575521604,58.17502548060135,44.18653942538234,0.07726920526899635,2.163815250778653,118.0775743764048,201.6589619628517,52.70122426841926,-99999.0
K15RS0C,classical,m,0,S,43.28667502747001,0.04730845902032768,0.4613555508285563,18.63919033034221,330.7507047221873,28.0375417238282,43.67877306238642,0.05496473003195629,0.4598853023399295,22.69130405547311,330.6032309859938,24.07643695078024,-99999.0
K15RS0D,classical,m,0,S,44.64558050930824,0.1088800331467003,1.490725281164763,241.0432696702024,13.18303654808593,113.1896959905388,45.01373793486108,0.1052256447243807,1.484501314526452,245.083209415376,13.16979279115063,109.1238228023808,-99999.0
K15RS0E,classical,m,0,S,44.30883050438557,0.04340847752697002,0.9968335795695138,220.3924279381847,0.2208807363796,156.0658337310585,44.67651123421624,0.03604611510672633,0.9926751675704917,226.210915252569,0.157661479789443,150.2580433664212,-99999.0
K15RS0F,classical,m,0,S,42.97568082726867,0.08666604537340938,20.206579080261,350.9422320554291,9.809617074704382,17.68106395191699,43.3624480356867,0.09436856143753737,20.14525982177449,352.3213087258346,9.770993399238714,16.27948234131666,-99999.0
K15RS0G,classical,m,0,S,42.63036513117169,0.05505916092083459,1.908795418911323,123.8278393814226,226.760805531129,27.23862225418666,43.0171415490323,0.06269625351999049,1.904671704677539,127.0912718813666,226.8010635780387,23.87492855112533,-99999.0
K15RS0H,classical,m,0,S,44.95106773872832,0.1065341199383387,2.397593922104339,179.5326180696639,225.3378012620428,340.9255402252146,45.38864281507881,0.1142670369759956,2.392302106082127,177.5994166033676,225.3771367394128,342.7477677308142,-99999.0
K15RS0J,classical,m,0,S,45.35582437982192,0.06721659499110692,1.457036893783542,339.621120416587,331.9452272177992,61.26661675911312,45.76886703019747,0.07153108591703082,1.453650791296109,345.8420055497184,331.8224645308621,55.11751349410726,-99999.0
K15RS0K,classical,m,0,S,45.40282001887546,0.06230742120328038,23.8199123128421,233.376671178014,7.867900180344866,133.0354032997163,45.75493556765564,0.05720959111085099,23.73626216221642,239.1240608254531,7.825707947962778,127.2790970218027,-99999.0
K15RS0L,classical,m,0,S,45.0812101488982,0.0655256293403639,3.476688631154163,72.93793709264202,337.6660601593217,329.686896153263,45.50306868039906,0.07271215503865282,3.468215626767641,69.1344209772675,337.5669303492583,333.548339569744,-99999.0
K15RS0M,classical,m,0,S,45.57309564081459,0.05965097258485206,3.638245691269587,125.5544682998128,249.6776831023089,0.957298576070353,46.00513245456597,0.06829647916708803,3.634212329213651,125.3636616222402,249.7372167698731,1.052150072274862,-99999.0
K15RS0N,classical,m,0,S,41.36702713081863,0.1262041909129223,19.68180291418382,354.387858712939,195.1542818494465,186.1324240183222,41.65643142905262,0.1186061849573481,19.60971172082869,354.1481716725914,195.1541744508787,186.3436916142487,-99999.0
K15RS0O,classical,m,0,S,41.39550922819375,0.04516181035926346,34.92969048131597,177.7808936082167,190.5461453974685,8.26752402068274,41.71556896700535,0.05224524204360836,34.82625613753288,178.6868205735141,190.5221520842874,7.347963315139395,-99999.0
K15RS0P,classical,m,0,S,45.41462595738312,0.09361895703065481,3.480392449924972,44.35926621687301,232.5574627656999,88.30717312937219,45.81326115987103,0.09343084961005149,3.473151712024648,49.50950287875277,232.6301163367913,83.06271806846017,-99999.0
K15RS0Q,classical,m,0,S,44.01770851567252,0.04400691449746835,2.087313888914246,113.6834427572517,316.7434915751952,310.6299405978755,44.41208043596676,0.04940342912962254,2.084382954801775,105.7706306921282,316.6350155582318,318.6040971574413,-99999.0
K15RS0R,classical,m,0,S,41.47582716800214,0.07312539960456084,33.32751492357473,120.8425039473079,191.2093530002242,57.77396289727352,41.79855668830704,0.07692380763480948,33.22679764916696,125.5509235130978,191.1874585677129,53.05639413965255,-99999.0
K15RS0S,classical,m,0,S,41.28193341505525,0.03213738950130319,32.04421263617327,165.2480373519887,192.0172808316829,18.81803685740408,41.60308965870517,0.03914646381008367,31.94691736744109,168.4263482518351,191.997595652702,15.62086961667454,-99999.0
K15RS0T,classical,m,0,S,41.39384133132511,0.05105333458267018,10.8933035939258,28.74016497563933,198.2722705842351,147.1654544549527,41.72411631856794,0.04453878359406262,10.85655996392768,34.41624781016124,198.2712524960612,141.4501526164112,-99999.0
K15RS0U,classical,m,0,S,47.0393607260789,0.1157728729777814,2.18923095162001,236.4816367559132,246.4342008145892,265.9750013077135,47.44291068450254,0.1138333634641117,2.186447383051283,232.2564968008235,246.4972405745615,270.0821248820304,-99999.0
K15RS0V,classical,m,0,S,42.77872350289793,0.1175505252378404,10.69268706467325,4.551767271395919,358.776982970788,13.38745594637452,43.19547241616428,0.1257094468044311,10.66257227809199,5.44129527631334,358.715417580582,12.50875315338163,-99999.0
K15RS0W,classical,m,0,S,41.35462002510958,0.139724871723726,32.35844125536072,19.36263209676305,191.5783936523932,159.8788446156333,41.61813180085463,0.1331596239687667,32.2422791962442,20.33710993247051,191.5611517497887,158.8921215698258,-99999.0
K15RS0X,classical,m,0,S,43.92680444439151,0.134364896939633,22.58500808786292,23.46916640847436,194.5162829832794,151.0544626028237,44.23830535292866,0.1275348167897378,22.50030906200591,25.00917769159068,194.5096316412592,149.4920896560602,-99999.0
K15RS0Y,classical,m,0,S,46.33763052530152,0.1390165114898148,17.12120571588369,62.54521553460767,358.4839425485831,328.5584865374535,46.7844990973257,0.1453959016601897,17.07167767383224,60.42594509130473,358.419778623577,330.6746673219105,-99999.0
K15RS0Z,classical,m,0,S,43.9699699562226,0.1365943027774723,11.9076266039019,98.09711474563028,202.9725450387943,62.95639286243131,44.36985959044928,0.1396164716926908,11.86991104149018,101.3083767415321,202.9797013217097,59.70438298086284,-99999.0
K15RS1A,classical,m,0,S,42.72723809065534,0.04746307498863224,9.10737010098206,56.52900623756918,353.7705664541678,332.0435395378614,43.10716941896746,0.05458912514610492,9.081022286345911,51.85945113432314,353.6937482398986,336.7308263418851,-99999.0
K15RS1B,classical,m,0,S,43.25600025310732,0.05340742608027393,2.205895678439206,86.85342639049054,279.0063855438931,12.96768427491647,43.65219076011922,0.06170190075521933,2.205232570125163,88.28755988866956,278.9895741893113,11.49175740799127,-99999.0
K15RS1C,classical,m,0,S,46.0643138372384,0.01709396648543188,4.384122411222558,280.1449061965531,331.5919093235092,124.8707937544319,46.46586807270977,0.01433178481852678,4.374769401935709,310.1946177107966,331.475394640094,94.88811792445642,-99999.0
K15RS1D,classical,m,0,S,41.34212270459044,0.1122417315746629,17.48390185135947,110.5775373983626,199.360456517494,59.05480115461416,41.70262937434626,0.1160110731481209,17.4300322422402,114.1078513737844,199.3511735233666,55.48582827215065,-99999.0
K15RS1E,classical,m,0,I,45.85480681658457,0.1572550026023692,8.510859106304205,122.0681946338721,347.9468905405037,287.3808780957385,46.25394372373334,0.1577004075854353,8.486549925051795,119.1219515445438,347.8515141088805,290.3410553663516,-99999.0
K15RS1F,classical,m,0,S,46.09263927843666,0.1757344624363775,7.495480988699541,151.0154271623071,351.3651388937211,253.0222337268772,46.45190721153088,0.1715003548836695,7.470032833139459,148.7711215884174,351.2729970219169,255.2861056638991,-99999.0
K15RS1G,classical,m,0,I,46.16162943483801,0.221727539056933,8.48164136213866,60.43080090614226,348.8305456294677,344.0530054704835,46.66974783402861,0.2293642686958856,8.46218782882694,59.53705292855017,348.7445513423097,344.9459258358654,-99999.0
K15RS1H,classical,m,0,S,46.93133431033596,0.1726655542436505,4.812357773120037,115.8107424068053,348.0806060232152,294.8195312252526,47.35550296880727,0.1740417109115741,4.798300693761983,113.1315795218241,347.9856632451171,297.5095217630642,-99999.0
K15RS1J,classical,m,0,S,46.13243644100255,0.1753642202136902,10.87088392410534,225.161931427038,357.7725253802865,144.9329316075531,46.46951055424906,0.1684427289929921,10.82909063688578,226.6578908270403,357.6944232638379,143.4744120525854,-99999.0
K15RS1K,classical,m,0,S,44.31016857550004,0.07520279753544223,2.275982281740911,120.6415429164193,317.1621871355968,309.8489998304423,44.71056929050864,0.07989436646202158,2.273075886587284,115.5718562361064,317.050830137063,314.9565860157095,-99999.0
K15RS1M,classical,m,0,S,45.79387226849001,0.150512401615982,10.52822048430823,249.433103326228,356.0373412105057,119.2983593144899,46.15403027220573,0.1458220706607863,10.49107947817194,252.1348675351016,355.9560549242373,116.6396256870929,-99999.0
K15RS1N,classical,m,0,S,42.52926353354774,0.1281888757151874,40.36183939855385,322.9991841735755,195.5689367662195,230.035283601239,42.78925754095181,0.1232568257732587,40.22516068312184,321.087074933673,195.5554558081414,231.8983966254871,-99999.0
K15RS1O,classical,m,0,S,43.85230334526173,0.1697224160944621,2.372887971742911,123.8080605103967,281.2970275780704,345.2654090611925,44.30426722819399,0.1774745455838631,2.372179697282158,122.7216141912913,281.2738719956209,346.2893207110875,-99999.0
K15RS1P,classical,m,0,S,44.93948845920897,0.1169832476581456,3.023346853678808,320.7591801136043,273.0004087621433,137.4302508460612,45.29310491304349,0.1107804105100708,3.022370230318303,323.5208096133825,273.0095456720543,134.6065902199106,-99999.0
K15RS1R,classical,m,0,S,44.25016781168482,0.07303076408367226,1.54432084238388,49.29369923301191,243.6809877614253,77.72395769597803,44.64168612299434,0.07489584915445006,1.542171028732676,55.62999233794485,243.730956683275,71.29356598168683,-99999.0
K15RY5X,classical,m,0,S,41.77923963338613,0.04625689161334652,15.18511002192949,46.85748828015337,77.59425459615935,273.3862324459378,42.10659929281402,0.04565796719700924,15.16888812021245,37.15065899433796,77.6410298179752,282.8988155007668,-99999.0
K15S20P,classical,m,0,S,44.93620879535136,0.1118164010030573,3.088248710323443,119.7630291691684,99.0746025243865,110.675084048693,45.25273531024438,0.1069839123014895,3.088473725205475,122.7986452612956,99.09521542472083,107.8314985233707,-99999.0
K15S49Z,resonant,13,7,I,45.45339268213165,0.1666534110104126,27.52720713883211,264.358063176166,141.1728585188788,353.9984412178698,45.8910146447044,0.174282205957787,27.51108300333605,263.7192805422247,141.0683362013488,354.6021928639678,-99999.0
K15Ta0Y,resonant,5,2,S,55.59251029554594,0.4283939384842886,9.997168025164923,240.9977610416714,44.18851148520111,49.7649549284975,56.19378654280447,0.43011045159802,9.966465034243248,242.080740883285,44.24633653659627,48.60758597499784,-99999.0
K15Ta1A,classical,m,0,S,42.94441579038467,0.08947879448692056,5.041894693557121,128.2335413712593,97.67396953983436,156.1607973621875,43.27295566032605,0.08241364617942457,5.040689807472125,130.7675015114593,97.68991510749395,153.509288558781,-99999.0
K15Ta1C,resonant,3,2,S,39.29369464087255,0.1114346058822401,5.718254127309894,103.4497022030091,130.934636672324,147.1846895355538,39.57906446751429,0.1052410751025767,5.715434294834252,105.9432048635449,130.8421878369462,144.676345403705,0.0
K15Ta1J,classical,m,0,S,45.25894835127995,0.0427043966207848,7.952736498896262,256.557715178956,114.1625506263635,15.07861874431245,45.66484577699534,0.05098278569292487,7.951781324911334,258.1894052680711,114.1217619547414,13.38309860777522,-99999.0
K15Ta1L,resonant,7,4,S,43.64181185852335,0.1640552417592556,10.6265995568077,319.2561005499724,72.85741309453957,359.6223463386406,44.07906488444353,0.1721662003858117,10.61405354261173,318.8127102710863,72.9018822731018,359.9024897227732,-99999.0
K15Ta1P,resonant,3,2,S,39.39520158702328,0.1320044032406859,9.649453398362665,99.33480145739581,150.1589387391725,125.2132585890058,39.68775768321275,0.1274630003960742,9.634554822079096,102.2140766977449,150.0364674185491,122.3688742629234,0.0
K15Ta1R,resonant,5,4,S,34.88323266394472,0.09936895634189254,6.373031945648585,206.2843165582028,118.5821309233733,56.4770119790041,35.17129314120969,0.1037405579913825,6.372110733913825,209.7766657917334,118.5357693025156,52.92817047778252,-99999.0
K15Ta1V,detached,0,0,I,88.79797899792202,0.5727648454258041,25.21068611887921,14.01051891697063,33.6135528781582,355.8792162160685,90.69872456110645,0.5814223935734862,25.15210908965325,13.66707782906551,33.61759746164356,356.0889929411829,-99999.0
K15Ta2F,detached,0,0,I,69.00871011765093,0.4783082259355828,28.81732395702772,260.2549969020648,185.8348994525631,342.0716106320987,69.9098481025174,0.4835310944661296,28.74658110859246,259.5804141477842,185.7565401149955,342.6524263771794,-99999.0
K15Ta2G,classical,m,0,S,44.21691657903848,0.08935608297921477,5.539284562350782,3.630116718655711,131.7098563680649,258.3454421824066,44.57622480250841,0.0863975067138497,5.53583445663711,358.7300461809458,131.6179218218795,263.2352718511153,-99999.0
K15Ta2R,resonant,7,4,I,43.7861019648787,0.1580174678773709,7.014548974239263,330.2035688035994,79.27619844506218,346.1445565671545,44.21734105176382,0.1655149852223899,7.00828700282853,328.9570077855641,79.31872761653885,347.2289637769275,-99999.0
K15Ta3J,resonant,19,10,IH,46.1331656583751,0.1807555005082442,14.33641724159301,354.1648535299414,97.38391170301998,320.2573637111113,46.54400902225488,0.184767983456525,14.33265067869484,351.9972252200138,97.38777386038751,322.2489137496405,-99999.0
K15Ta3K,classical,m,0,S,40.88764110418331,0.06647745023737194,14.78797147108544,174.3330780792599,142.993015200318,72.84693107987742,41.21432933151114,0.06968597469602052,14.77788834407965,180.2624872720883,142.8753275186206,66.88284100456436,-99999.0
K15Ta3S,resonant,5,2,S,55.35645585573418,0.4418467294360874,14.60134204617903,227.2321308189643,125.7713481127921,19.03878427793953,56.16675004140993,0.4491944087066017,14.60067395166671,227.8235514128678,125.7091638087102,18.4025722241274,-99999.0
K15Ta3X,classical,m,0,S,40.30302397888569,0.02433985637461463,16.96810363543102,128.1922600257371,147.037722326584,123.3814763587816,40.59879441017247,0.02244167285691277,16.95526966790396,145.7024138924379,146.9080150665414,105.8228680502456,-99999.0
K15Te8Q,resonant,3,2,S,39.39341285959736,0.2677145402140151,14.24287040210019,358.8008366306398,2.856039753814195,29.33177546843014,39.76112105886948,0.2738177311009939,14.21758679731293,359.6093234379136,2.74078677575455,28.47038034308296,0.0
K15UA5N,resonant,61,4,I,184.9146664700282,0.776066762681225,37.02390816925666,231.4506974720802,129.3490141872407,2.693143217077967,194.1948894461693,0.7866243040477655,37.01389579879255,231.7471549676888,129.2788235741727,2.477566487327176,-99999.0
K15VF7D,resonant,2,1,S,47.70203774028192,0.3102513746044481,0.8921405355429857,17.99810495817435,72.47095603423433,347.7587247251568,48.06102572260683,0.3145587801574841,0.8904698530890254,17.18385926958753,72.49144010445926,348.2934532653256,-99999.0
K15VG4A,classical,m,0,S,45.76710905975941,0.07207068580554622,24.6863826232613,67.20271927672195,233.7599051002997,113.5015553299008,46.02577364028775,0.07198166773599737,24.6245754832837,72.0307792700448,233.7299191187689,108.3947119169631,-99999.0
K15VG4B,classical,m,0,S,44.88498974667826,0.07962750526205072,24.68183157022259,147.809794033833,228.4183830081795,40.73609099387848,45.15658040306412,0.08524130798569264,24.62323109413527,149.1959456687673,228.3710689048924,39.10882726821681,-99999.0
K15VG4C,classical,m,0,S,45.30256283148142,0.1432310268384079,25.67561903758652,315.6351672400416,51.23160133207683,41.69817118274024,45.61388172244324,0.148784418396811,25.61607517319421,316.737500817852,51.19878672136658,40.3622147486446,-99999.0
K15VG4D,classical,m,0,S,45.8250897934477,0.07184454608491118,27.89269846310991,147.5814519530845,229.6724125941487,38.22140838350089,46.10648603357433,0.0776239539563213,27.82600724040672,148.9505541226781,229.6345001442566,36.6064957118047,-99999.0
K15VG4J,resonant,3,2,S,39.35991034167748,0.2042892347457263,6.357488279584021,207.8715888084885,57.29811814735992,138.5179122165043,39.5740211318395,0.2006372046361183,6.339697811649748,209.2887448193256,57.29334325233658,136.8186503782288,0.0
K15VG4K,resonant,3,2,S,39.21503920157475,0.2468192613436649,1.966754148203757,255.6615965998383,186.0160497689902,350.8507103866376,39.48724903106499,0.2514492656861636,1.964934300316241,254.9782583720212,185.8975065939783,351.4127162631682,0.0
K15VG4L,resonant,3,2,S,39.32055007741097,0.2376831135945985,11.59915004916119,169.0852093575285,220.4347490951894,22.21755719089147,39.62212727892514,0.2436054589151117,11.57645197338123,169.3657882671736,220.3679537929784,21.77201955873454,1.0
K15VG4M,resonant,3,2,S,39.23591793260491,0.2523964934586562,18.28648336151328,332.5102445402679,54.15249985243351,23.15418823090359,39.53788983099945,0.2581919852108766,18.25264294568896,332.784671252663,54.11857046594572,22.68564363835113,-1.0
K15VG4N,resonant,3,2,S,39.44732897775668,0.2415291512996342,9.429910076593425,90.24252696399495,62.02880190423172,294.2912615999622,39.64107793786032,0.2399296779692597,9.410821761225455,88.93706354987897,62.0253077110121,295.3244666961307,1.0
K15VG4O,resonant,3,2,S,39.53286825489393,0.3013949291946351,14.16183151682854,356.3024109704822,58.15601004429076,7.225106120502714,39.84366634757939,0.3069712770777082,14.13935670169647,356.1006592230455,58.1254206150704,7.233978892843695,0.0
K15VG4P,resonant,3,2,S,39.21911602650329,0.2526913319595817,5.295998681969172,126.7749069021452,223.6285220368347,49.77974112393846,39.50647360473049,0.2570020909466421,5.284709083090078,127.7770252442993,223.5611188612673,48.59523576087264,0.0
K15VG4Q,resonant,3,2,S,39.58075222488092,0.2448117243640329,15.03603895952557,9.439177080588113,55.61579308641731,3.696769549141846,39.84197982088111,0.24982811866706,15.01057897849904,9.014124660027095,55.57539737834393,3.913946260825779,0.0
K15VG4R,resonant,3,2,S,39.26711250299449,0.2061608319215922,1.654751287043649,317.4684320200936,100.1543031592074,7.726192013435715,39.53110475658921,0.2116378107983843,1.65420059064218,317.053046932418,100.1622624883828,7.880897846956296,1.0
K15VG4S,resonant,3,2,S,39.3564414769145,0.1539882609168277,20.72141946306987,237.359884952264,228.7500478688148,330.9930575019453,39.56361285493323,0.156489392735337,20.6800590445088,235.6677160004203,228.6992865463647,332.4643346715583,0.0
K15VG4T,resonant,3,2,S,39.27173398487691,0.2603454058880175,7.033459438767526,253.4745936868786,76.52325680113832,64.80398486546605,39.54855226539188,0.2632058744960126,7.023243385787747,254.6427398820105,76.52995797361623,63.37149354304592,0.0
K15VG4U,resonant,3,2,S,39.51807305400955,0.1391244615322794,37.49988180080184,86.00467150934564,231.8057205928509,88.99734648694532,39.7238264280389,0.1407177114182387,37.41442645647076,88.0677976161349,231.7686198977874,86.69075396086822,0.0
K15VG4V,resonant,3,2,S,39.50883570095151,0.0894197925950151,1.764841084252068,30.24144292976527,48.70554325358408,348.4532218804168,39.74253393675307,0.09412004347585165,1.760240651628985,28.09756113445847,48.66218464489952,350.3663442048557,0.0
K15VG4W,resonant,3,2,S,39.43213690420468,0.1592848890032952,1.381360618079018,167.1268314933727,197.5685146949679,45.17816219366479,39.70306072100713,0.1644774305122688,1.379293547559726,168.3743812988392,197.4493261184396,43.79217588075182,0.0
K15VG4X,resonant,3,2,S,39.26554157897118,0.3298176746875422,16.8724237796366,183.1542745719705,230.1815839086819,9.900756328941599,39.55936191159482,0.3349967095577455,16.84679970195538,183.0466097000508,230.1254837614848,9.838161355692451,0.0
K15VG4Y,resonant,3,2,S,39.36168227936512,0.1846155344953382,1.284957637401803,233.874535058169,166.3232041489899,18.37266792140905,39.63604162658275,0.1905283624401018,1.28480149648128,233.9866974614122,166.2040798730737,18.12855287137714,0.0
K15VG4Z,resonant,3,2,S,39.43669187250477,0.2190583552637251,1.753843930319482,281.8523063813096,208.5571139276165,316.234122112657,39.63988951028951,0.219727798646079,1.750876162524948,280.5214274710553,208.4611333261391,317.3863776435227,0.0
K15VG5A,resonant,3,2,S,39.61304915643529,0.2817825791381827,14.16688483440421,118.1920929818826,225.0161467678009,51.51721583265218,39.909495372465,0.285702793537824,14.13500688146785,119.1675765831438,224.9555425420585,50.35903319012541,0.0
K15VG5B,resonant,3,2,S,39.62822689994809,0.2040103027346424,2.647210477167643,250.5167207188162,119.1871735578439,38.02585760234923,39.91921390491958,0.2094745954980411,2.64805412651352,251.3115249873002,119.1524635694667,37.01874141048882,0.0
K15VG5C,resonant,3,2,S,39.34937315155653,0.09945986464829318,13.35636040011123,154.2385478369548,232.265693728825,30.52211253866056,39.59909329080442,0.105320739054342,13.32828144203211,154.9179019739485,232.2289591449793,29.61631765418036,0.0
K15VG5D,resonant,3,2,S,39.52138114136291,0.2233574146690359,12.00909114912401,103.7786532561556,50.6022777743781,292.7116616628472,39.70472167995916,0.2216322055928321,11.98034436503207,102.461032473932,50.56679034319404,293.7804286628726,1.0
K15VG5E,resonant,3,2,S,39.57099578000894,0.2132424617024176,0.6269478122641555,300.5761693360087,61.75572880285572,43.05138396748654,39.86093759627012,0.2183427791876308,0.6252091182333468,301.4568408450376,61.76454885320322,41.91346977796061,0.0
K15VG5F,resonant,3,2,S,39.33041215531077,0.3455476241389346,23.48017846962792,285.5686137899426,228.2336351034559,307.6313995949077,39.48684088526483,0.3443729858936934,23.42941209595763,284.8153198789028,228.1896680154647,308.1583435665749,-1.0
K15VG5G,resonant,3,2,S,39.2888637842404,0.2169053321420641,10.24006972150409,211.7551741042118,218.8464634699097,357.7703155185001,39.55518059585156,0.2219905537357443,10.22093650876926,211.1366493390478,218.77487534233,358.2152752836185,0.0
K15VG5H,resonant,3,2,S,39.45739559213357,0.1540752039581734,13.67356726752848,6.786906277079255,56.14841195710702,1.291597924210211,39.71461097456441,0.1595100585584206,13.6472049495943,6.010553800639676,56.12052168348122,1.841639731659002,0.0
K15VG5J,resonant,3,2,S,39.21010035584835,0.1087775797893289,6.074583836770395,315.0911761434629,72.13299415569162,29.39289626313523,39.4666321399161,0.1147433301000605,6.065271215258226,315.6683189326386,72.13585816506203,28.55264180764359,0.0
K15VG5K,resonant,3,2,S,39.55001658923332,0.2532557636219773,3.12409205459341,219.4018236086737,174.8066968649294,19.74329590050304,39.856898828252,0.2591835164173745,3.122201666126527,219.6534710750038,174.6765673827643,19.38777573273181,-1.0
K15VG5L,resonant,3,2,S,39.46004987366788,0.1587588030394002,22.67911907447452,196.9989472395074,223.6973286716137,3.455462685117491,39.70556167072441,0.1639884812502899,22.63340260226833,196.3682845970548,223.6378151050102,3.892724422683855,0.0
K15VG5M,resonant,3,2,S,39.45515432259042,0.2067801002248689,7.213284229399775,11.783091060749,76.31318765942144,345.5285772970668,39.70927077492797,0.2109540999118511,7.204780704515026,10.68863846545967,76.3129984889166,346.3707608792496,0.0
K15VG5N,resonant,3,2,S,39.22220352874932,0.2286018373881071,3.949720503764569,315.8489501801435,97.88366861063862,8.60959038773163,39.50599205035136,0.2343128510026844,3.948434817139168,315.551032718213,97.88170919058484,8.668652293189874,-1.0
K15VG5O,resonant,3,2,S,39.47349760715916,0.2102971512784011,10.01671518235579,50.36981690894012,58.43880956629756,330.2653562273086,39.70860459203755,0.2128609793092568,9.99809074432053,49.00281303914958,58.417748672903,331.3956760521375,0.0
K15VG5P,resonant,3,2,S,39.39064497821052,0.3351009334655249,15.12115178972178,268.3214155343788,225.3674555244022,323.5725641624878,39.58737511440764,0.3357238461400282,15.0920362183492,267.4962253063138,225.3139615403871,324.1953387819505,0.0
K15VG5Q,resonant,3,2,S,39.24871588230487,0.2792640766599101,19.10402930895533,289.2136284540707,224.422240628789,299.2658284925358,39.42049739187524,0.2778094873273465,19.0593302950793,288.2196879985853,224.3705440649466,300.0357719203524,-1.0
K15VG5R,resonant,3,2,S,39.49888802169932,0.04633332489247676,12.72815274524219,305.4446141501065,61.04662084029874,50.05621011245186,39.73997885754252,0.05168843452695233,12.70193809826544,308.8939855185341,61.03714730172003,46.34790622993093,0.0
K15VG5S,resonant,3,2,S,39.46802851973696,0.1846321352212494,3.071926898716388,187.0072329406414,120.3434447360788,91.42490080088173,39.72330576768753,0.1853133787914786,3.073030912795141,189.0058864373628,120.2948170725013,89.21067912585171,0.0
K15VG5T,resonant,3,2,S,39.32735215649502,0.2779696542818584,13.55924864143198,165.302162261397,214.6383331699031,27.10319532393653,39.63825509835957,0.2835792798198762,13.5335320722135,165.7422897827401,214.5548569352013,26.51937577459175,0.0
K15VG5U,resonant,3,2,S,39.22718914276187,0.1595500946391082,5.136159636802689,8.840242215417932,80.43902740428739,341.5547074356846,39.47468175728822,0.1636598027885115,5.130637081662236,7.324116013081241,80.44605300079972,342.8069890982436,0.0
K15VG5V,resonant,1,1,S,30.1192442140381,0.08597899493070817,16.85484367808586,245.695313899783,225.1461524171872,322.0193036379798,30.26435382807326,0.08804604550738322,16.82286087814806,242.7829831294902,225.0886809789409,324.746338775587,-99999.0
K15VG5W,resonant,1,1,S,30.10037794850009,0.05101690654002134,4.997957211192078,65.19544060575775,78.9245234174725,285.2806029452285,30.2483525589032,0.05024852082945196,4.992159164917286,59.31324073221568,78.9301012430133,290.9095484865787,-99999.0
K15VG5X,resonant,1,1,S,30.07276279685381,0.07524390780071855,17.1396573970462,7.981004962164485,226.7445846010274,193.9733681136219,30.19644016411841,0.07058560969520254,17.10230996819468,8.934452997757642,226.6850803796846,192.8061143183632,-99999.0
K15VG5Y,resonant,2,1,S,47.72966714184788,0.3027027247483058,1.288289517948333,272.5497245097002,83.0191187254007,37.00278402777403,48.17833256286529,0.3083538569707828,1.286612604446904,273.2810464112376,83.05024672024025,36.01146889674518,-99999.0
K15VG5Z,resonant,2,1,S,47.68962365938227,0.368111657255679,4.114569461652761,264.0228358719598,102.4531206163209,26.52617858789086,48.18708866449777,0.374247235600018,4.113833423585075,264.4932061322505,102.4487831944287,25.85093084192975,-99999.0
K15VG6A,resonant,2,1,S,47.76444537670933,0.4183659094373661,13.15312883366542,288.6653876997556,51.49495472875947,40.28701657047181,48.22269203489521,0.4226224596117455,13.12206806943525,289.3685374220362,51.45112694601244,39.39917007204248,-99999.0
K15VG6B,resonant,2,1,S,47.64485432484899,0.3266051605326958,1.045355447020336,316.3156826014208,104.0768352212998,4.152918784644705,48.05547487465402,0.3324521082134473,1.045102417563794,315.9663067843352,104.0927407821713,4.241557895117462,-99999.0
K15VG6C,resonant,2,1,SH,48.10193469554132,0.2403260609459192,2.917396641857999,28.96599895439672,50.25542421967715,350.7209050051553,48.46950429173253,0.2454778673032893,2.91066927739935,28.08756442591059,50.21981782833803,351.3702242291313,-99999.0
K15VG6D,resonant,2,1,S,47.66816248936707,0.358495731190228,1.910722941912194,157.3712785713582,217.2686772970524,24.57820534273332,48.14121683276789,0.3646541205149655,1.907335765045842,157.8112151032504,217.1896117732141,23.99311037215667,-99999.0
K15VG6E,resonant,2,1,S,47.83766396896925,0.2125911855124792,4.344571299666907,323.9559536397419,62.57453430912422,23.49156226569909,48.23585392707418,0.2192438916573353,4.335883474092719,324.2597082472346,62.5669435708363,22.93907647482003,-99999.0
K15VG6F,resonant,2,1,S,47.69742828744157,0.3155529249035639,1.568673975757492,293.6893054741754,173.5231678032801,338.1557658819258,48.02434219211041,0.318547413454235,1.567826025747148,292.8653440931895,173.3983104520955,338.8371245215989,-99999.0
K15VG6G,resonant,2,1,S,47.8030847914445,0.2097335100219678,17.17583131938271,330.7846988806222,51.50428613711508,25.79476708414233,48.19169879180701,0.2161970975427977,17.13740243767473,331.1972018212184,51.47206169603825,25.16111016057661,-99999.0
K15VG6H,resonant,2,1,S,47.75098843224269,0.3153738575184791,3.389731718615174,7.644693172036287,69.25547538807693,354.1145607319041,48.1498835207445,0.3206480787895001,3.384606103454425,7.018465770511976,69.25373055519228,354.4959875576045,-99999.0
K15VG6J,resonant,2,1,S,47.59307353499943,0.2954874475476333,3.653454754775712,184.770811522139,201.0603973198272,20.40655227968323,48.03765304982353,0.3020896625191346,3.64693459557072,185.1077741734785,200.9518541552553,19.94485165688948,-99999.0
K15VG6K,resonant,2,1,S,48.03683716639269,0.202443030812723,2.322781289441643,233.8168740365527,135.1653806431003,35.10038984325109,48.43965333457463,0.2087441860825795,2.323632059044825,234.709513159004,135.082428111642,34.03658241386038,-99999.0
K15VG6L,resonant,2,1,S,47.7947927525539,0.3219507972208943,5.456833982085072,236.5791248549905,196.6128952200416,355.9941076298859,48.20524785590487,0.3274392728586465,5.448479941156802,236.1275702563278,196.5021856647865,356.3142212985429,-99999.0
K15VG6O,resonant,4,1,I,75.6755165376637,0.4908626192723789,11.27221148946625,66.30377878798386,213.8700466479643,76.96421545818852,76.35689267648638,0.4899199251103469,11.216307621866,67.35659366694316,213.7758932427721,75.7156238755005,-99999.0
K15VG6Q,resonant,7,4,S,43.66326109483841,0.04791496931645464,2.022800503882957,275.4934880680512,58.32959823899827,78.38835711568197,43.95168008020203,0.05143946811914203,2.017440837825459,282.0198844936831,58.32954854064656,71.58873916262849,-99999.0
K15VG6R,resonant,7,4,S,43.57697779405397,0.1676876908233778,6.83420214764865,187.3060294792345,227.1922398726197,5.303617611405052,43.89881666515037,0.1738797797733943,6.81983632222815,186.7825347375533,227.1469470356505,5.6174564237096,-99999.0
K15VG6S,resonant,7,4,S,43.67014859497493,0.1333104350934952,2.737136707014941,197.1316365249037,69.74010144340504,140.8928935507698,43.92984872037059,0.1295241123817773,2.731052386968982,199.4571410751566,69.76603672076375,138.2502593386772,-99999.0
K15VG6T,resonant,7,4,S,43.69430295091854,0.202121141708912,8.266896241793056,71.45091710939353,67.03144443399182,305.1244124617598,43.92719601995783,0.2017860044720679,8.251832632683133,69.77283331003098,67.03112155544656,306.5112006997661,-99999.0
K15VG6U,resonant,7,4,S,43.70818602082993,0.0880591320079673,3.554574631334516,151.6659970659435,76.57109024157013,193.6718466642073,43.94350731833439,0.08191328975777779,3.548552088621638,152.4688754659454,76.5939118164582,192.5348821211432,-99999.0
K15VG6V,resonant,7,4,S,43.68256616929639,0.07745736732947431,2.762900756251626,46.4034539189304,148.3812311236455,231.2641518586488,43.92052804858503,0.07176609250760096,2.76300340275929,44.5077737491378,148.24305227556,232.993114287497,-99999.0
K15VG6W,resonant,7,4,S,43.65541290847623,0.09224140393163147,1.519417755964932,73.13060225946903,59.23159827894545,297.6662126490152,43.911069208147,0.09224081922883172,1.515377836586057,69.22439428684979,59.22974683892753,301.2849183401982,-99999.0
K15VG6X,resonant,7,4,S,43.58091419459153,0.1248730426763644,3.071670367879406,153.9531267786199,44.04024060353999,230.8210070941458,43.80337776943106,0.1191160014409868,3.061643513105582,152.928402044162,43.9883903937473,231.5860723311901,-99999.0
K15VG6Y,resonant,7,4,S,43.6623782032663,0.07427183961797622,1.229117874879074,279.9476093688305,60.80610308372113,71.95319717008482,43.94626414070444,0.07815055805435571,1.225748455121332,283.8360376629204,60.80858844492311,67.77881739391036,-99999.0
K15VG6Z,resonant,7,4,SH,43.6877360264228,0.06173678579092746,4.46593576711085,353.3698981379791,61.09315914801214,4.527315949294321,43.97761864995314,0.06800072873007713,4.456096103549887,351.7764133021699,61.08955201287341,5.851204200550735,-99999.0
K15VG7A,resonant,7,4,S,43.6928458572308,0.09481254397111756,11.38926142216929,226.520379864476,222.0705998230117,336.7635365923491,43.97124703318541,0.09904429050382481,11.36172940296539,223.8114255989155,222.0136253309829,339.2545969113628,-99999.0
K15VG7B,resonant,7,4,S,43.64175600182764,0.06861515746222936,2.939403993546192,328.3718734318409,101.421883904953,351.5494061300446,43.92800610480426,0.07421485489447316,2.938788484220019,325.7606661104395,101.4235454766691,353.8839024997723,-99999.0
K15VG7C,resonant,7,4,S,43.69551969159937,0.1401237840967667,3.698361301928048,279.36266121288,163.70951163145,343.3458431770172,43.99339956775159,0.1448904184514654,3.696346843184917,277.7834710774322,163.568713736869,344.8000055934331,-99999.0
K15VG7F,resonant,5,2,S,55.50843301192461,0.2728537103246131,36.66227487403562,18.31196135729384,50.93086402462568,355.1566916214419,55.92727756423803,0.2779651982621282,36.58749932715017,17.65352319228245,50.90059155065729,355.5844723384728,-99999.0
K15VG7H,resonant,5,3,S,42.2901823111382,0.1396769087473239,0.674648534884797,295.072488173329,66.42896378860038,47.65843156530244,42.58863612167038,0.145009532111235,0.6728327374597933,296.4721714735805,66.45456922847296,45.96897058452512,-99999.0
K15VG7J,resonant,5,3,S,42.18856424046705,0.2057420657908268,3.509590056583698,40.69645680646902,97.10520992128563,305.7750661677842,42.41515555781238,0.2055180080874248,3.50830737651295,39.0477495545054,97.11009339435297,307.1348115866518,-99999.0
K15VG7S,resonant,35,8,S,80.48123809439227,0.5140762169204978,7.110879496513395,196.97131820638,204.7599162874151,5.939437958360843,81.77789255782861,0.5219190097831581,7.097197886834622,196.98240761116,204.6633840776688,5.802857392860048,-99999.0
K15VG7T,resonant,13,6,S,50.37181658258773,0.1904288738150884,6.207161482366576,310.7280349073475,81.74352532073168,19.24777416320482,50.79379562535635,0.1973960261494423,6.2003486593005,310.83879188287,81.75736768099732,18.85981622404192,-99999.0
K15VG7U,classical,m,0,I,46.26885743906349,0.1742204842112163,4.963688604040658,175.1746048153838,225.2885092476447,14.89906582665546,46.62947463961765,0.1808622729048435,4.952868533739558,175.1138664524283,225.2380311333163,14.75091337589273,-99999.0
K15VG7V,resonant,16,9,S,44.14035716929943,0.1441413797879814,11.93126582202717,14.6329046357829,63.02300304644825,347.7425623900963,44.44211356781832,0.1491997150167537,11.90904009107369,13.13786292142156,63.0162189568017,348.978240821581,-99999.0
K15VG7Y,classical,i,0,S,38.80290379698935,0.01652566874563768,34.95715301934359,232.2390289756011,51.39909297566852,135.66600884814,38.99234742014357,0.0154349429899582,34.87715223344404,250.8018890624383,51.36684583860693,116.8599740159106,-99999.0
K15VG8P,classical,m,0,S,45.49320753613427,0.003714306919191321,2.002521770991991,123.2755036057549,57.27884993623139,236.8300955360075,45.78544021098371,0.004297919782896228,1.996962104764648,9.208128737346149,57.27797004902151,350.6145163066113,-99999.0
K15VG8Q,classical,m,0,S,43.5458561260017,0.04324404058442317,0.2509108429023182,13.69816019851478,175.4978927692096,231.9721341453761,43.8047896470536,0.037632804472809,0.251101386586622,9.06894781126368,175.4504970317001,236.3614168695423,-99999.0
K15VG8R,classical,m,0,S,44.40757525526628,0.07180850986412968,1.675976051548863,207.472332586988,79.3370503596047,123.4712306640476,44.69017910905974,0.07009942205457864,1.673221620807529,212.6702611165597,79.37420054839775,117.9534440675323,-99999.0
K15VG8S,classical,m,0,S,46.8573523560438,0.1787743952007204,3.495905262572746,133.4999976005768,60.97357117900508,235.406705923565,47.09815871750696,0.1728678788627506,3.486114798865261,132.6065073741383,60.98559163296562,235.9715396987095,-99999.0
K15VG8T,classical,m,0,S,45.29051343687195,0.03522292295688568,1.201481981095909,187.6030698765838,223.5343325228145,6.574708784094552,45.59146093399206,0.04174183537558887,1.19900046683847,185.3685647480727,223.4815498059022,8.582912976261426,-99999.0
K15VG8U,classical,m,0,S,44.35359265621962,0.07225229373419594,1.158808246819738,347.5999221495636,151.0897983519994,286.8007757990675,44.62501674036803,0.07140612672001324,1.158814162775025,342.5343267946012,150.9747988353744,291.6978811109008,-99999.0
K15VG8V,classical,m,0,S,45.48668957119884,0.06088470890816139,2.118723623652173,325.5946772413652,85.59708025266498,6.039331336872603,45.80077043432911,0.06744433566515266,2.116439251427786,324.1338952267207,85.62457468865851,7.199969352039277,-99999.0
K15VG8W,classical,m,0,S,42.67233140686032,0.04171800013228732,1.9538009945637,201.7119174466916,96.74170009551443,114.7829936887242,42.94164428872399,0.04144128597561824,1.952810474122828,210.7400796514874,96.76080456047715,105.4595101141904,-99999.0
K15VG8X,classical,m,0,S,43.11484213150453,0.02776649916019258,2.650839138110684,124.1269355644637,72.358595101686,223.2802772252018,43.37466773556199,0.02180732632331426,2.645863187737417,118.0960233747222,72.38173569536558,229.004023360209,-99999.0
K15VG8Y,classical,m,0,S,42.78241897216748,0.02151426579072324,1.756978114081138,271.2980619342993,123.554037469399,22.5616949948283,43.05618691552031,0.02803431954040394,1.757615636515165,271.8124321182038,123.5066096003906,21.82039587778991,-99999.0
K15VG8Z,classical,m,0,S,44.19381154749478,0.1502742230937032,6.207861232026167,346.773757892126,213.7274218857391,226.2218768991937,44.42212941402786,0.1442282702858007,6.188493019052149,346.0916507726896,213.6462748826772,226.6791340281153,-99999.0
K15VG9A,classical,m,0,S,43.87016262307403,0.03897173165259073,2.175696065233226,330.2023931762271,97.49068691213826,351.5199200835801,44.15598520044431,0.04477166969908636,2.174750554889866,325.9310408637179,97.5049670012449,355.5012043377351,-99999.0
K15VG9B,classical,m,0,S,44.00735808708142,0.08036522434290894,2.081712332054066,129.0610157210577,104.9193384683977,182.9139250258631,44.26300173850251,0.07416697030616097,2.08149101581225,130.6467001748206,104.920878683879,181.0327543692047,-99999.0
K15VG9C,classical,m,0,S,43.47775352250962,0.1734088343764123,2.504054104795435,285.074028961193,189.0324181602642,320.9655310453753,43.75010750920947,0.1754812084815769,2.499994271968087,283.2619423516907,188.9024980986242,322.6352674204321,-99999.0
K15VG9D,classical,m,0,S,42.74181823840633,0.05561950046707387,2.245166045137261,259.4640750545568,161.7451303783966,357.5816705627415,43.024899256881,0.06166146819950112,2.243999779170463,257.1614239180239,161.6040986115907,359.7580448487475,-99999.0
K15VG9E,classical,m,0,S,44.30957477087281,0.03311217831573162,2.527129124070899,241.2138708331669,120.1131787058125,52.74315261551852,44.60579454025498,0.03885390309665632,2.527948206647003,246.8599892221615,120.0676931442205,46.87004835841388,-99999.0
K15VG9F,classical,m,0,S,43.83098623346153,0.06041256718273236,3.195503954450369,188.5288046792083,104.0281313483252,117.9153437149909,44.11331153484407,0.05941118019376615,3.195198946071281,194.8817922856542,104.0247144175144,111.2894261536553,-99999.0
K15VG9G,classical,m,0,S,46.57342645159491,0.05449292393205338,2.180504960857293,271.8485643715339,127.292552728894,16.27276882095761,46.90018876947126,0.06135978271647122,2.1813100486044,271.5607056768436,127.2276384559844,16.35166636656913,-99999.0
K15VG9H,classical,m,0,S,42.87932563911142,0.02719972795725354,2.521374345386677,42.82524367854098,106.7060114562003,270.9580444174841,43.14332444261316,0.0254696348861507,2.521342510324695,29.12138605756425,106.6988745930233,284.3909395373734,-99999.0
K15VG9J,classical,m,0,S,42.89942580107049,0.06069672365502936,2.884826592659596,261.1710074029285,178.1105686037561,341.8414573678314,43.17896918772325,0.06572892240260009,2.880955704358825,257.5906647540488,177.962954130945,345.2991728995162,-99999.0
K15VG9K,classical,m,0,S,43.80186410986437,0.05985933718557044,2.335106394165786,123.2298810894134,119.8362631047656,172.5563581553883,44.06497989859039,0.05409393676120751,2.335900668938871,126.5103277105199,119.789737692852,169.035086787489,-99999.0
K15VG9L,classical,m,0,S,44.87472467628078,0.1060045896496823,7.084846650772906,98.60484421837522,69.57991734256446,259.9915982494566,45.12979096984259,0.1020197632624276,7.071256244463476,95.76956998384965,69.59706919659315,262.5151609795768,-99999.0
K15VG9N,classical,m,0,S,42.50425602845215,0.0346420861143211,6.172766196784248,219.2597472452664,77.1313011222774,117.0384599377235,42.77300951880839,0.03424511041920418,6.16383957174671,230.1731863547267,77.15247557055133,105.8305614253906,-99999.0
K15VG9O,classical,m,0,S,45.64947048765026,0.1162280302051742,3.78156741392662,235.6425010377804,110.6501509430189,59.35813818761216,45.98449141918297,0.1209958387583262,3.782100220503324,238.0602825062766,110.627933403578,56.69768264286382,-99999.0
K15VG9P,classical,m,0,S,42.68022425370358,0.05784241300873789,3.593534350232664,223.6742481479193,47.98860231995155,147.2314294962385,42.91909837791277,0.05449850112715107,3.583000362908937,228.9948110362457,47.94169853102821,141.6519889541481,-99999.0
K15VG9Q,classical,m,0,S,43.85481715281536,0.03245988144501973,0.7100129136297827,245.0050139762994,43.8884983114143,130.8121724208906,44.10975773048822,0.03103755779607522,0.7072722282435203,256.0727563664012,43.82915071909706,119.4991168527636,-99999.0
K15VG9R,classical,m,0,S,42.65914389743735,0.1551829522225773,17.23293719180448,29.28160027855614,235.0901138494277,148.9652554694724,42.87715767151217,0.1514350957663805,17.18686273544833,31.03061151190855,235.0642182738952,146.9220843439236,-99999.0
K15VG9S,classical,m,0,S,43.38314235206638,0.04114927796399475,1.445650000039953,253.8071069581391,74.33145449199631,89.05141877141693,43.64734768647801,0.04382677950505816,1.442803571459397,261.5108312941206,74.35622018638288,81.02900581170006,-99999.0
K15VG9T,classical,m,0,S,43.79779464846652,0.07503945276152969,1.30077986061546,327.4762972882556,78.09082894162229,15.16554099408989,44.08024222384737,0.08129845799847678,1.298595003709303,326.9054246293981,78.11742373927375,15.42575175156408,-99999.0
K15VG9U,classical,m,0,S,42.50797190647233,0.02787195721094407,1.588011775507845,290.8322087238698,56.80825994590015,71.78297131146326,42.7622466431623,0.0322104794754377,1.583629506530365,299.367969649745,56.79300791521207,62.97039978005839,-99999.0
K15VG9V,classical,m,0,S,42.9924653376315,0.07993168686050382,3.004203345345328,180.6834948503263,65.54953293189983,173.9934637973408,43.22492603084238,0.07458867348094642,2.997077189971148,182.9839294565476,65.55524119197045,171.3763529768577,-99999.0
K15VG9W,classical,m,0,S,45.24371622030463,0.1812756288001023,17.9527159671616,312.8643516661838,232.3547284164259,253.9257840418821,45.44366624604056,0.1766253554326961,17.90450460210507,311.7941957226767,232.3228198716058,254.6999330304986,-99999.0
K15VG9X,classical,m,0,S,43.90783268442856,0.0592168564848693,3.181571015937783,124.6184389112199,68.72123054118596,233.5837375803833,44.14482972563523,0.0537315028203818,3.174852032894135,121.7458351272223,68.73059470904674,236.1359908375423,-99999.0
K15VG9Y,classical,m,0,S,46.77653085418127,0.1538232056868769,11.2097883357239,194.1280832291628,230.5867701653382,0.1020336817901817,47.09828905688418,0.159534763272228,11.18581175112719,193.2182609308335,230.5437376447969,0.7739091137066254,-99999.0
K15VG9Z,classical,m,0,S,45.26180014919655,0.08683563732784529,1.684135737519747,32.43216412399242,141.8652041247393,256.3186763796101,45.50495211307855,0.0826085714872864,1.684715330776634,29.44681246351831,141.7565772665093,259.0982341764787,-99999.0
K15VH0A,classical,m,0,S,43.48173995893131,0.04763905917995662,1.637999066065604,193.4451671706787,152.0826852849403,71.8763729850064,43.74919074455937,0.0517753121845065,1.638150295833275,199.0456596262839,151.9556135129692,66.10928813426118,-99999.0
K15VH0B,classical,m,0,S,43.78901410148828,0.009416180425209428,2.938424247732788,335.4003635044557,115.5862852957564,331.482090243918,44.04871646877579,0.01414323510515713,2.939321617521341,314.7595983756441,115.5533243051815,351.858624554915,-99999.0
K15VH0C,classical,m,0,S,43.59293159797718,0.0528046264257222,1.457084970932746,278.6039087734755,73.22684596036125,63.6992941391843,43.87152864486205,0.05754571729341507,1.454190533178498,283.093791220644,73.25116984335205,58.89998740706822,-99999.0
K15VH0D,classical,m,0,S,45.65791701914634,0.1566828186122725,10.11806556596329,219.1368141852786,54.19407116781426,134.1985767919276,45.92301273893368,0.1535937342893903,10.08835435426661,221.2550469463257,54.17388266676488,131.7886373262,-99999.0
K15VH0E,classical,m,0,S,42.47445874971627,0.1308071281357893,9.840525619305938,181.5460276668435,224.7236481643489,13.78317723911804,42.76059921973367,0.1369061242502374,9.818913832522092,181.2732067880872,224.66670111323,13.84505111083404,-99999.0
K15VH0F,classical,m,0,S,42.766199543131,0.02115337133446249,2.250312922454619,114.5042486965322,66.7540392444834,242.1283700193622,43.01148938376954,0.01663259156143715,2.245306549090212,101.397672031172,66.76273319414769,254.9301079529538,-99999.0
K15VH0G,classical,m,0,S,42.05062773596977,0.07513578008982362,0.5056250221315601,337.6491935723607,107.8463016772364,340.8767780151654,42.30557322192411,0.0795587420395273,0.5054294506847286,334.4626111720792,107.8998801029166,343.7274576724614,-99999.0
K15VH0H,classical,m,0,S,44.77842098366532,0.06288742412827908,1.304808758269459,321.3245456992144,135.4745426202288,328.9087406517613,45.05483013434655,0.06652867421993378,1.305384811321934,316.7799343155252,135.4011544960642,333.235301031924,-99999.0
K15VH0J,classical,m,0,S,42.8574375204316,0.04273029366183671,4.756295896500327,138.4243699853739,74.17081535636957,209.8413501545313,43.09907048313332,0.03649735146362147,4.748218065256022,137.4934626206446,74.18731508408835,210.4574679912415,-99999.0
K15VH0K,classical,m,0,S,43.3578501537792,0.04545438781027852,2.21366371702638,226.3097266598748,102.2199888187684,87.62178833531097,43.62544158997338,0.04818660870951887,2.213171134514422,233.3477294478316,102.2251428226695,80.28771361179835,-99999.0
K15VH0L,classical,m,0,S,40.07210252803467,0.05960016186339949,26.79922291149522,358.0930478698243,55.06139286421179,9.243412358024294,40.29315488684722,0.06497434733511845,26.74282020717265,356.7946585789715,55.03229673596995,10.29495936915,-99999.0
K15VH0M,classical,m,0,S,45.26074999009214,0.1294590229834989,5.728018724715898,218.7641772415201,205.0698089076284,358.863076233087,45.57530391709644,0.1353364235369688,5.715514363064898,217.734683533801,204.964003494617,359.7252994420798,-99999.0
K15VH0N,classical,m,0,S,41.606693216194,0.1037216668675234,16.45733047425248,234.8077456466517,223.3724702776546,331.5047819186843,41.84768289685864,0.1069882611963258,16.41965451367328,232.2209435214065,223.313525711531,333.8736294116301,-99999.0
K15VH0O,classical,m,0,S,43.92920855514921,0.03933394928507748,2.909439314226599,162.9874229092752,109.7741395073305,144.6328294982497,44.19155786773813,0.03615531000220593,2.909812822323223,171.498461402888,109.7567749441339,135.8426055414786,-99999.0
K15VH0P,classical,m,0,S,46.07176668928846,0.1284135038529485,5.927593520693284,39.50846986767478,80.46273968291386,313.0603937764182,46.35108289888149,0.1298011768876643,5.920458853650794,36.74264269398736,80.47746589698566,315.518342060141,-99999.0
K15VH0Q,classical,m,0,S,42.52093339823366,0.1415705470682338,10.57833011141016,39.81513172653232,51.21948628399063,338.7299613445541,42.78989009095973,0.1455729333336402,10.55483522036781,38.01837647058101,51.18446296450885,340.2916820896639,-99999.0
K15VH0R,classical,m,0,S,43.27510278342646,0.03939450683904927,1.611837253279953,255.3078294020256,53.14666137381563,107.0975182458513,43.54223076432171,0.04015963744050339,1.60702354196892,264.5523433745527,53.12745206871001,97.58463348662106,-99999.0
K15VH0S,classical,m,0,S,41.43580212977415,0.02125923986355676,18.17959831442939,318.0400821016427,50.27665919330715,50.75585901871696,41.67624678841842,0.02669274468333614,18.13483255632815,324.2680528833378,50.24087550263197,44.28276438155968,-99999.0
K15VH0T,classical,m,0,S,43.43148747041149,0.02608881114806835,1.15673147695978,38.02222089875001,249.8319877945393,129.6935600411998,43.69481354815407,0.0247661010214837,1.155347479435294,52.24217612124454,249.8193197603787,115.1955536602871,-99999.0
K15VH0U,classical,m,0,S,42.71043059346834,0.03195859379646546,1.845920058156328,104.9152226678979,48.95445905974591,270.071974386978,42.95936471019921,0.02982850526543526,1.840390415622904,93.96171173612343,48.92009948091177,280.7692342680849,-99999.0
K15VH0V,classical,m,0,S,43.21385156207747,0.02901244039832505,0.9120425484729261,294.3873952624504,31.03624378692614,91.54677515162142,43.48052583470604,0.03164962298395372,0.9087674001445478,305.5540685709298,30.93436198975814,80.19448885684767,-99999.0
K15VH0W,classical,m,0,S,45.75709267269676,0.03947373828986624,1.037590773378426,99.45021524168048,231.9712268320956,83.62525625791628,46.05249057395733,0.04274694219255294,1.035671272837803,107.5405612594344,231.9335258309412,75.28135426927656,-99999.0
K15VH0X,classical,m,0,S,46.65553455500263,0.06607919182028844,2.647307177526558,63.2125326668568,48.57075345783009,314.1115942010582,46.947580535447,0.0682998507489981,2.63968387165321,58.00253025029366,48.53443004820127,319.0627725707288,-99999.0
K15VH0Y,classical,m,0,S,43.17068638759455,0.02013863277507869,1.767893008581318,321.1265103193674,43.85962349366863,54.18152044786525,43.43519194889593,0.02571801902489749,1.762435224020438,328.8106745883374,43.80602125135725,46.26238467451284,-99999.0
K15VH0Z,classical,m,0,S,44.25041528368075,0.0869388446331873,4.189776448791472,248.7663283280264,56.69776360299373,105.2917172093899,44.52812652427122,0.08725516974158364,4.178682658977285,253.0522419396816,56.68330442285188,100.7279809181796,-99999.0
K15VH1A,classical,m,0,S,42.93054129577332,0.0377432772259438,1.207462661781749,150.2553418250756,189.27760298665,76.15705987722308,43.20126849611903,0.04160735648882714,1.205571423868214,157.8497908556653,189.144131368263,68.41414263318799,-99999.0
K15VH1B,classical,m,0,S,43.81594305090636,0.07913306453109997,2.388762499665771,171.4599070530933,83.59359577479577,160.2675574531251,44.07123765574404,0.07424917557261387,2.38564433017191,174.6110875161794,83.62418774464415,156.7880938751542,-99999.0
K15VH1C,classical,m,0,S,44.42681613025622,0.05440531414173397,3.593690467737404,45.08151527867212,67.53253441801145,312.1406571479848,44.70035374106411,0.05654203737909414,3.586470200838355,38.80126249605608,67.54154498066424,318.1240633681364,-99999.0
K15VH1D,classical,m,0,S,46.53303624295491,0.1065876581281891,2.791824247947376,230.8436176903797,214.308967582736,340.3190235375271,46.84510646474668,0.1112590904539442,2.785388155200765,228.5031630686053,214.2291099682773,342.456423984312,-99999.0
K15VH1E,classical,m,0,S,43.98209553760898,0.08892844458653554,1.825621452234937,111.4815958069921,81.36646512882871,233.5337702790525,44.22151620945883,0.08328009756977771,1.822859926067016,109.5546849746462,81.39982430461639,235.1227103301422,-99999.0
K15VH1F,classical,m,0,S,42.70310950016655,0.09707371919387882,18.12663290452234,22.99085781428638,54.96780807921217,346.7491913583718,42.96749315874209,0.1018549147080701,18.08740595057045,20.86507784095285,54.94296052204221,348.6265382414339,-99999.0
K15VH1G,classical,m,0,S,42.59501016895545,0.01881976338937864,6.109301310150514,175.9940751874117,59.14732078230214,184.9782328825843,42.84464394709274,0.01295680901486354,6.094672042046488,184.5215911120411,59.1381302675905,176.1694088097871,-99999.0
K15VH1H,classical,m,0,S,44.85709977390584,0.0991652617940872,2.460567615228118,22.0657964291498,69.88170948357727,334.7419569376218,45.14588929173428,0.1032245829232745,2.45592630492437,19.24681472673986,69.89342861838577,337.2668969108522,-99999.0
K15VH1J,classical,m,0,S,46.28709979178475,0.1669879048261803,21.68795952730569,358.5475774278444,53.61191846346345,7.336613851239704,46.61536767117686,0.1730191434149638,21.64212580153499,358.0513825058925,53.58263385558207,7.596411364564609,-99999.0
K15VH1K,classical,m,0,S,43.13702945148536,0.06723521989035712,5.127878347958844,107.0870573877487,67.25869202216258,252.3205526000402,43.37743385393308,0.06293682535560441,5.117358226770602,103.0655402704024,67.26716439118299,256.0365922993695,-99999.0
K15VH1L,classical,m,0,S,46.84590863261717,0.04356767487718465,1.599483612129559,30.28685146341569,115.6880785535478,278.2252480126543,47.1317576039091,0.04202683079094726,1.599871540925584,21.72324249750298,115.6656562282116,286.510433173093,-99999.0
K15VH1M,classical,m,0,S,43.995597679672,0.1009524292794969,2.044053860691037,100.8190074220271,85.92766679316567,241.9646064451245,44.23027282541894,0.09573114222106839,2.041639121056485,98.76934157677387,85.95780939909247,243.6770395295017,-99999.0
K15VH1N,classical,m,0,S,43.71887249396514,0.03088951680558233,2.630088498678911,138.1376665577661,86.83740821712483,194.4693492875399,43.97911527168642,0.02450266237616765,2.627377528816193,140.2168380567491,86.86294295812417,192.0728503576114,-99999.0
K15VH1O,classical,m,0,S,44.06794526178023,0.05499085822489862,2.864049954068251,275.2473326262992,88.53723233294048,50.85347590103472,44.3598007099711,0.06063297116517127,2.861531536860453,278.5582814500049,88.55772295069578,47.24365837095402,-99999.0
K15VH1P,classical,m,0,S,43.33787330392938,0.04488057762784847,3.94173451482417,26.4405971605807,76.35117644757173,320.5243710629599,43.60532177075371,0.04800938713987194,3.93582316587815,19.53660058865907,76.36868670987961,327.1278034385087,-99999.0
K15VH1Q,classical,m,0,S,45.18386958527836,0.1218851744908643,13.28962927582686,272.9135265119576,59.49475268366202,72.78099877380562,45.49617637514089,0.1252667929086403,13.25894212562406,275.5678478855734,59.48724567966558,69.85960965405353,-99999.0
K15VH1R,classical,m,0,S,45.1667205100681,0.06618553392678432,5.658940492957576,107.738040041788,209.6594028904333,93.97443217372859,45.46050745978991,0.06793472606014303,5.643490404556721,113.3086110291421,209.5625066459925,88.21471696239033,-99999.0
K15VH1S,classical,m,0,S,44.14348992430847,0.0765256480470749,2.950565723378711,228.3900086961813,82.41415866533016,99.75431032149092,44.42712514035221,0.07749857386142084,2.946777240329552,233.2121203734858,82.43946069488464,94.62181296988584,-99999.0
K15VH1T,classical,m,0,S,43.34335850758779,0.04781048832473695,2.355086925612817,189.9549088444827,172.011989771418,53.74862410533837,43.62330409357026,0.05325716842729022,2.352780790755788,194.0733593534228,171.8575700576955,49.50459930557178,-99999.0
K15VH1U,classical,m,0,S,43.60913219857262,0.01945625478090214,2.605229180215531,313.8282521092374,89.2182083589762,16.48842196230866,43.88103349803386,0.02586694285954997,2.602980104039575,312.4346771327948,89.2391097810617,17.57536966512941,-99999.0
K15VH1V,classical,m,0,S,45.8916871544812,0.1721356875763209,2.735152883923631,285.4738751421173,181.5810617480579,327.3840870334841,46.18696644630147,0.1749227215115941,2.731581671651435,283.7363753374382,181.4385440372038,328.9831771717878,-99999.0
K15VH1W,classical,m,0,S,43.25427971235509,0.005421138420526762,2.350812052160328,158.4217227873136,146.1467617101306,114.1477976944824,43.5199660304229,0.008239021377556817,2.351083470817967,210.0042408876711,146.0242381046171,62.40235301835608,-99999.0
K15VH1X,classical,m,0,S,45.20868807089137,0.1059062039503321,6.565666865177492,79.54778497481009,200.9263529125327,128.3905497802623,45.48772329356232,0.1034727211213504,6.547203844286285,83.05131754355564,200.7986919792356,124.7207379159747,-99999.0
K15VH1Y,classical,m,0,S,43.10257633364946,0.02599361579867617,3.004079504293502,221.4752334961445,113.4903474260164,81.6314786442267,43.3723303451632,0.02960943502975408,3.004761199497669,232.5773761584852,113.4626488894945,70.27400170846471,-99999.0
K15VH1Z,classical,m,0,S,44.29295869769642,0.08619207848043739,2.826529104674504,89.54734945515192,117.9844838253042,215.8316401514144,44.53777021022891,0.07989417365395371,2.827529754386714,88.78329154406586,117.9402837581752,216.3354703450912,-99999.0
K15VH2A,classical,m,0,S,44.21591134055555,0.06699393735322837,3.008434500174598,330.8936368322986,113.3457794343161,339.1430673062844,44.49970054705559,0.07166853307728067,3.009085736767469,327.2427575848908,113.3193693149512,342.5392055127683,-99999.0
K15VH2C,classical,m,0,S,46.73637617892618,0.139352122346695,4.071306665999652,138.3297357149961,105.242604011971,170.8070487243855,46.99925757931887,0.1335943216438751,4.071313289856286,139.7211932786856,105.2330556359727,169.1096321011522,-99999.0
K15VH2D,classical,m,0,I,42.07768851104566,0.117686025170809,5.120160320699783,38.20287805462663,82.69140467394104,311.4667970788147,42.32415743515894,0.1189705311279199,5.114714970867656,35.2870282510885,82.70520586216342,314.0882638246647,-99999.0
K15VH2E,classical,m,0,S,43.82499424882439,0.06700700395855692,3.698986561795132,178.9913742741053,105.3183978803777,128.8826026704236,44.09270018782808,0.06496146549571087,3.698902517180259,184.3715070050555,105.3098092993425,123.2192996872584,-99999.0
K15VH2F,classical,m,0,S,43.43037858420137,0.02178555709988185,2.923867544970459,279.7097837645646,162.9670962569653,338.63069787866,43.69730910189288,0.026712900685027,2.922212049250254,270.1947190254693,162.8138100968013,348.0125464938087,-99999.0
K15VH2G,classical,m,0,S,44.01177738945847,0.08728857083677875,3.428836136508076,164.0062049461011,118.8296663936392,128.672916340766,44.27962601601628,0.08507052899337175,3.430128039959218,168.1339087125636,118.7811360045578,124.2995911958676,-99999.0
K15VH2H,classical,m,0,S,43.86255801605003,0.06681467847328411,2.878281597526668,20.7326206611569,156.384084782231,249.1990817368614,44.10919135193122,0.06224011966098051,2.877369584887509,16.99863303960928,156.2319318232361,252.7857568821047,-99999.0
K15VH2J,classical,m,0,S,43.9219138916989,0.08082871684478954,1.4485946449552,53.47687149090513,50.02429972161588,322.2325776417386,44.19974231167843,0.08383898395848409,1.444326216292474,49.53656423380177,49.99831474946419,325.9195851520568,-99999.0
K15VH2K,classical,m,0,S,45.97630778823431,0.1311699375497118,1.936064701353787,197.4053868790792,235.7884078937191,350.3015717606395,46.30190312793444,0.1366893476503791,1.932592440566143,195.8827569992139,235.7605744985464,351.5808909939504,-99999.0
K15VH2L,classical,m,0,S,43.60028938226925,0.1104824823715665,3.698754138622683,351.2469246158941,48.95976365512802,16.53428208410509,43.9076868132064,0.1169834643270551,3.689412722318326,351.1322988595346,48.92426721378114,16.41988413377932,-99999.0
K15VH2M,classical,m,0,S,45.85887262320981,0.07746518440877845,1.501435021687641,333.4264975719693,52.14250230044343,29.08144989944379,46.18090528877624,0.08408792704789993,1.497066760880884,334.295296736597,52.12306095922077,27.95724712225291,-99999.0
K15VH2N,classical,m,0,S,45.62466634617531,0.05123865535889106,2.022419153881368,223.1367539593464,48.61255599787894,142.6982279049906,45.90796118486401,0.04787651985152626,2.015906402418703,229.8310986958388,48.58196687043032,135.7401673165511,-99999.0
K15VH2O,classical,m,0,S,43.41455458018571,0.1237370389115092,8.625371515149457,84.35772522975613,226.4307767229807,94.10316239161659,43.69837288832824,0.1247769305711754,8.602242232397133,87.38216745727726,226.3869395927744,90.84478546327034,-99999.0
K15VH2P,classical,m,0,S,45.35310579536301,0.1440675321099977,3.47433489867914,50.60416399667228,225.4806403063894,129.6955988675645,45.63054856266838,0.1412168154663486,3.464360160498544,53.0706510795678,225.4354365346766,126.976834838501,-99999.0
K15VH2Q,classical,m,0,S,43.79178422228387,0.03488400285312656,0.9608305307663674,96.84452213797731,49.22565126258322,277.0622446334806,44.05495127853865,0.03347783335548203,0.9575502284954333,86.33057455975951,49.19953358843001,287.3132348760658,-99999.0
K15VH2R,classical,m,0,S,45.4444766548968,0.03361904019978135,1.592184145067421,82.04254329795204,80.6962956873742,259.5607782145727,45.72065057854406,0.0303299247287388,1.589714495865156,71.80516893509184,80.73099399212668,269.46882401494,-99999.0
K15VH2S,classical,m,0,S,46.25788325009654,0.04884891811925143,0.592137944008587,86.89186342860069,180.4449436548198,147.8553800560544,46.54466498026358,0.04502724619349232,0.5916147933473176,93.72463301497407,180.320092535488,140.8494430656353,-99999.0
K15VH2T,classical,m,0,S,44.33535621222678,0.04076124026270345,0.9883486979676559,246.5164401963288,221.9169786084476,314.7937514662069,44.60974783242744,0.04339619177632557,0.9864701657624826,238.5376163306866,221.8565752062594,322.5454270847188,-99999.0
K15VH2U,classical,m,0,S,39.53807863298574,0.01706445098488399,1.591458730841666,323.8673431038788,82.53238246507128,13.22168715532951,39.7762394134948,0.02321087289745051,1.589352385717683,321.6144080328062,82.5618572653347,15.17445447843026,-99999.0
K15VH2V,classical,m,0,S,42.57473147532226,0.1649268248790351,20.02700383231616,286.839824049834,226.062194452078,284.7959896207733,42.78959160459441,0.1628915870864791,19.97619676163939,284.9681341567467,226.0191698756057,286.4232127174761,-99999.0
K15VH2W,classical,m,0,S,44.36055136673267,0.04110457371524239,1.485141052327612,99.16394779067456,97.61275314738582,224.0760448069298,44.62507761862551,0.03505218406964241,1.484341541478762,95.4111828673225,97.63734408333751,227.5124202401938,-99999.0
K15VH2X,classical,m,0,S,43.53294676413267,0.03211044456642243,2.089804620002834,273.3840688010212,86.33826161531707,55.97651106936469,43.8145518958917,0.03757779104182408,2.087571056080147,279.3341937558556,86.36551287619159,49.72131949764288,-99999.0
K15VH2Y,classical,m,0,S,45.3482109560745,0.03920584995600524,1.749571913409543,339.5592437500346,92.4672674989193,347.7719690636449,45.64489243744483,0.04482555357382761,1.748249249487437,334.7025957590343,92.49294372311498,352.3204999949783,-99999.0
K15VH2Z,classical,m,0,S,43.03985693387293,0.03576518891661138,2.211966132932405,150.5449699864078,84.04281394323478,184.0744703506441,43.29480571381077,0.02969865495966692,2.209226706861526,154.3170741942675,84.07212454400447,179.983828778126,-99999.0
K15VH3A,classical,m,0,S,43.02269601828122,0.01006449685965345,1.687848165993751,204.1217136857556,169.3125207646223,44.90385950657002,43.29058013391332,0.01619201704143216,1.686456666746704,213.4857213497,169.1631311855272,35.40754215161184,-99999.0
K15VH3B,classical,m,0,S,42.55192000471276,0.02585577339945635,3.255080275969266,256.6599071951068,71.56131666508864,88.38757546248685,42.81569719137511,0.02883754500100753,3.249078028494401,268.5872209976077,71.57739539645638,76.16229618414614,-99999.0
K15VH3C,classical,m,0,S,43.07027556063611,0.03649380861935619,2.286947317863457,244.0767160455274,81.08686472322343,90.08413300904608,43.34097741737811,0.03907627497776599,2.283788859189392,253.0667006569623,81.1133603086205,80.78517777196484,-99999.0
K15VH3D,classical,m,0,S,44.36848011849097,0.0718047483260753,1.948765672587057,331.1913982614078,89.8001398998033,359.4721825720711,44.66375568361306,0.07784625595339513,1.94709410392119,329.3013700046825,89.82352067084321,1.061946577298455,-99999.0
K15VH3E,classical,m,0,S,44.71349656896481,0.08683341439404345,1.761986979119932,225.4073751198332,81.19910982560272,102.5797180053673,45.00302387548545,0.08736094506004345,1.759330437057909,229.7343086561283,81.23250361070127,97.93333276949751,-99999.0
K15VH3F,classical,m,0,S,43.38704336580469,0.06728023347552228,2.292074451271997,125.4774623409911,89.54900891099324,206.4484591228633,43.63159774521023,0.06090011543418695,2.289973933560127,125.2095872229785,89.57559105794786,206.3916695382537,-99999.0
K15VH3G,classical,m,0,S,44.16782468538481,0.06662641178744921,2.882431665307488,67.06276987273931,87.66766863414998,270.6411830202975,44.43022878838701,0.06403147414909534,2.879736331737333,61.82067231097417,87.69147548501165,275.5708373253472,-99999.0
K15VH3H,classical,m,0,S,43.81927442393109,0.08882716432966625,2.217532718677456,239.054411771077,159.8200790222209,17.50802402952685,44.12459089238344,0.09540795268149714,2.216714396965902,239.0707920112027,159.6829319229896,17.36219409237833,-99999.0
K15VH3J,classical,m,0,S,43.3111879431814,0.1533215549455692,22.64779666587611,117.4949158922245,54.48440811074252,261.3143618350373,43.52407744801341,0.1493570834385427,22.59035371528908,115.8377085029433,54.47042304064624,262.690622926278,-99999.0
K15VH3K,classical,m,0,S,43.7032162285262,0.05840616559505542,11.68758069892383,238.0403434109994,60.28169264826037,113.1220199724049,43.97823434703666,0.05807738587082737,11.66027935129349,244.4822171888104,60.28003266878013,106.4015414798304,-99999.0
K15VH3L,classical,m,0,S,44.59680114365231,0.07397161534817674,2.329476451673946,318.044858644981,158.3831745575896,309.4875273820161,44.87508815958161,0.0756673287321155,2.328609588353223,313.3837662849352,158.2406325419381,314.007266754539,-99999.0
K15VH3M,classical,m,0,S,43.92149542293989,0.05421052675104993,2.432124382256564,95.55841330656554,183.6697940872016,134.6347345704198,44.19196358274489,0.05165436783175732,2.427757410132102,102.2619825250897,183.5143021864951,127.7984467997759,-99999.0
K15VH3N,classical,m,0,S,42.72209953421865,0.05117785025831044,5.28379625619165,144.6870580854046,79.10290512915942,194.858881734853,42.97209067916501,0.04478083036998891,5.276459226621986,145.706644507787,79.12605246095859,193.529205698208,-99999.0
K15VH3O,classical,m,0,S,44.85924212362122,0.1524045602612857,20.89134320788367,303.6506111370499,55.89647625012707,45.64762032310244,45.1858380974155,0.1578493814182963,20.84477183639003,304.9661504528617,55.87898468998974,44.09147366140709,-99999.0
K15VH3P,classical,m,0,S,43.88754682973211,0.05627649101804428,3.423002772250064,98.54022510012517,110.5987010365171,211.3149520667453,44.14393007632222,0.04983664207829529,3.423555396457764,97.54286375039932,110.5758809656581,212.042673657236,-99999.0
K15VH3Q,classical,m,0,S,44.71427916421049,0.1017527989213016,2.78602740623707,277.4210156046957,135.6467586686793,5.807506470484092,45.02833241699849,0.1081298157585215,2.786983352658875,276.5918717687564,135.5589316442616,6.455553566391655,-99999.0
K15VH3R,classical,m,0,S,43.56924097908168,0.02786407603103049,4.208888723006721,159.8760469372582,97.13090793827324,159.8824307139657,43.83579508692633,0.02330701183034393,4.207280571492084,170.4131402353303,97.13872920624323,149.0515291770638,-99999.0
K15VH3S,classical,m,0,S,45.59097118384204,0.1336229600191234,11.81480126072417,97.58722809943609,212.0452267689128,93.2899661932233,45.89617858927757,0.1346402244799741,11.7803011813817,100.4930952192516,211.9559173477923,90.1941773446083,-99999.0
K15VH3T,classical,m,0,S,43.20683911150613,0.03335217008074342,3.465245221236503,264.9966042817132,151.0321519273698,3.311057993698744,43.48239297800935,0.03954085355553942,3.464947438314488,262.1656427960357,150.8975572410422,5.998405000130033,-99999.0
K15VI1J,classical,m,0,S,42.52523394427918,0.1795239485859074,37.39115052844816,313.0513520832142,80.21765844523581,355.6391999872053,42.94725208105288,0.1873206971086823,37.36384225767205,312.4518118390707,80.25470577445806,356.0962391098317,-99999.0
K15VI4X,detached,0,0,I,69.49632062369439,0.339660333662933,33.5920268549165,94.21463840052537,11.56104492605425,324.4450688570613,70.12712077806373,0.3424436901565531,33.48930475474456,93.09128390063469,11.46764884188871,325.4509860176077,-99999.0
K15VI4Z,resonant,3,2,S,39.24434422075343,0.2730270365593802,13.97464630041353,55.09915006454335,353.3327193194859,4.825322813514827,39.59428669737624,0.2794481313994427,13.95908996948496,54.98676829217393,353.2115004227545,4.866712106087507,0.0
K15VK2O,resonant,3,2,S,39.26601070109518,0.2460450837944144,3.314887417689317,167.6738682789559,123.1988936302875,104.7749886368966,39.50060899037919,0.2450422757698013,3.316394740198074,169.150556436585,123.1359757111246,103.0786549291086,1.0
K15VK2Q,classical,m,0,S,43.8186440883123,0.01122298125424644,2.423262429807397,58.85857401187639,48.58145661401779,316.0787346189626,44.07437233093016,0.01467289986126343,2.416266593435023,35.61240422990961,48.5380136141935,339.0680047200469,-99999.0
K15VK7U,resonant,1,1,S,30.04486944305947,0.03621752317229315,38.92283902998034,40.65215521912792,114.1437979475871,245.0794945506768,30.24856639164401,0.03274737954432658,38.91862894614585,31.00968843424232,114.1024304143589,254.6319288042097,-99999.0
K15Xm0O,resonant,5,3,SH,42.21213145034926,0.1963059442470727,52.29962945039623,264.4282227940027,70.03461722232615,35.31515054405428,42.59558670806293,0.2023297456945249,52.24278655717274,265.643234201081,70.08664546368281,33.94990666556863,-99999.0
K16AR8N,classical,m,0,S,46.95835374998973,0.2162944464159584,6.958953595655646,272.0179717754013,190.2544169727807,11.80853655704473,46.91974909294752,0.2164097158682511,6.966380322113276,271.3229117805404,190.1054376051339,12.33821441892257,-99999.0
K16CS9D,detached,0,0,IH,52.96372557321745,0.253637575113648,30.61216325944937,340.1915663747287,340.4915799473619,174.5483777463423,52.8519809385178,0.2564436173809189,30.72677398410702,340.8330524123453,340.3921199818681,173.6048193884515,-99999.0
K16F58U,classical,m,0,I,43.32014505550722,0.1436894862045995,23.87511305149387,247.1995889853152,335.9674985536535,331.982137613552,43.05765459972633,0.1393133969483716,23.92773693258735,248.2219463271195,336.034716810062,330.8736278131598,-99999.0
K16F59L,classical,m,0,S,43.20520016106684,0.02780978905366971,6.92736866721464,264.4872617822924,277.1473845706655,11.26863151437306,42.94591033522494,0.02225463684730374,6.929188975819624,261.8744335771361,277.1438813365567,13.90223495657241,-99999.0
K16F60C,resonant,5,3,S,42.29389371085994,0.1883742464006125,7.7506169500844,251.0800946972754,308.7928047217814,356.7556930734054,42.00807921000434,0.1830838596079508,7.756840887564918,251.2050649934366,308.8610408763535,356.5880122345955,-99999.0
K16F60D,classical,m,0,S,45.79638633297944,0.2018200610012031,15.89691285834165,259.9524097962435,202.5898795495901,64.5682735896624,45.52547564176897,0.201230532012706,15.94817454827791,258.4250823510499,202.5530269760857,66.08444950115967,-99999.0
K16FG4K,classical,m,0,S,44.271908372669,0.1371397853831439,27.64001449946918,33.14051970641519,344.3390107892,207.6595766689331,44.0928287192074,0.1418033654476405,27.69675684313284,33.24242225872491,344.5034605057469,207.5868663341646,-99999.0
K16GR7B,resonant,17,4,I,79.2216947198605,0.4937303081567969,31.30072078543574,255.9447748237717,36.98717967733236,317.0453886613467,78.71327496240436,0.4938977409810571,31.40895161976667,256.7189209574366,36.89933062464854,316.5121474926316,-99999.0
K16L00S,jc,0,0,S,13.31760078104429,0.60709396290536,114.3674394332404,141.1534912236644,117.625944293268,59.54024347128027,13.36249887624529,0.6056884669303871,114.3370241658396,141.4918242797542,117.6081813381588,59.25933500635156,-99999.0
K16L89X,classical,m,0,S,43.17330645930051,0.1397566682533689,13.51757327584265,267.6155893302369,152.9175564221123,191.0963423921025,43.08271931185776,0.1425872458170543,13.51423773429648,266.5430081526343,153.0927822394272,192.3536078049445,-99999.0
K16PL9N,resonant,5,3,S,42.22824579921359,0.1432233043384252,12.28219662202925,176.3796150974048,284.4623148301051,257.785745187764,42.55471076807991,0.1418442892488254,12.27773404399858,173.3446188417962,284.4520106406299,260.9936928066979,-99999.0
K16PM0M,resonant,17,11,I,40.12461579154525,0.1646928961581761,23.14581980720808,330.1430232624419,351.7646294709033,34.09412658384017,40.49609091859386,0.1703663577795163,23.08545588955127,332.0269422728342,351.7216784695601,32.28578045174414,-99999.0
K16PM0N,classical,m,0,I,45.48678843714146,0.1853408646280219,7.058121435144186,128.067468133947,305.9870017945935,301.1453728957708,45.92177308783667,0.1888130744241904,7.049708633927067,125.7643159961221,305.9270728370797,303.580963385792,-99999.0
K16PM0O,classical,m,0,S,42.01119865596652,0.02982875537630868,28.56407063357503,70.16538521298973,351.9899822745109,304.6810924342998,42.34574987308147,0.03483958987014356,28.47892038699722,60.12461241883326,351.9549877046497,314.802395206206,-99999.0
K16PM0P,classical,m,0,S,44.58762056269676,0.1198890106304723,6.391324789194677,38.25702672355087,351.0423111159212,341.9132792998161,45.03580446978934,0.128037269401993,6.372508219693173,36.99178249831028,351.0017610955133,343.2397412987533,-99999.0
K16PM0T,classical,m,0,S,42.37577193867136,0.0816014329375188,6.240972006329852,84.21734877767008,283.7572084061998,348.7821680720023,42.76893780055488,0.08983178038718405,6.238753070873364,83.63331782612197,283.7465022627111,349.4712921215511,-99999.0
K16Q85P,resonant,14,5,IH,59.80111788731762,0.3342660392868004,15.61478986695483,278.5776271492201,121.3064528907584,3.673934823715734,60.55779886418002,0.3425865092544049,15.6163727977908,278.4380739239762,121.2502605855646,3.679525162727411,-99999.0
K16Q89V,resonant,41,3,IH,171.649132297429,0.7672296026226331,21.3874650654808,281.0878813010685,173.2148157294757,355.651560124082,176.5547907201011,0.7731254389387973,21.35429517932156,280.7151860954861,173.0887707014818,355.872987772063,-99999.0
K16QD3Z,resonant,2,1,S,47.79032551326408,0.1045381390667143,12.04000691857781,133.7620185781226,136.3696268844416,92.63964333369705,48.21033723314247,0.1034261862126029,12.025811428163,138.578940995901,136.2718724617054,87.91118577378454,-99999.0
K16QD4L,classical,m,0,S,43.71790921871761,0.04394723246947379,8.899075310632773,301.0883835288714,125.5648291479717,323.5349289809973,44.09846258322753,0.05011914435759515,8.89604931079988,294.5128906754986,125.4904435445992,330.0768771238029,-99999.0
K16QD4M,classical,m,0,S,44.07149954405655,0.03033106525749327,4.545188856935971,96.38809183706572,108.6379865462776,180.7858705763947,44.43170111373416,0.02216609984522389,4.544789116996928,98.30250415402641,108.6176867919677,178.7890537677504,-99999.0
K16QD4N,resonant,7,4,S,43.69763711768869,0.1546633375173124,5.740941694984737,281.6345954478007,130.4938080069956,340.4874905981695,44.1327873672649,0.1619732888088917,5.738137532173345,280.2296062980766,130.4188122835649,341.8724985866143,-99999.0
K16QD4V,resonant,5,3,S,42.28903031467985,0.1832328888878747,7.952802792366923,294.7313309584231,120.5366798302886,346.7799969955098,42.69794202824517,0.1903276675803095,7.952024623568661,293.7054900583944,120.483923429969,347.7151952631276,-99999.0
K16QD4W,classical,m,0,S,41.90831255951149,0.06380905887756343,22.86186024207109,348.0050366882085,52.85464616106277,347.2502151769054,42.26591201203656,0.071173666564222,22.81325685897011,345.7157211042166,52.90667415092577,349.3835512904509,-99999.0
K16QD4X,classical,m,0,S,43.8058531939242,0.09735146265974279,10.88623881826202,154.6626863548994,261.1963874826574,295.268982345138,44.17416942010811,0.1014686451516895,10.88577780003457,150.7666946611069,261.2559319183854,299.2791206878545,-99999.0
K16QD4Y,classical,m,0,S,44.27619291811874,0.157924791049488,10.42171638865839,125.4317785166685,280.0871907246803,313.982732091367,44.69323358810702,0.1636358177602081,10.4190201755362,123.3722330160166,280.0893575710577,316.1774912013726,-99999.0
K16QD4Z,classical,m,0,S,42.80948048687213,0.1245341582190672,20.77737973328845,77.09024133016187,6.993254172533291,297.0504329392346,43.17980606012477,0.127340499566976,20.71026393942919,73.69875242585826,6.991084208883495,300.4472729905897,-99999.0
K16QD5A,classical,m,0,S,46.51270118872092,0.2071347463177245,27.89845860646719,127.5449183637738,173.2036966722886,48.51713426376844,46.93960731340484,0.2107023925578481,27.81984997477457,129.5388161425684,173.1537117248075,46.60942891055701,-99999.0
K16QD5C,classical,m,0,S,44.2596223207921,0.1226995117410613,8.720544203485625,70.4639372015083,149.5377733341762,149.5849791275395,44.59809993215866,0.1155121342007232,8.703199035565849,72.4791559808096,149.4235661055235,147.6547099480994,-99999.0
K16QD5D,classical,m,0,S,47.32090573705742,0.1388255522852247,27.44424868488461,201.6419396333478,139.037477782333,29.0358809571595,47.79285846342113,0.1459906338678685,27.41508122882465,203.5893648824131,138.94454792363,27.15593401547006,-99999.0
K16QD5E,classical,m,0,S,42.46166819104207,0.1120759904114733,27.1268961362604,335.5477700822353,38.79165239232841,6.256837160748393,42.84440825966827,0.1198347365336205,27.05861318918911,335.6496273354092,38.82853950705545,6.045457053065652,-99999.0
K16QD5G,classical,m,0,S,47.33317382945657,0.164766473038323,23.56784892863595,88.16916429131047,37.20944506166153,272.1939002035437,47.70579787201784,0.1628988952583668,23.49506519609449,85.41656163567237,37.26409444564135,274.8050757170086,-99999.0
K16R81U,classical,m,0,S,43.25815215628429,0.05888997833621998,3.552822454971325,336.4093372395733,86.279031253998,312.5500806058866,43.65207833622471,0.06458329886612804,3.551526962196342,330.5186937400014,86.33270295304504,318.384170371588,-99999.0
K16R81V,classical,m,0,S,45.32599705473285,0.1553276338823857,21.44916050888001,266.4776807637807,188.4016251034743,302.5818359434378,45.71882588992188,0.1578776197808657,21.38237836393174,263.7515744641613,188.3588104899561,305.2667230352632,-99999.0
K16R81X,classical,m,0,S,44.00920210698202,0.02401779720869223,4.79414677488959,268.5318861763374,88.39916686258334,15.15288910027965,44.40508217342432,0.03231448797046618,4.792437713493627,272.3761946419258,88.44432717599474,11.25012993800841,-99999.0
K16R82A,classical,m,0,S,43.1548046843559,0.08496772923677373,12.36713181409259,160.2659037561756,124.9279812276596,106.0260797273922,43.48513322938164,0.0838941999074617,12.36691092246877,165.4757520472057,124.8478723896676,100.7158227716796,-99999.0
K16R82D,classical,m,0,S,45.54437708677041,0.1449481049201079,25.07893944044728,289.6260747069567,78.54488897420008,359.1123282741884,46.02042563321258,0.1536135248626742,25.06520962784325,289.5479329359861,78.60372874248496,359.1465878667329,-99999.0
K16R82G,classical,m,0,S,42.6918388577847,0.02421126169951332,3.558083022324264,323.7233559544501,83.99627168114121,323.7154342168403,43.07037727523579,0.03133851099551971,3.556537635556273,314.3608694775589,84.05707754939743,333.0207986149721,-99999.0
K16R82H,classical,m,0,S,44.06119026528145,0.0521718764542642,2.422460979242611,203.7836690330547,91.60012632355813,69.12408383962136,44.45433186447231,0.05520293515893894,2.421943297690798,212.2257687568008,91.64607915870731,60.64679663962013,-99999.0
K16R82K,classical,m,0,S,42.72556945468063,0.1403900783759741,20.83959918839384,326.6997137984681,107.8198391517718,330.0394700787567,43.10617450666327,0.1460001993393709,20.83771162123159,324.5004863617604,107.7955291024369,332.1108492918737,-99999.0
K16R82M,classical,m,0,S,45.2504869559958,0.1117153905408772,29.9371898151751,189.224390813228,130.4956995147333,43.87336252503862,45.67421481740938,0.117166457229458,29.91233892283529,192.50540097427,130.418373623778,40.67814152881848,-99999.0
K16R82O,classical,m,0,S,45.89340234455914,0.1395116824535327,34.70571511623635,292.981196709638,47.8327801511576,9.402875345656597,46.32373831933486,0.1471165700912546,34.65509223291842,293.7250499878178,47.9423761531068,8.633859683504854,-99999.0
K16R82P,resonant,9,5,SH,44.44581809727058,0.1939023286226706,19.76449549683285,350.0917097343339,15.76926939560055,2.467269101601892,44.92070840523473,0.2022122047180995,19.70922848895638,350.2316039656666,15.78465532383278,2.319326258634452,-99999.0
K16R82Q,classical,m,0,S,44.99163995812297,0.06533960006385763,4.334796088407239,150.4560569584687,127.3447846560406,81.66976314915851,45.38860420233647,0.06611500437486766,4.33136199338272,157.9283306874051,127.2788023119626,74.29892049107328,-99999.0
K16R82R,classical,m,0,S,43.86108227649479,0.04318942298390892,2.309545525178882,126.5565714656597,39.20036461104088,202.3593453372746,44.22596103231201,0.03562000613149893,2.30282104753746,121.2031567167289,39.3084437647127,207.6320999369802,-99999.0
K16R82S,classical,m,0,S,43.04994673094302,0.04341053183210095,2.871250219506591,179.3036914185976,59.76012926197458,123.3533699103336,43.41109962235522,0.03884975862463675,2.866726620699043,188.9385820601542,59.87443992393437,113.6376915341008,-99999.0
K16R82T,classical,m,0,S,46.65569470091737,0.2344180800367339,20.52365768142639,37.95948075405956,4.112090073867732,341.174460897368,47.17153246201957,0.2419346524084821,20.46619184404768,37.07077428083657,4.091546334336108,342.0643908947994,-99999.0
K16R82X,classical,m,0,S,46.98138890822003,0.1981147732332565,13.35692576250589,357.0139424226574,43.33589073264643,343.3597040869592,47.49728898820572,0.206061570215161,13.32667632528353,355.9507727904541,43.39746374982936,344.3196539863878,-99999.0
K16S55Q,classical,m,0,S,43.14702402354609,0.1045687216928643,17.53930152338149,126.5741640743199,147.3901933859448,111.4780856863695,43.47656027213347,0.1022653707367746,17.52155303724465,130.7710332425597,147.2548389901895,107.2657714137802,-99999.0
K16S55U,classical,i,0,S,37.99399736751064,0.03300891891028673,27.79368326690567,181.6994189638417,61.41240942152329,152.8350301837922,38.25402675982925,0.02788363445949275,27.74026801756691,190.4976352658757,61.45134010617299,143.8274025902025,-99999.0
K16S55Y,resonant,3,2,S,39.35127340991541,0.1820346231904638,17.27343649875991,334.9321411425677,116.8605841959201,320.7921611048449,39.68373785231693,0.185919403967042,17.2721850061459,332.9788982340987,116.8124187764881,322.6355239611788,0.0
K16S56A,detached,0,0,S,49.61366124265827,0.2707709462045922,16.63381874935925,282.5496867076275,144.989760054355,346.9155867267743,50.12555401991132,0.2773900387298066,16.62571488815026,281.7741228667348,144.8810227124071,347.6136432131268,-99999.0
K16S56B,classical,m,0,S,40.15435022444321,0.06541211783272294,17.35630905925623,29.95956635801276,149.0386686541201,229.993385064993,40.42192196573249,0.05966596727046074,17.34303616899886,26.37253129962184,148.8994241067697,233.5152277732446,-99999.0
K16S56K,classical,m,0,S,42.83708649472484,0.09412728576651186,15.57319092834937,252.6096758650431,155.5921735644559,354.6823182156639,43.19581910579416,0.1013358006794108,15.55647946187709,251.4271973498657,155.4629725688159,355.8178370250083,-99999.0
K16S56N,classical,m,0,I,45.69528930920158,0.1985290724697684,26.6817251453096,67.02154878116617,61.41021372566861,294.88115858933,46.01033334153357,0.1980622862095654,26.62862141732395,64.95293476820581,61.44436109412474,296.6977979423657,-99999.0
K16S56Y,classical,m,0,S,42.80200512363037,0.1141941442303966,14.01518220159025,336.3970613800793,104.3456193284571,330.532325317718,43.14757904898288,0.1193079730894816,14.01392228740337,333.7543159816377,104.3309546479536,332.9906907589813,-99999.0
K16S57F,resonant,3,2,S,39.26846790806862,0.2111748208552549,16.90693994586266,203.9119093506043,93.49056404263284,77.68525104557698,39.58341318830651,0.2121440723386417,16.89931561384297,205.8939532466331,93.5061551278454,75.53999786765995,0.0
K16S57U,classical,m,0,S,45.58942027353496,0.1873669290119028,23.3753447189005,141.077838042664,186.8407119133911,58.42300263737058,45.96296941996802,0.1911917477445743,23.3183084116168,143.0275515408379,186.7181521137876,56.40975597291634,-99999.0
K16S57W,classical,m,0,S,46.29257001382447,0.1763591133203529,13.53814148555026,29.83760505267623,100.6904984461654,294.7053646420261,46.62137741326965,0.1760068897301597,13.53609229102531,27.47075900337452,100.6848774408593,296.8403893369767,-99999.0
K16S58E,classical,m,0,S,43.44657457333091,0.141088849200163,16.0425181093497,150.156285139801,150.8338587850627,84.05691982105247,43.79137690236791,0.142111828929793,16.027262662151,153.3316917007162,150.6940582684894,80.85039037913506,-99999.0
K16S58Q,resonant,4,3,S,36.35694477065832,0.1120044917072757,22.70106119795163,199.6316496367899,170.0777406170299,29.09625885727046,36.63649831964715,0.118309312770973,22.66738671480665,200.9541287242166,169.9533800717194,27.73227829746818,-99999.0
K16S59A,scattering,0,0,I,244.902977361453,0.8403706545628825,21.52653822546565,200.2986659441185,174.7174988378491,1.769093526985691,260.9110126675463,0.8501277734648497,21.49681588451871,200.5341317908924,174.5999298593602,1.598907093610219,-99999.0
K16S59C,classical,m,0,S,44.33937040300417,0.1375313822108633,13.84918120911366,236.3204626077469,137.7377069335996,20.14189682305227,44.74891903301248,0.1451935410571097,13.84423741717335,237.1389239481788,137.6365805490957,19.26353996145929,-99999.0
K16SA5Z,classical,m,0,S,42.87044992249922,0.03074034159082361,2.931347674839158,293.6759901627737,135.6304913174796,302.3629103911014,43.24950985804394,0.03582214489839729,2.928240809081655,282.1480033740959,135.5551637423965,313.9756436626507,-99999.0
K16SA6B,classical,m,0,S,44.00279775428307,0.0326757898403618,4.550726477586394,359.2997074683046,91.16890345553945,282.0224797182559,44.39076202490423,0.03518622212908459,4.549649844451184,345.5335917775749,91.20796892019416,295.7568347443959,-99999.0
K16SA6D,resonant,40,1,IH,350.3109187621876,0.8780947681553757,4.812131405151358,162.920461995466,219.4213858781423,359.3019507341305,388.5007531450431,0.8900272584982211,4.803761646885158,162.6917377801881,219.4892176722699,359.4082740410125,-99999.0
K16T94S,resonant,3,2,S,39.33064997684102,0.1816841037481037,36.67765532712853,184.8872080640797,157.1006745273117,48.65890615123504,39.63751237539825,0.1860460979774242,36.64778787165348,186.5598065310839,156.9682172040667,46.96002434830552,0.0
K16T94T,classical,m,0,S,41.93444192136415,0.1668915833374539,31.69486877451995,208.2549949980175,105.8707332811527,60.03736264533956,42.31044860540994,0.1704419505625565,31.69085621130417,210.7084917654715,105.8534799767172,57.49481212856945,-99999.0
K16T94W,classical,m,0,S,42.71732443706374,0.06732877138263245,28.88794019600337,188.3899783799846,134.1224322402455,75.16972931577389,43.04298662370399,0.07039961561667935,28.88484078367104,194.0368318855947,134.0173763749357,69.43671153223957,-99999.0
K16T94Z,classical,m,0,S,44.23735847741398,0.1620013621726779,24.16080954513977,179.2590732481376,121.5015194721472,76.47707030280152,44.61370892221846,0.1635112764941722,24.1589768581757,182.0755765167666,121.4329759838055,73.59586998315741,-99999.0
K16TC0N,classical,o,0,I,52.74883333267169,0.1719950660024398,29.42404144672347,53.73618650198527,125.9038531167417,222.0762086776053,53.12969705615583,0.1646991857408711,29.41574611987264,52.51877760637477,125.7985800097765,223.2370166407806,-99999.0
K16TC0P,scattering,0,0,I,166.2188213718347,0.7585854471540743,32.63931246433425,350.8499217409381,126.7365964006823,350.9443424969833,169.7753277951281,0.7622997235238944,32.64014598180223,350.2878191552294,126.6398519842722,351.2752191152994,-99999.0
K16TH6L,classical,m,0,S,46.9658137321891,0.2242635660190734,21.23832978113497,233.6354209485842,102.1680756008644,29.57060591465889,47.48746721188333,0.231291639342553,21.23403291519651,234.9495467567291,102.164182869323,28.22054578953022,-99999.0
K16UR3L,classical,m,0,S,41.58265488117224,0.1177091556970045,24.83375098079805,354.2048079425179,53.1154862325997,354.8643217538123,41.92250352600969,0.1245372484596805,24.78083554259332,353.1108572729854,53.13274012805346,355.7670081050441,-99999.0
K16UR3O,resonant,2,1,S,47.89910576225108,0.2026089619552391,16.07193300511321,258.740034504229,68.93731085672316,50.09669169452537,48.35828101601848,0.2075497197366377,16.04593296001051,260.4986239277542,68.98093260258258,48.14713981033904,-99999.0
K16UR3Q,classical,m,0,S,43.52885783480292,0.1509572909650081,28.70674463698721,265.478193518625,52.06479763185688,53.44338252256022,43.91244163356718,0.1553469735741121,28.64418179379431,267.8357013093406,52.11723136421088,50.94550443612781,-99999.0
K16W75B,classical,m,0,S,45.59638324588218,0.1859666534033672,20.60194186363467,215.8806322842843,129.3846968253849,30.63712302829124,46.06653881578163,0.1930117630750212,20.59355683301456,217.3463686378017,129.3061487551754,29.16533672406742,-99999.0
K16X34O,classical,m,0,S,46.44650401151264,0.1167371532578937,34.34144447685385,209.1743950657463,173.0254462080898,14.64332911737704,46.82856529417395,0.1238190683874575,34.27553584613273,209.7125901069472,172.8989397980334,14.07929028399105,-99999.0
K17DC1M,classical,m,0,S,44.39571758804923,0.06718616984758079,10.20744019543347,84.8914942284474,58.17861326456899,0.3806736765255234,44.22354074647608,0.06376522412972797,10.20712501560506,82.88211380293039,58.04915316870026,2.253398729196015,-99999.0
K17DC1N,resonant,2,1,S,47.77536922139305,0.2273376380289023,15.20673165549187,128.8147813409248,353.2129909815575,15.43866967630262,47.57841138236883,0.2251118246349648,15.24430883223669,128.0203975389844,353.1385861981729,16.0662007855707,-99999.0
K17FG1P,resonant,2,1,IH,47.83391712080065,0.1634561993592926,15.21235811461039,216.3591381951976,123.9113841475391,248.6020541162554,47.60286875008427,0.1675432853363169,15.21480620092644,217.5744332589778,123.999651636194,247.4890102682095,-99999.0
K17FH3E,detached,0,0,I,105.1841144105584,0.6004464945793507,30.96200554035219,342.1232023497321,178.8741703758219,12.25476824162865,103.8466341582695,0.5957639316793703,31.035231453123,341.7364111959434,178.9793819004364,12.56768791408777,-99999.0
K17O69F,resonant,3,2,S,39.43624045890095,0.211823917042408,13.65861686421233,216.2658407268803,218.6840726112276,255.7897014895342,39.64063985507897,0.2118610702743408,13.65637379051761,214.6339579942444,218.8630334651109,257.5695710564016,0.0
K17O69G,resonant,20,13,I,40.09316490384119,0.07260385532860791,25.24020793484433,228.3337578448363,140.2069131409326,40.88350347718141,40.37459287289323,0.07852289874384621,25.24088996640317,230.6956777614077,140.093836200352,38.40574507128651,-99999.0
K17OG6W,resonant,3,2,S,39.45309404086564,0.2571080934841642,2.334172352408157,234.2173447865207,179.2041167609757,264.9675601487248,39.60266596555162,0.25868896138373,2.331150721435729,233.195482041627,179.374065146194,266.1984817410379,1.0
K17OG6X,classical,m,0,I,44.13742325671026,0.0754094413863164,2.430096672562517,88.4937586842275,160.2995815867934,36.69501637702417,44.25563330716814,0.07548154591463843,2.425999416310502,91.52788451990729,160.4085317546862,33.91232519280882,-99999.0
K17QD1Q,classical,m,0,S,43.36074311215304,0.07651177421257485,3.388512295429159,17.36849646099082,60.17727665508635,311.0603644025106,43.74896090786525,0.0812407720193452,3.382190577058466,12.2957276658003,60.25576335801139,315.9760592573665,-99999.0
K17RD7Y,classical,m,0,I,45.86495632229505,0.1645940503853792,33.27854660426019,324.0161907074992,21.27313882937726,332.5488481154153,46.13687744916494,0.1697855590954072,33.25037036465108,323.6453125808712,21.43927073833224,333.0301004739316,-99999.0
K17RD7Z,classical,m,0,S,45.9652878114852,0.2108558937875664,16.89506598935114,228.7126472020949,114.6313108912333,29.5305227033231,46.45962820880219,0.2179813359243379,16.89242367707928,230.0098034359877,114.5921816405067,28.19596793897301,-99999.0
K17SR7E,resonant,5,1,IH,88.32867512034606,0.5477687596522332,30.62683033918824,326.0509531080276,0.4489723086768379,356.6148487920875,89.60536729106063,0.5542950916288845,30.57520956116613,326.132333809522,0.5620148805052282,356.6534456142101,-99999.0
K17Y03K,resonant,3,2,S,39.48840183275979,0.2814335209460467,2.204841129148162,47.78237398593369,31.06530004390041,28.5188214749878,39.45328524568691,0.2823657541663625,2.205590330669556,47.36719742757171,30.90930301378491,28.81081825699642,0.0
K18A18Z,detached,0,0,I,54.9932376433668,0.2823250034311394,15.9604368799985,32.06918242765995,197.3456212367151,243.1703933701698,55.0401969057039,0.278525606358468,15.93757386378117,32.46343513459541,197.0931100056409,242.5571745387138,-99999.0
K18A39H,classical,o,0,I,55.31103654822468,0.1823446159882023,29.26477308920494,240.8496152861965,95.79280256402114,133.870774026036,55.25300799473933,0.1858179586161215,29.25635324626027,241.3906241624493,95.77497659463957,132.8880351444418,-99999.0
K18VD7O,resonant,5,2,I,55.46387147252779,0.191670743531138,38.95591559287411,133.3941648288906,42.74228526611711,240.3404713692034,55.76550847631953,0.1861582818196212,38.82145393355337,132.2974201882277,42.74870197285205,241.1811677377902,-99999.0
K19E05U,scattering,0,0,I,1228.180499700363,0.9619321201227317,18.20681849118539,109.2057073224943,109.2258539801816,359.3457051383453,1064.017514579833,0.9561066846242134,18.21889317918204,109.4126505511013,109.2393434711845,359.1857106901348,-99999.0
K19G23J,classical,m,0,S,43.90842648586516,0.07817794329657683,0.4827903729226477,58.0306140229624,64.6346665669429,70.43913757243452,43.64669800183467,0.07654884091126811,0.483887279641196,54.18058979216192,64.48313606339781,74.49635787484466,-99999.0
K19GE0M,resonant,4,3,S,36.44738093099559,0.07720756021997617,4.692780755572935,112.9974667476644,162.2255040025402,299.5662782226279,36.26122123168356,0.0761687059002713,4.701385032194618,116.4736966644768,162.3274399149334,296.0948001991542,-99999.0
K19QA9S,resonant,7,4,IH,43.65638388406261,0.05698549186962514,1.028770082215346,235.4440588315145,329.5712010099236,147.1121161405074,44.00354901356131,0.0496768480616465,1.025402115293746,239.4049189205151,329.503126083424,143.3275438237189,-99999.0
K19QA9T,classical,m,0,S,46.03361378722049,0.1137294189546987,1.939630030583354,17.91447924748186,353.8965887116323,348.4445787167597,46.49494430375783,0.1222782812599998,1.933074015630349,17.31855713365398,353.8959899394537,349.1202113796398,-99999.0
K19QA9U,classical,m,0,S,45.84351160896897,0.09437641777161596,11.19168329106267,223.9720102586637,160.2223878542652,335.336757546517,46.27949714848889,0.1022562133634653,11.16202653690494,222.2575135872923,160.1867281576189,337.1828956799439,-99999.0
K19QA9Y,classical,m,0,S,46.36759947173322,0.1006717608509115,6.988234408799755,207.2403437107268,357.877583040125,141.2886038694373,46.72004103805109,0.09349259295194687,6.961410444736729,209.4655171941229,357.8994454446376,139.1772103396937,-99999.0
K19QA9Z,classical,m,0,S,44.33202044394353,0.07240673691427885,5.549490007179562,248.7984215754312,2.633054241868708,94.99318695283594,44.69580646462203,0.07042572198146062,5.529752163019658,255.1360037185215,2.664767593337763,88.74167093187556,-99999.0
K19QB0A,classical,m,0,S,45.21551471041921,0.09709043404840123,2.071049002961719,121.6009057206972,146.6819686804046,75.91085168281333,45.60114055900546,0.09746713681095517,2.067167828059896,126.5498588622093,146.6224765679239,71.13813932640038,-99999.0
K19QB0B,classical,m,0,S,42.49435371892959,0.02467412768694833,3.570682282265318,334.613225708234,3.545925945799703,17.08321042108124,42.862015827633,0.03237917366725739,3.558406536493292,340.3691089472659,3.576304069916453,11.3911103788053,-99999.0
K19QB0C,classical,m,0,S,45.84165456381126,0.005100084146308367,0.5747703658990819,277.5850248865186,89.95512256544583,348.4228789352356,46.24089322590501,0.01352449867526807,0.5750044284237489,273.8924372942838,90.06464230556354,352.1057158551361,-99999.0
K19QB0D,classical,m,0,I,43.04155464695864,0.05356025752593496,2.770251180371063,70.45628098495713,156.202560260184,124.7399813588012,43.38883575383255,0.04826781055749522,2.76339174185526,77.49320581123997,156.1500652652952,117.858491329983,-99999.0
K19QB0E,classical,m,0,S,43.50126876586154,0.01184266804982428,1.963928646156834,350.7086263076203,3.106082117370351,1.870525427428434,43.87579287727042,0.02007251878455596,1.95671113454814,353.8829892407045,3.141669061369107,358.7580927277637,-99999.0
K19QB0G,classical,m,0,S,43.89632549644857,0.07806175063632892,0.3406604304690788,52.6151041169141,82.8437884723611,226.7963983263325,44.24962258079726,0.07286187306233226,0.3407921922875454,47.58991985264681,83.04116617436642,231.7168629667041,-99999.0
K19QB0H,classical,m,0,S,44.07318241141141,0.09868377282656722,0.8854802642822822,239.2061266031278,56.57535027964362,51.72180466405509,44.46970056123954,0.1026464806937032,0.8842329289205783,243.2391512368071,56.73050159369934,47.63283403881055,-99999.0
K19QB0J,classical,m,0,S,43.99221585937484,0.06989198352206333,1.497605043063437,238.5460432995571,138.6211982911638,341.8657100010278,44.40148351492606,0.07807445618239323,1.49583134178626,237.0591272889861,138.5653259248726,343.4950605078074,-99999.0
K19QB0K,resonant,2,1,S,47.68758641016991,0.1861776713615265,12.23685602035343,226.328017971947,356.4592777440641,113.9693276444678,48.03154051711743,0.180820134796352,12.18879992041619,228.1634328667004,356.470008019372,112.2656151656197,-99999.0
K19QB0L,classical,m,0,S,44.35978453894317,0.09777437296129628,4.07227297688378,97.35817829884813,156.1614979996834,91.27905372077345,44.72449006394984,0.09597623485775289,4.061831893212337,102.1493613520427,156.1099619377661,86.65269964327473,-99999.0
K19QB0M,classical,m,0,IH,43.0291659567148,0.1141468712011508,9.13166442810404,21.52681445427027,359.1213364507944,341.288089764751,43.44504922630234,0.1221485654250185,9.103709266308611,20.38328826894536,359.1303516577852,342.4976774122439,-99999.0
K19QB0N,classical,m,0,S,45.53019987154949,0.06798415736624737,3.085172976899011,24.1453505078671,150.4875252302716,181.1642147665115,45.89197386011968,0.0597888256838134,3.077853475681462,23.22054250793824,150.424537574695,182.2585194800629,-99999.0
K19QB0O,classical,m,0,S,43.03915477885138,0.04691040877106988,2.386043301475427,125.6430247647542,25.05606356099233,207.7618156334698,43.3868364029403,0.04021491693054229,2.378251027846185,119.3805742645446,25.16250864559606,214.0134864507533,-99999.0
K19QB0Q,classical,m,0,S,44.68228274484646,0.07049548581005435,6.081486889616563,164.6193400672394,160.5208993129581,26.33316564320847,45.09039998451841,0.07749822274139105,6.065512654654088,168.2244799995981,160.4827816037029,22.86877366738593,-99999.0
K19QB0R,classical,m,0,S,43.21297227318533,0.02418680868666994,1.446296602522601,132.8987055125217,81.8512399476216,139.0262276256297,43.56947541254859,0.01795768272457715,1.446133202924452,147.4740180453672,81.94392540510489,124.4610242781988,-99999.0
K19QB0S,classical,m,0,S,44.43072098147559,0.03926789994509509,1.736499823393341,292.3178359280552,103.7999322377167,322.3998147217046,44.82710104659996,0.04647857217084717,1.736546465752683,286.5591021638477,103.812358876274,328.239810675489,-99999.0
K19QB0T,classical,m,0,S,45.48427007044117,0.1230516563781387,6.99735771266563,24.17760208124098,4.853523941468647,334.709930583683,45.93575798965421,0.1308527001870151,6.975060906933086,22.57904220877102,4.881547475068525,336.3563007301545,-99999.0
K19QB0U,classical,m,0,S,45.42485757227311,0.08223887250690992,1.689986294051274,0.7943197671344384,101.6612122819119,261.0730340187785,45.81160625884567,0.08137113639093231,1.690114612309868,354.9517003229066,101.6821983913034,266.9936619360344,-99999.0
K19QB0W,classical,m,0,S,42.72599765713539,0.02388425629646751,2.310959964820736,19.20554498902936,119.5429478365716,218.2883380367574,43.0789040467744,0.01878080195702489,2.309783832169217,1.926562003725664,119.5063606017214,235.7030124405446,-99999.0
K19QB0X,resonant,7,4,I,43.66765551855757,0.0736147548389203,3.416079770607707,86.85109301922242,23.94006859125443,252.8621295290673,44.03132584760957,0.07167578121257842,3.405089533803189,80.43659125811534,24.03934714502083,259.2671696485895,-99999.0
K19QB0Y,classical,m,0,S,42.6378686854833,0.07990630767522532,1.985799864253923,152.425461398597,111.1787284405875,83.73066726678091,42.99285151240255,0.07950065431099901,1.985480019553687,158.2977698373947,111.1663476095862,77.974491942993,-99999.0
K19QB0Z,resonant,3,2,IH,39.27954429611064,0.1204700448804947,9.997742883842735,306.8854997758596,1.990209204399,38.7738566517034,39.62993835789548,0.1256588834909614,9.967817902070347,309.6788777535182,2.006180791105709,36.05382638007681,2.0
K19QB1A,classical,m,0,S,44.43919263711352,0.06505914237977224,3.689386464699318,273.669617827314,17.29875203701456,57.25810410428508,44.82695252729532,0.06858030082633705,3.677412447228741,280.0379548230798,17.37764636607074,50.92227691327743,-99999.0
K19QB1B,classical,m,0,I,42.49900349328803,0.1580068500979605,24.16341802036447,344.6454642905134,355.0237346743248,12.09610594437885,42.90062933631328,0.165304501433897,24.09719325472154,345.6276669338479,355.0223107585517,11.20354375368908,-99999.0
K19QB1C,classical,m,0,I,43.1958128144838,0.0352010085266808,1.785744373643738,131.6206109456918,50.11041692442796,171.3404385576731,43.54312822670096,0.02709131658086141,1.782656410724872,131.9057479341135,50.26083433591638,171.0198192571624,-99999.0
K19QB1D,classical,m,0,S,43.09385324236634,0.06201488046942204,2.740736486241634,104.7369682516175,43.92453569373672,210.6477605278918,43.43740883197922,0.05546791475455426,2.734662088168923,99.87349484892428,44.06330309133052,215.4689105510727,-99999.0
K19QB1E,classical,m,0,S,43.90930274143444,0.04495208372970839,1.892527491816144,85.20412807012175,78.75887984298909,190.8989798306322,44.26201917883536,0.03721943487523127,1.892139368410224,81.43737235793026,78.85753538723216,194.6800786460547,-99999.0
K19QB1F,classical,m,0,I,44.30689755829211,0.07914064254011866,3.375628140698869,185.9272559830904,33.83922996518658,128.8347671930305,44.65589146372918,0.07311387974713385,3.366143121002231,189.9357093970592,33.96660558874128,124.8136642325303,-99999.0
K19QB1G,classical,m,0,S,43.17176694599296,0.05230940999774404,2.316642063118977,164.0307928053927,104.372279354841,82.56130056402878,43.53675347254863,0.05264063199519958,2.316517885782329,173.0215352083157,104.3782774526079,73.66204371315085,-99999.0
K19QB1H,classical,m,0,S,44.38489489827187,0.07342628522801926,3.180770496011791,181.4283788027457,37.13405046976159,131.5559562049845,44.73737778189716,0.06720137064348544,3.172326352482298,185.6399853469074,37.26514512210452,127.3217010370906,-99999.0
K19QB1J,classical,m,0,I,42.84239538885917,0.01893954028678053,2.53843380711562,141.8271219324762,60.59930162508663,153.4344382918188,43.19755957787416,0.01161165608504447,2.535483302283972,155.9607488744409,60.72658340830609,139.2664583334136,-99999.0
K19QB1L,classical,m,0,S,43.19868896601011,0.07070287096558658,2.357236490102785,166.2040976488879,73.8395691734144,108.6575350129534,43.54803532492402,0.06704317548459927,2.356114033122345,172.1624984954457,73.94480551752838,102.7003806729196,-99999.0
K19QB1M,classical,m,0,I,44.95729553566288,0.1071324686220808,2.731884020110658,40.64521990683449,69.77726596814868,257.093681770989,45.33433752297088,0.1052596981446854,2.730057178837988,36.15288720114959,69.89270520950528,261.5565278785604,-99999.0
K19QB1N,classical,m,0,S,44.88005001510192,0.03747682199555436,2.639605082157939,147.5205768044264,71.73383067804113,133.4753307755737,45.25100994369495,0.03140528151002746,2.638116670651277,156.8590528878913,71.84428758921686,124.1320525768496,-99999.0
K19QB1O,classical,o,0,I,55.33676149189704,0.2243008016866279,18.11956282953143,350.6821462143419,1.183122993006254,2.98244362448215,55.98683581888571,0.233086929082372,18.06500537419855,351.043492493156,1.198081036417355,2.694735012521366,-99999.0
K19QB1P,classical,m,0,S,42.40301416176059,0.01074939840243669,3.11782585253196,42.79649748599492,102.9022050230851,211.0702277081577,42.75682741653804,0.006392001552787596,3.117558114961568,353.4589172525244,102.9088098056073,260.4955241396891,-99999.0
K19QB1S,classical,m,0,S,42.7079970328841,0.05727038885730072,0.5265780586188058,280.7452120736295,35.38272235629727,37.05537828955854,43.08796111999146,0.06338529087095159,0.524963129272302,285.9005673649041,35.55325929453913,31.81888396039306,-99999.0
K19QB1T,classical,m,0,S,43.73650355732801,0.03155328633865203,1.543212677931088,354.2591042252169,156.2196406490132,207.4176146256389,44.09778283210611,0.02494902270884054,1.539736157936235,344.2192171880021,156.1670525459384,217.6051927291026,-99999.0
K19QB2D,classical,m,0,S,42.98417451542647,0.01723442752840492,0.5315294132189,263.0887553608308,87.25942536861899,5.829230694603324,43.3561046807373,0.02538645735377688,0.5317231411377823,266.721530532419,87.37981067238957,2.168659281316227,-99999.0
K19QB2E,classical,m,0,S,44.57872591103368,0.05830590703898672,3.58467333737101,239.469195907252,19.76042799635106,90.25962148646852,44.95383099198613,0.05734395448591467,3.572733483718965,247.5469544705704,19.84520066889526,82.20264458711742,-99999.0
K19QB2F,resonant,3,2,I,39.29423207205841,0.2079334511548783,11.87271732904293,161.3145063403325,356.2880888681044,202.9183498996622,39.54435154055442,0.2013355880107567,11.82645709293375,160.4192824172524,356.3032265483831,203.917377866448,0.0
K19R04O,classical,m,0,IH,41.66510703756369,0.1762060336577869,19.84675012998094,86.4974343954354,137.0058803996228,81.67145865914611,41.88593924295991,0.1735210387173395,19.80821008045033,88.30518176969048,136.9971852655407,80.15341499563317,-99999.0
K19SN5B,classical,m,0,S,43.00199698347861,0.09452257444991852,21.70755830212639,359.2013851307516,353.16032407713,4.384928695047711,43.38999351799662,0.10233727812085,21.64433595005521,0.02262687369322315,353.1497050717856,3.655974193430634,-99999.0
K19SN5H,classical,m,0,S,46.18684880833848,0.1342968088918998,26.9908305731391,22.31329884202871,352.5339288261242,345.6847312736611,46.6204864678722,0.1420698410299711,26.91343288817593,21.70547091571986,352.5263908069272,346.3859245243265,-99999.0
K19SN5J,classical,m,0,S,41.946443389047,0.05522255199265645,17.72383690866486,222.8599393864265,351.9665157161713,136.2247717406949,42.26468168313883,0.04904117165036046,17.66517136357615,227.9680696638507,351.9585720599825,131.2331259169616,-99999.0
K19SN5K,classical,m,0,S,44.04168026641832,0.0623508699685338,0.9012360749675378,307.5674270234372,90.3664710125459,323.1629280153625,44.44420861235032,0.06944339490448789,0.9014155964844558,303.5541410732276,90.44363464980255,327.1831256874464,-99999.0
K19SN5M,classical,m,0,I,43.14725162385525,0.05747711918262022,1.952370083749955,39.09174959851716,30.2803719108635,293.0105026240475,43.52550922679421,0.06135810264831199,1.946739254072101,31.90262421351999,30.39611488668131,300.1694557131451,-99999.0
K19SN5N,classical,m,0,S,45.21059905076707,0.1634740358699354,12.13271351434376,305.9665687676661,164.5664977230056,260.5577678737624,45.57768684319766,0.1616010074618114,12.09351793976507,303.2123329621332,164.5392891965539,263.4376105134771,-99999.0
K19SN5O,classical,m,0,S,43.92536540668618,0.05380074317360893,2.623055654089791,322.3738756056707,43.06168041762817,351.7610595559651,44.3259968825592,0.06217496465614342,2.617597724908904,321.8070626417681,43.18669170811568,352.2929692156839,-99999.0
K19SN5P,classical,m,0,S,43.90521814798104,0.0728624787890358,3.78404762025042,308.386299331339,141.4383488635382,274.9254552165377,44.2849938986423,0.07400983014276884,3.777496954285077,302.0190025997319,141.3731081037809,281.4416728429088,-99999.0
K20B63Q,classical,m,0,S,42.77808029354198,0.0322692647737139,3.163564990580899,191.8509410527964,25.93462317396476,346.4481094736271,42.53065629067066,0.02723197863411128,3.174354239838075,196.0807889036727,25.92541347871721,342.3100569728511,-99999.0
K20D06J,classical,m,0,IH,43.60204485832946,0.07859779315073084,0.4642525844172697,276.7690183201969,57.63976425158899,234.9501266657067,43.36591538882534,0.08281190421358864,0.4657232203724592,279.5749321126214,57.48328597007838,232.3955097822502,-99999.0
K20F38Q,detached,0,0,I,48.90940759987184,0.2597403470815333,8.831091780367133,278.0305018867741,135.1189263988649,150.1556611837683,48.67605297756328,0.2644644826856211,8.83589129029022,277.1870007760006,135.2615178111726,151.0322188587514,-99999.0
K20K11P,classical,m,0,S,45.42445202292271,0.1631305837456564,22.20470424549544,26.33899380860301,110.2612689566443,141.1083286293472,45.48233382500911,0.1598862904642304,22.19102018094218,25.68756193794285,110.2717800291344,142.1786455841646,-99999.0
K20K11Q,resonant,9,5,S,44.49042730191955,0.1114385044551474,3.32145268127425,336.1735242935972,166.7155860032295,137.9188096678349,44.56569983794071,0.1078475460150797,3.315725395947161,335.3143530924556,166.8726991248603,139.0296178052595,-99999.0
K20K53L,classical,m,0,S,43.49871015921207,0.03106438569998936,2.405170375940936,194.3525108148091,236.7745148825309,220.0015354134775,43.60872197314749,0.03142645690510307,2.407761757062428,186.8870711945806,236.8796264836653,227.7475748950153,-99999.0
K20K53M,classical,m,0,I,44.45621236286069,0.05548806864457666,1.963195756775668,153.4144868016884,216.679852498009,285.247423687786,44.58738822304483,0.05920879957613757,1.964318720834211,151.4061102249528,216.8313266586163,287.4832150088942,-99999.0
K20K53Y,scattering,0,0,I,48.64151955667787,0.5220823682404426,4.717020216769565,227.3632526959329,130.4848095320145,340.0258856019274,49.12700995551434,0.5269089523811484,4.71177647594525,227.1849494773604,130.5133614526301,340.4058598923408,-99999.0
K20K54E,resonant,3,2,S,39.47326824478081,0.212547750360376,21.40826974270594,313.5295576831873,279.7301078559935,39.17999931489346,39.56082999274023,0.2118566827304117,21.40815824267837,314.5145598037333,279.7463822497177,38.49294556198947,-1.0
K20K56J,classical,m,0,I,44.01774276537951,0.02792255690799012,2.730564059278007,141.4264897852195,154.7799707218745,354.5193152509659,44.14188248042196,0.03101511006978572,2.725740715095126,146.748462872523,154.8787242986932,349.4688372480144,-99999.0
K20Q83H,resonant,3,2,S,39.25235539223659,0.2513645954398342,22.51492149572686,68.20548146694522,321.246315752072,312.9388341071933,39.54408585502633,0.2558853022943731,22.47177680294537,67.30330405366249,321.2663726270781,314.0647072152782,0.0
K20S35E,resonant,5,3,S,42.30415260700163,0.190675659794302,7.72804141505812,7.550372650943532,356.2325971456261,9.458359122429648,42.76080752569464,0.1990113339680573,7.707873011164846,8.043675031405206,356.1773941532075,8.988657257602291,-99999.0
K20U73Y,classical,m,0,I,42.99720487056305,0.0531323108476387,1.418778968342575,259.1400605761291,38.6991527530226,53.02297803753388,43.37098293530337,0.05742209227083545,1.415310243472374,266.3141671311847,38.83536984979246,45.81340630157784,-99999.0
K20U73Z,classical,m,0,S,46.4672095779619,0.07519362641328242,0.6153839453586232,225.5926009490278,123.9441613217972,5.984674524066399,46.91026599816381,0.08361608421046222,0.6154570839694158,226.8604594637886,123.9265079951085,4.826819513655787,-99999.0
K20U74A,classical,m,0,S,43.88973823481491,0.08375136441651415,2.3060593015388,164.8129317578574,116.5535888299815,63.86609307307586,44.26784371086838,0.08601845254797919,2.305168109503809,170.184309983099,116.5259593238102,58.63975357189827,-99999.0
K20U74C,classical,m,0,S,44.09770040262461,0.1247317914335315,22.00309904800048,184.0090767751136,165.794035347332,6.061631649650778,44.5155603791651,0.1326178042683758,21.94529641243277,184.8178528973586,165.764692242051,5.365579409070344,-99999.0
K20U74D,resonant,3,2,IH,39.27941042659546,0.009604179688455172,11.12438270353088,35.83104727662191,158.938475258096,161.23204521024,39.59459812986823,0.002607162473357059,11.09529138437053,77.52659338346498,158.8948705340069,119.6715804781041,2.0
K20U74E,classical,m,0,S,43.76402859923324,0.06687955410024589,2.830183162651341,205.7604187714869,67.42045575154043,75.3827053295404,44.13697662609637,0.06789348651307749,2.828032857222419,212.6210955228299,67.53363794930104,68.51361212832052,-99999.0
K20U74F,classical,m,0,I,44.01073289405497,0.07284667237822565,1.856825618603665,352.3596166711098,354.6868954540478,7.822673877852361,44.42018439261889,0.08101566871671169,1.85040980564193,353.8303591845598,354.6928768181695,6.438685988019794,-99999.0
K21C46J,classical,m,0,S,43.86699887743467,0.04007980494958046,3.365116323894079,82.37888936749346,124.220680784044,273.0935032796961,43.83118981949436,0.03696653236537503,3.36897859341208,83.2809741001065,124.204780453343,271.8391173441499,-99999.0
K21D15M,classical,m,0,S,45.59425897557839,0.03809673875443435,2.388424164847183,26.89004718663015,130.4729973309757,318.5387217513497,45.57326637574468,0.03574479233591013,2.391600350825385,23.46390126764237,130.4461857398367,321.6192338763267,-99999.0
K21D15N,classical,m,0,S,44.03876200003525,0.05302146999679764,2.837330055706814,290.6607847056961,133.1005984461715,56.04896357233071,43.97426780958902,0.05491294126488464,2.841696632010924,287.726285347963,133.084676173262,58.65145081673652,-99999.0
K21D15O,classical,o,0,S,50.78886881514759,0.1693243660997403,22.95126598066564,30.96373523584818,269.1206315593657,154.5141458206688,50.84702012095683,0.1696758810103922,22.93399213470198,32.2200630699981,269.1013668918604,152.8056201528523,-99999.0
K21D15S,classical,m,0,S,43.42608674226636,0.04742988858589483,2.547838342243021,122.5836227568253,276.7352730365733,73.05638315069352,43.40235382007913,0.05033015776678387,2.54824895564106,121.0412732042412,276.7191596075179,74.24886868360798,-99999.0
K21D17G,classical,o,0,S,62.05928855378694,0.2282976022130722,30.43828530235263,56.25044718944596,331.7516283246353,101.8182734855118,61.86322117547992,0.2325017423356314,30.54333955197745,55.64595577805726,331.7531651482713,102.0818000948192,-99999.0
K21D17H,classical,m,0,S,45.95206704666011,0.1370112872702697,10.89927200249508,196.7726976343385,143.382398978011,172.0809642444705,45.76584675374711,0.141725217601394,10.92806622472988,197.3465782458955,143.4059967627544,171.2193080105858,-99999.0
K21D17J,detached,0,0,S,55.0742753575898,0.2557085914610263,24.65228636808353,186.6266137268975,131.0439982831372,172.1502106369364,54.95840536506069,0.2587021539457751,24.71247244692951,187.2473722652465,131.0430937142819,171.083826798251,-99999.0
K21D18K,scattering,0,0,I,783.9115301596554,0.9433434559467747,15.42526835035445,234.8048068797456,322.2531623405503,359.0864521799967,720.240166380253,0.9382974012964189,15.46275424810791,234.8988012689113,322.2065314073512,358.960068346121,-99999.0
K21D19N,classical,m,0,S,46.96317405168105,0.1171472036549322,3.192988887487497,255.5902593914967,352.6344115564762,244.5324690895945,46.870095359474,0.1154851922958213,3.200536545260849,257.2561561571511,352.4567372263781,242.6652596031456,-99999.0
K21GC2U,detached,0,0,S,60.85621708912412,0.3280487148729312,11.54489868940223,17.26858238990613,198.7297797613244,353.1897690966979,60.32845447609871,0.3224937076986418,11.57726851713402,17.60548033063952,198.7434421121198,352.9206274400474,-99999.0
K21GC2W,classical,m,0,I,42.47389821703471,0.03143362095290917,0.4802293043412392,122.6787394638959,123.5713151678311,317.4491895360568,42.22864241209589,0.02823553406149961,0.4800110800722066,131.3575465914903,123.5663406823765,308.8477970783949,-99999.0
K21L43N,resonant,2,1,S,47.73086822862686,0.2294582218136682,7.744890761335319,206.7440140469021,170.4592089761238,222.9138986811055,47.55887050289917,0.2343752741294673,7.762758069929558,206.753858369502,170.6474054279429,223.0047118996233,-99999.0
K21L43P,scattering,0,0,I,169.4568578831168,0.766180549604699,8.99698528148506,10.48366699195243,134.1674245198309,10.12070957680984,165.6935361476413,0.7615169005148199,8.996561520167074,9.980771236240907,134.2862847775149,10.51173063611941,-99999.0
K21L43U,classical,m,0,S,42.783670315225,0.01931216535499421,3.12540613937817,73.32690433861508,134.9488436521982,78.23292961540112,42.88367713644949,0.01685947759472101,3.120759112070737,83.0749734356562,134.995068340594,68.8121377052062,-99999.0
K21L44D,resonant,3,2,I,39.34237440045079,0.3025359828871468,1.803610546412807,316.3396351384216,219.5342062682815,78.38868303578543,39.35747080290574,0.2995539327004315,1.80487274630921,316.3780559795803,219.6880285601083,78.55118188469756,0.0
K21Q98H,classical,m,0,S,42.98487505738703,0.01769889416191701,1.938597019737338,299.2239931194493,10.2926590594985,9.170773654819435,43.24603917136675,0.02325037441803959,1.934277192143391,307.5652912304063,10.46352162727906,0.9519599627843107,-99999.0
K21RK5R,scattering,0,0,I,990.9512029752958,0.9439517159396239,7.643562321739962,208.5737519887001,108.3456806723524,0.3631533711290556,1235.022109291275,0.9549471630035214,7.641777408978745,209.0017134915815,108.3330477954134,0.2576588488979176,-99999.0
K21RN6U,classical,m,0,S,44.25420830838063,0.05932723146709155,0.5614563552669246,8.970476887880418,159.6253491218186,188.6426744680155,44.60770736018797,0.0513797348587175,0.5605784725684942,6.83941185238203,159.5752362865283,190.9226740664902,-99999.0
K21RN6W,classical,m,0,I,45.85937096848046,0.1242872064258222,4.352269051904984,286.2546346985021,172.7454914289293,270.2763391826612,46.25567892381255,0.1240603366866957,4.338173440392895,282.3949255046475,172.7360353333265,274.2328274746606,-99999.0
K21RN6X,classical,m,0,S,44.18189881514826,0.07249155069123399,0.5503212836147076,253.4386121277392,9.343640044233766,85.16470540116387,44.5539153536138,0.07198954995768989,0.5478273414426148,259.8989186179132,9.432447976211025,78.72192617179547,-99999.0
K21RN6Y,classical,m,0,S,42.98341982028093,0.02211258749596639,1.479780586317157,236.2898033186027,147.0119957425349,333.2018036278935,43.35591729565726,0.02993757394985631,1.477301477091696,230.5273065782598,146.9555066702061,339.1180435626598,-99999.0
K21RN6Z,classical,m,0,I,43.52689737949763,0.08413520167961244,14.45519776866422,153.8139858959538,353.5569975292295,211.3177818069206,43.85710932606139,0.07780916905457119,14.40389171190326,150.4846225169889,353.5577819914647,214.7564586954509,-99999.0
K21RN7B,classical,m,0,I,42.84953483317549,0.03364391320544354,2.001312345781921,309.6741692322366,136.026618757161,273.0243015580278,43.21304727896528,0.03552757960111656,1.998781974787992,296.4676418350147,135.9689266282659,286.3866757848376,-99999.0
K21RN7C,classical,m,0,S,45.73214413531984,0.0855077632973687,1.34854084609226,225.348353595567,83.33780746820581,39.75060256103301,46.15202794334613,0.0911068203110492,1.348479876720471,229.3786538884317,83.42339433239937,35.74302508040543,-99999.0
K21RN7D,classical,m,0,S,41.69049663366173,0.132518148302103,33.00243082876781,171.1180112771213,353.198877554546,192.5948553761249,41.94926461818907,0.1261002646135825,32.88775199347502,170.1394496392196,353.1978532394909,193.6907805531743,-99999.0
K21RN7E,classical,m,0,S,45.47810078023812,0.1195049853325348,2.218259461475332,222.7042885743795,133.5648249051603,359.3625204682152,45.93238541730995,0.1280297054870124,2.215902701711566,223.098794808667,133.5126231633681,359.1128815883661,-99999.0
K21RN7F,classical,m,0,S,44.0389017755807,0.09412680169471274,3.973096680005761,262.0235098103829,14.82035995713596,67.8225881091712,44.41671046060886,0.09571697453073656,3.959929925503915,266.8300355237103,14.89048562213112,63.06019861129275,-99999.0
K21RN7G,classical,m,0,S,43.08096717078756,0.07094910860282767,2.259178311521848,233.0932434108302,118.4783672330357,3.800959718289669,43.47864507297627,0.07917763238330665,2.258220539126333,234.1653462506789,118.4474046349187,2.851650418844433,-99999.0
K21RN7H,classical,m,0,S,44.46331231764204,0.05351467805329892,2.338191585429517,99.27766742130989,120.6864060988375,131.1480006997281,44.82370250956182,0.04747000343377551,2.336849161276788,105.67211166086,120.6455138341032,124.9037235600885,-99999.0
K21RN7J,classical,m,0,S,43.8512767332715,0.02324308401288539,1.675582572804644,179.8765708965306,80.20808553998495,93.71788150376537,44.22296218031039,0.02310675869364983,1.675229637074608,200.3775352169359,80.30079388058026,73.2218132566763,-99999.0
K21RN7K,classical,m,0,S,42.90379300144608,0.05246495009389796,4.074427278774479,270.6288476998216,18.51910292926724,60.42413772219909,43.27106013204475,0.05574729601267386,4.06151684753508,278.4993897056621,18.59932283575513,52.58062832122231,-99999.0
K21RN7M,resonant,3,2,S,39.34920094976905,0.191934638574446,12.0286506542624,10.98581790883615,162.8674645686009,183.0575341831987,39.60157866101836,0.1846193810637428,11.9885770952234,10.68411015739975,162.8251142808242,183.5073397216713,0.0
K21RN7N,classical,m,0,S,45.49563994973755,0.0709408414883613,2.594108449863466,269.1927023510351,56.50016729023047,27.00715506335352,45.91738547046391,0.07802978937556145,2.590641489000597,272.6770006101613,56.62525464421559,23.49281782959393,-99999.0
K21RN7R,classical,m,0,S,43.16030341273956,0.08349463479645376,21.16232357558575,48.08050032248855,358.5433469014076,316.0397240222963,43.53471021597437,0.08943479809356841,21.09636232884214,44.6366119495371,358.5547255026606,319.5581509248313,-99999.0
K21RN7S,classical,m,0,S,43.04852392469084,0.01074270462910401,1.250753723462035,203.5819222910045,167.6334263483314,344.9783193540544,43.41774577320188,0.01892848375986252,1.247651162853772,199.5261399538963,167.6026797565719,349.1605854500306,-99999.0
K21RN7T,resonant,3,2,S,39.45175790240089,0.1249184554012786,2.784370928220889,14.98564829901365,160.0771876997355,182.0044149401267,39.7309597821389,0.1172739485640935,2.776634962899336,14.55270054119359,160.0284314901607,182.5822484523707,0.0
K21RN7U,classical,m,0,I,44.3539559191867,0.06761220886336083,2.536682562974253,6.292888965678301,6.968750329317689,345.9697825505655,44.76781654238867,0.07594974767475783,2.527957277565178,5.122491844146214,7.008616121056972,347.1827969193404,-99999.0
K21RN7V,detached,0,0,I,80.85651951071536,0.5138463644410055,28.74024334462221,174.0332392014644,170.2768912681293,3.600730599532437,82.41373782464065,0.5227916049230491,28.67210918934926,174.3297696417693,170.2615946379631,3.415060686177854,-99999.0
K21RN7X,classical,m,0,I,42.5883512746416,0.03691843791596194,2.810340099037041,201.107475062279,157.2772601611547,357.9370101625307,42.96439550022628,0.04516558582204235,2.803743116051812,201.7952575275033,157.230378810675,357.3877529020724,-99999.0
K21RN8N,classical,m,0,S,42.86852191603858,0.05039322614636826,1.188335802905221,2.274004545790911,28.20480495624762,328.8926325548045,43.25259533828282,0.05787514065391249,1.184711782056393,358.3311085012351,28.32480587987597,332.8027191998548,-99999.0
K21TG5H,scattering,0,0,S,39.62406189335654,0.4563979641152805,154.9218878784496,81.42612020601264,106.548775041321,10.66473353265071,39.40049247919095,0.453156124049157,154.92940717115,81.33824698200033,106.566819543232,10.80800916515789,-99999.0
K21TJ2H,classical,m,0,S,42.8972794669395,0.03712424841323756,1.892539015633462,285.9643762874172,84.10251774091002,345.3071541970797,43.27465467944066,0.0452805613801916,1.89242164852758,284.2484914991632,84.17655170094666,347.0515730889429,-99999.0
K21TJ2K,classical,m,0,S,43.93624026654916,0.04815745529339489,1.695254021111903,231.7669352469007,104.4587699103204,18.11749932166619,44.33143392297006,0.05584674775116241,1.695289749891584,235.3988320221216,104.4694618451415,14.56997093220607,-99999.0
K21X07D,detached,0,0,S,48.39682675042042,0.2870023253406909,12.04040020552365,155.6827802231984,272.2446388411601,11.96136070764579,48.63463406484775,0.2910245060226117,12.03588914028579,155.30367040969,272.2290844662568,12.04995038444522,-99999.0
K22F12G,classical,m,0,I,41.59176546628665,0.1432225914926178,21.27347355739765,79.70964135802338,197.6288655215108,300.599289907979,41.37731531296,0.1423676675661966,21.33853238934902,81.62467932294847,197.6486224827805,298.7646569882053,-99999.0
K22F12K,classical,m,0,I,47.60122589820671,0.01926536717480322,24.10753346815993,18.50769582956059,201.8864046261596,342.6595737810883,47.34027798620338,0.01466328889996496,24.18801113850104,27.36114270073973,201.8923408026164,333.8826279229016,-99999.0
K22G03Y,resonant,5,3,S,42.29557343155335,0.1006281382148819,1.760070588389203,265.7287174713911,297.0044459480224,357.1363413436108,42.0324530670059,0.09523616228646478,1.761062439823107,266.1215636438931,297.0723843340111,356.7276360638238,-99999.0
K22G03Z,classical,m,0,S,41.47377266192271,0.03313589849456249,15.81426803150116,56.42859758531969,201.6594333478766,304.7701428045589,41.24691183588753,0.03111505372442212,15.86420454119816,65.06255015843527,201.6582826101725,296.201225704606,-99999.0
K22G07G,classical,m,0,S,43.51278757048717,0.03851140309748619,2.048675786517356,207.1212625734782,230.0275237526574,117.5413704508984,43.26227033544299,0.0413499851206599,2.053088213372057,200.0864678731302,229.9710611942032,124.6781978672967,-99999.0
K22H01E,classical,m,0,I,42.97424630669062,0.07416663454490574,0.7652677531576209,354.6674310370635,180.1707494882577,27.20244280636244,42.71851458371683,0.06915928027371442,0.7667039719035619,352.9264714846495,180.2479483342684,28.95454343098679,-99999.0
K22QQ1D,classical,m,0,S,46.58335012565187,0.1628992592199844,4.570776164756387,202.7102024500591,292.0104111479889,203.7787595296542,46.87633071460878,0.1571875864271587,4.566548648349334,201.1866184715629,291.981146707631,205.6024213719822,-99999.0
K22QQ1E,classical,m,0,S,45.79698796310688,0.1169798786760504,7.443000917950243,318.8555635736462,174.8328975505164,197.6123968209473,46.07665836730571,0.111385623199402,7.418661121611746,316.7607486514796,174.9287851929433,199.8989364860263,-99999.0
