ids,indices_mrt_21,aau_HE,e_HE,ideg_HE,wdeg_HE,Wdeg_HE,Mdeg_HE,xau_HE,yau_HE,zau_HE,vx_HE,vy_HE,vz_HE,pomegadeg_HE,lambdadeg_HE,qau_HE,q_HE,p_HE,s_HE,k_HE,h_HE,f_HE,k2_HE,h2_HE,f2_HE,aau_HI,e_HI,ideg_HI,wdeg_HI,Wdeg_HI,Mdeg_HI,xau_HI,yau_HI,zau_HI,vx_HI,vy_HI,vz_HI,pomegadeg_HI,lambdadeg_HI,qau_HI,q_HI,p_HI,s_HI,k_HI,h_HI,f_HI,k2_HI,h2_HI,f2_HI,aau_BE,e_BE,ideg_BE,wdeg_BE,Wdeg_BE,Mdeg_BE,xau_BE,yau_BE,zau_BE,vx_BE,vy_BE,vz_BE,pomegadeg_BE,lambdadeg_BE,qau_BE,q_BE,p_BE,s_BE,k_BE,h_BE,f_BE,k2_BE,h2_BE,f2_BE,aau_BI,e_BI,ideg_BI,wdeg_BI,Wdeg_BI,Mdeg_BI,xau_BI,yau_BI,zau_BI,vx_BI,vy_BI,vz_BI,pomegadeg_BI,lambdadeg_BI,qau_BI,q_BI,p_BI,s_BI,k_BI,h_BI,f_BI,k2_BI,h2_BI,f2_BI
20161,24,48.2350394267795,0.3990030964854853,12.40070218669079,310.5969205894273,342.8934274654741,59.90110099078514,34.774303426420694,28.555488938935447,8.250016338350889,-0.04436158066589387,0.14243291404622702,0.027063050841133474,293.49034805490146,353.3914490456866,28.989109336395007,0.2052467213698374,-0.06316790972572284,0.9766696465785221,0.15904047044905714,-0.3659366062098025,0.9169495782184507,0.40380540943957516,-0.9001960692492005,-0.16305897158888735,48.23503942677948,0.39900309648548515,13.361387479313988,316.22245506283906,319.82667712787344,59.90110099078514,41.53257451871249,16.716977641873875,9.397808749180738,-9.388196868417333e-06,0.14917956441732416,0.02707306845973446,276.0491321907125,335.95023318149765,28.989109336395007,0.17657679773664142,-0.14907809137849767,0.9729318358302484,0.04204744332659213,-0.39678140520279226,0.9169495782184507,0.11746232023003605,-0.9801223643566583,-0.15988356455273942,47.79387083964982,0.3979479671808008,12.42407317244285,309.3351907885203,343.0519953603619,61.13134884643557,34.76531849120059,28.555097933726742,8.250228831325408,-0.04423754835208407,0.1418250929572712,0.027046854458222074,292.38718614888217,353.51853499531774,28.77439709530942,0.20580181946795617,-0.06271576697449176,0.9765819697682729,0.1515638944973451,-0.36795512018197185,0.9174079874388866,0.38614351765357224,-0.907305174847652,-0.16640463776228365,47.79387083964976,0.3979479671808006,13.3813040104973,314.96325154295806,319.98325696914077,61.13134884643568,41.52388865506294,16.71931904165894,9.397781935846755,-7.428772122738882e-05,0.14856267124797234,0.027055077261527106,274.94650851209883,336.0778573585345,28.774397095309396,0.17724254542505993,-0.14881243768278865,0.9728514472837833,0.03431332410766983,-0.39646586280790125,0.9174079874388867,0.09857741231480227,-0.9815641143580214,-0.16375097919057055
26308,29,48.10332408489885,0.373745684421299,13.464960820753,132.1333129721322,182.9893520841712,51.67460553470473,27.760370614301472,31.454141138742976,-7.174252631170867,-0.07676643806064107,0.13838385065842754,-0.034046985127651135,315.1226650563034,6.7972705910081,30.124914301848776,-0.23253381532618667,-0.012143248238618301,0.9725125018487228,0.26484329721191463,-0.2637117072590193,0.9275312196236064,0.7075559599442582,-0.6852347071269772,0.1726787760437423,48.103324084898816,0.37374568442129874,13.15457379682038,125.40555467025025,171.95445164694755,51.67460553470478,36.14906722914684,21.598960368021416,-6.180689420967562,-0.0304277610696605,0.15510840753087882,-0.034898518612932236,297.3600063171978,349.0346118519026,30.124914301848765,-0.22533887678284747,0.03185200991698479,0.9737596418390387,0.17176602615225342,-0.3319371459831039,0.9275312196236065,0.4625733972326816,-0.8669591439080887,0.18549311299013171,47.64953565418149,0.3708728453360897,13.49592285529752,130.9430679961533,183.1303091665071,52.89802635147994,27.75138567908134,31.45375013353435,-7.17404013819636,-0.07662068654519134,0.137778743434961,-0.034022222799426086,314.0733771626604,6.97140351414032,29.977616787171748,-0.2330279546440278,-0.012743978584076816,0.9723865298142861,0.2579713775967623,-0.2664534401138702,0.9286836558227526,0.6944400386027388,-0.6976225611023574,0.17628328062075038,47.6495356541815,0.37087284533608944,13.189168796340363,124.22842734685709,172.0817569348982,52.898026351479956,36.14038136549729,21.60130176780656,-6.180716234301558,-0.03047227282418815,0.1544875405826114,-0.03487497364947095,296.3101842817553,349.20821063323524,29.977616787171765,-0.22599139829721812,0.03143224267029258,0.9736220529632553,0.16438216914100984,-0.3324532596865059,0.9286836558227528,0.44623498495978803,-0.8748062697467467,0.1886486909833195
119979,131,47.91024096736598,0.2604321092692387,9.186525774916113,43.76897533782511,109.7073428540542,323.7849521328802,-2.9684132140575326,39.27727116623671,-1.6900695047577399,-0.16456993317371313,-0.04490455499675276,0.027504798226455136,153.47631819187933,117.26127032475955,35.43287585663737,-0.053836196180734874,0.15029796932567888,0.9871738369696427,-0.2330215933648614,0.11630056132334822,0.9654921628172729,-0.886397020610843,0.4495596315348279,0.11043758212895825,47.91024096736598,0.26043210926923865,7.609132289928499,43.326951777493086,92.56229729769109,-36.21504786713597,9.078136696854523,38.33906882794223,-1.4405130078983528,-0.17113950460421268,0.006905947094635975,0.022798547065231295,135.88924907518418,99.6742012080482,35.43287585663737,-0.005919666748230963,0.1322819895971975,0.9911944475095675,-0.1869891358254023,0.18127312713608135,0.9654921628172729,-0.7119597221561154,0.6963176452632456,0.09085753090655634,47.85451652251515,0.2617805145142004,9.182906853233028,44.49177473320609,109.7246406231161,323.3816017242639,-2.9773981492740305,39.276880161029055,-1.6898570117838179,-0.16436533178301718,-0.04538681403753133,0.027488305764457835,154.2164153563222,117.59801708058603,35.327136565422826,-0.05386052523289342,0.15022301536652868,0.9871839187688506,-0.23571854414427412,0.11386749196247097,0.965127433151022,-0.8919888222121093,0.4380044286366036,0.1118394453821044,47.85451652251512,0.2617805145142007,7.605534869066401,44.04594505269425,92.58336483385834,-36.61839827575624,9.069450833208746,38.34141022772721,-1.4405398212328289,-0.17108970498147166,0.006384412141045612,0.022783420844670173,136.6293098865526,100.01091161079634,35.32713656542279,-0.00596550107297443,0.13221763302797698,0.9912027594359428,-0.1902950775473581,0.17976879940791898,0.965127433151022,-0.7208161247522626,0.6869914115974849,0.09201583933446301
130391,149,47.36689451251119,0.2777368003838032,23.49544901058727,169.9048259950339,46.0634517442334,29.19951752953692,-3.559415725780525,-35.72833545630908,-9.662624939380061,0.16636066230639696,-0.033613628395432596,-0.062217242840024695,215.96827773926728,245.16779526880418,34.211364786489206,0.27662601135862813,0.2870901998855051,0.917091744030834,-0.22478414145815656,-0.1631251667780052,0.9606572071829615,-0.798877341844642,-0.5974207653194393,0.06988148433150541,47.36689451251115,0.2777368003838028,22.782517293177836,173.49017397904885,25.183928380701424,29.199517529542426,-13.914236288252344,-32.98402206344739,-10.049777735816502,0.15009275692742896,-0.08229698540308766,-0.05810423216110496,198.67410235975026,227.87361988929268,34.2113647864892,0.3504262862739181,0.1647780482028153,0.9219813516111596,-0.263115373679792,-0.08892710734514953,0.9606572071829617,-0.9435912162672827,-0.3281893022318485,0.043902146687864005,47.42018786258424,0.279778463060001,23.45557547491296,169.5969740690276,45.96570561680102,29.30840009366896,-3.568400660999531,-35.72872646151802,-9.662412446405941,0.1663434590384718,-0.03410345512610659,-0.06217359953046715,215.5626796858286,244.87107977949756,34.15304058437391,0.2766716908549386,0.28615895493241084,0.9173689704755986,-0.22759411740950383,-0.16271725818979776,0.960064587206394,-0.8027528599719164,-0.5919644872032369,0.07187413788782071,47.42018786258419,0.27977846306000065,22.745160002674584,173.19122734961783,25.077041697524113,29.30840009367564,-13.922922151900906,-32.981680663662885,-10.049804549150856,0.14992725215377614,-0.0827587325151854,-0.05806513367843943,198.26826904714196,227.5766691408176,34.15304058437389,0.3501885244843082,0.1638692134968775,0.922233635358968,-0.2656774114342069,-0.08770120549818732,0.9600645872063941,-0.9456915914620844,-0.3218172181503751,0.045837669441890716
137295,169,48.0929140853631,0.3003161129651236,12.66573459629409,208.8961645844472,175.6155544782364,9.4415157221378,24.948292346965623,22.51056129273548,-5.4726457751477495,-0.12174665716634318,0.14883734207824553,-0.031258889466439774,24.511719062683596,33.9532347848214,33.64983706608121,-0.21862108934794675,0.01676227531890111,0.9756658472133021,0.27325055335210535,0.12459495495102975,0.9538397309262805,0.908977488056851,0.4031549245270307,-0.10595297558568821,48.09291408536306,0.30031611296512295,12.162185817506892,201.9305345263966,164.83640894530035,9.44151572213773,30.72187643157163,13.922654907486192,-4.6280126808600155,-0.07021064873837773,0.17866102159413116,-0.03320580168356745,6.766943471696948,16.208459193834678,33.64983706608122,-0.20334442028897556,0.0551087252844885,0.9775551519657902,0.29822400744789174,0.03538656649352005,0.9538397309262806,0.9908409297538646,0.10974017368797132,-0.07868510788853857,47.54881698133559,0.2923863854358285,12.68761633186611,208.6847454477957,175.7225555682632,9.69291496719943,24.93930741174544,22.510170287526797,-5.472433282173217,-0.1215707578728405,0.1482252284518431,-0.03123599584607915,24.40730101605891,34.10021598325834,33.646190252413135,-0.2190235730708743,0.016381757502110558,0.9755820377909843,0.2662561103129586,0.12082004018060286,0.9563002674953986,0.9097568349786649,0.4015327418091845,-0.10542276065822312,47.54881698133559,0.29238638543582884,12.18675215404031,201.72776322948678,164.93435678333287,9.692914967199556,30.71319056792201,13.924996307271302,-4.628039494193987,-0.07022849620154377,0.17802436861823964,-0.03318339125558219,6.662120012819628,16.355034980019184,33.64619025241312,-0.2038430469713258,0.05486996527619174,0.9774647303673086,0.29041206597590663,0.03392094226041936,0.9563002674953986,0.9910791415435956,0.10795835094921064,-0.07814812638532477
308379,243,48.25113636638194,0.2020963603620414,9.979487948714585,269.1246149581887,46.46911668522162,56.85231176724015,36.65384790509209,25.23131635706199,-1.6181443849245196,-0.06061282697335894,0.1410684068588827,0.02482848616915162,315.59373164341036,12.446043410650532,38.49975732340362,0.11935656016270248,0.12563987193816517,0.9848698564406815,0.14437685768244543,-0.1414152107707194,0.9793656422033683,0.7034280070452344,-0.6893219005998263,-0.17327537695187042,48.251136366381985,0.20209636036204137,9.31888577608638,277.6917161576589,20.440265842067255,56.85231176724763,42.59172835608939,12.98033184810776,-0.4449082650627705,-0.015846022124114276,0.15278792320646956,0.02440118927334088,298.1319819997262,354.9842937669738,38.49975732340365,0.15173352309262383,0.05655060540527131,0.986802395111705,0.0952892833755437,-0.17822146712828793,0.9793656422033683,0.46693666431966707,-0.8696084406792546,-0.16047215151987532,47.7999512653714,0.1984767706934372,10.00750744816774,267.0227468383325,46.44116706794104,59.10553474952508,36.644862969872214,25.230925351852708,-1.6179318919500925,-0.06047790233895633,0.14046150032438445,0.02481378749259009,313.46391390627355,12.569448655798624,38.31277129891681,0.11974971351886925,0.12593064220058342,0.9847849914915933,0.1365316908569881,-0.1440559818148038,0.9801055920129753,0.6768866482450165,-0.7153372713351032,-0.1735426566192774,47.79995126537141,0.19847677069343705,9.347315040045702,275.5661438616632,20.436393201804336,59.1055347495321,42.58304249243989,12.982673247892208,-0.44493507839684354,-0.015900307219857256,0.15216861155179137,0.024384988889458066,296.0025370634675,355.1080718129996,38.31277129891682,0.15219614465297618,0.05671130741725753,0.9867219269702056,0.08701438861202647,-0.17838588699605815,0.9801055920129753,0.43379653640142796,-0.8863909450527473,-0.16165289213194453
312645,252,47.22973522571245,0.3002649033767451,18.93652206426298,352.1247988425744,205.0549519502213,8.77896108852807,-27.743863627657536,-18.489716755691305,1.715683715324835,0.09470928798400313,-0.1603720816151723,0.06360509334147253,197.17975079279574,205.9587118813238,33.04830334165465,-0.29398370678087327,-0.13743027474566186,0.9458786918684179,-0.286867927199094,-0.08868937109000927,0.9538558527367508,-0.9522424505725872,-0.3020881158382537,-0.044464430692497364,47.22973522571243,0.30026490337674483,19.2033875461451,347.36105831673893,191.9751779982154,8.778961088528266,-32.068190723532666,-9.245172865527719,0.832518896136649,0.04007195747230526,-0.18148954378571835,0.06473364976414764,179.33623631495436,188.11519740348263,33.048303341654645,-0.3217643326618451,-0.06824743908232776,0.9443569247299357,-0.3002447544725848,0.0034784495889930685,0.9538558527367509,-0.9974067172893304,-0.0003255041095420741,-0.07197037135652838,47.55426064397635,0.3049501631530925,18.89020250041875,352.1627103977462,205.0249347083528,8.66712933333174,-27.75284856287768,-18.490107760899946,1.715896208299345,0.09474010870913932,-0.16077694909509593,0.06356440482826896,197.187645106099,205.85477443943074,33.05258110197108,-0.2933626792899497,-0.13695272561886287,0.9461407344287565,-0.2913317306334792,-0.09011339929888135,0.95236831005284,-0.9522353862067138,-0.3021568691666695,-0.044147431082081,47.554260643976384,0.304950163153093,19.15641937044328,347.38737581197324,191.9573879568808,8.667129333331761,-32.07687658718224,-9.242831465742583,0.832492082802657,0.039980193616527944,-0.18188480755705205,0.06469041674033137,179.34476376885402,188.01189310218578,33.05258110197108,-0.3210280608893138,-0.06798711805658346,0.9446262413780422,-0.3049302222563964,0.003487343080732665,0.9523683100528397,-0.9974294797498967,-0.00039317951343881274,-0.07165387872069921
469505,343,47.75267791646459,0.2487908932475994,3.386180214065297,54.08524964310786,169.3666820598531,14.14283359466227,-13.989288126557375,-33.647290637629276,2.109421558893839,0.16356173827468973,-0.08420417832139004,0.0031109441910058453,223.45193170296096,237.59476529762324,35.87224652266245,-0.05805133386304208,0.010898955234707157,0.998254103628687,-0.18061014969973035,-0.17110488709671445,0.968557221560534,-0.7256906981292871,-0.6863560761485064,0.047836674034190944,47.75267791646458,0.2487908932475994,2.9835194524928323,26.2832813971969,179.54516515240533,14.142833594662203,-23.549013563527943,-27.849575682746508,1.4611992779258145,0.13034938475791838,-0.1296786403592769,0.006704623462923704,205.82844654960223,219.97128014426443,35.872246522662444,-0.05204706848068352,0.0004131773394546219,0.9986445473475801,-0.223937323479811,-0.10839272907181965,0.9685572215605341,-0.900097809705165,-0.43507785282315803,0.023047666839728566,47.93052656799631,0.2520101672471832,3.384599525094021,53.86937899046155,169.2274511715862,14.24058288022186,-13.998273061777436,-33.647681642837995,2.109634051868366,0.16354641097229236,-0.08466009697645036,0.003110801593726189,223.09683016204775,237.33741304226962,35.85154655135,-0.05799762287913037,0.011034842294572956,0.9982557327638565,-0.1840178435327221,-0.1721817576211832,0.9677245866485189,-0.7299367571143022,-0.6818494036442058,0.04768355443438769,47.93052656799629,0.25201016724718306,2.978285654340255,26.053915951640743,179.41950199448044,14.24058288022183,-23.557699427177457,-27.847234282961473,1.4611724645918407,0.13019711288561517,-0.1301086301423614,0.0067002841181590216,205.47341794612117,219.714000826343,35.85154655134999,-0.05195481837687165,0.0005264035274564809,0.9986492976749909,-0.22751097877841375,-0.10838763274120047,0.9677245866485189,-0.9027789099202457,-0.4294990805298347,0.02282059655748456
470083,357,48.23730569912126,0.3752564658409637,13.58949586132953,290.1039942272959,101.3623143276818,17.15454887620177,10.259474022353201,30.15955114289169,-3.8677527806883942,-0.17264285573388402,0.10241172413144653,0.03603800230531553,31.46630855497773,48.6208574311795,30.135944840778837,-0.04629083708309221,0.23035885280182336,0.9720040932722324,0.3200739743377046,0.19588278665343925,0.9269210240600596,0.8271723966327488,0.5168176152375294,-0.220647634995319,48.237305699121265,0.37525646584096417,12.02128127603117,290.9251799361642,82.9791059052571,17.154548876207613,18.990069914946634,25.651460179105634,-3.345845070196616,-0.13458355000236588,0.14977878926369875,0.032342492809697566,13.904285841421313,31.058834717628926,30.13594484077882,0.025457720033104557,0.20671326808353407,0.9780703089701379,0.36426089200220835,0.0901743739274424,0.9269210240600594,0.9503687255270764,0.24280436274133033,-0.19453875442650753,47.77849536972354,0.3690903592955981,13.59171505362018,289.9773926917205,101.3733252719751,17.50232976929613,10.250489087133976,30.15916013768247,-3.8675402877140552,-0.17243284350521204,0.10183072705480467,0.03601579050384489,31.350717963695615,48.85304773299174,30.14391334710921,-0.04634253011507402,0.2303868609113446,0.9719949918708173,0.3152026572984822,0.19202858682219495,0.9293935155116191,0.8281955837645488,0.5150849668219386,-0.2208609335915714,47.77849536972346,0.3690903592955973,12.023463194735179,290.7969837327401,82.99167897941891,17.50232976930127,18.98138405129777,25.65380157888994,-3.3458718835307595,-0.13455825183443723,0.14916149446674576,0.03232096980486604,13.78866271215901,31.29099248146028,30.143913347109194,0.025416902505001525,0.20675581769432702,0.9780623768025235,0.3584537140970238,0.087969472972175,0.9293935155116195,0.950826425383716,0.240843576437368,-0.19473951956622107
487581,402,47.46772655423946,0.06691325215758614,24.80193793056305,285.3019745289246,153.1718792583715,86.08410181737761,-46.382154126877545,7.693481164001954,6.5007208627057445,-0.023377373537365964,-0.1306608276480978,0.05875567946776478,78.4738537872961,164.5579556046737,44.29150659796829,-0.37433151341225623,0.1893191115323344,0.9077632907730392,0.013370277504177281,0.06556385432359814,0.9977587968470613,0.15966300479270606,0.9004428493344905,-0.40461141850292437,47.467726554239476,0.06691325215758614,23.722298516869536,282.4980137354535,138.1460090565775,86.08410181737749,-42.05452324898834,21.345033156452196,5.3441444081676845,-0.06335012869788499,-0.1174950740504336,0.05703202707913074,60.64402279203102,146.7281246094085,44.2915065979683,-0.29965524069654276,0.26843123981176154,0.9155060929432516,0.032803165847675814,0.058320970711010826,0.9977587968470613,0.4351928987017326,0.810146994409959,-0.3927709107967307,47.71555933879405,0.06573056535500582,24.73719950726549,289.7905605008195,153.1234751053179,81.79003106517644,-46.39113906209762,7.693090158793271,6.500933355680259,-0.02326740578864084,-0.13108560895476748,0.058718241251159556,82.91403560613742,164.70406667131385,44.5791886472248,-0.3732563127737374,0.1891714840244446,0.9082366842440043,0.008108416316408257,0.06522852755296946,0.9978374079869482,0.08432515807714913,0.9153453039778853,-0.39374133920747567,47.715559338794016,0.06573056535500554,23.656644787519255,286.9815907216753,138.10348372843043,81.79003106517679,-42.06320911263786,21.347374556237273,5.3441175948336985,-0.06337257439199799,-0.11793322981092522,0.05699395603131133,65.08507445010571,146.87510551528248,44.57918864722477,-0.29867486431594986,0.26795285064991775,0.9159664815125234,0.027690452251846503,0.05961330452153163,0.9978374079869482,0.3676023238349524,0.8471110612579179,-0.3837595359149097
495189,409,48.13472537522542,0.1776363473730142,19.28553604565444,222.3111844203669,120.9672712526744,44.43020122771728,28.675249492403502,28.818441336885787,-13.79225729886372,-0.09423923417492448,0.1300291461876881,0.004863848383931245,343.2784556730413,27.708656900758626,39.584248577767234,-0.16994303748935793,0.2831990169175053,0.9438843577609756,0.17012488322264147,-0.05110964700043205,0.984096198596445,0.9253240876869422,-0.3071575335148362,-0.2223276463947088,48.1347253752254,0.17763634737301437,17.753335179496336,221.1127161673185,104.52141259143968,44.430201227717454,36.40732072801192,18.810027325550326,-12.794089469630016,-0.050672768465775245,0.15242212710522496,0.0034691269809376223,325.63412875875815,10.064329986475627,39.58424857776721,-0.0764561246843652,0.29517877162535694,0.9523780519205565,0.14662990156551,-0.10027135121716013,0.984096198596445,0.7951367656543894,-0.5723270085801646,-0.20049767867573182,47.69374867660159,0.1719380749477498,19.28387267334052,220.4396635163895,121.0305088192855,46.41853786707595,28.666264557183403,28.818050331677085,-13.79204480588919,-0.09408177160093156,0.1294296386651812,0.004862530910948289,341.470172335675,27.88871020275093,39.49337734210492,-0.1702413759739406,0.2829877968157769,0.9438939457162823,0.1630245198586782,-0.05464162828453657,0.9851077597822798,0.9169734194001865,-0.33655870090187257,-0.21421481965721603,47.693748676601565,0.17193807494774982,17.75211002441831,219.2355559093944,104.59000760289177,46.41853786707608,36.39863486436238,18.812368725335393,-12.79411628296399,-0.05070371110032504,0.15180306062364435,0.0034669562123108514,323.8255635122862,10.244101379362291,39.4933773421049,-0.07680433053539677,0.29506731810076897,0.9523845717985089,0.13879249605307717,-0.1014856869518781,0.9851077597822798,0.7780776893156918,-0.5978321194615535,-0.19285192850801508
500877,432,47.61269420429175,0.281839124830484,8.334508936419276,89.13004195908154,107.1102289824615,33.39481885291207,-10.363804995419418,-36.52308986944978,3.0253005173778718,0.15574454282068304,-0.08320109375923673,-0.018220523870941023,196.24027094154303,229.6350897944551,34.1935741389327,-0.042646514047779284,0.13853665130686418,0.9894386646398314,-0.27059299875303333,-0.07882081775174667,0.9594616760010723,-0.9500046241866863,-0.27655908717310773,0.14493545227407267,47.61269420429169,0.2818391248304839,6.7558726235183295,89.2406123442603,89.41823439674974,33.39481885294463,-20.98782603649575,-31.686201697592693,2.4480136961825147,0.1237907854343099,-0.12636102443563424,-0.014815703035026731,178.65884674101005,212.0536655939547,34.19357413893267,0.0011944554183657263,0.11763311885850795,0.9930564045530715,-0.2817619167047377,0.0065965581999645985,0.9594616760010725,-0.9927834283547095,0.02333490669604899,0.11762885068619883,47.78661654132195,0.285184376150846,8.33525689074605,89.12105886962618,107.0938064255091,33.15125008367976,-10.372789930634434,-36.52348087466129,3.0255130103518044,0.1557344549563877,-0.08365768472693552,-0.018206369153147876,196.21486529513527,229.36611537881504,34.15862011462535,-0.04261060045896983,0.13856121508671512,0.9894367723115101,-0.2738401037310491,-0.07963495456842748,0.958472676501241,-0.9501258626270161,-0.2761356850857842,0.14494802030201304,47.78661654132194,0.28518437615084624,6.7566252501438795,89.23546246039932,89.39801165974322,33.151250083717656,-20.996511900141282,-31.68386029781184,2.447986882848056,0.12364290943204097,-0.12679323783500354,-0.014805618483249235,178.63347412014252,211.78472420386018,34.158620114625336,0.001236111398653572,0.11764573381709036,0.9930548591811272,-0.28510326779398687,0.006801109743089782,0.958472676501241,-0.9927714540448449,0.023775152281449122,0.11764175350477517
500880,435,47.66701130287362,0.08416557153170115,7.645430572536363,186.94625295088,128.1984530060259,302.4541039373665,-16.122777077734238,-42.51679378608681,5.230128454353073,0.14373260947189245,-0.043877397562221594,-0.011520427176376255,315.1447059569059,257.59880989427234,43.6550900533592,-0.08227165005148786,0.10455442706094059,0.9911103608477534,0.05966416480518279,-0.05936354832182701,0.9964517833637221,0.7080454992932853,-0.7059834885465128,-0.01608989839054805,47.66701130287359,0.08416557153170101,6.192676839296238,181.78691597221857,115.73830638659697,-57.545896062633695,-28.34628975834161,-35.660250989923085,4.450875696736862,0.12403402347056108,-0.08524586359290895,-0.008106358415617371,297.52522235881554,239.97932629618185,43.65509005335918,-0.046844773785658864,0.09716994357234515,0.9941647596023094,0.03889619662775137,-0.07463865834239776,0.9964517833637221,0.46197513747869834,-0.8868864965030138,-0.0033637289051867323,47.76992918716522,0.0826305385605226,7.650574881070211,184.6871905403394,128.1197448637925,304.4516190790185,-16.13176201295436,-42.5171847912955,5.230340947327602,0.14373057254882216,-0.044360345050402504,-0.011510763166543564,312.8069354041319,257.2585544831504,43.822674211431725,-0.08218287630326035,0.10473735388476181,0.9910984116341531,0.05614993929473642,-0.06062169760077186,0.9965802497025505,0.6789578526912557,-0.7340966445108357,-0.010878914780936558,47.76992918716521,0.08263053856052283,6.196860458286229,179.55021525726184,115.6373471871331,-55.5483809209816,-28.354975621991173,-35.657909590138004,4.450848883402889,0.12388598443914202,-0.08570563423342097,-0.008100770770178341,295.1875624443949,239.63918152341333,43.82267421143171,-0.04670488930984019,0.09731778144172674,0.9941568803412346,0.035166141339521645,-0.07477398214680582,0.9965802497025505,0.42562421855651233,-0.9048996112942256,0.0008473828636951702
505679,461,47.93940402167074,0.07817958552691456,11.90026580646587,80.98465823535093,260.8864910615275,66.44926095310441,25.143360855704866,39.15640169447631,3.9247714003082796,-0.11497771503010998,0.08957322915385048,-0.026914153410793673,341.87114929687846,48.32041024998284,44.19152128484922,-0.03266157950120495,-0.20360564689074495,0.9785080284692036,0.07429868626220797,-0.02432596992660596,0.996939292237416,0.9294006570565788,-0.30779293382873296,0.20366130842136104,47.939404021670754,0.07817958552691451,13.329293804820109,77.90723772927875,246.30752074660572,66.44926095310427,35.67527219625563,29.731936875358393,4.909491082264089,-0.08177558021198288,0.12012077233288469,-0.029178151476026738,324.2147584758845,30.66401942898875,44.19152128484924,-0.0926402509693769,-0.21111567080495788,0.9730611272889815,0.06342041086734408,-0.045715414015159106,0.996939292237416,0.7870935263135983,-0.5741641615192125,0.2254313564306544,47.60305841376913,0.07407015530234712,11.91352629973411,76.76749442714373,260.8710113172234,70.95995996323295,25.13437592048478,39.156010689267575,3.9249838932827994,-0.11480635258789917,0.08900083701743824,-0.026894171829122678,337.63850574436714,48.5984657076001,44.07709248419455,-0.032752516508052415,-0.20382040644139487,0.9784602774668241,0.06850022212880191,-0.02817991261197624,0.9972530331332595,0.9040996839332732,-0.37712224186123966,0.20095416443882896,47.603058413769084,0.07407015530234695,13.342363759086542,73.69138344273881,246.29060849863296,70.95995996323329,35.66658633260609,29.73427827514342,4.909464268930107,-0.08178567633479937,0.11952335568080372,-0.02915844056144859,319.9819919413718,30.941951904605105,44.077092484194516,-0.09279181356609197,-0.21129154480736592,0.9730085109740986,0.05672606381592351,-0.047629209425158116,0.9972530331332596,0.7421234469972635,-0.6326118258901962,0.22148378532247395
523617,486,48.05891692061688,0.2018329100857538,19.51800875294971,191.1924899184078,130.9613842449235,35.82410795766089,38.11894759433965,9.035733863700601,-12.303366460873619,-0.02323948918149288,0.16237681669109658,-0.03151146445717751,322.1538741633313,357.9779821209922,38.359045862959306,-0.21902138023904955,0.25229850178731966,0.9425365250185562,0.1593796456193031,-0.12383316258559068,0.9794199693728508,0.7812383822811899,-0.6208549694945568,-0.06485134466287054,48.05891692061683,0.20183291008575344,18.079351845244496,189.1737030825331,115.2902822604012,35.82410795766119,39.391782943379916,-2.901224575137574,-11.222379913924184,0.02775434484967303,0.1618112713225724,-0.030758505544400964,304.4639853429343,340.28809330059545,38.35904586295928,-0.13257602917418354,0.280589921022322,0.950627630941313,0.11421484210373768,-0.16640761231657072,0.9794199693728509,0.5587711858923139,-0.8278447276653498,-0.049475940548714924,47.56070255846179,0.1959591443602235,19.53385144129573,189.257382573631,131.0370439629021,37.677856176512,38.109962659119546,9.03534285849186,-12.303153967899087,-0.02312961384910177,0.16175562829619158,-0.03148840154962992,320.2944265365331,357.9722827130451,38.240747979934525,-0.2195254517257091,0.2522056324060077,0.9424441071105008,0.15075870158401247,-0.1251870606536218,0.9806120607771501,0.762353486805017,-0.6449216262204585,-0.05378900621309269,47.56070255846177,0.19595914436022344,18.096076466222552,187.23423804890277,115.36988214218567,37.67785617651213,39.38309707973036,-2.898883175352543,-11.222406727258157,0.027670836815207794,0.1611859118117092,-0.030737735405020363,302.60412019108844,340.2819763676006,38.24074797993451,-0.1330846059507083,0.28065618028504474,0.9505370040807213,0.1055889332641705,-0.16507865831331875,0.9806120607771501,0.5332033746006501,-0.8450823932128205,-0.0391140639178601
523671,509,47.77224173564006,0.2156369743101408,14.03874688601054,343.8101600388945,285.0578747565622,284.692297918013,-45.21132711713004,9.593055906537714,-10.293591710218678,0.003967281308463732,-0.14566289022057138,-0.008504421921661941,268.86803479545665,193.56033271346973,37.47078007175401,0.06302045775936475,-0.23424883000588612,0.970131902137371,-0.004259959023403665,-0.21559489195885706,0.9764736019526424,-0.011713333011045102,-0.9976413165215543,-0.06763579968413316,47.77224173564002,0.21563697431014095,15.616068778014014,343.5518748190458,267.72521188158817,-75.30770208204021,-39.90253293650747,22.80218727294492,-11.397235297880984,-0.03996984214245057,-0.14005647540615954,-0.00960924120437024,251.27708670063396,175.96938461859375,37.47078007175397,-0.010684717145554017,-0.2689777988632612,0.9630871095275829,-0.06921769323828302,-0.20422589363840066,0.9764736019526424,-0.3105482237761559,-0.947496838043153,-0.07622035559941799,48.06878776185814,0.2164749996545492,14.03378861742185,342.330412972372,285.0428314316798,286.2869408164328,-45.22031205235028,9.592664901332206,-10.293379217243986,0.0040589214322456066,-0.1460776164661086,-0.008496779375017385,267.3732444040518,193.66018522048455,37.6630969477153,0.06293716267261405,-0.23418429095037058,0.9701528907480476,-0.00992093573471275,-0.21624754451689104,0.976288161622665,-0.03708050933354631,-0.9965979878370084,-0.07360357645380392,48.068787761858125,0.21647499965454908,15.611094061250517,342.07050890345755,267.7117394130613,-73.71305918362354,-39.911218800156185,22.80452867273307,-11.397262111214772,-0.04000795836250278,-0.14047950949462804,-0.009602646258887862,249.78224831651892,176.06918913289536,37.663096947715296,-0.01074462525210259,-0.2688917244813694,0.9631104783635298,-0.07481136811898337,-0.2031371080713787,0.9762881616226651,-0.33424170123567987,-0.9388394195484692,-0.08284340321939967
523691,527,47.37062528706315,0.0983696650163075,4.198331213177385,329.7361438507895,180.4274889028221,357.2745770720966,-35.75510946667136,23.309713893604894,-1.730610708309381,-0.08703415880027805,-0.13430613158985036,0.009810951245575126,150.16363275361164,147.4382098257082,42.71079274596172,-0.07320711180164984,-0.0005462149026404353,0.9973166099243214,-0.08533074970757235,0.048941333755468844,0.9951499429757203,-0.8674397450517027,0.4961723110899063,-0.036896157148655,47.370625287063135,0.0983696650163074,4.025460157728257,307.7122844177036,184.81369092785798,-2.725422927903022,-26.985498959059473,33.021551097129546,-2.475002478654618,-0.12376238041516709,-0.1017408576202543,0.006403719990120932,132.52597534556156,129.80055241765854,42.71079274596171,-0.06995214193995256,-0.005890878869136116,0.9975329545354188,-0.06649045550274935,0.07249558829651251,0.9951499429757203,-0.6757606112789458,0.7350262015576773,-0.05553448719127756,47.58473448896412,0.1023954647804396,4.187612985727651,330.8264923991733,180.5208834740876,356.3444665162891,-35.764094401891434,23.309322888396235,-1.7303982153348554,-0.08688152539380758,-0.13472846964888008,0.009806318000413983,151.3473758732609,147.69184238955,42.71227348451283,-0.07301956423958107,-0.0006638487597883617,0.9973302875893651,-0.08985641759472238,0.04909842588765053,0.994743770421508,-0.8775311130569513,0.4781967384031183,-0.03559529459981653,47.584734488964074,0.10239546478043926,4.018089631922158,308.74852608019984,184.96130591655023,-3.655533483712789,-26.994184822708977,33.02389249691465,-2.4750292919885926,-0.12374433508472157,-0.10218957256942429,0.006399582324478606,133.70983199675004,130.05429851303725,42.7122734845128,-0.06980889034958203,-0.006059983783279603,0.9975419767732616,-0.07075592790252573,0.07401641624838882,0.9947437704215081,-0.6908406735721291,0.7209387480150242,-0.05464874517256912
524179,626,47.38029964836777,0.2241371290595948,3.240024231803219,68.62803149194676,135.3043281884432,14.71809941609333,-25.171505374375002,-27.487998970159815,2.108366015757129,0.12349485267472177,-0.13121413077452046,0.00036314466785674314,203.93235968038996,218.6504590964833,36.76061531119929,-0.04017664774159768,0.03975209989647635,0.9984015262057987,-0.2048669376772838,-0.09092299197567885,0.9745576162428379,-0.912978031653031,-0.40459973506735203,0.05263238644015524,47.38029964836776,0.22413712905959493,1.9833480726260584,46.8938245218734,139.43539997095476,14.718099416093368,-32.34489158060887,-18.600137463464726,1.2177242836410773,0.07804926124727944,-0.16238919123885082,0.0025143614815388905,186.32922449282816,201.04732390892153,36.760615311199274,-0.026291562574248035,0.02250643193258884,0.9994009276857152,-0.22277098068649298,-0.024709164029883452,0.9745576162428379,-0.9936204269651199,-0.1099090173647409,0.02526766747386968,47.65924324023219,0.2287895188876408,3.239962641207821,68.66221051032382,135.2206496157866,14.58581056489357,-25.180490309595122,-27.488389975368506,2.1085785087316546,0.12350638001194952,-0.13163854123239965,0.00036484377014648836,203.88286012611042,218.46867069100398,36.755307908750424,-0.04011778648767579,0.039809978165725554,0.9984015869607649,-0.2091994417992527,-0.09262957143223337,0.9734759144668973,-0.9133264016145421,-0.4038112538613614,0.05264366408929981,47.659243240232165,0.22878951888764032,1.9815411931208464,46.97073839123236,139.30904467578853,14.585810564893523,-32.353577444258434,-18.597796063679645,1.2176974703071008,0.07793204328416317,-0.1627972569306901,0.002512830639949845,186.2797830670209,200.86559363191444,36.755307908750424,-0.02621796743225631,0.022543809865846223,0.9994020186193611,-0.22741669335954953,-0.025025817354215284,0.9734759144668974,-0.9937146156885561,-0.10905213670517738,0.02527635351432157
531074,672,47.59135362750636,0.2622928071585438,13.14645706792068,188.5596027297037,9.765561616670306,5.78888258618997,-30.987161025474002,-16.55105717143494,-2.582094935930483,0.08341386193232003,-0.16465068722914644,-0.041203482703896226,198.325164346374,204.11404693256398,35.10848388807277,0.22414534725899665,0.03857789345656581,0.9737918717254718,-0.24899127802660906,-0.0824673277958303,0.9649883332522166,-0.9499491179293466,-0.31056516624063124,-0.03385189600577259,47.591353627506315,0.2622928071585434,13.450798593824192,195.2981101645609,345.62495745802374,5.788882586861112,-34.45499406625952,-6.417356126247903,-3.532673267067035,0.03090380691431419,-0.1821561847200151,-0.040367403197074145,180.92306762258465,186.71195020944577,35.108483888072755,0.22532757495704384,-0.05774967888265242,0.9725700275830673,-0.2622587687878912,-0.004225503634865598,0.9649883332522167,-0.9980734731935047,-0.009099299833005337,-0.06137218303110682,47.93243481593726,0.2674187402469714,13.11200413122938,188.589701072009,9.713472401715379,5.725197918249256,-30.996145960651855,-16.551448176728496,-2.5818824429766236,0.08345225336343608,-0.16505268699380338,-0.04117392376715757,198.30317347372437,204.02837139197362,35.114403480489244,0.22360312325966009,0.0382752977471377,0.9739284598218152,-0.2538895140463777,-0.0839815294726842,0.9635804156191236,-0.950065082198188,-0.31020688369934546,-0.033882575068771105,47.93243481593725,0.2674187402469712,13.417974121018222,195.34361490757286,345.55696288265506,5.725197919000664,-34.463679929893864,-6.415014726556487,-3.532700080421266,0.030818187968268598,-0.18255100167835736,-0.04034019273967455,180.90057779022789,186.62577570922855,35.114403480489244,0.22471927459813662,-0.05787806093713157,0.9727031292672215,-0.2673857070884515,-0.004203127417279555,0.9635804156191236,-0.9980749451745419,-0.008722724850320468,-0.06140291431211317
534626,726,48.27056716404694,0.2706925320472899,3.878643342417789,329.1334220525318,81.80727659502199,14.14673518772094,8.567892555744955,34.8985187267955,-0.23779035041889174,-0.17620506804896682,0.061123635909124646,0.012415099797787202,50.940698647553745,65.08743383527468,35.2040851150523,0.009639403748593447,0.06695305932282317,0.9977095618178099,0.17056997012439018,0.21019118011452742,0.962665857446823,0.6289613075882335,0.7766616501085459,-0.03470381546127052,48.270567164046895,0.2706925320472894,2.5509672274303377,344.7478055398986,48.63375828236559,14.146735187721022,18.70910715552962,30.680027698090406,0.277752244553448,-0.14979467834361357,0.1114955905398866,0.008291393488224753,33.381563822264184,47.528299009985204,35.204085115052294,0.029414038401679943,0.03340333179421526,0.99900902486912,0.2260350178572767,0.14893830134801928,0.9626658574468231,0.8348292983258151,0.5503843657188272,-0.011708656161643485,47.93228321820743,0.2651270934658967,3.882807497715474,329.334411060092,81.81037478199747,14.2261924069059,8.558907620524812,34.89812772158683,-0.237577857444362,-0.17599266826442456,0.06057031197735609,0.01240872113443714,51.144785842089505,65.3709782489954,35.22413628537992,0.009646112596976555,0.06702535256859288,0.9977046429804877,0.1663286868280825,0.2064634195873932,0.964213474449681,0.6261957899927562,0.7789005294160978,-0.03453690592208118,47.93228321820744,0.26512709346589725,2.554921572311248,344.9222387319017,48.66343463518293,14.226192406905904,18.700421291880048,30.68236909787551,0.27772543121947535,-0.14975918498921978,0.11090395487490434,0.008285990618392936,33.58567336708461,47.81186577399051,35.2241362853799,0.029442271934899792,0.03347033130252378,0.9990059507059058,0.22086666738815847,0.14666387055619112,0.9642134744496809,0.8328654342463294,0.5533540509165633,-0.011595808376412163
535025,737,47.83916013257195,0.258543617887055,12.25032257376706,226.2403625255487,182.222144471708,15.2570246371533,9.483787835877305,34.206784162644446,-7.341794321542658,-0.17339131456718226,0.06306797627709115,-0.015143236970774467,48.462506997256696,63.71953163441,35.47065059521863,-0.21202361327902536,-0.008227193627379862,0.9772299118923468,0.17144285980607896,0.19352557498077783,0.9659995847048137,0.6637476688031886,0.7320886823250292,-0.15324879565574037,47.83916013257189,0.25854361788705416,11.928188448222171,218.8555204280077,171.86130491453903,15.25702463715333,19.568722027838792,29.743937913746002,-6.80525781333177,-0.1457670404487033,0.11249912935685177,-0.019166403881603435,30.716825342546713,45.97384997970004,35.47065059521863,-0.20460388793263895,0.029260438480187376,0.9784074180947298,0.2222705454566226,0.13206289021728446,0.9659995847048138,0.857784563279969,0.497385538385787,-0.1296659909277441,47.50468297218371,0.252922535728298,12.26004360850046,226.2515385811226,182.3732341809281,15.37401975218525,9.47480290065735,34.20639315743577,-7.341581828568142,-0.17318080068753627,0.06251334916043375,-0.015131144789897303,48.624772762050725,63.99879251423597,35.489678095890106,-0.21216683643503645,-0.008793138879041788,0.9771938979679531,0.16717862972885733,0.18979229394581273,0.96748653268186,0.6616696813561576,0.733936329384913,-0.1533971876634045,47.50468297218374,0.25292253572829815,11.941950245616306,218.86978268801903,172.00905944345112,15.374019752185257,19.560036164189395,29.74627931353105,-6.805284626665751,-0.14573424659946352,0.1119068210747482,-0.01915340329326212,30.87884213147015,46.252861883655406,35.48967809589012,-0.20491137904244988,0.028765377032287653,0.9783577463398099,0.21707190061801773,0.1298060054131306,0.96748653268186,0.8563664110080602,0.4997745815081066,-0.1298535243093969
554102,806,47.51387763278691,0.2366484870029879,11.6536007370476,124.2783310992781,161.9964878421052,326.7396867901878,-22.965047108701576,-30.87969143664963,7.520886411430211,0.15445970556798827,-0.07792349440540995,0.0054383864548861755,286.27481894138333,253.01450573157115,36.26979037934278,-0.19210410667495978,0.06243142717841248,0.9793867107016933,0.06631952085854835,-0.22716563902557074,0.971595334282332,0.2855093326421889,-0.9437295318878592,0.1669101303604247,47.51387763278686,0.23664848700298746,10.810366165421351,117.41766015453716,151.14386894122697,-33.26031320981334,-31.415586697614238,-22.499901864159117,6.657912051769902,0.12350826553250427,-0.12094185596184395,0.008844404637355474,268.5615290957641,235.30121588595077,36.26979037934276,-0.16427063208983186,0.09051822680823249,0.9822533329280693,-0.005940685440330039,-0.2365739095025108,0.9715953342823322,-0.017500711555215376,-0.9858876264131197,0.1664911804888357,47.68687304864493,0.2373288667554204,11.64348467526082,123.4295832299372,161.8541554395866,327.4716460807225,-22.974032043921625,-30.880082441858377,7.521098904404737,0.15445047885974833,-0.0783836226590113,0.005436683900492014,285.2837386695238,252.75538475024632,36.369401508900424,-0.19178410155987535,0.06285459875557341,0.9794223592527114,0.06255971950974405,-0.22893508357233985,0.9714293638780886,0.2689476986245203,-0.9483130068382732,0.1684327060458482,47.68687304864489,0.23732886675542053,10.79689052966771,116.57270086333578,150.99809558531138,-32.52835391927852,-31.424272561263745,-22.49756046437411,6.657885238435928,0.12336057888784434,-0.12137770153314273,0.00883863111442949,267.5707964486472,235.04244252936866,36.369401508900395,-0.16383774621352362,0.0908238647506351,0.9822974185588759,-0.010059160118457793,-0.23711559268239485,0.9714293638780886,-0.03470863591302037,-0.9852540961190519,0.1675400748289424
554856,808,47.65494123347584,0.1097241654538443,8.652195152469332,11.84714680306042,150.3850806338951,344.0155378262482,-33.787791101956216,26.05988603758707,-0.9067267261902825,-0.09317128297080779,-0.12890617872961654,0.024059082857571117,162.2322274369555,146.2477652632037,42.426042576880704,-0.1307839997048486,0.07434070410749502,0.9886197474934455,-0.1044904531192699,0.03348339426450454,0.9939620754915438,-0.9511466219962318,0.3071908798918169,0.030884733711799683,47.654941233475824,0.10972416545384434,7.569710751837385,3.677570911184324,140.89119488433153,-15.984462174138491,-24.30304912781068,35.04896441601193,-1.57687591578886,-0.1283725366744578,-0.09473928922630118,0.020530203547599993,144.56876579551584,128.58430362137736,42.4260425768807,-0.10221766246326552,0.08309612752741276,0.9912853187001681,-0.08940455413360038,0.06360989062020724,0.9939620754915438,-0.8144592873510791,0.5801591804392515,0.008449532509459318,47.85488410172316,0.1138192885266085,8.631807036307785,12.44895845690227,150.4090392514883,343.6582509453908,-33.79677603706076,26.059495032540493,-0.9065142332456928,-0.09301453618657511,-0.12933213608096591,0.024044899869907547,162.85799770839057,146.51624865378142,42.40807524074172,-0.13050915884929706,0.0741122890431771,0.988673216016915,-0.10876311742526187,0.03354720150239138,0.9935014693292087,-0.9543714743080869,0.2968641642148335,0.032353624712494714,47.85488410172317,0.11381928852660872,7.550042523452123,4.254356006977715,140.94033517699313,-16.341749055209128,-24.311734991300327,35.05130581591664,-1.5769027291483764,-0.12835140140908258,-0.09519269694284527,0.020516597673474808,145.19469118397083,128.8529421287617,42.408075240741724,-0.1020246600130492,0.08279400129163356,0.9913304807678127,-0.09345659956775725,0.06496687184969951,0.9935014693292087,-0.8206910625764319,0.5712890435755967,0.009747230255162612
576256,857,47.54101365010318,0.272457432932571,6.617877572686886,162.6617558180888,329.367730554225,74.38282060483276,-25.14764075730554,-39.97009325066071,-5.476830672876516,0.09723925060237376,-0.10749637605946048,-0.004983051649571994,132.02948637231378,206.41230697714656,34.58811111198375,0.0991649654339141,-0.058721406536969285,0.9933368542668749,-0.1824137839050313,0.20238148186446056,0.962167837354686,-0.6705247305376585,0.7410917653408067,0.034345029938071765,47.541013650103174,0.27245743293257096,7.865379329029576,170.37117383539507,304.1368014110748,74.3828206067284,-35.88229514815519,-30.506322878972018,-6.467845363717012,0.060338872525971594,-0.13184824036713266,-0.00332197257000354,114.50797524646987,188.89079585319826,34.58811111198375,0.0767939781322666,-0.11326745172125781,0.9905923325481545,-0.1130207651022274,0.24790998248540444,0.962167837354686,-0.41612234532663633,0.9090204968083819,0.02288951948167984,47.77939311719591,0.2741364059429869,6.616454677006568,163.7009571827913,329.2024570173362,73.26852842758635,-25.156625692394154,-39.970484256019674,-5.47661817990864,0.0972683756324084,-0.10793668322919805,-0.004977769284543478,132.9034142001275,206.17194262771383,34.68132200991074,0.09897397722158033,-0.05899457930093829,0.9933397160317549,-0.18662233860719524,0.2008055571843555,0.9616908187856749,-0.6817215676961565,0.7308967137788276,0.032337252901338605,47.77939311719585,0.2741364059429868,7.866519844052709,171.38419363114826,303.99749975465727,73.26852842970173,-35.89098101172462,-30.503981479369916,-6.4678721770554315,0.06023352486716626,-0.13227677598574133,-0.003319591636354779,115.38169338580553,188.65022181550728,34.6813220099107,0.07652939309184612,-0.11347017167821018,0.9905896083304686,-0.11750760715480628,0.24767464812549908,0.961690818785675,-0.4298152588181551,0.9026840232514514,0.02050359611520707
577578,860,47.55879712180707,0.3419287865633936,6.672696268415201,36.00735248573611,219.3742321659164,353.0695135767188,-15.628092876273637,-27.39808213333786,1.3178962216632846,0.18445912539642825,-0.08848780982045992,0.021692324940617402,255.3815846516525,248.45109822837128,31.297075331532962,-0.08982282233311768,-0.07371367077371982,0.9932261350413494,-0.08629611542187178,-0.3308599031974255,0.9397258668991108,-0.25490666628717656,-0.9645497244740526,0.06831120332264154,47.55879712180707,0.34192878656339354,7.404647024156715,24.55836368728218,213.15536339122443,-6.93048642328119,-23.20183667798457,-21.39726278844519,0.6789417618507075,0.14845754883057177,-0.14007476785499876,0.025792130500465884,237.71372707850662,230.78324065522543,31.297075331532962,-0.10789380334342491,-0.07048373861129627,0.9916607130422506,-0.18264120113930693,-0.28906311893270986,0.9397258668991108,-0.5360454038403912,-0.8424881495353125,0.05356344755667756,47.73733918190992,0.3439601089722655,6.660052943744452,35.57550726149131,219.318231827247,353.3274495202128,-15.637077811493832,-27.3984731385465,1.3181087146378,0.18442979171964288,-0.08894085739186988,0.02167972826121242,254.8937390887383,248.22118860895102,31.317598794854185,-0.08972526365835437,-0.07348696796619678,0.9932517518739012,-0.08963944663943643,-0.3320742780920985,0.9389842615485029,-0.2630976049769182,-0.9624068812440489,0.06747329241642581,47.73733918190997,0.34396010897226614,7.390963996616018,24.10061728889211,213.12539338010734,-6.672550479787266,-23.210522541634187,-21.394921388660038,0.6789149485167196,0.1482931400473711,-0.14049778968304527,0.025774997844837125,237.22601066899944,230.55346018921216,31.317598794854185,-0.10773232064050946,-0.070297873312683,0.9916914621479427,-0.18619474288674184,-0.2892059375005176,0.9389842615485026,-0.5431805863964941,-0.8379711212165677,0.05252856907445034
581804,875,47.69829588060075,0.2101215852916239,6.027851394773982,66.99940927617972,111.1355487894596,46.76342371726736,-17.173151354305432,-38.436521173714624,3.1549030706151724,0.13356241466168348,-0.09207419260138341,-0.009649122810755067,178.13495806563932,224.89838178290668,37.67585433445999,-0.03786472228217364,0.09794773668274384,0.9944709667382059,-0.21001027527110333,0.006838485652582446,0.9776752627506409,-0.9947231486229215,0.034380516456903154,0.09666352818854629,47.69829588060076,0.21012158529162384,4.453254728005192,65.739385802943,94.80805308498597,46.76342371727096,-28.057954698726526,-31.45330030800085,2.3828089766483007,0.09973747085303303,-0.1281189027424801,-0.006903969320359873,160.547438887929,207.31086260519996,37.67585433446,-0.006508101869742171,0.07737249736343217,0.996981013491129,-0.1981273300446259,0.06997600799454783,0.977675262750641,-0.9401748660653749,0.33325696861945114,0.07078851662189604,47.9012375952334,0.2137710024827524,6.029141918533666,67.40452181981898,111.1105303175327,46.11532143908853,-17.182136289524937,-38.43691217892371,3.1551155635896544,0.13356719426334418,-0.0925248364167788,-0.009640713033778846,178.5150521373517,224.6303735764402,37.661342014335844,-0.03783001686001186,0.09798515720245565,0.9944686012099031,-0.21369921121298804,0.005539731891315908,0.976883799895115,-0.9949000874173783,0.02775363957436988,0.09697191112517477,47.90123759523337,0.2137710024827526,4.45448737454993,66.15370610241904,94.7738619636841,46.11532143909283,-28.066640562375625,-31.45095890821633,2.3827821633142934,0.09960571647051976,-0.12854993793228686,-0.006899187570496834,160.92756806610313,207.04288950519597,37.661342014335816,-0.006463713894741457,0.07739774164690963,0.996979342810394,-0.20203630940660508,0.06985249590272037,0.976883799895115,-0.9423530354509171,0.3269931242644467,0.07103698515716103
583751,877,47.75512234915407,0.2813658397276997,21.43181297803502,350.986826822598,296.7828606161247,6.292816704490577,16.839756005735133,-30.076294294254055,0.581151496577998,0.15986336174579197,0.08104001938277625,0.07035461145231423,287.7696874387227,294.0625041432133,34.3184622480853,0.1646502376892727,-0.3261944924680328,0.9308530777262266,0.08587047233793209,-0.26794215373123736,0.9596005753616066,0.31486207697268764,-0.9474096766482009,-0.057243140006438674,47.75512234915405,0.2813658397276997,22.991525400593975,351.6329988149718,278.60221123005704,6.29281670688667,6.94906399328133,-33.75813598772126,0.7728920500599847,0.17487001148128906,0.028963145597838108,0.0752008364610731,270.2352100450289,276.5280267519156,34.31846224808528,0.058422658177124026,-0.3862010171837513,0.9205626362924767,0.0011550569083853689,-0.2813634688604972,0.9596005753616066,0.01553433291694728,-0.9982626254003071,-0.05683674189915857,47.50828643803236,0.2781129271205721,21.44831944200065,350.2445561774008,296.7704060789546,6.749687888137271,16.83077107147382,-30.076685298987783,0.5813639899737155,0.1598505132602159,0.08047334659406824,0.0703093991065937,287.0149622563554,293.76465014449263,34.2956178342686,0.1647001100337543,-0.32646969014530036,0.9307477720474547,0.08138180098484485,-0.26593947187289774,0.9605483849179214,0.3030980394402091,-0.9509430446346665,-0.06195889240821042,47.50828643803238,0.2781129271205727,23.00808210604496,350.88942176136135,278.5910366390517,6.74968789160179,6.940378130677254,-33.75579458777304,0.7728652371761743,0.1746878998695264,0.02842682691673564,0.07515058785501307,269.480458400413,276.2301462920148,34.29561783426859,0.05838706989002831,-0.3864754174245877,0.9204497280113388,-0.002521813232403048,-0.27810149350478836,0.9605483849179213,0.0033871015951973116,-0.9980772869226218,-0.061889069083016585
612051,923,48.33931006565301,0.3681303548265565,11.77587550101401,342.4722204887079,9.29151503643199,36.19281179399665,16.397397467209203,33.292422536111125,6.297533641344717,-0.13080896016609145,0.12034786380420165,0.0291628620139769,351.76373552513985,27.95654731913652,30.544142699113237,0.20140622525110483,0.03295090879025298,0.9789534054488996,0.3643333692179293,-0.05273664967589783,0.9297741886368289,0.9886623480268767,-0.13699996854348798,-0.06146356817714323,48.339310065652995,0.3681303548265562,12.103327681580252,349.9430092017928,344.3995038578561,36.19281179399663,25.504984639992525,26.783852245423763,7.002855802707981,-0.08911367632149304,0.15423997723648786,0.026717915662919818,334.3425130596488,10.53532485364542,30.544142699113237,0.2019509612076219,-0.05638760659719611,0.9777710606729765,0.3318321662824416,-0.1593968994837358,0.929774188636829,0.9024424671941756,-0.4292515890831892,-0.03661511537666073,47.8834432868594,0.3630649674982556,11.79662250199287,341.6623149993898,9.436706379618734,37.08371649433236,16.388412531989072,33.29203153090244,6.297746134319245,-0.13062698690707833,0.11975484511519452,0.02914525824260781,351.09902137900855,28.182737873340898,30.49864250621123,0.20167175099629434,0.033519297338966914,0.9788794417884107,0.35869265711166703,-0.05617604790906404,0.9317638270374583,0.986867741512581,-0.1481723003201005,-0.06431974953081893,47.883443286859354,0.3630649674982551,12.120044639795138,349.1256419685483,344.55250145021245,37.0837164943324,25.496298776342957,26.786193645208854,7.002828989374006,-0.08911885412027216,0.1536196923494974,0.02670016250418636,333.6781434187608,10.76185991309319,30.49864250621122,0.20237577943967275,-0.05592411771503452,0.9777098429257935,0.3254214284930216,-0.16098777749279689,0.9317638270374585,0.8974374165485327,-0.4393598817381801,-0.03961032312046526
612176,954,48.25261121234657,0.2217188600081122,3.665211213964766,100.7607502932294,223.3481149980537,40.23353795785102,37.58054356824272,17.275800433263022,0.847702526853662,-0.0421858436179753,0.1604785077431296,-0.009330410662998695,324.1088652912831,4.342403249134122,37.55409726193044,-0.04648704684812603,-0.043880940454725965,0.9979546169742134,0.17962162315457583,-0.12998201944350765,0.9751106332702475,0.8087530374926506,-0.5847857729211741,0.06280226218374961,48.25261121234654,0.2217188600081118,4.577534412957727,82.64827434281543,223.83271813416562,40.23353795785333,41.00459962277177,5.116535468194773,1.9781328690065807,0.008515643843656374,0.1657248947111488,-0.009099257951548522,306.48099247698104,346.7145304348344,37.55409726193043,-0.05757074717449771,-0.05527150382765055,0.9968102477073558,0.1318242961460216,-0.17827396845558433,0.9751106332702476,0.5923651599865547,-0.801772085506025,0.07915200652809116,47.74852745794218,0.2161595197712949,3.674264104299803,99.04267160698348,223.3137492351384,42.0416528102776,37.571558633022654,17.275409428054203,0.847915019828196,-0.04206326958157965,0.15985859168077393,-0.009322214501324373,322.3564208421219,4.398073652399489,37.42722869284691,-0.04662808644330272,-0.043961216359470805,0.9979445039734582,0.17116058479222798,-0.1320189084992728,0.9763580603509366,0.7904328068981267,-0.6092705949275776,0.06328759701350857,47.74852745794213,0.21615951977129466,4.58545605116893,80.95708771648563,223.77133463927066,42.041652810280056,40.995913759122224,5.118876867979717,1.9781060556726136,0.008445030457094313,0.16509691211281177,-0.009093004819915013,304.72842235575627,346.77007516603635,37.42722869284688,-0.05772944738762768,-0.05530513328520647,0.9967992040208623,0.12314333084813388,-0.17765319601792637,0.9763580603509366,0.5675005573448056,-0.8195789532271797,0.07895224404901487
612524,978,47.77952229095161,0.3233173849496492,3.906079090574945,53.46219769723908,37.74633025991633,7.512039594754095,-9.298080681749463,31.196839130781203,2.0729879272304226,-0.19577626690085537,-0.04497960785255448,0.005754687924146795,91.20852795715541,98.72056755190951,32.331572089697666,0.05386534994075673,0.041701492000586406,0.9976770567877588,-0.006819160662416429,0.3232454647145723,0.9462905835890582,-0.019948679030431793,0.9983017376893666,0.05473290355290756,47.77952229095159,0.3233173849496489,3.6735603774063423,77.26771953949068,356.4089668151701,7.512039594754104,0.5028031013226184,32.5481694451591,2.087632600128374,-0.2003001468267664,0.016261103546518225,0.00023649510375088178,73.67668635466077,81.18872594941487,32.331572089697666,0.06394600255000005,-0.004013094380872661,0.9979452910011478,0.090870688730076,0.3102847874782151,0.9462905835890583,0.28093169955994135,0.9576907596160782,0.06249631291798186,47.68719231599501,0.3215645228901972,3.909305450653889,53.83441843742612,37.87877993167744,7.30424861688991,-9.30706561696962,31.19644812557252,2.073200420204951,-0.1955507496133094,-0.04546181658952758,0.00575277337019638,91.71319836910357,99.01744698599347,32.352683070929,0.05381314875619281,0.04186039400503736,0.9976732192630445,-0.009613652763122094,0.3214207834943943,0.9468876689546654,-0.028743145061291442,0.9980703216160405,0.05504057340943483,47.68719231599512,0.3215645228901983,3.6728703054654503,77.62315518131365,356.5582002317861,7.304248616889679,0.4941172376730245,32.5505108449442,2.0876057867944,-0.20023080242218705,0.015733298343769395,0.00023649099127424824,74.18135541309971,81.48560402998939,32.35268307092902,0.06394424059076087,-0.003845804699775233,0.9979460626113428,0.08765634970838065,0.309386662184075,0.9468876689546649,0.27247290587047707,0.9601267568309974,0.06257097077470508
612892,1012,47.95445817329649,0.2804763589286099,9.745726093551488,200.7945572434548,250.1694918031255,354.9217728453369,5.167733558762141,34.198467691834935,-1.1576538526808413,-0.1884709432033856,0.02043726597850201,-0.03164197477695313,90.96404904658027,85.88582189191715,34.504366350455975,-0.057424993141504885,-0.1592379664523748,0.9855686887289036,-0.004719024864741859,0.2804366572368462,0.9598609337201663,-0.012005473471396189,0.9981204002962711,-0.06009604911422299,47.95445817329644,0.28047635892860934,11.040990442539783,195.78048346863773,237.5193425430605,-5.07822715518745,15.282975013475786,31.039788948691935,-0.7368865615531326,-0.17255505801854654,0.0764151728854823,-0.036409698509230405,73.2998260116982,68.22159885651075,34.50436635045596,-0.10284437051956812,-0.16155365362795046,0.9814904240245516,0.08059864809753296,0.2686463211039752,0.9598609337201666,0.2916097418253758,0.9551184371344783,-0.05208195002425983,47.70578748647771,0.2770738298060923,9.75754999510563,201.4927729702385,250.1996961056416,354.4884007955899,5.158748623856727,34.198076686594455,-1.157441359653418,-0.18825032227411567,0.019911211894171645,-0.03161882439553091,91.69246907588013,86.18086987147001,34.487762243683775,-0.05740993553993888,-0.15945957673116662,0.9855337349325072,-0.008183337398993195,0.27695295656921526,0.9608486315942718,-0.02454800978182431,0.9977683435543914,-0.062094507136117846,47.705787486477654,0.2770738298060915,11.053215914378859,196.48765151608768,237.54055110447803,-5.511599205229483,15.274289150115061,31.04213034835165,-0.7369133748262306,-0.1725043096272436,0.07584704970494402,-0.036385140684656536,74.02820262056571,68.51660341533622,34.487762243683775,-0.10289695963308132,-0.1617684147397729,0.9814495380256943,0.07624078817915637,0.26637801970364594,0.960848631594272,0.2796064352972328,0.9585716338890222,-0.0544119843757318
612931,1014,47.54492133501821,0.2209796598253235,11.67573276980711,68.52489317567752,50.03710786888069,22.5940276776767,-33.86992539143067,16.28206896448157,7.52567815406639,-0.09433153229383587,-0.14909279550950588,-0.004847890355071317,118.5620010445582,141.1560287222349,37.03846079198412,0.12998212670073855,0.1551105712566757,0.9793086119414967,-0.10565246767625562,0.19408649136514744,0.9752784166295716,-0.463351328092399,0.8659329831322187,0.18832316766332025,47.544921335018245,0.22097965982532375,10.909052859301502,75.58081748713795,25.534920813202643,22.594027677676543,-27.56615858883938,25.752742053269998,6.768797888584229,-0.13477736439572943,-0.1136323769094939,-0.008564266639742229,101.1157383003406,123.70976597801715,37.038460791984136,0.17076511058758048,0.08157857365472095,0.9819288229431259,-0.04260300136701187,0.21683402484628234,0.9752784166295716,-0.1852471031682212,0.9654473528506944,0.18328916946008875,47.78128692902214,0.2234651429768285,11.66751141647525,69.39947138897179,50.16595677017158,21.81016135406527,-33.87891032665077,16.281677959272805,7.525890647040908,-0.09417400785746737,-0.14950522287732848,-0.004842698581326877,119.56542815914338,141.37558951320864,37.10383481381134,0.12954296572101928,0.15529457961967222,0.9793376402308615,-0.11026152950742002,0.19436837509311733,0.9747119214795444,-0.47856501578448735,0.857403539105574,0.18930054621270917,47.78128692902217,0.22346514297682918,10.89769243943459,76.452528249615,25.666345506743554,21.81016135406516,-27.574844452488932,25.755083453055,6.768771075250244,-0.13475193632462784,-0.11407312162438404,-0.008558372083492579,102.11887375635855,123.92903511042371,37.10383481381133,0.17040205022336327,0.08188572940631336,0.9819663276300621,-0.04691441565040132,0.21848502861714825,0.9747119214795443,-0.20234705231559036,0.9619120722767431,0.18379563549620365
620502,1044,47.38353787179814,0.180061624238649,2.252966266159356,61.25730862511817,174.1249573715803,1.785344559472293,-20.592059934661343,-32.92431121722585,1.3714277685471274,0.14712901491743724,-0.09332261974588173,0.003059719585310206,235.3822659966985,237.16761055617079,38.85158108042863,-0.03910506292410443,0.00402390030540475,0.9992270023773547,-0.1022927372583419,-0.1481836172714658,0.9836553316464764,-0.5680291178373242,-0.8222863767506166,0.03446789664737711,47.38353787179809,0.18006162423864858,2.176100784805611,19.529477795699474,198.24194117661636,1.785344559471215,-29.60229480385885,-25.165828375636316,0.5560936245093486,0.11193827322533462,-0.1334071603801992,0.006145959434683572,217.77141897231584,219.55676353178706,38.85158108042861,-0.03606269124865392,-0.011886068564112957,0.9992788418024238,-0.1423316289572483,-0.1102900535943132,0.9836553316464764,-0.7905361168113322,-0.6122838605049281,0.012693391274268485,47.58566160519632,0.1835188367079662,2.250621593405346,60.68514659726153,173.9892717186547,2.244226365615224,-20.601044869881456,-32.924702222434505,1.371640261521654,0.1471247015697611,-0.09377242680891996,0.003059611321079038,234.67441831591623,236.91864468153145,38.85279634343176,-0.039054758178251575,0.004112214183366204,0.9992286102580071,-0.10611462139432568,-0.14972925750495153,0.9830161934441135,-0.5781515277832037,-0.8152105945876816,0.03424174928280016,47.58566160519633,0.1835188367079661,2.1708009694179244,18.885364042554464,198.17826621654086,2.2442263656154697,-29.610980667508393,-25.163486975851207,0.556066811175374,0.11179834131302321,-0.13383465114046267,0.006141994531828345,217.06363025909533,219.3078566247108,38.85279634343177,-0.03598805900083524,-0.01181714675907852,0.9992823498150194,-0.1464419145491802,-0.11060709330696528,0.9830161934441135,-0.7980391347924433,-0.6024808898589972,0.012260370893230416
621861,1045,47.51395821943382,0.2566146631565671,8.007104911307898,350.8523872579821,241.207682096312,347.2365777108755,-30.90769323099706,-17.99653720712709,-2.5909270240774567,0.1039210015115426,-0.15294075266506804,0.023172851226258444,232.06006935429411,219.29664706516962,35.3211798357186,-0.06708994331365604,-0.12207492158080255,0.9902508030934443,-0.15777567137538462,-0.20238063857248065,0.9665137943418302,-0.6134766809320161,-0.7894022791108023,-0.022145060110739388,47.513958219433796,0.256614663156567,9.16735137930484,343.6615707280818,230.73608765118206,-12.763422289124614,-34.81550409788879,-7.819313980653044,-3.551444556075588,0.052207889718188065,-0.17718802243300238,0.024620527458387474,214.39765837926393,201.63423609013932,35.321179835718596,-0.10083172340954509,-0.12335072301069547,0.9872272092517506,-0.21174214738786762,-0.14497016371147856,0.9665137943418302,-0.8223546544549178,-0.5672073424506615,-0.044817998241672825,47.83751441046417,0.261027085592469,7.994611846836688,350.2066919912863,241.2449900497966,347.7214464614102,-30.916678166217192,-17.996928212335753,-2.590714531102935,0.10394564812947277,-0.15335060095789746,0.023159262231147774,231.4516820410829,219.1731285024931,35.35062744191297,-0.06690656749942701,-0.12192928500288587,0.9902811523421667,-0.16266539601448846,-0.20414482200719125,0.9653314770518476,-0.6217251280949143,-0.7828781670432342,-0.023656725521258973,47.8375144104642,0.2610270855924697,9.155606857680798,343.01117539879186,230.7782706166283,-12.278553538589959,-34.82418996153835,-7.81697258086793,-3.551471369409568,0.052107991811508304,-0.17758616927857657,0.024604180064128685,213.78944601542014,201.51089247683018,35.35062744191296,-0.10061292084096331,-0.12326815137863056,0.9872598457425203,-0.21693619812044054,-0.14516826567107377,0.9653314770518474,-0.8282030996838872,-0.5584963501915969,-0.046491423904483374
J99RL5B,1106,48.07953459612975,0.3462832025660876,7.841530433774611,348.5606946867641,4.869829299147077,31.29024496317611,20.682235253543293,29.699690619520617,3.8337138314554884,-0.12034888710608158,0.1387561331811913,0.0204477738283216,353.4305239859112,24.7207689490873,31.430399378294933,0.13594116626164635,0.011582162546711681,0.9906492077552805,0.3440094574403199,-0.039617541203900666,0.9381300249009057,0.993276420587976,-0.11256007496397817,-0.027058858587195533,48.07953459612974,0.3462832025660877,8.331596758021048,359.2491362989903,336.7045927008374,31.29024496429685,28.571110148344072,22.064610408779966,4.622604473626543,-0.07334734659071668,0.1686285362935934,0.018434046576500645,335.9537289998277,7.243973964124564,31.430399378294926,0.13308919226048962,-0.05730461516257289,0.9894460308599554,0.3162315989659179,-0.14110149607599845,0.9381300249009057,0.9132713831097246,-0.4073472413136023,-0.0018988910049390776,47.58003391025429,0.3403626323236535,7.856543971873316,347.7184634231094,5.000249210573133,32.19010443280025,20.673250318395365,29.69929961422635,3.833926324417861,-0.12017392466106569,0.1381507764374934,0.020436011303430337,352.71871263368257,24.90881706648281,31.385568322511446,0.1361730429911345,0.011914194364113641,0.9906134232561099,0.337617910146177,-0.043137781941292586,0.9402942510287476,0.9917618586570821,-0.12475158010634656,-0.029076777228912755,47.58003391025429,0.3403626323236536,8.343048144346678,358.39768437164406,336.844489911371,32.190104433835494,28.5624242847378,22.066951808461663,4.622577660281603,-0.07336309169670906,0.16799860754355445,0.018421845641703034,335.24217428301506,7.432278716850533,31.385568322511443,0.13341053559863333,-0.05705724688195898,0.9894170503733686,0.30907853552009873,-0.14253834699138915,0.9402942510287476,0.9082023472985694,-0.41851169019593126,-0.0040572811972711745
K00Y02E,1162,48.0872655496766,0.2066875671267392,3.821672496089458,235.3646230183308,224.551700464388,355.3557694402787,-1.7568929991643936,38.11243085580495,-1.8965913880952168,-0.17705313278417234,-0.012379358151067724,-0.007708058160511216,99.91632348271878,95.2720929229975,38.14822562343649,-0.04749691055589926,-0.046759405535572986,0.9977763283830724,-0.03559361415677198,0.20359971767178156,0.9784069958842433,-0.1709261853968176,0.9837564949378146,-0.054839746656584414,48.08726554967657,0.20668756712673897,4.750462589079446,218.11786876120433,224.1691288250828,-4.644230559737505,9.886572992791121,36.8626736935697,-1.6248323796750603,-0.17224352980833937,0.04168256812765625,-0.012458107840879563,82.28699758628716,77.64276702654965,38.148225623436474,-0.059402950679779756,-0.05770460372866249,0.9965648338964473,0.027739759678114033,0.20481761676616272,0.9784069958842433,0.13568856465406914,0.9894317888468971,-0.05112092175760854,47.94265750534348,0.2045920738418387,3.826752378579667,236.2421787213571,224.65728960461,354.7048137582522,-1.7658779343643127,38.11203985059781,-1.8963788951198122,-0.17684016458827573,-0.012883417050367493,-0.007700949372894137,100.89946832596712,95.60428208421934,38.13396978083627,-0.04747358406961639,-0.046909034801538844,0.9977704151103965,-0.03868556458068098,0.20090132844752007,0.9788473238054521,-0.18778345675144653,0.9806419131129449,-0.05548704007839131,47.94265750534343,0.2045920738418382,4.757400084598666,219.03798427940268,224.23213981179538,-5.295186241783573,9.877887129161257,36.86501509335016,-1.6248591930076146,-0.1721929902179359,0.04113772430918245,-0.012449603456076562,83.27012409119806,77.97493784941449,38.13396978083625,-0.059425913421198184,-0.05785406952004464,0.9965547990221241,0.023975857301531733,0.20318236868774014,0.9788473238054523,0.11870225088265696,0.9915548960711444,-0.05223661276090278
K01U18P,1203,48.11965658030724,0.0713713600715582,1.171205230436216,141.4733923598831,105.5346636757119,148.2846886286232,39.544755135796905,32.35476360350785,-0.9560833496536034,-0.08200528690178918,0.1078382172777812,0.001024831587840016,247.008056035595,35.29274466421816,44.68529124399441,-0.005474258103880127,0.01969326342295201,0.9997910821136415,-0.02787777440716095,-0.06570160372903734,0.9974498127532714,-0.3904763211325368,-0.9205249311642704,0.01273160397653068,48.11965658030721,0.07137136007155842,0.4103838483790801,313.5736839493817,275.85257744696423,148.28468862909943,47.479307017305004,18.8977222642621,0.3521084205197742,-0.04560982394376422,0.12757228809250962,-0.00023181013501518528,229.42626139634592,17.710950025445356,44.685291243994364,0.0007303532279902418,-0.007125154038668642,0.9999743490530583,-0.04642179813525451,-0.05421150889205838,0.9974498127532713,-0.6504076516122032,-0.7595676135443615,-0.005189140470461527,47.76176004454751,0.07751749483053692,1.171340750617753,137.6764596934826,105.5150661800025,152.3003045037379,39.53577020064434,32.354372598209565,-0.9558708566799167,-0.08185602407256269,0.10725358312009516,0.0010260871976109469,243.1915258734851,35.49183037722298,44.05938805719695,-0.005468154442651641,0.019697413297662423,0.9997910337647424,-0.034961130496123115,-0.06918584652394859,0.9969909919328247,-0.45087397717824107,-0.8924814870742067,0.013764153925597135,47.761760044547515,0.07751749483053649,0.4103049532218068,309.6991469871679,275.91058982959566,152.30030450407637,47.4706211536928,18.900063663941367,0.35208160718598824,-0.04564415999252353,0.12696987709752536,-0.00023150036812933923,225.60973681676364,17.910041320840037,44.059388057196976,0.000737425328516503,-0.007123041273897804,0.999974358914715,-0.05422673664588907,-0.05539334831493437,0.9969909919328247,-0.6995222896701617,-0.7145895381936549,-0.005509823844152062
K02PH0U,1239,48.25134889183288,0.2264533273447915,1.91338607554972,95.62046229083796,329.033784202812,310.2639706028769,42.484378057200225,-6.4170072352826715,0.5464499700473214,-0.00824112226872753,0.16041140359499395,0.0044534537307752385,64.65424649364996,14.91821709652686,37.32467038640291,0.02862981964838158,-0.017179563077519357,0.9994424425845476,0.09694006825929492,0.20465515539905302,0.9740220174793138,0.42779417930776614,0.9032652042976136,0.03322816359032426,48.25134889183287,0.2264533273447913,3.2681839100743733,114.27769841584903,292.81163276453606,-49.73602939714477,38.53154391503505,-18.950764489658432,1.6086071974775562,0.04046229997416372,0.15540701949527838,0.005570307181050609,47.0893311803851,357.35330178324034,37.32467038640291,0.0221027951907967,-0.05255060306018576,0.998373627738015,0.15418239221426064,0.16585807003765327,0.9740220174793139,0.679490677442471,0.731841346387834,0.05196790342138126,47.76804621499643,0.2221518954654154,1.918736244480124,97.46336092387307,329.0833104736004,308.2837722245924,42.47539312198004,-6.417398240489961,0.546662463021883,-0.00814129952047303,0.15979153250887512,0.004452411322857793,66.54667139747346,14.830443622065843,37.15628420565542,0.02872472458107483,-0.01720275914689419,0.9994393204569627,0.08841688259386471,0.20379872308544916,0.9750120693310023,0.39771629581463197,0.9169076385092791,0.03319835066423681,47.76804621499645,0.22215189546541514,3.272723409182272,116.11269248356827,292.86912955071233,-51.716227775428166,38.52285805138586,-18.948423089871994,1.6085803841436261,0.040370274493176435,0.15478595240376325,0.005566728106381995,48.98182203428058,357.2655942588524,37.15628420565544,0.022186259522316575,-0.05260127876313307,0.9983691077757222,0.14579794225247464,0.16761391557332228,0.9750120693310023,0.6549491233639232,0.7539322806586062,0.05126170096418495
K03UT2P,1306,48.0743512567071,0.420340177328437,12.9614251759858,24.41735713404164,26.98297187369006,14.27488852989951,1.1403797707024488,29.027752544143205,5.834629670200724,-0.2095190764197804,0.04307802466144363,0.03071538328283793,51.4003290077317,65.67521753763121,27.866769924513267,0.19987856355535136,0.10176840092956801,0.9745212939711928,0.26223977394741976,0.3285059598188563,0.9073665936783755,0.6286539270119714,0.7721382016072535,0.09271913325276132,48.07435125670703,0.42034017732843654,12.797065276115058,31.465886299581967,2.5289611313160907,14.274888529909065,9.691224694276348,27.327200036568527,6.103940469913149,-0.18749358538264219,0.10435638656837098,0.025559624126656202,33.994847430898055,48.26973596080712,27.866769924513253,0.2212828201545708,0.009773483464239976,0.975160700872125,0.3484989368434361,0.23501990489210958,0.9073665936783757,0.8296599685469522,0.546165088671339,0.11562020804037153,47.73620146320138,0.4158076788014129,12.97522086109671,24.39689931092522,27.10679857852206,14.42586104377462,1.131394835484052,29.027361538934144,5.8348421631750025,-0.20928434807947716,0.04253679571484774,0.03069673894146978,51.50369788944728,65.9295589332219,27.887122337991006,0.1998670225603772,0.1023070505424702,0.9744672599436833,0.2588253631778224,0.3254311864681799,0.9094525684442157,0.627269611851601,0.7732603359476458,0.09274312318266961,47.736201463201446,0.41580767880141356,12.807348886564032,31.437285851652955,2.6610559408495322,14.425861043782747,9.682538830628326,27.329541436352738,6.1039136565789684,-0.18743282451499488,0.10376953592092492,0.02554264730732122,34.09834179250249,48.524202836285234,27.887122337991013,0.22143453175499486,0.010291748012484787,0.9751209299719157,0.34432059221279215,0.23310803402811242,0.9094525684442155,0.8286790053684511,0.5476529702116458,0.11561717121568334
K04K19L,1358,47.65723064686713,0.3215972944228571,5.740606313682513,199.6296223576312,38.67205770880811,18.09757007516883,2.4847312137854196,-33.703536963805455,-2.8013591309824006,0.19398597859624592,-0.013726849597430313,-0.013262954009784753,238.3016800664393,256.39925014160815,32.33079421114859,0.07809299078249107,0.06250177835587802,0.9949849307868931,-0.16898223797587997,-0.2736235059872688,0.9468765390587615,-0.5264994422471878,-0.849511169545387,-0.033602234018421384,47.65723064686706,0.32159729442285656,5.3775041024699926,215.54867251245423,5.2444741624978475,18.09757007516925,-7.732253088519589,-32.879610095654996,-3.015527845814025,0.1810738796972606,-0.07168420574943138,-0.008277498313771767,220.79314667495208,238.89071675012133,32.33079421114857,0.09332509632273359,0.008566295115460976,0.995598837375952,-0.24347269533800842,-0.21010917734584278,0.9468765390587617,-0.7573070974931443,-0.65078195361801,-0.05448677758535154,47.65592510921525,0.3225593233766315,5.73299527304737,199.2332958645743,38.55074591389968,18.32197122234867,2.4757462785654116,-33.70392796901414,-2.80114663800788,0.1939502595913872,-0.014230005347070973,-0.013252122079624633,237.78404177847398,256.10601300082266,32.284062151099356,0.07812178375437723,0.06225392201479276,0.9949982090922629,-0.17196022667880778,-0.272899610732158,0.9465492501200398,-0.5341387785159253,-0.8447561461300026,-0.0329062131078731,47.65592510921524,0.3225593233766315,5.373513952083167,215.17776384498205,5.097706654639577,18.321971222349063,-7.74093895216904,-32.877268695869944,-3.0155546591480036,0.18088760997333084,-0.07215306602665063,-0.008271795962629456,220.27547049962163,238.5974417219707,32.28406215109935,0.0932776725920651,0.00832104720167424,0.9956053615611333,-0.24609507580453324,-0.20852273440071561,0.9465492501200398,-0.7631701270073297,-0.6439414028039102,-0.05395208057664148
K04K19M,1359,47.6989885444298,0.2902847375595788,1.685721386240428,306.2345929558576,283.8785388235583,23.00391663386486,1.3081410009209975,-35.90129758321291,-0.2160592476907422,0.18483662515034807,-0.022687806542460054,0.005120757441565151,230.11313177941588,253.11704841328074,33.852700172952645,0.007056126370900555,-0.028558351555170457,0.9995672221702196,-0.18615199267390864,-0.22273900530344162,0.9569403174388498,-0.6409348967644579,-0.767228415384608,-0.02372797370103927,47.69898854442978,0.29028473755957873,3.2627200631782447,304.44266793175655,268.086591944912,23.00391663386561,-9.588316807531132,-34.61927900630128,-0.4804003720813385,0.16914292081220886,-0.07746273399111087,0.009784370250096413,212.52925987666856,235.53317651053416,33.85270017295263,-0.0019003197222218038,-0.0568827022927247,0.9983790597587825,-0.2447439817055763,-0.156094882295782,0.9569403174388498,-0.8417809150680451,-0.5377748761528837,-0.046936910911939876,47.72619745332702,0.2918620414991843,1.686321479419184,305.7536288636882,283.8481563916401,23.21133717430615,1.2991560657011512,-35.90168858842165,-0.2158467547162104,0.1848070384561472,-0.023184956253301192,0.005119267776507475,229.6017852553283,252.81312242963446,33.79673203160582,0.007043487410425511,-0.028572253984248144,0.9995669140119429,-0.18915467193341715,-0.22227001901703458,0.9564604271646205,-0.6477549228829171,-0.7614743785878864,-0.023881596159772377,47.726197453326996,0.2918620414991844,3.2632917956145473,303.9473368984947,268.07056362210454,23.21133717430707,-9.597002671180446,-34.61693760651632,-0.4804271854153017,0.16896464775676104,-0.07792772123724215,0.00977796671968647,212.01790052059926,235.22923769490632,33.796732031605806,-0.0019165678351471104,-0.056892125245886424,0.9983784917819192,-0.2474647161735172,-0.15474063951409858,0.9564604271646205,-0.8465381343203361,-0.5302294766324865,-0.04722170318279355
K04V78K,1393,48.1137580725945,0.3352246952185328,1.464873845635431,312.5475756136157,67.50814447696477,29.64836378386506,7.549921669128926,35.458473485600585,0.1684990014247163,-0.167203080801334,0.08002114694717502,0.004733378965920253,20.055720090580508,49.70408387444557,31.984838186890787,0.009779594984527297,0.023619526637932722,0.9996731853377576,0.3148965229451676,0.1149598891848881,0.9421382083938862,0.9391371069942143,0.34302593854582164,-0.018833474222672366,48.11375807259446,0.33522469521853226,1.0481781981055656,28.372730460137852,334.11361051751675,29.648363784185804,17.89695221655427,31.521328599670788,0.6618124526273168,-0.135298527370293,0.1267909892774929,0.001006277346745148,2.4863409776546064,32.13470476184041,31.984838186890784,0.01645763430464059,-0.007986567132775832,0.9998326665090156,0.3349091119525976,0.014542455620709865,0.9421382083938864,0.999023875311171,0.04330967901569194,0.008693000736670559,47.74011789528212,0.3298647219497038,1.467747932712071,312.2267692669408,67.52866482235073,30.22581496467312,7.540936733952099,35.458082480370436,0.16871149439802524,-0.16699671455591478,0.07945515704864822,0.004732148939445459,19.755434089291498,49.98124905396462,31.99233717990881,0.009790301888973844,0.023669365986753198,0.9996719017271156,0.3104501913637238,0.11149624867762437,0.9440282120853405,0.9409194556231892,0.33809884225777176,-0.018967100298035125,47.74011789528212,0.32986472194970373,1.0483764296694191,27.91313397136344,334.27294095182106,30.225814964953003,17.88826635293952,31.523669999422342,0.6617856392930829,-0.13527274999208871,0.12618910194437877,0.0010057572913826861,2.186074923184492,32.411889888137495,31.99233717990881,0.016482896322571314,-0.007942271844159748,0.9998326032125442,0.3296246518846677,0.012582672882458611,0.9440282120853405,0.9992382000687168,0.038074352842206394,0.008565230824585573
K06Sf5G,1485,48.47751817692581,0.2993104686823424,31.3028284808723,183.1758476484829,186.9332062430798,1.778410733303002,33.10302624269792,7.402955994576804,-2.038812018728453,-0.03979396213931632,0.1625753566792117,-0.1010564313687663,10.109053891562667,11.887464624865668,33.96768949083337,-0.5157620261779464,-0.06271737595425896,0.8544331823532085,0.2946638101998599,0.052535660473096005,0.9541557751945731,0.9854489385802784,0.1675167746686615,-0.028784017364007077,48.47751817692583,0.2993104686823427,31.04594693895186,180.16643583161428,171.92584010182554,1.7784107333037271,33.836176136358766,-2.942532576815215,-1.1070432845136022,0.013955146517969887,0.16700125511281802,-0.1007101932254818,352.09227593343985,353.87068666674355,33.96768949083337,-0.5106129615941838,0.07243605274121236,0.856754003034295,0.2964643030724812,-0.041178558335518006,0.954155775194573,0.9904324809487635,-0.13799005893727231,-0.0014981041904118914,47.91847226941208,0.2913255757132471,31.38113470463676,183.0955007196488,186.9524665909022,1.849387540401563,33.09404130747784,7.402564989368138,-2.0385995257539493,-0.0396729912501132,0.1619540352138232,-0.10098675627771117,10.04796731055103,11.897354850952594,33.95859574822634,-0.5168996006040132,-0.0630320423042899,0.8537222994266707,0.28685723330514584,0.05082832640538139,0.9566239642280268,0.9856181797479847,0.16663161347032565,-0.02811955089516021,47.918472269412106,0.2913255757132476,31.12467078301272,180.09275607316084,171.9372631227222,1.8493875404022753,33.82749027270924,-2.940191177030121,-1.1070700978475991,0.013880887330594996,0.16637241703998862,-0.10064253829993117,352.030019195883,353.8794067362853,33.95859574822634,-0.5117924460426683,0.07249928936186872,0.856044593006513,0.2885116183698613,-0.04039352832148581,0.9566239642280266,0.9903081634633012,-0.13888499243683025,-0.0008368116665136979
K09M10G,1546,48.20663423221733,0.3549107809355684,19.95374102078523,183.0765790556554,84.4857403340174,30.9380508288249,29.392829821656647,-17.885964842428113,-11.245858775498546,0.12448565957038367,0.13183106147344834,-0.04038690380378571,267.5623193896728,298.50037021849766,31.097580030585775,0.03279299144076096,0.33968210039595725,0.9399684518019512,-0.015095320327177659,-0.354589613114252,0.9349001751928946,-0.04573973963678476,-0.9987854678920272,-0.01831571308095329,48.20663423221736,0.3549107809355685,18.51152089161469,185.02728305375783,65.06137090525326,30.938050830515294,22.918012281557488,-25.92928398362946,-10.618496504994363,0.15954572503975126,0.08806819180643857,-0.03600507492326937,250.08865395901108,281.0267047895264,31.09758003058579,0.13387103589799373,0.2878920534964686,0.9482598332109109,-0.1208704544541591,-0.3336944645395547,0.9349001751928946,-0.34467699076738584,-0.9383089577063064,-0.02782214807746262,47.81797314241503,0.3524971655806522,19.95061422830198,182.0629286217233,84.43370835835105,31.7640981263507,29.383844886572454,-17.886355847499587,-11.245646282567762,0.12449652282331708,0.13123034622620255,-0.040357892174941554,266.49663698007436,298.26073510642505,30.96227314590198,0.03309647744402706,0.33960112470042514,0.9399870739978308,-0.021540088613337817,-0.35183842360510215,0.9358128810064575,-0.06325723153953719,-0.9979216707345586,-0.012282578568880103,47.81797314241502,0.35249716558065214,18.509000977756948,184.01804422545018,65.0051414718699,31.764098128250833,22.909326418080095,-25.92694258375463,-10.618523318367354,0.15937388445862022,0.0874922582447043,-0.035980788295453675,249.0231856973201,280.7872838255709,30.962273145901975,0.13413588328221687,0.2877227357257654,0.9482737959906837,-0.1261905065711714,-0.3291355462324069,0.9358128810064575,-0.36127517031951184,-0.9321938896431134,-0.02224417727519896
K11Uf1E,1659,48.03186926086663,0.3244457023964856,9.334217559417462,72.48933160724974,17.00250581895568,342.3687697422888,20.019518179674723,27.26521375376101,3.3234748349265653,-0.1724922479590987,0.08820153051732184,0.022154630921861432,89.49183742620542,71.8606071684942,32.44813570110859,0.15510400802258245,0.04742747166705538,0.9867590291588931,0.0028775069141996758,0.3244329418500958,0.9459043219038864,0.01256141540647654,0.9878851916176836,0.15467727378473642,48.0318692608666,0.3244457023964855,9.481355300208618,82.1166365933055,349.9217132462308,-17.63123025771151,27.218530362061706,19.944054719947633,4.074893915214827,-0.13834848233317446,0.13618694885525887,0.01835008611608046,72.0383498395363,54.40711958182479,32.448135701108576,0.16218484513352763,-0.028826112320036727,0.9863392576885127,0.10005268043676566,0.3086332369349861,0.9459043219038864,0.30601240312279165,0.9379402977796982,0.16316987140996714,47.61313734440402,0.3198646382432738,9.354438200693611,73.30781993324635,17.09851626403754,341.6809229835901,20.010533244454646,27.26482274855234,3.3236873279010917,-0.1722823366745734,0.0876300577554006,0.022141724384069927,90.40633619728389,72.08725918087401,32.383378392108916,0.15535715814715662,0.047789698624281576,0.9867017270268861,-0.0022684304561191985,0.31985659446346604,0.9474632516364418,-0.0033467021944869058,0.9877999535675236,0.15569216844921718,47.613137344403995,0.3198646382432738,9.498686940065044,82.91770506755148,350.03542575363457,-18.319077016410205,27.209844498412192,19.946396119732725,4.074867101880853,-0.13832066073724963,0.13557876392473026,0.01833794145532635,72.95313082118605,54.634053804775846,32.3833783921089,0.16253558929661893,-0.02855580137536571,0.9862893837103852,0.09376956126425721,0.30581147162722516,0.9474632516364418,0.2907995117866243,0.942664511777083,0.16376587611811802
K11Uf1F,1660,48.22801802826592,0.3504010836364186,5.86778526584253,194.9362280688196,261.7746348001663,338.0674033088407,21.456206357687886,26.345981038215918,1.7950358912809454,-0.17153574089425336,0.09092895386034607,-0.018784625041424228,96.71086286898594,74.77826617782665,31.32886824952481,-0.014626213976448865,-0.10118157144907974,0.9947604553176659,-0.04094753180832602,0.34800031473029236,0.9365997440670287,-0.11552246517580533,0.9929553053500213,-0.02634998324384398,48.22801802826594,0.3504010836364193,7.321246046139067,189.5355297281352,249.557713006437,-21.932596691185456,28.35211717116251,18.633775319462902,2.577116845847777,-0.13548554858159964,0.13849801855216595,-0.022525811303728254,79.09324273457219,57.160646043386734,31.32886824952479,-0.04450751556914543,-0.1194072844564977,0.9918472571301427,0.06629982720365066,0.34407158023635576,0.9365997440670284,0.1904767738981098,0.9814646971765795,-0.02111034820777678,47.79805172098687,0.3463849514161522,5.872312928781419,195.8988775630914,261.769407522956,337.3326391259492,21.447221422471483,26.345590033005344,1.7952483842558729,-0.17132647070402984,0.09035565305590816,-0.018770092237500095,97.66828508604738,75.00092421199656,31.2415258978261,-0.014646698388123965,-0.10125803522529477,0.9947523734722327,-0.04622078570854727,0.3432873046531938,0.9380924610252604,-0.1320148962447817,0.9908514192027891,-0.028027347953348533,47.79805172098684,0.3463849514161519,7.325703311385031,190.50043575106693,249.55019528290407,-22.66736087408102,28.343431307515917,18.63611671924507,2.5770900325142843,-0.13545964585339773,0.13788828463816866,-0.022510559088528892,80.050631033971,57.38327015988998,31.241525897826097,-0.04455014094135405,-0.11947374028878202,0.9918373406579902,0.05984764953070739,0.34117560495032395,0.9380924610252606,0.17417169455120352,0.9844410743596259,-0.02323772645565208
K11Uf1G,1661,48.11652199232639,0.1484775594302263,10.66891810450822,115.7457309239877,238.8509457256809,38.72689846292325,29.93672330220689,30.868774069535142,1.8185694256697937,-0.099980719514256,0.12208606703350317,-0.02801681213761839,354.5966766496686,33.32357511259187,40.972298238634956,-0.09576332955155135,-0.15844182510807367,0.9827133726421065,0.14781780003716669,-0.013981546642935725,0.9889157771750048,0.9822308076309979,-0.08611191634975585,0.16675544489800131,48.11652199232639,0.14847755943022634,11.76948517001041,109.91907147832137,226.98433613163002,38.72689846292325,37.79844974958888,20.383514293130204,2.8610052384509794,-0.05763659823164148,0.14658448792324974,-0.029615945793017434,336.9034076099514,15.630306072874646,40.972298238634956,-0.13915118435808027,-0.14913961070984488,0.978976161307853,0.1365763153472588,-0.05824513490861283,0.9889157771750048,0.9053925176126916,-0.37879802278982955,0.19177186180841999,47.69162092765934,0.1420237704939553,10.69142525181035,114.0497635668161,238.8342810837265,40.63721589262122,29.92773836698678,30.86838306432645,1.8187819186443193,-0.09981940873700508,0.12149188332204383,-0.027996091504176958,352.8840446505426,33.521260543163805,40.918277102544735,-0.09600917940082053,-0.15874427175156453,0.9826405719574408,0.14092982951699198,-0.017593593653124375,0.9898632474310178,0.9787329169179891,-0.11567390739500949,0.1694149476556747,47.6916209276593,0.14202377049395498,11.791562939186205,108.23240738328599,226.95810438611505,40.637215892621434,37.78976388593934,20.385855692915282,2.860978425117003,-0.057662873392391525,0.14596933409158303,-0.029595941448879264,335.19051176940104,15.827727662022482,40.918277102544714,-0.1394769110542665,-0.14935157575341657,0.9788974911106534,0.1289161133007574,-0.059593515727349756,0.9898632474310178,0.8930594357008765,-0.40592235477402494,0.19409246817005177
K12W37E,1755,48.10216438515588,0.2528464040024272,25.64255430087083,331.048968991406,59.87267022092884,11.11474754945374,22.813018058514132,28.16493120354967,-2.685603041775111,-0.11827578802262359,0.11914696805426657,0.07781377743191609,30.921639212334867,42.036386761788606,35.939705095635595,0.21721005731722584,0.3742954113095908,0.901511362142947,0.21690957028746288,0.12992898958533783,0.9675064320111992,0.8166365537049184,0.5377942807467052,-0.20948043046807038,48.10216438515592,0.2528464040024275,24.60612127196303,333.85448801976617,39.75001896316104,11.114747549453591,30.317748257911397,19.957889721550398,-1.8510496398294827,-0.07887350400998,0.14930920494828173,0.07566952933658602,13.604506982927205,24.719254532380795,35.93970509563561,0.3201286819177081,0.2662483935443516,0.9091916299376512,0.2457521662484633,0.059474169192570064,0.9675064320111992,0.9463553882815553,0.26598370671693916,-0.1834779191935201,47.64691305032432,0.2456394610055893,25.68917761763991,331.0620077670885,59.86544358561294,11.30832462832438,22.80403312329403,28.164540198340966,-2.685390548800589,-0.11810221506266613,0.11855475425992779,0.07776356561573843,30.92745135270144,42.23577598102582,35.94295101006248,0.21762547753361458,0.3749023299469095,0.9011589174660842,0.21071413813330295,0.12624696746399794,0.9693612614484259,0.8164569164851532,0.5379622694908099,-0.2097491361790385,47.64691305032434,0.24563946100558953,24.652841874494747,333.8628588031247,39.7479886169437,11.308324628324353,30.309062394261854,19.96023112133546,-1.8510764531634623,-0.07888554523557659,0.14869222488798028,0.07561896659146738,13.61084742006841,24.919172048392763,35.94295101006248,0.3207080311373804,0.266711008334421,0.908851801339042,0.23874103667959035,0.05780538217390346,0.9693612614484259,0.9462423371233577,0.26619811184125675,-0.18374984268694136
K12XF7R,1758,47.87940311007643,0.2254545505550196,29.92109825328165,275.2572240447651,223.4668805934414,326.6114480724568,4.517607454844743,37.14992953320015,-13.728673209734314,-0.16065685716259318,-0.02779800422253649,-0.05199581094185247,138.72410463820654,105.33555271066336,37.08477380105154,-0.3620201747652099,-0.34314682467157825,0.866713130038296,-0.1694385036846382,0.14872910890298754,0.9742536864872691,-0.6602347247408826,0.5633565817175872,-0.49670863701148443,47.87940311007646,0.22545455055501984,30.640174449255298,272.46959425911587,208.2919798875935,-33.388551927543524,15.901017234614399,34.04975716548161,-13.2956458065681,-0.1600548747551363,0.02203129367505687,-0.056426751756059074,120.76157414670934,87.37302221916582,37.084773801051554,-0.4487645410698294,-0.24155378667198396,0.8603848876071749,-0.1153124908527133,0.19373379627547926,0.9742536864872691,-0.44535547018304045,0.7364800811831694,-0.5091714791683398,47.78143991612069,0.2259307763927345,29.97054980431349,276.0914223413216,223.5737588706414,325.9937745349882,4.508622519624716,37.149538527991496,-13.728460716759747,-0.16045487849249257,-0.02829172884767356,-0.051959018498441006,139.66518121196304,105.65895574695122,36.98614209870875,-0.3619212676457211,-0.3443370277095009,0.8662822908116619,-0.17222141265315472,0.14623440342537591,0.9741433592026258,-0.6706255532190867,0.5509232915598232,-0.4967342289257746,47.78143991612066,0.2259307763927343,30.69215917269345,273.31058430058096,208.39175049518246,-34.00622546501248,15.892331370964937,34.0520985652667,-13.295672619902033,-0.16001250455286659,0.021499621029801994,-0.05638877759666298,121.70233479576342,87.69610933075094,36.98614209870873,-0.44902978701336266,-0.24270595364478384,0.8599221304514207,-0.11872805112111895,0.19221957652228,0.974143359202626,-0.4590107926166693,0.7277664549944253,-0.5095734287090177
K13F28O,1784,47.45409225892453,0.2166500424744692,8.889917848600412,262.6124556773091,247.9446696443226,42.09336038169504,-34.21833643491015,-22.481220797383415,-3.640189629919052,0.06379676682922811,-0.15225944466190197,0.01819142822790405,150.5571253216317,192.65048570332675,37.17316115544116,-0.05802874693151191,-0.14322780957654946,0.9879870743554605,-0.18866887095058715,0.1064955306030258,0.9762493324432088,-0.8598048025487683,0.48708211813803315,-0.15325374939700753,47.45409225892453,0.21665004247446928,10.155323321351581,256.89179866308865,236.00459859997088,42.09336038169748,-39.29558471022458,-11.094421716061602,-4.724578978376685,0.014315598866120726,-0.1644179503586909,0.01859288134034239,132.8963972630595,174.989757644757,37.17316115544115,-0.09858362542551863,-0.14618154192806512,0.9843333914876069,-0.14746822554299513,0.15871472319665136,0.9762493324432088,-0.6680243407586832,0.7240543317312593,-0.17172304695388402,47.77238645914661,0.2205021388479138,8.876617962282252,263.5738945747261,247.9887197453836,40.99241652663739,-34.22732137013014,-22.481611802592298,-3.6399771369444993,0.06384830652473415,-0.15266974959818155,0.018181178007880137,151.56261432010973,192.55503084674712,37.23847306703566,-0.05783265843303956,-0.14305975516862482,0.9880229198098901,-0.1938959184375319,0.10500269544050111,0.9753864909683214,-0.8683037340478501,0.4717374053588843,-0.15333768559564173,47.77238645914658,0.2205021388479138,10.142767835095373,257.85154225343285,236.05053439833017,40.99241652663998,-39.30427057387408,-11.092080316276741,-4.724605791710632,0.014241098087273736,-0.16482465628437318,0.018580573947243387,133.90207665176302,174.894493178403,37.23847306703564,-0.09834593216100893,-0.14608159802436965,0.9843720050600935,-0.15290234473836578,0.15887751952373438,0.9753864909683214,-0.6807543647165156,0.7119937961388909,-0.17215786121796728
K13GD6X,1791,47.76613091906479,0.2483233522027953,1.102084941725664,181.8329849947706,63.48964425129948,351.8642608495114,-22.51586371349829,-28.236483970147006,0.14514181543381588,0.15045601998721417,-0.108600572640042,-0.00352257709404306,245.3226292460701,237.18689009558148,35.904685167485034,0.0085852015262635,0.0172114592749193,0.9998150128820738,-0.10367704113683635,-0.22564476149546275,0.9686771973938307,-0.4175135163820445,-0.9086705041692378,-0.0006152163224208379,47.76613091906474,0.248323352202795,1.0988866306157739,273.4963342973666,314.25448856143004,-8.135739154660742,-29.986199734010267,-20.115863177980046,-0.6812385959516841,0.11067663140318919,-0.1489763935462618,-0.0004736081855554117,227.7508228587967,219.61508370413597,35.90468516748501,0.013383311356203688,-0.013736200301586142,0.9998160849768409,-0.16696173966051944,-0.18381584463469494,0.9686771973938308,-0.6722246932039926,-0.7400996780891235,-0.019142318019877137,48.00167058220154,0.2515321940988787,1.099697445828216,181.1406556857513,63.5214201907757,352.3067135528995,-22.52484864790277,-28.236874975936196,0.14535430838916755,0.15044947673278808,-0.10904013972452786,-0.0035182736052288377,244.662075876527,236.96878942942658,35.92770506024878,0.008557079280439606,0.01717892625760529,0.9998158134810752,-0.10764475761510138,-0.2273346670135949,0.9678489320817604,-0.4279594646687578,-0.903797848323145,-0.00038205612639101075,48.001670582201555,0.25153219409887906,1.0983489763287633,272.96118415955107,314.1290564067443,-7.693286450307948,-29.994885597057344,-20.11352177899473,-0.6812654092882369,0.11053754510375484,-0.14939344909968733,-0.00047313635459940266,227.0902405662954,219.39695411598746,35.92770506024878,0.013346675415708224,-0.013758731932186097,0.9998162648961888,-0.1712545967234211,-0.1842289547527602,0.9678489320817603,-0.6807139321714106,-0.7322991783924984,-0.019143037204373246
K13J65W,1852,47.57277663393738,0.3205680029816393,5.69467088927891,272.3679245056255,292.9332671190462,29.20846098993007,-5.695545516353299,-35.62004770000806,-1.9071351141944854,0.17145961963335546,-0.06911673879904967,0.013060778807517935,205.30119162467167,234.50965261460175,32.32246663210448,0.038664745593411,-0.09138421310094363,0.9950648034395138,-0.28981708817464247,-0.1370032844044544,0.9472255040191664,-0.8995324271190659,-0.4254552657609527,-0.09914247020101624,47.57277663393732,0.3205680029816388,7.267979969967767,273.5315729155386,274.194575292382,29.20846099003585,-16.130766450484938,-32.23551829624567,-2.352431745197907,0.14215716202660045,-0.11768179597646605,0.01698366481022816,187.7261482079207,216.93460919795655,32.322466632104465,0.009253437888137428,-0.12617139414551887,0.9919652983782379,-0.317657870279672,-0.04309665862939996,0.9472255040191665,-0.9829239859869615,-0.1338518563859683,-0.1262700214363393,47.70926543639792,0.3234260373374472,5.696988716551547,272.2339312559396,292.8988204429826,29.10254435263472,-5.704530451556401,-35.62043870522396,-1.9069226212186705,0.1714389988135302,-0.06958276973866039,0.013053967380884702,205.13275169892222,234.23529605155693,32.278846772023314,0.038625460724777946,-0.09144452384490444,0.995060788516248,-0.2928060550424085,-0.13736453602842996,0.946253453558927,-0.900779656929333,-0.4227965879564168,-0.09919201013531674,47.7092654363979,0.323426037337447,7.270366516442752,273.3897316454818,274.1679325704216,29.102544352757246,-16.139452314120497,-32.23317689647261,-2.3524585585302074,0.14199697604774233,-0.11811982658740622,0.01697243598686433,187.5576642159034,216.66020856866064,32.2788467720233,0.009197769800603932,-0.12621689242260134,0.9919600279738476,-0.3206164333284458,-0.042538268741803976,0.946253453558927,-0.9833083141520143,-0.13094062335032852,-0.12633017246941122
K13SA0Q,2001,48.30523587472067,0.2557989987443895,12.9128721290744,278.936236237732,19.87528777799696,58.06599292233809,40.19025322123052,19.051834296922678,0.9751573394087769,-0.029401601198763318,0.14901357933965342,0.03442062567829918,298.81152401572893,356.877516938067,35.94880490385556,0.21015813036850012,0.07597367600618905,0.9747110139903638,0.12327719040919803,-0.22413358089194602,0.9667299893152006,0.47343668003936534,-0.8527158004451089,-0.22075659370573905,48.30523587472063,0.2557989987443895,12.94453986702898,285.9950789621857,355.4125854628216,58.06599292278047,44.024232114326566,6.021267310909556,2.1888587471789025,0.016030711318796312,0.15093374539263288,0.03487551073629156,281.4076644250073,339.47365734778776,35.94880490385553,0.22329018045247584,-0.017916137290074637,0.9745873523384674,0.05059409232002403,-0.2507456192657113,0.9667299893152006,0.19974228419745468,-0.9558941774143107,-0.21533541624405741,47.8462268764577,0.2534184464054944,12.95719542533295,277.1059365270674,19.89705708408368,59.93110385531914,40.181268286013434,19.051443291698497,0.9753698323800274,-0.029287595740041285,0.14840134759108392,0.03439949791582661,297.00299361115106,356.9340974664702,35.721110395060975,0.210838199551806,0.0763101144986543,0.9745378494624799,0.11506136452081424,-0.22579147763629773,0.9673567547815157,0.4454380462754038,-0.8672244967884996,-0.22250082943729665,47.84622687645768,0.2534184464054944,12.987930482303794,284.1413745850464,355.45837453540724,59.931103855751516,44.015546250675314,6.023608710678953,2.1888319338416027,0.015955060994025088,0.15031567649182664,0.034852289988237604,279.5997491204537,339.5308529762052,35.72111039506096,0.22404010948510172,-0.01779612202496981,0.974417429740856,0.04226118260390323,-0.24986976892672305,0.9673567547815157,0.16872875510217122,-0.9612673484897367,-0.2179350635606458
K13SA1A,2011,48.12394261553942,0.2667788117635431,3.682001288644448,188.5371896060086,65.35686863199155,96.89968258692133,49.864209126973414,17.053961019199633,-2.458992162748994,-0.009800799457944973,0.13044991796937389,0.004073539202817269,253.89405823800016,350.7937408249215,35.285494387188876,0.02677701010623763,0.05836993205103088,0.9979358410048856,-0.07400825406277864,-0.25630784759064085,0.9637577836749398,-0.27769280631640636,-0.9606226211060133,-0.009533369788890972,48.12394261553942,0.26677881176354334,2.727469059696459,211.43514417635805,24.91063611059887,96.8996825872623,52.73408508593119,1.1944516836788281,-1.0065466131814262,0.029939288002812484,0.12731636691037684,0.004900228616612256,236.3457802869569,333.24546287421924,35.28549438718887,0.04315827656725401,0.02004314377580586,0.998867176130704,-0.14784334988343292,-0.22206593232914615,0.9637577836749397,-0.5544283547271888,-0.8318613464280805,-0.0248173284896561,47.74642338221376,0.27017438180805,3.688917509523797,187.0216764103359,65.25097639153307,98.54707293625205,49.85522419175395,17.053570013983773,-2.4587796697746573,-0.009699931343448646,0.12985012842658544,0.0040727514308056805,252.272652801869,350.81972573812106,34.84656296137874,0.026935272155070952,0.05842974083983706,0.9979280818272035,-0.08226478430579955,-0.25734549121459704,0.9628114059433643,-0.30471774780888716,-0.9524102234105523,-0.007865145474904188,47.74642338221376,0.2701743818080501,2.736487727650363,209.88901620385698,24.83549222951985,98.54707293658905,52.72539922228009,1.1967930834568783,-1.0065734265156339,0.029854315520600177,0.12671412744523308,0.0048970986589162695,234.72450843337683,333.2715813699659,34.84656296137873,0.04332721202723142,0.020052561526388433,0.9988596735648996,-0.15602799288295066,-0.22056623046667848,0.9628114059433643,-0.5777471391618383,-0.8158689995528761,-0.023791148751177348
K13SA6H,2035,48.41088395274704,0.2240170187187214,15.43283639646157,196.3346403453486,149.5577168956119,25.71339141750299,34.6224434016703,16.3623862431774,-8.737056316805505,-0.05927088124830796,0.160781503516302,-0.029976358913305842,345.89235724096045,11.605748658463426,37.56602205611466,-0.22942286627785494,0.1348292825890122,0.9639430548457651,0.21726055578475678,-0.05460288981109486,0.9745852324575701,0.9647014164091721,-0.25248726243099073,-0.07484223064715063,48.41088395274705,0.2240170187187217,14.297269483440928,192.05567934335656,136.11143100778432,25.713391417503004,38.17400588401377,5.139365482788751,-7.688278152968734,-0.00710477073711617,0.17117472566511271,-0.03018355275409787,328.1671103511409,353.88050176864385,37.56602205611465,-0.17797629786166236,0.17120204116472956,0.9690275014159748,0.19032263307759684,-0.1181563371725552,0.9745852324575701,0.8451053889111079,-0.5321057021529718,-0.05157909818616421,47.88522947595833,0.2166576705544822,15.45290847738583,195.065989700875,149.6613892851667,26.94370086125867,34.61345846645019,16.3619952379687,-8.736843823830979,-0.05913685604665059,0.16016138437246938,-0.029954324902952245,344.7273789860417,11.671079847300348,37.51052720373037,-0.22995788703292,0.13458450201184086,0.963849771494282,0.2090060584779231,-0.05707025258063543,0.9762476395822453,0.9599371015406261,-0.2715218700321863,-0.06925774454894126,47.88522947595829,0.2166576705544817,14.319345826137003,190.7848977393714,136.21675868746232,26.943700861258776,38.16532002036423,5.141706882573821,-7.6883049663027085,-0.007164914615053775,0.1705430903434832,-0.030163167974092034,327.00165642683373,353.9453572880925,37.51052720373036,-0.17856026688709775,0.17113291027926436,0.9689322773592371,0.18170782293626322,-0.11799497147699956,0.9762476395822454,0.8346637894010465,-0.5488118944571352,-0.04628026755601072
K13TH2G,2086,48.50393563490332,0.3277311650860825,4.787989842505035,340.0357743678483,14.43940539593232,15.76103062632795,30.311962404775787,15.137173812507985,0.5947509982667896,-0.06303189843954338,0.18483626178433202,0.016309574022837527,354.47517976378066,10.236210390108624,32.607684298016096,0.08083233355988516,0.020813483880009157,0.9965103776379051,0.3262087178439542,-0.03155295503252485,0.9447710216932561,0.995057484060201,-0.09512310694614814,-0.028499086664215866,48.50393563490336,0.3277311650860828,5.12252119811948,357.9803179848299,338.9783990674911,15.761030626327951,33.439395074672696,5.273485930336223,1.5165842512235503,-0.004700285247209537,0.1952418488529613,0.01618622473517888,336.95871705232105,352.719747678649,32.60768429801611,0.08334340887049722,-0.03202859347028714,0.9960060468682709,0.3015857833367261,-0.1282721008553869,0.944771021693256,0.9202735763577647,-0.39126288228152306,-0.003146681814917348,47.884769153743,0.3196442193529425,4.801112339490992,339.4228955969672,14.47197808574734,16.39685692730622,30.3029774695557,15.13678280729928,0.594963491241314,-0.06289535243399055,0.18420002005310857,0.01630058510664955,353.89487368271455,10.29173061002075,32.57867949869896,0.0810414756526206,0.020916469745573478,0.9964912345411916,0.3178313356151472,-0.03399513298758644,0.9475376367375852,0.9940202436064829,-0.10515894818381988,-0.02941684750922421,47.88476915374291,0.3196442193529414,5.134168951117903,357.3260355593525,339.0525582956096,16.39685692730638,33.430709211023164,5.275827330121283,1.5165574378895734,-0.004762040720117554,0.1945940826564122,0.01617553039222994,336.378593854962,352.77545078226836,32.578679498698946,0.08357389022919236,-0.031993081550278996,0.9959878752298524,0.29286221859350686,-0.12807867849974214,0.9475376367375855,0.916280009620144,-0.40051655964291616,-0.004174855962923799
K13TI7G,2097,47.9781201248226,0.2571527993057113,5.941686317088947,153.8619006799705,157.5779093032351,41.96881083725406,38.57543642647819,12.693428353271308,-2.7525323175973,-0.018576578413806263,0.16647708880415124,-0.015278848001935155,311.4398099832056,353.40862082045965,35.64041222929879,-0.09569029355681326,0.039483861362306534,0.9946277657550754,0.17019218143824075,-0.19277495575944603,0.9663707558743883,0.6627356033086933,-0.7474636572767934,0.04560264419375742,47.97812012482257,0.257152799305711,5.072541868848156,140.0533616862617,153.74134353310674,41.96881083730659,40.66813949473545,0.4477012080618792,-1.6327420731238584,0.03298865066183893,0.1643114374949244,-0.014375465015034651,293.79470521936844,335.76351605667503,35.640412229298775,-0.07929284241161777,0.039117796942910864,0.9960835522709024,0.10375105920665721,-0.23529402862006504,0.9663707558743884,0.4045732834249671,-0.9127418041994494,0.05677021406931017,47.47220031960043,0.2524935551793067,5.953303207513392,152.1102833701165,157.6712550449265,43.63565047938779,38.56645149125814,12.693037348061944,-2.7523198246227185,-0.01846982837519187,0.16585315222135263,-0.015266664928409012,309.781538415043,353.41718889443075,35.485775688720295,-0.09594103414576076,0.03940452665082595,0.994606757088683,0.16156105984817856,-0.1940387057981445,0.9675985761631288,0.640820577724885,-0.7661560950425734,0.04851623639009902,47.47220031960046,0.25249355517930727,5.0861305011302065,138.32008449141884,153.8161404275089,43.635650479440294,40.65945363108575,0.45004260784629935,-1.6327688864577827,0.0329016343587845,0.1636844022595682,-0.01436567553069613,292.1362249189277,335.771875398368,35.485775688720295,-0.07955583447672444,0.03911849006981235,0.9960625547300581,0.09514209152072625,-0.23388240170681426,0.9675985761631287,0.37796530313199916,-0.9239409832543201,0.058951582602815036
K13TM8D,2138,48.16373193186248,0.3247704728066022,15.08323355528227,305.5814485945143,87.59874796420874,2.564739846721648,24.632628293225256,20.30060848208782,-6.403603963140049,-0.11748788904053506,0.16046216149097248,0.03344786511291263,33.18019655872308,35.74493640544473,32.52157394022106,0.010902646592027682,0.259993474495928,0.9655488208872841,0.2718177906112671,0.17773842779273508,0.9457928631539657,0.8089593515966843,0.5484478916686985,-0.211635719075093,48.163731931862465,0.3247704728066021,13.610034409398466,307.87456994980624,67.79456610688258,2.564739846742516,29.779399599286535,11.911297735352008,-5.585299531607182,-0.06442479817261831,0.18845629776198822,0.031684984400025096,15.669136056688842,18.233875903431358,32.52157394022105,0.0889312589532091,0.2178603336210237,0.9719198044157417,0.3127011488971389,0.08771460246408946,0.9457928631539657,0.9423159782603772,0.2784587229799147,-0.18574535448183777,47.58180021149784,0.3166101499177639,15.09208515734553,305.7485488120327,87.58147011754777,2.549657562578738,24.623643358009122,20.300217476873673,-6.403391470166653,-0.11731484416610141,0.1598422563846341,0.033427389338578035,33.33001892958049,35.87967649215923,32.51691931317843,0.010987343052659863,0.2601392061986849,0.965508607776731,0.2645339850562437,0.17396481765348984,0.9485557511127383,0.8075517057139752,0.5506419094857407,-0.21131429226710313,47.581800211497814,0.31661014991776326,13.61905888573523,308.04207981824203,67.77698005306222,2.5496575625932354,29.770713735639156,11.913639135130683,-5.585326344942229,-0.06444652357459518,0.18781307954881604,0.03166390208707499,15.819059871304262,18.368717433897498,32.516919313178434,0.08905602084178726,0.2179747373061203,0.9718827290615648,0.3046192890263548,0.08630802850272183,0.9485557511127385,0.9416282563320905,0.28097546118512073,-0.18544275960197443
K13TM8G,2141,48.05723787681662,0.1702405895579615,18.5831680403238,291.2666744774256,125.1900968914556,352.3153926300891,26.358797843336095,27.324628043732428,-12.536780331815141,-0.12364403009707242,0.1174731008381083,0.011212174298959252,56.45677136888122,48.77216399897031,39.875945368140165,-0.1836529378665255,0.26044019119156636,0.9478620707809203,0.09406915819729306,0.14189028088313507,0.9854025277352183,0.512858145587338,0.8054686395968753,-0.29697944900392625,48.05723787681659,0.17024058955796173,17.08486841198025,289.6411527754269,109.15527941785929,-7.684607370005418,33.71426019138221,18.085745360139203,-11.612357946530896,-0.08265958449952278,0.14933515498880426,0.008938289909843775,38.79643219328619,31.111824823280777,39.87594536814013,-0.09640045728085922,0.2775216719502637,0.9558706363488584,0.13268159690761533,0.10666514039313629,0.9854025277352183,0.7401163884196806,0.6129176461193306,-0.2766942187111026,47.62181345334419,0.1631474326064532,18.5822116415027,292.2855777240606,125.2624769578714,351.4233288303138,26.349812908147403,27.324237038494235,-12.53656783884347,-0.12346685909827577,0.11688200894542426,0.01120660189065676,57.548054681932,48.97138351224578,39.85243685236763,-0.18397266320696987,0.2601950611528088,0.9478673901681717,0.08754361638641522,0.1376706213978326,0.9866017004008877,0.49720449513331033,0.8159925494783036,-0.29486242421700387,47.62181345334418,0.16314743260645326,17.084568005911393,290.65355738454946,109.23385185873379,-8.576671169826312,33.705574327753766,18.08808675988667,-11.612384759867146,-0.0826690881225326,0.14871815753568396,0.00893245346071373,39.88740924328323,31.310738073456918,39.852436852367624,-0.09677929427044113,0.27738448052274345,0.9558721766876799,0.1251840189249495,0.10462335385503131,0.9866017004008876,0.7283191794756929,0.6276785188765521,-0.2749015273671488
K13TM8H,2142,48.33486789625413,0.2570256324344501,11.92785450760239,307.9042671573284,118.4481272473679,347.1950966855045,25.49123413229349,25.043389474995415,-7.254618635241425,-0.1375263970884142,0.12277033851537698,0.013189176020131366,66.35239440469627,53.547491090200765,35.91156790658381,-0.09845462599524747,0.18172301344009834,0.9784086227166979,0.10309562251741217,0.23544313187280766,0.9664045862223911,0.386131021815218,0.907914252566417,-0.16307833693872445,48.33486789625413,0.2570256324344502,10.38166043806776,306.2527949930361,102.48618069419338,-12.804903314495359,32.05316867833613,16.173148610534128,-6.373971071962714,-0.09434329721059967,0.1585784632756937,0.01059403303479697,48.73897568722947,35.93407237273411,35.91156790658381,-0.038960916254963694,0.1759421493481904,0.9836292020305786,0.16950595380206787,0.19320949084861316,0.9664045862223911,0.6466010388324839,0.7488586729758887,-0.14531959430697455,47.85603028483226,0.2504635914079846,11.92736801959963,308.812325692804,118.4976229539016,346.4267878526631,25.48224919707339,25.042998469786728,-7.2544061422669,-0.1373399214992335,0.12217569617420952,0.013182278535872656,67.3099486467056,53.7367364993687,35.86983706916389,-0.09860760934324468,0.1816305933969897,0.9784103775624354,0.09661529098488936,0.2310789825338752,0.9681260193688702,0.37096143886107324,0.9145785968015703,-0.16103912925308833,47.856030284832315,0.2504635914079856,10.38146963130337,307.1533895223038,102.54300196232171,-13.57321214733687,32.044482814686596,16.17549001031921,-6.37399788529669,-0.09434496988083543,0.15795527053905753,0.010587086831754095,49.696391484625565,36.1231793372887,35.86983706916389,-0.03913467071244838,0.17590022707504202,0.983629802142644,0.16200932131196358,0.1910104458636315,0.96812601936887,0.6341018103172424,0.7597940594190269,-0.14362409764364698
K13TM8K,2144,48.1834327805435,0.3117380492103636,1.85585118869662,273.9473895286483,354.0172188051382,66.5682654759996,45.89466013156377,8.639055773570384,0.4333962330601757,0.01915821738429259,0.14724095035159557,0.004809624303350945,267.9646083337865,334.5328738097861,33.16282344127818,0.03220865731267614,-0.0033754801744278005,0.99947546669626,-0.01107194256664574,-0.311541367097989,0.9501680844327055,-0.035462272634732436,-0.9988486401746562,-0.03230822249552029,48.183432780543484,0.31173804921036363,2.877220979708812,304.1513936330708,306.2542846246458,66.56826547599968,46.33074867744343,-5.628232101609713,1.710460740099739,0.06258494031124723,0.134575142377076,0.006536324666934391,250.40567825771654,316.9739437337162,33.16282344127817,0.029684333039427552,-0.0404779739160585,0.99873939243411,-0.10454391297665881,-0.2936855147687946,0.9501680844327055,-0.3345169493185098,-0.9414737610737384,-0.04153995460164696,47.7586024179616,0.3121374613159526,1.862919606066331,272.3454906375467,354.0721914672888,68.06543292358565,45.88567519634367,8.638664768361688,0.4336087260347011,0.01923967585538503,0.14662990669915996,0.00480834317380026,266.4176821048354,334.4831150284211,32.85135350322115,0.03233452398383716,-0.00335730997404224,0.9994714638390017,-0.019503133474281214,-0.3115275630525366,0.9500369494094597,-0.062427975566630725,-0.9975207891966807,-0.03248111739277708,47.758602417961605,0.31213746131595277,2.8824345137503236,302.5031479745162,306.3557031900052,68.06543292358562,46.3220628137939,-5.625890701824641,1.710433926765763,0.0624780872357325,0.13396803775217817,0.006532098123637758,248.8588511645214,316.924284088107,32.85135350322115,0.02980980847221834,-0.04049855580056155,0.9987348208092669,-0.11257760256346776,-0.29112897169094976,0.9500369494094596,-0.35980743213813066,-0.9320622346477188,-0.0424099342332114
K13TM8L,2145,48.15168469048673,0.2511262455699558,8.699352270379997,278.8500504221905,357.5389420453805,66.7704105760632,45.23514812952077,9.50495925461938,1.7502202888992149,0.00606068999805422,0.14805094213921394,0.022672190814197486,276.38899246757103,343.15940304363426,36.05953289629648,0.15111013829582062,-0.006494713814548959,0.9884955967512881,0.027944828805503932,-0.24956657980806007,0.9679543423043973,0.11176613152433638,-0.9824323648543647,-0.14944892214648184,48.15168469048672,0.25112624556995566,9.357780338251974,288.00897801696965,330.9104978730208,66.77041057657586,45.92747660485004,-4.603557323662935,3.0166704278121896,0.049856492536485816,0.1393037508183643,0.02405487118591929,258.9194758899905,325.68988646656635,36.059532896296474,0.14208892407795368,-0.0790515850110255,0.9866922440972231,-0.04826355032271871,-0.24644476242011734,0.9679543423043974,-0.1860354669511688,-0.9702986494980377,-0.15463290664843812,47.71856473208232,0.2507775744003995,8.729560393628258,276.8621844477715,357.587610576817,68.67804338590736,45.226163194301044,9.504568249412566,1.7504327818742604,0.006150927024608453,0.14743935559363006,0.02265893738434775,274.4497950245884,343.12783841049577,35.75181881470227,0.15163628338153332,-0.006388290454508635,0.9884157158338308,0.019456709707741965,-0.250021655601063,0.9680447345953864,0.07806963398610506,-0.9854945939971508,-0.1506835672914165,47.71856473208229,0.2507775744003995,9.386432266038458,285.9960171725909,330.98468977533287,68.67804338643124,45.91879074120141,-4.601215923876181,3.0166436144787587,0.04975817064257742,0.1386934768661363,0.024038902920087573,256.98070694792375,325.658750334355,35.75181881470225,0.142622637595467,-0.0791068469341873,0.9866108097996105,-0.05649495593301367,-0.24433115187440743,0.9680447345953864,-0.2190362565775361,-0.9630388991675637,-0.15677753982834025
K13TM9C,2161,48.13190909087653,0.2258329720876021,8.162813003412554,239.7647480846086,169.853241195242,344.9632036433489,34.16149689027859,16.05126917599149,-3.129634158105562,-0.08926420747787224,0.15389287307603344,-0.019473418088517783,49.617989279850576,34.58119292319947,37.26213700863361,-0.1397657973974313,0.025013778814420146,0.9898685936765967,0.14631283923588934,0.17202640598655916,0.9741660375511355,0.6463387182089985,0.7531254817031173,-0.12267139093283409,48.13190909087647,0.22583297208760156,7.557676753323157,229.0796022276579,162.85634414436632,-15.036796356651164,37.48632952671077,4.982023821254369,-2.0976794720679344,-0.03805552647809331,0.17366818878762796,-0.020529642958388696,31.935946372024205,16.89915001537304,37.26213700863359,-0.12568037316476569,0.03876917965515405,0.9913129649661764,0.19165089062795643,0.11945906162125378,0.9741660375511356,0.846705097624745,0.5226984119739058,-0.09938233130807572,47.60785878422889,0.2181788817150296,8.180529646004777,240.6979002728994,169.9414126194432,344.039338605955,34.152511955058465,16.05087817078283,-3.1294216651310434,-0.0891100793918756,0.15327737100400995,-0.019458423624328817,50.639312892342616,34.6786514982976,37.22082939383878,-0.1401054948573033,0.024852123674315094,0.9898246421764143,0.1383690818830352,0.16868912711039435,0.9759087947003957,0.6326503703492867,0.7644318583540552,-0.12408643290173209,47.607858784228846,0.21817888171502953,7.5774083852149205,230.03203171629923,162.92494048468396,-15.960661394045221,37.477643663061215,4.984365221039484,-2.0977062854019177,-0.03809492575911253,0.1730348822341927,-0.02051572866553591,32.95697220098316,16.996310806937938,37.22082939383875,-0.12605303343601532,0.038718921515577764,0.9912676116358535,0.18306939265511796,0.1186912882199325,0.9759087947003957,0.8371142522519879,0.5376115255933034,-0.10106223936681755
K13U15K,2176,48.32655479541791,0.1911147052019876,11.6937606453202,32.32119159252602,119.4178111004948,240.7215619965158,51.063532967051685,13.992292143966857,-10.628680690779253,-0.052888948053085444,0.1163635106849286,-0.002294393704548767,151.73900269302084,32.460564689536625,39.09063952226392,-0.0995515832120688,0.1765472514530811,0.9792448878009694,-0.16833380814181584,0.09049066018610406,0.9815677100717798,-0.8711336807034955,0.47893931518432553,0.10836624342824511,48.326554795417906,0.19111470520198792,10.153712653932521,30.484391699492846,103.63912595830999,-119.2784380034843,53.177514942672914,-2.0864748807917906,-9.167116168100954,-0.015198470537511027,0.12690394639114333,-0.002714142816648726,134.12351765780284,14.845079654318539,39.0906395222639,-0.04157010421184429,0.1713182530156387,0.9843383476322997,-0.13305549121444035,0.1371898932215006,0.9815677100717797,-0.688486340915859,0.7197141197259947,0.08943234448077535,47.9633605931959,0.1968886949668831,11.69881480356928,34.03499615573951,119.487971936503,238.9969856225633,51.054548031831615,13.991901138758045,-10.628468197804725,-0.052759200311816926,0.11577316248966127,-0.0022909133997969216,153.5229680922425,32.51995371480581,38.519917119775535,-0.09981021706403981,0.1765004047753967,0.979227005185085,-0.17623766122852114,0.08778066398964729,0.9804258471675651,-0.8849926528839231,0.451562127079903,0.1134885444815882,47.963360593195915,0.19688869496688288,10.159221305204332,32.188452266846916,103.71882282696858,-121.00301437743667,53.168829079023375,-2.0841334810068375,-9.167142981434926,-0.015253189651628541,0.12630198334889192,-0.0027121692780843662,135.90727509381549,14.904260716378815,38.519917119775556,-0.04183080692087637,0.17135220204070736,0.9843213938791278,-0.14140834613737527,0.1369994082047602,0.9804258471675651,-0.7101008463010543,0.6978023649134659,0.09396088337015936
K13U17H,2194,48.26450358265825,0.3103246070123603,9.312071519200359,219.2716647745721,181.5698597806622,357.0001642196708,27.35842508313076,18.805394860949363,-2.9595141602349733,-0.11719700877489231,0.15765945217199795,-0.02636859889123287,40.84152455523429,37.841688774905094,33.286840475723174,-0.1617510022908944,-0.004432960970964771,0.9868216465577359,0.23476717409575834,0.20294269064065293,0.9506306529260584,0.7567498289270983,0.6456303154284921,-0.10242652107004943,48.26450358265825,0.3103246070123604,9.004233293414048,209.5303163826055,173.60528246720722,-2.9998357803667863,31.830488311613113,9.662535607976471,-2.083372851646593,-0.0633459759287163,0.18569665265410848,-0.028124460157331048,23.13559884981271,20.13576306944592,33.28684047572317,-0.15553368063044318,0.017431377626894267,0.9876767797531619,0.285367543068928,0.12192918879488815,0.9506306529260584,0.9189010573442197,0.38687241418840834,-0.07714001524311327,47.68970795262641,0.3022650317434407,9.331626910555375,219.5658335938481,181.6513746186786,356.7504253958239,27.349440147918386,18.805003855730305,-2.9593016672586914,-0.11702415886154865,0.15704142556827302,-0.026348982964890817,41.217208212526714,37.96763360835064,33.27477686449036,-0.1620811906141495,-0.00467278577427502,0.9867663617707119,0.22736890874081747,0.19916708752420173,0.9532239246814658,0.7524599608328418,0.6504895550555663,-0.1032828451730956,47.68970795262637,0.30226503174344066,9.02573918493167,209.8437317700508,173.6672395860474,-3.249574604226251,31.821802447967755,9.66487700774933,-2.0833996649786966,-0.06336842440614564,0.18505528407995864,-0.028105455474354578,23.510971356098196,20.261396751871946,33.27477686449035,-0.1559208892230616,0.0173040707456097,0.9876179653284567,0.2771721079727596,0.12058097684460882,0.9532239246814658,0.9163040456561451,0.3928005166642551,-0.07806823952463134
K13U17Z,2211,48.02482738746944,0.1837193256169983,7.156950166683514,333.1217794499886,22.29596935045968,24.5257793263485,34.656576913963825,20.6797954351235,0.7515512492631347,-0.07271222733998998,0.1516389861813606,0.02108107641473776,355.4177488004483,19.943528126796764,39.201738486970804,0.11527313331625688,0.04726748442328651,0.9922085918050432,0.18313209880619638,-0.014677363251012744,0.9829787431042624,0.9954672836128166,-0.0766310331926594,-0.05632558928538399,48.024827387469436,0.1837193256169981,7.200306063098076,345.7757163164432,352.1580547631245,24.52577932634833,39.24881391369004,9.244770167494236,1.8335546981350306,-0.024080650666444693,0.16651962940603432,0.020425405837214496,337.9337710795677,2.4595504059160476,39.20173848697081,0.12416639486021433,-0.017101295405992624,0.9921140317941554,0.1702619259326625,-0.06901932470594827,0.9829787431042624,0.9270146077239616,-0.3737584814569457,-0.030797964305900438,47.52986723099218,0.1760253000622854,7.178984425467423,331.9382820587335,22.32457585096896,25.78558822218488,34.6475919787437,20.67940442991482,0.7517637422376611,-0.07256919314000485,0.15102499476631498,0.02106888942175179,354.26285790970246,20.048446131887317,39.1634080897362,0.11560248467495972,0.04746997034838733,0.9921606056743529,0.17514358523045834,-0.017596329578602164,0.9843856427935053,0.9935901447929527,-0.09655336291901051,-0.05878836857192891,47.52986723099213,0.176025300062285,7.221025897235382,344.554975801175,352.2242039669712,25.785588222185105,39.24012805004049,9.247111567279333,1.8335278848010552,-0.024129416541550396,0.16589111414054558,0.020411870203281834,336.77917976814615,2.5647679903312337,39.16340808973617,0.12454152638691876,-0.017006471704040647,0.9920686408335847,0.16176586496885262,-0.06940253016206549,0.9843856427935053,0.9192779056632155,-0.39218307307146094,-0.033474906358008504
K13V46O,2236,48.33356902770367,0.2974951526954369,11.73297750359608,312.3110387738117,117.041165712272,349.8518540666462,21.574488646709867,26.013292715775577,-6.447208570476648,-0.15552210683066928,0.11370536556326184,0.01803303060546315,69.35220448608368,59.20405855272986,33.95456652949152,-0.09244951754646857,0.18112057495692843,0.9791059309557352,0.10490344775378045,0.27838576207602855,0.9547233285736337,0.33886030563943437,0.928741122944369,-0.15037825578846756,48.33356902770366,0.29749515269543747,10.17899966832549,310.8430052620537,100.90020626696666,-10.14814593335392,28.59144612655324,18.280898667648387,-5.661661322477544,-0.11436252688278568,0.15537305548472854,0.014887986367077114,51.74321152902036,41.59506559566644,33.954566529491494,-0.03341832708402352,0.17353554750973413,0.984260447831468,0.18420512820635698,0.2336061570673197,0.9547233285736336,0.6074947762722515,0.7829919652213664,-0.13369247997067746,47.85783244713954,0.2912177861392388,11.73185575959295,313.0461792543938,117.0849754083325,349.2782238515077,21.565503711489704,26.01290171056694,-6.446996077502116,-0.15532356970257227,0.11311679897712697,0.018022886550692747,70.13115466272632,59.40937851423399,33.92078043246093,-0.09257925163483083,0.18103276608344843,0.97910991199707,0.0989756697029888,0.2738824853302677,0.9566567833011799,0.32627591054453714,0.9335220323446706,-0.14859557639919457,47.85783244713955,0.291217786139239,10.178107052013388,311.5712791708171,100.9507629288462,-10.721776148492236,28.582760262903662,18.283240067433532,-5.661688135811515,-0.11435078175949058,0.15475201115742782,0.014878162162223577,52.52204209966328,41.80026595117104,33.92078043246093,-0.03356852547584676,0.1734909375974047,0.9842632009117027,0.17719326030897928,0.23110678801133006,0.9566567833011798,0.596897371401419,0.7913509792664464,-0.13220119374692893
K13V46P,2237,48.18361030133049,0.2736369872996131,13.43836479955143,253.4536348487893,104.6121201512219,31.23976264794974,23.027404926803072,29.807425559958503,-7.120986991648207,-0.11383388427297422,0.13464883367132374,0.01820341261286506,358.0657550000112,29.305517647960983,34.99879234125581,-0.058628293025409624,0.22488245409530902,0.9726204835890502,0.2734810746833304,-0.009235941124720728,0.9618330412195203,0.9740333976857093,-0.04037364597807472,-0.22277546746280247,48.183610301330496,0.27363698729961317,11.862060213518996,253.8515534090834,86.6414530081872,31.239762647958454,31.14020808585612,21.458891491251798,-6.265450362656067,-0.06831747408786686,0.16274508491106307,0.01632745908031683,340.49300641727064,11.732769065229093,34.998792341255815,0.012042333035972914,0.20520314879269272,0.9786453136558795,0.25793042651640197,-0.09137338723871197,0.9618330412195203,0.9221238465391259,-0.3327202314754945,-0.19744583867678692,47.70341656831393,0.2671392277072479,13.43949269994243,252.6076842027219,104.6253254647977,32.26484572992725,23.018419991583613,29.807034554749023,-7.120774498673795,-0.11366328847788928,0.13404622982524242,0.01819315436036329,357.2330096675196,29.497855397446813,34.95996270725741,-0.05868495596897884,0.22488746185227076,0.9726159084883212,0.2668277741599927,-0.012895965138320082,0.9636579439925638,0.9735487540823597,-0.054872601558052486,-0.2217922925237399,47.70341656831393,0.2671392277072484,11.863166820932936,253.00379879555666,86.6564203566585,32.264845729935026,31.131522222206954,21.461232891035927,-6.265477175990147,-0.06833659044234026,0.1621190995160829,0.016316670075718742,339.6602191522152,11.925064882150195,34.95996270725739,0.011989829904138391,0.2052251568900535,0.9786413433726999,0.2504825168465538,-0.0928540561001027,0.9636579439925637,0.9172567998342448,-0.3463954493716614,-0.196596428788635
K13V72D,2256,48.45811752873963,0.2907301628335782,22.12295731622445,193.4052351560005,154.005679135773,30.31156625145983,27.31926065420266,22.693909095796556,-13.159887202107857,-0.09285082577265165,0.14872254448099767,-0.03779970386185058,347.41091429177345,17.722480543233303,34.36988112900048,-0.338498132757008,0.16505503930956592,0.9263778106790644,0.2837405150153883,-0.06336677141878952,0.9568050859076581,0.9684775548768223,-0.23329899124147171,-0.08730868447939857,48.45811752873955,0.2907301628335772,21.06423239145215,190.2218939462084,139.3834641647736,30.311566251481032,33.24837192930899,13.38122333252589,-12.24854154943143,-0.04252964531161075,0.1698228324916272,-0.03898619665726008,329.605358110982,359.9169243624631,34.369881129000476,-0.27282547294874876,0.23397632780348934,0.9331780855431002,0.2507724965045592,-0.14709582787458375,0.9568050859076584,0.8548413328043426,-0.5149545198965932,-0.06378195800823666,47.94180729010561,0.2843644076929866,22.14448619726914,192.3378782537427,154.1272981441709,31.38422644940408,27.310275718983426,22.693518090586444,-13.15967470913297,-0.09269429377278646,0.14811050779714297,-0.037772426291733795,346.46517639791364,17.84940284731772,34.308863656323425,-0.33916089659157983,0.16448803815120389,0.9262362395892119,0.2764669983752943,-0.06655159781656712,0.9587162685786743,0.9653499321641231,-0.2482180307927353,-0.08054388654702212,47.94180729010563,0.2843644076929863,21.088273772091146,189.15158270560278,139.50736358851984,31.384226449423878,33.23968606565984,13.383564732309353,-12.248568362765035,-0.04256604583574285,0.1691921032699736,-0.038959911947021426,328.65894629412264,0.043172743546506354,34.308863656323446,-0.2736285526608847,0.23364004977561423,0.9330271926956674,0.24287176295346058,-0.1479068055312567,0.9587162685786744,0.8471696001797403,-0.528231814840222,-0.057226028360392166
K14G54E,2297,47.39290153595033,0.2529967279438775,16.99739397936211,25.91620892983672,134.101132460444,38.86814591005449,-28.134007834717828,-25.467711456154028,11.593577081095171,0.0891709153144174,-0.14567325393228156,0.01141510365618197,160.01734139028073,198.88548730033523,35.40265251958853,-0.20343909012313058,0.2099245529195501,0.9563180531033594,-0.23776533698222896,0.08645801802051374,0.9674671341444585,-0.9260862723302657,0.35502198415424807,0.12776387192244026,47.39290153595032,0.2529967279438776,15.600252806500825,23.29452864004911,119.03530058704074,38.86814591007346,-34.81919307316114,-15.779327732169115,10.638344008721687,0.04067064556378406,-0.16580437881810567,0.01254034269382337,142.32982922708985,181.1979751371633,35.40265251958852,-0.13052186497648602,0.2351259202917499,0.9631613802317956,-0.20025748488636222,0.15461010347741452,0.9674671341444585,-0.7788045874309224,0.6181856452330878,0.10634811998480069,47.69925244955047,0.2568871646980083,16.993970146017,26.71614337093288,134.0069617349973,38.02960971396494,-28.142992769937074,-25.468102461364143,11.593789574069797,0.08920544810751473,-0.14608797323158834,0.011409395235490824,160.7231051059302,198.75271481989512,35.44592672957092,-0.20305408286432117,0.2102175359612248,0.9563355201008277,-0.2424845695438137,0.0848071277649056,0.9664414025761822,-0.9298149802791312,0.34377181586612976,0.1313965032435124,47.69925244955047,0.2568871646980082,15.595575366801727,24.102343213242442,118.93361772771617,38.029609713985295,-34.8278789368103,-15.776986332385658,10.638317195387822,0.040578480440164835,-0.16621015549670085,0.012532091985981235,143.0359609409586,181.06557065494388,35.44592672957093,-0.13006634052877764,0.23528837146864606,0.9631833311021762,-0.20525620313355353,0.1544697590526347,0.9664414025761823,-0.7858549564146671,0.6085873990843917,0.10978781878786432
K14Qu2G,2383,48.04494904032958,0.1630443910228816,15.63181824252606,200.1732898549941,154.9156661573981,36.00764202847445,29.715202317932818,28.086522058721847,-10.642432480514717,-0.10090914319800122,0.12625072087208725,-0.020023521835085746,355.0889560123922,31.09659804086664,40.21148958232366,-0.24404097262919736,0.11423578629629606,0.9630130782120575,0.1624458246120994,-0.013958062548840869,0.9866187341399806,0.9909211663846176,-0.09716128261356555,-0.09292430883162882,48.04494904032958,0.16304439102288182,14.60692769290052,195.56583071634503,141.78160536868467,36.00764202847455,37.090524810935655,17.798155228899553,-9.624239136182448,-0.05748396216139322,0.15083503942886914,-0.021615413553192984,337.3474360850297,13.355078113504248,40.21148958232365,-0.19813231302218248,0.15601778195654564,0.9676786854373923,0.1504667017481939,-0.0627952634284024,0.9866187341399806,0.9174914567721563,-0.3919563570641975,-0.06767304416878224,47.6078830338546,0.1564796954519541,15.64714630770973,198.5023111747447,155.0519162203478,37.72140145677255,29.706217382712765,28.08613105351312,-10.642219987540189,-0.10074721014918922,0.12565374582118835,-0.020008158666475415,353.55422739509254,31.275628851865065,40.15821599560478,-0.24454551858516593,0.11376379500866894,0.9629409578396475,0.1554905171087616,-0.017566848834842837,0.9876811757400582,0.9887180412589873,-0.1229258637321965,-0.08559127826294564,47.60788303385459,0.15647969545195395,14.625158139270276,193.8903872655092,141.92181314600666,37.72140145677253,37.081838947286144,17.80049662868458,-9.624265949516419,-0.05751033962574372,0.1502170366852598,-0.02160077152775996,335.81220041151585,13.533601868288372,40.15821599560478,-0.19875586595804173,0.15572235175797758,0.967598395466959,0.14274193354623407,-0.06411423785883094,0.9876811757400582,0.9074101024806593,-0.41585179861251,-0.060615076563342564
K14Se4A,2448,48.66079807326776,0.2541136028957535,20.58125944886698,213.4121833745621,125.5181938613013,39.84191947301071,27.996595092497728,26.195076668434787,-14.27119096607324,-0.08750062649489354,0.14373344015562559,-0.004612707390221654,338.9303772358634,18.77229670887408,36.29542735508695,-0.20422854761566217,0.28612563570574545,0.9361745675517896,0.2371246519128387,-0.09135437937984034,0.9671743776710275,0.904537845343371,-0.37992059305136466,-0.19357590066191455,48.66079807326775,0.2541136028957536,19.08520384033936,211.92534638777016,109.33459490663293,39.84191947303678,34.981654525436404,16.51422227477273,-13.312497111773952,-0.039852147314854106,0.16345063088524042,-0.005712805182178872,321.2599412944031,1.1018607674399163,36.295427355086936,-0.10825587808771663,0.3085329347892888,0.9450333819552439,0.1982068503397138,-0.15902128051009726,0.9671743776710274,0.7525653149868072,-0.635411806652062,-0.17290830704731922,48.17058546111367,0.2484598871200865,20.58149855041669,212.0253806123645,125.5920536185716,41.30457366486419,27.98761015727883,26.19468566322401,-14.27097847309864,-0.08734768044066235,0.1431247473952319,-0.004607673246744319,337.6174342309361,18.922007895800334,36.20212723493689,-0.2045994949928406,0.2858653047494417,0.9361731005477477,0.22974140240602278,-0.09461080027269626,0.9686421859966011,0.897138127639212,-0.40048837780765123,-0.1864195246668256,48.17058546111364,0.2484598871200866,19.08611789441361,210.53269088588758,109.41395561509977,41.30457366488825,34.97296866178737,16.51656367455546,-13.31252392510784,-0.039890342419290244,0.16282417260142587,-0.0057088218044200395,319.94664650098736,1.2512201658756226,36.20212723493686,-0.10868813604920756,0.30839691214680914,0.9450281655381824,0.1901825151900965,-0.15988410309875992,0.968642185996601,0.7391061158114334,-0.6527834581586689,-0.16612015628618165
K14TB5L,2473,48.24346657221651,0.2678438405912376,28.53255481584963,274.3499293025247,40.52874005204638,52.34363301444622,34.442372211744726,25.81962527842486,-1.4987851265667378,-0.04820970471199172,0.13455653139415344,0.07263819248290296,314.87866935457106,7.222302369017257,35.32175120207906,0.36305835407174525,0.31039621924058997,0.8785458545914737,0.1889927068352092,-0.18979483582480575,0.963462338162388,0.6269106889427317,-0.6165536191631603,-0.47628208320926607,48.2434665722165,0.26784384059123756,27.9517208783521,277.4525997717498,20.212869065780552,52.3436330150127,40.6587234736425,14.209192180555224,-0.3787783206298527,-0.007310315534993034,0.14283356578344594,0.07246429844269078,297.6654688375304,350.0091018525431,35.32175120207904,0.4398610289804091,0.16194952668961624,0.8833428700053593,0.12436213171196422,-0.2372222231130978,0.963462338162388,0.42434274923302173,-0.7771255361913432,-0.4647678260945763,47.80806737258163,0.2643476522474001,28.61370013177084,272.9119866461567,40.52323414560199,53.91512355364249,34.433387276536195,25.819234273182992,-1.4985726336092486,-0.04808309321123234,0.13395398941330566,0.07259144957793222,313.4352207917587,7.350344345401197,35.17011700415415,0.3640336179887773,0.31116947263686406,0.8778684891673108,0.18174800404164065,-0.19195662081728815,0.9644274564482741,0.6082807634902662,-0.633434686936734,-0.47828339941196013,47.8080673725816,0.2643476522474,28.032889904086485,276.00651675336934,20.21661197906633,53.91512355417643,40.65003760999444,14.211533580305181,-0.3788051339808307,-0.007370321647390195,0.142220925989555,0.07241588398834245,296.22312873243567,350.1382522866121,35.17011700415413,0.44102431388798125,0.1624105456002747,0.882677953297496,0.11680677246589732,-0.23714101111957078,0.9644274564482741,0.4015475833642465,-0.7875903177073666,-0.4673981490634541
K14TB5T,2476,48.08053171566385,0.1454844600363472,8.52269109198202,133.5476028977064,87.88630500931545,151.5377498751216,50.647879999421974,18.456752814642137,-7.482708018669033,-0.034906989357476506,0.12123336481949044,0.005897524740772914,221.43390790702188,12.971657782143438,41.08556152075003,0.005466036814997895,0.14810024865344412,0.9889572482116328,-0.10907254694807708,-0.0962751661350269,0.9893605368559697,-0.7417212056425062,-0.6620508698048312,0.10741647402001762,48.080531715663795,0.14548446003634807,7.056293022948995,137.88244698141858,66.00869963806373,151.53774987512097,54.04285559372864,2.2949815446670367,-5.996099663475647,0.0031817528310300073,0.1261143698467551,0.005987454935510717,203.8911466194823,355.42889649460324,41.08556152074994,0.049948302761905636,0.11223158340081041,0.9924259361476563,-0.133018849150832,-0.058921251536741444,0.9893605368559696,-0.9096758103330385,-0.4070656556885685,0.0823861156613516,47.71902867296714,0.152958513073803,8.52699970790287,132.1566072105792,87.83541722053032,153.0431982926205,50.638895064201854,18.45636180943342,-7.482495525694505,-0.03478929393855115,0.12063975262763701,0.005895514451125111,219.99202443110954,13.035222723730044,40.419997001823916,0.005600380193389125,0.14816965116870293,0.9889461007629458,-0.11718670394777776,-0.0983035255705748,0.9882326109162008,-0.7579453583523927,-0.642990473528806,0.109918536668137,47.71902867296711,0.15295851307380337,7.061159980585469,136.49923946816315,65.95014207595749,153.04319829262005,54.03416973007908,2.2973229444520946,-5.9961264768096205,0.0031147144595653495,0.12551293601442953,0.005983596269542649,202.44938154412063,355.4925798367407,40.41999700182387,0.05009733498451594,0.11225745909774688,0.9924154976139615,-0.1413668973783828,-0.05840981978536372,0.9882326109162007,-0.9194495771758047,-0.3839947545893934,0.08461975820732115
K14UM8H,2489,48.18736217680163,0.3332350707331144,3.109505397010962,83.22252719257462,282.618194575056,19.39044580893273,23.905837937954757,24.233197495430083,1.5548890859771025,-0.11376995302038663,0.15804941771684677,-0.004155588455975096,5.840721767630612,25.23116757656334,32.12964313337294,0.011849874672330483,-0.05293432714327029,0.9985276848841695,0.33150512549251543,0.03391112116541364,0.9428437768970511,0.9933819190553691,0.10144397780529035,0.053865408760280065,48.1873621768016,0.3332350707331143,4.684276498559838,81.54969595345564,266.7049451491654,19.390445808934473,30.05506038916423,15.879716926073634,2.3838128679550667,-0.060574474932560234,0.18503316709275167,-0.005826630980352687,348.254641102621,7.645086911555495,32.12964313337292,-0.004693929580705036,-0.08152999135343132,0.9966598354177822,0.32625778308155456,-0.06783414586484444,0.9428437768970511,0.9757635241053304,-0.2033725440587265,0.08077842130561425,47.62465979278489,0.3257918672587151,3.11010209949661,82.70419970098992,282.6407809477444,20.0310486501128,23.896853002734805,24.232806490221225,1.5551015789516338,-0.11359940007492138,0.1574311297405355,-0.00415086069428775,5.344980648734349,25.37602929884715,32.10893295133245,0.011873016523911524,-0.052939798757879034,0.9985271199051622,0.324375283449435,0.030348249686249756,0.9454415154984891,0.9942263312947729,0.09283255069933541,0.05381560824511553,47.62465979278484,0.3257918672587149,4.684908633730263,81.03918710294272,266.71972900732413,20.031048650114464,30.046374525514782,15.882058325858509,2.3837860546210994,-0.06059878099541523,0.18439224321662834,-0.005822571311390952,347.75891611026685,7.789964760381338,32.10893295133243,-0.0046735216785415605,-0.0815421777674584,0.9966589343602256,0.31838470010119924,-0.06907621525090632,0.9454415154984892,0.9739692317484586,-0.21183675395185494,0.08067915023386613
K14UM8S,2498,48.36737693805571,0.3262256384541866,7.142620536890324,291.593350118445,3.698642571981306,65.76963824023245,36.43849313928679,29.20688237548645,3.357793158992572,-0.05063132331773195,0.1384357146376467,0.017720821612033612,295.2919926904263,1.0616309306587368,32.588698516084186,0.12408062600134234,0.00802098219127764,0.992239720075649,0.1393738721622689,-0.294954387903176,0.9452919299428925,0.4267660377096565,-0.8969416376112277,-0.11561335466497502,48.36737693805571,0.3262256384541866,7.6751929018162635,303.14509156501487,334.66020707659106,65.76963824023235,43.44989430085986,16.835227592663305,4.556570245619223,-0.006933585762479958,0.1472630420778667,0.017536457258892732,277.805298641606,343.5749368818383,32.588698516084186,0.12070698383138344,-0.0571605286192149,0.9910411182298654,0.04430378888499921,-0.3232032510283198,0.9452919299428925,0.13901758828516902,-0.9839558363300807,-0.11182585702487156,47.93362159775754,0.3251360550764884,7.164876299625384,290.0826233312524,3.822320654241643,67.2939160611124,36.429508204066714,29.206491370277725,3.3580056519670913,-0.050503088738711406,0.1378305726525948,0.017710886813857,293.90494398549407,1.1988600466064554,32.348672965933496,0.12444757817842605,0.008314495070732814,0.992191347199341,0.13175178673333798,-0.2972455567426943,0.9456672489249581,0.404731579972863,-0.9069014318154517,-0.1171415432020323,47.93362159775755,0.32513605507648835,7.693917357110961,301.6122421393608,334.8063575678869,67.29391606111236,43.44120843721034,16.837568992448343,4.556543432285242,-0.006993844376333007,0.1466474334485032,0.01752485792901278,276.4185997072477,343.71251576836005,32.3486729659335,0.12114545671636448,-0.05699030670791995,0.9909974183913501,0.03634745684783513,-0.32309799858772886,0.9456672489249581,0.11505509581052092,-0.9867942513435919,-0.1140150448110773
K14UM9W,2518,48.05048522535679,0.1646531303643616,14.55508421599147,156.9483455238009,6.896972857830308,244.5075163200395,44.08727862754621,27.730622193493087,5.773371720292579,-0.08571973899030515,0.09618974200129829,0.027466985485754134,163.84531838163122,48.35283470167076,40.13882241747529,0.24949210380677242,0.030178487484836595,0.9679064774197961,-0.158151645860648,0.04581168246584744,0.9863515330049508,-0.959005006200108,0.26575583865480323,0.09840341611963017,48.05048522535676,0.16465313036436158,14.926881938230364,162.98128371123389,343.479852162963,-115.49248367996064,50.226265102638166,13.117413793536015,7.159826412035511,-0.053395285646054405,0.11759003603985127,0.026005812916341048,146.46113587419688,30.968652194236242,40.13882241747526,0.24695295973565728,-0.07324526873897838,0.9662553318275422,-0.13724023610528535,0.09097126432313106,0.9863515330049508,-0.8363196626432139,0.5430336667947299,0.07539136955786874,47.72217547901784,0.1702112926096939,14.60766287645087,158.6706098944076,6.998488711011672,242.8622622992489,44.07829369232623,27.73023118828428,5.773584213267071,-0.08556798656746405,0.09561291517860014,0.02745051836756722,165.66909860541926,48.53136090466819,39.599322304587574,0.25031973891515813,0.030728697031527853,0.9676754494602989,-0.16491472164598842,0.04213097098678122,0.9854075887002988,-0.9674498199181222,0.23585181741292302,0.09173203455398861,47.72217547901781,0.17021129260969414,14.976488099736034,164.6859564506646,343.59974919398303,-117.13773770075123,50.2175792389887,13.119755193320946,7.159799598701504,-0.053424403526404575,0.11699431560174146,0.02598853704108876,148.28570564464763,31.147967943896404,39.59932230458754,0.24790813618558247,-0.07296451152429696,0.9660319539596045,-0.14479534008341313,0.08947733580070238,0.9854075887002988,-0.8532129890025295,0.5170776326835907,0.06825186573056605
K14UM9Y,2519,47.94569960395217,0.2068782986961849,3.393034019401835,192.8629037972697,343.8333865401027,228.1124870723132,48.07359924806568,27.625711569321556,2.3667247542116163,-0.07545485122034157,0.09731159662787942,0.0042957510083769515,176.69629033737237,44.808777409685604,38.0267748400882,0.056844601345933034,-0.016478969961846484,0.9982470309732048,-0.20653448506373384,0.01192212023451358,0.9783666845966149,-0.9982294312332122,0.05800347766746247,-0.013175704850147074,47.94569960395217,0.20687829869618501,4.467072035595404,209.96724897295456,309.1855604103121,-131.88751292768677,54.087091316315615,11.813230040566607,3.8582922888704756,-0.0426365237051673,0.11555869934879637,0.0031222970438704125,159.15280938326669,27.265296455579914,38.026774840088194,0.0492111182319157,-0.06036984905292621,0.9969622596506306,-0.19333457270826226,0.07362318566281682,0.9783666845966148,-0.9333567658336261,0.3568355173741269,-0.03890451404313988,47.62805239822987,0.2137329723797733,3.403019164325344,193.7452026816764,343.9983799414326,227.2326820873603,48.064614312845634,27.62532056411282,2.3669372471861405,-0.07530997878973686,0.09673401788745017,0.004294814299959653,177.74358262310898,44.97626471046931,37.44836719049661,0.057059046422872774,-0.01636316431213176,0.9982367014265738,-0.2135672508226344,0.00841503763241145,0.9768921212281871,-0.9991091381427052,0.039774467935626084,-0.014103963279127217,47.62805239822987,0.2137329723797733,4.473738456872671,210.85712875948883,309.3431622978046,-132.76731791263967,54.0784054526661,11.815571440351626,3.8582654755364993,-0.04267285259456943,0.11496434040444825,0.0031203587363603964,160.2002910572935,27.43297314465383,37.44836719049661,0.04945052739555883,-0.06032396499423855,0.9969531907705973,-0.20109761118357367,0.07239844099532221,0.9768921212281871,-0.9396739512378891,0.33972383919743876,-0.04000722992068004
K14UR7L,2540,47.99619262143496,0.09895189855020141,21.35090527418843,6.743802048923948,192.5198143829822,211.9384375479426,36.788716994891196,35.455042794488385,-10.41260709416164,-0.09763413793921155,0.08043667187757506,-0.03896912113651832,199.26361643190614,51.202053979848756,43.246878238362804,-0.3554214662237354,-0.07892400705082908,0.931368124029597,-0.09341164530065808,-0.03264571562875279,0.9950922177232172,-0.9457577451521542,-0.32204720553314614,0.04275377051213881,47.99619262143492,0.09895189855020126,21.267090823382883,2.4047362490143063,178.9801213563278,-148.06156245619565,46.04971233159882,22.68570237096703,-9.147406534066409,-0.06767528463311709,0.10617195285110188,-0.04084908510158195,181.38485760534212,33.323295149146475,43.246878238362775,-0.36265857033686333,0.006456091582051897,0.9318997157649027,-0.09892299587992741,-0.002391466669051957,0.9950922177232172,-0.9996570527603218,-0.021311055858185164,0.0152189278451729,47.70080786931483,0.1057494864481434,21.41872482597748,7.47772996983254,192.6443491015473,211.3261731479868,36.77973206045215,35.454651788650175,-10.412394600874201,-0.09747439994501267,0.07987040347726955,-0.03894105977062301,200.12207907137986,51.44825221936662,42.65647193397323,-0.35632453309174256,-0.07993760902432619,0.9309365208113954,-0.09929472309513737,-0.03638010238449113,0.9943928027273498,-0.9409292077996514,-0.33525155327018286,0.047524961225133076,47.70080786931485,0.10574948644814275,21.338147023681223,3.151644438147204,179.09065409419702,-148.67382685758963,46.04102646849484,22.68804376991606,-9.147433347072317,-0.06769483140940032,0.10558388533026977,-0.040821551799737656,182.24229853234422,33.56847167475459,42.65647193397328,-0.3638256346579925,0.005774790669653834,0.9314491716451471,-0.1056685145274348,-0.004137501856341187,0.9943928027273498,-0.999174491232718,-0.035357132881476815,0.020005229922214166
K14Wp7M,2565,48.08018906581871,0.06669619703982463,19.4665020219164,161.4231521949921,146.9296115689207,82.31264878169705,36.146221076718795,27.493546439827625,-15.11521325123397,-0.08375185024547425,0.11675976757125442,-0.01843085706379153,308.3527637639128,30.665412545609797,44.87342330217284,-0.2792685457890816,0.18184727700930117,0.942836490159961,0.041385088343392454,-0.052303510038856034,0.9977733296197213,0.6304386147825896,-0.768944499544982,0.10616736603366715,48.08018906581869,0.06669619703982455,18.272036451237405,158.22944940792465,132.36955622373094,82.31264878169726,43.16295221520693,15.290220997764294,-13.931358997009552,-0.04404418810948091,0.13660465208772823,-0.019651736735133617,290.5990056316556,12.911654413352835,44.87342330217283,-0.21129033369798336,0.23163949887921892,0.9495786104608608,0.023465416404570595,-0.06243201848839432,0.9977733296197212,0.36564181963429526,-0.9234629756524815,0.11628496176886337,47.69163102046839,0.06541198475055308,19.48403398080319,154.4819691532356,147.0678003993088,89.28533585932674,36.13723614149866,27.493155434618984,-15.11500075825944,-0.083601416790711,0.11616915378669228,-0.018416561371173805,301.5497695525444,30.835105411871098,44.57202677942851,-0.27994844970041266,0.18133002775775664,0.9427344729793786,0.03422610194901614,-0.05574317621361509,0.9978583427776677,0.5366506013359633,-0.8314803340714207,0.1436891997967401,47.6916310204684,0.06541198475055299,18.29211030057178,151.2822693858953,132.5130801907082,89.28533585932632,43.15426635155737,15.292562397549428,-13.931385810343524,-0.04407957351850738,0.13599618719359352,-0.01963841085475404,283.7953495766035,13.080685435929809,44.57202677942852,-0.2120947238784303,0.23135471646651032,0.9494687057884704,0.015597790914633008,-0.06352508691524923,0.9978583427776677,0.25635200501555844,-0.9547462006475131,0.15080895820090287
K14Y91Z,2595,48.53760748011006,0.2786531345924554,29.99762739421483,206.9627437104842,116.2751287871409,34.98150248183403,31.451055742289977,12.927599123339382,-19.58433443695507,-0.038683867768468286,0.16834346244811116,-0.02299690711056158,323.2378724976251,358.21937497945913,35.01245101015918,-0.2213251234725416,0.44830718113077067,0.866046107933317,0.22323659168235166,-0.16677228052721488,0.9603918109718549,0.7466663198303376,-0.6253809945709309,-0.22668925528240957,48.53760748011008,0.27865313459245555,28.437967735571366,206.46176116133753,99.1300415794678,34.981502481875964,34.41358967917424,2.8230410522933393,-18.643314253302712,0.014604182876973782,0.17216456253929596,-0.022603140475329863,305.59180274080535,340.5733052226813,35.01245101015919,-0.07556251501075222,0.4701738261245389,0.8793332016662749,0.1621779730723649,-0.22659628079105898,0.9603918109718548,0.5289186715293106,-0.8217159024047335,-0.21219805522870328,48.0020863744152,0.2730042345919613,30.00468197551483,205.5514653173067,116.3187811943776,36.37597843264994,31.442070807070095,12.927208118129714,-19.584121943980428,-0.03856364091473795,0.1677182749372494,-0.02297955104460515,321.8702465116843,358.24622494433424,34.89731352495076,-0.2217138901321546,0.4482340039488262,0.8659845429489319,0.21474908714396032,-0.1685649479458241,0.9620128314606086,0.7348025944117265,-0.6430726143612436,-0.21569135333710257,48.00208637441518,0.273004234591961,28.44521334714806,205.04810393914917,99.17573968196719,36.37597843269194,34.404903815524605,2.8253824520774184,-18.643341066636573,0.014529488676067246,0.1715322637842067,-0.022587836430623655,304.2238436211164,340.59982205380834,34.89731352495076,-0.07595522502758645,0.4702231828445715,0.8792729736017874,0.1535450942013302,-0.22573262092982288,0.9620128314606088,0.5119682800712462,-0.8349972805950583,-0.20166313892168689
K14Y92G,2599,48.2175656581354,0.1980263733148448,26.62201802968067,224.8325582530299,101.4529890195471,39.31341475959967,34.19881500083805,15.508640199329625,-18.34415757281188,-0.04047376037971683,0.15956940160082853,0.004001492313730731,326.285547272577,5.598962032176644,38.66921600078444,-0.08897698743344581,0.4391800264442247,0.893982102773718,0.16472113691015847,-0.10991538374247305,0.9801966922367009,0.7585559215882434,-0.5698962350447117,-0.3159290982250185,48.217565658135385,0.19802637331484485,25.052866432771623,225.23058073785523,83.51235016450339,39.31341475959997,37.777198620363784,4.453471558540398,-17.30996362863933,0.009505315027984268,0.16434107840466466,0.004264983267108143,308.74293090235864,348.05634566195863,38.669216000784424,0.04784570017590039,0.4207426233016946,0.9059174542483913,0.12393029985294463,-0.15445298736699634,0.9801966922367009,0.5594613815498861,-0.7724147584229066,-0.3006300110181544,47.72106862599329,0.1921893362308766,26.62709267632961,222.9249441622486,101.4555085768316,41.26966549781044,34.18983006561798,15.50824919412084,-18.343945079837354,-0.04035233385897383,0.1589500948625434,0.004000752830804706,324.3804527390802,5.650118236890648,38.549588122535525,-0.08901202532223845,0.43925371361995635,0.8939424111312264,0.15623111776679194,-0.11193113419511004,0.9813578649193856,0.7421115497895614,-0.5967456033906121,-0.30522963896533617,47.721068625993254,0.1921893362308762,25.057933115684136,223.32272840283875,83.51509951525358,41.26966549781084,37.768512756714244,4.455812958325376,-17.309990441973305,0.009434038319014884,0.1637140233026294,0.00426227907958836,306.83782791809233,348.10749341590315,38.54958812253552,0.047834558300489584,0.42082451503501334,0.905880004513701,0.11522752554785316,-0.15381598849594158,0.9813578649193857,0.5353889228628275,-0.7930423625663475,-0.2905899386609368
K15Bp8Y,2611,47.25924074628405,0.2101193909637942,26.21588509877864,334.8072665368529,194.0691043219517,347.7424689809958,-31.912811029378094,16.337645942216973,-11.62338676579765,-0.08426360815563166,-0.14580481267560225,0.05955512254892912,168.87637085880465,156.61883983980044,37.32915786326352,-0.4285033912046785,-0.10738700484149749,0.8971359288966541,-0.20617191647463984,0.04053762839843906,0.9776757343521442,-0.9705692577887394,0.15045448037519424,-0.1880392649699682,47.259240746284014,0.21011939096379373,26.16327290554412,331.23174001261737,179.69539446589386,-12.257531019004224,-25.15684145671892,25.21452423040542,-12.321136246027027,-0.12596488156387214,-0.1135392808794866,0.05610607801798279,150.92713447851122,138.669603459507,37.32915786326351,-0.44092438051455685,0.002344139008730146,0.8975411944195999,-0.18364486179378817,0.10210153375800014,0.9776757343521442,-0.8742645964602206,0.43661205617762255,-0.21220586178660614,47.4871467620175,0.2140222491639017,26.16257636013237,334.9001244694679,194.1823064772163,347.7311280229965,-31.921795964598175,16.337254937008325,-11.623174272823142,-0.08411283169756165,-0.14621944379829044,0.05951714850939864,169.0824309466842,156.81355896968068,37.32384080563423,-0.427480933865824,-0.10802885371476811,0.8975465547514938,-0.2101485925705466,0.04053507342775665,0.9768287858487918,-0.9712525148111215,0.14726067881770566,-0.18703701491207786,47.487146762017495,0.2140222491639019,26.11318683039914,331.31778650210134,179.8161345027671,-12.268871977003492,-25.16552732036843,25.21686563019053,-12.321163059361021,-0.12594536001750076,-0.11398008799154806,0.056068627583120284,151.13392100486845,138.86504902786496,37.32384080563421,-0.4401435761679749,0.0014124512481116683,0.8979262983895381,-0.18743009017170154,0.1033222359194919,0.9768287858487918,-0.8759077055417385,0.43377385330811585,-0.2112485161103771
K15KH3X,2765,47.82591600087714,0.2391256230791079,15.54587126851803,224.0388270557919,80.35658149687976,322.7286208600706,-15.978594622746591,-36.65682103295717,2.673990315602606,0.15924254811389665,-0.03955359506831688,-0.045516444117858754,304.39540855267165,267.1240294127422,36.38951403783832,0.044895894365001604,0.26422263234871063,0.963416192112155,0.1350822750084175,-0.19731660495640466,0.9709886386498188,0.5398291613954251,-0.8208986606213625,-0.18630583860192074,47.825916000877136,0.23912562307910779,14.16005024244117,226.9921768391894,59.91929104055876,-37.271379139933764,-26.36898465161069,-30.117588883805364,1.9482625175928754,0.14105599866815696,-0.08580924283505684,-0.041646149660831536,286.91146787974816,249.6400887398144,36.38951403783832,0.12261399609197163,0.21168447752521577,0.9696161559798983,0.06956013634766928,-0.22878472642260275,0.9709886386498189,0.27166757246035217,-0.9456190328996638,-0.1788892805380016,47.90996609473598,0.2381968420792988,15.52916393593467,223.2066330395101,80.36077193715917,323.2449427498037,-15.987579557965752,-36.65721203816612,2.674202808576864,0.1592301157281757,-0.040039440564563725,-0.04548399443926305,303.5674049766693,266.81234772647304,36.49796346684359,0.044829527878318245,0.26394894004119623,0.9634943022568094,0.13170323071822146,-0.1984741660643353,0.9712168987530281,0.5282775282277586,-0.8290510110523835,-0.18329559253454591,47.90996609473597,0.23819684207929892,14.143307259555723,226.16298994757759,59.920353460064206,-36.755057250199776,-26.377670515259407,-30.115247484020816,1.9482357042586542,0.14089655073877394,-0.08626863587330685,-0.041618082129733794,286.0833434076418,249.32828615744202,36.49796346684358,0.12246805396387914,0.21144155836829842,0.9696876008040352,0.06598894103491088,-0.22887375392919462,0.9712168987530281,0.25811513722622664,-0.949901057282625,-0.1762514037051547
K15RR7X,2827,48.06641387159318,0.2064820204379749,0.07277069610508036,34.83676263092845,73.58638188455717,291.3009511724091,44.5839555489919,12.871716215445593,-0.04969840780968016,-0.06976795234572199,0.13201055085584246,0.0001323773528462316,108.42314451548562,39.7240956878947,38.141563620178715,0.0003588880527330242,0.0012183278092729956,0.9999991934380321,-0.06525498942790177,0.19589949239064586,0.9784503948774571,-0.3160318657859495,0.9487482982439067,0.0007255254251751941,48.06641387159319,0.2064820204379748,1.5189148030213864,179.3061336522598,271.5352002929327,-68.69904882761529,46.37316132428422,-1.1973728993509472,1.228351573858244,-0.026624889069875236,0.14691876624039174,-0.0006013684057330037,90.8413339451925,22.142285117577217,38.14156362017873,0.0007101504343501852,-0.026497444778694146,0.9996486288224281,-0.0030318828270443085,0.20645975988233475,0.9784503948774571,-0.014687773321583629,0.9998920773138773,0.0003209981199845369,47.64036686058289,0.20626248167008,0.07306873932634736,37.93348622916968,72.86365890897993,288.997221313779,44.574970613772095,12.871325210236355,-0.04948591483515589,-0.06962689153205467,0.13140971530627543,0.00013423112583196132,110.7971451381496,39.79436645192857,37.813946564246024,0.00037575965523735713,0.0012186749328052088,0.9999991868177142,-0.07323563566860708,0.19282311327461532,0.9784966983364327,-0.3550599049440315,0.934843221763471,0.0007839796100286448,47.64036686058286,0.20626248167008,1.5192128728032852,181.64545070817613,271.5698966386606,-71.0027786862467,46.364475460634786,-1.1950314995664808,1.2283247605242702,-0.026671949681282184,0.14630338836027182,-0.0006008109441749101,93.21534734683678,22.21256866059008,37.813946564246,0.0007263387151677602,-0.026502208396491925,0.9996484909117703,-0.011569045415168679,0.20593777830422919,0.9784966983364327,-0.05607885741248904,0.998426052442263,-0.0007612856684932228
K15VF7D,2918,48.06102572260683,0.3145587801574841,0.8904698530890254,17.18385926958753,72.49144010445926,348.2934532653256,13.486383527050279,30.77559930056947,-0.05599790311812883,-0.18695835414683468,0.0612575548571004,0.0030576918602254824,89.67529937404679,77.96875263937238,32.94300809818616,0.004675484674326908,0.014821021721319095,0.9998792312865571,0.0017826249503547211,0.3145537289914885,0.9492379964086117,0.005701091479133613,0.9999732078598652,0.0045914179070723656,48.06102572260685,0.3145587801574842,0.992283862892516,131.04266904543977,301.05731160224394,-11.706546734674331,22.146071362197368,25.2639549756616,0.5543382733166468,-0.15974348358624196,0.1148715693606149,-0.0013437619720369858,72.09998064768371,60.393433913009375,32.94300809818617,0.008934146938024912,-0.01483528393881137,0.9998500364399376,0.09668182387142492,0.2993323422336103,0.9492379964086117,0.30726004707805166,0.9515359494093729,0.013061410765949721,47.70203774028192,0.3102513746044481,0.8921405355429857,17.99810495817435,72.47095603423433,347.7587247251568,13.477398591830022,30.775208295360827,-0.05578541014360122,-0.1867387470233986,0.06070414116679315,0.0030575849550674122,90.46906099240869,78.2277857175655,32.90241495992618,0.004689564391512081,0.014847150754495109,0.9998787777027229,-0.0025398937468386474,0.31024097792474864,0.9506545558487849,-0.008150850615897931,0.9999552081726522,0.004810954440174459,47.70203774028193,0.3102513746044486,0.9919011901458589,131.7407359872523,301.1530231049652,-12.241275274843122,22.137385498547694,25.26629637544677,0.5543114599826693,-0.1597013220924238,0.11427767096187463,-0.0013427069247199373,72.89375909221746,60.652483817374346,32.902414959926176,0.008955461871741316,-0.014814624055540952,0.999850152081179,0.09125871456440093,0.2965261581378667,0.9506545558487847,0.29404874583035534,0.955703138138537,0.012916920211394475
K15VG5Y,2963,48.17833256286529,0.3083538569707828,1.286612604446904,273.2810464112376,83.05024672024025,36.01146889674518,18.66694731027857,33.6895202735066,-0.3246147340280226,-0.1294432067248175,0.12001379499245401,0.003212001512330073,356.3312931314778,32.34276202822298,33.322357894684714,0.0027168768793665084,0.02228876339202649,0.999747883021753,0.3077219520137715,-0.019730721162493903,0.9512717271585664,0.9977008605717888,-0.06395681303793176,-0.02241693289330916,48.178332562865286,0.3083538569707831,0.6722787770508825,16.14152233119644,322.6147590149261,36.01146889715713,27.970037229499393,26.476821133964904,0.4461310230459255,-0.08719814817946142,0.15350895274563034,0.0008099940878470912,338.75628134612253,14.767750243279693,33.3223578946847,0.00932286813299946,-0.007124066346984183,0.9999311635349998,0.28740047167004473,-0.11172765992624203,0.9512717271585663,0.9320359782183265,-0.3623510658559387,0.0032619594835367636,47.72966714184788,0.3027027247483058,1.288289517948333,272.5497245097002,83.0191187254007,37.00278402777403,18.65796237509498,33.68912926826316,-0.3244022410543926,-0.12926214885546577,0.11942100021164334,0.0032117911818595624,355.56884323510087,32.57162726287493,33.28176684668084,0.0027325418900887156,0.022316327421570564,0.9997472254251233,0.3017979117701919,-0.023387176426410677,0.9530850226658435,0.9967602336123246,-0.07723051087376137,-0.02246074084446768,47.729667141847905,0.30270272474830606,0.672590253724025,15.226565865468542,322.7672839465301,37.00278402814331,27.961351365874172,26.479162533705825,0.4461042097117243,-0.08720460985173682,0.15288915782445833,0.0008096055904045214,337.99384981199864,14.996633840141953,33.28176684668085,0.009346127779948962,-0.007102512102106462,0.9999310997350569,0.2806489056274837,-0.11342456233172993,0.9530850226658435,0.9271326896763123,-0.3747205236692015,0.003082997672059202
K15VG5Z,2964,48.18708866449777,0.374247235600018,4.113833423585075,264.4932061322505,102.4487831944287,25.85093084192975,15.526181245196526,30.509899684439794,-1.563479598819652,-0.14510003956467663,0.1284062602713201,0.00819989726209224,6.94198932667922,32.79292016860897,30.15320394019652,-0.015464388879805823,0.07005163149420573,0.9974234916030272,0.371503641399924,0.04523314913702174,0.927328963553789,0.9901647119407591,0.12031150431717795,-0.07140717860419354,48.187088664497686,0.37424723560001716,2.5453795643054073,267.67519504792284,81.68949432879464,25.850930842746443,24.05113915480584,24.39449271985622,-0.9012111662892227,-0.09972109751768048,0.16623891552334508,0.005454644730592476,349.3646893767175,15.215620219463915,30.153203940196505,0.006419009318153044,0.04394429990189784,0.999013360684183,0.3678183401407083,-0.06906997908200764,0.9273289635537894,0.9818463203662317,-0.18441459642274383,-0.044374089393789055,47.68962365938227,0.368111657255679,4.114569461652761,264.0228358719598,102.4531206163209,26.52617858789086,15.517196310046913,30.509508679166878,-1.5632671058490808,-0.14490848777744136,0.12780784048074503,0.00819634381818729,6.475956488280701,33.00213507617156,30.134517260227422,-0.015472454948892047,0.07006297232829958,0.9974225699503588,0.36576283712288826,0.04151793813929136,0.9297815914463339,0.9911161649376801,0.11223348556502798,-0.07136099997302403,47.689623659382235,0.36811165725567896,2.5460972053311326,267.2012442778903,81.69740889404868,26.526178588636725,24.04245329120418,24.396834119558783,-0.9012379796258347,-0.09971916574253757,0.16561058840528986,0.005451143178121019,348.898653171939,15.424831760575671,30.134517260227405,0.006414745866899434,0.04395756786752833,0.9990128043536953,0.3612236027934787,-0.07087807130856194,0.929781591446334,0.9803124542697359,-0.1924026513579139,-0.04437016738859568
K15VG6A,2965,48.22269203489521,0.4226224596117455,13.12206806943525,289.3685374220362,51.45112694601244,39.39917007204248,15.887017131114128,34.64860393233613,2.1370704681697403,-0.11918193457870359,0.12587616902770232,0.0400146499348939,340.8196643680486,20.218834440091086,27.84269931800807,0.14147877676708387,0.17755211792545383,0.9738885979128595,0.39916234213241686,-0.1388494436130187,0.9063058295253973,0.9252237959052231,-0.31319127886531717,-0.2141778474386117,48.222692034895154,0.42262245961174516,12.311023134776583,295.52740624489667,27.86052736643864,39.39917007204253,25.542768287255377,28.230851760691955,2.8418541587407917,-0.07666365975260905,0.15599776792427167,0.03791695325848898,323.3879336113353,2.787103683377836,27.84269931800805,0.18850374525756639,0.09964138403592229,0.9770045714382694,0.33923562234006227,-0.25204947114372567,0.9063058295253975,0.7929947064838513,-0.5780485836084828,-0.19240382136750178,47.76444537670933,0.4183659094373661,13.15312883366542,288.6653876997556,51.49495472875947,40.28701657047181,15.87803219589399,34.648212927127474,2.1372829611442805,-0.11900775427832422,0.12527944501839655,0.039989772804252165,340.1603424285151,20.447358998986886,27.78142974791093,0.14167159556241823,0.1780734172274092,0.9737653809248672,0.3935342545517735,-0.14198881883350659,0.9082785728071787,0.9211958953374615,-0.3239148990309352,-0.21558585435782124,47.76444537670933,0.41836590943736607,12.340837949646932,294.8063820843471,27.922511270454912,40.28701657047177,25.534082423605813,28.233193160477082,2.8418273454068297,-0.0766771821158154,0.1553763048864279,0.037891693998039,322.728893354802,3.0159099252737747,27.781429747910938,0.1888450285831865,0.10008331221156393,0.9768934874366694,0.332926792518571,-0.2533570306951255,0.9082785728071787,0.785957097742324,-0.587054500949465,-0.19400632315323552
K15VG6B,2966,48.05547487465402,0.3324521082134473,1.045102417563794,315.9663067843352,104.0927407821713,4.241557895117462,11.51902320992878,30.04288677252408,-0.33725897841905633,-0.18684948914147045,0.08015584924145021,0.0029499682344163477,60.05904756650648,64.30060546162395,32.079330941376945,-0.004441166602208253,0.0176905111939357,0.9998336470898089,0.16592925116460036,0.2880831266553469,0.9431201385531084,0.49899508228559386,0.8665120763223705,-0.01267791159015337,48.055474874653996,0.33245210821344706,0.5393016521917807,125.70375073105778,276.77380202989076,4.241557896000042,20.057828268711653,25.159765608605497,0.21541731362228572,-0.15393021038159133,0.13285411895752094,-0.0012913096183924818,42.47755276094853,46.71911065694857,32.07933094137694,0.0011101978929577954,-0.009346747303268592,0.9999557019065831,0.24519738008176284,0.22450534304689732,0.9431201385531084,0.7375062407980315,0.6752970636632278,0.007643336429753442,47.64485432484899,0.3266051605326958,1.045355447020336,316.3156826014208,104.0768352212998,4.152918784644705,11.510038274993962,30.04249576719131,-0.33704648544902316,-0.1866299549837607,0.07958976906052977,0.002949933530491048,60.392517822720606,64.54543660736532,32.083799029524776,-0.004437329408698218,0.017696026267548237,0.9998335665309787,0.16136104601262266,0.2839604615369898,0.9451608694362098,0.4939439074951636,0.8694024596975527,-0.01260076665344681,47.64485432484902,0.3266051605326965,0.5391045098659021,126.00208768132711,276.8089395383679,4.1529187852734815,20.049142405296617,25.162107008186116,0.21539050029027895,-0.15389194520559135,0.13224816784153562,-0.0012902897270063137,42.811027219695006,46.96394600496849,32.08379902952477,0.0011155218014889505,-0.009342648336306544,0.9999557342868606,0.23959724684596012,0.22195515355680417,0.9451608694362095,0.7335635265703323,0.6795782605890998,0.007611847370444718
K15VG6C,2967,48.46950429173253,0.2454778673032893,2.91066927739935,28.08756442591059,50.21981782833803,351.3702242291313,16.33049411696012,32.982574392602466,0.4349053810550226,-0.1682479517592791,0.07293257346759252,0.008946845579900381,78.30738225424862,69.67760648337992,36.571313748950395,0.03249057998578809,0.0390238439263829,0.9987099187538874,0.04974882101057011,0.2403839390305217,0.9694021955123832,0.20312791330060026,0.9788602915378497,0.02390774955072002,48.469504291732555,0.2454778673032897,2.4507809238959934,60.94472348025208,359.8140585505516,-8.629775776479255,25.509184437605725,26.50868901070673,1.1381171380599346,-0.1385507683649873,0.12034919909718823,0.005131710413307057,60.75878203080367,52.129006254324416,36.5713137489504,0.04276092887660089,-0.00013877212380980727,0.9990853235354366,0.11991287059410859,0.21419684125040703,0.969402195512383,0.48848490880575196,0.8717713287535482,0.03737973023323041,48.10193469554132,0.2403260609459192,2.917396641857999,28.96599895439672,50.25542421967715,350.7209050051553,16.321509176180406,32.98218338980375,0.43511787432518984,-0.16804088520492266,0.07237133462971358,0.008942791497166338,79.22142317407388,69.94232817922921,36.54178620628403,0.0325412962885865,0.03913419129151524,0.9987039496806936,0.04494434263757693,0.2360860470986326,0.9706922192076222,0.18749663245822623,0.9819559371489023,0.024648535754599084,48.101934695541296,0.24032606094591902,2.455453835926431,61.73810985746696,359.934777681246,-9.279094994844609,25.500498569377886,26.511030414468625,1.1380903248955323,-0.138522811204705,0.11975162932559852,0.005128425305283697,61.67288753871293,52.393792543868315,36.54178620628402,0.04284260925576661,-4.876965716943461e-05,0.9990818327112541,0.11403586932743799,0.21154771583857168,0.9706922192076222,0.47450387875315514,0.8794442012514109,0.03773547314502344
K15VG6D,2968,48.14121683276789,0.3646541205149655,1.907335765045842,157.8112151032504,217.1896117732141,23.99311037215667,13.599595251851687,31.16682614505017,-0.5530856978416392,-0.15642716507058693,0.11630590972419813,-0.006234291591223651,15.000826876464487,38.99393724862116,30.58632374809466,-0.02651466558831851,-0.020118150565271248,0.9994459627846684,0.35222747057422654,0.09438451452132059,0.9311430461489024,0.9657956164309739,0.2589996718621517,0.012569696019108104,48.14121683276783,0.36465412051496515,2.8548725784505637,126.40715743483821,230.9865392515412,23.993110372349385,22.385783702312146,25.60270651976048,0.0636683236506439,-0.11377114490334522,0.1581255086443173,-0.009372251799665882,357.39369668637937,21.386807058728778,30.586323748094642,-0.03135321982657451,-0.03869940859782269,0.9987588955201777,0.36427691252030137,-0.01658187604643834,0.9311430461489025,0.9981894567802161,-0.04484409953328666,0.0400850983517066,47.66816248936707,0.358495731190228,1.910722941912194,157.3712785713582,217.2686772970524,24.57820534273332,13.590610316652176,31.166435139825712,-0.5528732048662943,-0.1562280213314615,0.11571560013580319,-0.006228170588642375,14.639955868410595,39.218161211143915,30.579329723246826,-0.026533898016026028,-0.020190499278557556,0.9994439934258236,0.346856504682366,0.09060769526451927,0.9335313656853655,0.9674036068922706,0.25291438488232015,0.01282869016785033,47.668162489367006,0.3584957311902274,2.8591357258399817,126.0365105732235,230.9962833335672,24.578205342906216,22.377097838677443,25.60504791952431,0.06364151031789667,-0.11375979615093677,0.15750261949845376,-0.009365815695203098,357.0327939067907,21.610999249696874,30.57932972324681,-0.03139340863872322,-0.03876248954780328,0.998755186869184,0.3580151053820589,-0.018557305835951398,0.9335313656853659,0.9978770856183181,-0.05113084044201388,0.04033558173108791
K15VG6E,2969,48.23585392707418,0.2192438916573353,4.335883474092719,324.2597082472346,62.5669435708363,22.93907647482003,17.888924212634016,34.643560990180966,0.006322796197964831,-0.1452853896236127,0.09635182513526436,0.013142561141356035,26.8266518180709,49.76572829289093,37.66043759468768,0.0348313116353705,0.06710162972974372,0.9971379799292434,0.19564798504556283,0.09894316538631966,0.9756700856185695,0.8908922378202524,0.45206287974902587,-0.04416076702957467,48.23585392707417,0.21924389165733504,3.4076419002584246,343.3968552651516,25.88968270117123,22.939076474819977,27.50760867957889,27.621315126664093,0.7644494412169859,-0.10971311167041592,0.13573793631345665,0.010123800239763201,9.28653796632284,32.22561444114282,37.66043759468768,0.053473952102527145,0.025953657600128882,0.9982319089789266,0.21637040646984823,0.035379813921584236,0.9756700856185695,0.9866730616582776,0.161826458917323,-0.016984304288394775,47.83766396896925,0.2125911855124792,4.344571299666907,323.9559536397419,62.57453430912422,23.49156226569909,17.879939277413957,34.64316998497229,0.0065352891724874684,-0.1450937136065657,0.0957748896771159,0.013135694900498238,26.530487948866096,50.02205021456518,37.66779827365847,0.034892061648177486,0.06724044719061967,0.9971265046600383,0.19020465473087084,0.09495894626790868,0.9771412322906032,0.8931960475385302,0.44745272390673047,-0.04457443807828554,47.83766396896924,0.21259118551247913,3.4156627394858052,343.0438484162703,25.94660479273838,23.491562265699013,27.498922815929397,27.623656526449167,0.7644226278830085,-0.10970448279556662,0.13513005233144995,0.010117169208016051,8.990453209008649,32.482015474707666,37.66779827365846,0.053573797603104906,0.026067911739602975,0.9982235782568541,0.20997937363956506,0.03322160145955105,0.9771412322906032,0.9874877172714612,0.15673574569919052,-0.017375680076403985
K15VG6F,2970,48.02434219211041,0.318547413454235,1.567826025747148,292.8653440931895,173.3983104520955,338.8371245215989,14.795223392466152,31.51774323281427,-0.9034943239082041,-0.18436418319026066,0.051080992960402014,-0.0008087069220140176,106.26365454528502,85.10077906688394,32.726312203972554,-0.0271788955620126,0.0031455176981555425,0.9996256366032434,-0.08921168846570597,0.305800145944179,0.9479069286494411,-0.28009745929726027,0.9596404802376324,-0.02521035470805224,48.02434219211033,0.3185474134542343,1.7093542524695389,235.45738164526404,213.2041969032025,-21.16287547840319,23.64074122306671,25.576058763630204,-0.25228606630253136,-0.16023785628559542,0.1043867808919422,-0.005225254073521998,88.66157854846654,67.49870307006334,32.72631220397253,-0.024959009650152176,-0.016335329505383196,0.9995550034126357,0.0074405465949365516,0.3184605044346182,0.9479069286494414,0.02355846609604384,0.9994204731440288,-0.02457064378007267,47.69742828744157,0.3155529249035639,1.568673975757492,293.6893054741754,173.5231678032801,338.1557658819258,14.786238457246426,31.51735222760548,-0.9032818309336772,-0.18414631479757654,0.05053440006233643,-0.0008062223917663189,107.2124732774555,85.36823915938129,32.6463652809614,-0.027200385201218532,0.0030879515735262415,0.999625231574306,-0.09337716150478415,0.3014205602219326,0.9489079784598745,-0.29595471918288396,0.9548729647652261,-0.0250684134689008,47.69742828744163,0.31555292490356457,1.7126891128532813,236.3683680658035,213.24199930232336,-21.844234118076503,23.6320553594175,25.578400163415075,-0.25231287963649685,-0.16019536344082386,0.103799909872838,-0.005221597474573654,89.61036736812684,67.76613325005034,32.646365280961405,-0.024996884751042486,-0.016383685309607775,0.9995532655183609,0.0021458608301738033,0.3155456285491723,0.9489079784598743,0.0070042185533823464,0.999665785675223,-0.024884892460999765
K15VG6G,2971,48.19169879180701,0.2161970975427977,17.13740243767473,331.1972018212184,51.47206169603825,25.16111016057661,18.95573179767412,34.39329061015013,2.033382979797791,-0.13603487139591977,0.09486450816630548,0.05103626005491049,22.669263517256695,47.83037367783331,37.77279338736159,0.18354520296997998,0.23051713446757283,0.9556008629043654,0.19949478581859956,0.08332475872824993,0.9763497401106174,0.9060104293111677,0.39873567719645425,-0.1419681714683919,48.19169879180699,0.2161970975427978,16.308281758745977,335.86872048298085,29.415418258477356,25.161110160576627,28.392775124339543,27.06047885826743,2.8166749940440443,-0.10239117814522859,0.13152573628399597,0.04823368448207886,5.284138741458207,30.445248902034834,37.77279338736157,0.24460447381644196,0.1379142724570188,0.9597647132717647,0.2152783098391225,0.019910657918331243,0.9763497401106173,0.987671331352187,0.10642365644534613,-0.11480133524398221,47.8030847914445,0.2097335100219678,17.17583131938271,330.7846988806222,51.50428613711508,25.79476708414233,18.946746862454006,34.39289960494144,2.0335954727723244,-0.13584939549474487,0.0942885695752858,0.05100399574247437,22.288985017737275,48.083752101879604,37.777176028257095,0.1838144363611627,0.23112190416451595,0.9554030136024254,0.19406277812826664,0.07954736558349385,0.9777585871644724,0.9082462406516112,0.39282757495719844,-0.14413626433157628,47.8030847914445,0.20973351002196772,16.345810150238183,335.44399513948986,29.4602386643377,25.794767084142325,28.384089260689993,27.062820258052515,2.816648180710077,-0.1023874567615216,0.1309206755090373,0.04820151048156437,4.9042338038275375,30.699000887969863,37.7771760282571,0.24504381638029188,0.13841472321876008,0.9595805815303141,0.20896567180119657,0.01793023242485809,0.9777585871644724,0.9880775938596706,0.1001161728589311,-0.1169590545642547
K15VG6H,2972,48.1498835207445,0.3206480787895001,3.384606103454425,7.018465770511976,69.25373055519228,354.4959875576045,13.879214563791152,29.78944643504229,-0.143532591300277,-0.18496943344883288,0.07572613751397327,0.011816448003689825,76.27219632570426,70.76818388330878,32.710715875879565,0.02091309988477553,0.05521003342208806,0.9982557259854518,0.076092860131619,0.3114884702013661,0.9471984003199132,0.23750888926090769,0.9713585785925672,0.007213828156901717,48.14988352074449,0.3206480787895001,2.3587047166244486,31.547288053672794,27.17145606146701,-5.504012446047775,22.225039583500624,24.205206503435342,0.4689467524712636,-0.15372054075109245,0.12806342633914783,0.007584315530137253,58.7187441151398,53.214731669092025,32.71071587587956,0.03661377536523834,0.018793872278431968,0.9991527519945516,0.16649316441064846,0.27403506461021776,0.9471984003199132,0.5194419776593329,0.8542343801722967,0.02153266302650767,47.75098843224269,0.3153738575184791,3.389731718615174,7.644693172036287,69.25547538807693,354.1145607319041,13.870229629815768,29.78905542933729,-0.14332009840549265,-0.18475115938739378,0.07516302633060978,0.01181047058383194,76.90016856011322,71.01472929201731,32.691575010046044,0.020943049683975517,0.05529418327818944,0.9982504405035505,0.07147899347546513,0.3071667682185369,0.9489675073435939,0.22686609621091797,0.9738941960731609,0.007865700542882773,47.750988432242764,0.3153738575184798,2.3633259702832086,32.12142399167833,27.225335048077522,-5.885439272968028,22.21635372088953,24.207547902371296,0.4689199390861364,-0.15368241610183767,0.1274606861656029,0.0075793865760355765,59.34675903975585,53.461319766787824,32.69157501004606,0.03666774572153569,0.018865162427922855,0.9991494292998765,0.16079053021538525,0.2713062391452538,0.9489675073435937,0.5100479288429304,0.8598664815874226,0.021925877987061915
K15VG6J,2973,48.03765304982353,0.3020896625191346,3.64693459557072,185.1077741734785,200.9518541552553,19.94485165688948,15.575211192094796,31.570097032727222,-1.5241638259770527,-0.1557727161882675,0.10760462139754642,-0.009955206104904024,26.059628328733766,46.00447998562325,33.52597465179107,-0.059402359755803734,-0.02274517674504086,0.9979749578973808,0.2713784245099811,0.13270989002860753,0.9532795160912015,0.8984018102388766,0.43913792584611333,-0.005662988882494093,48.03765304982352,0.3020896625191345,4.057814588903388,162.2369090950412,206.19017052003178,19.94485165688974,24.416916953119397,25.390350724827496,-0.8517994349061664,-0.11567245271630115,0.14963301900272707,-0.013146980265275995,8.427079615073012,28.37193127196275,33.52597465179106,-0.06349808429760734,-0.03123140103960415,0.9974931543021422,0.29882805465212864,0.044271412375809484,0.9532795160912017,0.9888656365220848,0.14723684551921157,0.02158852073032791,47.59307353499943,0.2954874475476333,3.653454754775712,184.770811522139,201.0603973198272,20.40655227968323,15.566226256874735,31.569706027518507,-1.523951333002525,-0.15557401109043945,0.10702014380619079,-0.009946591177054601,25.831208841966202,46.23776112164943,33.52991771519563,-0.05946514524400859,-0.02289848046077727,0.9979677129515245,0.2659628053372346,0.12875021489443658,0.9553466220915761,0.9001423084555016,0.4355637006258707,-0.005299738248049849,47.59307353499942,0.29548744754763356,4.066506092459738,161.95423830390519,206.24433770669478,20.406552279683535,24.40823108946989,25.392692124612534,-0.8518262482401392,-0.11565982962144203,0.14901582190759496,-0.0131380141670016,8.198576010599936,28.60512829028347,33.52991771519561,-0.0636042461421941,-0.0313583290680464,0.9974824084016436,0.29246749946789163,0.04213779079655579,0.9553466220915761,0.9894349076896275,0.1433038312538238,0.02196759871251047
K15VG6K,2974,48.43965333457463,0.2087441860825795,2.323632059044825,234.709513159004,135.082428111642,34.03658241386038,20.0642427685989,35.63994446801566,-1.5989319336398533,-0.13321195335193137,0.10233494222382776,0.0008762138139071798,9.79194127064602,43.8285236845064,38.32815732512654,-0.028710091140321845,0.028627602672102202,0.999177757474596,0.20570316507069886,0.03550131128811151,0.9779702780640736,0.9849579431611775,0.16959564727895776,-0.033093301856022016,48.43965333457459,0.20874418608257905,1.176262704049998,196.41565645415253,155.77913275926903,34.036582413860565,29.925611943786954,27.91403838356681,-0.7747733859400223,-0.09606345856190279,0.1377944414982684,-0.0017710131972572631,352.1947892134216,26.231371627282158,38.328157325126526,-0.018721131843375118,0.008421807001003605,0.9997892739919452,0.20681027424917395,-0.02834864526321933,0.9779702780640737,0.9907110621823412,-0.13585998542885103,-0.005801347154733673,48.03683716639269,0.202443030812723,2.322781289441643,233.8168740365527,135.1653806431003,35.10038984325109,20.05525783337885,35.63955346280692,-1.598719440665326,-0.1330283694981573,0.1017539966098902,0.0008775690340405286,8.98225467965301,44.0826445229041,38.312114259770894,-0.02874098668428639,0.02857554567993566,0.9991783593901079,0.1999604199403262,0.03160713814835993,0.9792940412743044,0.9872691637035516,0.15565826976778163,-0.03271240518504486,48.03683716639267,0.20244303081272297,1.1776807408147056,195.451826907486,155.93324004635946,35.10038984325128,29.916926080137447,27.91637978335183,-0.7748001992739955,-0.0960639783021691,0.13718517915343686,-0.0017696717868373292,351.38506695384547,26.48545679709673,38.31211425977089,-0.018766309259557443,0.008381513453104781,0.9997887656245243,0.20015894179872812,-0.030324556759406717,0.9792940412743043,0.9886944234176401,-0.14984442525853306,-0.00547588548091209
K15VG6L,2975,48.20524785590487,0.3274392728586465,5.448479941156802,236.1275702563278,196.5021856647865,356.3142212985429,13.793108984853916,29.329430916308077,-2.3085551066762546,-0.18555715706478382,0.07890335927396978,-0.012243287391365345,72.62975592111434,68.94397721965726,32.42095654999655,-0.09103953684439631,-0.02697091704035271,0.9954819799299032,0.09775541597621921,0.31250656962296885,0.9448722255362366,0.29961072039099235,0.9507987960789203,-0.0788356873609052,48.20524785590488,0.3274392728586468,5.643262680507439,219.86035204653533,195.1119231418417,-3.6857787017387986,22.06372703879347,23.792691708122607,-1.70134372275401,-0.15265834803205333,0.13126975746536132,-0.01645528121726488,54.97227518837701,51.286496486638214,32.42095654999654,-0.0949337853958841,-0.025636296167144343,0.9951534337524233,0.18794121926237078,0.26813163840243254,0.9448722255362365,0.5747825654222697,0.8158755656801465,-0.06302431128298916,47.7947927525539,0.3219507972208943,5.456833982085072,236.5791248549905,196.6128952200416,355.9941076298859,13.784124049776976,29.329039911039658,-2.308342613692277,-0.18533848908671982,0.07833811856779166,-0.01223313888796173,73.19202007503213,69.18612770491802,32.40722112286175,-0.09112633959232531,-0.0271882751450274,0.9954681250181456,0.09309694275961836,0.3081968122482479,0.9467564017046997,0.29024656263645465,0.9536546049636138,-0.07937145147605858,47.79479275255386,0.32195079722089404,5.654226953186634,220.34364234877532,195.1907789612551,-4.005892370533708,22.05504117526205,23.7950331078075,-1.7013705360752747,-0.15262093531616355,0.13066486825952786,-0.016444097746041116,55.53442131003044,51.52852893949673,32.407221122861735,-0.09508219183349852,-0.02581682861678435,0.995134598009892,0.18219550675353838,0.26543758805035617,0.9467564017046998,0.5667363611527579,0.8214266545281774,-0.06378203648345608
K16QD3Z,3151,48.21033723314247,0.1034261862126029,12.025811428163,138.578940995901,136.2718724617054,87.91118577378454,46.353580000109986,11.562794829882112,-8.605652833795537,-0.02284669980047406,0.1400192889534163,-0.018190276693363372,274.8508134576064,2.7619992313909734,43.224125917095094,-0.15056119761661466,0.1440208835838664,0.978053838428117,0.008745879868011383,-0.10305574015948031,0.994637131825228,0.09459784765304308,-0.9859262006858662,0.1378432951599199,48.21033723314249,0.10342618621260291,10.66747874312562,134.48174882029164,122.70696134434957,87.91118577378438,47.89994775168784,-2.9797083965471423,-7.288772671546296,0.021010520419244245,0.14037955305667604,-0.017618122836862683,257.1887101646412,345.09989593842556,43.22412591709511,-0.10002219046942284,0.15575894300894566,0.9827180231818456,-0.022933788871003023,-0.10085146167757941,0.9946371318252281,-0.21136542459745972,-0.9684431293170619,0.13207029402296408,47.79032551326408,0.1045381390667143,12.04000691857781,133.7620185781226,136.3696268844416,92.63964333369705,46.34459506488987,11.562403824673453,-8.605440340821007,-0.022737087733298758,0.13941308558520635,-0.018176142248595425,270.13164546256417,2.771288796261217,42.794413818714936,-0.15098208625154277,0.14393099381688584,0.9780021874464367,0.00024019150592475525,-0.10453786312897438,0.994520878353224,0.013259890485074421,-0.9884980808749863,0.15065098542921324,47.79032551326409,0.1045381390667145,10.683095172927073,129.65798521280905,122.81121341109441,92.63964333369708,47.891261888038294,-2.9773669967620293,-7.288799484880268,0.020931532401048156,0.13976855805311003,-0.01760615997653217,252.46919862390348,345.1088419576006,42.79441381871493,-0.10045057032115369,0.15580180042457084,0.982667533760334,-0.031488817298796046,-0.0996828817032031,0.994520878353224,-0.2900036008998356,-0.9463245673184311,0.14271553788818117
K16UR3O,3207,48.35828101601848,0.2075497197366377,16.04593296001051,260.4986239277542,68.98093260258258,48.14713981033904,32.90550243878583,27.13957644612494,-6.03459088740843,-0.07165140080663435,0.13958060751960305,0.03363589453655804,329.47955653033677,17.626696340675835,38.32153334419828,0.09914160011640683,0.25801601948632236,0.9610404137260785,0.17879329365297705,-0.10540324619041472,0.9782244700666832,0.825579653382595,-0.4940634945313175,-0.27261602904483967,48.35828101601849,0.20754971973663783,14.844023623554415,264.3456612295742,47.690150958263565,48.14713981034273,39.717743508940295,15.931732447564077,-4.942240319901273,-0.027056823385154957,0.15470412323736007,0.032902966371333865,312.0358121878378,0.18295199818049923,38.32153334419828,0.17245066831024863,0.18945537522835817,0.9666268296485623,0.13897424863085983,-0.1541526658226995,0.9782244700666831,0.645035080803632,-0.7203709471360319,-0.25494203861856196,47.89910576225108,0.2026089619552391,16.07193300511321,258.740034504229,68.93731085672316,50.09669169452537,32.8965175035658,27.139185440916002,-6.034378394433951,-0.0715090776205903,0.13897469817553953,0.033615292736402076,327.6773453609522,17.77403705547755,38.194317665177174,0.09949473201061888,0.25834740714640453,0.9609148846400835,0.17121480162247263,-0.10833228129212853,0.9792597247591777,0.809278804879306,-0.5209101358960038,-0.2715150940443809,47.89910576225104,0.20260896195523914,14.870774409192073,262.5839636799761,47.64999709622478,50.09669169452878,39.70905764529075,15.934073847348897,-4.942267133235296,-0.027103594494641798,0.15408352725871918,0.032881067711762156,310.2339607762009,0.3306524707296603,38.194317665177145,0.17288740763030613,0.18966798770246726,0.9665071126089911,0.1308672148154963,-0.1546743791033741,0.9792597247591778,0.6213646520323487,-0.7410393067215864,-0.25449305510820674
K17DC1N,3212,47.57841138236883,0.2251118246349648,15.24430883223669,128.0203975389844,353.1385861981729,16.0662007855707,-31.53175845592197,19.92336843739255,4.364108990389125,-0.10925415777975633,-0.13660762578770297,-0.04051940355957202,121.15898373715731,137.225184522728,36.8679483828508,0.26105224423606965,-0.03141242539922039,0.9648134458587576,-0.11647613300964599,0.1926360403185302,0.9743329340679792,-0.5207261679703178,0.8282137387926811,0.20713826509362573,47.57841138236881,0.22511182463496493,15.96087277971336,133.25355372870433,330.51554670861896,16.066200785570643,-24.151433027244916,28.517627815992117,3.700139858673956,-0.14424466110493256,-0.09722269273586381,-0.04451024871028471,103.76910043732329,119.83530122289393,36.867948382850784,0.23936787926989356,-0.13534210230051885,0.9614497042064705,-0.05357879583687886,0.21864273650673433,0.974332934067979,-0.251828972909914,0.9468218101085847,0.2002763798001174,47.77536922139305,0.2273376380289023,15.20673165549187,128.8147813409248,353.2129909815575,15.43866967630262,-31.540743391142072,19.92297743218387,4.364321483363653,-0.10908663152458709,-0.13702842128118617,-0.04049030312365802,122.02777232248229,137.46644199878492,36.914229626642836,0.2604644261587312,-0.03099860784061814,0.9649856833226835,-0.12056403017009623,0.19273483414708495,0.9738159981923894,-0.5335544596715878,0.8206999952282936,0.20437993149240172,47.77536922139303,0.22733763802890228,15.921667810155574,134.06362465552246,330.5738966530163,15.438669676302728,-24.160118890894456,28.519969215777206,3.7001130453399833,-0.14421288762321213,-0.09767443596357164,-0.04448026153041265,104.63752130853874,120.07619098484146,36.91422962664282,0.23893252650401478,-0.13477501299083955,0.9616376363535941,-0.05744890955675283,0.21995914269541111,0.9738159981923894,-0.2662462041828723,0.9435342078803426,0.19711965228720085
K17FG1P,3213,47.60286875008427,0.1675432853363169,15.21480620092644,217.5744332589778,123.999651636194,247.4890102682095,-41.90987280593842,-27.03129098530199,13.560654378638187,0.08707832848160088,-0.10044650102336031,-0.004357809632005258,341.5740848951718,229.06309516338126,39.627327728261655,-0.14675244994708408,0.21757230781524473,0.964948708122083,0.15895386807056647,-0.05295677753311138,0.98586472070904,0.9310132383764858,-0.32803025635124494,-0.16003281190388835,47.60286875008425,0.16754328533631724,13.70756200714559,215.69140769594588,108.24081416617985,-112.51098973179059,-48.472849918728905,-13.108496124435451,12.229866239290136,0.05276787665208375,-0.12205833293503937,-0.002905153786610727,323.93222186212574,211.42123213033517,39.627327728261626,-0.0741732095924151,0.22505864997230604,0.9715178531820209,0.13542877386246815,-0.09863974691469495,0.98586472070904,0.7925390867317927,-0.5939431934041789,-0.1382507830400319,47.83391712080065,0.1634561993592926,15.21235811461039,216.3591381951976,123.9113841475391,248.6020541162554,-41.91885774115856,-27.031681990510634,13.56086687161271,0.08711426382107192,-0.10089153333883391,-0.004352946332535921,340.2705223427367,228.87257645899206,40.01516682776718,-0.14639409061184305,0.21776391360555675,0.964959920496765,0.15386082857112515,-0.055179475716897165,0.9865505921598827,0.9240571776236766,-0.34916923001550665,-0.15556086041335493,47.833917120800635,0.16345619935929234,13.704356025245673,214.48553389684577,108.14344620453122,-111.39794588374495,-48.481535782378465,-13.10615472465032,12.229839425956156,0.05266760341682341,-0.12249343019295399,-0.0029030522238516292,322.628980101377,211.23103421763204,40.01516682776718,-0.07377371186987214,0.22513271552888203,0.9715311111001709,0.1299021932892446,-0.09921365474383279,0.9865505921598827,0.7794041367107611,-0.6119933683437018,-0.13413913963300764
K19QB0K,3243,48.03154051711743,0.180820134796352,12.18879992041619,228.1634328667004,356.470008019372,112.2656151656197,52.264242665719,-5.180211502883921,-0.42172882146624957,0.033054002419399674,0.12420259209458555,0.027216839852029696,224.63344088607244,336.8990560516921,39.34647088633581,0.21073314594632994,-0.012999717691216038,0.9774571850160556,-0.12867452104269236,-0.1270385326670795,0.9835161812864235,-0.7105819925163662,-0.6858048414225822,-0.15730528088026033,48.03154051711739,0.18082013479635206,12.840892529729217,234.80408983810935,332.4043173031366,112.26561516561999,48.25112885890621,-20.726015556791047,0.9079376716009082,0.06825250940446283,0.10841546052122401,0.029108249869261187,207.20840714124597,319.47402230686595,39.34647088633578,0.19696155336896906,-0.10295011497566797,0.97499098473831,-0.16081225898501797,-0.08267610602771783,0.9835161812864235,-0.879882267919989,-0.43911635615233424,-0.1816150334071308,47.68758641016991,0.1861776713615265,12.23685602035343,226.328017971947,356.4592777440641,113.9693276444678,52.255257730498926,-5.1806025080925515,-0.4215163284917063,0.0331261473066224,0.12360698979226448,0.02720054039276476,222.78729571601104,336.75662336047884,38.8092226194729,0.2115488982095409,-0.013089809674660247,0.9772797555198872,-0.1366321625591536,-0.12646650729742473,0.9825160938561767,-0.7328655908780767,-0.6628763014872164,-0.15330699473134504,47.68758641016992,0.1861776713615264,12.888889434242397,232.94377250394714,332.4191034718596,113.96932764446802,48.24244299525672,-20.72367415700592,0.9079108582669513,0.06814185766770263,0.10782588929874648,0.029088894600387848,205.3628759758068,319.3322036202748,38.80922261947291,0.19771198198920403,-0.10327740353058149,0.9748044676230624,-0.16823256898019254,-0.07974915703582888,0.9825160938561767,-0.8943034016094686,-0.4105276001975174,-0.17801268310376187
K21L43N,3316,47.55887050289917,0.2343752741294673,7.762758069929558,206.753858369502,170.6474054279429,223.0047118996233,-39.64601217361021,-39.99413042738095,6.257854759261197,0.09601327868062748,-0.07069563471793838,0.007382153423556603,17.401263797444926,240.40597569706821,36.41224719149434,-0.13327605121773378,0.021950430537287017,0.9908358455218683,0.22364879257120596,0.0700927007947663,0.9721461983039059,0.9535633275228627,0.29499135564794965,-0.060803622396289315,47.55887050289917,0.23437527412946746,7.185958175289355,195.43024555973457,164.29319091851085,-136.99528810037654,-50.02865921971606,-26.149618419986723,4.881414678863712,0.06994237803173915,-0.09639635768218952,0.009312605501019252,359.7234364782454,222.72814837786885,36.41224719149433,-0.12041917002305504,0.033863744080662506,0.9921453876966813,0.23437254373444813,-0.001131311940720308,0.9721461983039058,0.9994226002767044,-0.006838727406945133,-0.03328209524059937,47.73086822862686,0.2294582218136682,7.744890761335319,206.7440140469021,170.4592089761238,222.9138986811055,-39.654997108830194,-39.99452143258974,6.258067252235728,0.0960432254121981,-0.07116060741013935,0.007379148068590957,17.203223023025885,240.1171217041314,36.778628079263626,-0.1328985148456417,0.02233686085093621,0.9908779185142581,0.21919265709129454,0.06786497355152153,0.9733185113014698,0.9545813263783629,0.2917135833977412,-0.06064385039700631,47.73086822862685,0.22945822181366804,7.1634500664839935,195.40380946537235,164.12196623875772,-137.0861013188947,-50.037345083365516,-26.147277020201777,4.881387865529744,0.06983059366856435,-0.09684865475703919,0.009306518168689923,359.52577570413007,222.43967438523538,36.77862807926363,-0.11994253921558724,0.034116821228028414,0.992194451605033,0.22945036233961255,-0.00189915247176205,0.9733185113014698,0.9993985094059668,-0.010270887752454827,-0.03312292652994617
