aau,laplace_ideg,laplace_Wdeg
30.0,1.7702304033422276,131.78277208784777
30.01,1.7702305936975224,131.78277798519287
30.020000000000003,1.7702307328685818,131.7827822984761
30.030000000000005,1.7702308289400939,131.78278527733303
30.040000000000006,1.770230889954502,131.78278717023053
30.050000000000008,1.7702309239115215,131.78278822447882
30.06000000000001,1.7702309387676702,131.78278868624355
30.07000000000001,1.7702309424358125,131.78278880055782
30.080000000000013,1.7702309427847103,131.78278881133417
30.090000000000014,1.7702309476385882,131.78278896137658
30.100000000000016,1.7702309647767012,131.782789492393
30.110000000000017,1.7702310019329028,131.78279064500708
30.12000000000002,1.7702310667951981,131.7827926587701
30.13000000000002,1.770231167005298,131.78279577217273
30.140000000000022,1.7702313101581566,131.78280022265662
30.150000000000023,1.7702315038015086,131.7828062466262
30.160000000000025,1.7702317554353826,131.78281407946037
30.170000000000027,1.7702320725116132,131.7828239555247
30.180000000000028,1.7702324624333252,131.782836108184
30.19000000000003,1.7702329325544166,131.78285076981663
30.20000000000003,1.770233490179022,131.78286817183425
30.210000000000033,1.7702341425610144,131.78288854472223
30.220000000000034,1.7702348969038124,131.78291211821045
30.230000000000036,1.7702357603676617,131.78293912433196
30.240000000000038,1.7702367400059003,131.78296977314216
30.25000000000004,1.7702378429279688,131.78300431578623
30.26000000000004,1.7702390760943125,131.78304296579725
30.270000000000042,1.7702404464454704,131.78308594912892
30.280000000000044,1.7702419608642173,131.7831334899034
30.290000000000045,1.7702436261768635,131.7831858112575
30.300000000000047,1.7702454491525463,131.78324313543877
30.31000000000005,1.7702474365023013,131.78330568383663
30.32000000000005,1.7702495948780401,131.78337367700092
30.33000000000005,1.7702519308714513,131.7834473346581
30.340000000000053,1.770254451012833,131.78352687572593
30.350000000000055,1.770257161769843,131.78361251832925
30.360000000000056,1.7702600695461668,131.7837044798161
30.370000000000058,1.7702631806800915,131.7838029767753
30.38000000000006,1.770266501442979,131.78390822505597
30.39000000000006,1.7702700380376188,131.78402043979003
30.400000000000063,1.7702737965964448,131.78413983541887
30.410000000000064,1.7702777831795837,131.78426662572727
30.420000000000066,1.7702820037726898,131.7844010238878
30.430000000000067,1.7702864642844867,131.78454324252436
30.44000000000007,1.7702911705438673,131.7846934938083
30.45000000000007,1.7702961282962801,131.78485198961542
30.460000000000072,1.77030134319881,131.7850189418047
30.470000000000073,1.7703068208125936,131.78519456275825
30.480000000000075,1.7703125665890913,131.78537906654444
30.490000000000077,1.7703185858398531,131.78557267178033
30.500000000000078,1.7703248836523178,131.78577561009072
30.51000000000008,1.77033146456809,131.78598815925707
30.52000000000008,1.7703383304438363,131.78621086542287
30.530000000000083,1.7703452294845397,131.78647065272077
30.540000000000084,1.7703529928078852,131.7866817698577
30.550000000000086,1.7703607553309608,131.78693492212068
30.560000000000088,1.7703688319517892,131.7871980397708
30.57000000000009,1.7703772231840857,131.78747174780915
30.58000000000009,1.7703859326857079,131.78775633056208
30.590000000000092,1.770394964504323,131.7880520176961
30.600000000000094,1.7704043226964044,131.78835902328066
30.610000000000095,1.7704140112290983,131.78867755538346
30.620000000000097,1.770424033943355,131.78900781924906
30.6300000000001,1.7704343945348988,131.7893500185778
30.6400000000001,1.7704450965413094,131.78970435611942
30.6500000000001,1.7704561433313262,131.79007103398428
30.660000000000103,1.7704675380948582,131.79045025382516
30.670000000000105,1.7704792838330259,131.79084221695595
30.680000000000106,1.7704913833479017,131.791247124437
30.690000000000108,1.7705038392317565,131.791665177143
30.70000000000011,1.770516653855678,131.79209657582103
30.71000000000011,1.7705298293574705,131.79254152114385
30.720000000000113,1.7705433676287503,131.79300021376048
30.730000000000114,1.7705572703011625,131.7934728543461
30.740000000000116,1.7705715387316512,131.79395964365204
30.750000000000117,1.770586173986714,131.79446078255606
30.76000000000012,1.7706011768255998,131.79497647211372
30.77000000000012,1.7706165476824072,131.79550691360947
30.780000000000122,1.7706322866471091,131.79605230860668
30.790000000000123,1.7706483934456205,131.7966128589943
30.800000000000125,1.770664867419217,131.79718876702373
30.810000000000127,1.770681707504112,131.79778023532486
30.820000000000128,1.7706989122130383,131.79838746687486
30.83000000000013,1.7707164796235528,131.7990106648567
30.84000000000013,1.7707344073859597,131.79965003223683
30.850000000000133,1.7707526927916812,131.80030577052648
30.860000000000134,1.7707713330624586,131.80097807563217
30.870000000000136,1.7707903267554224,131.80166711911104
30.880000000000138,1.7708096867467447,131.80237287829235
30.89000000000014,1.770829142242407,131.80309902449787
30.90000000000014,1.7708492693601785,131.8038381686305
30.910000000000142,1.770869608496103,131.80459642861672
30.920000000000144,1.77089025576755,131.80537266074282
30.930000000000145,1.7709112083361545,131.80616700238335
30.940000000000147,1.770932457657922,131.80697965435377
30.95000000000015,1.7709539931556983,131.80781083216348
30.96000000000015,1.7709758027792064,131.80866075780568
30.97000000000015,1.7709978730857074,131.80952965771434
30.980000000000153,1.7710201891965767,131.8104177622421
30.990000000000155,1.7710427347069437,131.81132530564054
31.000000000000156,1.771065491569731,131.8122525262511
31.010000000000158,1.7710884399605293,131.81319966680854
31.02000000000016,1.7711115581247774,131.81416697482055
31.03000000000016,1.771134822206753,131.81515470301034
31.040000000000163,1.7711582060589042,131.8161631098205
31.050000000000164,1.7711816810293912,131.81719245997948
31.060000000000166,1.771205215725216,131.8182430251366
31.070000000000167,1.771228775747792,131.81931508457336
31.08000000000017,1.7712523233972703,131.82040892600003
31.09000000000017,1.7712758173413017,131.8215248464499
31.100000000000172,1.771299212243222,131.8226631532846
31.110000000000174,1.7713224583437746,131.82382416532667
31.120000000000175,1.7713455009895043,131.8250082141401
31.130000000000177,1.7713682800997548,131.82621564548043
31.140000000000178,1.7713907295627909,131.82744682094392
31.15000000000018,1.7714127765498282,131.82870211984826
31.16000000000018,1.7714343407337252,131.82998194138617
31.170000000000183,1.7714553333965852,131.83128670710175
31.180000000000184,1.7714756564074812,131.83261686375175
31.190000000000186,1.7714952010478695,131.8339728866301
31.200000000000188,1.7715138466577576,131.83535528345573
31.21000000000019,1.771531459070247,131.8367645989568
31.22000000000019,1.7715478887954264,131.83820142032943
31.230000000000192,1.7715629689065688,131.8396663838245
31.240000000000194,1.7715765125720269,131.84116018283726
31.250000000000195,1.771588310165267,131.84268357808907
31.260000000000197,1.771598125874029,131.84423741090333
31.2700000000002,1.7716056937207882,131.8458226214275
31.2800000000002,1.7716107129105447,131.84744027559086
31.2900000000002,1.7716128424703472,131.84909160950676
31.300000000000203,1.7716116953495493,131.85077811428508
31.310000000000205,1.771606832966225,131.85250173328683
31.320000000000206,1.7715977649711947,131.8542654585916
31.330000000000208,1.7715839838067369,131.85607599355856
31.34000000000021,1.7715654299906984,131.85797043822257
31.35000000000021,1.771534541501837,131.85957731928767
31.360000000000213,1.7715037212286497,131.86163859197745
31.370000000000214,1.7714624027449712,131.86363474169116
31.380000000000216,1.7714111009928237,131.8656721467412
31.390000000000217,1.7713483549956093,131.86776334312802
31.40000000000022,1.7712722560663592,131.86991568512477
31.41000000000022,1.7711804411164616,131.87213638008896
31.420000000000222,1.7710699826677356,131.87443369750565
31.430000000000224,1.7709372207107728,131.87681767226022
31.440000000000225,1.7707775233050718,131.87930083157082
31.450000000000227,1.7705849439843528,131.88189914263396
31.46000000000023,1.7703517220458085,131.8846333576636
31.47000000000023,1.7700675355198145,131.88753100851926
31.48000000000023,1.7697183515641368,131.8906294701649
31.490000000000233,1.7692845964071549,131.89398083811747
31.500000000000234,1.7687381236503965,131.89766001701796
31.510000000000236,1.7680369473773525,131.9017787951056
31.520000000000238,1.7671155481690528,131.90651180292645
31.53000000000024,1.7658657033917586,131.91214798333718
31.54000000000024,1.7640949325860948,131.9192025544215
31.550000000000242,1.7614246927537442,131.92869262040537
31.560000000000244,1.7569939315710112,131.94294536340396
31.570000000000245,1.7483307873184597,131.96870986738256
31.580000000000247,1.7242765667310969,132.0371656708375
31.59000000000025,1.3508192263419296,133.36699384230292
31.60000000000025,1.8443262887440106,131.73012368020235
31.61000000000025,1.807793340798824,131.82326570260386
31.620000000000253,1.7968645100952998,131.85368057441826
31.630000000000255,1.791650550964582,131.869703585873
31.640000000000256,1.7886259180485,131.8801725356204
31.650000000000258,1.7866708524783774,131.88792852161686
31.66000000000026,1.7853183524653857,131.89416452337022
31.67000000000026,1.7843390283450449,131.89946917468043
31.680000000000263,1.783607037185054,131.90416647428813
31.690000000000264,1.7830475839185869,131.9084495073612
31.700000000000266,1.7826134225854122,131.91244052508085
31.710000000000267,1.7822732438497082,131.91622071928242
31.72000000000027,1.782005479717751,131.91984614306486
31.73000000000027,1.7817947898500943,131.9233567567272
31.740000000000272,1.7816299664200899,131.92678182982755
31.750000000000274,1.7815026314972258,131.93014330409065
31.760000000000275,1.7814063979467973,131.9334579620338
31.770000000000277,1.7813363121948254,131.93673886847785
31.78000000000028,1.7812884742522332,131.939996354317
31.79000000000028,1.7812597725258708,131.94323870360162
31.80000000000028,1.7812476949006166,131.94647264332747
31.810000000000283,1.7812501916711059,131.9497036990067
31.820000000000285,1.7812655744473649,131.95293645705763
31.830000000000286,1.781292440481225,131.95617476131022
31.840000000000288,1.7813296152561306,131.9594218621527
31.85000000000029,1.7813761083970265,131.9626805311216
31.86000000000029,1.781431079429207,131.96595314992908
31.870000000000292,1.781493810911701,131.96924178034237
31.880000000000294,1.7815636871566143,131.97254821955423
31.890000000000295,1.7816401772250279,131.97587404444138
31.900000000000297,1.781722821229474,131.97922064722874
31.9100000000003,1.781811219216543,131.98258926444566
31.9200000000003,1.7819050220800459,131.98598100060178
31.9300000000003,1.7820039240849834,131.98939684767257
31.940000000000303,1.7821076566788951,131.99283770123554
31.950000000000305,1.7822159833393216,131.9963043739102
31.960000000000306,1.7823286952606352,131.999797606613
31.970000000000308,1.7824456077250723,132.00331807803147
31.98000000000031,1.7825665570347453,132.00686641263755
31.99000000000031,1.7826913979061259,132.0104431874964
32.00000000000031,1.782820001247805,132.01404893807745
32.01000000000032,1.7829522522574488,132.01768416323384
32.020000000000316,1.783088048785833,132.02134932948573
32.030000000000314,1.783227299925359,132.02504487471973
32.04000000000032,1.7833699247880315,132.02877121139386
32.050000000000324,1.783515851444,132.0325287293247
32.06000000000032,1.7836650159966998,132.03631779811838
32.07000000000032,1.783817361774626,132.040138769298
32.080000000000325,1.7839728386230542,132.04399197817048
32.09000000000033,1.7841314022816848,132.0478777454697
32.10000000000033,1.7842930138364137,132.0517963788064
32.110000000000326,1.7844576392352374,132.05574817395132
32.12000000000033,1.7846252488598127,132.05973341597343
32.13000000000034,1.7847958171454656,132.06375238025177
32.140000000000335,1.7849693222434753,132.06780533337783
32.15000000000033,1.785145745720367,132.07189253396106
32.16000000000034,1.7853250722896599,132.0760142333506
32.17000000000034,1.7855072895721804,132.08017067628234
32.18000000000034,1.7856923878815498,132.0843621014611
32.19000000000034,1.7858803600319237,132.0885887420846
32.200000000000344,1.786071201165459,132.09285082631672
32.21000000000035,1.786264908597263,132.09714857771527
32.22000000000035,1.7864614816759414,132.1014822156196
32.230000000000345,1.7866609216580167,132.1058519555023
32.24000000000035,1.7868632315947641,132.11025800928877
32.250000000000355,1.7870684162301642,132.1147005856487
32.26000000000035,1.7872764819088174,132.11917989026136
32.27000000000035,1.7874874364928288,132.12369612605835
32.280000000000356,1.7877012892867696,132.12824949344557
32.29000000000036,1.7879180509699235,132.13284019050676
32.30000000000036,1.7881377335351274,132.13746841319005
32.31000000000036,1.7883603502335874,132.14213435547987
32.32000000000036,1.7885859155251174,132.14683820955486
32.33000000000037,1.7888144450333074,132.1515801659335
32.340000000000366,1.7890459555052003,132.15636041360872
32.350000000000364,1.7892804647750669,132.1611791401723
32.36000000000037,1.789517991731945,132.1660365319298
32.370000000000374,1.7897585562906277,132.17093277400753
32.38000000000037,1.790002179365819,132.1758680504514
32.39000000000037,1.790248882849211,132.1808425443194
32.400000000000375,1.790498689589252,132.18585643776697
32.41000000000038,1.7907516233734104,132.1909099121271
32.42000000000038,1.7910077089127492,132.19600314798498
32.430000000000376,1.79126697182865,132.2011363252477
32.44000000000038,1.7915294386415352,132.20630962320936
32.45000000000039,1.7917951367614664,132.21152322061246
32.460000000000385,1.7920640944804858,132.2167772957051
32.47000000000038,1.7923363409666122,132.22207202629485
32.48000000000039,1.7926119062593797,132.22740758979958
32.49000000000039,1.7928908212668333,132.23278416329515
32.50000000000039,1.7931731177639232,132.2382019235605
32.51000000000039,1.7934588283922002,132.24366104712
32.520000000000394,1.7937479866607717,132.24916171028408
32.5300000000004,1.7940406269484541,132.25470408918687
32.5400000000004,1.7943367845070675,132.26028835982265
32.550000000000395,1.7946364954658398,132.26591469807994
32.5600000000004,1.794939796836874,132.27158327977426
32.570000000000405,1.79524672652164,132.27729428067894
32.5800000000004,1.7955573233184714,132.28304787655486
32.5900000000004,1.795871626931033,132.28884424317866
32.600000000000406,1.7961896779777409,132.29468355636968
32.61000000000041,1.7965115180021127,132.3005659920156
32.62000000000041,1.7968371894840356,132.30649172609745
32.63000000000041,1.7971667358519325,132.3124609347132
32.64000000000041,1.7975002014958283,132.31847379410038
32.65000000000042,1.7978376317812947,132.32453048065835
32.660000000000416,1.7981790730642768,132.330631170969
32.670000000000414,1.7985245727068009,132.33677604181747
32.68000000000042,1.7988741790935585,132.34296527021155
32.690000000000424,1.7992279416493584,132.3491990334008
32.70000000000042,1.7995859108574819,132.35547750889492
32.71000000000042,1.7999481382789035,132.36180087448164
32.720000000000425,1.8003146765724316,132.36816930824395
32.73000000000043,1.8006855795157304,132.37458298857695
32.74000000000043,1.8010609020272796,132.3810420942042
32.750000000000426,1.8014407001892514,132.38754680419376
32.76000000000043,1.8018250312713475,132.39409729797367
32.77000000000044,1.8022139537555744,132.4006937553471
32.780000000000435,1.8026075273620297,132.40733635650724
32.79000000000043,1.8030058130756679,132.41402528205185
32.80000000000044,1.8034088731740976,132.4207607129976
32.81000000000044,1.8038167712564304,132.42754283079378
32.82000000000044,1.8042295722731923,132.43437181733637
32.83000000000044,1.8046473425573522,132.4412478549812
32.840000000000444,1.8050701498564619,132.44817112655758
32.85000000000045,1.8054980633659716,132.4551418153811
32.86000000000045,1.8059311537637355,132.46216010526666
32.870000000000445,1.8063694932457501,132.4692261805414
32.88000000000045,1.8068131555631486,132.47634022605703
32.890000000000455,1.8072622160605196,132.48350242720247
32.90000000000045,1.8077167517155581,132.49071296991616
32.91000000000045,1.808176841180114,132.49797204069824
32.92000000000046,1.8086425648226825,132.505279826623
32.93000000000046,1.8091140047723655,132.51263651535052
32.94000000000046,1.809591244964387,132.52004229513906
32.95000000000046,1.8100743711871894,132.5274973548568
32.96000000000046,1.8105634711311682,132.53500188399366
32.97000000000047,1.8110586344391295,132.54255607267342
32.980000000000466,1.811559952758489,132.5501601116653
32.990000000000464,1.8120675197953278,132.55781419239585
33.00000000000047,1.8125814313703275,132.56551850696076
33.010000000000474,1.8131017854766802,132.57327324813662
33.02000000000047,1.8136286823400445,132.58107860939262
33.03000000000047,1.814162224480626,132.5889347849026
33.040000000000475,1.8147025167774555,132.59684196955655
33.05000000000048,1.81524966653496,132.60480035897277
33.06000000000048,1.8158037835519192,132.61281014950956
33.070000000000476,1.8163649801928907,132.62087153827736
33.08000000000048,1.8169333714622158,132.6289847231505
33.09000000000049,1.8175090750806908,132.63714990277956
33.100000000000485,1.8180922115650457,132.6453672766032
33.11000000000048,1.818682904310304,132.65363704486066
33.12000000000049,1.8192812796751867,132.6619594086039
33.13000000000049,1.8198874670706362,132.67033456971012
33.14000000000049,1.820501599051647,132.6787627308941
33.15000000000049,1.8211238114125075,132.68724409572098
33.160000000000494,1.8217542432855935,132.69577886861896
33.1700000000005,1.8223930372439048,132.7043672548922
33.1800000000005,1.823040339407458,132.71300946073364
33.190000000000495,1.823696299553744,132.72170569323853
33.2000000000005,1.8243610712324072,132.73045616041745
33.210000000000505,1.825034811884336,132.7392610712098
33.2200000000005,1.8257176829653656,132.74812063549766
33.2300000000005,1.826409850074801,132.75703506411944
33.24000000000051,1.827111483088971,132.76600456888409
33.25000000000051,1.8278227563000466,132.77502936258514
33.26000000000051,1.8285438485603753,132.78410965901537
33.27000000000051,1.8292749434325553,132.79324567298139
33.28000000000051,1.830016229345559,132.80243762031856
33.29000000000052,1.8307678997571533,132.81168571790627
33.300000000000516,1.8315301533229307,132.82099018368328
33.310000000000514,1.8323031940722676,132.83035123666352
33.32000000000052,1.8330872315915234,132.839769096952
33.330000000000524,1.833882481214856,132.8492439857614
33.34000000000052,1.8346891642229952,132.8587761254283
33.35000000000052,1.8355075080503864,132.86836573943046
33.360000000000525,1.8363377465011081,132.87801305240413
33.37000000000053,1.837180119973979,132.8877182901615
33.38000000000053,1.8380348756973546,132.8974816797091
33.390000000000526,1.8389022679740705,132.90730344926604
33.40000000000053,1.8397825584370455,132.917183828283
33.41000000000054,1.8406760163161013,132.92712304746152
33.420000000000535,1.8415829187165875,132.93712133877398
33.43000000000053,1.8425035509103829,132.94717893548358
33.44000000000054,1.843438206639972,132.95729607216552
33.45000000000054,1.8443871884362288,132.96747298472792
33.46000000000054,1.8453508079506928,132.9777099104341
33.47000000000054,1.8463293863030634,132.98800708792487
33.480000000000544,1.847323254444761,132.9983647572415
33.49000000000055,1.8483327535394134,133.0087831598498
33.50000000000055,1.8493582353611997,133.0192625386642
33.510000000000545,1.850400062712031,133.02980313807316
33.52000000000055,1.8514586098586272,133.0404052039648
33.530000000000555,1.8525342629905779,133.0510689837538
33.54000000000055,1.8536274207006112,133.06179472640866
33.55000000000055,1.8547384944882963,133.07258268248034
33.56000000000056,1.8558679092885535,133.0834331041312
33.57000000000056,1.857016104026388,133.09434624516547
33.58000000000056,1.8581835321993994,133.10532236106053
33.59000000000056,1.8593706624896729,133.11636170899894
33.60000000000056,1.8605779794068293,133.1274645479022
33.61000000000057,1.8618059839640722,133.13863113846514
33.620000000000566,1.8630551943892386,133.14986174319188
33.630000000000564,1.864326146872985,133.1611566264329
33.64000000000057,1.8656193963563892,133.17251605442377
33.650000000000574,1.8669355173604,133.18394029532504
33.66000000000057,1.8682751048597863,133.19542961926388
33.67000000000057,1.8696387752043404,133.20698429837708
33.680000000000575,1.8710271670904128,133.21860460685642
33.69000000000058,1.8724409425859425,133.23029082099492
33.70000000000058,1.8738807882125064,133.24204321923594
33.710000000000576,1.8753474160881103,133.25386208222363
33.72000000000058,1.8768415651347121,133.26574769285602
33.73000000000059,1.8783640023548263,133.2777003363403
33.740000000000585,1.8799155241818417,133.28972030025005
33.75000000000058,1.881496957909098,133.30180787458605
33.76000000000059,1.883109163203086,133.31396335183882
33.77000000000059,1.8847530337066642,133.32618702705483
33.78000000000059,1.8864294987385228,133.3384791979052
33.79000000000059,1.888139525095818,133.35084016475827
33.800000000000594,1.8898841189672284,133.3632702307553
33.8100000000006,1.8916643279645102,133.37576970189005
33.8200000000006,1.8934812432811565,133.38833888709232
33.830000000000595,1.8953360019875387,133.40097809831565
33.8400000000006,1.8972297894727197,133.4136876506299
33.850000000000605,1.8991638420439694,133.4264678623181
33.8600000000006,1.9011394496960277,133.43931905497894
33.8700000000006,1.903157959063159,133.45224155363462
33.88000000000061,1.905220776568254,133.46523568684458
33.89000000000061,1.9073293717844741,133.47830178682565
33.90000000000061,1.9094852810263863,133.49144018957887
33.91000000000061,1.9116901111890792,133.50465123502357
33.92000000000061,1.9139455438554336,133.51793526713945
33.93000000000062,1.9162533396937196,133.53129263411682
33.940000000000616,1.9186153431696982,133.54472368851575
33.950000000000614,1.9210334875997945,133.55822878743533
33.96000000000062,1.9235098005745421,133.5718082926928
33.970000000000624,1.9260464097842478,133.5854625710142
33.98000000000062,1.9286455492822419,133.59919199423703
33.99000000000062,1.931309566224443,133.61299693952594
34.000000000000625,1.9340409281280833,133.62687778960262
34.01000000000063,1.9368422306968787,133.64083493299046
34.02000000000063,1.9397162062648408,133.65486876427627
34.030000000000626,1.9426657329166208,133.66897968438937
34.04000000000063,1.9456938443484282,133.68316810090025
34.05000000000064,1.9488037405406622,133.69743442833976
34.060000000000635,1.95199879932133,133.7117790885417
34.07000000000063,1.955282588908138,133.72620251100935
34.08000000000064,1.9586588815273853,133.74070513330952
34.09000000000064,1.9621316682189502,133.75528740149545
34.10000000000064,1.9657051749498287,133.76994977056202
34.11000000000064,1.9693838801730028,133.78469270493528
34.120000000000644,1.9731725339853143,133.79951667900062
34.13000000000065,1.9770761790568183,133.81442217767218
34.14000000000065,1.9811001735256195,133.8294096970081
34.150000000000645,1.9852502160771688,133.8444797448757
34.16000000000065,1.9895323734548782,133.85963284167184
34.170000000000655,1.9939531106817543,133.87486952110322
34.18000000000065,1.9985193243097519,133.89019033103358
34.19000000000065,2.0032383790570236,133.90559583440415
34.20000000000066,2.008118148242469,133.9210866102349
34.21000000000066,2.013167058484949,133.93666325471528
34.22000000000066,2.018394139201453,133.952326382394
34.23000000000066,2.0238090775160424,133.96807662747875
34.24000000000066,2.029422279282584,133.9839146452577
34.25000000000067,2.0352449370304533,133.99984111365677
34.260000000000666,2.0412891057670826,134.01585673494793
34.270000000000664,2.047567787718421,134.03196223762637
34.28000000000067,2.054095027260981,134.0481583784759
34.290000000000674,2.0608860175053714,134.06444594484594
34.30000000000067,2.0679572202339567,134.08082575716517
34.31000000000067,2.075326501186905,134.0972986717221
34.320000000000675,2.0830132830373733,134.1138655837451
34.33000000000068,2.0910387188152777,134.1305274308223
34.34000000000068,2.099425889040403,134.14728519670402
34.350000000000676,2.1082000264353065,134.1641399155406
34.36000000000068,2.11738877282694,134.18109267661373
34.37000000000069,2.1270224737477768,134.19814462963083
34.380000000000685,2.137134517353107,134.2152969906624
34.39000000000068,2.147761725631471,134.232551048815
34.40000000000069,2.158944807558862,134.24990817366137
34.41000000000069,2.1707288860349974,134.26736982416926
34.42000000000069,2.18316411273805,134.28493755743847
34.43000000000069,2.1963063889772183,134.30261304049105
34.440000000000694,2.210218213988789,134.32039806225777
34.4500000000007,2.224969688081973,134.3382945478512
34.4600000000007,2.2406397045335114,134.3563045748105
34.470000000000695,2.2573173730239704,134.37443039176358
34.4800000000007,2.27510372884915,134.39267443993694
34.490000000000705,2.2941137971605636,134.41103937803453
34.5000000000007,2.3144791013580472,134.42952811111758
34.5100000000007,2.336350731276787,134.44814382425767
34.52000000000071,2.35990312255244,134.46689002190973
34.53000000000071,2.3853387472158882,134.4857705741734
34.54000000000071,2.4128939825759894,134.5047897713907
34.55000000000071,2.4428465188088384,134.52395238888866
34.56000000000071,2.4755247974285033,134.5432637641363
34.57000000000072,2.511320161353764,134.56272988918562
34.580000000000716,2.5507026711656167,134.58235752205098
34.590000000000714,2.5942419465697544,134.60215432171367
34.60000000000072,2.642635000035001,134.62212901281382
34.610000000000724,2.696743961639894,134.642291587936
34.62000000000072,2.7576480544054327,134.66265355789875
34.63000000000072,2.82671652275751,134.68322826388504
34.640000000000725,2.9057130794809507,134.70403127000856
34.65000000000073,2.9969489982069395,134.72508086158436
34.66000000000073,3.103513511068222,134.74639868387274
34.67000000000073,3.2296312439762263,134.76801056977925
34.68000000000073,3.3812366928938298,134.78994762510837
34.69000000000074,3.566936839523445,134.81224766998776
34.700000000000735,3.7997067554210986,134.83495718073144
34.71000000000073,4.100064219335223,134.85813394729433
34.72000000000074,4.502485172775182,134.88185077410648
34.73000000000074,5.06971389544393,134.9062007356847
34.74000000000074,5.929239483478041,134.93130480645456
34.75000000000074,7.386026433230893,134.95732321796916
34.760000000000744,10.398046963092908,134.98447285627597
34.77000000000075,20.409169801000683,135.01305481168447
34.78000000000075,,315.0434997375748
34.790000000000745,13.098536604460204,315.07644607105976
34.80000000000075,6.009986009428561,315.11288270591
34.810000000000755,3.5120612787942,315.15442793950984
34.82000000000075,2.2333599588907345,315.2039253002218
34.83000000000075,1.4559377351905436,315.2668743036768
34.84000000000076,0.933217343568537,315.35547702861214
34.85000000000076,0.5575985085612626,315.5033251405113
34.86000000000076,0.27462251173057484,315.8488320235938
34.87000000000076,0.05381882378384388,318.492689871126
34.88000000000076,0.12350937031450994,133.83259254074153
34.89000000000077,0.2688185607227979,134.62210732698816
34.900000000000766,0.3901683027496842,134.84683042835456
34.910000000000764,0.4930343458010176,134.96250078118965
34.92000000000077,0.581346533015681,135.03852326810392
34.930000000000774,0.6579949196284295,135.09575537041502
34.94000000000077,0.7251520199806074,135.14263682972737
34.95000000000077,0.7844824268983216,135.18323383674198
34.960000000000775,0.8372830397131767,135.2197472540222
34.97000000000078,0.884579274303442,135.2534723049049
34.98000000000078,0.9271925686020384,135.2852210442301
34.99000000000078,0.965788700292465,135.3155285178761
35.00000000000078,1.0009129914360153,135.34476166505362
35.01000000000079,1.0330163721605452,135.37318059014282
35.020000000000785,1.0624749575571804,135.40097485688156
35.03000000000078,1.0896049462864958,135.4282859284007
35.04000000000079,1.1146740952410674,135.45522155384728
35.05000000000079,1.1379106544287374,135.48186528325536
35.06000000000079,1.1595103945905942,135.50828293252385
35.07000000000079,1.1796421862257227,135.53452708120986
35.080000000000794,1.1984524668172438,135.56064026777833
35.0900000000008,1.2160688464420444,135.58665730212834
35.1000000000008,1.232603039608652,135.61260696738128
35.110000000000795,1.2481532657791075,135.63851329117819
35.1200000000008,1.2628062276163312,135.66439650839678
35.130000000000805,1.276638751151879,135.69027379927738
35.1400000000008,1.2897191534152477,135.71615986179955
35.1500000000008,1.3021083889348277,135.7420673601668
35.16000000000081,1.3138610157293817,135.76800727959844
35.17000000000081,1.3250260130991636,135.79398920949723
35.18000000000081,1.3356474770814761,135.8200215713141
35.19000000000081,1.3457652144023513,135.8461118033158
35.20000000000081,1.3554152517976092,135.87226651147515
35.21000000000082,1.3646302744459669,135.8984915935169
35.220000000000816,1.3734400047639201,135.9247923415329
35.230000000000814,1.3818715308169371,135.95117352736506
35.24000000000082,1.3899495919962213,135.97763947404243
35.250000000000824,1.3976968283106994,136.00419411586003
35.26000000000082,1.4051339985886178,136.03084104915308
35.27000000000082,1.4122801720202396,136.05758357540688
35.280000000000825,1.4191528967408495,136.08442473794688
35.29000000000083,1.4257683487694672,136.11136735378247
35.30000000000083,1.4321414634398497,136.1384140399456
35.31000000000083,1.4382860524527445,136.16556723757216
35.32000000000083,1.4442149076032516,136.1928292317656
35.33000000000084,1.449939893350977,136.22020216924733
35.340000000000835,1.4554720294691883,136.24768807368136
35.35000000000083,1.4608215650110439,136.27528885907773
35.36000000000084,1.4659980446386673,136.30300634154958
35.37000000000084,1.4710103682196773,136.33084224965674
35.38000000000084,1.4758668444750636,136.3587982335301
35.39000000000084,1.4805752393599754,136.38687587294288
35.400000000000844,1.4851428197708003,136.41507668446707
35.41000000000085,1.4895763930972559,136.44340212783644
35.42000000000085,1.4938823430728978,136.47185361161544
35.430000000000845,1.4980666623221763,136.50043249826325
35.44000000000085,1.5021349819537366,136.529140108666
35.450000000000855,1.5060925985080957,136.55797772620278
35.46000000000085,1.509944498531626,136.58694660040084
35.47000000000085,1.5136953810172675,136.61604795022785
35.48000000000086,1.5173496779248894,136.6452829670636
35.49000000000086,1.5209115729704714,136.67465281738697
35.50000000000086,1.524385018852032,136.7041586452104
35.51000000000086,1.527773753062118,136.73380157428986
35.52000000000086,1.5310813124202163,136.76358271013396
35.53000000000087,1.5343110464444947,136.7935031418342
35.540000000000866,1.5374661296696124,136.82356394373508
35.550000000000864,1.540549573006219,136.8537661769603
35.56000000000087,1.5435642342280957,136.8841108908105
35.570000000000874,1.5465128276640778,136.91459912404446
35.58000000000087,1.549397933164306,136.94523190605645
35.59000000000087,1.5522220044033628,136.9760102579591
35.600000000000875,1.5549873765769162,137.00693519358123
35.61000000000088,1.5576962735428441,137.0380077203887
35.62000000000088,1.5603508144532074,137.06922884033568
35.63000000000088,1.5629530199188457,137.1005995506527
35.64000000000088,1.5655048177446271,137.13212084457712
35.65000000000089,1.5680080482698835,137.16379371203172
35.660000000000885,1.5704644693453527,137.1956191402555
35.67000000000088,1.5728757609752184,137.22759811439147
35.68000000000089,1.5752435296502874,137.25973161803486
35.69000000000089,1.5775693123959338,137.29202063374504
35.70000000000089,1.5798545805566429,137.32446614352483
35.71000000000089,1.5821007433368395,137.35706912926958
35.720000000000894,1.5843091511161977,137.3898305731886
35.7300000000009,1.586481098555964,137.42275145820093
35.7400000000009,1.588617827511625,137.4558327683086
35.750000000000895,1.5907205297657863,137.48907548894786
35.7600000000009,1.5927903495941214,137.52248060732126
35.770000000000906,1.5948283861762196,137.5560491127113
35.7800000000009,1.5968356958621386,137.5897819967781
35.7900000000009,1.5988132943046558,137.62368025384103
35.80000000000091,1.6007621584664737,137.6577448811468
35.81000000000091,1.6026832285108146,137.69197687912447
35.82000000000091,1.6045774095832872,137.72637725162812
35.83000000000091,1.6064455734922647,137.76094700616915
35.84000000000091,1.6082885602944479,137.79568715413757
35.85000000000092,1.6101071797918447,137.83059871101437
35.860000000000916,1.61190221294589,137.86568269657513
35.870000000000914,1.6136744132140433,137.90094013508536
35.88000000000092,1.615424507813739,137.93637205548833
35.890000000000924,1.617153198918368,137.97197949158647
35.90000000000092,1.6188611647894426,138.00776348221572
35.91000000000092,1.6205490608489512,138.0437250714145
35.920000000000925,1.6222175206955727,138.07986530858705
35.93000000000093,1.6238671570681389,138.11618524866134
35.94000000000093,1.6254985627595613,138.1526859522429
35.95000000000093,1.6271123114841834,138.18936848576396
35.96000000000093,1.6287089587013,138.22623392162882
35.97000000000094,1.6302890423974457,138.26328333835482
35.980000000000935,1.6318530838298446,138.30051782071084
35.99000000000093,1.6334015882333002,138.33793845985204
36.00000000000094,1.6349350454925804,138.37554635345188
36.01000000000094,1.6364539307823012,138.41334260583122
36.02000000000094,1.6379587051761222,138.45132832808503
36.03000000000094,1.6394498162270013,138.48950463820708
36.040000000000944,1.640927698520104,138.52787266121229
36.05000000000095,1.64239277419985,138.5664335292567
36.06000000000095,1.643845453472583,138.6051883817565
36.070000000000945,1.6452861350861328,138.644138365505
36.08000000000095,1.6467152067875326,138.6832846347881
36.090000000000956,1.648133045760064,138.7226283514981
36.10000000000095,1.649540019040743,138.76217068524707
36.11000000000095,1.6509364839192684,138.8019128134784
36.12000000000096,1.652322788319393,138.84185592157777
36.13000000000096,1.6536992711636622,138.8820012029828
36.14000000000096,1.6550662627223425,138.92234985929198
36.15000000000096,1.6564240849474146,138.96290310037364
36.16000000000096,1.657773051792308,139.00366214447303
36.17000000000097,1.6591134695181797,139.04462821831993
36.180000000000966,1.6604456369873564,139.08580255723479
36.190000000000964,1.6617698459446324,139.12718640523582
36.20000000000097,1.6630863812869754,139.16878101514413
36.210000000000974,1.664395521322255,139.21058764869002
36.22000000000097,1.665697538017513,139.25260757661806
36.23000000000097,1.6669926972372897,139.2948420787927
36.240000000000975,1.6682812589724896,139.33729244430333
36.25000000000098,1.6695634775602326,139.37995997156952
36.26000000000098,1.6708396018951506,139.42284596844624
36.27000000000098,1.6721098756324975,139.46595175232912
36.28000000000098,1.6733745373834998,139.5092786502598
36.29000000000099,1.6746338209032785,139.55282799903134
36.300000000000985,1.6758879552717254,139.59660114529413
36.31000000000098,1.6771371650676246,139.64059944566145
36.32000000000099,1.6783816705363814,139.68482426681618
36.33000000000099,1.679621687751585,139.72927698561656
36.34000000000099,1.6808574287707665,139.7739589892036
36.35000000000099,1.6820891017855615,139.81887167510797
36.360000000000994,1.6833169112665527,139.86401645135768
36.370000000001,1.6845410581030251,139.90939473658585
36.380000000001,1.68576173973956,139.9550079600175
36.390000000000995,1.68697915029793,140.0008575621878
36.400000000001,1.6881934807197077,140.04694499383274
36.410000000001006,1.6894049188711275,140.09327171721785
36.420000000001004,1.6906136496690447,140.1398392056393
36.430000000001,1.6918198551929835,140.18664894365702
36.44000000000101,1.6930237147951663,140.23370242720642
36.45000000000101,1.6942254052070078,140.28100116371053
36.46000000000101,1.6954251006422492,140.3285466721932
36.47000000000101,1.6966229728968674,140.37634048339302
36.48000000000101,1.69781919144588,140.42438413987716
36.49000000000102,1.6990139235372246,140.4726791961568
36.500000000001016,1.7002073342828063,140.5212272188029
36.510000000001014,1.7013995867468519,140.57002978656274
36.52000000000102,1.7025908420316842,140.61908849047742
36.530000000001024,1.703781259361018,140.66840493399968
36.54000000000102,1.704970996160911,140.71798073311297
36.55000000000102,1.7061602081384495,140.7678175164513
36.560000000001025,1.707349049358279,140.81791692541975
36.57000000000103,1.708537672317059,140.86828061431595
36.58000000000103,1.7097262280159524,140.91891025045203
36.59000000000103,1.7109148660312272,140.9698075142783
36.60000000000103,1.7121037345830532,141.02097409950713
36.61000000000104,1.7132929806025572,141.07241171323767
36.620000000001035,1.71448274979725,141.12412207608207
36.63000000000103,1.715673186714867,141.17610692229223
36.64000000000104,1.7168644348056943,141.22836799988747
36.65000000000104,1.718056636483472,141.2809070707833
36.66000000000104,1.71924993318491,141.3337259109211
36.67000000000104,1.7204444654279025,141.38682631039904
36.680000000001044,1.721640372868483,141.44021007360334
36.69000000000105,1.7228377943565891,141.4938790193414
36.70000000000105,1.7240368679906897,141.547834980975
36.710000000001045,1.7252377311713274,141.6020798065556
36.72000000000105,1.726440520653629,141.65661535895958
36.730000000001056,1.7276453725988319,141.7114435160254
36.740000000001054,1.7288524226248756,141.76656617069136
36.75000000000105,1.730061805856108,141.8219852311343
36.76000000000106,1.7312736569721476,141.8777026209101
36.77000000000106,1.732488110255944,141.93372027909427
36.78000000000106,1.7337052996410793,141.9900401604244
36.79000000000106,1.7349253587583653,142.0466642354434
36.80000000000106,1.7361484209817422,142.10359449064376
36.81000000000107,1.7373746194735584,142.1608329286134
36.820000000001066,1.73860408722923,142.21838156818163
36.830000000001064,1.7398369571213559,142.27624244456774
36.84000000000107,1.741073361943279,142.33441760952928
36.850000000001074,1.74231343445216,142.39290913151225
36.86000000000107,1.7435573074115933,142.4517190958023
36.87000000000107,1.7448051136337774,142.51084960467708
36.880000000001075,1.7460569860213033,142.57030277755985
36.89000000000108,1.7473130576085447,142.63008075117386
36.90000000000108,1.7485734616027366,142.69018567969837
36.91000000000108,1.7498383314247268,142.75061973492558
36.92000000000108,1.7511078007494456,142.81138510641892
36.93000000000109,1.752382003546126,142.87248400167223
36.940000000001085,1.7536610741182888,142.93391864627029
36.95000000000108,1.7549451471435384,142.99569128405082
36.96000000000109,1.7562343577131714,143.0578041772673
36.97000000000109,1.757528841371641,143.12025960675274
36.98000000000109,1.7588287341559006,143.1830598720854
36.99000000000109,1.7601341726346416,143.24620729175498
37.000000000001094,1.7614452939474732,143.30970420333082
37.0100000000011,1.7627622358440243,143.37355296362995
37.0200000000011,1.7640851367230461,143.4377559488879
37.030000000001095,1.7654141356715007,143.50231555492968
37.0400000000011,1.766749372503666,143.56723419734217
37.050000000001106,1.7680909878002966,143.6325143116481
37.060000000001104,1.7694391229478337,143.6981583534803
37.0700000000011,1.7707939201777245,143.7641687987584
37.08000000000111,1.7721555226058403,143.8305481438656
37.09000000000111,1.7735240742720253,143.8972989058272
37.10000000000111,1.7748997201798136,143.96442362249
37.11000000000111,1.7762826063363206,144.03192485270333
37.12000000000111,1.777672879792331,144.0998051765008
37.13000000000112,1.7790706886826027,144.168067195283
37.140000000001116,1.7804761822664368,144.23671353200214
37.150000000001114,1.7818895109684956,144.30574683134734
37.16000000000112,1.78331082641991,144.3751697599307
37.170000000001124,1.7847402814997075,144.4449850064754
37.18000000000112,1.7861780303765598,144.5151952820038
37.19000000000112,1.7876242285508956,144.58580332002748
37.200000000001125,1.7890790328973925,144.65681187673852
37.21000000000113,1.790542601707846,144.72822373120067
37.22000000000113,1.7920150947344902,144.80004168554277
37.23000000000113,1.7934966732337445,144.87226856515286
37.24000000000113,1.7949875000104318,144.94490721887314
37.25000000000114,1.7964877394624839,145.01796051919573
37.260000000001135,1.797997557626163,145.09143136246016
37.27000000000113,1.7995171222218307,145.16532266905133
37.28000000000114,1.8010466027002594,145.23963738359848
37.29000000000114,1.8025861702895305,145.3143784751746
37.30000000000114,1.8041359980425649,145.3895489374983
37.31000000000114,1.805696260885256,145.46515178913455
37.320000000001144,1.8072671356652885,145.54119007369786
37.33000000000115,1.8088488012016113,145.61766686005524
37.34000000000115,1.8104414383346579,145.69458524253068
37.350000000001145,1.8120452299772736,145.7719483411103
37.36000000000115,1.8136603611664115,145.84975930164762
37.370000000001156,1.8152870191156358,145.92802129607057
37.380000000001154,1.8169253932684062,146.00673752258785
37.39000000000115,1.8185756753522586,146.08591120589776
37.40000000000116,1.8202380594338072,146.1655455973956
37.41000000000116,1.8219127419746854,146.24564397538313
37.42000000000116,1.823599921888408,146.32620964527803
37.43000000000116,1.825299800598196,146.40724593982387
37.44000000000116,1.8270125820957923,146.48875621930037
37.45000000000117,1.8287384730013163,146.5707438717345
37.460000000001166,1.8304776826241538,146.65321231311128
37.470000000001164,1.8322304230249626,146.73616498758565
37.48000000000117,1.8339969090787935,146.81960536769424
37.490000000001174,1.8357773585393535,146.90353695456682
37.50000000000117,1.837571992104487,146.9879632781386
37.51000000000117,1.8393810334828917,147.072887897363
37.520000000001176,1.841204709462067,147.15831440042297
37.53000000000118,1.8430432499776004,147.2442464049434
37.54000000000118,1.8448968881837902,147.33068755820338
37.55000000000118,1.8467658605256505,147.41764153734826
37.56000000000118,1.8486504068123353,147.50511204960068
37.57000000000119,1.8505507702920407,147.5931028324725
37.580000000001185,1.852467197728399,147.68161765397508
37.59000000000118,1.8543999394784585,147.7706603128307
37.60000000000119,1.856349249572224,147.86023463868167
37.61000000000119,1.858315385793869,147.95034449230002
37.62000000000119,1.8602986097646281,148.0409937657959
37.63000000000119,1.8622991870274377,148.1321863828254
37.640000000001194,1.864317387133374,148.2239262987979
37.6500000000012,1.8663534837299136,148.316217501081
37.6600000000012,1.868407754651115,148.40906400920613
37.670000000001195,1.870480482009738,148.5024698750716
37.6800000000012,1.8725719522913808,148.59643918314532
37.690000000001206,1.8746824564506692,148.69097605066526
37.700000000001204,1.8768122900095785,148.78608462783873
37.7100000000012,1.8789617531579568,148.88176909804073
37.72000000000121,1.8811311508562558,148.97803367800864
37.73000000000121,1.883320792940624,149.07488261803724
37.74000000000121,1.8855309942303462,149.17232020216994
37.75000000000121,1.8877620746377533,149.2703507483892
37.76000000000121,1.8900143592806369,149.36897860880345
37.77000000000122,1.892288178597263,149.4682081698322
37.780000000001216,1.8945838684640504,149.56804385238834
37.790000000001214,1.8969017703160145,149.6684901120583
37.80000000000122,1.8992422312699988,149.76955143927802
37.810000000001224,1.9016056042508462,149.87123235950705
37.82000000000122,1.903992248120546,149.9735374333988
37.83000000000122,1.9064025278104666,150.0764712569674
37.840000000001226,1.908836814456765,150.18003846175154
37.85000000000123,1.9112954855390287,150.2842437149731
37.86000000000123,1.9137789250223192,150.38909171969354
37.87000000000123,1.9162875235026402,150.49458721496492
37.88000000000123,1.9188216783559795,150.6007349759771
37.89000000000124,1.9213817938910207,150.70753981420015
37.900000000001235,1.9239682815056012,150.81500657752144
37.91000000000123,1.926581559847106,150.9231401503792
37.92000000000124,1.929222054976813,151.031945453889
37.93000000000124,1.931890200538395,151.14142744596603
37.94000000000124,1.9345864379306479,151.25159112144084
37.95000000000124,1.9373112164846116,151.36244151216985
37.960000000001244,1.9400649936451926,151.47398368713934
37.97000000000125,1.9428482351574028,151.586222752562
37.98000000000125,1.945661415257428,151.69916385196825
37.990000000001245,1.9485050168685956,151.81281216628955
38.00000000000125,1.9513795318024507,151.9271729139351
38.010000000001256,1.9542854609650202,152.04225135085906
38.020000000001254,1.9572233145685445,152.1580527706227
38.03000000000125,1.9601936123487211,152.27458250444573
38.04000000000126,1.9631968837877298,152.39184592125088
38.05000000000126,1.9662336683431358,152.50984842769802
38.06000000000126,1.969304515682927,152.62859546821022
38.07000000000126,1.9724099859268465,152.74809252498994
38.08000000000126,1.9755506498942068,152.86834511802493
38.09000000000127,1.9787270893584077,152.9893588050841
38.100000000001266,1.9819398973083664,153.11113918170233
38.110000000001264,1.9851896782171146,153.2336918811556
38.12000000000127,1.9884770483177028,153.35702257442264
38.130000000001274,1.9918026358867345,153.48113697013557
38.14000000000127,1.9951670815357523,153.60604081451896
38.15000000000127,1.9985710385107294,153.73173989131573
38.160000000001276,2.0020151729998834,153.85824002169886
38.17000000000128,2.0055001644501766,153.98554706417127
38.18000000000128,2.009026705892709,154.11366691445028
38.19000000000128,2.0125955042773485,154.24260550533864
38.20000000000128,2.016207280816854,154.37236880657935
38.21000000000129,2.0198627713408626,154.50296282469586
38.220000000001285,2.0235627266600384,154.63439360281643
38.23000000000128,2.0273079129407185,154.76666722048088
38.24000000000129,2.031099112090446,154.89978979343195
38.25000000000129,2.0349371221547043,155.03376747338731
38.26000000000129,2.038822757725286,155.16860644779453
38.27000000000129,2.042756850360682,155.30431293956758
38.280000000001294,2.0467402490188773,155.44089320680317
38.2900000000013,2.050773820502999,155.57835354247777
38.3000000000013,2.0548584499202667,155.7167002741237
38.310000000001295,2.0589950411547426,155.85593976348565
38.3200000000013,2.0631845173542582,155.99607840615306
38.330000000001306,2.067427821432147,156.13712263117225
38.340000000001304,2.071725916584217,156.27907890063457
38.3500000000013,2.076079786821541,156.42195370924105
38.36000000000131,2.0804904375196376,156.56575358384322
38.37000000000131,2.0849588959845726,156.7104850829574
38.38000000000131,2.0894862120367046,156.85615479625557
38.39000000000131,2.0940734586125807,157.00276934402763
38.40000000000131,2.0987217323857483,157.15033537661773
38.41000000000132,2.103432154407119,157.29885957383212
38.420000000001316,2.1082058707656266,157.44834864431823
38.430000000001314,2.113044053269946,157.59880932491527
38.44000000000132,2.117947900152011,157.7502483799733
38.450000000001324,2.1229186367931754,157.90267260064172
38.46000000000132,2.127957516473875,158.05608880412578
38.47000000000132,2.1330658211477003,158.21050383291134
38.480000000001326,2.138244862240719,158.3659245539546
38.49000000000133,2.1434959814771193,158.52235785783844
38.50000000000133,2.148820551732128,158.67981065789306
38.51000000000133,2.154219977913284,158.83828988928138
38.52000000000133,2.1596956978711273,158.99780250804616
38.53000000000134,2.1652491833404994,159.15835549011982
38.540000000001335,2.170881940913656,159.31995583029604
38.55000000000133,2.1765955130464074,159.48261054116062
38.56000000000134,2.1823914790986585,159.64632665198286
38.57000000000134,2.188271456410638,159.81111120756324
38.58000000000134,2.194237101416396,159.97697126704188
38.59000000000134,2.2002901107959136,160.14391390266042
38.600000000001344,2.206432222667497,160.31194619848094
38.61000000000135,2.212665217822102,160.4810752490597
38.62000000000135,2.218990921001233,160.65130815807257
38.630000000001345,2.2254112022203936,160.8226520368967
38.64000000000135,2.231927978139749,160.99511400313958
38.650000000001356,2.2385432134842023,161.16870117912188
38.660000000001354,2.245258922514818,161.34342069030794
38.67000000000135,2.2520771705538905,161.5192796636868
38.68000000000136,2.259000075565836,161.69628522609915
38.69000000000136,2.2660298097963496,161.8744445025108
38.70000000000136,2.2731686014724386,162.0537646142338
38.71000000000136,2.2804187365658377,162.23425267709027
38.72000000000136,2.2877825606226514,162.41591579952038
38.73000000000137,2.2952624806621533,162.59876108063264
38.740000000001366,2.3028609671477915,162.78279560819632
38.750000000001364,2.3105805560336825,162.96802645657522
38.76000000000137,2.3184238508898214,163.1544606845984
38.770000000001374,2.3263935251097996,163.34210533337261
38.78000000000137,2.334492324204639,163.53096742403113
38.79000000000137,2.3427230681866806,163.72105395541854
38.800000000001376,2.351088654047838,163.91237190171367
38.81000000000138,2.3595920583363252,164.10492820998354
38.82000000000138,2.368236339836944,164.29872979767813
38.83000000000138,2.3770246423590873,164.49378355004913
38.84000000000138,2.3859601976383904,164.69009631750953
38.85000000000139,2.39504632835677,164.88767491291864
38.860000000001385,2.404286451287046,165.08652610880202
38.87000000000138,2.413684080567803,165.28665663449797
38.88000000000139,2.423242831115268,165.4880731732381
38.89000000000139,2.432966422178285,165.69078235914807
38.90000000000139,2.4428586810442927,165.8947907741847
38.91000000000139,2.452923546903209,166.10010494499588
38.920000000001394,2.4631650748774154,166.3067313397079
38.9300000000014,2.4735874402261757,166.51467636463892
38.9400000000014,2.4841949427334318,166.7239463609377
38.950000000001396,2.494992011288405,166.93454760114895
38.9600000000014,2.505983208668867,167.14648628570143
38.970000000001406,2.5171732365377855,167.3597685393217
38.980000000001404,2.5285669406644837,167.5744004073719
38.9900000000014,2.5401693163822596,167.79038785211216
39.00000000000141,2.5519855142949672,168.00773674888546
39.01000000000141,2.5640208462460805,168.22645288222748
39.02000000000141,2.5762807915644643,168.4465419419012
39.03000000000141,2.588771003601723,168.66800951885207
39.04000000000141,2.6014973165777295,168.8908611010934
39.05000000000142,2.614465752750658,169.11510206950842
39.060000000001416,2.6276825299305235,169.34073769358469
39.070000000001414,2.641154069354987,169.5677731270693
39.08000000000142,2.6548870039483243,169.79621340355152
39.090000000001424,2.6688881869854852,170.0260634319721
39.10000000000142,2.683164701184608,170.2573279920588
39.11000000000142,2.697723868253182,170.49001172969253
39.120000000001426,2.7125732589143987,170.72411915220238
39.13000000000143,2.727720703441751,170.9596546235843
39.14000000000143,2.7431743027337014,171.1966223596657
39.15000000000143,2.758942439959213,171.43502642319035
39.16000000000143,2.775033792810143,171.6748707188431
39.17000000000144,2.7914573463974524,171.91615898821107
39.180000000001435,2.8082224068309913,172.15889480468107
39.19000000000143,2.825338615526,172.4030815682805
39.20000000000144,2.8428159642817854,172.64872250045738
39.21000000000144,2.8606648111819823,172.8958206388055
39.22000000000144,2.8788958973693144,173.14437883173755
39.23000000000144,2.897520364751697,173.3943997331102
39.240000000001444,2.9165497746996905,173.64588579679028
39.25000000000145,2.935996127803172,173.89883927119521
39.26000000000145,2.9558718847552163,174.15326219377476
39.270000000001446,2.976189988441115,174.40915638546235
39.28000000000145,2.996963887313866,174.66652344509006
39.290000000001456,3.0182075601447167,174.92536474377223
39.300000000001454,3.0399355422443097,175.18568141926184
39.31000000000145,3.0621629532575216,175.4474743702833
39.32000000000146,3.084905526643661,175.7107442508466
39.33000000000146,3.1081796409625215,175.97549146454585
39.34000000000146,3.1320023530970955,176.24171615884768
39.35000000000146,3.156391433554569,176.5094182193759
39.36000000000146,3.1813654039988677,176.77859726419297
39.37000000000147,3.2069435771817507,177.04925263808806
39.380000000001466,3.233146099453396,177.32138340687544
39.390000000001464,3.25999399604914,177.59498835170703
39.40000000000147,3.2875092193669126,177.87006596340782
39.410000000001475,3.3157147004684453,178.14661443683792
39.42000000000147,3.3446344040587097,178.42463166528742
39.43000000000147,3.3742933872214573,178.70411523491344
39.440000000001476,3.4047178622136434,178.98506241922107
39.45000000000148,3.4359352636506064,179.26747017359784
39.46000000000148,3.4679743204448523,179.55133512990793
39.47000000000148,3.500865132896277,179.83665359115537
39.48000000000148,3.5346392553694885,180.12342152621866
39.49000000000149,3.569329785037249,180.41163456466626
39.500000000001485,3.604971457216854,180.7012879916641
39.51000000000148,3.6416007478781895,180.992376742978
39.52000000000149,3.679255983961728,181.28489540007965
39.53000000000149,3.7179774622105723,181.5788381853649
39.54000000000149,3.7578075772941952,181.87419895749383
39.55000000000149,3.79879096008345,182.17097120685855
39.560000000001494,3.8409746270285936,182.46914805118607
39.5700000000015,3.8844081416964316,182.7687222312888
39.5800000000015,3.9291437896373522,183.06968610696435
39.590000000001496,3.9752367678864298,183.37203165306323
39.6000000000015,4.02274539054721,183.67575045572028
39.610000000001506,4.0717313120767304,183.98083370876896
39.620000000001504,4.122259770076807,184.28727221034097
39.6300000000015,4.174399849611638,184.59505635966295
39.64000000000151,4.228224771314073,184.90417615405804
39.65000000000151,4.283812205818242,185.21462118615634
39.66000000000151,4.341244617373386,185.52638064133288
39.67000000000151,4.400609639849307,185.8394432953696
39.68000000000151,4.462000488758303,186.153797512359
39.69000000000152,4.5255164133871215,186.46943124285164
39.700000000001516,4.591263193675157,186.7863320222582
39.710000000001514,4.659353687098228,187.10448696951582
39.72000000000152,4.72990843153498,187.4238827860205
39.730000000001525,4.803056310927137,187.7445057548395
39.74000000000152,4.878935291507524,188.06634174020704
39.75000000000152,4.957693237491895,188.38937618731265
39.760000000001526,5.039488816437118,188.7135941223889
39.77000000000153,5.1244925059936675,189.03898015310008
39.78000000000153,5.212887715573288,189.36551846924795
39.79000000000153,5.30487203855076,189.6931928437919
39.80000000000153,5.4006586530995895,190.02198663419128
39.81000000000154,5.500477892692078,190.35188278407836
39.820000000001535,5.6045790107681475,190.68286382526247
39.83000000000153,5.71323216821611,191.01491188007344
39.84000000000154,5.826730677247951,191.34800866404606
39.85000000000154,5.945393541173636,191.682135488948
39.86000000000154,6.069568336707996,192.01727326615946
39.87000000000154,6.1996344940477215,192.35340251040245
39.880000000001544,6.336007040400341,192.69050334382283
39.89000000000155,6.479140885367243,193.0285555004276
39.90000000000155,6.6295357421501535,193.36753833087863
39.910000000001546,6.787741797692537,193.70743080764407
39.92000000000155,6.954366268518897,194.04821153050523
39.930000000001556,7.1300810084186095,194.3898587324185
39.940000000001554,7.315631370821934,194.73235028573538
39.95000000000155,7.511846574817495,195.07566370877586
39.96000000000156,7.7196518820345865,195.41977617274912
39.97000000000156,7.940082965754729,195.76466450902618
39.98000000000156,8.174302948567814,196.11030521675596
39.99000000000156,8.423622707402995,196.45667447082323
40.00000000000156,8.689525204040855,196.8037481301399
40.01000000000157,8.97369480800724,197.15150174626993
40.020000000001566,9.278052854820476,197.49991057237494
40.030000000001564,9.604801051067481,197.84894957248324
40.04000000000157,9.956474834543817,198.19859343106384
40.050000000001575,10.336009474685765,198.54881656290814
40.06000000000157,10.746822631812279,198.89959312330203
40.07000000000157,11.192918396667883,199.25089701848827
40.080000000001576,11.679019675735868,199.60270191640137
40.09000000000158,12.210738436599081,199.95498125766912
40.10000000000158,12.794797194951416,200.30770826686955
40.11000000000158,13.439320873463682,200.6608559640356
40.12000000000158,14.15422687899469,201.01439717638496
40.13000000000159,14.951754756301197,201.36830455027737
40.140000000001585,15.847198247730839,201.72255056337508
40.15000000000158,16.85993768039822,202.0771075370003
40.16000000000159,18.014929825516262,202.43194764867346
40.17000000000159,19.344916099431902,202.7870429448167
40.18000000000159,20.893799710788652,203.14236535361368
40.19000000000159,22.722007863514396,203.49788669800552
40.200000000001594,24.91540497737826,203.853578708812
40.2100000000016,27.60098693281067,204.2094130379573
40.2200000000016,30.976673134145052,204.56536127179587
40.230000000001596,35.3740252736869,204.9213949445094
40.2400000000016,41.412288490940966,205.27748555156867
40.250000000001606,50.49061060512871,205.63360456324014
40.260000000001604,67.74385748486834,205.98972343812335
40.2700000000016,,206.34581363670154
40.28000000000161,,206.70184663489061
40.29000000000161,,207.05779393756848
40.30000000000161,,207.4136270920719
40.31000000000161,,207.76931770164134
40.32000000000161,,28.12483743880172
40.33000000000162,,28.48015805865841
40.340000000001616,,28.83525141209742
40.350000000001614,,29.19008945887459
40.36000000000162,69.04546729959418,29.544644280574055
40.370000000001625,51.103665982392926,29.898888093425132
40.38000000000162,41.856697397409825,30.252793260963088
40.39000000000162,35.73813707822924,30.60633230651822
40.400000000001626,31.29395832774159,30.95947792551865
40.41000000000163,27.88791806963392,31.31220299759807
40.42000000000163,25.181296263059558,31.66448059848829
40.43000000000163,22.972611258056546,32.016284011690885
40.44000000000163,21.132893968816305,32.36758673991265
40.45000000000164,19.575101188582654,32.71836251625188
40.460000000001635,18.23806047814261,33.0685853151282
40.47000000000163,17.07737614300998,33.41822936294369
40.48000000000164,16.05996945356887,33.767269148464315
40.49000000000164,15.160645663854448,34.11567943291175
40.50000000000164,14.35985231004998,34.463435259761944
40.51000000000164,13.642168444141735,34.81051196423549
40.520000000001644,12.99525875783198,35.15688518247603
40.53000000000165,12.409132568068,35.50253086040916
40.54000000000165,11.875608069368061,35.84742526227253
40.550000000001646,11.387918018190236,36.19154497881986
40.56000000000165,10.940414868794047,36.53486693518129
40.570000000001656,10.528347118260898,36.87736839838398
40.580000000001654,10.147687472759655,37.219026984528206
40.59000000000165,9.794999282067916,37.55982066561401
40.60000000000166,9.4673316119094,37.899727776015204
40.61000000000166,9.162136008522163,38.23872701859809
40.62000000000166,8.877199877856397,38.57679747048789
40.63000000000166,8.610592721004744,38.913918588476804
40.64000000000166,8.360622411929732,39.25007021407508
40.65000000000167,8.12579938831485,39.58523257820532
40.660000000001666,7.904807128643455,39.91938630554184
40.670000000001664,7.696477661036866,40.25251241849624
40.68000000000167,7.499771128314143,40.58459234084692
40.690000000001675,7.31375864459938,40.9156079010214
40.70000000000167,7.137607839628485,41.245541335029074
40.71000000000167,6.970570610559962,41.57437528905144
40.720000000001676,6.811972696918058,41.90209282168973
40.73000000000168,6.66120476908158,42.22867740587725
40.74000000000168,6.517714779509437,42.554112930458984
40.75000000000168,6.381001372380722,42.87838370144622
40.76000000000168,6.250608184327609,43.20147444294776
40.77000000000169,6.1261188985508035,43.52337029778596
40.780000000001685,6.007152938445418,43.844056827801914
40.79000000000168,5.893361706147539,44.16352001386217
40.80000000000169,5.78442528710051,44.48174625556102
40.81000000000169,5.68004955454237,44.79872237063834
40.82000000000169,5.5799636183379535,45.11443559411476
40.83000000000169,5.4839175712450805,45.42887357714852
40.840000000001695,5.391680492875259,45.74202438562798
40.8500000000017,5.303038677574429,46.05387649850132
40.8600000000017,5.217794057418426,46.364418805856644
40.870000000001696,5.135762795683099,46.6736406067574
40.8800000000017,5.056774029645322,46.98153160684226
40.890000000001706,4.980668744519592,47.28808191569634
40.900000000001704,4.907298762826871,47.59328204400558
40.9100000000017,4.83652583560854,47.89712290050076
40.92000000000171,4.768220823698002,48.19959578869634
40.93000000000171,4.702262958795597,48.50069240343915
40.94000000000171,4.638539175409004,48.800404827270775
40.95000000000171,4.576943505847025,49.09872552661421
40.96000000000171,4.517376531424987,49.39564734779222
40.97000000000172,4.459744883876277,49.691163512884515
40.980000000001716,4.40396079168601,49.98526761543799
40.990000000001714,4.349941666691903,50.27795361603039
41.00000000000172,4.2976097268383695,50.56921583770361
41.010000000001725,4.246891651446497,50.85904896126554
41.02000000000172,4.197718265772066,51.14744802047827
41.03000000000172,4.15002425198721,51.434408397137005
41.040000000001726,4.103747884037718,51.719925816041616
41.05000000000173,4.058830784102552,52.00399633987906
41.06000000000173,4.015217698629362,52.28661636401516
41.07000000000173,3.9728562921316697,52.567782611211875
41.08000000000173,3.931696957125975,52.84749212626591
41.09000000000174,3.8916926387509743,53.12574227058824
41.100000000001735,3.8527986727624737,53.40253071672288
41.11000000000173,3.8149726357274427,53.67785544281463
41.12000000000174,3.77817420635755,53.95171472703417
41.13000000000174,3.7423650370274237,54.224107141962186
41.14000000000174,3.7075086346140056,54.49503154894402
41.15000000000174,3.6735702498771996,54.764487092417745
41.160000000001745,3.6405167746749325,55.03247319422426
41.17000000000175,3.6083166463730936,55.29898954789849
41.18000000000175,3.576939758867718,55.56403611295744
41.190000000001746,3.54635737969233,55.827613109182586
41.20000000000175,3.5165420727296075,56.0897210109038
41.210000000001756,3.4874676260898783,56.350360541289525
41.220000000001754,3.4591089847571768,56.60953266665046
41.23000000000175,3.431442187639129,56.86723859075836
41.24000000000176,3.4044443086880234,57.12347974918409
41.25000000000176,3.378093401788568,57.378257803661484
41.26000000000176,3.352368449134085,57.631574636478945
41.27000000000176,3.3272493128356846,57.883432344904755
41.28000000000176,3.3027166895307243,58.13383323564636
41.29000000000177,3.2787520677754505,58.38277981934875
41.300000000001766,3.255337688024046,58.63027480513866
41.310000000001764,3.232456505013194,58.87632109521031
41.32000000000177,3.2100921523843655,59.12092177946183
41.330000000001775,3.1882289093901197,59.364080130182224
41.34000000000177,3.1668516695423325,59.605799596791925
41.35000000000177,3.145945911071186,59.846083800640905
41.360000000001776,3.125497669074266,60.084936529862155
41.37000000000178,3.1054935092433844,60.32236173428873
41.38000000000178,3.0859205030661285,60.558363520430426
41.39000000000178,3.0667662044058903,60.79294614651755
41.40000000000178,3.04801862763664,61.0261140142927
41.41000000000179,3.0296662253982336,61.25787168076078
41.420000000001785,3.0116978714508598,61.48822382028298
41.43000000000178,2.9941028392999827,61.71717525303697
41.44000000000179,2.976870785782412,61.94473092384153
41.45000000000179,2.959991734001744,62.1708959009042
41.46000000000179,2.943456057401942,62.395675371366686
41.47000000000179,2.927254464666061,62.61907463690433
41.480000000001795,2.9113779853890716,62.84109910940245
41.4900000000018,2.895817956478895,63.06175430670857
41.5000000000018,2.8805660092429233,63.2810458484592
41.510000000001796,2.865614057119802,63.49897945198341
41.5200000000018,2.8509542840193722,63.71556092828044
41.530000000001806,2.83657913323556,63.930796178074914
41.540000000001804,2.82248129689978,64.1446911879473
41.5500000000018,2.808653705944221,64.3572520265406
41.56000000000181,2.795089520546458,64.56848484084325
41.57000000000181,2.781782121028588,64.77839585254851
41.58000000000181,2.768725099186012,64.98699135448744
41.59000000000181,2.755912250022014,65.1942777071405
41.60000000000181,2.743337563866447,65.40026133522193
41.61000000000182,2.7309952188577022,65.60494872433883
41.620000000001816,2.7188795737684894,65.80834641772559
41.630000000001814,2.7069851611572164,66.01046101305234
41.64000000000182,2.6953066808279846,66.21129915930497
41.650000000001825,2.6838389935828424,66.41086755373941
41.66000000000182,2.6725771152514026,66.60917293890581
41.67000000000182,2.6615162109831876,66.80622209974808
41.680000000001826,2.6506515897897844,67.00202186076882
41.69000000000183,2.639978699323708,67.19657908326744
41.70000000000183,2.6294931208821652,67.38990066264827
41.71000000000183,2.619190564624774,67.58199352579261
41.72000000000183,2.6090668649941287,67.77286462850337
41.73000000000184,2.5991179763295125,67.96252095301537
41.740000000001835,2.589339968665015,68.15096950555746
41.75000000000183,2.5797290237007133,68.33821731401206
41.76000000000184,2.5702814309419284,68.52427142560441
41.77000000000184,2.560993583995963,68.70913890467229
41.78000000000184,2.551861977019827,68.89282683049419
41.79000000000184,2.5428832013116622,69.07534229517903
41.800000000001845,2.5340539420391863,69.25669240161487
41.81000000000185,2.5253709750986593,69.43688426147777
41.82000000000185,2.516831164098472,69.6159249932974
41.830000000001846,2.5084314574614157,69.7938217205824
41.84000000000185,2.5001688856405053,69.9705815699987
41.850000000001856,2.4920405584429175,70.14621166960544
41.860000000001854,2.4840436624574354,70.3207191471424
41.87000000000185,2.4761754585804514,70.49411112837436
41.88000000000186,2.4684332796364923,70.66639473548383
41.89000000000186,2.4608145280888647,70.83757708551614
41.90000000000186,2.453316673836457,71.007665288876
41.91000000000186,2.4459372520930898,71.1766664478712
41.92000000000186,2.43867386134568,71.3445876553058
41.93000000000187,2.431524161387971,71.51143599311857
41.94000000000187,2.424485871426377,71.67721853107064
41.950000000001864,2.417556768255132,71.84194232547522
41.96000000000187,2.410734684497612,72.00561441797329
41.970000000001875,2.404017506911154,72.1682418343517
41.98000000000187,2.397403174752669,72.32983158340389
41.99000000000187,2.3908896782025164,72.49039065583246
42.000000000001876,2.384475056844314,72.64992602319073
42.01000000000188,2.378157398198283,72.80844463686498
42.02000000000188,2.3719348363060324,72.96595342709419
42.03000000000188,2.365805550364565,73.12245930202972
42.04000000000188,2.3597677634077576,73.27796914682786
42.05000000000189,2.353819741033124,73.43248982278206
42.060000000001885,2.347959790172292,73.58602816648742
42.07000000000188,2.3421862579032884,73.73859098904171
42.08000000000189,2.3364975303031335,73.89018507527737
42.09000000000189,2.3308920313390624,74.04081718302707
42.10000000000189,2.325368221796889,74.19049404242121
42.11000000000189,2.3199245982450925,74.33922235521591
42.120000000001895,2.3145596920332476,74.48700879415081
42.1300000000019,2.3092720683234895,74.63386000233604
42.1400000000019,2.3040603251536993,74.77978259266843
42.150000000001896,2.298923092531287,74.92478314727472
42.1600000000019,2.2938590315563667,75.06886821698214
42.170000000001906,2.2888668335732394,75.21204432081484
42.180000000001904,2.2839452193491305,75.35431794551607
42.1900000000019,2.279092938279141,75.49569554509574
42.20000000000191,2.274308767616498,75.63618354040119
42.21000000000191,2.2695915117271315,75.77578831871207
42.22000000000191,2.264940001367715,75.91451623335759
42.23000000000191,2.2603530929862865,76.05237360335649
42.24000000000191,2.255829668044679,76.18936671307809
42.25000000000192,2.2513686323619373,76.32550181192427
42.26000000000192,2.2469689154779973,76.46078511403171
42.270000000001914,2.2426294700368725,76.59522279799434
42.28000000000192,2.238349271188695,76.72882100660442
42.290000000001925,2.234127316009945,76.8615858466117
42.30000000000192,2.229962622941188,76.9935233885014
42.31000000000192,2.2258542312417453,77.12463966628961
42.320000000001926,2.2218012004607157,77.25494067733491
42.33000000000193,2.217802609923764,77.3844323821667
42.34000000000193,2.213857558235142,77.51312070432917
42.35000000000193,2.209965162794407,77.64101153024139
42.36000000000193,2.2061245593273693,77.7681107090713
42.37000000000194,2.2023349014307665,77.8944240526243
42.380000000001935,2.1985953601301915,78.0199573352462
42.39000000000193,2.1949051234508317,78.14471629373965
42.40000000000194,2.191263396000637,78.26870662729287
42.41000000000194,2.1876693985654474,78.39193399742112
42.42000000000194,2.184122367715682,78.51440402792139
42.43000000000194,2.1806215554242634,78.63612230483777
42.440000000001945,2.1771662286953783,78.75709437643806
42.45000000000195,2.17375566920369,78.87732575320209
42.46000000000195,2.1703891729437146,78.99682190782032
42.470000000001946,2.167066049889004,79.1155882752025
42.48000000000195,2.1637856236608335,79.23363025249611
42.490000000001956,2.160547231206066,79.35095319911461
42.500000000001954,2.1573502224839403,79.46756243677441
42.51000000000195,2.154193960161439,79.58346324954138
42.52000000000196,2.151077819317049,79.69866088388471
42.53000000000196,2.1480011871525613,79.81316054874
42.54000000000196,2.1449634627127256,79.9269674155795
42.55000000000196,2.1419640566124722,80.04008661849039
42.56000000000196,2.139002390771493,80.1525232542601
42.57000000000197,2.136077898155941,80.26428238246835
42.58000000000197,2.133190022527038,80.37536902558614
42.590000000001965,2.1303382181963406,80.48578816908164
42.60000000000197,2.1275219497875426,80.59554476153126
42.610000000001975,2.124740692004522,80.70464371473736
42.62000000000197,2.121993929405512,80.81308990385119
42.63000000000197,2.1192811561831624,80.92088816750189
42.640000000001976,2.116601875950362,81.0280433079299
42.65000000000198,2.11395560153161,81.13456009112589
42.66000000000198,2.1113418547597917,81.24044324697371
42.67000000000198,2.1087601662781803,81.34569746939935
42.68000000000198,2.106210075347537,81.45032741652258
42.69000000000199,2.103691129658147,81.55433771081347
42.700000000001985,2.1012028851466305,81.6577329392527
42.71000000000198,2.0987449058174046,81.76051765349604
42.72000000000199,2.0963167635686686,81.86269637004185
42.73000000000199,2.0939180380227773,81.96427357040166
42.74000000000199,2.0915483163608477,82.06525370127493
42.75000000000199,2.089207193161516,82.16564117472619
42.760000000001995,2.0868942702437145,82.26544036836522
42.770000000002,2.084609156513343,82.36465562552937
42.780000000002,2.082351467813728,82.46329125546968
42.790000000001996,2.0801208267797677,82.56135153353829
42.800000000002,2.077916862695659,82.6588407013787
42.810000000002006,2.0757392113561037,82.75576296711755
42.820000000002004,2.073587514930895,82.85212250555928
42.830000000002,2.071461421832781,82.94792345838209
42.84000000000201,2.0693605865885347,83.04316993433576
42.85000000000201,2.067284669713146,83.13786600944067
42.86000000000201,2.065233337587,83.2320157271891
42.87000000000201,2.0632062623360166,83.32562309874757
42.88000000000201,2.061203121714651,83.41869210316034
42.89000000000202,2.059223598991666,83.51122668755382
42.90000000000202,2.057267382838611,83.60323076734268
42.910000000002015,2.0553341672209324,83.69470822643665
42.92000000000202,2.053423651291644,83.78566291744814
42.930000000002025,2.051535539287495,83.8760986619004
42.94000000000202,2.0496695404275536,83.96601925043683
42.95000000000202,2.0478253688141583,84.05542844303072
42.960000000002026,2.0460027433361647,84.14432996919534
42.97000000000203,2.0442013875744247,84.2327275281947
42.98000000000203,2.0424210297094594,84.3206247892542
42.99000000000203,2.040661402431215,84.40802539177268
43.00000000000203,2.0389222428509384,84.49493294553314
43.01000000000204,2.0372032924150134,84.58135103091472
43.020000000002035,2.0355042968207844,84.6672831991044
43.03000000000203,2.033825005934271,84.75273297230899
43.04000000000204,2.0321651737097612,84.83770384396627
43.05000000000204,2.030524558111191,84.92219927895694
43.06000000000204,2.0289029210353053,85.00622271381582
43.07000000000204,2.0273000282365294,85.08977755694332
43.080000000002045,2.025715649253518,85.17286718881606
43.09000000000205,2.024149557337336,85.2554949621975
43.10000000000205,2.022601529381232,85.33766420234811
43.110000000002046,2.0210713458519574,85.41937820723535
43.12000000000205,2.0195587907226007,85.50064024774271
43.130000000002056,2.0180636514069,85.58145356787855
43.140000000002054,2.016585718694984,85.66182138498432
43.15000000000205,2.015124786690515,85.74174688994249
43.16000000000206,2.013680652749204,85.8212332473832
43.17000000000206,2.0122531174186555,85.90028359589066
43.18000000000206,2.0108419843795136,85.97890104820877
43.19000000000206,2.0094470603878682,86.05708869144622
43.20000000000206,2.0080681552189015,86.13484958728056
43.21000000000207,2.00670508161175,86.21218677216122
43.22000000000207,2.00535765521553,86.2891032575123
43.230000000002065,2.004025694536513,86.3656020299343
43.24000000000207,2.0027090208864333,86.4416860514046
43.250000000002075,2.001407458331875,86.5173582594775
43.26000000000207,2.0001208336447327,86.59262156748304
43.27000000000207,1.9988489762537147,86.66747886472506
43.280000000002076,1.997591718196855,86.74193301667817
43.29000000000208,1.9963488940750305,86.81598686518375
43.30000000000208,1.995120341006436,86.88964322864477
43.31000000000208,1.9939058985820057,86.96290490222006
43.32000000000208,1.9927054088217644,87.03577465801705
43.33000000000209,1.991518716132078,87.10825524528339
43.340000000002085,1.99034566726378,87.18034939059802
43.35000000000208,1.9891861112711604,87.25205979806074
43.36000000000209,1.988039899471797,87.32338914948073
43.37000000000209,1.9869068854072056,87.39434010456387
43.38000000000209,1.9857869248042908,87.4649153010991
43.39000000000209,1.984679875537574,87.53511735514367
43.400000000002095,1.983585597592199,87.60494886120702
43.4100000000021,1.9825039530276718,87.67441239243358
43.4200000000021,1.9814348059423394,87.7435105007844
43.430000000002096,1.9803780224385739,87.81224571721769
43.4400000000021,1.979333470588655,87.88062055186826
43.450000000002106,1.9783010204013491,87.9486374942251
43.460000000002104,1.9772805437891265,88.0162990133087
43.4700000000021,1.9762719145360506,88.08360755784662
43.48000000000211,1.975275008266295,88.15056555644793
43.49000000000211,1.9742897024132873,88.21717541777625
43.50000000000211,1.9733158761894523,88.28343953072206
43.51000000000211,1.9723534105565543,88.34936026457336
43.52000000000211,1.9714021881966215,88.41493996918534
43.53000000000212,1.9704620934834391,88.48018097514844
43.54000000000212,1.9695330124545951,88.54508559395565
43.550000000002115,1.9686148327840671,88.6096561181685
43.56000000000212,1.9677074437553437,88.67389482158156
43.570000000002125,1.9668107362350726,88.73780395938564
43.58000000000212,1.9659246026471995,88.80138576833035
43.59000000000212,1.965048936947618,88.86464246688482
43.600000000002126,1.9641836345993073,88.92757625539734
43.61000000000213,1.9633285925479316,88.99018931625395
43.62000000000213,1.9624837091979181,89.05248381403567
43.63000000000213,1.9616488843889872,89.11446189567438
43.64000000000213,1.9608240193731226,89.17612569060789
43.65000000000214,1.9600090167919877,89.23747731093293
43.660000000002135,1.9592037806547575,89.29851885155819
43.67000000000213,1.9584082163163772,89.3592523903548
43.68000000000214,1.9576222304562212,89.4196799883067
43.690000000002144,1.956845731057162,89.47980368965902
43.70000000000214,1.9560786273850235,89.53962552206556
43.71000000000214,1.9553208299684162,89.59914749673518
43.720000000002145,1.9545722505789525,89.65837160857686
43.73000000000215,1.9538328022118294,89.71729983634337
43.74000000000215,1.9531023990667704,89.77593414277398
43.750000000002146,1.9523809565293102,89.83427647473628
43.76000000000215,1.9516683911524373,89.89232876336601
43.770000000002156,1.9509646206385716,89.95009292420636
43.780000000002154,1.9502695638218663,90.00757085734587
43.79000000000215,1.9495831406508342,90.0647644475552
43.80000000000216,1.9489052721713005,90.12167556442299
43.81000000000216,1.9482358805096558,90.1783060624898
43.82000000000216,1.947574888856418,90.2346577813816
43.83000000000216,1.9469222214500916,90.29073254594228
43.84000000000216,1.946277803561319,90.34653216636421
43.85000000000217,1.9456415614773177,90.40205843831814
43.86000000000217,1.9450134224865956,90.45731314308213
43.870000000002165,1.9443933148639436,90.5122980476692
43.88000000000217,1.9437811678557004,90.56701490495362
43.890000000002175,1.9431769116652686,90.62146545379636
43.90000000000217,1.9425804774389037,90.67565141916954
43.91000000000217,1.9419917972517466,90.72957451227944
43.920000000002176,1.9414108040941087,90.78323643068879
43.93000000000218,1.9408374318579975,90.83663885843758
43.94000000000218,1.9402716153238828,90.88978346616314
43.95000000000218,1.9397132901476934,90.9426719112191
43.96000000000218,1.9391623928480435,90.99530583779307
43.97000000000219,1.938618860793692,91.04768687702342
43.980000000002185,1.9380826321912021,91.09981664711506
43.99000000000218,1.9375536460728395,91.15169675345413
44.00000000000219,1.9370318422846655,91.20332878872165
44.010000000002194,1.9365171614748442,91.25471433300604
44.02000000000219,1.9360095450821553,91.30585495391479
44.03000000000219,1.9355089353247001,91.35675220668509
44.040000000002195,1.9350152751888035,91.40740763429348
44.0500000000022,1.934528508418116,91.45782276756427
44.0600000000022,1.9340485795028965,91.50799912527712
44.070000000002196,1.9335754336694757,91.55793821427396
44.0800000000022,1.9331090168699128,91.60764152956445
44.090000000002206,1.9326492757718154,91.65711055443063
44.100000000002204,1.9321961577483504,91.70634676053056
44.1100000000022,1.9317496108684056,91.75535160800142
44.12000000000221,1.9313095838869307,91.804126545561
44.13000000000221,1.9308760262354507,91.85267301060885
44.14000000000221,1.9304488880127164,91.90099242932591
44.15000000000221,1.9300281199755398,91.94908621677394
44.16000000000221,1.9296136735297627,91.99695577699343
44.17000000000222,1.9292055007213953,92.04460250310079
44.18000000000222,1.9288035542278916,92.09202777738471
44.190000000002215,1.9284077873495782,92.13923297140164
44.20000000000222,1.928018154001221,92.18621944607035
44.210000000002225,1.9276346087037457,92.23298855176533
44.22000000000222,1.9272571065760808,92.27954162840992
44.23000000000222,1.9268856033271486,92.325880005568
44.240000000002226,1.9265200552479829,92.37200500253522
44.25000000000223,1.9261604192039843,92.41791792842905
44.26000000000223,1.9258066526272988,92.46362008227831
44.27000000000223,1.9254587135093257,92.5091127531116
44.28000000000223,1.9251165603933458,92.55439722004513
44.29000000000224,1.9247801523672792,92.5994747523695
44.300000000002235,1.9244494490565562,92.64434660963576
44.31000000000223,1.924124410617105,92.68901404174085
44.32000000000224,1.923804997728461,92.733478289012
44.330000000002244,1.923491171586984,92.77774058229028
44.34000000000224,1.9231828938991893,92.8218021430136
44.35000000000224,1.9228801268751865,92.86566418329899
44.360000000002245,1.9225828332222281,92.90932790602368
44.37000000000225,1.9222909761383595,92.95279450490574
44.38000000000225,1.9220045193061785,92.996065164584
44.390000000002246,1.9217234268866903,93.03914106069712
44.40000000000225,1.9214476635132647,93.08202335996194
44.410000000002256,1.9211771942856972,93.12471322025085
44.420000000002254,1.9209119847643554,93.16721179066887
44.43000000000225,1.9206520009644312,93.20952021162975
44.44000000000226,1.9203972093502777,93.25163961493142
44.45000000000226,1.9201475768298437,93.29357112383053
44.46000000000226,1.9199030707491942,93.3353158531166
44.47000000000226,1.9196636588871225,93.37687490918532
44.48000000000226,1.919429309449846,93.41824939011117
44.49000000000227,1.9191999910657878,93.45944038571922
44.50000000000227,1.9189756727804475,93.50044897765645
44.510000000002265,1.9187563240513463,93.54127623946242
44.52000000000227,1.9185419147430582,93.58192323663913
44.530000000002275,1.918332415122319,93.62239102672008
44.54000000000227,1.9181277958532166,93.66268065933914
44.55000000000227,1.9179280279924549,93.70279317629841
44.560000000002276,1.9177330829846944,93.74272961163541
44.57000000000228,1.9175429326579674,93.78249099168981
44.58000000000228,1.91735754921917,93.82207833516952
44.59000000000228,1.9171769052496137,93.8614926532161
44.60000000000228,1.9170009737006681,93.90073494946947
44.61000000000229,1.9168297278894535,93.93980622013216
44.620000000002285,1.916663141494613,93.97870745403289
44.63000000000228,1.916501188552151,94.01743963268946
44.64000000000229,1.9163438434513318,94.05600373037136
44.650000000002294,1.9161910809306513,94.09440071416118
44.66000000000229,1.9160428760738666,94.13263154401612
44.67000000000229,1.9158992043060936,94.17069717282861
44.680000000002295,1.9157600413899594,94.20859854648621
44.6900000000023,1.9156253634218277,94.24633660393117
44.7000000000023,1.9154951468280683,94.28391227721934
44.710000000002296,1.9153693683614,94.32132649157866
44.7200000000023,1.9152480050972849,94.35858016546679
44.730000000002306,1.9151310344303776,94.39567421062851
44.740000000002304,1.9150184340710383,94.43260953215238
44.7500000000023,1.91491018204189,94.469387028527
44.76000000000231,1.9148062566744455,94.50600759169669
44.77000000000231,1.9147066366057715,94.54247210711651
44.78000000000231,1.9146113007752161,94.57878145380698
44.79000000000231,1.9145202284211889,94.61493650440816
44.80000000000231,1.9144333990779814,94.6509381252334
44.81000000000232,1.9143507925726513,94.68678717632208
44.82000000000232,1.9142723890219489,94.72248451149245
44.830000000002315,1.914198168829288,94.75803097839382
44.84000000000232,1.9141281126817797,94.79342741855787
44.850000000002325,1.9140622015472961,94.82867466745007
44.86000000000232,1.9140004166715918,94.86377355452008
44.87000000000232,1.9139427395754678,94.89872490325196
44.880000000002326,1.9138891520519796,94.93352953121409
44.89000000000233,1.9138396361636936,94.9681882501081
44.90000000000233,1.9137941742399804,95.00270186581771
44.91000000000233,1.91375274887436,95.03707117845717
44.92000000000233,1.9137153429218805,95.07129698241894
44.93000000000234,1.913681939496546,95.1053800664212
44.940000000002335,1.913652521968783,95.1393212135547
44.95000000000233,1.9136270739629453,95.1731212013294
44.96000000000234,1.9136055793548619,95.20678080172056
44.970000000002344,1.9135880222694235,95.24030078121412
44.98000000000234,1.913574387078208,95.27368190085228
44.99000000000234,1.9135646583971424,95.30692491627809
45.000000000002345,1.9135588210842074,95.34003057777991
45.01000000000235,1.9135568602371706,95.37299963033523
45.02000000000235,1.9135587611913678,95.40583281365436
45.030000000002346,1.9135645095175091,95.43853086222362
45.04000000000235,1.9135740910195296,95.47109450534795
45.050000000002356,1.913587491732468,95.50352446719326
45.060000000002354,1.9136046979203867,95.53582146682844
45.07000000000235,1.9136256960743208,95.56798621826691
45.08000000000236,1.9136504729102617,95.60001943050776
45.09000000000236,1.913679015367178,95.63192180757656
45.10000000000236,1.9137113106050632,95.6636940485657
45.11000000000236,1.9137473460030192,95.69533684767447
45.12000000000236,1.9137871091573708,95.72685089424883
45.13000000000237,1.913830587879812,95.7582368728204
45.14000000000237,1.9138777701955856,95.78949546314564
45.150000000002365,1.9139286443416859,95.82062734024431
45.16000000000237,1.9139831987650988,95.8516331744378
45.170000000002375,1.9140414221210706,95.88251363138667
45.18000000000237,1.914103303271406,95.91326937212845
45.19000000000237,1.9141688312827891,95.94390105311467
45.200000000002376,1.9142379954251414,95.9744093262477
45.21000000000238,1.9143107851700074,96.00479483891714
45.22000000000238,1.9143871901889582,96.03505823403593
45.23000000000238,1.9144672003520369,96.06520015007636
45.24000000000238,1.9145508057262197,96.09522122110523
45.25000000000239,1.9146379965739098,96.12512207681924
45.260000000002385,1.914728763351456,96.15490334257953
45.27000000000238,1.9148230967076971,96.18456563944642
45.28000000000239,1.914920987482533,96.21410958421347
45.290000000002394,1.91502242670552,96.24353578944134
45.30000000000239,1.9151274055944962,96.27284486349123
45.31000000000239,1.9152359155542225,96.30203741055836
45.320000000002395,1.9153479481750555,96.33111403070463
45.3300000000024,1.915463495231646,96.36007531989142
45.3400000000024,1.915582548681653,96.38892187001181
45.350000000002396,1.9157051006644925,96.41765426892269
45.3600000000024,1.9158311435000976,96.4462731004764
45.370000000002406,1.915960669687713,96.47477894455228
45.380000000002404,1.9160936719047073,96.50317237708767
45.3900000000024,1.916230143005405,96.53145397010894
45.40000000000241,1.9163700760199494,96.55962429176202
45.41000000000241,1.9165134641531762,96.58768390634265
45.42000000000241,1.9166603007835192,96.61563337432634
45.43000000000241,1.916810579461936,96.64347325239841
45.440000000002414,1.916964293910848,96.67120409348317
45.45000000000242,1.917121438023107,96.69882644677324
45.46000000000242,1.9172820058609858,96.72634085775849
45.470000000002415,1.9174459916551858,96.75374786825476
45.48000000000242,1.917613389803857,96.78104801643221
45.490000000002425,1.9177841948716616,96.80824183684356
45.50000000000242,1.9179584015888291,96.83532986045182
45.51000000000242,1.9181360048502518,96.86231261465814
45.520000000002426,1.918316999714593,96.88919062332913
45.53000000000243,1.9185013814034135,96.915964406824
45.54000000000243,1.918689145300318,96.94263448202138
45.55000000000243,1.9188802869501267,96.96920136234611
45.56000000000243,1.9190748020580526,96.99566555779563
45.57000000000244,1.9192726864889154,97.02202757496606
45.580000000002435,1.9194739362663547,97.04828791707821
45.59000000000243,1.9196785475720792,97.07444708400328
45.60000000000244,1.9198865167451218,97.10050557228831
45.610000000002444,1.9200978402811204,97.12646387518144
45.62000000000244,1.920312514831608,97.15232248265679
45.63000000000244,1.9205305372033357,97.17808188143955
45.640000000002445,1.920751904357595,97.20374255503023
45.65000000000245,1.9209766134095707,97.2293049837291
45.66000000000245,1.9212046616277059,97.25476964466031
45.670000000002446,1.921436046433086,97.28013701179584
45.68000000000245,1.9216707653988407,97.30540755597919
45.690000000002456,1.9219088162495557,97.33058174494866
45.700000000002454,1.9221501968607144,97.35566004336084
45.71000000000245,1.9223949052581424,97.38064291281358
45.72000000000246,1.9226429396174796,97.40553081186881
45.73000000000246,1.9228942982636619,97.43032419607515
45.74000000000246,1.92314897967042,97.4550235179904
45.75000000000246,1.9234069824598015,97.47962922720377
45.760000000002464,1.9236683054016976,97.5041417703579
45.77000000000247,1.9239329474133955,97.52856159117067
45.78000000000247,1.92420090755914,97.55288913045682
45.790000000002465,1.9244721850497164,97.57712482614949
45.80000000000247,1.9247467792420476,97.60126911332137
45.810000000002475,1.9250246896388015,97.62532242420582
45.82000000000247,1.9253059158880237,97.64928518821766
45.83000000000247,1.9255904577827754,97.67315783197405
45.840000000002476,1.9258783152607954,97.69694077931473
45.85000000000248,1.9261694884041711,97.72063445132252
45.86000000000248,1.9264639774390275,97.74423926634338
45.87000000000248,1.9267617827352315,97.7677556400064
45.88000000000248,1.9270629048061125,97.79118398524355
45.89000000000249,1.9273673443081913,97.81452471230932
45.900000000002485,1.9276751020409335,97.83777822880002
45.91000000000248,1.92798617894651,97.86094493967325
45.92000000000249,1.9283005761095777,97.88402524726679
45.930000000002494,1.928618294757072,97.90701955131765
45.94000000000249,1.9289393362580103,97.92992824898057
45.95000000000249,1.9292637021233234,97.95275173484696
45.960000000002495,1.9295913940056821,97.975490400963
45.9700000000025,1.9299224136993558,97.99814463684801
45.9800000000025,1.9302567631400762,98.02071482951256
45.990000000002496,1.9305944444049166,98.0432013634763
46.0000000000025,1.9309354597121893,98.06560462078582
46.010000000002506,1.9312798114213483,98.08792498103216
46.020000000002504,1.9316275020329228,98.11016282136835
46.0300000000025,1.9319785341884466,98.13231851652662
46.04000000000251,1.9323329106704128,98.15439243883563
46.05000000000251,1.9326906344022399,98.17638495823736
46.06000000000251,1.9330517084482508,98.19829644230398
46.07000000000251,1.9334161360136723,98.22012725625459
46.080000000002514,1.9337839204446345,98.2418777629717
46.09000000000252,1.9341550652282058,98.26354832301766
46.10000000000252,1.9345295739924162,98.28513929465075
46.110000000002515,1.9349074505063204,98.30665103384163
46.12000000000252,1.9352886986800555,98.32808389428894
46.130000000002525,1.935673322564924,98.3494382274353
46.14000000000252,1.936061326353483,98.3707143824829
46.15000000000252,1.936452714379658,98.39191270640923
46.160000000002526,1.9368474911188593,98.41303354398217
46.17000000000253,1.9372456611881177,98.43407723777551
46.18000000000253,1.9376472293462377,98.455044128184
46.19000000000253,1.9380522004939584,98.47593455343832
46.20000000000253,1.9384605796741334,98.49674884961993
46.21000000000254,1.9388723720719188,98.51748735067588
46.220000000002536,1.9392875830149852,98.53815038843332
46.23000000000253,1.9397062179737359,98.55873829261402
46.24000000000254,1.9401282825615391,98.57925139084873
46.250000000002544,1.940553782534979,98.59969000869131
46.26000000000254,1.9409827237941184,98.62005446963293
46.27000000000254,1.9414151123827768,98.64034509511593
46.280000000002545,1.9418509544888207,98.6605622045478
46.29000000000255,1.9422902564444697,98.68070611531468
46.30000000000255,1.942733024726617,98.70077714279516
46.310000000002546,1.9431792659571652,98.7207756003737
46.32000000000255,1.943628986903374,98.74070179945392
46.330000000002556,1.9440821944782247,98.7605560494719
46.340000000002554,1.944538895740796,98.78033865790925
46.35000000000255,1.9449990978966627,98.80004993030623
46.36000000000256,1.9454628082982948,98.81969017027447
46.37000000000256,1.945930034445487,98.8392596795099
46.38000000000256,1.9464007839857926,98.85875875780525
46.39000000000256,1.9468750647149728,98.87818770306276
46.400000000002564,1.9473528845774677,98.89754681130657
46.41000000000257,1.947834251666874,98.91683637669492
46.42000000000257,1.9483191742264447,98.93605669153254
46.430000000002565,1.9488076606495988,98.95520804628266
46.44000000000257,1.9492997194804462,98.97429072957907
46.450000000002575,1.9497953594143338,98.9933050282379
46.46000000000257,1.9502945892983998,99.01225122726953
46.47000000000257,1.950797418132147,99.03112960989024
46.480000000002576,1.951303855068031,99.04994045753376
46.49000000000258,1.9518139094120652,99.06868404986275
46.50000000000258,1.952327590624436,99.08736066478016
46.51000000000258,1.9528449083201418,99.10597057844055
46.52000000000258,1.9533658722696445,99.12451406526122
46.53000000000259,1.9538904923995313,99.14299139793329
46.540000000002586,1.9544187787932015,99.16140284743267
46.55000000000258,1.9549507416915672,99.17974868303085
46.56000000000259,1.955486391493762,99.19802917230594
46.570000000002594,1.9560257387578797,99.21624458115296
46.58000000000259,1.9565687942017183,99.23439517379474
46.59000000000259,1.9571155687035433,99.25248121279228
46.600000000002595,1.9576660733028757,99.27050295905508
46.6100000000026,1.9582203192012841,99.28846067185162
46.6200000000026,1.9587783177631994,99.30635460881936
46.630000000002596,1.9593400805167533,99.32418502597501
46.6400000000026,1.9599056191546222,99.34195217772448
46.650000000002606,1.9604749455348944,99.35965631687282
46.660000000002604,1.9610480716819583,99.37729769463398
46.6700000000026,1.961625009787401,99.39487656064084
46.68000000000261,1.9622057722109303,99.4123931629545
46.69000000000261,1.9627903714813109,99.42984774807412
46.70000000000261,1.963378820297318,99.44724056094627
46.71000000000261,1.9639711315287194,99.46457184497447
46.720000000002614,1.9645673182172603,99.48184184202836
46.73000000000262,1.9651673935776763,99.49905079245302
46.74000000000262,1.9657713709987255,99.51619893507801
46.750000000002615,1.9663792640442361,99.53328650722662
46.76000000000262,1.9669910864541733,99.5503137447247
46.770000000002625,1.9676068521457293,99.5672808819096
46.78000000000262,1.9682265752144243,99.58418815163893
46.79000000000262,1.9688502699352433,99.60103578529942
46.800000000002626,1.9694779507637705,99.61782401281545
46.81000000000263,1.9701096323373615,99.63455306265764
46.82000000000263,1.97074532947633,99.65122316185149
46.83000000000263,1.9713850571851559,99.6678345359855
46.84000000000263,1.9720288306537086,99.68438740921985
46.85000000000264,1.972676665258497,99.70088200429433
46.860000000002636,1.9733285765639423,99.71731854253674
46.870000000002634,1.9739845803236657,99.73369724387098
46.88000000000264,1.974644692481801,99.75001832682494
46.890000000002644,1.9753089291743293,99.76628200853858
46.90000000000264,1.9759773067304376,99.7824885047717
46.91000000000264,1.9766498416738896,99.79863802991187
46.920000000002645,1.97732655072444,99.81473079698205
46.93000000000265,1.9780074507992427,99.83076701764827
46.94000000000265,1.9786925590143085,99.84674690222724
46.950000000002646,1.9793818926859716,99.86267065969379
46.96000000000265,1.9800754693323825,99.87853849768844
46.970000000002656,1.9807733066750233,99.89435062252458
46.980000000002654,1.981475422640255,99.9101072391959
46.99000000000265,1.9821818353608778,99.92580855138355
47.00000000000266,1.982892563177723,99.94145476146336
47.01000000000266,1.983607624641267,99.95704607051279
47.02000000000266,1.984327038513275,99.97258267831805
47.03000000000266,1.9850508237684643,99.98806478338106
47.040000000002664,1.9857789995961963,100.00349258292621
47.05000000000267,1.9865115854021953,100.01886627290732
47.06000000000267,1.98724860081029,100.0341860480142
47.070000000002665,1.9879900656641922,100.04945210167953
47.08000000000267,1.9887360000292853,100.06466462608525
47.090000000002675,1.9894864241944556,100.07982381216927
47.10000000000267,1.990241358673947,100.09492984963182
47.11000000000267,1.9910008242092392,100.10998292694198
47.120000000002676,1.991764841770961,100.12498323134393
47.13000000000268,1.992533432560827,100.13993094886324
47.14000000000268,1.9933066180136065,100.15482626431309
47.15000000000268,1.9940844197991248,100.16966936130045
47.16000000000268,1.9948668598242862,100.18446042223218
47.17000000000269,1.9956539602351375,100.19919962832093
47.180000000002686,1.9964457434189515,100.21388715959121
47.190000000002684,1.9972422320063563,100.22852319488534
47.20000000000269,1.9980434488734768,100.24310791186912
47.210000000002694,1.998849417144128,100.25764148703769
47.22000000000269,1.9996601601920272,100.27212409572127
47.23000000000269,2.0004757016430457,100.2865559120908
47.240000000002695,2.0012960653774914,100.30093710916348
47.2500000000027,2.0021212755324234,100.31526785880834
47.2600000000027,2.00295135650401,100.32954833175167
47.270000000002696,2.0037863329499044,100.34377869758245
47.2800000000027,2.004626229791678,100.3579591247578
47.290000000002706,2.0054710722172673,100.37208978060804
47.300000000002704,2.006320885683474,100.38617083134213
47.3100000000027,2.007175695918493,100.4002024420527
47.32000000000271,2.008035528924479,100.41418477672133
47.33000000000271,2.0089004109801514,100.42811799822341
47.34000000000271,2.0097703686434416,100.44200226833327
47.35000000000271,2.010645428754171,100.45583774772902
47.360000000002714,2.0115256184367767,100.46962459599754
47.37000000000272,2.012410965103072,100.48336297163927
47.38000000000272,2.0133014964550484,100.49705303207286
47.390000000002715,2.0141972404877198,100.51069493364007
47.40000000000272,2.0150982254920122,100.52428883161026
47.410000000002725,2.0160044800576853,100.5378348801851
47.42000000000272,2.0169160330763063,100.55133323250305
47.43000000000272,2.017832913744267,100.56478404064387
47.440000000002726,2.0187551515658444,100.57818745563303
47.45000000000273,2.019682776356297,100.5915436274461
47.46000000000273,2.0206158182450227,100.60485270501303
47.47000000000273,2.0215543076787506,100.61811483622249
47.48000000000273,2.02249827542479,100.63133016792602
47.49000000000274,2.023447752574314,100.64449884594221
47.500000000002736,2.0244027705457013,100.65762101506073
47.510000000002734,2.025363361087931,100.6706968190465
47.52000000000274,2.0263295562840162,100.68372640064355
47.530000000002744,2.0273013885544926,100.69670990157908
47.54000000000274,2.028278890660961,100.70964746256722
47.55000000000274,2.029262095709683,100.72253922331295
47.560000000002745,2.030251037155227,100.73538532251584
47.57000000000275,2.0312457488041695,100.74818589787377
47.58000000000275,2.032246264818844,100.76094108608659
47.590000000002746,2.0332526197211593,100.77365102285978
47.60000000000275,2.034264848396469,100.78631584290794
47.610000000002756,2.0352829860974877,100.79893567995836
47.620000000002754,2.0363070684482834,100.81151066675446
47.63000000000275,2.037337131448316,100.82404093505913
47.64000000000276,2.0383732114765434,100.83652661565822
47.65000000000276,2.03941534529558,100.84896783836368
47.66000000000276,2.0404635700559264,100.86136473201694
47.67000000000276,2.0415179233002654,100.87371742449199
47.680000000002764,2.0425784429678076,100.88602604269862
47.69000000000277,2.04364516739871,100.8982907125854
47.70000000000277,2.0447181353385697,100.91051155914282
47.710000000002765,2.045797385942968,100.92268870640619
47.72000000000277,2.0468829587821005,100.93482227745871
47.730000000002775,2.047974893845458,100.9469123944341
47.74000000000277,2.049073231546597,100.95895917851968
47.75000000000277,2.0501780127279705,100.97096274995901
47.760000000002776,2.0512892786658328,100.98292322805464
47.77000000000278,2.052407071075224,100.99484073117084
47.78000000000278,2.053531432115025,101.00671537673605
47.79000000000278,2.054662404393093,101.01854728124569
47.80000000000278,2.0558000309714703,101.0303365602645
47.81000000000279,2.0569443553716797,101.042083328429
47.820000000002786,2.058095421580092,101.05378769945004
47.830000000002784,2.059253274053386,101.06544978611502
47.84000000000279,2.06041795772408,101.07706970029028
47.850000000002794,2.0615895180061625,101.08864755292329
47.86000000000279,2.0627680008007925,101.10018345404492
47.87000000000279,2.0639534525021035,101.11167751277159
47.880000000002795,2.0651459200030913,101.12312983730727
47.8900000000028,2.066345450701585,101.13454053494569
47.9000000000028,2.067552092506323,101.14590971207214
47.910000000002796,2.068765893843115,101.1572374741656
47.9200000000028,2.069986903661106,101.16852392580053
47.930000000002806,2.0712151714391265,101.17976917064871
47.940000000002804,2.072450747192161,101.19097331148106
47.9500000000028,2.073693681477892,101.2021364501693
47.96000000000281,2.0749440254033757,101.2132586876878
47.97000000000281,2.076201830631791,101.22434012411496
47.98000000000281,2.07746714938933,101.23538085863501
47.99000000000281,2.078740034472159,101.24638098953939
48.000000000002814,2.0800205392535243,101.25734061422828
48.01000000000282,2.08130871769094,101.26825982921203
48.02000000000282,2.0826046243335194,101.27913873011245
48.030000000002815,2.083908314329396,101.28997741166414
48.04000000000282,2.085219843433281,101.30077596771586
48.050000000002825,2.0865392680141297,101.31153449123154
48.06000000000282,2.087866645062942,101.32225307429157
48.07000000000282,2.089202032200677,101.3329318080938
48.080000000002826,2.090545487686298,101.34357078295469
48.09000000000283,2.0918970704249564,101.35417008831014
48.10000000000283,2.093256839976285,101.36472981271656
48.11000000000283,2.0946248565628554,101.37525004385165
48.12000000000283,2.0960011810787478,101.3857308685153
48.13000000000284,2.0973858750982703,101.39617237263023
48.140000000002836,2.0987790008848166,101.40657464124281
48.150000000002834,2.1001806213998755,101.41693775852369
48.16000000000284,2.1015908003121826,101.42726180776832
48.170000000002844,2.103009602007018,101.43754687139759
48.18000000000284,2.104437091595657,101.44779303095824
48.19000000000284,2.1058733349249925,101.4580003671233
48.200000000002845,2.1073183985872945,101.46816895969249
48.21000000000285,2.1087723499301405,101.47829888759249
48.22000000000285,2.110235257066516,101.48839022887717
48.230000000002846,2.1117071888850716,101.49844306072785
48.24000000000285,2.1131882150605614,101.50845745945341
48.250000000002856,2.1146784060644492,101.51843350049035
48.260000000002854,2.116177833175695,101.52837125840279
48.27000000000285,2.117686568491722,101.53827080688247
48.28000000000286,2.119204684939569,101.54813221874859
48.29000000000286,2.1207322562872317,101.55795556594776
48.30000000000286,2.1222693571551865,101.56774091955361
48.31000000000286,2.123816063028131,101.57748834976668
48.320000000002864,2.1253724502669016,101.58719792591391
48.33000000000287,2.1269385961206044,101.59686971644837
48.34000000000287,2.128514578738955,101.60650378894869
48.350000000002865,2.1301004771848295,101.61610021011856
48.36000000000287,2.131696371447023,101.62565904578621
48.370000000002875,2.1333023424532414,101.6351803609036
48.38000000000287,2.134918472083299,101.64466421954579
48.39000000000287,2.136544843182573,101.65411068491018
48.400000000002876,2.1381815395756605,101.6635198193156
48.41000000000288,2.1398286460802893,101.67289168420133
48.42000000000288,2.1414862485214727,101.6822263401263
48.43000000000288,2.143154433745912,101.6915238467679
48.44000000000288,2.144833289636644,101.70078426292082
48.45000000000289,2.1465229051279517,101.71000764649602
48.460000000002886,2.148223370220538,101.71919405451933
48.470000000002884,2.149934775996968,101.72834354313022
48.48000000000289,2.15165721463739,101.73745616758038
48.490000000002894,2.1533907794355187,101.7465319822322
48.50000000000289,2.1551355648149313,101.75557104055734
48.51000000000289,2.1568916663456306,101.76457339513505
48.520000000002895,2.158659180760916,101.77353909765054
48.5300000000029,2.1604382059745637,101.78246819889318
48.5400000000029,2.1622288410983,101.79136074875473
48.550000000002896,2.1640311864596136,101.80021679622739
48.5600000000029,2.1658453436198695,101.80903638940192
48.570000000002906,2.1676714153927676,101.81781957546549
48.580000000002904,2.1695095058631315,101.82656640069962
48.5900000000029,2.171359720406042,101.83527691047796
48.60000000000291,2.1732221657063295,101.84395114926406
48.61000000000291,2.175096949778407,101.85258916060893
48.62000000000291,2.176984181986493,101.86119098714866
48.63000000000291,2.1788839730651928,101.86975667060196
48.640000000002914,2.1807964351404716,101.87828625176745
48.65000000000292,2.182721681751007,101.88677977052107
48.66000000000292,2.1846598278699507,101.89523726581331
48.670000000002915,2.186610989927101,101.90365877566634
48.68000000000292,2.1885752858314826,101.91204433717112
48.690000000002925,2.190552834994355,101.92039398648436
48.70000000000292,2.1925437583526604,101.92870775882545
48.71000000000292,2.1945481783929175,101.93698568847326
48.720000000002926,2.1965662191755655,101.94522780876287
48.73000000000293,2.1985980063597688,101.95343415208224
48.74000000000293,2.200643667228713,101.9616047498687
48.75000000000293,2.202703330715368,101.9697396326055
48.76000000000293,2.2047771274287684,101.97783882981805
48.77000000000294,2.2068651896807774,101.98590237007036
48.780000000002936,2.2089676515133942,101.99393028096104
48.790000000002934,2.2110846487265734,102.0019225891195
48.80000000000294,2.2132163189066025,102.00987932020196
48.810000000002944,2.215362801455029,102.01780049888723
48.82000000000294,2.217524237618144,102.02568614887255
48.83000000000294,2.2197007705170817,102.0335362928694
48.840000000002945,2.2218925451784695,102.04135095259886
48.85000000000295,2.2240997085657135,102.04913014878728
48.86000000000295,2.2263224096109084,102.05687390116161
48.870000000002946,2.228560799247371,102.06458222844465
48.88000000000295,2.2308150304428347,102.07225514835028
48.890000000002956,2.2330852582333036,102.07989267757846
48.900000000002954,2.2353716397575965,102.08749483181019
48.91000000000295,2.2376743342925964,102.09506162570246
48.92000000000296,2.2399935032891887,102.1025930728828
48.93000000000296,2.2423293104089654,102.11008918594409
48.94000000000296,2.244681921561657,102.11754997643888
48.95000000000296,2.2470515049433333,102.12497545487393
48.960000000002964,2.249438231075412,102.13236563070441
48.97000000000297,2.2518422728444296,102.13972051232801
48.98000000000297,2.2542638055426893,102.14704010707902
48.990000000002965,2.2567030069097136,102.15432442122224
49.00000000000297,2.2591600571745736,102.16157345994671
49.010000000002975,2.261635139099111,102.16878722735942
49.02000000000297,2.264128438022056,102.17596572647874
49.03000000000297,2.266640141904092,102.18310895922794
49.040000000002976,2.2691704413738516,102.19021692642835
49.05000000000298,2.2717195297749093,102.1972896277925
49.06000000000298,2.2742876032137533,102.20432706191716
49.07000000000298,2.2768748606088045,102.21132922627609
49.08000000000298,2.279481503740483,102.21829611721294
49.09000000000299,2.2821077373023293,102.2252277299336
49.100000000002986,2.2847537689532533,102.23212405849873
49.110000000002984,2.2874198093709226,102.23898509581608
49.12000000000299,2.290106072306279,102.24581083363256
49.130000000002994,2.2928127746392755,102.25260126252623
49.14000000000299,2.295540136435821,102.25935637189814
49.15000000000299,2.298288381005992,102.26607614996398
49.160000000002995,2.3010577349635026,102.27276058374562
49.170000000003,2.303848428286516,102.2794096590625
49.180000000003,2.3066606943797905,102.28602336052272
49.190000000002996,2.309494770138239,102.29260167151412
49.200000000003,2.31235089601188,102.29914457419524
49.21000000000301,2.3152293160722683,102.30565204948581
49.220000000003004,2.3181302780804156,102.31212407705743
49.230000000003,2.321054033556267,102.31856063532388
49.24000000000301,2.324000837849729,102.32496170143122
49.25000000000301,2.3269709502133473,102.33132725124783
49.26000000000301,2.3299646338766205,102.33765725935419
49.27000000000301,2.332982156122061,102.34395169903254
49.280000000003014,2.3360237883629726,102.3502105422562
49.29000000000302,2.33908980622305,102.35643375967896
49.30000000000302,2.3421804896178293,102.36262132062387
49.310000000003015,2.3452961228380453,102.36877319307236
49.32000000000302,2.348436994634928,102.37488934365267
49.330000000003025,2.351603398307519,102.38096973762836
49.34000000000302,2.3547956317920424,102.38701433888649
49.35000000000302,2.358013997753412,102.39302310992569
49.360000000003026,2.3612588036788984,102.39899601184386
49.37000000000303,2.3645303619740448,102.40493300432583
49.38000000000303,2.36782899006088,102.41083404563062
49.39000000000303,2.3711550104785104,102.41669909257863
49.40000000000303,2.374508750986143,102.42252810053849
49.41000000000304,2.377890544668588,102.42832102341373
49.420000000003036,2.381300730044368,102.43407781362922
49.430000000003034,2.3847396511764587,102.43979842211722
49.44000000000304,2.3882076577857623,102.44548279830352
49.450000000003044,2.3917051053673553,102.45113089009287
49.46000000000304,2.3952323553096604,102.45674264385462
49.47000000000304,2.398789775016553,102.46231800440772
49.480000000003045,2.402377738032547,102.46785691500567
49.49000000000305,2.405996624171087,102.47335931732115
49.50000000000305,2.409646819646114,102.47882515143039
49.510000000003046,2.41332871720694,102.48425435579713
49.52000000000305,2.417042716276561,102.48964686725661
49.53000000000306,2.4207892230934887,102.49500262099886
49.540000000003054,2.42456865085723,102.50032155055197
49.55000000000305,2.4283814198775224,102.50560358776511
49.56000000000306,2.4322279577274073,102.51084866279098
49.57000000000306,2.436108699400281,102.51605670406813
49.58000000000306,2.4400240874710692,102.52122763830303
49.59000000000306,2.4439745722615944,102.52636139045158
49.600000000003064,2.4479606120103137,102.53145788370057
49.61000000000307,2.451982673046526,102.53651703944857
49.62000000000307,2.456041229969226,102.54153877728663
49.630000000003065,2.460136765830703,102.5465230149786
49.64000000000307,2.4642697723250886,102.55146966844104
49.650000000003075,2.4684407499819363,102.55637865172287
49.66000000000307,2.472650208365065,102.56124987698452
49.67000000000307,2.476898666276801,102.56608325447688
49.680000000003076,2.481186651967764,102.57087869251974
49.69000000000308,2.4855147033524205,102.57563609747989
49.70000000000308,2.4898833682305663,102.58035537374873
49.71000000000308,2.49429320451493,102.58503642371974
49.72000000000308,2.4987447804651084,102.58967914776528
49.73000000000309,2.503238674928006,102.59428344421302
49.740000000003086,2.507775477585026,102.59884920932201
49.750000000003084,2.5123557892062536,102.60337633725837
49.76000000000309,2.516980221911789,102.6078647200704
49.770000000003094,2.521649399440524,102.61231424766332
49.78000000000309,2.526363957426601,102.6167248077735
49.79000000000309,2.531124543683838,102.62109628594233
49.800000000003095,2.535931818498285,102.62542856548949
49.8100000000031,2.540786454929327,102.62972152748583
49.8200000000031,2.5456891391195264,102.63397505072568
49.830000000003096,2.5506405706135338,102.63818901169867
49.8400000000031,2.555641462686397,102.64236328456111
49.85000000000311,2.5606925426815246,102.64649774110677
49.860000000003105,2.565794552358746,102.6505922507371
49.8700000000031,2.570948248252729,102.65464668043099
49.88000000000311,2.576154402042137,102.65866089471389
49.89000000000311,2.5814138009299565,102.66263475562647
49.90000000000311,2.5867272480352743,102.66656812269251
49.91000000000311,2.592095562797103,102.67046085288646
49.920000000003114,2.597519581390437,102.67431280060015
49.93000000000312,2.6030001571551864,102.67812381760899
49.94000000000312,2.6085381610383607,102.68189375303761
49.950000000003115,2.6141344820499977,102.6856224533247
49.96000000000312,2.6197900277333277,102.68930976218732
49.970000000003125,2.625505724649704,102.69295552058456
49.98000000000312,2.6312825188788524,102.6965595666803
49.99000000000312,2.6371213765350148,102.70012173580562
50.000000000003126,2.643023284299536,102.70364186042016
50.01000000000313,2.648989249970533,102.70711977007296
50.02000000000313,2.655020303030333,102.71055529136258
50.03000000000313,2.6611174952312613,102.7139482478962
50.04000000000313,2.6672819012005724,102.7172984602483
50.05000000000314,2.6735146190651875,102.7206057459183
50.060000000003136,2.679816771096999,102.72386991928754
50.070000000003134,2.6861895043796458,102.72709079157524
50.08000000000314,2.6926339914974236,102.73026817079386
50.090000000003144,2.699151431247314,102.7334018617035
50.10000000000314,2.7057430493750316,102.7364916657653
50.11000000000314,2.712410099335999,102.73953738109414
50.120000000003145,2.71915386308226,102.74253880241031
50.13000000000315,2.725975651876364,102.74549572099025
50.14000000000315,2.7328768071332687,102.74840792461637
50.150000000003146,2.739858701291707,102.7512751975259
50.16000000000315,2.7469227387154063,102.75409732035864
50.17000000000316,2.75407035662644,102.75687407010375
50.180000000003155,2.7613030260712694,102.75960522004559
50.19000000000315,2.7686222529211624,102.76229053970827
50.20000000000316,2.77602957890826,102.76492979479946
50.21000000000316,2.783526582698912,102.76752274715255
50.22000000000316,2.7911148810057984,102.77006915466825
50.23000000000316,2.7987961297405013,102.77256877125461
50.240000000003164,2.806572025208188,102.77502134676602
50.25000000000317,2.8144443053462838,102.77742662694098
50.26000000000317,2.8224147510090645,102.77978435333854
50.270000000003165,2.8304851872999808,102.78209426327346
50.28000000000317,2.8386574849543202,102.7843560897504
50.290000000003175,2.8469335617733154,102.78656956139613
50.30000000000317,2.8553153841134185,102.78873440239089
50.31000000000317,2.863804968432169,102.79085033239821
50.320000000003176,2.872404382893516,102.79291706649325
50.33000000000318,2.8811157490352923,102.79493431508965
50.34000000000318,2.889941243501682,102.79690178386498
50.35000000000318,2.898883099843607,102.7988191736846
50.36000000000318,2.907943610390127,102.80068618052388
50.37000000000319,2.917125128194246,102.80250249538894
50.380000000003186,2.9264300690564946,102.80426780423561
50.390000000003184,2.9358609136300897,102.80598178788684
50.40000000000319,2.9454202096112865,102.80764412194819
50.410000000003194,2.9551105740192005,102.8092544767218
50.42000000000319,2.9649346955693425,102.81081251711832
50.43000000000319,2.974895337145288,102.81231790256705
50.440000000003195,2.984995338373396,102.81377028692425
50.4500000000032,2.9952376183054494,102.81516931837946
50.4600000000032,3.005625178214747,102.81651463935974
50.470000000003196,3.016161104511109,102.81780588643198
50.4800000000032,3.0268485717808136,102.81904269020312
50.49000000000321,3.037690845957709,102.82022467521799
50.500000000003205,3.048691287632266,102.82135145985532
50.5100000000032,3.0598533555054743,102.8224226562212
50.52000000000321,3.071180609995192,102.82343787004032
50.53000000000321,3.0826767170026113,102.82439670054485
50.54000000000321,3.0943454518475626,102.82529874036092
50.55000000000321,3.1061907033811558,102.82614357539246
50.560000000003214,3.118216478285584,102.82693078470268
50.57000000000322,3.130426905570554,102.82765994039285
50.58000000000322,3.1428262412775094,102.82833060747824
50.590000000003215,3.1554188734025286,102.82894234376154
50.60000000000322,3.168209327050014,102.82949469970337
50.610000000003225,3.1812022698297797,102.82998721828976
50.62000000000322,3.1944025175112953,102.83041943489681
50.63000000000322,3.2078150399492418,102.83079087715225
50.640000000003226,3.22144496729576,102.83110106479378
50.65000000000323,3.23529759651585,102.83134950952432
50.66000000000323,3.249378398223095,102.83153571486389
50.67000000000323,3.2636930238544855,102.83165917599806
50.68000000000323,3.2782473132039027,102.83171937962297
50.69000000000324,3.293047302335495,102.83171580378679
50.700000000003236,3.308099231899472,102.83164791772747
50.710000000003234,3.323409555874428,102.83151518170666
50.72000000000324,3.3389849507617675,102.83131704684003
50.730000000003244,3.3548323252600314,102.83105295492311
50.74000000000324,3.3709588304483393,102.83072233825364
50.75000000000324,3.38737187051073,102.83032461944923
50.760000000003245,3.40407911403505,102.82985921126101
50.77000000000325,3.4210885059225467,102.8293255163827
50.78000000000325,3.4384082799474243,102.82872292725521
50.790000000003246,3.456046972007761,102.82805082586646
50.80000000000325,3.4740134341126323,102.82730858354653
50.81000000000326,3.492316849153863,102.82649556075772
50.820000000003255,3.5109667465140233,102.82561110687962
50.83000000000325,3.5299730185668063,102.82465455998891
50.84000000000326,3.5493459381282357,102.82362524663382
50.85000000000326,3.569096176927381,102.82252248160304
50.86000000000326,3.5892348251612254,102.82134556768887
50.87000000000326,3.6097734122129506,102.82009379544465
50.880000000003264,3.6307239286133233,102.81876644293615
50.89000000000327,3.652098849333565,102.81736277548663
50.90000000000327,3.673911158504859,102.81588204541565
50.910000000003265,3.696174375667471,102.81432349177132
50.92000000000327,3.718902583661014,102.8126863400558
50.930000000003275,3.7421104582769615,102.81096980194374
50.94000000000327,3.765813299804686,102.80917307499367
50.95000000000327,3.790027066613815,102.80729534235206
50.96000000000328,3.814768410927536,102.80533577244964
50.97000000000328,3.8400547169559274,102.80329351869007
50.98000000000328,3.865904141572911,102.80116771913042
50.99000000000328,3.8923356577369588,102.79895749615346
51.00000000000328,3.919369100874072,102.7966619561314
51.01000000000329,3.9470252184614174,102.7942801890807
51.020000000003286,3.9753257230728267,102.79181126830798
51.030000000003284,4.0042933491710215,102.7892542500465
51.04000000000329,4.033951913959411,102.78660817308297
51.050000000003294,4.064326382636058,102.78387205837439
51.06000000000329,4.095442938426545,102.7810449086548
51.07000000000329,4.127329057806581,102.77812570803141
51.080000000003295,4.160013591375663,102.77511342156956
51.0900000000033,4.1935268508737735,102.77200699486681
51.1000000000033,4.227900702900802,102.76880535361533
51.110000000003296,4.263168669945152,102.76550740315206
51.1200000000033,4.299366039396799,102.76211202799692
51.13000000000331,4.3365299812907,102.75861809137795
51.140000000003305,4.374699675608005,102.75502443474339
51.1500000000033,4.413916450052969,102.75132987726029
51.16000000000331,4.454223929325178,102.74753321529889
51.17000000000331,4.495668197023306,102.74363322190261
51.18000000000331,4.538297971445078,102.73962864624315
51.19000000000331,4.582164796696266,102.73551821305986
51.200000000003314,4.627323250687595,102.73130062208352
51.21000000000332,4.673831171787177,102.72697454744329
51.22000000000332,4.72174990611234,102.72253863705676
51.230000000003315,4.771144577687423,102.71799151200226
51.24000000000332,4.822084383974883,102.7133317658731
51.250000000003325,4.874642919605443,102.70855796411271
51.26000000000332,4.9288985314998595,102.7036686433306
51.27000000000332,4.984934708993063,102.69866231059785
51.28000000000333,5.042840513056767,102.69353744272193
51.29000000000333,5.102711049271507,102.68829248549984
51.30000000000333,5.164647989845772,102.68292585294901
51.31000000000333,5.228760150723259,102.67743592651492
51.32000000000333,5.295164130687914,102.67182105425499
51.33000000000334,5.363985020384678,102.66607954999755
51.340000000003336,5.435357190352319,102.66020969247512
51.350000000003334,5.509425168543863,102.65420972443131
51.36000000000334,5.586344619429403,102.64807785169991
51.370000000003344,5.666283438682565,102.64181224225571
51.38000000000334,5.749422979705363,102.63541102523565
51.39000000000334,5.835959430911621,102.62887228992923
51.400000000003345,5.926105365864512,102.6221940847374
51.41000000000335,6.020091492143804,102.61537441609825
51.42000000000335,6.118168629350842,102.60841124737878
51.430000000003346,6.220609952099001,102.60130249773107
51.44000000000335,6.327713540402141,102.59404604091185
51.45000000000336,6.439805287824587,102.5866397040637
51.460000000003355,6.557242227422812,102.57908126645705
51.47000000000335,6.680416347323471,102.5713684581907
51.48000000000336,6.809758982274302,102.56349895884992
51.49000000000336,6.945745885383559,102.5554703961202
51.50000000000336,7.088903106422798,102.54728034435495
51.51000000000336,7.239813830675024,102.53892632309548
51.520000000003364,7.399126366921056,102.53040579554124
51.53000000000337,7.567563516770074,102.52171616696846
51.54000000000337,7.745933612881993,102.51285478309514
51.550000000003365,7.935143584282346,102.50381892839017
51.56000000000337,8.136214497825847,102.4946058243246
51.570000000003375,8.350300142566125,102.48521262756229
51.58000000000337,8.578709377456043,102.47563642808801
51.59000000000337,8.82293316513817,102.46587424726992
51.60000000000338,9.084677483366185,102.45592303585433
51.61000000000338,9.36590366610203,102.44577967188917
51.62000000000338,9.668878214801728,102.43544095857428
51.63000000000338,9.996234789622987,102.42490362203418
51.64000000000338,10.351052018039608,102.41416430901141
51.65000000000339,10.736952061173172,102.40321958447596
51.660000000003386,11.158226733284131,102.39206592914795
51.670000000003384,11.62000065189733,102.38069973692959
51.68000000000339,12.12844483843071,102.3691173122424
51.690000000003394,12.691060091104418,102.35731486726607
51.70000000000339,13.317058467488785,102.34528851907402
51.71000000000339,14.017885298919424,102.33303428666174
51.720000000003395,14.807946724457098,102.32054808786278
51.7300000000034,15.705644926759712,102.3078257361477
51.7400000000034,16.734886580035262,102.2948629373006
51.750000000003396,17.92734194688889,102.28165528596777
51.7600000000034,19.325938707733435,102.26819826207266
51.77000000000341,20.9904764245495,102.25448722709126
51.780000000003405,23.007079486527566,102.24051742018135
51.7900000000034,25.50506870694497,102.2262839541588
51.80000000000341,28.689440854274057,102.21178181131417
51.81000000000341,32.910207567813075,102.19700583906187
51.82000000000341,38.83489896728775,102.18195074541411
51.83000000000341,48.00522801710073,102.16661109427142
51.840000000003414,66.20175610745505,102.15098130052084
51.85000000000342,,102.13505562493297
51.86000000000342,,102.11882816884761
51.870000000003415,,102.10229286863806
51.88000000000342,,102.08544348994347
51.890000000003425,,282.0682736216574
51.90000000000342,,282.05077666966065
51.91000000000342,,282.0329458502855
51.92000000000343,70.67304742725395,282.01477418349856
51.93000000000343,47.959661269081124,281.9962544857866
51.94000000000343,37.639992256832514,281.9773793627317
51.95000000000343,31.157575473963757,281.9581412012585
51.96000000000343,26.61128692887131,281.93853216153764
51.97000000000344,23.21717137214962,281.91854416852686
51.980000000003436,20.575048581770286,281.8981689031306
51.990000000003434,18.454708263270167,281.8773977929582
52.00000000000344,16.712827921537276,281.8562220026597
52.010000000003444,15.25493200783079,281.8346324238157
52.02000000000344,14.015961949414548,281.81261966435767
52.03000000000344,12.949532612339167,281.7901740374926
52.040000000003445,12.021619384838434,281.7672855501063
52.05000000000345,11.20666466364672,281.74394389061376
52.06000000000345,10.485079364227671,281.7201384162282
52.070000000003446,9.841585510497094,281.69585813961504
52.08000000000345,9.264085247096025,281.67109171489545
52.09000000000346,8.742870006320993,281.6458274229635
52.100000000003455,8.270055610306278,281.6200531560761
52.11000000000345,7.839171101198379,281.59375640167394
52.12000000000346,7.444854417164481,281.56692422538924
52.13000000000346,7.082623748862202,281.5395432531902
52.14000000000346,6.748703419177441,281.51159965261263
52.15000000000346,6.439889649998872,281.4830791130235
52.160000000003464,6.153445917113662,281.45396682485625
52.17000000000347,5.8870205334338515,281.4242474577572
52.18000000000347,5.638581126424601,281.3939051375746
52.190000000003465,5.406362093445147,281.3629234221179
52.20000000000347,5.188822125280078,281.3312852756117
52.210000000003475,4.984609612112749,281.29897304176
52.22000000000347,4.792534273247032,281.2659684153328
52.23000000000347,4.611543739870695,281.2322524121797
52.24000000000348,4.440704108773923,281.1978053375683
52.25000000000348,4.2791837017199414,281.1626067527368
52.26000000000348,4.126239429472851,281.12663543954295
52.27000000000348,3.9812052850910353,281.08986936308196
52.28000000000348,3.8434825878803633,281.05228563213575
52.29000000000349,3.712531674530894,281.01386045730624
52.300000000003486,3.5878647927114615,280.9745691066732
52.310000000003484,3.4690399986320606,280.93438585880307
52.32000000000349,3.355655896715059,280.8932839529259
52.330000000003494,3.2473470886959124,280.8512355360761
52.34000000000349,3.1437802228671528,280.8082116069817
52.35000000000349,3.044650553025634,280.76418195646636
52.360000000003495,2.94967893194487,280.7191151041094
52.3700000000035,2.858609176618094,280.6729782308867
52.3800000000035,2.7712057526753267,280.6257371074939
52.390000000003496,2.687251733720456,280.57735601802443
52.4000000000035,2.606546998218242,280.5277976786509
52.41000000000351,2.528906632258882,280.4770231509229
52.420000000003505,2.4541595112687262,280.4249917492617
52.4300000000035,2.3821470376906593,280.3716609421971
52.44000000000351,2.3127220149725294,280.31698624684645
52.45000000000351,2.245747640984827,280.2609211160921
52.46000000000351,2.1810966063392283,280.2034168178632
52.47000000000351,2.118650285065433,280.1444223058714
52.480000000003514,2.0582980067917176,280.0838840810885
52.49000000000352,1.9999364010078573,280.0217460431853
52.50000000000352,1.943468805215346,279.95794933107624
52.510000000003515,1.888804729819398,279.8924321516285
52.52000000000352,1.8358593735150661,279.825129595502
52.530000000003525,1.7845531836970618,279.75597343898295
52.54000000000352,1.734811457088032,279.68489193055444
52.55000000000352,1.6865639763604163,279.6118095608235
52.56000000000353,1.6397446790261156,279.53664681427324
52.57000000000353,1.5942913553033908,279.45931990115247
52.58000000000353,1.5501453720497063,279.3797404676289
52.59000000000353,1.5072514201788763,279.29781528213283
52.60000000000353,1.4655572832702972,279.213445895587
52.61000000000354,1.4250136253312873,279.1265282729635
52.620000000003536,1.3855737958943528,279.0369523933158
52.630000000003534,1.3471936508287423,278.9446018151114
52.64000000000354,1.3098313874157876,278.8493532033184
52.650000000003544,1.273447392391002,278.7510758142821
52.66000000000354,1.2380041017891137,278.64963093395437
52.67000000000354,1.2034658715486266,278.54487126449936
52.680000000003545,1.169798857937129,278.436640253689
52.69000000000355,1.136970906953317,278.32477136079996
52.70000000000355,1.1049514519450498,278.209087251931
52.71000000000355,1.0737114187581829,278.0893989167474
52.72000000000355,1.043223137797097,277.96550469761144
52.73000000000356,1.0134602624386626,277.83718922086337
52.740000000003555,0.9843976932946985,277.70422221863544
52.75000000000355,0.9560115078667268,277.5663572279864
52.76000000000356,0.9282788951812428,277.4233301523146
52.77000000000356,0.9011780950328848,277.2748576678702
52.78000000000356,0.8746883414994695,277.1206354557232
52.79000000000356,0.8487898104258554,276.9603362366646
52.800000000003564,0.823463570604647,276.7936075831798
52.81000000000357,0.798691538408837,276.62006947870316
52.82000000000357,0.7744564356590358,276.43931158979314
52.830000000003565,0.7507417505317989,276.2508902114692
52.84000000000357,0.7275317013396481,276.0543248396204
52.850000000003575,0.7048112030360608,275.84909431690045
52.86000000000357,0.6825658363206252,275.6346324896672
52.87000000000357,0.6607818192424332,275.4103233030003
52.88000000000358,0.6394459812219716,275.1754952483099
52.89000000000358,0.6185457394351747,274.9294150630915
52.90000000000358,0.5980690775283574,274.6712805644823
52.91000000000358,0.5780045266594004,274.40021247676736
52.92000000000358,0.5583411488907185,274.115245087085
52.93000000000359,0.539068522992649,273.8153155322781
52.940000000003586,0.520176732754551,273.49925148189976
52.950000000003584,0.5016563579461287,273.1657569362596
52.96000000000359,0.48349846812473457,272.813395802145
52.970000000003594,0.46569461954816593,272.44057284003395
52.98000000000359,0.44823685553055825,272.04551149219685
52.99000000000359,0.43111771067401494,271.62622799720594
53.000000000003595,0.41433021952643584,271.18050106823097
53.0100000000036,0.3978679303629783,270.7058362540461
53.0200000000036,0.38172492497251576,270.19942390534044
53.0300000000036,0.3658958455638738,269.65808942533897
53.0400000000036,0.3503759302018005,269.07823418125594
53.05000000000361,0.3351610585614181,268.45576507769545
53.060000000003605,0.3202478102743498,267.7860103279505
53.0700000000036,0.30563353876620264,267.0636183851689
53.08000000000361,0.2913164642949204,266.2824362919962
53.09000000000361,0.2772957909505079,265.43536285558184
53.10000000000361,0.2635718537431688,264.5141710432769
53.11000000000361,0.25014630368306573,263.5092928312832
53.120000000003614,0.23702234105694875,262.40955847557905
53.13000000000362,0.2242050100726937,261.20188095096245
53.14000000000362,0.2117015718167954,259.87087542793967
53.150000000003615,0.1995219771708185,258.3984037512774
53.16000000000362,0.18767946696839982,256.76303614371625
53.170000000003625,0.17619133296215425,254.93942899451477
53.18000000000362,0.1650798791739248,252.89763256289731
53.19000000000362,0.1543736266187352,250.60237256195776
53.20000000000363,0.14410880025130013,248.0124061117534
53.21000000000363,0.13433111541007917,245.08015249759134
53.22000000000363,0.1250978239024331,241.7519647819199
53.23000000000363,0.11647985706330537,237.96965893229495
53.24000000000363,0.10856367218875329,233.67424134176534
53.25000000000364,0.10145202939432481,228.81306404004
53.260000000003636,0.09526241279297304,223.351565935538
53.270000000003634,0.0901213499498421,217.28969793321238
53.28000000000364,0.08615298555569237,210.68036700483412
53.290000000003644,0.08346171126253923,203.6429932815123
53.30000000000364,0.08211181722691618,196.3623043283327
53.31000000000364,0.08211070403952705,189.06569099025057
53.320000000003645,0.08340299504872091,181.98347967111832
53.33000000000365,0.08587874237995388,175.30794781532106
53.34000000000365,0.08939217270999816,169.1678224806453
53.35000000000365,0.09378331440499234,163.624401537163
53.36000000000365,0.09889581871610151,158.68371206827624
53.37000000000366,0.10458810811143658,154.31479659898233
53.380000000003655,0.11073831478931914,150.4666492292247
53.39000000000365,0.11724493438198451,147.08062316262811
53.40000000000366,0.12402514121561257,144.09814599516437
53.41000000000366,0.13101215418261444,141.4648331422267
53.42000000000366,0.13815245770606027,139.13225072881963
53.43000000000366,0.14540326386191071,137.05831409603005
53.440000000003664,0.15273035507759514,135.20697896451392
53.45000000000367,0.16010632118421275,133.54761985584898
53.46000000000367,0.16750915028845645,132.0543141707205
53.470000000003665,0.17492111587733047,130.70514289768062
53.48000000000367,0.18232790285698386,129.481557683633
53.490000000003675,0.1897179223471993,128.36783107714487
53.50000000000367,0.19708177392784387,127.35059022023562
53.51000000000367,0.20441182245923803,126.41842678582354
53.52000000000368,0.2117018637904177,125.5615732670361
53.53000000000368,0.21894685948971884,124.77163542526607
53.54000000000368,0.226142725307649,124.04137149485649
53.55000000000368,0.23328616161944463,123.36450994205526
53.56000000000368,0.24037451680645086,122.73559884424165
53.57000000000369,0.24740567660460255,122.14988113634796
53.580000000003686,0.25437797402582174,121.60319100449694
53.590000000003684,0.26129011566175686,121.09186757973303
53.60000000000369,0.26814112109983446,120.61268280704066
53.610000000003694,0.2749302728876343,120.16278095507977
53.62000000000369,0.28165707502562426,119.73962771070042
53.63000000000369,0.28832121838878894,119.34096718878594
53.640000000003695,0.2949225518045057,118.96478549938993
53.6500000000037,0.3014610577690838,118.60927976493518
53.6600000000037,0.30793683198547417,118.27283168234021
53.6700000000037,0.3143500660623557,117.95398488801453
53.6800000000037,0.3207010328390273,117.65142551553662
53.69000000000371,0.32699007390085283,117.36396544261123
53.700000000003705,0.3332175889282405,117.09052781076173
53.7100000000037,0.33938402658645866,116.8301344719017
53.72000000000371,0.3454898767145833,116.58189507373591
53.73000000000371,0.35153566361359584,116.34499754329862
53.74000000000371,0.3575219402673851,116.11869976688313
53.75000000000371,0.36344928335791593,115.90232229673335
53.760000000003714,0.36931828895835206,115.69524194143733
53.77000000000372,0.37512956880680387,115.49688611899762
53.78000000000372,0.38088374707835293,115.30672786991515
53.790000000003715,0.38658145758594004,115.12428144293185
53.80000000000372,0.39222334135116627,114.94909837890653
53.810000000003726,0.3978100444949251,114.78076402906534
53.82000000000372,0.40334221640517404,114.61889445293625
53.83000000000372,0.4088205081452501,114.46313364893781
53.84000000000373,0.41424557107146304,114.31315107707196
53.85000000000373,0.419618055632998,114.16863943867922
53.86000000000373,0.42493861033108615,114.0293126828931
53.87000000000373,0.43020788081710454,113.89490421344323
53.88000000000373,0.4354265091126774,113.76516527285436
53.89000000000374,0.44059513293645786,113.6398634840425
53.900000000003736,0.44571438512467726,113.51878153181703
53.910000000003734,0.45078489313401504,113.40171596897434
53.92000000000374,0.45580727861695736,113.28847613354007
53.930000000003744,0.460782157060844,113.17888316534427
53.94000000000374,0.4657101374831957,113.07276911151192
53.95000000000374,0.47059182217652745,112.96997611168277
53.960000000003745,0.4754278064968536,112.8703556548317
53.97000000000375,0.48021867869076146,112.77376790049183
53.98000000000375,0.48496501975651446,112.68008105799287
53.99000000000375,0.4896674033351882,112.58917081803844
54.00000000000375,0.4943263956283515,112.5009198315677
54.01000000000376,0.49894255533908893,112.41521723139651
54.020000000003755,0.503516433633733,112.33195819261228
54.03000000000375,0.508048574121775,112.25104352812416
54.04000000000376,0.5125395128517923,112.17237931614554
54.05000000000376,0.5169897783214927,112.09587655671633
54.06000000000376,0.5213998915001713,112.02145085466775
54.07000000000376,0.5257703658620445,111.94902212669386
54.080000000003764,0.5301017074291073,111.87851433042542
54.09000000000377,0.5343944148222993,111.80985521360896
54.10000000000377,0.5386489793199418,111.74297608167693
54.110000000003765,0.5428658849224662,111.67781158216012
54.12000000000377,0.5470456084225696,111.61429950454026
54.130000000003776,0.551188619480049,111.5523805942718
54.14000000000377,0.5552953807006373,111.49199837981985
54.15000000000377,0.5593663477182547,111.43309901166634
54.16000000000378,0.5634019692800735,111.37563111233317
54.17000000000378,0.5674026873339753,111.31954563655422
54.18000000000378,0.5713689371179357,111.26479574080668
54.19000000000378,0.5753011472510001,111.21133666147999
54.20000000000378,0.5791997398254018,111.15912560102605
54.21000000000379,0.5830651304996441,111.10812162148679
54.220000000003786,0.5868977285921944,111.0582855448501
54.230000000003784,0.5906979371755747,111.00957985972931
54.24000000000379,0.5944661531706288,110.9619686339042
54.250000000003794,0.5982027674407584,110.9154174322997
54.26000000000379,0.6019081648859936,110.86989324001223
54.27000000000379,0.6055827245367276,110.82536439002637
54.280000000003795,0.6092268196469826,110.78180049529188
54.2900000000038,0.6128408177870618,110.73917238485902
54.3000000000038,0.6164250809355658,110.697452043791
54.3100000000038,0.6199799655705931,110.65661255659771
54.3200000000038,0.6235058227601019,110.61662805395143
54.33000000000381,0.6270029982513287,110.57747366246623
54.340000000003805,0.6304718325592427,110.53912545733652
54.3500000000038,0.6339126610539582,110.50156041764815
54.36000000000381,0.6373258140470747,110.46475638418731
54.37000000000381,0.640711616876883,110.4286920195867
54.38000000000381,0.6440703899924436,110.3933467706593
54.39000000000381,0.6474024490364938,110.35870083278094
54.400000000003814,0.6507081049271612,110.32473511619345
54.41000000000382,0.6539876639384667,110.29143121410893
54.42000000000382,0.6572414277796068,110.25877137250339
54.430000000003815,0.6604696936730262,110.22673846149706
54.44000000000382,0.6636727544312426,110.19531594822473
54.450000000003826,0.6668508985324353,110.16448787110706
54.460000000003824,0.6700044101948082,110.13423881543854
54.47000000000382,0.6731335694497256,110.10455389021493
54.48000000000383,0.67623865221361,110.07541870612721
54.49000000000383,0.6793199303586078,110.04681935465442
54.50000000000383,0.6823776717820649,110.01874238819147
54.51000000000383,0.6854121404747994,109.99117480115328
54.52000000000383,0.688423596588151,109.9641040119996
54.53000000000384,0.6914122964998671,109.93751784612873
54.540000000003836,0.6943784928788236,109.91140451959139
54.550000000003834,0.6973224347485711,109.8857526235796
54.56000000000384,0.7002443675497666,109.8605511096476
54.570000000003844,0.7031445332014267,109.83578927562527
54.58000000000384,0.7060231701611228,109.81145675218623
54.59000000000384,0.7088805134840436,109.78754349003536
54.600000000003845,0.7117167948809839,109.76403974768314
54.61000000000385,0.7145322427752612,109.74093607977542
54.62000000000385,0.7173270823585947,109.71822332594925
54.63000000000385,0.7201015356459571,109.69589260018765
54.64000000000385,0.7228558215293356,109.6739352806481
54.65000000000386,0.7255901558306275,109.6523429999383
54.660000000003855,0.7283047513534376,109.63110763581898
54.67000000000385,0.7309998179339502,109.61022130231049
54.68000000000386,0.7336755624908555,109.58967634118328
54.69000000000386,0.7363321890743215,109.5694653138132
54.70000000000386,0.7389698989140748,109.54958099338333
54.71000000000386,0.7415888904665675,109.53001635741548
54.720000000003864,0.7441893594612524,109.510764580615
54.73000000000387,0.7467714989460092,109.49181902801404
54.74000000000387,0.7493354993316983,109.47317324839841
54.750000000003865,0.7518815484358967,109.45482096800477
54.76000000000387,0.7544098315258077,109.43675608447519
54.770000000003876,0.7569205313603574,109.41897266105698
54.780000000003874,0.7594138282315058,109.40146492103615
54.79000000000387,0.7618899000048076,109.38422724239344
54.80000000000388,0.7643489221591685,109.36725415267345
54.81000000000388,0.766791067825899,109.35054032405564
54.82000000000388,0.7692165078270093,109.33408056861948
54.83000000000388,0.7716254107128167,109.31786983379362
54.84000000000388,0.7740179427988205,109.30190319798177
54.85000000000389,0.77639426820191,109.28617586635686
54.860000000003886,0.7787545488758955,109.27068316681589
54.870000000003884,0.7810989446463692,109.25542054608874
54.88000000000389,0.7834276132449319,109.24038356599388
54.890000000003894,0.7857407103427742,109.22556789983453
54.90000000000389,0.7880383895836477,109.21096932892941
54.91000000000389,0.7903208026161767,109.19658373927226
54.920000000003895,0.7925880991256877,109.18240711831376
54.9300000000039,0.7948404268653189,109.16843555186219
54.9400000000039,0.7970779316866385,109.15466522109634
54.9500000000039,0.7993007575696763,109.14109239968674
54.9600000000039,0.8015090466524081,109.1277134510204
54.97000000000391,0.8037029392596953,109.11452482552471
54.980000000003905,0.8058825739316928,109.10152305808664
54.9900000000039,0.8080480874517607,109.08870476556287
55.00000000000391,0.8101996148738381,109.07606664437765
55.01000000000391,0.8123372895493305,109.06360546820446
55.02000000000391,0.8144612431535165,109.0513180857282
55.03000000000391,0.8165716057114762,109.03920141848451
55.040000000003914,0.8186685056235351,109.02725245877352
55.05000000000392,0.8207520696902583,109.0154682676447
55.06000000000392,0.8228224231370066,109.00384597295002
55.070000000003915,0.8248796896380391,108.99238276746296
55.08000000000392,0.8269239913401741,108.98107590706057
55.090000000003926,0.8289554488860505,108.96992270896641
55.100000000003924,0.8309741814369558,108.9589205500515
55.11000000000392,0.8329803066952568,108.94806686519163
55.12000000000393,0.834973940926428,108.9373591456785
55.13000000000393,0.8369551989806857,108.92679493768274
55.14000000000393,0.8389241943142458,108.916371840767
55.15000000000393,0.8408810390102058,108.90608750644682
55.16000000000393,0.8428258437990597,108.89593963679799
55.17000000000394,0.844758718078839,108.88592598310831
55.180000000003936,0.8466797699349231,108.8760443445722
55.190000000003934,0.8485891061594842,108.8662925670267
55.20000000000394,0.850486832270609,108.85666854172717
55.210000000003944,0.8523730525310621,108.84717020416134
55.22000000000394,0.8542478699667545,108.83779553290024
55.23000000000394,0.8561113863848737,108.82854254848476
55.240000000003946,0.857963702391704,108.81940931234661
55.25000000000395,0.8598049174101344,108.8103939257622
55.26000000000395,0.8616351296968715,108.80149452883863
55.27000000000395,0.8634544363593618,108.79270929953029
55.28000000000395,0.8652629333724139,108.78403645268521
55.29000000000396,0.867060715594536,108.77547423912019
55.300000000003955,0.868847876784002,108.76702094472344
55.31000000000395,0.870624509614649,108.75867488958393
55.32000000000396,0.8723907056913877,108.75043442714666
55.33000000000396,0.8741465555654702,108.7422979433926
55.34000000000396,0.8758921487494862,108.73426385604293
55.35000000000396,0.8776275737321142,108.72633061378632
55.360000000003964,0.8793529179926303,108.71849669552861
55.37000000000397,0.8810682680151505,108.71076060966445
55.38000000000397,0.8827737093026621,108.7031208933695
55.390000000003965,0.8844693263908094,108.69557611191323
55.40000000000397,0.8861552028614468,108.68812485799111
55.410000000003976,0.8878314213559667,108.68076575107582
55.420000000003974,0.8894980635884155,108.67349743678672
55.43000000000397,0.8911552103583881,108.66631858627694
55.44000000000398,0.8928029415637071,108.65922789563795
55.45000000000398,0.8944413362128908,108.65222408532033
55.46000000000398,0.8960704724374301,108.64530589957064
55.47000000000398,0.8976904275038492,108.63847210588413
55.48000000000398,0.8993012778255843,108.63172149447207
55.49000000000399,0.9009030989746512,108.62505287774384
55.500000000003986,0.9024959656931367,108.6184650898032
55.510000000003984,0.9040799519045012,108.61195698595795
55.52000000000399,0.9056551307247018,108.60552744224299
55.530000000003994,0.9072215744731181,108.5991753549562
55.54000000000399,0.9087793546833319,108.59289964020655
55.55000000000399,0.9103285421137047,108.58669923347448
55.560000000003996,0.9118692067578119,108.58057308918357
55.570000000004,0.9134014178546822,108.57452018028397
55.580000000004,0.9149252438989014,108.56853949784633
55.590000000004,0.9164407526505394,108.56263005066661
55.600000000004,0.9179480111449226,108.55679086488111
55.61000000000401,0.9194470857022556,108.55102098359133
55.620000000004005,0.9209380419370848,108.54531946649888
55.630000000004,0.9224209447676193,108.5396853895493
55.64000000000401,0.9238958584249055,108.53411784458538
55.65000000000401,0.9253628464618479,108.52861593900906
55.66000000000401,0.9268219717621022,108.52317879545211
55.67000000000401,0.9282732965488246,108.51780555145491
55.680000000004014,0.929716882393282,108.51249535915352
55.69000000000402,0.9311527902233298,108.50724738497446
55.70000000000402,0.932581080331761,108.50206080933717
55.710000000004015,0.9340018123845293,108.49693482636374
55.72000000000402,0.9354150454288374,108.49186864359608
55.730000000004026,0.936820837901103,108.48686148171976
55.740000000004024,0.938219247634807,108.48191257429484
55.75000000000402,0.939610331868225,108.47702116749318
55.76000000000403,0.9409941472520262,108.47218651984213
55.77000000000403,0.9423707498567717,108.46740790197457
55.78000000000403,0.9437401951802873,108.46268459638483
55.79000000000403,0.9451025381549413,108.45801589719052
55.80000000000403,0.9464578331547892,108.45340110990014
55.81000000000404,0.9478061340026301,108.4488395511862
55.820000000004036,0.9491474939769482,108.44433054866359
55.830000000004034,0.9504819658187492,108.43987344067351
55.84000000000404,0.9518096017383054,108.43546757607213
55.850000000004044,0.9531304534217799,108.43111231402449
55.86000000000404,0.9544445720377674,108.42680702380318
55.87000000000404,0.9557520082437453,108.42255108459146
55.880000000004046,0.9570528121924029,108.4183438852914
55.89000000000405,0.958347033537899,108.41418482433596
55.90000000000405,0.9596347214420201,108.41007330950588
55.91000000000405,0.9609159245802484,108.40600875775036
55.92000000000405,0.9621906911477428,108.40199059501207
55.93000000000406,0.9634590688652219,108.39801825605616
55.940000000004055,0.9647211049847771,108.39409118430301
55.95000000000405,0.9659768462955877,108.39020883166488
55.96000000000406,0.9672263391295651,108.38637065838613
55.97000000000406,0.9684696293668964,108.3825761328872
55.98000000000406,0.9697067624415299,108.3788247316119
55.99000000000406,0.970937783346565,108.37511593887815
56.000000000004064,0.9721627366395711,108.37144924673213
56.01000000000407,0.9733816664478289,108.36782415480549
56.02000000000407,0.9745946164734978,108.3642401701759
56.030000000004065,0.9758016299987038,108.36069680723044
56.04000000000407,0.9770027498905669,108.35719358753218
56.050000000004076,0.9781980186061395,108.35373003968952
56.060000000004074,0.9793874781972878,108.35030569922849
56.07000000000407,0.9805711703155033,108.34692010846767
56.08000000000408,0.9817491362166387,108.343572816396
56.09000000000408,0.9829214167655819,108.34026337855296
56.10000000000408,0.9840880524408628,108.33699135691157
56.11000000000408,0.9852490833391978,108.3337563197637
56.12000000000408,0.9864045491799696,108.33055784160794
56.13000000000409,0.9875544893096369,108.32739550303977
56.140000000004086,0.9886989427060957,108.32426889064406
56.150000000004084,0.9898379479829708,108.32117759688983
56.16000000000409,0.9909715433938502,108.31812122002731
56.170000000004094,0.9920997668364583,108.3150993639869
56.18000000000409,0.9932226558567758,108.31211163828064
56.19000000000409,0.9943402476530987,108.30915765790525
56.200000000004096,0.9954525790800466,108.30623704324753
56.2100000000041,0.996559686652506,108.30334941999159
56.2200000000041,0.9976616065495318,108.30049441902791
56.2300000000041,0.9987583746181884,108.2976716763644
56.2400000000041,0.9998500263773342,108.29488083303919
56.25000000000411,1.0009365970213677,108.29212153503516
56.260000000004105,1.0020181214239068,108.28939343319635
56.2700000000041,1.003094634141432,108.2866961831458
56.28000000000411,1.004166169416874,108.28402944520538
56.29000000000411,1.0052327611831464,108.28139288431689
56.30000000000411,1.0062944430666447,108.27878616996496
56.31000000000411,1.0073512483906901,108.27620897610147
56.320000000004114,1.0084032101789269,108.27366098107132
56.33000000000412,1.0094503611586705,108.2711418675398
56.34000000000412,1.0104927337642255,108.2686513224214
56.350000000004115,1.011530360140143,108.26618903680996
56.36000000000412,1.0125632721444446,108.26375470591019
56.370000000004126,1.0135915013517969,108.26134802897052
56.380000000004124,1.01461507905665,108.2589687092174
56.39000000000412,1.015634036276331,108.25661645379058
56.40000000000413,1.0166484037541006,108.25429097368003
56.41000000000413,1.0176582119621593,108.25199198366366
56.42000000000413,1.0186634911046308,108.24971920224658
56.43000000000413,1.0196642711204875,108.24747235160133
56.44000000000413,1.020660581686453,108.24525115750936
56.45000000000414,1.0216524522198613,108.24305534930352
56.460000000004136,1.0226399118814706,108.24088465981171
56.470000000004134,1.023622989578259,108.23873882530157
56.48000000000414,1.0246017139661654,108.23661758542627
56.490000000004144,1.0255761134528047,108.23452068317123
56.50000000000414,1.0265462162001455,108.23244786480187
56.51000000000414,1.0275120501271573,108.2303988798124
56.520000000004146,1.0284736429124137,108.22837348087548
56.53000000000415,1.0294310219966745,108.22637142379283
56.54000000000415,1.0303842145854225,108.22439246744682
56.55000000000415,1.0313332476513812,108.22243637375286
56.56000000000415,1.0322781479369911,108.22050290761273
56.57000000000416,1.0332189419568512,108.21859183686873
56.580000000004155,1.0341556560001421,108.21670293225873
56.59000000000415,1.0350883161330071,108.21483596737195
56.60000000000416,1.036016948200913,108.21299071860558
56.61000000000416,1.036941577830968,108.21116696512225
56.62000000000416,1.0378622304342204,108.20936448880819
56.63000000000416,1.0387789312079316,108.20758307423212
56.640000000004164,1.039691705137808,108.205822508605
56.65000000000417,1.0406005770002145,108.20408258174035
56.66000000000417,1.0415055713643564,108.20236308601547
56.670000000004165,1.042406712594437,108.20066381633312
56.68000000000417,1.0433040248517906,108.19898457008401
56.690000000004176,1.044197532096975,108.19732514711004
56.700000000004174,1.0450872580918598,108.19568534966797
56.71000000000417,1.0459732264016692,108.19406498239391
56.72000000000418,1.0468554603970122,108.19246385226832
56.73000000000418,1.0477339832558812,108.19088176858182
56.74000000000418,1.0486088179656272,108.18931854290122
56.75000000000418,1.0494799873249188,108.18777398903657
56.76000000000418,1.0503475139456597,108.18624792300845
56.77000000000419,1.0512114202549017,108.18474016301604
56.780000000004186,1.0520717284967225,108.18325052940568
56.790000000004184,1.0529284607340836,108.18177884463981
56.80000000000419,1.0537816388506696,108.1803249332667
56.810000000004194,1.0546312845526962,108.17888862189058
56.82000000000419,1.0554774193707077,108.17746973914225
56.83000000000419,1.0563200646613429,108.17606811565018
56.840000000004196,1.0571592416090878,108.17468358401221
56.8500000000042,1.057994971227998,108.17331597876762
56.8600000000042,1.0588272743634108,108.1719651363697
56.8700000000042,1.0596561716936297,108.1706308951588
56.8800000000042,1.06048168373159,108.16931309533585
56.89000000000421,1.0613038308265055,108.16801157893622
56.900000000004205,1.0621226331654967,108.16672618980418
56.9100000000042,1.0629381107751985,108.16545677356763
56.92000000000421,1.0637502835233474,108.16420317761333
56.93000000000421,1.0645591711203513,108.16296525106254
56.94000000000421,1.0653647931208396,108.16174284474704
56.95000000000421,1.0661671689252017,108.16053581118548
56.960000000004214,1.0669663177810942,108.15934400456035
56.97000000000422,1.0677622587849431,108.15816728069497
56.98000000000422,1.0685550108834219,108.1570054970312
56.990000000004216,1.0693445928749115,108.15585851260727
57.00000000000422,1.070131023410951,108.15472618803611
57.010000000004226,1.0709143209742429,108.15360838545715
57.020000000004224,1.0716945039739214,108.15250496862238
57.03000000000422,1.0724715906174125,108.15141580272902
57.04000000000423,1.0732455989712841,108.150340754465
57.05000000000423,1.0740165469626008,108.14927969198921
57.06000000000423,1.0747844524027736,108.14823248493941
57.07000000000423,1.0755493329545005,108.14719900437196
57.08000000000423,1.0763112061446085,108.14617912275624
57.09000000000424,1.0770700893653518,108.14517271395592
57.100000000004236,1.0778259998757034,108.14417965321041
57.110000000004234,1.0785789548026221,108.14319981711681
57.12000000000424,1.0793289711423169,108.14223308361181
57.130000000004244,1.08007606576148,108.14127933195425
57.14000000000424,1.080820255398524,108.1403384427076
57.15000000000424,1.0815615566647938,108.13941029772302
57.160000000004246,1.0822999860457665,108.13849478012247
57.17000000000425,1.0830355599022436,108.13759177428217
57.18000000000425,1.0837682944715175,108.13670116581632
57.19000000000425,1.0844982058685406,108.13582284156105
57.20000000000425,1.0852253100870688,108.1349566895586
57.21000000000426,1.0859496230007974,108.1341025990418
57.220000000004255,1.086671160364482,108.13326046041871
57.23000000000425,1.087389937815051,108.13243016525756
57.24000000000426,1.0881059708727034,108.13161160627195
57.25000000000426,1.0888192749419894,108.1308046773061
57.26000000000426,1.089529865312886,108.1300092733206
57.27000000000426,1.0902377571618622,108.12922529037807
57.280000000004264,1.0909429655529224,108.1284526256293
57.29000000000427,1.091645505438647,108.12769117729943
57.30000000000427,1.0923453916612165,108.12694084467441
57.310000000004266,1.0930426389534316,108.12620152808768
57.32000000000427,1.0937372619397145,108.12547312890696
57.330000000004276,1.094429275137096,108.12475554952131
57.340000000004274,1.0951186929562078,108.1240486933284
57.35000000000427,1.095805529702248,108.12335246472193
57.36000000000428,1.0964897995759404,108.12266676907919
57.37000000000428,1.0971715166744884,108.1219915127489
57.38000000000428,1.097850694992511,108.1213266030392
57.39000000000428,1.098527348422978,108.12067194820574
57.40000000000428,1.0992014907581242,108.12002745744007
57.41000000000429,1.099873135690361,108.11939304085809
57.420000000004286,1.100542296813176,108.11876860948875
57.430000000004284,1.1012089876220226,108.11815407526285
57.44000000000429,1.1018732215152034,108.11754935100205
57.450000000004295,1.1025350117947377,108.11695435040801
57.46000000000429,1.1031943716672221,108.11636898805166
57.47000000000429,1.1038513142446889,108.11579317936278
57.480000000004296,1.1045058525454452,108.11522684061948
57.4900000000043,1.1051579994949046,108.11466988893802
57.5000000000043,1.1058077679264209,108.11412224226275
57.5100000000043,1.1064551705820957,108.1135838193561
57.5200000000043,1.1071002201135927,108.11305453978878
57.53000000000431,1.1077429290829357,108.11253432393018
57.540000000004305,1.1083833099632963,108.1120230929388
57.5500000000043,1.1090213751397808,108.11152076875283
57.56000000000431,1.109657136910204,108.11102727408093
57.57000000000431,1.110290607485853,108.11054253239304
57.58000000000431,1.1109217989922466,108.1100664679115
57.59000000000431,1.111550723469887,108.10959900560204
57.600000000004314,1.1121773928750027,108.10914007116507
57.61000000000432,1.1128018190802762,108.1086895910271
57.62000000000432,1.1134240138755822,108.10824749233217
57.630000000004316,1.114043988968697,108.10781370293347
57.64000000000432,1.114661755986018,108.10738815138511
57.650000000004326,1.1152773264732618,108.10697076693388
57.660000000004324,1.1158907118961656,108.10656147951131
57.67000000000432,1.1165019236411773,108.10616021972561
57.68000000000433,1.1171109730161355,108.10576691885389
57.69000000000433,1.1177178712509495,108.10538150883448
57.70000000000433,1.1183226294982622,108.10500392225933
57.71000000000433,1.118925258834119,108.10463409236635
57.72000000000433,1.1195257702586203,108.10427195303218
57.73000000000434,1.1201241746965676,108.10391743876478
57.740000000004336,1.1207204829981081,108.10357048469623
57.750000000004334,1.1213147059393702,108.10323102657567
57.76000000000434,1.121906854223093,108.10289900076219
57.770000000004345,1.1224969384792434,108.10257434421804
57.78000000000434,1.1230849692656415,108.10225699450164
57.79000000000434,1.1236709570685621,108.10194688976102
57.800000000004346,1.124254912303345,108.101643968727
57.81000000000435,1.1248368453149857,108.10134817070679
57.82000000000435,1.1254167663787342,108.10105943557737
57.83000000000435,1.125994685700677,108.10077770377922
57.84000000000435,1.126570613418317,108.10050291630999
57.85000000000436,1.1271445596011491,108.10023501471822
57.860000000004355,1.127716534251224,108.09997394109736
57.87000000000435,1.1282865473037187,108.09971963807946
57.88000000000436,1.1288546086274862,108.0994720488295
57.89000000000436,1.1294207280256106,108.09923111703924
57.90000000000436,1.12998491523595,108.09899678692155
57.91000000000436,1.1305471799316824,108.09876900320461
57.920000000004364,1.1311075317218369,108.09854771112626
57.93000000000437,1.1316659801518207,108.0983328564284
57.94000000000437,1.1322225347039514,108.09812438535147
57.950000000004366,1.13277720479797,108.09792224462898
57.96000000000437,1.1333299997915585,108.09772638148216
57.970000000004376,1.133880928980846,108.09753674361465
57.980000000004374,1.1344300016009188,108.09735327920724
57.99000000000437,1.1349772268263119,108.0971759369127
58.00000000000438,1.1355226137715102,108.09700466585065
58.01000000000438,1.1360661714914346,108.09683941560259
58.02000000000438,1.1366079089819272,108.09668013620684
58.03000000000438,1.1371478351802322,108.09652677815367
58.04000000000438,1.1376859589654713,108.09637929238045
58.05000000000439,1.1382222891591136,108.09623763026681
58.060000000004386,1.1387568345254415,108.09610174362996
58.070000000004384,1.1392896037720162,108.09597158472002
58.08000000000439,1.1398206055501292,108.09584710621539
58.090000000004395,1.1403498484552592,108.09572826121816
58.10000000000439,1.1408773410275193,108.09561500324969
58.11000000000439,1.141403091752101,108.09550728624615
58.120000000004396,1.1419271090597163,108.09540506455404
58.1300000000044,1.1424494013270285,108.09530829292606
58.1400000000044,1.1429699768770885,108.0952169265166
58.1500000000044,1.1434888439797606,108.0951309208777
58.1600000000044,1.144006010852148,108.09505023195473
58.17000000000441,1.144521485659005,108.09497481608247
58.180000000004405,1.145035276513159,108.0949046299808
58.1900000000044,1.1455473914759218,108.09483963075093
58.20000000000441,1.1460578385574942,108.09477977587117
58.21000000000441,1.1465666257173708,108.09472502319325
58.22000000000441,1.1470737608647388,108.0946753309383
58.23000000000441,1.1475792518588752,108.0946306576931
58.240000000004414,1.1480831065095416,108.09459096240626
58.25000000000442,1.1485853325773658,108.0945562043845
58.26000000000442,1.1490859377742328,108.09452634328895
58.270000000004416,1.1495849297636647,108.09450133913158
58.28000000000442,1.1500823161611986,108.09448115227151
58.290000000004426,1.1505781045347594,108.09446574341149
58.300000000004424,1.1510723024050298,108.09445507359442
58.31000000000442,1.1515649172458229,108.09444910419985
58.32000000000443,1.1520559564844408,108.09444779694053
58.33000000000443,1.1525454275020364,108.0944511138591
58.34000000000443,1.1530333376339692,108.09445901732468
58.35000000000443,1.1535196941701653,108.09447147002956
58.36000000000443,1.1540045043554603,108.09448843498599
58.37000000000444,1.15448777538995,108.09450987552295
58.380000000004436,1.1549695144293346,108.09453575528282
58.390000000004434,1.1554497285852607,108.09456603821849
58.40000000000444,1.1559284249256554,108.09460068858996
58.410000000004445,1.1564056104750664,108.09463967096153
58.42000000000444,1.1568812922149891,108.09468295019853
58.43000000000444,1.1573554770841963,108.09473049146446
58.440000000004446,1.1578281719790664,108.094782260218
58.45000000000445,1.1582993837539017,108.09483822220999
58.46000000000445,1.1587691192212515,108.09489834348066
58.47000000000445,1.159237385152228,108.09496259035669
58.48000000000445,1.1597041882768213,108.09503092944833
58.49000000000446,1.1601695352842076,108.0951033276467
58.500000000004455,1.1606334328230585,108.09517975212096
58.51000000000445,1.1610958875018482,108.09526017031561
58.52000000000446,1.1615569058891566,108.09534454994778
58.53000000000446,1.1620164945139655,108.09543285900449
58.54000000000446,1.162474659865959,108.09552506574012
58.55000000000446,1.1629314083958167,108.0956211386737
58.560000000004464,1.1633867465155092,108.09572104658642
58.57000000000447,1.1638406805985817,108.095824758519
58.58000000000447,1.1642932169804425,108.09593224376921
58.590000000004466,1.164744361958652,108.09604347188936
58.60000000000447,1.1651941217931996,108.09615841268383
58.610000000004476,1.1656425027067823,108.09627703620667
58.620000000004474,1.166089510885085,108.09639931275915
58.63000000000447,1.1665351524770513,108.09652521288736
58.64000000000448,1.1669794335951582,108.09665470737995
58.65000000000448,1.1674223603156832,108.09678776726568
58.66000000000448,1.1678639386789724,108.0969243638112
58.67000000000448,1.1683041746897056,108.09706446851877
58.68000000000448,1.1687430743171576,108.09720805312396
58.69000000000449,1.1691806434954575,108.09735508959346
58.700000000004486,1.169616888123848,108.09750555012289
58.710000000004484,1.1700518140669436,108.09765940713456
58.72000000000449,1.1704854271549754,108.0978166332754
58.730000000004495,1.1709177331840501,108.09797720141485
58.74000000000449,1.1713487379163956,108.09814108464258
58.75000000000449,1.1717784470806085,108.09830825626663
58.760000000004496,1.1722068663718974,108.09847868981124
58.7700000000045,1.1726340014523255,108.09865235901482
58.7800000000045,1.1730598579510532,108.09882923782793
58.7900000000045,1.1734844414645729,108.09900930041134
58.8000000000045,1.1739077575569472,108.09919252113399
58.81000000000451,1.1743298117600418,108.09937887457113
58.820000000004505,1.174750609573759,108.09956833550233
58.8300000000045,1.1751701564662655,108.09976087890956
58.84000000000451,1.175588457874225,108.0999564799754
58.85000000000451,1.176005519203017,108.10015511408108
58.86000000000451,1.1764213458269672,108.10035675680467
58.87000000000451,1.1768359430895683,108.10056138391928
58.880000000004515,1.1772493163036977,108.10076897139122
58.89000000000452,1.1776614707518407,108.10097949537827
58.90000000000452,1.1780724116863006,108.10119293222785
58.910000000004516,1.178482144329421,108.10140925847529
58.92000000000452,1.178890673873792,108.10162845084218
58.930000000004526,1.1792980054824647,108.10185048623455
58.940000000004524,1.1797041442891611,108.10207534174128
58.95000000000452,1.1801090953984794,108.1023029946323
58.96000000000453,1.1805128638861009,108.10253342235713
58.97000000000453,1.1809154547989953,108.10276660254304
58.98000000000453,1.1813168731556176,108.10300251299358
58.99000000000453,1.1817171239461186,108.1032411316869
59.00000000000453,1.1821162121325326,108.10348243677421
59.01000000000454,1.1825141426489842,108.10372640657816
59.020000000004536,1.1829109204018762,108.10397301959136
59.030000000004534,1.1833065502700897,108.10422225447479
59.04000000000454,1.1837010371051708,108.1044740900563
59.050000000004545,1.1840943857315291,108.10472850532912
59.06000000000454,1.184486600946616,108.10498547945033
59.07000000000454,1.1848776875211222,108.10524499173947
59.080000000004546,1.1852676501991588,108.10550702167701
59.09000000000455,1.1856564936984417,108.10577154890294
59.10000000000455,1.1860442227104755,108.10603855321534
59.11000000000455,1.1864308419007352,108.10630801456898
59.12000000000455,1.1868163559088472,108.10657991307392
59.13000000000456,1.187200769348762,108.10685422899412
59.140000000004555,1.1875840868089402,108.10713094274607
59.15000000000455,1.1879663128525189,108.10741003489747
59.16000000000456,1.188347452017492,108.10769148616588
59.17000000000456,1.18872750881688,108.10797527741732
59.18000000000456,1.1891064877389008,108.1082613896651
59.19000000000456,1.1894843932471424,108.10854980406845
59.200000000004565,1.1898612297807285,108.10884050193113
59.21000000000457,1.1902370017544845,108.1091334647004
59.22000000000457,1.1906117135591074,108.10942867396552
59.230000000004566,1.1909853695613262,108.1097261114567
59.24000000000457,1.191357974104066,108.11002575904367
59.250000000004576,1.1917295315066103,108.11032759873468
59.260000000004574,1.192100046064761,108.11063161267512
59.27000000000457,1.1924695220509967,108.11093778314641
59.28000000000458,1.192837963714631,108.11124609256476
59.29000000000458,1.193205375281969,108.1115565234801
59.30000000000458,1.1935717609564611,108.1118690585748
59.31000000000458,1.1939371249188602,108.11218368066258
59.32000000000458,1.1943014713273707,108.11250037268739
59.33000000000459,1.1946648043178025,108.1128191177223
59.340000000004586,1.1950271280037186,108.1131398989683
59.350000000004584,1.1953884464765874,108.11346269975327
59.36000000000459,1.1957487638059283,108.11378750353089
59.370000000004595,1.1961080840394582,108.11411429387955
59.38000000000459,1.196466411203239,108.11444305450124
59.39000000000459,1.1968237493018186,108.11477376922056
59.400000000004596,1.1971801023183792,108.11510642198364
59.4100000000046,1.1975354742148734,108.11544099685706
59.4200000000046,1.197889868932168,108.11577747802694
59.4300000000046,1.1982432903901838,108.11611584979778
59.4400000000046,1.1985957424880362,108.11645609659153
59.45000000000461,1.1989472291041676,108.11679820294665
59.460000000004605,1.1992977540964884,108.11714215351698
59.4700000000046,1.1996473213025107,108.11748793307089
59.48000000000461,1.1999959345394822,108.11783552649025
59.49000000000461,1.2003435976045211,108.11818491876946
59.50000000000461,1.2006903142747458,108.11853609501459
59.51000000000461,1.2010360883074085,108.11888904044231
59.520000000004615,1.201380923440025,108.11924374037908
59.53000000000462,1.2017248233905018,108.11960018026012
59.54000000000462,1.2020677918572658,108.11995834562865
59.550000000004616,1.2024098325193922,108.12031822213477
59.56000000000462,1.2027509490367283,108.12067979553481
59.570000000004626,1.2030911450500221,108.12104305169021
59.580000000004624,1.203430424181041,108.12140797656681
59.59000000000462,1.2037687900327008,108.12177455623399
59.60000000000463,1.2041062461891852,108.1221427768636
59.61000000000463,1.204442796216068,108.12251262472937
59.62000000000463,1.2047784436604303,108.12288408620589
59.63000000000463,1.2051131920509843,108.12325714776787
59.64000000000463,1.2054470448981893,108.12363179598928
59.65000000000464,1.2057800056943695,108.1240080175425
59.660000000004636,1.2061120779138326,108.12438579919751
59.670000000004634,1.2064432650129822,108.12476512782122
59.68000000000464,1.2067735704304356,108.12514599037644
59.690000000004645,1.2071029975871366,108.12552837392128
59.70000000000464,1.2074315498864674,108.12591226560829
59.71000000000464,1.2077592307143639,108.12629765268375
59.720000000004646,1.2080860434394252,108.12668452248676
59.73000000000465,1.2084119914130225,108.12707286244866
59.74000000000465,1.2087370779694129,108.12746266009212
59.75000000000465,1.2090613064258433,108.12785390303057
59.76000000000465,1.2093846800826653,108.12824657896725
59.77000000000466,1.2097072022234343,108.12864067569467
59.780000000004655,1.2100288761150209,108.12903618109377
59.79000000000465,1.2103497050077163,108.12943308313324
59.80000000000466,1.210669692135336,108.12983136986882
59.81000000000466,1.210988840715323,108.13023102944258
59.82000000000466,1.2113071539488531,108.13063205008224
59.83000000000466,1.2116246350209363,108.13103442010043
59.840000000004665,1.211941287100518,108.13143812789407
59.85000000000467,1.2122571133405802,108.13184316194368
59.86000000000467,1.2125721168782422,108.13224951081267
59.870000000004666,1.2128863008348592,108.13265716314667
59.88000000000467,1.2131996683161226,108.13306610767295
59.890000000004676,1.2135122224121544,108.1334763331997
59.900000000004674,1.2138239661976078,108.13388782861539
59.91000000000467,1.2141349027317634,108.13430058288812
59.92000000000468,1.2144450350586224,108.13471458506505
59.93000000000468,1.2147543662070044,108.13512982427167
59.94000000000468,1.2150628991906391,108.13554628971127
59.95000000000468,1.2153706370082622,108.13596397066425
59.96000000000468,1.215677582643708,108.13638285648759
59.97000000000469,1.2159837390660007,108.1368029366141
59.98000000000469,1.2162891092294448,108.13722420055201
59.990000000004684,1.2165936960737183,108.13764663788423
60.00000000000469,1.216897502523963,108.1380702382678
60.010000000004695,1.2172005314908731,108.13849499143332
60.02000000000469,1.2175027858707816,108.1389208871844
60.03000000000469,1.2178042685457535,108.13934791539698
60.040000000004696,1.21810498238367,108.13977606601887
60.0500000000047,1.2184049302383153,108.14020532906916
60.0600000000047,1.2187041149494648,108.1406356946376
60.0700000000047,1.219002539342969,108.14106715288413
60.0800000000047,1.2193002062308396,108.1414996940383
60.09000000000471,1.2195971184113343,108.14193330839869
60.100000000004705,1.2198932786690388,108.14236798633245
60.1100000000047,1.2201886897749505,108.14280371827465
60.12000000000471,1.220483354486563,108.14324049472788
60.13000000000471,1.2207772755479458,108.14367830626166
60.14000000000471,1.221070455689826,108.14411714351188
60.15000000000471,1.221362897629671,108.14455699718039
60.160000000004715,1.221654604071766,108.14499785803436
60.17000000000472,1.2219455777072952,108.14543971690594
60.18000000000472,1.2222358212144209,108.1458825646916
60.190000000004716,1.2225253372583613,108.14632639235168
60.20000000000472,1.222814128491469,108.14677119090994
60.210000000004726,1.2231021975533072,108.14721695145309
60.220000000004724,1.223389547070728,108.14766366513018
60.23000000000472,1.2236761796579474,108.14811132315225
60.24000000000473,1.223962097916623,108.1485599167918
60.25000000000473,1.224247304435925,108.14900943738233
60.26000000000473,1.2245318017926166,108.14945987631786
60.27000000000473,1.2248155925511226,108.14991122505248
60.28000000000473,1.2250986792636065,108.15036347509988
60.29000000000474,1.225381064470041,108.15081661803293
60.30000000000474,1.2256627506982831,108.15127064548317
60.310000000004734,1.225943740464144,108.15172554914041
60.32000000000474,1.2262240362714631,108.15218132075226
60.330000000004745,1.226503640612174,108.15263795212374
60.34000000000474,1.2267825559663812,108.15309543511674
60.35000000000474,1.2270607848024244,108.15355376164975
60.360000000004746,1.2273383295769538,108.15401292369724
60.37000000000475,1.2276151927349928,108.15447291328942
60.38000000000475,1.2278913767100104,108.15493372251167
60.39000000000475,1.2281668839239885,108.15539534350424
60.40000000000475,1.2284417167874908,108.15585776846174
60.41000000000476,1.2287158776997256,108.15632098963282
60.420000000004755,1.2289893690486173,108.15678499931967
60.43000000000475,1.229262193210869,108.15724978987771
60.44000000000476,1.229534352552029,108.15771535371512
60.45000000000476,1.2298058494265585,108.1581816832925
60.46000000000476,1.2300766861778918,108.15864877112243
60.47000000000476,1.2303468651385054,108.15911660976909
60.480000000004765,1.2306163886299772,108.15958519184794
60.49000000000477,1.2308852589630543,108.1600545100252
60.50000000000477,1.2311534784377112,108.16052455701762
60.510000000004766,1.2314210493432174,108.16099532559205
60.52000000000477,1.2316879739581956,108.161466808565
60.530000000004776,1.2319542545506847,108.16193899880237
60.540000000004774,1.232219893378202,108.162411889219
60.55000000000477,1.2324848926878014,108.16288547277843
60.56000000000478,1.2327492547161367,108.16335974249236
60.57000000000478,1.233012981689521,108.16383469142046
60.58000000000478,1.2332760758239816,108.16431031266991
60.59000000000478,1.2335385393253278,108.16478659939511
60.60000000000478,1.2338003743892012,108.1652635447973
60.61000000000479,1.23406158320114,108.16574114212422
60.62000000000479,1.2343221679366325,108.16621938466979
60.630000000004785,1.234582130761179,108.16669826577373
60.64000000000479,1.234841473830344,108.16717777882124
60.650000000004795,1.2351001992898178,108.1676579172427
60.66000000000479,1.2353583092754683,108.1681386745133
60.67000000000479,1.2356158059134013,108.16862004415272
60.680000000004796,1.2358726913200135,108.1691020197248
60.6900000000048,1.2361289676020466,108.16958459483725
60.7000000000048,1.2363846368566451,108.17006776314128
60.7100000000048,1.2366397011714105,108.17055151833132
60.7200000000048,1.2368941626244512,108.1710358541447
60.73000000000481,1.2371480232844425,108.17152076436132
60.740000000004805,1.237401285210674,108.17200624280335
60.7500000000048,1.2376539504531074,108.17249228333495
60.76000000000481,1.2379060210524255,108.17297887986192
60.77000000000481,1.2381574990400879,108.1734660263314
60.78000000000481,1.2384083864383775,108.17395371673163
60.79000000000481,1.23865868526046,108.17444194509163
60.800000000004815,1.2389083975104278,108.1749307054808
60.81000000000482,1.2391575251833542,108.17541999200881
60.82000000000482,1.2394060702653462,108.17590979882519
60.830000000004816,1.2396540347335876,108.17640012011901
60.84000000000482,1.2399014205563967,108.17689095011875
60.850000000004826,1.2401482296932707,108.17738228309187
60.860000000004824,1.2403944640949385,108.17787411334459
60.87000000000482,1.2406401257034054,108.1783664352216
60.88000000000483,1.2408852164520066,108.17885924310582
60.89000000000483,1.2411297382654503,108.17935253141803
60.90000000000483,1.2413736930598693,108.17984629461675
60.91000000000483,1.2416170827428676,108.1803405271978
60.92000000000483,1.2418599092135676,108.18083522369419
60.93000000000484,1.2421021743626552,108.18133037867575
60.94000000000484,1.2423438800724305,108.18182598674889
60.950000000004835,1.2425850282168511,108.18232204255636
60.96000000000484,1.2428256206615766,108.18281854077702
60.970000000004845,1.2430656592640208,108.1833154761255
60.98000000000484,1.2433051458733888,108.18381284335202
60.99000000000484,1.2435440823307282,108.18431063724206
61.000000000004846,1.243782470468972,108.18480885261624
61.01000000000485,1.2440203121129814,108.18530748432995
61.02000000000485,1.2442576090795945,108.18580652727312
61.03000000000485,1.2444943631776637,108.18630597637004
61.04000000000485,1.2447305762081073,108.18680582657909
61.05000000000486,1.2449662499639458,108.18730607289245
61.060000000004855,1.2452013862303484,108.18780671033593
61.07000000000485,1.2454359867846747,108.1883077339687
61.08000000000486,1.2456700533965204,108.18880913888306
61.09000000000486,1.2459035878277533,108.18931092020416
61.10000000000486,1.2461365918325613,108.18981307308995
61.11000000000486,1.2463690671574914,108.19031559273064
61.120000000004865,1.2466010155414915,108.1908184743488
61.13000000000487,1.2468324387159504,108.19132171319892
61.14000000000487,1.2470633384047405,108.19182530456725
61.150000000004866,1.2472937163242586,108.19232924377158
61.16000000000487,1.2475235741834643,108.19283352616105
61.170000000004876,1.2477529136839216,108.1933381471159
61.180000000004874,1.247981736519839,108.19384310204718
61.19000000000487,1.2482100443781066,108.19434838639673
61.20000000000488,1.2484378389383393,108.19485399563676
61.21000000000488,1.2486651218729137,108.19535992526976
61.22000000000488,1.2488918948470051,108.19586617082822
61.23000000000488,1.2491181595186314,108.19637272787455
61.24000000000488,1.2493439175386847,108.19687959200067
61.25000000000489,1.249569170550975,108.19738675882799
61.26000000000489,1.2497939201922663,108.19789422400709
61.270000000004885,1.250018168092311,108.19840198321756
61.28000000000489,1.2502419158738938,108.19891003216787
61.290000000004895,1.2504651651528622,108.19941836659503
61.30000000000489,1.250687917538166,108.19992698226447
61.31000000000489,1.2509101746318974,108.20043587496988
61.320000000004896,1.2511319380293215,108.20094504053294
61.3300000000049,1.251353209318916,108.20145447480319
61.3400000000049,1.251573990082406,108.20196417365779
61.3500000000049,1.2517942818948014,108.20247413300135
61.3600000000049,1.2520140863244291,108.20298434876577
61.37000000000491,1.2522334049329726,108.20349481690998
61.380000000004905,1.2524522392755022,108.20400553341989
61.3900000000049,1.2526705909005156,108.20451649430802
61.40000000000491,1.2528884613499665,108.20502769561347
61.41000000000491,1.2531058521593024,108.20553913340166
61.42000000000491,1.2533227648574992,108.20605080376423
61.43000000000491,1.253539200967094,108.2065627028187
61.440000000004915,1.2537551620042175,108.20707482670852
61.45000000000492,1.2539706494786311,108.20758717160271
61.46000000000492,1.254185664893757,108.20809973369575
61.470000000004916,1.2544002097467128,108.20861250920744
61.48000000000492,1.2546142855283442,108.20912549438265
61.490000000004926,1.254827893723258,108.20963868549123
61.500000000004924,1.2550410358098527,108.21015207882782
61.51000000000492,1.2552537132603545,108.21066567071162
61.52000000000493,1.2554659275408462,108.2111794574863
61.53000000000493,1.2556776801112994,108.21169343551983
61.54000000000493,1.2558889724256082,108.21220760120426
61.55000000000493,1.2560998059316195,108.21272195095561
61.56000000000493,1.2563101820711635,108.2132364812137
61.57000000000494,1.256520102280085,108.21375118844193
61.58000000000494,1.2567295679882775,108.21426606912725
61.590000000004935,1.2569385806197084,108.21478111977983
61.60000000000494,1.2571471415924544,108.21529633693306
61.610000000004945,1.2573552523187288,108.21581171714334
61.62000000000494,1.2575629142049134,108.21632725698989
61.63000000000494,1.257770128651589,108.21684295307459
61.640000000004946,1.2579768970535614,108.21735880202193
61.65000000000495,1.2581832207998962,108.21787480047875
61.66000000000495,1.2583891012739445,108.21839094511415
61.67000000000495,1.2585945398533742,108.21890723261932
61.68000000000495,1.2587995379101968,108.21942365970737
61.69000000000496,1.2590040968108003,108.21994022311326
61.700000000004955,1.2592082179159725,108.22045691959353
61.71000000000495,1.2594119025809345,108.2209737459263
61.72000000000496,1.2596151521553653,108.22149069891103
61.730000000004964,1.259817967983434,108.22200777536838
61.74000000000496,1.2600203514038237,108.22252497214015
61.75000000000496,1.260222303749762,108.22304228608903
61.760000000004965,1.2604238263490466,108.22355971409854
61.77000000000497,1.2606249205240758,108.22407725307288
61.78000000000497,1.2608255875918735,108.22459489993673
61.790000000004966,1.261025828864116,108.22511265163523
61.80000000000497,1.261225645647161,108.22563050513372
61.810000000004976,1.2614250392420745,108.22614845741771
61.820000000004974,1.2616240109446533,108.22666650549267
61.83000000000497,1.261822562045458,108.22718464638396
61.84000000000498,1.2620206938298348,108.22770287713665
61.85000000000498,1.2622184075779428,108.2282211948154
61.86000000000498,1.2624157045647797,108.22873959650438
61.87000000000498,1.2626125860602093,108.22925807930707
61.88000000000498,1.2628090533289862,108.22977664034616
61.89000000000499,1.2630051076307809,108.23029527676348
61.90000000000499,1.2632007502202052,108.23081398571973
61.910000000004985,1.2633959823468393,108.2313327643946
61.92000000000499,1.2635908052552536,108.23185160998631
61.930000000004995,1.2637852201850388,108.23237051971181
61.94000000000499,1.2639792283708244,108.23288949080647
61.95000000000499,1.2641728310423082,108.23340852052407
61.960000000004996,1.2643660294242802,108.2339276061365
61.970000000005,1.2645588247366435,108.2344467449339
61.980000000005,1.2647512181944431,108.2349659342243
61.990000000005,1.264943211007887,108.23548517133368
62.000000000005,1.2651348043823722,108.23600445360572
62.01000000000501,1.265325999518506,108.23652377840179
62.020000000005005,1.2655167976121329,108.23704314310078
62.030000000005,1.2657071998543536,108.23756254509897
62.04000000000501,1.265897207431555,108.23808198181
62.050000000005014,1.2660868215254268,108.23860145066462
62.06000000000501,1.2662760433129885,108.23912094911073
62.07000000000501,1.2664648739666102,108.23964047461317
62.080000000005015,1.2666533146540384,108.24016002465366
62.09000000000502,1.2668413665384157,108.24067959673062
62.10000000000502,1.2670290307783052,108.24119918835916
62.110000000005016,1.267216308527711,108.24171879707089
62.12000000000502,1.2674032009361038,108.24223842041388
62.130000000005026,1.2675897091484387,108.24275805595252
62.140000000005024,1.267775834305183,108.24327770126736
62.15000000000502,1.2679615775423316,108.24379735395513
62.16000000000503,1.2681469399914342,108.24431701162852
62.17000000000503,1.2683319227796133,108.24483667191616
62.18000000000503,1.268516527029588,108.24535633246246
62.19000000000503,1.2687007538596946,108.2458759909275
62.20000000000503,1.2688846043839075,108.24639564498706
62.21000000000504,1.269068079711862,108.2469152923323
62.22000000000504,1.2692511809488725,108.24743493066984
62.230000000005035,1.2694339091959557,108.24795455772161
62.24000000000504,1.2696162655498517,108.24847417122473
62.250000000005045,1.2697982511030432,108.2489937689314
62.26000000000504,1.2699798669437758,108.24951334860887
62.27000000000504,1.2701611141560805,108.25003290803929
62.280000000005046,1.2703419938197915,108.25055244501961
62.29000000000505,1.2705225070105697,108.2510719573615
62.30000000000505,1.2707026547999192,108.25159144289131
62.31000000000505,1.270882438255209,108.25211089944987
62.32000000000505,1.2710618584396935,108.25263032489251
62.33000000000506,1.2712409164125307,108.25314971708882
62.340000000005055,1.2714196132288034,108.25366907392274
62.35000000000505,1.271597949939538,108.25418839329232
62.36000000000506,1.2717759275917222,108.25470767310973
62.370000000005064,1.271953547228329,108.25522691130114
62.38000000000506,1.272130809888329,108.25574610580654
62.39000000000506,1.2723077166067174,108.25626525457983
62.400000000005065,1.2724842684145268,108.25678435558858
62.41000000000507,1.2726604663388472,108.25730340681399
62.42000000000507,1.2728363114028474,108.25782240625087
62.430000000005066,1.2730118046257917,108.2583413519074
62.44000000000507,1.273186947023058,108.25886024180525
62.450000000005076,1.2733617396061585,108.25937907397932
62.460000000005074,1.2735361833827543,108.25989784647771
62.47000000000507,1.2737102793566775,108.26041655736171
62.48000000000508,1.2738840285279474,108.26093520470562
62.49000000000508,1.274057431892787,108.26145378659668
62.50000000000508,1.2742304904436457,108.26197230113505
62.51000000000508,1.274403205169212,108.26249074643366
62.52000000000508,1.2745755770544336,108.2630091206182
62.53000000000509,1.2747476070805352,108.26352742182696
62.54000000000509,1.274919296225036,108.26404564821082
62.550000000005085,1.2750906454617643,108.26456379793312
62.56000000000509,1.2752616557608802,108.26508186916962
62.570000000005095,1.2754323280888884,108.26559986010838
62.58000000000509,1.275602663408657,108.26611776894974
62.59000000000509,1.275772662679433,108.2666355939062
62.600000000005096,1.275942326856863,108.26715333320234
62.6100000000051,1.2761116568930058,108.26767098507479
62.6200000000051,1.276280653736351,108.2681885477721
62.6300000000051,1.2764493183318362,108.26870601955467
62.6400000000051,1.2766176516208627,108.26922339869473
62.65000000000511,1.2767856545413112,108.26974068347626
62.660000000005105,1.2769533280275616,108.2702578721948
62.6700000000051,1.2771206730105042,108.27077496315754
62.68000000000511,1.2772876904175596,108.27129195468315
62.690000000005114,1.2774543811726944,108.27180884510173
62.70000000000511,1.2776207461964348,108.27232563275473
62.71000000000511,1.2777867864058867,108.27284231599491
62.720000000005115,1.2779525027147485,108.27335889318624
62.73000000000512,1.2781178960333248,108.27387536270383
62.74000000000512,1.278282967268548,108.27439172293391
62.750000000005116,1.2784477173239888,108.27490797227367
62.76000000000512,1.278612147099875,108.27542410913127
62.770000000005126,1.2787762574931034,108.27594013192572
62.780000000005124,1.2789400493972587,108.2764560390869
62.79000000000512,1.2791035237026278,108.27697182905536
62.80000000000513,1.2792666812962117,108.27748750028236
62.81000000000513,1.2794295230617456,108.27800305122977
62.82000000000513,1.27959204987971,108.27851848037
62.83000000000513,1.2797542626273477,108.2790337861859
62.84000000000513,1.2799161621786788,108.2795489671708
62.85000000000514,1.2800777494045132,108.28006402182834
62.86000000000514,1.2802390251724673,108.28057894867241
62.870000000005135,1.2803999903469785,108.28109374622721
62.88000000000514,1.2805606457893182,108.281608413027
62.890000000005145,1.2807209923576075,108.28212294761622
62.90000000000514,1.2808810309068317,108.28263734854929
62.91000000000514,1.2810407622888542,108.28315161439059
62.920000000005146,1.2812001873524297,108.28366574371447
62.93000000000515,1.28135930694322,108.28417973510507
62.94000000000515,1.2815181219038072,108.28469358715635
62.95000000000515,1.2816766330737066,108.285207298472
62.96000000000515,1.2818348412893839,108.28572086766535
62.97000000000516,1.281992747384264,108.28623429335937
62.980000000005155,1.2821503521887498,108.28674757418655
62.99000000000515,1.2823076565302325,108.2872607087889
63.00000000000516,1.2824646612331063,108.28777369581786
63.010000000005164,1.2826213671187827,108.28828653393421
63.02000000000516,1.282777775005701,108.2887992218081
63.03000000000516,1.2829338857093469,108.2893117581189
63.040000000005165,1.2830897000422599,108.2898241415552
63.05000000000517,1.2832452188140504,108.29033637081474
63.06000000000517,1.2834004428314116,108.29084844460434
63.070000000005166,1.2835553728981326,108.29136036163986
63.08000000000517,1.2837100098151124,108.29187212064615
63.090000000005176,1.2838643543803705,108.292383720357
63.100000000005174,1.284018407389062,108.29289515951503
63.11000000000517,1.2841721696334891,108.2934064368717
63.12000000000518,1.2843256419031162,108.29391755118725
63.13000000000518,1.284478824984578,108.29442850123061
63.14000000000518,1.2846317196616968,108.29493928577936
63.15000000000518,1.2847843267154915,108.29544990361971
63.16000000000518,1.2849366469241934,108.2959603535464
63.17000000000519,1.2850886810632556,108.29647063436268
63.18000000000519,1.2852404299053668,108.29698074488024
63.190000000005185,1.2853918942204632,108.29749068391921
63.20000000000519,1.2855430747757408,108.298000450308
63.210000000005195,1.2856939723356682,108.29851004288334
63.22000000000519,1.2858445876619973,108.29901946049023
63.23000000000519,1.285994921513775,108.29952870198183
63.240000000005196,1.2861449746473592,108.30003776621948
63.2500000000052,1.2862947478164248,108.3005466520726
63.2600000000052,1.2864442417719795,108.30105535841862
63.2700000000052,1.2865934572623734,108.30156388414304
63.2800000000052,1.286742395033314,108.30207222813927
63.29000000000521,1.286891055827873,108.3025803893086
63.300000000005205,1.2870394403865015,108.30308836656022
63.3100000000052,1.2871875494470417,108.3035961588111
63.32000000000521,1.2873353837447337,108.30410376498597
63.330000000005214,1.2874829440122342,108.30461118401728
63.34000000000521,1.2876302309796208,108.30511841484513
63.35000000000521,1.287777245374408,108.30562545641726
63.360000000005215,1.287923987921556,108.306132307689
63.37000000000522,1.2880704593434835,108.30663896762313
63.38000000000522,1.2882166603600769,108.30714543519002
63.390000000005216,1.2883625916887025,108.30765170936739
63.40000000000522,1.2885082540442183,108.30815778914041
63.410000000005226,1.2886536481389832,108.30866367350153
63.420000000005224,1.288798774682868,108.30916936145057
63.43000000000522,1.2889436343832685,108.30967485199461
63.44000000000523,1.2890882279451121,108.31018014414789
63.45000000000523,1.2892325560708744,108.31068523693187
63.46000000000523,1.289376619460582,108.31119012937513
63.47000000000523,1.2895204188118319,108.31169482051332
63.480000000005234,1.2896639548197948,108.31219930938916
63.49000000000524,1.2898072281772295,108.31270359505235
63.50000000000524,1.2899502395744913,108.31320767655956
63.510000000005235,1.290092989699545,108.31371155297437
63.52000000000524,1.290235479237972,108.31421522336723
63.530000000005245,1.2903777088729815,108.31471868681548
63.54000000000524,1.2905196792854239,108.31522194240318
63.55000000000524,1.2906613911537963,108.3157249892212
63.560000000005246,1.290802845154254,108.31622782636708
63.57000000000525,1.2909440419606233,108.31673045294507
63.58000000000525,1.2910849822444075,108.31723286806601
63.59000000000525,1.2912256666748,108.3177350708474
63.60000000000525,1.2913660959186923,108.31823706041322
63.61000000000526,1.2915062706406846,108.31873883589402
63.620000000005255,1.2916461915030948,108.3192403964268
63.63000000000525,1.2917858591659708,108.319741741155
63.64000000000526,1.2919252742870966,108.32024286922847
63.650000000005264,1.2920644375220036,108.32074377980341
63.66000000000526,1.292203349523981,108.32124447204232
63.67000000000526,1.2923420109440849,108.32174494511405
63.680000000005265,1.2924804224311464,108.32224519819364
63.69000000000527,1.2926185846317833,108.32274523046236
63.70000000000527,1.292756498190407,108.32324504110767
63.710000000005266,1.2928941637492348,108.3237446293231
63.72000000000527,1.293031581948296,108.32424399430836
63.730000000005276,1.2931687534254446,108.32474313526922
63.740000000005274,1.2933056788163642,108.3252420514174
63.75000000000527,1.2934423587545834,108.32574074197068
63.76000000000528,1.2935787938714771,108.32623920615278
63.77000000000528,1.2937149847962819,108.32673744319335
63.78000000000528,1.2938509321561025,108.3272354523279
63.79000000000528,1.2939866365759214,108.32773323279781
63.800000000005284,1.2941220986786064,108.32823078385024
63.81000000000529,1.294257319084922,108.32872810473822
63.82000000000529,1.2943922984135363,108.32922519472042
63.830000000005285,1.2945270372810294,108.32972205306129
63.84000000000529,1.2946615363019045,108.33021867903095
63.850000000005295,1.2947957960885945,108.33071507190512
63.86000000000529,1.2949298172514718,108.33121123096518
63.87000000000529,1.2950636003988567,108.33170715549811
63.880000000005296,1.295197146137024,108.33220284479637
63.8900000000053,1.2953304550702163,108.33269829815796
63.9000000000053,1.2954635278006472,108.33319351488637
63.9100000000053,1.2955963649285127,108.33368849429056
63.9200000000053,1.2957289670520002,108.33418323568482
63.93000000000531,1.2958613347672936,108.33467773838892
63.940000000005305,1.295993468668585,108.33517200172791
63.9500000000053,1.2961253693480825,108.33566602503222
63.96000000000531,1.2962570373960165,108.33615980763753
63.970000000005314,1.2963884734006474,108.3366533488848
63.98000000000531,1.2965196779482804,108.33714664812014
63.99000000000531,1.2966506516232634,108.33763970469498
64.00000000000531,1.2967813950080038,108.33813251796582
64.01000000000532,1.2969119086829706,108.33862508729433
64.02000000000533,1.2970421932267078,108.3391174120473
64.03000000000532,1.2971722492158353,108.33960949159653
64.04000000000532,1.2973020772250652,108.34010132531894
64.05000000000533,1.297431677827205,108.34059291259639
64.06000000000532,1.2975610515931617,108.3410842528158
64.07000000000532,1.297690199091959,108.341575345369
64.08000000000533,1.2978191208907373,108.34206618965271
64.09000000000533,1.2979478175547643,108.34255678506865
64.10000000000534,1.298076289647442,108.34304713102331
64.11000000000533,1.2982045377303162,108.34353722692806
64.12000000000533,1.2983325623630817,108.34402707219908
64.13000000000534,1.2984603641035917,108.34451666625733
64.14000000000533,1.2985879435078624,108.34500600852851
64.15000000000533,1.2987153011300856,108.34549509844308
64.16000000000534,1.2988424375226315,108.34598393543614
64.17000000000534,1.298969353236058,108.34647251894754
64.18000000000535,1.2990960488191179,108.34696084842167
64.19000000000534,1.299222524818767,108.34744892330764
64.20000000000535,1.2993487817801697,108.3479367430591
64.21000000000535,1.2994748202467077,108.34842430713425
64.22000000000534,1.2996006407599878,108.34891161499584
64.23000000000535,1.299726243859847,108.34939866611113
64.24000000000535,1.2998516300843623,108.34988545995188
64.25000000000536,1.2999767999698546,108.35037199599424
64.26000000000536,1.3001017540508981,108.35085827371888
64.27000000000535,1.3002264928603275,108.35134429261079
64.28000000000536,1.3003510169292458,108.35183005215939
64.29000000000536,1.3004753267870273,108.35231555185845
64.30000000000535,1.3005994229613287,108.35280079120601
64.31000000000536,1.3007233059780943,108.35328576970448
64.32000000000536,1.300846976361563,108.35377048686053
64.33000000000537,1.3009704346342763,108.35425494218504
64.34000000000538,1.301093681317084,108.35473913519316
64.35000000000537,1.3012167169291504,108.3552230654042
64.36000000000537,1.3013395419879625,108.35570673234169
64.37000000000538,1.301462157009336,108.3561901355333
64.38000000000537,1.3015845625074223,108.35667327451078
64.39000000000537,1.3017067589947164,108.35715614881008
64.40000000000538,1.3018287469820586,108.3576387579711
64.41000000000538,1.301950526978649,108.35812110153792
64.42000000000539,1.302072099492047,108.35860317905856
64.43000000000538,1.3021934650281815,108.35908499008511
64.44000000000538,1.3023146240913568,108.3595665341736
64.45000000000539,1.3024355771842586,108.36004781088404
64.46000000000538,1.302556324807961,108.36052881978038
64.47000000000538,1.3026768674619333,108.36100956043049
64.48000000000539,1.3027972056440436,108.36149003240611
64.4900000000054,1.3029173398505696,108.36197023528287
64.5000000000054,1.3030372705762017,108.36245016864022
64.51000000000539,1.3031569983140503,108.36292983206145
64.5200000000054,1.303276523555653,108.3634092251337
64.5300000000054,1.3033958467909776,108.36388834744777
64.54000000000539,1.3035149685084333,108.36436719859836
64.5500000000054,1.3036338891948729,108.36484577818378
64.5600000000054,1.3037526093356,108.36532408580612
64.57000000000541,1.3038711294143763,108.36580212107117
64.58000000000541,1.303989449913426,108.36627988358835
64.5900000000054,1.3041075713134433,108.36675737297074
64.60000000000541,1.3042254940935973,108.36723458883506
64.61000000000541,1.3043432187315385,108.36771153080166
64.6200000000054,1.3044607457034059,108.3681881984944
64.63000000000541,1.3045780754838303,108.36866459154076
64.64000000000541,1.3046952085459433,108.36914070957177
64.65000000000542,1.3048121453613803,108.36961655222196
64.66000000000543,1.3049288864002888,108.37009211912935
64.67000000000542,1.3050454321313336,108.37056740993546
64.68000000000542,1.3051617830217002,108.37104242428528
64.69000000000543,1.305277939537105,108.37151716182723
64.70000000000542,1.3053939021417977,108.37199162221313
64.71000000000542,1.3055096712985663,108.37246580509824
64.72000000000543,1.3056252474687493,108.37293971014117
64.73000000000543,1.305740631112232,108.3734133370039
64.74000000000544,1.3058558226874586,108.37388668535178
64.75000000000543,1.3059708226514357,108.37435975485342
64.76000000000543,1.306085631459738,108.37483254518078
64.77000000000544,1.306200249566516,108.3753050560091
64.78000000000543,1.3063146774244974,108.37577728701687
64.79000000000543,1.306428915484995,108.37624923788584
64.80000000000544,1.3065429641979138,108.37672090830097
64.81000000000545,1.306656824011753,108.37719229795043
64.82000000000545,1.3067704953736146,108.37766340652557
64.83000000000544,1.3068839787292057,108.37813423372096
64.84000000000545,1.3069972745228482,108.37860477923424
64.85000000000545,1.3071103831974795,108.37907504276626
64.86000000000544,1.30722330519466,108.37954502402091
64.87000000000545,1.3073360409545796,108.3800147227053
64.88000000000545,1.3074485909160614,108.38048413852945
64.89000000000546,1.3075609555165668,108.38095327120658
64.90000000000546,1.307673135192202,108.38142212045287
64.91000000000545,1.3077851303777208,108.38189068598756
64.92000000000546,1.3078969415065347,108.3823589675329
64.93000000000546,1.308008569010712,108.38282696481414
64.94000000000545,1.308120013320988,108.38329467755945
64.95000000000546,1.3082312748667666,108.38376210550001
64.96000000000546,1.308342354076127,108.3842292483699
64.97000000000547,1.308453251375829,108.38469610590616
64.98000000000548,1.3085639671913176,108.38516267784868
64.99000000000547,1.3086745019467287,108.3856289639403
65.00000000000547,1.3087848560648916,108.38609496392668
65.01000000000548,1.3088950299673374,108.38656067755633
65.02000000000547,1.309005024074303,108.38702610458067
65.03000000000547,1.309114838804734,108.38749124475383
65.04000000000548,1.3092244745762922,108.38795609783281
65.05000000000548,1.3093339318053585,108.38842066357742
65.06000000000549,1.309443210907041,108.38888494175016
65.07000000000548,1.309552312295174,108.38934893211636
65.08000000000548,1.3096612363823288,108.38981263444406
65.09000000000549,1.3097699835798164,108.390276048504
65.10000000000548,1.309878554297691,108.39073917406965
65.11000000000548,1.309986948944755,108.3912020109172
65.12000000000549,1.3100951679285673,108.39166455882544
65.1300000000055,1.3102032116554423,108.3921268175759
65.1400000000055,1.3103110805304587,108.3925887869527
65.15000000000549,1.310418774957464,108.3930504667426
65.1600000000055,1.3105262953390764,108.39351185673497
65.1700000000055,1.3106336420766933,108.39397295672181
65.18000000000549,1.3107408155704912,108.39443376649767
65.1900000000055,1.3108478162194361,108.39489428585966
65.2000000000055,1.3109546444212816,108.39535451460746
65.21000000000551,1.3110613005725804,108.3958144525433
65.22000000000551,1.311167785068682,108.39627409947191
65.2300000000055,1.3112740983037419,108.39673345520053
65.24000000000551,1.311380240670725,108.39719251953892
65.25000000000551,1.3114862125614088,108.39765129229927
65.2600000000055,1.3115920143663897,108.39810977329628
65.27000000000551,1.3116976464750854,108.39856796234707
65.28000000000551,1.3118031092757418,108.3990258592712
65.29000000000552,1.3119084031554342,108.3994834638907
65.30000000000553,1.312013528500076,108.39994077602992
65.31000000000552,1.3121184856944172,108.40039779551566
65.32000000000552,1.3122232751220555,108.4008545221771
65.33000000000553,1.312327897165435,108.40131095584576
65.34000000000552,1.312432352205854,108.40176709635553
65.35000000000552,1.3125366406234662,108.40222294354264
65.36000000000553,1.312640762797289,108.4026784972456
65.37000000000553,1.3127447191052037,108.4031337573053
65.38000000000554,1.3128485099239626,108.40358872356488
65.39000000000553,1.312952135629192,108.40404339586978
65.40000000000553,1.313055596595395,108.40449777406769
65.41000000000554,1.313158893195959,108.40495185800859
65.42000000000553,1.3132620258031575,108.40540564754467
65.43000000000553,1.3133649947881538,108.40585914253036
65.44000000000554,1.3134678005210076,108.40631234282235
65.45000000000555,1.3135704433706759,108.40676524827944
65.46000000000555,1.3136729237050206,108.4072178587627
65.47000000000554,1.313775241890809,108.40767017413535
65.48000000000555,1.3138773982937193,108.4081221942628
65.49000000000555,1.3139793932783472,108.4085739190126
65.50000000000554,1.314081227208204,108.40902534825439
65.51000000000555,1.3141829004457275,108.40947648186001
65.52000000000555,1.3142844133522806,108.40992731970339
65.53000000000556,1.3143857662881575,108.41037786166054
65.54000000000556,1.3144869596125885,108.41082810760957
65.55000000000555,1.3145879936837401,108.41127805743072
65.56000000000556,1.3146888688587246,108.41172771100622
65.57000000000556,1.3147895854936003,108.4121770682204
65.58000000000555,1.314890143943373,108.41262612895962
65.59000000000556,1.3149905445620074,108.41307489311225
65.60000000000556,1.3150907877024236,108.4135233605687
65.61000000000557,1.3151908737165035,108.4139715312214
65.62000000000558,1.3152908029550967,108.41441940496475
65.63000000000557,1.3153905757680209,108.41486698169513
65.64000000000557,1.3154901925040672,108.4153142613109
65.65000000000558,1.3155896535110045,108.41576124371237
65.66000000000557,1.3156889591355818,108.41620792880181
65.67000000000557,1.3157881097235333,108.41665431648343
65.68000000000558,1.315887105619581,108.41710040666337
65.69000000000558,1.3159859471674389,108.41754619924961
65.70000000000559,1.316084634709817,108.41799169415216
65.71000000000558,1.316183168588422,108.41843689128281
65.72000000000558,1.3162815491439688,108.41888179055529
65.73000000000559,1.316379776716173,108.41932639188516
65.74000000000558,1.3164778516437634,108.41977069518988
65.75000000000558,1.3165757742644837,108.42021470038873
65.76000000000559,1.3166735449150906,108.4206584074028
65.7700000000056,1.3167711639313653,108.42110181615507
65.7800000000056,1.3168686316481109,108.42154492657029
65.79000000000559,1.3169659483991614,108.42198773857501
65.8000000000056,1.3170631145173781,108.4224302520976
65.8100000000056,1.3171601303346614,108.42287246706817
65.82000000000559,1.3172569961819462,108.42331438341867
65.8300000000056,1.3173537123892127,108.42375600108272
65.8400000000056,1.3174502792854839,108.42419731999578
65.85000000000561,1.3175466971988314,108.424638340095
65.86000000000561,1.3176429664563807,108.42507906131925
65.8700000000056,1.3177390873843122,108.42551948360915
65.88000000000561,1.3178350603078637,108.42595960690703
65.89000000000561,1.3179308855513376,108.4263994311569
65.9000000000056,1.3180265634381003,108.42683895630445
65.91000000000561,1.3181220942905878,108.42727818229709
65.92000000000561,1.318217478430308,108.42771710908387
65.93000000000562,1.3183127161778456,108.42815573661551
65.94000000000563,1.3184078078528627,108.42859406484435
65.95000000000562,1.3185027537741048,108.42903209372442
65.96000000000562,1.3185975542594017,108.42946982321133
65.97000000000563,1.3186922096256737,108.42990725326237
65.98000000000562,1.318786720188932,108.43034438383637
65.99000000000562,1.3188810862642828,108.43078121489383
66.00000000000563,1.3189753081659321,108.43121774639677
66.01000000000563,1.3190693862071858,108.43165397830886
66.02000000000564,1.3191633207004563,108.4320899105953
66.03000000000563,1.319257111957262,108.43252554322285
66.04000000000563,1.319350760288236,108.43296087615987
66.05000000000564,1.3194442660031218,108.4333959093762
66.06000000000563,1.3195376294107832,108.43383064284328
66.07000000000563,1.3196308508192038,108.43426507653403
66.08000000000564,1.3197239305354906,108.4346992104229
66.09000000000565,1.3198168688658776,108.43513304448588
66.10000000000565,1.3199096661157292,108.43556657870039
66.11000000000564,1.3200023225895423,108.43599981304537
66.12000000000565,1.3200948385909497,108.43643274750131
66.13000000000565,1.3201872144227247,108.43686538205007
66.14000000000564,1.320279450386781,108.43729771667503
66.15000000000565,1.3203715467841777,108.437729751361
66.16000000000565,1.3204635039151242,108.43816148609426
66.17000000000566,1.3205553220789783,108.43859292086252
66.18000000000566,1.3206470015742542,108.4390240556549
66.19000000000565,1.3207385426986205,108.43945489046195
66.20000000000566,1.320829945748909,108.43988542527563
66.21000000000566,1.3209212110211128,108.44031566008934
66.22000000000565,1.3210123388103914,108.4407455948978
66.23000000000566,1.321103329411074,108.44117522969722
66.24000000000567,1.321194183116659,108.44160456448506
66.25000000000567,1.321284900219822,108.44203359926026
66.26000000000568,1.3213754810124163,108.44246233402306
66.27000000000567,1.3214659257854733,108.44289076877509
66.28000000000567,1.3215562348292107,108.44331890351928
66.29000000000568,1.3216464084330304,108.44374673825993
66.30000000000567,1.321736446885524,108.44417427300269
66.31000000000567,1.3218263504744738,108.44460150775447
66.32000000000568,1.321916119486859,108.44502844252354
66.33000000000568,1.3220057542088546,108.44545507731945
66.34000000000569,1.322095254925836,108.44588141215307
66.35000000000568,1.3221846219223816,108.44630744703656
66.36000000000568,1.3222738554822768,108.4467331819833
66.37000000000569,1.322362955888514,108.44715861700804
66.38000000000568,1.3224519234232972,108.44758375212675
66.39000000000568,1.3225407583680453,108.44800858735663
66.40000000000569,1.3226294610033928,108.44843312271615
66.4100000000057,1.3227180316091944,108.44885735822506
66.4200000000057,1.3228064704645275,108.44928129390429
66.43000000000569,1.3228947778476925,108.44970492977602
66.4400000000057,1.322982954036219,108.45012826586368
66.4500000000057,1.323070999306866,108.45055130219188
66.46000000000569,1.3231589139356255,108.45097403878643
66.4700000000057,1.323246698197725,108.45139647567434
66.4800000000057,1.3233343523676302,108.45181861288384
66.49000000000571,1.3234218767190478,108.45224045044432
66.50000000000571,1.323509271524927,108.45266198838637
66.5100000000057,1.3235965370574636,108.4530832267417
66.52000000000571,1.3236836735881021,108.45350416554321
66.53000000000571,1.3237706813875376,108.453924804825
66.5400000000057,1.3238575607257186,108.45434514462221
66.55000000000571,1.3239443118718512,108.45476518497125
66.56000000000572,1.3240309350943988,108.45518492590958
66.57000000000572,1.3241174306610872,108.45560436747579
66.58000000000573,1.324203798838905,108.45602350970962
66.59000000000572,1.3242900398941087,108.4564423526519
66.60000000000572,1.3243761540922219,108.45686089634461
66.61000000000573,1.324462141698041,108.45727914083075
66.62000000000572,1.324548002975635,108.4576970861545
66.63000000000572,1.3246337381883502,108.45811473236105
66.64000000000573,1.324719347598812,108.45853207949672
66.65000000000573,1.3248048314689254,108.4589491276089
66.66000000000574,1.3248901900598808,108.45936587674602
66.67000000000573,1.324975423632154,108.4597823269576
66.68000000000573,1.3250605324455094,108.46019847829416
66.69000000000574,1.325145516759002,108.46061433080732
66.70000000000573,1.325230376830982,108.46102988454973
66.71000000000573,1.325315112919092,108.46144513957505
66.72000000000574,1.3253997252802767,108.46186009593801
66.73000000000575,1.3254842141707777,108.46227475369429
66.74000000000575,1.3255685798461418,108.46268911290066
66.75000000000574,1.32565282256122,108.46310317361485
66.76000000000575,1.3257369425701722,108.46351693589563
66.77000000000575,1.3258209401264676,108.4639303998027
66.78000000000574,1.325904815482886,108.46434356539683
66.79000000000575,1.3259885688915243,108.46475643273972
66.80000000000575,1.3260722006037955,108.46516900189405
66.81000000000576,1.3261557108704303,108.46558127292352
66.82000000000576,1.3262390999414835,108.46599324589272
66.83000000000575,1.3263223680663312,108.46640492086725
66.84000000000576,1.3264055154936782,108.46681629791365
66.85000000000576,1.3264885424715547,108.4672273770994
66.86000000000575,1.326571449247323,108.46763815849293
66.87000000000576,1.3266542360676794,108.46804864216362
66.88000000000577,1.3267369031786524,108.46845882818174
66.89000000000577,1.3268194508256106,108.4688687166185
66.90000000000578,1.3269018792532596,108.46927830754603
66.91000000000577,1.326984188705649,108.4696876010374
66.92000000000577,1.327066379426171,108.47009659716655
66.93000000000578,1.327148451657564,108.47050529600831
66.94000000000577,1.327230405641915,108.47091369763845
66.95000000000577,1.3273122416206606,108.47132180213359
66.96000000000578,1.327393959834592,108.47172960957123
66.97000000000578,1.3274755605238533,108.4721371200298
66.98000000000579,1.327557043927946,108.47254433358853
66.99000000000578,1.327638410285731,108.47295125032757
67.00000000000578,1.3277196598354306,108.47335787032792
67.01000000000579,1.3278007928146296,108.4737641936714
67.02000000000578,1.3278818094602796,108.47417022044074
67.03000000000578,1.3279627100086973,108.47457595071948
67.04000000000579,1.3280434946955721,108.47498138459198
67.0500000000058,1.328124163755963,108.47538652214351
67.0600000000058,1.328204717424303,108.47579136346005
67.07000000000579,1.3282851559344035,108.4761959086285
67.0800000000058,1.3283654795194493,108.47660015773654
67.0900000000058,1.3284456884120095,108.4770041108727
67.10000000000579,1.3285257828440329,108.47740776812623
67.1100000000058,1.3286057630468537,108.4778111295873
67.1200000000058,1.3286856292511902,108.47821419534678
67.13000000000581,1.3287653816871519,108.47861696549637
67.14000000000581,1.3288450205842355,108.47901944012858
67.1500000000058,1.3289245461713317,108.47942161933665
67.16000000000581,1.3290039586767255,108.47982350321465
67.17000000000581,1.3290832583280965,108.48022509185738
67.1800000000058,1.3291624453525237,108.48062638536044
67.19000000000581,1.3292415199764864,108.48102738382015
67.20000000000582,1.329320482425866,108.48142808733365
67.21000000000582,1.3293993329259466,108.48182849599876
67.22000000000583,1.3294780717014199,108.48222860991409
67.23000000000582,1.3295566989763845,108.482628429179
67.24000000000582,1.3296352149743502,108.48302795389357
67.25000000000583,1.3297136199182373,108.48342718415859
67.26000000000582,1.32979191403038,108.48382612007563
67.27000000000582,1.3298700975325297,108.48422476174694
67.28000000000583,1.3299481706458534,108.48462310927552
67.29000000000583,1.3300261335909398,108.48502116276505
67.30000000000584,1.3301039865877957,108.48541892231995
67.31000000000583,1.3301817298558545,108.48581638804531
67.32000000000583,1.3302593636139732,108.48621356004696
67.33000000000584,1.3303368880804363,108.4866104384314
67.34000000000583,1.3304143034729559,108.48700702330584
67.35000000000583,1.3304916100086772,108.48740331477813
67.36000000000584,1.330568807904176,108.48779931295687
67.37000000000585,1.330645897375463,108.48819501795127
67.38000000000585,1.3307228786379863,108.48859042987128
67.39000000000584,1.3307997519066295,108.48898554882744
67.40000000000585,1.3308765173957195,108.48938037493102
67.41000000000585,1.3309531753190227,108.48977490829392
67.42000000000584,1.3310297258897494,108.49016914902869
67.43000000000585,1.3311061693205553,108.49056309724855
67.44000000000585,1.3311825058235438,108.49095675306735
67.45000000000586,1.3312587356102672,108.4913501165996
67.46000000000586,1.331334858891727,108.49174318796042
67.47000000000585,1.3314108758783791,108.49213596726557
67.48000000000586,1.331486786780132,108.49252845463145
67.49000000000586,1.3315625918063518,108.4929206501751
67.50000000000585,1.331638291165862,108.49331255401414
67.51000000000586,1.331713885066944,108.49370416626684
67.52000000000587,1.331789373717342,108.49409548705206
67.53000000000587,1.3318647573242635,108.4944865164893
67.54000000000588,1.331940036094379,108.49487725469862
67.55000000000587,1.3320152102338267,108.49526770180071
67.56000000000587,1.332090279948213,108.49565785791685
67.57000000000588,1.3321652454426134,108.4960477231689
67.58000000000587,1.332240106921575,108.49643729767932
67.59000000000587,1.3323148645891192,108.49682658157116
67.60000000000588,1.3323895186487404,108.49721557496801
67.61000000000588,1.3324640693034118,108.49760427799411
67.62000000000589,1.3325385167555828,108.49799269077421
67.63000000000588,1.3326128612071846,108.49838081343361
67.64000000000588,1.3326871028596279,108.49876864609828
67.65000000000589,1.332761241913809,108.49915618889462
67.66000000000588,1.332835278570107,108.49954344194967
67.67000000000588,1.3329092130283888,108.49993040539098
67.68000000000589,1.3329830454880092,108.50031707934671
67.6900000000059,1.3330567761478118,108.50070346394547
67.7000000000059,1.3331304052061341,108.5010895593165
67.71000000000589,1.333203932860803,108.5014753655895
67.7200000000059,1.3332773593091438,108.50186088289479
67.7300000000059,1.3333506847479755,108.50224611136314
67.74000000000589,1.3334239093736158,108.50263105112587
67.7500000000059,1.3334970333818823,108.50301570231487
67.7600000000059,1.3335700569680913,108.50340006506248
67.77000000000591,1.3336429803270662,108.50378413950159
67.78000000000591,1.3337158036531291,108.50416792576563
67.7900000000059,1.3337885271401129,108.50455142398843
67.80000000000591,1.3338611509813545,108.50493463430448
67.81000000000591,1.3339336753697002,108.50531755684864
67.8200000000059,1.3340061004975083,108.50570019175633
67.83000000000591,1.3340784265566477,108.50608253916344
67.84000000000592,1.3341506537385002,108.50646459920638
67.85000000000592,1.3342227822339645,108.50684637202201
67.86000000000593,1.3342948122334546,108.50722785774772
67.87000000000592,1.3343667439269018,108.5076090565213
67.88000000000592,1.3344385775037597,108.50798996848111
67.89000000000593,1.3345103131529996,108.50837059376592
67.90000000000592,1.3345819510631187,108.508750932515
67.91000000000592,1.3346534914221353,108.50913098486805
67.92000000000593,1.334724934417596,108.50951075096529
67.93000000000593,1.3347962802365723,108.50989023094735
67.94000000000594,1.3348675290656653,108.51026942495533
67.95000000000593,1.3349386810910062,108.5106483331308
67.96000000000593,1.3350097364982574,108.51102695561575
67.97000000000594,1.3350806954726142,108.51140529255265
67.98000000000593,1.3351515581988072,108.51178334408438
67.99000000000594,1.3352223248611015,108.51216111035428
68.00000000000594,1.3352929956433013,108.51253859150613
68.01000000000595,1.3353635707287466,108.51291578768412
68.02000000000595,1.3354340503003217,108.5132926990329
68.03000000000594,1.3355044345404492,108.5136693256975
68.04000000000595,1.3355747236310962,108.51404566782347
68.05000000000595,1.3356449177537746,108.51442172555664
68.06000000000594,1.3357150170895413,108.51479749904341
68.07000000000595,1.3357850218190008,108.51517298843046
68.08000000000595,1.3358549321223072,108.51554819386497
68.09000000000596,1.335924748179163,108.51592311549449
68.10000000000596,1.3359944701688247,108.51629775346697
68.11000000000595,1.3360640982700986,108.5166721079308
68.12000000000596,1.3361336326613487,108.51704617903475
68.13000000000596,1.3362030735204913,108.51741996692796
68.14000000000595,1.3362724210250037,108.51779347175999
68.15000000000596,1.336341675351917,108.51816669368078
68.16000000000597,1.3364108366778265,108.51853963284071
68.17000000000597,1.3364799051788854,108.51891228939043
68.18000000000598,1.3365488810308104,108.51928466348109
68.19000000000597,1.336617764408884,108.51965675526412
68.20000000000597,1.3366865554879506,108.52002856489143
68.21000000000598,1.3367552544424237,108.5204000925152
68.22000000000597,1.336823861446284,108.52077133828807
68.23000000000597,1.3368923766730805,108.52114230236296
68.24000000000598,1.3369608002959341,108.5215129848932
68.25000000000598,1.3370291324875367,108.52188338603253
68.26000000000599,1.3370973734201532,108.52225350593494
68.27000000000598,1.3371655232656239,108.52262334475488
68.28000000000598,1.3372335821953638,108.52299290264706
68.29000000000599,1.3373015503803665,108.52336217976661
68.30000000000598,1.337369427991202,108.523731176269
68.31000000000599,1.337437215198022,108.52409989231002
68.32000000000599,1.3375049121705578,108.5244683280458
68.330000000006,1.3375725190781231,108.52483648363282
68.340000000006,1.3376400360896152,108.52520435922794
68.35000000000599,1.3377074633735178,108.52557195498825
68.360000000006,1.3377748010978976,108.52593927107128
68.370000000006,1.337842049430411,108.52630630763484
68.38000000000599,1.3379092085383029,108.52667306483706
68.390000000006,1.3379762785884066,108.52703954283639
68.400000000006,1.338043259747147,108.52740574179163
68.41000000000601,1.3381101521805427,108.52777166186189
68.42000000000601,1.3381769560542038,108.52813730320656
68.430000000006,1.3382436715333372,108.5285026659854
68.44000000000601,1.338310298782745,108.52886775035844
68.45000000000601,1.3383768379668248,108.52923255648605
68.460000000006,1.3384432892495761,108.52959708452886
68.47000000000601,1.338509652794596,108.52996133464782
68.48000000000602,1.338575928765083,108.53032530700425
68.49000000000602,1.3386421173238372,108.53068900175964
68.50000000000603,1.3387082186332628,108.53105241907588
68.51000000000602,1.3387742328553687,108.53141555911512
68.52000000000602,1.338840160151768,108.53177842203978
68.53000000000603,1.3389060006836822,108.5321410080126
68.54000000000602,1.3389717546119413,108.53250331719661
68.55000000000602,1.3390374220969838,108.53286534975507
68.56000000000603,1.3391030032988573,108.53322710585158
68.57000000000603,1.3391684983772247,108.53358858565001
68.58000000000604,1.3392339074913568,108.53394978931448
68.59000000000603,1.3392992308001437,108.53431071700939
68.60000000000603,1.3393644684620862,108.53467136889944
68.61000000000604,1.3394296206353051,108.53503174514955
68.62000000000603,1.3394946874775349,108.53539184592496
68.63000000000604,1.3395596691461313,108.53575167139117
68.64000000000604,1.339624565798071,108.53611122171388
68.65000000000605,1.3396893775899468,108.53647049705914
68.66000000000605,1.339754104677978,108.53682949759317
68.67000000000604,1.3398187472180056,108.53718822348252
68.68000000000605,1.3398833053654942,108.53754667489396
68.69000000000605,1.3399477792755352,108.5379048519945
68.70000000000604,1.3400121691028457,108.53826275495142
68.71000000000605,1.34007647500177,108.53862038393225
68.72000000000605,1.3401406971262828,108.53897773910474
68.73000000000606,1.3402048356299872,108.53933482063691
68.74000000000606,1.3402688906661167,108.53969162869701
68.75000000000605,1.3403328623875392,108.54004816345352
68.76000000000606,1.3403967509467547,108.54040442507517
68.77000000000606,1.3404605564958965,108.5407604137309
68.78000000000605,1.3405242791867338,108.54111612958991
68.79000000000606,1.3405879191706744,108.54147157282162
68.80000000000607,1.3406514765987605,108.54182674359568
68.81000000000607,1.3407149516216739,108.54218164208197
68.82000000000608,1.3407783443897372,108.54253626845056
68.83000000000607,1.3408416550529128,108.5428906228718
68.84000000000607,1.3409048837608049,108.5432447055162
68.85000000000608,1.3409680306626608,108.54359851655452
68.86000000000607,1.3410310959073721,108.54395205615774
68.87000000000607,1.341094079643475,108.54430532449703
68.88000000000608,1.3411569820191516,108.54465832174381
68.89000000000608,1.3412198031822313,108.54501104806964
68.90000000000609,1.341282543280192,108.54536350364637
68.91000000000608,1.3413452024601602,108.54571568864601
68.92000000000608,1.3414077808689135,108.54606760324076
68.93000000000609,1.3414702786528794,108.54641924760307
68.94000000000608,1.3415326959581384,108.54677062190552
68.95000000000609,1.3415950329304247,108.54712172632098
68.96000000000609,1.3416572897151269,108.54747256102243
68.9700000000061,1.341719466457288,108.54782312618309
68.9800000000061,1.341781563301608,108.54817342197634
68.99000000000609,1.341843580392444,108.5485234485758
69.0000000000061,1.341905517873812,108.54887320615525
69.0100000000061,1.341967375889388,108.54922269488863
69.02000000000609,1.3420291545825056,108.54957191495008
69.0300000000061,1.3420908540961634,108.54992086651396
69.0400000000061,1.342152474573019,108.55026954975476
69.05000000000611,1.342214016155395,108.5506179648472
69.06000000000611,1.3422754789852807,108.55096611196612
69.0700000000061,1.3423368632043267,108.55131399128656
69.08000000000611,1.3423981689538516,108.55166160298374
69.09000000000611,1.3424593963748417,108.55200894723308
69.1000000000061,1.342520545607951,108.55235602421008
69.11000000000611,1.342581616793503,108.55270283409052
69.12000000000612,1.3426426100714914,108.55304937705026
69.13000000000612,1.3427035255815816,108.55339565326537
69.14000000000613,1.3427643634631103,108.55374166291205
69.15000000000612,1.3428251238550861,108.55408740616669
69.16000000000612,1.3428858068961953,108.55443288320583
69.17000000000613,1.3429464127247956,108.55477809420617
69.18000000000612,1.3430069414789219,108.55512303934458
69.19000000000612,1.3430673932962867,108.55546771879801
69.20000000000613,1.343127768313223,108.55581213275165
69.21000000000613,1.3431880666689149,108.55615628136681
69.22000000000614,1.3432482885001031,108.55650016482103
69.23000000000613,1.3433084339411097,108.55684378330778
69.24000000000613,1.3433685031291007,108.55718713699689
69.25000000000614,1.3434284961998677,108.55753022606622
69.26000000000613,1.343488413288887,108.55787305069381
69.27000000000614,1.3435482545313187,108.55821561105789
69.28000000000614,1.3436080200620095,108.55855790733673
69.29000000000615,1.3436677100154906,108.5588999397088
69.30000000000615,1.3437273245259798,108.55924170835269
69.31000000000614,1.3437868637273853,108.55958321344713
69.32000000000615,1.3438463277533022,108.55992445517097
69.33000000000615,1.3439057167370156,108.56026543370322
69.34000000000614,1.3439650308115012,108.56060614922298
69.35000000000615,1.3440242701094265,108.56094660190952
69.36000000000615,1.3440834347631525,108.56128679194218
69.37000000000616,1.3441425249047303,108.56162671950051
69.38000000000616,1.344201540665909,108.5619663847641
69.39000000000615,1.34426048217813,108.5623057879127
69.40000000000616,1.344319349572532,108.56264492912618
69.41000000000616,1.34437814297995,108.56298380858452
69.42000000000616,1.3444368625309173,108.56332242646782
69.43000000000616,1.3444955083556642,108.56366078295633
69.44000000000617,1.3445540805841227,108.56399887823035
69.45000000000617,1.3446125793459227,108.56433671247032
69.46000000000618,1.3446710047703967,108.56467428585682
69.47000000000617,1.34472935698658,108.56501159857052
69.48000000000617,1.3447876361232078,108.56534865079217
69.49000000000618,1.3448458423087217,108.56568544270269
69.50000000000617,1.3449039756712664,108.56602197448304
69.51000000000617,1.3449620363386932,108.56635824631431
69.52000000000618,1.3450200244385588,108.56669425837771
69.53000000000618,1.3450779400981263,108.56703001085457
69.54000000000619,1.345135783444368,108.56736550392621
69.55000000000618,1.3451935546039646,108.56770073777419
69.56000000000618,1.3452512537033057,108.56803571258008
69.57000000000619,1.345308880868492,108.56837042852557
69.58000000000618,1.3453664362253352,108.56870488579246
69.59000000000619,1.3454239198993585,108.5690390845626
69.60000000000619,1.3454813320157988,108.569373025018
69.6100000000062,1.3455386726996064,108.56970670734067
69.6200000000062,1.3455959420754458,108.5700401317128
69.63000000000619,1.3456531402676961,108.5703732983166
69.6400000000062,1.3457102674004549,108.57070620733438
69.6500000000062,1.345767323597534,108.5710388589486
69.66000000000619,1.3458243089824644,108.57137125334171
69.6700000000062,1.3458812236784954,108.57170339069629
69.6800000000062,1.3459380678085948,108.57203527119499
69.69000000000621,1.3459948414954512,108.57236689502056
69.70000000000621,1.3460515448614747,108.57269826235583
69.7100000000062,1.346108178028796,108.57302937338365
69.72000000000621,1.346164741119268,108.57336022828699
69.73000000000621,1.3462212342544688,108.57369082724892
69.7400000000062,1.3462776575556983,108.57402117045255
69.75000000000621,1.3463340111439817,108.57435125808105
69.76000000000622,1.3463902951400706,108.5746810903177
69.77000000000622,1.3464465096644431,108.5750106673458
69.78000000000623,1.3465026548373022,108.57533998934875
69.79000000000622,1.3465587307785822,108.57566905651005
69.80000000000622,1.3466147376079434,108.57599786901318
69.81000000000623,1.3466706754447755,108.57632642704178
69.82000000000622,1.3467265444082006,108.57665473077948
69.83000000000622,1.3467823446170697,108.57698278040999
69.84000000000623,1.3468380761899665,108.57731057611714
69.85000000000623,1.346893739245206,108.57763811808472
69.86000000000624,1.3469493339008374,108.57796540649665
69.87000000000623,1.3470048602746438,108.5782924415369
69.88000000000623,1.347060318484143,108.57861922338948
69.89000000000624,1.3471157086465868,108.57894575223844
69.90000000000623,1.3471710308789657,108.57927202826792
69.91000000000624,1.3472262852980053,108.5795980516621
69.92000000000624,1.3472814720201687,108.57992382260522
69.93000000000625,1.3473365911616582,108.58024934128153
69.94000000000625,1.347391642838415,108.58057460787538
69.95000000000624,1.3474466271661196,108.58089962257114
69.96000000000625,1.347501544260194,108.58122438555324
69.97000000000625,1.3475563942358006,108.58154889700617
69.98000000000624,1.3476111772078436,108.58187315711442
69.99000000000625,1.347665893290971,108.58219716606256
70.00000000000625,1.3477205425995742,108.5825209240352
70.01000000000626,1.3477751252477868,108.58284443121697
70.02000000000626,1.347829641349489,108.58316768779258
70.03000000000625,1.3478840910183072,108.58349069394674
70.04000000000626,1.3479384743676113,108.58381344986422
70.05000000000626,1.3479927915105212,108.58413595572983
70.06000000000626,1.348047042559902,108.5844582117284
70.07000000000626,1.348101227628369,108.58478021804481
70.08000000000627,1.3481553468282856,108.58510197486397
70.09000000000627,1.348209400271765,108.58542348237083
70.10000000000628,1.3482633880706714,108.58574474075036
70.11000000000627,1.3483173103366197,108.58606575018756
70.12000000000627,1.3483711671809764,108.58638651086747
70.13000000000628,1.3484249587148605,108.58670702297516
70.14000000000627,1.348478685049145,108.58702728669572
70.15000000000627,1.3485323462944558,108.58734730221428
70.16000000000628,1.3485859425611741,108.587667069716
70.17000000000628,1.3486394739594363,108.58798658938602
70.18000000000629,1.3486929405991332,108.58830586140958
70.19000000000628,1.3487463425899142,108.58862488597184
70.20000000000628,1.3487996800411848,108.58894366325812
70.21000000000629,1.3488529530621092,108.58926219345364
70.22000000000628,1.3489061617616092,108.58958047674368
70.23000000000629,1.3489593062483658,108.58989851331359
70.24000000000629,1.349012386630821,108.59021630334863
70.2500000000063,1.349065403017177,108.59053384703418
70.2600000000063,1.3491183555153967,108.5908511445556
70.27000000000629,1.3491712442332042,108.59116819609827
70.2800000000063,1.3492240692780886,108.59148500184756
70.2900000000063,1.349276830757299,108.59180156198887
70.30000000000629,1.349329528777851,108.59211787670762
70.3100000000063,1.349382163446523,108.59243394618925
70.3200000000063,1.349434734869859,108.59274977061918
70.33000000000631,1.3494872431541696,108.59306535018287
70.34000000000631,1.3495396884055297,108.59338068506578
70.3500000000063,1.3495920707297842,108.59369577545337
70.36000000000631,1.3496443902325412,108.59401062153111
70.37000000000631,1.3496966470191827,108.59432522348449
70.3800000000063,1.3497488411948546,108.594639581499
70.39000000000631,1.3498009728644766,108.5949536957601
70.40000000000632,1.3498530421327342,108.5952675664533
70.41000000000632,1.3499050491040872,108.59558119376412
70.42000000000633,1.3499569938827656,108.59589457787804
70.43000000000632,1.3500088765727714,108.59620771898057
70.44000000000632,1.350060697277879,108.5965206172572
70.45000000000633,1.350112456101636,108.59683327289343
70.46000000000632,1.3501641531473654,108.59714568607477
70.47000000000632,1.3502157885181627,108.59745785698672
70.48000000000633,1.3502673623168995,108.59776978581478
70.49000000000633,1.3503188746462231,108.59808147274443
70.50000000000634,1.3503703256085573,108.59839291796114
70.51000000000633,1.3504217153061018,108.59870412165041
70.52000000000633,1.3504730438408359,108.59901508399774
70.53000000000634,1.3505243113145147,108.59932580518857
70.54000000000633,1.3505755178286734,108.59963628540835
70.55000000000634,1.3506266634846262,108.59994652484255
70.56000000000634,1.3506777483834673,108.60025652367662
70.57000000000635,1.350728772626072,108.60056628209598
70.58000000000635,1.350779736313095,108.60087580028605
70.59000000000634,1.3508306395449747,108.60118507843225
70.60000000000635,1.3508814824219297,108.60149411671998
70.61000000000635,1.350932265043965,108.60180291533459
70.62000000000634,1.3509829875108648,108.6021114744615
70.63000000000635,1.3510336499221998,108.60241979428604
70.64000000000635,1.351084252377325,108.60272787499353
70.65000000000636,1.351134794975381,108.60303571676934
70.66000000000636,1.3511852778152926,108.60334331979874
70.67000000000635,1.3512357009957723,108.60365068426704
70.68000000000636,1.3512860646153197,108.60395781035949
70.69000000000636,1.3513363687722206,108.60426469826135
70.70000000000636,1.351386613564551,108.60457134815783
70.71000000000636,1.3514367990901726,108.60487776023419
70.72000000000637,1.3514869254467392,108.60518393467557
70.73000000000637,1.3515369927316927,108.60548987166716
70.74000000000638,1.3515870010422657,108.6057955713941
70.75000000000637,1.3516369504754806,108.6061010340415
70.76000000000637,1.3516868411281544,108.60640625979447
70.77000000000638,1.3517366730968934,108.60671124883805
70.78000000000637,1.3517864464780955,108.60701600135731
70.79000000000637,1.3518361613679548,108.60732051753726
70.80000000000638,1.351885817862458,108.6076247975629
70.81000000000638,1.3519354160573842,108.60792884161918
70.82000000000639,1.3519849560483097,108.60823264989104
70.83000000000638,1.3520344379306044,108.60853622256339
70.84000000000638,1.3520838617994348,108.60883955982108
70.85000000000639,1.3521332277497646,108.60914266184896
70.86000000000638,1.3521825358763524,108.60944552883188
70.87000000000639,1.3522317862737558,108.60974816095458
70.88000000000639,1.3522809790363295,108.61005055840184
70.8900000000064,1.3523301142582282,108.61035272135832
70.9000000000064,1.3523791920334034,108.61065465000878
70.91000000000639,1.3524282124556086,108.6109563445378
70.9200000000064,1.3524771756183962,108.61125780513002
70.9300000000064,1.352526081615119,108.61155903197003
70.94000000000639,1.3525749305389316,108.61186002524234
70.9500000000064,1.3526237224827897,108.61216078513144
70.9600000000064,1.3526724575394522,108.61246131182185
70.97000000000641,1.3527211358014803,108.61276160549795
70.98000000000641,1.3527697573612383,108.61306166634414
70.9900000000064,1.3528183223108943,108.61336149454476
71.00000000000641,1.3528668307424208,108.61366109028411
71.01000000000641,1.3529152827475945,108.61396045374649
71.0200000000064,1.3529636784179997,108.6142595851161
71.03000000000641,1.3530120178450236,108.61455848457713
71.04000000000642,1.3530603011198625,108.61485715231372
71.05000000000642,1.3531085283335171,108.61515558850995
71.06000000000643,1.3531566995767967,108.6154537933499
71.07000000000642,1.353204814940319,108.61575176701754
71.08000000000642,1.3532528745145092,108.61604950969688
71.09000000000643,1.3533008783896021,108.6163470215718
71.10000000000642,1.3533488266556408,108.61664430282619
71.11000000000642,1.3533967194024799,108.61694135364388
71.12000000000643,1.3534445567197833,108.61723817420862
71.13000000000643,1.3534923386970252,108.61753476470416
71.14000000000644,1.3535400654234935,108.6178311253142
71.15000000000643,1.353587736988285,108.61812725622232
71.16000000000643,1.3536353534803118,108.61842315761216
71.17000000000644,1.3536829149882974,108.6187188296672
71.18000000000643,1.3537304216007768,108.61901427257096
71.19000000000644,1.3537778734061034,108.61930948650685
71.20000000000644,1.353825270492441,108.61960447165825
71.21000000000645,1.3538726129477692,108.61989922820848
71.22000000000645,1.353919900859884,108.62019375634084
71.23000000000644,1.3539671343163957,108.62048805623853
71.24000000000645,1.3540143134047322,108.6207821280847
71.25000000000645,1.354061438212137,108.62107597206248
71.26000000000644,1.3541085088256715,108.62136958835494
71.27000000000645,1.354155525332215,108.62166297714505
71.28000000000645,1.3542024878184644,108.62195613861577
71.29000000000646,1.3542493963709348,108.62224907294998
71.30000000000646,1.3542962510759613,108.62254178033052
71.31000000000645,1.3543430520196984,108.62283426094017
71.32000000000646,1.3543897992881206,108.62312651496163
71.33000000000646,1.354436492967023,108.62341854257754
71.34000000000646,1.3544831331420213,108.62371034397053
71.35000000000646,1.3545297198985522,108.62400191932313
71.36000000000647,1.354576253321876,108.6242932688178
71.37000000000647,1.3546227334970733,108.62458439263696
71.38000000000648,1.3546691605090497,108.62487529096299
71.39000000000647,1.3547155344425312,108.62516596397816
71.40000000000647,1.3547618553820715,108.62545641186472
71.41000000000648,1.3548081234120446,108.62574663480481
71.42000000000647,1.3548543386166512,108.62603663298056
71.43000000000647,1.3549005010799167,108.62632640657401
71.44000000000648,1.3549466108856911,108.62661595576714
71.45000000000648,1.3549926681176525,108.62690528074185
71.46000000000649,1.3550386728593042,108.62719438168
71.47000000000648,1.3550846251939754,108.62748325876338
71.48000000000648,1.3551305252048251,108.62777191217367
71.49000000000649,1.355176372974838,108.62806034209258
71.50000000000648,1.3552221685868264,108.62834854870167
71.51000000000649,1.3552679121234348,108.62863653218243
71.52000000000649,1.355313603667133,108.62892429271635
71.5300000000065,1.3553592433002222,108.6292118304848
71.5400000000065,1.3554048311048332,108.62949914566909
71.55000000000649,1.355450367162927,108.62978623845045
71.5600000000065,1.3554958515562967,108.6300731090101
71.5700000000065,1.355541284366565,108.63035975752909
71.58000000000649,1.3555866656751865,108.63064618418848
71.5900000000065,1.3556319955634493,108.63093238916923
71.6000000000065,1.3556772741124732,108.63121837265226
71.61000000000651,1.3557225014032104,108.63150413481833
71.62000000000651,1.3557676775164476,108.63178967584825
71.6300000000065,1.3558128025328045,108.63207499592266
71.64000000000651,1.3558578765327363,108.6323600952222
71.65000000000651,1.355902899596531,108.63264497392737
71.6600000000065,1.3559478718043134,108.63292963221863
71.67000000000651,1.3559927932360432,108.63321407027637
71.68000000000652,1.356037663971516,108.63349828828089
71.69000000000652,1.3560824840903636,108.63378228641244
71.70000000000653,1.3561272536720554,108.63406606485117
71.71000000000652,1.356171972795897,108.63434962377715
71.72000000000652,1.3562166415410326,108.63463296337041
71.73000000000653,1.3562612599864432,108.63491608381088
71.74000000000652,1.3563058282109501,108.6351989852784
71.75000000000652,1.356350346293211,108.63548166795273
71.76000000000653,1.3563948143117248,108.63576413201359
71.77000000000653,1.3564392323448293,108.63604637764061
71.78000000000654,1.3564836004707033,108.63632840501334
71.79000000000653,1.3565279187673644,108.63661021431119
71.80000000000653,1.3565721873126724,108.6368918057136
71.81000000000654,1.356616406184327,108.63717317939985
71.82000000000653,1.3566605754598722,108.63745433554918
71.83000000000654,1.3567046952166917,108.6377352743407
71.84000000000654,1.3567487655320125,108.63801599595351
71.85000000000655,1.3567927864829046,108.63829650056658
71.86000000000655,1.3568367581462806,108.6385767883588
71.87000000000654,1.3568806805988975,108.63885685950903
71.88000000000655,1.3569245539173571,108.63913671419596
71.89000000000655,1.3569683781781035,108.63941635259827
71.90000000000654,1.3570121534574275,108.63969577489455
71.91000000000655,1.357055879831465,108.63997498126324
71.92000000000655,1.357099557376196,108.64025397188279
71.93000000000656,1.3571431861674486,108.6405327469315
71.94000000000656,1.3571867662808956,108.64081130658764
71.95000000000655,1.3572302977920574,108.64108965102932
71.96000000000656,1.3572737807763025,108.64136778043463
71.97000000000656,1.3573172153088446,108.64164569498156
71.98000000000656,1.3573606014647472,108.64192339484802
71.99000000000656,1.3574039393189228,108.64220088021179
72.00000000000657,1.3574472289461292,108.64247815125061
72.01000000000657,1.357490470420978,108.64275520814213
72.02000000000658,1.3575336638179265,108.64303205106391
72.03000000000657,1.3575768092112834,108.64330868019339
72.04000000000657,1.3576199066752073,108.64358509570796
72.05000000000658,1.3576629562837075,108.64386129778492
72.06000000000657,1.3577059581106439,108.64413728660146
72.07000000000657,1.3577489122297293,108.64441306233472
72.08000000000658,1.3577918187145255,108.64468862516169
72.09000000000658,1.3578346776384493,108.64496397525934
72.10000000000659,1.3578774890747674,108.6452391128045
72.11000000000658,1.3579202530966012,108.64551403797392
72.12000000000658,1.3579629697769247,108.6457887509443
72.13000000000659,1.358005639188564,108.64606325189219
72.14000000000658,1.3580482614042015,108.64633754099408
72.15000000000659,1.3580908364963726,108.64661161842639
72.16000000000659,1.3581333645374678,108.6468854843654
72.1700000000066,1.3581758455997317,108.64715913898732
72.1800000000066,1.358218279755266,108.64743258246831
72.19000000000659,1.3582606670760253,108.64770581498438
72.2000000000066,1.3583030076338236,108.64797883671143
72.2100000000066,1.3583453015003288,108.64825164782538
72.22000000000659,1.3583875487470667,108.64852424850194
72.2300000000066,1.3584297494454205,108.64879663891678
72.2400000000066,1.35847190366663,108.64906881924546
72.25000000000661,1.358514011481793,108.64934078966344
72.26000000000661,1.3585560729618669,108.64961255034613
72.2700000000066,1.3585980881776663,108.64988410146881
72.28000000000661,1.358640057199864,108.65015544320667
72.29000000000661,1.3586819800989944,108.65042657573477
72.3000000000066,1.3587238569454496,108.65069749922816
72.31000000000661,1.3587656878094818,108.65096821386173
72.32000000000662,1.3588074727612045,108.65123871981028
72.33000000000662,1.3588492118705906,108.65150901724854
72.34000000000663,1.3588909052074756,108.65177910635111
72.35000000000662,1.3589325528415546,108.65204898729252
72.36000000000662,1.3589741548423855,108.6523186602472
72.37000000000663,1.3590157112793868,108.6525881253895
72.38000000000662,1.359057222221842,108.6528573828936
72.39000000000662,1.3590986877388946,108.65312643293368
72.40000000000663,1.3591401078995522,108.65339527568375
72.41000000000663,1.3591814827726867,108.65366391131776
72.42000000000664,1.3592228124270318,108.65393234000958
72.43000000000663,1.3592640969311858,108.6542005619329
72.44000000000663,1.3593053363536134,108.6544685772614
72.45000000000664,1.3593465307626411,108.6547363861686
72.46000000000663,1.359387680226461,108.65500398882797
72.47000000000664,1.3594287848131328,108.65527138541286
72.48000000000664,1.3594698445905797,108.65553857609649
72.49000000000665,1.359510859626591,108.65580556105205
72.50000000000665,1.359551829988823,108.65607234045255
72.51000000000664,1.3595927557447995,108.65633891447095
72.52000000000665,1.359633636961909,108.65660528328011
72.53000000000665,1.3596744737074098,108.65687144705278
72.54000000000664,1.3597152660484264,108.65713740596159
72.55000000000665,1.359756014051951,108.65740316017909
72.56000000000665,1.3597967177848451,108.65766870987773
72.57000000000666,1.3598373773138386,108.65793405522984
72.58000000000666,1.359877992705529,108.6581991964077
72.59000000000665,1.3599185640263858,108.6584641335834
72.60000000000666,1.3599590913427453,108.658728866929
72.61000000000666,1.359999574720815,108.65899339661642
72.62000000000666,1.360040014226673,108.65925772281753
72.63000000000666,1.360080409926267,108.65952184570402
72.64000000000667,1.3601207618854154,108.65978576544754
72.65000000000667,1.3601610701698092,108.6600494822196
72.66000000000668,1.3602013348450088,108.66031299619164
72.67000000000667,1.3602415559764482,108.66057630753494
72.68000000000667,1.3602817336294322,108.66083941642077
72.69000000000668,1.360321867869139,108.66110232302019
72.70000000000667,1.360361958760619,108.66136502750422
72.71000000000667,1.3604020063687956,108.66162753004376
72.72000000000668,1.3604420107584658,108.66188983080961
72.73000000000668,1.360481971994299,108.66215192997245
72.74000000000669,1.3605218901408411,108.66241382770288
72.75000000000668,1.3605617652625086,108.66267552417139
72.76000000000668,1.3606015974235977,108.66293701954834
72.77000000000669,1.3606413866882723,108.66319831400398
72.78000000000668,1.3606811331205788,108.66345940770853
72.79000000000669,1.3607208367844348,108.663720300832
72.80000000000669,1.3607604977436338,108.66398099354437
72.8100000000067,1.3608001160618468,108.66424148601547
72.8200000000067,1.36083969180262,108.66450177841504
72.83000000000669,1.3608792250293775,108.66476187091274
72.8400000000067,1.3609187158054192,108.66502176367808
72.8500000000067,1.3609581641939223,108.66528145688048
72.86000000000669,1.3609975702579424,108.66554095068923
72.8700000000067,1.3610369340604107,108.66580024527359
72.8800000000067,1.3610762556641405,108.66605934080262
72.89000000000671,1.3611155351318196,108.66631823744531
72.90000000000671,1.3611547725260167,108.66657693537056
72.9100000000067,1.3611939679091787,108.66683543474713
72.92000000000671,1.3612331213436317,108.66709373574369
72.93000000000671,1.3612722328915823,108.66735183852882
72.9400000000067,1.3613113026151156,108.66760974327096
72.95000000000671,1.3613503305761976,108.66786745013843
72.96000000000672,1.361389316836675,108.66812495929949
72.97000000000672,1.3614282614582744,108.66838227092225
72.98000000000673,1.3614671645026053,108.66863938517473
72.99000000000672,1.3615060260311547,108.66889630222484
73.00000000000672,1.3615448461052955,108.66915302224038
73.01000000000673,1.3615836247862803,108.66940954538903
73.02000000000672,1.3616223621352428,108.66966587183836
73.03000000000672,1.361661058213202,108.66992200175584
73.04000000000673,1.3616997130810566,108.67017793530886
73.05000000000673,1.361738326799591,108.67043367266463
73.06000000000674,1.3617768994294703,108.67068921399029
73.07000000000673,1.3618154310312454,108.67094455945289
73.08000000000673,1.361853921665349,108.67119970921934
73.09000000000674,1.3618923713920992,108.67145466345643
73.10000000000673,1.361930780271699,108.67170942233086
73.11000000000674,1.361969148364234,108.67196398600923
73.12000000000674,1.3620074757296763,108.67221835465801
73.13000000000675,1.3620457624278832,108.67247252844356
73.14000000000675,1.3620840085185966,108.67272650753213
73.15000000000674,1.362122214061445,108.67298029208985
73.16000000000675,1.3621603791159418,108.67323388228276
73.17000000000675,1.3621985037414877,108.67348727827677
73.18000000000674,1.3622365879973695,108.67374048023768
73.19000000000675,1.3622746319427617,108.6739934883312
73.20000000000675,1.362312635636724,108.67424630272289
73.21000000000676,1.3623505991382048,108.67449892357823
73.22000000000676,1.3623885225060404,108.67475135106258
73.23000000000675,1.3624264057989544,108.67500358534116
73.24000000000676,1.3624642490755579,108.67525562657912
73.25000000000676,1.3625020523943514,108.67550747494148
73.26000000000676,1.3625398158137243,108.67575913059314
73.27000000000676,1.3625775393919537,108.67601059369888
73.28000000000677,1.3626152231872075,108.6762618644234
73.29000000000677,1.3626528672575404,108.67651294293124
73.30000000000678,1.3626904716609003,108.67676382938687
73.31000000000677,1.3627280364551226,108.67701452395463
73.32000000000677,1.3627655616979342,108.67726502679875
73.33000000000678,1.3628030474469515,108.67751533808331
73.34000000000677,1.3628404937596825,108.67776545797234
73.35000000000677,1.3628779006935252,108.67801538662972
73.36000000000678,1.36291526830577,108.67826512421922
73.37000000000678,1.3629525966535982,108.67851467090449
73.38000000000679,1.362989885794083,108.67876402684907
73.39000000000678,1.3630271357841903,108.67901319221637
73.40000000000678,1.3630643466807764,108.67926216716974
73.41000000000679,1.3631015185405926,108.67951095187235
73.42000000000678,1.3631386514202808,108.6797595464873
73.43000000000679,1.363175745376377,108.68000795117756
73.44000000000679,1.363212800465311,108.68025616610598
73.4500000000068,1.3632498167434046,108.68050419143529
73.4600000000068,1.3632867942668752,108.68075202732813
73.47000000000679,1.363323733091833,108.68099967394699
73.4800000000068,1.3633606332742827,108.68124713145427
73.4900000000068,1.3633974948701235,108.68149440001227
73.50000000000679,1.3634343179351496,108.68174147978313
73.5100000000068,1.3634711025250505,108.6819883709289
73.5200000000068,1.36350784869541,108.68223507361154
73.53000000000681,1.3635445565017088,108.68248158799281
73.54000000000681,1.363581225999322,108.68272791423448
73.5500000000068,1.3636178572435214,108.68297405249808
73.56000000000681,1.3636544502894747,108.6832200029451
73.57000000000681,1.3636910051922468,108.6834657657369
73.5800000000068,1.3637275220067984,108.68371134103471
73.59000000000681,1.3637640007879879,108.68395672899965
73.60000000000682,1.3638004415905702,108.68420192979272
73.61000000000682,1.3638368444691982,108.68444694357481
73.62000000000683,1.3638732094784218,108.6846917705067
73.63000000000682,1.3639095366726899,108.68493641074906
73.64000000000682,1.3639458261063493,108.6851808644624
73.65000000000683,1.3639820778336436,108.68542513180715
73.66000000000682,1.3640182919087178,108.6856692129436
73.67000000000682,1.364054468385613,108.68591310803195
73.68000000000683,1.364090607318271,108.68615681723232
73.69000000000683,1.3641267087605333,108.68640034070461
73.70000000000684,1.3641627727661387,108.68664367860865
73.71000000000683,1.3641987993887277,108.68688683110419
73.72000000000683,1.364234788681842,108.68712979835082
73.73000000000684,1.3642707406989198,108.68737258050803
73.74000000000683,1.364306655493303,108.68761517773518
73.75000000000684,1.3643425331182333,108.68785759019156
73.76000000000684,1.364378373626853,108.68809981803625
73.77000000000685,1.3644141770722058,108.68834186142828
73.78000000000685,1.3644499435072366,108.6885837205266
73.79000000000684,1.3644856729847927,108.6888253954899
73.80000000000685,1.3645213655576214,108.68906688647692
73.81000000000685,1.3645570212783744,108.68930819364618
73.82000000000684,1.3645926401996045,108.68954931715612
73.83000000000685,1.3646282223737667,108.68979025716501
73.84000000000685,1.3646637678532194,108.69003101383107
73.85000000000686,1.364699276690225,108.6902715873124
73.86000000000686,1.364734748936946,108.6905119777669
73.87000000000685,1.3647701846454512,108.69075218535245
73.88000000000686,1.3648055838677116,108.69099221022677
73.89000000000686,1.3648409466556033,108.69123205254742
73.90000000000686,1.3648762730609045,108.69147171247192
73.91000000000686,1.3649115631353004,108.69171119015762
73.92000000000687,1.3649468169303784,108.69195048576178
73.93000000000687,1.3649820344976313,108.6921895994415
73.94000000000688,1.3650172158884568,108.69242853135384
73.95000000000687,1.3650523611541585,108.69266728165564
73.96000000000687,1.365087470345945,108.69290585050369
73.97000000000688,1.3651225435149301,108.69314423805464
73.98000000000687,1.365157580712134,108.69338244446503
73.99000000000687,1.3651925819884834,108.69362046989127
74.00000000000688,1.3652275473948088,108.69385831448967
74.01000000000688,1.3652624769818495,108.6940959784164
74.02000000000689,1.3652973708002518,108.6943334618275
74.03000000000688,1.3653322289005672,108.69457076487893
74.04000000000688,1.3653670513332543,108.69480788772653
74.05000000000689,1.365401838148682,108.69504483052597
74.06000000000688,1.3654365893971225,108.69528159343284
74.07000000000689,1.3654713051287586,108.6955181766026
74.08000000000689,1.3655059853936797,108.69575458019061
74.0900000000069,1.3655406302418853,108.6959908043521
74.1000000000069,1.3655752397232803,108.69622684924215
74.11000000000689,1.3656098138876798,108.69646271501578
74.1200000000069,1.3656443527848086,108.69669840182782
74.1300000000069,1.3656788564642985,108.69693390983305
74.14000000000689,1.3657133249756923,108.69716923918608
74.1500000000069,1.3657477583684403,108.69740439004143
74.1600000000069,1.365782156691905,108.69763936255349
74.17000000000691,1.3658165199953558,108.69787415687652
74.18000000000691,1.3658508483279745,108.69810877316468
74.1900000000069,1.3658851417388518,108.69834321157201
74.20000000000691,1.3659194002769883,108.69857747225238
74.21000000000691,1.3659536239912984,108.69881155535964
74.2200000000069,1.3659878129306025,108.69904546104743
74.23000000000691,1.3660219671436353,108.69927918946932
74.24000000000692,1.3660560866790434,108.69951274077873
74.25000000000692,1.366090171585381,108.69974611512896
74.26000000000693,1.3661242219111185,108.69997931267324
74.27000000000692,1.3661582377046344,108.70021233356461
74.28000000000692,1.3661922190142217,108.70044517795603
74.29000000000693,1.3662261658880848,108.70067784600036
74.30000000000692,1.3662600783743397,108.70091033785027
74.31000000000692,1.3662939565210166,108.70114265365841
74.32000000000693,1.366327800376057,108.70137479357722
74.33000000000693,1.3663616099873162,108.70160675775904
74.34000000000694,1.3663953854025634,108.70183854635614
74.35000000000693,1.366429126669479,108.70207015952062
74.36000000000693,1.3664628338356597,108.70230159740446
74.37000000000694,1.3664965069486137,108.70253286015955
74.38000000000693,1.3665301460557646,108.70276394793765
74.39000000000694,1.3665637512044506,108.7029948608904
74.40000000000694,1.3665973224419221,108.70322559916929
74.41000000000695,1.3666308598153456,108.70345616292572
74.42000000000695,1.3666643633718036,108.70368655231096
74.43000000000694,1.3666978331582909,108.70391676747619
74.44000000000695,1.3667312692217175,108.70414680857243
74.45000000000695,1.3667646716089126,108.70437667575058
74.46000000000694,1.3667980403666158,108.70460636916145
74.47000000000695,1.366831375541486,108.70483588895571
74.48000000000695,1.3668646771800963,108.70506523528391
74.49000000000696,1.366897945328937,108.7052944082965
74.50000000000696,1.3669311800344128,108.70552340814375
74.51000000000695,1.366964381342847,108.7057522349759
74.52000000000696,1.366997549300479,108.70598088894299
74.53000000000696,1.3670306839534634,108.70620937019498
74.54000000000696,1.367063785347874,108.70643767888173
74.55000000000696,1.3670968535297006,108.7066658151529
74.56000000000697,1.3671298885448504,108.70689377915812
74.57000000000697,1.3671628904391488,108.70712157104684
74.58000000000698,1.3671958592583386,108.70734919096843
74.59000000000697,1.3672287950480797,108.70757663907212
74.60000000000697,1.367261697853952,108.70780391550699
74.61000000000698,1.3672945677214516,108.70803102042207
74.62000000000697,1.367327404695995,108.7082579539662
74.63000000000697,1.3673602088229155,108.70848471628811
74.64000000000698,1.3673929801474665,108.70871130753649
74.65000000000698,1.3674257187148202,108.7089377278598
74.66000000000699,1.3674584245700676,108.70916397740646
74.67000000000698,1.3674910977582202,108.70939005632471
74.68000000000698,1.3675237383242074,108.7096159647627
74.69000000000699,1.3675563463128793,108.70984170286847
74.70000000000698,1.3675889217690058,108.71006727078992
74.71000000000699,1.3676214647372766,108.71029266867484
74.72000000000699,1.367653975262302,108.7105178966709
74.730000000007,1.367686453388613,108.71074295492564
74.740000000007,1.3677188991606613,108.71096784358649
74.75000000000699,1.3677513126228174,108.71119256280073
74.760000000007,1.3677836938193757,108.71141711271558
74.770000000007,1.3678160427945496,108.71164149347808
74.78000000000699,1.3678483595924755,108.71186570523518
74.790000000007,1.3678806442572091,108.71208974813372
74.800000000007,1.3679128968327305,108.71231362232038
74.81000000000701,1.3679451173629387,108.71253732794176
74.82000000000701,1.3679773058916571,108.7127608651443
74.830000000007,1.3680094624626304,108.71298423407438
74.84000000000701,1.3680415871195246,108.71320743487821
74.85000000000701,1.3680736799059305,108.71343046770187
74.860000000007,1.3681057408653596,108.71365333269135
74.87000000000701,1.3681377700412471,108.71387602999252
74.88000000000702,1.368169767476951,108.71409855975112
74.89000000000702,1.368201733215753,108.71432092211278
74.90000000000703,1.3682336673008577,108.71454311722299
74.91000000000702,1.3682655697753927,108.7147651452271
74.92000000000702,1.3682974406824104,108.71498700627043
74.93000000000703,1.3683292800648872,108.71520870049808
74.94000000000702,1.3683610879657215,108.7154302280551
74.95000000000702,1.368392864427738,108.71565158908636
74.96000000000703,1.3684246094936852,108.71587278373666
74.97000000000703,1.3684563232062363,108.71609381215063
74.98000000000704,1.3684880056079887,108.71631467447284
74.99000000000703,1.3685196567414641,108.71653537084772
75.00000000000703,1.368551276649111,108.71675590141952
75.01000000000704,1.3685828653733019,108.71697626633247
75.02000000000703,1.3686144229563348,108.71719646573061
75.03000000000704,1.3686459494404328,108.71741649975786
75.04000000000704,1.3686774448677455,108.71763636855808
75.05000000000705,1.3687089092803484,108.71785607227494
75.06000000000705,1.368740342720242,108.71807561105203
75.07000000000704,1.3687717452293546,108.71829498503278
75.08000000000705,1.3688031168495385,108.71851419436058
75.09000000000705,1.3688344576225742,108.7187332391786
75.10000000000704,1.3688657675901685,108.71895211962999
75.11000000000705,1.3688970467939556,108.7191708358577
75.12000000000705,1.3689282952754949,108.71938938800459
75.13000000000706,1.3689595130762742,108.7196077762134
75.14000000000706,1.3689907002377093,108.71982600062675
75.15000000000705,1.3690218568011419,108.72004406138714
75.16000000000706,1.3690529828078415,108.72026195863697
75.17000000000706,1.369084078299007,108.72047969251847
75.18000000000706,1.3691151433157625,108.72069726317379
75.19000000000706,1.369146177899163,108.72091467074497
75.20000000000707,1.3691771820901895,108.7211319153739
75.21000000000707,1.369208155929753,108.72134899720236
75.22000000000708,1.3692390994586923,108.72156591637201
75.23000000000707,1.3692700127177737,108.7217826730244
75.24000000000707,1.3693008957476946,108.72199926730094
75.25000000000708,1.3693317485890801,108.72221569934297
75.26000000000707,1.3693625712824846,108.72243196929162
75.27000000000707,1.3693933638683915,108.722648077288
75.28000000000708,1.3694241263872156,108.72286402347302
75.29000000000708,1.369454858879298,108.72307980798753
75.30000000000709,1.3694855613849117,108.72329543097224
75.31000000000708,1.36951623394426,108.72351089256772
75.32000000000708,1.3695468765974745,108.72372619291444
75.33000000000709,1.3695774893846189,108.72394133215275
75.34000000000708,1.3696080723456852,108.72415631042288
75.35000000000709,1.369638625520598,108.72437112786497
75.36000000000709,1.3696691489492112,108.72458578461895
75.3700000000071,1.36969964267131,108.72480028082474
75.3800000000071,1.3697301067266106,108.72501461662206
75.39000000000709,1.36976054115476,108.72522879215057
75.4000000000071,1.3697909459953368,108.72544280754977
75.4100000000071,1.3698213212878514,108.72565666295905
75.4200000000071,1.3698516670717444,108.72587035851772
75.4300000000071,1.369881983386389,108.72608389436488
75.4400000000071,1.3699122702710906,108.7262972706396
75.45000000000711,1.3699425277650852,108.72651048748081
75.46000000000711,1.3699727559075427,108.7267235450273
75.4700000000071,1.370002954737565,108.72693644341773
75.48000000000711,1.3700331242941846,108.72714918279068
75.49000000000711,1.3700632646163686,108.7273617632846
75.5000000000071,1.3700933757430156,108.72757418503782
75.51000000000711,1.3701234577129582,108.72778644818851
75.52000000000712,1.3701535105649614,108.72799855287481
75.53000000000712,1.3701835343377216,108.72821049923465
75.54000000000713,1.3702135290698723,108.72842228740588
75.55000000000712,1.3702434947999769,108.72863391752624
75.56000000000712,1.3702734315665346,108.72884538973335
75.57000000000713,1.3703033394079773,108.7290567041647
75.58000000000712,1.3703332183626695,108.72926786095766
75.59000000000712,1.3703630684689139,108.7294788602495
75.60000000000713,1.3703928897649422,108.72968970217735
75.61000000000713,1.3704226822889236,108.72990038687824
75.62000000000714,1.3704524460789613,108.73011091448905
75.63000000000713,1.3704821811730916,108.73032128514659
75.64000000000713,1.3705118876092877,108.7305314989875
75.65000000000714,1.3705415654254556,108.73074155614836
75.66000000000713,1.3705712146594373,108.73095145676557
75.67000000000714,1.3706008353490107,108.73116120097546
75.68000000000714,1.3706304275318857,108.73137078891422
75.69000000000715,1.3706599912457118,108.73158022071792
75.70000000000715,1.3706895265280716,108.73178949652251
75.71000000000714,1.3707190334164838,108.73199861646387
75.72000000000715,1.3707485119484029,108.73220758067768
75.73000000000715,1.370777962161219,108.73241638929954
75.74000000000714,1.3708073840922599,108.73262504246496
75.75000000000715,1.3708367777787867,108.73283354030931
75.76000000000715,1.3708661432579998,108.73304188296784
75.77000000000716,1.3708954805670348,108.73325007057565
75.78000000000716,1.3709247897429626,108.7334581032678
75.79000000000715,1.3709540708227927,108.73366598117916
75.80000000000716,1.3709833238434714,108.7338737044445
75.81000000000716,1.3710125488418816,108.73408127319853
75.82000000000716,1.3710417458548418,108.73428868757574
75.83000000000716,1.371070914919111,108.73449594771061
75.84000000000717,1.3711000560713829,108.73470305373742
75.85000000000717,1.3711291693482894,108.73491000579035
75.86000000000718,1.3711582547864005,108.73511680400351
75.87000000000717,1.371187312422225,108.73532344851084
75.88000000000717,1.3712163422922068,108.73552993944618
75.89000000000718,1.3712453444327306,108.73573627694326
75.90000000000717,1.371274318880117,108.73594246113569
75.91000000000717,1.3713032656706277,108.73614849215697
75.92000000000718,1.3713321848404605,108.73635437014043
75.93000000000718,1.3713610764257524,108.73656009521939
75.94000000000719,1.3713899404625798,108.73676566752695
75.95000000000718,1.3714187769869568,108.73697108719612
75.96000000000718,1.3714475860348374,108.73717635435986
75.97000000000719,1.3714763676421147,108.7373814691509
75.98000000000718,1.37150512184462,108.73758643170196
75.99000000000719,1.3715338486781254,108.73779124214556
76.00000000000719,1.3715625481783418,108.73799590061415
76.0100000000072,1.3715912203809182,108.73820040724007
76.0200000000072,1.3716198653214464,108.73840476215553
76.03000000000719,1.371648483035456,108.73860896549257
76.0400000000072,1.371677073558417,108.73881301738322
76.0500000000072,1.3717056369257388,108.73901691795932
76.0600000000072,1.371734173172773,108.73922066735261
76.0700000000072,1.371762682334809,108.73942426569471
76.0800000000072,1.3717911644470786,108.73962771311714
76.09000000000721,1.371819619544754,108.73983100975128
76.10000000000721,1.3718480476629478,108.74003415572841
76.1100000000072,1.3718764488367123,108.74023715117971
76.12000000000721,1.3719048231010433,108.74043999623622
76.13000000000721,1.3719331704908755,108.74064269102884
76.1400000000072,1.371961491041085,108.7408452356884
76.15000000000721,1.3719897847864908,108.7410476303456
76.16000000000722,1.3720180517618528,108.74124987513105
76.17000000000722,1.3720462920018703,108.74145197017516
76.18000000000723,1.3720745055411872,108.74165391560832
76.19000000000722,1.3721026924143889,108.74185571156075
76.20000000000722,1.372130852656001,108.74205735816258
76.21000000000723,1.3721589863004924,108.74225885554382
76.22000000000722,1.37218709338227,108.74246020383436
76.23000000000722,1.372215173935695,108.74266140316394
76.24000000000723,1.3722432279950587,108.74286245366224
76.25000000000723,1.3722712555946004,108.7430633554588
76.26000000000724,1.3722992567684993,108.74326410868306
76.27000000000723,1.37232723155088,108.74346471346433
76.28000000000723,1.3723551799758094,108.74366516993179
76.29000000000724,1.3723831020772959,108.74386547821454
76.30000000000723,1.3724109978892933,108.74406563844154
76.31000000000724,1.3724388674456975,108.74426565074167
76.32000000000724,1.372466710780347,108.74446551524362
76.33000000000725,1.3724945279270253,108.74466523207604
76.34000000000725,1.3725223189194593,108.74486480136746
76.35000000000724,1.3725500837913187,108.74506422324625
76.36000000000725,1.3725778225762169,108.74526349784067
76.37000000000725,1.3726055353077131,108.74546262527892
76.38000000000724,1.372633222019309,108.74566160568904
76.39000000000725,1.3726608827444504,108.74586043919898
76.40000000000725,1.3726885175165287,108.74605912593654
76.41000000000726,1.3727161263688783,108.74625766602944
76.42000000000726,1.3727437093347787,108.74645605960525
76.43000000000725,1.372771266447455,108.74665430679148
76.44000000000726,1.3727987977400753,108.74685240771551
76.45000000000726,1.372826303245754,108.74705036250454
76.46000000000726,1.3728537829975496,108.74724817128575
76.47000000000726,1.372881237028466,108.74744583418614
76.48000000000727,1.3729086653714528,108.74764335133263
76.49000000000727,1.3729360680594047,108.74784072285202
76.50000000000728,1.3729634451251607,108.74803794887099
76.51000000000727,1.3729907966015071,108.74823502951611
76.52000000000727,1.373018122521175,108.74843196491382
76.53000000000728,1.3730454229168414,108.74862875519048
76.54000000000727,1.373072697821129,108.74882540047231
76.55000000000727,1.3730999472666063,108.74902190088544
76.56000000000728,1.3731271712857895,108.74921825655586
76.57000000000728,1.3731543699111382,108.74941446760944
76.58000000000729,1.3731815431750607,108.74961053417198
76.59000000000728,1.3732086911099115,108.74980645636914
76.60000000000728,1.3732358137479896,108.75000223432647
76.61000000000729,1.3732629111215446,108.7501978681694
76.62000000000728,1.3732899832627683,108.75039335802325
76.63000000000729,1.3733170302038022,108.75058870401323
76.64000000000729,1.3733440519767346,108.75078390626443
76.6500000000073,1.3733710486135997,108.75097896490186
76.6600000000073,1.37339802014638,108.75117388005039
76.67000000000729,1.3734249666070046,108.75136865183475
76.6800000000073,1.3734518880273507,108.75156328037961
76.6900000000073,1.3734787844392429,108.7517577658095
76.7000000000073,1.3735056558744525,108.75195210824884
76.7100000000073,1.3735325023647003,108.75214630782193
76.7200000000073,1.3735593239416528,108.752340364653
76.73000000000731,1.373586120636926,108.7525342788661
76.74000000000731,1.3736128924820832,108.7527280505852
76.7500000000073,1.3736396395086365,108.7529216799342
76.76000000000731,1.3736663617480462,108.75311516703684
76.77000000000731,1.3736930592317242,108.75330851201667
76.7800000000073,1.373719731991019,108.75350171499736
76.79000000000731,1.3737463800572418,108.75369477610222
76.80000000000732,1.373773003461645,108.7538876954546
76.81000000000732,1.3737996022354315,108.75408047317767
76.82000000000733,1.373826176409755,108.75427310939449
76.83000000000732,1.3738527260157138,108.75446560422807
76.84000000000732,1.3738792510843605,108.75465795780124
76.85000000000733,1.3739057516466922,108.75485017023674
76.86000000000732,1.3739322277336576,108.75504224165722
76.87000000000732,1.3739586793761553,108.75523417218518
76.88000000000733,1.373985106605033,108.75542596194305
76.89000000000733,1.3740115094510865,108.7556176110531
76.90000000000734,1.3740378879450628,108.75580911963755
76.91000000000733,1.3740642421176592,108.75600048781847
76.92000000000733,1.3740905719995213,108.7561917157178
76.93000000000734,1.374116877621246,108.75638280345743
76.94000000000733,1.37414315901338,108.75657375115908
76.95000000000734,1.37416941620642,108.75676455894438
76.96000000000734,1.3741956492308125,108.75695522693489
76.97000000000735,1.3742218581169559,108.757145755252
76.98000000000735,1.3742480428951975,108.75733614401699
76.99000000000734,1.374274203595837,108.75752639335107
77.00000000000735,1.3743003402491232,108.75771650337533
77.01000000000735,1.3743264528852561,108.75790647421073
77.02000000000734,1.3743525415343874,108.75809630597813
77.03000000000735,1.3743786062266192,108.75828599879829
77.04000000000735,1.374404646992004,108.75847555279182
77.05000000000736,1.3744306638605472,108.7586649680793
77.06000000000736,1.3744566568622048,108.7588542447811
77.07000000000735,1.3744826260268825,108.75904338301756
77.08000000000736,1.3745085713844412,108.75923238290888
77.09000000000736,1.3745344929646897,108.75942124457514
77.10000000000736,1.3745603907973905,108.75960996813632
77.11000000000736,1.3745862649122573,108.7597985537123
77.12000000000737,1.3746121153389557,108.75998700142284
77.13000000000737,1.3746379421071047,108.7601753113876
77.14000000000738,1.3746637452462727,108.76036348372611
77.15000000000737,1.3746895247859814,108.76055151855779
77.16000000000737,1.3747152807557066,108.76073941600201
77.17000000000738,1.3747410131848736,108.76092717617794
77.18000000000737,1.3747667221028625,108.7611147992047
77.19000000000737,1.3747924075390037,108.76130228520131
77.20000000000738,1.374818069522583,108.76148963428665
77.21000000000738,1.3748437080828373,108.76167684657948
77.22000000000739,1.3748693232489555,108.76186392219846
77.23000000000738,1.3748949150500813,108.76205086126221
77.24000000000738,1.3749204835153104,108.76223766388911
77.25000000000739,1.3749460286736919,108.76242433019756
77.26000000000738,1.3749715505542282,108.76261086030577
77.27000000000739,1.3749970491858752,108.76279725433189
77.28000000000739,1.3750225245975412,108.76298351239392
77.2900000000074,1.3750479768180892,108.76316963460977
77.3000000000074,1.3750734058763352,108.76335562109725
77.31000000000739,1.3750988118010483,108.76354147197405
77.3200000000074,1.375124194620953,108.76372718735777
77.3300000000074,1.3751495543647267,108.76391276736588
77.3400000000074,1.3751748910610002,108.76409821211574
77.3500000000074,1.37520020473836,108.76428352172464
77.3600000000074,1.3752254954253442,108.76446869630972
77.37000000000741,1.3752507631504478,108.764653735988
77.38000000000741,1.375276007942119,108.76483864087648
77.3900000000074,1.3753012298287592,108.76502341109195
77.40000000000741,1.3753264288387268,108.76520804675113
77.41000000000741,1.375351605000333,108.76539254797065
77.4200000000074,1.375376758341843,108.76557691486704
77.43000000000741,1.3754018888914807,108.76576114755667
77.44000000000742,1.37542699667742,108.76594524615588
77.45000000000742,1.3754520817277924,108.76612921078079
77.46000000000743,1.3754771440706837,108.76631304154755
77.47000000000742,1.3755021837341355,108.7664967385721
77.48000000000742,1.3755272007461439,108.76668030197031
77.49000000000743,1.3755521951346608,108.76686373185795
77.50000000000742,1.3755771669275931,108.76704702835067
77.51000000000742,1.3756021161528031,108.76723019156401
77.52000000000743,1.3756270428381097,108.76741322161342
77.53000000000743,1.3756519470112858,108.76759611861425
77.54000000000744,1.375676828700062,108.7677788826817
77.55000000000743,1.3757016879321229,108.7679615139309
77.56000000000743,1.3757265247351098,108.76814401247688
77.57000000000744,1.375751339136621,108.76832637843452
77.58000000000743,1.3757761311642087,108.76850861191865
77.59000000000744,1.3758009008453833,108.76869071304397
77.60000000000744,1.3758256482076103,108.76887268192505
77.61000000000745,1.3758503732783123,108.7690545186764
77.62000000000745,1.3758750760848677,108.76923622341238
77.63000000000744,1.3758997566546116,108.76941779624727
77.64000000000745,1.3759244150148364,108.76959923729524
77.65000000000745,1.3759490511927903,108.76978054667033
77.66000000000744,1.3759736652156784,108.76996172448655
77.67000000000745,1.375998257110663,108.7701427708577
77.68000000000745,1.3760228269048633,108.77032368589755
77.69000000000746,1.3760473746253552,108.77050446971975
77.70000000000746,1.3760719002991726,108.77068512243781
77.71000000000745,1.3760964039533057,108.77086564416518
77.72000000000746,1.3761208856147018,108.77104603501519
77.73000000000746,1.3761453453102666,108.77122629510104
77.74000000000746,1.3761697830668627,108.77140642453585
77.75000000000746,1.3761941989113102,108.77158642343265
77.76000000000747,1.3762185928703863,108.77176629190434
77.77000000000747,1.376242964970827,108.77194603006372
77.78000000000748,1.3762673152393259,108.77212563802347
77.79000000000747,1.3762916437025332,108.77230511589619
77.80000000000747,1.376315950387059,108.77248446379438
77.81000000000748,1.3763402353194696,108.77266368183044
77.82000000000747,1.3763644985262904,108.7728427701166
77.83000000000747,1.3763887400340054,108.77302172876509
77.84000000000748,1.3764129598690558,108.77320055788793
77.85000000000748,1.3764371580578416,108.77337925759714
77.86000000000749,1.3764613346267212,108.77355782800453
77.87000000000748,1.376485489602012,108.7737362692219
77.88000000000748,1.3765096230099896,108.77391458136088
77.89000000000749,1.376533734876888,108.77409276453305
77.90000000000748,1.3765578252289008,108.77427081884984
77.91000000000749,1.3765818940921792,108.77444874442259
77.92000000000749,1.3766059414928349,108.77462654136254
77.9300000000075,1.3766299674569369,108.77480420978084
77.9400000000075,1.3766539720105146,108.77498174978854
77.95000000000749,1.3766779551795563,108.77515916149653
77.9600000000075,1.3767019169900085,108.77533644501567
77.9700000000075,1.3767258574677785,108.77551360045666
77.9800000000075,1.3767497766387327,108.77569062793013
77.9900000000075,1.3767736745286963,108.77586752754662
78.0000000000075,1.3767975511634534,108.77604429941655
78.01000000000751,1.37682140656875,108.7762209436502
78.02000000000751,1.3768452407702902,108.77639746035779
78.0300000000075,1.3768690537937378,108.77657384964944
78.04000000000751,1.3768928456647174,108.77675011163514
78.05000000000751,1.3769166164088131,108.77692624642482
78.0600000000075,1.3769403660515684,108.77710225412825
78.07000000000751,1.376964094618488,108.77727813485515
78.08000000000752,1.3769878021350361,108.77745388871512
78.09000000000752,1.3770114886266374,108.77762951581761
78.10000000000753,1.3770351541186763,108.77780501627205
78.11000000000752,1.377058798636498,108.77798039018774
78.12000000000752,1.3770824222054094,108.77815563767386
78.13000000000753,1.3771060248506766,108.77833075883947
78.14000000000752,1.3771296065975258,108.7785057537936
78.15000000000752,1.3771531674711455,108.77868062264508
78.16000000000753,1.3771767074966839,108.77885536550271
78.17000000000753,1.3772002266992502,108.7790299824752
78.18000000000754,1.377223725103915,108.7792044736711
78.19000000000753,1.3772472027357097,108.77937883919888
78.20000000000753,1.3772706596196271,108.77955307916693
78.21000000000754,1.3772940957806197,108.77972719368353
78.22000000000753,1.3773175112436031,108.77990118285685
78.23000000000754,1.377340906033453,108.78007504679495
78.24000000000754,1.3773642801750074,108.7802487856058
78.25000000000755,1.3773876336930653,108.7804223993973
78.26000000000755,1.377410966612387,108.78059588827718
78.27000000000754,1.377434278957694,108.78076925235315
78.28000000000755,1.3774575707536714,108.78094249173273
78.29000000000755,1.3774808420249633,108.78111560652344
78.30000000000754,1.377504092796178,108.78128859683261
78.31000000000755,1.3775273230918852,108.78146146276751
78.32000000000755,1.3775505329366153,108.78163420443533
78.33000000000756,1.3775737223548616,108.78180682194312
78.34000000000756,1.3775968913710808,108.78197931539783
78.35000000000755,1.3776200400096883,108.78215168490637
78.36000000000756,1.3776431682950663,108.78232393057546
78.37000000000756,1.3776662762515552,108.7824960525118
78.38000000000756,1.3776893639034613,108.78266805082193
78.39000000000756,1.3777124312750504,108.78283992561234
78.40000000000757,1.3777354783905529,108.78301167698937
78.41000000000757,1.3777585052741605,108.78318330505931
78.42000000000758,1.3777815119500292,108.78335480992833
78.43000000000757,1.3778044984422753,108.78352619170248
78.44000000000757,1.3778274647749806,108.78369745048774
78.45000000000758,1.3778504109721883,108.78386858638997
78.46000000000757,1.377873337057904,108.78403959951495
78.47000000000757,1.3778962430560986,108.78421048996837
78.48000000000758,1.3779191289907033,108.78438125785576
78.49000000000758,1.377941994885616,108.78455190328263
78.50000000000759,1.377964840764694,108.78472242635434
78.51000000000758,1.3779876666517599,108.78489282717615
78.52000000000758,1.3780104725706002,108.78506310585327
78.53000000000759,1.3780332585449637,108.78523326249075
78.54000000000758,1.3780560245985642,108.78540329719358
78.55000000000759,1.3780787707550761,108.78557321006664
78.56000000000759,1.378101497038141,108.78574300121473
78.5700000000076,1.378124203471363,108.78591267074252
78.5800000000076,1.3781468900783087,108.78608221875457
78.59000000000759,1.3781695568825105,108.78625164535542
78.6000000000076,1.3781922039074634,108.78642095064944
78.6100000000076,1.3782148311766271,108.78659013474089
78.6200000000076,1.3782374387134253,108.78675919773403
78.6300000000076,1.378260026541245,108.7869281397329
78.6400000000076,1.3782825946834394,108.7870969608415
78.65000000000761,1.3783051431633249,108.78726566116376
78.66000000000761,1.37832767200418,108.78743424080346
78.6700000000076,1.3783501812292522,108.78760269986434
78.68000000000761,1.3783726708617492,108.78777103844997
78.69000000000761,1.3783951409248467,108.78793925666389
78.7000000000076,1.378417591441682,108.78810735460948
78.71000000000761,1.378440022435359,108.7882753323901
78.72000000000762,1.3784624339289466,108.78844319010894
78.73000000000762,1.3784848259454767,108.78861092786912
78.74000000000763,1.378507198507948,108.78877854577368
78.75000000000762,1.3785295516393228,108.78894604392553
78.76000000000762,1.3785518853625296,108.78911342242755
78.77000000000763,1.3785741997004604,108.78928068138244
78.78000000000762,1.378596494675974,108.78944782089282
78.79000000000762,1.378618770311894,108.78961484106125
78.80000000000763,1.378641026631008,108.7897817419902
78.81000000000763,1.3786632636560712,108.78994852378197
78.82000000000764,1.3786854814098026,108.79011518653887
78.83000000000763,1.3787076799148863,108.790281730363
78.84000000000763,1.378729859193974,108.79044815535646
78.85000000000764,1.3787520192696803,108.79061446162122
78.86000000000763,1.3787741601645882,108.79078064925912
78.87000000000764,1.3787962819012445,108.79094671837194
78.88000000000764,1.3788183845021627,108.79111266906135
78.89000000000765,1.3788404679898214,108.79127850142896
78.90000000000765,1.3788625323866661,108.79144421557623
78.91000000000764,1.3788845777151075,108.79160981160457
78.92000000000765,1.3789066039975237,108.79177528961526
78.93000000000765,1.3789286112562564,108.79194064970952
78.94000000000764,1.3789505995136164,108.7921058919884
78.95000000000765,1.3789725687918788,108.79227101655297
78.96000000000765,1.3789945191132857,108.79243602350411
78.97000000000766,1.3790164505000444,108.79260091294265
78.98000000000766,1.379038362974332,108.79276568496928
78.99000000000765,1.3790602565582875,108.7929303396847
79.00000000000766,1.3790821312740198,108.79309487718938
79.01000000000766,1.3791039871436028,108.79325929758379
79.02000000000766,1.3791258241890794,108.79342360096827
79.03000000000766,1.3791476424324551,108.79358778744304
79.04000000000767,1.379169441895706,108.7937518571083
79.05000000000767,1.3791912226007732,108.79391581006409
79.06000000000768,1.3792129845695664,108.79407964641037
79.07000000000767,1.3792347278239596,108.79424336624703
79.08000000000767,1.3792564523857962,108.79440696967382
79.09000000000768,1.379278158276886,108.79457045679044
79.10000000000767,1.3792998455190053,108.79473382769649
79.11000000000767,1.3793215141338995,108.79489708249145
79.12000000000768,1.3793431641432783,108.79506022127474
79.13000000000768,1.3793647955688217,108.79522324414563
79.14000000000769,1.3793864084321754,108.79538615120337
79.15000000000768,1.3794080027549538,108.79554894254709
79.16000000000768,1.3794295785587376,108.79571161827576
79.17000000000769,1.3794511358650752,108.79587417848838
79.18000000000768,1.379472674695484,108.79603662328375
79.19000000000769,1.379494195071448,108.79619895276063
79.20000000000769,1.37951569701442,108.79636116701766
79.2100000000077,1.3795371805458179,108.79652326615343
79.2200000000077,1.3795586456870312,108.79668525026638
79.23000000000769,1.3795800924594157,108.79684711945491
79.2400000000077,1.3796015208842936,108.79700887381726
79.2500000000077,1.379622930982959,108.79717051345166
79.2600000000077,1.3796443227766697,108.7973320384562
79.2700000000077,1.3796656962866556,108.79749344892886
79.2800000000077,1.3796870515341124,108.79765474496757
79.29000000000771,1.379708388540205,108.79781592667015
79.30000000000771,1.3797297073260661,108.79797699413432
79.3100000000077,1.3797510079127981,108.79813794745772
79.32000000000771,1.3797722903214706,108.79829878673786
79.33000000000771,1.3797935545731228,108.79845951207223
79.3400000000077,1.379814800688761,108.79862012355817
79.35000000000771,1.3798360286893618,108.79878062129293
79.36000000000772,1.3798572385958698,108.79894100537373
79.37000000000772,1.3798784304291982,108.79910127589761
79.38000000000773,1.3798996042102292,108.79926143296156
79.39000000000772,1.379920759959814,108.79942147666249
79.40000000000772,1.3799418976987725,108.79958140709722
79.41000000000773,1.3799630174478952,108.79974122436244
79.42000000000772,1.3799841192279383,108.79990092855478
79.43000000000772,1.3800052030596308,108.80006051977078
79.44000000000773,1.3800262689636678,108.80021999810688
79.45000000000773,1.3800473169607157,108.80037936365942
79.46000000000774,1.38006834707141,108.80053861652465
79.47000000000773,1.380089359316354,108.80069775679875
79.48000000000773,1.380110353716122,108.80085678457782
79.49000000000774,1.380131330291258,108.80101569995782
79.50000000000773,1.3801522890622728,108.80117450303463
79.51000000000774,1.3801732300496512,108.80133319390407
79.52000000000774,1.3801941532738438,108.80149177266188
79.53000000000775,1.3802150587552724,108.80165023940361
79.54000000000775,1.3802359465143283,108.80180859422488
79.55000000000774,1.3802568165713731,108.80196683722107
79.56000000000775,1.3802776689467375,108.80212496848755
79.57000000000775,1.3802985036607223,108.80228298811959
79.58000000000774,1.380319320733599,108.80244089621236
79.59000000000775,1.3803401201856078,108.80259869286093
79.60000000000775,1.3803609020369612,108.80275637816028
79.61000000000776,1.3803816663078383,108.80291395220534
79.62000000000776,1.3804024130183918,108.80307141509091
79.63000000000775,1.3804231421887432,108.80322876691172
79.64000000000776,1.3804438538389834,108.80338600776238
79.65000000000776,1.3804645479891757,108.80354313773744
79.66000000000776,1.3804852246593522,108.80370015693136
79.67000000000776,1.380505883869516,108.80385706543848
79.68000000000777,1.3805265256396404,108.8040138633531
79.69000000000777,1.38054714998967,108.80417055076941
79.70000000000778,1.3805677569395194,108.80432712778149
79.71000000000777,1.3805883465090731,108.80448359448336
79.72000000000777,1.3806089187181887,108.8046399509689
79.73000000000778,1.380629473586692,108.804796197332
79.74000000000777,1.380650011134381,108.80495233366634
79.75000000000777,1.3806705313810246,108.80510836006557
79.76000000000778,1.380691034346362,108.80526427662332
79.77000000000778,1.380711520050104,108.80542008343299
79.78000000000779,1.3807319885119316,108.80557578058801
79.79000000000778,1.3807524397514979,108.80573136818167
79.80000000000778,1.3807728737884268,108.80588684630713
79.81000000000779,1.380793290642313,108.80604221505757
79.82000000000778,1.3808136903327224,108.80619747452602
79.83000000000779,1.3808340728791932,108.80635262480537
79.84000000000779,1.3808544383012338,108.80650766598852
79.8500000000078,1.3808747866183249,108.80666259816822
79.8600000000078,1.3808951178499183,108.80681742143715
79.87000000000779,1.380915432015436,108.80697213588789
79.8800000000078,1.3809357291342752,108.80712674161298
79.8900000000078,1.3809560092257993,108.80728123870479
79.9000000000078,1.3809762723093488,108.80743562725569
79.9100000000078,1.3809965184042325,108.80758990735788
79.9200000000078,1.381016747529732,108.80774407910354
79.93000000000781,1.3810369597051004,108.80789814258475
79.94000000000781,1.381057154949564,108.80805209789345
79.9500000000078,1.381077333282319,108.80820594512156
79.96000000000781,1.3810974947225343,108.80835968436087
79.97000000000781,1.3811176392893516,108.8085133157031
79.9800000000078,1.381137767001884,108.80866683923986
79.99000000000781,1.3811578778792164,108.80882025506274
80.00000000000782,1.381177971940407,108.80897356326317
80.01000000000782,1.3811980492044857,108.8091267639325
80.02000000000783,1.381218109690453,108.80927985716204
80.03000000000782,1.3812381534172848,108.80943284304298
80.04000000000782,1.3812581804039268,108.80958572166645
80.05000000000783,1.3812781906692981,108.80973849312342
80.06000000000782,1.381298184232291,108.8098911575049
80.07000000000782,1.3813181611117684,108.81004371490165
80.08000000000783,1.3813381213265672,108.81019616540452
80.09000000000783,1.3813580648954982,108.81034850910414
80.10000000000784,1.3813779918373414,108.81050074609111
80.11000000000783,1.381397902170852,108.81065287645598
80.12000000000783,1.381417795914758,108.81080490028909
80.13000000000784,1.3814376730877587,108.81095681768085
80.14000000000783,1.3814575337085278,108.81110862872146
80.15000000000784,1.381477377795711,108.8112603335011
80.16000000000784,1.381497205367927,108.81141193210986
80.17000000000785,1.3815170164437685,108.81156342463773
80.18000000000785,1.3815368110417998,108.8117148111746
80.19000000000784,1.3815565891805588,108.8118660918103
80.20000000000785,1.3815763508785568,108.81201726663457
80.21000000000785,1.381596096154279,108.81216833573706
80.22000000000784,1.3816158250261823,108.81231929920735
80.23000000000785,1.381635537512698,108.8124701571349
80.24000000000785,1.3816552336322305,108.8126209096091
80.25000000000786,1.3816749134031572,108.8127715567193
80.26000000000786,1.3816945768438293,108.8129220985547
80.27000000000785,1.3817142239725715,108.81307253520443
80.28000000000786,1.3817338548076827,108.81322286675757
80.29000000000786,1.381753469367433,108.81337309330308
80.30000000000786,1.381773067670069,108.81352321492987
80.31000000000786,1.3817926497338087,108.81367323172672
80.32000000000787,1.3818122155768462,108.81382314378237
80.33000000000787,1.381831765217347,108.81397295118543
80.34000000000788,1.3818512986734521,108.81412265402449
80.35000000000787,1.381870815963275,108.81427225238798
80.36000000000787,1.3818903171049048,108.81442174636429
80.37000000000788,1.3819098021164025,108.81457113604174
80.38000000000787,1.381929271015804,108.81472042150853
80.39000000000787,1.381948723821121,108.8148696028528
80.40000000000788,1.381968160550336,108.81501868016258
80.41000000000788,1.381987581221408,108.81516765352588
80.42000000000789,1.3820069858522699,108.81531652303052
80.43000000000788,1.3820263744608274,108.81546528876433
80.44000000000788,1.3820457470649623,108.81561395081503
80.45000000000789,1.3820651036825302,108.81576250927026
80.46000000000788,1.3820844443313594,108.81591096421754
80.47000000000789,1.3821037690292555,108.81605931574435
80.48000000000789,1.3821230777939961,108.81620756393806
80.4900000000079,1.382142370643335,108.81635570888598
80.5000000000079,1.3821616475949998,108.81650375067534
80.51000000000789,1.3821809086666914,108.81665168939324
80.5200000000079,1.3822001538760884,108.81679952512677
80.5300000000079,1.3822193832408414,108.81694725796285
80.5400000000079,1.3822385967785769,108.8170948879884
80.5500000000079,1.3822577945068952,108.81724241529022
80.5600000000079,1.3822769764433736,108.81738983995503
80.57000000000791,1.382296142605561,108.81753716206946
80.58000000000791,1.3823152930109843,108.81768438172004
80.5900000000079,1.3823344276771437,108.8178314989933
80.60000000000791,1.3823535466215153,108.8179785139756
80.61000000000791,1.3823726498615483,108.81812542675324
80.6200000000079,1.3823917374146697,108.81827223741247
80.63000000000791,1.3824108092982794,108.81841894603942
80.64000000000792,1.382429865529754,108.81856555272016
80.65000000000792,1.3824489061264438,108.81871205754068
80.66000000000793,1.3824679311056762,108.81885846058687
80.67000000000792,1.3824869404847524,108.81900476194453
80.68000000000792,1.3825059342809498,108.81915096169944
80.69000000000793,1.38252491251152,108.8192970599372
80.70000000000792,1.382543875193692,108.81944305674345
80.71000000000792,1.3825628223446689,108.81958895220363
80.72000000000793,1.3825817539816292,108.81973474640317
80.73000000000793,1.3826006701217273,108.81988043942742
80.74000000000794,1.3826195707820932,108.82002603136159
80.75000000000793,1.3826384559798335,108.82017152229089
80.76000000000793,1.382657325732028,108.82031691230038
80.77000000000794,1.3826761800557354,108.82046220147508
80.78000000000793,1.3826950189679874,108.82060738989992
80.79000000000794,1.3827138424857928,108.82075247765972
80.80000000000794,1.3827326506261368,108.82089746483928
80.81000000000795,1.3827514434059798,108.82104235152325
80.82000000000795,1.3827702208422576,108.82118713779627
80.83000000000794,1.3827889829518827,108.82133182374284
80.84000000000795,1.3828077297517434,108.8214764094474
80.85000000000795,1.3828264612587053,108.82162089499433
80.86000000000794,1.3828451774896071,108.8217652804679
80.87000000000795,1.3828638784612668,108.82190956595232
80.88000000000795,1.3828825641904774,108.82205375153171
80.89000000000796,1.3829012346940077,108.82219783729012
80.90000000000796,1.3829198899886026,108.8223418233115
80.91000000000795,1.3829385300909847,108.82248570967975
80.92000000000796,1.3829571550178514,108.82262949647867
80.93000000000796,1.3829757647858771,108.82277318379198
80.94000000000796,1.3829943594117144,108.82291677170332
80.95000000000796,1.3830129389119885,108.82306026029626
80.96000000000797,1.3830315033033054,108.82320364965427
80.97000000000797,1.3830500526022438,108.8233469398608
80.98000000000798,1.383068586825362,108.82349013099915
80.99000000000797,1.3830871059891936,108.82363322315256
81.00000000000797,1.383105610110248,108.82377621640421
81.01000000000798,1.383124099205014,108.82391911083718
81.02000000000797,1.3831425732899545,108.8240619065345
81.03000000000797,1.383161032381511,108.82420460357909
81.04000000000798,1.3831794764961003,108.8243472020538
81.05000000000798,1.3831979056501174,108.82448970204142
81.06000000000799,1.3832163198599337,108.82463210362462
81.07000000000798,1.383234719141897,108.82477440688606
81.08000000000798,1.3832531035123339,108.82491661190825
81.09000000000799,1.3832714729875453,108.82505871877366
81.10000000000798,1.3832898275838121,108.82520072756466
81.11000000000799,1.3833081673173913,108.82534263836358
81.12000000000799,1.3833264922045152,108.82548445125259
81.130000000008,1.3833448022613954,108.82562616631392
81.140000000008,1.3833630975042204,108.82576778362959
81.15000000000799,1.3833813779491562,108.82590930328158
81.160000000008,1.3833996436123441,108.82605072535183
81.170000000008,1.3834178945099067,108.82619204992218
81.180000000008,1.3834361306579404,108.82633327707438
81.190000000008,1.3834543520725198,108.82647440689011
81.200000000008,1.3834725587696988,108.82661543945098
81.21000000000801,1.3834907507655068,108.82675637483851
81.22000000000801,1.3835089280759507,108.82689721313415
81.230000000008,1.383527090717017,108.82703795441925
81.24000000000801,1.383545238704668,108.82717859877515
81.25000000000801,1.383563372054845,108.82731914628305
81.260000000008,1.3835814907834654,108.82745959702406
81.27000000000801,1.3835995949064266,108.82759995107926
81.28000000000802,1.3836176844396004,108.82774020852966
81.29000000000802,1.3836357593988402,108.82788036945614
81.30000000000803,1.3836538197999746,108.82802043393956
81.31000000000802,1.3836718656588114,108.82816040206063
81.32000000000802,1.3836898969911364,108.82830027390007
81.33000000000803,1.3837079138127122,108.82844004953846
81.34000000000802,1.3837259161392812,108.82857972905634
81.35000000000802,1.3837439039865618,108.82871931253415
81.36000000000803,1.383761877370252,108.82885880005227
81.37000000000803,1.3837798363060276,108.82899819169097
81.38000000000804,1.383797780809542,108.8291374875305
81.39000000000803,1.383815710896428,108.829276687651
81.40000000000803,1.3838336265822957,108.82941579213254
81.41000000000804,1.383851527882733,108.82955480105508
81.42000000000803,1.3838694148133075,108.82969371449859
81.43000000000804,1.3838872873895642,108.82983253254287
81.44000000000804,1.3839051456270268,108.82997125526767
81.45000000000805,1.3839229895411975,108.83010988275272
81.46000000000805,1.383940819147557,108.83024841507762
81.47000000000804,1.3839586344615646,108.8303868523219
81.48000000000805,1.3839764354986563,108.83052519456501
81.49000000000805,1.3839942222742503,108.83066344188636
81.50000000000804,1.3840119948037406,108.83080159436524
81.51000000000805,1.3840297531025008,108.8309396520809
81.52000000000805,1.384047497185882,108.83107761511252
81.53000000000806,1.3840652270692169,108.83121548353914
81.54000000000806,1.3840829427678132,108.8313532574398
81.55000000000805,1.3841006442969617,108.83149093689342
81.56000000000806,1.3841183316719268,108.83162852197887
81.57000000000806,1.3841360049079567,108.83176601277493
81.58000000000806,1.3841536640202763,108.83190340936034
81.59000000000806,1.3841713090240886,108.83204071181368
81.60000000000807,1.3841889399345773,108.83217792021354
81.61000000000807,1.384206556766904,108.83231503463843
81.62000000000808,1.3842241595362097,108.83245205516671
81.63000000000807,1.3842417482576146,108.83258898187677
81.64000000000807,1.3842593229462183,108.83272581484684
81.65000000000808,1.3842768836170989,108.83286255415513
81.66000000000807,1.3842944302853137,108.83299919987974
81.67000000000807,1.3843119629659002,108.83313575209871
81.68000000000808,1.3843294816738732,108.83327221089002
81.69000000000808,1.3843469864242297,108.83340857633154
81.70000000000809,1.3843644772319434,108.83354484850112
81.71000000000808,1.3843819541119684,108.83368102747649
81.72000000000808,1.384399417079238,108.83381711333531
81.73000000000809,1.384416866148665,108.83395310615519
81.74000000000808,1.3844343013351434,108.83408900601366
81.75000000000809,1.3844517226535438,108.83422481298817
81.76000000000809,1.3844691301187166,108.83436052715608
81.7700000000081,1.3844865237454949,108.83449614859471
81.7800000000081,1.3845039035486875,108.83463167738127
81.79000000000809,1.3845212695430862,108.83476711359293
81.8000000000081,1.3845386217434599,108.83490245730678
81.8100000000081,1.3845559601645587,108.83503770859983
81.8200000000081,1.3845732848211114,108.83517286754902
81.8300000000081,1.3845905957278282,108.83530793423118
81.8400000000081,1.3846078928993972,108.83544290872315
81.85000000000811,1.3846251763504882,108.83557779110161
81.86000000000811,1.3846424460957485,108.83571258144325
81.8700000000081,1.3846597021498086,108.8358472798246
81.88000000000811,1.3846769445272757,108.83598188632219
81.89000000000811,1.38469417324274,108.83611640101242
81.9000000000081,1.384711388310768,108.83625082397167
81.91000000000811,1.3847285897459096,108.8363851552762
81.92000000000812,1.384745777562693,108.83651939500226
81.93000000000812,1.3847629517756284,108.83665354322596
81.94000000000813,1.384780112399204,108.83678760002336
81.95000000000812,1.3847972594478886,108.83692156547048
81.96000000000812,1.384814392936132,108.83705543964321
81.97000000000813,1.384831512878365,108.83718922261743
81.98000000000812,1.3848486192889955,108.8373229144689
81.99000000000812,1.3848657121824164,108.83745651527333
82.00000000000813,1.384882791572996,108.83759002510638
82.01000000000813,1.3848998574750868,108.83772344404356
82.02000000000814,1.3849169099030196,108.83785677216044
82.03000000000813,1.3849339488711072,108.83799000953233
82.04000000000813,1.3849509743936412,108.83812315623469
82.05000000000814,1.3849679864848956,108.83825621234273
82.06000000000813,1.3849849851591227,108.83838917793167
82.07000000000814,1.3850019704305574,108.83852205307666
82.08000000000814,1.3850189423134138,108.83865483785274
82.09000000000815,1.3850359008218887,108.83878753233492
82.10000000000815,1.3850528459701565,108.8389201365981
82.11000000000814,1.3850697777723746,108.83905265071716
82.12000000000815,1.3850866962426815,108.83918507476686
82.13000000000815,1.3851036013951938,108.8393174088219
82.14000000000814,1.3851204932440118,108.83944965295694
82.15000000000815,1.385137371803216,108.83958180724653
82.16000000000815,1.385154237086865,108.83971387176518
82.17000000000816,1.385171089109003,108.8398458465873
82.18000000000816,1.3851879278836514,108.83997773178724
82.19000000000815,1.385204753424814,108.84010952743932
82.20000000000816,1.3852215657464761,108.8402412336177
82.21000000000816,1.3852383648626032,108.84037285039658
82.22000000000816,1.3852551507871411,108.84050437785
82.23000000000816,1.3852719235340192,108.84063581605196
82.24000000000817,1.3852886831171451,108.8407671650764
82.25000000000817,1.3853054295504104,108.84089842499719
82.26000000000818,1.3853221628476857,108.84102959588813
82.27000000000817,1.3853388830228233,108.84116067782293
82.28000000000817,1.3853555900896577,108.84129167087522
82.29000000000818,1.3853722840620037,108.84142257511864
82.30000000000817,1.385388964953658,108.84155339062666
82.31000000000817,1.3854056327783981,108.84168411747275
82.32000000000818,1.3854222875499835,108.84181475573027
82.33000000000818,1.3854389292821552,108.84194530547252
82.34000000000819,1.3854555579886343,108.84207576677275
82.35000000000818,1.3854721736831253,108.84220613970413
82.36000000000818,1.385488776379312,108.84233642433973
82.37000000000819,1.3855053660908625,108.84246662075262
82.38000000000818,1.3855219428314243,108.84259672901571
82.39000000000819,1.3855385066146264,108.84272674920192
82.40000000000819,1.3855550574540811,108.84285668138408
82.4100000000082,1.3855715953633814,108.84298652563491
82.4200000000082,1.3855881203561018,108.84311628202714
82.43000000000819,1.385604632445799,108.84324595063333
82.4400000000082,1.3856211316460103,108.84337553152606
82.4500000000082,1.3856376179702568,108.84350502477781
82.4600000000082,1.3856540914320392,108.84363443046097
82.4700000000082,1.3856705520448422,108.84376374864789
82.4800000000082,1.3856869998221308,108.84389297941082
82.49000000000821,1.3857034347773522,108.844022122822
82.50000000000821,1.3857198569239364,108.84415117895354
82.5100000000082,1.3857362662752937,108.84428014787751
82.52000000000821,1.3857526628448182,108.84440902966591
82.53000000000822,1.3857690466458852,108.84453782439067
82.5400000000082,1.3857854176918512,108.84466653212365
82.55000000000821,1.3858017759960564,108.84479515293665
82.56000000000822,1.3858181215718222,108.84492368690141
82.57000000000822,1.3858344544324526,108.84505213408956
82.58000000000823,1.3858507745912325,108.84518049457267
82.59000000000822,1.385867082061431,108.84530876842233
82.60000000000822,1.3858833768562977,108.84543695570994
82.61000000000823,1.385899658989065,108.84556505650693
82.62000000000822,1.3859159284729483,108.84569307088458
82.63000000000822,1.3859321853211446,108.84582099891418
82.64000000000823,1.3859484295468336,108.84594884066686
82.65000000000823,1.3859646611631762,108.84607659621379
82.66000000000824,1.385980880183317,108.84620426562601
82.67000000000823,1.3859970866203832,108.84633184897449
82.68000000000823,1.3860132804874845,108.84645934633016
82.69000000000824,1.386029461797711,108.84658675776386
82.70000000000823,1.3860456305641375,108.84671408334637
82.71000000000824,1.3860617867998215,108.84684132314841
82.72000000000824,1.3860779305178008,108.84696847724064
82.73000000000825,1.3860940617310977,108.8470955456936
82.74000000000825,1.386110180452718,108.84722252857786
82.75000000000824,1.3861262866956479,108.84734942596386
82.76000000000825,1.3861423804728568,108.84747623792194
82.77000000000825,1.3861584617972977,108.84760296452245
82.78000000000824,1.3861745306819067,108.84772960583562
82.79000000000825,1.386190587139601,108.84785616193166
82.80000000000825,1.3862066311832815,108.84798263288067
82.81000000000826,1.386222662825832,108.8481090187527
82.82000000000826,1.3862386820801194,108.84823531961771
82.83000000000825,1.3862546889589926,108.84836153554566
82.84000000000826,1.3862706834752856,108.84848766660639
82.85000000000827,1.386286665641812,108.84861371286966
82.86000000000826,1.3863026354713706,108.84873967440522
82.87000000000826,1.386318592976743,108.8488655512827
82.88000000000827,1.3863345381706935,108.8489913435717
82.89000000000827,1.386350471065969,108.84911705134174
82.90000000000828,1.386366391675301,108.84924267466229
82.91000000000827,1.386382300011402,108.84936821360273
82.92000000000827,1.3863981960869691,108.84949366823237
82.93000000000828,1.3864140799146834,108.8496190386205
82.94000000000827,1.3864299515072056,108.8497443248363
82.95000000000827,1.386445810877184,108.84986952694888
82.96000000000828,1.3864616580372475,108.84999464502734
82.97000000000828,1.3864774930000092,108.85011967914066
82.98000000000829,1.3864933157780643,108.85024462935777
82.99000000000828,1.3865091263839935,108.85036949574756
83.00000000000828,1.3865249248303586,108.8504942783788
83.01000000000829,1.3865407111297063,108.85061897732025
83.02000000000828,1.3865564852945664,108.8507435926406
83.03000000000829,1.3865722473374522,108.85086812440841
83.04000000000829,1.3865879972708592,108.85099257269226
83.0500000000083,1.3866037351072686,108.85111693756065
83.0600000000083,1.386619460859143,108.85124121908194
83.07000000000829,1.3866351745389298,108.85136541732453
83.0800000000083,1.3866508761590601,108.85148953235667
83.0900000000083,1.3866665657319475,108.8516135642466
83.1000000000083,1.38668224326999,108.85173751306249
83.1100000000083,1.3866979087855698,108.8518613788724
83.1200000000083,1.3867135622910511,108.85198516174438
83.13000000000831,1.3867292037987837,108.85210886174639
83.14000000000831,1.3867448333210999,108.85223247894632
83.1500000000083,1.3867604508703153,108.85235601341203
83.16000000000831,1.386776056458732,108.85247946521127
83.17000000000832,1.386791650098632,108.85260283441177
83.1800000000083,1.3868072318022844,108.85272612108115
83.19000000000831,1.3868228015819404,108.85284932528701
83.20000000000832,1.3868383594498361,108.85297244709685
83.21000000000832,1.386853905418191,108.85309548657814
83.22000000000833,1.3868694394992076,108.85321844379827
83.23000000000832,1.3868849617050742,108.85334131882455
83.24000000000832,1.3869004720479619,108.85346411172425
83.25000000000833,1.3869159705400258,108.85358682256458
83.26000000000832,1.3869314571934066,108.85370945141266
83.27000000000832,1.3869469320202268,108.85383199833558
83.28000000000833,1.3869623950325942,108.85395446340034
83.29000000000833,1.3869778462426003,108.85407684667388
83.30000000000834,1.386993285662322,108.85419914822309
83.31000000000833,1.387008713303819,108.8543213681148
83.32000000000833,1.3870241291791343,108.85444350641575
83.33000000000834,1.3870395333002985,108.85456556319265
83.34000000000833,1.3870549256793232,108.85468753851212
83.35000000000834,1.3870703063282055,108.85480943244073
83.36000000000834,1.387085675258927,108.854931245045
83.37000000000835,1.3871010324834536,108.85505297639136
83.38000000000835,1.3871163780137343,108.85517462654619
83.39000000000834,1.3871317118617041,108.8552961955758
83.40000000000835,1.387147034039283,108.85541768354648
83.41000000000835,1.387162344558373,108.8555390905244
83.42000000000834,1.3871776434308614,108.85566041657569
83.43000000000835,1.387192930668621,108.85578166176643
83.44000000000835,1.3872082062835085,108.85590282616262
83.45000000000836,1.387223470287365,108.8560239098302
83.46000000000836,1.3872387226920164,108.85614491283503
83.47000000000835,1.387253963509273,108.856265835243
83.48000000000836,1.3872691927509289,108.8563866771198
83.49000000000837,1.387284410428765,108.85650743853117
83.50000000000836,1.3872996165545441,108.8566281195427
83.51000000000836,1.3873148111400158,108.85674872022003
83.52000000000837,1.3873299941969148,108.85686924062861
83.53000000000837,1.3873451657369578,108.85698968083392
83.54000000000838,1.3873603257718476,108.85711004090133
83.55000000000837,1.3873754743132733,108.85723032089618
83.56000000000837,1.3873906113729075,108.85735052088376
83.57000000000838,1.3874057369624069,108.85747064092922
83.58000000000837,1.387420851093414,108.85759068109773
83.59000000000837,1.3874359537775562,108.85771064145437
83.60000000000838,1.3874510450264452,108.85783052206418
83.61000000000838,1.3874661248516778,108.85795032299208
83.62000000000839,1.3874811932648368,108.85807004430299
83.63000000000838,1.3874962502774884,108.85818968606175
83.64000000000838,1.3875112959011848,108.85830924833311
83.65000000000839,1.3875263301474623,108.85842873118185
83.66000000000838,1.3875413530278444,108.85854813467255
83.67000000000839,1.387556364553836,108.85866745886983
83.68000000000839,1.3875713647369305,108.85878670383822
83.6900000000084,1.3875863535886046,108.8589058696422
83.7000000000084,1.3876013311203215,108.85902495634619
83.71000000000839,1.387616297343528,108.85914396401452
83.7200000000084,1.3876312522696561,108.85926289271148
83.7300000000084,1.3876461959101245,108.85938174250134
83.7400000000084,1.3876611282763367,108.85950051344822
83.7500000000084,1.3876760493796805,108.85961920561626
83.7600000000084,1.387690959231529,108.85973781906947
83.77000000000841,1.3877058578432424,108.85985635387189
83.78000000000841,1.3877207452261642,108.8599748100874
83.7900000000084,1.387735621391624,108.86009318777992
83.80000000000841,1.387750486350937,108.86021148701322
83.81000000000842,1.387765340115404,108.86032970785105
83.8200000000084,1.3877801826963096,108.86044785035713
83.83000000000841,1.3877950141049258,108.86056591459507
83.84000000000842,1.3878098343525094,108.86068390062842
83.85000000000842,1.3878246434503028,108.8608018085207
83.86000000000843,1.3878394414095323,108.8609196383354
83.87000000000842,1.3878542282414126,108.86103739013586
83.88000000000842,1.3878690039571422,108.86115506398544
83.89000000000843,1.3878837685679049,108.8612726599474
83.90000000000842,1.3878985220848712,108.86139017808495
83.91000000000842,1.3879132645191963,108.86150761846123
83.92000000000843,1.3879279958820216,108.86162498113936
83.93000000000843,1.3879427161844742,108.86174226618235
83.94000000000844,1.387957425437666,108.86185947365321
83.95000000000843,1.3879721236526958,108.86197660361482
83.96000000000843,1.387986810840648,108.86209365613007
83.97000000000844,1.3880014870125923,108.86221063126173
83.98000000000843,1.3880161521795829,108.86232752907254
83.99000000000844,1.3880308063526627,108.8624443496252
84.00000000000844,1.3880454495428582,108.86256109298232
84.01000000000845,1.3880600817611826,108.86267775920646
84.02000000000845,1.3880747030186358,108.86279434836013
84.03000000000844,1.3880893133262011,108.86291086050578
84.04000000000845,1.3881039126948502,108.86302729570576
84.05000000000845,1.3881185011355388,108.86314365402247
84.06000000000844,1.3881330786592108,108.8632599355181
84.07000000000845,1.388147645276794,108.86337614025493
84.08000000000845,1.388162200999203,108.86349226829508
84.09000000000846,1.3881767458373382,108.86360831970065
84.10000000000846,1.3881912798020872,108.86372429453365
84.11000000000845,1.3882058029043227,108.86384019285609
84.12000000000846,1.388220315154903,108.86395601472991
84.13000000000847,1.3882348165646736,108.86407176021693
84.14000000000846,1.3882493071444646,108.86418742937897
84.15000000000846,1.3882637869050944,108.8643030222778
84.16000000000847,1.3882782558573656,108.86441853897504
84.17000000000847,1.3882927140120689,108.86453397953241
84.18000000000848,1.3883071613799791,108.86464934401144
84.19000000000847,1.388321597971859,108.86476463247364
84.20000000000847,1.3883360237984568,108.86487984498046
84.21000000000848,1.388350438870507,108.86499498159334
84.22000000000847,1.3883648431987305,108.86511004237359
84.23000000000847,1.3883792367938355,108.8652250273825
84.24000000000848,1.3883936196665145,108.86533993668132
84.25000000000848,1.3884079918274481,108.8654547703312
84.26000000000849,1.388422353287303,108.86556952839324
84.27000000000848,1.3884367040567316,108.8656842109285
84.28000000000849,1.388451044146373,108.86579881799803
84.29000000000849,1.3884653735668537,108.86591334966273
84.30000000000848,1.3884796923287852,108.86602780598348
84.31000000000849,1.388494000442767,108.86614218702111
84.32000000000849,1.3885082979193837,108.86625649283641
84.3300000000085,1.3885225847692075,108.86637072349009
84.3400000000085,1.3885368610027968,108.8664848790428
84.35000000000849,1.3885511266306958,108.86659895955513
84.3600000000085,1.388565381663437,108.86671296508766
84.3700000000085,1.3885796261115386,108.86682689570084
84.3800000000085,1.3885938599855052,108.86694075145509
84.3900000000085,1.3886080832958272,108.86705453241085
84.4000000000085,1.388622296052984,108.86716823862837
84.41000000000851,1.3886364982674404,108.86728187016794
84.42000000000851,1.3886506899496482,108.86739542708978
84.4300000000085,1.3886648711100456,108.867508909454
84.44000000000851,1.3886790417590575,108.86762231732072
84.45000000000852,1.3886932019070966,108.86773565074998
84.4600000000085,1.3887073515645607,108.86784890980176
84.47000000000851,1.3887214907418357,108.86796209453597
84.48000000000852,1.3887356194492948,108.86807520501249
84.49000000000852,1.3887497376972968,108.86818824129112
84.50000000000853,1.3887638454961873,108.86830120343161
84.51000000000852,1.3887779428563007,108.8684140914937
84.52000000000852,1.3887920297879561,108.86852690553701
84.53000000000853,1.3888061063014614,108.86863964562112
84.54000000000852,1.3888201724071099,108.86875231180555
84.55000000000852,1.3888342281151829,108.86886490414983
84.56000000000853,1.3888482734359489,108.86897742271333
84.57000000000853,1.3888623083796627,108.86908986755545
84.58000000000854,1.3888763329565654,108.86920223873547
84.59000000000853,1.388890347176888,108.86931453631269
84.60000000000854,1.3889043510508456,108.86942676034627
84.61000000000854,1.3889183445886422,108.86953891089537
84.62000000000853,1.388932327800468,108.86965098801909
84.63000000000854,1.3889463006965004,108.86976299177645
84.64000000000854,1.3889602632869051,108.86987492222646
84.65000000000855,1.388974215581835,108.86998677942798
84.66000000000855,1.3889881575914276,108.87009856343995
84.67000000000854,1.3890020893258102,108.87021027432115
84.68000000000855,1.3890160107950975,108.87032191213034
84.69000000000855,1.3890299220093891,108.87043347692624
84.70000000000854,1.3890438229787745,108.87054496876749
84.71000000000855,1.3890577137133289,108.87065638771269
84.72000000000855,1.3890715942231153,108.87076773382036
84.73000000000856,1.3890854645181852,108.87087900714901
84.74000000000856,1.3890993246085748,108.87099020775707
84.75000000000855,1.3891131745043106,108.87110133570295
84.76000000000856,1.3891270142154044,108.87121239104489
84.77000000000857,1.3891408437518566,108.87132337384121
84.78000000000856,1.3891546631236544,108.87143428415014
84.79000000000856,1.389168472340773,108.8715451220298
84.80000000000857,1.3891822714131747,108.87165588753832
84.81000000000857,1.3891960603508104,108.87176658073376
84.82000000000858,1.3892098391636156,108.87187720167408
84.83000000000857,1.3892236078615174,108.87198775041728
84.84000000000857,1.3892373664544269,108.8720982270212
84.85000000000858,1.3892511149522457,108.87220863154369
84.86000000000857,1.3892648533648604,108.87231896404253
84.87000000000857,1.3892785817021474,108.87242922457547
84.88000000000858,1.3892922999739683,108.87253941320014
84.89000000000858,1.389306008190176,108.87264952997421
84.90000000000859,1.389319706360607,108.87275957495521
84.91000000000858,1.3893333944950892,108.87286954820068
84.92000000000859,1.3893470726034354,108.87297944976804
84.93000000000859,1.3893607406954465,108.87308927971475
84.94000000000858,1.3893743987809133,108.87319903809811
84.95000000000859,1.3893880468696123,108.87330872497546
84.96000000000859,1.3894016849713076,108.873418340404
84.9700000000086,1.3894153130957538,108.87352788444099
84.9800000000086,1.3894289312526908,108.8736373571435
84.99000000000859,1.3894425394518455,108.87374675856866
85.0000000000086,1.3894561377029366,108.87385608877348
85.0100000000086,1.3894697260156665,108.87396534781494
85.0200000000086,1.3894833043997283,108.87407453575
85.0300000000086,1.3894968728648014,108.8741836526355
85.0400000000086,1.3895104314205544,108.87429269852827
85.05000000000861,1.3895239800766426,108.87440167348507
85.06000000000861,1.3895375188427104,108.87451057756263
85.0700000000086,1.3895510477283899,108.8746194108176
85.08000000000861,1.3895645667433003,108.87472817330661
85.09000000000862,1.3895780758970502,108.8748368650862
85.1000000000086,1.3895915751992352,108.87494548621287
85.11000000000861,1.38960506465944,108.87505403674307
85.12000000000862,1.3896185442872364,108.87516251673321
85.13000000000862,1.3896320140921845,108.87527092623965
85.14000000000863,1.3896454740838342,108.87537926531866
85.15000000000862,1.3896589242717197,108.8754875340265
85.16000000000862,1.389672364665368,108.87559573241934
85.17000000000863,1.38968579527429,108.87570386055334
85.18000000000862,1.3896992161079886,108.8758119184846
85.19000000000862,1.3897126271759521,108.8759199062691
85.20000000000863,1.3897260284876587,108.87602782396287
85.21000000000863,1.3897394200525748,108.8761356716218
85.22000000000864,1.3897528018801533,108.8762434493018
85.23000000000863,1.3897661739798366,108.87635115705868
85.24000000000864,1.3897795363610561,108.87645879494822
85.25000000000864,1.3897928890332307,108.87656636302614
85.26000000000863,1.3898062320057678,108.87667386134812
85.27000000000864,1.3898195652880632,108.87678128996976
85.28000000000864,1.3898328888895009,108.87688864894665
85.29000000000865,1.3898462028194536,108.87699593833428
85.30000000000865,1.3898595070872828,108.87710315818812
85.31000000000864,1.3898728017023367,108.87721030856359
85.32000000000865,1.3898860866739535,108.87731738951607
85.33000000000865,1.3898993620114601,108.87742440110082
85.34000000000864,1.3899126277241707,108.87753134337315
85.35000000000865,1.3899258838213888,108.87763821638822
85.36000000000865,1.3899391303124065,108.87774502020123
85.37000000000866,1.3899523672065033,108.87785175486727
85.38000000000866,1.3899655945129494,108.87795842044136
85.39000000000865,1.389978812241001,108.87806501697854
85.40000000000866,1.389992020399905,108.87817154453376
85.41000000000867,1.3900052189988956,108.87827800316191
85.42000000000866,1.390018408047196,108.87838439291784
85.43000000000866,1.3900315875540192,108.87849071385634
85.44000000000867,1.3900447575285646,108.87859696603219
85.45000000000867,1.390057917980022,108.87870314950005
85.46000000000868,1.3900710689175695,108.87880926431458
85.47000000000867,1.3900842103503732,108.8789153105304
85.48000000000867,1.3900973422875886,108.879021288202
85.49000000000868,1.3901104647383602,108.87912719738394
85.50000000000867,1.3901235777118213,108.8792330381306
85.51000000000867,1.390136681217093,108.8793388104964
85.52000000000868,1.3901497752632854,108.87944451453572
85.53000000000868,1.3901628598594993,108.8795501503028
85.54000000000869,1.3901759350148208,108.87965571785192
85.55000000000868,1.3901890007383286,108.87976121723725
85.56000000000869,1.3902020570390872,108.87986664851293
85.57000000000869,1.3902151039261528,108.87997201173306
85.58000000000868,1.3902281414085673,108.88007730695169
85.59000000000869,1.390241169495364,108.8801825342228
85.60000000000869,1.3902541881955648,108.88028769360034
85.6100000000087,1.39026719751818,108.88039278513818
85.6200000000087,1.3902801974722083,108.88049780889023
85.63000000000869,1.3902931880666387,108.8806027649102
85.6400000000087,1.390306169310448,108.88070765325186
85.6500000000087,1.3903191412126028,108.8808124739689
85.6600000000087,1.3903321037820584,108.88091722711499
85.6700000000087,1.390345057027759,108.8810219127437
85.6800000000087,1.3903580009586392,108.88112653090859
85.69000000000871,1.3903709355836202,108.88123108166312
85.70000000000871,1.3903838609116144,108.88133556506078
85.7100000000087,1.3903967769515222,108.88143998115494
85.72000000000871,1.3904096837122342,108.88154432999893
85.73000000000872,1.390422581202628,108.88164861164607
85.7400000000087,1.3904354694315733,108.88175282614962
85.75000000000871,1.3904483484079269,108.88185697356275
85.76000000000872,1.3904612181405351,108.88196105393862
85.77000000000872,1.3904740786382346,108.88206506733034
85.78000000000873,1.3904869299098492,108.88216901379094
85.79000000000872,1.3904997719641938,108.88227289337344
85.80000000000872,1.3905126048100729,108.88237670613078
85.81000000000873,1.3905254284562767,108.88248045211589
85.82000000000872,1.3905382429115896,108.8825841313816
85.83000000000872,1.3905510481847816,108.88268774398071
85.84000000000873,1.3905638442846149,108.882791289966
85.85000000000873,1.3905766312198378,108.88289476939015
85.86000000000874,1.3905894089991908,108.88299818230587
85.87000000000873,1.3906021776314021,108.8831015287657
85.88000000000874,1.3906149371251906,108.88320480882227
85.89000000000874,1.3906276874892631,108.88330802252806
85.90000000000873,1.3906404287323169,108.88341116993554
85.91000000000874,1.3906531608630386,108.88351425109713
85.92000000000874,1.3906658838901031,108.8836172660652
85.93000000000875,1.3906785978221767,108.88372021489207
85.94000000000875,1.390691302667914,108.88382309763001
85.95000000000874,1.390703998435959,108.88392591433123
85.96000000000875,1.3907166851349457,108.88402866504795
85.97000000000875,1.3907293627734973,108.88413134983226
85.98000000000874,1.3907420313602266,108.88423396873625
85.99000000000875,1.3907546909037365,108.88433652181195
86.00000000000875,1.3907673414126192,108.88443900911133
86.01000000000876,1.3907799828954546,108.88454143068635
86.02000000000876,1.3907926153608159,108.8846437865889
86.03000000000876,1.390805238817263,108.8847460768708
86.04000000000876,1.390817853273346,108.88484830158386
86.05000000000877,1.3908304587376061,108.88495046077979
86.06000000000876,1.3908430552185724,108.88505255451034
86.07000000000876,1.390855642724764,108.88515458282711
86.08000000000877,1.3908682212646901,108.88525654578173
86.09000000000877,1.390880790846851,108.88535844342574
86.10000000000878,1.3908933514797333,108.88546027581066
86.11000000000877,1.3909059031718158,108.88556204298794
86.12000000000877,1.390918445931568,108.88566374500898
86.13000000000878,1.390930979767446,108.88576538192517
86.14000000000877,1.3909435046878988,108.88586695378781
86.15000000000877,1.3909560207013634,108.88596846064817
86.16000000000878,1.3909685278162667,108.8860699025575
86.17000000000878,1.390981026041026,108.88617127956692
86.18000000000879,1.3909935153840487,108.8862725917276
86.19000000000878,1.391005995853731,108.88637383909061
86.20000000000879,1.3910184674584603,108.88647502170699
86.21000000000879,1.3910309302066122,108.88657613962772
86.22000000000878,1.3910433841065544,108.88667719290373
86.23000000000879,1.3910558291666424,108.88677818158594
86.24000000000879,1.3910682653952233,108.88687910572517
86.2500000000088,1.391080692800633,108.88697996537222
86.2600000000088,1.3910931113911977,108.88708076057787
86.27000000000879,1.391105521175234,108.88718149139282
86.2800000000088,1.3911179221610481,108.8872821578677
86.2900000000088,1.3911303143569362,108.88738276005314
86.3000000000088,1.3911426977711845,108.88748329799972
86.3100000000088,1.3911550724120696,108.88758377175795
86.3200000000088,1.3911674382878576,108.88768418137829
86.33000000000881,1.391179795406806,108.88778452691119
86.34000000000881,1.3911921437771595,108.88788480840701
86.3500000000088,1.391204483407157,108.88798502591611
86.36000000000881,1.3912168143050236,108.88808517948874
86.37000000000882,1.3912291364789773,108.88818526917517
86.3800000000088,1.3912414499372243,108.88828529502558
86.39000000000881,1.391253754687963,108.88838525709015
86.40000000000882,1.3912660507393801,108.88848515541895
86.41000000000882,1.3912783380996523,108.88858499006204
86.42000000000883,1.3912906167769485,108.88868476106947
86.43000000000882,1.3913028867794268,108.88878446849115
86.44000000000882,1.3913151481152353,108.88888411237703
86.45000000000883,1.3913274007925123,108.88898369277697
86.46000000000882,1.3913396448193867,108.88908320974083
86.47000000000882,1.391351880203977,108.88918266331837
86.48000000000883,1.3913641069543938,108.88928205355931
86.49000000000883,1.3913763250787359,108.88938138051336
86.50000000000884,1.3913885345850925,108.88948064423018
86.51000000000883,1.3914007354815447,108.88957984475933
86.52000000000884,1.391412927776163,108.8896789821504
86.53000000000884,1.3914251114770095,108.88977805645287
86.54000000000883,1.3914372865921343,108.88987706771621
86.55000000000884,1.3914494531295787,108.88997601598987
86.56000000000884,1.3914616110973763,108.89007490132319
86.57000000000885,1.391473760503548,108.89017372376551
86.58000000000885,1.3914859013561085,108.8902724833661
86.59000000000884,1.3914980336630602,108.89037118017421
86.60000000000885,1.3915101574323971,108.89046981423903
86.61000000000885,1.3915222726721035,108.89056838560968
86.62000000000884,1.3915343793901553,108.89066689433531
86.63000000000885,1.3915464775945168,108.89076534046494
86.64000000000885,1.3915585672931443,108.89086372404759
86.65000000000886,1.3915706484939834,108.89096204513223
86.66000000000886,1.3915827212049723,108.89106030376779
86.67000000000886,1.3915947854340376,108.89115850000312
86.68000000000886,1.3916068411890978,108.89125663388708
86.69000000000887,1.3916188884780616,108.89135470546843
86.70000000000886,1.3916309273088276,108.89145271479593
86.71000000000886,1.391642957689287,108.8915506619183
86.72000000000887,1.3916549796273188,108.89164854688416
86.73000000000887,1.391666993130795,108.89174636974214
86.74000000000888,1.3916789982075775,108.89184413054076
86.75000000000887,1.3916909948655183,108.8919418293286
86.76000000000887,1.39170298311246,108.8920394661541
86.77000000000888,1.3917149629562382,108.89213704106571
86.78000000000887,1.391726934404676,108.8922345541118
86.79000000000887,1.391738897465589,108.89233200534072
86.80000000000888,1.3917508521467827,108.89242939480076
86.81000000000888,1.3917627984560546,108.89252672254018
86.82000000000889,1.391774736401192,108.8926239886072
86.83000000000888,1.391786665989973,108.89272119304997
86.84000000000889,1.3917985872301668,108.8928183359166
86.85000000000889,1.3918105001295331,108.89291541725522
86.86000000000888,1.3918224046958225,108.89301243711381
86.87000000000889,1.3918343009367775,108.89310939554038
86.88000000000889,1.391846188860129,108.89320629258287
86.8900000000089,1.3918580684736006,108.89330312828919
86.9000000000089,1.3918699397849066,108.8933999027072
86.91000000000889,1.391881802801752,108.89349661588471
86.9200000000089,1.3918936575318328,108.89359326786949
86.9300000000089,1.3919055039828354,108.89368985870927
86.9400000000089,1.3919173421624376,108.89378638845172
86.9500000000089,1.3919291720783078,108.8938828571445
86.9600000000089,1.3919409937381058,108.89397926483518
86.97000000000891,1.3919528071494818,108.89407561157134
86.98000000000891,1.3919646123200773,108.89417189740048
86.9900000000089,1.3919764092575253,108.89426812237008
87.00000000000891,1.391988197969449,108.89436428652753
87.01000000000892,1.391999978463463,108.89446038992023
87.0200000000089,1.3920117507471717,108.89455643259552
87.03000000000891,1.3920235148281732,108.89465241460067
87.04000000000892,1.3920352707140544,108.89474833598297
87.05000000000892,1.392047018412394,108.89484419678958
87.06000000000893,1.3920587579307622,108.8949399970677
87.07000000000892,1.392070489276718,108.89503573686443
87.08000000000892,1.3920822124578154,108.89513141622686
87.09000000000893,1.3920939274815973,108.895227035202
87.10000000000892,1.3921056343555969,108.89532259383688
87.11000000000892,1.3921173330873393,108.89541809217842
87.12000000000893,1.392129023684342,108.89551353027353
87.13000000000893,1.3921407061541125,108.8956089081691
87.14000000000894,1.392152380504149,108.8957042259119
87.15000000000893,1.392164046741942,108.89579948354874
87.16000000000894,1.3921757048749726,108.89589468112636
87.17000000000894,1.3921873549107129,108.89598981869145
87.18000000000893,1.392198996856627,108.89608489629063
87.19000000000894,1.3922106307201694,108.89617991397054
87.20000000000894,1.392222256508787,108.89627487177773
87.21000000000895,1.392233874229916,108.89636976975873
87.22000000000895,1.3922454838909863,108.89646460796001
87.23000000000894,1.3922570854994174,108.89655938642804
87.24000000000895,1.3922686790626206,108.89665410520917
87.25000000000895,1.3922802645879988,108.89674876434978
87.26000000000894,1.3922918420829449,108.89684336389615
87.27000000000895,1.392303411554846,108.8969379038946
87.28000000000895,1.3923149730110767,108.89703238439132
87.29000000000896,1.3923265264590072,108.89712680543252
87.30000000000896,1.3923380719059952,108.89722116706429
87.31000000000896,1.3923496093593921,108.8973154693328
87.32000000000896,1.3923611388265404,108.89740971228406
87.33000000000897,1.3923726603147737,108.89750389596408
87.34000000000896,1.392384173831416,108.89759802041888
87.35000000000896,1.3923956793837846,108.89769208569436
87.36000000000897,1.3924071769791884,108.89778609183642
87.37000000000897,1.3924186666249248,108.89788003889092
87.38000000000898,1.3924301483282864,108.89797392690363
87.39000000000897,1.3924416220965545,108.89806775592035
87.40000000000897,1.3924530879370034,108.8981615259868
87.41000000000898,1.392464545856899,108.89825523714866
87.42000000000897,1.3924759958634971,108.89834888945155
87.43000000000897,1.3924874379640473,108.89844248294112
87.44000000000898,1.3924988721657887,108.89853601766288
87.45000000000898,1.3925102984759539,108.89862949366236
87.46000000000899,1.3925217169017654,108.89872291098504
87.47000000000898,1.392533127450438,108.89881626967635
87.48000000000899,1.3925445301291781,108.8989095697817
87.49000000000899,1.3925559249451842,108.8990028113464
87.50000000000898,1.392567311905645,108.8990959944158
87.51000000000899,1.3925786910177413,108.89918911903517
87.52000000000899,1.3925900622886478,108.89928218524969
87.530000000009,1.3926014257255273,108.8993751931046
87.540000000009,1.3926127813355373,108.89946814264503
87.55000000000899,1.3926241291258246,108.89956103391609
87.560000000009,1.3926354691035296,108.89965386696281
87.570000000009,1.3926468012757838,108.89974664183026
87.580000000009,1.3926581256497093,108.89983935856337
87.590000000009,1.3926694422324204,108.89993201720714
87.600000000009,1.3926807510310257,108.90002461780642
87.61000000000901,1.3926920520526216,108.90011716040611
87.62000000000901,1.392703345304299,108.90020964505099
87.630000000009,1.39271463079314,108.90030207178587
87.64000000000901,1.3927259085262167,108.90039444065549
87.65000000000902,1.3927371785105949,108.9004867517045
87.660000000009,1.3927484407533328,108.9005790049776
87.67000000000901,1.3927596952614796,108.90067120051941
87.68000000000902,1.3927709420420744,108.90076333837447
87.69000000000902,1.3927821811021515,108.90085541858734
87.70000000000903,1.392793412448735,108.90094744120252
87.71000000000902,1.3928046360888409,108.90103940626446
87.72000000000902,1.3928158520294778,108.90113131381756
87.73000000000903,1.3928270602776462,108.9012231639062
87.74000000000902,1.3928382608403376,108.90131495657472
87.75000000000902,1.3928494537245368,108.90140669186741
87.76000000000903,1.3928606389372193,108.90149836982852
87.77000000000903,1.3928718164853533,108.90158999050227
87.78000000000904,1.3928829863758985,108.90168155393283
87.79000000000903,1.3928941486158057,108.90177306016432
87.80000000000904,1.3929053032120207,108.90186450924087
87.81000000000904,1.3929164501714775,108.90195590120649
87.82000000000903,1.3929275895011048,108.90204723610522
87.83000000000904,1.3929387212078226,108.90213851398101
87.84000000000904,1.3929498452985423,108.90222973487784
87.85000000000905,1.3929609617801673,108.90232089883956
87.86000000000905,1.392972070659594,108.90241200591004
87.87000000000904,1.392983171943711,108.90250305613309
87.88000000000905,1.3929942656393968,108.90259404955248
87.89000000000905,1.393005351753524,108.90268498621195
87.90000000000904,1.3930164302929573,108.90277586615521
87.91000000000905,1.393027501264553,108.9028666894259
87.92000000000905,1.393038564675159,108.90295745606764
87.93000000000906,1.393049620531616,108.90304816612401
87.94000000000906,1.393060668840756,108.90313881963854
87.95000000000906,1.393071709609405,108.90322941665474
87.96000000000906,1.3930827428443784,108.90331995721607
87.97000000000907,1.393093768552486,108.90341044136593
87.98000000000906,1.3931047867405302,108.90350086914772
87.99000000000906,1.393115797415303,108.90359124060477
88.00000000000907,1.3931268005835904,108.9036815557804
88.01000000000907,1.3931377962521705,108.90377181471784
88.02000000000908,1.3931487844278125,108.90386201746036
88.03000000000907,1.3931597651172796,108.9039521640511
88.04000000000907,1.3931707383273266,108.90404225453322
88.05000000000908,1.3931817040646997,108.90413228894985
88.06000000000907,1.3931926623361381,108.90422226734402
88.07000000000907,1.393203613148373,108.9043121897588
88.08000000000908,1.3932145565081282,108.90440205623715
88.09000000000908,1.39322549242212,108.90449186682203
88.10000000000909,1.393236420897056,108.90458162155635
88.11000000000908,1.393247341939637,108.90467132048299
88.12000000000909,1.3932582555565558,108.90476096364478
88.13000000000909,1.393269161754498,108.90485055108451
88.14000000000908,1.3932800605401405,108.90494008284494
88.15000000000909,1.3932909519201537,108.90502955896883
88.16000000000909,1.3933018359011997,108.9051189794988
88.1700000000091,1.3933127124899336,108.90520834447753
88.1800000000091,1.3933235816930019,108.90529765394761
88.19000000000909,1.393334443517044,108.90538690795161
88.2000000000091,1.3933452979686927,108.90547610653203
88.2100000000091,1.393356145054572,108.90556524973142
88.2200000000091,1.3933669847812984,108.90565433759218
88.2300000000091,1.39337781715548,108.90574337015671
88.2400000000091,1.3933886421837205,108.90583234746745
88.25000000000911,1.393399459872613,108.90592126956668
88.26000000000911,1.3934102702287443,108.9060101364967
88.2700000000091,1.393421073258693,108.9060989482998
88.28000000000911,1.3934318689690313,108.90618770501818
88.29000000000912,1.3934426573663232,108.90627640669402
88.3000000000091,1.3934534384571255,108.90636505336947
88.31000000000911,1.3934642122479868,108.90645364508664
88.32000000000912,1.3934749787454492,108.9065421818876
88.33000000000912,1.393485737956047,108.90663066381438
88.34000000000913,1.393496489886307,108.90671909090898
88.35000000000912,1.393507234542748,108.90680746321334
88.36000000000912,1.3935179719318826,108.90689578076939
88.37000000000913,1.3935287020602152,108.906984043619
88.38000000000912,1.3935394249342428,108.90707225180404
88.39000000000912,1.393550140560455,108.90716040536628
88.40000000000913,1.3935608489453353,108.9072485043475
88.41000000000913,1.3935715500953576,108.90733654878944
88.42000000000914,1.39358224401699,108.90742453873379
88.43000000000913,1.3935929307166925,108.9075124742222
88.44000000000914,1.3936036102009188,108.90760035529627
88.45000000000914,1.3936142824761137,108.90768818199761
88.46000000000913,1.3936249475487166,108.90777595436774
88.47000000000914,1.393635605425158,108.90786367244819
88.48000000000914,1.3936462561118608,108.90795133628038
88.49000000000915,1.3936568996152428,108.90803894590579
88.50000000000915,1.3936675359417126,108.9081265013658
88.51000000000914,1.393678165097672,108.90821400270174
88.52000000000915,1.3936887870895165,108.90830144995498
88.53000000000915,1.3936994019236322,108.90838884316676
88.54000000000914,1.393710009606401,108.90847618237832
88.55000000000915,1.3937206101441943,108.9085634676309
88.56000000000915,1.3937312035433786,108.90865069896566
88.57000000000916,1.3937417898103126,108.90873787642371
88.58000000000916,1.3937523689513474,108.90882500004618
88.59000000000916,1.3937629409728274,108.9089120698741
88.60000000000916,1.3937735058810894,108.90899908594852
88.61000000000917,1.3937840636824632,108.9090860483104
88.62000000000916,1.3937946143832713,108.90917295700072
88.63000000000916,1.3938051579898303,108.90925981206037
88.64000000000917,1.3938156945084477,108.90934661353022
88.65000000000917,1.393826223945425,108.90943336145112
88.66000000000918,1.393836746307056,108.90952005586388
88.67000000000917,1.393847261599629,108.90960669680925
88.68000000000917,1.3938577698294226,108.90969328432797
88.69000000000918,1.3938682710027102,108.90977981846075
88.70000000000917,1.3938787651257578,108.9098662992482
88.71000000000917,1.393889252204824,108.90995272673098
88.72000000000918,1.3938997322461613,108.91003910094965
88.73000000000918,1.3939102052560124,108.91012542194477
88.74000000000919,1.3939206712406171,108.91021168975685
88.75000000000918,1.3939311302062043,108.91029790442636
88.76000000000919,1.3939415821589989,108.91038406599374
88.77000000000919,1.3939520271052166,108.91047017449937
88.78000000000918,1.3939624650510676,108.91055622998365
88.79000000000919,1.393972896002754,108.91064223248692
88.80000000000919,1.3939833199664713,108.91072818204943
88.8100000000092,1.393993736948409,108.91081407871144
88.8200000000092,1.3940041469547482,108.91089992251322
88.83000000000919,1.3940145499916632,108.9109857134949
88.8400000000092,1.3940249460653225,108.91107145169666
88.8500000000092,1.3940353351818864,108.9111571371586
88.8600000000092,1.3940457173475096,108.9112427699208
88.8700000000092,1.3940560925683385,108.91132835002331
88.8800000000092,1.3940664608505131,108.91141387750613
88.89000000000921,1.3940768222001678,108.91149935240922
88.90000000000921,1.394087176623428,108.91158477477255
88.9100000000092,1.3940975241264129,108.91167014463596
88.92000000000921,1.3941078647152356,108.91175546203935
88.93000000000922,1.3941181983960023,108.91184072702255
88.9400000000092,1.3941285251748112,108.91192593962533
88.95000000000921,1.3941388450577543,108.91201109988747
88.96000000000922,1.3941491580509178,108.91209620784868
88.97000000000922,1.3941594641603794,108.91218126354863
88.98000000000923,1.394169763392211,108.912266267027
88.99000000000922,1.3941800557524777,108.91235121832335
89.00000000000922,1.3941903412472365,108.91243611747731
89.01000000000923,1.39420061988254,108.91252096452843
89.02000000000922,1.3942108916644322,108.91260575951615
89.03000000000922,1.3942211565989502,108.91269050248002
89.04000000000923,1.3942314146921262,108.91277519345942
89.05000000000923,1.3942416659499839,108.9128598324938
89.06000000000924,1.3942519103785398,108.91294441962248
89.07000000000923,1.3942621479838064,108.91302895488482
89.08000000000924,1.3942723787717872,108.91311343832011
89.09000000000924,1.3942826027484796,108.9131978699676
89.10000000000923,1.3942928199198732,108.91328224986653
89.11000000000924,1.3943030302919541,108.9133665780561
89.12000000000924,1.3943132338706978,108.91345085457543
89.13000000000925,1.3943234306620753,108.91353507946368
89.14000000000925,1.3943336206720516,108.91361925275993
89.15000000000924,1.3943438039065834,108.9137033745032
89.16000000000925,1.394353980371621,108.91378744473255
89.17000000000925,1.3943641500731088,108.91387146348693
89.18000000000924,1.3943743130169846,108.91395543080529
89.19000000000925,1.3943844692091787,108.91403934672657
89.20000000000925,1.3943946186556158,108.9141232112896
89.21000000000926,1.3944047613622133,108.91420702453325
89.22000000000926,1.3944148973348818,108.91429078649635
89.23000000000926,1.3944250265795264,108.91437449721764
89.24000000000926,1.394435149102045,108.91445815673586
89.25000000000927,1.394445264908329,108.91454176508974
89.26000000000926,1.3944553740042627,108.91462532231793
89.27000000000926,1.3944654763957243,108.91470882845907
89.28000000000927,1.394475572088586,108.91479228355176
89.29000000000927,1.394485661088713,108.91487568763456
89.30000000000928,1.3944957434019636,108.91495904074603
89.31000000000927,1.3945058190341906,108.91504234292464
89.32000000000927,1.3945158879912387,108.91512559420886
89.33000000000928,1.3945259502789482,108.91520879463712
89.34000000000927,1.394536005903151,108.91529194424781
89.35000000000927,1.3945460548696735,108.91537504307932
89.36000000000928,1.3945560971843354,108.91545809116995
89.37000000000928,1.3945661328529506,108.91554108855799
89.38000000000929,1.3945761618813253,108.9156240352817
89.39000000000928,1.39458618427526,108.91570693137932
89.40000000000929,1.3945962000405492,108.91578977688903
89.41000000000929,1.3946062091829796,108.915872571849
89.42000000000928,1.3946162117083336,108.91595531629731
89.43000000000929,1.3946262076223854,108.91603801027212
89.44000000000929,1.394636196930903,108.91612065381142
89.4500000000093,1.3946461796396492,108.91620324695326
89.4600000000093,1.3946561557543788,108.91628578973562
89.47000000000929,1.3946661252808414,108.91636828219646
89.4800000000093,1.39467608822478,108.9164507243737
89.4900000000093,1.394686044591931,108.91653311630523
89.5000000000093,1.3946959943880248,108.91661545802887
89.5100000000093,1.3947059376187858,108.9166977495825
89.5200000000093,1.3947158742899304,108.91677999100384
89.53000000000931,1.39472580440717,108.91686218233068
89.54000000000931,1.3947357279762107,108.91694432360073
89.5500000000093,1.3947456450027502,108.91702641485168
89.56000000000931,1.3947555554924809,108.91710845612116
89.57000000000932,1.3947654594510892,108.91719044744681
89.5800000000093,1.3947753568842547,108.91727238886621
89.59000000000931,1.3947852477976508,108.9173542804169
89.60000000000932,1.3947951321969454,108.9174361221364
89.61000000000932,1.3948050100877984,108.9175179140622
89.62000000000933,1.3948148814758656,108.91759965623176
89.63000000000932,1.3948247463667955,108.91768134868249
89.64000000000932,1.3948346047662297,108.91776299145177
89.65000000000933,1.394844456679805,108.91784458457694
89.66000000000932,1.3948543021131514,108.91792612809535
89.67000000000932,1.3948641410718925,108.91800762204424
89.68000000000933,1.3948739735616453,108.91808906646092
89.69000000000933,1.3948837995880217,108.91817046138256
89.70000000000934,1.3948936191566275,108.91825180684636
89.71000000000933,1.3949034322730598,108.91833310288949
89.72000000000934,1.3949132389429135,108.91841434954905
89.73000000000934,1.394923039171774,108.91849554686213
89.74000000000933,1.3949328329652226,108.91857669486578
89.75000000000934,1.3949426203288338,108.91865779359705
89.76000000000934,1.394952401268175,108.9187388430929
89.77000000000935,1.3949621757888104,108.91881984339028
89.78000000000935,1.3949719438962938,108.91890079452614
89.79000000000934,1.3949817055961762,108.91898169653736
89.80000000000935,1.3949914608940024,108.91906254946079
89.81000000000935,1.395001209795309,108.91914335333325
89.82000000000934,1.395010952305628,108.91922410819156
89.83000000000935,1.3950206884304859,108.91930481407246
89.84000000000935,1.3950304181754012,108.91938547101267
89.85000000000936,1.395040141545888,108.9194660790489
89.86000000000936,1.3950498585474542,108.91954663821781
89.87000000000936,1.3950595691856018,108.91962714855602
89.88000000000936,1.3950692734658248,108.91970761010015
89.89000000000937,1.3950789713936136,108.91978802288673
89.90000000000936,1.3950886629744523,108.91986838695232
89.91000000000936,1.3950983482138173,108.91994870233341
89.92000000000937,1.3951080271171805,108.92002896906646
89.93000000000937,1.3951176996900074,108.92010918718793
89.94000000000938,1.3951273659377572,108.92018935673423
89.95000000000937,1.3951370258658848,108.92026947774168
89.96000000000937,1.395146679479836,108.92034955024666
89.97000000000938,1.3951563267850533,108.92042957428548
89.98000000000937,1.3951659677869732,108.92050954989439
89.99000000000937,1.3951756024910245,108.92058947710964
90.00000000000938,1.3951852309026314,108.92066935596746
90.01000000000938,1.3951948530272116,108.92074918650401
90.02000000000939,1.3952044688701772,108.92082896875546
90.03000000000938,1.3952140784369345,108.9209087027579
90.04000000000939,1.395223681732883,108.92098838854741
90.05000000000939,1.3952332787634179,108.92106802616007
90.06000000000938,1.395242869533928,108.92114761563188
90.07000000000939,1.3952524540497953,108.92122715699882
90.08000000000939,1.3952620323163962,108.92130665029686
90.0900000000094,1.3952716043391016,108.92138609556191
90.1000000000094,1.395281170123277,108.9214654928299
90.11000000000939,1.3952907296742811,108.92154484213664
90.1200000000094,1.3953002829974683,108.92162414351799
90.1300000000094,1.3953098300981845,108.92170339700975
90.1400000000094,1.3953193709817726,108.92178260264767
90.1500000000094,1.395328905653568,108.92186176046748
90.1600000000094,1.3953384341189012,108.92194087050491
90.17000000000941,1.3953479563830957,108.9220199327956
90.18000000000941,1.395357472451471,108.92209894737522
90.1900000000094,1.3953669823293393,108.92217791427935
90.20000000000941,1.395376486022007,108.9222568335436
90.21000000000942,1.395385983534776,108.92233570520347
90.2200000000094,1.3953954748729418,108.92241452929451
90.23000000000941,1.3954049600417944,108.9224933058522
90.24000000000942,1.3954144390466163,108.92257203491198
90.25000000000942,1.395423911892687,108.9226507165093
90.26000000000943,1.3954333785852786,108.92272935067949
90.27000000000942,1.395442839129658,108.92280793745796
90.28000000000942,1.395452293531086,108.92288647688002
90.29000000000943,1.3954617417948183,108.92296496898098
90.30000000000942,1.395471183926104,108.92304341379607
90.31000000000942,1.3954806199301877,108.92312181136056
90.32000000000943,1.3954900498123073,108.92320016170964
90.33000000000943,1.3954994735776955,108.92327846487848
90.34000000000944,1.3955088912315794,108.9233567209022
90.35000000000943,1.3955183027791802,108.92343492981595
90.36000000000944,1.3955277082257131,108.9235130916548
90.37000000000944,1.3955371075763892,108.92359120645376
90.38000000000943,1.3955465008364112,108.9236692742479
90.39000000000944,1.39555588801098,108.92374729507218
90.40000000000944,1.395565269105287,108.92382526896155
90.41000000000945,1.39557464412452,108.92390319595094
90.42000000000945,1.3955840130738615,108.92398107607525
90.43000000000944,1.3955933759584875,108.92405890936935
90.44000000000945,1.3956027327835687,108.92413669586806
90.45000000000945,1.3956120835542702,108.92421443560619
90.46000000000944,1.3956214282757515,108.92429212861849
90.47000000000945,1.3956307669531667,108.92436977493973
90.48000000000945,1.395640099591664,108.92444737460461
90.49000000000946,1.3956494261963865,108.92452492764781
90.50000000000946,1.3956587467724717,108.92460243410399
90.51000000000946,1.3956680613250507,108.92467989400775
90.52000000000946,1.3956773698592504,108.92475730739368
90.53000000000947,1.3956866723801917,108.92483467429635
90.54000000000946,1.395695968892989,108.92491199475029
90.55000000000946,1.395705259402753,108.92498926878999
90.56000000000947,1.3957145439145866,108.92506649644992
90.57000000000947,1.39572382243359,108.92514367776451
90.58000000000948,1.3957330949648554,108.92522081276817
90.59000000000947,1.3957423615134712,108.9252979014953
90.60000000000947,1.395751622084519,108.92537494398022
90.61000000000948,1.3957608766830758,108.92545194025725
90.62000000000947,1.395770125314213,108.92552889036068
90.63000000000947,1.3957793679829966,108.92560579432475
90.64000000000948,1.3957886046944872,108.92568265218374
90.65000000000948,1.3957978354537393,108.92575946397179
90.66000000000949,1.3958070602658026,108.92583622972309
90.67000000000948,1.3958162791357216,108.92591294947177
90.68000000000949,1.3958254920685347,108.92598962325192
90.69000000000949,1.3958346990692754,108.92606625109767
90.70000000000948,1.3958439001429714,108.926142833043
90.71000000000949,1.395853095294646,108.92621936912197
90.72000000000949,1.3958622845293152,108.92629585936855
90.7300000000095,1.3958714678519912,108.9263723038167
90.7400000000095,1.3958806452676802,108.92644870250037
90.75000000000949,1.3958898167813845,108.92652505545342
90.7600000000095,1.3958989823980974,108.92660136270973
90.7700000000095,1.3959081421228121,108.92667762430317
90.7800000000095,1.3959172959605108,108.9267538402675
90.7900000000095,1.3959264439161747,108.92683001063652
90.8000000000095,1.3959355859947782,108.92690613544399
90.81000000000951,1.3959447222012893,108.92698221472362
90.82000000000951,1.395953852540672,108.9270582485091
90.8300000000095,1.3959629770178847,108.92713423683409
90.84000000000951,1.3959720956378812,108.92721017973223
90.85000000000952,1.395981208405608,108.92728607723711
90.8600000000095,1.3959903153260085,108.92736192938233
90.87000000000951,1.3959994164040193,108.92743773620138
90.88000000000952,1.3960085116445726,108.92751349772783
90.89000000000952,1.3960176010525949,108.92758921399513
90.90000000000953,1.3960266846330067,108.92766488503676
90.91000000000952,1.3960357623907256,108.92774051088612
90.92000000000952,1.396044834330662,108.92781609157663
90.93000000000953,1.3960539004577208,108.92789162714165
90.94000000000952,1.396062960776803,108.9279671176145
90.95000000000952,1.396072015292804,108.92804256302851
90.96000000000953,1.3960810640106123,108.92811796341698
90.97000000000953,1.396090106935115,108.92819331881311
90.98000000000954,1.3960991440711896,108.92826862925016
90.99000000000953,1.3961081754237117,108.92834389476131
91.00000000000954,1.3961172009975489,108.92841911537974
91.01000000000954,1.3961262207975667,108.92849429113855
91.02000000000953,1.3961352348286227,108.9285694220709
91.03000000000954,1.396144243095571,108.9286445082098
91.04000000000954,1.3961532456032602,108.92871954958835
91.05000000000955,1.3961622423565334,108.92879454623956
91.06000000000955,1.3961712333602285,108.9288694981964
91.07000000000954,1.3961802186191785,108.92894440549188
91.08000000000955,1.3961891981382109,108.92901926815887
91.09000000000955,1.396198171922149,108.92909408623032
91.10000000000954,1.3962071399758098,108.9291688597391
91.11000000000955,1.3962161023040065,108.92924358871802
91.12000000000955,1.3962250589115452,108.92931827319994
91.13000000000956,1.3962340098032293,108.92939291321764
91.14000000000956,1.3962429549838555,108.9294675088039
91.15000000000956,1.3962518944582154,108.9295420599914
91.16000000000956,1.3962608282310962,108.9296165668129
91.17000000000957,1.3962697563072797,108.92969102930103
91.18000000000956,1.3962786786915433,108.92976544748846
91.19000000000956,1.3962875953886578,108.92983982140782
91.20000000000957,1.3962965064033903,108.92991415109168
91.21000000000957,1.3963054117405025,108.92998843657261
91.22000000000958,1.3963143114047503,108.93006267788316
91.23000000000957,1.396323205400886,108.9301368750558
91.24000000000957,1.3963320937336556,108.93021102812303
91.25000000000958,1.3963409764078,108.93028513711728
91.26000000000957,1.3963498534280574,108.930359202071
91.27000000000957,1.3963587247991576,108.93043322301658
91.28000000000958,1.3963675905258273,108.93050719998635
91.29000000000958,1.3963764506127885,108.93058113301268
91.30000000000959,1.3963853050647568,108.93065502212785
91.31000000000958,1.3963941538864442,108.93072886736418
91.32000000000959,1.3964029970825567,108.93080266875388
91.33000000000959,1.3964118346577956,108.93087642632919
91.34000000000958,1.3964206666168584,108.9309501401223
91.35000000000959,1.3964294929644359,108.9310238101654
91.36000000000959,1.3964383137052148,108.9310974364906
91.3700000000096,1.3964471288438767,108.93117101913002
91.3800000000096,1.3964559383850976,108.93124455811576
91.3900000000096,1.3964647423335506,108.93131805347984
91.4000000000096,1.3964735406939013,108.93139150525433
91.4100000000096,1.3964823334708119,108.93146491347122
91.4200000000096,1.39649112066894,108.93153827816245
91.4300000000096,1.3964999022929372,108.93161159935998
91.4400000000096,1.3965086783474498,108.93168487709576
91.45000000000961,1.3965174488371221,108.93175811140163
91.46000000000961,1.3965262137665895,108.93183130230949
91.4700000000096,1.3965349731404852,108.93190444985116
91.48000000000961,1.3965437269634366,108.93197755405842
91.49000000000962,1.396552475240067,108.93205061496309
91.5000000000096,1.3965612179749933,108.9321236325969
91.51000000000961,1.396569955172829,108.93219660699158
91.52000000000962,1.3965786868381826,108.93226953817882
91.53000000000962,1.3965874129756564,108.93234242619027
91.54000000000963,1.3965961335898498,108.93241527105761
91.55000000000962,1.3966048486853564,108.93248807281243
91.56000000000962,1.3966135582667643,108.93256083148631
91.57000000000963,1.396622262338657,108.93263354711084
91.58000000000962,1.3966309609056153,108.9327062197175
91.59000000000962,1.3966396539722117,108.93277884933784
91.60000000000963,1.396648341543017,108.9328514360033
91.61000000000963,1.3966570236225957,108.93292397974537
91.62000000000964,1.3966657002155074,108.93299648059543
91.63000000000963,1.3966743713263075,108.93306893858491
91.64000000000964,1.3966830369595462,108.93314135374514
91.65000000000964,1.3966916971197685,108.93321372610748
91.66000000000963,1.3967003518115162,108.93328605570325
91.67000000000964,1.3967090010393248,108.93335834256374
91.68000000000964,1.3967176448077254,108.93343058672018
91.69000000000965,1.3967262831212452,108.93350278820384
91.70000000000965,1.3967349159844058,108.9335749470459
91.71000000000964,1.3967435434017237,108.93364706327753
91.72000000000965,1.3967521653777117,108.9337191369299
91.73000000000965,1.3967607819168775,108.93379116803412
91.74000000000964,1.3967693930237235,108.93386315662129
91.75000000000965,1.396777998702748,108.93393510272249
91.76000000000965,1.396786598958445,108.93400700636876
91.77000000000966,1.3967951937953027,108.93407886759108
91.78000000000966,1.3968037832178053,108.93415068642051
91.79000000000966,1.396812367230432,108.93422246288793
91.80000000000966,1.3968209458376573,108.93429419702436
91.81000000000967,1.3968295190439524,108.93436588886065
91.82000000000966,1.396838086853781,108.93443753842769
91.83000000000966,1.3968466492716056,108.93450914575635
91.84000000000967,1.3968552063018804,108.93458071087746
91.85000000000967,1.3968637579490575,108.93465223382181
91.86000000000968,1.3968723042175841,108.93472371462018
91.87000000000967,1.396880845111902,108.9347951533033
91.88000000000967,1.3968893806364473,108.93486654990194
91.89000000000968,1.3968979107956552,108.93493790444674
91.90000000000967,1.3969064355939518,108.93500921696841
91.91000000000967,1.396914955035762,108.93508048749757
91.92000000000968,1.3969234691255041,108.93515171606485
91.93000000000968,1.3969319778675922,108.93522290270084
91.94000000000969,1.3969404812664368,108.93529404743609
91.95000000000968,1.3969489793264422,108.93536515030114
91.96000000000969,1.3969574720520095,108.9354362113265
91.97000000000969,1.3969659594475348,108.93550723054268
91.98000000000968,1.396974441517409,108.9355782079801
91.99000000000969,1.3969829182660198,108.93564914366922
92.00000000000969,1.396991389697748,108.93572003764042
92.0100000000097,1.3969998558169725,108.93579088992409
92.0200000000097,1.3970083166280662,108.9358617005506
92.0300000000097,1.3970167721353977,108.93593246955027
92.0400000000097,1.3970252223433306,108.93600319695335
92.0500000000097,1.3970336672562245,108.9360738827902
92.0600000000097,1.397042106878435,108.93614452709102
92.0700000000097,1.3970505412143126,108.93621512988602
92.0800000000097,1.3970589702682015,108.93628569120541
92.09000000000971,1.3970673940444458,108.93635621107939
92.10000000000971,1.3970758125473806,108.93642668953805
92.1100000000097,1.3970842257813387,108.93649712661156
92.12000000000971,1.3970926337506477,108.93656752232997
92.13000000000972,1.3971010364596324,108.93663787672337
92.1400000000097,1.3971094339126096,108.93670818982179
92.15000000000971,1.3971178261138961,108.93677846165525
92.16000000000972,1.3971262130678,108.93684869225375
92.17000000000972,1.3971345947786278,108.93691888164723
92.18000000000973,1.3971429712506802,108.93698902986564
92.19000000000972,1.397151342488254,108.93705913693888
92.20000000000972,1.3971597084956413,108.93712920289686
92.21000000000973,1.39716806927713,108.9371992277694
92.22000000000972,1.3971764248370024,108.9372692115864
92.23000000000972,1.397184775179539,108.93733915437758
92.24000000000973,1.3971931203090124,108.93740905617278
92.25000000000973,1.3972014602296943,108.93747891700176
92.26000000000974,1.3972097949458486,108.93754873689421
92.27000000000973,1.3972181244617379,108.93761851587989
92.28000000000974,1.397226448781618,108.93768825398844
92.29000000000974,1.3972347679097414,108.93775795124954
92.30000000000973,1.3972430818503567,108.93782760769281
92.31000000000974,1.3972513906077069,108.93789722334782
92.32000000000974,1.3972596941860311,108.9379667982442
92.33000000000975,1.3972679925895641,108.9380363324115
92.34000000000975,1.3972762858225372,108.9381058258792
92.35000000000974,1.3972845738891755,108.93817527867685
92.36000000000975,1.3972928567937006,108.9382446908339
92.37000000000975,1.3973011345403301,108.93831406237982
92.38000000000974,1.3973094071332772,108.93838339334401
92.39000000000975,1.3973176745767504,108.9384526837559
92.40000000000975,1.3973259368749542,108.93852193364485
92.41000000000976,1.397334194032089,108.93859114304021
92.42000000000976,1.3973424460523485,108.9386603119713
92.43000000000976,1.397350692939926,108.93872944046747
92.44000000000976,1.3973589346990078,108.93879852855792
92.45000000000977,1.3973671713337765,108.93886757627193
92.46000000000976,1.397375402848411,108.93893658363874
92.47000000000976,1.3973836292470843,108.93900555068754
92.48000000000977,1.3973918505339675,108.93907447744749
92.49000000000977,1.3974000667132256,108.93914336394775
92.50000000000978,1.3974082777890195,108.93921221021748
92.51000000000977,1.3974164837655054,108.9392810162857
92.52000000000977,1.397424684646838,108.93934978218157
92.53000000000978,1.3974328804371636,108.93941850793406
92.54000000000977,1.397441071140628,108.93948719357228
92.55000000000977,1.3974492567613697,108.93955583912515
92.56000000000978,1.397457437303525,108.93962444462169
92.57000000000978,1.3974656127712257,108.93969301009085
92.58000000000979,1.397473783168598,108.93976153556153
92.59000000000978,1.397481948499765,108.93983002106265
92.60000000000979,1.3974901087688456,108.93989846662308
92.61000000000979,1.397498263979954,108.93996687227167
92.62000000000978,1.3975064141372002,108.94003523803725
92.63000000000979,1.397514559244691,108.94010356394864
92.64000000000979,1.3975226993065273,108.94017185003457
92.6500000000098,1.3975308343268071,108.94024009632383
92.6600000000098,1.3975389643096237,108.94030830284514
92.6700000000098,1.3975470892590665,108.94037646962721
92.6800000000098,1.3975552091792198,108.9404445966987
92.6900000000098,1.3975633240741643,108.94051268408826
92.7000000000098,1.3975714339479783,108.94058073182455
92.7100000000098,1.3975795388047325,108.94064873993617
92.7200000000098,1.3975876386484951,108.94071670845165
92.73000000000981,1.3975957334833318,108.9407846373996
92.74000000000981,1.397603823313301,108.94085252680856
92.7500000000098,1.397611908142459,108.94092037670698
92.76000000000981,1.397619987974858,108.9409881871234
92.77000000000982,1.397628062814545,108.94105595808624
92.7800000000098,1.3976361326655629,108.94112368962396
92.79000000000981,1.3976441975319513,108.94119138176495
92.80000000000982,1.3976522574177461,108.94125903453761
92.81000000000982,1.3976603123269773,108.94132664797027
92.82000000000983,1.397668362263672,108.94139422209133
92.83000000000982,1.397676407231853,108.94146175692906
92.84000000000982,1.3976844472355394,108.94152925251174
92.85000000000983,1.397692482278745,108.94159670886765
92.86000000000982,1.3977005123654809,108.94166412602503
92.87000000000982,1.3977085374997524,108.94173150401211
92.88000000000983,1.3977165576855632,108.94179884285705
92.89000000000983,1.3977245729269103,108.94186614258805
92.90000000000984,1.397732583227789,108.94193340323324
92.91000000000983,1.3977405885921879,108.94200062482074
92.92000000000984,1.397748589024094,108.94206780737863
92.93000000000984,1.397756584527489,108.94213495093501
92.94000000000983,1.3977645751063503,108.94220205551791
92.95000000000984,1.3977725607646532,108.94226912115536
92.96000000000984,1.3977805415063658,108.94233614787538
92.97000000000985,1.3977885173354538,108.94240313570592
92.98000000000985,1.3977964882558802,108.94247008467491
92.99000000000984,1.3978044542716017,108.94253699481035
93.00000000000985,1.3978124153865727,108.94260386614008
93.01000000000985,1.397820371604742,108.94267069869201
93.02000000000984,1.3978283229300552,108.942737492494
93.03000000000985,1.3978362693664543,108.94280424757386
93.04000000000985,1.3978442109178768,108.94287096395942
93.05000000000986,1.397852147588256,108.94293764167847
93.06000000000986,1.3978600793815217,108.94300428075877
93.07000000000986,1.3978680063016,108.94307088122805
93.08000000000986,1.397875928352412,108.94313744311401
93.09000000000987,1.397883845537875,108.94320396644439
93.10000000000986,1.3978917578619032,108.9432704512468
93.11000000000986,1.3978996653284057,108.94333689754892
93.12000000000987,1.397907567941289,108.94340330537838
93.13000000000987,1.3979154657044544,108.94346967476274
93.14000000000988,1.3979233586217992,108.9435360057296
93.15000000000987,1.3979312466972182,108.9436022983065
93.16000000000987,1.3979391299346007,108.94366855252099
93.17000000000988,1.3979470083378327,108.94373476840055
93.18000000000987,1.3979548819107965,108.94380094597265
93.19000000000987,1.3979627506573695,108.94386708526478
93.20000000000988,1.397970614581427,108.94393318630436
93.21000000000988,1.3979784736868384,108.94399924911878
93.22000000000989,1.3979863279774705,108.94406527373545
93.23000000000988,1.3979941774571853,108.94413126018173
93.24000000000989,1.398002022129841,108.94419720848497
93.25000000000989,1.3980098619992927,108.94426311867245
93.26000000000988,1.3980176970693914,108.94432899077151
93.27000000000989,1.3980255273439832,108.94439482480938
93.28000000000989,1.3980333528269115,108.94446062081335
93.2900000000099,1.3980411735220146,108.94452637881061
93.3000000000099,1.398048989433129,108.94459209882835
93.3100000000099,1.398056800564085,108.94465778089379
93.3200000000099,1.3980646069187097,108.94472342503407
93.3300000000099,1.3980724085008274,108.94478903127631
93.3400000000099,1.398080205314258,108.94485459964761
93.3500000000099,1.3980879973628164,108.94492013017509
93.3600000000099,1.398095784650315,108.94498562288581
93.37000000000991,1.398103567180562,108.94505107780678
93.38000000000991,1.3981113449573617,108.94511649496502
93.3900000000099,1.3981191179845143,108.94518187438754
93.40000000000991,1.3981268862658172,108.94524721610132
93.41000000000992,1.398134649805062,108.94531252013329
93.4200000000099,1.3981424086060386,108.94537778651038
93.43000000000991,1.3981501626725317,108.94544301525949
93.44000000000992,1.398157912008323,108.94550820640751
93.45000000000992,1.3981656566171896,108.94557335998128
93.46000000000993,1.3981733965029062,108.94563847600764
93.47000000000992,1.3981811316692414,108.94570355451343
93.48000000000992,1.3981888621199627,108.9457685955254
93.49000000000993,1.3981965878588314,108.94583359907033
93.50000000000992,1.3982043088896061,108.94589856517496
93.51000000000992,1.398212025216042,108.94596349386602
93.52000000000993,1.3982197368418905,108.9460283851702
93.53000000000993,1.3982274437708977,108.94609323911418
93.54000000000994,1.3982351460068085,108.94615805572461
93.55000000000993,1.3982428435533614,108.94622283502811
93.56000000000994,1.3982505364142925,108.94628757705131
93.57000000000994,1.398258224593335,108.94635228182078
93.58000000000993,1.3982659080942166,108.94641694936308
93.59000000000994,1.3982735869206617,108.94648157970478
93.60000000000994,1.3982812610763922,108.94654617287236
93.61000000000995,1.398288930565125,108.94661072889232
93.62000000000995,1.3982965953905728,108.94667524779116
93.63000000000994,1.3983042555564462,108.9467397295953
93.64000000000995,1.3983119110664515,108.94680417433119
93.65000000000995,1.3983195619242912,108.94686858202522
93.66000000000994,1.3983272081336624,108.94693295270378
93.67000000000995,1.3983348496982613,108.94699728639324
93.68000000000995,1.39834248662178,108.94706158311992
93.69000000000996,1.3983501189079037,108.94712584291015
93.70000000000996,1.3983577465603185,108.94719006579022
93.71000000000996,1.398365369582703,108.9472542517864
93.72000000000996,1.3983729879787343,108.94731840092494
93.73000000000997,1.3983806017520855,108.94738251323209
93.74000000000996,1.398388210906425,108.94744658873402
93.75000000000996,1.3983958154454192,108.94751062745694
93.76000000000997,1.3984034153727292,108.947574629427
93.77000000000997,1.3984110106920127,108.94763859467032
93.78000000000998,1.3984186014069255,108.94770252321304
93.79000000000997,1.3984261875211175,108.94776641508126
93.80000000000997,1.3984337690382358,108.94783027030105
93.81000000000998,1.3984413459619243,108.94789408889847
93.82000000000997,1.3984489182958229,108.9479578708995
93.83000000000997,1.3984564860435675,108.94802161633021
93.84000000000998,1.3984640492087907,108.94808532521654
93.85000000000998,1.3984716077951225,108.94814899758447
93.86000000000999,1.3984791618061865,108.94821263345995
93.87000000000998,1.3984867112456065,108.94827623286888
93.88000000000999,1.3984942561169993,108.94833979583717
93.89000000000999,1.3985017964239792,108.94840332239069
93.90000000000998,1.3985093321701583,108.94846681255532
93.91000000000999,1.3985168633591432,108.94853026635684
93.92000000000999,1.3985243899945372,108.94859368382112
93.93000000001,1.3985319120799415,108.94865706497389
93.94000000001,1.3985394296189526,108.94872040984094
93.95000000001,1.3985469426151622,108.94878371844806
93.96000000001,1.3985544510721617,108.9488469908209
93.97000000001,1.3985619549935353,108.9489102269852
93.98000000001,1.3985694543828653,108.94897342696665
93.99000000001,1.398576949243731,108.94903659079088
94.00000000001,1.3985844395797078,108.94909971848354
94.01000000001001,1.3985919253943668,108.94916281007023
94.02000000001001,1.3985994066912764,108.9492258655766
94.03000000001,1.3986068834740002,108.94928888502814
94.04000000001001,1.3986143557461002,108.94935186845046
94.05000000001002,1.3986218235111334,108.94941481586908
94.06000000001,1.3986292867726533,108.94947772730949
94.07000000001001,1.3986367455342106,108.94954060279716
94.08000000001002,1.3986441997993524,108.94960344235761
94.09000000001002,1.3986516495716217,108.94966624601624
94.10000000001003,1.3986590948545574,108.94972901379847
94.11000000001002,1.3986665356516976,108.94979174572974
94.12000000001002,1.398673971966574,108.94985444183538
94.13000000001003,1.3986814038027153,108.9499171021408
94.14000000001002,1.3986888311636487,108.94997972667129
94.15000000001002,1.3986962540528947,108.9500423154522
94.16000000001003,1.3987036724739736,108.95010486850877
94.17000000001003,1.3987110864304002,108.95016738586634
94.18000000001004,1.3987184959256855,108.95022986755009
94.19000000001003,1.398725900963339,108.95029231358532
94.20000000001004,1.3987333015468648,108.95035472399721
94.21000000001004,1.3987406976797645,108.95041709881096
94.22000000001003,1.3987480893655355,108.95047943805169
94.23000000001004,1.3987554766076737,108.95054174174459
94.24000000001004,1.3987628594096682,108.95060400991478
94.25000000001005,1.398770237775008,108.95066624258736
94.26000000001005,1.3987776117071764,108.9507284397874
94.27000000001004,1.3987849812096544,108.95079060153998
94.28000000001005,1.3987923462859189,108.9508527278701
94.29000000001005,1.3987997069394436,108.95091481880284
94.30000000001004,1.3988070631736993,108.95097687436315
94.31000000001005,1.398814414992152,108.95103889457604
94.32000000001005,1.3988217623982662,108.95110087946644
94.33000000001006,1.3988291053955015,108.95116282905929
94.34000000001006,1.398836443987314,108.9512247433795
94.35000000001006,1.3988437781771583,108.95128662245199
94.36000000001006,1.3988511079684822,108.95134846630161
94.37000000001007,1.3988584333647343,108.95141027495322
94.38000000001006,1.398865754369356,108.95147204843164
94.39000000001006,1.3988730709857884,108.95153378676169
94.40000000001007,1.3988803832174659,108.95159548996816
94.41000000001007,1.3988876910678223,108.9516571580758
94.42000000001008,1.3988949945402869,108.9517187911094
94.43000000001007,1.398902293638286,108.95178038909363
94.44000000001007,1.3989095883652416,108.95184195205324
94.45000000001008,1.3989168787245743,108.95190348001292
94.46000000001007,1.3989241647196984,108.95196497299729
94.47000000001007,1.3989314463540279,108.95202643103102
94.48000000001008,1.3989387236309714,108.95208785413874
94.49000000001008,1.3989459965539341,108.95214924234506
94.50000000001009,1.398953265126321,108.95221059567453
94.51000000001008,1.3989605293515286,108.95227191415174
94.52000000001009,1.398967789232953,108.95233319780121
94.53000000001009,1.398975044773988,108.95239444664747
94.54000000001008,1.3989822959780223,108.95245566071503
94.55000000001009,1.3989895428484411,108.95251684002838
94.56000000001009,1.3989967853886278,108.95257798461195
94.5700000000101,1.399004023601961,108.9526390944902
94.5800000000101,1.3990112574918168,108.9527001696875
94.5900000000101,1.3990184870615672,108.95276121022832
94.6000000000101,1.399025712314582,108.95282221613701
94.6100000000101,1.3990329332542266,108.9528831874379
94.6200000000101,1.399040149883864,108.95294412415537
94.6300000000101,1.399047362206854,108.95300502631369
94.6400000000101,1.3990545702265518,108.9530658939372
94.65000000001011,1.3990617739463103,108.95312672705013
94.66000000001011,1.3990689733694792,108.95318752567678
94.6700000000101,1.3990761684994049,108.95324828984137
94.68000000001011,1.399083359339429,108.95330901956811
94.69000000001012,1.3990905458928926,108.95336971488119
94.7000000000101,1.3990977281631316,108.95343037580479
94.71000000001011,1.3991049061534784,108.95349100236308
94.72000000001012,1.3991120798672636,108.95355159458016
94.73000000001012,1.3991192493078137,108.95361215248016
94.74000000001013,1.3991264144784508,108.95367267608721
94.75000000001012,1.3991335753824965,108.95373316542532
94.76000000001012,1.399140732023267,108.9537936205186
94.77000000001013,1.399147884404076,108.95385404139104
94.78000000001012,1.3991550325282331,108.95391442806668
94.79000000001012,1.3991621763990458,108.9539747805695
94.80000000001013,1.399169316019818,108.95403509892348
94.81000000001013,1.3991764513938503,108.95409538315258
94.82000000001014,1.3991835825244399,108.95415563328072
94.83000000001013,1.399190709414881,108.95421584933185
94.84000000001014,1.3991978320684646,108.95427603132978
94.85000000001014,1.3992049504884785,108.95433617929848
94.86000000001013,1.3992120646782071,108.95439629326174
94.87000000001014,1.3992191746409313,108.95445637324343
94.88000000001014,1.3992262803799302,108.95451641926735
94.89000000001015,1.3992333818984781,108.95457643135728
94.90000000001015,1.3992404791998465,108.95463640953703
94.91000000001014,1.3992475722873032,108.95469635383031
94.92000000001015,1.3992546611641155,108.9547562642609
94.93000000001015,1.3992617458335443,108.95481614085249
94.94000000001014,1.399268826298849,108.95487598362877
94.95000000001015,1.3992759025632844,108.95493579261343
94.96000000001015,1.399282974630104,108.95499556783011
94.97000000001016,1.399290042502558,108.95505530930247
94.98000000001016,1.3992971061838906,108.95511501705413
94.99000000001016,1.3993041656773464,108.95517469110864
95.00000000001016,1.3993112209861656,108.95523433148962
95.01000000001017,1.3993182721135842,108.9552939382206
95.02000000001016,1.399325319062836,108.95535351132517
95.03000000001016,1.3993323618371514,108.95541305082679
95.04000000001017,1.3993394004397581,108.95547255674899
95.05000000001017,1.3993464348738807,108.95553202911522
95.06000000001018,1.3993534651427395,108.95559146794899
95.07000000001017,1.3993604912495528,108.9556508732737
95.08000000001017,1.3993675131975356,108.95571024511278
95.09000000001018,1.3993745309898995,108.95576958348963
95.10000000001017,1.399381544629853,108.95582888842765
95.11000000001017,1.3993885541206015,108.95588815995018
95.12000000001018,1.3993955594653478,108.95594739808057
95.13000000001018,1.3994025606672904,108.95600660284214
95.14000000001019,1.3994095577296264,108.95606577425822
95.15000000001018,1.3994165506555485,108.95612491235205
95.16000000001019,1.3994235394482466,108.95618401714694
95.17000000001019,1.3994305241109073,108.95624308866611
95.18000000001018,1.3994375046467145,108.95630212693281
95.19000000001019,1.3994444810588493,108.95636113197021
95.20000000001019,1.3994514533504887,108.95642010380153
95.2100000000102,1.3994584215248076,108.95647904244993
95.2200000000102,1.399465385584977,108.95653794793857
95.2300000000102,1.3994723455341664,108.95659682029057
95.2400000000102,1.3994793013755398,108.95665565952903
95.2500000000102,1.3994862531122605,108.95671446567707
95.2600000000102,1.399493200747486,108.95677323875775
95.2700000000102,1.3995001442843749,108.95683197879411
95.2800000000102,1.3995070837260786,108.95689068580921
95.29000000001021,1.3995140190757471,108.95694935982606
95.30000000001021,1.3995209503365278,108.95700800086763
95.3100000000102,1.399527877511565,108.95706660895695
95.32000000001021,1.3995348006039996,108.95712518411692
95.33000000001022,1.3995417196169675,108.95718372637052
95.3400000000102,1.3995486345536061,108.95724223574067
95.35000000001021,1.3995555454170459,108.95730071225024
95.36000000001022,1.399562452210416,108.95735915592218
95.37000000001022,1.3995693549368418,108.95741756677927
95.38000000001023,1.3995762535994463,108.95747594484439
95.39000000001022,1.399583148201349,108.95753429014039
95.40000000001022,1.3995900387456675,108.95759260269004
95.41000000001023,1.3995969252355138,108.95765088251616
95.42000000001022,1.3996038076740003,108.9577091296415
95.43000000001022,1.3996106860642339,108.95776734408882
95.44000000001023,1.3996175604093193,108.95782552588084
95.45000000001023,1.3996244307123582,108.95788367504029
95.46000000001024,1.399631296976449,108.95794179158985
95.47000000001023,1.3996381592046878,108.95799987555219
95.48000000001024,1.3996450174001673,108.95805792694999
95.49000000001024,1.3996518715659776,108.95811594580587
95.50000000001023,1.3996587217052052,108.95817393214246
95.51000000001024,1.3996655678209333,108.95823188598234
95.52000000001024,1.3996724099162436,108.95828980734812
95.53000000001025,1.399679247994214,108.95834769626235
95.54000000001025,1.399686082057919,108.95840555274758
95.55000000001024,1.39969291211043,108.95846337682632
95.56000000001025,1.399699738154817,108.95852116852107
95.57000000001025,1.399706560194146,108.95857892785435
95.58000000001024,1.3997133782314792,108.95863665484863
95.59000000001025,1.3997201922698776,108.95869434952635
95.60000000001025,1.3997270023123982,108.95875201190992
95.61000000001026,1.3997338083620952,108.95880964202178
95.62000000001026,1.39974061042202,108.95886723988433
95.63000000001026,1.3997474084952213,108.95892480551994
95.64000000001026,1.3997542025847443,108.95898233895096
95.65000000001027,1.3997609926936307,108.95903984019975
95.66000000001026,1.3997677788249214,108.95909730928861
95.67000000001026,1.399774560981653,108.95915474623986
95.68000000001027,1.3997813391668588,108.95921215107577
95.69000000001027,1.39978811338357,108.95926952381863
95.70000000001028,1.3997948836348142,108.95932686449068
95.71000000001027,1.3998016499236168,108.95938417311415
95.72000000001027,1.3998084122529997,108.95944144971122
95.73000000001028,1.3998151706259832,108.95949869430413
95.74000000001027,1.3998219250455823,108.95955590691504
95.75000000001027,1.3998286755148113,108.95961308756608
95.76000000001028,1.3998354220366809,108.95967023627945
95.77000000001028,1.3998421646141983,108.9597273530772
95.78000000001029,1.3998489032503687,108.9597844379815
95.79000000001028,1.3998556379481946,108.95984149101436
95.80000000001029,1.3998623687106735,108.95989851219791
95.81000000001029,1.3998690955408033,108.95995550155415
95.82000000001028,1.3998758184415767,108.96001245910516
95.83000000001029,1.399882537415984,108.96006938487291
95.84000000001029,1.399889252467014,108.96012627887941
95.8500000000103,1.3998959635976498,108.96018314114663
95.8600000000103,1.3999026708108748,108.96023997169654
95.8700000000103,1.3999093741096664,108.96029677055105
95.8800000000103,1.3999160734970033,108.96035353773212
95.8900000000103,1.3999227689758562,108.96041027326162
95.9000000000103,1.3999294605491976,108.96046697716145
95.9100000000103,1.399936148219994,108.96052364945348
95.9200000000103,1.3999428319912108,108.96058029015954
95.93000000001031,1.3999495118658112,108.96063689930148
95.94000000001031,1.3999561878467526,108.9606934769011
95.9500000000103,1.399962859936992,108.9607500229802
95.96000000001031,1.3999695281394826,108.9608065375606
95.97000000001032,1.3999761924571767,108.96086302066398
95.9800000000103,1.3999828528930207,108.96091947231213
95.99000000001031,1.3999895094499606,108.96097589252675
96.00000000001032,1.3999961621309382,108.96103228132958
96.01000000001032,1.4000028109388936,108.96108863874227
96.02000000001033,1.4000094558767626,108.96114496478651
96.03000000001032,1.4000160969474804,108.96120125948396
96.04000000001032,1.4000227341539768,108.96125752285623
96.05000000001033,1.400029367499182,108.96131375492496
96.06000000001032,1.4000359969860192,108.96136995571173
96.07000000001032,1.4000426226174127,108.96142612523813
96.08000000001033,1.4000492443962826,108.96148226352575
96.09000000001033,1.4000558623255457,108.96153837059607
96.10000000001034,1.400062476408116,108.96159444647068
96.11000000001033,1.400069086646906,108.96165049117106
96.12000000001034,1.4000756930448242,108.96170650471872
96.13000000001034,1.4000822956047763,108.96176248713512
96.14000000001033,1.4000888943296665,108.96181843844172
96.15000000001034,1.400095489222396,108.96187435865995
96.16000000001034,1.4001020802858608,108.96193024781125
96.17000000001035,1.4001086675229568,108.96198610591703
96.18000000001035,1.4001152509365768,108.96204193299866
96.19000000001034,1.4001218305296104,108.96209772907753
96.20000000001035,1.4001284063049437,108.96215349417497
96.21000000001035,1.4001349782654622,108.96220922831232
96.22000000001034,1.4001415464140456,108.9622649315109
96.23000000001035,1.4001481107535745,108.96232060379201
96.24000000001035,1.4001546712869233,108.96237624517694
96.25000000001036,1.4001612280169649,108.96243185568694
96.26000000001036,1.4001677809465716,108.96248743534328
96.27000000001036,1.4001743300786096,108.96254298416714
96.28000000001036,1.4001808754159448,108.96259850217979
96.29000000001037,1.4001874169614397,108.9626539894024
96.30000000001036,1.4001939547179523,108.96270944585615
96.31000000001036,1.4002004886883417,108.96276487156219
96.32000000001037,1.4002070188754605,108.96282026654168
96.33000000001037,1.4002135452821611,108.96287563081574
96.34000000001038,1.4002200679112915,108.96293096440549
96.35000000001037,1.4002265867656989,108.96298626733198
96.36000000001037,1.4002331018482261,108.96304153961634
96.37000000001038,1.4002396131617139,108.96309678127959
96.38000000001037,1.4002461207090002,108.96315199234277
96.39000000001037,1.4002526244929199,108.96320717282693
96.40000000001038,1.4002591245163067,108.96326232275305
96.41000000001038,1.4002656207819908,108.96331744214213
96.42000000001039,1.4002721132927982,108.96337253101514
96.43000000001038,1.4002786020515547,108.963427589393
96.44000000001039,1.4002850870610815,108.96348261729672
96.45000000001039,1.4002915683241988,108.96353761474714
96.46000000001038,1.4002980458437226,108.96359258176521
96.47000000001039,1.4003045196224668,108.96364751837181
96.48000000001039,1.400310989663243,108.96370242458781
96.4900000000104,1.40031745596886,108.96375730043404
96.5000000000104,1.4003239185421237,108.96381214593134
96.5100000000104,1.4003303773858382,108.96386696110055
96.5200000000104,1.4003368325028032,108.96392174596245
96.5300000000104,1.400343283895817,108.96397650053784
96.5400000000104,1.4003497315676754,108.96403122484745
96.5500000000104,1.4003561755211718,108.96408591891205
96.5600000000104,1.400362615759095,108.9641405827524
96.57000000001041,1.4003690522842336,108.96419521638919
96.58000000001041,1.4003754850993728,108.9642498198431
96.5900000000104,1.4003819142072942,108.96430439313485
96.60000000001041,1.4003883396107777,108.96435893628508
96.61000000001042,1.4003947613126015,108.96441344931443
96.6200000000104,1.400401179315538,108.96446793224356
96.63000000001041,1.400407593622361,108.96452238509309
96.64000000001042,1.4004140042358386,108.96457680788356
96.65000000001042,1.400420411158738,108.96463120063561
96.66000000001043,1.4004268143938225,108.96468556336977
96.67000000001042,1.400433213943855,108.96473989610661
96.68000000001042,1.4004396098115939,108.96479419886664
96.69000000001043,1.4004460019997942,108.96484847167038
96.70000000001042,1.400452390511211,108.96490271453834
96.71000000001042,1.4004587753485946,108.96495692749097
96.72000000001043,1.400465156514695,108.96501111054877
96.73000000001043,1.4004715340122564,108.96506526373217
96.74000000001044,1.4004779078440233,108.9651193870616
96.75000000001043,1.4004842780127351,108.96517348055748
96.76000000001044,1.4004906445211314,108.9652275442402
96.77000000001044,1.4004970073719474,108.96528157813012
96.78000000001043,1.400503366567916,108.96533558224765
96.79000000001044,1.4005097221117688,108.96538955661309
96.80000000001044,1.4005160740062321,108.96544350124681
96.81000000001045,1.4005224222540322,108.96549741616911
96.82000000001045,1.4005287668578918,108.96555130140027
96.83000000001044,1.400535107820531,108.96560515696059
96.84000000001045,1.4005414451446683,108.96565898287035
96.85000000001045,1.4005477788330185,108.96571277914977
96.86000000001044,1.4005541088882938,108.96576654581908
96.87000000001045,1.400560435313205,108.96582028289849
96.88000000001045,1.4005667581104586,108.96587399040824
96.89000000001046,1.400573077282761,108.9659276683685
96.90000000001046,1.4005793928328147,108.96598131679939
96.91000000001046,1.4005857047633183,108.9660349357211
96.92000000001046,1.4005920130769711,108.96608852515376
96.93000000001047,1.400598317776466,108.9661420851175
96.94000000001046,1.4006046188644972,108.96619561563239
96.95000000001046,1.4006109163437541,108.96624911671852
96.96000000001047,1.4006172102169234,108.96630258839596
96.97000000001047,1.4006235004866912,108.96635603068478
96.98000000001048,1.4006297871557387,108.96640944360499
96.99000000001047,1.4006360702267464,108.96646282717663
97.00000000001047,1.4006423497023914,108.96651618141969
97.01000000001048,1.4006486255853492,108.96656950635416
97.02000000001047,1.4006548978782916,108.96662280200002
97.03000000001047,1.4006611665838886,108.96667606837721
97.04000000001048,1.4006674317048073,108.96672930550567
97.05000000001048,1.4006736932437132,108.96678251340532
97.06000000001049,1.4006799512032684,108.96683569209607
97.07000000001048,1.4006862055861324,108.96688884159782
97.08000000001049,1.4006924563949639,108.96694196193042
97.09000000001049,1.400698703632417,108.96699505311375
97.10000000001048,1.4007049473011446,108.96704811516763
97.11000000001049,1.4007111874037959,108.96710114811191
97.12000000001049,1.4007174239430191,108.96715415196638
97.1300000000105,1.4007236569214598,108.96720712675084
97.1400000000105,1.4007298863417592,108.96726007248505
97.1500000000105,1.4007361122065594,108.96731298918878
97.1600000000105,1.4007423345184964,108.9673658768818
97.1700000000105,1.4007485532802055,108.96741873558382
97.1800000000105,1.4007547684943213,108.96747156531457
97.1900000000105,1.4007609801634728,108.9675243660937
97.2000000000105,1.4007671882902883,108.96757713794092
97.21000000001051,1.4007733928773927,108.9676298808759
97.22000000001051,1.40077959392741,108.9676825949183
97.2300000000105,1.40078579144296,108.96773528008771
97.24000000001051,1.4007919854266613,108.9677879364038
97.25000000001052,1.4007981758811296,108.96784056388614
97.2600000000105,1.4008043628089784,108.96789316255432
97.27000000001051,1.4008105462128178,108.96794573242789
97.28000000001052,1.4008167260952566,108.96799827352646
97.29000000001052,1.4008229024589012,108.96805078586951
97.30000000001053,1.4008290753063548,108.9681032694766
97.31000000001052,1.4008352446402197,108.96815572436721
97.32000000001052,1.4008414104630926,108.96820815056084
97.33000000001053,1.4008475727775718,108.968260548077
97.34000000001052,1.40085373158625,108.96831291693508
97.35000000001052,1.4008598868917197,108.96836525715459
97.36000000001053,1.400866038696569,108.9684175687549
97.37000000001053,1.4008721870033867,108.96846985175547
97.38000000001054,1.4008783318147542,108.96852210617568
97.39000000001053,1.4008844731332557,108.96857433203489
97.40000000001054,1.4008906109614705,108.9686265293525
97.41000000001054,1.400896745301975,108.96867869814784
97.42000000001053,1.4009028761573445,108.96873083844024
97.43000000001054,1.4009090035301512,108.96878295024902
97.44000000001054,1.4009151274229656,108.9688350335935
97.45000000001055,1.4009212478383546,108.96888708849296
97.46000000001055,1.4009273647788842,108.96893911496664
97.47000000001054,1.4009334782471172,108.96899111303384
97.48000000001055,1.400939588245614,108.96904308271378
97.49000000001055,1.4009456947769328,108.96909502402569
97.50000000001054,1.400951797843629,108.96914693698878
97.51000000001055,1.4009578974482566,108.96919882162223
97.52000000001055,1.4009639935933664,108.96925067794523
97.53000000001056,1.400970086281508,108.96930250597694
97.54000000001056,1.4009761755152266,108.96935430573652
97.55000000001056,1.4009822612970664,108.96940607724308
97.56000000001056,1.4009883436295694,108.96945782051574
97.57000000001057,1.4009944225152753,108.96950953557362
97.58000000001056,1.4010004979567199,108.9695612224358
97.59000000001056,1.4010065699564391,108.96961288112134
97.60000000001057,1.4010126385169657,108.9696645116493
97.61000000001057,1.4010187036408277,108.96971611403872
97.62000000001058,1.4010247653305536,108.96976768830862
97.63000000001057,1.4010308235886695,108.96981923447801
97.64000000001057,1.4010368784176972,108.9698707525659
97.65000000001058,1.4010429298201588,108.96992224259125
97.66000000001057,1.4010489777985704,108.96997370457304
97.67000000001057,1.401055022355451,108.97002513853019
97.68000000001058,1.401061063493312,108.97007654448164
97.69000000001058,1.4010671012146654,108.97012792244635
97.70000000001059,1.4010731355220203,108.97017927244318
97.71000000001058,1.4010791664178834,108.970230594491
97.72000000001059,1.40108519390476,108.97028188860872
97.73000000001059,1.4010912179851507,108.9703331548152
97.74000000001058,1.401097238661557,108.97038439312925
97.75000000001059,1.4011032559364753,108.97043560356971
97.76000000001059,1.4011092698124008,108.9704867861554
97.7700000000106,1.4011152802918274,108.9705379409051
97.7800000000106,1.401121287377245,108.97058906783762
97.7900000000106,1.4011272910711428,108.97064016697169
97.8000000000106,1.4011332913760062,108.97069123832607
97.8100000000106,1.401139288294318,108.97074228191953
97.8200000000106,1.401145281828562,108.97079329777075
97.8300000000106,1.4011512719812163,108.97084428589844
97.8400000000106,1.4011572587547576,108.9708952463213
97.85000000001061,1.4011632421516607,108.97094617905802
97.86000000001061,1.4011692221743988,108.97099708412723
97.8700000000106,1.401175198825441,108.97104796154758
97.88000000001061,1.4011811721072565,108.97109881133774
97.89000000001062,1.4011871420223092,108.97114963351628
97.9000000000106,1.4011931085730638,108.97120042810184
97.91000000001061,1.4011990717619813,108.97125119511296
97.92000000001062,1.4012050315915203,108.97130193456823
97.93000000001062,1.4012109880641366,108.97135264648621
97.94000000001063,1.401216941182286,108.97140333088547
97.95000000001062,1.4012228909484201,108.97145398778449
97.96000000001062,1.4012288373649882,108.97150461720179
97.97000000001063,1.4012347804344387,108.97155521915587
97.98000000001062,1.4012407201592163,108.97160579366523
97.99000000001062,1.4012466565417647,108.97165634074832
98.00000000001063,1.4012525895845247,108.97170686042361
98.01000000001063,1.4012585192899347,108.97175735270952
98.02000000001064,1.4012644456604313,108.97180781762445
98.03000000001063,1.4012703686984487,108.97185825518685
98.04000000001064,1.4012762884064183,108.9719086654151
98.05000000001064,1.401282204786771,108.97195904832756
98.06000000001063,1.4012881178419339,108.97200940394262
98.07000000001064,1.4012940275743322,108.97205973227861
98.08000000001064,1.4012999339863883,108.97211003335389
98.09000000001065,1.4013058370805245,108.97216030718673
98.10000000001065,1.4013117368591583,108.97221055379548
98.11000000001064,1.4013176333247073,108.97226077319841
98.12000000001065,1.4013235264795842,108.9723109654138
98.13000000001065,1.4013294163262027,108.97236113045992
98.14000000001064,1.4013353028669715,108.97241126835499
98.15000000001065,1.4013411861042993,108.97246137911728
98.16000000001065,1.4013470660405902,108.97251146276497
98.17000000001066,1.401352942678249,108.97256151931627
98.18000000001066,1.4013588160196757,108.9726115487894
98.19000000001066,1.4013646860672697,108.97266155120248
98.20000000001066,1.4013705528234273,108.97271152657372
98.21000000001067,1.4013764162905429,108.97276147492124
98.22000000001066,1.4013822764710093,108.97281139626317
98.23000000001066,1.4013881333672171,108.97286129061762
98.24000000001067,1.4013939869815533,108.97291115800269
98.25000000001067,1.401399837316404,108.97296099843648
98.26000000001068,1.4014056843741531,108.97301081193707
98.27000000001067,1.401411528157182,108.9730605985225
98.28000000001067,1.40141736866787,108.9731103582108
98.29000000001068,1.4014232059085936,108.97316009102002
98.30000000001067,1.4014290398817293,108.97320979696818
98.31000000001067,1.401434870589648,108.97325947607327
98.32000000001068,1.401440698034722,108.97330912835326
98.33000000001068,1.401446522219319,108.97335875382612
98.34000000001069,1.4014523431458048,108.97340835250986
98.35000000001068,1.4014581608165448,108.97345792442236
98.36000000001069,1.4014639752339004,108.97350746958158
98.37000000001069,1.4014697864002312,108.97355698800543
98.38000000001068,1.4014755943178958,108.97360647971179
98.39000000001069,1.4014813989892492,108.97365594471857
98.40000000001069,1.4014872004166445,108.97370538304362
98.4100000000107,1.4014929986024347,108.97375479470482
98.4200000000107,1.401498793548967,108.97380417971999
98.4300000000107,1.4015045852585897,108.97385353810698
98.4400000000107,1.4015103737336467,108.97390286988359
98.4500000000107,1.4015161589764824,108.97395217506761
98.4600000000107,1.4015219409894357,108.97400145367685
98.4700000000107,1.4015277197748472,108.97405070572907
98.4800000000107,1.4015334953350507,108.97409993124201
98.49000000001071,1.4015392676723832,108.97414913023344
98.50000000001071,1.4015450367891757,108.97419830272108
98.5100000000107,1.4015508026877581,108.97424744872265
98.52000000001071,1.4015565653704587,108.97429656825582
98.53000000001072,1.4015623248396039,108.9743456613383
98.5400000000107,1.4015680810975162,108.97439472798779
98.55000000001071,1.4015738341465183,108.97444376822189
98.56000000001072,1.4015795839889293,108.97449278205829
98.57000000001072,1.4015853306270667,108.9745417695146
98.58000000001073,1.4015910740632465,108.97459073060844
98.59000000001072,1.401596814299781,108.97463966535742
98.60000000001072,1.4016025513389827,108.97468857377913
98.61000000001073,1.4016082851831595,108.97473745589112
98.62000000001072,1.4016140158346186,108.97478631171097
98.63000000001072,1.4016197432956652,108.97483514125624
98.64000000001073,1.4016254675686022,108.97488394454442
98.65000000001073,1.4016311886557302,108.97493272159305
98.66000000001074,1.4016369065593481,108.97498147241966
98.67000000001073,1.4016426212817525,108.9750301970417
98.68000000001074,1.4016483328252376,108.97507889547668
98.69000000001074,1.401654041192096,108.97512756774204
98.70000000001073,1.401659746384618,108.97517621385524
98.71000000001074,1.4016654484050926,108.9752248338337
98.72000000001074,1.4016711472558052,108.97527342769486
98.73000000001075,1.4016768429390407,108.97532199545613
98.74000000001075,1.4016825354570797,108.97537053713488
98.75000000001074,1.4016882248122051,108.9754190527485
98.76000000001075,1.4016939110066926,108.97546754231436
98.77000000001075,1.4016995940428187,108.97551600584983
98.78000000001074,1.401705273922858,108.9755644433722
98.79000000001075,1.4017109506490815,108.97561285489884
98.80000000001075,1.4017166242237593,108.97566124044705
98.81000000001076,1.4017222946491603,108.97570960003411
98.82000000001077,1.4017279619275484,108.97575793367731
98.83000000001076,1.401733626061188,108.97580624139394
98.84000000001076,1.4017392870523415,108.97585452320122
98.85000000001077,1.401744944903267,108.97590277911642
98.86000000001076,1.4017505996162238,108.97595100915677
98.87000000001076,1.4017562511934667,108.97599921333948
98.88000000001077,1.4017618996372492,108.97604739168173
98.89000000001077,1.4017675449498224,108.97609554420072
98.90000000001078,1.4017731871334365,108.97614367091366
98.91000000001077,1.4017788261903383,108.97619177183763
98.92000000001077,1.4017844621227742,108.97623984698986
98.93000000001078,1.4017900949329862,108.97628789638743
98.94000000001077,1.4017957246232176,108.97633592004749
98.95000000001077,1.401801351195706,108.97638391798712
98.96000000001078,1.40180697465269,108.97643189022344
98.97000000001078,1.4018125949964044,108.97647983677352
98.98000000001079,1.4018182122290823,108.9765277576544
98.99000000001078,1.401823826352956,108.97657565288316
99.00000000001079,1.4018294373702538,108.97662352247681
99.01000000001079,1.4018350452832036,108.97667136645242
99.02000000001078,1.4018406500940308,108.97671918482698
99.03000000001079,1.4018462518049588,108.97676697761746
99.04000000001079,1.4018518504182087,108.97681474484088
99.0500000000108,1.4018574459360005,108.97686248651421
99.0600000000108,1.4018630383605504,108.97691020265438
99.0700000000108,1.401868627694075,108.97695789327835
99.0800000000108,1.4018742139387874,108.97700555840306
99.0900000000108,1.4018797970968986,108.97705319804543
99.1000000000108,1.4018853771706183,108.97710081222233
99.1100000000108,1.4018909541621538,108.9771484009507
99.1200000000108,1.4018965280737115,108.97719596424736
99.13000000001081,1.4019020989074933,108.97724350212923
99.14000000001082,1.4019076666657029,108.9772910146131
99.1500000000108,1.4019132313505378,108.97733850171588
99.16000000001081,1.4019187929641965,108.97738596345432
99.17000000001082,1.4019243515088746,108.97743339984531
99.1800000000108,1.4019299069867663,108.97748081090558
99.19000000001081,1.4019354594000628,108.97752819665193
99.20000000001082,1.4019410087509536,108.97757555710115
99.21000000001082,1.4019465550416268,108.97762289226998
99.22000000001083,1.4019520982742686,108.97767020217516
99.23000000001082,1.4019576384510624,108.97771748683346
99.24000000001082,1.4019631755741906,108.97776474626154
99.25000000001083,1.4019687096458329,108.97781198047615
99.26000000001082,1.401974240668167,108.97785918949397
99.27000000001082,1.40197976864337,108.97790637333165
99.28000000001083,1.401985293573615,108.97795353200591
99.29000000001083,1.4019908154610752,108.97800066553336
99.30000000001084,1.4019963343079198,108.97804777393064
99.31000000001083,1.4020018501163176,108.97809485721439
99.32000000001084,1.402007362888436,108.97814191540122
99.33000000001084,1.4020128726264383,108.97818894850772
99.34000000001083,1.4020183793324876,108.97823595655049
99.35000000001084,1.4020238830087441,108.9782829395461
99.36000000001084,1.4020293836573667,108.9783298975111
99.37000000001085,1.4020348812805121,108.97837683046205
99.38000000001085,1.4020403758803357,108.9784237384155
99.39000000001084,1.4020458674589902,108.97847062138793
99.40000000001085,1.4020513560186256,108.97851747939586
99.41000000001085,1.4020568415613923,108.9785643124558
99.42000000001084,1.4020623240894377,108.97861112058422
99.43000000001085,1.4020678036049057,108.97865790379761
99.44000000001085,1.4020732801099407,108.97870466211239
99.45000000001086,1.4020787536066837,108.97875139554503
99.46000000001087,1.4020842240972746,108.97879810411197
99.47000000001086,1.4020896915838508,108.9788447878296
99.48000000001086,1.4020951560685482,108.97889144671434
99.49000000001087,1.4021006175535007,108.97893808078258
99.50000000001086,1.4021060760408406,108.97898469005068
99.51000000001086,1.4021115315326977,108.97903127453503
99.52000000001087,1.4021169840311989,108.97907783425198
99.53000000001087,1.4021224335384723,108.97912436921786
99.54000000001088,1.402127880056642,108.979170879449
99.55000000001087,1.40213332358783,108.97921736496173
99.56000000001087,1.4021387641341565,108.9792638257723
99.57000000001088,1.4021442016977415,108.97931026189707
99.58000000001087,1.4021496362807004,108.97935667335227
99.59000000001087,1.4021550678851493,108.97940306015418
99.60000000001088,1.4021604965132013,108.97944942231904
99.61000000001088,1.4021659221669667,108.97949575986308
99.62000000001089,1.402171344848557,108.97954207280254
99.63000000001088,1.4021767645600762,108.97958836115365
99.64000000001089,1.4021821813036333,108.97963462493257
99.65000000001089,1.4021875950813298,108.97968086415551
99.66000000001088,1.4021930058952694,108.97972707883862
99.67000000001089,1.4021984137475505,108.9797732689981
99.68000000001089,1.4022038186402719,108.97981943465008
99.6900000000109,1.4022092205755308,108.97986557581068
99.7000000000109,1.4022146195554206,108.97991169249605
99.7100000000109,1.4022200155820332,108.97995778472226
99.7200000000109,1.402225408657461,108.98000385250545
99.7300000000109,1.402230798783792,108.98004989586168
99.7400000000109,1.402236185963114,108.98009591480705
99.7500000000109,1.4022415701975113,108.9801419093576
99.7600000000109,1.4022469514890674,108.98018787952935
99.77000000001091,1.4022523298398644,108.98023382533839
99.78000000001092,1.4022577052519813,108.9802797468007
99.7900000000109,1.4022630777274967,108.9803256439323
99.80000000001091,1.4022684472684863,108.9803715167492
99.81000000001092,1.4022738138770234,108.98041736526739
99.82000000001091,1.4022791775551815,108.9804631895028
99.83000000001091,1.4022845383050309,108.98050898947145
99.84000000001092,1.4022898961286399,108.98055476518923
99.85000000001092,1.4022952510280755,108.9806005166721
99.86000000001093,1.4023006030054026,108.98064624393598
99.87000000001092,1.4023059520626848,108.98069194699677
99.88000000001092,1.4023112982019832,108.98073762587039
99.89000000001093,1.4023166414253578,108.9807832805727
99.90000000001092,1.4023219817348653,108.98082891111959
99.91000000001092,1.402327319132563,108.98087451752691
99.92000000001093,1.4023326536205045,108.98092009981052
99.93000000001093,1.4023379852007414,108.98096565798622
99.94000000001094,1.4023433138753245,108.98101119206987
99.95000000001093,1.4023486396463032,108.98105670207725
99.96000000001094,1.4023539625157242,108.9811021880242
99.97000000001094,1.4023592824856317,108.98114764992647
99.98000000001093,1.4023645995580698,108.98119308779984
99.99000000001094,1.4023699137350802,108.98123850166006
100.00000000001094,1.4023752250187023,108.9812838915229
100.01000000001095,1.4023805334109736,108.98132925740408
100.02000000001095,1.40238583891393,108.98137459931935
100.03000000001094,1.4023911415296078,108.98141991728438
100.04000000001095,1.4023964412600367,108.98146521131488
100.05000000001095,1.4024017381072487,108.98151048142658
100.06000000001094,1.402407032073273,108.98155572763511
100.07000000001095,1.4024123231601375,108.98160094995613
100.08000000001095,1.4024176113698659,108.98164614840532
100.09000000001096,1.402422896704483,108.98169132299829
100.10000000001097,1.4024281791660094,108.98173647375066
100.11000000001096,1.4024334587564662,108.98178160067809
100.12000000001096,1.402438735477872,108.98182670379614
100.13000000001097,1.402444009332242,108.98187178312041
100.14000000001096,1.4024492803215918,108.98191683866646
100.15000000001096,1.4024545484479343,108.9819618704499
100.16000000001097,1.4024598137132809,108.98200687848623
100.17000000001097,1.4024650761196402,108.98205186279102
100.18000000001098,1.4024703356690205,108.9820968233798
100.19000000001097,1.4024755923634276,108.98214176026806
100.20000000001097,1.4024808462048657,108.98218667347135
100.21000000001098,1.402486097195337,108.9822315630051
100.22000000001097,1.4024913453368422,108.98227642888484
100.23000000001097,1.4024965906313804,108.98232127112603
100.24000000001098,1.4025018330809484,108.9823660897441
100.25000000001098,1.402507072687542,108.98241088475451
100.26000000001099,1.402512309453154,108.9824556561727
100.27000000001098,1.4025175433797772,108.98250040401409
100.28000000001099,1.4025227744694013,108.98254512829408
100.29000000001099,1.4025280027240146,108.98258982902806
100.30000000001098,1.402533228145604,108.98263450623139
100.31000000001099,1.4025384507361542,108.9826791599195
100.32000000001099,1.4025436704976482,108.9827237901077
100.330000000011,1.4025488874320688,108.98276839681137
100.340000000011,1.4025541015413938,108.98281298004582
100.350000000011,1.402559312827602,108.98285753982638
100.360000000011,1.4025645212926703,108.98290207616839
100.370000000011,1.4025697269385722,108.9829465890871
100.380000000011,1.40257492976728,108.98299107859783
100.390000000011,1.4025801297807667,108.98303554471586
100.400000000011,1.4025853269810005,108.98307998745645
100.41000000001101,1.4025905213699488,108.98312440683483
100.42000000001102,1.4025957129495774,108.98316880286627
100.430000000011,1.4026009017218521,108.98321317556596
100.44000000001101,1.4026060876887334,108.98325752494917
100.45000000001102,1.402611270852183,108.98330185103107
100.46000000001101,1.4026164512141601,108.98334615382686
100.47000000001101,1.4026216287766209,108.9833904333517
100.48000000001102,1.4026268035415221,108.9834346896208
100.49000000001102,1.4026319755108183,108.98347892264928
100.50000000001103,1.40263714468646,108.98352313245232
100.51000000001102,1.4026423110703983,108.98356731904504
100.52000000001102,1.4026474746645827,108.98361148244253
100.53000000001103,1.4026526354709594,108.98365562265995
100.54000000001102,1.4026577934914752,108.98369973971239
100.55000000001102,1.4026629487280724,108.98374383361491
100.56000000001103,1.4026681011826936,108.9837879043826
100.57000000001104,1.402673250857279,108.98383195203051
100.58000000001104,1.4026783977537676,108.98387597657373
100.59000000001103,1.4026835418740962,108.98391997802725
100.60000000001104,1.4026886832201995,108.98396395640614
100.61000000001104,1.4026938217940117,108.9840079117254
100.62000000001103,1.4026989575974647,108.98405184400002
100.63000000001104,1.402704090632489,108.98409575324503
100.64000000001104,1.4027092209010126,108.98413963947537
100.65000000001105,1.4027143484049627,108.98418350270605
100.66000000001105,1.4027194731462642,108.984227342952
100.67000000001104,1.4027245951268406,108.98427116022818
100.68000000001105,1.402729714348614,108.9843149545495
100.69000000001105,1.4027348308135046,108.98435872593093
100.70000000001104,1.4027399445234305,108.98440247438735
100.71000000001105,1.4027450554803096,108.98444619993367
100.72000000001105,1.402750163686056,108.98448990258477
100.73000000001106,1.402755269142583,108.98453358235555
100.74000000001107,1.4027603718518038,108.98457723926084
100.75000000001106,1.4027654718156277,108.98462087331552
100.76000000001106,1.402770569035963,108.98466448453445
100.77000000001107,1.4027756635147177,108.98470807293242
100.78000000001106,1.4027807552537959,108.98475163852427
100.79000000001106,1.4027858442551013,108.98479518132481
100.80000000001107,1.4027909305205362,108.98483870134885
100.81000000001107,1.402796014052001,108.98488219861113
100.82000000001108,1.4028010948513938,108.98492567312647
100.83000000001107,1.4028061729206123,108.98496912490963
100.84000000001107,1.4028112482615507,108.98501255397534
100.85000000001108,1.4028163208761038,108.98505596033834
100.86000000001107,1.4028213907661635,108.98509934401338
100.87000000001107,1.4028264579336198,108.98514270501515
100.88000000001108,1.4028315223803614,108.98518604335837
100.89000000001109,1.402836584108276,108.98522935905773
100.90000000001109,1.4028416431192487,108.98527265212793
100.91000000001108,1.4028466994151638,108.98531592258361
100.92000000001109,1.4028517529979025,108.98535917043947
100.93000000001109,1.4028568038693463,108.98540239571012
100.94000000001108,1.4028618520313743,108.98544559841022
100.95000000001109,1.4028668974858638,108.98548877855438
100.96000000001109,1.40287194023469,108.98553193615724
100.9700000000111,1.4028769802797278,108.98557507123338
100.9800000000111,1.4028820176228494,108.98561818379741
100.9900000000111,1.4028870522659245,108.9856612738639
101.0000000000111,1.4028920842108241,108.98570434144742
101.0100000000111,1.4028971134594155,108.98574738656252
101.0200000000111,1.4029021400135637,108.98579040922377
101.0300000000111,1.4029071638751343,108.98583340944568
101.0400000000111,1.4029121850459898,108.9858763872428
101.05000000001111,1.4029172035279904,108.98591934262961
101.06000000001112,1.402922219322997,108.98596227562065
101.0700000000111,1.4029272324328674,108.98600518623039
101.08000000001111,1.4029322428594577,108.98604807447332
101.09000000001112,1.4029372506046223,108.98609094036391
101.10000000001111,1.4029422556702158,108.9861337839166
101.11000000001111,1.4029472580580877,108.98617660514584
101.12000000001112,1.4029522577700893,108.98621940406608
101.13000000001112,1.4029572548080693,108.98626218069172
101.14000000001113,1.402962249173874,108.98630493503723
101.15000000001112,1.402967240869348,108.98634766711695
101.16000000001112,1.402972229896336,108.98639037694528
101.17000000001113,1.4029772162566796,108.98643306453661
101.18000000001112,1.4029821999522192,108.98647572990534
101.19000000001112,1.4029871809847931,108.98651837306576
101.20000000001113,1.40299215935624,108.98656099403227
101.21000000001114,1.4029971350683952,108.98660359281921
101.22000000001114,1.4030021081230912,108.98664616944086
101.23000000001113,1.403007078522163,108.98668872391156
101.24000000001114,1.4030120462674396,108.98673125624562
101.25000000001114,1.4030170113607512,108.98677376645732
101.26000000001113,1.4030219738039253,108.98681625456094
101.27000000001114,1.403026933598789,108.98685872057072
101.28000000001114,1.4030318907471662,108.98690116450098
101.29000000001115,1.4030368452508801,108.98694358636594
101.30000000001115,1.4030417971117521,108.9869859861798
101.31000000001114,1.4030467463316028,108.98702836395685
101.32000000001115,1.4030516929122503,108.98707071971127
101.33000000001115,1.4030566368555106,108.98711305345725
101.34000000001114,1.4030615781632005,108.98715536520899
101.35000000001115,1.4030665168371328,108.98719765498069
101.36000000001115,1.40307145287912,108.9872399227865
101.37000000001116,1.4030763862909719,108.9872821686406
101.38000000001117,1.4030813170744985,108.98732439255714
101.39000000001116,1.4030862452315076,108.98736659455022
101.40000000001116,1.4030911707638047,108.987408774634
101.41000000001117,1.4030960936731938,108.98745093282261
101.42000000001116,1.4031010139614781,108.98749306913012
101.43000000001116,1.4031059316304595,108.98753518357064
101.44000000001117,1.4031108466819364,108.98757727615825
101.45000000001117,1.4031157591177081,108.98761934690702
101.46000000001118,1.4031206689395714,108.98766139583103
101.47000000001117,1.4031255761493209,108.9877034229443
101.48000000001117,1.4031304807487501,108.98774542826092
101.49000000001118,1.4031353827396515,108.98778741179488
101.50000000001117,1.403140282123816,108.98782937356019
101.51000000001117,1.4031451789030318,108.98787131357089
101.52000000001118,1.403150073079087,108.98791323184096
101.53000000001119,1.4031549646537667,108.98795512838441
101.54000000001119,1.403159853628857,108.98799700321517
101.55000000001118,1.4031647400061389,108.98803885634725
101.56000000001119,1.4031696237873945,108.98808068779458
101.57000000001119,1.403174504974404,108.9881224975711
101.58000000001118,1.4031793835689457,108.98816428569074
101.59000000001119,1.403184259572796,108.98820605216747
101.60000000001119,1.4031891329877306,108.98824779701515
101.6100000000112,1.4031940038155224,108.98828952024769
101.6200000000112,1.4031988720579451,108.988331221879
101.6300000000112,1.403203737716768,108.98837290192294
101.6400000000112,1.4032086007937612,108.98841456039338
101.6500000000112,1.4032134612906924,108.98845619730422
101.6600000000112,1.4032183192093275,108.98849781266924
101.6700000000112,1.4032231745514312,108.98853940650231
101.6800000000112,1.4032280273187667,108.98858097881727
101.69000000001121,1.4032328775130958,108.9886225296279
101.70000000001122,1.4032377251361794,108.98866405894806
101.7100000000112,1.4032425701897746,108.98870556679148
101.72000000001121,1.4032474126756396,108.988747053172
101.73000000001122,1.4032522525955302,108.98878851810336
101.74000000001121,1.4032570899512005,108.98882996159934
101.75000000001121,1.4032619247444027,108.98887138367367
101.76000000001122,1.4032667569768886,108.98891278434013
101.77000000001122,1.4032715866504073,108.98895416361242
101.78000000001123,1.4032764137667082,108.98899552150426
101.79000000001122,1.4032812383275362,108.9890368580294
101.80000000001122,1.4032860603346382,108.98907817320148
101.81000000001123,1.4032908797897568,108.98911946703423
101.82000000001122,1.403295696694635,108.98916073954132
101.83000000001122,1.4033005110510137,108.98920199073642
101.84000000001123,1.4033053228606318,108.98924322063318
101.85000000001124,1.403310132125227,108.98928442924526
101.86000000001124,1.4033149388465358,108.98932561658629
101.87000000001123,1.4033197430262934,108.98936678266989
101.88000000001124,1.4033245446662321,108.9894079275097
101.89000000001124,1.403329343768086,108.9894490511193
101.90000000001123,1.4033341403335833,108.9894901535123
101.91000000001124,1.4033389343644544,108.98953123470228
101.92000000001124,1.403343725862426,108.98957229470282
101.93000000001125,1.4033485148292246,108.98961333352746
101.94000000001125,1.4033533012665746,108.9896543511898
101.95000000001124,1.4033580851761986,108.98969534770335
101.96000000001125,1.4033628665598197,108.98973632308163
101.97000000001125,1.4033676454191568,108.98977727733822
101.98000000001124,1.4033724217559294,108.98981821048659
101.99000000001125,1.4033771955718541,108.98985912254022
102.00000000001125,1.4033819668686467,108.98990001351265
102.01000000001126,1.4033867356480223,108.98994088341733
102.02000000001127,1.4033915019116936,108.98998173226776
102.03000000001126,1.4033962656613712,108.99002256007739
102.04000000001126,1.4034010268987662,108.99006336685966
102.05000000001127,1.4034057856255864,108.99010415262804
102.06000000001126,1.4034105418435394,108.9901449173959
102.07000000001126,1.40341529555433,108.99018566117671
102.08000000001127,1.4034200467596636,108.99022638398387
102.09000000001127,1.4034247954612422,108.99026708583078
102.10000000001128,1.4034295416607674,108.99030776673082
102.11000000001127,1.4034342853599393,108.9903484266974
102.12000000001127,1.4034390265604562,108.99038906574384
102.13000000001128,1.4034437652640142,108.99042968388352
102.14000000001127,1.4034485014723106,108.9904702811298
102.15000000001127,1.4034532351870377,108.990510857496
102.16000000001128,1.4034579664098892,108.99055141299549
102.17000000001129,1.4034626951425562,108.99059194764155
102.18000000001129,1.4034674213867289,108.99063246144748
102.19000000001128,1.4034721451440952,108.9906729544266
102.20000000001129,1.4034768664163424,108.9907134265922
102.21000000001129,1.4034815852051559,108.99075387795754
102.22000000001128,1.4034863015122196,108.99079430853588
102.23000000001129,1.4034910153392164,108.99083471834054
102.24000000001129,1.4034957266878283,108.99087510738468
102.2500000000113,1.4035004355597342,108.9909154756816
102.2600000000113,1.4035051419566125,108.99095582324449
102.2700000000113,1.4035098458801414,108.99099615008659
102.2800000000113,1.403514547331995,108.99103645622111
102.2900000000113,1.4035192463138484,108.99107674166123
102.3000000000113,1.403523942827374,108.99111700642014
102.3100000000113,1.4035286368742435,108.99115725051102
102.3200000000113,1.4035333284561267,108.99119747394705
102.33000000001131,1.4035380175746925,108.99123767674138
102.34000000001132,1.4035427042316073,108.99127785890713
102.3500000000113,1.4035473884285379,108.99131802045747
102.36000000001131,1.4035520701671476,108.99135816140551
102.37000000001132,1.4035567494491,108.99139828176438
102.38000000001131,1.4035614262760556,108.99143838154717
102.39000000001131,1.4035661006496762,108.99147846076698
102.40000000001132,1.4035707725716202,108.99151851943692
102.41000000001132,1.4035754420435433,108.99155855757004
102.42000000001133,1.4035801090671034,108.99159857517944
102.43000000001132,1.4035847736439533,108.99163857227813
102.44000000001132,1.4035894357757475,108.9916785488792
102.45000000001133,1.4035940954641373,108.99171850499566
102.46000000001132,1.4035987527107734,108.99175844064054
102.47000000001132,1.4036034075173038,108.99179835582689
102.48000000001133,1.4036080598853768,108.99183825056767
102.49000000001134,1.4036127098166395,108.9918781248759
102.50000000001134,1.4036173573127353,108.99191797876458
102.51000000001133,1.4036220023753079,108.99195781224667
102.52000000001134,1.403626645006,108.99199762533515
102.53000000001134,1.4036312852064516,108.99203741804297
102.54000000001133,1.4036359229783026,108.99207719038307
102.55000000001134,1.4036405583231908,108.99211694236843
102.56000000001134,1.4036451912427523,108.99215667401194
102.57000000001135,1.4036498217386226,108.99219638532652
102.58000000001135,1.4036544498124355,108.9922360763251
102.59000000001134,1.4036590754658231,108.99227574702054
102.60000000001135,1.4036636987004172,108.99231539742578
102.61000000001135,1.403668319517847,108.9923550275537
102.62000000001134,1.4036729379197406,108.99239463741712
102.63000000001135,1.4036775539077253,108.99243422702892
102.64000000001136,1.403682167483427,108.99247379640198
102.65000000001136,1.4036867786484697,108.99251334554913
102.66000000001137,1.4036913874044756,108.99255287448317
102.67000000001136,1.4036959937530673,108.99259238321694
102.68000000001136,1.4037005976958639,108.99263187176328
102.69000000001137,1.403705199234485,108.99267134013496
102.70000000001136,1.4037097983705475,108.99271078834478
102.71000000001136,1.4037143951056676,108.99275021640553
102.72000000001137,1.4037189894414601,108.99278962432996
102.73000000001137,1.4037235813795386,108.99282901213085
102.74000000001138,1.4037281709215153,108.99286837982096
102.75000000001137,1.4037327580690004,108.99290772741304
102.76000000001137,1.4037373428236024,108.99294705491981
102.77000000001138,1.4037419251869312,108.99298636235399
102.78000000001137,1.403746505160592,108.99302564972831
102.79000000001137,1.40375108274619,108.99306491705545
102.80000000001138,1.4037556579453307,108.99310416434815
102.81000000001139,1.403760230759615,108.99314339161906
102.82000000001139,1.4037648011906447,108.99318259888086
102.83000000001138,1.4037693692400202,108.99322178614624
102.84000000001139,1.4037739349093399,108.99326095342784
102.85000000001139,1.4037784982002002,108.99330010073831
102.86000000001138,1.403783059114198,108.99333922809028
102.87000000001139,1.4037876176529274,108.9933783354964
102.88000000001139,1.4037921738179824,108.99341742296927
102.8900000000114,1.403796727610954,108.99345649052152
102.9000000000114,1.403801279033433,108.99349553816573
102.9100000000114,1.4038058280870087,108.99353456591452
102.9200000000114,1.4038103747732693,108.99357357378042
102.9300000000114,1.4038149190938018,108.99361256177605
102.9400000000114,1.40381946105019,108.99365152991395
102.9500000000114,1.4038240006440197,108.99369047820669
102.9600000000114,1.403828537876872,108.99372940666677
102.97000000001141,1.4038330727503283,108.9937683153068
102.98000000001142,1.40383760526597,108.99380720413923
102.9900000000114,1.4038421354253752,108.99384607317663
103.00000000001141,1.4038466632301203,108.99388492243146
103.01000000001142,1.4038511886817826,108.99392375191624
103.02000000001141,1.4038557117819355,108.99396256164347
103.03000000001141,1.403860232532154,108.99400135162561
103.04000000001142,1.4038647509340092,108.99404012187512
103.05000000001142,1.4038692669890722,108.99407887240446
103.06000000001143,1.403873780698912,108.99411760322612
103.07000000001142,1.403878292065098,108.99415631435247
103.08000000001142,1.4038828010891962,108.99419500579599
103.09000000001143,1.4038873077727725,108.9942336775691
103.10000000001142,1.403891812117391,108.99427232968418
103.11000000001142,1.4038963141246146,108.99431096215366
103.12000000001143,1.4039008137960043,108.99434957498994
103.13000000001144,1.4039053111331223,108.99438816820538
103.14000000001144,1.4039098061375264,108.99442674181236
103.15000000001143,1.4039142988107742,108.99446529582326
103.16000000001144,1.4039187891544231,108.99450383025042
103.17000000001144,1.4039232771700279,108.9945423451062
103.18000000001143,1.403927762859143,108.9945808404029
103.19000000001144,1.4039322462233195,108.9946193161529
103.20000000001144,1.40393672726411,108.9946577723685
103.21000000001145,1.4039412059830643,108.994696209062
103.22000000001145,1.4039456823817313,108.99473462624569
103.23000000001144,1.403950156461658,108.99477302393187
103.24000000001145,1.4039546282243915,108.99481140213285
103.25000000001145,1.403959097671475,108.99484976086087
103.26000000001144,1.4039635648044542,108.9948881001282
103.27000000001145,1.4039680296248696,108.99492641994708
103.28000000001146,1.4039724921342638,108.99496472032979
103.29000000001146,1.4039769523341754,108.99500300128854
103.30000000001147,1.4039814102261434,108.99504126283557
103.31000000001146,1.4039858658117048,108.99507950498307
103.32000000001146,1.403990319092396,108.99511772774328
103.33000000001147,1.4039947700697513,108.99515593112838
103.34000000001146,1.403999218745305,108.99519411515057
103.35000000001146,1.4040036651205872,108.99523227982202
103.36000000001147,1.404008109197131,108.99527042515491
103.37000000001147,1.404012550976464,108.9953085511614
103.38000000001148,1.4040169904601163,108.99534665785363
103.39000000001147,1.404021427649614,108.99538474524377
103.40000000001147,1.4040258625464836,108.99542281334392
103.41000000001148,1.4040302951522488,108.99546086216625
103.42000000001147,1.4040347254684336,108.99549889172285
103.43000000001147,1.4040391534965595,108.9955369020258
103.44000000001148,1.4040435792381474,108.99557489308725
103.45000000001149,1.404048002694717,108.99561286491927
103.46000000001149,1.4040524238677858,108.99565081753393
103.47000000001148,1.4040568427588727,108.99568875094332
103.48000000001149,1.4040612593694908,108.99572666515947
103.49000000001149,1.4040656737011563,108.99576456019446
103.50000000001148,1.4040700857553825,108.99580243606033
103.51000000001149,1.404074495533681,108.9958402927691
103.52000000001149,1.4040789030375618,108.99587813033283
103.5300000000115,1.4040833082685353,108.9959159487635
103.5400000000115,1.4040877112281098,108.99595374807315
103.5500000000115,1.4040921119177923,108.99599152827373
103.5600000000115,1.4040965103390874,108.99602928937729
103.5700000000115,1.4041009064935013,108.99606703139577
103.5800000000115,1.4041053003825357,108.99610475434115
103.5900000000115,1.404109692007694,108.9961424582254
103.6000000000115,1.404114081370476,108.99618014306049
103.61000000001151,1.4041184684723822,108.99621780885832
103.62000000001152,1.4041228533149095,108.99625545563086
103.6300000000115,1.404127235899556,108.99629308339003
103.64000000001151,1.404131616227818,108.99633069214775
103.65000000001152,1.404135994301189,108.99636828191592
103.66000000001151,1.4041403701211628,108.99640585270646
103.67000000001151,1.4041447436892318,108.99644340453125
103.68000000001152,1.4041491150068868,108.99648093740215
103.69000000001152,1.404153484075617,108.99651845133107
103.70000000001153,1.4041578508969113,108.99655594632986
103.71000000001152,1.4041622154722573,108.99659342241037
103.72000000001152,1.4041665778031402,108.99663087958447
103.73000000001153,1.4041709378910456,108.99666831786396
103.74000000001152,1.4041752957374565,108.99670573726071
103.75000000001153,1.4041796513438558,108.9967431377865
103.76000000001153,1.4041840047117242,108.99678051945317
103.77000000001154,1.404188355842542,108.99681788227252
103.78000000001154,1.404192704737787,108.99685522625634
103.79000000001153,1.404197051398938,108.99689255141642
103.80000000001154,1.40420139582747,108.99692985776451
103.81000000001154,1.4042057380248585,108.99696714531241
103.82000000001153,1.4042100779925781,108.99700441407188
103.83000000001154,1.4042144157321006,108.99704166405465
103.84000000001154,1.4042187512448971,108.99707889527247
103.85000000001155,1.4042230845324388,108.99711610773706
103.86000000001155,1.404227415596194,108.99715330146016
103.87000000001154,1.4042317444376313,108.99719047645348
103.88000000001155,1.4042360710582162,108.99722763272874
103.89000000001155,1.4042403954594147,108.9972647702976
103.90000000001154,1.4042447176426909,108.9973018891718
103.91000000001155,1.404249037609508,108.99733898936297
103.92000000001156,1.4042533553613277,108.99737607088282
103.93000000001156,1.4042576708996104,108.99741313374298
103.94000000001157,1.4042619842258155,108.99745017795514
103.95000000001156,1.4042662953414011,108.99748720353092
103.96000000001156,1.4042706042478248,108.99752421048196
103.97000000001157,1.4042749109465418,108.99756119881988
103.98000000001156,1.4042792154390071,108.99759816855632
103.99000000001156,1.4042835177266733,108.99763511970288
104.00000000001157,1.4042878178109937,108.99767205227117
104.01000000001157,1.4042921156934192,108.99770896627275
104.02000000001158,1.4042964113753986,108.99774586171925
104.03000000001157,1.4043007048583818,108.99778273862222
104.04000000001157,1.4043049961438154,108.99781959699324
104.05000000001158,1.4043092852331465,108.99785643684383
104.06000000001157,1.4043135721278197,108.9978932581856
104.07000000001158,1.4043178568292787,108.99793006103008
104.08000000001158,1.404322139338967,108.99796684538875
104.09000000001159,1.4043264196583256,108.99800361127319
104.10000000001159,1.4043306977887946,108.9980403586949
104.11000000001158,1.4043349737318143,108.99807708766537
104.12000000001159,1.4043392474888217,108.9981137981961
104.13000000001159,1.4043435190612543,108.99815049029861
104.14000000001158,1.4043477884505473,108.99818716398437
104.15000000001159,1.4043520556581353,108.99822381926484
104.16000000001159,1.4043563206854521,108.9982604561515
104.1700000000116,1.4043605835339295,108.99829707465578
104.1800000000116,1.404364844204998,108.99833367478915
104.1900000000116,1.4043691027000884,108.99837025656305
104.2000000000116,1.4043733590206287,108.9984068199889
104.2100000000116,1.404377613168047,108.99844336507812
104.2200000000116,1.4043818651437694,108.99847989184212
104.2300000000116,1.404386114949221,108.99851640029232
104.2400000000116,1.404390362585825,108.99855289044011
104.25000000001161,1.4043946080550054,108.99858936229688
104.26000000001162,1.4043988513581838,108.99862581587402
104.2700000000116,1.40440309249678,108.99866225118286
104.28000000001161,1.4044073314722134,108.99869866823482
104.29000000001162,1.4044115682859035,108.99873506704121
104.30000000001161,1.4044158029392655,108.99877144761341
104.31000000001161,1.4044200354337166,108.9988078099627
104.32000000001162,1.4044242657706714,108.99884415410047
104.33000000001162,1.404428493951543,108.99888048003801
104.34000000001163,1.4044327199777444,108.99891678778664
104.35000000001162,1.4044369438506863,108.99895307735767
104.36000000001162,1.404441165571779,108.99898934876238
104.37000000001163,1.4044453851424323,108.99902560201207
104.38000000001162,1.404449602564053,108.999061837118
104.39000000001163,1.4044538178380481,108.99909805409148
104.40000000001163,1.4044580309658237,108.9991342529437
104.41000000001164,1.4044622419487833,108.999170433686
104.42000000001164,1.4044664507883307,108.99920659632959
104.43000000001163,1.404470657485868,108.99924274088566
104.44000000001164,1.4044748620427965,108.9992788673655
104.45000000001164,1.4044790644605156,108.99931497578031
104.46000000001163,1.4044832647404237,108.99935106614129
104.47000000001164,1.4044874628839195,108.99938713845965
104.48000000001164,1.4044916588923981,108.9994231927466
104.49000000001165,1.4044958527672562,108.99945922901333
104.50000000001165,1.4045000445098865,108.99949524727099
104.51000000001164,1.4045042341216836,108.99953124753075
104.52000000001165,1.404508421604038,108.9995672298038
104.53000000001165,1.4045126069583416,108.99960319410127
104.54000000001164,1.4045167901859827,108.99963914043434
104.55000000001165,1.4045209712883517,108.99967506881408
104.56000000001166,1.4045251502668346,108.9997109792517
104.57000000001166,1.4045293271228179,108.99974687175828
104.58000000001167,1.404533501857687,108.99978274634492
104.59000000001166,1.404537674472826,108.99981860302273
104.60000000001166,1.4045418449696174,108.99985444180284
104.61000000001167,1.4045460133494436,108.99989026269628
104.62000000001166,1.4045501796136846,108.99992606571419
104.63000000001166,1.4045543437637205,108.99996185086759
104.64000000001167,1.4045585058009287,108.9999976181676
104.65000000001167,1.404562665726688,109.00003336762522
104.66000000001168,1.404566823542374,109.00006909925152
104.67000000001167,1.404570979249361,109.00010481305753
104.68000000001167,1.4045751328490241,109.0001405090543
104.69000000001168,1.4045792843427354,109.00017618725283
104.70000000001167,1.404583433731867,109.00021184766415
104.71000000001168,1.4045875810177895,109.00024749029927
104.72000000001168,1.4045917262018726,109.00028311516917
104.73000000001169,1.404595869285484,109.00031872228485
104.74000000001169,1.4046000102699916,109.00035431165729
104.75000000001168,1.4046041491567614,109.00038988329744
104.76000000001169,1.4046082859471587,109.00042543721632
104.77000000001169,1.404612420642548,109.00046097342485
104.78000000001168,1.404616553244291,109.00049649193397
104.79000000001169,1.4046206837537503,109.00053199275466
104.80000000001169,1.4046248121722862,109.00056747589781
104.8100000000117,1.404628938501259,109.00060294137437
104.8200000000117,1.404633062742026,109.00063838919526
104.8300000000117,1.4046371848959458,109.00067381937137
104.8400000000117,1.4046413049643738,109.00070923191362
104.8500000000117,1.4046454229486653,109.0007446268329
104.8600000000117,1.4046495388501747,109.00078000414007
104.8700000000117,1.404653652670256,109.00081536384603
104.8800000000117,1.404657764410259,109.00085070596165
104.89000000001171,1.4046618740715362,109.00088603049778
104.90000000001172,1.4046659816554365,109.00092133746529
104.9100000000117,1.4046700871633089,109.00095662687501
104.92000000001171,1.4046741905965014,109.00099189873777
104.93000000001172,1.4046782919563596,109.00102715306441
104.94000000001171,1.4046823912442292,109.00106238986575
104.95000000001171,1.404686488461455,109.00109760915261
104.96000000001172,1.4046905836093793,109.00113281093577
104.97000000001172,1.4046946766893451,109.00116799522607
104.98000000001173,1.404698767702693,109.00120316203424
104.99000000001172,1.4047028566507636,109.00123831137111
105.00000000001172,1.4047069435348951,109.00127344324743
105.01000000001173,1.4047110283564248,109.00130855767398
105.02000000001172,1.4047151111166918,109.00134365466148
105.03000000001173,1.4047191918170296,109.00137873422075
105.04000000001173,1.4047232704587729,109.00141379636246
105.05000000001174,1.4047273470432562,109.00144884109739
105.06000000001174,1.4047314215718112,109.00148386843622
105.07000000001173,1.40473549404577,109.00151887838972
105.08000000001174,1.404739564466462,109.00155387096856
105.09000000001174,1.4047436328352172,109.00158884618347
105.10000000001173,1.4047476991533634,109.00162380404512
105.11000000001174,1.4047517634222282,109.00165874456421
105.12000000001174,1.4047558256431363,109.00169366775141
105.13000000001175,1.4047598858174148,109.00172857361738
105.14000000001175,1.4047639439463855,109.00176346217283
105.15000000001174,1.4047680000313727,109.00179833342837
105.16000000001175,1.4047720540736974,109.00183318739465
105.17000000001175,1.4047761060746813,109.00186802408233
105.18000000001174,1.4047801560356428,109.00190284350201
105.19000000001175,1.4047842039579006,109.00193764566436
105.20000000001176,1.4047882498427735,109.00197243057994
105.21000000001176,1.4047922936915767,109.0020071982594
105.22000000001177,1.404796335505626,109.00204194871333
105.23000000001176,1.4048003752862361,109.0020766819523
105.24000000001176,1.4048044130347201,109.00211139798694
105.25000000001177,1.4048084487523902,109.00214609682776
105.26000000001176,1.4048124824405581,109.0021807784854
105.27000000001176,1.4048165141005329,109.00221544297037
105.28000000001177,1.4048205437336245,109.00225009029326
105.29000000001177,1.4048245713411414,109.00228472046457
105.30000000001178,1.4048285969243897,109.0023193334949
105.31000000001177,1.4048326204846755,109.00235392939473
105.32000000001177,1.4048366420233045,109.00238850817459
105.33000000001178,1.404840661541579,109.002423069845
105.34000000001177,1.4048446790408038,109.00245761441649
105.35000000001178,1.4048486945222791,109.00249214189951
105.36000000001178,1.4048527079873068,109.00252665230461
105.37000000001179,1.404856719437186,109.00256114564222
105.38000000001179,1.4048607288732151,109.00259562192285
105.39000000001178,1.4048647362966924,109.00263008115697
105.40000000001179,1.4048687417089138,109.00266452335501
105.41000000001179,1.404872745111175,109.00269894852745
105.42000000001178,1.404876746504772,109.00273335668473
105.43000000001179,1.4048807458909962,109.00276774783728
105.44000000001179,1.404884743271141,109.00280212199554
105.4500000000118,1.4048887386464977,109.00283647916993
105.4600000000118,1.4048927320183566,109.00287081937087
105.4700000000118,1.4048967233880072,109.00290514260874
105.4800000000118,1.4049007127567377,109.00293944889398
105.4900000000118,1.404904700125835,109.00297373823696
105.5000000000118,1.4049086854965862,109.00300801064806
105.5100000000118,1.4049126688702769,109.00304226613767
105.5200000000118,1.4049166502481896,109.00307650471615
105.53000000001181,1.4049206296316088,109.00311072639386
105.54000000001182,1.4049246070218164,109.00314493118115
105.5500000000118,1.4049285824200934,109.00317911908839
105.56000000001181,1.4049325558277201,109.0032132901259
105.57000000001182,1.4049365272459748,109.00324744430401
105.58000000001181,1.4049404966761367,109.00328158163305
105.59000000001181,1.4049444641194824,109.00331570212334
105.60000000001182,1.4049484295772883,109.00334980578516
105.61000000001182,1.4049523930508288,109.00338389262888
105.62000000001183,1.4049563545413777,109.00341796266471
105.63000000001182,1.4049603140502092,109.003452015903
105.64000000001182,1.4049642715785937,109.00348605235398
105.65000000001183,1.4049682271278034,109.00352007202795
105.66000000001182,1.4049721806991078,109.00355407493517
105.67000000001183,1.404976132293776,109.00358806108589
105.68000000001183,1.4049800819130756,109.00362203049038
105.69000000001184,1.404984029558274,109.00365598315882
105.70000000001184,1.404987975230637,109.00368991910152
105.71000000001183,1.404991918931429,109.00372383832867
105.72000000001184,1.404995860661914,109.00375774085047
105.73000000001184,1.4049998004233561,109.00379162667718
105.74000000001183,1.4050037382170153,109.00382549581897
105.75000000001184,1.4050076740441537,109.00385934828604
105.76000000001184,1.4050116079060306,109.00389318408857
105.77000000001185,1.4050155398039061,109.00392700323675
105.78000000001185,1.4050194697390366,109.00396080574076
105.79000000001184,1.405023397712679,109.00399459161078
105.80000000001185,1.4050273237260904,109.00402836085695
105.81000000001185,1.405031247780525,109.00406211348938
105.82000000001185,1.4050351698772356,109.00409584951831
105.83000000001185,1.4050390900174778,109.0041295689538
105.84000000001186,1.4050430082025005,109.00416327180601
105.85000000001186,1.4050469244335566,109.00419695808505
105.86000000001187,1.4050508387118947,109.00423062780104
105.87000000001186,1.4050547510387659,109.00426428096407
105.88000000001186,1.4050586614154152,109.00429791758428
105.89000000001187,1.4050625698430916,109.00433153767175
105.90000000001186,1.40506647632304,109.00436514123653
105.91000000001186,1.4050703808565062,109.00439872828873
105.92000000001187,1.4050742834447334,109.00443229883842
105.93000000001187,1.4050781840889646,109.00446585289568
105.94000000001188,1.4050820827904424,109.00449939047051
105.95000000001187,1.4050859795504076,109.004532911573
105.96000000001187,1.4050898743701001,109.00456641621318
105.97000000001188,1.4050937672507584,109.00459990440109
105.98000000001187,1.405097658193622,109.00463337614674
105.99000000001188,1.405101547199927,109.00466683146017
106.00000000001188,1.4051054342709093,109.00470027035139
106.01000000001189,1.4051093194078048,109.0047336928304
106.02000000001189,1.4051132026118462,109.0047670989072
106.03000000001188,1.405117083884269,109.00480048859177
106.04000000001189,1.4051209632263029,109.0048338618941
106.05000000001189,1.4051248406391807,109.00486721882416
106.06000000001188,1.4051287161241321,109.00490055939193
106.07000000001189,1.4051325896823872,109.00493388360736
106.08000000001189,1.4051364613151731,109.0049671914804
106.0900000000119,1.405140331023718,109.00500048302104
106.1000000000119,1.4051441988092472,109.00503375823915
106.1100000000119,1.4051480646729873,109.0050670171447
106.1200000000119,1.4051519286161622,109.00510025974762
106.1300000000119,1.4051557906399952,109.00513348605782
106.1400000000119,1.4051596507457087,109.0051666960852
106.1500000000119,1.4051635089345247,109.00519988983967
106.1600000000119,1.4051673652076633,109.00523306733115
106.17000000001191,1.4051712195663446,109.0052662285695
106.18000000001192,1.4051750720117873,109.0052993735646
106.1900000000119,1.4051789225452078,109.00533250232634
106.20000000001191,1.4051827711678246,109.00536561486459
106.21000000001192,1.4051866178808512,109.00539871118919
106.22000000001191,1.405190462685505,109.00543179130999
106.23000000001191,1.4051943055829985,109.00546485523687
106.24000000001192,1.405198146574544,109.00549790297966
106.25000000001192,1.4052019856613542,109.00553093454816
106.26000000001193,1.4052058228446402,109.00556394995223
106.27000000001192,1.4052096581256115,109.00559694920166
106.28000000001192,1.4052134915054773,109.00562993230629
106.29000000001193,1.4052173229854457,109.00566289927589
106.30000000001192,1.4052211525667238,109.00569585012029
106.31000000001193,1.4052249802505181,109.00572878484927
106.32000000001193,1.4052288060380334,109.00576170347257
106.33000000001194,1.4052326299304745,109.00579460600001
106.34000000001194,1.405236451929044,109.00582749244136
106.35000000001193,1.405240272034945,109.00586036280635
106.36000000001194,1.4052440902493786,109.00589321710474
106.37000000001194,1.405247906573546,109.00592605534631
106.38000000001193,1.4052517210086453,109.00595887754075
106.39000000001194,1.4052555335558758,109.00599168369784
106.40000000001194,1.405259344216436,109.00602447382725
106.41000000001195,1.4052631529915218,109.00605724793877
106.42000000001195,1.4052669598823289,109.00609000604206
106.43000000001194,1.4052707648900526,109.00612274814682
106.44000000001195,1.4052745680158862,109.00615547426278
106.45000000001195,1.405278369261024,109.0061881843996
106.46000000001195,1.4052821686266561,109.00622087856699
106.47000000001195,1.405285966113975,109.00625355677461
106.48000000001196,1.4052897617241702,109.00628621903212
106.49000000001196,1.4052935554584316,109.0063188653492
106.50000000001197,1.4052973473179469,109.00635149573549
106.51000000001196,1.4053011373039033,109.00638411020066
106.52000000001196,1.4053049254174879,109.00641670875433
106.53000000001197,1.4053087116598857,109.00644929140614
106.54000000001196,1.4053124960322811,109.00648185816571
106.55000000001196,1.4053162785358584,109.00651440904268
106.56000000001197,1.4053200591717998,109.00654694404665
106.57000000001197,1.4053238379412867,109.00657946318722
106.58000000001198,1.405327614845501,109.006611966474
106.59000000001197,1.4053313898856217,109.00664445391658
106.60000000001197,1.4053351630628284,109.00667692552454
106.61000000001198,1.405338934378299,109.00670938130747
106.62000000001197,1.4053427038332102,109.00674182127493
106.63000000001198,1.4053464714287391,109.0067742454365
106.64000000001198,1.40535023716606,109.0068066538017
106.65000000001199,1.405354001046348,109.00683904638014
106.66000000001199,1.405357763070776,109.00687142318132
106.67000000001198,1.4053615232405174,109.00690378421478
106.68000000001199,1.4053652815567432,109.00693612949007
106.69000000001199,1.405369038020624,109.00696845901669
106.70000000001198,1.4053727926333297,109.00700077280418
106.71000000001199,1.4053765453960296,109.00703307086204
106.72000000001199,1.405380296309891,109.00706535319975
106.730000000012,1.4053840453760813,109.00709761982685
106.740000000012,1.4053877925957665,109.00712987075279
106.750000000012,1.405391537970112,109.00716210598708
106.760000000012,1.4053952815002826,109.00719432553916
106.770000000012,1.4053990231874405,109.00722652941855
106.780000000012,1.4054027630327486,109.00725871763466
106.790000000012,1.405406501037369,109.00729089019697
106.800000000012,1.4054102372024622,109.00732304711494
106.81000000001201,1.4054139715291878,109.00735518839798
106.82000000001202,1.4054177040187044,109.00738731405553
106.830000000012,1.4054214346721705,109.00741942409705
106.84000000001201,1.4054251634907426,109.00745151853194
106.85000000001202,1.4054288904755772,109.00748359736959
106.86000000001201,1.4054326156278296,109.00751566061945
106.87000000001201,1.4054363389486537,109.00754770829089
106.88000000001202,1.4054400604392037,109.00757974039331
106.89000000001202,1.4054437801006314,109.0076117569361
106.90000000001203,1.4054474979340887,109.00764375792866
106.91000000001202,1.4054512139407258,109.00767574338033
106.92000000001202,1.4054549281216941,109.00770771330049
106.93000000001203,1.405458640478141,109.00773966769849
106.94000000001202,1.405462351011215,109.00777160658372
106.95000000001203,1.4054660597220636,109.00780352996546
106.96000000001203,1.4054697666118328,109.00783543785312
106.97000000001204,1.4054734716816677,109.00786733025599
106.98000000001204,1.405477174932713,109.0078992071834
106.99000000001203,1.405480876366112,109.0079310686447
107.00000000001204,1.4054845759830077,109.00796291464916
107.01000000001204,1.4054882737845427,109.0079947452061
107.02000000001203,1.4054919697718564,109.00802656032484
107.03000000001204,1.4054956639460894,109.00805836001464
107.04000000001204,1.405499356308381,109.00809014428482
107.05000000001205,1.4055030468598702,109.00812191314463
107.06000000001205,1.4055067356016926,109.00815366660338
107.07000000001204,1.405510422534986,109.00818540467029
107.08000000001205,1.4055141076608855,109.00821712735465
107.09000000001205,1.405517790980526,109.0082488346657
107.10000000001205,1.4055214724950411,109.0082805266127
107.11000000001205,1.405525152205564,109.00831220320485
107.12000000001206,1.4055288301132265,109.00834386445143
107.13000000001206,1.4055325062191597,109.00837551036165
107.14000000001207,1.4055361805244946,109.00840714094471
107.15000000001206,1.40553985303036,109.00843875620986
107.16000000001206,1.4055435237378844,109.00847035616627
107.17000000001207,1.405547192648196,109.00850194082317
107.18000000001206,1.4055508597624204,109.00853351018972
107.19000000001206,1.4055545250816854,109.00856506427513
107.20000000001207,1.4055581886071145,109.00859660308859
107.21000000001207,1.4055618503398324,109.00862812663924
107.22000000001208,1.4055655102809625,109.00865963493627
107.23000000001207,1.405569168431626,109.00869112798883
107.24000000001207,1.405572824792947,109.00872260580607
107.25000000001208,1.4055764793660441,109.00875406839717
107.26000000001207,1.4055801321520376,109.00878551577122
107.27000000001208,1.4055837831520468,109.00881694793739
107.28000000001208,1.4055874323671895,109.00884836490478
107.29000000001209,1.4055910797985824,109.00887976668255
107.30000000001209,1.4055947254473429,109.00891115327977
107.31000000001208,1.4055983693145861,109.00894252470557
107.32000000001209,1.4056020114014265,109.00897388096905
107.33000000001209,1.4056056517089774,109.00900522207931
107.34000000001208,1.4056092902383523,109.00903654804543
107.35000000001209,1.405612926990663,109.00906785887649
107.36000000001209,1.4056165619670207,109.00909915458156
107.3700000000121,1.4056201951685356,109.00913043516974
107.3800000000121,1.4056238265963175,109.00916170065004
107.3900000000121,1.4056274562514746,109.00919295103155
107.4000000000121,1.4056310841351143,109.00922418632332
107.4100000000121,1.4056347102483446,109.00925540653438
107.4200000000121,1.4056383345922703,109.00928661167377
107.4300000000121,1.4056419571679972,109.00931780175053
107.4400000000121,1.405645577976629,109.00934897677367
107.45000000001211,1.4056491970192704,109.0093801367522
107.46000000001212,1.405652814297022,109.00941128169517
107.4700000000121,1.4056564298109882,109.00944241161152
107.48000000001211,1.4056600435622668,109.00947352651029
107.49000000001212,1.4056636555519615,109.00950462640047
107.50000000001211,1.4056672657811675,109.00953571129102
107.51000000001211,1.405670874250986,109.00956678119095
107.52000000001212,1.4056744809625135,109.00959783610922
107.53000000001212,1.4056780859168463,109.00962887605479
107.54000000001213,1.405681689115081,109.00965990103661
107.55000000001212,1.4056852905583113,109.00969091106366
107.56000000001212,1.405688890247633,109.00972190614485
107.57000000001213,1.4056924881841382,109.00975288628915
107.58000000001212,1.4056960843689195,109.00978385150546
107.59000000001213,1.4056996788030687,109.00981480180275
107.60000000001213,1.4057032714876758,109.0098457371899
107.61000000001214,1.4057068624238318,109.00987665767586
107.62000000001214,1.4057104516126249,109.00990756326952
107.63000000001213,1.4057140390551435,109.00993845397977
107.64000000001214,1.4057176247524754,109.00996932981552
107.65000000001214,1.4057212087057063,109.01000019078568
107.66000000001213,1.405724790915923,109.0100310368991
107.67000000001214,1.4057283713842093,109.01006186816463
107.68000000001214,1.4057319501116496,109.01009268459117
107.69000000001215,1.4057355270993275,109.01012348618762
107.70000000001215,1.4057391023483243,109.01015427296278
107.71000000001214,1.4057426758597222,109.01018504492554
107.72000000001215,1.405746247634602,109.01021580208472
107.73000000001215,1.4057498176740437,109.01024654444916
107.74000000001215,1.405753385979126,109.01027727202771
107.75000000001215,1.405756952550927,109.01030798482917
107.76000000001216,1.4057605173905237,109.01033868286237
107.77000000001216,1.4057640804989933,109.01036936613613
107.78000000001217,1.4057676418774105,109.01040003465926
107.79000000001216,1.405771201526852,109.01043068844054
107.80000000001216,1.40577475944839,109.01046132748877
107.81000000001217,1.4057783156430985,109.01049195181275
107.82000000001216,1.4057818701120506,109.01052256142125
107.83000000001216,1.4057854228563158,109.01055315632306
107.84000000001217,1.405788973876967,109.01058373652691
107.85000000001217,1.4057925231750734,109.01061430204162
107.86000000001218,1.4057960707517037,109.0106448528759
107.87000000001217,1.4057996166079265,109.01067538903852
107.88000000001217,1.405803160744809,109.01070591053823
107.89000000001218,1.4058067031634178,109.01073641738374
107.90000000001217,1.4058102438648188,109.01076690958382
107.91000000001218,1.4058137828500779,109.01079738714716
107.92000000001218,1.405817320120258,109.01082785008249
107.93000000001219,1.4058208556764231,109.01085829839856
107.94000000001219,1.4058243895196354,109.01088873210401
107.95000000001218,1.4058279216509575,109.01091915120759
107.96000000001219,1.405831452071449,109.01094955571797
107.97000000001219,1.4058349807821702,109.01097994564384
107.98000000001218,1.4058385077841813,109.0110103209939
107.99000000001219,1.4058420330785402,109.01104068177682
108.0000000000122,1.4058455566663048,109.01107102800125
108.0100000000122,1.4058490785485318,109.01110135967586
108.0200000000122,1.405852598726277,109.01113167680934
108.0300000000122,1.405856117200596,109.0111619794103
108.0400000000122,1.405859633972543,109.0111922674874
108.0500000000122,1.4058631490431723,109.01122254104926
108.0600000000122,1.4058666624135356,109.01125280010456
108.0700000000122,1.4058701740846857,109.0112830446619
108.0800000000122,1.4058736840576733,109.01131327472986
108.09000000001221,1.405877192333549,109.01134349031713
108.10000000001222,1.4058806989133623,109.01137369143227
108.1100000000122,1.4058842037981625,109.01140387808388
108.12000000001221,1.4058877069889966,109.01143405028057
108.13000000001222,1.4058912084869124,109.01146420803094
108.14000000001221,1.405894708292957,109.01149435134356
108.15000000001221,1.4058982064081742,109.011524480227
108.16000000001222,1.4059017028336098,109.01155459468984
108.17000000001222,1.4059051975703083,109.01158469474065
108.18000000001223,1.405908690619312,109.01161478038799
108.19000000001222,1.405912181981664,109.0116448516404
108.20000000001222,1.4059156716584051,109.01167490850644
108.21000000001223,1.4059191596505765,109.01170495099464
108.22000000001222,1.405922645959218,109.01173497911354
108.23000000001223,1.4059261305853692,109.01176499287169
108.24000000001223,1.4059296135300685,109.01179499227756
108.25000000001224,1.4059330947943527,109.01182497733973
108.26000000001224,1.40593657437926,109.01185494806666
108.27000000001223,1.405940052285825,109.01188490446688
108.28000000001224,1.4059435285150836,109.01191484654889
108.29000000001224,1.4059470030680703,109.01194477432118
108.30000000001223,1.405950475945819,109.01197468779223
108.31000000001224,1.4059539471493618,109.01200458697052
108.32000000001224,1.405957416679732,109.01203447186454
108.33000000001225,1.405960884537959,109.01206434248274
108.34000000001225,1.4059643507250745,109.0120941988336
108.35000000001224,1.4059678152421087,109.01212404092556
108.36000000001225,1.4059712780900901,109.01215386876707
108.37000000001225,1.4059747392700463,109.01218368236658
108.38000000001225,1.405978198783005,109.01221348173256
108.39000000001225,1.405981656629993,109.0122432668734
108.40000000001226,1.4059851128120358,109.01227303779754
108.41000000001226,1.4059885673301589,109.0123027945134
108.42000000001227,1.405992020185386,109.0123325370294
108.43000000001226,1.4059954713787408,109.01236226535393
108.44000000001226,1.4059989209112462,109.01239197949543
108.45000000001227,1.4060023687834495,109.01242167945028
108.46000000001226,1.4060058149973214,109.01245136525088
108.47000000001226,1.4060092595534064,109.01248103689359
108.48000000001227,1.4060127024531972,109.01251069439873
108.49000000001227,1.4060161436967673,109.01254033775079
108.50000000001228,1.4060195832856073,109.0125699669701
108.51000000001227,1.4060230212207347,109.01259958206501
108.52000000001227,1.4060264575031667,109.0126291830439
108.53000000001228,1.4060298921339167,109.01265876991508
108.54000000001227,1.4060333251140023,109.01268834268691
108.55000000001228,1.4060367564444363,109.01271790136774
108.56000000001228,1.4060401861262322,109.01274744596587
108.57000000001229,1.4060436141604025,109.01277697648966
108.58000000001229,1.4060470405479595,109.01280649294743
108.59000000001228,1.4060504652899135,109.01283599534747
108.60000000001229,1.406053888387276,109.0128654836981
108.61000000001229,1.4060573098410558,109.01289495800762
108.62000000001228,1.406060729652261,109.01292441828434
108.63000000001229,1.4060641478219011,109.01295386453653
108.6400000000123,1.4060675643509823,109.01298329677249
108.6500000000123,1.406070979240511,109.01301271500049
108.6600000000123,1.406074392491494,109.01304211922881
108.6700000000123,1.4060778041049342,109.01307150946572
108.6800000000123,1.4060812140818384,109.01310088571948
108.6900000000123,1.4060846224232084,109.01313024799833
108.7000000000123,1.4060880291300473,109.01315959631053
108.7100000000123,1.4060914342033561,109.01318893066434
108.7200000000123,1.4060948376441373,109.01321825106798
108.73000000001231,1.4060982394533907,109.01324755752968
108.74000000001232,1.4061016396321162,109.01327685005768
108.7500000000123,1.4061050381813118,109.01330612866019
108.76000000001231,1.4061084351019768,109.01333539334544
108.77000000001232,1.4061118303951075,109.01336464412161
108.78000000001231,1.406115224061701,109.01339388099694
108.79000000001231,1.406118616102753,109.01342310397959
108.80000000001232,1.4061220065192592,109.01345231307779
108.81000000001232,1.4061253953122133,109.0134815082997
108.82000000001233,1.4061287824826088,109.01351068965353
108.83000000001232,1.4061321680314385,109.0135398571474
108.84000000001232,1.4061355519596956,109.01356901078954
108.85000000001233,1.4061389342683697,109.01359815058807
108.86000000001232,1.4061423149584529,109.01362727655115
108.87000000001233,1.4061456940309338,109.01365638868698
108.88000000001233,1.4061490714868021,109.01368548700366
108.89000000001234,1.406152447327047,109.01371457150931
108.90000000001234,1.406155821552654,109.0137436422121
108.91000000001233,1.4061591941646114,109.01377269912017
108.92000000001234,1.4061625651639056,109.01380174224164
108.93000000001234,1.4061659345515207,109.01383077158458
108.94000000001233,1.4061693023284425,109.01385978715714
108.95000000001234,1.4061726684956541,109.01388878896745
108.96000000001234,1.406176033054139,109.01391777702356
108.97000000001235,1.406179396004879,109.01394675133358
108.98000000001235,1.4061827573488563,109.01397571190562
108.99000000001234,1.4061861170870518,109.01400465874774
109.00000000001235,1.4061894752204456,109.01403359186801
109.01000000001235,1.4061928317500172,109.01406251127453
109.02000000001235,1.4061961866767447,109.01409141697536
109.03000000001235,1.4061995400016063,109.01412030897853
109.04000000001236,1.4062028917255798,109.01414918729213
109.05000000001236,1.4062062418496408,109.01417805192419
109.06000000001237,1.4062095903747653,109.01420690288276
109.07000000001236,1.4062129373019285,109.01423574017589
109.08000000001236,1.406216282632104,109.0142645638116
109.09000000001237,1.406219626366267,109.0142933737979
109.10000000001236,1.4062229685053889,109.01432217014282
109.11000000001236,1.4062263090504412,109.0143509528544
109.12000000001237,1.4062296480023966,109.01437972194063
109.13000000001237,1.4062329853622249,109.01440847740949
109.14000000001238,1.4062363211308961,109.01443721926901
109.15000000001237,1.4062396553093797,109.0144659475272
109.16000000001237,1.406242987898643,109.014494662192
109.17000000001238,1.4062463188996555,109.01452336327142
109.18000000001237,1.406249648313382,109.01455205077343
109.19000000001238,1.40625297614079,109.01458072470601
109.20000000001238,1.4062563023828452,109.01460938507711
109.21000000001239,1.4062596270405125,109.01463803189468
109.22000000001239,1.406262950114754,109.01466666516669
109.23000000001238,1.4062662716065348,109.0146952849011
109.24000000001239,1.4062695915168173,109.01472389110582
109.25000000001239,1.4062729098465627,109.0147524837888
109.26000000001238,1.4062762265967326,109.01478106295798
109.27000000001239,1.4062795417682878,109.0148096286213
109.2800000000124,1.4062828553621867,109.01483818078665
109.2900000000124,1.40628616737939,109.01486671946195
109.3000000000124,1.4062894778208541,109.01489524465512
109.3100000000124,1.406292786687538,109.01492375637405
109.3200000000124,1.4062960939803977,109.01495225462665
109.3300000000124,1.40629939970039,109.0149807394208
109.3400000000124,1.406302703848469,109.01500921076442
109.3500000000124,1.406306006425591,109.01503766866534
109.3600000000124,1.4063093074327089,109.01506611313147
109.37000000001241,1.4063126068707759,109.01509454417068
109.38000000001242,1.4063159047407447,109.01512296179081
109.3900000000124,1.4063192010435672,109.01515136599974
109.40000000001241,1.4063224957801943,109.01517975680534
109.41000000001242,1.4063257889515766,109.01520813421541
109.42000000001241,1.4063290805586637,109.01523649823784
109.43000000001241,1.406332370602405,109.01526484888043
109.44000000001242,1.406335659083747,109.01529318615104
109.45000000001242,1.4063389460036386,109.01532151005749
109.46000000001243,1.4063422313630265,109.01534982060761
109.47000000001242,1.406345515162857,109.01537811780918
109.48000000001242,1.4063487974040745,109.01540640167002
109.49000000001243,1.406352078087625,109.01543467219797
109.50000000001242,1.4063553572144518,109.01546292940081
109.51000000001243,1.4063586347854977,109.0154911732863
109.52000000001243,1.4063619108017058,109.01551940386229
109.53000000001244,1.4063651852640182,109.01554762113652
109.54000000001244,1.406368458173376,109.01557582511676
109.55000000001243,1.406371729530719,109.01560401581081
109.56000000001244,1.4063749993369867,109.01563219322642
109.57000000001244,1.4063782675931196,109.01566035737136
109.58000000001243,1.4063815343000547,109.01568850825339
109.59000000001244,1.4063847994587304,109.01571664588025
109.60000000001244,1.4063880630700833,109.01574477025967
109.61000000001245,1.4063913251350497,109.01577288139941
109.62000000001245,1.4063945856545645,109.01580097930722
109.63000000001244,1.406397844629564,109.01582906399076
109.64000000001245,1.4064011020609808,109.01585713545785
109.65000000001245,1.406404357949749,109.01588519371613
109.66000000001245,1.4064076122968017,109.01591323877335
109.67000000001245,1.40641086510307,109.01594127063721
109.68000000001246,1.4064141163694863,109.01596928931541
109.69000000001246,1.4064173660969808,109.01599729481563
109.70000000001247,1.4064206142864828,109.01602528714558
109.71000000001246,1.4064238609389221,109.01605326631295
109.72000000001246,1.4064271060552282,109.01608123232539
109.73000000001247,1.406430349636327,109.01610918519063
109.74000000001246,1.406433591683147,109.01613712491628
109.75000000001246,1.4064368321966145,109.01616505151004
109.76000000001247,1.4064400711776557,109.01619296497955
109.77000000001247,1.4064433086271946,109.01622086533247
109.78000000001248,1.4064465445461565,109.01624875257644
109.79000000001247,1.4064497789354653,109.01627662671913
109.80000000001247,1.4064530117960428,109.01630448776815
109.81000000001248,1.406456243128812,109.01633233573115
109.82000000001247,1.406459472934695,109.01636017061574
109.83000000001248,1.4064627012146125,109.01638799242953
109.84000000001248,1.4064659279694847,109.01641580118019
109.85000000001249,1.4064691532002311,109.01644359687526
109.86000000001249,1.4064723769077712,109.0164713795224
109.87000000001248,1.4064755990930224,109.0164991491292
109.88000000001249,1.406478819756902,109.01652690570323
109.89000000001249,1.4064820389003287,109.0165546492521
109.90000000001248,1.4064852565242163,109.01658237978337
109.91000000001249,1.4064884726294822,109.01661009730466
109.9200000000125,1.4064916872170405,109.01663780182352
109.9300000000125,1.4064949002878047,109.01666549334752
109.9400000000125,1.4064981118426891,109.01669317188423
109.9500000000125,1.4065013218826066,109.01672083744118
109.9600000000125,1.4065045304084687,109.01674849002596
109.9700000000125,1.4065077374211872,109.0167761296461
109.9800000000125,1.4065109429216722,109.01680375630914
109.9900000000125,1.4065141469108344,109.01683137002263
110.0000000000125,1.406517349389583,109.01685897079409
110.01000000001251,1.4065205503588267,109.01688655863103
110.02000000001252,1.4065237498194738,109.01691413354101
110.0300000000125,1.4065269477724316,109.01694169553153
110.04000000001251,1.4065301442186064,109.01696924461008
110.05000000001252,1.4065333391589043,109.0169967807842
110.06000000001251,1.4065365325942305,109.01702430406137
110.07000000001251,1.4065397245254907,109.01705181444906
110.08000000001252,1.4065429149535877,109.01707931195482
110.09000000001252,1.4065461038794251,109.01710679658608
110.10000000001253,1.4065492913039055,109.01713426835035
110.11000000001252,1.4065524772279319,109.01716172725511
110.12000000001252,1.406555661652404,109.0171891733078
110.13000000001253,1.4065588445782236,109.0172166065159
110.14000000001252,1.4065620260062903,109.01724402688686
110.15000000001253,1.4065652059375033,109.01727143442815
110.16000000001253,1.4065683843727614,109.01729882914721
110.17000000001254,1.4065715613129626,109.0173262110515
110.18000000001254,1.4065747367590038,109.01735358014842
110.19000000001253,1.4065779107117822,109.01738093644543
110.20000000001254,1.4065810831721939,109.01740827994995
110.21000000001254,1.4065842541411335,109.0174356106694
110.22000000001253,1.4065874236194962,109.01746292861121
110.23000000001254,1.4065905916081756,109.01749023378278
110.24000000001254,1.4065937581080659,109.01751752619151
110.25000000001255,1.4065969231200588,109.01754480584484
110.26000000001255,1.406600086645046,109.01757207275013
110.27000000001254,1.4066032486839206,109.01759932691478
110.28000000001255,1.4066064092375712,109.01762656834617
110.29000000001255,1.40660956830689,109.0176537970517
110.30000000001255,1.4066127258927639,109.01768101303873
110.31000000001255,1.4066158819960835,109.01770821631463
110.32000000001256,1.4066190366177354,109.0177354068868
110.33000000001256,1.4066221897586086,109.01776258476255
110.34000000001257,1.406625341419589,109.01778974994927
110.35000000001256,1.4066284916015626,109.0178169024543
110.36000000001256,1.4066316403054147,109.01784404228499
110.37000000001257,1.4066347875320309,109.01787116944868
110.38000000001256,1.406637933282295,109.0178982839527
110.39000000001256,1.406641077557089,109.01792538580439
110.40000000001257,1.4066442203572973,109.01795247501106
110.41000000001257,1.406647361683802,109.01797955158005
110.42000000001258,1.4066505015374842,109.01800661551867
110.43000000001257,1.4066536399192249,109.01803366683423
110.44000000001257,1.406656776829904,109.01806070553401
110.45000000001258,1.4066599122704018,109.01808773162534
110.46000000001257,1.4066630462415963,109.0181147451155
110.47000000001258,1.406666178744366,109.0181417460118
110.48000000001258,1.406669309779589,109.0181687343215
110.49000000001259,1.4066724393481422,109.01819571005191
110.50000000001259,1.4066755674509017,109.01822267321027
110.51000000001258,1.4066786940887424,109.01824962380388
110.52000000001259,1.4066818192625408,109.01827656183998
110.53000000001259,1.40668494297317,109.01830348732585
110.54000000001258,1.4066880652215046,109.01833040026874
110.55000000001259,1.406691186008417,109.01835730067589
110.5600000000126,1.4066943053347805,109.01838418855455
110.5700000000126,1.4066974232014664,109.01841106391196
110.5800000000126,1.4067005396093455,109.01843792675535
110.5900000000126,1.4067036545592884,109.01846477709195
110.6000000000126,1.4067067680521652,109.01849161492902
110.6100000000126,1.406709880088846,109.01851844027374
110.6200000000126,1.4067129906701983,109.01854525313333
110.6300000000126,1.40671609979709,109.01857205351499
110.6400000000126,1.4067192074703894,109.01859884142594
110.65000000001261,1.4067223136909615,109.01862561687341
110.66000000001262,1.406725418459674,109.01865237986455
110.6700000000126,1.4067285217773917,109.01867913040657
110.68000000001261,1.4067316236449794,109.01870586850663
110.69000000001262,1.406734724063301,109.01873259417194
110.70000000001261,1.4067378230332201,109.01875930740965
110.71000000001261,1.4067409205555994,109.01878600822698
110.72000000001262,1.4067440166313017,109.01881269663104
110.73000000001262,1.4067471112611887,109.01883937262903
110.74000000001263,1.40675020444612,109.01886603622806
110.75000000001262,1.406753296186957,109.01889268743533
110.76000000001262,1.4067563864845594,109.01891932625796
110.77000000001263,1.4067594753397865,109.01894595270306
110.78000000001262,1.4067625627534959,109.01897256677783
110.79000000001263,1.4067656487265454,109.01899916848936
110.80000000001263,1.4067687332597933,109.01902575784479
110.81000000001264,1.4067718163540948,109.01905233485122
110.82000000001264,1.4067748980103063,109.0190788995158
110.83000000001263,1.406777978229284,109.01910545184563
110.84000000001264,1.4067810570118815,109.01913199184779
110.85000000001264,1.4067841343589524,109.01915851952941
110.86000000001263,1.4067872102713517,109.01918503489756
110.87000000001264,1.4067902847499305,109.01921153795938
110.88000000001264,1.406793357795542,109.0192380287219
110.89000000001265,1.4067964294090374,109.01926450719225
110.90000000001265,1.4067994995912678,109.01929097337747
110.91000000001264,1.406802568343083,109.01931742728463
110.92000000001265,1.4068056356653331,109.01934386892083
110.93000000001265,1.4068087015588668,109.01937029829313
110.94000000001265,1.4068117660245325,109.01939671540856
110.95000000001265,1.4068148290631788,109.01942312027417
110.96000000001266,1.4068178906756517,109.01944951289704
110.97000000001266,1.4068209508627987,109.01947589328418
110.98000000001267,1.4068240096254647,109.01950226144267
110.99000000001266,1.4068270669644958,109.01952861737949
111.00000000001266,1.4068301228807367,109.01955496110172
111.01000000001267,1.4068331773750307,109.01958129261635
111.02000000001266,1.406836230448222,109.01960761193041
111.03000000001266,1.406839282101153,109.0196339190509
111.04000000001267,1.4068423323346668,109.01966021398486
111.05000000001267,1.4068453811496038,109.01968649673927
111.06000000001268,1.4068484285468053,109.01971276732112
111.07000000001267,1.4068514745271115,109.01973902573742
111.08000000001267,1.406854519091364,109.01976527199518
111.09000000001268,1.4068575622403994,109.01979150610136
111.10000000001267,1.4068606039750577,109.01981772806293
111.11000000001268,1.4068636442961757,109.01984393788689
111.12000000001268,1.4068666832045917,109.01987013558019
111.13000000001269,1.406869720701142,109.01989632114983
111.14000000001269,1.4068727567866623,109.01992249460272
111.15000000001268,1.4068757914619892,109.01994865594587
111.16000000001269,1.406878824727957,109.0199748051862
111.17000000001269,1.4068818565853989,109.02000094233064
111.18000000001268,1.40688488703515,109.02002706738617
111.19000000001269,1.4068879160780425,109.02005318035971
111.2000000000127,1.4068909437149089,109.02007928125819
111.2100000000127,1.4068939699465812,109.02010537008854
111.2200000000127,1.4068969947738905,109.02013144685769
111.2300000000127,1.406900018197668,109.02015751157256
111.2400000000127,1.4069030402187424,109.02018356424004
111.2500000000127,1.406906060837945,109.02020960486708
111.2600000000127,1.4069090800561022,109.02023563346053
111.2700000000127,1.4069120978740435,109.02026165002734
111.2800000000127,1.4069151142925964,109.02028765457436
111.29000000001271,1.406918129312588,109.02031364710852
111.30000000001272,1.406921142934844,109.02033962763669
111.3100000000127,1.4069241551601914,109.02036559616573
111.32000000001271,1.4069271659894538,109.02039155270255
111.33000000001272,1.406930175423457,109.020417497254
111.34000000001271,1.4069331834630248,109.02044342982695
111.35000000001271,1.4069361901089796,109.02046935042827
111.36000000001272,1.4069391953621448,109.0204952590648
111.37000000001272,1.4069421992233426,109.02052115574341
111.38000000001273,1.4069452016933948,109.02054704047093
111.39000000001272,1.406948202773122,109.02057291325421
111.40000000001272,1.4069512024633448,109.0205987741001
111.41000000001273,1.4069542007648823,109.02062462301541
111.42000000001272,1.406957197678554,109.02065046000698
111.43000000001273,1.406960193205179,109.02067628508166
111.44000000001273,1.4069631873455755,109.02070209824623
111.45000000001274,1.4069661801005595,109.02072789950752
111.46000000001274,1.4069691714709491,109.02075368887235
111.47000000001273,1.406972161457559,109.02077946634749
111.48000000001274,1.4069751500612067,109.02080523193979
111.49000000001274,1.406978137282706,109.02083098565602
111.50000000001273,1.406981123122872,109.02085672750297
111.51000000001274,1.4069841075825171,109.02088245748743
111.52000000001274,1.406987090662456,109.02090817561617
111.53000000001275,1.4069900723635016,109.020933881896
111.54000000001275,1.4069930526864645,109.02095957633365
111.55000000001274,1.406996031632157,109.02098525893594
111.56000000001275,1.4069990092013898,109.02101092970959
111.57000000001275,1.407001985394973,109.02103658866137
111.58000000001275,1.407004960213717,109.02106223579806
111.59000000001275,1.40700793365843,109.02108787112637
111.60000000001276,1.4070109057299218,109.02111349465305
111.61000000001276,1.4070138764289986,109.02113910638488
111.62000000001277,1.407016845756469,109.02116470632858
111.63000000001276,1.4070198137131396,109.02119029449084
111.64000000001276,1.4070227802998154,109.02121587087844
111.65000000001277,1.4070257455173036,109.02124143549807
111.66000000001276,1.4070287093664084,109.02126698835646
111.67000000001276,1.4070316718479348,109.02129252946031
111.68000000001277,1.407034632962686,109.02131805881636
111.69000000001277,1.4070375927114651,109.02134357643128
111.70000000001278,1.4070405510950756,109.0213690823118
111.71000000001277,1.407043508114319,109.02139457646457
111.72000000001277,1.4070464637699964,109.02142005889634
111.73000000001278,1.40704941806291,109.02144552961374
111.74000000001277,1.407052370993859,109.02147098862348
111.75000000001278,1.4070553225636435,109.02149643593224
111.76000000001278,1.4070582727730632,109.02152187154665
111.77000000001279,1.407061221622916,109.02154729547345
111.78000000001279,1.407064169114,109.02157270771924
111.79000000001278,1.407067115247113,109.02159810829072
111.80000000001279,1.407070060023052,109.0216234971945
111.81000000001279,1.4070730034426127,109.02164887443726
111.82000000001278,1.4070759455065915,109.02167424002566
111.83000000001279,1.4070788862157835,109.0216995939663
111.8400000000128,1.407081825570982,109.02172493626585
111.8500000000128,1.4070847635729826,109.02175026693092
111.8600000000128,1.4070877002225786,109.02177558596814
111.8700000000128,1.4070906355205617,109.02180089338414
111.8800000000128,1.4070935694677251,109.02182618918552
111.8900000000128,1.40709650206486,109.0218514733789
111.9000000000128,1.407099433312758,109.02187674597091
111.9100000000128,1.40710236321221,109.02190200696813
111.9200000000128,1.4071052917640046,109.02192725637718
111.93000000001281,1.407108218968932,109.02195249420463
111.94000000001282,1.4071111448277818,109.02197772045709
111.9500000000128,1.4071140693413409,109.02200293514113
111.96000000001281,1.4071169925103983,109.02202813826335
111.97000000001282,1.40711991433574,109.02205332983031
111.98000000001281,1.4071228348181537,109.0220785098486
111.99000000001281,1.4071257539584248,109.02210367832478
112.00000000001282,1.4071286717573384,109.02212883526542
112.01000000001282,1.4071315882156796,109.02215398067706
112.02000000001283,1.4071345033342335,109.02217911456627
112.03000000001282,1.407137417113783,109.02220423693959
112.04000000001282,1.407140329555111,109.02222934780357
112.05000000001283,1.4071432406590012,109.02225444716476
112.06000000001282,1.4071461504262346,109.0222795350297
112.07000000001283,1.4071490588575934,109.02230461140492
112.08000000001283,1.4071519659538576,109.02232967629692
112.09000000001284,1.4071548717158089,109.02235472971228
112.10000000001284,1.407157776144226,109.02237977165746
112.11000000001283,1.4071606792398887,109.022404802139
112.12000000001284,1.4071635810035759,109.02242982116341
112.13000000001284,1.407166481436065,109.02245482873721
112.14000000001283,1.4071693805381333,109.02247982486689
112.15000000001284,1.4071722783105594,109.02250480955894
112.16000000001284,1.407175174754118,109.02252978281986
112.17000000001285,1.4071780698695853,109.02255474465613
112.18000000001285,1.4071809636577375,109.02257969507426
112.19000000001284,1.4071838561193486,109.0226046340807
112.20000000001285,1.407186747255193,109.02262956168192
112.21000000001285,1.4071896370660444,109.02265447788442
112.22000000001285,1.4071925255526758,109.02267938269465
112.23000000001285,1.40719541271586,109.02270427611907
112.24000000001286,1.407198298556369,109.02272915816417
112.25000000001286,1.4072011830749729,109.02275402883635
112.26000000001287,1.4072040662724448,109.02277888814208
112.27000000001286,1.407206948149553,109.02280373608784
112.28000000001286,1.4072098287070682,109.02282857268001
112.29000000001287,1.4072127079457601,109.02285339792508
112.30000000001286,1.4072155858663964,109.02287821182942
112.31000000001286,1.4072184624697455,109.02290301439953
112.32000000001287,1.407221337756575,109.02292780564179
112.33000000001287,1.4072242117276517,109.02295258556262
112.34000000001288,1.4072270843837427,109.02297735416843
112.35000000001287,1.407229955725613,109.02300211146566
112.36000000001287,1.407232825754028,109.02302685746068
112.37000000001288,1.407235694469754,109.0230515921599
112.38000000001287,1.4072385618735526,109.02307631556972
112.39000000001288,1.4072414279661907,109.02310102769654
112.40000000001288,1.4072442927484283,109.02312572854674
112.41000000001289,1.4072471562210305,109.0231504181267
112.42000000001289,1.4072500183847576,109.02317509644284
112.43000000001288,1.4072528792403722,109.02319976350145
112.44000000001289,1.4072557387886353,109.02322441930899
112.45000000001289,1.4072585970303058,109.02324906387177
112.46000000001288,1.4072614539661454,109.02327369719616
112.47000000001289,1.4072643095969124,109.02329831928854
112.4800000000129,1.4072671639233658,109.02332293015525
112.4900000000129,1.4072700169462646,109.02334752980263
112.5000000000129,1.4072728686663654,109.02337211823705
112.5100000000129,1.4072757190844265,109.02339669546483
112.5200000000129,1.4072785682012026,109.0234212614923
112.5300000000129,1.4072814160174512,109.02344581632582
112.5400000000129,1.4072842625339284,109.02347035997168
112.5500000000129,1.4072871077513875,109.02349489243625
112.5600000000129,1.4072899516705843,109.02351941372581
112.57000000001291,1.4072927942922717,109.0235439238467
112.58000000001292,1.4072956356172042,109.0235684228052
112.5900000000129,1.4072984756461335,109.02359291060765
112.60000000001291,1.4073013143798132,109.02361738726034
112.61000000001292,1.4073041518189935,109.02364185276956
112.62000000001291,1.407306987964427,109.0236663071416
112.63000000001291,1.4073098228168632,109.02369075038278
112.64000000001292,1.4073126563770535,109.02371518249936
112.65000000001292,1.4073154886457462,109.02373960349762
112.66000000001293,1.407318319623691,109.02376401338385
112.67000000001292,1.4073211493116362,109.02378841216431
112.68000000001292,1.4073239777103308,109.02381279984526
112.69000000001293,1.4073268048205207,109.02383717643299
112.70000000001292,1.407329630642954,109.02386154193374
112.71000000001293,1.407332455178377,109.02388589635378
112.72000000001293,1.4073352784275344,109.02391023969935
112.73000000001294,1.4073381003911731,109.0239345719767
112.74000000001294,1.4073409210700372,109.02395889319207
112.75000000001293,1.407343740464871,109.0239832033517
112.76000000001294,1.4073465585764176,109.02400750246184
112.77000000001294,1.407349375405421,109.0240317905287
112.78000000001293,1.407352190952624,109.0240560675585
112.79000000001294,1.4073550052187684,109.02408033355749
112.80000000001294,1.407357818204596,109.02410458853187
112.81000000001295,1.4073606299108474,109.02412883248785
112.82000000001295,1.4073634403382633,109.02415306543165
112.83000000001294,1.407366249487584,109.02417728736947
112.84000000001295,1.4073690573595494,109.0242014983075
112.85000000001295,1.4073718639548978,109.02422569825197
112.86000000001295,1.4073746692743678,109.02424988720902
112.87000000001295,1.4073774733186977,109.0242740651849
112.88000000001296,1.4073802760886234,109.02429823218576
112.89000000001296,1.407383077584884,109.02432238821777
112.90000000001297,1.4073858778082144,109.02434653328712
112.91000000001296,1.4073886767593509,109.02437066739998
112.92000000001296,1.4073914744390283,109.02439479056252
112.93000000001297,1.4073942708479825,109.02441890278091
112.94000000001296,1.4073970659869468,109.02444300406128
112.95000000001296,1.4073998598566553,109.02446709440983
112.96000000001297,1.407402652457841,109.02449117383267
112.97000000001297,1.407405443791236,109.02451524233598
112.98000000001298,1.4074082338575742,109.02453929992588
112.99000000001297,1.4074110226575856,109.02456334660852
113.00000000001297,1.4074138101920015,109.02458738239002
113.01000000001298,1.4074165964615535,109.02461140727651
113.02000000001297,1.4074193814669709,109.02463542127416
113.03000000001298,1.4074221652089838,109.02465942438904
113.04000000001298,1.40742494768832,109.02468341662728
113.05000000001299,1.4074277289057093,109.02470739799503
113.06000000001299,1.40743050886188,109.02473136849835
113.07000000001298,1.4074332875575584,109.02475532814336
113.08000000001299,1.4074360649934718,109.02477927693617
113.09000000001299,1.4074388411703467,109.0248032148829
113.10000000001298,1.40744161608891,109.02482714198958
113.11000000001299,1.4074443897498858,109.02485105826236
113.120000000013,1.4074471621539992,109.02487496370732
113.130000000013,1.4074499333019754,109.02489885833049
113.140000000013,1.407452703194538,109.024922742138
113.150000000013,1.40745547183241,109.0249466151359
113.160000000013,1.407458239216314,109.02497047733026
113.170000000013,1.4074610053469736,109.02499432872716
113.180000000013,1.4074637702251094,109.02501816933264
113.190000000013,1.4074665338514432,109.02504199915276
113.200000000013,1.4074692962266955,109.0250658181936
113.21000000001301,1.4074720573515873,109.02508962646117
113.22000000001302,1.4074748172268374,109.02511342396153
113.230000000013,1.407477575853166,109.02513721070073
113.24000000001301,1.407480333231291,109.0251609866848
113.25000000001302,1.407483089361932,109.02518475191975
113.26000000001301,1.4074858442458051,109.02520850641166
113.27000000001301,1.4074885978836291,109.02523225016651
113.28000000001302,1.407491350276119,109.02525598319032
113.29000000001302,1.4074941014239928,109.02527970548914
113.30000000001303,1.4074968513279646,109.02530341706894
113.31000000001302,1.407499599988751,109.02532711793576
113.32000000001302,1.4075023474070658,109.0253508080956
113.33000000001303,1.4075050935836235,109.02537448755444
113.34000000001302,1.4075078385191382,109.0253981563183
113.35000000001303,1.4075105822143228,109.02542181439316
113.36000000001303,1.4075133246698894,109.02544546178501
113.37000000001304,1.4075160658865506,109.02546909849984
113.38000000001304,1.4075188058650185,109.02549272454361
113.39000000001303,1.4075215446060034,109.02551633992232
113.40000000001304,1.4075242821102167,109.02553994464192
113.41000000001304,1.4075270183783681,109.02556353870841
113.42000000001303,1.4075297534111681,109.02558712212772
113.43000000001304,1.4075324872093251,109.02561069490582
113.44000000001304,1.4075352197735476,109.02563425704868
113.45000000001305,1.4075379511045443,109.02565780856224
113.46000000001305,1.407540681203022,109.02568134945246
113.47000000001304,1.407543410069689,109.02570487972525
113.48000000001305,1.4075461377052512,109.0257283993866
113.49000000001305,1.4075488641104152,109.02575190844239
113.50000000001305,1.4075515892858868,109.0257754068986
113.51000000001305,1.4075543132323702,109.02579889476114
113.52000000001306,1.4075570359505711,109.02582237203593
113.53000000001306,1.4075597574411927,109.0258458387289
113.54000000001307,1.40756247770494,109.02586929484598
113.55000000001306,1.4075651967425147,109.02589274039305
113.56000000001306,1.407567914554621,109.02591617537601
113.57000000001307,1.4075706311419593,109.02593959980082
113.58000000001306,1.4075733465052334,109.02596301367332
113.59000000001306,1.407576060645142,109.02598641699944
113.60000000001307,1.4075787735623877,109.02600980978508
113.61000000001307,1.4075814852576702,109.02603319203611
113.62000000001308,1.4075841957316897,109.0260565637584
113.63000000001307,1.407586904985144,109.02607992495787
113.64000000001307,1.4075896130187338,109.02610327564038
113.65000000001308,1.407592319833155,109.02612661581179
113.66000000001307,1.4075950254291067,109.026149945478
113.67000000001308,1.407597729807287,109.02617326464483
113.68000000001308,1.4076004329683907,109.02619657331817
113.69000000001309,1.4076031349131157,109.02621987150387
113.70000000001309,1.4076058356421564,109.02624315920781
113.71000000001308,1.4076085351562093,109.02626643643579
113.72000000001309,1.4076112334559685,109.0262897031937
113.73000000001309,1.4076139305421285,109.02631295948736
113.74000000001308,1.4076166264153833,109.0263362053226
113.75000000001309,1.407619321076426,109.02635944070528
113.7600000000131,1.4076220145259497,109.0263826656412
113.7700000000131,1.4076247067646461,109.02640588013621
113.7800000000131,1.407627397793208,109.02642908419611
113.7900000000131,1.4076300876123258,109.02645227782675
113.8000000000131,1.4076327762226908,109.02647546103393
113.8100000000131,1.407635463624994,109.02649863382344
113.8200000000131,1.4076381498199253,109.02652179620111
113.8300000000131,1.4076408348081724,109.02654494817274
113.8400000000131,1.407643518590426,109.02656808974412
113.85000000001311,1.4076462011673738,109.02659122092105
113.86000000001312,1.407648882539705,109.02661434170932
113.8700000000131,1.4076515627081054,109.02663745211473
113.88000000001311,1.4076542416732634,109.02666055214304
113.89000000001312,1.407656919435865,109.02668364180006
113.90000000001311,1.4076595959965958,109.02670672109153
113.91000000001311,1.407662271356142,109.02672979002325
113.92000000001312,1.4076649455151882,109.02675284860098
113.93000000001312,1.4076676184744192,109.02677589683047
113.94000000001313,1.4076702902345195,109.0267989347175
113.95000000001312,1.407672960796172,109.02682196226782
113.96000000001312,1.4076756301600608,109.0268449794872
113.97000000001313,1.4076782983268679,109.02686798638136
113.98000000001312,1.4076809652972757,109.02689098295605
113.99000000001313,1.4076836310719663,109.02691396921702
114.00000000001313,1.4076862956516205,109.02693694517001
114.01000000001314,1.407688959036919,109.02695991082075
114.02000000001314,1.4076916212285429,109.02698286617496
114.03000000001313,1.407694282227171,109.02700581123838
114.04000000001314,1.4076969420334826,109.02702874601674
114.05000000001314,1.407699600648158,109.02705167051575
114.06000000001313,1.407702258071874,109.02707458474109
114.07000000001314,1.4077049143053095,109.02709748869852
114.08000000001314,1.407707569349142,109.02712038239373
114.09000000001315,1.4077102232040475,109.02714326583242
114.10000000001315,1.4077128758707032,109.02716613902031
114.11000000001314,1.4077155273497848,109.02718900196305
114.12000000001315,1.4077181776419685,109.02721185466638
114.13000000001315,1.4077208267479289,109.02723469713595
114.14000000001315,1.4077234746683405,109.02725752937748
114.15000000001315,1.4077261214038774,109.02728035139661
114.16000000001316,1.4077287669552143,109.02730316319906
114.17000000001316,1.407731411323023,109.02732596479048
114.18000000001317,1.407734054507977,109.02734875617654
114.19000000001316,1.4077366965107483,109.02737153736291
114.20000000001316,1.4077393373320082,109.02739430835524
114.21000000001317,1.4077419769724286,109.0274170691592
114.22000000001316,1.4077446154326811,109.02743981978045
114.23000000001316,1.4077472527134343,109.02746256022462
114.24000000001317,1.4077498888153597,109.02748529049738
114.25000000001317,1.4077525237391253,109.02750801060435
114.26000000001318,1.4077551574854015,109.02753072055118
114.27000000001317,1.4077577900548557,109.02755342034351
114.28000000001317,1.4077604214481567,109.02757610998698
114.29000000001318,1.4077630516659716,109.0275987894872
114.30000000001317,1.4077656807089678,109.02762145884981
114.31000000001318,1.4077683085778112,109.0276441180804
114.32000000001318,1.407770935273169,109.02766676718461
114.33000000001319,1.4077735607957065,109.02768940616807
114.34000000001319,1.4077761851460888,109.02771203503636
114.35000000001318,1.4077788083249807,109.0277346537951
114.36000000001319,1.4077814303330465,109.02775726244988
114.37000000001319,1.407784051170951,109.02777986100631
114.38000000001318,1.4077866708393556,109.02780244946999
114.39000000001319,1.4077892893389254,109.02782502784649
114.4000000000132,1.4077919066703206,109.02784759614143
114.4100000000132,1.4077945228342053,109.02787015436034
114.4200000000132,1.407797137831239,109.02789270250886
114.4300000000132,1.4077997516620855,109.02791524059253
114.4400000000132,1.4078023643274027,109.02793776861694
114.4500000000132,1.4078049758278521,109.02796028658763
114.4600000000132,1.4078075861640935,109.02798279451021
114.4700000000132,1.4078101953367854,109.02800529239019
114.4800000000132,1.407812803346587,109.02802778023316
114.49000000001321,1.4078154101941567,109.02805025804469
114.50000000001322,1.407818015880153,109.02807272583028
114.5100000000132,1.407820620405232,109.02809518359554
114.52000000001321,1.407823223770051,109.02811763134594
114.53000000001322,1.4078258259752667,109.02814006908706
114.54000000001321,1.4078284270215355,109.02816249682445
114.55000000001321,1.4078310269095122,109.02818491456364
114.56000000001322,1.4078336256398525,109.02820732231011
114.57000000001322,1.407836223213211,109.02822972006943
114.58000000001323,1.4078388196302414,109.02825210784711
114.59000000001322,1.4078414148915979,109.02827448564865
114.60000000001322,1.4078440089979347,109.0282968534796
114.61000000001323,1.4078466019499025,109.02831921134545
114.62000000001322,1.4078491937481552,109.0283415592517
114.63000000001323,1.4078517843933447,109.02836389720387
114.64000000001323,1.4078543738861222,109.02838622520743
114.65000000001324,1.4078569622271382,109.0284085432679
114.66000000001324,1.4078595494170434,109.02843085139078
114.67000000001323,1.4078621354564893,109.02845314958152
114.68000000001324,1.4078647203461243,109.02847543784564
114.69000000001324,1.4078673040865983,109.02849771618861
114.70000000001323,1.4078698866785593,109.02851998461591
114.71000000001324,1.4078724681226555,109.028542243133
114.72000000001324,1.4078750484195355,109.02856449174537
114.73000000001325,1.407877627569847,109.02858673045849
114.74000000001325,1.4078802055742368,109.02860895927779
114.75000000001324,1.4078827824333502,109.02863117820876
114.76000000001325,1.407885358147834,109.02865338725684
114.77000000001325,1.4078879327183347,109.0286755864275
114.78000000001325,1.4078905061454963,109.02869777572616
114.79000000001325,1.407893078429964,109.02871995515828
114.80000000001326,1.4078956495723824,109.02874212472932
114.81000000001326,1.4078982195733951,109.02876428444469
114.82000000001327,1.4079007884336445,109.02878643430984
114.83000000001326,1.407903356153775,109.02880857433018
114.84000000001326,1.4079059227344286,109.02883070451118
114.85000000001327,1.407908488176248,109.0288528248582
114.86000000001326,1.407911052479873,109.02887493537672
114.87000000001326,1.4079136156459466,109.02889703607212
114.88000000001327,1.4079161776751081,109.02891912694984
114.89000000001327,1.4079187385679992,109.02894120801527
114.90000000001328,1.4079212983252587,109.02896327927381
114.91000000001327,1.4079238569475259,109.02898534073088
114.92000000001327,1.4079264144354409,109.02900739239186
114.93000000001328,1.4079289707896412,109.02902943426217
114.94000000001327,1.4079315260107648,109.02905146634717
114.95000000001328,1.40793408009945,109.02907348865229
114.96000000001328,1.4079366330563332,109.02909550118287
114.97000000001329,1.407939184882052,109.0291175039443
114.98000000001329,1.4079417355772417,109.029139496942
114.99000000001328,1.407944285142539,109.02916148018129
115.00000000001329,1.4079468335785794,109.02918345366756
115.01000000001329,1.407949380885997,109.02920541740616
115.02000000001328,1.4079519270654275,109.02922737140248
115.03000000001329,1.4079544721175037,109.02924931566187
115.0400000000133,1.4079570160428598,109.02927125018971
115.0500000000133,1.40795955884213,109.02929317499131
115.0600000000133,1.407962100515945,109.02931509007203
115.0700000000133,1.4079646410649391,109.02933699543723
115.0800000000133,1.4079671804897436,109.02935889109224
115.0900000000133,1.4079697187909899,109.02938077704242
115.1000000000133,1.4079722559693089,109.02940265329308
115.1100000000133,1.4079747920253312,109.02942451984956
115.1200000000133,1.4079773269596874,109.02944637671717
115.13000000001331,1.4079798607730063,109.02946822390128
115.14000000001332,1.4079823934659184,109.02949006140716
115.1500000000133,1.4079849250390521,109.02951188924017
115.16000000001331,1.4079874554930356,109.02953370740559
115.17000000001332,1.4079899848284967,109.02955551590875
115.18000000001331,1.4079925130460635,109.02957731475493
115.19000000001331,1.407995040146363,109.02959910394948
115.20000000001332,1.4079975661300221,109.02962088349767
115.21000000001332,1.4080000909976667,109.02964265340479
115.22000000001333,1.408002614749922,109.02966441367617
115.23000000001332,1.408005137387415,109.02968616431706
115.24000000001332,1.4080076589107695,109.02970790533276
115.25000000001333,1.4080101793206106,109.02972963672855
115.26000000001332,1.408012698617562,109.02975135850971
115.27000000001333,1.4080152168022477,109.02977307068153
115.28000000001333,1.4080177338752904,109.02979477324926
115.29000000001334,1.408020249837314,109.02981646621818
115.30000000001334,1.4080227646889392,109.02983814959354
115.31000000001333,1.4080252784307898,109.02985982338065
115.32000000001334,1.4080277910634866,109.0298814875847
115.33000000001334,1.4080303025876504,109.02990314221101
115.34000000001333,1.4080328130039022,109.02992478726478
115.35000000001334,1.4080353223128625,109.02994642275128
115.36000000001334,1.4080378305151502,109.02996804867576
115.37000000001335,1.4080403376113861,109.02998966504344
115.38000000001335,1.4080428436021875,109.03001127185959
115.39000000001334,1.408045348488175,109.03003286912943
115.40000000001335,1.4080478522699653,109.03005445685817
115.41000000001335,1.4080503549481753,109.03007603505107
115.42000000001335,1.4080528565234245,109.03009760371333
115.43000000001335,1.4080553569963281,109.03011916285018
115.44000000001336,1.4080578563675037,109.03014071246685
115.45000000001336,1.4080603546375665,109.03016225256852
115.46000000001337,1.4080628518071319,109.03018378316044
115.47000000001336,1.4080653478768148,109.03020530424779
115.48000000001336,1.4080678428472313,109.03022681583577
115.49000000001337,1.4080703367189948,109.0302483179296
115.50000000001336,1.4080728294927196,109.03026981053448
115.51000000001336,1.408075321169019,109.03029129365558
115.52000000001337,1.408077811748505,109.03031276729811
115.53000000001337,1.4080803012317917,109.03033423146724
115.54000000001338,1.4080827896194912,109.03035568616818
115.55000000001337,1.4080852769122143,109.03037713140607
115.56000000001337,1.4080877631105733,109.03039856718613
115.57000000001338,1.4080902482151787,109.03041999351348
115.58000000001337,1.408092732226641,109.03044141039335
115.59000000001338,1.4080952151455708,109.03046281783085
115.60000000001338,1.4080976969725771,109.03048421583118
115.61000000001339,1.4081001777082693,109.03050560439951
115.62000000001339,1.4081026573532567,109.03052698354095
115.63000000001338,1.4081051359081476,109.03054835326068
115.64000000001339,1.40810761337355,109.03056971356386
115.65000000001339,1.4081100897500711,109.03059106445562
115.66000000001338,1.4081125650383182,109.0306124059411
115.67000000001339,1.4081150392388984,109.03063373802544
115.6800000000134,1.4081175123524188,109.03065506071381
115.6900000000134,1.4081199843794836,109.03067637401128
115.7000000000134,1.4081224553206992,109.03069767792303
115.7100000000134,1.4081249251766708,109.03071897245417
115.7200000000134,1.4081273939480035,109.0307402576098
115.7300000000134,1.4081298616353006,109.0307615333951
115.7400000000134,1.4081323282391667,109.03078279981511
115.7500000000134,1.4081347937602045,109.030804056875
115.7600000000134,1.408137258199018,109.03082530457985
115.77000000001341,1.4081397215562093,109.03084654293477
115.78000000001342,1.4081421838323807,109.03086777194487
115.7900000000134,1.4081446450281339,109.03088899161524
115.80000000001341,1.408147105144071,109.030910201951
115.81000000001342,1.4081495641807913,109.03093140295721
115.82000000001341,1.4081520221388975,109.03095259463898
115.83000000001341,1.4081544790189884,109.03097377700138
115.84000000001342,1.4081569348216638,109.0309949500495
115.85000000001342,1.4081593895475235,109.03101611378844
115.86000000001343,1.4081618431971665,109.03103726822324
115.87000000001342,1.4081642957711906,109.03105841335899
115.88000000001342,1.4081667472701949,109.03107954920077
115.89000000001343,1.408169197694776,109.03110067575362
115.90000000001342,1.408171647045532,109.03112179302262
115.91000000001343,1.4081740953230595,109.03114290101283
115.92000000001343,1.4081765425279555,109.0311639997293
115.93000000001344,1.408178988660815,109.03118508917711
115.94000000001344,1.4081814337222356,109.03120616936125
115.95000000001343,1.40818387771281,109.03122724028682
115.96000000001344,1.4081863206331344,109.03124830195884
115.97000000001344,1.4081887624838036,109.03126935438236
115.98000000001343,1.408191203265411,109.0312903975624
115.99000000001344,1.4081936429785507,109.03131143150401
116.00000000001344,1.408196081623815,109.03133245621224
116.01000000001345,1.4081985192017976,109.03135347169206
116.02000000001345,1.408200955713091,109.03137447794853
116.03000000001344,1.4082033911582874,109.03139547498665
116.04000000001345,1.4082058255379768,109.03141646281146
116.05000000001345,1.4082082588527527,109.03143744142798
116.06000000001345,1.408210691103204,109.03145841084118
116.07000000001345,1.4082131222899221,109.03147937105611
116.08000000001346,1.4082155524134976,109.03150032207775
116.09000000001346,1.4082179814745177,109.0315212639111
116.10000000001347,1.408220409473575,109.03154219656116
116.11000000001346,1.4082228364112552,109.03156312003293
116.12000000001346,1.4082252622881481,109.03158403433139
116.13000000001347,1.4082276871048418,109.03160493946154
116.14000000001346,1.408230110861924,109.03162583542837
116.15000000001346,1.4082325335599815,109.03164672223684
116.16000000001347,1.4082349551996007,109.03166759989195
116.17000000001347,1.4082373757813689,109.03168846839866
116.18000000001348,1.4082397953058716,109.03170932776193
116.19000000001347,1.408242213773695,109.03173017798673
116.20000000001347,1.408244631185423,109.03175101907806
116.21000000001348,1.4082470475416415,109.03177185104084
116.22000000001347,1.408249462842935,109.03179267388008
116.23000000001348,1.4082518770898862,109.03181348760067
116.24000000001348,1.4082542902830804,109.03183429220759
116.25000000001349,1.4082567024230999,109.03185508770581
116.26000000001349,1.4082591135105276,109.03187587410025
116.27000000001348,1.4082615235459457,109.03189665139587
116.28000000001349,1.4082639325299364,109.03191741959758
116.29000000001349,1.4082663404630824,109.03193817871035
116.30000000001348,1.4082687473459632,109.0319589287391
116.31000000001349,1.4082711531791607,109.03197966968874
116.3200000000135,1.4082735579632546,109.03200040156423
116.3300000000135,1.4082759616988259,109.03202112437046
116.3400000000135,1.4082783643864536,109.03204183811238
116.3500000000135,1.4082807660267176,109.03206254279489
116.3600000000135,1.408283166620196,109.03208323842291
116.3700000000135,1.4082855661674678,109.03210392500134
116.3800000000135,1.4082879646691107,109.03212460253509
116.3900000000135,1.4082903621257021,109.03214527102908
116.4000000000135,1.4082927585378204,109.03216593048819
116.41000000001351,1.4082951539060415,109.03218658091734
116.42000000001352,1.408297548230943,109.03220722232139
116.43000000001351,1.4082999415131,109.03222785470527
116.44000000001351,1.4083023337530884,109.03224847807385
116.45000000001352,1.4083047249514835,109.032269092432
116.46000000001351,1.408307115108861,109.03228969778463
116.47000000001351,1.408309504225795,109.03231029413661
116.48000000001352,1.4083118923028592,109.0323308814928
116.49000000001352,1.4083142793406283,109.03235145985809
116.50000000001353,1.408316665339675,109.03237202923734
116.51000000001352,1.4083190503005725,109.03239258963542
116.52000000001352,1.4083214342238937,109.03241314105718
116.53000000001353,1.4083238171102104,109.0324336835075
116.54000000001352,1.4083261989600948,109.03245421699124
116.55000000001353,1.408328579774118,109.03247474151321
116.56000000001353,1.4083309595528517,109.03249525707832
116.57000000001354,1.4083333382968655,109.03251576369138
116.58000000001354,1.4083357160067311,109.03253626135725
116.59000000001353,1.4083380926830174,109.03255675008074
116.60000000001354,1.408340468326294,109.03257722986673
116.61000000001354,1.4083428429371307,109.03259770072003
116.62000000001353,1.4083452165160961,109.03261816264548
116.63000000001354,1.4083475890637571,109.03263861564791
116.64000000001354,1.4083499605806835,109.03265905973213
116.65000000001355,1.4083523310674428,109.03267949490298
116.66000000001355,1.408354700524602,109.03269992116526
116.67000000001354,1.4083570689527265,109.0327203385238
116.68000000001355,1.4083594363523846,109.03274074698342
116.69000000001355,1.4083618027241422,109.03276114654892
116.70000000001355,1.4083641680685637,109.0327815372251
116.71000000001355,1.4083665323862156,109.03280191901678
116.72000000001356,1.4083688956776617,109.03282229192874
116.73000000001356,1.4083712579434684,109.0328426559658
116.74000000001357,1.4083736191841978,109.03286301113273
116.75000000001356,1.4083759794004156,109.03288335743432
116.76000000001356,1.4083783385926831,109.03290369487539
116.77000000001357,1.4083806967615657,109.0329240234607
116.78000000001356,1.4083830539076243,109.03294434319503
116.79000000001356,1.408385410031421,109.03296465408317
116.80000000001357,1.4083877651335197,109.0329849561299
116.81000000001357,1.408390119214479,109.03300524933998
116.82000000001358,1.4083924722748626,109.03302553371819
116.83000000001357,1.4083948243152302,109.03304580926927
116.84000000001357,1.408397175336142,109.03306607599801
116.85000000001358,1.4083995253381583,109.03308633390917
116.86000000001357,1.4084018743218383,109.0331065830075
116.87000000001358,1.4084042222877415,109.03312682329775
116.88000000001358,1.4084065692364267,109.03314705478468
116.89000000001359,1.4084089151684536,109.03316727747301
116.90000000001359,1.4084112600843781,109.03318749136754
116.91000000001358,1.4084136039847597,109.03320769647296
116.92000000001359,1.4084159468701543,109.03322789279403
116.93000000001359,1.40841828874112,109.0332480803355
116.94000000001358,1.4084206295982133,109.03326825910207
116.95000000001359,1.4084229694419899,109.0332884290985
116.9600000000136,1.408425308273006,109.0333085903295
116.9700000000136,1.408427646091817,109.0333287427998
116.9800000000136,1.4084299828989786,109.0333488865141
116.9900000000136,1.4084323186950443,109.03336902147714
117.0000000000136,1.4084346534805694,109.03338914769364
117.0100000000136,1.4084369872561076,109.03340926516829
117.0200000000136,1.4084393200222125,109.03342937390582
117.0300000000136,1.4084416517794365,109.03344947391092
117.0400000000136,1.408443982528334,109.03346956518828
117.05000000001361,1.4084463122694573,109.03348964774263
117.06000000001362,1.4084486410033576,109.03350972157864
117.07000000001361,1.4084509687305875,109.03352978670104
117.08000000001361,1.408453295451697,109.03354984311446
117.09000000001362,1.4084556211672388,109.03356989082366
117.10000000001361,1.4084579458777626,109.03358992983325
117.11000000001361,1.4084602695838195,109.03360996014798
117.12000000001362,1.4084625922859582,109.03362998177246
117.13000000001362,1.4084649139847294,109.03364999471141
117.14000000001363,1.4084672346806815,109.0336699989695
117.15000000001362,1.4084695543743628,109.0336899945514
117.16000000001362,1.4084718730663233,109.03370998146177
117.17000000001363,1.4084741907571101,109.03372995970527
117.18000000001362,1.4084765074472705,109.03374992928654
117.19000000001363,1.408478823137353,109.03376989021027
117.20000000001363,1.4084811378279032,109.03378984248111
117.21000000001364,1.4084834515194689,109.03380978610367
117.22000000001364,1.4084857642125954,109.03382972108265
117.23000000001363,1.4084880759078293,109.0338496474227
117.24000000001364,1.4084903866057148,109.03386956512841
117.25000000001364,1.408492696306799,109.03388947420446
117.26000000001363,1.4084950050116252,109.03390937465547
117.27000000001364,1.4084973127207379,109.03392926648607
117.28000000001364,1.4084996194346822,109.0339491497009
117.29000000001365,1.408501925154,109.0339690243046
117.30000000001365,1.408504229879236,109.03398889030174
117.31000000001364,1.4085065336109328,109.03400874769702
117.32000000001365,1.4085088363496334,109.034028596495
117.33000000001365,1.4085111380958788,109.03404843670032
117.34000000001365,1.4085134388502114,109.03406826831758
117.35000000001365,1.4085157386131728,109.0340880913514
117.36000000001366,1.4085180373853046,109.03410790580638
117.37000000001366,1.4085203351671471,109.03412771168713
117.38000000001367,1.40852263195924,109.03414750899823
117.39000000001366,1.4085249277621246,109.0341672977443
117.40000000001366,1.40852722257634,109.03418707792994
117.41000000001367,1.4085295164024256,109.03420684955972
117.42000000001366,1.4085318092409194,109.03422661263825
117.43000000001366,1.4085341010923618,109.03424636717008
117.44000000001367,1.408536391957289,109.03426611315984
117.45000000001367,1.4085386818362406,109.03428585061208
117.46000000001368,1.4085409707297536,109.03430557953139
117.47000000001367,1.4085432586383646,109.03432529992233
117.48000000001367,1.4085455455626108,109.0343450117895
117.49000000001368,1.4085478315030286,109.03436471513741
117.50000000001367,1.4085501164601544,109.0343844099707
117.51000000001368,1.408552400434523,109.03440409629387
117.52000000001368,1.4085546834266705,109.03442377411152
117.53000000001369,1.4085569654371315,109.03444344342819
117.54000000001369,1.408559246466441,109.03446310424843
117.55000000001368,1.4085615265151334,109.03448275657679
117.56000000001369,1.408563805583742,109.03450240041784
117.57000000001369,1.408566083672801,109.0345220357761
117.58000000001368,1.4085683607828428,109.03454166265611
117.59000000001369,1.408570636914401,109.03456128106244
117.6000000000137,1.4085729120680084,109.0345808909996
117.6100000000137,1.4085751862441964,109.03460049247214
117.6200000000137,1.4085774594434965,109.03462008548456
117.6300000000137,1.408579731666441,109.03463967004141
117.6400000000137,1.4085820029135605,109.03465924614723
117.6500000000137,1.4085842731853857,109.0346788138065
117.6600000000137,1.4085865424824477,109.03469837302376
117.6700000000137,1.4085888108052755,109.03471792380354
117.6800000000137,1.4085910781543993,109.03473746615035
117.69000000001371,1.4085933445303485,109.03475700006867
117.70000000001372,1.4085956099336516,109.03477652556305
117.71000000001371,1.4085978743648377,109.03479604263795
117.72000000001371,1.408600137824435,109.0348155512979
117.73000000001372,1.4086024003129711,109.0348350515474
117.74000000001371,1.408604661830973,109.03485454339095
117.75000000001371,1.408606922378969,109.034874026833
117.76000000001372,1.4086091819574862,109.03489350187809
117.77000000001372,1.4086114405670498,109.03491296853069
117.78000000001373,1.4086136982081867,109.03493242679527
117.79000000001372,1.408615954881422,109.03495187667635
117.80000000001372,1.4086182105872824,109.03497131817835
117.81000000001373,1.4086204653262921,109.0349907513058
117.82000000001372,1.4086227190989757,109.03501017606314
117.83000000001373,1.4086249719058586,109.03502959245486
117.84000000001373,1.4086272237474633,109.03504900048542
117.85000000001374,1.408629474624315,109.03506840015926
117.86000000001374,1.4086317245369357,109.03508779148088
117.87000000001373,1.4086339734858502,109.03510717445472
117.88000000001374,1.4086362214715793,109.03512654908523
117.89000000001374,1.408638468494646,109.03514591537689
117.90000000001373,1.4086407145555726,109.03516527333412
117.91000000001374,1.4086429596548808,109.03518462296137
117.92000000001374,1.4086452037930908,109.0352039642631
117.93000000001375,1.4086474469707249,109.03522329724375
117.94000000001375,1.4086496891883022,109.03524262190774
117.95000000001374,1.4086519304463443,109.03526193825952
117.96000000001375,1.40865417074537,109.03528124630351
117.97000000001375,1.4086564100858998,109.03530054604417
117.98000000001375,1.4086586484684525,109.0353198374859
117.99000000001375,1.4086608858935463,109.03533912063314
118.00000000001376,1.4086631223617005,109.03535839549029
118.01000000001376,1.4086653578734327,109.0353776620618
118.02000000001377,1.4086675924292615,109.03539692035207
118.03000000001376,1.408669826029704,109.03541617036551
118.04000000001376,1.4086720586752768,109.03543541210652
118.05000000001377,1.4086742903664975,109.03545464557953
118.06000000001376,1.4086765211038812,109.03547387078893
118.07000000001376,1.4086787508879461,109.03549308773914
118.08000000001377,1.4086809797192055,109.03551229643455
118.09000000001377,1.408683207598177,109.03553149687954
118.10000000001378,1.4086854345253743,109.03555068907852
118.11000000001377,1.408687660501313,109.03556987303587
118.12000000001377,1.4086898855265066,109.03558904875601
118.13000000001378,1.4086921096014704,109.03560821624328
118.14000000001377,1.4086943327267165,109.03562737550209
118.15000000001378,1.4086965549027595,109.03564652653681
118.16000000001378,1.4086987761301115,109.03566566935183
118.17000000001379,1.408700996409286,109.0356848039515
118.18000000001379,1.408703215740795,109.03570393034022
118.19000000001378,1.4087054341251508,109.03572304852233
118.20000000001379,1.4087076515628643,109.03574215850223
118.21000000001379,1.4087098680544474,109.03576126028423
118.22000000001378,1.4087120836004108,109.03578035387275
118.23000000001379,1.4087142982012653,109.03579943927213
118.2400000000138,1.4087165118575216,109.03581851648667
118.2500000000138,1.4087187245696895,109.03583758552081
118.2600000000138,1.4087209363382782,109.03585664637883
118.2700000000138,1.4087231471637969,109.03587569906512
118.2800000000138,1.4087253570467555,109.035894743584
118.2900000000138,1.4087275659876617,109.03591377993982
118.3000000000138,1.4087297739870241,109.0359328081369
118.3100000000138,1.408731981045351,109.0359518281796
118.3200000000138,1.4087341871631487,109.03597084007224
118.33000000001381,1.4087363923409264,109.03598984381917
118.34000000001382,1.4087385965791894,109.03600883942468
118.35000000001381,1.4087407998784456,109.03602782689312
118.36000000001381,1.408743002239201,109.03604680622881
118.37000000001382,1.4087452036619603,109.03606577743605
118.38000000001381,1.4087474041472305,109.03608474051919
118.39000000001381,1.4087496036955165,109.0361036954825
118.40000000001382,1.4087518023073229,109.03612264233033
118.41000000001382,1.4087539999831544,109.03614158106697
118.42000000001383,1.408756196723516,109.0361605116967
118.43000000001382,1.40875839252891,109.0361794342239
118.44000000001382,1.4087605873998421,109.03619834865279
118.45000000001383,1.408762781336814,109.03621725498769
118.46000000001382,1.4087649743403292,109.03623615323292
118.47000000001383,1.4087671664108903,109.03625504339273
118.48000000001383,1.4087693575489995,109.03627392547145
118.49000000001384,1.4087715477551586,109.03629279947334
118.50000000001384,1.4087737370298699,109.03631166540269
118.51000000001383,1.4087759253736336,109.03633052326377
118.52000000001384,1.4087781127869514,109.03634937306089
118.53000000001384,1.4087802992703233,109.03636821479829
118.54000000001383,1.4087824848242507,109.03638704848026
118.55000000001384,1.4087846694492328,109.03640587411107
118.56000000001384,1.4087868531457697,109.03642469169496
118.57000000001385,1.4087890359143598,109.03644350123625
118.58000000001385,1.4087912177555026,109.03646230273915
118.59000000001384,1.4087933986696968,109.03648109620794
118.60000000001385,1.4087955786574402,109.03649988164688
118.61000000001386,1.4087977577192317,109.0365186590602
118.62000000001385,1.4087999358555683,109.03653742845219
118.63000000001385,1.408802113066948,109.03655618982708
118.64000000001386,1.4088042893538668,109.0365749431891
118.65000000001386,1.408806464716822,109.0365936885425
118.66000000001387,1.4088086391563097,109.03661242589153
118.67000000001386,1.4088108126728265,109.03663115524043
118.68000000001386,1.4088129852668676,109.03664987659342
118.69000000001387,1.4088151569389282,109.03666858995474
118.70000000001386,1.4088173276895037,109.03668729532863
118.71000000001386,1.4088194975190886,109.03670599271929
118.72000000001387,1.4088216664281776,109.03672468213097
118.73000000001387,1.4088238344172646,109.03674336356787
118.74000000001388,1.4088260014868428,109.03676203703422
118.75000000001387,1.4088281676374066,109.03678070253426
118.76000000001387,1.408830332869448,109.03679936007217
118.77000000001388,1.408832497183461,109.03681800965214
118.78000000001387,1.408834660579937,109.03683665127843
118.79000000001388,1.4088368230593686,109.03685528495522
118.80000000001388,1.4088389846222475,109.03687391068672
118.81000000001389,1.4088411452690657,109.03689252847713
118.82000000001389,1.408843305000313,109.03691113833064
118.83000000001388,1.408845463816482,109.03692974025144
118.84000000001389,1.4088476217180614,109.03694833424373
118.85000000001389,1.4088497787055423,109.03696692031171
118.86000000001388,1.4088519347794155,109.03698549845956
118.87000000001389,1.408854089940169,109.03700406869146
118.8800000000139,1.4088562441882926,109.03702263101158
118.8900000000139,1.4088583975242746,109.03704118542412
118.9000000000139,1.4088605499486049,109.03705973193325
118.9100000000139,1.4088627014617703,109.03707827054313
118.9200000000139,1.40886485206426,109.03709680125795
118.9300000000139,1.4088670017565605,109.03711532408187
118.9400000000139,1.4088691505391602,109.03713383901903
118.9500000000139,1.4088712984125453,109.03715234607365
118.9600000000139,1.408873445377203,109.03717084524986
118.97000000001391,1.4088755914336188,109.0371893365518
118.98000000001392,1.4088777365822798,109.03720781998368
118.99000000001391,1.4088798808236709,109.03722629554959
119.00000000001391,1.4088820241582773,109.0372447632537
119.01000000001392,1.4088841665865848,109.03726322310017
119.02000000001391,1.408886308109078,109.03728167509313
119.03000000001391,1.4088884487262405,109.03730011923673
119.04000000001392,1.4088905884385574,109.03731855553511
119.05000000001392,1.4088927272465126,109.03733698399242
119.06000000001393,1.4088948651505888,109.03735540461275
119.07000000001392,1.4088970021512692,109.03737381740028
119.08000000001392,1.4088991382490372,109.03739222235913
119.09000000001393,1.4089012734443749,109.0374106194934
119.10000000001392,1.4089034077377647,109.03742900880725
119.11000000001393,1.4089055411296878,109.03744739030478
119.12000000001393,1.4089076736206276,109.03746576399008
119.13000000001394,1.4089098052110631,109.03748412986734
119.14000000001394,1.408911935901477,109.0375024879406
119.15000000001393,1.4089140656923491,109.03752083821402
119.16000000001394,1.4089161945841597,109.0375391806917
119.17000000001394,1.4089183225773894,109.0375575153777
119.18000000001393,1.4089204496725174,109.03757584227617
119.19000000001394,1.4089225758700226,109.03759416139121
119.20000000001394,1.4089247011703852,109.0376124727269
119.21000000001395,1.408926825574083,109.03763077628736
119.22000000001395,1.4089289490815946,109.03764907207663
119.23000000001394,1.408931071693399,109.03766736009888
119.24000000001395,1.408933193409973,109.03768564035812
119.25000000001396,1.4089353142317944,109.03770391285849
119.26000000001395,1.4089374341593404,109.03772217760404
119.27000000001395,1.4089395531930873,109.03774043459887
119.28000000001396,1.4089416713335134,109.03775868384703
119.29000000001396,1.4089437885810931,109.03777692535263
119.30000000001397,1.4089459049363033,109.03779515911972
119.31000000001396,1.4089480203996196,109.03781338515238
119.32000000001396,1.4089501349715166,109.03783160345468
119.33000000001397,1.40895224865247,109.03784981403066
119.34000000001396,1.4089543614429538,109.0378680168844
119.35000000001396,1.4089564733434443,109.03788621201997
119.36000000001397,1.4089585843544132,109.0379043994414
119.37000000001397,1.408960694476335,109.03792257915278
119.38000000001398,1.408962803709684,109.03794075115812
119.39000000001397,1.4089649120549328,109.03795891546152
119.40000000001397,1.4089670195125539,109.03797707206698
119.41000000001398,1.4089691260830206,109.03799522097854
119.42000000001397,1.408971231766804,109.0380133622003
119.43000000001398,1.4089733365643768,109.03803149573625
119.44000000001398,1.408975440476211,109.03804962159043
119.45000000001399,1.4089775435027772,109.0380677397669
119.46000000001399,1.4089796456445465,109.03808585026968
119.47000000001398,1.40898174690199,109.03810395310276
119.48000000001399,1.4089838472755774,109.03812204827024
119.49000000001399,1.4089859467657795,109.03814013577609
119.50000000001398,1.4089880453730654,109.03815821562434
119.51000000001399,1.4089901430979055,109.038176287819
119.520000000014,1.4089922399407677,109.03819435236412
119.530000000014,1.4089943359021224,109.03821240926369
119.540000000014,1.408996430982436,109.03823045852174
119.550000000014,1.4089985251821788,109.03824850014226
119.560000000014,1.4090006185018182,109.03826653412925
119.570000000014,1.4090027109418213,109.03828456048673
119.580000000014,1.4090048025026558,109.0383025792187
119.590000000014,1.4090068931847886,109.03832059032915
119.600000000014,1.409008982988686,109.03833859382208
119.61000000001401,1.4090110719148157,109.0383565897015
119.62000000001402,1.4090131599636422,109.03837457797137
119.63000000001401,1.409015247135633,109.0383925586357
119.64000000001401,1.409017333431252,109.03841053169847
119.65000000001402,1.4090194188509657,109.03842849716366
119.66000000001401,1.4090215033952378,109.03844645503528
119.67000000001401,1.4090235870645342,109.03846440531726
119.68000000001402,1.409025669859318,109.03848234801362
119.69000000001402,1.4090277517800542,109.0385002831283
119.70000000001403,1.409029832827206,109.0385182106653
119.71000000001402,1.409031913001236,109.03853613062857
119.72000000001402,1.409033992302609,109.03855404302207
119.73000000001403,1.409036070731787,109.03857194784979
119.74000000001402,1.409038148289232,109.03858984511568
119.75000000001403,1.4090402249754066,109.03860773482369
119.76000000001403,1.4090423007907729,109.03862561697778
119.77000000001404,1.4090443757357924,109.03864349158191
119.78000000001404,1.4090464498109259,109.03866135864003
119.79000000001403,1.4090485230166352,109.03867921815606
119.80000000001404,1.40905059535338,109.038697070134
119.81000000001404,1.409052666821622,109.03871491457778
119.82000000001403,1.4090547374218199,109.03873275149131
119.83000000001404,1.4090568071544345,109.03875058087854
119.84000000001404,1.4090588760199245,109.03876840274343
119.85000000001405,1.40906094401875,109.03878621708989
119.86000000001405,1.4090630111513693,109.03880402392187
119.87000000001404,1.4090650774182416,109.03882182324328
119.88000000001405,1.4090671428198247,109.03883961505805
119.89000000001406,1.4090692073565767,109.03885739937012
119.90000000001405,1.409071271028955,109.03887517618341
119.91000000001405,1.409073333837418,109.03889294550181
119.92000000001406,1.4090753957824211,109.0389107073293
119.93000000001406,1.4090774568644235,109.03892846166971
119.94000000001407,1.4090795170838792,109.03894620852702
119.95000000001406,1.4090815764412463,109.0389639479051
119.96000000001406,1.4090836349369802,109.03898167980789
119.97000000001407,1.4090856925715358,109.03899940423928
119.98000000001406,1.4090877493453695,109.03901712120314
119.99000000001406,1.4090898052589362,109.03903483070343
120.00000000001407,1.4090918603126898,109.03905253274401
120.01000000001407,1.409093914507086,109.03907022732876
120.02000000001408,1.4090959678425778,109.03908791446163
120.03000000001407,1.4090980203196202,109.03910559414645
120.04000000001407,1.409100071938666,109.03912326638715
120.05000000001408,1.4091021227001688,109.03914093118759
120.06000000001407,1.409104172604581,109.03915858855166
120.07000000001408,1.4091062216523564,109.03917623848324
120.08000000001408,1.409108269843946,109.03919388098622
120.09000000001409,1.409110317179804,109.03921151606444
120.10000000001409,1.4091123636603797,109.03922914372183
120.11000000001408,1.4091144092861265,109.03924676396223
120.12000000001409,1.409116454057495,109.03926437678948
120.13000000001409,1.4091184979749365,109.03928198220748
120.14000000001408,1.4091205410389012,109.03929958022009
120.15000000001409,1.409122583249839,109.03931717083117
120.1600000000141,1.4091246246082012,109.03933475404459
120.1700000000141,1.4091266651144365,109.03935232986417
120.1800000000141,1.409128704768995,109.03936989829381
120.1900000000141,1.4091307435723264,109.03938745933733
120.2000000000141,1.409132781524878,109.03940501299859
120.2100000000141,1.4091348186271007,109.03942255928143
120.2200000000141,1.4091368548794403,109.0394400981897
120.2300000000141,1.4091388902823467,109.03945762972725
120.2400000000141,1.4091409248362672,109.0394751538979
120.25000000001411,1.409142958541649,109.0394926707055
120.26000000001412,1.4091449913989393,109.03951018015388
120.27000000001411,1.409147023408585,109.03952768224688
120.28000000001411,1.4091490545710332,109.03954517698833
120.29000000001412,1.4091510848867297,109.03956266438205
120.30000000001411,1.4091531143561207,109.03958014443185
120.31000000001411,1.4091551429796516,109.0395976171416
120.32000000001412,1.4091571707577684,109.03961508251507
120.33000000001412,1.4091591976909164,109.0396325405561
120.34000000001413,1.4091612237795392,109.03964999126853
120.35000000001412,1.4091632490240833,109.03966743465612
120.36000000001413,1.4091652734249918,109.03968487072272
120.37000000001413,1.409167296982708,109.03970229947214
120.38000000001412,1.4091693196976778,109.03971972090815
120.39000000001413,1.409171341570342,109.0397371350346
120.40000000001413,1.409173362601146,109.03975454185526
120.41000000001414,1.409175382790532,109.03977194137393
120.42000000001414,1.4091774021389423,109.03978933359444
120.43000000001413,1.4091794206468193,109.03980671852052
120.44000000001414,1.4091814383146055,109.03982409615604
120.45000000001414,1.4091834551427418,109.03984146650474
120.46000000001413,1.40918547113167,109.03985882957042
120.47000000001414,1.4091874862818314,109.03987618535686
120.48000000001414,1.4091895005936665,109.03989353386785
120.49000000001415,1.4091915140676166,109.03991087510718
120.50000000001415,1.4091935267041216,109.0399282090786
120.51000000001414,1.4091955385036217,109.03994553578589
120.52000000001415,1.409197549466556,109.03996285523286
120.53000000001416,1.4091995595933653,109.03998016742324
120.54000000001415,1.4092015688844874,109.03999747236081
120.55000000001415,1.4092035773403622,109.04001477004935
120.56000000001416,1.4092055849614271,109.0400320604926
120.57000000001416,1.4092075917481215,109.04004934369435
120.58000000001417,1.4092095977008838,109.04006661965835
120.59000000001416,1.4092116028201507,109.04008388838834
120.60000000001416,1.4092136071063603,109.0401011498881
120.61000000001417,1.4092156105599503,109.04011840416135
120.62000000001416,1.409217613181356,109.04013565121186
120.63000000001416,1.409219614971016,109.04015289104338
120.64000000001417,1.4092216159293656,109.04017012365965
120.65000000001417,1.4092236160568403,109.04018734906441
120.66000000001418,1.4092256153538767,109.04020456726141
120.67000000001417,1.4092276138209108,109.04022177825439
120.68000000001418,1.4092296114583773,109.04023898204707
120.69000000001418,1.4092316082667113,109.0402561786432
120.70000000001417,1.4092336042463471,109.0402733680465
120.71000000001418,1.4092355993977197,109.04029055026069
120.72000000001418,1.409237593721263,109.04030772528952
120.73000000001419,1.4092395872174104,109.04032489313671
120.74000000001419,1.4092415798865963,109.04034205380597
120.75000000001418,1.4092435717292535,109.04035920730102
120.76000000001419,1.4092455627458151,109.04037635362559
120.77000000001419,1.409247552936714,109.0403934927834
120.78000000001418,1.4092495423023828,109.04041062477813
120.79000000001419,1.4092515308432534,109.04042774961353
120.8000000000142,1.4092535185597577,109.04044486729326
120.8100000000142,1.4092555054523277,109.0404619778211
120.8200000000142,1.4092574915213936,109.04047908120067
120.8300000000142,1.409259476767388,109.04049617743574
120.8400000000142,1.409261461190741,109.04051326652998
120.8500000000142,1.4092634447918833,109.04053034848707
120.8600000000142,1.4092654275712448,109.04054742331074
120.8700000000142,1.4092674095292559,109.04056449100466
120.8800000000142,1.409269390666346,109.04058155157252
120.89000000001421,1.409271370982945,109.040598605018
120.90000000001422,1.4092733504794819,109.04061565134481
120.91000000001421,1.409275329156385,109.04063269055663
120.92000000001421,1.4092773070140834,109.04064972265712
120.93000000001422,1.4092792840530055,109.04066674764998
120.94000000001421,1.4092812602735796,109.04068376553886
120.95000000001421,1.4092832356762328,109.04070077632745
120.96000000001422,1.4092852102613929,109.04071778001945
120.97000000001422,1.409287184029487,109.04073477661846
120.98000000001423,1.4092891569809425,109.04075176612821
120.99000000001422,1.409291129116186,109.04076874855235
121.00000000001423,1.4092931004356433,109.04078572389453
121.01000000001423,1.4092950709397414,109.04080269215842
121.02000000001422,1.4092970406289058,109.04081965334767
121.03000000001423,1.4092990095035616,109.04083660746593
121.04000000001423,1.409300977564135,109.0408535545169
121.05000000001424,1.4093029448110508,109.04087049450416
121.06000000001424,1.409304911244734,109.04088742743141
121.07000000001423,1.4093068768656085,109.04090435330228
121.08000000001424,1.4093088416740986,109.04092127212043
121.09000000001424,1.409310805670629,109.04093818388947
121.10000000001423,1.4093127688556224,109.04095508861306
121.11000000001424,1.4093147312295031,109.04097198629485
121.12000000001424,1.4093166927926937,109.04098887693846
121.13000000001425,1.4093186535456173,109.0410057605475
121.14000000001425,1.4093206134886969,109.04102263712565
121.15000000001424,1.4093225726223542,109.04103950667653
121.16000000001425,1.4093245309470117,109.04105636920373
121.17000000001426,1.4093264884630912,109.0410732247109
121.18000000001425,1.409328445171014,109.04109007320167
121.19000000001425,1.409330401071201,109.04110691467963
121.20000000001426,1.4093323561640747,109.04112374914844
121.21000000001426,1.4093343104500546,109.04114057661168
121.22000000001427,1.409336263929561,109.04115739707296
121.23000000001426,1.4093382166030155,109.04117421053594
121.24000000001426,1.4093401684708367,109.04119101700418
121.25000000001427,1.4093421195334443,109.0412078164813
121.26000000001426,1.4093440697912583,109.04122460897091
121.27000000001426,1.4093460192446978,109.0412413944766
121.28000000001427,1.4093479678941812,109.04125817300199
121.29000000001427,1.4093499157401272,109.04127494455065
121.30000000001428,1.4093518627829549,109.04129170912621
121.31000000001427,1.4093538090230813,109.04130846673225
121.32000000001428,1.409355754460925,109.04132521737235
121.33000000001428,1.4093576990969028,109.0413419610501
121.34000000001427,1.4093596429314332,109.04135869776908
121.35000000001428,1.4093615859649316,109.0413754275329
121.36000000001428,1.4093635281978154,109.04139215034513
121.37000000001429,1.4093654696305022,109.04140886620934
121.38000000001429,1.4093674102634066,109.04142557512913
121.39000000001428,1.409369350096945,109.04144227710805
121.40000000001429,1.4093712891315333,109.0414589721497
121.41000000001429,1.4093732273675872,109.0414756602576
121.42000000001428,1.4093751648055213,109.04149234143539
121.43000000001429,1.409377101445751,109.04150901568659
121.4400000000143,1.4093790372886899,109.04152568301478
121.4500000000143,1.4093809723347535,109.04154234342352
121.4600000000143,1.409382906584356,109.04155899691635
121.4700000000143,1.4093848400379096,109.04157564349687
121.4800000000143,1.4093867726958296,109.04159228316861
121.4900000000143,1.4093887045585287,109.04160891593513
121.5000000000143,1.40939063562642,109.04162554179997
121.5100000000143,1.4093925658999162,109.0416421607667
121.5200000000143,1.40939449537943,109.04165877283884
121.53000000001431,1.4093964240653731,109.04167537801996
121.54000000001432,1.4093983519581579,109.04169197631359
121.55000000001431,1.4094002790581963,109.04170856772328
121.56000000001431,1.4094022053658997,109.04172515225255
121.57000000001432,1.4094041308816787,109.04174172990496
121.58000000001431,1.4094060556059456,109.04175830068402
121.59000000001431,1.4094079795391097,109.04177486459328
121.60000000001432,1.4094099026815823,109.04179142163626
121.61000000001432,1.4094118250337737,109.0418079718165
121.62000000001433,1.4094137465960925,109.0418245151375
121.63000000001432,1.4094156673689495,109.04184105160282
121.64000000001433,1.4094175873527537,109.04185758121595
121.65000000001433,1.4094195065479147,109.04187410398043
121.66000000001432,1.409421424954841,109.04189061989976
121.67000000001433,1.4094233425739406,109.04190712897744
121.68000000001433,1.4094252594056231,109.04192363121703
121.69000000001434,1.4094271754502958,109.041940126622
121.70000000001434,1.4094290907083666,109.04195661519589
121.71000000001433,1.4094310051802432,109.04197309694216
121.72000000001434,1.4094329188663335,109.04198957186436
121.73000000001434,1.4094348317670435,109.04200603996598
121.74000000001433,1.4094367438827806,109.0420225012505
121.75000000001434,1.4094386552139508,109.04203895572144
121.76000000001434,1.4094405657609614,109.04205540338228
121.77000000001435,1.4094424755242174,109.0420718442365
121.78000000001435,1.4094443845041251,109.04208827828764
121.79000000001435,1.4094462927010907,109.04210470553915
121.80000000001435,1.4094482001155175,109.04212112599451
121.81000000001436,1.4094501067478122,109.04213753965723
121.82000000001435,1.4094520125983792,109.0421539465308
121.83000000001435,1.4094539176676226,109.04217034661866
121.84000000001436,1.409455821955947,109.0421867399243
121.85000000001436,1.4094577254637564,109.04220312645123
121.86000000001437,1.4094596281914542,109.0422195062029
121.87000000001436,1.4094615301394435,109.04223587918277
121.88000000001436,1.409463431308129,109.04225224539432
121.89000000001437,1.4094653316979124,109.04226860484101
121.90000000001436,1.4094672313091965,109.04228495752633
121.91000000001436,1.4094691301423838,109.04230130345373
121.92000000001437,1.4094710281978773,109.04231764262667
121.93000000001437,1.4094729254760776,109.0423339750486
121.94000000001438,1.4094748219773872,109.04235030072297
121.95000000001437,1.409476717702208,109.04236661965328
121.96000000001438,1.4094786126509402,109.04238293184294
121.97000000001438,1.409480506823985,109.0423992372954
121.98000000001437,1.4094824002217436,109.04241553601415
121.99000000001438,1.4094842928446158,109.04243182800258
122.00000000001438,1.4094861846930022,109.04244811326416
122.01000000001439,1.409488075767302,109.04246439180235
122.02000000001439,1.409489966067916,109.04248066362055
122.03000000001438,1.4094918555952425,109.04249692872224
122.04000000001439,1.4094937443496813,109.04251318711083
122.05000000001439,1.4094956323316314,109.04252943878978
122.06000000001438,1.4094975195414914,109.04254568376247
122.07000000001439,1.4094994059796586,109.04256192203239
122.0800000000144,1.4095012916465326,109.04257815360293
122.0900000000144,1.4095031765425106,109.04259437847752
122.1000000000144,1.4095050606679909,109.04261059665959
122.1100000000144,1.4095069440233698,109.04262680815256
122.1200000000144,1.4095088266090448,109.04264301295984
122.1300000000144,1.4095107084254137,109.04265921108487
122.1400000000144,1.4095125894728726,109.04267540253105
122.1500000000144,1.4095144697518172,109.04269158730177
122.1600000000144,1.4095163492626446,109.0427077654005
122.17000000001441,1.40951822800575,109.04272393683058
122.18000000001442,1.4095201059815305,109.04274010159544
122.19000000001441,1.4095219831903787,109.04275625969852
122.20000000001441,1.4095238596326924,109.04277241114319
122.21000000001442,1.4095257353088653,109.04278855593284
122.22000000001441,1.4095276102192928,109.0428046940709
122.23000000001441,1.4095294843643682,109.04282082556074
122.24000000001442,1.4095313577444866,109.04283695040577
122.25000000001442,1.4095332303600416,109.04285306860938
122.26000000001443,1.4095351022114266,109.04286918017495
122.27000000001442,1.4095369732990353,109.04288528510585
122.28000000001443,1.409538843623261,109.04290138340552
122.29000000001443,1.4095407131844961,109.0429174750773
122.30000000001442,1.4095425819831342,109.0429335601246
122.31000000001443,1.4095444500195662,109.04294963855075
122.32000000001443,1.4095463172941851,109.04296571035921
122.33000000001444,1.4095481838073842,109.04298177555326
122.34000000001444,1.4095500495595532,109.04299783413634
122.35000000001443,1.4095519145510842,109.04301388611181
122.36000000001444,1.4095537787823686,109.04302993148302
122.37000000001444,1.409555642253797,109.04304597025336
122.38000000001443,1.4095575049657603,109.04306200242617
122.39000000001444,1.409559366918649,109.04307802800484
122.40000000001444,1.4095612281128533,109.0430940469927
122.41000000001445,1.4095630885487629,109.04311005939314
122.42000000001445,1.4095649482267678,109.0431260652095
122.43000000001445,1.4095668071472576,109.04314206444514
122.44000000001445,1.409568665310621,109.04315805710341
122.45000000001446,1.4095705227172468,109.04317404318766
122.46000000001445,1.4095723793675257,109.04319002270125
122.47000000001445,1.4095742352618434,109.04320599564751
122.48000000001446,1.4095760904005905,109.0432219620298
122.49000000001446,1.4095779447841537,109.04323792185144
122.50000000001447,1.4095797984129212,109.04325387511581
122.51000000001446,1.4095816512872803,109.0432698218262
122.52000000001446,1.4095835034076185,109.04328576198598
122.53000000001447,1.4095853547743222,109.04330169559849
122.54000000001446,1.409587205387779,109.04331762266703
122.55000000001446,1.4095890552483756,109.04333354319498
122.56000000001447,1.4095909043564971,109.0433494571856
122.57000000001447,1.4095927527125305,109.04336536464227
122.58000000001448,1.409594600316862,109.0433812655683
122.59000000001447,1.409596447169877,109.04339715996701
122.60000000001448,1.4095982932719593,109.04341304784172
122.61000000001448,1.4096001386234953,109.04342892919574
122.62000000001447,1.4096019832248705,109.0434448040324
122.63000000001448,1.4096038270764686,109.04346067235502
122.64000000001448,1.4096056701786734,109.04347653416691
122.65000000001449,1.409607512531871,109.04349238947135
122.66000000001449,1.4096093541364432,109.04350823827168
122.67000000001448,1.4096111949927748,109.04352408057122
122.68000000001449,1.4096130351012492,109.04353991637323
122.69000000001449,1.4096148744622488,109.04355574568103
122.70000000001448,1.4096167130761568,109.04357156849794
122.71000000001449,1.409618550943357,109.04358738482723
122.7200000000145,1.4096203880642304,109.04360319467222
122.7300000000145,1.40962222443916,109.04361899803618
122.7400000000145,1.4096240600685275,109.04363479492243
122.7500000000145,1.409625894952715,109.04365058533423
122.7600000000145,1.4096277290921038,109.04366636927489
122.7700000000145,1.4096295624870745,109.0436821467477
122.7800000000145,1.409631395138009,109.04369791775594
122.7900000000145,1.4096332270452876,109.04371368230287
122.8000000000145,1.4096350582092911,109.04372944039179
122.81000000001451,1.4096368886303998,109.04374519202598
122.82000000001452,1.409638718308994,109.04376093720872
122.83000000001451,1.4096405472454534,109.04377667594325
122.84000000001451,1.4096423754401566,109.04379240823289
122.85000000001452,1.4096442028934844,109.04380813408088
122.86000000001451,1.4096460296058149,109.04382385349051
122.87000000001451,1.4096478555775278,109.04383956646502
122.88000000001452,1.4096496808090009,109.0438552730077
122.89000000001452,1.409651505300614,109.04387097312178
122.90000000001453,1.4096533290527429,109.04388666681056
122.91000000001452,1.409655152065768,109.04390235407728
122.92000000001453,1.409656974340066,109.04391803492518
122.93000000001453,1.409658795876014,109.04393370935755
122.94000000001452,1.4096606166739891,109.04394937737761
122.95000000001453,1.4096624367343695,109.04396503898863
122.96000000001453,1.4096642560575308,109.04398069419385
122.97000000001454,1.40966607464385,109.04399634299651
122.98000000001454,1.4096678924937038,109.04401198539988
122.99000000001453,1.4096697096074675,109.04402762140717
123.00000000001454,1.409671525985517,109.04404325102165
123.01000000001454,1.409673341628228,109.04405887424653
123.02000000001453,1.4096751565359764,109.04407449108508
123.03000000001454,1.4096769707091368,109.04409010154052
123.04000000001454,1.4096787841480838,109.04410570561606
123.05000000001455,1.4096805968531925,109.04412130331497
123.06000000001455,1.4096824088248372,109.04413689464046
123.07000000001455,1.4096842200633923,109.04415247959574
123.08000000001455,1.4096860305692311,109.04416805818407
123.09000000001456,1.4096878403427282,109.04418363040864
123.10000000001455,1.4096896493842568,109.0441991962727
123.11000000001455,1.4096914576941892,109.04421475577945
123.12000000001456,1.4096932652729,109.04423030893211
123.13000000001456,1.4096950721207608,109.0442458557339
123.14000000001457,1.4096968782381452,109.04426139618805
123.15000000001456,1.409698683625424,109.04427693029774
123.16000000001456,1.4097004882829702,109.0442924580662
123.17000000001457,1.4097022922111566,109.04430797949661
123.18000000001456,1.4097040954103528,109.0443234945922
123.19000000001456,1.409705897880932,109.04433900335619
123.20000000001457,1.409707699623264,109.04435450579176
123.21000000001457,1.4097095006377205,109.04437000190208
123.22000000001458,1.4097113009246727,109.0443854916904
123.23000000001457,1.4097131004844896,109.04440097515992
123.24000000001458,1.4097148993175428,109.04441645231377
123.25000000001458,1.4097166974242012,109.0444319231552
123.26000000001457,1.4097184948048358,109.04444738768738
123.27000000001458,1.409720291459815,109.04446284591351
123.28000000001458,1.4097220873895084,109.04447829783675
123.29000000001459,1.4097238825942864,109.04449374346031
123.30000000001459,1.4097256770745163,109.04450918278737
123.31000000001458,1.4097274708305672,109.04452461582108
123.32000000001459,1.4097292638628076,109.04454004256465
123.33000000001459,1.4097310561716052,109.04455546302125
123.34000000001458,1.409732847757329,109.04457087719406
123.35000000001459,1.4097346386203458,109.04458628508624
123.3600000000146,1.409736428761023,109.04460168670097
123.3700000000146,1.4097382181797289,109.04461708204141
123.3800000000146,1.4097400068768295,109.04463247111075
123.3900000000146,1.409741794852692,109.04464785391212
123.4000000000146,1.409743582107683,109.04466323044872
123.4100000000146,1.4097453686421684,109.04467860072369
123.4200000000146,1.4097471544565154,109.04469396474019
123.4300000000146,1.409748939551089,109.04470932250138
123.4400000000146,1.4097507239262552,109.0447246740104
123.45000000001461,1.4097525075823791,109.04474001927045
123.46000000001462,1.4097542905198257,109.04475535828463
123.47000000001461,1.4097560727389613,109.04477069105612
123.48000000001461,1.4097578542401492,109.04478601758805
123.49000000001462,1.4097596350237551,109.0448013378836
123.50000000001461,1.4097614150901425,109.04481665194587
123.51000000001461,1.4097631944396758,109.04483195977802
123.52000000001462,1.4097649730727186,109.0448472613832
123.53000000001462,1.4097667509896348,109.04486255676456
123.54000000001463,1.4097685281907877,109.04487784592519
123.55000000001462,1.4097703046765409,109.04489312886827
123.56000000001463,1.4097720804472569,109.04490840559691
123.57000000001463,1.4097738555032977,109.04492367611427
123.58000000001462,1.409775629845028,109.0449389404234
123.59000000001463,1.4097774034728079,109.04495419852755
123.60000000001463,1.4097791763869998,109.04496945042975
123.61000000001464,1.4097809485879667,109.04498469613314
123.62000000001464,1.4097827200760698,109.04499993564087
123.63000000001463,1.4097844908516697,109.04501516895604
123.64000000001464,1.409786260915128,109.04503039608178
123.65000000001464,1.4097880302668055,109.04504561702119
123.66000000001463,1.4097897989070636,109.04506083177739
123.67000000001464,1.4097915668362624,109.04507604035349
123.68000000001464,1.409793334054762,109.04509124275262
123.69000000001465,1.4097951005629226,109.04510643897787
123.70000000001465,1.4097968663611038,109.04512162903235
123.71000000001465,1.409798631449665,109.04513681291915
123.72000000001465,1.4098003958289669,109.04515199064141
123.73000000001466,1.409802159499367,109.04516716220219
123.74000000001465,1.409803922461225,109.04518232760462
123.75000000001465,1.4098056847149,109.04519748685178
123.76000000001466,1.4098074462607502,109.04521263994677
123.77000000001466,1.4098092070991328,109.0452277868927
123.78000000001467,1.4098109672304078,109.04524292769261
123.79000000001466,1.4098127266549312,109.04525806234965
123.80000000001466,1.4098144853730616,109.0452731908669
123.81000000001467,1.4098162433851562,109.0452883132474
123.82000000001466,1.4098180006915724,109.04530342949427
123.83000000001466,1.4098197572926667,109.0453185396106
123.84000000001467,1.4098215131887961,109.04533364359945
123.85000000001467,1.409823268380317,109.0453487414639
123.86000000001468,1.4098250228675857,109.04536383320703
123.87000000001467,1.4098267766509585,109.04537891883193
123.88000000001468,1.4098285297307909,109.04539399834167
123.89000000001468,1.4098302821074382,109.0454090717393
123.90000000001467,1.4098320337812575,109.04542413902789
123.91000000001468,1.4098337847526017,109.04543920021052
123.92000000001468,1.409835535021827,109.04545425529028
123.93000000001469,1.4098372845892884,109.0454693042702
123.94000000001469,1.4098390334553392,109.04548434715336
123.95000000001468,1.4098407816203353,109.0454993839428
123.96000000001469,1.4098425290846295,109.04551441464159
123.97000000001469,1.4098442758485763,109.04552943925279
123.98000000001468,1.4098460219125293,109.04554445777944
123.99000000001469,1.4098477672768415,109.04555947022462
124.0000000000147,1.4098495119418673,109.04557447659137
124.0100000000147,1.4098512559079583,109.04558947688272
124.0200000000147,1.409852999175468,109.04560447110174
124.0300000000147,1.409854741744749,109.04561945925148
124.0400000000147,1.4098564836161527,109.04563444133497
124.0500000000147,1.4098582247900326,109.04564941735524
124.0600000000147,1.40985996526674,109.04566438731534
124.0700000000147,1.4098617050466267,109.04567935121834
124.0800000000147,1.4098634441300442,109.04569430906723
124.09000000001471,1.4098651825173436,109.04570926086505
124.10000000001472,1.4098669202088767,109.04572420661488
124.11000000001471,1.4098686572049928,109.04573914631969
124.12000000001471,1.4098703935060435,109.04575407998256
124.13000000001472,1.4098721291123795,109.04576900760648
124.14000000001471,1.40987386402435,109.0457839291945
124.15000000001471,1.4098755982423057,109.04579884474964
124.16000000001472,1.4098773317665967,109.0458137542749
124.17000000001472,1.4098790645975714,109.04582865777333
124.18000000001473,1.4098807967355798,109.04584355524793
124.19000000001472,1.4098825281809715,109.04585844670173
124.20000000001473,1.4098842589340945,109.04587333213772
124.21000000001473,1.4098859889952986,109.04588821155893
124.22000000001472,1.4098877183649312,109.04590308496839
124.23000000001473,1.4098894470433403,109.04591795236907
124.24000000001473,1.4098911750308747,109.04593281376401
124.25000000001474,1.4098929023278823,109.0459476691562
124.26000000001474,1.4098946289347105,109.04596251854863
124.27000000001473,1.4098963548517065,109.04597736194434
124.28000000001474,1.4098980800792176,109.04599219934632
124.29000000001474,1.4098998046175908,109.04600703075754
124.30000000001473,1.4099015284671728,109.04602185618103
124.31000000001474,1.4099032516283108,109.04603667561976
124.32000000001474,1.4099049741013505,109.04605148907673
124.33000000001475,1.4099066958866373,109.04606629655494
124.34000000001475,1.4099084169845186,109.04608109805739
124.35000000001475,1.4099101373953387,109.04609589358704
124.36000000001475,1.4099118571194444,109.04611068314688
124.37000000001476,1.4099135761571797,109.04612546673991
124.38000000001475,1.4099152945088913,109.0461402443691
124.39000000001475,1.4099170121749223,109.04615501603745
124.40000000001476,1.409918729155618,109.04616978174792
124.41000000001476,1.409920445451323,109.0461845415035
124.42000000001477,1.4099221610623818,109.04619929530713
124.43000000001476,1.4099238759891375,109.04621404316184
124.44000000001476,1.4099255902319348,109.04622878507055
124.45000000001477,1.4099273037911162,109.04624352103629
124.46000000001476,1.4099290166670264,109.04625825106196
124.47000000001476,1.4099307288600083,109.04627297515056
124.48000000001477,1.4099324403704034,109.04628769330506
124.49000000001477,1.4099341511985564,109.04630240552841
124.50000000001478,1.4099358613448085,109.04631711182358
124.51000000001477,1.409937570809503,109.04633181219353
124.52000000001478,1.4099392795929808,109.04634650664121
124.53000000001478,1.4099409876955844,109.04636119516958
124.54000000001477,1.4099426951176561,109.04637587778161
124.55000000001478,1.4099444018595366,109.04639055448021
124.56000000001478,1.4099461079215672,109.04640522526837
124.57000000001479,1.40994781330409,109.04641989014902
124.58000000001479,1.409949518007444,109.04643454912512
124.59000000001478,1.409951222031971,109.04644920219963
124.60000000001479,1.4099529253780116,109.04646384937544
124.6100000000148,1.4099546280459057,109.04647849065553
124.62000000001478,1.4099563300359936,109.04649312604285
124.63000000001479,1.4099580313486142,109.04650775554029
124.6400000000148,1.4099597319841086,109.04652237915086
124.6500000000148,1.4099614319428146,109.04653699687742
124.6600000000148,1.4099631312250727,109.04655160872296
124.6700000000148,1.4099648298312213,109.04656621469039
124.6800000000148,1.4099665277615991,109.04658081478262
124.6900000000148,1.4099682250165446,109.04659540900259
124.7000000000148,1.4099699215963968,109.04660999735326
124.7100000000148,1.4099716175014936,109.0466245798375
124.7200000000148,1.409973312732172,109.04663915645827
124.73000000001481,1.409975007288771,109.04665372721848
124.74000000001482,1.409976701171627,109.04666829212105
124.75000000001481,1.4099783943810786,109.0466828511689
124.76000000001481,1.4099800869174623,109.04669740436492
124.77000000001482,1.4099817787811144,109.04671195171208
124.78000000001481,1.4099834699723728,109.04672649321324
124.79000000001481,1.4099851604915727,109.04674102887132
124.80000000001482,1.409986850339052,109.04675555868926
124.81000000001482,1.4099885395151455,109.04677008266992
124.82000000001483,1.4099902280201895,109.04678460081625
124.83000000001482,1.4099919158545193,109.04679911313112
124.84000000001483,1.4099936030184714,109.04681361961744
124.85000000001483,1.4099952895123802,109.04682812027812
124.86000000001482,1.4099969753365806,109.04684261511606
124.87000000001483,1.4099986604914085,109.04685710413415
124.88000000001483,1.4100003449771972,109.04687158733527
124.89000000001484,1.410002028794283,109.04688606472234
124.90000000001484,1.410003711942998,109.04690053629822
124.91000000001483,1.410005394423678,109.04691500206584
124.92000000001484,1.4100070762366557,109.04692946202807
124.93000000001484,1.4100087573822653,109.04694391618779
124.94000000001483,1.41001043786084,109.04695836454789
124.95000000001484,1.4100121176727132,109.04697280711125
124.96000000001484,1.4100137968182183,109.04698724388074
124.97000000001485,1.4100154752976868,109.04700167485926
124.98000000001485,1.4100171531114525,109.04701610004969
124.99000000001485,1.4100188302598482,109.04703051945488
125.00000000001485,1.4100205067432052,109.04704493307773
125.01000000001486,1.4100221825618557,109.04705934092108
125.02000000001485,1.4100238577161317,109.04707374298785
125.03000000001485,1.4100255322063646,109.04708813928087
125.04000000001486,1.410027206032886,109.04710252980304
125.05000000001486,1.4100288791960272,109.04711691455718
125.06000000001487,1.4100305516961187,109.04713129354619
125.07000000001486,1.4100322235334923,109.04714566677292
125.08000000001486,1.4100338947084774,109.04716003424024
125.09000000001487,1.4100355652214052,109.047174395951
125.10000000001486,1.410037235072606,109.04718875190805
125.11000000001486,1.4100389042624086,109.04720310211427
125.12000000001487,1.4100405727911447,109.04721744657249
125.13000000001487,1.4100422406591424,109.04723178528558
125.14000000001488,1.410043907866732,109.04724611825637
125.15000000001487,1.4100455744142417,109.04726044548772
125.16000000001488,1.410047240302002,109.04727476698248
125.17000000001488,1.4100489055303402,109.0472890827435
125.18000000001487,1.4100505700995856,109.04730339277363
125.19000000001488,1.4100522340100663,109.04731769707568
125.20000000001488,1.4100538972621108,109.04733199565253
125.21000000001489,1.4100555598560471,109.04734628850697
125.22000000001489,1.4100572217922032,109.04736057564187
125.23000000001488,1.4100588830709058,109.04737485706008
125.24000000001489,1.4100605436924838,109.0473891327644
125.2500000000149,1.410062203657263,109.04740340275768
125.26000000001488,1.4100638629655706,109.04741766704277
125.27000000001489,1.4100655216177342,109.04743192562245
125.2800000000149,1.4100671796140802,109.04744617849956
125.2900000000149,1.4100688369549346,109.04746042567696
125.3000000000149,1.410070493640624,109.04747466715745
125.3100000000149,1.4100721496714734,109.04748890294385
125.3200000000149,1.4100738050478105,109.04750313303899
125.3300000000149,1.4100754597699592,109.04751735744566
125.3400000000149,1.410077113838246,109.04753157616672
125.3500000000149,1.4100787672529953,109.04754578920496
125.3600000000149,1.4100804200145325,109.04755999656321
125.37000000001491,1.4100820721231828,109.04757419824425
125.38000000001492,1.4100837235792703,109.04758839425094
125.39000000001491,1.4100853743831194,109.04760258458603
125.40000000001491,1.410087024535055,109.04761676925237
125.41000000001492,1.4100886740354008,109.04763094825275
125.42000000001491,1.41009032288448,109.04764512158997
125.43000000001491,1.4100919710826172,109.04765928926685
125.44000000001492,1.4100936186301354,109.04767345128616
125.45000000001492,1.4100952655273582,109.04768760765072
125.46000000001493,1.410096911774608,109.04770175836333
125.47000000001492,1.4100985573722082,109.04771590342678
125.48000000001493,1.4101002023204816,109.04773004284387
125.49000000001493,1.4101018466197501,109.04774417661737
125.50000000001492,1.4101034902703367,109.0477583047501
125.51000000001493,1.410105133272563,109.04777242724481
125.52000000001493,1.4101067756267505,109.04778654410433
125.53000000001494,1.4101084173332212,109.04780065533143
125.54000000001494,1.4101100583922976,109.04781476092887
125.55000000001493,1.4101116988042997,109.04782886089947
125.56000000001494,1.4101133385695492,109.04784295524598
125.57000000001494,1.410114977688367,109.0478570439712
125.58000000001493,1.4101166161610736,109.04787112707791
125.59000000001494,1.4101182539879897,109.04788520456886
125.60000000001494,1.4101198911694355,109.04789927644684
125.61000000001495,1.4101215277057317,109.04791334271462
125.62000000001495,1.4101231635971974,109.04792740337498
125.63000000001495,1.4101247988441532,109.04794145843067
125.64000000001495,1.4101264334469175,109.04795550788448
125.65000000001496,1.4101280674058108,109.04796955173916
125.66000000001495,1.4101297007211517,109.04798358999749
125.67000000001495,1.41013133339326,109.0479976226622
125.68000000001496,1.410132965422453,109.04801164973608
125.69000000001496,1.4101345968090506,109.04802567122188
125.70000000001497,1.4101362275533702,109.04803968712237
125.71000000001496,1.4101378576557313,109.04805369744028
125.72000000001496,1.410139487116451,109.04806770217839
125.73000000001497,1.4101411159358466,109.04808170133944
125.74000000001496,1.4101427441142373,109.04809569492618
125.75000000001496,1.4101443716519393,109.04810968294136
125.76000000001497,1.41014599854927,109.04812366538773
125.77000000001497,1.4101476248065474,109.04813764226805
125.78000000001498,1.4101492504240871,109.04815161358503
125.79000000001497,1.410150875402206,109.04816557934146
125.80000000001498,1.410152499741222,109.04817953954003
125.81000000001498,1.4101541234414496,109.04819349418352
125.82000000001497,1.410155746503206,109.04820744327465
125.83000000001498,1.410157368926806,109.04822138681617
125.84000000001498,1.4101589907125665,109.04823532481079
125.85000000001499,1.4101606118608032,109.04824925726129
125.86000000001499,1.4101622323718304,109.04826318417034
125.87000000001498,1.4101638522459636,109.0482771055407
125.88000000001499,1.4101654714835172,109.04829102137512
125.890000000015,1.4101670900848082,109.0483049316763
125.90000000001498,1.4101687080501488,109.04831883644697
125.91000000001499,1.410170325379854,109.04833273568985
125.920000000015,1.4101719420742385,109.04834662940767
125.930000000015,1.4101735581336161,109.04836051760317
125.940000000015,1.4101751735583004,109.04837440027902
125.950000000015,1.4101767883486054,109.04838827743798
125.960000000015,1.4101784025048445,109.04840214908273
125.970000000015,1.4101800160273303,109.04841601521602
125.980000000015,1.4101816289163764,109.04842987584054
125.990000000015,1.4101832411722963,109.04844373095902
126.000000000015,1.4101848527954015,109.04845758057415
126.01000000001501,1.4101864637860049,109.04847142468866
126.02000000001502,1.41018807414442,109.04848526330522
126.03000000001501,1.4101896838709571,109.04849909642657
126.04000000001501,1.4101912929659295,109.04851292405539
126.05000000001502,1.4101929014296477,109.0485267461944
126.06000000001501,1.4101945092624244,109.04854056284627
126.07000000001501,1.4101961164645704,109.04855437401373
126.08000000001502,1.4101977230363973,109.04856817969947
126.09000000001502,1.4101993289782158,109.04858197990617
126.10000000001503,1.4102009342903368,109.04859577463655
126.11000000001502,1.410202538973071,109.04860956389327
126.12000000001503,1.4102041430267283,109.04862334767904
126.13000000001503,1.4102057464516196,109.04863712599655
126.14000000001502,1.4102073492480547,109.04865089884846
126.15000000001503,1.4102089514163436,109.04866466623751
126.16000000001503,1.410210552956796,109.04867842816634
126.17000000001504,1.4102121538697217,109.04869218463763
126.18000000001504,1.4102137541554294,109.0487059356541
126.19000000001503,1.4102153538142286,109.04871968121837
126.20000000001504,1.410216952846428,109.04873342133317
126.21000000001504,1.4102185512523369,109.04874715600116
126.22000000001503,1.4102201490322632,109.048760885225
126.23000000001504,1.4102217461865159,109.04877460900738
126.24000000001504,1.4102233427154027,109.04878832735098
126.25000000001505,1.4102249386192323,109.04880204025844
126.26000000001505,1.4102265338983118,109.04881574773243
126.27000000001505,1.4102281285529492,109.04882944977565
126.28000000001505,1.4102297225834517,109.04884314639075
126.29000000001506,1.4102313159901274,109.04885683758039
126.30000000001505,1.4102329087732823,109.04887052334723
126.31000000001505,1.4102345009332244,109.04888420369393
126.32000000001506,1.4102360924702593,109.04889787862315
126.33000000001506,1.410237683384695,109.04891154813755
126.34000000001507,1.4102392736768363,109.04892521223978
126.35000000001506,1.41024086334699,109.0489388709325
126.36000000001506,1.410242452395463,109.04895252421838
126.37000000001507,1.4102440408225596,109.04896617210002
126.38000000001506,1.4102456286285865,109.04897981458014
126.39000000001506,1.4102472158138486,109.04899345166133
126.40000000001507,1.4102488023786517,109.04900708334625
126.41000000001507,1.4102503883233004,109.04902070963755
126.42000000001508,1.4102519736480992,109.04903433053788
126.43000000001507,1.4102535583533549,109.0490479460499
126.44000000001508,1.4102551424393694,109.0490615561762
126.45000000001508,1.4102567259064485,109.04907516091944
126.46000000001507,1.4102583087548957,109.04908876028227
126.47000000001508,1.410259890985015,109.04910235426733
126.48000000001508,1.4102614725971114,109.04911594287724
126.49000000001509,1.4102630535914877,109.04912952611463
126.50000000001509,1.4102646339684475,109.04914310398212
126.51000000001508,1.4102662137282933,109.04915667648237
126.52000000001509,1.4102677928713283,109.049170243618
126.5300000000151,1.4102693713978565,109.04918380539162
126.54000000001508,1.41027094930818,109.04919736180587
126.55000000001509,1.4102725266026013,109.04921091286337
126.5600000000151,1.4102741032814228,109.04922445856673
126.5700000000151,1.4102756793449465,109.04923799891858
126.5800000000151,1.4102772547934745,109.04925153392155
126.5900000000151,1.4102788296273088,109.04926506357823
126.6000000000151,1.4102804038467507,109.04927858789128
126.6100000000151,1.410281977452102,109.04929210686326
126.6200000000151,1.4102835504436642,109.04930562049681
126.6300000000151,1.4102851228217368,109.04931912879455
126.6400000000151,1.4102866945866233,109.04933263175907
126.65000000001511,1.4102882657386222,109.049346129393
126.66000000001512,1.4102898362780354,109.04935962169893
126.67000000001511,1.4102914062051628,109.04937310867945
126.68000000001511,1.410292975520304,109.04938659033719
126.69000000001512,1.4102945442237602,109.04940006667475
126.70000000001511,1.4102961123158302,109.04941353769473
126.71000000001511,1.4102976797968143,109.0494270033997
126.72000000001512,1.4102992466670117,109.04944046379231
126.73000000001512,1.4103008129267216,109.0494539188751
126.74000000001513,1.4103023785762436,109.04946736865071
126.75000000001512,1.4103039436158764,109.0494808131217
126.76000000001513,1.410305508045918,109.04949425229069
126.77000000001513,1.4103070718666681,109.04950768616024
126.78000000001512,1.4103086350784253,109.04952111473297
126.79000000001513,1.4103101976814862,109.04953453801143
126.80000000001513,1.4103117596761505,109.04954795599822
126.81000000001514,1.4103133210627152,109.04956136869595
126.82000000001514,1.410314881841478,109.04957477610716
126.83000000001513,1.410316442012737,109.04958817823446
126.84000000001514,1.4103180015767893,109.04960157508043
126.85000000001514,1.4103195605339314,109.04961496664764
126.86000000001513,1.4103211188844613,109.04962835293865
126.87000000001514,1.4103226766286752,109.04964173395607
126.88000000001514,1.41032423376687,109.04965510970244
126.89000000001515,1.4103257902993422,109.04966848018033
126.90000000001515,1.4103273462263874,109.04968184539233
126.91000000001515,1.4103289015483023,109.04969520534102
126.92000000001515,1.4103304562653827,109.04970856002895
126.93000000001516,1.4103320103779244,109.04972190945867
126.94000000001515,1.4103335638862233,109.04973525363278
126.95000000001515,1.4103351167905744,109.04974859255381
126.96000000001516,1.4103366690912722,109.04976192622433
126.97000000001516,1.4103382207886135,109.04977525464692
126.98000000001517,1.410339771882892,109.0497885778241
126.99000000001516,1.4103413223744021,109.04980189575846
127.00000000001516,1.4103428722634388,109.04981520845256
127.01000000001517,1.4103444215502963,109.04982851590893
127.02000000001516,1.41034597023527,109.04984181813012
127.03000000001516,1.410347518318652,109.0498551151187
127.04000000001517,1.410349065800737,109.0498684068772
127.05000000001517,1.4103506126818184,109.0498816934082
127.06000000001518,1.4103521589621903,109.0498949747142
127.07000000001517,1.410353704642145,109.0499082507978
127.08000000001518,1.4103552497219765,109.04992152166149
127.09000000001518,1.4103567942019768,109.04993478730785
127.10000000001517,1.4103583380824398,109.04994804773938
127.11000000001518,1.4103598813636575,109.04996130295866
127.12000000001518,1.4103614240459226,109.04997455296824
127.13000000001519,1.4103629661295267,109.04998779777058
127.14000000001519,1.4103645076147622,109.0500010373683
127.15000000001518,1.4103660485019214,109.05001427176387
127.16000000001519,1.4103675887912956,109.05002750095986
127.1700000000152,1.410369128483177,109.05004072495879
127.18000000001518,1.4103706675778556,109.05005394376319
127.19000000001519,1.4103722060756243,109.05006715737557
127.2000000000152,1.4103737439767725,109.05008036579848
127.2100000000152,1.4103752812815928,109.05009356903442
127.2200000000152,1.410376817990374,109.05010676708594
127.2300000000152,1.4103783541034076,109.05011995995555
127.2400000000152,1.4103798896209847,109.05013314764575
127.2500000000152,1.4103814245433945,109.05014633015908
127.2600000000152,1.4103829588709274,109.05015950749807
127.2700000000152,1.4103844926038724,109.0501726796652
127.2800000000152,1.41038602574252,109.05018584666301
127.29000000001521,1.4103875582871592,109.050199008494
127.30000000001522,1.4103890902380802,109.05021216516069
127.31000000001521,1.4103906215955715,109.05022531666559
127.32000000001521,1.4103921523599223,109.05023846301118
127.33000000001522,1.4103936825314203,109.05025160420001
127.34000000001521,1.4103952121103551,109.05026474023455
127.35000000001521,1.4103967410970153,109.05027787111734
127.36000000001522,1.410398269491689,109.05029099685086
127.37000000001522,1.4103997972946647,109.0503041174376
127.38000000001523,1.4104013245062295,109.05031723288008
127.39000000001522,1.4104028511266717,109.05033034318079
127.40000000001523,1.4104043771562789,109.05034344834222
127.41000000001523,1.410405902595338,109.05035654836686
127.42000000001522,1.4104074274441372,109.05036964325724
127.43000000001523,1.410408951702963,109.05038273301582
127.44000000001523,1.4104104753721016,109.0503958176451
127.45000000001524,1.410411998451841,109.05040889714755
127.46000000001524,1.4104135209424677,109.0504219715257
127.47000000001523,1.4104150428442672,109.05043504078199
127.48000000001524,1.4104165641575266,109.05044810491893
127.49000000001524,1.4104180848825316,109.050461163939
127.50000000001523,1.4104196050195683,109.05047421784471
127.51000000001524,1.410421124568922,109.05048726663848
127.52000000001524,1.4104226435308789,109.05050031032282
127.53000000001525,1.4104241619057236,109.05051334890022
127.54000000001525,1.4104256796937422,109.05052638237315
127.55000000001525,1.4104271968952191,109.05053941074408
127.56000000001525,1.4104287135104396,109.05055243401549
127.57000000001526,1.410430229539688,109.05056545218982
127.58000000001525,1.4104317449832495,109.0505784652696
127.59000000001525,1.4104332598414073,109.05059147325724
127.60000000001526,1.4104347741144472,109.05060447615526
127.61000000001526,1.4104362878026522,109.05061747396607
127.62000000001527,1.410437800906306,109.05063046669218
127.63000000001526,1.4104393134256938,109.05064345433604
127.64000000001526,1.410440825361097,109.05065643690013
127.65000000001527,1.4104423367128003,109.05066941438686
127.66000000001526,1.4104438474810872,109.05068238679873
127.67000000001526,1.4104453576662392,109.05069535413818
127.68000000001527,1.4104468672685413,109.0507083164077
127.69000000001527,1.410448376288275,109.0507212736097
127.70000000001528,1.4104498847257223,109.05073422574665
127.71000000001527,1.410451392581166,109.05074717282102
127.72000000001528,1.4104528998548889,109.05076011483524
127.73000000001528,1.4104544065471734,109.05077305179177
127.74000000001527,1.4104559126582994,109.05078598369303
127.75000000001528,1.4104574181885512,109.0507989105415
127.76000000001528,1.4104589231382079,109.05081183233963
127.77000000001529,1.4104604275075514,109.05082474908984
127.78000000001529,1.4104619312968651,109.05083766079457
127.79000000001528,1.4104634345064277,109.05085056745627
127.80000000001529,1.4104649371365203,109.05086346907738
127.8100000000153,1.4104664391874246,109.05087636566036
127.82000000001528,1.4104679406594205,109.05088925720761
127.83000000001529,1.4104694415527885,109.05090214372159
127.8400000000153,1.410470941867809,109.0509150252047
127.8500000000153,1.4104724416047616,109.05092790165942
127.8600000000153,1.410473940763927,109.05094077308814
127.8700000000153,1.4104754393455836,109.05095363949331
127.8800000000153,1.4104769373500128,109.05096650087735
127.8900000000153,1.4104784347774921,109.0509793572427
127.9000000000153,1.4104799316283019,109.05099220859178
127.9100000000153,1.4104814279027211,109.051005054927
127.9200000000153,1.4104829236010288,109.0510178962508
127.93000000001531,1.4104844187235022,109.05103073256558
127.94000000001532,1.4104859132704217,109.05104356387378
127.95000000001531,1.4104874072420648,109.0510563901778
127.96000000001531,1.4104889006387102,109.0510692114801
127.97000000001532,1.410490393460636,109.05108202778304
127.98000000001531,1.4104918857081197,109.05109483908906
127.99000000001531,1.4104933773814388,109.05110764540058
128.00000000001532,1.4104948684808722,109.05112044671999
128.01000000001534,1.4104963590066955,109.05113324304972
128.02000000001533,1.4104978489591873,109.05114603439216
128.03000000001532,1.4104993383386244,109.05115882074973
128.0400000000153,1.4105008271452832,109.05117160212485
128.05000000001533,1.4105023153794416,109.05118437851989
128.06000000001532,1.4105038030413748,109.05119714993728
128.07000000001534,1.4105052901313602,109.0512099163794
128.08000000001533,1.4105067766496735,109.05122267784868
128.09000000001532,1.4105082625965915,109.0512354343475
128.10000000001534,1.4105097479723898,109.05124818587825
128.11000000001533,1.4105112327773448,109.05126093244336
128.12000000001535,1.4105127170117304,109.05127367404516
128.13000000001534,1.4105142006758236,109.0512864106861
128.14000000001533,1.4105156837698993,109.05129914236855
128.15000000001532,1.4105171662942328,109.05131186909493
128.16000000001534,1.4105186482490988,109.0513245908676
128.17000000001536,1.4105201296347727,109.05133730768893
128.18000000001535,1.4105216104515284,109.05135001956133
128.19000000001535,1.4105230906996402,109.05136272648718
128.20000000001534,1.4105245703793836,109.05137542846889
128.21000000001536,1.410526049491032,109.0513881255088
128.22000000001535,1.4105275280348597,109.05140081760932
128.23000000001537,1.4105290060111406,109.05141350477282
128.24000000001536,1.4105304834201475,109.0514261870017
128.25000000001535,1.410531960262155,109.05143886429829
128.26000000001537,1.4105334365374362,109.051451536665
128.27000000001536,1.4105349122462643,109.05146420410418
128.28000000001538,1.4105363873889127,109.05147686661823
128.29000000001537,1.410537861965653,109.05148952420952
128.30000000001536,1.4105393359767595,109.05150217688039
128.31000000001535,1.410540809422504,109.05151482463324
128.32000000001537,1.410542282303159,109.05152746747041
128.3300000000154,1.4105437546189965,109.05154010539428
128.34000000001538,1.4105452263702887,109.05155273840724
128.35000000001537,1.4105466975573082,109.05156536651161
128.36000000001536,1.4105481681803262,109.05157798970977
128.37000000001538,1.4105496382396145,109.05159060800408
128.38000000001537,1.410551107735444,109.05160322139692
128.3900000000154,1.4105525766680875,109.05161582989061
128.40000000001538,1.4105540450378136,109.05162843348752
128.41000000001537,1.4105555128448957,109.05164103219002
128.4200000000154,1.4105569800896036,109.05165362600046
128.43000000001538,1.4105584467722079,109.05166621492118
128.4400000000154,1.410559912892979,109.05167879895453
128.4500000000154,1.4105613784521882,109.05169137810286
128.46000000001538,1.4105628434501043,109.05170395236853
128.47000000001538,1.4105643078869978,109.05171652175387
128.4800000000154,1.4105657717631397,109.05172908626126
128.4900000000154,1.4105672350787986,109.05174164589302
128.5000000000154,1.4105686978342438,109.05175420065147
128.5100000000154,1.4105701600297453,109.05176675053899
128.5200000000154,1.4105716216655728,109.0517792955579
128.5300000000154,1.4105730827419938,109.05179183571056
128.5400000000154,1.410574543259279,109.05180437099928
128.55000000001542,1.4105760032176955,109.05181690142639
128.5600000000154,1.4105774626175136,109.05182942699427
128.5700000000154,1.4105789214590005,109.05184194770523
128.58000000001542,1.410580379742425,109.05185446356158
128.5900000000154,1.4105818374680552,109.05186697456568
128.60000000001543,1.4105832946361592,109.05187948071985
128.61000000001542,1.4105847512470049,109.0518919820264
128.6200000000154,1.4105862073008595,109.05190447848769
128.6300000000154,1.41058766279799,109.05191697010603
128.64000000001542,1.4105891177386656,109.05192945688373
128.65000000001544,1.4105905721231518,109.05194193882315
128.66000000001543,1.4105920259517166,109.05195441592657
128.67000000001542,1.4105934792246269,109.05196688819633
128.6800000000154,1.4105949319421478,109.05197935563476
128.69000000001543,1.4105963841045486,109.05199181824413
128.70000000001542,1.4105978357120939,109.05200427602682
128.71000000001544,1.4105992867650499,109.05201672898511
128.72000000001543,1.4106007372636833,109.05202917712131
128.73000000001542,1.4106021872082601,109.05204162043775
128.74000000001544,1.4106036365990455,109.05205405893673
128.75000000001543,1.4106050854363057,109.05206649262057
128.76000000001545,1.4106065337203066,109.05207892149156
128.77000000001544,1.4106079814513126,109.05209134555201
128.78000000001543,1.4106094286295892,109.05210376480424
128.79000000001543,1.410610875255401,109.05211617925055
128.80000000001544,1.4106123213290138,109.05212858889323
128.81000000001546,1.4106137668506924,109.0521409937346
128.82000000001545,1.4106152118207,109.05215339377695
128.83000000001545,1.410616656239302,109.05216578902257
128.84000000001544,1.4106181001067624,109.05217817947377
128.85000000001546,1.4106195434233457,109.05219056513285
128.86000000001545,1.4106209861893149,109.0522029460021
128.87000000001547,1.4106224284049351,109.05221532208381
128.88000000001546,1.4106238700704692,109.05222769338027
128.89000000001545,1.4106253111861804,109.05224005989378
128.90000000001547,1.4106267517523325,109.05225242162663
128.91000000001546,1.4106281917691887,109.05226477858109
128.92000000001548,1.4106296312370115,109.05227713075949
128.93000000001547,1.410631070156065,109.05228947816406
128.94000000001546,1.4106325085266098,109.05230182079713
128.95000000001545,1.4106339463489106,109.05231415866095
128.96000000001547,1.4106353836232284,109.05232649175784
128.9700000000155,1.4106368203498258,109.05233882009004
128.98000000001548,1.4106382565289655,109.05235114365985
128.99000000001547,1.410639692160909,109.05236346246953
129.00000000001546,1.410641127245918,109.0523757765214
129.01000000001548,1.4106425617842544,109.0523880858177
129.02000000001547,1.4106439957761796,109.0524003903607
129.0300000000155,1.4106454292219548,109.05241269015269
129.04000000001548,1.4106468621218413,109.05242498519594
129.05000000001547,1.4106482944761003,109.05243727549272
129.0600000000155,1.4106497262849924,109.05244956104528
129.07000000001548,1.4106511575487783,109.0524618418559
129.0800000000155,1.4106525882677194,109.05247411792688
129.0900000000155,1.4106540184420746,109.05248638926042
129.10000000001548,1.4106554480721059,109.05249865585883
129.11000000001548,1.410656877158072,109.05251091772436
129.1200000000155,1.4106583057002335,109.05252317485927
129.1300000000155,1.4106597336988504,109.05253542726582
129.1400000000155,1.4106611611541815,109.05254767494628
129.1500000000155,1.410662588066488,109.0525599179029
129.1600000000155,1.4106640144360278,109.05257215613791
129.1700000000155,1.4106654402630607,109.0525843896536
129.1800000000155,1.4106668655478452,109.05259661845221
129.19000000001552,1.4106682902906411,109.052608842536
129.2000000000155,1.4106697144917069,109.05262106190722
129.2100000000155,1.4106711381513002,109.0526332765681
129.22000000001552,1.4106725612696818,109.0526454865209
129.2300000000155,1.4106739838471076,109.05265769176788
129.24000000001553,1.4106754058838367,109.05266989231126
129.25000000001552,1.4106768273801276,109.05268208815332
129.2600000000155,1.4106782483362372,109.05269427929626
129.2700000000155,1.4106796687524241,109.05270646574236
129.28000000001552,1.4106810886289458,109.05271864749385
129.29000000001554,1.4106825079660588,109.05273082455295
129.30000000001553,1.4106839267640217,109.05274299692192
129.31000000001552,1.41068534502309,109.05275516460298
129.3200000000155,1.4106867627435222,109.05276732759837
129.33000000001553,1.4106881799255748,109.05277948591035
129.34000000001552,1.4106895965695034,109.05279163954113
129.35000000001554,1.4106910126755665,109.05280378849292
129.36000000001553,1.4106924282440183,109.052815932768
129.37000000001552,1.4106938432751166,109.05282807236856
129.38000000001554,1.4106952577691168,109.05284020729684
129.39000000001553,1.4106966717262752,109.05285233755507
129.40000000001555,1.4106980851468467,109.05286446314548
129.41000000001554,1.4106994980310885,109.05287658407028
129.42000000001553,1.410700910379254,109.05288870033169
129.43000000001553,1.4107023221916004,109.05290081193196
129.44000000001554,1.4107037334683825,109.05291291887329
129.45000000001556,1.4107051442098548,109.0529250211579
129.46000000001555,1.4107065544162722,109.052937118788
129.47000000001555,1.4107079640878903,109.0529492117658
129.48000000001554,1.4107093732249627,109.05296130009356
129.49000000001556,1.4107107818277442,109.05297338377345
129.50000000001555,1.4107121898964892,109.0529854628077
129.51000000001557,1.410713597431452,109.05299753719851
129.52000000001556,1.4107150044328862,109.05300960694811
129.53000000001555,1.4107164109010462,109.0530216720587
129.54000000001557,1.4107178168361854,109.05303373253247
129.55000000001556,1.4107192222385572,109.05304578837166
129.56000000001558,1.4107206271084154,109.05305783957843
129.57000000001557,1.4107220314460132,109.05306988615503
129.58000000001556,1.410723435251603,109.05308192810365
129.59000000001555,1.4107248385254394,109.05309396542647
129.60000000001557,1.4107262412677735,109.05310599812572
129.6100000000156,1.4107276434788592,109.05311802620356
129.62000000001558,1.4107290451589478,109.05313004966223
129.63000000001557,1.4107304463082933,109.0531420685039
129.64000000001556,1.4107318469271475,109.05315408273079
129.65000000001558,1.4107332470157607,109.05316609234505
129.66000000001557,1.4107346465743875,109.0531780973489
129.6700000000156,1.4107360456032783,109.05319009774455
129.68000000001558,1.410737444102685,109.05320209353417
129.69000000001557,1.4107388420728593,109.05321408471995
129.7000000000156,1.410740239514052,109.05322607130405
129.71000000001558,1.4107416364265157,109.05323805328872
129.7200000000156,1.4107430328104997,109.0532500306761
129.7300000000156,1.4107444286662558,109.05326200346838
129.74000000001558,1.4107458239940354,109.05327397166774
129.75000000001558,1.410747218794088,109.05328593527636
129.7600000000156,1.4107486130666647,109.05329789429645
129.7700000000156,1.410750006812016,109.05330984873017
129.7800000000156,1.4107514000303922,109.05332179857967
129.7900000000156,1.410752792722043,109.05333374384718
129.8000000000156,1.4107541848872185,109.0533456845348
129.8100000000156,1.4107555765261688,109.05335762064479
129.8200000000156,1.4107569676391427,109.05336955217928
129.83000000001562,1.4107583582263898,109.05338147914043
129.8400000000156,1.4107597482881604,109.05339340153044
129.8500000000156,1.4107611378247038,109.05340531935146
129.86000000001562,1.4107625268362671,109.05341723260565
129.8700000000156,1.410763915323102,109.05342914129521
129.88000000001563,1.410765303285455,109.05344104542228
129.89000000001562,1.4107666907235763,109.05345294498902
129.9000000000156,1.4107680776377132,109.0534648399976
129.9100000000156,1.4107694640281143,109.05347673045019
129.92000000001562,1.4107708498950287,109.05348861634894
129.93000000001564,1.410772235238703,109.05350049769602
129.94000000001563,1.4107736200593866,109.05351237449358
129.95000000001562,1.4107750043573266,109.05352424674378
129.9600000000156,1.4107763881327708,109.05353611444878
129.97000000001563,1.4107777713859664,109.0535479776107
129.98000000001562,1.4107791541171613,109.05355983623176
129.99000000001564,1.4107805363266017,109.05357169031404
130.00000000001563,1.4107819180145358,109.05358353985974
130.01000000001562,1.4107832991812097,109.053595384871
130.02000000001564,1.4107846798268704,109.05360722534995
130.03000000001563,1.4107860599517652,109.05361906129876
130.04000000001565,1.4107874395561397,109.05363089271958
130.05000000001564,1.4107888186402409,109.05364271961452
130.06000000001563,1.4107901972043144,109.05365454198574
130.07000000001563,1.4107915752486067,109.05366635983539
130.08000000001564,1.4107929527733638,109.05367817316562
130.09000000001566,1.410794329778831,109.05368998197854
130.10000000001565,1.4107957062652545,109.0537017862763
130.11000000001565,1.4107970822328804,109.05371358606106
130.12000000001564,1.4107984576819521,109.05372538133496
130.13000000001566,1.4107998326127165,109.05373717210007
130.14000000001565,1.4108012070254181,109.0537489583586
130.15000000001567,1.4108025809203018,109.05376074011262
130.16000000001566,1.4108039542976127,109.05377251736432
130.17000000001565,1.410805327157595,109.0537842901158
130.18000000001567,1.4108066995004938,109.05379605836917
130.19000000001566,1.4108080713265532,109.0538078221266
130.20000000001568,1.4108094426360174,109.05381958139019
130.21000000001567,1.4108108134291306,109.05383133616208
130.22000000001566,1.4108121837061365,109.05384308644437
130.23000000001565,1.4108135534672797,109.0538548322392
130.24000000001567,1.4108149227128028,109.05386657354869
130.2500000000157,1.4108162914429498,109.05387831037497
130.26000000001568,1.4108176596579647,109.05389004272014
130.27000000001567,1.4108190273580894,109.05390177058634
130.28000000001566,1.4108203945435682,109.05391349397566
130.29000000001568,1.410821761214644,109.05392521289025
130.30000000001567,1.410823127371559,109.05393692733217
130.3100000000157,1.4108244930145566,109.0539486373036
130.32000000001568,1.4108258581438786,109.05396034280662
130.33000000001567,1.4108272227597682,109.05397204384334
130.3400000000157,1.410828586862467,109.05398374041586
130.35000000001568,1.4108299504522173,109.05399543252632
130.3600000000157,1.410831313529262,109.05400712017679
130.3700000000157,1.4108326760938419,109.0540188033694
130.38000000001568,1.4108340381461988,109.05403048210626
130.39000000001568,1.410835399686575,109.05404215638946
130.4000000000157,1.410836760715212,109.0540538262211
130.4100000000157,1.4108381212323495,109.05406549160328
130.4200000000157,1.41083948123823,109.05407715253811
130.4300000000157,1.4108408407330952,109.0540888090277
130.4400000000157,1.4108421997171847,109.05410046107413
130.4500000000157,1.4108435581907397,109.05411210867949
130.4600000000157,1.4108449161540009,109.05412375184589
130.47000000001572,1.410846273607209,109.05413539057544
130.4800000000157,1.4108476305506037,109.05414702487019
130.4900000000157,1.4108489869844258,109.05415865473228
130.50000000001572,1.4108503429089154,109.05417028016376
130.5100000000157,1.4108516983243118,109.05418190116676
130.52000000001573,1.4108530532308554,109.05419351774331
130.53000000001572,1.4108544076287857,109.05420512989556
130.5400000000157,1.4108557615183426,109.05421673762557
130.5500000000157,1.4108571148997637,109.05422834093541
130.56000000001572,1.4108584677732907,109.0542399398272
130.57000000001574,1.4108598201391616,109.05425153430298
130.58000000001573,1.4108611719976152,109.05426312436487
130.59000000001572,1.410862523348891,109.05427471001491
130.6000000000157,1.4108638741932267,109.05428629125522
130.61000000001573,1.4108652245308613,109.05429786808786
130.62000000001572,1.4108665743620339,109.05430944051488
130.63000000001574,1.410867923686982,109.05432100853841
130.64000000001573,1.4108692725059444,109.05433257216049
130.65000000001572,1.4108706208191581,109.0543441313832
130.66000000001574,1.4108719686268623,109.05435568620862
130.67000000001573,1.4108733159292932,109.0543672366388
130.68000000001575,1.41087466272669,109.05437878267584
130.69000000001574,1.410876009019289,109.05439032432176
130.70000000001573,1.4108773548073281,109.05440186157868
130.71000000001573,1.4108787000910448,109.05441339444864
130.72000000001574,1.4108800448706753,109.05442492293372
130.73000000001576,1.4108813891464573,109.05443644703597
130.74000000001575,1.4108827329186273,109.05444796675744
130.75000000001575,1.4108840761874217,109.05445948210023
130.76000000001574,1.4108854189530775,109.05447099306639
130.77000000001576,1.4108867612158307,109.05448249965794
130.78000000001575,1.410888102975918,109.05449400187696
130.79000000001577,1.4108894442335758,109.05450549972555
130.80000000001576,1.4108907849890384,109.05451699320571
130.81000000001575,1.4108921252425435,109.0545284823195
130.82000000001577,1.410893464994326,109.054539967069
130.83000000001576,1.4108948042446214,109.05455144745626
130.84000000001578,1.410896142993666,109.0545629234833
130.85000000001577,1.4108974812416941,109.0545743951522
130.86000000001576,1.410898818988941,109.05458586246502
130.87000000001575,1.4109001562356425,109.05459732542377
130.88000000001577,1.410901492982033,109.0546087840305
130.8900000000158,1.4109028292283472,109.0546202382873
130.90000000001578,1.41090416497482,109.05463168819617
130.91000000001577,1.4109055002216855,109.05464313375917
130.92000000001576,1.4109068349691785,109.05465457497834
130.93000000001578,1.4109081692175327,109.05466601185572
130.94000000001577,1.4109095029669836,109.05467744439335
130.9500000000158,1.4109108362177638,109.05468887259326
130.96000000001578,1.4109121689701072,109.05470029645751
130.97000000001577,1.4109135012242482,109.05471171598812
130.9800000000158,1.410914832980419,109.05472313118713
130.99000000001578,1.4109161642388557,109.05473454205656
131.0000000000158,1.410917494999789,109.05474594859847
131.0100000000158,1.4109188252634528,109.05475735081487
131.02000000001578,1.4109201550300812,109.0547687487078
131.03000000001578,1.4109214842999056,109.05478014227927
131.0400000000158,1.4109228130731604,109.05479153153135
131.0500000000158,1.4109241413500766,109.05480291646602
131.0600000000158,1.4109254691308875,109.05481429708534
131.0700000000158,1.4109267964158259,109.05482567339133
131.0800000000158,1.4109281232051232,109.054837045386
131.0900000000158,1.4109294494990123,109.05484841307137
131.1000000000158,1.410930775297725,109.05485977644948
131.11000000001582,1.4109321006014923,109.05487113552233
131.1200000000158,1.410933425410547,109.05488249029197
131.1300000000158,1.4109347497251197,109.05489384076039
131.14000000001582,1.4109360735454433,109.05490518692963
131.1500000000158,1.410937396871748,109.05491652880167
131.16000000001583,1.4109387197042647,109.05492786637855
131.17000000001582,1.410940042043226,109.05493919966229
131.1800000000158,1.410941363888861,109.05495052865489
131.1900000000158,1.4109426852414015,109.05496185335835
131.20000000001582,1.4109440061010787,109.0549731737747
131.21000000001584,1.410945326468122,109.05498448990595
131.22000000001583,1.4109466463427622,109.0549958017541
131.23000000001582,1.4109479657252297,109.05500710932117
131.2400000000158,1.4109492846157556,109.05501841260913
131.25000000001583,1.410950603014568,109.05502971162001
131.26000000001582,1.4109519209218975,109.05504100635582
131.27000000001584,1.4109532383379744,109.05505229681856
131.28000000001583,1.4109545552630278,109.05506358301022
131.29000000001582,1.4109558716972876,109.0550748649328
131.30000000001584,1.4109571876409828,109.05508614258832
131.31000000001583,1.4109585030943432,109.05509741597874
131.32000000001585,1.410959818057597,109.0551086851061
131.33000000001584,1.410961132530974,109.05511994997237
131.34000000001583,1.4109624465147026,109.05513121057955
131.35000000001583,1.4109637600090121,109.05514246692961
131.36000000001584,1.4109650730141297,109.05515371902459
131.37000000001586,1.4109663855302856,109.05516496686644
131.38000000001585,1.4109676975577066,109.05517621045718
131.39000000001585,1.410969009096622,109.0551874497988
131.40000000001584,1.4109703201472594,109.05519868489323
131.41000000001586,1.4109716307098465,109.05520991574252
131.42000000001585,1.4109729407846117,109.05522114234866
131.43000000001587,1.4109742503717826,109.05523236471358
131.44000000001586,1.4109755594715865,109.05524358283931
131.45000000001585,1.41097686808425,109.05525479672781
131.46000000001587,1.4109781762100022,109.05526600638106
131.47000000001586,1.4109794838490688,109.05527721180106
131.48000000001588,1.4109807910016778,109.05528841298977
131.49000000001587,1.4109820976680554,109.05529960994916
131.50000000001586,1.4109834038484281,109.05531080268123
131.51000000001585,1.4109847095430237,109.05532199118795
131.52000000001587,1.4109860147520679,109.05533317547129
131.5300000000159,1.4109873194757874,109.05534435553322
131.54000000001588,1.4109886237144083,109.05535553137572
131.55000000001587,1.4109899274681563,109.05536670300076
131.56000000001586,1.4109912307372583,109.0553778704103
131.57000000001588,1.4109925335219395,109.05538903360632
131.58000000001587,1.4109938358224265,109.0554001925908
131.5900000000159,1.4109951376389438,109.05541134736568
131.60000000001588,1.4109964389717171,109.05542249793294
131.61000000001587,1.4109977398209728,109.05543364429454
131.6200000000159,1.4109990401869354,109.05544478645243
131.63000000001588,1.4110003400698299,109.05545592440862
131.6400000000159,1.4110016394698812,109.05546705816502
131.6500000000159,1.4110029383873148,109.0554781877236
131.66000000001588,1.4110042368223548,109.05548931308634
131.67000000001588,1.4110055347752257,109.0555004342552
131.6800000000159,1.4110068322461522,109.0555115512321
131.6900000000159,1.4110081292353593,109.05552266401905
131.7000000000159,1.41100942574307,109.05553377261796
131.7100000000159,1.4110107217695103,109.0555448770308
131.7200000000159,1.411012017314902,109.05555597725952
131.7300000000159,1.4110133123794697,109.05556707330607
131.7400000000159,1.4110146069634377,109.0555781651724
131.75000000001592,1.4110159010670293,109.05558925286047
131.7600000000159,1.4110171946904677,109.05560033637222
131.7700000000159,1.4110184878339762,109.0556114157096
131.78000000001592,1.4110197804977782,109.05562249087455
131.7900000000159,1.4110210726820969,109.05563356186903
131.80000000001593,1.411022364387155,109.05564462869496
131.81000000001592,1.4110236556131759,109.05565569135432
131.8200000000159,1.4110249463603817,109.055666749849
131.8300000000159,1.4110262366289947,109.05567780418097
131.84000000001592,1.4110275264192387,109.05568885435218
131.85000000001594,1.4110288157313342,109.05569990036456
131.86000000001593,1.411030104565505,109.05571094222005
131.87000000001592,1.4110313929219727,109.05572197992056
131.8800000000159,1.4110326808009586,109.05573301346807
131.89000000001593,1.411033968202685,109.05574404286448
131.90000000001592,1.4110352551273735,109.05575506811172
131.91000000001594,1.411036541575246,109.05576608921176
131.92000000001593,1.4110378275465236,109.05577710616649
131.93000000001592,1.4110391130414282,109.05578811897786
131.94000000001594,1.4110403980601802,109.0557991276478
131.95000000001593,1.4110416826030012,109.05581013217822
131.96000000001595,1.4110429666701116,109.05582113257108
131.97000000001594,1.4110442502617337,109.05583212882829
131.98000000001593,1.4110455333780862,109.05584312095175
131.99000000001593,1.4110468160193907,109.05585410894341
132.00000000001594,1.4110480981858684,109.05586509280518
132.01000000001596,1.411049379877738,109.05587607253901
132.02000000001595,1.4110506610952198,109.05588704814677
132.03000000001595,1.411051941838536,109.05589801963042
132.04000000001594,1.411053222107905,109.05590898699187
132.05000000001596,1.4110545019035463,109.05591995023303
132.06000000001595,1.4110557812256803,109.05593090935582
132.07000000001597,1.4110570600745265,109.05594186436215
132.08000000001596,1.4110583384503037,109.05595281525395
132.09000000001595,1.4110596163532325,109.0559637620331
132.10000000001597,1.4110608937835314,109.05597470470154
132.11000000001596,1.4110621707414188,109.05598564326118
132.12000000001598,1.4110634472271153,109.05599657771391
132.13000000001597,1.4110647232408384,109.05600750806167
132.14000000001596,1.4110659987828071,109.05601843430634
132.15000000001595,1.4110672738532406,109.05602935644983
132.16000000001597,1.4110685484523562,109.05604027449405
132.170000000016,1.4110698225803737,109.05605118844092
132.18000000001598,1.4110710962375108,109.0560620982923
132.19000000001597,1.4110723694239846,109.05607300405015
132.20000000001596,1.4110736421400147,109.05608390571632
132.21000000001598,1.4110749143858177,109.05609480329275
132.22000000001597,1.4110761861616123,109.0561056967813
132.230000000016,1.4110774574676148,109.05611658618392
132.24000000001598,1.4110787283040442,109.05612747150245
132.25000000001597,1.4110799986711169,109.05613835273883
132.260000000016,1.4110812685690508,109.05614922989491
132.27000000001598,1.411082537998063,109.05616010297264
132.280000000016,1.4110838069583698,109.05617097197387
132.290000000016,1.4110850754501887,109.0561818369005
132.30000000001598,1.411086343473735,109.05619269775444
132.31000000001598,1.4110876110292285,109.05620355453756
132.320000000016,1.4110888781168829,109.05621440725176
132.330000000016,1.4110901447369153,109.05622525589891
132.340000000016,1.4110914108895432,109.05623610048092
132.350000000016,1.4110926765749805,109.05624694099964
132.360000000016,1.4110939417934454,109.056257777457
132.370000000016,1.4110952065451525,109.05626860985485
132.380000000016,1.4110964708303175,109.0562794381951
132.39000000001602,1.4110977346491578,109.0562902624796
132.400000000016,1.411098998001887,109.05630108271025
132.410000000016,1.4111002608887218,109.05631189888894
132.42000000001602,1.4111015233098763,109.05632271101751
132.430000000016,1.411102785265567,109.05633351909788
132.44000000001603,1.4111040467560076,109.0563443231319
132.45000000001602,1.4111053077814137,109.05635512312143
132.460000000016,1.4111065683420005,109.05636591906838
132.470000000016,1.4111078284379825,109.0563767109746
132.48000000001602,1.4111090880695742,109.05638749884199
132.49000000001604,1.4111103472369904,109.05639828267239
132.50000000001603,1.4111116059404443,109.05640906246768
132.51000000001602,1.411112864180151,109.05641983822973
132.520000000016,1.4111141219563252,109.0564306099604
132.53000000001603,1.4111153792691797,109.05644137766157
132.54000000001602,1.4111166361189293,109.0564521413351
132.55000000001604,1.411117892505787,109.05646290098285
132.56000000001603,1.4111191484299666,109.0564736566067
132.57000000001602,1.4111204038916816,109.05648440820848
132.58000000001604,1.411121658891146,109.0564951557901
132.59000000001603,1.4111229134285725,109.05650589935337
132.60000000001605,1.4111241675041746,109.05651663890018
132.61000000001604,1.4111254211181645,109.05652737443236
132.62000000001603,1.4111266742707553,109.05653810595183
132.63000000001603,1.4111279269621608,109.05654883346038
132.64000000001604,1.4111291791925935,109.0565595569599
132.65000000001606,1.4111304309622648,109.05657027645222
132.66000000001605,1.4111316822713877,109.05658099193921
132.67000000001605,1.4111329331201752,109.05659170342274
132.68000000001604,1.4111341835088387,109.05660241090463
132.69000000001606,1.4111354334375898,109.05661311438674
132.70000000001605,1.4111366829066416,109.05662381387091
132.71000000001607,1.4111379319162058,109.05663450935901
132.72000000001606,1.4111391804664934,109.0566452008529
132.73000000001605,1.4111404285577167,109.05665588835437
132.74000000001607,1.4111416761900868,109.05666657186532
132.75000000001606,1.4111429233638155,109.05667725138755
132.76000000001608,1.411144170079113,109.05668792692295
132.77000000001607,1.4111454163361914,109.05669859847332
132.78000000001606,1.4111466621352615,109.05670926604053
132.79000000001605,1.4111479074765338,109.0567199296264
132.80000000001607,1.41114915236022,109.05673058923279
132.8100000000161,1.4111503967865298,109.0567412448615
132.82000000001608,1.4111516407556743,109.05675189651441
132.83000000001607,1.4111528842678633,109.05676254419335
132.84000000001606,1.411154127323308,109.05677318790013
132.85000000001608,1.411155369922218,109.05678382763661
132.86000000001607,1.411156612064803,109.05679446340461
132.8700000000161,1.411157853751274,109.05680509520595
132.88000000001608,1.41115909498184,109.05681572304248
132.89000000001607,1.411160335756711,109.05682634691603
132.9000000000161,1.411161576076096,109.05683696682841
132.91000000001608,1.411162815940205,109.05684758278149
132.9200000000161,1.411164055349249,109.05685819477704
132.9300000000161,1.4111652943034343,109.05686880281692
132.94000000001608,1.411166532802972,109.05687940690297
132.95000000001608,1.4111677708480705,109.05689000703696
132.9600000000161,1.411169008438938,109.05690060322077
132.9700000000161,1.4111702455757846,109.0569111954562
132.9800000000161,1.4111714822588184,109.05692178374505
132.9900000000161,1.4111727184882477,109.05693236808918
133.0000000000161,1.4111739542642807,109.05694294849036
133.0100000000161,1.411175189587127,109.05695352495046
133.0200000000161,1.4111764244569929,109.05696409747127
133.03000000001612,1.4111776588740883,109.0569746660546
133.0400000000161,1.4111788928386206,109.05698523070228
133.0500000000161,1.4111801263507973,109.05699579141611
133.06000000001612,1.4111813594108256,109.05700634819792
133.0700000000161,1.4111825920189147,109.05701690104951
133.08000000001613,1.411183824175271,109.05702744997268
133.09000000001612,1.4111850558801016,109.05703799496928
133.1000000000161,1.4111862871336145,109.05704853604107
133.1100000000161,1.4111875179360167,109.05705907318989
133.12000000001612,1.4111887482875147,109.05706960641753
133.13000000001614,1.4111899781883168,109.05708013572583
133.14000000001613,1.4111912076386288,109.05709066111652
133.15000000001612,1.4111924366386572,109.0571011825915
133.1600000000161,1.4111936651886083,109.0571117001525
133.17000000001613,1.4111948932886902,109.05712221380134
133.18000000001612,1.411196120939108,109.05713272353985
133.19000000001614,1.4111973481400681,109.05714322936979
133.20000000001613,1.4111985748917761,109.05715373129298
133.21000000001612,1.4111998011944393,109.05716422931121
133.22000000001614,1.4112010270482624,109.05717472342629
133.23000000001613,1.411202252453452,109.05718521364001
133.24000000001615,1.4112034774102133,109.05719569995416
133.25000000001614,1.4112047019187517,109.05720618237055
133.26000000001613,1.4112059259792729,109.05721666089094
133.27000000001613,1.4112071495919825,109.05722713551715
133.28000000001614,1.411208372757085,109.05723760625096
133.29000000001616,1.4112095954747865,109.05724807309417
133.30000000001615,1.4112108177452913,109.05725853604856
133.31000000001615,1.411212039568804,109.05726899511593
133.32000000001614,1.4112132609455303,109.05727945029805
133.33000000001616,1.4112144818756736,109.0572899015967
133.34000000001615,1.4112157023594394,109.0573003490137
133.35000000001617,1.4112169223970314,109.05731079255081
133.36000000001616,1.4112181419886545,109.05732123220982
133.37000000001615,1.411219361134513,109.0573316679925
133.38000000001617,1.41122057983481,109.05734209990065
133.39000000001616,1.4112217980897508,109.05735252793603
133.40000000001618,1.4112230158995378,109.05736295210043
133.41000000001617,1.4112242332643758,109.05737337239565
133.42000000001616,1.4112254501844674,109.05738378882342
133.43000000001615,1.4112266666600177,109.05739420138556
133.44000000001617,1.4112278826912288,109.05740461008382
133.4500000000162,1.4112290982783045,109.05741501491997
133.46000000001618,1.4112303134214474,109.05742541589582
133.47000000001617,1.4112315281208616,109.05743581301311
133.48000000001616,1.4112327423767486,109.05744620627362
133.49000000001618,1.4112339561893121,109.05745659567911
133.50000000001617,1.411235169558755,109.05746698123137
133.5100000000162,1.4112363824852796,109.05747736293218
133.52000000001618,1.4112375949690885,109.05748774078326
133.53000000001617,1.4112388070103838,109.0574981147864
133.5400000000162,1.4112400186093677,109.05750848494338
133.55000000001618,1.4112412297662436,109.05751885125596
133.5600000000162,1.4112424404812116,109.05752921372589
133.5700000000162,1.4112436507544752,109.05753957235493
133.58000000001618,1.4112448605862349,109.05754992714486
133.59000000001618,1.4112460699766929,109.05756027809744
133.6000000000162,1.4112472789260513,109.05757062521441
133.6100000000162,1.4112484874345121,109.05758096849756
133.6200000000162,1.411249695502275,109.05759130794863
133.6300000000162,1.4112509031295417,109.05760164356936
133.6400000000162,1.4112521103165143,109.05761197536152
133.6500000000162,1.4112533170633934,109.05762230332688
133.6600000000162,1.4112545233703793,109.05763262746719
133.67000000001622,1.411255729237674,109.05764294778417
133.6800000000162,1.4112569346654766,109.05765326427962
133.6900000000162,1.411258139653989,109.05766357695528
133.70000000001622,1.4112593442034114,109.05767388581287
133.7100000000162,1.4112605483139438,109.05768419085416
133.72000000001623,1.4112617519857866,109.0576944920809
133.73000000001622,1.4112629552191402,109.05770478949484
133.7400000000162,1.4112641580142047,109.0577150830977
133.7500000000162,1.4112653603711791,109.05772537289127
133.76000000001622,1.4112665622902645,109.05773565887725
133.77000000001624,1.4112677637716593,109.05774594105743
133.78000000001623,1.4112689648155645,109.05775621943351
133.79000000001622,1.4112701654221784,109.05776649400727
133.8000000000162,1.4112713655917013,109.05777676478041
133.81000000001623,1.4112725653243317,109.0577870317547
133.82000000001622,1.4112737646202689,109.05779729493187
133.83000000001624,1.4112749634797122,109.05780755431365
133.84000000001623,1.4112761619028609,109.05781780990178
133.85000000001622,1.4112773598899127,109.05782806169802
133.86000000001624,1.4112785574410671,109.05783830970405
133.87000000001623,1.4112797545565223,109.05784855392166
133.88000000001625,1.411280951236478,109.05785879435258
133.89000000001624,1.4112821474811303,109.05786903099849
133.90000000001623,1.4112833432906797,109.05787926386118
133.91000000001623,1.4112845386653234,109.05788949294235
133.92000000001624,1.4112857336052587,109.05789971824373
133.93000000001626,1.4112869281106852,109.05790993976706
133.94000000001625,1.4112881221817992,109.05792015751406
133.95000000001625,1.4112893158187996,109.05793037148645
133.96000000001624,1.411290509021884,109.05794058168597
133.97000000001626,1.4112917017912485,109.05795078811434
133.98000000001625,1.4112928941270917,109.05796099077328
133.99000000001627,1.4112940860296104,109.05797118966451
134.00000000001626,1.4112952774990024,109.05798138478977
134.01000000001625,1.4112964685354639,109.05799157615076
134.02000000001627,1.4112976591391926,109.0580017637492
134.03000000001626,1.4112988493103846,109.05801194758682
134.04000000001628,1.4113000390492378,109.05802212766534
134.05000000001627,1.4113012283559474,109.05803230398647
134.06000000001626,1.4113024172307114,109.05804247655193
134.07000000001625,1.4113036056737254,109.05805264536342
134.08000000001627,1.4113047936851852,109.05806281042268
134.0900000000163,1.4113059812652882,109.0580729717314
134.10000000001628,1.4113071684142295,109.05808312929132
134.11000000001627,1.4113083551322056,109.05809328310413
134.12000000001626,1.4113095414194123,109.05810343317154
134.13000000001628,1.4113107272760457,109.05811357949526
134.14000000001627,1.4113119127023002,109.05812372207701
134.1500000000163,1.4113130976983728,109.05813386091849
134.16000000001628,1.4113142822644589,109.05814399602141
134.17000000001627,1.4113154664007528,109.05815412738748
134.1800000000163,1.4113166501074499,109.0581642550184
134.19000000001628,1.411317833384746,109.05817437891585
134.2000000000163,1.4113190162328357,109.05818449908159
134.2100000000163,1.411320198651914,109.05819461551727
134.22000000001628,1.4113213806421754,109.05820472822461
134.23000000001628,1.4113225622038157,109.05821483720531
134.2400000000163,1.4113237433370285,109.05822494246108
134.2500000000163,1.4113249240420074,109.05823504399362
134.2600000000163,1.411326104318949,109.05824514180459
134.2700000000163,1.4113272841680462,109.05825523589573
134.2800000000163,1.4113284635894932,109.05826532626871
134.2900000000163,1.4113296425834838,109.05827541292524
134.3000000000163,1.4113308211502127,109.058285495867
134.31000000001632,1.4113319992898732,109.0582955750957
134.3200000000163,1.4113331770026596,109.05830565061302
134.3300000000163,1.4113343542887646,109.05831572242064
134.34000000001632,1.4113355311483824,109.05832579052027
134.3500000000163,1.4113367075817063,109.0583358549136
134.36000000001633,1.4113378835889299,109.05834591560232
134.37000000001632,1.4113390591702457,109.05835597258809
134.3800000000163,1.4113402343258474,109.05836602587262
134.3900000000163,1.4113414090559273,109.05837607545759
134.40000000001632,1.4113425833606792,109.0583861213447
134.41000000001634,1.4113437572402954,109.0583961635356
134.42000000001633,1.4113449306949686,109.058406202032
134.43000000001632,1.4113461037248907,109.0584162368356
134.4400000000163,1.4113472763302555,109.05842626794802
134.45000000001633,1.4113484485112542,109.05843629537098
134.46000000001632,1.411349620268079,109.05844631910618
134.47000000001634,1.4113507916009231,109.05845633915526
134.48000000001633,1.4113519625099786,109.0584663555199
134.49000000001632,1.4113531329954359,109.0584763682018
134.50000000001634,1.4113543030574875,109.05848637720261
134.51000000001633,1.4113554726963262,109.05849638252403
134.52000000001635,1.4113566419121424,109.05850638416771
134.53000000001634,1.4113578107051274,109.05851638213534
134.54000000001633,1.411358979075474,109.05852637642859
134.55000000001633,1.4113601470233716,109.05853636704913
134.56000000001634,1.4113613145490131,109.05854635399861
134.57000000001636,1.411362481652589,109.05855633727873
134.58000000001635,1.4113636483342902,109.05856631689115
134.59000000001635,1.4113648145943074,109.05857629283751
134.60000000001634,1.4113659804328316,109.05858626511952
134.61000000001636,1.4113671458500527,109.0585962337388
134.62000000001635,1.4113683108461632,109.05860619869706
134.63000000001637,1.4113694754213513,109.05861615999594
134.64000000001636,1.4113706395758088,109.0586261176371
134.65000000001635,1.4113718033097258,109.0586360716222
134.66000000001637,1.4113729666232917,109.05864602195292
134.67000000001636,1.4113741295166977,109.05865596863092
134.68000000001638,1.4113752919901326,109.05866591165783
134.69000000001637,1.4113764540437863,109.05867585103533
134.70000000001636,1.4113776156778495,109.05868578676507
134.71000000001635,1.4113787768925106,109.05869571884872
134.72000000001637,1.4113799376879599,109.05870564728792
134.7300000000164,1.4113810980643875,109.05871557208432
134.74000000001638,1.4113822580219813,109.0587254932396
134.75000000001637,1.4113834175609312,109.0587354107554
134.76000000001636,1.4113845766814261,109.05874532463336
134.77000000001638,1.4113857353836552,109.05875523487515
134.78000000001637,1.411386893667807,109.05876514148241
134.7900000000164,1.4113880515340718,109.05877504445678
134.80000000001638,1.4113892089826356,109.05878494379994
134.81000000001637,1.411390366013689,109.0587948395135
134.8200000000164,1.4113915226274198,109.05880473159911
134.83000000001638,1.4113926788240168,109.05881462005846
134.8400000000164,1.411393834603668,109.05882450489314
134.8500000000164,1.4113949899665617,109.05883438610483
134.86000000001638,1.4113961449128856,109.05884426369515
134.87000000001638,1.4113972994428277,109.05885413766576
134.8800000000164,1.4113984535565773,109.05886400801829
134.8900000000164,1.4113996072543196,109.0588738747544
134.9000000000164,1.4114007605362444,109.0588837378757
134.9100000000164,1.4114019134025382,109.05889359738386
134.9200000000164,1.4114030658533887,109.0589034532805
134.9300000000164,1.4114042178889836,109.05891330556723
134.9400000000164,1.4114053695095095,109.05892315424575
134.95000000001642,1.4114065207151545,109.05893299931763
134.9600000000164,1.4114076715061046,109.05894284078457
134.9700000000164,1.4114088218825473,109.05895267864814
134.98000000001642,1.4114099718446693,109.05896251291
134.9900000000164,1.4114111213926575,109.0589723435718
135.00000000001643,1.4114122705266983,109.05898217063513
135.01000000001642,1.411413419246979,109.05899199410166
135.0200000000164,1.4114145675536836,109.05900181397298
135.0300000000164,1.4114157154470022,109.05901163025075
135.04000000001642,1.411416862927118,109.05902144293661
135.05000000001644,1.4114180099942182,109.05903125203214
135.06000000001643,1.4114191566484888,109.05904105753899
135.07000000001642,1.4114203028901162,109.05905085945878
135.0800000000164,1.4114214487192858,109.05906065779314
135.09000000001643,1.4114225941361824,109.0590704525437
135.10000000001642,1.411423739140993,109.05908024371205
135.11000000001644,1.411424883733903,109.05909003129985
135.12000000001643,1.4114260279150976,109.05909981530868
135.13000000001642,1.411427171684761,109.05910959574021
135.14000000001644,1.4114283150430798,109.05911937259602
135.15000000001643,1.411429457990239,109.05912914587773
135.16000000001645,1.411430600526423,109.05913891558696
135.17000000001644,1.4114317426518166,109.05914868172535
135.18000000001643,1.4114328843666055,109.05915844429448
135.19000000001643,1.4114340256709739,109.059168203296
135.20000000001644,1.411435166565107,109.05917795873147
135.21000000001646,1.4114363070491882,109.05918771060256
135.22000000001646,1.4114374471234024,109.05919745891084
135.23000000001645,1.4114385867879333,109.05920720365796
135.24000000001644,1.4114397260429676,109.05921694484549
135.25000000001646,1.4114408648886858,109.05922668247506
135.26000000001645,1.4114420033252753,109.05923641654826
135.27000000001647,1.4114431413529174,109.05924614706672
135.28000000001646,1.411444278971797,109.05925587403203
135.29000000001645,1.4114454161820973,109.05926559744582
135.30000000001647,1.411446552984003,109.05927531730966
135.31000000001646,1.411447689377697,109.05928503362519
135.32000000001648,1.4114488253633626,109.05929474639397
135.33000000001647,1.4114499609411821,109.05930445561765
135.34000000001646,1.4114510961113411,109.05931416129779
135.35000000001645,1.411452230874021,109.05932386343599
135.36000000001647,1.4114533652294052,109.0593335620339
135.3700000000165,1.4114544991776763,109.05934325709308
135.38000000001648,1.4114556327190173,109.05935294861511
135.39000000001647,1.4114567658536115,109.05936263660162
135.40000000001646,1.4114578985816408,109.0593723210542
135.41000000001648,1.4114590309032875,109.05938200197443
135.42000000001647,1.4114601628187349,109.05939167936391
135.4300000000165,1.4114612943281646,109.05940135322425
135.44000000001648,1.4114624254317594,109.05941102355702
135.45000000001647,1.4114635561297009,109.05942069036381
135.4600000000165,1.411464686422171,109.05943035364623
135.47000000001648,1.4114658163093519,109.05944001340588
135.4800000000165,1.4114669457914262,109.05944966964432
135.4900000000165,1.4114680748685737,109.05945932236314
135.50000000001648,1.4114692035409777,109.05946897156396
135.51000000001648,1.4114703318088195,109.0594786172483
135.5200000000165,1.4114714596722802,109.05948825941782
135.5300000000165,1.4114725871315408,109.05949789807407
135.5400000000165,1.4114737141867828,109.05950753321862
135.5500000000165,1.4114748408381874,109.05951716485308
135.5600000000165,1.4114759670859351,109.05952679297903
135.5700000000165,1.4114770929302085,109.05953641759804
135.5800000000165,1.4114782183711865,109.05954603871169
135.59000000001652,1.4114793434090505,109.05955565632156
135.6000000000165,1.4114804680439812,109.05956527042923
135.6100000000165,1.4114815922761599,109.05957488103628
135.62000000001652,1.411482716105765,109.0595844881443
135.6300000000165,1.4114838395329787,109.05959409175485
135.64000000001653,1.4114849625579817,109.0596036918695
135.65000000001652,1.4114860851809519,109.05961328848983
135.6600000000165,1.411487207402071,109.05962288161741
135.6700000000165,1.4114883292215183,109.05963247125385
135.68000000001652,1.4114894506394746,109.05964205740067
135.69000000001654,1.411490571656118,109.05965164005947
135.70000000001653,1.4114916922716292,109.05966121923181
135.71000000001652,1.4114928124861879,109.05967079491927
135.7200000000165,1.4114939322999733,109.0596803671234
135.73000000001653,1.4114950517131646,109.05968993584578
135.74000000001652,1.411496170725941,109.05969950108798
135.75000000001654,1.4114972893384823,109.05970906285155
135.76000000001653,1.4114984075509671,109.05971862113809
135.77000000001652,1.4114995253635743,109.05972817594915
135.78000000001654,1.411500642776483,109.05973772728625
135.79000000001653,1.411501759789873,109.059747275151
135.80000000001655,1.4115028764039201,109.05975681954494
135.81000000001654,1.4115039926188053,109.05976636046967
135.82000000001653,1.4115051084347063,109.0597758979267
135.83000000001653,1.411506223851802,109.05978543191762
135.84000000001654,1.4115073388702706,109.05979496244397
135.85000000001656,1.4115084534902895,109.05980448950733
135.86000000001656,1.4115095677120377,109.05981401310923
135.87000000001655,1.4115106815356926,109.05982353325125
135.88000000001654,1.4115117949614324,109.05983304993492
135.89000000001656,1.411512907989435,109.05984256316182
135.90000000001655,1.4115140206198782,109.05985207293348
135.91000000001657,1.411515132852939,109.05986157925147
135.92000000001656,1.4115162446887959,109.05987108211735
135.93000000001655,1.4115173561276253,109.05988058153265
135.94000000001657,1.411518467169605,109.05989007749893
135.95000000001656,1.4115195778149128,109.05989957001775
135.96000000001658,1.4115206880637245,109.05990905909063
135.97000000001657,1.4115217979162182,109.05991854471914
135.98000000001656,1.411522907372571,109.0599280269048
135.99000000001655,1.411524016432959,109.0599375056492
136.00000000001657,1.4115251250975598,109.05994698095387
136.0100000000166,1.4115262333665493,109.05995645282032
136.02000000001658,1.4115273412401035,109.05996592125014
136.03000000001657,1.4115284487184006,109.05997538624484
136.04000000001656,1.411529555801616,109.05998484780596
136.05000000001658,1.4115306624899258,109.05999430593509
136.06000000001657,1.4115317687835065,109.06000376063373
136.0700000000166,1.4115328746825342,109.06001321190341
136.08000000001658,1.411533980187185,109.0600226597457
136.09000000001657,1.4115350852976347,109.0600321041621
136.1000000000166,1.4115361900140588,109.06004154515419
136.11000000001658,1.4115372943366336,109.06005098272347
136.1200000000166,1.411538398265534,109.0600604168715
136.1300000000166,1.4115395018009358,109.06006984759979
136.14000000001658,1.4115406049430148,109.0600792749099
136.15000000001658,1.411541707691946,109.06008869880334
136.1600000000166,1.4115428100479048,109.06009811928166
136.1700000000166,1.4115439120110658,109.0601075363464
136.1800000000166,1.411545013581605,109.06011694999904
136.1900000000166,1.4115461147596962,109.06012636024117
136.2000000000166,1.4115472155455155,109.06013576707429
136.2100000000166,1.4115483159392366,109.06014517049992
136.2200000000166,1.4115494159410351,109.0601545705196
136.23000000001662,1.4115505155510848,109.06016396713487
136.2400000000166,1.4115516147695601,109.0601733603472
136.2500000000166,1.4115527135966361,109.0601827501582
136.26000000001662,1.4115538120324869,109.06019213656934
136.2700000000166,1.4115549100772866,109.06020151958212
136.28000000001663,1.4115560077312084,109.06021089919813
136.29000000001662,1.411557104994428,109.06022027541883
136.3000000000166,1.411558201867118,109.06022964824577
136.3100000000166,1.4115592983494536,109.06023901768046
136.32000000001662,1.411560394441607,109.06024838372444
136.33000000001664,1.4115614901437525,109.0602577463792
136.34000000001663,1.4115625854560636,109.06026710564626
136.35000000001662,1.4115636803787135,109.06027646152717
136.3600000000166,1.4115647749118756,109.0602858140234
136.37000000001663,1.411565869055724,109.0602951631365
136.38000000001662,1.4115669628104306,109.06030450886796
136.39000000001664,1.4115680561761696,109.06031385121932
136.40000000001663,1.4115691491531135,109.06032319019205
136.41000000001662,1.4115702417414349,109.06033252578771
136.42000000001664,1.4115713339413076,109.06034185800777
136.43000000001663,1.4115724257529028,109.06035118685378
136.44000000001665,1.4115735171763943,109.06036051232722
136.45000000001664,1.411574608211954,109.0603698344296
136.46000000001663,1.4115756988597548,109.06037915316243
136.47000000001663,1.411576789119968,109.06038846852724
136.48000000001664,1.4115778789927673,109.06039778052549
136.49000000001666,1.411578968478324,109.06040708915874
136.50000000001666,1.4115800575768103,109.06041639442843
136.51000000001665,1.411581146288398,109.06042569633613
136.52000000001664,1.4115822346132592,109.06043499488331
136.53000000001666,1.4115833225515655,109.06044429007146
136.54000000001665,1.4115844101034887,109.06045358190211
136.55000000001667,1.4115854972692008,109.06046287037672
136.56000000001666,1.4115865840488722,109.06047215549685
136.57000000001665,1.411587670442675,109.06048143726396
136.58000000001667,1.411588756450781,109.06049071567955
136.59000000001666,1.4115898420733604,109.06049999074511
136.60000000001668,1.4115909273105849,109.06050926246215
136.61000000001667,1.4115920121626255,109.06051853083216
136.62000000001666,1.4115930966296535,109.06052779585663
136.63000000001665,1.4115941807118384,109.06053705753708
136.64000000001667,1.4115952644093532,109.06054631587496
136.6500000000167,1.4115963477223663,109.0605555708718
136.66000000001668,1.41159743065105,109.06056482252906
136.67000000001667,1.411598513195573,109.06057407084828
136.68000000001666,1.4115995953561076,109.0605833158309
136.69000000001668,1.411600677132823,109.06059255747843
136.70000000001667,1.4116017585258895,109.06060179579235
136.7100000000167,1.4116028395354774,109.06061103077415
136.72000000001668,1.4116039201617572,109.06062026242533
136.73000000001667,1.4116050004048977,109.06062949074737
136.7400000000167,1.4116060802650698,109.06063871574176
136.75000000001668,1.4116071597424424,109.06064793740995
136.7600000000167,1.411608238837186,109.06065715575347
136.7700000000167,1.4116093175494697,109.06066637077379
136.78000000001668,1.4116103958794635,109.06067558247236
136.79000000001668,1.4116114738273355,109.0606847908507
136.8000000000167,1.4116125513932565,109.06069399591027
136.81000000001671,1.4116136285773946,109.06070319765256
136.8200000000167,1.4116147053799195,109.06071239607905
136.8300000000167,1.4116157818009998,109.06072159119122
136.8400000000167,1.4116168578408046,109.06073078299052
136.8500000000167,1.4116179334995036,109.06073997147847
136.8600000000167,1.4116190087772646,109.06074915665651
136.87000000001672,1.4116200836742565,109.06075833852613
136.8800000000167,1.4116211581906482,109.0607675170888
136.8900000000167,1.4116222323266068,109.060776692346
136.90000000001672,1.4116233060823027,109.0607858642992
136.9100000000167,1.4116243794579029,109.06079503294988
136.92000000001673,1.4116254524535758,109.06080419829948
136.93000000001672,1.4116265250694904,109.06081336034951
136.9400000000167,1.4116275973058128,109.06082251910141
136.9500000000167,1.4116286691627133,109.06083167455665
136.96000000001672,1.4116297406403582,109.06084082671673
136.97000000001674,1.4116308117389156,109.06084997558308
136.98000000001673,1.4116318824585528,109.06085912115721
136.99000000001672,1.4116329527994385,109.06086826344053
137.0000000000167,1.411634022761739,109.06087740243454
137.01000000001673,1.4116350923456225,109.06088653814069
137.02000000001672,1.4116361615512563,109.06089567056047
137.03000000001674,1.4116372303788067,109.0609047996953
137.04000000001673,1.4116382988284422,109.06091392554667
137.05000000001672,1.4116393669003289,109.06092304811604
137.06000000001674,1.411640434594634,109.06093216740484
137.07000000001673,1.411641501911524,109.06094128341459
137.08000000001675,1.4116425688511665,109.06095039614668
137.09000000001674,1.4116436354137272,109.06095950560264
137.10000000001673,1.4116447015993738,109.06096861178386
137.11000000001673,1.4116457674082723,109.06097771469183
137.12000000001674,1.411646832840588,109.060986814328
137.13000000001676,1.4116478978964895,109.06099591069382
137.14000000001676,1.4116489625761413,109.06100500379075
137.15000000001675,1.41165002687971,109.06101409362024
137.16000000001674,1.411651090807362,109.06102318018375
137.17000000001676,1.4116521543592626,109.06103226348273
137.18000000001675,1.4116532175355785,109.06104134351862
137.19000000001677,1.4116542803364747,109.06105042029287
137.20000000001676,1.411655342762118,109.06105949380695
137.21000000001675,1.411656404812673,109.06106856406228
137.22000000001677,1.4116574664883048,109.06107763106034
137.23000000001676,1.4116585277891804,109.06108669480255
137.24000000001678,1.4116595887154642,109.06109575529037
137.25000000001677,1.4116606492673216,109.06110481252523
137.26000000001676,1.4116617094449182,109.06111386650859
137.27000000001675,1.4116627692484178,109.0611229172419
137.28000000001677,1.411663828677987,109.06113196472658
137.2900000000168,1.4116648877337894,109.0611410089641
137.30000000001678,1.4116659464159913,109.06115004995588
137.31000000001677,1.411667004724756,109.06115908770337
137.32000000001676,1.4116680626602487,109.061168122208
137.33000000001678,1.4116691202226337,109.06117715347123
137.34000000001677,1.4116701774120768,109.06118618149448
137.3500000000168,1.4116712342287407,109.0611952062792
137.36000000001678,1.41167229067279,109.06120422782682
137.37000000001677,1.4116733467443896,109.06121324613878
137.3800000000168,1.4116744024437036,109.0612222612165
137.39000000001678,1.4116754577708954,109.06123127306144
137.4000000000168,1.4116765127261293,109.06124028167501
137.4100000000168,1.4116775673095685,109.06124928705867
137.42000000001678,1.4116786215213788,109.06125828921384
137.43000000001678,1.4116796753617211,109.06126728814193
137.4400000000168,1.411680728830761,109.06127628384442
137.45000000001681,1.4116817819286618,109.06128527632269
137.4600000000168,1.4116828346555859,109.06129426557818
137.4700000000168,1.4116838870116974,109.06130325161236
137.4800000000168,1.4116849389971597,109.06131223442661
137.4900000000168,1.4116859906121348,109.06132121402239
137.5000000000168,1.4116870418567875,109.06133019040108
137.51000000001682,1.4116880927312794,109.06133916356417
137.5200000000168,1.411689143235774,109.06134813351302
137.5300000000168,1.4116901933704349,109.06135710024911
137.54000000001682,1.4116912431354234,109.06136606377385
137.5500000000168,1.411692292530902,109.06137502408863
137.56000000001683,1.4116933415570345,109.06138398119491
137.57000000001682,1.4116943902139831,109.06139293509408
137.5800000000168,1.4116954385019098,109.06140188578759
137.5900000000168,1.411696486420977,109.06141083327682
137.60000000001682,1.411697533971347,109.06141977756326
137.61000000001684,1.4116985811531817,109.06142871864823
137.62000000001683,1.411699627966643,109.06143765653323
137.63000000001682,1.4117006744118936,109.06144659121965
137.6400000000168,1.4117017204890947,109.0614555227089
137.65000000001683,1.4117027661984085,109.0614644510024
137.66000000001682,1.4117038115399962,109.06147337610155
137.67000000001684,1.41170485651402,109.06148229800779
137.68000000001683,1.4117059011206403,109.0614912167225
137.69000000001682,1.4117069453600206,109.06150013224713
137.70000000001684,1.4117079892323203,109.06150904458308
137.71000000001683,1.4117090327377013,109.06151795373172
137.72000000001685,1.4117100758763246,109.06152685969452
137.73000000001684,1.411711118648352,109.06153576247287
137.74000000001683,1.4117121610539436,109.06154466206816
137.75000000001683,1.4117132030932606,109.0615535584818
137.76000000001684,1.4117142447664641,109.06156245171523
137.77000000001686,1.4117152860737154,109.06157134176982
137.78000000001686,1.4117163270151738,109.06158022864699
137.79000000001685,1.4117173675910009,109.06158911234814
137.80000000001684,1.4117184078013565,109.06159799287467
137.81000000001686,1.4117194476464017,109.061606870228
137.82000000001685,1.411720487126296,109.06161574440952
137.83000000001687,1.4117215262412006,109.06162461542063
137.84000000001686,1.4117225649912752,109.06163348326274
137.85000000001685,1.4117236033766791,109.06164234793725
137.86000000001687,1.4117246413975735,109.06165120944556
137.87000000001686,1.4117256790541175,109.06166006778905
137.88000000001688,1.411726716346472,109.06166892296915
137.89000000001687,1.4117277532747954,109.06167777498722
137.90000000001686,1.4117287898392479,109.0616866238447
137.91000000001685,1.4117298260399889,109.06169546954294
137.92000000001687,1.4117308618771787,109.06170431208336
137.9300000000169,1.4117318973509747,109.06171315146737
137.94000000001688,1.4117329324615386,109.06172198769633
137.95000000001687,1.411733967209028,109.06173082077166
137.96000000001686,1.4117350015936032,109.06173965069472
137.97000000001688,1.4117360356154225,109.06174847746695
137.98000000001687,1.4117370692746443,109.0617573010897
137.9900000000169,1.4117381025714277,109.06176612156437
138.00000000001688,1.4117391355059332,109.06177493889236
138.01000000001687,1.4117401680783181,109.06178375307505
138.0200000000169,1.4117412002887404,109.06179256411383
138.03000000001688,1.4117422321373603,109.06180137201008
138.0400000000169,1.4117432636243348,109.06181017676519
138.0500000000169,1.411744294749823,109.06181897838054
138.06000000001688,1.4117453255139834,109.06182777685756
138.07000000001688,1.4117463559169734,109.06183657219756
138.0800000000169,1.4117473859589513,109.06184536440198
138.09000000001691,1.4117484156400761,109.06185415347218
138.1000000000169,1.411749444960505,109.06186293940955
138.1100000000169,1.4117504739203959,109.06187172221546
138.1200000000169,1.4117515025199066,109.06188050189128
138.1300000000169,1.4117525307591947,109.06188927843844
138.1400000000169,1.411753558638418,109.06189805185828
138.15000000001692,1.4117545861577339,109.06190682215217
138.1600000000169,1.4117556133173004,109.06191558932152
138.1700000000169,1.4117566401172743,109.06192435336766
138.18000000001692,1.4117576665578129,109.06193311429203
138.1900000000169,1.4117586926390735,109.06194187209594
138.20000000001693,1.411759718361213,109.06195062678081
138.21000000001692,1.411760743724389,109.06195937834802
138.2200000000169,1.4117617687287582,109.0619681267989
138.2300000000169,1.411762793374477,109.06197687213485
138.24000000001692,1.411763817661703,109.06198561435723
138.25000000001694,1.411764841590593,109.06199435346743
138.26000000001693,1.411765865161302,109.0620030894668
138.27000000001692,1.4117668883739887,109.06201182235671
138.2800000000169,1.411767911228808,109.06202055213855
138.29000000001693,1.4117689337259172,109.06202927881368
138.30000000001692,1.411769955865472,109.06203800238346
138.31000000001694,1.4117709776476288,109.06204672284925
138.32000000001693,1.4117719990725435,109.06205544021243
138.33000000001692,1.4117730201403722,109.06206415447438
138.34000000001694,1.4117740408512716,109.06207286563642
138.35000000001693,1.4117750612053974,109.06208157369996
138.36000000001695,1.4117760812029039,109.06209027866633
138.37000000001694,1.4117771008439486,109.06209898053692
138.38000000001693,1.4117781201286865,109.06210767931307
138.39000000001693,1.4117791390572736,109.06211637499614
138.40000000001695,1.4117801576298634,109.06212506758752
138.41000000001696,1.4117811758466143,109.06213375708853
138.42000000001696,1.411782193707679,109.06214244350056
138.43000000001695,1.411783211213215,109.06215112682496
138.44000000001694,1.4117842283633748,109.06215980706307
138.45000000001696,1.4117852451583157,109.06216848421626
138.46000000001695,1.411786261598192,109.06217715828589
138.47000000001697,1.411787277683158,109.0621858292733
138.48000000001696,1.4117882934133692,109.06219449717987
138.49000000001695,1.4117893087889803,109.06220316200695
138.50000000001697,1.4117903238101455,109.06221182375587
138.51000000001696,1.4117913384770195,109.06222048242799
138.52000000001698,1.4117923527897573,109.06222913802468
138.53000000001697,1.4117933667485123,109.06223779054729
138.54000000001696,1.4117943803534405,109.06224643999712
138.55000000001695,1.4117953936046945,109.0622550863756
138.56000000001697,1.411796406502429,109.06226372968403
138.570000000017,1.4117974190467981,109.06227236992375
138.58000000001698,1.411798431237956,109.06228100709615
138.59000000001697,1.411799443076056,109.06228964120253
138.60000000001696,1.4118004545612528,109.06229827224426
138.61000000001698,1.4118014656936997,109.06230690022268
138.62000000001697,1.41180247647355,109.06231552513914
138.630000000017,1.411803486900958,109.06232414699498
138.64000000001698,1.411804496976077,109.06233276579155
138.65000000001697,1.4118055066990602,109.06234138153019
138.660000000017,1.4118065160700612,109.06234999421221
138.67000000001698,1.4118075250892326,109.06235860383902
138.680000000017,1.4118085337567288,109.0623672104119
138.690000000017,1.4118095420727024,109.0623758139322
138.70000000001698,1.4118105500373055,109.0623844144013
138.71000000001698,1.4118115576506927,109.06239301182049
138.720000000017,1.4118125649130144,109.06240160619114
138.73000000001701,1.4118135718244265,109.06241019751455
138.740000000017,1.4118145783850797,109.06241878579209
138.750000000017,1.411815584595127,109.0624273710251
138.760000000017,1.4118165904547213,109.06243595321487
138.770000000017,1.4118175959640142,109.06244453236279
138.780000000017,1.4118186011231595,109.06245310847015
138.79000000001702,1.4118196059323078,109.06246168153831
138.800000000017,1.4118206103916129,109.06247025156858
138.810000000017,1.4118216145012261,109.06247881856233
138.82000000001702,1.4118226182612992,109.06248738252084
138.830000000017,1.4118236216719848,109.06249594344548
138.84000000001703,1.4118246247334347,109.06250450133757
138.85000000001702,1.4118256274458003,109.06251305619841
138.860000000017,1.4118266298092343,109.06252160802936
138.870000000017,1.4118276318238874,109.06253015683174
138.88000000001702,1.4118286334899113,109.06253870260687
138.89000000001704,1.4118296348074575,109.06254724535609
138.90000000001703,1.4118306357766781,109.0625557850807
138.91000000001702,1.411831636397724,109.06256432178206
138.920000000017,1.411832636670746,109.06257285546145
138.93000000001703,1.411833636595896,109.06258138612024
138.94000000001702,1.4118346361733247,109.06258991375971
138.95000000001704,1.4118356354031836,109.06259843838122
138.96000000001703,1.4118366342856232,109.06260695998606
138.97000000001702,1.411837632820794,109.06261547857557
138.98000000001704,1.4118386310088473,109.06262399415105
138.99000000001703,1.4118396288499337,109.06263250671384
139.00000000001705,1.4118406263442047,109.06264101626523
139.01000000001704,1.4118416234918092,109.0626495228066
139.02000000001703,1.4118426202928986,109.06265802633918
139.03000000001703,1.4118436167476236,109.06266652686435
139.04000000001705,1.4118446128561342,109.0626750243834
139.05000000001706,1.4118456086185802,109.06268351889766
139.06000000001706,1.4118466040351112,109.06269201040843
139.07000000001705,1.4118475991058799,109.06270049891701
139.08000000001704,1.4118485938310337,109.06270898442475
139.09000000001706,1.4118495882107234,109.06271746693294
139.10000000001705,1.411850582245099,109.0627259464429
139.11000000001707,1.4118515759343095,109.0627344229559
139.12000000001706,1.4118525692785056,109.06274289647332
139.13000000001705,1.4118535622778365,109.06275136699642
139.14000000001707,1.4118545549324522,109.06275983452653
139.15000000001706,1.4118555472425007,109.06276829906496
139.16000000001708,1.4118565392081328,109.06277676061299
139.17000000001707,1.4118575308294974,109.06278521917196
139.18000000001706,1.4118585221067435,109.06279367474315
139.19000000001705,1.4118595130400209,109.06280212732787
139.20000000001707,1.4118605036294771,109.06281057692745
139.2100000000171,1.411861493875263,109.06281902354314
139.22000000001708,1.411862483777526,109.0628274671763
139.23000000001707,1.411863473336416,109.06283590782822
139.24000000001706,1.4118644625520806,109.06284434550017
139.25000000001708,1.4118654514246696,109.06285278019348
139.26000000001707,1.4118664399543304,109.06286121190944
139.2700000000171,1.4118674281412134,109.06286964064937
139.28000000001708,1.411868415985465,109.06287806641454
139.29000000001707,1.4118694034872346,109.06288648920626
139.3000000000171,1.4118703906466705,109.06289490902584
139.31000000001708,1.4118713774639207,109.06290332587456
139.3200000000171,1.4118723639391328,109.0629117397537
139.3300000000171,1.4118733500724558,109.0629201506646
139.34000000001708,1.4118743358640367,109.06292855860853
139.35000000001708,1.4118753213140252,109.0629369635868
139.3600000000171,1.4118763064225666,109.06294536560067
139.37000000001711,1.4118772911898099,109.06295376465145
139.3800000000171,1.4118782756159027,109.06296216074047
139.3900000000171,1.4118792597009928,109.06297055386896
139.4000000000171,1.4118802434452276,109.06297894403825
139.4100000000171,1.4118812268487546,109.0629873312496
139.4200000000171,1.4118822099117205,109.06299571550434
139.43000000001712,1.4118831926342734,109.06300409680374
139.4400000000171,1.41188417501656,109.06301247514908
139.4500000000171,1.4118851570587272,109.06302085054166
139.46000000001712,1.4118861387609225,109.06302922298275
139.4700000000171,1.4118871201232928,109.06303759247366
139.48000000001713,1.4118881011459852,109.06304595901564
139.49000000001712,1.411889081829146,109.06305432261003
139.5000000000171,1.411890062172922,109.06306268325805
139.5100000000171,1.4118910421774606,109.06307104096105
139.52000000001712,1.4118920218429079,109.06307939572027
139.53000000001714,1.4118930011694093,109.063087747537
139.54000000001713,1.411893980157113,109.06309609641251
139.55000000001712,1.4118949588061642,109.06310444234809
139.5600000000171,1.41189593711671,109.06311278534504
139.57000000001713,1.4118969150888956,109.06312112540462
139.58000000001712,1.411897892722868,109.06312946252812
139.59000000001714,1.4118988700187727,109.0631377967168
139.60000000001713,1.4118998469767563,109.06314612797196
139.61000000001712,1.411900823596964,109.06315445629487
139.62000000001714,1.4119017998795416,109.06316278168678
139.63000000001713,1.411902775824636,109.06317110414902
139.64000000001715,1.4119037514323909,109.06317942368281
139.65000000001714,1.4119047267029534,109.06318774028946
139.66000000001713,1.411905701636469,109.06319605397022
139.67000000001713,1.4119066762330825,109.06320436472637
139.68000000001715,1.4119076504929395,109.0632126725592
139.69000000001716,1.4119086244161845,109.06322097746997
139.70000000001716,1.4119095980029643,109.06322927945995
139.71000000001715,1.411910571253423,109.0632375785304
139.72000000001714,1.4119115441677055,109.06324587468261
139.73000000001716,1.4119125167459579,109.06325416791783
139.74000000001715,1.4119134889883238,109.06326245823735
139.75000000001717,1.4119144608949483,109.06327074564241
139.76000000001716,1.411915432465977,109.06327903013431
139.77000000001715,1.411916403701554,109.06328731171428
139.78000000001717,1.4119173746018236,109.0632955903836
139.79000000001716,1.411918345166931,109.06330386614356
139.80000000001718,1.41191931539702,109.06331213899539
139.81000000001717,1.411920285292235,109.06332040894036
139.82000000001716,1.411921254852721,109.06332867597975
139.83000000001715,1.4119222240786216,109.06333694011482
139.84000000001717,1.4119231929700815,109.0633452013468
139.8500000000172,1.4119241615272435,109.06335345967702
139.86000000001718,1.4119251297502533,109.06336171510665
139.87000000001717,1.4119260976392536,109.06336996763703
139.88000000001716,1.4119270651943894,109.06337821726937
139.89000000001718,1.4119280324158028,109.06338646400495
139.90000000001717,1.4119289993036388,109.06339470784502
139.9100000000172,1.4119299658580413,109.06340294879084
139.92000000001718,1.4119309320791524,109.06341118684367
139.93000000001717,1.4119318979671165,109.06341942200476
139.9400000000172,1.4119328635220776,109.06342765427536
139.95000000001718,1.4119338287441776,109.06343588365674
139.9600000000172,1.4119347936335613,109.06344411015014
139.9700000000172,1.4119357581903704,109.06345233375683
139.98000000001718,1.4119367224147488,109.06346055447804
139.99000000001718,1.411937686306839,109.06346877231505
140.0000000000172,1.4119386498667852,109.06347698726908
140.01000000001721,1.411939613094729,109.0634851993414
140.0200000000172,1.4119405759908137,109.06349340853328
140.0300000000172,1.4119415385551817,109.0635016148459
140.0400000000172,1.4119425007879765,109.0635098182806
140.0500000000172,1.4119434626893397,109.06351801883855
140.0600000000172,1.4119444242594141,109.06352621652105
140.07000000001722,1.4119453854983426,109.06353441132931
140.0800000000172,1.4119463464062671,109.06354260326461
140.0900000000172,1.4119473069833297,109.06355079232819
140.10000000001722,1.4119482672296735,109.06355897852126
140.1100000000172,1.4119492271454397,109.06356716184509
140.12000000001723,1.411950186730771,109.06357534230092
140.13000000001722,1.4119511459858083,109.06358351989002
140.1400000000172,1.4119521049106953,109.06359169461359
140.1500000000172,1.4119530635055726,109.0635998664729
140.16000000001722,1.411954021770582,109.06360803546916
140.17000000001724,1.411954979705866,109.06361620160362
140.18000000001723,1.4119559373115653,109.06362436487757
140.19000000001722,1.4119568945878211,109.06363252529219
140.2000000000172,1.4119578515347764,109.06364068284873
140.21000000001723,1.411958808152572,109.06364883754844
140.22000000001722,1.4119597644413484,109.06365698939257
140.23000000001724,1.4119607204012476,109.06366513838233
140.24000000001723,1.411961676032411,109.06367328451897
140.25000000001722,1.411962631334979,109.06368142780371
140.26000000001724,1.4119635863090931,109.0636895682378
140.27000000001723,1.4119645409548942,109.06369770582248
140.28000000001725,1.4119654952725227,109.06370584055897
140.29000000001724,1.4119664492621204,109.06371397244851
140.30000000001723,1.4119674029238272,109.06372210149232
140.31000000001723,1.4119683562577843,109.06373022769164
140.32000000001725,1.4119693092641317,109.0637383510477
140.33000000001726,1.4119702619430106,109.06374647156173
140.34000000001726,1.411971214294561,109.06375458923497
140.35000000001725,1.4119721663189237,109.06376270406862
140.36000000001724,1.4119731180162387,109.06377081606394
140.37000000001726,1.411974069386646,109.06377892522215
140.38000000001725,1.411975020430286,109.06378703154446
140.39000000001727,1.4119759711472988,109.06379513503214
140.40000000001726,1.4119769215378248,109.06380323568635
140.41000000001725,1.4119778716020035,109.06381133350835
140.42000000001727,1.411978821339975,109.06381942849939
140.43000000001726,1.411979770751878,109.06382752066065
140.44000000001728,1.4119807198378538,109.06383560999338
140.45000000001727,1.4119816685980415,109.06384369649878
140.46000000001726,1.4119826170325804,109.0638517801781
140.47000000001725,1.41198356514161,109.06385986103255
140.48000000001727,1.4119845129252704,109.06386793906333
140.4900000000173,1.4119854603836997,109.0638760142717
140.50000000001728,1.4119864075170383,109.06388408665885
140.51000000001727,1.4119873543254262,109.063892156226
140.52000000001726,1.4119883008089997,109.06390022297438
140.53000000001728,1.4119892469679,109.0639082869052
140.54000000001727,1.4119901928022665,109.06391634801969
140.5500000000173,1.4119911383122368,109.06392440631905
140.56000000001728,1.4119920834979507,109.06393246180448
140.57000000001727,1.4119930283595465,109.06394051447725
140.5800000000173,1.4119939728971627,109.06394856433852
140.59000000001728,1.4119949171109385,109.06395661138954
140.6000000000173,1.4119958610010124,109.0639646556315
140.6100000000173,1.4119968045675215,109.06397269706562
140.62000000001728,1.4119977478106074,109.06398073569311
140.63000000001728,1.4119986907304052,109.06398877151518
140.6400000000173,1.4119996333270546,109.06399680453306
140.65000000001731,1.412000575600694,109.06400483474793
140.6600000000173,1.412001517551461,109.06401286216102
140.6700000000173,1.412002459179494,109.06402088677353
140.6800000000173,1.4120034004849313,109.06402890858668
140.6900000000173,1.41200434146791,109.06403692760166
140.7000000000173,1.412005282128569,109.06404494381968
140.71000000001732,1.4120062224670444,109.06405295724197
140.7200000000173,1.4120071624834758,109.06406096786971
140.7300000000173,1.4120081021779995,109.0640689757041
140.74000000001732,1.4120090415507542,109.06407698074636
140.7500000000173,1.4120099806018764,109.06408498299771
140.76000000001733,1.4120109193315036,109.06409298245933
140.77000000001732,1.4120118577397747,109.0641009791324
140.7800000000173,1.412012795826825,109.06410897301818
140.7900000000173,1.4120137335927923,109.06411696411783
140.80000000001732,1.4120146710378145,109.06412495243256
140.81000000001734,1.4120156081620279,109.06413293796356
140.82000000001733,1.4120165449655695,109.06414092071206
140.83000000001732,1.4120174814485764,109.06414890067924
140.8400000000173,1.4120184176111858,109.0641568778663
140.85000000001733,1.4120193534535344,109.06416485227442
140.86000000001732,1.4120202889757587,109.06417282390483
140.87000000001734,1.4120212241779948,109.06418079275869
140.88000000001733,1.41202215906038,109.06418875883722
140.89000000001732,1.412023093623051,109.06419672214162
140.90000000001734,1.4120240278661438,109.06420468267306
140.91000000001733,1.412024961789795,109.06421264043276
140.92000000001735,1.412025895394141,109.0642205954219
140.93000000001734,1.412026828679317,109.06422854764168
140.94000000001733,1.4120277616454604,109.06423649709328
140.95000000001733,1.4120286942927072,109.0642444437779
140.96000000001735,1.4120296266211931,109.06425238769673
140.97000000001736,1.4120305586310533,109.06426032885096
140.98000000001736,1.412031490322425,109.06426826724179
140.99000000001735,1.412032421695443,109.06427620287037
141.00000000001734,1.4120333527502436,109.06428413573795
141.01000000001736,1.4120342834869621,109.06429206584568
141.02000000001735,1.412035213905735,109.06429999319474
141.03000000001737,1.4120361440066966,109.06430791778632
141.04000000001736,1.4120370737899832,109.06431583962164
141.05000000001735,1.4120380032557298,109.06432375870183
141.06000000001737,1.4120389324040719,109.06433167502813
141.07000000001736,1.4120398612351441,109.0643395886017
141.08000000001738,1.4120407897490823,109.06434749942372
141.09000000001737,1.4120417179460216,109.06435540749537
141.10000000001736,1.4120426458260973,109.06436331281783
141.11000000001735,1.4120435733894432,109.06437121539231
141.12000000001737,1.4120445006361955,109.06437911521995
141.1300000000174,1.4120454275664882,109.06438701230196
141.14000000001738,1.4120463541804562,109.06439490663952
141.15000000001737,1.4120472804782345,109.0644027982338
141.16000000001736,1.4120482064599578,109.06441068708597
141.17000000001738,1.41204913212576,109.06441857319723
141.18000000001737,1.412050057475776,109.06442645656874
141.1900000000174,1.4120509825101404,109.06443433720169
141.20000000001738,1.4120519072289872,109.06444221509726
141.21000000001737,1.412052831632451,109.06445009025659
141.2200000000174,1.4120537557206663,109.06445796268088
141.23000000001738,1.412054679493766,109.06446583237131
141.2400000000174,1.412055602951885,109.06447369932907
141.2500000000174,1.4120565260951576,109.06448156355529
141.26000000001738,1.4120574489237174,109.06448942505116
141.27000000001738,1.412058371437698,109.06449728381786
141.2800000000174,1.4120592936372334,109.06450513985656
141.29000000001741,1.4120602155224578,109.06451299316844
141.3000000000174,1.4120611370935034,109.06452084375464
141.3100000000174,1.412062058350506,109.06452869161635
141.3200000000174,1.4120629792935975,109.06453653675476
141.3300000000174,1.4120638999229114,109.064544379171
141.3400000000174,1.4120648202385822,109.06455221886625
141.35000000001742,1.4120657402407415,109.0645600558417
141.3600000000174,1.412066659929524,109.06456789009849
141.3700000000174,1.4120675793050628,109.0645757216378
141.38000000001742,1.4120684983674905,109.06458355046078
141.3900000000174,1.4120694171169397,109.06459137656861
141.40000000001743,1.4120703355535444,109.06459919996244
141.41000000001742,1.412071253677437,109.06460702064345
141.4200000000174,1.41207217148875,109.0646148386128
141.4300000000174,1.4120730889876165,109.06462265387164
141.44000000001742,1.4120740061741697,109.06463046642115
141.45000000001744,1.4120749230485417,109.06463827626249
141.46000000001743,1.4120758396108646,109.0646460833968
141.47000000001742,1.4120767558612715,109.06465388782526
141.4800000000174,1.412077671799895,109.06466168954901
141.49000000001743,1.4120785874268675,109.06466948856924
141.50000000001742,1.41207950274232,109.06467728488708
141.51000000001744,1.4120804177463866,109.06468507850371
141.52000000001743,1.4120813324391988,109.06469286942026
141.53000000001742,1.412082246820888,109.0647006576379
141.54000000001744,1.4120831608915863,109.0647084431578
141.55000000001743,1.4120840746514265,109.0647162259811
141.56000000001745,1.4120849881005395,109.06472400610896
141.57000000001744,1.412085901239058,109.06473178354253
141.58000000001744,1.4120868140671137,109.06473955828295
141.59000000001743,1.4120877265848375,109.06474733033141
141.60000000001745,1.4120886387923615,109.06475509968904
141.61000000001746,1.4120895506898172,109.06476286635699
141.62000000001746,1.4120904622773363,109.06477063033641
141.63000000001745,1.4120913735550498,109.06477839162847
141.64000000001744,1.4120922845230894,109.0647861502343
141.65000000001746,1.4120931951815863,109.06479390615503
141.66000000001745,1.4120941055306715,109.06480165939188
141.67000000001747,1.4120950155704763,109.06480940994592
141.68000000001746,1.4120959253011314,109.06481715781834
141.69000000001745,1.4120968347227685,109.06482490301026
141.70000000001747,1.4120977438355178,109.06483264552288
141.71000000001746,1.4120986526395114,109.06484038535727
141.72000000001748,1.4120995611348786,109.06484812251466
141.73000000001747,1.412100469321751,109.06485585699612
141.74000000001746,1.4121013772002593,109.06486358880282
141.75000000001745,1.4121022847705333,109.06487131793592
141.76000000001747,1.4121031920327052,109.06487904439656
141.7700000000175,1.4121040989869034,109.06488676818587
141.78000000001748,1.4121050056332596,109.06489448930499
141.79000000001747,1.4121059119719042,109.06490220775507
141.80000000001746,1.412106818002967,109.06490992353724
141.81000000001748,1.4121077237265782,109.06491763665267
141.82000000001747,1.4121086291428675,109.06492534710246
141.8300000000175,1.4121095342519667,109.06493305488777
141.84000000001748,1.412110439054004,109.06494076000973
141.85000000001747,1.4121113435491102,109.06494846246949
141.8600000000175,1.4121122477374144,109.06495616226819
141.87000000001748,1.4121131516190482,109.06496385940694
141.8800000000175,1.412114055194139,109.0649715538869
141.8900000000175,1.4121149584628183,109.0649792457092
141.90000000001749,1.4121158614252145,109.06498693487497
141.91000000001748,1.4121167640814576,109.06499462138537
141.9200000000175,1.412117666431677,109.06500230524148
141.93000000001751,1.4121185684760027,109.06500998644448
141.9400000000175,1.4121194702145636,109.0650176649955
141.9500000000175,1.4121203716474886,109.06502534089563
141.9600000000175,1.4121212727749075,109.06503301414607
141.9700000000175,1.4121221735969485,109.06504068474788
141.9800000000175,1.4121230741137423,109.06504835270223
141.99000000001752,1.4121239743254168,109.06505601801025
142.0000000000175,1.412124874232101,109.06506368067306
142.0100000000175,1.4121257738339237,109.06507134069179
142.02000000001752,1.412126673131014,109.06507899806758
142.0300000000175,1.4121275721235003,109.06508665280153
142.04000000001753,1.412128470811512,109.06509430489479
142.05000000001752,1.4121293691951775,109.06510195434848
142.0600000000175,1.412130267274625,109.06510960116371
142.0700000000175,1.412131165049983,109.06511724534163
142.08000000001752,1.4121320625213798,109.06512488688337
142.09000000001754,1.412132959688944,109.06513252579002
142.10000000001753,1.412133856552805,109.06514016206272
142.11000000001752,1.4121347531130888,109.0651477957026
142.1200000000175,1.4121356493699253,109.06515542671079
142.13000000001753,1.4121365453234411,109.06516305508838
142.14000000001752,1.4121374409737655,109.06517068083653
142.15000000001754,1.4121383363210265,109.06517830395633
142.16000000001753,1.412139231365351,109.06518592444891
142.17000000001752,1.412140126106868,109.06519354231538
142.18000000001754,1.4121410205457041,109.06520115755688
142.19000000001753,1.4121419146819874,109.06520877017452
142.20000000001755,1.4121428085158458,109.06521638016942
142.21000000001754,1.4121437020474077,109.0652239875427
142.22000000001754,1.4121445952767984,109.06523159229545
142.23000000001753,1.4121454882041473,109.06523919442881
142.24000000001755,1.4121463808295809,109.06524679394388
142.25000000001756,1.4121472731532272,109.06525439084182
142.26000000001756,1.4121481651752126,109.06526198512368
142.27000000001755,1.4121490568956643,109.06526957679061
142.28000000001754,1.4121499483147102,109.06527716584372
142.29000000001756,1.4121508394324769,109.06528475228411
142.30000000001755,1.412151730249091,109.06529233611292
142.31000000001757,1.4121526207646802,109.06529991733125
142.32000000001756,1.412153510979371,109.06530749594016
142.33000000001755,1.41215440089329,109.06531507194084
142.34000000001757,1.4121552905065646,109.06532264533436
142.35000000001756,1.4121561798193205,109.06533021612184
142.36000000001758,1.412157068831685,109.06533778430438
142.37000000001757,1.4121579575437841,109.06534534988307
142.38000000001756,1.4121588459557448,109.06535291285905
142.39000000001755,1.4121597340676937,109.06536047323343
142.40000000001757,1.4121606218797562,109.06536803100728
142.4100000000176,1.4121615093920592,109.06537558618174
142.42000000001758,1.4121623966047288,109.0653831387579
142.43000000001757,1.4121632835178914,109.06539068873687
142.44000000001756,1.412164170131673,109.06539823611975
142.45000000001758,1.4121650564461987,109.06540578090764
142.46000000001757,1.4121659424615967,109.06541332310167
142.4700000000176,1.4121668281779904,109.0654208627029
142.48000000001758,1.4121677135955066,109.06542839971246
142.49000000001757,1.4121685987142711,109.06543593413144
142.5000000000176,1.4121694835344105,109.06544346596094
142.51000000001758,1.412170368056049,109.06545099520207
142.5200000000176,1.4121712522793128,109.06545852185593
142.5300000000176,1.4121721362043276,109.06546604592361
142.54000000001759,1.412173019831218,109.06547356740622
142.55000000001758,1.4121739031601106,109.06548108630486
142.5600000000176,1.41217478619113,109.06548860262059
142.57000000001761,1.4121756689244012,109.06549611635455
142.5800000000176,1.4121765513600502,109.06550362750782
142.5900000000176,1.4121774334982014,109.06551113608151
142.6000000000176,1.4121783153389804,109.0655186420767
142.6100000000176,1.412179196882512,109.06552614549447
142.6200000000176,1.4121800781289213,109.06553364633595
142.63000000001762,1.4121809590783332,109.06554114460221
142.6400000000176,1.4121818397308714,109.06554864029435
142.6500000000176,1.4121827200866621,109.06555613341347
142.66000000001762,1.4121836001458297,109.06556362396064
142.6700000000176,1.412184479908498,109.06557111193696
142.68000000001763,1.4121853593747922,109.06557859734355
142.69000000001762,1.4121862385448367,109.06558608018145
142.7000000000176,1.4121871174187561,109.06559356045179
142.7100000000176,1.4121879959966748,109.06560103815563
142.72000000001762,1.4121888742787163,109.0656085132941
142.73000000001764,1.4121897522650062,109.06561598586823
142.74000000001763,1.412190629955668,109.06562345587916
142.75000000001762,1.4121915073508247,109.06563092332796
142.7600000000176,1.4121923844506021,109.06563838821569
142.77000000001763,1.4121932612551231,109.06564585054348
142.78000000001762,1.412194137764513,109.06565331031238
142.79000000001764,1.4121950139788944,109.0656607675235
142.80000000001763,1.4121958898983906,109.06566822217789
142.81000000001762,1.4121967655231265,109.06567567427668
142.82000000001764,1.4121976408532253,109.06568312382092
142.83000000001763,1.412198515888811,109.0656905708117
142.84000000001765,1.412199390630007,109.0656980152501
142.85000000001764,1.4122002650769359,109.06570545713721
142.86000000001764,1.4122011392297225,109.06571289647412
142.87000000001763,1.41220201308849,109.0657203332619
142.88000000001765,1.4122028866533607,109.0657277675016
142.89000000001766,1.4122037599244581,109.06573519919435
142.90000000001766,1.4122046329019065,109.06574262834118
142.91000000001765,1.412205505585827,109.06575005494321
142.92000000001764,1.412206377976345,109.0657574790015
142.93000000001766,1.4122072500735818,109.06576490051712
142.94000000001765,1.412208121877661,109.06577231949117
142.95000000001767,1.4122089933887054,109.06577973592472
142.96000000001766,1.412209864606838,109.06578714981882
142.97000000001765,1.4122107355321802,109.06579456117456
142.98000000001767,1.4122116061648569,109.06580196999299
142.99000000001766,1.4122124765049886,109.06580937627524
143.00000000001768,1.4122133465526994,109.06581678002235
143.01000000001767,1.412214216308111,109.0658241812354
143.02000000001766,1.412215085771346,109.06583157991544
143.03000000001765,1.4122159549425275,109.06583897606356
143.04000000001767,1.4122168238217765,109.06584636968086
143.0500000000177,1.412217692409216,109.06585376076835
143.06000000001768,1.412218560704968,109.06586114932715
143.07000000001767,1.412219428709154,109.0658685353583
143.08000000001766,1.4122202964218977,109.06587591886289
143.09000000001768,1.4122211638433197,109.06588329984196
143.10000000001767,1.412222030973542,109.06589067829661
143.1100000000177,1.4122228978126872,109.0658980542279
143.12000000001768,1.4122237643608768,109.06590542763688
143.13000000001767,1.4122246306182327,109.06591279852462
143.1400000000177,1.4122254965848757,109.0659201668922
143.15000000001768,1.4122263622609286,109.06592753274069
143.1600000000177,1.4122272276465127,109.06593489607111
143.1700000000177,1.412228092741749,109.0659422568846
143.18000000001769,1.412228957546759,109.06594961518215
143.19000000001768,1.4122298220616645,109.06595697096486
143.2000000000177,1.4122306862865868,109.06596432423378
143.21000000001771,1.4122315502216471,109.06597167499
143.2200000000177,1.412232413866966,109.06597902323453
143.2300000000177,1.4122332772226653,109.06598636896848
143.2400000000177,1.412234140288866,109.06599371219288
143.2500000000177,1.4122350030656892,109.0660010529088
143.2600000000177,1.4122358655532552,109.06600839111731
143.27000000001772,1.4122367277516856,109.06601572681946
143.2800000000177,1.412237589661101,109.0660230600163
143.2900000000177,1.4122384512816224,109.06603039070889
143.30000000001772,1.4122393126133703,109.0660377188983
143.3100000000177,1.412240173656465,109.06604504458558
143.32000000001773,1.4122410344110272,109.06605236777177
143.33000000001772,1.412241894877178,109.06605968845795
143.3400000000177,1.4122427550550372,109.06606700664517
143.3500000000177,1.4122436149447262,109.06607432233447
143.36000000001772,1.4122444745463643,109.06608163552691
143.37000000001774,1.4122453338600718,109.06608894622357
143.38000000001773,1.4122461928859693,109.06609625442547
143.39000000001772,1.4122470516241774,109.06610356013367
143.4000000000177,1.4122479100748153,109.06611086334924
143.41000000001773,1.4122487682380036,109.06611816407319
143.42000000001772,1.4122496261138622,109.0661254623066
143.43000000001774,1.412250483702511,109.06613275805053
143.44000000001773,1.41225134100407,109.06614005130601
143.45000000001772,1.4122521980186584,109.06614734207409
143.46000000001774,1.412253054746397,109.06615463035584
143.47000000001773,1.4122539111874042,109.06616191615228
143.48000000001775,1.4122547673418004,109.06616919946448
143.49000000001774,1.4122556232097057,109.06617648029348
143.50000000001774,1.4122564787912382,109.06618375864032
143.51000000001773,1.4122573340865185,109.06619103450603
143.52000000001775,1.4122581890956654,109.0661983078917
143.53000000001776,1.4122590438187983,109.06620557879835
143.54000000001776,1.4122598982560368,109.06621284722702
143.55000000001775,1.4122607524074997,109.06622011317876
143.56000000001774,1.4122616062733058,109.06622737665462
143.57000000001776,1.4122624598535751,109.06623463765563
143.58000000001775,1.412263313148427,109.06624189618283
143.59000000001777,1.412264166157978,109.06624915223728
143.60000000001776,1.4122650188823493,109.06625640582
143.61000000001775,1.4122658713216591,109.06626365693207
143.62000000001777,1.4122667234760262,109.06627090557448
143.63000000001776,1.4122675753455691,109.06627815174829
143.64000000001778,1.4122684269304064,109.06628539545454
143.65000000001777,1.4122692782306574,109.06629263669429
143.66000000001776,1.4122701292464401,109.06629987546854
143.67000000001775,1.4122709799778725,109.06630711177837
143.68000000001777,1.4122718304250745,109.06631434562478
143.6900000000178,1.412272680588163,109.06632157700882
143.70000000001778,1.4122735304672562,109.06632880593152
143.71000000001777,1.412274380062474,109.06633603239392
143.72000000001776,1.4122752293739331,109.06634325639706
143.73000000001778,1.412276078401752,109.06635047794198
143.74000000001777,1.4122769271460487,109.0663576970297
143.7500000000178,1.412277775606942,109.06636491366126
143.76000000001778,1.4122786237845484,109.0663721278377
143.77000000001777,1.412279471678987,109.06637933956003
143.7800000000178,1.4122803192903752,109.06638654882931
143.79000000001778,1.4122811666188306,109.06639375564654
143.8000000000178,1.4122820136644707,109.06640096001279
143.8100000000178,1.4122828604274145,109.06640816192905
143.82000000001779,1.412283706907778,109.06641536139638
143.83000000001778,1.4122845531056794,109.0664225584158
143.8400000000178,1.4122853990212354,109.06642975298833
143.85000000001781,1.412286244654565,109.06643694511502
143.8600000000178,1.4122870900057845,109.06644413479688
143.8700000000178,1.4122879350750113,109.06645132203494
143.8800000000178,1.4122887798623627,109.06645850683022
143.8900000000178,1.4122896243679564,109.06646568918376
143.9000000000178,1.4122904685919087,109.06647286909657
143.91000000001782,1.4122913125343366,109.0664800465697
143.9200000000178,1.4122921561953579,109.06648722160415
143.9300000000178,1.4122929995750888,109.06649439420096
143.94000000001782,1.4122938426736464,109.06650156436115
143.9500000000178,1.4122946854911478,109.06650873208575
143.96000000001783,1.4122955280277096,109.06651589737575
143.97000000001782,1.4122963702834486,109.06652306023221
143.9800000000178,1.4122972122584811,109.06653022065613
143.9900000000178,1.4122980539529244,109.06653737864855
144.00000000001782,1.4122988953668942,109.06654453421048
144.01000000001784,1.4122997365005077,109.06655168734294
144.02000000001783,1.4123005773538806,109.06655883804694
144.03000000001782,1.4123014179271298,109.06656598632352
144.0400000000178,1.4123022582203713,109.06657313217367
144.05000000001783,1.412303098233722,109.06658027559844
144.06000000001782,1.4123039379672964,109.06658741659882
144.07000000001784,1.4123047774212127,109.06659455517585
144.08000000001783,1.4123056165955856,109.06660169133055
144.09000000001782,1.4123064554905316,109.0666088250639
144.10000000001784,1.412307294106167,109.06661595637695
144.11000000001783,1.4123081324426066,109.06662308527069
144.12000000001785,1.4123089704999672,109.06663021174616
144.13000000001784,1.4123098082783645,109.06663733580436
144.14000000001784,1.4123106457779138,109.0666444574463
144.15000000001783,1.4123114829987318,109.066651576673
144.16000000001785,1.412312319940932,109.06665869348546
144.17000000001786,1.4123131566046319,109.06666580788473
144.18000000001786,1.4123139929899462,109.06667291987179
144.19000000001785,1.4123148290969905,109.06668002944764
144.20000000001784,1.4123156649258792,109.06668713661331
144.21000000001786,1.4123165004767293,109.0666942413698
144.22000000001785,1.4123173357496555,109.06670134371814
144.23000000001787,1.4123181707447723,109.06670844365931
144.24000000001786,1.4123190054621952,109.06671554119434
144.25000000001785,1.4123198399020396,109.06672263632423
144.26000000001787,1.4123206740644212,109.06672972905
144.27000000001786,1.412321507949453,109.06673681937262
144.28000000001788,1.412322341557251,109.06674390729314
144.29000000001787,1.4123231748879304,109.06675099281253
144.30000000001786,1.4123240079416053,109.06675807593183
144.31000000001785,1.412324840718391,109.06676515665201
144.32000000001787,1.4123256732184026,109.06677223497411
144.3300000000179,1.4123265054417529,109.06677931089911
144.34000000001788,1.4123273373885579,109.06678638442801
144.35000000001787,1.4123281690589324,109.06679345556184
144.36000000001786,1.4123290004529898,109.06680052430158
144.37000000001788,1.4123298315708455,109.06680759064824
144.38000000001787,1.412330662412613,109.06681465460281
144.3900000000179,1.4123314929784068,109.0668217161663
144.40000000001788,1.4123323232683418,109.0668287753397
144.41000000001787,1.4123331532825307,109.06683583212403
144.4200000000179,1.412333983021089,109.06684288652028
144.43000000001788,1.4123348124841302,109.06684993852946
144.4400000000179,1.4123356416717685,109.06685698815254
144.4500000000179,1.4123364705841175,109.06686403539052
144.46000000001789,1.4123372992212913,109.06687108024443
144.47000000001788,1.4123381275834035,109.06687812271525
144.4800000000179,1.412338955670568,109.06688516280397
144.49000000001791,1.412339783482899,109.0668922005116
144.5000000000179,1.4123406110205097,109.06689923583912
144.5100000000179,1.4123414382835133,109.06690626878753
144.5200000000179,1.412342265272024,109.06691329935784
144.5300000000179,1.4123430919861553,109.066920327551
144.5400000000179,1.41234391842602,109.06692735336806
144.55000000001792,1.4123447445917314,109.06693437680998
144.5600000000179,1.4123455704834045,109.06694139787774
144.5700000000179,1.4123463961011504,109.06694841657237
144.58000000001792,1.4123472214450834,109.06695543289484
144.5900000000179,1.4123480465153166,109.06696244684615
144.60000000001793,1.4123488713119625,109.06696945842728
144.61000000001792,1.4123496958351347,109.06697646763921
144.6200000000179,1.4123505200849462,109.06698347448295
144.6300000000179,1.4123513440615096,109.0669904789595
144.64000000001792,1.4123521677649387,109.0669974810698
144.65000000001794,1.4123529911953445,109.06700448081489
144.66000000001793,1.4123538143528416,109.06701147819572
144.67000000001792,1.412354637237541,109.06701847321331
144.6800000000179,1.412355459849557,109.06702546586862
144.69000000001793,1.4123562821890001,109.06703245616265
144.70000000001792,1.412357104255985,109.06703944409638
144.71000000001794,1.4123579260506236,109.0670464296708
144.72000000001793,1.4123587475730282,109.06705341288688
144.73000000001792,1.4123595688233097,109.06706039374562
144.74000000001794,1.4123603898015826,109.06706737224802
144.75000000001793,1.4123612105079577,109.06707434839501
144.76000000001795,1.4123620309425484,109.06708132218762
144.77000000001794,1.4123628511054653,109.06708829362682
144.78000000001794,1.4123636709968215,109.06709526271358
144.79000000001793,1.4123644906167294,109.06710222944889
144.80000000001795,1.4123653099652997,109.06710919383373
144.81000000001796,1.4123661290426446,109.06711615586907
144.82000000001796,1.4123669478488776,109.06712311555592
144.83000000001795,1.4123677663841085,109.06713007289524
144.84000000001794,1.4123685846484497,109.06713702788801
144.85000000001796,1.4123694026420137,109.06714398053518
144.86000000001795,1.4123702203649102,109.06715093083777
144.87000000001797,1.412371037817253,109.06715787879675
144.88000000001796,1.4123718549991522,109.06716482441307
144.89000000001795,1.4123726719107195,109.06717176768774
144.90000000001797,1.4123734885520662,109.06717870862171
144.91000000001796,1.4123743049233044,109.06718564721598
144.92000000001798,1.4123751210245457,109.0671925834715
144.93000000001797,1.4123759368558995,109.06719951738924
144.94000000001796,1.4123767524174782,109.06720644897021
144.95000000001795,1.4123775677093928,109.06721337821534
144.96000000001797,1.4123783827317553,109.06722030512564
144.970000000018,1.4123791974846749,109.06722722970207
144.98000000001798,1.412380011968263,109.06723415194561
144.99000000001797,1.4123808261826318,109.0672410718572
145.00000000001796,1.4123816401278908,109.06724798943783
145.01000000001798,1.4123824538041516,109.06725490468848
145.02000000001797,1.4123832672115249,109.06726181761012
145.030000000018,1.4123840803501206,109.06726872820369
145.04000000001798,1.4123848932200502,109.0672756364702
145.05000000001797,1.412385705821424,109.06728254241058
145.060000000018,1.4123865181543525,109.06728944602584
145.07000000001798,1.4123873302189465,109.06729634731691
145.080000000018,1.4123881420153155,109.06730324628477
145.090000000018,1.4123889535435707,109.0673101429304
145.10000000001799,1.4123897648038222,109.06731703725474
145.11000000001798,1.4123905757961808,109.06732392925878
145.120000000018,1.4123913865207554,109.06733081894346
145.13000000001801,1.4123921969776567,109.06733770630979
145.140000000018,1.4123930071669952,109.06734459135868
145.150000000018,1.4123938170888812,109.06735147409113
145.160000000018,1.4123946267434235,109.06735835450809
145.170000000018,1.4123954361307334,109.06736523261051
145.180000000018,1.4123962452509196,109.06737210839937
145.19000000001802,1.4123970541040922,109.06737898187563
145.200000000018,1.4123978626903615,109.06738585304028
145.210000000018,1.4123986710098368,109.06739272189421
145.22000000001802,1.4123994790626275,109.06739958843845
145.230000000018,1.4124002868488439,109.06740645267391
145.24000000001803,1.4124010943685947,109.06741331460157
145.25000000001802,1.4124019016219904,109.0674201742224
145.260000000018,1.412402708609139,109.06742703153735
145.270000000018,1.4124035153301515,109.06743388654736
145.28000000001802,1.4124043217851365,109.06744073925343
145.29000000001804,1.412405127974203,109.06744758965645
145.30000000001803,1.4124059338974602,109.06745443775746
145.31000000001802,1.4124067395550177,109.06746128355735
145.320000000018,1.4124075449469846,109.06746812705711
145.33000000001803,1.4124083500734699,109.06747496825767
145.34000000001802,1.4124091549345823,109.06748180716001
145.35000000001804,1.412409959530431,109.06748864376507
145.36000000001803,1.4124107638611245,109.06749547807381
145.37000000001802,1.4124115679267728,109.06750231008718
145.38000000001804,1.4124123717274828,109.06750913980612
145.39000000001803,1.4124131752633649,109.0675159672316
145.40000000001805,1.412413978534527,109.06752279236458
145.41000000001804,1.4124147815410781,109.06752961520598
145.42000000001804,1.4124155842831267,109.06753643575678
145.43000000001803,1.412416386760781,109.06754325401792
145.44000000001805,1.4124171889741506,109.06755006999035
145.45000000001806,1.4124179909233412,109.06755688367502
145.46000000001806,1.4124187926084637,109.06756369507288
145.47000000001805,1.4124195940296256,109.06757050418487
145.48000000001804,1.4124203951869359,109.06757731101195
145.49000000001806,1.4124211960805013,109.06758411555506
145.50000000001805,1.4124219967104308,109.06759091781515
145.51000000001807,1.4124227970768317,109.06759771779318
145.52000000001806,1.4124235971798142,109.06760451549006
145.53000000001805,1.4124243970194834,109.06761131090677
145.54000000001807,1.4124251965959493,109.06761810404424
145.55000000001806,1.4124259959093188,109.06762489490343
145.56000000001808,1.4124267949597007,109.06763168348526
145.57000000001807,1.4124275937472017,109.06763846979071
145.58000000001806,1.4124283922719303,109.06764525382067
145.59000000001805,1.4124291905339927,109.06765203557613
145.60000000001807,1.412429988533498,109.06765881505801
145.6100000000181,1.412430786270554,109.06766559226728
145.62000000001808,1.4124315837452677,109.06767236720482
145.63000000001807,1.412432380957746,109.06767913987164
145.64000000001806,1.4124331779080959,109.06768591026865
145.65000000001808,1.4124339745964267,109.06769267839677
145.66000000001807,1.4124347710228438,109.06769944425697
145.6700000000181,1.4124355671874553,109.0677062078502
145.68000000001808,1.4124363630903685,109.06771296917736
145.69000000001807,1.4124371587316902,109.06771972823941
145.7000000000181,1.412437954111527,109.06772648503728
145.71000000001808,1.4124387492299875,109.06773323957192
145.7200000000181,1.4124395440871764,109.06773999184426
145.7300000000181,1.4124403386832032,109.06774674185525
145.74000000001809,1.4124411330181728,109.06775348960579
145.75000000001808,1.4124419270921924,109.06776023509686
145.7600000000181,1.4124427209053692,109.06776697832935
145.77000000001811,1.4124435144578096,109.06777371930421
145.7800000000181,1.4124443077496205,109.0677804580224
145.7900000000181,1.4124451007809085,109.06778719448484
145.8000000000181,1.4124458935517799,109.06779392869245
145.8100000000181,1.4124466860623408,109.06780066064618
145.8200000000181,1.412447478312699,109.06780739034693
145.83000000001812,1.4124482703029597,109.06781411779568
145.8400000000181,1.4124490620332295,109.06782084299333
145.8500000000181,1.412449853503615,109.06782756594082
145.86000000001812,1.412450644714222,109.06783428663907
145.8700000000181,1.412451435665157,109.06784100508902
145.88000000001813,1.4124522263565256,109.0678477212916
145.89000000001812,1.412453016788435,109.06785443524774
145.9000000000181,1.4124538069609904,109.06786114695835
145.9100000000181,1.4124545968742979,109.0678678564244
145.92000000001812,1.4124553865284633,109.06787456364677
145.93000000001814,1.4124561759235923,109.06788126862641
145.94000000001813,1.4124569650597916,109.06788797136424
145.95000000001812,1.4124577539371663,109.06789467186121
145.9600000000181,1.412458542555822,109.06790137011821
145.97000000001813,1.4124593309158648,109.0679080661362
145.98000000001812,1.4124601190174,109.06791475991606
145.99000000001814,1.4124609068605325,109.06792145145877
146.00000000001813,1.4124616944453694,109.06792814076523
146.01000000001812,1.412462481772015,109.06793482783634
146.02000000001814,1.412463268840575,109.06794151267306
146.03000000001813,1.4124640556511545,109.06794819527629
146.04000000001815,1.4124648422038595,109.06795487564695
146.05000000001814,1.412465628498794,109.06796155378598
146.06000000001814,1.4124664145360648,109.06796822969429
146.07000000001813,1.4124672003157759,109.0679749033728
146.08000000001815,1.4124679858380327,109.06798157482243
146.09000000001816,1.4124687711029402,109.0679882440441
146.10000000001816,1.4124695561106033,109.06799491103874
146.11000000001815,1.412470340861127,109.06800157580726
146.12000000001814,1.4124711253546165,109.06800823835057
146.13000000001816,1.4124719095911762,109.06801489866962
146.14000000001815,1.4124726935709113,109.06802155676527
146.15000000001817,1.4124734772939265,109.0680282126385
146.16000000001816,1.4124742607603258,109.06803486629019
146.17000000001815,1.412475043970214,109.06804151772127
146.18000000001817,1.4124758269236963,109.06804816693266
146.19000000001816,1.412476609620877,109.06805481392526
146.20000000001818,1.41247739206186,109.06806145869999
146.21000000001817,1.412478174246751,109.06806810125777
146.22000000001816,1.412478956175653,109.0680747415995
146.23000000001815,1.4124797378486706,109.06808137972612
146.24000000001817,1.4124805192659087,109.06808801563851
146.2500000000182,1.4124813004274706,109.06809464933762
146.26000000001818,1.4124820813334618,109.06810128082434
146.27000000001817,1.4124828619839849,109.06810791009958
146.28000000001816,1.412483642379145,109.06811453716426
146.29000000001818,1.412484422519046,109.06812116201927
146.30000000001817,1.4124852024037917,109.06812778466556
146.3100000000182,1.4124859820334852,109.068134405104
146.32000000001818,1.4124867614082317,109.06814102333554
146.33000000001817,1.4124875405281345,109.06814763936104
146.3400000000182,1.4124883193932967,109.06815425318145
146.35000000001818,1.4124890980038227,109.06816086479768
146.3600000000182,1.4124898763598162,109.06816747421058
146.3700000000182,1.4124906544613804,109.06817408142113
146.38000000001819,1.4124914323086195,109.0681806864302
146.39000000001818,1.4124922099016366,109.06818728923871
146.4000000000182,1.4124929872405345,109.06819388984755
146.41000000001821,1.4124937643254178,109.06820048825763
146.4200000000182,1.4124945411563887,109.06820708446986
146.4300000000182,1.4124953177335517,109.06821367848514
146.4400000000182,1.412496094057009,109.06822027030438
146.4500000000182,1.4124968701268648,109.06822685992849
146.4600000000182,1.412497645943221,109.06823344735835
146.47000000001822,1.4124984215061815,109.0682400325949
146.4800000000182,1.4124991968158493,109.068246615639
146.4900000000182,1.4124999718723272,109.06825319649158
146.50000000001822,1.4125007466757182,109.06825977515354
146.5100000000182,1.4125015212261256,109.06826635162578
146.52000000001823,1.4125022955236508,109.06827292590918
146.53000000001822,1.4125030695683989,109.06827949800466
146.5400000000182,1.4125038433604713,109.0682860679131
146.5500000000182,1.4125046168999698,109.06829263563546
146.56000000001822,1.4125053901869986,109.06829920117256
146.57000000001824,1.4125061632216598,109.06830576452535
146.58000000001823,1.412506936004056,109.06831232569469
146.59000000001822,1.412507708534289,109.06831888468152
146.6000000000182,1.412508480812462,109.0683254414867
146.61000000001823,1.4125092528386776,109.06833199611116
146.62000000001822,1.412510024613037,109.06833854855576
146.63000000001824,1.4125107961356436,109.06834509882142
146.64000000001823,1.4125115674065991,109.06835164690905
146.65000000001822,1.412512338426006,109.0683581928195
146.66000000001824,1.412513109193966,109.06836473655369
146.67000000001823,1.412513879710582,109.06837127811254
146.68000000001825,1.412514649975955,109.06837781749691
146.69000000001824,1.412515419990188,109.06838435470767
146.70000000001824,1.412516189753382,109.06839088974577
146.71000000001823,1.4125169592656392,109.06839742261208
146.72000000001825,1.412517728527062,109.06840395330748
146.73000000001826,1.4125184975377514,109.06841048183286
146.74000000001826,1.4125192662978092,109.06841700818913
146.75000000001825,1.412520034807338,109.06842353237718
146.76000000001824,1.4125208030664387,109.0684300543979
146.77000000001826,1.4125215710752126,109.06843657425213
146.78000000001825,1.412522338833762,109.06844309194082
146.79000000001827,1.4125231063421877,109.06844960746484
146.80000000001826,1.4125238736005918,109.06845612082509
146.81000000001825,1.4125246406090757,109.06846263202243
146.82000000001827,1.4125254073677393,109.06846914105778
146.83000000001826,1.4125261738766859,109.06847564793199
146.84000000001828,1.4125269401360159,109.06848215264597
146.85000000001827,1.4125277061458301,109.06848865520061
146.86000000001826,1.4125284719062299,109.06849515559679
146.87000000001825,1.4125292374173162,109.06850165383538
146.88000000001827,1.412530002679191,109.0685081499173
146.8900000000183,1.412530767691954,109.06851464384341
146.90000000001828,1.4125315324557075,109.06852113561459
146.91000000001827,1.4125322969705507,109.06852762523175
146.92000000001826,1.4125330612365863,109.06853411269573
146.93000000001828,1.4125338252539141,109.06854059800744
146.94000000001827,1.4125345890226342,109.06854708116778
146.9500000000183,1.4125353525428488,109.06855356217761
146.96000000001828,1.4125361158146574,109.0685600410378
146.97000000001827,1.4125368788381614,109.06856651774925
146.9800000000183,1.4125376416134607,109.06857299231284
146.99000000001828,1.4125384041406561,109.06857946472942
147.0000000000183,1.412539166419848,109.06858593499993
147.0100000000183,1.4125399284511364,109.0685924031252
147.02000000001829,1.4125406902346225,109.06859886910611
147.03000000001828,1.4125414517704062,109.06860533294358
147.0400000000183,1.412542213058588,109.06861179463843
147.05000000001831,1.4125429740992672,109.06861825419159
147.0600000000183,1.4125437348925451,109.0686247116039
147.0700000000183,1.4125444954385216,109.06863116687626
147.0800000000183,1.4125452557372962,109.06863762000953
147.0900000000183,1.4125460157889689,109.0686440710046
147.1000000000183,1.4125467755936405,109.06865051986235
147.11000000001832,1.4125475351514096,109.06865696658362
147.1200000000183,1.412548294462378,109.06866341116933
147.1300000000183,1.4125490535266434,109.06866985362034
147.14000000001832,1.4125498123443068,109.06867629393749
147.1500000000183,1.4125505709154675,109.06868273212169
147.16000000001833,1.4125513292402254,109.0686891681738
147.17000000001832,1.41255208731868,109.06869560209472
147.1800000000183,1.4125528451509315,109.06870203388527
147.1900000000183,1.4125536027370784,109.06870846354637
147.20000000001832,1.4125543600772206,109.06871489107886
147.21000000001834,1.4125551171714577,109.06872131648362
147.22000000001833,1.412555874019889,109.06872773976153
147.23000000001832,1.4125566306226134,109.06873416091345
147.2400000000183,1.4125573869797317,109.06874057994023
147.25000000001833,1.412558143091341,109.06874699684278
147.26000000001832,1.412558898957542,109.06875341162196
147.27000000001834,1.4125596545784325,109.0687598242786
147.28000000001833,1.4125604099541131,109.06876623481362
147.29000000001832,1.412561165084682,109.06877264322785
147.30000000001834,1.4125619199702386,109.06877904952218
147.31000000001833,1.4125626746108817,109.06878545369744
147.32000000001835,1.4125634290067093,109.06879185575455
147.33000000001834,1.412564183157822,109.06879825569435
147.34000000001834,1.4125649370643172,109.06880465351767
147.35000000001833,1.412565690726294,109.06881104922545
147.36000000001835,1.412566444143852,109.06881744281849
147.37000000001836,1.4125671973170881,109.06882383429767
147.38000000001836,1.4125679502461026,109.06883022366387
147.39000000001835,1.4125687029309926,109.06883661091796
147.40000000001834,1.4125694553718582,109.06884299606075
147.41000000001836,1.4125702075687963,109.06884937909317
147.42000000001835,1.4125709595219065,109.06885576001604
147.43000000001837,1.4125717112312866,109.06886213883023
147.44000000001836,1.4125724626970348,109.06886851553661
147.45000000001835,1.4125732139192506,109.06887489013602
147.46000000001837,1.4125739648980307,109.06888126262935
147.47000000001836,1.4125747156334738,109.06888763301743
147.48000000001838,1.4125754661256777,109.06889400130113
147.49000000001837,1.4125762163747413,109.0689003674813
147.50000000001836,1.4125769663807624,109.06890673155884
147.51000000001835,1.412577716143838,109.06891309353458
147.52000000001837,1.4125784656640672,109.06891945340936
147.5300000000184,1.4125792149415475,109.06892581118406
147.54000000001838,1.4125799639763768,109.06893216685953
147.55000000001837,1.4125807127686532,109.06893852043662
147.56000000001836,1.4125814613184737,109.0689448719162
147.57000000001838,1.4125822096259364,109.06895122129913
147.58000000001837,1.4125829576911388,109.06895756858623
147.5900000000184,1.4125837055141792,109.0689639137784
147.60000000001838,1.412584453095154,109.06897025687647
147.61000000001837,1.4125852004341617,109.06897659788129
147.6200000000184,1.4125859475312994,109.06898293679372
147.63000000001838,1.4125866943866647,109.06898927361462
147.6400000000184,1.4125874410003545,109.06899560834482
147.6500000000184,1.412588187372467,109.0690019409852
147.66000000001839,1.4125889335030983,109.06900827153662
147.67000000001838,1.412589679392346,109.0690145999999
147.6800000000184,1.4125904250403083,109.06902092637588
147.69000000001841,1.4125911704470808,109.06902725066547
147.7000000000184,1.4125919156127615,109.06903357286947
147.7100000000184,1.412592660537448,109.06903989298876
147.7200000000184,1.4125934052212357,109.06904621102414
147.7300000000184,1.412594149664223,109.06905252697652
147.7400000000184,1.4125948938665063,109.06905884084671
147.75000000001842,1.4125956378281816,109.06906515263556
147.7600000000184,1.4125963815493472,109.06907146234394
147.7700000000184,1.4125971250300986,109.06907776997268
147.78000000001842,1.4125978682705336,109.06908407552264
147.7900000000184,1.4125986112707483,109.06909037899466
147.80000000001843,1.412599354030839,109.06909668038958
147.81000000001842,1.412600096550903,109.06910297970823
147.8200000000184,1.4126008388310356,109.0691092769515
147.8300000000184,1.412601580871335,109.0691155721202
147.84000000001842,1.4126023226718962,109.0691218652152
147.85000000001844,1.4126030642328165,109.06912815623728
147.86000000001843,1.4126038055541918,109.06913444518739
147.87000000001842,1.4126045466361186,109.06914073206629
147.8800000000184,1.4126052874786925,109.06914701687485
147.89000000001843,1.4126060280820103,109.0691532996139
147.90000000001842,1.4126067684461687,109.06915958028432
147.91000000001844,1.4126075085712624,109.0691658588869
147.92000000001843,1.4126082484573887,109.06917213542252
147.93000000001842,1.4126089881046429,109.069178409892
147.94000000001844,1.412609727513121,109.06918468229618
147.95000000001843,1.4126104666829191,109.06919095263592
147.96000000001845,1.4126112056141338,109.06919722091205
147.97000000001844,1.4126119443068599,109.06920348712539
147.98000000001844,1.4126126827611936,109.06920975127682
147.99000000001843,1.4126134209772299,109.06921601336713
148.00000000001845,1.412614158955065,109.06922227339717
148.01000000001847,1.4126148966947953,109.0692285313678
148.02000000001846,1.4126156341965157,109.06923478727984
148.03000000001845,1.4126163714603215,109.06924104113415
148.04000000001844,1.4126171084863088,109.06924729293155
148.05000000001846,1.4126178452745723,109.06925354267285
148.06000000001845,1.412618581825208,109.06925979035893
148.07000000001847,1.4126193181383115,109.0692660359906
148.08000000001846,1.412620054213977,109.0692722795687
148.09000000001845,1.4126207900523013,109.06927852109405
148.10000000001847,1.4126215256533783,109.06928476056751
148.11000000001846,1.4126222610173036,109.06929099798991
148.12000000001848,1.4126229961441734,109.06929723336206
148.13000000001847,1.412623731034081,109.06930346668481
148.14000000001846,1.4126244656871223,109.06930969795899
148.15000000001845,1.4126252001033923,109.06931592718543
148.16000000001847,1.4126259342829859,109.06932215436497
148.1700000000185,1.4126266682259985,109.06932837949843
148.18000000001848,1.4126274019325238,109.06933460258664
148.19000000001847,1.4126281354026575,109.06934082363043
148.20000000001846,1.4126288686364943,109.06934704263064
148.21000000001848,1.412629601634129,109.0693532595881
148.22000000001847,1.4126303343956557,109.06935947450363
148.2300000000185,1.4126310669211695,109.06936568737807
148.24000000001848,1.4126317992107649,109.06937189821222
148.25000000001847,1.4126325312645358,109.06937810700694
148.2600000000185,1.4126332630825778,109.06938431376305
148.27000000001848,1.412633994664985,109.06939051848136
148.2800000000185,1.4126347260118512,109.06939672116269
148.2900000000185,1.4126354571232718,109.06940292180792
148.30000000001849,1.4126361879993392,109.06940912041783
148.31000000001848,1.4126369186401506,109.06941531699326
148.3200000000185,1.4126376490457977,109.06942151153501
148.33000000001852,1.4126383792163757,109.06942770404396
148.3400000000185,1.412639109151978,109.06943389452088
148.3500000000185,1.4126398388527002,109.06944008296662
148.3600000000185,1.412640568318635,109.069446269382
148.3700000000185,1.412641297549877,109.06945245376784
148.3800000000185,1.412642026546519,109.06945863612496
148.39000000001852,1.4126427553086565,109.06946481645417
148.4000000000185,1.4126434838363824,109.06947099475634
148.4100000000185,1.4126442121297915,109.06947717103223
148.42000000001852,1.412644940188976,109.0694833452827
148.4300000000185,1.4126456680140307,109.06948951750857
148.44000000001853,1.4126463956050495,109.06949568771066
148.45000000001852,1.4126471229621251,109.06950185588975
148.4600000000185,1.412647850085352,109.06950802204672
148.4700000000185,1.4126485769748225,109.06951418618233
148.48000000001852,1.4126493036306316,109.06952034829744
148.49000000001854,1.412650030052872,109.06952650839287
148.50000000001853,1.4126507562416366,109.06953266646941
148.51000000001852,1.4126514821970195,109.06953882252789
148.5200000000185,1.4126522079191144,109.06954497656913
148.53000000001853,1.4126529334080131,109.06955112859394
148.54000000001852,1.4126536586638103,109.06955727860317
148.55000000001854,1.4126543836865986,109.06956342659758
148.56000000001853,1.4126551084764702,109.06956957257803
148.57000000001852,1.4126558330335204,109.06957571654532
148.58000000001854,1.4126565573578405,109.06958185850024
148.59000000001853,1.4126572814495235,109.06958799844365
148.60000000001855,1.412658005308663,109.06959413637634
148.61000000001854,1.4126587289353518,109.06960027229911
148.62000000001854,1.4126594523296827,109.0696064062128
148.63000000001853,1.4126601754917483,109.06961253811821
148.64000000001855,1.4126608984216418,109.06961866801615
148.65000000001857,1.4126616211194556,109.06962479590743
148.66000000001856,1.4126623435852828,109.06963092179288
148.67000000001855,1.412663065819215,109.06963704567329
148.68000000001854,1.412663787821346,109.06964316754949
148.69000000001856,1.412664509591768,109.06964928742227
148.70000000001855,1.4126652311305727,109.06965540529245
148.71000000001857,1.4126659524378542,109.06966152116084
148.72000000001856,1.4126666735137032,109.06966763502825
148.73000000001855,1.4126673943582129,109.06967374689549
148.74000000001857,1.4126681149714757,109.06967985676336
148.75000000001856,1.4126688353535841,109.06968596463268
148.76000000001858,1.4126695555046298,109.06969207050423
148.77000000001857,1.412670275424705,109.06969817437887
148.78000000001856,1.4126709951139023,109.06970427625737
148.79000000001855,1.412671714572313,109.06971037614052
148.80000000001857,1.4126724338000298,109.06971647402918
148.8100000000186,1.4126731527971452,109.0697225699241
148.82000000001858,1.4126738715637501,109.06972866382611
148.83000000001857,1.4126745900999378,109.06973475573602
148.84000000001856,1.4126753084057981,109.06974084565464
148.85000000001858,1.4126760264814244,109.06974693358275
148.86000000001857,1.4126767443269084,109.06975301952117
148.8700000000186,1.4126774619423421,109.0697591034707
148.88000000001858,1.412678179327816,109.06976518543215
148.89000000001857,1.4126788964834227,109.0697712654063
148.9000000000186,1.4126796134092543,109.06977734339398
148.91000000001858,1.4126803301054003,109.06978341939599
148.9200000000186,1.4126810465719546,109.06978949341311
148.9300000000186,1.4126817628090076,109.06979556544616
148.94000000001859,1.4126824788166505,109.06980163549593
148.95000000001858,1.4126831945949754,109.06980770356321
148.9600000000186,1.412683910144073,109.06981376964883
148.97000000001862,1.4126846254640355,109.06981983375357
148.9800000000186,1.4126853405549533,109.06982589587824
148.9900000000186,1.412686055416918,109.06983195602362
149.0000000000186,1.4126867700500205,109.06983801419054
149.0100000000186,1.4126874844543522,109.06984407037974
149.0200000000186,1.4126881986300044,109.06985012459208
149.03000000001862,1.4126889125770683,109.06985617682834
149.0400000000186,1.4126896262956339,109.0698622270893
149.0500000000186,1.4126903397857928,109.06986827537577
149.06000000001862,1.412691053047636,109.06987432168853
149.0700000000186,1.4126917660812544,109.0698803660284
149.08000000001863,1.4126924788867388,109.06988640839616
149.09000000001862,1.4126931914641796,109.06989244879261
149.1000000000186,1.4126939038136679,109.06989848721855
149.1100000000186,1.4126946159352944,109.06990452367475
149.12000000001862,1.4126953278291499,109.06991055816204
149.13000000001864,1.412696039495325,109.06991659068117
149.14000000001863,1.4126967509339095,109.06992262123298
149.15000000001862,1.4126974621449946,109.06992864981822
149.1600000000186,1.4126981731286712,109.06993467643771
149.17000000001863,1.4126988838850292,109.06994070109225
149.18000000001862,1.4126995944141585,109.0699467237826
149.19000000001864,1.4127003047161506,109.06995274450958
149.20000000001863,1.4127010147910952,109.06995876327396
149.21000000001862,1.4127017246390818,109.06996478007653
149.22000000001864,1.4127024342602024,109.06997079491809
149.23000000001863,1.412703143654546,109.06997680779945
149.24000000001865,1.4127038528222027,109.06998281872136
149.25000000001864,1.412704561763263,109.06998882768461
149.26000000001864,1.4127052704778167,109.06999483469002
149.27000000001863,1.4127059789659544,109.07000083973837
149.28000000001865,1.412706687227765,109.07000684283044
149.29000000001867,1.412707395263339,109.07001284396699
149.30000000001866,1.4127081030727668,109.07001884314886
149.31000000001865,1.4127088106561374,109.0700248403768
149.32000000001864,1.4127095180135407,109.07003083565161
149.33000000001866,1.4127102251450667,109.07003682897408
149.34000000001865,1.4127109320508058,109.07004282034498
149.35000000001867,1.4127116387308465,109.07004880976513
149.36000000001866,1.4127123451852786,109.07005479723524
149.37000000001865,1.4127130514141921,109.07006078275617
149.38000000001867,1.4127137574176771,109.07006676632868
149.39000000001866,1.4127144631958213,109.07007274795355
149.40000000001868,1.4127151687487158,109.07007872763155
149.41000000001867,1.4127158740764494,109.07008470536348
149.42000000001866,1.4127165791791114,109.07009068115013
149.43000000001865,1.4127172840567912,109.07009665499227
149.44000000001867,1.412717988709578,109.07010262689067
149.4500000000187,1.4127186931375615,109.07010859684614
149.46000000001868,1.4127193973408305,109.07011456485942
149.47000000001867,1.4127201013194737,109.07012053093135
149.48000000001866,1.4127208050735816,109.07012649506265
149.49000000001868,1.4127215086032419,109.07013245725412
149.50000000001867,1.4127222119085445,109.07013841750656
149.5100000000187,1.4127229149895772,109.07014437582073
149.52000000001868,1.4127236178464306,109.07015033219741
149.53000000001867,1.412724320479192,109.0701562866374
149.5400000000187,1.4127250228879513,109.07016223914142
149.55000000001868,1.4127257250727967,109.07016818971032
149.5600000000187,1.4127264270338178,109.07017413834483
149.5700000000187,1.4127271287711025,109.07018008504573
149.58000000001869,1.4127278302847401,109.07018602981384
149.59000000001868,1.4127285315748188,109.07019197264988
149.6000000000187,1.4127292326414276,109.07019791355465
149.61000000001872,1.4127299334846541,109.07020385252893
149.6200000000187,1.4127306341045882,109.07020978957348
149.6300000000187,1.412731334501317,109.07021572468909
149.6400000000187,1.4127320346749304,109.07022165787653
149.6500000000187,1.412732734625515,109.07022758913656
149.6600000000187,1.4127334343531606,109.07023351846998
149.67000000001872,1.412734133857955,109.07023944587755
149.6800000000187,1.4127348331399874,109.07024537136003
149.6900000000187,1.4127355321993438,109.07025129491821
149.70000000001872,1.412736231036115,109.07025721655286
149.7100000000187,1.4127369296503867,109.07026313626474
149.72000000001873,1.4127376280422486,109.07026905405462
149.73000000001872,1.4127383262117883,109.07027496992329
149.7400000000187,1.4127390241590942,109.07028088387152
149.7500000000187,1.412739721884254,109.07028679590005
149.76000000001872,1.4127404193873545,109.07029270600968
149.77000000001874,1.4127411166684851,109.07029861420116
149.78000000001873,1.4127418137277334,109.07030452047529
149.79000000001872,1.412742510565186,109.07031042483281
149.8000000000187,1.412743207180933,109.07031632727448
149.81000000001873,1.4127439035750604,109.0703222278011
149.82000000001872,1.4127445997476555,109.07032812641341
149.83000000001874,1.4127452956988074,109.0703340231122
149.84000000001873,1.412745991428602,109.07033991789822
149.85000000001872,1.4127466869371286,109.07034581077224
149.86000000001874,1.4127473822244736,109.07035170173502
149.87000000001873,1.4127480772907248,109.07035759078735
149.88000000001875,1.41274877213597,109.07036347792997
149.89000000001874,1.4127494667602953,109.07036936316365
149.90000000001874,1.4127501611637894,109.07037524648918
149.91000000001873,1.4127508553465384,109.07038112790728
149.92000000001875,1.4127515493086313,109.07038700741874
149.93000000001877,1.412752243050154,109.07039288502435
149.94000000001876,1.4127529365711937,109.07039876072481
149.95000000001875,1.412753629871838,109.07040463452093
149.96000000001874,1.412754322952174,109.07041050641345
149.97000000001876,1.4127550158122884,109.07041637640314
149.98000000001875,1.4127557084522682,109.07042224449077
149.99000000001877,1.4127564008722,109.0704281106771
