,aau,lq,lp
0,30.0,-0.009441280301268985,0.015478866954305755
1,30.01,-0.009441272403420633,0.01547885444240026
2,30.020000000000003,-0.009441265536011885,0.015478843557907612
3,30.030000000000005,-0.009441259625180772,0.015478834184788457
4,30.040000000000006,-0.009441254597480759,0.015478826207677978
5,30.050000000000008,-0.009441250379884952,0.015478819511865465
6,30.06000000000001,-0.009441246899790008,0.015478813983274414
7,30.07000000000001,-0.009441244085019668,0.015478809508443048
8,30.080000000000013,-0.009441241863828097,0.015478805974505213
9,30.090000000000014,-0.00944124016490293,0.015478803269171683
10,30.100000000000016,-0.009441238917368122,0.015478801280711678
11,30.110000000000017,-0.009441238050786626,0.0154787998979348
12,30.12000000000002,-0.009441237495162885,0.015478799010173135
13,30.13000000000002,-0.009441237180945212,0.015478798507263546
14,30.140000000000022,-0.009441237039028036,0.015478798279530203
15,30.150000000000023,-0.009441237000754103,0.015478798217767242
16,30.160000000000025,-0.00944123699791655,0.015478798213221437
17,30.170000000000027,-0.00944123696276095,0.015478798157575026
18,30.180000000000028,-0.009441236827987295,0.015478797942928392
19,30.19000000000003,-0.009441236526752071,0.015478797461783001
20,30.20000000000003,-0.009441235992670396,0.015478796607024281
21,30.210000000000033,-0.009441235159818316,0.015478795271904653
22,30.220000000000034,-0.009441233962735154,0.015478793350026429
23,30.230000000000036,-0.009441232336426048,0.015478790735324752
24,30.240000000000038,-0.009441230216364614,0.015478787322050304
25,30.25000000000004,-0.009441227538495807,0.015478783004752037
26,30.26000000000004,-0.009441224239238984,0.015478777678259628
27,30.270000000000042,-0.009441220255491198,0.015478771237665768
28,30.280000000000044,-0.009441215524630746,0.015478763578308257
29,30.290000000000045,-0.009441209984521004,0.015478754595751744
30,30.300000000000047,-0.009441203573514556,0.015478744185769285
31,30.31000000000005,-0.009441196230457688,0.015478732244323437
32,30.32000000000005,-0.009441187894695228,0.015478718667547086
33,30.33000000000005,-0.00944117850607579,0.015478703351723787
34,30.340000000000053,-0.009441168004957442,0.01547868619326768
35,30.350000000000055,-0.009441156332213844,0.015478667088702922
36,30.360000000000056,-0.009441143429240876,0.015478645934642555
37,30.370000000000058,-0.009441129237963787,0.015478622627766817
38,30.38000000000006,-0.009441113700844949,0.01547859706480082
39,30.39000000000006,-0.009441096760892172,0.015478569142491513
40,30.400000000000063,-0.009441078361667694,0.01547853875758401
41,30.410000000000064,-0.009441058447297878,0.015478505806797008
42,30.420000000000066,-0.009441036962483614,0.015478470186797497
43,30.430000000000067,-0.00944101385251153,0.015478431794174456
44,30.44000000000007,-0.009440989063266058,0.015478390525411704
45,30.45000000000007,-0.009440962541242352,0.015478346276859609
46,30.460000000000072,-0.009440934233560194,0.015478298944705786
47,30.470000000000073,-0.009440904087978897,0.015478248424944595
48,30.480000000000075,-0.009440872052913288,0.015478194613345386
49,30.490000000000077,-0.009440838077450837,0.015478137405419387
50,30.500000000000078,-0.009440802111370009,0.01547807669638526
51,30.51000000000008,-0.00944076410515991,0.015478012381132994
52,30.52000000000008,-0.009440724010041314,0.015477944354186321
53,30.530000000000083,-0.009440681777989183,0.015477872509663357
54,30.540000000000084,-0.009440637361756706,0.015477796741235339
55,30.550000000000086,-0.009440590714901062,0.01547771694208352
56,30.560000000000088,-0.009440541791810912,0.015477633004853834
57,30.57000000000009,-0.009440490547735828,0.015477544821609499
58,30.58000000000009,-0.009440436938817697,0.01547745228378105
59,30.590000000000092,-0.009440380922124321,0.01547735528211396
60,30.600000000000094,-0.009440322455685275,0.015477253706613526
61,30.610000000000095,-0.009440261498530255,0.015477147446486768
62,30.620000000000097,-0.009440198010730011,0.015477036390081347
63,30.6300000000001,-0.009440131953440088,0.0154769204248211
64,30.6400000000001,-0.009440063288947576,0.015476799437138032
65,30.6500000000001,-0.009439991980721023,0.015476673312400541
66,30.660000000000103,-0.009439917993463803,0.015476541934837579
67,30.670000000000105,-0.009439841293171113,0.015476405187458454
68,30.680000000000106,-0.009439761847190928,0.01547626295196799
69,30.690000000000108,-0.009439679624289144,0.015476115108676667
70,30.70000000000011,-0.009439594594719219,0.01547596153640543
71,30.71000000000011,-0.009439506730296698,0.015475802112384772
72,30.720000000000113,-0.009439416004478889,0.015475636712147559
73,30.730000000000114,-0.009439322392450163,0.015475465209415286
74,30.740000000000116,-0.00943922587121324,0.015475287475977186
75,30.750000000000117,-0.009439126419686973,0.015475103381561621
76,30.76000000000012,-0.009439024018811058,0.015474912793699223
77,30.77000000000012,-0.00943891865165829,0.015474715577577123
78,30.780000000000122,-0.0094388103035549,0.015474511595883507
79,30.790000000000123,-0.00943869896220963,0.015474300708641872
80,30.800000000000125,-0.00943858461785227,0.015474082773033963
81,30.810000000000127,-0.00943846726338239,0.015473857643210664
82,30.820000000000128,-0.009438346894529138,0.015473625170089704
83,30.83000000000013,-0.009438223510023002,0.01547338520113917
84,30.84000000000013,-0.00943809711178056,0.015473137580145594
85,30.850000000000133,-0.009437967705103294,0.015472882146965334
86,30.860000000000134,-0.009437835298891714,0.015472618737257774
87,30.870000000000136,-0.009437699905876111,0.015472347182198807
88,30.880000000000138,-0.0094375615428654,0.0154720673081728
89,30.89000000000014,-0.009437420231015663,0.015471778936441173
90,30.90000000000014,-0.009437275996120228,0.015471481882785512
91,30.910000000000142,-0.009437128868923148,0.015471175957122732
92,30.920000000000144,-0.009436978885458396,0.015470860963089935
93,30.930000000000145,-0.009436826087417055,0.015470536697595865
94,30.940000000000147,-0.009436670522545263,0.01547020295033596
95,30.95000000000015,-0.009436512245075857,0.015469859503267442
96,30.96000000000015,-0.009436351316197009,0.0154695061300405
97,30.97000000000015,-0.009436187804561515,0.015469142595381217
98,30.980000000000153,-0.00943602178684089,0.015468768654421441
99,30.990000000000155,-0.009435853348328764,0.01546838405197009
100,31.000000000000156,-0.009435682583598764,0.015467988521719937
101,31.010000000000158,-0.009435509597222565,0.015467581785383025
102,31.02000000000016,-0.009435334504554554,0.015467163551747046
103,31.03000000000016,-0.009435157432590359,0.015466733515644255
104,31.040000000000163,-0.0094349785209073,0.015466291356823156
105,31.050000000000164,-0.009434797922696041,0.015465836738712222
106,31.060000000000166,-0.009434615805893689,0.015465369307063234
107,31.070000000000167,-0.009434432354430172,0.015464888688460443
108,31.08000000000017,-0.009434247769601129,0.01546439448867979
109,31.09000000000017,-0.009434062271582465,0.015463886290880234
110,31.100000000000172,-0.009433876101103772,0.015463363653606807
111,31.110000000000174,-0.009433689521300276,0.015462826108582186
112,31.120000000000175,-0.009433502819765795,0.015462273158260025
113,31.130000000000177,-0.009433316310832435,0.015461704273109689
114,31.140000000000178,-0.009433130338106686,0.015461118888597188
115,31.15000000000018,-0.009432945277295995,0.015460516401821993
116,31.16000000000018,-0.009432761539365194,0.015459896167763026
117,31.170000000000183,-0.009432579574068506,0.015459257495079863
118,31.180000000000184,-0.00943239987390993,0.015458599641406254
119,31.190000000000186,-0.009432222978593852,0.015457921808063131
120,31.200000000000188,-0.009432049480037867,0.015457223134105566
121,31.21000000000019,-0.00943188002803217,0.015456502689603836
122,31.22000000000019,-0.00943171533664482,0.015455759468041048
123,31.230000000000192,-0.009431556191489788,0.01545499237768885
124,31.240000000000194,-0.00943140345799622,0.015454200231797159
125,31.250000000000195,-0.009431258090843362,0.015453381737403335
126,31.260000000000197,-0.009431121144757105,0.015452535482528614
127,31.2700000000002,-0.009430993786902724,0.01545165992148396
128,31.2800000000002,-0.009430877311155775,0.01545075335795161
129,31.2900000000002,-0.009430773154591378,0.015449813925439043
130,31.300000000000203,-0.009430682916604568,0.01544883956461699
131,31.310000000000205,-0.009430608381164418,0.015447827996945829
132,31.320000000000206,-0.009430551542817528,0.015446776693861635
133,31.330000000000208,-0.0094305146371986,0.015445682840624197
134,31.34000000000021,-0.009430500176986139,0.015444543293716313
135,31.35000000000021,-0.009430510994471099,0.015443354530411284
136,31.360000000000213,-0.009430550292201747,0.015442112588775612
137,31.370000000000214,-0.009430621703549974,0.015440812995921673
138,31.380000000000216,-0.00943072936554245,0.015439450681735075
139,31.390000000000217,-0.009430878006954625,0.015438019874526284
140,31.40000000000022,-0.009431073055533354,0.015436513974028197
141,31.41000000000022,-0.009431320769375005,0.015434925395786557
142,31.420000000000222,-0.009431628399054386,0.01543324537913238
143,31.430000000000224,-0.009432004389241517,0.015431463748389277
144,31.440000000000225,-0.00943245863150011,0.01542956861346678
145,31.450000000000227,-0.009433002784094343,0.015427545991096565
146,31.46000000000023,-0.009433650680481853,0.015425379321038607
147,31.47000000000023,-0.009434418856574305,0.015423048841632446
148,31.48000000000023,-0.009435327239101376,0.01542053077455598
149,31.490000000000233,-0.009436400055586307,0.01541779624713257
150,31.500000000000234,-0.009437667053886156,0.015414809848025368
151,31.510000000000236,-0.00943916516154131,0.01541152766207183
152,31.520000000000238,-0.009440940781810127,0.01540789455110156
153,31.53000000000024,-0.0094430530308648,0.015403840320151073
154,31.54000000000024,-0.009445578399234237,0.01539927419696439
155,31.550000000000242,-0.009448617626388439,0.015394076690503848
156,31.560000000000244,-0.00945230611966622,0.015388087251949255
157,31.570000000000245,-0.0094568302498776,0.015381084976041251
158,31.580000000000247,-0.009462453791939142,0.015372757287817854
159,31.59000000000025,-0.009469562732182815,0.015362646877981601
160,31.60000000000025,-0.009478745275732534,0.015350056951367643
161,31.61000000000025,-0.00949094417587795,0.015333870825582322
162,31.620000000000253,-0.009507771185017014,0.015312179531560978
163,31.630000000000255,-0.009532228333747466,0.015281427613805718
164,31.640000000000256,-0.009570618916328048,0.015234149979667046
165,31.650000000000258,-0.009638805578529214,0.015151560542124723
166,31.66000000000026,-0.00979139741748988,0.014968986386303377
167,31.67000000000026,-0.010425596542638561,0.014216026960580733
168,31.680000000000263,-0.00755448623578372,0.017614326210546802
169,31.690000000000264,-0.008896709557599239,0.016022813668613085
170,31.700000000000266,-0.00910175961481038,0.015778012149291934
171,31.710000000000267,-0.00918423201071359,0.01567835147570117
172,31.72000000000027,-0.0092284128611382,0.015624012686959114
173,31.73000000000027,-0.00925571624139223,0.015589635211140384
174,31.740000000000272,-0.009274093236910788,0.015565802486483718
175,31.750000000000274,-0.0092871750121512,0.01554821396548881
176,31.760000000000275,-0.009296855752364129,0.015534626176669146
177,31.770000000000277,-0.009304220298051504,0.015523754141296258
178,31.78000000000028,-0.009309934663849561,0.015514808887857704
179,31.79000000000028,-0.009314430341003916,0.015507279185434847
180,31.80000000000028,-0.00931799914998164,0.01550081921117695
181,31.810000000000283,-0.00932084550224161,0.015495186657453459
182,31.820000000000285,-0.009323116829244676,0.015490206695207752
183,31.830000000000286,-0.00932492212697365,0.0154857500119292
184,31.840000000000288,-0.009326343700267612,0.015481718902979804
185,31.85000000000029,-0.009327444848601228,0.015478038169404474
186,31.86000000000029,-0.009328275040485893,0.015474648989927123
187,31.870000000000292,-0.009328873484419431,0.015471504691888929
188,31.880000000000294,-0.009329271647603865,0.01546856776832798
189,31.890000000000295,-0.009329495067224865,0.01546580773286646
190,31.900000000000297,-0.009329564675738738,0.01546319955015052
191,31.9100000000003,-0.009329497785782995,0.015460722469391841
192,31.9200000000003,-0.009329308832509936,0.015458359145188673
193,31.9300000000003,-0.00932900994029403,0.015456094966337382
194,31.940000000000303,-0.009328611360446736,0.015453917537407135
195,31.950000000000305,-0.009328121812938177,0.015451816273996858
196,31.960000000000306,-0.00932754875581698,0.015449782083617306
197,31.970000000000308,-0.009326898599564839,0.015447807111785193
198,31.98000000000031,-0.009326176879080716,0.015445884538294895
199,31.99000000000031,-0.009325388392751432,0.015444008412468365
200,32.00000000000031,-0.009324537315727537,0.015442173518952308
201,32.01000000000032,-0.009323627292816463,0.015440375267653324
202,32.020000000000316,-0.009322661515144836,0.015438609602893963
203,32.030000000000314,-0.009321642783802628,0.015436872927984919
204,32.04000000000032,-0.009320573562974948,0.015435162042245746
205,32.050000000000324,-0.009319456024530796,0.015433474088141979
206,32.06000000000032,-0.009318292085627341,0.015431806506692567
207,32.07000000000032,-0.009317083440571581,0.015430156999677185
208,32.080000000000325,-0.009315831587935027,0.015428523497464012
209,32.09000000000033,-0.009314537853724592,0.015426904131506979
210,32.10000000000033,-0.009313203411260995,0.015425297210740914
211,32.110000000000326,-0.009311829298296048,0.015423701201245409
212,32.12000000000033,-0.009310416431804133,0.015422114708661753
213,32.13000000000034,-0.009308965620806624,0.015420536462938127
214,32.140000000000335,-0.009307477577525898,0.015418965305051593
215,32.15000000000033,-0.009305952927115602,0.015417400175414885
216,32.16000000000034,-0.009304392216172937,0.015415840103724009
217,32.17000000000034,-0.009302795920205494,0.015414284200042665
218,32.18000000000034,-0.009301164450197592,0.01541273164695147
219,32.19000000000034,-0.009299498158398607,0.015411181692616967
220,32.200000000000344,-0.009297797343437034,0.01540963364465763
221,32.21000000000035,-0.009296062254848442,0.015408086864702285
222,32.22000000000035,-0.009294293097092517,0.015406540763551933
223,32.230000000000345,-0.009292490033123468,0.015404994796868717
224,32.24000000000035,-0.009290653187569057,0.01540344846132666
225,32.250000000000355,-0.009288782649565633,0.015401901291167919
226,32.26000000000035,-0.009286878475290208,0.015400352855116
227,32.27000000000035,-0.009284940690224933,0.015398802753603821
228,32.280000000000356,-0.009282969291184752,0.015397250616280436
229,32.29000000000036,-0.009280964248134944,0.01539569609976439
230,32.30000000000036,-0.009278925505821777,0.015394138885616426
231,32.31000000000036,-0.009276852985236627,0.015392578678507133
232,32.32000000000036,-0.009274746584931402,0.015391015204558631
233,32.33000000000037,-0.009272606182200775,0.015389448209841599
234,32.340000000000366,-0.009270431634145024,0.015387877459011419
235,32.350000000000364,-0.009268222778625497,0.015386302734069077
236,32.36000000000037,-0.009265979435123388,0.01538472383323407
237,32.370000000000374,-0.00926370140551121,0.015383140569918272
238,32.38000000000037,-0.009261388474745301,0.015381552771790544
239,32.39000000000037,-0.009259040411486756,0.01537996027992359
240,32.400000000000375,-0.009256656968657332,0.015378362948014996
241,32.41000000000038,-0.009254237883936166,0.015376760641675551
242,32.42000000000038,-0.009251782880202494,0.015375153237778601
243,32.430000000000376,-0.009249291665928949,0.015373540623864862
244,32.44000000000038,-0.009246763935529725,0.015371922697597858
245,32.45000000000039,-0.009244199369667036,0.015370299366265197
246,32.460000000000385,-0.009241597635519473,0.015368670546322068
247,32.47000000000038,-0.009238958387014948,0.015367036162973118
248,32.48000000000039,-0.009236281265031043,0.015365396149789505
249,32.49000000000039,-0.009233565897565082,0.015363750448358379
250,32.50000000000039,-0.009230811899876037,0.015362099007961915
251,32.51000000000039,-0.009228018874600185,0.015360441785283754
252,32.520000000000394,-0.009225186411842235,0.01535877874414059
253,32.5300000000004,-0.009222314089243512,0.015357109855236974
254,32.5400000000004,-0.009219401472028427,0.015355435095941694
255,32.550000000000395,-0.009216448113030669,0.015353754450083952
256,32.5600000000004,-0.00921345355270006,0.015352067907768113
257,32.570000000000405,-0.00921041731909118,0.01535037546520556
258,32.5800000000004,-0.009207338927834534,0.01534867712456254
259,32.5900000000004,-0.009204217882091137,0.015346972893822928
260,32.600000000000406,-0.00920105367249123,0.015345262786664916
261,32.61000000000041,-0.00919784577705768,0.015343546822350741
262,32.62000000000041,-0.00919459366111465,0.015341825025628673
263,32.63000000000041,-0.009191296777182023,0.015340097426646444
264,32.64000000000041,-0.009187954564856021,0.015338364060875577
265,32.65000000000042,-0.00918456645067636,0.015336624969045911
266,32.660000000000416,-0.009181131847980223,0.015334880197089786
267,32.670000000000414,-0.00917765015674342,0.015333129796095461
268,32.68000000000042,-0.009174120763408847,0.015331373822269161
269,32.690000000000424,-0.00917054304070252,0.01532961233690555
270,32.70000000000042,-0.009166916347437158,0.015327845406366045
271,32.71000000000042,-0.009163240028303758,0.015326073102064781
272,32.720000000000425,-0.009159513413650722,0.015324295500461847
273,32.73000000000043,-0.009155735819251101,0.015322512683063606
274,32.74000000000043,-0.009151906546057615,0.015320724736429689
275,32.750000000000426,-0.009148024879945529,0.015318931752186675
276,32.76000000000043,-0.009144090091443381,0.015317133827048053
277,32.77000000000044,-0.009140101435451407,0.01531533106284041
278,32.780000000000435,-0.009136058150947552,0.015313523566535656
279,32.79000000000043,-0.00913195946068108,0.015311711450289232
280,32.80000000000044,-0.009127804570853397,0.015309894831484002
281,32.81000000000044,-0.009123592670786095,0.015308073832779979
282,32.82000000000044,-0.009119322932575943,0.015306248582169614
283,32.83000000000044,-0.009114994510736555,0.015304419213038697
284,32.840000000000444,-0.009110606541826572,0.015302585864232762
285,32.85000000000045,-0.009106158144064017,0.015300748680129017
286,32.86000000000045,-0.009101648416926547,0.015298907810713752
287,32.870000000000445,-0.009097076440737244,0.015297063411665167
288,32.88000000000045,-0.00909244127623569,0.015295215644441792
289,32.890000000000455,-0.009087741964133832,0.015293364676376289
290,32.90000000000045,-0.009082977524656368,0.015291510680774879
291,32.91000000000045,-0.009078146957065103,0.015289653837022334
292,32.92000000000046,-0.009073249239166971,0.015287794330692545
293,32.93000000000046,-0.009068283326805118,0.015285932353664884
294,32.94000000000046,-0.009063248153332676,0.015284068104246281
295,32.95000000000046,-0.009058142629068587,0.015282201787299199
296,32.96000000000046,-0.009052965640735006,0.015280333614375582
297,32.97000000000047,-0.009047716050875709,0.015278463803856881
298,32.980000000000466,-0.0090423926972548,0.015276592581100278
299,32.990000000000464,-0.00903699439223519,0.015274720178591274
300,33.00000000000047,-0.009031519922136133,0.015272846836102737
301,33.010000000000474,-0.00902596804656906,0.01527097280086061
302,33.02000000000047,-0.00902033749775112,0.01526909832771642
303,33.03000000000047,-0.009014626979795406,0.01526722367932679
304,33.040000000000475,-0.009008835167977387,0.015265349126340104
305,33.05000000000048,-0.009002960707976362,0.015263474947590635
306,33.06000000000048,-0.00899700221509126,0.01526160143030018
307,33.070000000000476,-0.008990958273429817,0.0152597288702876
308,33.08000000000048,-0.008984827435070081,0.015257857572186442
309,33.09000000000049,-0.008978608219193284,0.015255987849670858
310,33.100000000000485,-0.008972299111187028,0.01525412002569019
311,33.11000000000048,-0.008965898561717577,0.015252254432712416
312,33.12000000000049,-0.008959404985770206,0.015250391412976834
313,33.13000000000049,-0.008952816761656273,0.015248531318756265
314,33.14000000000049,-0.008946132229985792,0.015246674512629076
315,33.15000000000049,-0.008939349692604126,0.015244821367761546
316,33.160000000000494,-0.008932467411491386,0.015242972268200611
317,33.1700000000005,-0.00892548360762312,0.015241127609177842
318,33.1800000000005,-0.008918396459790728,0.015239287797424672
319,33.190000000000495,-0.00891120410337979,0.015237453251499411
320,33.2000000000005,-0.008903904629105008,0.01523562440212672
321,33.210000000000505,-0.00889649608169964,0.015233801692549707
322,33.2200000000005,-0.008888976458557622,0.015231985578895355
323,33.2300000000005,-0.008881343708326541,0.015230176530553691
324,33.24000000000051,-0.008873595729449306,0.015228375030571431
325,33.25000000000051,-0.008865730368652496,0.015226581576060433
326,33.26000000000051,-0.008857745419378834,0.015224796678621795
327,33.27000000000051,-0.00884963862016182,0.015223020864786106
328,33.28000000000051,-0.00884140765293965,0.015221254676470569
329,33.29000000000052,-0.008833050141306139,0.015219498671453766
330,33.300000000000516,-0.008824563648695681,0.01521775342386874
331,33.310000000000514,-0.00881594567649941,0.015216019524715147
332,33.32000000000052,-0.008807193662109587,0.015214297582391472
333,33.330000000000524,-0.008798304976889106,0.015212588223247992
334,33.34000000000052,-0.00878927692406249,0.015210892092161525
335,33.35000000000052,-0.008780106736525175,0.015209209853132887
336,33.360000000000525,-0.008770791574567182,0.015207542189908073
337,33.37000000000053,-0.008761328523507415,0.015205889806624255
338,33.38000000000053,-0.008751714591234274,0.015204253428481652
339,33.390000000000526,-0.008741946705648582,0.015202633802442628
340,33.40000000000053,-0.008732021712003907,0.01520103169795905
341,33.41000000000054,-0.008721936370139887,0.015199447907729383
342,33.420000000000535,-0.008711687351603013,0.01519788324848685
343,33.43000000000053,-0.008701271236650116,0.015196338561820172
344,33.44000000000054,-0.008690684511128383,0.015194814715028326
345,33.45000000000054,-0.00867992356322642,0.015193312602011124
346,33.46000000000054,-0.008668984680089793,0.015191833144197172
347,33.47000000000054,-0.008657864044294597,0.015190377291511155
348,33.480000000000544,-0.008646557730171991,0.015188946023382274
349,33.49000000000055,-0.008635061699976417,0.01518754034979598
350,33.50000000000055,-0.008623371799889552,0.015186161312391021
351,33.510000000000545,-0.008611483755851959,0.015184809985604196
352,33.52000000000055,-0.008599393169213453,0.015183487477865165
353,33.530000000000555,-0.008587095512193206,0.015182194932843908
354,33.54000000000055,-0.00857458612313951,0.015180933530753402
355,33.55000000000055,-0.008561860201579235,0.015179704489710556
356,33.56000000000056,-0.008548912803045669,0.015178509067158329
357,33.57000000000056,-0.008535738833673215,0.015177348561352241
358,33.58000000000056,-0.008522333044546675,0.015176224312914646
359,33.59000000000056,-0.008508690025792,0.015175137706460558
360,33.60000000000056,-0.00849480420039441,0.015174090172298614
361,33.61000000000057,-0.00848066981772966,0.015173083188211426
362,33.620000000000566,-0.00846628094679204,0.015172118281319587
363,33.630000000000564,-0.008451631469103079,0.015171197030033935
364,33.64000000000057,-0.008436715071282956,0.015170321066100981
365,33.650000000000574,-0.00842152523726569,0.015169492076746626
366,33.66000000000057,-0.008406055240138278,0.015168711806923887
367,33.67000000000057,-0.008390298133582275,0.0151679820616703
368,33.680000000000575,-0.008374246742894994,0.015167304708581478
369,33.69000000000058,-0.008357893655566237,0.01516668168040739
370,33.70000000000058,-0.008341231211384515,0.01516611497777863
371,33.710000000000576,-0.008324251492045168,0.01516560667207016
372,33.72000000000058,-0.008306946310230977,0.015165158908410824
373,33.73000000000059,-0.00828930719813372,0.015164773908847188
374,33.740000000000585,-0.008271325395382924,0.015164453975671103
375,33.75000000000058,-0.008252991836345877,0.01516420149492088
376,33.76000000000059,-0.00823429713676049,0.015164018940066777
377,33.77000000000059,-0.008215231579659494,0.015163908875892083
378,33.78000000000059,-0.008195785100541886,0.015163873962582132
379,33.79000000000059,-0.008175947271744534,0.015163916960034208
380,33.800000000000594,-0.00815570728596245,0.015164040732402498
381,33.8100000000006,-0.008135053938864083,0.015164248252893002
382,33.8200000000006,-0.008113975610742381,0.015164542608824728
383,33.830000000000595,-0.008092460247138738,0.015164927006974398
384,33.8400000000006,-0.008070495338372587,0.015165404779223568
385,33.850000000000605,-0.008048067897903705,0.015165979388527935
386,33.8600000000006,-0.008025164439448115,0.015166654435230895
387,33.8700000000006,-0.00800177095276421,0.015167433663744321
388,33.88000000000061,-0.007977872878017014,0.015168320969621956
389,33.89000000000061,-0.007953455078623233,0.015169320407052482
390,33.90000000000061,-0.007928501812469827,0.0151704361968015
391,33.91000000000061,-0.0079029967013923,0.015171672734634286
392,33.92000000000061,-0.007876922698788435,0.015173034600253415
393,33.93000000000062,-0.007850262055233065,0.01517452656678837
394,33.940000000000616,-0.007822996281948357,0.015176153610877376
395,33.950000000000614,-0.007795106111972348,0.01517792092338487
396,33.96000000000062,-0.007766571458854435,0.015179833920801938
397,33.970000000000624,-0.0077373713726922875,0.015181898257380925
398,33.98000000000062,-0.007707483993308263,0.015184119838059998
399,33.99000000000062,-0.0076768865003455505,0.01518650483223828
400,34.000000000000625,-0.007645555060045836,0.015189059688467546
401,34.01000000000063,-0.007613464768447334,0.015191791150132356
402,34.02000000000063,-0.007580589590719533,0.015194706272197106
403,34.030000000000626,-0.007546902296324473,0.01519781243910561
404,34.04000000000063,-0.007512374389665797,0.015201117383926798
405,34.05000000000064,-0.007476976035854828,0.015204629208848892
406,34.060000000000635,-0.007440675981188386,0.015208356407134044
407,34.07000000000063,-0.007403441467892067,0.015212307886656479
408,34.08000000000064,-0.007365238142642693,0.01521649299515879
409,34.09000000000064,-0.007326029958332238,0.015220921547374556
410,34.10000000000064,-0.007285779068484521,0.015225603854180082
411,34.11000000000064,-0.007244445713674375,0.015230550753954646
412,34.120000000000644,-0.007201988099234799,0.015235773646346812
413,34.13000000000065,-0.00715836226346132,0.015241284528664993
414,34.14000000000065,-0.007113521935441692,0.015247096035133172
415,34.150000000000645,-0.007067418381544495,0.015253221479278638
416,34.16000000000065,-0.00702000023949771,0.015259674899746837
417,34.170000000000655,-0.006971213338871147,0.015266471109871203
418,34.18000000000065,-0.006921000506643718,0.015273625751361876
419,34.19000000000065,-0.0068693013563903265,0.015281155352518158
420,34.20000000000066,-0.006816052059456024,0.015289077391415563
421,34.21000000000066,-0.006761185096294538,0.015297410364570687
422,34.22000000000066,-0.006704628985937043,0.01530617386164588
423,34.23000000000066,-0.006646307991312766,0.01531538864682277
424,34.24000000000066,-0.006586141797869566,0.015325076747549467
425,34.25000000000067,-0.006524045162628362,0.01533526155145303
426,34.260000000000666,-0.006459927530449071,0.015345967912306987
427,34.270000000000664,-0.006393692613875816,0.015357222266057067
428,34.28000000000067,-0.006325237932467698,0.015369052758035797
429,34.290000000000674,-0.006254454306977721,0.015381489382646498
430,34.30000000000067,-0.006181225303136552,0.015394564136964951
431,34.31000000000067,-0.006105426619078395,0.015408311189905096
432,34.320000000000675,-0.006026925409638537,0.015422767068818996
433,34.33000000000068,-0.005945579539796588,0.015437970865664443
434,34.34000000000068,-0.005861236758442597,0.01545396446517677
435,34.350000000000676,-0.005773733782368534,0.015470792797833807
436,34.36000000000068,-0.005682895278891549,0.015488504120815318
437,34.37000000000069,-0.005588532733779341,0.015507150330638644
438,34.380000000000685,-0.00549044318909978,0.015526787311717045
439,34.39000000000068,-0.005388407833218232,0.015547475325750295
440,34.40000000000069,-0.00528219042233551,0.015569279447638504
441,34.41000000000069,-0.005171535509607791,0.015592270054535909
442,34.42000000000069,-0.005056166454008606,0.015616523375778443
443,34.43000000000069,-0.00493578317559581,0.01564212211257348
444,34.440000000000694,-0.004810059620889247,0.015669156138430524
445,34.4500000000007,-0.004678640889880131,0.015697723292128762
446,34.4600000000007,-0.004541139974797114,0.01572793027858808
447,34.470000000000695,-0.00439713404547628,0.01575989369468072
448,34.4800000000007,-0.0042461602069492465,0.015793741200845986
449,34.490000000000705,-0.004087710639491671,0.015829612863250114
450,34.5000000000007,-0.003921227013665875,0.01586766269617053
451,34.5100000000007,-0.003746094050946567,0.015908060440343708
452,34.52000000000071,-0.0035616320734514224,0.015950993620491398
453,34.53000000000071,-0.003367088352647049,0.015996669934532692
454,34.54000000000071,-0.0031616270249208746,0.01604532003858395
455,34.55000000000071,-0.00294431728917092,0.016097200806412464
456,34.56000000000071,-0.0027141195349933505,0.01615259916039559
457,34.57000000000072,-0.0024698689653993616,0.016211836594414032
458,34.580000000000716,-0.0022102561697247823,0.016275274539008223
459,34.590000000000714,-0.0019338039629183158,0.01634332075764648
460,34.60000000000072,-0.0016388396263602727,0.016416437012949488
461,34.610000000000724,-0.0013234614485787707,0.016495148307108087
462,34.62000000000072,-0.0009854981519370819,0.01658005408697798
463,34.63000000000072,-0.0006224593757920148,0.016671841919102738
464,34.640000000000725,-0.000231474828430426,0.01677130429407299
465,34.65000000000073,0.00019078103731838937,0.016879359428802657
466,34.66000000000073,0.0006481830087750264,0.016997077222209202
467,34.67000000000073,0.0011452733838738438,0.017125711917879753
468,34.68000000000073,0.0016874121783154563,0.01726674358667162
469,34.69000000000074,0.0022809698047420537,0.017421931338783885
470,34.700000000000735,0.002933576927653281,0.0175933823260161
471,34.71000000000073,0.0036544523180228614,0.017783642285153792
472,34.72000000000074,0.004454838675107252,0.017995815898583463
473,34.73000000000074,0.005348590305362574,0.018233729093186775
474,34.74000000000074,0.006352978196102336,0.01850215137699967
475,34.75000000000074,0.007489812470455772,0.018807105826859745
476,34.760000000000744,0.00878703846264303,0.019156309875470148
477,34.77000000000075,0.010281057201921219,0.01955981615793735
478,34.78000000000075,0.012020185280111464,0.020030968021135447
479,34.790000000000745,0.014069964968297821,0.020587866015187146
480,34.80000000000075,0.01652159191616618,0.021255695365725913
481,34.810000000000755,0.019505827444217888,0.022070568122624434
482,34.82000000000075,0.023217066187979807,0.023086169905714993
483,34.83000000000075,0.027957405438547606,0.02438593050604792
484,34.84000000000076,0.034223227281755586,0.02610693521924791
485,34.85000000000076,0.04289130652103045,0.02849132215017254
486,34.86000000000076,0.055669547029761304,0.0320107617797776
487,34.87000000000076,0.07638768273771122,0.03772290902164175
488,34.88000000000076,0.11577686110270591,0.04859137769769645
489,34.89000000000077,0.21976152404519605,0.07729909099555142
490,34.900000000000766,1.2704687286727332,0.3674625074470068
491,34.910000000000764,-0.37185322653121855,-0.08610624624879717
492,34.92000000000077,-0.16920462252987015,-0.030150723287923897
493,34.930000000000774,-0.1123324120850922,-0.014454222155393447
494,34.94000000000077,-0.08555082025030114,-0.007067877454435347
495,34.95000000000077,-0.06997579039105496,-0.002776491720863807
496,34.960000000000775,-0.059791095851867995,2.6198355341304838e-05
497,34.97000000000078,-0.052611750702115455,0.001998852550978293
498,34.98000000000078,-0.04727893260906246,0.0034615018334285073
499,34.99000000000078,-0.04316173737120849,0.0045883823595129405
500,35.00000000000078,-0.0398872909284621,0.005482470267051653
501,35.01000000000079,-0.03722107287615053,0.006208532652572133
502,35.020000000000785,-0.035008194093362185,0.006809344890689593
503,35.03000000000078,-0.0331422428716059,0.007314294378587265
504,35.04000000000079,-0.03154769554999586,0.007744238179503303
505,35.05000000000079,-0.030169467469155012,0.008114388729015725
506,35.06000000000079,-0.028966436866115875,0.008436102336781744
507,35.07000000000079,-0.027907284376602382,0.00871802818848442
508,35.080000000000794,-0.0269677365045945,0.008966869615042684
509,35.0900000000008,-0.02612868975758578,0.009187902148946516
510,35.1000000000008,-0.02537490379129487,0.009385334437619061
511,35.110000000000795,-0.02469407188888764,0.00956256494855079
512,35.1200000000008,-0.024076147502787987,0.009722367957793986
513,35.130000000000805,-0.023512848175446795,0.009867030551825072
514,35.1400000000008,-0.022997284625596002,0.009998455062535452
515,35.1500000000008,-0.022523679642975906,0.010118236699874321
516,35.16000000000081,-0.022087152406292155,0.010227723116600237
517,35.17000000000081,-0.021683551123682462,0.010328060627836243
518,35.18000000000081,-0.021309321819535272,0.010420230448110114
519,35.19000000000081,-0.020961404476086055,0.010505077373843192
520,35.20000000000081,-0.020637150099917737,0.0105833326870217
521,35.21000000000082,-0.020334253954675523,0.010655632594255043
522,35.220000000000816,-0.020050701399178094,0.010722533184609495
523,35.230000000000814,-0.01978472363914486,0.010784522649604895
524,35.24000000000082,-0.019534761338224644,0.010842031332712951
525,35.250000000000824,-0.01929943450653207,0.010895440045199899
526,35.26000000000082,-0.019077517438580185,0.010945086987480696
527,35.27000000000082,-0.01886791773960135,0.010991273541385155
528,35.280000000000825,-0.01866965868276524,0.011034269142532468
529,35.29000000000083,-0.018481864296041872,0.011074315398860848
530,35.30000000000083,-0.018303746698394276,0.011111629587961368
531,35.31000000000083,-0.018134595299191876,0.011146407639846765
532,35.32000000000083,-0.0179737675486813,0.01117882669136574
533,35.33000000000084,-0.017820680985715796,0.011209047282353784
534,35.340000000000835,-0.01767480637532891,0.011237215250802254
535,35.35000000000083,-0.01753566176578716,0.011263463374095202
536,35.36000000000084,-0.017402807324529857,0.011287912795141205
537,35.37000000000084,-0.017275840836449806,0.011310674265586764
538,35.38000000000084,-0.017154393767913834,0.011331849232824232
539,35.39000000000084,-0.017038127812328063,0.011351530793802115
540,35.400000000000844,-0.01692673185839918,0.011369804532623215
541,35.41000000000085,-0.01681991930833536,0.011386749260801519
542,35.42000000000085,-0.016717425712888506,0.01140243767054068
543,35.430000000000845,-0.016619006672854274,0.01141693691421525
544,35.44000000000085,-0.01652443597508162,0.011430309119122226
545,35.450000000000855,-0.016433503932643964,0.011442611845849123
546,35.46000000000085,-0.01634601590355028,0.01145389849733441
547,35.47000000000085,-0.01626179096598557,0.011464218684699184
548,35.48000000000086,-0.016180660731116882,0.011473618555086988
549,35.49000000000086,-0.01610246827708366,0.011482141086036027
550,35.50000000000086,-0.016027067189981436,0.011489826350302774
551,35.51000000000086,-0.015954320699516474,0.011496711754539991
552,35.52000000000086,-0.0158841008986057,0.011502832254791389
553,35.53000000000087,-0.015816288037561074,0.011508220551388
554,35.540000000000866,-0.015750769884672944,0.01151290726550682
555,35.550000000000864,-0.015687441146017,0.011516921099373368
556,35.56000000000087,-0.015626202938184394,0.011520288981848235
557,35.570000000000874,-0.015566962308385161,0.011523036200930207
558,35.58000000000087,-0.015509631797033758,0.011525186524526675
559,35.59000000000087,-0.015454129038493096,0.011526762310685605
560,35.600000000000875,-0.015400376396149393,0.011527784608345982
561,35.61000000000088,-0.015348300628421921,0.01152827324954467
562,35.62000000000088,-0.015297832582691738,0.01152824693391247
563,35.63000000000088,-0.015248906914463086,0.011527723306201299
564,35.64000000000088,-0.015201461829364988,0.011526719027503289
565,35.65000000000089,-0.015155438845853885,0.011525249840752582
566,35.660000000000885,-0.015110782576705218,0.01152333063103758
567,35.67000000000088,-0.015067440527581381,0.011520975481197014
568,35.68000000000089,-0.015025362911139218,0.011518197723123996
569,35.69000000000089,-0.014984502475296445,0.011515009985159546
570,35.70000000000089,-0.01494481434441335,0.011511424235918551
571,35.71000000000089,-0.014906255872273075,0.011507451824857344
572,35.720000000000894,-0.0148687865058481,0.011503103519861665
573,35.7300000000009,-0.0148323676589427,0.011498389542107006
574,35.7400000000009,-0.014796962594885058,0.011493319598419174
575,35.750000000000895,-0.014762536317522402,0.011487902911341333
576,35.7600000000009,-0.014729055469841459,0.0114821482470948
577,35.770000000000906,-0.014696488239599369,0.011476063941603288
578,35.7800000000009,-0.014664804271405665,0.011469657924735132
579,35.7900000000009,-0.014633974584746736,0.011462937742903743
580,35.80000000000091,-0.014603971497490044,0.011455910580154521
581,35.81000000000091,-0.014574768554444607,0.01144858327785466
582,35.82000000000091,-0.014546340460593075,0.011440962353092466
583,35.83000000000091,-0.01451866301864229,0.011433054015883487
584,35.84000000000091,-0.014491713070570122,0.011424864185272462
585,35.85000000000092,-0.014465468442873837,0.011416398504412542
586,35.860000000000916,-0.014439907895249144,0.011407662354696615
587,35.870000000000914,-0.01441501107245143,0.011398660869009057
588,35.88000000000092,-0.014390758459112639,0.011389398944161045
589,35.890000000000924,-0.014367131337302691,0.01137988125256697
590,35.90000000000092,-0.014344111746644348,0.011370112253215487
591,35.91000000000092,-0.014321682446803237,0.011360096201983751
592,35.920000000000925,-0.014299826882190274,0.011349837161340283
593,35.93000000000093,-0.01427852914872551,0.011339339009477954
594,35.94000000000093,-0.014257773962524443,0.011328605448915336
595,35.95000000000093,-0.014237546630378418,0.011317640014602098
596,35.96000000000093,-0.014217833021910245,0.011306446081561053
597,35.97000000000094,-0.014198619543295795,0.011295026872097356
598,35.980000000000935,-0.014179893112448789,0.011283385462602626
599,35.99000000000093,-0.014161641135575918,0.011271524789980333
600,36.00000000000094,-0.014143851485013882,0.011259447657716283
601,36.01000000000094,-0.01412651247826815,0.01124715674161681
602,36.02000000000094,-0.014109612858177488,0.011234654595235165
603,36.03000000000094,-0.014093141774135,0.011221943655005584
604,36.040000000000944,-0.014077088764300357,0.011209026245102935
605,36.05000000000095,-0.014061443738742928,0.011195904582044627
606,36.06000000000095,-0.014046196963459417,0.011182580779050247
607,36.070000000000945,-0.014031339045213748,0.011169056850173385
608,36.08000000000095,-0.014016860917150195,0.011155334714219273
609,36.090000000000956,-0.014002753825134405,0.011141416198460641
610,36.10000000000095,-0.013989009314779548,0.011127303042163599
611,36.11000000000095,-0.013975619219118041,0.01111299689993442
612,36.12000000000096,-0.013962575646881876,0.011098499344897693
613,36.13000000000096,-0.013949870971356526,0.011083811871715006
614,36.14000000000096,-0.01393749781977642,0.011068935899453543
615,36.15000000000096,-0.013925449063231198,0.01105387277431258
616,36.16000000000096,-0.013913717807054731,0.011038623772215966
617,36.17000000000097,-0.013902297381670061,0.011023190101277927
618,36.180000000000966,-0.013891181333865292,0.011007572904148936
619,36.190000000000964,-0.013880363418477058,0.010991773260248068
620,36.20000000000097,-0.013869837590459635,0.010975792187888153
621,36.210000000000974,-0.01385959799731908,0.010959630646299184
622,36.22000000000097,-0.013849638971892935,0.010943289537555375
623,36.23000000000097,-0.013839955025457406,0.010926769708410878
624,36.240000000000975,-0.013830540841144805,0.010910071952048895
625,36.25000000000098,-0.013821391267655254,0.010893197009748598
626,36.26000000000098,-0.013812501313247372,0.010876145572474002
627,36.27000000000098,-0.013803866139993851,0.010858918282388781
628,36.28000000000098,-0.013795481058288343,0.010841515734300644
629,36.29000000000099,-0.013787341521591076,0.010823938477038837
630,36.300000000000985,-0.013779443121401214,0.010806187014767935
631,36.31000000000098,-0.013771781582444773,0.010788261808241127
632,36.32000000000099,-0.01376435275806735,0.010770163275995807
633,36.33000000000099,-0.013757152625821872,0.010751891795494463
634,36.34000000000099,-0.013750177283241563,0.010733447704212988
635,36.35000000000099,-0.01374342294378953,0.010714831300679427
636,36.360000000000994,-0.013736885932976206,0.010696042845464979
637,36.370000000001,-0.013730562684636991,0.010677082562129944
638,36.380000000001,-0.01372444973736219,0.010657950638126128
639,36.390000000000995,-0.013718543731072314,0.010638647225658097
640,36.400000000001,-0.013712841403731902,0.01061917244250487
641,36.410000000001006,-0.013707339588195578,0.010599526372804197
642,36.420000000001004,-0.013702035209179977,0.01057970906780034
643,36.430000000001,-0.013696925280356112,0.010559720546557686
644,36.44000000000101,-0.013692006901556555,0.010539560796641319
645,36.45000000000101,-0.01368727725609229,0.010519229774765942
646,36.46000000000101,-0.013682733608174343,0.010498727407414593
647,36.47000000000101,-0.013678373300435549,0.010478053591428284
648,36.48000000000101,-0.013674193751547981,0.010457208194567994
649,36.49000000000102,-0.013670192453931938,0.010436191056049872
650,36.500000000001016,-0.013666366971552425,0.010415001987054896
651,36.510000000001014,-0.013662714937764352,0.010393640771250979
652,36.52000000000102,-0.013659234053378589,0.010372107165143252
653,36.530000000001024,-0.013655922084695932,0.010350400898514307
654,36.54000000000102,-0.013652776861273717,0.01032852167520824
655,36.55000000000102,-0.01364979627462576,0.010306469172974814
656,36.560000000001025,-0.013646978276158702,0.010284243044176768
657,36.57000000000103,-0.01364432087555437,0.010261842916072617
658,36.58000000000103,-0.013641822139144735,0.01023926839115433
659,36.59000000000103,-0.01363948018834625,0.01021651904746703
660,36.60000000000103,-0.013637293198151216,0.010193594438911283
661,36.61000000000104,-0.013635259395673768,0.010170494095528417
662,36.620000000001035,-0.013633377058748458,0.010147217523769996
663,36.63000000000103,-0.013631644514579117,0.010123764206751127
664,36.64000000000104,-0.013630060138436156,0.010100133604488932
665,36.65000000000104,-0.013628622352400385,0.010076325154126403
666,36.66000000000104,-0.013627329624151415,0.010052338270141806
667,36.67000000000104,-0.013626180465799035,0.01002817234454445
668,36.680000000001044,-0.013625173432755886,0.010003826747057323
669,36.69000000000105,-0.013624307122649722,0.00997930082528651
670,36.70000000000105,-0.013623580174273942,0.00995459390487833
671,36.710000000001045,-0.013622991266574788,0.00992970528966413
672,36.72000000000105,-0.01362253911767392,0.00990463426179336
673,36.730000000001056,-0.013622222483924968,0.009879380081855058
674,36.740000000001054,-0.013622040159002938,0.009853941988988361
675,36.75000000000105,-0.013621990973025055,0.009828319200981771
676,36.76000000000106,-0.013622073791702135,0.00980251091436208
677,36.77000000000106,-0.013622287515519166,0.009776516304473008
678,36.78000000000106,-0.01362263107894418,0.009750334525543431
679,36.79000000000106,-0.013623103449664345,0.009723964710745991
680,36.80000000000106,-0.01362370362784834,0.00969740597224603
681,36.81000000000107,-0.013624430645434043,0.009670657401241116
682,36.820000000001066,-0.013625283565440745,0.009643718067991275
683,36.830000000001064,-0.013626261481304868,0.009616587021840137
684,36.84000000000107,-0.013627363516238587,0.009589263291227435
685,36.850000000001074,-0.013628588822610407,0.009561745883692706
686,36.86000000000107,-0.013629936581347021,0.009534033785870366
687,36.87000000000107,-0.013631406001355758,0.009506125963476504
688,36.880000000001075,-0.01363299631896685,0.009478021361287444
689,36.89000000000108,-0.013634706797394999,0.009449718903110187
690,36.90000000000108,-0.013636536726219424,0.009421217491744766
691,36.91000000000108,-0.013638485420882002,0.009392516008938829
692,36.92000000000108,-0.013640552222202755,0.009363613315334373
693,36.93000000000109,-0.013642736495912182,0.009334508250406905
694,36.940000000001085,-0.013645037632199979,0.009305199632396989
695,36.95000000000108,-0.013647455045279477,0.009275686258233943
696,36.96000000000109,-0.01364998817296751,0.009245966903452793
697,36.97000000000109,-0.01365263647627903,0.009216040322103242
698,36.98000000000109,-0.013655399439036216,0.009185905246651662
699,36.99000000000109,-0.01365827656749149,0.009155560387875603
700,37.000000000001094,-0.01366126738996416,0.009125004434751442
701,37.0100000000011,-0.013664371456490137,0.00909423605433464
702,37.0200000000011,-0.013667588338484546,0.00906325389163282
703,37.030000000001095,-0.013670917628416617,0.009032056569471952
704,37.0400000000011,-0.013674358939496799,0.009000642688355435
705,37.050000000001106,-0.013677911905375442,0.008969010826316008
706,37.060000000001104,-0.013681576179853022,0.008937159538760831
707,37.0700000000011,-0.013685351436601385,0.008905087358309305
708,37.08000000000111,-0.01368923736889583,0.008872792794624239
709,37.09000000000111,-0.013693233689357664,0.008840274334235503
710,37.10000000000111,-0.013697340129707062,0.008807530440357397
711,37.11000000000111,-0.013701556440525883,0.008774559552698007
712,37.12000000000111,-0.013705882391030204,0.008741360087262368
713,37.13000000000112,-0.013710317768852363,0.008707930436148315
714,37.140000000001116,-0.013714862379832259,0.008674268967335058
715,37.150000000001114,-0.013719516047817727,0.008640374024464624
716,37.16000000000112,-0.013724278614473678,0.008606243926616509
717,37.170000000001124,-0.013729149939099943,0.008571876968074908
718,37.18000000000112,-0.013734129898457476,0.008537271418088493
719,37.19000000000112,-0.013739218386602917,0.008502425520623278
720,37.200000000001125,-0.013744415314731114,0.008467337494107843
721,37.21000000000113,-0.013749720611025633,0.008432005531171516
722,37.22000000000113,-0.013755134220516978,0.008396427798374677
723,37.23000000000113,-0.013760656104948407,0.008360602435931782
724,37.24000000000113,-0.013766286242649237,0.008324527557426745
725,37.25000000000114,-0.013772024628415369,0.008288201249520642
726,37.260000000001135,-0.013777871273397062,0.008251621571651695
727,37.27000000000113,-0.013783826204993741,0.008214786555727265
728,37.28000000000114,-0.013789889466755691,0.008177694205808106
729,37.29000000000114,-0.01379606111829261,0.00814034249778452
730,37.30000000000114,-0.013802341235188833,0.008102729379044413
731,37.31000000000114,-0.013808729908925194,0.008064852768132989
732,37.320000000001144,-0.013815227246807357,0.008026710554404258
733,37.33000000000115,-0.013821833371900565,0.007988300597664144
734,37.34000000000115,-0.013828548422970734,0.007949620727804797
735,37.350000000001145,-0.013835372554431805,0.00791066874443051
736,37.36000000000115,-0.013842305936299214,0.007871442416474545
737,37.370000000001156,-0.013849348754149523,0.00783193948180709
738,37.380000000001154,-0.01385650120908602,0.0077921576468344585
739,37.39000000000115,-0.013863763517710369,0.007752094586088391
740,37.40000000000116,-0.013871135912100117,0.007711747941806624
741,37.41000000000116,-0.013878618639792072,0.007671115323503577
742,37.42000000000116,-0.01388621196377152,0.007630194307531504
743,37.43000000000116,-0.013893916162467192,0.007588982436631565
744,37.44000000000116,-0.013901731529751998,0.007547477219475119
745,37.45000000000117,-0.013909658374949395,0.007505676130194948
746,37.460000000001166,-0.013917697022845496,0.007463576607905507
747,37.470000000001164,-0.013925847813706777,0.00742117605621323
748,37.48000000000117,-0.013934111103303441,0.0073784718427156865
749,37.490000000001174,-0.013942487262938286,0.007335461298490151
750,37.50000000000117,-0.013950976679481312,0.007292141717570429
751,37.51000000000117,-0.013959579755409759,0.007248510356412989
752,37.520000000001176,-0.013968296908853846,0.007204564433350793
753,37.53000000000118,-0.013977128573647916,0.007160301128036006
754,37.54000000000118,-0.013986075199387304,0.007115717580870092
755,37.55000000000118,-0.013995137251490684,0.007070810892421963
756,37.56000000000118,-0.014004315211268051,0.007025578122833165
757,37.57000000000119,-0.014013609575994217,0.006980016291210953
758,37.580000000001185,-0.014023020858988013,0.0069341223750076335
759,37.59000000000118,-0.01403254958969706,0.00688789330938681
760,37.60000000000119,-0.014042196313788204,0.006841325986576191
761,37.61000000000119,-0.014051961593243623,0.00679441725520636
762,37.62000000000119,-0.014061846006462651,0.006747163919635382
763,37.63000000000119,-0.014071850148369387,0.006699562739258678
764,37.640000000001194,-0.014081974630526014,0.006651610427804596
765,37.6500000000012,-0.014092220081251996,0.006603303652614474
766,37.6600000000012,-0.014102587145749142,0.006554639033907371
767,37.670000000001195,-0.014113076486232572,0.006505613144028977
768,37.6800000000012,-0.014123688782067725,0.0064562225066843275
769,37.690000000001206,-0.014134424729913275,0.0064064635961542694
770,37.700000000001204,-0.014145285043870295,0.006356332836494737
771,37.7100000000012,-0.014156270455637481,0.006305826600718923
772,37.72000000000121,-0.014167381714672682,0.006254941209961645
773,37.73000000000121,-0.014178619588360659,0.006203672932626102
774,37.74000000000121,-0.014189984862187277,0.006152017983511716
775,37.75000000000121,-0.014201478339920238,0.006099972522922992
776,37.76000000000121,-0.01421310084379621,0.006047532655759649
777,37.77000000000122,-0.014224853214714762,0.00599469443058627
778,37.780000000001216,-0.014236736312438925,0.00594145383868238
779,37.790000000001214,-0.0142487510158027,0.005887806813071002
780,37.80000000000122,-0.014260898222925453,0.005833749227526733
781,37.810000000001224,-0.014273178851433385,0.005779276895561548
782,37.82000000000122,-0.014285593838688142,0.005724385569388955
783,37.83000000000122,-0.014298144142022837,0.005669070938864432
784,37.840000000001226,-0.014310830738985387,0.005613328630403338
785,37.85000000000123,-0.014323654627589364,0.005557154205874704
786,37.86000000000123,-0.01433661682657267,0.005500543161470299
787,37.87000000000123,-0.01434971837566392,0.005443490926548781
788,37.88000000000123,-0.014362960335856895,0.005385992862453795
789,37.89000000000124,-0.014376343789692965,0.005328044261306484
790,37.900000000001235,-0.014389869841551979,0.005269640344769892
791,37.91000000000123,-0.01440353961795146,0.005210776262786536
792,37.92000000000124,-0.014417354267854513,0.005151447092287025
793,37.93000000000124,-0.014431314962986403,0.005091647835869885
794,37.94000000000124,-0.01444542289816023,0.005031373420451325
795,37.95000000000124,-0.014459679291611688,0.004970618695884384
796,37.960000000001244,-0.014474085385343258,0.004909378433546451
797,37.97000000000125,-0.014488642445477803,0.0048476473248952046
798,37.98000000000125,-0.01450335176262212,0.004785419979990619
799,37.990000000001245,-0.01451821465224037,0.004722690925983569
800,38.00000000000125,-0.014533232455037747,0.004659454605569432
801,38.010000000001256,-0.014548406537354602,0.0045957053754058265
802,38.020000000001254,-0.014563738291571164,0.004531437504494244
803,38.03000000000125,-0.014579229136523408,0.00446664517252289
804,38.04000000000126,-0.014594880517929867,0.0044013224681719795
805,38.05000000000126,-0.014610693908830064,0.0043354633873787796
806,38.06000000000126,-0.014626670810034603,0.004269061831561897
807,38.07000000000126,-0.014642812750587377,0.0042021116058036274
808,38.08000000000126,-0.014659121288239948,0.00413460641698973
809,38.09000000000127,-0.014675598009938666,0.0040665398719043795
810,38.100000000001266,-0.014692244532324709,0.003997905475280235
811,38.110000000001264,-0.014709062502247332,0.003928696627801494
812,38.12000000000127,-0.014726053597290786,0.0038589066240593377
813,38.130000000001274,-0.014743219526315118,0.0037885286504579924
814,38.14000000000127,-0.014760562030011358,0.003717555783070002
815,38.15000000000127,-0.014778082881471368,0.0036459809854396154
816,38.160000000001276,-0.014795783886772731,0.00357379710633271
817,38.17000000000128,-0.014813666885579148,0.003500996877431592
818,38.18000000000128,-0.014831733751756677,0.0034275729109733734
819,38.19000000000128,-0.01484998639400642,0.003353517697329767
820,38.20000000000128,-0.014868426756513762,0.0032788236025275523
821,38.21000000000129,-0.014887056819614965,0.0032034828657072356
822,38.220000000001285,-0.01490587860048144,0.0031274875965182428
823,38.23000000000128,-0.014924894153822109,0.0030508297724492865
824,38.24000000000129,-0.014944105572604591,0.002973501236091105
825,38.25000000000129,-0.014963514988795397,0.002895493692331011
826,38.26000000000129,-0.014983124574120071,0.002816798705475569
827,38.27000000000129,-0.015002936540843552,0.0027374076963004555
828,38.280000000001294,-0.015022953142571401,0.002657311939025124
829,38.2900000000013,-0.015043176675072491,0.0025765025582101045
830,38.3000000000013,-0.015063609477123966,0.0024949705255736844
831,38.310000000001295,-0.015084253931378758,0.0024127066567272114
832,38.3200000000013,-0.015105112465256726,0.002329701607824971
833,38.330000000001306,-0.01512618755185962,0.0022459458721275326
834,38.340000000001304,-0.015147481710911237,0.0021614297764742697
835,38.3500000000013,-0.01516899750972281,0.0020761434776639803
836,38.36000000000131,-0.015190737564184938,0.001990076958739439
837,38.37000000000131,-0.015212704539786574,0.0019032200251736624
838,38.38000000000131,-0.015234901152661857,0.0018155623009551078
839,38.39000000000131,-0.01525733017066598,0.001727093224567218
840,38.40000000000131,-0.015279994414480556,0.0016378020448606992
841,38.41000000000132,-0.015302896758749534,0.0015476778168148388
842,38.420000000001316,-0.015326040133246784,0.0014567093971833457
843,38.430000000001314,-0.015349427524076299,0.0013648854400213628
844,38.44000000000132,-0.01537306197490564,0.0012721943920916343
845,38.450000000001324,-0.015396946588234223,0.0011786244881433552
846,38.46000000000132,-0.015421084526697167,0.0010841637460615346
847,38.47000000000132,-0.015445479014406198,0.0009887999618810976
848,38.480000000001326,-0.015470133338328286,0.0008925207046633285
849,38.49000000000133,-0.015495050849703623,0.0007953133112286598
850,38.50000000000133,-0.01552023496550412,0.0006971648807415458
851,38.51000000000133,-0.015545689169933772,0.0005980622691422847
852,38.52000000000133,-0.015571417015972188,0.0004979920834212136
853,38.53000000000134,-0.015597422126962569,0.0003969406757303902
854,38.540000000001335,-0.015623708198245968,0.00029489413732607453
855,38.55000000000133,-0.01565027899884311,0.000191838292337293
856,38.56000000000134,-0.015677138373185392,8.775869135440109e-05
857,38.57000000000134,-0.015704290242896598,-1.735939516774726e-05
858,38.58000000000134,-0.015731738608627453,-0.00012353098370018745
859,38.59000000000134,-0.015759487551944333,-0.00023077138462834074
860,38.600000000001344,-0.01578754123727421,-0.00033909620944644683
861,38.61000000000135,-0.01581590391390778,-0.0004485213781651315
862,38.62000000000135,-0.015844579918062592,-0.0005590631269385173
863,38.630000000001345,-0.015873573675008565,-0.0006707380159201547
864,38.64000000000135,-0.01590288970125783,-0.0007835629373545601
865,38.650000000001356,-0.01593253260682098,-0.0008975551239118022
866,38.660000000001354,-0.015962507097532726,-0.0010127321572769923
867,38.67000000000135,-0.015992817977448573,-0.0011291119769996777
868,38.68000000000136,-0.01602347015131581,-0.0012467128896157913
869,38.69000000000136,-0.016054468627120594,-0.0013655535780486977
870,38.70000000000136,-0.016085818518715003,-0.0014856531113033797
871,38.71000000000136,-0.016117525048525965,-0.0016070309544608495
872,38.72000000000136,-0.01614959355034941,-0.0017297069789853278
873,38.73000000000137,-0.016182029472232767,-0.0018537014733553125
874,38.740000000001366,-0.01621483837944915,-0.001979035154030969
875,38.750000000001364,-0.016248025957566446,-0.0021057291767699535
876,38.76000000000137,-0.016281598015614775,-0.0022338051483039786
877,38.770000000001374,-0.01631556048935629,-0.0023632851383908193
878,38.78000000000137,-0.01634991944466077,-0.002494191692254913
879,38.79000000000137,-0.01638468108099152,-0.002626547843432459
880,38.800000000001376,-0.016419851735005105,-0.0027603771270344295
881,38.81000000000138,-0.016455437884269834,-0.0028957035934455803
882,38.82000000000138,-0.01649144615110719,-0.003032551822474503
883,38.83000000000138,-0.01652788330656141,-0.003170946937974553
884,38.84000000000138,-0.01656475627450143,-0.003310914622950207
885,38.85000000000139,-0.016602072135861165,-0.003452481135171756
886,38.860000000001385,-0.016639838133022992,-0.003595673323315448
887,38.87000000000138,-0.016678061674350465,-0.0037405186436519217
888,38.88000000000139,-0.01671675033887607,-0.0038870451773036496
889,38.89000000000139,-0.016755911881149763,-0.004035281648093043
890,38.90000000000139,-0.01679555423625581,-0.00418525744100838
891,38.91000000000139,-0.016835685525003433,-0.004337002621308206
892,38.920000000001394,-0.01687631405929994,-0.00449054795429607
893,38.9300000000014,-0.016917448347711396,-0.004645924925783574
894,38.9400000000014,-0.016959097101221312,-0.004803165763281159
895,38.950000000001396,-0.01700126923919381,-0.004962303457939975
896,38.9600000000014,-0.01704397389554998,-0.005123371787276249
897,38.970000000001406,-0.01708722042516674,-0.005286405338713721
898,38.980000000001404,-0.017131018410508108,-0.005451439533979335
899,38.9900000000014,-0.017175377668496375,-0.005618510654380151
900,39.00000000000141,-0.017220308257637082,-0.005787655867012936
901,39.01000000000141,-0.017265820485405328,-0.005958913251933519
902,39.02000000000141,-0.01731192491590647,-0.0061323218303342385
903,39.03000000000141,-0.01735863237782357,-0.006307921593774815
904,39.04000000000141,-0.017405953972661647,-0.006485753534503841
905,39.05000000000142,-0.017453901083305072,-0.006665859676930213
906,39.060000000001416,-0.017502485382899464,-0.006848283110287456
907,39.070000000001414,-0.017551718844073833,-0.007033068022547467
908,39.08000000000142,-0.01760161374851782,-0.007220259735639414
909,39.090000000001424,-0.017652182696929863,-0.007409904742031129
910,39.10000000000142,-0.017703438619353737,-0.007602050742737693
911,39.11000000000142,-0.017755394785920774,-0.007796746686820379
912,39.120000000001426,-0.01780806481801663,-0.007994042812445677
913,39.13000000000143,-0.017861462699892,-0.008193990689575423
914,39.14000000000143,-0.017915602790738352,-0.00839664326436559
915,39.15000000000143,-0.017970499837250742,-0.008602054905354838
916,39.16000000000143,-0.01802616898669971,-0.00881028145152361
917,39.17000000000144,-0.018082625800537745,-0.0090213802623176
918,39.180000000001435,-0.01813988626856515,-0.009235410269726463
919,39.19000000000143,-0.018197966823682757,-0.00945243203251932
920,39.20000000000144,-0.018256884357259563,-0.009672507792739454
921,39.21000000000144,-0.018316656235145737,-0.009895701534570756
922,39.22000000000144,-0.018377300314363076,-0.01012207904569333
923,39.23000000000144,-0.01843883496050593,-0.01035170798125
924,39.240000000001444,-0.018501279065887305,-0.010584657930550849
925,39.25000000000145,-0.01856465206847176,-0.010821000486669344
926,39.26000000000145,-0.01862897397162877,-0.011060809319053018
927,39.270000000001446,-0.018694265364753528,-0.011304160249322036
928,39.28000000000145,-0.018760547444797656,-0.01155113133041133
929,39.290000000001456,-0.01882784203875742,-0.011801802929231334
930,39.300000000001454,-0.018896171627169018,-0.012056257813029478
931,39.31000000000145,-0.018965559368665834,-0.012314581239654204
932,39.32000000000146,-0.019036029125650597,-0.012576861051916022
933,39.33000000000146,-0.01910760549114586,-0.012843187776278676
934,39.34000000000146,-0.01918031381688183,-0.013113654726097244
935,39.35000000000146,-0.019254180242695637,-0.013388358109675827
936,39.36000000000146,-0.019329231727305014,-0.01366739714337582
937,39.37000000000147,-0.01940549608053866,-0.01395087417007709
938,39.380000000001466,-0.019483001997102012,-0.01423889478328198
939,39.390000000001464,-0.01956177909196442,-0.014531567957177534
940,39.40000000000147,-0.019641857937459546,-0.014829006182993553
941,39.410000000001475,-0.0197232701021961,-0.01513132561201359
942,39.42000000000147,-0.019806048191883148,-0.01543864620562176
943,39.43000000000147,-0.01989022589218165,-0.015751091892795745
944,39.440000000001476,-0.019975838013698254,-0.01606879073547245
945,39.45000000000148,-0.020062920539249476,-0.01639187510225686
946,39.46000000000148,-0.020151510673530076,-0.016720481850966668
947,39.47000000000148,-0.02024164689532999,-0.017054752520542112
948,39.48000000000148,-0.020333369012452668,-0.017394833532883673
949,39.49000000000149,-0.020426718219500605,-0.017740876405226345
950,39.500000000001485,-0.02052173715870326,-0.018093037973694513
951,39.51000000000148,-0.020618469983976248,-0.01845148062873172
952,39.52000000000149,-0.020716962428414226,-0.01881637256314886
953,39.53000000000149,-0.02081726187543246,-0.01918788803358132
954,39.54000000000149,-0.020919417433791786,-0.019566207636217352
955,39.55000000000149,-0.02102348001675495,-0.019951518597708953
956,39.560000000001494,-0.02112950242564173,-0.020344015082248305
957,39.5700000000015,-0.021237539438072068,-0.02074389851587245
958,39.5800000000015,-0.021347647901205993,-0.02115137792913079
959,39.590000000001496,-0.021459886830314478,-0.021566670319344002
960,39.6000000000015,-0.021574317513038448,-0.021990001033766284
961,39.610000000001506,-0.021691003619724643,-0.022421604175080198
962,39.620000000001504,-0.02181001132025466,-0.022861723030753837
963,39.6300000000015,-0.02193140940781692,-0.02331061052791262
964,39.64000000000151,-0.02205526943010888,-0.023768529715517666
965,39.65000000000151,-0.022181665828493447,-0.02423575427577533
966,39.66000000000151,-0.022310676085679958,-0.024712569066874357
967,39.67000000000151,-0.022442380882544525,-0.025199270699310317
968,39.68000000000151,-0.022576864264754297,-0.025696168148238867
969,39.69000000000152,-0.022714213819921374,-0.02620358340452573
970,39.700000000001516,-0.022854520866070337,-0.026721852167373678
971,39.710000000001514,-0.02299788065226919,-0.02725132458165022
972,39.72000000000152,-0.023144392572351354,-0.02779236602332441
973,39.730000000001525,-0.023294160392736477,-0.028345357936717025
974,39.74000000000152,-0.023447292495445585,-0.02891069872758927
975,39.75000000000152,-0.023603902137508206,-0.029488804716472312
976,39.760000000001526,-0.023764107728063828,-0.03008011115702295
977,39.77000000000153,-0.023928033124583067,-0.030685073324644273
978,39.78000000000153,-0.02409580794976675,-0.031304167681097235
979,39.79000000000153,-0.024267567930824213,-0.03193789312135592
980,39.80000000000153,-0.024443455262998466,-0.03258677230956959
981,39.81000000000154,-0.024623618999383163,-0.03325135311164712
982,39.820000000001535,-0.024808215469277473,-0.03393221013271785
983,39.83000000000153,-0.024997408727547098,-0.03462994636853986
984,39.84000000000154,-0.025191371037703636,-0.035345194980823
985,39.85000000000154,-0.025390283391693594,-0.036078621207459666
986,39.86000000000154,-0.025594336069691737,-0.03683092441977089
987,39.87000000000154,-0.02580372924354032,-0.03760284034015149
988,39.880000000001544,-0.026018673627852176,-0.03839514343487888
989,39.89000000000155,-0.026239391183231663,-0.03920864949845529
990,39.90000000000155,-0.026466115876545612,-0.0400442184476079
991,39.910000000001546,-0.02669909450371883,-0.040902757345067035
992,39.92000000000155,-0.0269385875811336,-0.0417852236754631
993,39.930000000001556,-0.027184870312403235,-0.04269262889822302
994,39.940000000001554,-0.027438233638062727,-0.043626042305186755
995,39.95000000000155,-0.027698985376589002,-0.04458659521385948
996,39.96000000000156,-0.027967451466163452,-0.04557548553089112
997,39.97000000000156,-0.02824397731770302,-0.04659398272446758
998,39.98000000000156,-0.028528929290973743,-0.04764343324902921
999,39.99000000000156,-0.028822696307046466,-0.04872526647104615
1000,40.00000000000156,-0.02912569161201871,-0.04984100115069641
1001,40.01000000000157,-0.02943835470881867,-0.05099225254124477
1002,40.020000000001566,-0.029761153476084892,-0.05218074017592409
1003,40.030000000001564,-0.03009458649560015,-0.053408296421252374
1004,40.04000000000157,-0.030439185612631425,-0.05467687588627918
1005,40.050000000001575,-0.030795518756820295,-0.055988565789353024
1006,40.06000000000157,-0.031164193055105177,-0.057345597398105484
1007,40.07000000000157,-0.031545858272551124,-0.058750358674493415
1008,40.080000000001576,-0.031941210622115634,-0.06020540827568023
1009,40.09000000000158,-0.032350996990334786,-0.061713491083422334
1010,40.10000000000158,-0.03277601963289068,-0.06327755546026767
1011,40.11000000000158,-0.03321714140216937,-0.0649007724608171
1012,40.12000000000158,-0.033675291578472426,-0.06658655726141059
1013,40.13000000000159,-0.03415147238781405,-0.06833859311301274
1014,40.140000000001585,-0.03464676630249611,-0.07016085817080393
1015,40.15000000000158,-0.03516234423638911,-0.0720576556118123
1016,40.16000000000159,-0.035699474765503066,-0.07403364752048248
1017,40.17000000000159,-0.036259534526682555,-0.07609389310384575
1018,40.18000000000159,-0.03684401997387946,-0.07824389189578322
1019,40.19000000000159,-0.03745456070336216,-0.08048963272712438
1020,40.200000000001594,-0.038092934597706976,-0.08283764937976357
1021,40.2100000000016,-0.03876108508493186,-0.08529508401391572
1022,40.2200000000016,-0.03946114086564968,-0.08786975966533526
1023,40.230000000001596,-0.04019543853002549,-0.09057026336255314
1024,40.2400000000016,-0.04096654857078903,-0.09340604172460412
1025,40.250000000001606,-0.0417773054024796,-0.09638751128164254
1026,40.260000000001604,-0.04263084212572438,-0.09952618623353829
1027,40.2700000000016,-0.04353063093527459,-0.1028348269492611
1028,40.28000000000161,-0.044480530270427074,-0.10632761324450538
1029,40.29000000000161,-0.04548484005792277,-0.11002034739913724
1030,40.30000000000161,-0.046548366715439694,-0.11393069304478928
1031,40.31000000000161,-0.047676499988701854,-0.11807845754094809
1032,40.32000000000161,-0.04887530421413807,-0.12248592736488402
1033,40.33000000000162,-0.050151627268836825,-0.1271782685023256
1034,40.340000000001616,-0.05151323134049378,-0.1321840070265246
1035,40.350000000001614,-0.05296895079177702,-0.1375356092492032
1036,40.36000000000162,-0.0545288839026849,-0.1432701863729951
1037,40.370000000001625,-0.05620462728753823,-0.14943035597300572
1038,40.38000000000162,-0.05800956449419546,-0.15606530259783621
1039,40.39000000000162,-0.059959223981596414,-0.16323209333570107
1040,40.400000000001626,-0.06207172674582067,-0.1709973228384966
1041,40.41000000000163,-0.0643683509280345,-0.17943918825386546
1042,40.42000000000163,-0.06687425069578602,-0.1886501311112298
1043,40.43000000000163,-0.06961938092334907,-0.19874023551854644
1044,40.44000000000163,-0.07263969984967544,-0.20984164792571736
1045,40.45000000000164,-0.07597875234968486,-0.22211439564056973
1046,40.460000000001635,-0.079689782175281,-0.2357541493065708
1047,40.47000000000163,-0.08383859150713673,-0.2510027317447797
1048,40.48000000000164,-0.08850747561105944,-0.26816257780104835
1049,40.49000000000164,-0.09380073569845206,-0.2876169940872779
1050,40.50000000000164,-0.09985256142551091,-0.3098591271360327
1051,40.51000000000164,-0.10683856305359646,-0.3355343440461004
1052,40.520000000001644,-0.11499308958564237,-0.36550387656801436
1053,40.53000000000165,-0.1246360287275711,-0.40094331086045754
1054,40.54000000000165,-0.1362157534535992,-0.44350041595462675
1055,40.550000000001646,-0.15038083148927867,-0.49555867583201757
1056,40.56000000000165,-0.16810579575178267,-0.5606994953147277
1057,40.570000000001656,-0.19092535727477924,-0.6445629316746916
1058,40.580000000001654,-0.22140445296512734,-0.7565751183540205
1059,40.59000000000165,-0.2641770444344663,-0.9137658467251236
1060,40.60000000000166,-0.3285593569247266,-1.15037220921533
1061,40.61000000000166,-0.4364624867871563,-1.5469174017355318
1062,40.62000000000166,-0.6545429053039481,-2.3483637030979634
1063,40.63000000000166,-1.3275584909862268,-4.821695007286532
1064,40.64000000000166,30.619615952065466,112.58404814161355
1065,40.65000000000167,1.2044856004591613,4.483554268908803
1066,40.660000000001666,0.6098646448295764,2.2983229572535997
1067,40.670000000001664,0.4062797605693499,1.550147730687729
1068,40.68000000000167,0.3034484321859302,1.1722414473925769
1069,40.690000000001675,0.241413337850683,0.9442611773529282
1070,40.70000000000167,0.19991568490758985,0.7917559344646952
1071,40.71000000000167,0.17020529235544546,0.6825688367390336
1072,40.720000000001676,0.14788461889187635,0.6005389365467407
1073,40.73000000000168,0.13050166596700274,0.5366551484840428
1074,40.74000000000168,0.1165812039365133,0.48549600916511976
1075,40.75000000000168,0.10518244547524316,0.4436041286972205
1076,40.76000000000168,0.09567712438689323,0.4086706311493676
1077,40.77000000000169,0.08762967549548203,0.37909481610858714
1078,40.780000000001685,0.08072861510254432,0.353731982120769
1079,40.79000000000168,0.0747452939619045,0.3317418440296368
1080,40.80000000000169,0.06950807810062341,0.31249364759180126
1081,40.81000000000169,0.06488562022602633,0.29550469196113044
1082,40.82000000000169,0.06077569457647945,0.2803992978077623
1083,40.83000000000169,0.05709754996807863,0.26688070479373116
1084,40.840000000001695,0.05378655220392807,0.254711382447415
1085,40.8500000000017,0.05079035422169182,0.24369895547033324
1086,40.8600000000017,0.04806610879093827,0.23368596041047238
1087,40.870000000001696,0.04557840703072969,0.22454226972225608
1088,40.8800000000017,0.04329773141325841,0.21615940656078178
1089,40.890000000001706,0.041199279434783735,0.2084462217769798
1090,40.900000000001704,0.03926205831700187,0.20132556694858414
1091,40.9100000000017,0.0374681805788826,0.1947317056093056
1092,40.92000000000171,0.035802310335274805,0.18860827839830793
1093,40.93000000000171,0.03425122399166288,0.18290668861510392
1094,40.94000000000171,0.03280345867926813,0.177584810219886
1095,40.95000000000171,0.031449028644526984,0.1726059455659338
1096,40.96000000000171,0.0301791947470567,0.1679379783055111
1097,40.97000000000172,0.028986275814746564,0.16355268012054042
1098,40.980000000001716,0.02786349324876749,0.1594251396466011
1099,40.990000000001714,0.02680484223635817,0.1555332891804055
1100,41.00000000000172,0.025804984403568012,0.15185751017903448
1101,41.010000000001725,0.02485915785627893,0.1483803026610324
1102,41.02000000000172,0.023963101409858203,0.14508600675066646
1103,41.03000000000172,0.023112990463478488,0.14196056701629453
1104,41.040000000001726,0.022305382483365374,0.13899133212150455
1105,41.05000000000173,0.02153717045609986,0.136166883766176
1106,41.06000000000173,0.02080554298490995,0.13347689004050067
1107,41.07000000000173,0.02010794994858594,0.13091197922162498
1108,41.08000000000173,0.019442072838890954,0.12846363076374395
1109,41.09000000000174,0.018805799049351674,0.126124080809503
1110,41.100000000001735,0.018197199514682558,0.12388624001496462
1111,41.11000000000173,0.017614509202249932,0.12174362185581113
1112,41.12000000000174,0.01705611004000268,0.11969027988755263
1113,41.13000000000174,0.01652051593310961,0.11772075268172436
1114,41.14000000000174,0.016006359577112057,0.11583001536427062
1115,41.15000000000174,0.015512380821216577,0.11401343685068753
1116,41.160000000001745,0.015037416373221063,0.11226674201166381
1117,41.17000000000175,0.014580390669016318,0.11058597811853177
1118,41.18000000000175,0.014140307755809505,0.10896748501414236
1119,41.190000000001746,0.013716244060151992,0.10740786853539315
1120,41.20000000000175,0.013307341930250172,0.10590397678124325
1121,41.210000000001756,0.012912803857542345,0.10445287887702838
1122,41.220000000001754,0.012531887295619734,0.1030518459340135
1123,41.23000000000175,0.012163900005662904,0.10169833394388753
1124,41.24000000000176,0.011808195867022503,0.10038996838266157
1125,41.25000000000176,0.01146417109959108,0.09912453032789811
1126,41.26000000000176,0.011131260851508203,0.09789994391853833
1127,41.27000000000176,0.010808936111635999,0.09671426500825975
1128,41.28000000000176,0.010496700911301442,0.09556567088188805
1129,41.29000000000177,0.010194089784176791,0.09445245092046566
1130,41.300000000001766,0.009900665456935877,0.09337299811442056
1131,41.310000000001764,0.009616016746587965,0.09232580133627458
1132,41.32000000000177,0.009339756643231873,0.0913094382947705
1133,41.330000000001775,0.00907152055942438,0.09032256910130577
1134,41.34000000000177,0.008810964729516544,0.08936393038749807
1135,41.35000000000177,0.008557764744177122,0.08843232991956274
1136,41.360000000001776,0.008311614206970479,0.08752664166124009
1137,41.37000000000178,0.00807222350129081,0.08664580124228177
1138,41.38000000000178,0.007839318657216984,0.08578880179414507
1139,41.39000000000178,0.007612640308970105,0.08495469011865185
1140,41.40000000000178,0.007391942734633651,0.08414256315896212
1141,41.41000000000179,0.007176992970658989,0.08335156474538363
1142,41.420000000001785,0.006967569994451162,0.08258088259137626
1143,41.43000000000178,0.006763463969001968,0.08182974551757995
1144,41.44000000000179,0.006564475544149543,0.08109742088394477
1145,41.45000000000179,0.006370415209568561,0.08038321221197095
1146,41.46000000000179,0.006181102695078796,0.07968645698084362
1147,41.47000000000179,0.0059963664142863755,0.0790065245828151
1148,41.480000000001795,0.005816042947929638,0.07834281442450139
1149,41.4900000000018,0.005639976563710489,0.07769475416226289
1150,41.5000000000018,0.0054680187695755455,0.0770617980605129
1151,41.510000000001796,0.005300027900154632,0.07644342547191761
1152,41.5200000000018,0.005135868717458844,0.07583913936976923
1153,41.530000000001806,0.004975412072900164,0.07524846510629311
1154,41.540000000001804,0.004818534546454712,0.07467094908618743
1155,41.5500000000018,0.004665118143266419,0.07410615765183413
1156,41.56000000000181,0.004515049996710945,0.07355367599202019
1157,41.57000000000181,0.004368222092804958,0.0730131071291413
1158,41.58000000000181,0.004224531012197193,0.07248407097101875
1159,41.59000000000181,0.004083877688448378,0.07196620342257778
1160,41.60000000000181,0.003946167181412457,0.0714591555530231
1161,41.61000000000182,0.0038113084646292355,0.07096259281450644
1162,41.620000000001816,0.003679214225728481,0.07047619430861106
1163,41.630000000001814,0.0035498006789253887,0.0699996520972721
1164,41.64000000000182,0.0034229873887621377,0.0695326705550262
1165,41.650000000001825,0.0032986971043158578,0.06907496575972515
1166,41.66000000000182,0.0031768556031550235,0.06862626491907506
1167,41.67000000000182,0.0030573915443820373,0.06818630583056716
1168,41.680000000001826,0.0029402363301511587,0.06775483637255551
1169,41.69000000000183,0.002825323975096482,0.0673316140244042
1170,41.70000000000183,0.0027125909831476145,0.06691640541378414
1171,41.71000000000183,0.0026019762312503823,0.06650898588934603
1172,41.72000000000183,0.002493420859545504,0.0661091391171262
1173,41.73000000000184,0.0023868681675896664,0.06571665669915829
1174,41.740000000001835,0.002282263516235051,0.0653313378128798
1175,41.75000000000183,0.00217955423481132,0.06495298887002506
1176,41.76000000000184,0.002078689533277592,0.06458142319378299
1177,41.77000000000184,0.0019796204190359844,0.06421646071308605
1178,41.78000000000184,0.0018822996181304518,0.06385792767301525
1179,41.79000000000184,0.0017866815005371812,0.06350565636024144
1180,41.800000000001845,0.00169272200933686,0.06315948484273262
1181,41.81000000000185,0.0016003785935079246,0.06281925672276838
1182,41.82000000000185,0.0015096101441386296,0.062484820902518334
1183,41.830000000001846,0.0014203769338531798,0.06215603136143242
1184,41.84000000000185,0.0013326405592659941,0.061832746944759445
1185,41.850000000001856,0.0012463638862894814,0.06151483116255235
1186,41.860000000001854,0.0011615109981288202,0.061202151998548254
1187,41.87000000000185,0.0010780471458142205,0.06089458172837357
1188,41.88000000000186,0.000995938701125262,0.06059199674654024
1189,41.89000000000186,0.0009151531117746851,0.06029427740174528
1190,41.90000000000186,0.0008356588587250247,0.060001307840008594
1191,41.91000000000186,0.0007574254155214583,0.05971297585522034
1192,41.92000000000186,0.000680423209530278,0.05942917274669157
1193,41.93000000000187,0.0006046235849795356,0.05914979318332769
1194,41.94000000000187,0.0005299987677056302,0.05887473507407138
1195,41.950000000001864,0.0004565218315127021,0.058603899444272564
1196,41.96000000000187,0.00038416666606189316,0.058337190317680615
1197,41.970000000001875,0.00031290794620847905,0.058074514603757496
1198,41.98000000000187,0.00024272110271134593,0.05781578199003429
1199,41.99000000000187,0.0001735822942439333,0.05756090483925058
1200,42.000000000001876,0.00010546838063935082,0.057309798091029464
1201,42.01000000000188,3.835689730797599e-05,0.05706237916786143
1202,42.02000000000188,-2.7773969234286613e-05,0.056818567885169924
1203,42.03000000000188,-9.294540478133918e-05,0.05657828636525918
1204,42.04000000000188,-0.00015717798984832103,0.056341458954951386
1205,42.05000000000189,-0.00022049172113064106,0.056108012146724034
1206,42.060000000001885,-0.0002829060320555868,0.05587787450318197
1207,42.07000000000188,-0.0003444398124727993,0.055650976584693965
1208,42.08000000000189,-0.0004051114275239326,0.05542725088004617
1209,42.09000000000189,-0.000464938735731564,0.055206631739964485
1210,42.10000000000189,-0.0005239391063455324,0.0549890553133659
1211,42.11000000000189,-0.0005821294359812873,0.054774459486212006
1212,42.120000000001895,-0.0006395261645832009,0.05456278382284292
1213,42.1300000000019,-0.0006961452907463007,0.0543539695096692
1214,42.1400000000019,-0.0007520023864244201,0.05414795930111867
1215,42.150000000001896,-0.0008071126110548001,0.05394469746772772
1216,42.1600000000019,-0.0008614907251244756,0.05374412974628409
1217,42.170000000001906,-0.0009151511032054992,0.05354620329192179
1218,42.180000000001904,-0.0009681077464819684,0.053350866632083396
1219,42.1900000000019,-0.001020374294792568,0.05315806962226309
1220,42.20000000000191,-0.0010719640382099976,0.05296776340345151
1221,42.21000000000191,-0.0011228899281775697,0.05277990036120797
1222,42.22000000000191,-0.0011731645882235783,0.05259443408628456
1223,42.23000000000191,-0.0012228003242712492,0.05241131933673629
1224,42.24000000000191,-0.0012718091345619697,0.05223051200145258
1225,42.25000000000192,-0.0013202027192090815,0.05205196906504625
1226,42.26000000000192,-0.0013679924893975313,0.05187564857404427
1227,42.270000000001914,-0.0014151895762454965,0.05170150960432047
1228,42.28000000000192,-0.0014618048393415673,0.05152951222972079
1229,42.290000000001925,-0.0015078488749713116,0.051359617491829955
1230,42.30000000000192,-0.0015533320240470605,0.05119178737082878
1231,42.31000000000192,-0.0015982643797526523,0.05102598475739919
1232,42.320000000001926,-0.0016426557949150659,0.05086217342563264
1233,42.33000000000193,-0.0016865158891145957,0.05070031800689974
1234,42.34000000000193,-0.001729854055543949,0.05054038396464222
1235,42.35000000000193,-0.0017726794676269989,0.05038233757004858
1236,42.36000000000193,-0.0018150010854064945,0.05022614587857839
1237,42.37000000000194,-0.0018568276617102223,0.050071776707301174
1238,42.380000000001935,-0.0018981677481046799,0.04991919861301593
1239,42.39000000000193,-0.0019390297006448443,0.04976838087112015
1240,42.40000000000194,-0.0019794216854277045,0.04961929345519987
1241,42.41000000000194,-0.0020193516839575867,0.049471907017311634
1242,42.42000000000194,-0.0020588274983308202,0.049326192868928045
1243,42.43000000000194,-0.0020978567562466195,0.04918212296252231
1244,42.440000000001945,-0.0021364469158508172,0.04903966987376679
1245,42.45000000000195,-0.0021746052704193003,0.048898806784320875
1246,42.46000000000195,-0.002212338952886782,0.048759507465187056
1247,42.470000000001946,-0.0022496549402274187,0.04862174626061161
1248,42.48000000000195,-0.002286560057692528,0.048485498072510395
1249,42.490000000001956,-0.002323060982910642,0.04835073834540054
1250,42.500000000001954,-0.0023591642498555906,0.04821744305181713
1251,42.51000000000195,-0.0023948762526874124,0.0480855886781974
1252,42.52000000000196,-0.002430203249470314,0.04795515221121647
1253,42.53000000000196,-0.0024651513657728413,0.047826111124556356
1254,42.54000000000196,-0.002499726598154439,0.04769844336609208
1255,42.55000000000196,-0.002533934817542379,0.047572127345481094
1256,42.56000000000196,-0.002567781772503274,0.04744714192213976
1257,42.57000000000197,-0.002601273092412851,0.04732346639359397
1258,42.58000000000197,-0.0026344142905275845,0.0472010804841903
1259,42.590000000001965,-0.002667210766962239,0.04707996433415297
1260,42.60000000000197,-0.002699667811575727,0.04696009848897785
1261,42.610000000001975,-0.002731790606769523,0.046841463889147714
1262,42.62000000000197,-0.002763584230201066,0.04672404186015991
1263,42.63000000000197,-0.0027950536574155036,0.04660781410285421
1264,42.640000000001976,-0.0028262037643983634,0.04649276268403122
1265,42.65000000000198,-0.0028570393300520833,0.04637887002735062
1266,42.66000000000198,-0.002887565038599025,0.046266118904499526
1267,42.67000000000198,-0.0029177854819134805,0.04615449242662188
1268,42.68000000000198,-0.0029477051617851106,0.04604397403599976
1269,42.69000000000199,-0.0029773284921160003,0.0459345474979788
1270,42.700000000001985,-0.003006659801053942,0.0458261968931278
1271,42.71000000000198,-0.003035703333063717,0.0457189066096262
1272,42.72000000000199,-0.003064463250938827,0.045612661335870594
1273,42.73000000000199,-0.0030929436377552313,0.045507446053294195
1274,42.74000000000199,-0.0031211484987694917,0.045403246029390665
1275,42.75000000000199,-0.0031490817632629084,0.0453000468109364
1276,42.760000000001995,-0.003176747286333318,0.04519783421740529
1277,42.770000000002,-0.0032041488506365876,0.04509659433456815
1278,42.780000000002,-0.0032312901680792393,0.04499631350827188
1279,42.790000000001996,-0.00325817488146386,0.04489697833839211
1280,42.800000000002,-0.0032848065660888055,0.04479857567295388
1281,42.810000000002006,-0.0033111887313035564,0.044701092602415164
1282,42.820000000002004,-0.0033373248220214848,0.04460451645410699
1283,42.830000000002,-0.003363218220191068,0.04450883478682635
1284,42.84000000000201,-0.003388872246227005,0.044414035385576325
1285,42.85000000000201,-0.0034142901604023853,0.04432010625644943
1286,42.86000000000201,-0.003439475164203347,0.044227035621648855
1287,42.87000000000201,-0.0034644304016473986,0.04413481191464307
1288,42.88000000000201,-0.003489158960566117,0.044043423775451576
1289,42.89000000000202,-0.003513663873853941,0.043952860046055114
1290,42.90000000000202,-0.003537948120683607,0.043863109765928485
1291,42.910000000002015,-0.0035620146276896794,0.04377416216769074
1292,42.92000000000202,-0.0035858662701207236,0.04368600667287034
1293,42.930000000002025,-0.00360950587296136,0.04359863288778132
1294,42.94000000000202,-0.003632936212025162,0.0435120305995065
1295,42.95000000000202,-0.003656160015019028,0.043426189771985355
1296,42.960000000002026,-0.0036791799625801183,0.043341100542202964
1297,42.97000000000203,-0.0037019986892860048,0.04325675321647726
1298,42.98000000000203,-0.003724618784638969,0.043173138266841396
1299,42.99000000000203,-0.0037470427940252586,0.04309024632751792
1300,43.00000000000203,-0.0037692732196498574,0.04300806819148323
1301,43.01000000000204,-0.0037913125214474952,0.0429265948071192
1302,43.020000000002035,-0.003813163117970939,0.04284581727494824
1303,43.03000000000203,-0.0038348273872567994,0.0427657268444511
1304,43.04000000000204,-0.003856307667669775,0.04268631491096392
1305,43.05000000000204,-0.0038776062587258233,0.042607573012652604
1306,43.06000000000204,-0.0038987254218949535,0.04252949282756227
1307,43.07000000000204,-0.003919667381384242,0.04245206617073922
1308,43.080000000002045,-0.00394043432490152,0.042375284991424005
1309,43.09000000000205,-0.003961028404400378,0.042299141370313216
1310,43.10000000000205,-0.003981451736807025,0.042223627516887824
1311,43.110000000002046,-0.004001706404729545,0.04214873576680636
1312,43.12000000000205,-0.004021794457149823,0.042074458579361665
1313,43.130000000002056,-0.004041717910099003,0.04200078853499824
1314,43.140000000002054,-0.004061478747316548,0.04192771833288985
1315,43.15000000000205,-0.004081078920893735,0.04185524078857433
1316,43.16000000000206,-0.0041005203519016865,0.04178334883164511
1317,43.17000000000206,-0.0041198049310045585,0.041712035503497544
1318,43.18000000000206,-0.0041389345190581805,0.04164129395512844
1319,43.19000000000206,-0.004157910947694829,0.04157111744498671
1320,43.20000000000206,-0.004176736019894007,0.04150149933687544
1321,43.21000000000207,-0.004195411510540034,0.04143243309790233
1322,43.22000000000207,-0.004213939166966698,0.04136391229647781
1323,43.230000000002065,-0.00423232070948931,0.04129593060035937
1324,43.24000000000207,-0.004250557831924346,0.041228481774741546
1325,43.250000000002075,-0.004268652202097238,0.04116155968038948
1326,43.26000000000207,-0.0042866054623385205,0.04109515827181521
1327,43.27000000000207,-0.004304419229968728,0.041029271595495354
1328,43.280000000002076,-0.004322095097772142,0.040963893788129736
1329,43.29000000000208,-0.004339634634459903,0.040899019074939195
1330,43.30000000000208,-0.004357039385122584,0.04083464176800199
1331,43.31000000000208,-0.00437431087167278,0.04077075626462701
1332,43.32000000000208,-0.004391450593277581,0.04070735704576403
1333,43.33000000000209,-0.004408460026781496,0.040644438674449244
1334,43.340000000002085,-0.0044253406271199825,0.0405819957942852
1335,43.35000000000208,-0.004442093827723792,0.04052002312795446
1336,43.36000000000209,-0.004458721040914482,0.04045851547576592
1337,43.37000000000209,-0.004475223658291028,0.04039746771423354
1338,43.38000000000209,-0.0044916030511082065,0.04033687479468563
1339,43.39000000000209,-0.004507860570646616,0.04027673174190454
1340,43.400000000002095,-0.0045239975485746285,0.04021703365279641
1341,43.4100000000021,-0.004540015297302542,0.04015777569508919
1342,43.4200000000021,-0.004555915110329049,0.040098953106059126
1343,43.430000000002096,-0.004571698262580363,0.04004056119128419
1344,43.4400000000021,-0.004587366010741932,0.03998259532342474
1345,43.450000000002106,-0.004602919593583131,0.03992505094102993
1346,43.460000000002104,-0.004618360232275072,0.03986792354736955
1347,43.4700000000021,-0.00463368913070168,0.03981120870929047
1348,43.48000000000211,-0.00464890747576413,0.03975490205609758
1349,43.49000000000211,-0.004664016437678916,0.03969899927845813
1350,43.50000000000211,-0.004679017170269684,0.039643496127328884
1351,43.51000000000211,-0.004693910811252937,0.039588388412905955
1352,43.52000000000211,-0.004708698482517827,0.03953367200359629
1353,43.53000000000212,-0.004723381290400033,0.03947934282501078
1354,43.54000000000212,-0.0047379603259500875,0.03942539685897804
1355,43.550000000002115,-0.004752436665196194,0.03937183014257823
1356,43.56000000000212,-0.004766811369401466,0.039318638767197385
1357,43.570000000002125,-0.004781085485316061,0.03926581887760057
1358,43.58000000000212,-0.004795260045424118,0.039213366671024194
1359,43.59000000000212,-0.004809336068185691,0.039161278396286546
1360,43.600000000002126,-0.004823314558273719,0.039109550352916744
1361,43.61000000000213,-0.004837196506806293,0.039058178890300846
1362,43.62000000000213,-0.004850982891574132,0.03900716040684562
1363,43.63000000000213,-0.004864674677263649,0.03895649134915854
1364,43.64000000000213,-0.004878272815675436,0.03890616821124458
1365,43.65000000000214,-0.0048917782459383784,0.03885618753371915
1366,43.660000000002135,-0.004905191894719644,0.03880654590303605
1367,43.67000000000213,-0.004918514676430369,0.03875723995073136
1368,43.68000000000214,-0.0049317474934274085,0.03870826635268175
1369,43.690000000002144,-0.004944891236210989,0.038659621828377955
1370,43.70000000000214,-0.004957946783618593,0.03861130314021183
1371,43.71000000000214,-0.004970915003015036,0.038563307092777735
1372,43.720000000002145,-0.004983796750478768,0.038515630532187525
1373,43.73000000000215,-0.004996592870984635,0.03846827034539872
1374,43.74000000000215,-0.005009304198583081,0.03842122345955577
1375,43.750000000002146,-0.00502193155657586,0.03837448684134387
1376,43.76000000000215,-0.005034475757688449,0.03832805749635531
1377,43.770000000002156,-0.005046937604239028,0.03828193246846817
1378,43.780000000002154,-0.005059317888304349,0.03823610883923646
1379,43.79000000000215,-0.005071617391882409,0.03819058372729225
1380,43.80000000000216,-0.005083836887052022,0.03814535428775873
1381,43.81000000000216,-0.005095977136129316,0.038100417711675126
1382,43.82000000000216,-0.0051080388918214184,0.03805577122543158
1383,43.83000000000216,-0.005120022897377119,0.038011412090215156
1384,43.84000000000216,-0.0051319298867347745,0.037967337601466214
1385,43.85000000000217,-0.005143760584667392,0.037923545088344925
1386,43.86000000000217,-0.005155515706925091,0.03788003191320752
1387,43.870000000002165,-0.005167195960374844,0.03783679547109252
1388,43.88000000000217,-0.005178802043137702,0.03779383318921626
1389,43.890000000002175,-0.005190334644723354,0.03775114252647809
1390,43.90000000000217,-0.005201794446162365,0.03770872097297428
1391,43.91000000000217,-0.0052131821201359336,0.03766656604952084
1392,43.920000000002176,-0.005224498331103219,0.03762467530718554
1393,43.93000000000218,-0.005235743735426384,0.037583046326827935
1394,43.94000000000218,-0.005246918981493393,0.03754167671864816
1395,43.95000000000218,-0.0052580247098385595,0.03750056412174349
1396,43.96000000000218,-0.0052690615532609095,0.03745970620367323
1397,43.97000000000219,-0.005280030136940416,0.03741910066003139
1398,43.980000000002185,-0.005290931078552099,0.03737874521402708
1399,43.99000000000218,-0.005301764988378222,0.037338637616072055
1400,44.00000000000219,-0.005312532469418315,0.03729877564337616
1401,44.010000000002194,-0.005323234117497322,0.03725915709954966
1402,44.02000000000219,-0.0053338705213718685,0.037219779814212595
1403,44.03000000000219,-0.005344442262834523,0.03718064164261134
1404,44.040000000002195,-0.0053549499168163775,0.03714174046524145
1405,44.0500000000022,-0.005365394051487662,0.03710307418747774
1406,44.0600000000022,-0.0053757752283567165,0.03706464073921037
1407,44.070000000002196,-0.005386094002367179,0.037026438074487404
1408,44.0800000000022,-0.005396350921993483,0.036988464171163776
1409,44.090000000002206,-0.005406546529334675,0.036950717030556315
1410,44.100000000002204,-0.005416681360206642,0.03691319467710453
1411,44.1100000000022,-0.005426755944232748,0.03687589515803743
1412,44.12000000000221,-0.005436770804932852,0.03683881654304619
1413,44.13000000000221,-0.005446726459810827,0.03680195692396222
1414,44.14000000000221,-0.005456623420440607,0.036765314414441
1415,44.15000000000221,-0.005466462192550724,0.036728887149650974
1416,44.16000000000221,-0.005476243276107424,0.036692673285968036
1417,44.17000000000222,-0.005485967165396333,0.03665667100067527
1418,44.18000000000222,-0.005495634349102796,0.03662087849166746
1419,44.190000000002215,-0.005505245310390825,0.03658529397716079
1420,44.20000000000222,-0.00551480052698072,0.03654991569540741
1421,44.210000000002225,-0.005524300471225362,0.036514741904414935
1422,44.22000000000222,-0.00553374561018528,0.036479770881670405
1423,44.23000000000222,-0.005543136405702417,0.036445000923868875
1424,44.240000000002226,-0.005552473314472707,0.03641043034664676
1425,44.25000000000223,-0.005561756788117361,0.03637605748431946
1426,44.26000000000223,-0.0055709872732531,0.036341880689623324
1427,44.27000000000223,-0.005580165211561105,0.036307898333461805
1428,44.28000000000223,-0.00558929103985493,0.03627410880465602
1429,44.29000000000224,-0.00559836519014721,0.03624051050969922
1430,44.300000000002235,-0.00560738808971532,0.036207101872515385
1431,44.31000000000223,-0.005616360161165977,0.03617388133422174
1432,44.32000000000224,-0.005625281822498772,0.03614084735289492
1433,44.330000000002244,-0.0056341534871686295,0.03610799840334153
1434,44.34000000000224,-0.0056429755641473,0.03607533297687175
1435,44.35000000000224,-0.005651748457983866,0.036042849581076966
1436,44.360000000002245,-0.005660472568864254,0.036010546739610926
1437,44.37000000000225,-0.0056691482926697415,0.035978422991974415
1438,44.38000000000225,-0.00567777602103461,0.0359464768933034
1439,44.390000000002246,-0.005686356141402829,0.03591470701416048
1440,44.40000000000225,-0.005694889037083841,0.03588311194032972
1441,44.410000000002256,-0.00570337508730745,0.0358516902726148
1442,44.420000000002254,-0.00571181466727783,0.03582044062664037
1443,44.43000000000225,-0.005720208148226748,0.03578936163265635
1444,44.44000000000226,-0.005728555897465858,0.035758451935345534
1445,44.45000000000226,-0.005736858278438195,0.035727710193634264
1446,44.46000000000226,-0.005745115650768893,0.035697135080505885
1447,44.47000000000226,-0.005753328370315082,0.0356667252828171
1448,44.48000000000226,-0.005761496789215016,0.03563647950111755
1449,44.49000000000227,-0.005769621255936408,0.03560639644947174
1450,44.50000000000227,-0.0057777021153240585,0.03557647485528412
1451,44.510000000002265,-0.005785739708646698,0.03554671345912657
1452,44.52000000000227,-0.0057937343736431494,0.03551711101456878
1453,44.530000000002275,-0.005801686444567746,0.03548766628801112
1454,44.54000000000227,-0.0058095962522350456,0.0354583780585202
1455,44.55000000000227,-0.005817464124063904,0.035429245117666756
1456,44.560000000002276,-0.005825290384120824,0.035400266269366196
1457,44.57000000000228,-0.005833075353162671,0.035371440329721504
1458,44.58000000000228,-0.005840819348678685,0.035342766126868666
1459,44.59000000000228,-0.005848522684931984,0.03531424250082409
1460,44.60000000000228,-0.005856185673000279,0.035285868303334786
1461,44.61000000000229,-0.005863808620816058,0.03525764239773054
1462,44.620000000002285,-0.005871391833206164,0.03522956365877837
1463,44.63000000000228,-0.0058789356119307795,0.03520163097253915
1464,44.64000000000229,-0.005886440255721777,0.03517384323622646
1465,44.650000000002294,-0.0058939060603205515,0.035146199358067474
1466,44.66000000000229,-0.005901333318515261,0.035118698257165994
1467,44.67000000000229,-0.005908722320177526,0.03509133886336742
1468,44.680000000002295,-0.00591607335229857,0.035064120117125785
1469,44.6900000000023,-0.005923386699024816,0.03503704096937288
1470,44.7000000000023,-0.005930662641692988,0.03501010038138904
1471,44.710000000002296,-0.005937901458864676,0.03498329732467606
1472,44.7200000000023,-0.0059451034263604,0.03495663078083187
1473,44.730000000002306,-0.005952268817293136,0.0349300997414272
1474,44.740000000002304,-0.005959397902101413,0.034903703207883816
1475,44.7500000000023,-0.005966490948581901,0.03487744019135466
1476,44.76000000000231,-0.005973548221921487,0.0348513097126058
1477,44.77000000000231,-0.00598056998472895,0.03482531080189996
1478,44.78000000000231,-0.00598755649706612,0.0347994424988819
1479,44.79000000000231,-0.005994508016478632,0.03477370385246521
1480,44.80000000000231,-0.006001424798026199,0.03474809392072097
1481,44.81000000000232,-0.006008307094312471,0.03472261177076794
1482,44.82000000000232,-0.006015155155514432,0.03469725647866433
1483,44.830000000002315,-0.006021969229411469,0.03467202712930096
1484,44.84000000000232,-0.006028749561413893,0.03464692281629621
1485,44.850000000002325,-0.006035496394591148,0.03462194264189232
1486,44.86000000000232,-0.0060422099696995635,0.03459708571685328
1487,44.87000000000232,-0.006048890525209796,0.034572351160363834
1488,44.880000000002326,-0.006055538297333778,0.03454773809993034
1489,44.89000000000233,-0.006062153520051341,0.034523245671282884
1490,44.90000000000233,-0.006068736425136448,0.034498873018278635
1491,44.91000000000233,-0.006075287242183109,0.034474619292806624
1492,44.92000000000233,-0.006081806198630841,0.034450483654693956
1493,44.93000000000234,-0.006088293519789837,0.034426465271613305
1494,44.940000000002335,-0.006094749428865769,0.034402563318991636
1495,44.95000000000233,-0.006101174146984237,0.03437877697992015
1496,44.96000000000234,-0.0061075678932149095,0.03435510544506561
1497,44.970000000002344,-0.006113930884595251,0.034331547912582895
1498,44.98000000000234,-0.0061202633361540255,0.03430810358802864
1499,44.99000000000234,-0.006126565460934391,0.03428477168427614
1500,45.000000000002345,-0.006132837470016746,0.034261551421431405
1501,45.01000000000235,-0.006139079572541173,0.0342384420267505
1502,45.02000000000235,-0.006145291975729673,0.03421544273455773
1503,45.030000000002346,-0.006151474884908026,0.03419255278616526
1504,45.04000000000235,-0.006157628503527397,0.034169771429793536
1505,45.050000000002356,-0.00616375303318559,0.03414709792049311
1506,45.060000000002354,-0.006169848673648086,0.03412453152006721
1507,45.07000000000235,-0.006175915622868749,0.03410207149699564
1508,45.08000000000236,-0.006181954077010271,0.03407971712635936
1509,45.09000000000236,-0.0061879642304643115,0.03405746768976654
1510,45.10000000000236,-0.00619394627587141,0.034035322475279205
1511,45.11000000000236,-0.006199900404140602,0.03401328077734108
1512,45.12000000000236,-0.006205826804468793,0.03399134189670625
1513,45.13000000000237,-0.006211725664359825,0.03396950514036908
1514,45.14000000000237,-0.006217597169643352,0.033947769821494646
1515,45.150000000002365,-0.006223441504493435,0.03392613525935035
1516,45.16000000000237,-0.006229258851446876,0.033904600779238465
1517,45.170000000002375,-0.006235049391421336,0.03388316571242947
1518,45.18000000000237,-0.006240813303733191,0.03386182939609626
1519,45.19000000000237,-0.006246550766115173,0.03384059117324932
1520,45.200000000002376,-0.006252261954733761,0.033819450392672645
1521,45.21000000000238,-0.00625794704420635,0.033798406408860546
1522,45.22000000000238,-0.006263606207618188,0.03377745858195543
1523,45.23000000000238,-0.006269239616539118,0.03375660627768601
1524,45.24000000000238,-0.006274847441040081,0.033735848867306725
1525,45.25000000000239,-0.006280429849709372,0.03371518572753782
1526,45.260000000002385,-0.006285987009668743,0.03369461624050607
1527,45.27000000000238,-0.006291519086589295,0.033674139793686365
1528,45.28000000000239,-0.006297026244707099,0.03365375577984414
1529,45.290000000002394,-0.0063025086468386695,0.033633463596978455
1530,45.30000000000239,-0.006307966454396246,0.033613262648265745
1531,45.31000000000239,-0.006313399827402833,0.03359315234200444
1532,45.320000000002395,-0.006318808924507096,0.03357313209156018
1533,45.3300000000024,-0.0063241939029980284,0.03355320131531183
1534,45.3400000000024,-0.006329554918819438,0.03353335943659805
1535,45.350000000002396,-0.006334892126584289,0.03351360588366468
1536,45.3600000000024,-0.006340205679588807,0.03349394008961269
1537,45.370000000002406,-0.006345495729826397,0.0334743614923469
1538,45.380000000002404,-0.006350762428001492,0.03345486953452525
1539,45.3900000000024,-0.006356005923543068,0.03343546366350875
1540,45.40000000000241,-0.006361226364618143,0.03341614333131196
1541,45.41000000000241,-0.006366423898144977,0.03339690799455444
1542,45.42000000000241,-0.006371598669806173,0.03337775711441233
1543,45.43000000000241,-0.006376750824061647,0.033358690156570815
1544,45.440000000002414,-0.0063818805041613285,0.03333970659117721
1545,45.45000000000242,-0.006386987852157814,0.033320805892794486
1546,45.46000000000242,-0.006392073008918786,0.03330198754035552
1547,45.470000000002415,-0.006397136114139328,0.03328325101711773
1548,45.48000000000242,-0.006402177306354054,0.03326459581061843
1549,45.490000000002425,-0.006407196722949086,0.03324602141263076
1550,45.50000000000242,-0.006412194500173923,0.033227527319119966
1551,45.51000000000242,-0.006417170773153122,0.033209113030200445
1552,45.520000000002426,-0.00642212567589785,0.03319077805009313
1553,45.53000000000243,-0.006427059341317302,0.03317252188708352
1554,45.54000000000243,-0.0064319719012299464,0.03315434405348024
1555,45.55000000000243,-0.006436863486374701,0.03313624406557392
1556,45.56000000000243,-0.006441734226421893,0.03311822144359685
1557,45.57000000000244,-0.00644658424998414,0.033100275711682864
1558,45.580000000002435,-0.006451413684627063,0.03308240639782799
1559,45.59000000000243,-0.006456222656879908,0.03306461303385118
1560,45.60000000000244,-0.006461011292246013,0.033046895155356
1561,45.610000000002444,-0.006465779715213142,0.033029252301692395
1562,45.62000000000244,-0.006470528049263708,0.033011684015919106
1563,45.63000000000244,-0.00647525641688489,0.03299418984476643
1564,45.640000000002445,-0.006479964939578581,0.03297676933859956
1565,45.65000000000245,-0.006484653737871269,0.03295942205138226
1566,45.66000000000245,-0.0064893229313237495,0.03294214754064105
1567,45.670000000002446,-0.006493972638540786,0.03292494536742963
1568,45.68000000000245,-0.006498602977180585,0.03290781509629403
1569,45.690000000002456,-0.006503214063964197,0.03289075629523795
1570,45.700000000002454,-0.006507806014684812,0.03287376853568857
1571,45.71000000000245,-0.006512378944216916,0.03285685139246276
1572,45.72000000000246,-0.006516932966525386,0.03284000444373373
1573,45.73000000000246,-0.006521468194674397,0.03282322727099806
1574,45.74000000000246,-0.00652598474083633,0.032806519459043
1575,45.75000000000246,-0.006530482716300476,0.03278988059591439
1576,45.760000000002464,-0.006534962231481715,0.03277331027288469
1577,45.77000000000247,-0.006539423395929032,0.032756808084421656
1578,45.78000000000247,-0.006543866318333982,0.032740373628157085
1579,45.790000000002465,-0.006548291106539027,0.03272400650485618
1580,45.80000000000247,-0.0065526978675457944,0.03270770631838716
1581,45.810000000002475,-0.006557086707523213,0.03269147267569121
1582,45.82000000000247,-0.006561457731815578,0.032675305186752816
1583,45.83000000000247,-0.006565811044950532,0.03265920346457039
1584,45.840000000002476,-0.006570146750646916,0.03264316712512733
1585,45.85000000000248,-0.006574464951822569,0.03262719578736334
1586,45.86000000000248,-0.006578765750601994,0.03261128907314608
1587,45.87000000000248,-0.006583049248324002,0.03259544660724318
1588,45.88000000000248,-0.006587315545549207,0.032579668017294464
1589,45.89000000000249,-0.0065915647420674486,0.032563952933784765
1590,45.900000000002485,-0.006595796936905154,0.032548300990016675
1591,45.91000000000248,-0.0066000122283325965,0.0325327118220839
1592,45.92000000000249,-0.0066042107138710735,0.03251718506884473
1593,45.930000000002494,-0.006608392490300005,0.03250172037189604
1594,45.94000000000249,-0.0066125576536639535,0.03248631737554729
1595,45.95000000000249,-0.006616706299279564,0.032470975726795
1596,45.960000000002495,-0.006620838521742425,0.032455695075297525
1597,45.9700000000025,-0.00662495441493383,0.032440475073350045
1598,45.9800000000025,-0.006629054072027529,0.03242531537585985
1599,45.990000000002496,-0.006633137585496316,0.03241021564032194
1600,46.0000000000025,-0.006637205047118611,0.03239517552679481
1601,46.010000000002506,-0.006641256547984931,0.032380194697876626
1602,46.020000000002504,-0.006645292178504307,0.032365272818681595
1603,46.0300000000025,-0.006649312028410631,0.032350409556816576
1604,46.04000000000251,-0.006653316186768905,0.03233560458235803
1605,46.05000000000251,-0.0066573047419814626,0.03232085756782913
1606,46.06000000000251,-0.006661277781794088,0.03230616818817725
1607,46.07000000000251,-0.006665235393302079,0.03229153612075152
1608,46.080000000002514,-0.006669177662956244,0.032276961045280814
1609,46.09000000000252,-0.0066731046765688435,0.032262442643851905
1610,46.10000000000252,-0.006677016519319427,0.03224798060088782
1611,46.110000000002515,-0.006680913275760668,0.032233574603126466
1612,46.12000000000252,-0.006684795029824074,0.032219224339599534
1613,46.130000000002525,-0.0066886618648256775,0.03220492950161155
1614,46.14000000000252,-0.006692513863471628,0.03219068978271927
1615,46.15000000000252,-0.006696351107863766,0.032176504878711105
1616,46.160000000002526,-0.006700173679505106,0.032162374487586985
1617,46.17000000000253,-0.0067039816593052574,0.03214829830953835
1618,46.18000000000253,-0.006707775127585797,0.03213427604692833
1619,46.19000000000253,-0.00671155416408559,0.03212030740427216
1620,46.20000000000253,-0.006715318847966061,0.032106392088217785
1621,46.21000000000254,-0.006719069257816363,0.03209252980752677
1622,46.220000000002536,-0.006722805471658528,0.03207872027305532
1623,46.23000000000253,-0.006726527566952581,0.03206496319773548
1624,46.24000000000254,-0.006730235620601535,0.03205125829655668
1625,46.250000000002544,-0.00673392970895641,0.0320376052865473
1626,46.26000000000254,-0.006737609907821124,0.03202400388675654
1627,46.27000000000254,-0.006741276292457383,0.03201045381823648
1628,46.280000000002545,-0.006744928937589524,0.03199695480402427
1629,46.29000000000255,-0.006748567917409235,0.03198350656912461
1630,46.30000000000255,-0.006752193305580319,0.031970108840492326
1631,46.310000000002546,-0.006755805175243352,0.0319567613470151
1632,46.32000000000255,-0.0067594035990203,0.03194346381949649
1633,46.330000000002556,-0.006762988649019082,0.03193021599063916
1634,46.340000000002554,-0.006766560396838108,0.03191701759502808
1635,46.35000000000255,-0.006770118913570763,0.03190386836911405
1636,46.36000000000256,-0.006773664269809802,0.031890768051197456
1637,46.37000000000256,-0.00677719653565177,0.031877716381412055
1638,46.38000000000256,-0.006780715780701313,0.031864713101708984
1639,46.39000000000256,-0.006784222074075481,0.031851757955841
1640,46.400000000002564,-0.0067877154844079805,0.031838850689346734
1641,46.41000000000257,-0.0067911960798533524,0.031825991049535304
1642,46.42000000000257,-0.006794663928091157,0.03181317878547094
1643,46.430000000002565,-0.006798119096330073,0.0318004136479578
1644,46.44000000000257,-0.006801561651311993,0.03178769538952493
1645,46.450000000002575,-0.006804991659316013,0.03177502376441152
1646,46.46000000000257,-0.006808409186162463,0.03176239852855209
1647,46.47000000000257,-0.006811814297216829,0.03174981943956197
1648,46.480000000002576,-0.0068152070573936786,0.03173728625672291
1649,46.49000000000258,-0.006818587531160507,0.031724798740968806
1650,46.50000000000258,-0.006821955782541585,0.031712356654871605
1651,46.51000000000258,-0.00682531187512173,0.03169995976262734
1652,46.52000000000258,-0.006828655872050081,0.03168760783004225
1653,46.53000000000259,-0.006831987836043772,0.03167530062451922
1654,46.540000000002586,-0.006835307829391636,0.03166303791504412
1655,46.55000000000258,-0.006838615913957835,0.031650819472172444
1656,46.56000000000259,-0.006841912151185456,0.031638645068016044
1657,46.570000000002594,-0.006845196602100063,0.031626514476230015
1658,46.58000000000259,-0.006848469327313247,0.03161442747199964
1659,46.59000000000259,-0.006851730387026092,0.03160238383202754
1660,46.600000000002595,-0.00685497984103266,0.03159038333452096
1661,46.6100000000026,-0.006858217748723375,0.031578425759179136
1662,46.6200000000026,-0.006861444169088449,0.031566510887180786
1663,46.630000000002596,-0.006864659160721204,0.031554638501171794
1664,46.6400000000026,-0.006867862781821409,0.031542808385252905
1665,46.650000000002606,-0.006871055090198554,0.031531020324967685
1666,46.660000000002604,-0.006874236143275114,0.03151927410729047
1667,46.6700000000026,-0.006877405998089759,0.03150756952061453
1668,46.68000000000261,-0.0068805647113005615,0.031495906354740234
1669,46.69000000000261,-0.0068837123391881265,0.031484284400863545
1670,46.70000000000261,-0.006886848937658729,0.031472703451564374
1671,46.71000000000261,-0.006889974562247427,0.03146116330079518
1672,46.720000000002614,-0.0068930892681211,0.031449663743869746
1673,46.73000000000262,-0.006896193110081482,0.031438204577451875
1674,46.74000000000262,-0.006899286142568193,0.03142678559954449
1675,46.750000000002615,-0.006902368419661685,0.03141540660947845
1676,46.76000000000262,-0.006905439995086202,0.03140406740790182
1677,46.770000000002625,-0.006908500922212695,0.03139276779676911
1678,46.78000000000262,-0.0069115512540616954,0.0313815075793306
1679,46.79000000000262,-0.0069145910433062036,0.031370286560121766
1680,46.800000000002626,-0.00691762034227449,0.03135910454495288
1681,46.81000000000263,-0.006920639202952919,0.03134796134089867
1682,46.82000000000263,-0.00692364767698872,0.03133685675628807
1683,46.83000000000263,-0.006926645815692722,0.031325790600694015
1684,46.84000000000263,-0.0069296336700421235,0.031314762684923524
1685,46.85000000000264,-0.00693261129068312,0.031303772821007624
1686,46.860000000002636,-0.006935578727933628,0.03129282082219159
1687,46.870000000002634,-0.00693853603178592,0.031281906502925144
1688,46.88000000000264,-0.006941483251909235,0.0312710296788528
1689,46.890000000002644,-0.00694442043765236,0.0312601901668043
1690,46.90000000000264,-0.006947347638046232,0.031249387784785154
1691,46.91000000000264,-0.006950264901806459,0.031238622351967196
1692,46.920000000002645,-0.006953172277335841,0.03122789368867936
1693,46.93000000000265,-0.006956069812726886,0.031217201616398415
1694,46.94000000000265,-0.0069589575557642575,0.03120654595773988
1695,46.950000000002646,-0.0069618355539272335,0.03119592653644894
1696,46.96000000000265,-0.006964703854392134,0.031185343177391585
1697,46.970000000002656,-0.006967562504034736,0.031174795706545647
1698,46.980000000002654,-0.006970411549432614,0.031164283950992095
1699,46.99000000000265,-0.006973251036867542,0.031153807738906313
1700,47.00000000000266,-0.006976081012327812,0.031143366899549437
1701,47.01000000000266,-0.006978901521510527,0.03113296126325994
1702,47.02000000000266,-0.006981712609823919,0.031122590661445043
1703,47.03000000000266,-0.006984514322389609,0.031112254926572453
1704,47.040000000002664,-0.006987306704044859,0.03110195389216196
1705,47.05000000000267,-0.00699008979934479,0.031091687392777345
1706,47.06000000000267,-0.006992863652564586,0.031081455264018138
1707,47.070000000002665,-0.006995628307701705,0.031071257342511593
1708,47.08000000000267,-0.006998383808478013,0.031061093465904698
1709,47.090000000002675,-0.007001130198341946,0.031050963472856255
1710,47.10000000000267,-0.007003867520470632,0.031040867203029038
1711,47.11000000000267,-0.007006595817771997,0.031030804497082023
1712,47.120000000002676,-0.007009315132886849,0.031020775196662694
1713,47.13000000000268,-0.007012025508190946,0.03101077914439942
1714,47.14000000000268,-0.007014726985797037,0.03100081618389391
1715,47.15000000000268,-0.007017419607556903,0.030990886159713685
1716,47.16000000000268,-0.00702010341506336,0.030980988917384704
1717,47.17000000000269,-0.007022778449652244,0.030971124303384008
1718,47.180000000002686,-0.007025444752404394,0.030961292165132426
1719,47.190000000002684,-0.007028102364147602,0.030951492350987365
1720,47.20000000000269,-0.007030751325458554,0.030941724710235666
1721,47.210000000002694,-0.007033391676664743,0.03093198909308651
1722,47.22000000000269,-0.007036023457846366,0.030922285350664432
1723,47.23000000000269,-0.00703864670883823,0.030912613335002316
1724,47.240000000002695,-0.0070412614692316,0.030902972899034535
1725,47.2500000000027,-0.00704386777837605,0.030893363896590125
1726,47.2600000000027,-0.007046465675381299,0.030883786182386026
1727,47.270000000002696,-0.007049055199119036,0.030874239612020307
1728,47.2800000000027,-0.007051636388224713,0.03086472404196563
1729,47.290000000002706,-0.007054209281099325,0.030855239329562592
1730,47.300000000002704,-0.00705677391591118,0.030845785333013208
1731,47.3100000000027,-0.0070593303305976594,0.03083636191137446
1732,47.32000000000271,-0.0070618785628669516,0.030826968924551883
1733,47.33000000000271,-0.0070644186501997545,0.0308176062332932
1734,47.34000000000271,-0.007066950629851003,0.030808273699182064
1735,47.35000000000271,-0.0070694745388515555,0.03079897118463178
1736,47.360000000002714,-0.007071990414009858,0.03078969855287913
1737,47.37000000000272,-0.007074498291913606,0.030780455667978268
1738,47.38000000000272,-0.007076998208931402,0.030771242394794635
1739,47.390000000002715,-0.007079490201214367,0.030762058598998936
1740,47.40000000000272,-0.00708197430469778,0.030752904147061152
1741,47.410000000002725,-0.007084450555102651,0.030743778906244693
1742,47.42000000000272,-0.007086918987937328,0.030734682744600485
1743,47.43000000000272,-0.007089379638499066,0.03072561553096116
1744,47.440000000002726,-0.007091832541875587,0.030716577134935318
1745,47.45000000000273,-0.007094277732946615,0.03070756742690184
1746,47.46000000000273,-0.007096715246385428,0.03069858627800417
1747,47.47000000000273,-0.007099145116660352,0.0306896335601448
1748,47.48000000000273,-0.0071015673780362885,0.030680709145979607
1749,47.49000000000274,-0.007103982064576193,0.030671812908912428
1750,47.500000000002736,-0.007106389210142554,0.03066294472308956
1751,47.510000000002734,-0.007108788848398866,0.030654104463394376
1752,47.52000000000274,-0.0071111810128110815,0.0306452920054419
1753,47.530000000002744,-0.007113565736649033,0.030636507225573588
1754,47.54000000000274,-0.007115943052987891,0.030627750000851953
1755,47.55000000000274,-0.007118312994709563,0.030619020209055384
1756,47.560000000002745,-0.0071206755945040865,0.030610317728672995
1757,47.57000000000275,-0.00712303088487104,0.030601642438899426
1758,47.58000000000275,-0.0071253788981209066,0.03059299421962982
1759,47.590000000002746,-0.00712771966637645,0.0305843729514547
1760,47.60000000000275,-0.0071300532215740715,0.030575778515654996
1761,47.610000000002756,-0.007132379595465132,0.03056721079419717
1762,47.620000000002754,-0.0071346988196173125,0.030558669669728124
1763,47.63000000000275,-0.007137010925415921,0.030550155025570465
1764,47.64000000000276,-0.007139315944065198,0.030541666745717608
1765,47.65000000000276,-0.007141613906589616,0.03053320471482903
1766,47.66000000000276,-0.007143904843835169,0.03052476881822545
1767,47.67000000000276,-0.0071461887864706555,0.030516358941884175
1768,47.680000000002764,-0.007148465764988923,0.030507974972434394
1769,47.69000000000277,-0.007150735809708137,0.030499616797152563
1770,47.70000000000277,-0.00715299895077303,0.030491284303957845
1771,47.710000000002765,-0.007155255218156103,0.030482977381407463
1772,47.72000000000277,-0.007157504641658898,0.03047469591869229
1773,47.730000000002775,-0.007159747250913158,0.030466439805632302
1774,47.74000000000277,-0.007161983075382062,0.03045820893267219
1775,47.75000000000277,-0.007164212144361406,0.030450003190876918
1776,47.760000000002776,-0.007166434486980781,0.030441822471927362
1777,47.77000000000278,-0.00716865013220475,0.030433666668116026
1778,47.78000000000278,-0.007170859108834002,0.030425535672342692
1779,47.79000000000278,-0.007173061445506517,0.03041742937811024
1780,47.80000000000278,-0.007175257170698692,0.0304093476795203
1781,47.81000000000279,-0.007177446312726489,0.030401290471269243
1782,47.820000000002786,-0.0071796288997465355,0.0303932576486439
1783,47.830000000002784,-0.0071818049597572675,0.030385249107517463
1784,47.84000000000279,-0.007183974520600014,0.030377264744345486
1785,47.850000000002794,-0.0071861376099600915,0.03036930445616175
1786,47.86000000000279,-0.007188294255367898,0.03036136814057428
1787,47.87000000000279,-0.0071904444841999916,0.030353455695761394
1788,47.880000000002795,-0.007192588323680144,0.03034556702046771
1789,47.8900000000028,-0.007194725800880418,0.030337702014000285
1790,47.9000000000028,-0.007196856942722197,0.030329860576224676
1791,47.910000000002796,-0.007198981775977251,0.030322042607561144
1792,47.9200000000028,-0.007201100327268757,0.030314248008980797
1793,47.930000000002806,-0.007203212623072308,0.030306476682001836
1794,47.940000000002804,-0.007205318689716958,0.030298728528685787
1795,47.9500000000028,-0.0072074185533862085,0.030291003451633755
1796,47.96000000000281,-0.007209512240119028,0.030283301353982765
1797,47.97000000000281,-0.007211599775810805,0.0302756221394021
1798,47.98000000000281,-0.007213681186214384,0.030267965712089638
1799,47.99000000000281,-0.007215756496940993,0.030260331976768265
1800,48.000000000002814,-0.007217825733461237,0.0302527208386823
1801,48.01000000000282,-0.007219888921106057,0.030245132203593966
1802,48.02000000000282,-0.0072219460850676594,0.03023756597777985
1803,48.030000000002815,-0.007223997250400488,0.030230022068027412
1804,48.04000000000282,-0.007226042442022139,0.03022250038163156
1805,48.050000000002825,-0.007228081684714302,0.030215000826391183
1806,48.06000000000282,-0.007230115003123668,0.03020752331060579
1807,48.07000000000282,-0.007232142421762851,0.03020006774307206
1808,48.080000000002826,-0.007234163965011306,0.03019263403308059
1809,48.09000000000283,-0.007236179657116194,0.030185222090412474
1810,48.10000000000283,-0.00723818952219331,0.030177831825336114
1811,48.11000000000283,-0.007240193584227945,0.030170463148603853
1812,48.12000000000283,-0.0072421918670757665,0.03016311597144878
1813,48.13000000000284,-0.007244184394463695,0.03015579020558153
1814,48.140000000002836,-0.007246171189990759,0.030148485763187058
1815,48.150000000002834,-0.007248152277128956,0.0301412025569215
1816,48.16000000000284,-0.007250127679224108,0.030133940499909008
1817,48.170000000002844,-0.0072520974194966795,0.030126699505738652
1818,48.18000000000284,-0.007254061521042649,0.030119479488461345
1819,48.19000000000284,-0.007256020006834306,0.030112280362586754
1820,48.200000000002845,-0.007257972899721094,0.03010510204308025
1821,48.21000000000285,-0.007259920222430415,0.030097944445359924
1822,48.22000000000285,-0.007261861997568444,0.030090807485293566
1823,48.230000000002846,-0.007263798247620938,0.03008369107919574
1824,48.24000000000285,-0.007265728994954012,0.03007659514382475
1825,48.250000000002856,-0.007267654261814957,0.030069519596379823
1826,48.260000000002854,-0.007269574070332999,0.030062464354498143
1827,48.27000000000285,-0.0072714884425200965,0.030055429336251986
1828,48.28000000000286,-0.007273397400271699,0.030048414460145858
1829,48.29000000000286,-0.007275300965367519,0.03004141964511372
1830,48.30000000000286,-0.007277199159472288,0.030034444810516096
1831,48.31000000000286,-0.007279092004136523,0.030027489876137337
1832,48.320000000002864,-0.007280979520797246,0.03002055476218284
1833,48.33000000000287,-0.0072828617307787655,0.030013639389276328
1834,48.34000000000287,-0.007284738655293365,0.030006743678457064
1835,48.350000000002865,-0.007286610315442088,0.02999986755117725
1836,48.36000000000287,-0.007288476732215412,0.029993010929299218
1837,48.370000000002875,-0.007290337926494004,0.029986173735092898
1838,48.38000000000287,-0.0072921939190494075,0.029979355891233114
1839,48.39000000000287,-0.0072940447305447735,0.02997255732079695
1840,48.400000000002876,-0.007295890381535552,0.029965777947261178
1841,48.41000000000288,-0.007297730892470181,0.029959017694499702
1842,48.42000000000288,-0.007299566283690791,0.02995227648678096
1843,48.43000000000288,-0.007301396575433893,0.029945554248765393
1844,48.44000000000288,-0.007303221787831045,0.02993885090550294
1845,48.45000000000289,-0.007305041940909537,0.029932166382430528
1846,48.460000000002886,-0.007306857054593063,0.029925500605369613
1847,48.470000000002884,-0.007308667148702381,0.02991885350052367
1848,48.48000000000289,-0.007310472242955987,0.02991222499447579
1849,48.490000000002894,-0.007312272356970746,0.029905615014186284
1850,48.50000000000289,-0.007314067510262557,0.029899023486990174
1851,48.51000000000289,-0.007315857722247011,0.029892450340594935
1852,48.520000000002895,-0.00731764301224,0.029885895503078026
1853,48.5300000000029,-0.007319423399458381,0.029879358902884578
1854,48.5400000000029,-0.007321198903020586,0.02987284046882509
1855,48.550000000002896,-0.007322969541947269,0.029866340130073058
1856,48.5600000000029,-0.007324735335161907,0.029859857816162693
1857,48.570000000002906,-0.007326496301491425,0.029853393456986684
1858,48.580000000002904,-0.0073282524596668085,0.02984694698279388
1859,48.5900000000029,-0.007330003828323706,0.029840518324187063
1860,48.60000000000291,-0.0073317504260030425,0.029834107412120732
1861,48.61000000000291,-0.0073334922711516,0.029827714177898874
1862,48.62000000000291,-0.007335229382122626,0.029821338553172778
1863,48.63000000000291,-0.007336961777176411,0.029814980469938857
1864,48.640000000002914,-0.0073386894744808875,0.02980863986053647
1865,48.65000000000292,-0.007340412492112193,0.029802316657645784
1866,48.66000000000292,-0.007342130848055256,0.029796010794285677
1867,48.670000000002915,-0.007343844560204365,0.029789722203811552
1868,48.68000000000292,-0.007345553646363738,0.0297834508199133
1869,48.690000000002925,-0.00734725812424808,0.02977719657661319
1870,48.70000000000292,-0.007348958011483149,0.029770959408263815
1871,48.71000000000292,-0.0073506533256063,0.029764739249546028
1872,48.720000000002926,-0.007352344084067047,0.029758536035466902
1873,48.73000000000293,-0.007354030304227602,0.029752349701357733
1874,48.74000000000293,-0.007355712003363414,0.029746180182871985
1875,48.75000000000293,-0.007357389198663723,0.029740027415983375
1876,48.76000000000293,-0.007359061907232076,0.029733891336983787
1877,48.77000000000294,-0.007360730146086868,0.029727771882481432
1878,48.780000000002936,-0.00736239393216186,0.02972166898939882
1879,48.790000000002934,-0.007364053282306713,0.029715582594970823
1880,48.80000000000294,-0.0073657082132874965,0.029709512636742798
1881,48.810000000002944,-0.007367358741787206,0.02970345905256868
1882,48.82000000000294,-0.007369004884406276,0.02969742178060903
1883,48.83000000000294,-0.007370646657663081,0.029691400759329255
1884,48.840000000002945,-0.007372284077994457,0.02968539592749762
1885,48.85000000000295,-0.007373917161756177,0.02967940722418353
1886,48.86000000000295,-0.007375545925223457,0.029673434588755602
1887,48.870000000002946,-0.007377170384591456,0.029667477960879873
1888,48.88000000000295,-0.007378790555975757,0.02966153728051798
1889,48.890000000002956,-0.007380406455412851,0.02965561248792538
1890,48.900000000002954,-0.007382018098860626,0.029649703523649575
1891,48.91000000000295,-0.0073836255021988385,0.02964381032852828
1892,48.92000000000296,-0.007385228681229593,0.029637932843687747
1893,48.93000000000296,-0.00738682765167781,0.029632071010540946
1894,48.94000000000296,-0.0073884224291916895,0.029626224770785914
1895,48.95000000000296,-0.007390013029343189,0.02962039406640394
1896,48.960000000002964,-0.007391599467628477,0.02961457883965793
1897,48.97000000000297,-0.0073931817594683836,0.029608779033090678
1898,48.98000000000297,-0.007394759920208872,0.02960299458952322
1899,48.990000000002965,-0.007396333965121467,0.029597225452053087
1900,49.00000000000297,-0.007397903909403731,0.02959147156405274
1901,49.010000000002975,-0.007399469768179681,0.02958573286916785
1902,49.02000000000297,-0.007401031556500249,0.029580009311315693
1903,49.03000000000297,-0.007402589289343708,0.02957430083468353
1904,49.040000000002976,-0.007404142981616131,0.029568607383726984
1905,49.05000000000298,-0.0074056926481517816,0.029562928903168445
1906,49.06000000000298,-0.007407238303713582,0.02955726533799548
1907,49.07000000000298,-0.007408779962993524,0.02955161663345926
1908,49.08000000000298,-0.0074103176406130865,0.029545982735072966
1909,49.09000000000299,-0.007411851351123666,0.02954036358861031
1910,49.100000000002986,-0.007413381109006979,0.02953475914010385
1911,49.110000000002984,-0.0074149069286755034,0.029529169335843635
1912,49.12000000000299,-0.007416428824472858,0.029523594122375523
1913,49.130000000002994,-0.007417946810674226,0.029518033446499777
1914,49.14000000000299,-0.007419460901486764,0.029512487255269514
1915,49.15000000000299,-0.007420971111049987,0.029506955495989206
1916,49.160000000002995,-0.0074224774534362,0.029501438116213245
1917,49.170000000003,-0.007423979942650863,0.02949593506374443
1918,49.180000000003,-0.007425478592632987,0.029490446286632537
1919,49.190000000002996,-0.007426973417255551,0.029484971733172848
1920,49.200000000003,-0.007428464430325869,0.029479511351904724
1921,49.21000000000301,-0.007429951645585977,0.029474065091610175
1922,49.220000000003004,-0.007431435076713024,0.02946863290131245
1923,49.230000000003,-0.00743291473731965,0.02946321473027461
1924,49.24000000000301,-0.007434390640954353,0.029457810527998132
1925,49.25000000000301,-0.007435862801101881,0.029452420244221532
1926,49.26000000000301,-0.007437331231183588,0.029447043828918988
1927,49.27000000000301,-0.0074387959445578215,0.02944168123229896
1928,49.280000000003014,-0.007440256954520275,0.029436332404802812
1929,49.29000000000302,-0.007441714274304351,0.029430997297103485
1930,49.30000000000302,-0.007443167917081543,0.029425675860104184
1931,49.310000000003015,-0.007444617895961772,0.02942036804493698
1932,49.32000000000302,-0.007446064223993753,0.02941507380296151
1933,49.330000000003025,-0.0074475069141653515,0.029409793085763695
1934,49.34000000000302,-0.007448945979403938,0.02940452584515442
1935,49.35000000000302,-0.00745038143257673,0.029399272033168215
1936,49.360000000003026,-0.0074518132864911405,0.029394031602061978
1937,49.37000000000303,-0.007453241553895129,0.029388804504313706
1938,49.38000000000303,-0.007454666247477534,0.029383590692621236
1939,49.39000000000303,-0.007456087379868425,0.02937839011990096
1940,49.40000000000303,-0.0074575049636394445,0.029373202739286598
1941,49.41000000000304,-0.007458919011304112,0.029368028504127903
1942,49.420000000003036,-0.0074603295353181855,0.029362867367989515
1943,49.430000000003034,-0.00746173654808,0.029357719284649645
1944,49.44000000000304,-0.007463140061930766,0.029352584208098918
1945,49.450000000003044,-0.0074645400891549234,0.02934746209253913
1946,49.46000000000304,-0.007465936641980439,0.029342352892382052
1947,49.47000000000304,-0.007467329732579157,0.02933725656224826
1948,49.480000000003045,-0.007468719373067101,0.02933217305696591
1949,49.49000000000305,-0.007470105575504793,0.0293271023315696
1950,49.50000000000305,-0.007471488351897576,0.02932204434129919
1951,49.510000000003046,-0.0074728677141959205,0.029316999041598603
1952,49.52000000000305,-0.007474243674295736,0.02931196638811472
1953,49.53000000000306,-0.007475616244038693,0.029306946336696237
1954,49.540000000003054,-0.0074769854352124965,0.02930193884339248
1955,49.55000000000305,-0.007478351259551235,0.029296943864452307
1956,49.56000000000306,-0.0074797137287356584,0.029291961356322997
1957,49.57000000000306,-0.007481072854393468,0.029286991275649103
1958,49.58000000000306,-0.007482428648099645,0.02928203357927136
1959,49.59000000000306,-0.007483781121376724,0.02927708822422559
1960,49.600000000003064,-0.007485130285695099,0.02927215516774161
1961,49.61000000000307,-0.007486476152473306,0.029267234367242132
1962,49.62000000000307,-0.007487818733078327,0.029262325780341693
1963,49.630000000003065,-0.007489158038825867,0.029257429364845593
1964,49.64000000000307,-0.0074904940809806505,0.029252545078748807
1965,49.650000000003075,-0.007491826870756704,0.029247672880234978
1966,49.66000000000307,-0.0074931564193176274,0.029242812727675288
1967,49.67000000000307,-0.007494482737776889,0.029237964579627504
1968,49.680000000003076,-0.007495805837198109,0.029233128394834867
1969,49.69000000000308,-0.007497125728595318,0.02922830413222511
1970,49.70000000000308,-0.007498442422933244,0.02922349175090942
1971,49.71000000000308,-0.00749975593112759,0.029218691210181422
1972,49.72000000000308,-0.007501066264045307,0.029213902469516172
1973,49.73000000000309,-0.007502373432504844,0.029209125488569167
1974,49.740000000003086,-0.00750367744727644,0.029204360227175326
1975,49.750000000003084,-0.007504978319082384,0.029199606645348014
1976,49.76000000000309,-0.007506276058597269,0.029194864703278058
1977,49.770000000003094,-0.007507570676448269,0.029190134361332783
1978,49.78000000000309,-0.007508862183215396,0.029185415580055024
1979,49.79000000000309,-0.007510150589431752,0.029180708320162164
1980,49.800000000003095,-0.0075114359055838045,0.02917601254254521
1981,49.8100000000031,-0.007512718142111623,0.029171328208267792
1982,49.8200000000031,-0.0075139973094091395,0.029166655278565254
1983,49.830000000003096,-0.007515273417824416,0.029161993714843713
1984,49.8400000000031,-0.007516546477659874,0.029157343478679102
1985,49.85000000000311,-0.007517816499172555,0.02915270453181627
1986,49.860000000003105,-0.007519083492574371,0.02914807683616809
1987,49.8700000000031,-0.0075203474680323465,0.029143460353814446
1988,49.88000000000311,-0.007521608435668859,0.02913885504700143
1989,49.89000000000311,-0.007522866405561899,0.029134260878140396
1990,49.90000000000311,-0.007524121387745282,0.029129677809807065
1991,49.91000000000311,-0.00752537339220892,0.029125105804740627
1992,49.920000000003114,-0.007526622428899045,0.029120544825842882
1993,49.93000000000312,-0.00752786850771844,0.02911599483617733
1994,49.94000000000312,-0.00752911163852668,0.029111455798968316
1995,49.950000000003115,-0.0075303518311403824,0.029106927677600196
1996,49.96000000000312,-0.007531589095333409,0.02910241043561637
1997,49.970000000003125,-0.0075328234408371135,0.029097904036718567
1998,49.98000000000312,-0.007534054877340574,0.029093408444765868
1999,49.99000000000312,-0.007535283414490814,0.029088923623773938
2000,50.000000000003126,-0.0075365090618930335,0.029084449537914177
2001,50.01000000000313,-0.007537731829110824,0.02907998615151284
2002,50.02000000000313,-0.0075389517256664075,0.029075533429050265
2003,50.03000000000313,-0.007540168761040836,0.02907109133516
2004,50.04000000000313,-0.007541382944674247,0.029066659834628035
2005,50.05000000000314,-0.007542594285966045,0.029062238892391935
2006,50.060000000003136,-0.007543802794275149,0.029057828473540086
2007,50.070000000003134,-0.007545008478920178,0.029053428543310843
2008,50.08000000000314,-0.007546211349179705,0.029049039067091744
2009,50.090000000003144,-0.007547411414292435,0.029044660010418756
2010,50.10000000000314,-0.007548608683457441,0.029040291338975444
2011,50.11000000000314,-0.007549803165834359,0.029035933018592194
2012,50.120000000003145,-0.007550994870543606,0.029031585015245442
2013,50.13000000000315,-0.007552183806666594,0.02902724729505693
2014,50.14000000000315,-0.007553369983245923,0.029022919824292878
2015,50.150000000003146,-0.007554553409285589,0.029018602569363252
2016,50.16000000000315,-0.007555734093751207,0.029014295496821035
2017,50.17000000000316,-0.007556912045570189,0.029009998573361423
2018,50.180000000003155,-0.007558087273631955,0.02900571176582109
2019,50.19000000000315,-0.00755925978678814,0.029001435041177498
2020,50.20000000000316,-0.007560429593852795,0.028997168366548046
2021,50.21000000000316,-0.007561596703602559,0.02899291170918943
2022,50.22000000000316,-0.007562761124776893,0.0289886650364969
2023,50.23000000000316,-0.007563922866078244,0.028984428316003504
2024,50.240000000003164,-0.007565081936172273,0.028980201515379375
2025,50.25000000000317,-0.0075662383436879985,0.02897598460243101
2026,50.26000000000317,-0.007567392097218043,0.02897177754510061
2027,50.270000000003165,-0.007568543205318772,0.028967580311465332
2028,50.28000000000317,-0.007569691676510553,0.02896339286973646
2029,50.290000000003175,-0.007570837519277851,0.028959215188258974
2030,50.30000000000317,-0.007571980742069501,0.02895504723551067
2031,50.31000000000317,-0.007573121353298833,0.028950888980101487
2032,50.320000000003176,-0.007574259361343897,0.028946740390772874
2033,50.33000000000318,-0.007575394774547625,0.028942601436397077
2034,50.34000000000318,-0.007576527601218021,0.02893847208597643
2035,50.35000000000318,-0.007577657849628337,0.028934352308642754
2036,50.36000000000318,-0.007578785528017268,0.028930242073656645
2037,50.37000000000319,-0.007579910644589107,0.02892614135040679
2038,50.380000000003186,-0.007581033207513943,0.02892205010840936
2039,50.390000000003184,-0.00758215322492783,0.028917968317307308
2040,50.40000000000319,-0.007583270704932952,0.02891389594686978
2041,50.410000000003194,-0.007584385655597845,0.028909832966991268
2042,50.42000000000319,-0.007585498084957503,0.02890577934769129
2043,50.43000000000319,-0.007586608001013587,0.028901735059113476
2044,50.440000000003195,-0.007587715411734597,0.028897700071525072
2045,50.4500000000032,-0.007588820325056037,0.028893674355316246
2046,50.4600000000032,-0.007589922748880586,0.02888965788099949
2047,50.470000000003196,-0.007591022691078262,0.02888565061920897
2048,50.4800000000032,-0.007592120159486598,0.028881652540699933
2049,50.49000000000321,-0.007593215161910795,0.028877663616348036
2050,50.500000000003205,-0.007594307706123905,0.028873683817148825
2051,50.5100000000032,-0.007595397799866972,0.028869713114217016
2052,50.52000000000321,-0.007596485450849226,0.02886575147878598
2053,50.53000000000321,-0.007597570666748216,0.028861798882207086
2054,50.54000000000321,-0.007598653455209984,0.02885785529594913
2055,50.55000000000321,-0.007599733823849231,0.02885392069159772
2056,50.560000000003214,-0.007600811780249461,0.028849995040854663
2057,50.57000000000322,-0.007601887331963158,0.02884607831553747
2058,50.58000000000322,-0.007602960486511928,0.028842170487578665
2059,50.590000000003215,-0.007604031251386654,0.028838271529025235
2060,50.60000000000322,-0.007605099634047678,0.028834381412038108
2061,50.610000000003225,-0.0076061656419249175,0.028830500108891485
2062,50.62000000000322,-0.0076072292824180465,0.028826627591972364
2063,50.63000000000322,-0.007608290562896638,0.028822763833779907
2064,50.640000000003226,-0.0076093494907003185,0.028818908806924868
2065,50.65000000000323,-0.007610406073138913,0.028815062484129107
2066,50.66000000000323,-0.007611460317492602,0.028811224838224972
2067,50.67000000000323,-0.007612512231012074,0.028807395842154762
2068,50.68000000000323,-0.007613561820918657,0.028803575468970145
2069,50.69000000000324,-0.0076146090944044864,0.028799763691831695
2070,50.700000000003236,-0.007615654058632634,0.028795960484008256
2071,50.710000000003234,-0.007616696720737266,0.028792165818876447
2072,50.72000000000324,-0.00761773708782378,0.028788379669920115
2073,50.730000000003244,-0.007618775166968953,0.028784602010729805
2074,50.74000000000324,-0.007619810965221078,0.028780832815002242
2075,50.75000000000324,-0.007620844489600118,0.02877707205653976
2076,50.760000000003245,-0.007621875747097836,0.028773319709249814
2077,50.77000000000325,-0.007622904744677941,0.028769575747144473
2078,50.78000000000325,-0.007623931489276223,0.028765840144339853
2079,50.790000000003246,-0.007624955987800698,0.02876211287505562
2080,50.80000000000325,-0.007625978247131739,0.028758393913614514
2081,50.81000000000326,-0.00762699827412222,0.028754683234441775
2082,50.820000000003255,-0.007628016075597646,0.028750980812064703
2083,50.83000000000325,-0.007629031658356293,0.028747286621112103
2084,50.84000000000326,-0.0076300450291693425,0.02874360063631381
2085,50.85000000000326,-0.0076310561947810105,0.02873992283250019
2086,50.86000000000326,-0.007632065161908683,0.028736253184601636
2087,50.87000000000326,-0.007633071937243049,0.028732591667648077
2088,50.880000000003264,-0.007634076527448243,0.028728938256768515
2089,50.89000000000327,-0.007635078939161945,0.02872529292719049
2090,50.90000000000327,-0.007636079178995549,0.028721655654239647
2091,50.910000000003265,-0.007637077253534263,0.028718026413339242
2092,50.92000000000327,-0.007638073169337252,0.028714405180009613
2093,50.930000000003275,-0.007639066932937758,0.02871079192986779
2094,50.94000000000327,-0.007640058550843235,0.028707186638626977
2095,50.95000000000327,-0.007641048029535461,0.02870358928209606
2096,50.96000000000328,-0.00764203537547069,0.028699999836179216
2097,50.97000000000328,-0.007643020595079765,0.02869641827687529
2098,50.98000000000328,-0.007644003694768186,0.028692844580277686
2099,50.99000000000328,-0.007644984680916341,0.028689278722573434
2100,51.00000000000328,-0.0076459635598795485,0.02868572068004304
2101,51.01000000000329,-0.007646940337988198,0.02868217042905999
2102,51.020000000003286,-0.007647915021547899,0.028678627946090253
2103,51.030000000003284,-0.007648887616839546,0.028675093207691852
2104,51.04000000000329,-0.007649858130119492,0.028671566190514412
2105,51.050000000003294,-0.007650826567619646,0.028668046871298744
2106,51.06000000000329,-0.00765179293554758,0.02866453522687638
2107,51.07000000000329,-0.007652757240086659,0.028661031234169132
2108,51.080000000003295,-0.0076537194873961675,0.02865753487018866
2109,51.0900000000033,-0.007654679683611411,0.028654046112036077
2110,51.1000000000033,-0.007655637834843821,0.028650564936901456
2111,51.110000000003296,-0.007656593947181108,0.02864709132206344
2112,51.1200000000033,-0.007657548026687341,0.028643625244888834
2113,51.13000000000331,-0.0076585000794030696,0.028640166682832122
2114,51.140000000003305,-0.007659450111345447,0.02863671561343512
2115,51.1500000000033,-0.007660398128508329,0.028633272014326507
2116,51.16000000000331,-0.007661344136862397,0.028629835863221407
2117,51.17000000000331,-0.00766228814235527,0.028626407137921035
2118,51.18000000000331,-0.007663230150911589,0.02862298581631221
2119,51.19000000000331,-0.0076641701684331725,0.028619571876367003
2120,51.200000000003314,-0.007665108200799099,0.028616165296142228
2121,51.21000000000332,-0.0076660442538657725,0.028612766053779333
2122,51.22000000000332,-0.007666978333467127,0.028609374127503584
2123,51.230000000003315,-0.007667910445414658,0.028605989495623926
2124,51.24000000000332,-0.007668840595497559,0.028602612136532528
2125,51.250000000003325,-0.007669768789482829,0.028599242028704414
2126,51.26000000000332,-0.007670695033115349,0.028595879150697005
2127,51.27000000000332,-0.007671619332118025,0.028592523481149806
2128,51.28000000000333,-0.007672541692191873,0.02858917499878395
2129,51.29000000000333,-0.007673462119016117,0.028585833682401855
2130,51.30000000000333,-0.007674380618248312,0.02858249951088685
2131,51.31000000000333,-0.007675297195524425,0.02857917246320274
2132,51.32000000000333,-0.007676211856458954,0.02857585251839347
2133,51.33000000000334,-0.00767712460664502,0.028572539655582745
2134,51.340000000003336,-0.007678035451654466,0.028569233853973645
2135,51.350000000003334,-0.007678944397037969,0.028565935092848237
2136,51.36000000000334,-0.007679851448325126,0.028562643351567243
2137,51.370000000003344,-0.007680756611024558,0.02855935860956963
2138,51.38000000000334,-0.0076816598906240185,0.02855608084637229
2139,51.39000000000334,-0.007682561292590471,0.028552810041569607
2140,51.400000000003345,-0.00768346082237021,0.028549546174833185
2141,51.41000000000335,-0.007684358485388934,0.02854628922591139
2142,51.42000000000335,-0.007685254287051857,0.028543039174629067
2143,51.430000000003346,-0.007686148232743813,0.02853979600088715
2144,51.44000000000335,-0.007687040327829325,0.028536559684662326
2145,51.45000000000336,-0.007687930577652723,0.028533330206006634
2146,51.460000000003355,-0.007688818987538227,0.028530107545047194
2147,51.47000000000335,-0.007689705562790038,0.028526891681985772
2148,51.48000000000336,-0.007690590308692441,0.0285236825970985
2149,51.49000000000336,-0.007691473230509899,0.028520480270735515
2150,51.50000000000336,-0.007692354333487133,0.028517284683320595
2151,51.51000000000336,-0.007693233622849214,0.028514095815350825
2152,51.520000000003364,-0.007694111103801671,0.028510913647396254
2153,51.53000000000337,-0.007694986781530567,0.02850773816009961
2154,51.54000000000337,-0.007695860661202594,0.02850456933417589
2155,51.550000000003365,-0.007696732747965153,0.02850140715041204
2156,51.56000000000337,-0.0076976030469464605,0.028498251589666686
2157,51.570000000003375,-0.0076984715632556315,0.028495102632869744
2158,51.58000000000337,-0.007699338301982751,0.02849196026102209
2159,51.59000000000337,-0.007700203268198988,0.028488824455195256
2160,51.60000000000338,-0.007701066466956662,0.02848569519653113
2161,51.61000000000338,-0.0077019279032893425,0.028482572466241564
2162,51.62000000000338,-0.007702787582211925,0.028479456245608117
2163,51.63000000000338,-0.0077036455087207256,0.028476346515981715
2164,51.64000000000338,-0.007704501687793566,0.028473243258782317
2165,51.65000000000339,-0.007705356124389841,0.02847014645549861
2166,51.660000000003386,-0.007706208823450635,0.028467056087687723
2167,51.670000000003384,-0.007707059789898775,0.028463972136974863
2168,51.68000000000339,-0.007707909028638935,0.028460894585053045
2169,51.690000000003394,-0.007708756544557702,0.02845782341368277
2170,51.70000000000339,-0.007709602342523671,0.028454758604691696
2171,51.71000000000339,-0.007710446427387528,0.028451700139974383
2172,51.720000000003395,-0.007711288803982126,0.028448648001491945
2173,51.7300000000034,-0.0077121294771225575,0.02844560217127177
2174,51.7400000000034,-0.00771296845160625,0.0284425626314072
2175,51.750000000003396,-0.0077138057322130495,0.028439529364057244
2176,51.7600000000034,-0.007714641323705285,0.028436502351446305
2177,51.77000000000341,-0.00771547523082785,0.028433481575863822
2178,51.780000000003405,-0.007716307458308293,0.028430467019664042
2179,51.7900000000034,-0.007717138010856893,0.0284274586652657
2180,51.80000000000341,-0.007717966893166723,0.028424456495151698
2181,51.81000000000341,-0.007718794109913748,0.028421460491868875
2182,51.82000000000341,-0.00771961966575689,0.02841847063802767
2183,51.83000000000341,-0.007720443565338115,0.028415486916301892
2184,51.840000000003414,-0.007721265813282484,0.028412509309428326
2185,51.85000000000342,-0.007722086414198273,0.0284095378002066
2186,51.86000000000342,-0.007722905372676999,0.028406572371498774
2187,51.870000000003415,-0.007723722693293541,0.028403613006229136
2188,51.88000000000342,-0.007724538380606174,0.028400659687383867
2189,51.890000000003425,-0.007725352439156679,0.02839771239801084
2190,51.90000000000342,-0.007726164873470393,0.028394771121219273
2191,51.91000000000342,-0.007726975688056287,0.028391835840179472
2192,51.92000000000343,-0.007727784887407056,0.02838890653812259
2193,51.93000000000343,-0.0077285924759991605,0.028385983198340306
2194,51.94000000000343,-0.0077293984582929385,0.02838306580418462
2195,51.95000000000343,-0.007730202838732633,0.028380154339067504
2196,51.96000000000343,-0.007731005621746507,0.02837724878646071
2197,51.97000000000344,-0.00773180681174688,0.02837434912989545
2198,51.980000000003436,-0.007732606413130227,0.02837145535296217
2199,51.990000000003434,-0.007733404430277222,0.028368567439310266
2200,52.00000000000344,-0.007734200867552835,0.028365685372647807
2201,52.010000000003444,-0.00773499572930638,0.028362809136741333
2202,52.02000000000344,-0.007735789019871592,0.028359938715415527
2203,52.03000000000344,-0.007736580743566706,0.028357074092553
2204,52.040000000003445,-0.007737370904694516,0.028354215252094035
2205,52.05000000000345,-0.007738159507542432,0.028351362178036313
2206,52.06000000000345,-0.007738946556382574,0.028348514854434646
2207,52.070000000003446,-0.007739732055471818,0.0283456732654008
2208,52.08000000000345,-0.007740516009051879,0.028342837395103147
2209,52.09000000000346,-0.007741298421349361,0.02834000722776647
2210,52.100000000003455,-0.007742079296575838,0.028337182747671726
2211,52.11000000000345,-0.007742858638927917,0.028334363939155754
2212,52.12000000000346,-0.007743636452587294,0.028331550786611065
2213,52.13000000000346,-0.007744412741720837,0.028328743274485594
2214,52.14000000000346,-0.007745187510480634,0.02832594138728245
2215,52.15000000000346,-0.007745960763004068,0.028323145109559664
2216,52.160000000003464,-0.007746732503413881,0.02832035442592997
2217,52.17000000000347,-0.007747502735818233,0.02831756932106055
2218,52.18000000000347,-0.007748271464310768,0.028314789779672816
2219,52.190000000003465,-0.007749038692970681,0.028312015786542143
2220,52.20000000000347,-0.00774980442586278,0.028309247326497654
2221,52.210000000003475,-0.00775056866703754,0.028306484384421994
2222,52.22000000000347,-0.007751331420531182,0.02830372694525108
2223,52.23000000000347,-0.0077520926903657215,0.02830097499397387
2224,52.24000000000348,-0.007752852480549032,0.02829822851563214
2225,52.25000000000348,-0.0077536107950749115,0.028295487495320244
2226,52.26000000000348,-0.007754367637923145,0.028292751918184925
2227,52.27000000000348,-0.007755123013059556,0.028290021769425022
2228,52.28000000000348,-0.00775587692443608,0.028287297034291295
2229,52.29000000000349,-0.007756629375990814,0.028284577698086188
2230,52.300000000003486,-0.0077573803716480755,0.028281863746163594
2231,52.310000000003484,-0.007758129915318473,0.028279155163928652
2232,52.32000000000349,-0.007758878010898959,0.028276451936837498
2233,52.330000000003494,-0.007759624662272887,0.028273754050397087
2234,52.34000000000349,-0.007760369873310074,0.02827106149016494
2235,52.35000000000349,-0.007761113647866855,0.028268374241748922
2236,52.360000000003495,-0.007761855989786147,0.02826569229080706
2237,52.3700000000035,-0.007762596902897497,0.028263015623047293
2238,52.3800000000035,-0.007763336391017155,0.028260344224227272
2239,52.390000000003496,-0.007764074457948114,0.02825767808015416
2240,52.4000000000035,-0.007764811107480177,0.02825501717668439
2241,52.41000000000351,-0.007765546343390016,0.028252361499723478
2242,52.420000000003505,-0.007766280169441217,0.02824971103522581
2243,52.4300000000035,-0.0077670125893843445,0.02824706576919441
2244,52.44000000000351,-0.0077677436069570035,0.028244425687680777
2245,52.45000000000351,-0.007768473225883878,0.028241790776784632
2246,52.46000000000351,-0.007769201449876796,0.028239161022653735
2247,52.47000000000351,-0.007769928282634792,0.028236536411483684
2248,52.480000000003514,-0.007770653727844143,0.028233916929517686
2249,52.49000000000352,-0.007771377789178439,0.0282313025630464
2250,52.50000000000352,-0.007772100470298635,0.028228693298407694
2251,52.510000000003515,-0.00777282177485309,0.02822608912198646
2252,52.52000000000352,-0.007773541706477646,0.028223490020214393
2253,52.530000000003525,-0.007774260268795654,0.02822089597956986
2254,52.54000000000352,-0.0077749774654180485,0.028218306986577606
2255,52.55000000000352,-0.007775693299943385,0.02821572302780863
2256,52.56000000000353,-0.007776407775957909,0.028213144089879967
2257,52.57000000000353,-0.007777120897035591,0.028210570159454492
2258,52.58000000000353,-0.007777832666738183,0.028208001223240714
2259,52.59000000000353,-0.0077785430886152815,0.028205437267992604
2260,52.60000000000353,-0.007779252166204366,0.028202878280509394
2261,52.61000000000354,-0.007779959903030854,0.028200324247635397
2262,52.620000000003536,-0.007780666302608151,0.028197775156259798
2263,52.630000000003534,-0.00778137136843771,0.02819523099331648
2264,52.64000000000354,-0.007782075104009061,0.028192691745783816
2265,52.650000000003544,-0.007782777512799894,0.028190157400684528
2266,52.66000000000354,-0.0077834785982760675,0.028187627945085447
2267,52.67000000000354,-0.007784178363891697,0.028185103366097353
2268,52.680000000003545,-0.007784876813089179,0.028182583650874796
2269,52.69000000000355,-0.007785573949299249,0.0281800687866159
2270,52.70000000000355,-0.007786269775941032,0.0281775587605622
2271,52.71000000000355,-0.007786964296422096,0.02817505355999844
2272,52.72000000000355,-0.0077876575141384765,0.028172553172252396
2273,52.73000000000356,-0.007788349432474755,0.028170057584694687
2274,52.740000000003555,-0.007789040054804087,0.028167566784738647
2275,52.75000000000355,-0.0077897293844882655,0.028165080759840096
2276,52.76000000000356,-0.007790417424877743,0.028162599497497148
2277,52.77000000000356,-0.007791104179311714,0.028160122985250106
2278,52.78000000000356,-0.007791789651118124,0.028157651210681214
2279,52.79000000000356,-0.0077924738436137495,0.028155184161414545
2280,52.800000000003564,-0.0077931567601042225,0.028152721825115763
2281,52.81000000000357,-0.0077938384038840885,0.02815026418949201
2282,52.82000000000357,-0.007794518778236844,0.02814781124229169
2283,52.830000000003565,-0.007795197886434986,0.028145362971304322
2284,52.84000000000357,-0.007795875731740064,0.028142919364360374
2285,52.850000000003575,-0.007796552317402716,0.028140480409331075
2286,52.86000000000357,-0.007797227646662712,0.02813804609412826
2287,52.87000000000357,-0.00779790172274902,0.028135616406704204
2288,52.88000000000358,-0.007798574548879816,0.028133191335051433
2289,52.89000000000358,-0.007799246128262557,0.028130770867202587
2290,52.90000000000358,-0.007799916464094012,0.028128354991230245
2291,52.91000000000358,-0.007800585559560315,0.02812594369524675
2292,52.92000000000358,-0.007801253417836997,0.028123536967404057
2293,52.93000000000359,-0.00780192004208904,0.028121134795893576
2294,52.940000000003586,-0.007802585435470913,0.028118737168946
2295,52.950000000003584,-0.00780324960112662,0.02811634407483113
2296,52.96000000000359,-0.007803912542189743,0.028113955501857742
2297,52.970000000003594,-0.00780457426178348,0.028111571438373433
2298,52.98000000000359,-0.007805234763020695,0.02810919187276441
2299,52.99000000000359,-0.00780589404900395,0.028106816793455405
2300,53.000000000003595,-0.007806552122825558,0.02810444618890945
2301,53.0100000000036,-0.0078072089875676175,0.028102080047627754
2302,53.0200000000036,-0.007807864646302056,0.028099718358149568
2303,53.0300000000036,-0.0078085191020906795,0.028097361109051994
2304,53.0400000000036,-0.007809172357985195,0.028095008288949827
2305,53.05000000000361,-0.0078098244170272755,0.028092659886495445
2306,53.060000000003605,-0.007810475282248578,0.028090315890378623
2307,53.0700000000036,-0.007811124956670797,0.028087976289326355
2308,53.08000000000361,-0.00781177344330571,0.028085641072102784
2309,53.09000000000361,-0.007812420745155201,0.028083310227508974
2310,53.10000000000361,-0.007813066865211321,0.028080983744382806
2311,53.11000000000361,-0.007813711806456302,0.028078661611598783
2312,53.120000000003614,-0.007814355571862627,0.028076343818067954
2313,53.13000000000362,-0.007814998164393046,0.02807403035273769
2314,53.14000000000362,-0.007815639587000628,0.028071721204591577
2315,53.150000000003615,-0.007816279842628792,0.02806941636264928
2316,53.16000000000362,-0.007816918934211351,0.02806711581596635
2317,53.170000000003625,-0.00781755686467255,0.028064819553634147
2318,53.18000000000362,-0.007818193636927111,0.028062527564779643
2319,53.19000000000362,-0.007818829253880248,0.02806023983856529
2320,53.20000000000363,-0.007819463718427738,0.028057956364188882
2321,53.21000000000363,-0.00782009703345594,0.028055677130883437
2322,53.22000000000363,-0.007820729201841826,0.028053402127917005
2323,53.23000000000363,-0.007821360226453043,0.028051131344592563
2324,53.24000000000363,-0.00782199011014792,0.02804886477024787
2325,53.25000000000364,-0.00782261885577553,0.028046602394255313
2326,53.260000000003636,-0.007823246466175729,0.028044344206021813
2327,53.270000000003634,-0.007823872944179161,0.02804209019498862
2328,53.28000000000364,-0.007824498292607328,0.028039840350631215
2329,53.290000000003644,-0.007825122514272614,0.028037594662459184
2330,53.30000000000364,-0.00782574561197832,0.02803535312001606
2331,53.31000000000364,-0.007826367588518707,0.028033115712879173
2332,53.320000000003645,-0.007826988446679022,0.028030882430659574
2333,53.33000000000365,-0.007827608189235538,0.02802865326300183
2334,53.34000000000365,-0.007828226818955602,0.028026428199583953
2335,53.35000000000365,-0.007828844338597648,0.02802420723011721
2336,53.36000000000365,-0.007829460750911248,0.02802199034434603
2337,53.37000000000366,-0.007830076058637147,0.028019777532047877
2338,53.380000000003655,-0.00783069026450729,0.02801756878303308
2339,53.39000000000365,-0.00783130337124486,0.02801536408714473
2340,53.40000000000366,-0.007831915381564322,0.02801316343425857
2341,53.41000000000366,-0.00783252629817144,0.028010966814282813
2342,53.42000000000366,-0.007833136123763325,0.02800877421715805
2343,53.43000000000366,-0.00783374486102847,0.028006585632857132
2344,53.440000000003664,-0.00783435251264677,0.02800440105138501
2345,53.45000000000367,-0.007834959081289575,0.02800222046277863
2346,53.46000000000367,-0.007835564569619705,0.02800004385710679
2347,53.470000000003665,-0.007836168980291497,0.02799787122447005
2348,53.48000000000367,-0.00783677231595084,0.027995702555000574
2349,53.490000000003675,-0.00783737457923519,0.027993537838861996
2350,53.50000000000367,-0.007837975772773629,0.027991377066249344
2351,53.51000000000367,-0.007838575899186866,0.027989220227388853
2352,53.52000000000368,-0.007839174961087311,0.027987067312537913
2353,53.53000000000368,-0.007839772961079069,0.027984918311984897
2354,53.54000000000368,-0.007840369901757991,0.027982773216049042
2355,53.55000000000368,-0.00784096578571171,0.027980632015080362
2356,53.56000000000368,-0.00784156061551966,0.0279784946994595
2357,53.57000000000369,-0.007842154393753123,0.027976361259597602
2358,53.580000000003686,-0.007842747122975242,0.027974231685936213
2359,53.590000000003684,-0.007843338805741073,0.027972105968947177
2360,53.60000000000369,-0.007843929444597608,0.027969984099132476
2361,53.610000000003694,-0.007844519042083792,0.02796786606702412
2362,53.62000000000369,-0.007845107600730589,0.02796575186318409
2363,53.63000000000369,-0.00784569512306098,0.027963641478204144
2364,53.640000000003695,-0.007846281611590004,0.027961534902705733
2365,53.6500000000037,-0.007846867068824795,0.027959432127339888
2366,53.6600000000037,-0.007847451497264618,0.02795733314278712
2367,53.6700000000037,-0.00784803489940087,0.027955237939757255
2368,53.6800000000037,-0.007848617277717152,0.027953146508989384
2369,53.69000000000371,-0.00784919863468927,0.027951058841251715
2370,53.700000000003705,-0.007849778972785262,0.02794897492734144
2371,53.7100000000037,-0.00785035829446546,0.02794689475808468
2372,53.72000000000371,-0.007850936602182494,0.027944818324336325
2373,53.73000000000371,-0.007851513898381316,0.027942745616979944
2374,53.74000000000371,-0.007852090185499245,0.027940676626927653
2375,53.75000000000371,-0.007852665465966005,0.027938611345120053
2376,53.760000000003714,-0.007853239742203727,0.027936549762526054
2377,53.77000000000372,-0.007853813016627,0.027934491870142825
2378,53.78000000000372,-0.007854385291642887,0.027932437658995647
2379,53.790000000003715,-0.00785495656965097,0.02793038712013783
2380,53.80000000000372,-0.007855526853043356,0.027928340244650584
2381,53.810000000003726,-0.007856096144204733,0.02792629702364293
2382,53.82000000000372,-0.00785666444551237,0.02792425744825158
2383,53.83000000000372,-0.007857231759336168,0.027922221509640837
2384,53.84000000000373,-0.007857798088038676,0.027920189199002486
2385,53.85000000000373,-0.007858363433975129,0.027918160507555703
2386,53.86000000000373,-0.007858927799493452,0.027916135426546924
2387,53.87000000000373,-0.007859491186934336,0.02791411394724976
2388,53.88000000000373,-0.007860053598631208,0.027912096060964897
2389,53.89000000000374,-0.007860615036910296,0.02791008175901997
2390,53.900000000003736,-0.007861175504090654,0.027908071032769502
2391,53.910000000003734,-0.007861735002484167,0.027906063873594737
2392,53.92000000000374,-0.007862293534395607,0.027904060272903587
2393,53.930000000003744,-0.007862851102122644,0.027902060222130553
2394,53.94000000000374,-0.007863407707955862,0.027900063712736532
2395,53.95000000000374,-0.007863963354178816,0.02789807073620883
2396,53.960000000003745,-0.00786451804306804,0.027896081284060965
2397,53.97000000000375,-0.00786507177689307,0.027894095347832645
2398,53.98000000000375,-0.007865624557916473,0.027892112919089593
2399,53.99000000000375,-0.007866176388393889,0.02789013398942352
2400,54.00000000000375,-0.007866727270574038,0.027888158550451982
2401,54.01000000000376,-0.007867277206698749,0.027886186593818287
2402,54.020000000003755,-0.007867826199002998,0.027884218111191433
2403,54.03000000000375,-0.007868374249714928,0.027882253094265962
2404,54.04000000000376,-0.007868921361055863,0.027880291534761882
2405,54.05000000000376,-0.00786946753524035,0.027878333424424584
2406,54.06000000000376,-0.007870012774476175,0.027876378755024744
2407,54.07000000000376,-0.0078705570809644,0.027874427518358193
2408,54.080000000003764,-0.007871100456899378,0.027872479706245887
2409,54.09000000000377,-0.007871642904468776,0.02787053531053375
2410,54.10000000000377,-0.0078721844258536,0.027868594323092605
2411,54.110000000003765,-0.007872725023228236,0.027866656735818097
2412,54.12000000000377,-0.007873264698760455,0.02786472254063057
2413,54.130000000003776,-0.007873803454611457,0.027862791729474992
2414,54.14000000000377,-0.00787434129293587,0.02786086429432087
2415,54.15000000000377,-0.007874878215881797,0.027858940227162118
2416,54.16000000000378,-0.007875414225590844,0.027857019520017033
2417,54.17000000000378,-0.007875949324198111,0.027855102164928126
2418,54.18000000000378,-0.00787648351383226,0.02785318815396211
2419,54.19000000000378,-0.007877016796615503,0.02785127747920975
2420,54.20000000000378,-0.007877549174663651,0.027849370132785788
2421,54.21000000000379,-0.00787808065008612,0.027847466106828873
2422,54.220000000003786,-0.00787861122498597,0.027845565393501456
2423,54.230000000003784,-0.007879140901459913,0.0278436679849897
2424,54.24000000000379,-0.00787966968159835,0.02784177387350339
2425,54.250000000003794,-0.007880197567485392,0.027839883051275868
2426,54.26000000000379,-0.007880724561198874,0.02783799551056392
2427,54.27000000000379,-0.007881250664810392,0.027836111243647692
2428,54.280000000003795,-0.007881775880385316,0.02783423024283061
2429,54.2900000000038,-0.007882300209982812,0.02783235250043931
2430,54.3000000000038,-0.007882823655655884,0.027830478008823507
2431,54.3100000000038,-0.00788334621945136,0.027828606760355954
2432,54.3200000000038,-0.007883867903409955,0.027826738747432328
2433,54.33000000000381,-0.007884388709566275,0.027824873962471186
2434,54.340000000003805,-0.00788490863994883,0.02782301239791382
2435,54.3500000000038,-0.00788542769658007,0.02782115404622421
2436,54.36000000000381,-0.007885945881476415,0.02781929889988895
2437,54.37000000000381,-0.007886463196648253,0.027817446951417142
2438,54.38000000000381,-0.007886979644099977,0.02781559819334031
2439,54.39000000000381,-0.007887495225830017,0.027813752618212343
2440,54.400000000003814,-0.007888009943830838,0.027811910218609397
2441,54.41000000000382,-0.007888523800088983,0.0278100709871298
2442,54.42000000000382,-0.007889036796585081,0.027808234916394007
2443,54.430000000003815,-0.007889548935293879,0.027806401999044474
2444,54.44000000000382,-0.007890060218184253,0.02780457222774561
2445,54.450000000003826,-0.007890570647219245,0.027802745595183698
2446,54.460000000003824,-0.007891080224356063,0.027800922094066784
2447,54.47000000000382,-0.007891588951546121,0.027799101717124627
2448,54.48000000000383,-0.00789209683073505,0.02779728445710859
2449,54.49000000000383,-0.007892603863862728,0.02779547030679162
2450,54.50000000000383,-0.00789311005286329,0.0277936592589681
2451,54.51000000000383,-0.007893615399665155,0.0277918513064538
2452,54.52000000000383,-0.007894119906191046,0.027790046442085804
2453,54.53000000000384,-0.007894623574358016,0.027788244658722448
2454,54.540000000003836,-0.007895126406077459,0.027786445949243174
2455,54.550000000003834,-0.007895628403255134,0.02778465030654855
2456,54.56000000000384,-0.007896129567791193,0.027782857723560116
2457,54.570000000003844,-0.00789662990158019,0.027781068193220352
2458,54.58000000000384,-0.007897129406511105,0.02777928170849257
2459,54.59000000000384,-0.007897628084467374,0.02777749826236087
2460,54.600000000003845,-0.007898125937326894,0.027775717847830048
2461,54.61000000000385,-0.007898622966962053,0.027773940457925504
2462,54.62000000000385,-0.007899119175239742,0.027772166085693203
2463,54.63000000000385,-0.007899614564021388,0.027770394724199583
2464,54.64000000000385,-0.00790010913516296,0.027768626366531466
2465,54.65000000000386,-0.007900602890514998,0.02776686100579603
2466,54.660000000003855,-0.007901095831922621,0.027765098635120656
2467,54.67000000000385,-0.007901587961225571,0.02776333924765296
2468,54.68000000000386,-0.007902079280258196,0.027761582836560616
2469,54.69000000000386,-0.007902569790849504,0.027759829395031355
2470,54.70000000000386,-0.007903059494823162,0.027758078916272876
2471,54.71000000000386,-0.007903548393997524,0.027756331393512756
2472,54.720000000003864,-0.00790403649018564,0.02775458681999838
2473,54.73000000000387,-0.00790452378519529,0.027752845188996907
2474,54.74000000000387,-0.007905010280828996,0.027751106493795145
2475,54.750000000003865,-0.007905495978884035,0.027749370727699528
2476,54.76000000000387,-0.007905980881152457,0.027747637884036003
2477,54.770000000003876,-0.007906464989421127,0.02774590795615001
2478,54.780000000003874,-0.007906948305471707,0.02774418093740635
2479,54.79000000000387,-0.007907430831080708,0.02774245682118918
2480,54.80000000000388,-0.007907912568019487,0.0277407356009019
2481,54.81000000000388,-0.007908393518054278,0.027739017269967102
2482,54.82000000000388,-0.007908873682946193,0.02773730182182648
2483,54.83000000000388,-0.007909353064451273,0.02773558924994082
2484,54.84000000000388,-0.007909831664320466,0.027733879547789834
2485,54.85000000000389,-0.00791030948429967,0.027732172708872207
2486,54.860000000003886,-0.007910786526129752,0.027730468726705426
2487,54.870000000003884,-0.007911262791546548,0.027728767594825784
2488,54.88000000000389,-0.007911738282280903,0.027727069306788275
2489,54.890000000003894,-0.007912213000058677,0.027725373856166555
2490,54.90000000000389,-0.007912686946600758,0.027723681236552857
2491,54.91000000000389,-0.007913160123623085,0.02772199144155791
2492,54.920000000003895,-0.007913632532836674,0.027720304464810917
2493,54.9300000000039,-0.007914104175947623,0.027718620299959456
2494,54.9400000000039,-0.007914575054657131,0.027716938940669417
2495,54.9500000000039,-0.007915045170661526,0.02771526038062496
2496,54.9600000000039,-0.007915514525652263,0.02771358461352842
2497,54.97000000000391,-0.007915983121315964,0.027711911633100262
2498,54.980000000003905,-0.007916450959334416,0.027710241433079003
2499,54.9900000000039,-0.007916918041384603,0.027708574007221192
2500,55.00000000000391,-0.00791738436913871,0.027706909349301263
2501,55.01000000000391,-0.00791784994426415,0.02770524745311156
2502,55.02000000000391,-0.007918314768423576,0.02770358831246221
2503,55.03000000000391,-0.007918778843274887,0.02770193192118109
2504,55.040000000003914,-0.007919242170471278,0.027700278273113766
2505,55.05000000000392,-0.007919704751661217,0.027698627362123425
2506,55.06000000000392,-0.007920166588488486,0.027696979182090808
2507,55.070000000003915,-0.007920627682592192,0.027695333726914156
2508,55.08000000000392,-0.00792108803560678,0.027693690990509133
2509,55.090000000003926,-0.007921547649162046,0.027692050966808792
2510,55.100000000003924,-0.007922006524883167,0.027690413649763487
2511,55.11000000000392,-0.00792246466439072,0.02768877903334085
2512,55.12000000000393,-0.007922922069300651,0.02768714711152566
2513,55.13000000000393,-0.007923378741224365,0.027685517878319875
2514,55.14000000000393,-0.007923834681768686,0.027683891327742502
2515,55.15000000000393,-0.00792428989253589,0.02768226745382955
2516,55.16000000000393,-0.007924744375123735,0.027680646250634003
2517,55.17000000000394,-0.007925198131125447,0.027679027712225728
2518,55.180000000003936,-0.007925651162129767,0.02767741183269143
2519,55.190000000003934,-0.007926103469720945,0.02767579860613458
2520,55.20000000000394,-0.007926555055478762,0.027674188026675386
2521,55.210000000003944,-0.007927005920978553,0.027672580088450707
2522,55.22000000000394,-0.00792745606779121,0.027670974785613995
2523,55.23000000000394,-0.007927905497483205,0.027669372112335257
2524,55.240000000003946,-0.007928354211616603,0.027667772062800976
2525,55.25000000000395,-0.007928802211749084,0.02766617463121408
2526,55.26000000000395,-0.007929249499433938,0.027664579811793856
2527,55.27000000000395,-0.007929696076220114,0.027662987598775914
2528,55.28000000000395,-0.007930141943652196,0.02766139798641211
2529,55.29000000000396,-0.007930587103270458,0.027659810968970536
2530,55.300000000003955,-0.007931031556610837,0.027658226540735388
2531,55.31000000000395,-0.007931475305204988,0.02765664469600699
2532,55.32000000000396,-0.007931918350580266,0.027655065429101663
2533,55.33000000000396,-0.007932360694259764,0.027653488734351743
2534,55.34000000000396,-0.007932802337762317,0.02765191460610548
2535,55.35000000000396,-0.007933243282602519,0.027650343038726995
2536,55.360000000003964,-0.007933683530290734,0.02764877402659621
2537,55.37000000000397,-0.007934123082333116,0.027647207564108815
2538,55.38000000000397,-0.007934561940231621,0.027645643645676236
2539,55.390000000003965,-0.007935000105484024,0.0276440822657255
2540,55.40000000000397,-0.007935437579583923,0.027642523418699272
2541,55.410000000003976,-0.007935874364020773,0.027640967099055745
2542,55.420000000003974,-0.00793631046027988,0.02763941330126861
2543,55.43000000000397,-0.007936745869842424,0.027637862019826993
2544,55.44000000000398,-0.00793718059418548,0.027636313249235423
2545,55.45000000000398,-0.007937614634782018,0.027634766984013723
2546,55.46000000000398,-0.007938047993100925,0.027633223218697035
2547,55.47000000000398,-0.007938480670607023,0.027631681947835725
2548,55.48000000000398,-0.00793891266876107,0.027630143165995307
2549,55.49000000000399,-0.007939343989019788,0.027628606867756443
2550,55.500000000003986,-0.007939774632835869,0.027627073047714876
2551,55.510000000003984,-0.007940204601657988,0.027625541700481343
2552,55.52000000000399,-0.007940633896930824,0.02762401282068157
2553,55.530000000003994,-0.007941062520095063,0.027622486402956205
2554,55.54000000000399,-0.00794149047258742,0.02762096244196075
2555,55.55000000000399,-0.00794191775584065,0.027619440932365534
2556,55.560000000003996,-0.007942344371283563,0.02761792186885566
2557,55.570000000004,-0.007942770320341026,0.027616405246130925
2558,55.580000000004,-0.007943195604434,0.02761489105890582
2559,55.590000000004,-0.007943620224979532,0.027613379301909446
2560,55.600000000004,-0.007944044183390772,0.027611869969885454
2561,55.61000000000401,-0.007944467481076996,0.027610363057592038
2562,55.620000000004005,-0.007944890119443609,0.02760885855980184
2563,55.630000000004,-0.007945312099892163,0.02760735647130195
2564,55.64000000000401,-0.007945733423820375,0.027605856786893788
2565,55.65000000000401,-0.007946154092622122,0.027604359501393144
2566,55.66000000000401,-0.007946574107687475,0.027602864609630053
2567,55.67000000000401,-0.0079469934704027,0.027601372106448786
2568,55.680000000004014,-0.007947412182150268,0.027599881986707778
2569,55.69000000000402,-0.007947830244308889,0.027598394245279618
2570,55.70000000000402,-0.007948247658253488,0.027596908877050963
2571,55.710000000004015,-0.00794866442535526,0.02759542587692251
2572,55.72000000000402,-0.007949080546981641,0.02759394523980893
2573,55.730000000004026,-0.007949496024496362,0.02759246696063887
2574,55.740000000004024,-0.00794991085925942,0.02759099103435484
2575,55.75000000000402,-0.007950325052627124,0.027589517455913197
2576,55.76000000000403,-0.007950738605952088,0.02758804622028412
2577,55.77000000000403,-0.00795115152058326,0.027586577322451532
2578,55.78000000000403,-0.00795156379786591,0.027585110757413066
2579,55.79000000000403,-0.007951975439141664,0.02758364652018
2580,55.80000000000403,-0.007952386445748508,0.027582184605777264
2581,55.81000000000404,-0.0079527968190208,0.02758072500924333
2582,55.820000000004036,-0.007953206560289281,0.027579267725630213
2583,55.830000000004034,-0.007953615670881094,0.027577812750003403
2584,55.84000000000404,-0.007954024152119786,0.027576360077441825
2585,55.850000000004044,-0.007954432005325326,0.02757490970303779
2586,55.86000000000404,-0.00795483923181412,0.027573461621896955
2587,55.87000000000404,-0.00795524583289901,0.027572015829138298
2588,55.880000000004046,-0.007955651809889308,0.02757057231989405
2589,55.89000000000405,-0.007956057164090775,0.02756913108930962
2590,55.90000000000405,-0.007956461896805675,0.027567692132543627
2591,55.91000000000405,-0.007956866009332741,0.02756625544476779
2592,55.92000000000405,-0.007957269502967232,0.027564821021166936
2593,55.93000000000406,-0.007957672379000903,0.027563388856938917
2594,55.940000000004055,-0.007958074638722046,0.027561958947294563
2595,55.95000000000405,-0.007958476283415486,0.027560531287457675
2596,55.96000000000406,-0.007958877314362605,0.02755910587266497
2597,55.97000000000406,-0.007959277732841342,0.027557682698166018
2598,55.98000000000406,-0.0079596775401262,0.0275562617592232
2599,55.99000000000406,-0.00796007673748828,0.027554843051111718
2600,56.000000000004064,-0.007960475326195269,0.027553426569119473
2601,56.01000000000407,-0.007960873307511468,0.027552012308547095
2602,56.02000000000407,-0.00796127068269778,0.027550600264707837
2603,56.030000000004065,-0.007961667453011755,0.027549190432927587
2604,56.04000000000407,-0.007962063619707574,0.027547782808544804
2605,56.050000000004076,-0.007962459184036062,0.027546377386910455
2606,56.060000000004074,-0.007962854147244727,0.02754497416338804
2607,56.07000000000407,-0.007963248510577727,0.027543573133353465
2608,56.08000000000408,-0.007963642275275911,0.027542174292195062
2609,56.09000000000408,-0.00796403544257683,0.027540777635313516
2610,56.10000000000408,-0.007964428013714737,0.027539383158121856
2611,56.11000000000408,-0.007964819989920593,0.02753799085604539
2612,56.12000000000408,-0.007965211372422098,0.027536600724521663
2613,56.13000000000409,-0.00796560216244368,0.027535212759000418
2614,56.140000000004086,-0.007965992361206526,0.027533826954943587
2615,56.150000000004084,-0.007966381969928575,0.027532443307825213
2616,56.16000000000409,-0.007966770989824526,0.0275310618131314
2617,56.170000000004094,-0.007967159422105883,0.027529682466360356
2618,56.18000000000409,-0.007967547267980922,0.02752830526302224
2619,56.19000000000409,-0.007967934528654727,0.0275269301986392
2620,56.200000000004096,-0.00796832120532919,0.027525557268745313
2621,56.2100000000041,-0.007968707299203027,0.027524186468886533
2622,56.2200000000041,-0.007969092811471788,0.027522817794620676
2623,56.2300000000041,-0.007969477743327867,0.027521451241517378
2624,56.2400000000041,-0.007969862095960503,0.02752008680515801
2625,56.25000000000411,-0.007970245870555812,0.027518724481135723
2626,56.260000000004105,-0.00797062906829677,0.027517364265055334
2627,56.2700000000041,-0.007971011690363242,0.027516006152533336
2628,56.28000000000411,-0.00797139373793199,0.027514650139197825
2629,56.29000000000411,-0.007971775212176676,0.027513296220688495
2630,56.30000000000411,-0.007972156114267874,0.02751194439265658
2631,56.31000000000411,-0.007972536445373088,0.027510594650764816
2632,56.320000000004114,-0.007972916206656753,0.027509246990687426
2633,56.33000000000412,-0.00797329539928025,0.027507901408110047
2634,56.34000000000412,-0.007973674024401908,0.02750655789872972
2635,56.350000000004115,-0.007974052083177018,0.027505216458254836
2636,56.36000000000412,-0.00797442957675786,0.027503877082405138
2637,56.370000000004126,-0.007974806506293673,0.027502539766911607
2638,56.380000000004124,-0.007975182872930715,0.027501204507516534
2639,56.39000000000412,-0.007975558677812227,0.02749987129997336
2640,56.40000000000413,-0.007975933922078468,0.027498540140046743
2641,56.41000000000413,-0.007976308606866725,0.027497211023512484
2642,56.42000000000413,-0.007976682733311305,0.027495883946157467
2643,56.43000000000413,-0.007977056302543565,0.02749455890377965
2644,56.44000000000413,-0.00797742931569191,0.027493235892188037
2645,56.45000000000414,-0.007977801773881804,0.027491914907202628
2646,56.460000000004136,-0.007978173678235778,0.027490595944654358
2647,56.470000000004134,-0.007978545029873451,0.027489279000385152
2648,56.48000000000414,-0.007978915829911518,0.02748796407024775
2649,56.490000000004144,-0.007979286079463781,0.027486651150105814
2650,56.50000000000414,-0.007979655779641144,0.027485340235833794
2651,56.51000000000414,-0.007980024931551625,0.02748403132331692
2652,56.520000000004146,-0.007980393536300373,0.027482724408451224
2653,56.53000000000415,-0.00798076159498967,0.027481419487143395
2654,56.54000000000415,-0.00798112910871894,0.02748011655531086
2655,56.55000000000415,-0.007981496078584758,0.027478815608881664
2656,56.56000000000415,-0.007981862505680865,0.027477516643794477
2657,56.57000000000416,-0.007982228391098174,0.027476219655998564
2658,56.580000000004155,-0.007982593735924765,0.027474924641453714
2659,56.59000000000415,-0.007982958541245927,0.027473631596130255
2660,56.60000000000416,-0.007983322808144129,0.02747234051600898
2661,56.61000000000416,-0.00798368653769906,0.027471051397081152
2662,56.62000000000416,-0.007984049730987612,0.02746976423534842
2663,56.63000000000416,-0.007984412389083914,0.02746847902682284
2664,56.640000000004164,-0.007984774513059322,0.027467195767526802
2665,56.65000000000417,-0.007985136103982434,0.02746591445349303
2666,56.66000000000417,-0.007985497162919096,0.027464635080764497
2667,56.670000000004165,-0.007985857690932418,0.02746335764539446
2668,56.68000000000417,-0.007986217689082777,0.027462082143446385
2669,56.690000000004176,-0.007986577158427833,0.027460808570993925
2670,56.700000000004174,-0.007986936100022515,0.027459536924120877
2671,56.71000000000417,-0.007987294514919063,0.027458267198921173
2672,56.72000000000418,-0.00798765240416701,0.027456999391498822
2673,56.73000000000418,-0.007988009768813205,0.02745573349796789
2674,56.74000000000418,-0.007988366609901812,0.02745446951445249
2675,56.75000000000418,-0.007988722928474325,0.027453207437086697
2676,56.76000000000418,-0.007989078725569577,0.027451947262014574
2677,56.77000000000419,-0.007989434002223744,0.02745068898539011
2678,56.780000000004186,-0.007989788759470354,0.02744943260337718
2679,56.790000000004184,-0.007990142998340298,0.02744817811214955
2680,56.80000000000419,-0.007990496719861835,0.0274469255078908
2681,56.810000000004194,-0.007990849925060604,0.02744567478679433
2682,56.82000000000419,-0.00799120261495963,0.02744442594506332
2683,56.83000000000419,-0.00799155479057933,0.027443178978910687
2684,56.840000000004196,-0.007991906452937531,0.02744193388455906
2685,56.8500000000042,-0.007992257603049465,0.02744069065824076
2686,56.8600000000042,-0.007992608241927775,0.027439449296197745
2687,56.8700000000042,-0.007992958370582549,0.02743820979468162
2688,56.8800000000042,-0.007993307990021301,0.027436972149953574
2689,56.89000000000421,-0.007993657101248981,0.027435736358284345
2690,56.900000000004205,-0.007994005705268004,0.027434502415954225
2691,56.9100000000042,-0.007994353803078226,0.027433270319252995
2692,56.92000000000421,-0.007994701395676993,0.02743204006447991
2693,56.93000000000421,-0.007995048484059115,0.027430811647943684
2694,56.94000000000421,-0.007995395069216872,0.02742958506596243
2695,56.95000000000421,-0.007995741152140055,0.02742836031486364
2696,56.960000000004214,-0.007996086733815945,0.02742713739098419
2697,56.97000000000422,-0.00799643181522932,0.02742591629067025
2698,56.98000000000422,-0.00799677639736249,0.02742469701027731
2699,56.990000000004216,-0.007997120481195278,0.02742347954617012
2700,57.00000000000422,-0.00799746406770503,0.027422263894722666
2701,57.010000000004226,-0.007997807157866636,0.027421050052318156
2702,57.020000000004224,-0.007998149752652534,0.027419838015348967
2703,57.03000000000422,-0.007998491853032705,0.027418627780216642
2704,57.04000000000423,-0.0079988334599747,0.02741741934333184
2705,57.05000000000423,-0.007999174574443626,0.027416212701114325
2706,57.06000000000423,-0.007999515197402178,0.02741500784999292
2707,57.07000000000423,-0.00799985532981062,0.0274138047864055
2708,57.08000000000423,-0.008000194972626821,0.02741260350679895
2709,57.09000000000424,-0.008000534126806234,0.027411404007629134
2710,57.100000000004236,-0.008000872793301923,0.02741020628536087
2711,57.110000000004234,-0.008001210973064561,0.027409010336467917
2712,57.12000000000424,-0.008001548667042448,0.027407816157432936
2713,57.130000000004244,-0.008001885876181503,0.027406623744747456
2714,57.14000000000424,-0.00800222260142528,0.02740543309491184
2715,57.15000000000424,-0.008002558843714978,0.02740424420443529
2716,57.160000000004246,-0.00800289460398295,0.027403057069862676
2717,57.17000000000425,-0.008003229883172262,0.027401871687693584
2718,57.18000000000425,-0.008003564682223505,0.02740068805443693
2719,57.19000000000425,-0.008003899002074804,0.027399506166610903
2720,57.20000000000425,-0.008004232843630034,0.02739832602087443
2721,57.21000000000426,-0.008004566207829248,0.027397147613735906
2722,57.220000000004255,-0.008004899095597338,0.027395970941765498
2723,57.23000000000425,-0.008005231507856887,0.027394796001541988
2724,57.24000000000426,-0.008005563445528196,0.027393622789652742
2725,57.25000000000426,-0.008005894909529269,0.027392451302693677
2726,57.26000000000426,-0.008006225900775836,0.027391281537269222
2727,57.27000000000426,-0.008006556420181346,0.02739011348999231
2728,57.280000000004264,-0.008006886468656993,0.027388947157484363
2729,57.29000000000427,-0.008007216047111708,0.027387782536375246
2730,57.30000000000427,-0.00800754515645216,0.027386619623303222
2731,57.310000000004266,-0.008007873797582783,0.02738545841491499
2732,57.32000000000427,-0.008008201971405773,0.02738429890786558
2733,57.330000000004276,-0.008008529678821086,0.027383141098818394
2734,57.340000000004274,-0.008008856920726462,0.027381984984445145
2735,57.35000000000427,-0.008009183698017414,0.027380830561425835
2736,57.36000000000428,-0.008009510011587253,0.02737967782644875
2737,57.37000000000428,-0.008009835862327076,0.027378526776210405
2738,57.38000000000428,-0.008010161251125787,0.02737737740741553
2739,57.39000000000428,-0.008010486178870102,0.027376229716777077
2740,57.40000000000428,-0.008010810646444539,0.027375083701016125
2741,57.41000000000429,-0.008011134654731451,0.027373939356861922
2742,57.420000000004286,-0.00801145820461102,0.027372796681051845
2743,57.430000000004284,-0.00801178129696125,0.027371655670331334
2744,57.44000000000429,-0.008012103932658004,0.027370516321453934
2745,57.450000000004295,-0.008012426112574977,0.02736937863118121
2746,57.46000000000429,-0.008012747837583723,0.027368242596282746
2747,57.47000000000429,-0.008013069108553669,0.02736710821353615
2748,57.480000000004296,-0.008013389926352097,0.027365975479726985
2749,57.4900000000043,-0.008013710291844164,0.027364844391648754
2750,57.5000000000043,-0.008014030205892905,0.027363714946102888
2751,57.5100000000043,-0.008014349669359258,0.027362587139898753
2752,57.5200000000043,-0.008014668683102032,0.02736146096985352
2753,57.53000000000431,-0.008014987247977954,0.02736033643279229
2754,57.540000000004305,-0.008015305364841643,0.02735921352554794
2755,57.5500000000043,-0.008015623034545644,0.027358092244961184
2756,57.56000000000431,-0.008015940257940404,0.02735697258788049
2757,57.57000000000431,-0.008016257035874304,0.027355854551162108
2758,57.58000000000431,-0.008016573369193663,0.027354738131670022
2759,57.59000000000431,-0.008016889258742723,0.027353623326275913
2760,57.600000000004314,-0.008017204705363675,0.02735251013185915
2761,57.61000000000432,-0.008017519709896666,0.027351398545306785
2762,57.62000000000432,-0.008017834273179784,0.027350288563513514
2763,57.630000000004316,-0.008018148396049096,0.027349180183381627
2764,57.64000000000432,-0.008018462079338621,0.027348073401821018
2765,57.650000000004326,-0.008018775323880362,0.02734696821574918
2766,57.660000000004324,-0.008019088130504306,0.027345864622091157
2767,57.67000000000432,-0.008019400500038408,0.02734476261777947
2768,57.68000000000433,-0.00801971243330863,0.027343662199754197
2769,57.69000000000433,-0.008020023931138931,0.02734256336496289
2770,57.70000000000433,-0.008020334994351267,0.027341466110360552
2771,57.71000000000433,-0.008020645623765608,0.02734037043290962
2772,57.72000000000433,-0.008020955820199946,0.02733927632957998
2773,57.73000000000434,-0.008021265584470284,0.027338183797348873
2774,57.740000000004336,-0.008021574917390655,0.027337092833200932
2775,57.750000000004334,-0.008021883819773132,0.027336003434128148
2776,57.76000000000434,-0.008022192292427822,0.027334915597129823
2777,57.770000000004345,-0.008022500336162875,0.02733382931921257
2778,57.78000000000434,-0.008022807951784503,0.027332744597390317
2779,57.79000000000434,-0.008023115140096956,0.027331661428684196
2780,57.800000000004346,-0.008023421901902568,0.02733057981012264
2781,57.81000000000435,-0.008023728238001725,0.027329499738741273
2782,57.82000000000435,-0.00802403414919289,0.02732842121158291
2783,57.83000000000435,-0.008024339636272615,0.02732734422569757
2784,57.84000000000435,-0.008024644700035529,0.02732626877814242
2785,57.85000000000436,-0.008024949341274352,0.027325194865981745
2786,57.860000000004355,-0.008025253560779905,0.027324122486286958
2787,57.87000000000435,-0.008025557359341105,0.02732305163613656
2788,57.88000000000436,-0.008025860737744986,0.027321982312616143
2789,57.89000000000436,-0.00802616369677668,0.02732091451281831
2790,57.90000000000436,-0.008026466237219464,0.027319848233842745
2791,57.91000000000436,-0.008026768359854712,0.02731878347279609
2792,57.920000000004364,-0.00802707006546194,0.027317720226792016
2793,57.93000000000437,-0.008027371354818803,0.02731665849295113
2794,57.94000000000437,-0.008027672228701094,0.02731559826840102
2795,57.950000000004366,-0.00802797268788275,0.027314539550276174
2796,57.96000000000437,-0.008028272733135866,0.02731348233571801
2797,57.970000000004376,-0.008028572365230682,0.02731242662187479
2798,57.980000000004374,-0.00802887158493562,0.027311372405901695
2799,57.99000000000437,-0.008029170393017251,0.027310319684960727
2800,58.00000000000438,-0.008029468790240333,0.0273092684562207
2801,58.01000000000438,-0.008029766777367796,0.02730821871685725
2802,58.02000000000438,-0.008030064355160757,0.02730717046405281
2803,58.03000000000438,-0.008030361524378521,0.02730612369499656
2804,58.04000000000438,-0.008030658285778593,0.02730507840688442
2805,58.05000000000439,-0.008030954640116666,0.027304034596919047
2806,58.060000000004386,-0.008031250588146653,0.02730299226230982
2807,58.070000000004384,-0.00803154613062067,0.027301951400272778
2808,58.08000000000439,-0.008031841268289049,0.027300912008030646
2809,58.090000000004395,-0.008032136001900343,0.027299874082812776
2810,58.10000000000439,-0.008032430332201336,0.027298837621855174
2811,58.11000000000439,-0.008032724259937033,0.02729780262240043
2812,58.120000000004396,-0.00803301778585069,0.027296769081697737
2813,58.1300000000044,-0.008033310910683796,0.027295736997002874
2814,58.1400000000044,-0.008033603635176084,0.027294706365578136
2815,58.1500000000044,-0.008033895960065542,0.027293677184692364
2816,58.1600000000044,-0.008034187886088423,0.02729264945162093
2817,58.17000000000441,-0.008034479413979227,0.027291623163645678
2818,58.180000000004405,-0.008034770544470738,0.02729059831805495
2819,58.1900000000044,-0.008035061278293992,0.0272895749121435
2820,58.20000000000441,-0.008035351616178323,0.027288552943212568
2821,58.21000000000441,-0.008035641558851331,0.027287532408569785
2822,58.22000000000441,-0.008035931107038917,0.027286513305529204
2823,58.23000000000441,-0.008036220261465258,0.027285495631411232
2824,58.240000000004414,-0.008036509022852845,0.027284479383542663
2825,58.25000000000442,-0.008036797391922458,0.027283464559256627
2826,58.26000000000442,-0.008037085369393189,0.02728245115589256
2827,58.270000000004416,-0.008037372955982442,0.027281439170796243
2828,58.28000000000442,-0.00803766015240594,0.027280428601319733
2829,58.290000000004426,-0.008037946959377717,0.02727941944482133
2830,58.300000000004424,-0.008038233377610149,0.027278411698665628
2831,58.31000000000442,-0.00803851940781393,0.027277405360223442
2832,58.32000000000443,-0.008038805050698095,0.027276400426871787
2833,58.33000000000443,-0.008039090306970023,0.0272753968959939
2834,58.34000000000443,-0.00803937517733543,0.0272743947649792
2835,58.35000000000443,-0.008039659662498389,0.027273394031223235
2836,58.36000000000443,-0.00803994376316133,0.027272394692127746
2837,58.37000000000444,-0.008040227480025034,0.027271396745100575
2838,58.380000000004436,-0.008040510813788655,0.02727040018755567
2839,58.390000000004434,-0.008040793765149712,0.0272694050169131
2840,58.40000000000444,-0.0080410763348041,0.027268411230598973
2841,58.410000000004445,-0.008041358523446085,0.027267418826045473
2842,58.42000000000444,-0.008041640331768327,0.027266427800690843
2843,58.43000000000444,-0.008041921760461868,0.027265438151979293
2844,58.440000000004446,-0.008042202810216142,0.027264449877361114
2845,58.45000000000445,-0.008042483481718985,0.027263462974292517
2846,58.46000000000445,-0.008042763775656624,0.02726247744023573
2847,58.47000000000445,-0.0080430436927137,0.027261493272658914
2848,58.48000000000445,-0.008043323233573272,0.027260510469036176
2849,58.49000000000446,-0.008043602398916792,0.027259529026847532
2850,58.500000000004455,-0.008043881189424158,0.027258548943578917
2851,58.51000000000445,-0.008044159605773668,0.027257570216722135
2852,58.52000000000446,-0.008044437648642069,0.02725659284377488
2853,58.53000000000446,-0.008044715318704529,0.027255616822240675
2854,58.54000000000446,-0.008044992616634654,0.02725464214962889
2855,58.55000000000446,-0.008045269543104498,0.02725366882345473
2856,58.560000000004464,-0.008045546098784561,0.027252696841239175
2857,58.57000000000447,-0.008045822284343786,0.027251726200509016
2858,58.58000000000447,-0.00804609810044958,0.02725075689879679
2859,58.590000000004466,-0.008046373547767808,0.02724978893364081
2860,58.60000000000447,-0.00804664862696279,0.027248822302585095
2861,58.610000000004476,-0.008046923338697332,0.027247857003179436
2862,58.620000000004474,-0.008047197683632693,0.02724689303297927
2863,58.63000000000447,-0.008047471662428625,0.027245930389545765
2864,58.64000000000448,-0.00804774527574335,0.02724496907044573
2865,58.65000000000448,-0.008048018524233588,0.027244009073251668
2866,58.66000000000448,-0.008048291408554535,0.02724305039554168
2867,58.67000000000448,-0.008048563929359891,0.027242093034899526
2868,58.68000000000448,-0.00804883608730185,0.02724113698891454
2869,58.69000000000449,-0.008049107883031112,0.027240182255181673
2870,58.700000000004486,-0.008049379317196882,0.027239228831301445
2871,58.710000000004484,-0.008049650390446871,0.027238276714879935
2872,58.72000000000449,-0.00804992110342732,0.02723732590352878
2873,58.730000000004495,-0.008050191456782973,0.027236376394865116
2874,58.74000000000449,-0.008050461451157107,0.027235428186511614
2875,58.75000000000449,-0.008050731087191522,0.02723448127609645
2876,58.760000000004496,-0.008051000365526556,0.027233535661253257
2877,58.7700000000045,-0.008051269286801081,0.027232591339621155
2878,58.7800000000045,-0.008051537851652505,0.02723164830884471
2879,58.7900000000045,-0.00805180606071678,0.027230706566573927
2880,58.8000000000045,-0.00805207391462842,0.027229766110464234
2881,58.81000000000451,-0.008052341414020472,0.02722882693817644
2882,58.820000000004505,-0.008052608559524553,0.027227889047376774
2883,58.8300000000045,-0.008052875351770834,0.02722695243573683
2884,58.84000000000451,-0.008053141791388054,0.02722601710093356
2885,58.85000000000451,-0.008053407879003521,0.027225083040649255
2886,58.86000000000451,-0.00805367361524311,0.027224150252571556
2887,58.87000000000451,-0.008053939000731283,0.027223218734393394
2888,58.880000000004515,-0.008054204036091072,0.027222288483813015
2889,58.89000000000452,-0.0080544687219441,0.027221359498533958
2890,58.90000000000452,-0.008054733058910574,0.027220431776265007
2891,58.910000000004516,-0.008054997047609296,0.02721950531472022
2892,58.92000000000452,-0.008055260688657672,0.027218580111618904
2893,58.930000000004526,-0.00805552398267169,0.027217656164685557
2894,58.940000000004524,-0.008055786930265959,0.02721673347164993
2895,58.95000000000452,-0.008056049532053685,0.02721581203024695
2896,58.96000000000453,-0.008056311788646695,0.027214891838216727
2897,58.97000000000453,-0.008056573700655429,0.02721397289330454
2898,58.98000000000453,-0.008056835268688943,0.027213055193260848
2899,58.99000000000453,-0.008057096493354916,0.02721213873584118
2900,59.00000000000453,-0.008057357375259663,0.027211223518806272
2901,59.01000000000454,-0.008057617915008116,0.02721030953992191
2902,59.020000000004536,-0.008057878113203859,0.02720939679695902
2903,59.030000000004534,-0.008058137970449096,0.02720848528769358
2904,59.04000000000454,-0.008058397487344694,0.02720757500990665
2905,59.050000000004545,-0.008058656664490148,0.027206665961384335
2906,59.06000000000454,-0.00805891550248361,0.027205758139917786
2907,59.07000000000454,-0.008059174001921892,0.02720485154330319
2908,59.080000000004546,-0.008059432163400455,0.027203946169341724
2909,59.09000000000455,-0.008059689987513418,0.02720304201583958
2910,59.10000000000455,-0.00805994747485358,0.027202139080607934
2911,59.11000000000455,-0.00806020462601239,0.02720123736146292
2912,59.12000000000455,-0.008060461441579986,0.02720033685622565
2913,59.13000000000456,-0.00806071792214517,0.02719943756272215
2914,59.140000000004555,-0.008060974068295423,0.027198539478783392
2915,59.15000000000455,-0.008061229880616923,0.027197642602245272
2916,59.16000000000456,-0.008061485359694517,0.027196746930948573
2917,59.17000000000456,-0.008061740506111758,0.027195852462738975
2918,59.18000000000456,-0.00806199532045088,0.02719495919546703
2919,59.19000000000456,-0.008062249803292822,0.027194067126988155
2920,59.200000000004565,-0.008062503955217225,0.027193176255162602
2921,59.21000000000457,-0.008062757776802428,0.027192286577855482
2922,59.22000000000457,-0.008063011268625488,0.027191398092936712
2923,59.230000000004566,-0.00806326443126216,0.027190510798281005
2924,59.24000000000457,-0.00806351726528693,0.027189624691767895
2925,59.250000000004576,-0.008063769771272992,0.02718873977128169
2926,59.260000000004574,-0.008064021949792267,0.02718785603471145
2927,59.27000000000457,-0.008064273801415396,0.02718697347995101
2928,59.28000000000458,-0.008064525326711761,0.02718609210489894
2929,59.29000000000458,-0.008064776526249469,0.027185211907458543
2930,59.30000000000458,-0.008065027400595356,0.027184332885537826
2931,59.31000000000458,-0.008065277950315015,0.027183455037049522
2932,59.32000000000458,-0.008065528175972768,0.027182578359911034
2933,59.33000000000459,-0.008065778078131691,0.02718170285204445
2934,59.340000000004586,-0.008066027657353605,0.027180828511376525
2935,59.350000000004584,-0.008066276914199089,0.027179955335838665
2936,59.36000000000459,-0.008066525849227476,0.027179083323366916
2937,59.370000000004595,-0.00806677446299686,0.02717821247190195
2938,59.38000000000459,-0.0080670227560641,0.027177342779389057
2939,59.39000000000459,-0.008067270728984818,0.027176474243778115
2940,59.400000000004596,-0.00806751838231341,0.027175606863023605
2941,59.4100000000046,-0.008067765716603045,0.027174740635084585
2942,59.4200000000046,-0.008068012732405667,0.02717387555792467
2943,59.4300000000046,-0.008068259430272002,0.027173011629512016
2944,59.4400000000046,-0.008068505810751561,0.027172148847819353
2945,59.45000000000461,-0.008068751874392639,0.0271712872108239
2946,59.460000000004605,-0.008068997621742324,0.027170426716507417
2947,59.4700000000046,-0.008069243053346494,0.027169567362856147
2948,59.48000000000461,-0.008069488169749823,0.027168709147860827
2949,59.49000000000461,-0.008069732971495793,0.027167852069516687
2950,59.50000000000461,-0.008069977459126682,0.027166996125823403
2951,59.51000000000461,-0.008070221633183572,0.027166141314785116
2952,59.520000000004615,-0.008070465494206366,0.027165287634410413
2953,59.53000000000462,-0.008070709042733765,0.027164435082712282
2954,59.54000000000462,-0.008070952279303305,0.027163583657708178
2955,59.550000000004616,-0.008071195204451317,0.027162733357419904
2956,59.56000000000462,-0.008071437818712975,0.027161884179873697
2957,59.570000000004626,-0.008071680122622273,0.027161036123100165
2958,59.580000000004624,-0.00807192211671203,0.02716018918513429
2959,59.59000000000462,-0.008072163801513894,0.02715934336401537
2960,59.60000000000463,-0.00807240517755836,0.027158498657787127
2961,59.61000000000463,-0.008072646245374751,0.02715765506449755
2962,59.62000000000463,-0.008072887005491238,0.027156812582198993
2963,59.63000000000463,-0.008073127458434831,0.027155971208948085
2964,59.64000000000463,-0.00807336760473139,0.02715513094280578
2965,59.65000000000464,-0.008073607444905625,0.027154291781837314
2966,59.660000000004636,-0.008073846979481101,0.02715345372411219
2967,59.670000000004634,-0.00807408620898024,0.027152616767704196
2968,59.68000000000464,-0.008074325133924323,0.027151780910691342
2969,59.690000000004645,-0.008074563754833494,0.02715094615115592
2970,59.70000000000464,-0.008074802072226763,0.02715011248718442
2971,59.71000000000464,-0.008075040086622007,0.027149279916867535
2972,59.720000000004646,-0.00807527779853598,0.02714844843830024
2973,59.73000000000465,-0.008075515208484303,0.02714761804958162
2974,59.74000000000465,-0.008075752316981485,0.02714678874881499
2975,59.75000000000465,-0.008075989124540911,0.02714596053410785
2976,59.76000000000465,-0.008076225631674849,0.027145133403571817
2977,59.77000000000466,-0.008076461838894454,0.027144307355322694
2978,59.780000000004655,-0.008076697746709778,0.02714348238748044
2979,59.79000000000465,-0.008076933355629751,0.027142658498169093
2980,59.80000000000466,-0.008077168666162218,0.027141835685516848
2981,59.81000000000466,-0.008077403678813908,0.02714101394765599
2982,59.82000000000466,-0.008077638394090455,0.02714019328272291
2983,59.83000000000466,-0.008077872812496402,0.027139373688858083
2984,59.840000000004665,-0.008078106934535197,0.02713855516420604
2985,59.85000000000467,-0.008078340760709199,0.027137737706915403
2986,59.86000000000467,-0.008078574291519676,0.027136921315138823
2987,59.870000000004666,-0.008078807527466824,0.027136105987033025
2988,59.88000000000467,-0.008079040469049748,0.027135291720758726
2989,59.890000000004676,-0.008079273116766471,0.02713447851448068
2990,59.900000000004674,-0.008079505471113952,0.02713366636636766
2991,59.91000000000467,-0.008079737532588074,0.027132855274592426
2992,59.92000000000468,-0.008079969301683648,0.027132045237331724
2993,59.93000000000468,-0.00808020077889442,0.0271312362527663
2994,59.94000000000468,-0.008080431964713072,0.027130428319080833
2995,59.95000000000468,-0.008080662859631226,0.027129621434463982
2996,59.96000000000468,-0.008080893464139446,0.027128815597108346
2997,59.97000000000469,-0.008081123778727238,0.027128010805210462
2998,59.98000000000469,-0.00808135380388306,0.02712720705697079
2999,59.990000000004684,-0.008081583540094313,0.027126404350593696
3000,60.00000000000469,-0.008081812987847353,0.027125602684287462
3001,60.010000000004695,-0.008082042147627502,0.027124802056264264
3002,60.02000000000469,-0.00808227101991903,0.027124002464740164
3003,60.03000000000469,-0.008082499605205164,0.027123203907935076
3004,60.040000000004696,-0.008082727903968108,0.027122406384072803
3005,60.0500000000047,-0.008082955916689026,0.027121609891380988
3006,60.0600000000047,-0.008083183643848047,0.027120814428091115
3007,60.0700000000047,-0.008083411085924282,0.027120019992438522
3008,60.0800000000047,-0.008083638243395808,0.027119226582662335
3009,60.09000000000471,-0.008083865116739686,0.02711843419700552
3010,60.100000000004705,-0.008084091706431953,0.027117642833714834
3011,60.1100000000047,-0.008084318012947627,0.02711685249104082
3012,60.12000000000471,-0.008084544036760717,0.027116063167237817
3013,60.13000000000471,-0.008084769778344216,0.027115274860563927
3014,60.14000000000471,-0.008084995238170111,0.027114487569281025
3015,60.15000000000471,-0.008085220416709376,0.027113701291654715
3016,60.160000000004715,-0.008085445314431998,0.027112916025954385
3017,60.17000000000472,-0.008085669931806937,0.02711213177045312
3018,60.18000000000472,-0.008085894269302178,0.027111348523427732
3019,60.190000000004716,-0.008086118327384689,0.027110566283158756
3020,60.20000000000472,-0.008086342106520466,0.02710978504793043
3021,60.210000000004726,-0.008086565607174497,0.027109004816030683
3022,60.220000000004724,-0.008086788829810792,0.02710822558575113
3023,60.23000000000472,-0.00808701177489237,0.027107447355387063
3024,60.24000000000473,-0.008087234442881265,0.02710667012323742
3025,60.25000000000473,-0.00808745683423854,0.02710589388760483
3026,60.26000000000473,-0.00808767894942427,0.02710511864679553
3027,60.27000000000473,-0.008087900788897553,0.027104344399119414
3028,60.28000000000473,-0.00808812235311653,0.027103571142890005
3029,60.29000000000474,-0.008088343642538355,0.02710279887642443
3030,60.30000000000474,-0.008088564657619219,0.027102027598043435
3031,60.310000000004734,-0.008088785398814352,0.027101257306071366
3032,60.32000000000474,-0.008089005866578016,0.027100487998836135
3033,60.330000000004745,-0.008089226061363511,0.027099719674669263
3034,60.34000000000474,-0.008089445983623187,0.02709895233190582
3035,60.35000000000474,-0.008089665633808432,0.027098185968884456
3036,60.360000000004746,-0.00808988501236968,0.02709742058394735
3037,60.37000000000475,-0.00809010411975642,0.027096656175440246
3038,60.38000000000475,-0.008090322956417194,0.027095892741712407
3039,60.39000000000475,-0.00809054152279959,0.027095130281116618
3040,60.40000000000475,-0.008090759819350259,0.027094368792009195
3041,60.41000000000476,-0.008090977846514908,0.027093608272749946
3042,60.420000000004755,-0.00809119560473831,0.027092848721702173
3043,60.43000000000475,-0.008091413094464305,0.027092090137232676
3044,60.44000000000476,-0.008091630316135787,0.02709133251771173
3045,60.45000000000476,-0.008091847270194727,0.027090575861513075
3046,60.46000000000476,-0.008092063957082167,0.02708982016701391
3047,60.47000000000476,-0.00809228037723823,0.02708906543259491
3048,60.480000000004765,-0.0080924965311021,0.02708831165664015
3049,60.49000000000477,-0.008092712419112046,0.027087558837537162
3050,60.50000000000477,-0.008092928041705425,0.027086806973676922
3051,60.510000000004766,-0.008093143399318667,0.027086056063453785
3052,60.52000000000477,-0.008093358492387296,0.027085306105265532
3053,60.530000000004776,-0.008093573321345922,0.027084557097513364
3054,60.540000000004774,-0.008093787886628232,0.027083809038601806
3055,60.55000000000477,-0.008094002188667033,0.02708306192693884
3056,60.56000000000478,-0.008094216227894196,0.02708231576093577
3057,60.57000000000478,-0.008094430004740716,0.027081570539007286
3058,60.58000000000478,-0.008094643519636669,0.027080826259571415
3059,60.59000000000478,-0.008094856773011243,0.027080082921049558
3060,60.60000000000478,-0.008095069765292725,0.027079340521866422
3061,60.61000000000479,-0.00809528249690851,0.02707859906045006
3062,60.62000000000479,-0.008095494968285105,0.027077858535231848
3063,60.630000000004785,-0.008095707179848128,0.027077118944646466
3064,60.64000000000479,-0.0080959191320223,0.0270763802871319
3065,60.650000000004795,-0.008096130825231472,0.02707564256112942
3066,60.66000000000479,-0.008096342259898602,0.027074905765083604
3067,60.67000000000479,-0.008096553436445773,0.027074169897442296
3068,60.680000000004796,-0.008096764355294194,0.027073434956656605
3069,60.6900000000048,-0.00809697501686419,0.027072700941180916
3070,60.7000000000048,-0.008097185421575217,0.027071967849472835
3071,60.7100000000048,-0.008097395569845863,0.02707123567999326
3072,60.7200000000048,-0.008097605462093841,0.027070504431206274
3073,60.73000000000481,-0.008097815098736003,0.02706977410157923
3074,60.740000000004805,-0.008098024480188336,0.027069044689582683
3075,60.7500000000048,-0.008098233606865957,0.027068316193690378
3076,60.76000000000481,-0.008098442479183138,0.02706758861237932
3077,60.77000000000481,-0.008098651097553278,0.027066861944129647
3078,60.78000000000481,-0.008098859462388931,0.02706613618742472
3079,60.79000000000481,-0.008099067574101792,0.027065411340751064
3080,60.800000000004815,-0.008099275433102708,0.027064687402598386
3081,60.81000000000482,-0.008099483039801675,0.027063964371459547
3082,60.82000000000482,-0.008099690394607839,0.02706324224583056
3083,60.830000000004816,-0.00809989749792951,0.02706252102421059
3084,60.84000000000482,-0.008100104350174147,0.027061800705101956
3085,60.850000000004826,-0.00810031095174837,0.027061081287010066
3086,60.860000000004824,-0.008100517303057966,0.02706036276844348
3087,60.87000000000482,-0.008100723404507877,0.02705964514791387
3088,60.88000000000483,-0.008100929256502222,0.027058928423936025
3089,60.89000000000483,-0.008101134859444276,0.027058212595027806
3090,60.90000000000483,-0.00810134021373649,0.027057497659710175
3091,60.91000000000483,-0.008101545319780488,0.02705678361650719
3092,60.92000000000483,-0.008101750177977072,0.027056070463945977
3093,60.93000000000484,-0.008101954788726202,0.027055358200556705
3094,60.94000000000484,-0.008102159152427043,0.027054646824872644
3095,60.950000000004835,-0.008102363269477919,0.027053936335430094
3096,60.96000000000484,-0.00810256714027635,0.0270532267307684
3097,60.970000000004845,-0.00810277076521903,0.027052518009429944
3098,60.98000000000484,-0.008102974144701845,0.02705181016996013
3099,60.99000000000484,-0.008103177279119874,0.02705110321090741
3100,61.000000000004846,-0.008103380168867375,0.0270503971308232
3101,61.01000000000485,-0.008103582814337816,0.027049691928261982
3102,61.02000000000485,-0.008103785215923835,0.027048987601781177
3103,61.03000000000485,-0.008103987374017291,0.027048284149941253
3104,61.04000000000485,-0.008104189289009233,0.02704758157130562
3105,61.05000000000486,-0.008104390961289907,0.02704687986444068
3106,61.060000000004855,-0.008104592391248763,0.027046179027915795
3107,61.07000000000485,-0.008104793579274456,0.02704547906030329
3108,61.08000000000486,-0.008104994525754854,0.027044779960178462
3109,61.09000000000486,-0.008105195231077026,0.02704408172611953
3110,61.10000000000486,-0.008105395695627255,0.027043384356707653
3111,61.11000000000486,-0.008105595919791032,0.02704268785052693
3112,61.120000000004865,-0.008105795903953075,0.02704199220616438
3113,61.13000000000487,-0.008105995648497306,0.027041297422209953
3114,61.14000000000487,-0.008106195153806867,0.027040603497256475
3115,61.150000000004866,-0.008106394420264128,0.0270399104298997
3116,61.16000000000487,-0.008106593448250677,0.027039218218738267
3117,61.170000000004876,-0.008106792238147323,0.02703852686237371
3118,61.180000000004874,-0.008106990790334109,0.02703783635941043
3119,61.19000000000487,-0.008107189105190296,0.027037146708455705
3120,61.20000000000488,-0.008107387183094387,0.027036457908119683
3121,61.21000000000488,-0.00810758502442411,0.02703576995701538
3122,61.22000000000488,-0.008107782629556429,0.02703508285375863
3123,61.23000000000488,-0.00810797999886754,0.027034396596968154
3124,61.24000000000488,-0.008108177132732883,0.027033711185265482
3125,61.25000000000489,-0.008108374031527133,0.027033026617274965
3126,61.26000000000489,-0.008108570695624207,0.027032342891623807
3127,61.270000000004885,-0.008108767125397268,0.027031660006942005
3128,61.28000000000489,-0.008108963321218726,0.027030977961862376
3129,61.290000000004895,-0.008109159283460229,0.027030296755020528
3130,61.30000000000489,-0.008109355012492686,0.027029616385054883
3131,61.31000000000489,-0.008109550508686248,0.02702893685060663
3132,61.320000000004896,-0.008109745772410325,0.027028258150319746
3133,61.3300000000049,-0.008109940804033575,0.027027580282840986
3134,61.3400000000049,-0.008110135603923917,0.027026903246819865
3135,61.3500000000049,-0.008110330172448528,0.02702622704090867
3136,61.3600000000049,-0.008110524509973845,0.02702555166376242
3137,61.37000000000491,-0.008110718616865567,0.027024877114038903
3138,61.380000000004905,-0.008110912493488654,0.027024203390398634
3139,61.3900000000049,-0.008111106140207337,0.02702353049150487
3140,61.40000000000491,-0.008111299557385107,0.02702285841602357
3141,61.41000000000491,-0.008111492745384731,0.027022187162623452
3142,61.42000000000491,-0.008111685704568244,0.027021516729975915
3143,61.43000000000491,-0.008111878435296958,0.02702084711675507
3144,61.440000000004915,-0.008112070937931449,0.027020178321637736
3145,61.45000000000492,-0.008112263212831577,0.027019510343303414
3146,61.46000000000492,-0.008112455260356486,0.0270188431804343
3147,61.470000000004916,-0.008112647080864586,0.02701817683171526
3148,61.48000000000492,-0.008112838674713583,0.027017511295833845
3149,61.490000000004926,-0.008113030042260452,0.027016846571480256
3150,61.500000000004924,-0.008113221183861465,0.02701618265734736
3151,61.51000000000492,-0.008113412099872175,0.027015519552130687
3152,61.52000000000493,-0.008113602790647427,0.027014857254528398
3153,61.53000000000493,-0.00811379325654135,0.027014195763241298
3154,61.54000000000493,-0.008113983497907377,0.027013535076972826
3155,61.55000000000493,-0.008114173515098225,0.027012875194429062
3156,61.56000000000493,-0.008114363308465909,0.027012216114318678
3157,61.57000000000494,-0.00811455287836174,0.027011557835352983
3158,61.58000000000494,-0.008114742225136331,0.02701090035624588
3159,61.590000000004935,-0.008114931349139595,0.027010243675713884
3160,61.60000000000494,-0.00811512025072075,0.02700958779247608
3161,61.610000000004945,-0.008115308930228311,0.02700893270525418
3162,61.62000000000494,-0.008115497388010106,0.027008278412772452
3163,61.63000000000494,-0.00811568562441327,0.027007624913757747
3164,61.640000000004946,-0.008115873639784242,0.02700697220693947
3165,61.65000000000495,-0.008116061434468774,0.02700632029104962
3166,61.66000000000495,-0.008116249008811936,0.027005669164822717
3167,61.67000000000495,-0.008116436363158105,0.027005018826995856
3168,61.68000000000495,-0.008116623497850979,0.027004369276308667
3169,61.69000000000496,-0.00811681041323357,0.027003720511503317
3170,61.700000000004955,-0.008116997109648211,0.027003072531324508
3171,61.71000000000495,-0.00811718358743656,0.027002425334519475
3172,61.72000000000496,-0.00811736984693959,0.02700177891983795
3173,61.730000000004964,-0.008117555888497606,0.02700113328603221
3174,61.74000000000496,-0.008117741712450223,0.027000488431856994
3175,61.75000000000496,-0.008117927319136414,0.02699984435606959
3176,61.760000000004965,-0.008118112708894445,0.02699920105742974
3177,61.77000000000497,-0.008118297882061944,0.02699855853469971
3178,61.78000000000497,-0.008118482838975847,0.026997916786644226
3179,61.790000000004966,-0.00811866757997244,0.026997275812030493
3180,61.80000000000497,-0.008118852105387342,0.026996635609628193
3181,61.810000000004976,-0.008119036415555503,0.026995996178209473
3182,61.820000000004974,-0.008119220510811213,0.026995357516548926
3183,61.83000000000497,-0.00811940439148811,0.026994719623423615
3184,61.84000000000498,-0.008119588057919163,0.026994082497613033
3185,61.85000000000498,-0.008119771510436698,0.02699344613789913
3186,61.86000000000498,-0.008119954749372372,0.026992810543066268
3187,61.87000000000498,-0.008120137775057198,0.026992175711901264
3188,61.88000000000498,-0.008120320587821535,0.02699154164319334
3189,61.89000000000499,-0.008120503187995091,0.026990908335734136
3190,61.90000000000499,-0.008120685575906929,0.02699027578831772
3191,61.910000000004985,-0.008120867751885457,0.026989643999740544
3192,61.92000000000499,-0.00812104971625845,0.02698901296880147
3193,61.930000000004995,-0.008121231469353027,0.026988382694301753
3194,61.94000000000499,-0.00812141301149567,0.02698775317504503
3195,61.95000000000499,-0.008121594343012219,0.02698712440983732
3196,61.960000000004996,-0.00812177546422788,0.026986496397487035
3197,61.970000000005,-0.008121956375467212,0.02698586913680493
3198,61.980000000005,-0.00812213707705415,0.02698524262660416
3199,61.990000000005,-0.008122317569311978,0.026984616865700195
3200,62.000000000005,-0.008122497852563363,0.026983991852910897
3201,62.01000000000501,-0.00812267792713033,0.02698336758705646
3202,62.020000000005005,-0.008122857793334284,0.02698274406695942
3203,62.030000000005,-0.008123037451495988,0.02698212129144465
3204,62.04000000000501,-0.008123216901935586,0.02698149925933935
3205,62.050000000005014,-0.008123396144972598,0.02698087796947305
3206,62.06000000000501,-0.008123575180925914,0.026980257420677604
3207,62.07000000000501,-0.008123754010113808,0.026979637611787167
3208,62.080000000005015,-0.008123932632853926,0.02697901854163821
3209,62.09000000000502,-0.008124111049463303,0.02697840020906951
3210,62.10000000000502,-0.008124289260258346,0.026977782612922146
3211,62.110000000005016,-0.00812446726555486,0.026977165752039477
3212,62.12000000000502,-0.008124645065668007,0.026976549625267136
3213,62.130000000005026,-0.00812482266091237,0.026975934231453065
3214,62.140000000005024,-0.008125000051601895,0.02697531956944747
3215,62.15000000000502,-0.008125177238049926,0.026974705638102822
3216,62.16000000000503,-0.008125354220569201,0.026974092436273866
3217,62.17000000000503,-0.008125530999471843,0.026973479962817595
3218,62.18000000000503,-0.008125707575069372,0.026972868216593258
3219,62.19000000000503,-0.008125883947672701,0.026972257196462363
3220,62.20000000000503,-0.008126060117592145,0.02697164690128865
3221,62.21000000000504,-0.008126236085137413,0.026971037329938094
3222,62.22000000000504,-0.008126411850617604,0.026970428481278903
3223,62.230000000005035,-0.008126587414341236,0.02696982035418153
3224,62.24000000000504,-0.00812676277661622,0.026969212947518622
3225,62.250000000005045,-0.00812693793774987,0.02696860626016507
3226,62.26000000000504,-0.0081271128980489,0.026968000290997943
3227,62.27000000000504,-0.008127287657819447,0.02696739503889655
3228,62.280000000005046,-0.008127462217367034,0.026966790502742373
3229,62.29000000000505,-0.008127636576996604,0.02696618668141909
3230,62.30000000000505,-0.008127810737012521,0.02696558357381261
3231,62.31000000000505,-0.00812798469771854,0.02696498117881097
3232,62.32000000000505,-0.008128158459417847,0.02696437949530442
3233,62.33000000000506,-0.008128332022413032,0.026963778522185365
3234,62.340000000005055,-0.008128505387006104,0.0269631782583484
3235,62.35000000000505,-0.008128678553498494,0.02696257870269028
3236,62.36000000000506,-0.008128851522191045,0.02696197985410989
3237,62.370000000005064,-0.008129024293384024,0.026961381711508314
3238,62.38000000000506,-0.00812919686737712,0.02696078427378875
3239,62.39000000000506,-0.008129369244469442,0.02696018753985655
3240,62.400000000005065,-0.008129541424959532,0.02695959150861921
3241,62.41000000000507,-0.008129713409145343,0.02695899617898635
3242,62.42000000000507,-0.008129885197324266,0.02695840154986972
3243,62.430000000005066,-0.008130056789793118,0.0269578076201832
3244,62.44000000000507,-0.008130228186848146,0.026957214388842785
3245,62.450000000005076,-0.008130399388785028,0.02695662185476657
3246,62.460000000005074,-0.00813057039589887,0.02695603001687478
3247,62.47000000000507,-0.00813074120848422,0.02695543887408973
3248,62.48000000000508,-0.008130911826835053,0.026954848425335833
3249,62.49000000000508,-0.008131082251244788,0.02695425866953961
3250,62.50000000000508,-0.008131252482006272,0.026953669605629636
3251,62.51000000000508,-0.008131422519411803,0.02695308123253661
3252,62.52000000000508,-0.00813159236375311,0.026952493549193275
3253,62.53000000000509,-0.008131762015321368,0.02695190655453448
3254,62.54000000000509,-0.008131931474407193,0.02695132024749711
3255,62.550000000005085,-0.008132100741300646,0.02695073462702014
3256,62.56000000000509,-0.008132269816291232,0.026950149692044584
3257,62.570000000005095,-0.00813243869966791,0.026949565441513525
3258,62.58000000000509,-0.008132607391719074,0.026948981874372092
3259,62.59000000000509,-0.00813277589273258,0.02694839898956744
3260,62.600000000005096,-0.008132944202995733,0.0269478167860488
3261,62.6100000000051,-0.00813311232279528,0.026947235262767398
3262,62.6200000000051,-0.008133280252417432,0.026946654418676518
3263,62.6300000000051,-0.00813344799214785,0.02694607425273145
3264,62.6400000000051,-0.00813361554227165,0.026945494763889525
3265,62.65000000000511,-0.008133782903073412,0.02694491595111008
3266,62.660000000005105,-0.00813395007483716,0.026944337813354445
3267,62.6700000000051,-0.0081341170578464,0.026943760349585996
3268,62.68000000000511,-0.00813428385238407,0.026943183558770057
3269,62.690000000005114,-0.008134450458732598,0.026942607439874006
3270,62.70000000000511,-0.008134616877173857,0.026942031991867173
3271,62.71000000000511,-0.008134783107989192,0.02694145721372089
3272,62.720000000005115,-0.008134949151459415,0.02694088310440847
3273,62.73000000000512,-0.008135115007864803,0.026940309662905212
3274,62.74000000000512,-0.008135280677485094,0.026939736888188365
3275,62.750000000005116,-0.008135446160599509,0.02693916477923717
3276,62.76000000000512,-0.008135611457486735,0.02693859333503283
3277,62.770000000005126,-0.008135776568424928,0.026938022554558502
3278,62.780000000005124,-0.008135941493691713,0.026937452436799292
3279,62.79000000000512,-0.008136106233564203,0.02693688298074227
3280,62.80000000000513,-0.008136270788318977,0.026936314185376446
3281,62.81000000000513,-0.008136435158232092,0.026935746049692764
3282,62.82000000000513,-0.008136599343579083,0.026935178572684113
3283,62.83000000000513,-0.008136763344634968,0.02693461175334532
3284,62.84000000000513,-0.008136927161674244,0.02693404559067313
3285,62.85000000000514,-0.008137090794970884,0.026933480083666212
3286,62.86000000000514,-0.008137254244798352,0.02693291523132516
3287,62.870000000005135,-0.00813741751142959,0.02693235103265248
3288,62.88000000000514,-0.008137580595137034,0.02693178748665259
3289,62.890000000005145,-0.008137743496192593,0.026931224592331805
3290,62.90000000000514,-0.008137906214867678,0.026930662348698352
3291,62.91000000000514,-0.008138068751433178,0.026930100754762345
3292,62.920000000005146,-0.008138231106159476,0.026929539809535802
3293,62.93000000000515,-0.008138393279316451,0.02692897951203262
3294,62.94000000000515,-0.008138555271173463,0.02692841986126858
3295,62.95000000000515,-0.008138717081999374,0.026927860856261344
3296,62.96000000000515,-0.008138878712062545,0.026927302496030453
3297,62.97000000000516,-0.008139040161630823,0.02692674477959732
3298,62.980000000005155,-0.008139201430971554,0.02692618770598521
3299,62.99000000000515,-0.008139362520351584,0.026925631274219257
3300,63.00000000000516,-0.00813952343003726,0.026925075483326465
3301,63.010000000005164,-0.008139684160294428,0.02692452033233567
3302,63.02000000000516,-0.008139844711388436,0.02692396582027758
3303,63.03000000000516,-0.008140005083584137,0.02692341194618474
3304,63.040000000005165,-0.008140165277145875,0.026922858709091505
3305,63.05000000000517,-0.008140325292337523,0.026922306108034116
3306,63.06000000000517,-0.008140485129422434,0.02692175414205061
3307,63.070000000005166,-0.008140644788663488,0.02692120281018088
3308,63.08000000000517,-0.008140804270323064,0.026920652111466613
3309,63.090000000005176,-0.008140963574663056,0.02692010204495134
3310,63.100000000005174,-0.008141122701944859,0.02691955260968038
3311,63.11000000000517,-0.008141281652429392,0.026919003804700897
3312,63.12000000000518,-0.008141440426377076,0.026918455629061838
3313,63.13000000000518,-0.008141599024047859,0.02691790808181396
3314,63.14000000000518,-0.008141757445701187,0.026917361162009816
3315,63.15000000000518,-0.008141915691596035,0.02691681486870376
3316,63.16000000000518,-0.008142073761990895,0.02691626920095192
3317,63.17000000000519,-0.008142231657143768,0.026915724157812234
3318,63.18000000000519,-0.00814238937731219,0.026915179738344407
3319,63.190000000005185,-0.008142546922753199,0.026914635941609928
3320,63.20000000000519,-0.008142704293723367,0.026914092766672035
3321,63.210000000005195,-0.00814286149047879,0.026913550212595786
3322,63.22000000000519,-0.008143018513275074,0.026913008278447954
3323,63.23000000000519,-0.008143175362367371,0.026912466963297115
3324,63.240000000005196,-0.008143332038010345,0.026911926266213575
3325,63.2500000000052,-0.008143488540458186,0.0269113861862694
3326,63.2600000000052,-0.008143644869964614,0.02691084672253841
3327,63.2700000000052,-0.008143801026782888,0.026910307874096165
3328,63.2800000000052,-0.008143957011165784,0.026909769640019975
3329,63.29000000000521,-0.008144112823365617,0.02690923201938888
3330,63.300000000005205,-0.008144268463634231,0.02690869501128367
3331,63.3100000000052,-0.00814442393222301,0.02690815861478683
3332,63.32000000000521,-0.008144579229382859,0.0269076228289826
3333,63.330000000005214,-0.008144734355364235,0.026907087652956945
3334,63.34000000000521,-0.00814488931041712,0.026906553085797525
3335,63.35000000000521,-0.00814504409479104,0.026906019126593725
3336,63.360000000005215,-0.008145198708735053,0.026905485774436657
3337,63.37000000000522,-0.008145353152497769,0.026904953028419106
3338,63.38000000000522,-0.008145507426327319,0.02690442088763558
3339,63.390000000005216,-0.008145661530471398,0.026903889351182295
3340,63.40000000000522,-0.008145815465177232,0.026903358418157136
3341,63.410000000005226,-0.008145969230691589,0.026902828087659692
3342,63.420000000005224,-0.008146122827260788,0.02690229835879125
3343,63.43000000000522,-0.008146276255130692,0.026901769230654758
3344,63.44000000000523,-0.008146429514546707,0.026901240702354855
3345,63.45000000000523,-0.008146582605753799,0.026900712772997857
3346,63.46000000000523,-0.008146735528996469,0.026900185441691753
3347,63.47000000000523,-0.008146888284518771,0.026899658707546188
3348,63.480000000005234,-0.008147040872564319,0.026899132569672485
3349,63.49000000000524,-0.008147193293376268,0.026898607027183618
3350,63.50000000000524,-0.008147345547197333,0.026898082079194224
3351,63.510000000005235,-0.008147497634269783,0.026897557724820588
3352,63.52000000000524,-0.00814764955483544,0.02689703396318064
3353,63.530000000005245,-0.008147801309135677,0.026896510793393977
3354,63.54000000000524,-0.008147952897411437,0.026895988214581806
3355,63.55000000000524,-0.008148104319903208,0.02689546622586699
3356,63.560000000005246,-0.008148255576851043,0.02689494482637403
3357,63.57000000000525,-0.008148406668494559,0.026894424015229044
3358,63.58000000000525,-0.008148557595072927,0.026893903791559794
3359,63.59000000000525,-0.00814870835682488,0.02689338415449564
3360,63.60000000000525,-0.008148858953988716,0.026892865103167587
3361,63.61000000000526,-0.008149009386802308,0.026892346636708246
3362,63.620000000005255,-0.008149159655503072,0.02689182875425184
3363,63.63000000000525,-0.008149309760328006,0.026891311454934196
3364,63.64000000000526,-0.008149459701513671,0.026890794737892753
3365,63.650000000005264,-0.008149609479296193,0.026890278602266542
3366,63.66000000000526,-0.008149759093911272,0.026889763047196206
3367,63.67000000000526,-0.00814990854559417,0.026889248071823964
3368,63.680000000005265,-0.008150057834579732,0.026888733675293652
3369,63.69000000000527,-0.008150206961102361,0.02688821985675066
3370,63.70000000000527,-0.008150355925396043,0.026887706615341993
3371,63.710000000005266,-0.00815050472769433,0.026887193950216205
3372,63.72000000000527,-0.008150653368230353,0.026886681860523457
3373,63.730000000005276,-0.008150801847236823,0.026886170345415464
3374,63.740000000005274,-0.008150950164946014,0.026885659404045508
3375,63.75000000000527,-0.008151098321589789,0.026885149035568438
3376,63.76000000000528,-0.008151246317399588,0.02688463923914069
3377,63.77000000000528,-0.008151394152606427,0.026884130013920232
3378,63.78000000000528,-0.008151541827440899,0.026883621359066575
3379,63.79000000000528,-0.008151689342133187,0.026883113273740815
3380,63.800000000005284,-0.00815183669691305,0.02688260575710559
3381,63.81000000000529,-0.008151983892009829,0.026882098808325056
3382,63.82000000000529,-0.008152130927652454,0.026881592426564942
3383,63.830000000005285,-0.008152277804069439,0.026881086610992498
3384,63.84000000000529,-0.00815242452148888,0.026880581360776517
3385,63.850000000005295,-0.008152571080138457,0.026880076675087308
3386,63.86000000000529,-0.008152717480245448,0.026879572553096726
3387,63.87000000000529,-0.008152863722036713,0.026879068993978142
3388,63.880000000005296,-0.0081530098057387,0.026878565996906446
3389,63.8900000000053,-0.00815315573157745,0.02687806356105804
3390,63.9000000000053,-0.008153301499778593,0.026877561685610854
3391,63.9100000000053,-0.008153447110567355,0.026877060369744327
3392,63.9200000000053,-0.008153592564168552,0.02687655961263939
3393,63.93000000000531,-0.008153737860806592,0.026876059413478492
3394,63.940000000005305,-0.008153883000705485,0.02687555977144558
3395,63.9500000000053,-0.008154027984088827,0.0268750606857261
3396,63.96000000000531,-0.008154172811179819,0.026874562155506976
3397,63.970000000005314,-0.008154317482201258,0.026874064179976658
3398,63.98000000000531,-0.008154461997375528,0.02687356675832503
3399,63.99000000000531,-0.00815460635692463,0.02687306988974351
3400,64.00000000000531,-0.00815475056107016,0.026872573573424985
3401,64.01000000000532,-0.008154894610033301,0.026872077808563787
3402,64.02000000000533,-0.008155038504034855,0.026871582594355767
3403,64.03000000000532,-0.008155182243295223,0.026871087929998223
3404,64.04000000000532,-0.008155325828034403,0.026870593814689914
3405,64.05000000000533,-0.008155469258472001,0.026870100247631087
3406,64.06000000000532,-0.008155612534827232,0.026869607228023423
3407,64.07000000000532,-0.008155755657318913,0.02686911475507009
3408,64.08000000000533,-0.008155898626165468,0.02686862282797568
3409,64.09000000000533,-0.008156041441584928,0.026868131445946256
3410,64.10000000000534,-0.008156184103794943,0.02686764060818933
3411,64.11000000000533,-0.008156326613012755,0.026867150313913846
3412,64.12000000000533,-0.008156468969455237,0.026866660562330207
3413,64.13000000000534,-0.008156611173338853,0.026866171352650237
3414,64.14000000000533,-0.008156753224879694,0.026865682684087202
3415,64.15000000000533,-0.008156895124293457,0.026865194555855808
3416,64.16000000000534,-0.008157036871795453,0.026864706967172185
3417,64.17000000000534,-0.008157178467600616,0.026864219917253882
3418,64.18000000000535,-0.008157319911923483,0.026863733405319872
3419,64.19000000000534,-0.008157461204978216,0.026863247430590566
3420,64.20000000000535,-0.00815760234697859,0.026862761992287775
3421,64.21000000000535,-0.008157743338138006,0.026862277089634717
3422,64.22000000000534,-0.00815788417866947,0.02686179272185603
3423,64.23000000000535,-0.008158024868785621,0.02686130888817777
3424,64.24000000000535,-0.00815816540869871,0.026860825587827382
3425,64.25000000000536,-0.008158305798620619,0.026860342820033706
3426,64.26000000000536,-0.008158446038762838,0.026859860584027003
3427,64.27000000000535,-0.008158586129336495,0.026859378879038918
3428,64.28000000000536,-0.00815872607055233,0.026858897704302467
3429,64.29000000000536,-0.008158865862620717,0.026858417059052096
3430,64.30000000000535,-0.008159005505751644,0.026857936942523593
3431,64.31000000000536,-0.008159145000154744,0.026857457353954166
3432,64.32000000000536,-0.008159284346039256,0.026856978292582386
3433,64.33000000000537,-0.00815942354361406,0.026856499757648186
3434,64.34000000000538,-0.008159562593087663,0.026856021748392907
3435,64.35000000000537,-0.008159701494668199,0.026855544264059228
3436,64.36000000000537,-0.008159840248563432,0.02685506730389122
3437,64.37000000000538,-0.00815997885498076,0.0268545908671343
3438,64.38000000000537,-0.008160117314127214,0.026854114953035253
3439,64.39000000000537,-0.008160255626209449,0.026853639560842236
3440,64.40000000000538,-0.008160393791433768,0.026853164689804733
3441,64.41000000000538,-0.008160531810006092,0.02685269033917361
3442,64.42000000000539,-0.008160669682131994,0.026852216508201063
3443,64.43000000000538,-0.008160807408016668,0.026851743196140653
3444,64.44000000000538,-0.008160944987864953,0.026851270402247263
3445,64.45000000000539,-0.008161082421881325,0.026850798125777134
3446,64.46000000000538,-0.008161219710269898,0.026850326365987838
3447,64.47000000000538,-0.008161356853234417,0.026849855122138278
3448,64.48000000000539,-0.008161493850978281,0.026849384393488697
3449,64.4900000000054,-0.008161630703704521,0.02684891417930067
3450,64.5000000000054,-0.008161767411615811,0.02684844447883709
3451,64.51000000000539,-0.008161903974914462,0.026847975291362177
3452,64.5200000000054,-0.008162040393802441,0.026847506616141468
3453,64.5300000000054,-0.008162176668481347,0.026847038452441827
3454,64.54000000000539,-0.008162312799152428,0.026846570799531434
3455,64.5500000000054,-0.008162448786016574,0.026846103656679752
3456,64.5600000000054,-0.008162584629274324,0.02684563702315759
3457,64.57000000000541,-0.008162720329125869,0.026845170898237052
3458,64.58000000000541,-0.008162855885771033,0.026844705281191532
3459,64.5900000000054,-0.008162991299409303,0.02684424017129574
3460,64.60000000000541,-0.008163126570239808,0.02684377556782569
3461,64.61000000000541,-0.008163261698461328,0.026843311470058664
3462,64.6200000000054,-0.00816339668427229,0.02684284787727325
3463,64.63000000000541,-0.008163531527870782,0.026842384788749347
3464,64.64000000000541,-0.00816366622945453,0.026841922203768104
3465,64.65000000000542,-0.008163800789220929,0.026841460121611985
3466,64.66000000000543,-0.008163935207367011,0.026840998541564708
3467,64.67000000000542,-0.008164069484089476,0.026840537462911294
3468,64.68000000000542,-0.008164203619584674,0.026840076884938023
3469,64.69000000000543,-0.008164337614048604,0.02683961680693245
3470,64.70000000000542,-0.008164471467676933,0.02683915722818342
3471,64.71000000000542,-0.008164605180664981,0.026838698147981014
3472,64.72000000000543,-0.00816473875320772,0.02683823956561659
3473,64.73000000000543,-0.008164872185499788,0.02683778148038278
3474,64.74000000000544,-0.00816500547773548,0.026837323891573468
3475,64.75000000000543,-0.008165138630108745,0.026836866798483773
3476,64.76000000000543,-0.008165271642813212,0.026836410200410114
3477,64.77000000000544,-0.008165404516042146,0.026835954096650107
3478,64.78000000000543,-0.00816553724998849,0.026835498486502657
3479,64.79000000000543,-0.008165669844844852,0.026835043369267907
3480,64.80000000000544,-0.008165802300803495,0.026834588744247226
3481,64.81000000000545,-0.008165934618056345,0.026834134610743233
3482,64.82000000000545,-0.00816606679679501,0.026833680968059798
3483,64.83000000000544,-0.008166198837210741,0.026833227815502007
3484,64.84000000000545,-0.008166330739494472,0.02683277515237618
3485,64.85000000000545,-0.008166462503836795,0.026832322977989882
3486,64.86000000000544,-0.008166594130427977,0.026831871291651883
3487,64.87000000000545,-0.008166725619457952,0.0268314200926722
3488,64.88000000000545,-0.00816685697111632,0.02683096938036205
3489,64.89000000000546,-0.008166988185592354,0.026830519154033897
3490,64.90000000000546,-0.008167119263074993,0.02683006941300138
3491,64.91000000000545,-0.00816725020375286,0.026829620156579404
3492,64.92000000000546,-0.008167381007814231,0.026829171384084045
3493,64.93000000000546,-0.008167511675447076,0.0268287230948326
3494,64.94000000000545,-0.008167642206839023,0.026828275288143574
3495,64.95000000000546,-0.00816777260217738,0.026827827963336673
3496,64.96000000000546,-0.008167902861649132,0.02682738111973282
3497,64.97000000000547,-0.008168032985440932,0.0268269347566541
3498,64.98000000000548,-0.008168162973739117,0.02682648887342383
3499,64.99000000000547,-0.008168292826729703,0.026826043469366505
3500,65.00000000000547,-0.008168422544598373,0.02682559854380781
3501,65.01000000000548,-0.008168552127530499,0.026825154096074628
3502,65.02000000000547,-0.008168681575711123,0.026824710125495
3503,65.03000000000547,-0.008168810889324979,0.026824266631398187
3504,65.04000000000548,-0.008168940068556467,0.02682382361311461
3505,65.05000000000548,-0.008169069113589679,0.026823381069975876
3506,65.06000000000549,-0.008169198024608386,0.026822939001314768
3507,65.07000000000548,-0.008169326801796032,0.026822497406465223
3508,65.08000000000548,-0.008169455445335762,0.02682205628476237
3509,65.09000000000549,-0.008169583955410394,0.02682161563554251
3510,65.10000000000548,-0.008169712332202426,0.02682117545814309
3511,65.11000000000548,-0.00816984057589405,0.026820735751902722
3512,65.12000000000549,-0.008169968686667143,0.026820296516161198
3513,65.1300000000055,-0.008170096664703265,0.026819857750259465
3514,65.1400000000055,-0.008170224510183661,0.026819419453539595
3515,65.15000000000549,-0.008170352223289273,0.026818981625344858
3516,65.1600000000055,-0.008170479804200714,0.02681854426501963
3517,65.1700000000055,-0.00817060725309831,0.02681810737190948
3518,65.18000000000549,-0.008170734570162055,0.02681767094536109
3519,65.1900000000055,-0.00817086175557165,0.026817234984722296
3520,65.2000000000055,-0.008170988809506476,0.026816799489342083
3521,65.21000000000551,-0.008171115732145604,0.02681636445857056
3522,65.22000000000551,-0.008171242523667811,0.02681592989175899
3523,65.2300000000055,-0.008171369184251553,0.026815495788259744
3524,65.24000000000551,-0.008171495714074982,0.02681506214742635
3525,65.25000000000551,-0.008171622113315959,0.026814628968613464
3526,65.2600000000055,-0.008171748382152016,0.026814196251176852
3527,65.27000000000551,-0.0081718745207604,0.026813763994473407
3528,65.28000000000551,-0.008172000529318043,0.02681333219786116
3529,65.29000000000552,-0.008172126408001577,0.02681290086069925
3530,65.30000000000553,-0.008172252156987338,0.026812469982347934
3531,65.31000000000552,-0.008172377776451344,0.02681203956216858
3532,65.32000000000552,-0.008172503266569328,0.02681160959952367
3533,65.33000000000553,-0.008172628627516719,0.026811180093776813
3534,65.34000000000552,-0.008172753859468637,0.02681075104429271
3535,65.35000000000552,-0.00817287896259991,0.026810322450437164
3536,65.36000000000553,-0.008173003937085066,0.026809894311577084
3537,65.37000000000553,-0.008173128783098336,0.026809466627080492
3538,65.38000000000554,-0.008173253500813648,0.02680903939631649
3539,65.39000000000553,-0.00817337809040464,0.026808612618655296
3540,65.40000000000553,-0.008173502552044654,0.02680818629346821
3541,65.41000000000554,-0.008173626885906726,0.02680776042012762
3542,65.42000000000553,-0.008173751092163607,0.026807334998007016
3543,65.43000000000553,-0.00817387517098775,0.026806910026480956
3544,65.44000000000554,-0.008173999122551316,0.026806485504925107
3545,65.45000000000555,-0.008174122947026168,0.0268060614327162
3546,65.46000000000555,-0.008174246644583882,0.026805637809232057
3547,65.47000000000554,-0.00817437021539574,0.026805214633851566
3548,65.48000000000555,-0.008174493659632727,0.026804791905954712
3549,65.49000000000555,-0.008174616977465549,0.026804369624922525
3550,65.50000000000554,-0.00817474016906461,0.02680394779013713
3551,65.51000000000555,-0.008174863234600033,0.026803526400981714
3552,65.52000000000555,-0.008174986174241642,0.026803105456840517
3553,65.53000000000556,-0.008175108988158984,0.026802684957098866
3554,65.54000000000556,-0.008175231676521318,0.026802264901143142
3555,65.55000000000555,-0.008175354239497596,0.026801845288360767
3556,65.56000000000556,-0.00817547667725651,0.026801426118140258
3557,65.57000000000556,-0.00817559898996645,0.026801007389871147
3558,65.58000000000555,-0.008175721177795523,0.026800589102944056
3559,65.59000000000556,-0.00817584324091156,0.02680017125675064
3560,65.60000000000556,-0.008175965179482093,0.0267997538506836
3561,65.61000000000557,-0.008176086993674376,0.026799336884136684
3562,65.62000000000558,-0.008176208683655387,0.026798920356504694
3563,65.63000000000557,-0.008176330249591813,0.026798504267183478
3564,65.64000000000557,-0.008176451691650063,0.026798088615569905
3565,65.65000000000558,-0.008176573009996264,0.026797673401061897
3566,65.66000000000557,-0.00817669420479626,0.02679725862305841
3567,65.67000000000557,-0.008176815276215617,0.026796844280959436
3568,65.68000000000558,-0.008176936224419624,0.026796430374165982
3569,65.69000000000558,-0.008177057049573284,0.02679601690208011
3570,65.70000000000559,-0.008177177751841328,0.026795603864104896
3571,65.71000000000558,-0.008177298331388203,0.02679519125964443
3572,65.72000000000558,-0.008177418788378086,0.026794779088103852
3573,65.73000000000559,-0.008177539122974871,0.026794367348889302
3574,65.74000000000558,-0.008177659335342176,0.026793956041407944
3575,65.75000000000558,-0.008177779425643354,0.026793545165067968
3576,65.76000000000559,-0.008177899394041465,0.026793134719278557
3577,65.7700000000056,-0.008178019240699308,0.02679272470344993
3578,65.7800000000056,-0.008178138965779402,0.026792315116993305
3579,65.79000000000559,-0.008178258569444,0.026791905959320912
3580,65.8000000000056,-0.008178378051855069,0.02679149722984598
3581,65.8100000000056,-0.008178497413174318,0.026791088927982744
3582,65.82000000000559,-0.00817861665356317,0.026790681053146453
3583,65.8300000000056,-0.00817873577318279,0.026790273604753344
3584,65.8400000000056,-0.008178854772194072,0.026789866582220673
3585,65.85000000000561,-0.008178973650757622,0.026789459984966645
3586,65.86000000000561,-0.0081790924090338,0.026789053812410507
3587,65.8700000000056,-0.008179211047182682,0.026788648063972468
3588,65.88000000000561,-0.008179329565364078,0.02678824273907375
3589,65.89000000000561,-0.008179447963737539,0.026787837837136542
3590,65.9000000000056,-0.008179566242462334,0.026787433357584035
3591,65.91000000000561,-0.008179684401697482,0.026787029299840396
3592,65.92000000000561,-0.008179802441601717,0.026786625663330753
3593,65.93000000000562,-0.008179920362333526,0.026786222447481273
3594,65.94000000000563,-0.008180038164051117,0.02678581965171903
3595,65.95000000000562,-0.00818015584691244,0.02678541727547212
3596,65.96000000000562,-0.008180273411075177,0.026785015318169587
3597,65.97000000000563,-0.008180390856696751,0.026784613779241462
3598,65.98000000000562,-0.008180508183934322,0.026784212658118752
3599,65.99000000000562,-0.008180625392944781,0.026783811954233405
3600,66.00000000000563,-0.008180742483884765,0.02678341166701836
3601,66.01000000000563,-0.008180859456910643,0.026783011795907502
3602,66.02000000000564,-0.008180976312178534,0.026782612340335698
3603,66.03000000000563,-0.008181093049844278,0.02678221329973875
3604,66.04000000000563,-0.008181209670063477,0.02678181467355344
3605,66.05000000000564,-0.008181326172991454,0.02678141646121748
3606,66.06000000000563,-0.008181442558783288,0.026781018662169566
3607,66.07000000000563,-0.00818155882759379,0.026780621275849327
3608,66.08000000000564,-0.008181674979577521,0.026780224301697342
3609,66.09000000000565,-0.00818179101488878,0.026779827739155146
3610,66.10000000000565,-0.00818190693368161,0.0267794315876652
3611,66.11000000000564,-0.008182022736109797,0.026779035846670952
3612,66.12000000000565,-0.008182138422326875,0.026778640515616743
3613,66.13000000000565,-0.008182253992486122,0.026778245593947887
3614,66.14000000000564,-0.008182369446740556,0.026777851081110624
3615,66.15000000000565,-0.008182484785242949,0.026777456976552125
3616,66.16000000000565,-0.008182600008145814,0.026777063279720507
3617,66.17000000000566,-0.00818271511560141,0.026776669990064804
3618,66.18000000000566,-0.00818283010776175,0.026776277107035007
3619,66.19000000000565,-0.008182944984778588,0.026775884630082004
3620,66.20000000000566,-0.008183059746803431,0.026775492558657632
3621,66.21000000000566,-0.008183174393987535,0.026775100892214652
3622,66.22000000000565,-0.008183288926481902,0.026774709630206738
3623,66.23000000000566,-0.008183403344437281,0.026774318772088475
3624,66.24000000000567,-0.008183517648004188,0.026773928317315402
3625,66.25000000000567,-0.00818363183733287,0.026773538265343948
3626,66.26000000000568,-0.008183745912573336,0.026773148615631456
3627,66.27000000000567,-0.008183859873875345,0.026772759367636196
3628,66.28000000000567,-0.008183973721388408,0.026772370520817348
3629,66.29000000000568,-0.008184087455261791,0.026771982074635003
3630,66.30000000000567,-0.008184201075644512,0.02677159402855014
3631,66.31000000000567,-0.008184314582685339,0.02677120638202467
3632,66.32000000000568,-0.008184427976532807,0.0267708191345214
3633,66.33000000000568,-0.008184541257335191,0.02677043228550403
3634,66.34000000000569,-0.008184654425240532,0.02677004583443717
3635,66.35000000000568,-0.008184767480396619,0.02676965978078634
3636,66.36000000000568,-0.008184880422951003,0.02676927412401793
3637,66.37000000000569,-0.00818499325305099,0.02676888886359924
3638,66.38000000000568,-0.008185105970843645,0.026768503998998466
3639,66.39000000000568,-0.008185218576475792,0.026768119529684695
3640,66.40000000000569,-0.008185331070094008,0.02676773545512791
3641,66.4100000000057,-0.008185443451844632,0.02676735177479895
3642,66.4200000000057,-0.008185555721873766,0.02676696848816958
3643,66.43000000000569,-0.008185667880327265,0.026766585594712438
3644,66.4400000000057,-0.008185779927350749,0.026766203093901018
3645,66.4500000000057,-0.008185891863089597,0.02676582098520974
3646,66.46000000000569,-0.008186003687688955,0.026765439268113873
3647,66.4700000000057,-0.008186115401293714,0.026765057942089557
3648,66.4800000000057,-0.008186227004048552,0.026764677006613835
3649,66.49000000000571,-0.008186338496097886,0.0267642964611646
3650,66.50000000000571,-0.008186449877585914,0.026763916305220632
3651,66.5100000000057,-0.00818656114865659,0.02676353653826158
3652,66.52000000000571,-0.008186672309453628,0.026763157159767945
3653,66.53000000000571,-0.008186783360120515,0.026762778169221103
3654,66.5400000000057,-0.008186894300800497,0.026762399566103313
3655,66.55000000000571,-0.008187005131636591,0.026762021349897674
3656,66.56000000000572,-0.008187115852771577,0.02676164352008817
3657,66.57000000000572,-0.008187226464347998,0.026761266076159605
3658,66.58000000000573,-0.008187336966508169,0.026760889017597676
3659,66.59000000000572,-0.008187447359394171,0.02676051234388894
3660,66.60000000000572,-0.008187557643147853,0.026760136054520767
3661,66.61000000000573,-0.00818766781791083,0.026759760148981435
3662,66.62000000000572,-0.008187777883824491,0.026759384626760033
3663,66.63000000000572,-0.008187887841029988,0.026759009487346504
3664,66.64000000000573,-0.008187997689668247,0.026758634730231663
3665,66.65000000000573,-0.008188107429879962,0.02675826035490714
3666,66.66000000000574,-0.008188217061805602,0.026757886360865443
3667,66.67000000000573,-0.0081883265855854,0.026757512747599885
3668,66.68000000000573,-0.008188436001359364,0.026757139514604646
3669,66.69000000000574,-0.008188545309267279,0.026756766661374737
3670,66.70000000000573,-0.00818865450944869,0.026756394187406014
3671,66.71000000000573,-0.00818876360204293,0.026756022092195148
3672,66.72000000000574,-0.008188872587189094,0.026755650375239675
3673,66.73000000000575,-0.008188981465026052,0.026755279036037926
3674,66.74000000000575,-0.008189090235692458,0.02675490807408911
3675,66.75000000000574,-0.008189198899326726,0.026754537488893212
3676,66.76000000000575,-0.008189307456067057,0.026754167279951096
3677,66.77000000000575,-0.008189415906051422,0.02675379744676441
3678,66.78000000000574,-0.00818952424941757,0.02675342798883566
3679,66.79000000000575,-0.008189632486303026,0.02675305890566814
3680,66.80000000000575,-0.008189740616845088,0.02675269019676599
3681,66.81000000000576,-0.008189848641180839,0.02675232186163417
3682,66.82000000000576,-0.008189956559447133,0.026751953899778445
3683,66.83000000000575,-0.008190064371780608,0.026751586310705403
3684,66.84000000000576,-0.008190172078317676,0.026751219093922432
3685,66.85000000000576,-0.008190279679194529,0.02675085224893777
3686,66.86000000000575,-0.00819038717454714,0.02675048577526042
3687,66.87000000000576,-0.00819049456451126,0.02675011967240022
3688,66.88000000000577,-0.008190601849222424,0.026749753939867827
3689,66.89000000000577,-0.008190709028815944,0.02674938857717468
3690,66.90000000000578,-0.008190816103426911,0.026749023583833017
3691,66.91000000000577,-0.008190923073190207,0.026748658959355923
3692,66.92000000000577,-0.008191029938240488,0.026748294703257236
3693,66.93000000000578,-0.008191136698712197,0.02674793081505162
3694,66.94000000000577,-0.008191243354739551,0.026747567294254527
3695,66.95000000000577,-0.008191349906456567,0.026747204140382223
3696,66.96000000000578,-0.008191456353997031,0.02674684135295174
3697,66.97000000000578,-0.008191562697494518,0.02674647893148092
3698,66.98000000000579,-0.008191668937082388,0.026746116875488415
3699,66.99000000000578,-0.008191775072893787,0.026745755184493628
3700,67.00000000000578,-0.008191881105061647,0.02674539385801679
3701,67.01000000000579,-0.008191987033718682,0.02674503289557889
3702,67.02000000000578,-0.008192092858997397,0.02674467229670172
3703,67.03000000000578,-0.00819219858103008,0.026744312060907844
3704,67.04000000000579,-0.00819230419994881,0.026743952187720615
3705,67.0500000000058,-0.00819240971588545,0.026743592676664176
3706,67.0600000000058,-0.008192515128971652,0.026743233527263433
3707,67.07000000000579,-0.008192620439338858,0.026742874739044076
3708,67.0800000000058,-0.008192725647118301,0.026742516311532592
3709,67.0900000000058,-0.00819283075244099,0.02674215824425619
3710,67.10000000000579,-0.008192935755437744,0.026741800536742917
3711,67.1100000000058,-0.008193040656239159,0.026741443188521546
3712,67.1200000000058,-0.00819314545497562,0.02674108619912164
3713,67.13000000000581,-0.008193250151777314,0.026740729568073534
3714,67.14000000000581,-0.008193354746774205,0.0267403732949083
3715,67.1500000000058,-0.008193459240096061,0.026740017379157828
3716,67.16000000000581,-0.00819356363187244,0.026739661820354726
3717,67.17000000000581,-0.008193667922232683,0.026739306618032387
3718,67.1800000000058,-0.008193772111305933,0.026738951771724948
3719,67.19000000000581,-0.008193876199221127,0.026738597280967332
3720,67.20000000000582,-0.00819398018610699,0.026738243145295198
3721,67.21000000000582,-0.008194084072092045,0.02673788936424499
3722,67.22000000000583,-0.008194187857304608,0.026737535937353854
3723,67.23000000000582,-0.00819429154187279,0.026737182864159742
3724,67.24000000000582,-0.0081943951259245,0.026736830144201345
3725,67.25000000000583,-0.008194498609587438,0.02673647777701809
3726,67.26000000000582,-0.008194601992989102,0.02673612576215016
3727,67.27000000000582,-0.008194705276256788,0.02673577409913849
3728,67.28000000000583,-0.008194808459517589,0.02673542278752476
3729,67.29000000000583,-0.008194911542898397,0.026735071826851413
3730,67.30000000000584,-0.008195014526525893,0.026734721216661587
3731,67.31000000000583,-0.008195117410526564,0.026734370956499214
3732,67.32000000000583,-0.008195220195026696,0.026734021045908937
3733,67.33000000000584,-0.008195322880152369,0.026733671484436144
3734,67.34000000000583,-0.008195425466029466,0.026733322271626964
3735,67.35000000000583,-0.008195527952783669,0.026732973407028272
3736,67.36000000000584,-0.008195630340540458,0.026732624890187656
3737,67.37000000000585,-0.008195732629425113,0.02673227672065345
3738,67.38000000000585,-0.00819583481956272,0.026731928897974717
3739,67.39000000000584,-0.008195936911078167,0.026731581421701265
3740,67.40000000000585,-0.008196038904096129,0.02673123429138359
3741,67.41000000000585,-0.008196140798741099,0.026730887506572962
3742,67.42000000000584,-0.008196242595137366,0.026730541066821364
3743,67.43000000000585,-0.008196344293409024,0.02673019497168149
3744,67.44000000000585,-0.00819644589367997,0.02672984922070677
3745,67.45000000000586,-0.0081965473960739,0.026729503813451343
3746,67.46000000000586,-0.008196648800714315,0.02672915874947009
3747,67.47000000000585,-0.008196750107724525,0.026728814028318584
3748,67.48000000000586,-0.008196851317227642,0.026728469649553145
3749,67.49000000000586,-0.008196952429346583,0.026728125612730785
3750,67.50000000000585,-0.00819705344420407,0.02672778191740925
3751,67.51000000000586,-0.008197154361922627,0.02672743856314698
3752,67.52000000000587,-0.008197255182624598,0.026727095549503144
3753,67.53000000000587,-0.008197355906432112,0.026726752876037606
3754,67.54000000000588,-0.008197456533467123,0.026726410542310966
3755,67.55000000000587,-0.008197557063851385,0.0267260685478845
3756,67.56000000000587,-0.00819765749770646,0.026725726892320202
3757,67.57000000000588,-0.008197757835153715,0.026725385575180793
3758,67.58000000000587,-0.008197858076314332,0.02672504459602966
3759,67.59000000000587,-0.008197958221309297,0.02672470395443093
3760,67.60000000000588,-0.00819805827025941,0.026724363649949397
3761,67.61000000000588,-0.008198158223285271,0.02672402368215058
3762,67.62000000000589,-0.008198258080507299,0.02672368405060069
3763,67.63000000000588,-0.00819835784204572,0.026723344754866624
3764,67.64000000000588,-0.00819845750802057,0.02672300579451599
3765,67.65000000000589,-0.008198557078551693,0.026722667169117077
3766,67.66000000000588,-0.008198656553758751,0.026722328878238884
3767,67.67000000000588,-0.008198755933761216,0.026721990921451087
3768,67.68000000000589,-0.008198855218678367,0.02672165329832405
3769,67.6900000000059,-0.008198954408629295,0.02672131600842884
3770,67.7000000000059,-0.008199053503732916,0.02672097905133721
3771,67.71000000000589,-0.008199152504107942,0.02672064242662158
3772,67.7200000000059,-0.008199251409872911,0.026720306133855082
3773,67.7300000000059,-0.008199350221146174,0.026719970172611514
3774,67.74000000000589,-0.008199448938045886,0.026719634542465367
3775,67.7500000000059,-0.008199547560690024,0.026719299242991785
3776,67.7600000000059,-0.008199646089196379,0.02671896427376664
3777,67.77000000000591,-0.008199744523682558,0.026718629634366442
3778,67.78000000000591,-0.00819984286426598,0.02671829532436839
3779,67.7900000000059,-0.008199941111063893,0.026717961343350385
3780,67.80000000000591,-0.008200039264193337,0.02671762769089095
3781,67.81000000000591,-0.00820013732377119,0.026717294366569333
3782,67.8200000000059,-0.008200235289914138,0.026716961369965413
3783,67.83000000000591,-0.008200333162738686,0.02671662870065977
3784,67.84000000000592,-0.008200430942361154,0.02671629635823363
3785,67.85000000000592,-0.008200528628897684,0.026715964342268913
3786,67.86000000000593,-0.008200626222464237,0.026715632652348185
3787,67.87000000000592,-0.008200723723176586,0.026715301288054674
3788,67.88000000000592,-0.008200821131150325,0.02671497024897229
3789,67.89000000000593,-0.008200918446500878,0.026714639534685593
3790,67.90000000000592,-0.008201015669343474,0.026714309144779822
3791,67.91000000000592,-0.008201112799793171,0.026713979078840853
3792,67.92000000000593,-0.008201209837964843,0.026713649336455227
3793,67.93000000000593,-0.008201306783973187,0.026713319917210154
3794,67.94000000000594,-0.008201403637932722,0.026712990820693498
3795,67.95000000000593,-0.008201500399957786,0.026712662046493765
3796,67.96000000000593,-0.008201597070162539,0.026712333594200128
3797,67.97000000000594,-0.008201693648660966,0.02671200546340242
3798,67.98000000000593,-0.008201790135566869,0.026711677653691104
3799,67.99000000000594,-0.008201886530993881,0.026711350164657303
3800,68.00000000000594,-0.008201982835055448,0.0267110229958928
3801,68.01000000000595,-0.008202079047864847,0.026710696146989996
3802,68.02000000000595,-0.008202175169535175,0.026710369617541984
3803,68.03000000000594,-0.00820227120017936,0.02671004340714247
3804,68.04000000000595,-0.008202367139910136,0.026709717515385787
3805,68.05000000000595,-0.00820246298884009,0.026709391941866972
3806,68.06000000000594,-0.008202558747081605,0.02670906668618164
3807,68.07000000000595,-0.008202654414746916,0.026708741747926083
3808,68.08000000000595,-0.008202749991948062,0.026708417126697227
3809,68.09000000000596,-0.008202845478796923,0.026708092822092626
3810,68.10000000000596,-0.00820294087540519,0.02670776883371047
3811,68.11000000000595,-0.008203036181884399,0.026707445161149604
3812,68.12000000000596,-0.0082031313983459,0.026707121804009477
3813,68.13000000000596,-0.008203226524900875,0.0267067987618902
3814,68.14000000000595,-0.008203321561660332,0.026706476034392503
3815,68.15000000000596,-0.008203416508735116,0.02670615362111775
3816,68.16000000000597,-0.00820351136623588,0.026705831521667917
3817,68.17000000000597,-0.00820360613427313,0.026705509735645644
3818,68.18000000000598,-0.008203700812957182,0.026705188262654164
3819,68.19000000000597,-0.008203795402398193,0.026704867102297355
3820,68.20000000000597,-0.008203889902706143,0.026704546254179715
3821,68.21000000000598,-0.008203984313990843,0.026704225717906357
3822,68.22000000000597,-0.008204078636361937,0.02670390549308303
3823,68.23000000000597,-0.008204172869928904,0.026703585579316107
3824,68.24000000000598,-0.008204267014801035,0.026703265976212552
3825,68.25000000000598,-0.008204361071087478,0.026702946683379986
3826,68.26000000000599,-0.00820445503889719,0.02670262770042662
3827,68.27000000000598,-0.008204548918338977,0.02670230902696129
3828,68.28000000000598,-0.008204642709521471,0.02670199066259346
3829,68.29000000000599,-0.008204736412553128,0.02670167260693319
3830,68.30000000000598,-0.008204830027542246,0.02670135485959115
3831,68.31000000000599,-0.00820492355459696,0.02670103742017865
3832,68.32000000000599,-0.008205016993825226,0.026700720288307573
3833,68.330000000006,-0.008205110345334846,0.026700403463590445
3834,68.340000000006,-0.008205203609233446,0.026700086945640376
3835,68.35000000000599,-0.008205296785628495,0.0266997707340711
3836,68.360000000006,-0.008205389874627293,0.02669945482849695
3837,68.370000000006,-0.00820548287633697,0.02669913922853285
3838,68.38000000000599,-0.0082055757908645,0.026698823933794365
3839,68.390000000006,-0.008205668618316685,0.026698508943897612
3840,68.400000000006,-0.008205761358800169,0.02669819425845936
3841,68.41000000000601,-0.008205854012421432,0.02669787987709695
3842,68.42000000000601,-0.008205946579286782,0.026697565799428318
3843,68.430000000006,-0.008206039059502377,0.02669725202507202
3844,68.44000000000601,-0.008206131453174201,0.02669693855364718
3845,68.45000000000601,-0.008206223760408077,0.026696625384773538
3846,68.460000000006,-0.008206315981309673,0.026696312518071436
3847,68.47000000000601,-0.008206408115984493,0.026695999953161794
3848,68.48000000000602,-0.008206500164537871,0.02669568768966613
3849,68.49000000000602,-0.00820659212707498,0.026695375727206528
3850,68.50000000000603,-0.008206684003700854,0.02669506406540572
3851,68.51000000000602,-0.008206775794520336,0.026694752703886975
3852,68.52000000000602,-0.008206867499638122,0.02669444164227417
3853,68.53000000000603,-0.008206959119158759,0.02669413088019178
3854,68.54000000000602,-0.00820705065318661,0.026693820417264827
3855,68.55000000000602,-0.0082071421018259,0.026693510253118967
3856,68.56000000000603,-0.008207233465180683,0.0266932003873804
3857,68.57000000000603,-0.008207324743354859,0.026692890819675935
3858,68.58000000000604,-0.008207415936452165,0.02669258154963295
3859,68.59000000000603,-0.008207507044576184,0.026692272576879405
3860,68.60000000000603,-0.00820759806783034,0.026691963901043836
3861,68.61000000000604,-0.008207689006317895,0.02669165552175536
3862,68.62000000000603,-0.008207779860141958,0.02669134743864367
3863,68.63000000000604,-0.008207870629405482,0.026691039651339045
3864,68.64000000000604,-0.008207961314211256,0.026690732159472326
3865,68.65000000000605,-0.008208051914661922,0.02669042496267493
3866,68.66000000000605,-0.008208142430859955,0.02669011806057885
3867,68.67000000000604,-0.008208232862907684,0.026689811452816646
3868,68.68000000000605,-0.008208323210907278,0.026689505139021453
3869,68.69000000000605,-0.008208413474960749,0.026689199118826983
3870,68.70000000000604,-0.008208503655169954,0.026688893391867495
3871,68.71000000000605,-0.008208593751636597,0.02668858795777784
3872,68.72000000000605,-0.008208683764462228,0.02668828281619342
3873,68.73000000000606,-0.008208773693748237,0.026687977966750195
3874,68.74000000000606,-0.00820886353959587,0.026687673409084716
3875,68.75000000000605,-0.008208953302106208,0.026687369142834066
3876,68.76000000000606,-0.008209042981380189,0.02668706516763592
3877,68.77000000000606,-0.00820913257751859,0.026686761483128485
3878,68.78000000000605,-0.008209222090622035,0.02668645808895055
3879,68.79000000000606,-0.008209311520791004,0.026686154984741462
3880,68.80000000000607,-0.008209400868125816,0.026685852170141106
3881,68.81000000000607,-0.008209490132726642,0.026685549644789943
3882,68.82000000000608,-0.008209579314693497,0.026685247408328984
3883,68.83000000000607,-0.008209668414126245,0.026684945460399786
3884,68.84000000000607,-0.008209757431124612,0.026684643800644482
3885,68.85000000000608,-0.008209846365788153,0.026684342428705734
3886,68.86000000000607,-0.008209935218216283,0.026684041344226774
3887,68.87000000000607,-0.008210023988508269,0.02668374054685137
3888,68.88000000000608,-0.008210112676763217,0.026683440036223843
3889,68.89000000000608,-0.008210201283080096,0.02668313981198907
3890,68.90000000000609,-0.008210289807557718,0.026682839873792472
3891,68.91000000000608,-0.008210378250294744,0.02668254022128001
3892,68.92000000000608,-0.008210466611389697,0.02668224085409821
3893,68.93000000000609,-0.008210554890940934,0.0266819417718941
3894,68.94000000000608,-0.008210643089046678,0.026681642974315314
3895,68.95000000000609,-0.008210731205805,0.02668134446100998
3896,68.96000000000609,-0.00821081924131382,0.02668104623162678
3897,68.9700000000061,-0.008210907195670912,0.026680748285814942
3898,68.9800000000061,-0.008210995068973903,0.026680450623224227
3899,68.99000000000609,-0.008211082861320274,0.02668015324350494
3900,69.0000000000061,-0.008211170572807352,0.026679856146307926
3901,69.0100000000061,-0.008211258203532332,0.026679559331284564
3902,69.02000000000609,-0.008211345753592246,0.026679262798086748
3903,69.0300000000061,-0.008211433223083991,0.026678966546366943
3904,69.0400000000061,-0.008211520612104313,0.026678670575778118
3905,69.05000000000611,-0.008211607920749821,0.026678374885973802
3906,69.06000000000611,-0.008211695149116965,0.02667807947660803
3907,69.0700000000061,-0.008211782297302055,0.02667778434733537
3908,69.08000000000611,-0.008211869365401268,0.026677489497810934
3909,69.09000000000611,-0.00821195635351062,0.026677194927690356
3910,69.1000000000061,-0.00821204326172599,0.026676900636629797
3911,69.11000000000611,-0.008212130090143117,0.026676606624285944
3912,69.12000000000612,-0.008212216838857585,0.026676312890316006
3913,69.13000000000612,-0.008212303507964848,0.026676019434377734
3914,69.14000000000613,-0.00821239009756021,0.02667572625612938
3915,69.15000000000612,-0.00821247660773883,0.026675433355229726
3916,69.16000000000612,-0.008212563038595732,0.02667514073133809
3917,69.17000000000613,-0.008212649390225781,0.02667484838411429
3918,69.18000000000612,-0.00821273566272372,0.02667455631321867
3919,69.19000000000612,-0.008212821856184145,0.026674264518312108
3920,69.20000000000613,-0.008212907970701499,0.02667397299905598
3921,69.21000000000613,-0.008212994006370098,0.026673681755112196
3922,69.22000000000614,-0.008213079963284102,0.02667339078614316
3923,69.23000000000613,-0.008213165841537553,0.02667310009181182
3924,69.24000000000613,-0.008213251641224325,0.026672809671781615
3925,69.25000000000614,-0.008213337362438169,0.026672519525716504
3926,69.26000000000613,-0.008213423005272693,0.026672229653280963
3927,69.27000000000614,-0.008213508569821363,0.02667194005413997
3928,69.28000000000614,-0.008213594056177506,0.026671650727959025
3929,69.29000000000615,-0.00821367946443431,0.026671361674404124
3930,69.30000000000615,-0.008213764794684827,0.026671072893141797
3931,69.31000000000614,-0.008213850047021963,0.026670784383839047
3932,69.32000000000615,-0.00821393522153849,0.026670496146163403
3933,69.33000000000615,-0.008214020318327044,0.0266702081797829
3934,69.34000000000614,-0.008214105337480116,0.026669920484366075
3935,69.35000000000615,-0.00821419027909007,0.02666963305958198
3936,69.36000000000615,-0.008214275143249121,0.026669345905100134
3937,69.37000000000616,-0.008214359930049351,0.026669059020590604
3938,69.38000000000616,-0.008214444639582708,0.026668772405723934
3939,69.39000000000615,-0.008214529271941001,0.026668486060171165
3940,69.40000000000616,-0.0082146138272159,0.026668199983603855
3941,69.41000000000616,-0.00821469830549894,0.026667914175694023
3942,69.42000000000616,-0.008214782706881528,0.026667628636114254
3943,69.43000000000616,-0.008214867031454914,0.026667343364537542
3944,69.44000000000617,-0.008214951279310245,0.026667058360637465
3945,69.45000000000617,-0.008215035450538496,0.026666773624088015
3946,69.46000000000618,-0.008215119545226501,0.0266664891545662
3947,69.47000000000617,-0.00821520356347306,0.026666204951742115
3948,69.48000000000617,-0.008215287505368728,0.026665921015291253
3949,69.49000000000618,-0.008215371370995926,0.026665637344894553
3950,69.50000000000617,-0.008215455160448991,0.026665353940226035
3951,69.51000000000617,-0.008215538873818116,0.026665070800962674
3952,69.52000000000618,-0.008215622511193349,0.02666478792678195
3953,69.53000000000618,-0.00821570607266461,0.02666450531736181
3954,69.54000000000619,-0.008215789558321687,0.026664222972380698
3955,69.55000000000618,-0.00821587296825423,0.026663940891517537
3956,69.56000000000618,-0.008215956302551761,0.02666365907445176
3957,69.57000000000619,-0.008216039561303666,0.02666337752086324
3958,69.58000000000618,-0.0082161227445992,0.02666309623043236
3959,69.59000000000619,-0.008216205852527494,0.02666281520284001
3960,69.60000000000619,-0.008216288885177527,0.026662534437767497
3961,69.6100000000062,-0.00821637184263817,0.026662253934896674
3962,69.6200000000062,-0.008216454724998148,0.026661973693909827
3963,69.63000000000619,-0.008216537532346056,0.026661693714489742
3964,69.6400000000062,-0.00821662026477037,0.026661413996319706
3965,69.6500000000062,-0.008216702922359416,0.02666113453908341
3966,69.66000000000619,-0.00821678550520141,0.02666085534246511
3967,69.6700000000062,-0.008216868013384419,0.026660576406149467
3968,69.6800000000062,-0.008216950446996395,0.026660297729821664
3969,69.69000000000621,-0.008217032806125157,0.026660019313167336
3970,69.70000000000621,-0.008217115090858389,0.02665974115587258
3971,69.7100000000062,-0.008217197301283646,0.02665946325762399
3972,69.72000000000621,-0.00821727943748836,0.02665918561810862
3973,69.73000000000621,-0.008217361499559836,0.026658908237013994
3974,69.7400000000062,-0.008217443487585237,0.026658631114028088
3975,69.75000000000621,-0.008217525401651616,0.02665835424883939
3976,69.76000000000622,-0.008217607241845884,0.02665807764113681
3977,69.77000000000622,-0.008217689008254828,0.026657801290609753
3978,69.78000000000623,-0.008217770700965108,0.026657525196948077
3979,69.79000000000622,-0.008217852320063264,0.026657249359842115
3980,69.80000000000622,-0.008217933865635688,0.02665697377898264
3981,69.81000000000623,-0.008218015337768675,0.026656698454060924
3982,69.82000000000622,-0.008218096736548369,0.026656423384768684
3983,69.83000000000622,-0.008218178062060795,0.026656148570798094
3984,69.84000000000623,-0.008218259314391855,0.026655874011841788
3985,69.85000000000623,-0.008218340493627328,0.026655599707592886
3986,69.86000000000624,-0.008218421599852851,0.02665532565774492
3987,69.87000000000623,-0.008218502633153954,0.026655051861991925
3988,69.88000000000623,-0.00821858359361603,0.026654778320028372
3989,69.89000000000624,-0.008218664481324356,0.026654505031549203
3990,69.90000000000623,-0.008218745296364073,0.026654231996249785
3991,69.91000000000624,-0.008218826038820211,0.026653959213825986
3992,69.92000000000624,-0.008218906708777658,0.026653686683974075
3993,69.93000000000625,-0.008218987306321203,0.026653414406390838
3994,69.94000000000625,-0.00821906783153548,0.026653142380773442
3995,69.95000000000624,-0.008219148284505026,0.026652870606819576
3996,69.96000000000625,-0.008219228665314235,0.026652599084227315
3997,69.97000000000625,-0.008219308974047396,0.026652327812695248
3998,69.98000000000624,-0.008219389210788656,0.026652056791922358
3999,69.99000000000625,-0.008219469375622056,0.02665178602160811
4000,70.00000000000625,-0.008219549468631498,0.0266515155014524
4001,70.01000000000626,-0.008219629489900777,0.026651245231155588
4002,70.02000000000626,-0.00821970943951356,0.026650975210418464
4003,70.03000000000625,-0.008219789317553385,0.026650705438942268
4004,70.04000000000626,-0.008219869124103678,0.026650435916428693
4005,70.05000000000626,-0.008219948859247737,0.02665016664257986
4006,70.06000000000626,-0.00822002852306874,0.02664989761709835
4007,70.07000000000626,-0.00822010811564975,0.026649628839687176
4008,70.08000000000627,-0.008220187637073703,0.026649360310049792
4009,70.09000000000627,-0.00822026708742341,0.0266490920278901
4010,70.10000000000628,-0.008220346466781573,0.026648823992912442
4011,70.11000000000627,-0.008220425775230765,0.026648556204821577
4012,70.12000000000627,-0.008220505012853437,0.026648288663322726
4013,70.13000000000628,-0.008220584179731929,0.02664802136812155
4014,70.14000000000627,-0.008220663275948456,0.026647754318924147
4015,70.15000000000627,-0.008220742301585116,0.026647487515437017
4016,70.16000000000628,-0.008220821256723881,0.026647220957367136
4017,70.17000000000628,-0.008220900141446613,0.026646954644421888
4018,70.18000000000629,-0.008220978955835052,0.02664668857630912
4019,70.19000000000628,-0.008221057699970814,0.026646422752737067
4020,70.20000000000628,-0.008221136373935406,0.02664615717341445
4021,70.21000000000629,-0.008221214977810207,0.02664589183805037
4022,70.22000000000628,-0.008221293511676487,0.026645626746354394
4023,70.23000000000629,-0.00822137197561539,0.026645361898036502
4024,70.24000000000629,-0.008221450369707953,0.02664509729280712
4025,70.2500000000063,-0.00822152869403508,0.026644832930377067
4026,70.2600000000063,-0.008221606948677577,0.02664456881045764
4027,70.27000000000629,-0.008221685133716112,0.02664430493276051
4028,70.2800000000063,-0.008221763249231257,0.026644041296997812
4029,70.2900000000063,-0.00822184129530345,0.026643777902882096
4030,70.30000000000629,-0.00822191927201303,0.026643514750126333
4031,70.3100000000063,-0.008221997179440195,0.026643251838443904
4032,70.3200000000063,-0.008222075017665054,0.026642989167548644
4033,70.33000000000631,-0.008222152786767587,0.026642726737154794
4034,70.34000000000631,-0.008222230486827659,0.02664246454697701
4035,70.3500000000063,-0.008222308117925015,0.026642202596730367
4036,70.36000000000631,-0.008222385680139298,0.026641940886130384
4037,70.37000000000631,-0.008222463173550017,0.02664167941489296
4038,70.3800000000063,-0.008222540598236594,0.02664141818273447
4039,70.39000000000631,-0.008222617954278312,0.02664115718937165
4040,70.40000000000632,-0.008222695241754344,0.02664089643452167
4041,70.41000000000632,-0.00822277246074376,0.026640635917902136
4042,70.42000000000633,-0.008222849611325503,0.026640375639231047
4043,70.43000000000632,-0.008222926693578408,0.026640115598226825
4044,70.44000000000632,-0.008223003707581202,0.026639855794608307
4045,70.45000000000633,-0.008223080653412486,0.026639596228094746
4046,70.46000000000632,-0.008223157531150759,0.026639336898405794
4047,70.47000000000632,-0.008223234340874403,0.02663907780526153
4048,70.48000000000633,-0.008223311082661689,0.026638818948382447
4049,70.49000000000633,-0.008223387756590764,0.026638560327489413
4050,70.50000000000634,-0.008223464362739689,0.02663830194230377
4051,70.51000000000633,-0.008223540901186379,0.026638043792547195
4052,70.52000000000633,-0.008223617372008662,0.026637785877941828
4053,70.53000000000634,-0.00822369377528425,0.026637528198210213
4054,70.54000000000633,-0.008223770111090734,0.02663727075307526
4055,70.55000000000634,-0.008223846379505604,0.02663701354226032
4056,70.56000000000634,-0.008223922580606226,0.026636756565489136
4057,70.57000000000635,-0.008223998714469875,0.026636499822485882
4058,70.58000000000635,-0.008224074781173693,0.02663624331297508
4059,70.59000000000634,-0.00822415078079473,0.026635987036681717
4060,70.60000000000635,-0.008224226713409912,0.026635730993331136
4061,70.61000000000635,-0.00822430257909606,0.026635475182649113
4062,70.62000000000634,-0.008224378377929888,0.026635219604361802
4063,70.63000000000635,-0.008224454109987997,0.02663496425819578
4064,70.64000000000635,-0.008224529775346875,0.026634709143877992
4065,70.65000000000636,-0.00822460537408291,0.026634454261135823
4066,70.66000000000636,-0.008224680906272368,0.026634199609697016
4067,70.67000000000635,-0.008224756371991417,0.026633945189289746
4068,70.68000000000636,-0.008224831771316115,0.026633690999642568
4069,70.69000000000636,-0.0082249071043224,0.026633437040484414
4070,70.70000000000636,-0.008224982371086117,0.026633183311544656
4071,70.71000000000636,-0.008225057571682992,0.026632929812553024
4072,70.72000000000637,-0.008225132706188647,0.02663267654323966
4073,70.73000000000637,-0.008225207774678594,0.026632423503335088
4074,70.74000000000638,-0.008225282777228242,0.026632170692570237
4075,70.75000000000637,-0.008225357713912883,0.026631918110676413
4076,70.76000000000637,-0.00822543258480771,0.026631665757385323
4077,70.77000000000638,-0.008225507389987806,0.026631413632429067
4078,70.78000000000637,-0.008225582129528146,0.026631161735540133
4079,70.79000000000637,-0.008225656803503609,0.026630910066451404
4080,70.80000000000638,-0.008225731411988943,0.026630658624896126
4081,70.81000000000638,-0.008225805955058814,0.02663040741060797
4082,70.82000000000639,-0.00822588043278777,0.026630156423320953
4083,70.83000000000638,-0.008225954845250252,0.026629905662769522
4084,70.84000000000638,-0.0082260291925206,0.026629655128688475
4085,70.85000000000639,-0.008226103474673044,0.02662940482081302
4086,70.86000000000638,-0.008226177691781713,0.02662915473887873
4087,70.87000000000639,-0.00822625184392063,0.026628904882621582
4088,70.88000000000639,-0.008226325931163707,0.0266286552517779
4089,70.8900000000064,-0.008226399953584757,0.026628405846084446
4090,70.9000000000064,-0.008226473911257482,0.026628156665278315
4091,70.91000000000639,-0.00822654780425549,0.026627907709097003
4092,70.9200000000064,-0.00822662163265227,0.026627658977278375
4093,70.9300000000064,-0.008226695396521223,0.02662741046956071
4094,70.94000000000639,-0.008226769095935635,0.02662716218568262
4095,70.9500000000064,-0.008226842730968686,0.026626914125383132
4096,70.9600000000064,-0.008226916301693466,0.02662666628840163
4097,70.97000000000641,-0.008226989808182941,0.026626418674477872
4098,70.98000000000641,-0.008227063250509998,0.02662617128335203
4099,70.9900000000064,-0.00822713662874739,0.026625924114764575
4100,71.00000000000641,-0.0082272099429678,0.026625677168456447
4101,71.01000000000641,-0.008227283193243786,0.026625430444168898
4102,71.0200000000064,-0.008227356379647815,0.02662518394164358
4103,71.03000000000641,-0.008227429502252236,0.02662493766062248
4104,71.04000000000642,-0.008227502561129318,0.026624691600848027
4105,71.05000000000642,-0.008227575556351206,0.026624445762062958
4106,71.06000000000643,-0.00822764848798996,0.026624200144010412
4107,71.07000000000642,-0.00822772135611753,0.026623954746433903
4108,71.08000000000642,-0.008227794160805763,0.026623709569077288
4109,71.09000000000643,-0.008227866902126407,0.026623464611684817
4110,71.10000000000642,-0.00822793958015111,0.026623219874001094
4111,71.11000000000642,-0.00822801219495142,0.026622975355771118
4112,71.12000000000643,-0.008228084746598774,0.026622731056740213
4113,71.13000000000643,-0.008228157235164521,0.026622486976654106
4114,71.14000000000644,-0.008228229660719906,0.02662224311525888
4115,71.15000000000643,-0.008228302023336067,0.02662199947230097
4116,71.16000000000643,-0.008228374323084054,0.026621756047527208
4117,71.17000000000644,-0.0082284465600348,0.02662151284068474
4118,71.18000000000643,-0.00822851873425915,0.026621269851521114
4119,71.19000000000644,-0.008228590845827853,0.02662102707978425
4120,71.20000000000644,-0.008228662894811545,0.0266207845252224
4121,71.21000000000645,-0.008228734881280774,0.02662054218758418
4122,71.22000000000645,-0.00822880680530598,0.026620300066618592
4123,71.23000000000644,-0.008228878666957512,0.02662005816207498
4124,71.24000000000645,-0.008228950466305613,0.026619816473703047
4125,71.25000000000645,-0.008229022203420434,0.026619575001252865
4126,71.26000000000644,-0.008229093878372024,0.026619333744474862
4127,71.27000000000645,-0.00822916549123033,0.026619092703119813
4128,71.28000000000645,-0.008229237042065208,0.026618851876938857
4129,71.29000000000646,-0.008229308530946415,0.026618611265683517
4130,71.30000000000646,-0.008229379957943601,0.026618370869105627
4131,71.31000000000645,-0.008229451323126327,0.02661813068695739
4132,71.32000000000646,-0.008229522626564057,0.02661789071899139
4133,71.33000000000646,-0.00822959386832615,0.02661765096496053
4134,71.34000000000646,-0.008229665048481875,0.02661741142461809
4135,71.35000000000646,-0.008229736167100404,0.026617172097717714
4136,71.36000000000647,-0.008229807224250804,0.026616932984013346
4137,71.37000000000647,-0.008229878220002058,0.026616694083259344
4138,71.38000000000648,-0.008229949154423034,0.026616455395210376
4139,71.39000000000647,-0.00823002002758253,0.02661621691962149
4140,71.40000000000647,-0.008230090839549219,0.02661597865624805
4141,71.41000000000648,-0.008230161590391695,0.026615740604845797
4142,71.42000000000647,-0.008230232280178457,0.026615502765170815
4143,71.43000000000647,-0.0082303029089779,0.026615265136979538
4144,71.44000000000648,-0.008230373476858326,0.026615027720028724
4145,71.45000000000648,-0.008230443983887947,0.02661479051407552
4146,71.46000000000649,-0.00823051443013487,0.026614553518877395
4147,71.47000000000648,-0.008230584815667115,0.026614316734192147
4148,71.48000000000648,-0.008230655140552604,0.026614080159777953
4149,71.49000000000649,-0.008230725404859165,0.026613843795393326
4150,71.50000000000648,-0.008230795608654532,0.026613607640797107
4151,71.51000000000649,-0.00823086575200634,0.026613371695748494
4152,71.52000000000649,-0.008230935834982134,0.02661313596000702
4153,71.5300000000065,-0.008231005857649363,0.026612900433332573
4154,71.5400000000065,-0.008231075820075383,0.026612665115485372
4155,71.55000000000649,-0.00823114572232746,0.026612430006225988
4156,71.5600000000065,-0.00823121556447276,0.026612195105315314
4157,71.5700000000065,-0.008231285346578354,0.026611960412514596
4158,71.58000000000649,-0.008231355068711229,0.026611725927585424
4159,71.5900000000065,-0.008231424730938273,0.026611491650289726
4160,71.6000000000065,-0.008231494333326275,0.026611257580389742
4161,71.61000000000651,-0.008231563875941941,0.026611023717648088
4162,71.62000000000651,-0.00823163335885188,0.026610790061827688
4163,71.6300000000065,-0.00823170278212261,0.02661055661269182
4164,71.64000000000651,-0.008231772145820557,0.02661032337000411
4165,71.65000000000651,-0.008231841450012045,0.026610090333528468
4166,71.6600000000065,-0.008231910694763322,0.026609857503029195
4167,71.67000000000651,-0.008231979880140535,0.0266096248782709
4168,71.68000000000652,-0.00823204900620974,0.02660939245901853
4169,71.69000000000652,-0.008232118073036896,0.02660916024503736
4170,71.70000000000653,-0.008232187080687884,0.026608928236093014
4171,71.71000000000652,-0.00823225602922848,0.026608696431951424
4172,71.72000000000652,-0.008232324918724375,0.026608464832378872
4173,71.73000000000653,-0.008232393749241174,0.02660823343714197
4174,71.74000000000652,-0.008232462520844376,0.026608002246007633
4175,71.75000000000652,-0.008232531233599408,0.026607771258743158
4176,71.76000000000653,-0.008232599887571591,0.026607540475116122
4177,71.77000000000653,-0.008232668482826166,0.026607309894894463
4178,71.78000000000654,-0.008232737019428277,0.026607079517846417
4179,71.79000000000653,-0.00823280549744298,0.02660684934374058
4180,71.80000000000653,-0.008232873916935245,0.02660661937234586
4181,71.81000000000654,-0.008232942277969939,0.02660638960343147
4182,71.82000000000653,-0.008233010580611861,0.026606160036767
4183,71.83000000000654,-0.008233078824925702,0.02660593067212231
4184,71.84000000000654,-0.008233147010976069,0.02660570150926762
4185,71.85000000000655,-0.008233215138827485,0.02660547254797347
4186,71.86000000000655,-0.008233283208544374,0.026605243788010706
4187,71.87000000000654,-0.008233351220191082,0.026605015229150524
4188,71.88000000000655,-0.008233419173831856,0.02660478687116441
4189,71.89000000000655,-0.008233487069530861,0.026604558713824198
4190,71.90000000000654,-0.008233554907352175,0.026604330756902033
4191,71.91000000000655,-0.008233622687359778,0.026604103000170392
4192,71.92000000000655,-0.008233690409617573,0.026603875443402043
4193,71.93000000000656,-0.008233758074189369,0.026603648086370116
4194,71.94000000000656,-0.008233825681138887,0.026603420928848025
4195,71.95000000000655,-0.008233893230529763,0.02660319397060953
4196,71.96000000000656,-0.008233960722425536,0.026602967211428668
4197,71.97000000000656,-0.00823402815688968,0.02660274065107985
4198,71.98000000000656,-0.008234095533985557,0.02660251428933777
4199,71.99000000000656,-0.008234162853776456,0.026602288125977428
4200,72.00000000000657,-0.008234230116325571,0.026602062160774174
4201,72.01000000000657,-0.008234297321696019,0.026601836393503643
4202,72.02000000000658,-0.00823436446995081,0.026601610823941794
4203,72.03000000000657,-0.0082344315611529,0.02660138545186493
4204,72.04000000000657,-0.008234498595365127,0.026601160277049608
4205,72.05000000000658,-0.008234565572650262,0.02660093529927275
4206,72.06000000000657,-0.008234632493070982,0.026600710518311588
4207,72.07000000000657,-0.008234699356689877,0.026600485933943614
4208,72.08000000000658,-0.008234766163569461,0.0266002615459467
4209,72.09000000000658,-0.008234832913772147,0.02660003735409899
4210,72.10000000000659,-0.008234899607360274,0.026599813358178938
4211,72.11000000000658,-0.00823496624439609,0.02659958955796533
4212,72.12000000000658,-0.008235032824941762,0.02659936595323725
4213,72.13000000000659,-0.008235099349059373,0.026599142543774094
4214,72.14000000000658,-0.008235165816810906,0.02659891932935554
4215,72.15000000000659,-0.008235232228258279,0.026598696309761628
4216,72.16000000000659,-0.008235298583463316,0.02659847348477265
4217,72.1700000000066,-0.008235364882487757,0.026598250854169253
4218,72.1800000000066,-0.008235431125393254,0.026598028417732344
4219,72.19000000000659,-0.008235497312241385,0.02659780617524318
4220,72.2000000000066,-0.00823556344309363,0.02659758412648329
4221,72.2100000000066,-0.008235629518011399,0.02659736227123454
4222,72.22000000000659,-0.008235695537056005,0.02659714060927906
4223,72.2300000000066,-0.008235761500288687,0.026596919140399324
4224,72.2400000000066,-0.008235827407770596,0.02659669786437809
4225,72.25000000000661,-0.0082358932595628,0.026596476780998406
4226,72.26000000000661,-0.00823595905572628,0.026596255890043653
4227,72.2700000000066,-0.008236024796321944,0.026596035191297492
4228,72.28000000000661,-0.008236090481410607,0.026595814684543893
4229,72.29000000000661,-0.00823615611105301,0.02659559436956713
4230,72.3000000000066,-0.008236221685309797,0.026595374246151767
4231,72.31000000000661,-0.008236287204241546,0.02659515431408269
4232,72.32000000000662,-0.00823635266790874,0.026594934573145046
4233,72.33000000000662,-0.008236418076371784,0.026594715023124323
4234,72.34000000000663,-0.008236483429691006,0.026594495663806287
4235,72.35000000000662,-0.008236548727926639,0.026594276494976983
4236,72.36000000000662,-0.008236613971138848,0.0265940575164228
4237,72.37000000000663,-0.008236679159387708,0.026593838727930398
4238,72.38000000000662,-0.008236744292733213,0.026593620129286705
4239,72.39000000000662,-0.00823680937123528,0.026593401720279006
4240,72.40000000000663,-0.008236874394953738,0.026593183500694832
4241,72.41000000000663,-0.008236939363948339,0.02659296547032203
4242,72.42000000000664,-0.00823700427827875,0.02659274762894874
4243,72.43000000000663,-0.008237069138004564,0.026592529976363393
4244,72.44000000000663,-0.008237133943185287,0.026592312512354718
4245,72.45000000000664,-0.008237198693880345,0.026592095236711723
4246,72.46000000000663,-0.008237263390149085,0.02659187814922373
4247,72.47000000000664,-0.008237328032050774,0.02659166124968034
4248,72.48000000000664,-0.008237392619644592,0.02659144453787145
4249,72.49000000000665,-0.008237457152989647,0.026591228013587234
4250,72.50000000000665,-0.008237521632144968,0.026591011676618183
4251,72.51000000000664,-0.008237586057169496,0.026590795526755057
4252,72.52000000000665,-0.008237650428122096,0.02659057956378891
4253,72.53000000000665,-0.008237714745061549,0.02659036378751109
4254,72.54000000000664,-0.008237779008046574,0.02659014819771324
4255,72.55000000000665,-0.00823784321713578,0.026589932794187268
4256,72.56000000000665,-0.008237907372387726,0.026589717576725395
4257,72.57000000000666,-0.008237971473860874,0.026589502545120117
4258,72.58000000000666,-0.008238035521613618,0.026589287699164212
4259,72.59000000000665,-0.008238099515704261,0.02658907303865076
4260,72.60000000000666,-0.008238163456191038,0.026588858563373115
4261,72.61000000000666,-0.0082382273431321,0.026588644273124913
4262,72.62000000000666,-0.008238291176585519,0.026588430167700083
4263,72.63000000000666,-0.00823835495660929,0.02658821624689284
4264,72.64000000000667,-0.00823841868326133,0.026588002510497685
4265,72.65000000000667,-0.00823848235659948,0.026587788958309374
4266,72.66000000000668,-0.008238545976681498,0.026587575590122998
4267,72.67000000000667,-0.00823860954356507,0.026587362405733884
4268,72.68000000000667,-0.008238673057307794,0.026587149404937657
4269,72.69000000000668,-0.0082387365179672,0.02658693658753023
4270,72.70000000000667,-0.008238799925600743,0.026586723953307797
4271,72.71000000000667,-0.008238863280265787,0.02658651150206682
4272,72.72000000000668,-0.008238926582019631,0.02658629923360405
4273,72.73000000000668,-0.00823898983091949,0.026586087147716517
4274,72.74000000000669,-0.008239053027022505,0.026585875244201532
4275,72.75000000000668,-0.008239116170385741,0.02658566352285668
4276,72.76000000000668,-0.008239179261066187,0.026585451983479835
4277,72.77000000000669,-0.008239242299120748,0.02658524062586913
4278,72.78000000000668,-0.00823930528460626,0.026585029449822998
4279,72.79000000000669,-0.00823936821757948,0.02658481845514013
4280,72.80000000000669,-0.008239431098097088,0.0265846076416195
4281,72.8100000000067,-0.00823949392621569,0.02658439700906036
4282,72.8200000000067,-0.008239556701991814,0.02658418655726224
4283,72.83000000000669,-0.008239619425481912,0.02658397628602494
4284,72.8400000000067,-0.008239682096742359,0.02658376619514853
4285,72.8500000000067,-0.008239744715829464,0.02658355628443338
4286,72.86000000000669,-0.008239807282799442,0.0265833465536801
4287,72.8700000000067,-0.008239869797708452,0.02658313700268959
4288,72.8800000000067,-0.00823993226061256,0.026582927631263013
4289,72.89000000000671,-0.00823999467156777,0.026582718439201826
4290,72.90000000000671,-0.008240057030630011,0.02658250942630774
4291,72.9100000000067,-0.00824011933785513,0.026582300592382747
4292,72.92000000000671,-0.008240181593298895,0.02658209193722909
4293,72.93000000000671,-0.008240243797017016,0.026581883460649314
4294,72.9400000000067,-0.008240305949065111,0.02658167516244621
4295,72.95000000000671,-0.008240368049498735,0.02658146704242284
4296,72.96000000000672,-0.008240430098373362,0.026581259100382556
4297,72.97000000000672,-0.008240492095744395,0.02658105133612896
4298,72.98000000000673,-0.008240554041667167,0.026580843749465923
4299,72.99000000000672,-0.008240615936196924,0.02658063634019759
4300,73.00000000000672,-0.008240677779388856,0.02658042910812838
4301,73.01000000000673,-0.00824073957129806,0.02658022205306296
4302,73.02000000000672,-0.008240801311979571,0.02658001517480627
4303,73.03000000000672,-0.008240863001488357,0.026579808473163543
4304,73.04000000000673,-0.008240924639879296,0.026579601947940238
4305,73.05000000000673,-0.008240986227207201,0.026579395598942106
4306,73.06000000000674,-0.008241047763526816,0.026579189425975147
4307,73.07000000000673,-0.008241109248892809,0.026578983428845643
4308,73.08000000000673,-0.008241170683359765,0.02657877760736011
4309,73.09000000000674,-0.008241232066982209,0.02657857196132537
4310,73.10000000000673,-0.008241293399814593,0.02657836649054847
4311,73.11000000000674,-0.008241354681911294,0.02657816119483675
4312,73.12000000000674,-0.008241415913326604,0.026577956073997783
4313,73.13000000000675,-0.008241477094114767,0.026577751127839427
4314,73.14000000000675,-0.008241538224329931,0.02657754635616979
4315,73.15000000000674,-0.00824159930402619,0.026577341758797245
4316,73.16000000000675,-0.008241660333257558,0.026577137335530427
4317,73.17000000000675,-0.008241721312077972,0.026576933086178228
4318,73.18000000000674,-0.008241782240541307,0.0265767290105498
4319,73.19000000000675,-0.008241843118701363,0.02657652510845455
4320,73.20000000000675,-0.008241903946611869,0.026576321379702162
4321,73.21000000000676,-0.008241964724326476,0.02657611782410256
4322,73.22000000000676,-0.008242025451898774,0.026575914441465922
4323,73.23000000000675,-0.008242086129382273,0.026575711231602708
4324,73.24000000000676,-0.00824214675683042,0.026575508194323614
4325,73.25000000000676,-0.008242207334296583,0.026575305329439598
4326,73.26000000000676,-0.008242267861834067,0.02657510263676188
4327,73.27000000000676,-0.0082423283394961,0.026574900116101932
4328,73.28000000000677,-0.00824238876733584,0.02657469776727148
4329,73.29000000000677,-0.008242449145406379,0.026574495590082504
4330,73.30000000000678,-0.008242509473760736,0.026574293584347253
4331,73.31000000000677,-0.008242569752451856,0.026574091749878206
4332,73.32000000000677,-0.00824262998153262,0.02657389008648811
4333,73.33000000000678,-0.008242690161055838,0.02657368859398997
4334,73.34000000000677,-0.008242750291074243,0.026573487272197036
4335,73.35000000000677,-0.00824281037164051,0.02657328612092282
4336,73.36000000000678,-0.008242870402807233,0.02657308513998106
4337,73.37000000000678,-0.008242930384626944,0.02657288432918579
4338,73.38000000000679,-0.008242990317152102,0.026572683688351258
4339,73.39000000000678,-0.008243050200435096,0.026572483217291967
4340,73.40000000000678,-0.008243110034528248,0.0265722829158227
4341,73.41000000000679,-0.00824316981948381,0.026572082783758454
4342,73.42000000000678,-0.008243229555353965,0.026571882820914505
4343,73.43000000000679,-0.008243289242190826,0.026571683027106344
4344,73.44000000000679,-0.00824334888004644,0.02657148340214975
4345,73.4500000000068,-0.008243408468972783,0.026571283945860735
4346,73.4600000000068,-0.00824346800902176,0.02657108465805554
4347,73.47000000000679,-0.008243527500245214,0.026570885538550682
4348,73.4800000000068,-0.00824358694269491,0.026570686587162905
4349,73.4900000000068,-0.00824364633642256,0.02657048780370923
4350,73.50000000000679,-0.00824370568147979,0.026570289188006885
4351,73.5100000000068,-0.008243764977918169,0.026570090739873365
4352,73.5200000000068,-0.008243824225789197,0.026569892459126408
4353,73.53000000000681,-0.008243883425144304,0.02656969434558401
4354,73.54000000000681,-0.00824394257603485,0.026569496399064387
4355,73.5500000000068,-0.008244001678512134,0.026569298619386023
4356,73.56000000000681,-0.00824406073262738,0.026569101006367623
4357,73.57000000000681,-0.008244119738431751,0.026568903559828164
4358,73.5800000000068,-0.00824417869597634,0.02656870627958684
4359,73.59000000000681,-0.008244237605312172,0.026568509165463106
4360,73.60000000000682,-0.008244296466490204,0.02656831221727664
4361,73.61000000000682,-0.008244355279561329,0.026568115434847408
4362,73.62000000000683,-0.008244414044576372,0.02656791881799555
4363,73.63000000000682,-0.00824447276158609,0.026567722366541494
4364,73.64000000000682,-0.008244531430641175,0.026567526080305902
4365,73.65000000000683,-0.00824459005179225,0.02656732995910967
4366,73.66000000000682,-0.008244648625089876,0.026567134002773937
4367,73.67000000000682,-0.008244707150584545,0.02656693821112009
4368,73.68000000000683,-0.00824476562832668,0.026566742583969728
4369,73.69000000000683,-0.008244824058366641,0.02656654712114472
4370,73.70000000000684,-0.008244882440754721,0.026566351822467162
4371,73.71000000000683,-0.008244940775541148,0.026566156687759388
4372,73.72000000000683,-0.00824499906277609,0.02656596171684398
4373,73.73000000000684,-0.00824505730250963,0.02656576690954373
4374,73.74000000000683,-0.00824511549479181,0.0265655722656817
4375,73.75000000000684,-0.00824517363967259,0.02656537778508117
4376,73.76000000000684,-0.008245231737201866,0.026565183467565655
4377,73.77000000000685,-0.008245289787429477,0.026564989312958916
4378,73.78000000000685,-0.008245347790405193,0.026564795321084952
4379,73.79000000000684,-0.008245405746178712,0.02656460149176798
4380,73.80000000000685,-0.008245463654799678,0.02656440782483248
4381,73.81000000000685,-0.00824552151631766,0.026564214320103134
4382,73.82000000000684,-0.00824557933078217,0.026564020977404873
4383,73.83000000000685,-0.008245637098242654,0.02656382779656287
4384,73.84000000000685,-0.008245694818748489,0.026563634777402523
4385,73.85000000000686,-0.008245752492348987,0.02656344191974946
4386,73.86000000000686,-0.008245810119093408,0.026563249223429557
4387,73.87000000000685,-0.008245867699030929,0.02656305668826889
4388,73.88000000000686,-0.00824592523221068,0.026562864314093822
4389,73.89000000000686,-0.008245982718681715,0.026562672100730877
4390,73.90000000000686,-0.008246040158493026,0.026562480048006865
4391,73.91000000000686,-0.008246097551693548,0.026562288155748816
4392,73.92000000000687,-0.008246154898332147,0.026562096423783967
4393,73.93000000000687,-0.008246212198457625,0.026561904851939815
4394,73.94000000000688,-0.008246269452118718,0.026561713440044064
4395,73.95000000000687,-0.008246326659364108,0.026561522187924666
4396,73.96000000000687,-0.008246383820242403,0.02656133109540978
4397,73.97000000000688,-0.008246440934802157,0.026561140162327822
4398,73.98000000000687,-0.008246498003091848,0.026560949388507404
4399,73.99000000000687,-0.008246555025159903,0.026560758773777397
4400,74.00000000000688,-0.008246612001054685,0.026560568317966875
4401,74.01000000000688,-0.008246668930824486,0.026560378020905155
4402,74.02000000000689,-0.008246725814517544,0.026560187882421774
4403,74.03000000000688,-0.008246782652182028,0.026559997902346495
4404,74.04000000000688,-0.008246839443866049,0.026559808080509315
4405,74.05000000000689,-0.008246896189617648,0.026559618416740437
4406,74.06000000000688,-0.008246952889484816,0.02655942891087032
4407,74.07000000000689,-0.00824700954351547,0.026559239562729615
4408,74.08000000000689,-0.008247066151757475,0.02655905037214923
4409,74.0900000000069,-0.008247122714258622,0.026558861338960262
4410,74.1000000000069,-0.00824717923106665,0.026558672462994072
4411,74.11000000000689,-0.00824723570222923,0.026558483744082196
4412,74.1200000000069,-0.008247292127793977,0.02655829518205645
4413,74.1300000000069,-0.008247348507808437,0.026558106776748833
4414,74.14000000000689,-0.0082474048423201,0.026557918527991563
4415,74.1500000000069,-0.008247461131376395,0.026557730435617113
4416,74.1600000000069,-0.008247517375024686,0.02655754249945815
4417,74.17000000000691,-0.008247573573312275,0.026557354719347583
4418,74.18000000000691,-0.008247629726286405,0.026557167095118513
4419,74.1900000000069,-0.00824768583399426,0.02655697962660429
4420,74.20000000000691,-0.008247741896482962,0.02655679231363848
4421,74.21000000000691,-0.008247797913799563,0.026556605156054847
4422,74.2200000000069,-0.008247853885991068,0.026556418153687398
4423,74.23000000000691,-0.008247909813104418,0.026556231306370363
4424,74.24000000000692,-0.00824796569518648,0.02655604461393816
4425,74.25000000000692,-0.008248021532284084,0.02655585807622547
4426,74.26000000000693,-0.008248077324443975,0.026555671693067145
4427,74.27000000000692,-0.00824813307171285,0.026555485464298288
4428,74.28000000000692,-0.008248188774137353,0.02655529938975422
4429,74.29000000000693,-0.008248244431764052,0.026555113469270454
4430,74.30000000000692,-0.008248300044639466,0.02655492770268274
4431,74.31000000000692,-0.008248355612810045,0.02655474208982704
4432,74.32000000000693,-0.008248411136322189,0.02655455663053953
4433,74.33000000000693,-0.008248466615222234,0.026554371324656607
4434,74.34000000000694,-0.008248522049556454,0.026554186172014892
4435,74.35000000000693,-0.008248577439371066,0.026554001172451186
4436,74.36000000000693,-0.008248632784712225,0.026553816325802535
4437,74.37000000000694,-0.00824868808562603,0.026553631631906206
4438,74.38000000000693,-0.008248743342158518,0.026553447090599664
4439,74.39000000000694,-0.008248798554355667,0.02655326270172058
4440,74.40000000000694,-0.008248853722263395,0.026553078465106857
4441,74.41000000000695,-0.00824890884592757,0.026552894380596617
4442,74.42000000000695,-0.008248963925393985,0.02655271044802816
4443,74.43000000000694,-0.008249018960708388,0.02655252666724003
4444,74.44000000000695,-0.008249073951916456,0.02655234303807098
4445,74.45000000000695,-0.008249128899063821,0.02655215956035996
4446,74.46000000000694,-0.008249183802196046,0.026551976233946145
4447,74.47000000000695,-0.008249238661358635,0.02655179305866891
4448,74.48000000000695,-0.008249293476597044,0.026551610034367852
4449,74.49000000000696,-0.00824934824795666,0.026551427160882775
4450,74.50000000000696,-0.008249402975482819,0.026551244438053692
4451,74.51000000000695,-0.008249457659220789,0.026551061865720822
4452,74.52000000000696,-0.008249512299215793,0.0265508794437246
4453,74.53000000000696,-0.008249566895512987,0.026550697171905675
4454,74.54000000000696,-0.00824962144815747,0.02655051505010488
4455,74.55000000000696,-0.008249675957194287,0.02655033307816329
4456,74.56000000000697,-0.008249730422668421,0.026550151255922163
4457,74.57000000000697,-0.0082497848446248,0.02654996958322298
4458,74.58000000000698,-0.008249839223108296,0.02654978805990742
4459,74.59000000000697,-0.00824989355816372,0.02654960668581738
4460,74.60000000000697,-0.008249947849835827,0.026549425460794952
4461,74.61000000000698,-0.008250002098169312,0.02654924438468244
4462,74.62000000000697,-0.008250056303208816,0.026549063457322344
4463,74.63000000000697,-0.008250110464998928,0.026548882678557397
4464,74.64000000000698,-0.008250164583584166,0.02654870204823051
4465,74.65000000000698,-0.008250218659009007,0.026548521566184816
4466,74.66000000000699,-0.00825027269131786,0.026548341232263645
4467,74.67000000000698,-0.008250326680555078,0.026548161046310522
4468,74.68000000000698,-0.00825038062676497,0.026547981008169214
4469,74.69000000000699,-0.008250434529991763,0.026547801117683633
4470,74.70000000000698,-0.008250488390279658,0.026547621374697957
4471,74.71000000000699,-0.008250542207672776,0.02654744177905652
4472,74.72000000000699,-0.008250595982215198,0.026547262330603883
4473,74.730000000007,-0.008250649713950932,0.026547083029184806
4474,74.740000000007,-0.00825070340292394,0.026546903874644236
4475,74.75000000000699,-0.008250757049178135,0.026546724866827357
4476,74.760000000007,-0.008250810652757361,0.026546546005579517
4477,74.770000000007,-0.00825086421370541,0.026546367290746286
4478,74.78000000000699,-0.008250917732066019,0.026546188722173427
4479,74.790000000007,-0.008250971207882872,0.026546010299706917
4480,74.800000000007,-0.008251024641199594,0.026545832023192918
4481,74.81000000000701,-0.008251078032059756,0.026545653892477806
4482,74.82000000000701,-0.008251131380506871,0.02654547590740813
4483,74.830000000007,-0.0082511846865844,0.02654529806783068
4484,74.84000000000701,-0.00825123795033575,0.02654512037359241
4485,74.85000000000701,-0.008251291171804263,0.02654494282454049
4486,74.860000000007,-0.008251344351033238,0.026544765420522285
4487,74.87000000000701,-0.008251397488065915,0.02654458816138535
4488,74.88000000000702,-0.008251450582945474,0.026544411046977467
4489,74.89000000000702,-0.008251503635715045,0.026544234077146577
4490,74.90000000000703,-0.008251556646417708,0.026544057251740843
4491,74.91000000000702,-0.008251609615096472,0.02654388057060861
4492,74.92000000000702,-0.008251662541794312,0.02654370403359845
4493,74.93000000000703,-0.008251715426554132,0.026543527640559093
4494,74.94000000000702,-0.008251768269418792,0.026543351391339474
4495,74.95000000000702,-0.008251821070431091,0.026543175285788752
4496,74.96000000000703,-0.008251873829633778,0.02654299932375625
4497,74.97000000000703,-0.008251926547069546,0.0265428235050915
4498,74.98000000000704,-0.008251979222781033,0.02654264782964423
4499,74.99000000000703,-0.008252031856810824,0.02654247229726436
4500,75.00000000000703,-0.008252084449201454,0.026542296907802004
4501,75.01000000000704,-0.00825213699999539,0.026542121661107455
4502,75.02000000000703,-0.008252189509235069,0.026541946557031237
4503,75.03000000000704,-0.008252241976962851,0.026541771595424028
4504,75.04000000000704,-0.00825229440322106,0.026541596776136735
4505,75.05000000000705,-0.008252346788051947,0.026541422099020422
4506,75.06000000000705,-0.008252399131497735,0.026541247563926375
4507,75.07000000000704,-0.008252451433600568,0.026541073170706055
4508,75.08000000000705,-0.008252503694402552,0.026540898919211117
4509,75.09000000000705,-0.008252555913945738,0.026540724809293415
4510,75.10000000000704,-0.008252608092272122,0.02654055084080499
4511,75.11000000000705,-0.008252660229423647,0.026540377013598078
4512,75.12000000000705,-0.008252712325442202,0.026540203327525096
4513,75.13000000000706,-0.008252764380369624,0.026540029782438666
4514,75.14000000000706,-0.008252816394247698,0.02653985637819158
4515,75.15000000000705,-0.008252868367118157,0.026539683114636847
4516,75.16000000000706,-0.008252920299022675,0.02653950999162763
4517,75.17000000000706,-0.008252972190002886,0.026539337009017325
4518,75.18000000000706,-0.008253024040100356,0.026539164166659475
4519,75.19000000000706,-0.008253075849356613,0.026538991464407843
4520,75.20000000000707,-0.008253127617813123,0.026538818902116363
4521,75.21000000000707,-0.008253179345511301,0.026538646479639164
4522,75.22000000000708,-0.008253231032492519,0.026538474196830565
4523,75.23000000000707,-0.008253282678798081,0.02653830205354506
4524,75.24000000000707,-0.008253334284469253,0.026538130049637343
4525,75.25000000000708,-0.008253385849547242,0.026537958184962296
4526,75.26000000000707,-0.008253437374073204,0.026537786459374973
4527,75.27000000000707,-0.008253488858088246,0.026537614872730632
4528,75.28000000000708,-0.00825354030163342,0.026537443424884705
4529,75.29000000000708,-0.008253591704749728,0.026537272115692817
4530,75.30000000000709,-0.008253643067478122,0.026537100945010772
4531,75.31000000000708,-0.008253694389859496,0.02653692991269457
4532,75.32000000000708,-0.008253745671934704,0.026536759018600385
4533,75.33000000000709,-0.008253796913744537,0.02653658826258458
4534,75.34000000000708,-0.008253848115329742,0.026536417644503697
4535,75.35000000000709,-0.00825389927673101,0.02653624716421447
4536,75.36000000000709,-0.008253950397988988,0.02653607682157382
4537,75.3700000000071,-0.008254001479144263,0.026535906616438842
4538,75.3800000000071,-0.00825405252023738,0.026535736548666818
4539,75.39000000000709,-0.008254103521308826,0.026535566618115212
4540,75.4000000000071,-0.00825415448239904,0.026535396824641674
4541,75.4100000000071,-0.008254205403548414,0.02653522716810404
4542,75.4200000000071,-0.00825425628479728,0.026535057648360297
4543,75.4300000000071,-0.00825430712618593,0.026534888265268678
4544,75.4400000000071,-0.008254357927754597,0.026534719018687522
4545,75.45000000000711,-0.00825440868954347,0.02653454990847541
4546,75.46000000000711,-0.008254459411592684,0.02653438093449107
4547,75.4700000000071,-0.008254510093942328,0.02653421209659343
4548,75.48000000000711,-0.008254560736632433,0.02653404339464158
4549,75.49000000000711,-0.008254611339702983,0.0265338748284948
4550,75.5000000000071,-0.00825466190319392,0.026533706398012558
4551,75.51000000000711,-0.008254712427145127,0.026533538103054487
4552,75.52000000000712,-0.008254762911596438,0.026533369943480406
4553,75.53000000000712,-0.008254813356587641,0.026533201919150314
4554,75.54000000000713,-0.008254863762158473,0.026533034029924386
4555,75.55000000000712,-0.008254914128348617,0.026532866275662977
4556,75.56000000000712,-0.008254964455197713,0.02653269865622663
4557,75.57000000000713,-0.008255014742745348,0.026532531171476043
4558,75.58000000000712,-0.00825506499103106,0.026532363821272116
4559,75.59000000000712,-0.00825511520009434,0.02653219660547591
4560,75.60000000000713,-0.008255165369974626,0.026532029523948668
4561,75.61000000000713,-0.008255215500711306,0.02653186257655182
4562,75.62000000000714,-0.008255265592343724,0.02653169576314695
4563,75.63000000000713,-0.008255315644911174,0.026531529083595847
4564,75.64000000000713,-0.008255365658452894,0.026531362537760443
4565,75.65000000000714,-0.00825541563300808,0.026531196125502875
4566,75.66000000000713,-0.008255465568615885,0.026531029846685455
4567,75.67000000000714,-0.008255515465315397,0.026530863701170644
4568,75.68000000000714,-0.008255565323145666,0.026530697688821093
4569,75.69000000000715,-0.008255615142145694,0.02653053180949964
4570,75.70000000000715,-0.00825566492235443,0.026530366063069275
4571,75.71000000000714,-0.008255714663810778,0.02653020044939319
4572,75.72000000000715,-0.008255764366553592,0.026530034968334712
4573,75.73000000000715,-0.008255814030621677,0.02652986961975739
4574,75.74000000000714,-0.008255863656053793,0.026529704403524902
4575,75.75000000000715,-0.008255913242888647,0.026529539319501125
4576,75.76000000000715,-0.008255962791164903,0.026529374367550096
4577,75.77000000000716,-0.00825601230092117,0.026529209547536035
4578,75.78000000000716,-0.008256061772196014,0.026529044859323326
4579,75.79000000000715,-0.00825611120502796,0.026528880302776538
4580,75.80000000000716,-0.008256160599455472,0.0265287158777604
4581,75.81000000000716,-0.008256209955516968,0.02652855158413981
4582,75.82000000000716,-0.00825625927325083,0.026528387421779848
4583,75.83000000000716,-0.008256308552695383,0.026528223390545752
4584,75.84000000000717,-0.008256357793888903,0.02652805949030295
4585,75.85000000000717,-0.008256406996869628,0.02652789572091703
4586,75.86000000000718,-0.008256456161675734,0.026527732082253737
4587,75.87000000000717,-0.008256505288345366,0.026527568574179008
4588,75.88000000000717,-0.008256554376916608,0.02652740519655894
4589,75.89000000000718,-0.008256603427427506,0.026527241949259792
4590,75.90000000000717,-0.008256652439916051,0.02652707883214801
4591,75.91000000000717,-0.008256701414420203,0.026526915845090208
4592,75.92000000000718,-0.008256750350977851,0.026526752987953137
4593,75.93000000000718,-0.008256799249626858,0.02652659026060376
4594,75.94000000000719,-0.008256848110405026,0.026526427662909177
4595,75.95000000000718,-0.008256896933350123,0.02652626519473667
4596,75.96000000000718,-0.008256945718499855,0.026526102855953686
4597,75.97000000000719,-0.008256994465891896,0.02652594064642784
4598,75.98000000000718,-0.00825704317556387,0.026525778566026913
4599,75.99000000000719,-0.008257091847553345,0.02652561661461886
4600,76.00000000000719,-0.008257140481897851,0.02652545479207178
4601,76.0100000000072,-0.008257189078634873,0.026525293098253966
4602,76.0200000000072,-0.008257237637801847,0.026525131533033867
4603,76.03000000000719,-0.008257286159436161,0.026524970096280093
4604,76.0400000000072,-0.008257334643575157,0.02652480878786143
4605,76.0500000000072,-0.00825738309025614,0.026524647607646824
4606,76.0600000000072,-0.008257431499516353,0.02652448655550537
4607,76.0700000000072,-0.008257479871393004,0.02652432563130636
4608,76.0800000000072,-0.008257528205923254,0.026524164834919223
4609,76.09000000000721,-0.008257576503144215,0.026524004166213564
4610,76.10000000000721,-0.008257624763092962,0.02652384362505917
4611,76.1100000000072,-0.00825767298580651,0.02652368321132595
4612,76.12000000000721,-0.008257721171321838,0.026523522924884017
4613,76.13000000000721,-0.008257769319675883,0.026523362765603627
4614,76.1400000000072,-0.008257817430905524,0.0265232027333552
4615,76.15000000000721,-0.008257865505047602,0.026523042828009318
4616,76.16000000000722,-0.008257913542138916,0.026522883049436737
4617,76.17000000000722,-0.008257961542216218,0.02652272339750838
4618,76.18000000000723,-0.008258009505316206,0.026522563872095294
4619,76.19000000000722,-0.008258057431475547,0.026522404473068736
4620,76.20000000000722,-0.008258105320730853,0.026522245200300103
4621,76.21000000000723,-0.008258153173118692,0.02652208605366094
4622,76.22000000000722,-0.00825820098867559,0.026521927033022977
4623,76.23000000000722,-0.00825824876743803,0.026521768138258107
4624,76.24000000000723,-0.008258296509442447,0.02652160936923835
4625,76.25000000000723,-0.008258344214725228,0.026521450725835925
4626,76.26000000000724,-0.00825839188332272,0.026521292207923184
4627,76.27000000000723,-0.008258439515271228,0.026521133815372654
4628,76.28000000000723,-0.008258487110607005,0.026520975548057026
4629,76.29000000000724,-0.008258534669366267,0.026520817405849134
4630,76.30000000000723,-0.00825858219158518,0.02652065938862199
4631,76.31000000000724,-0.008258629677299864,0.026520501496248745
4632,76.32000000000724,-0.008258677126546406,0.026520343728602725
4633,76.33000000000725,-0.008258724539360834,0.026520186085557403
4634,76.34000000000725,-0.008258771915779145,0.02652002856698642
4635,76.35000000000724,-0.008258819255837286,0.026519871172763578
4636,76.36000000000725,-0.008258866559571155,0.026519713902762816
4637,76.37000000000725,-0.008258913827016618,0.026519556756858263
4638,76.38000000000724,-0.008258961058209485,0.026519399734924173
4639,76.39000000000725,-0.00825900825318553,0.026519242836834975
4640,76.40000000000725,-0.008259055411980479,0.026519086062465252
4641,76.41000000000726,-0.00825910253463002,0.02651892941168975
4642,76.42000000000726,-0.008259149621169793,0.02651877288438336
4643,76.43000000000725,-0.008259196671635388,0.02651861648042113
4644,76.44000000000726,-0.008259243686062368,0.026518460199678275
4645,76.45000000000726,-0.008259290664486238,0.026518304042030153
4646,76.46000000000726,-0.008259337606942465,0.026518148007352287
4647,76.47000000000726,-0.008259384513466476,0.026517992095520363
4648,76.48000000000727,-0.008259431384093645,0.02651783630641019
4649,76.49000000000727,-0.008259478218859318,0.02651768063989777
4650,76.50000000000728,-0.008259525017798782,0.026517525095859234
4651,76.51000000000727,-0.00825957178094729,0.026517369674170885
4652,76.52000000000727,-0.008259618508340052,0.026517214374709164
4653,76.53000000000728,-0.00825966520001223,0.02651705919735067
4654,76.54000000000727,-0.008259711855998945,0.026516904141972164
4655,76.55000000000727,-0.008259758476335286,0.02651674920845056
4656,76.56000000000728,-0.008259805061056278,0.026516594396662912
4657,76.57000000000728,-0.008259851610196923,0.026516439706486445
4658,76.58000000000729,-0.008259898123792167,0.02651628513779852
4659,76.59000000000728,-0.008259944601876925,0.02651613069047666
4660,76.60000000000728,-0.008259991044486057,0.026515976364398543
4661,76.61000000000729,-0.008260037451654394,0.026515822159441992
4662,76.62000000000728,-0.008260083823416718,0.026515668075484992
4663,76.63000000000729,-0.008260130159807762,0.02651551411240566
4664,76.64000000000729,-0.008260176460862224,0.026515360270082278
4665,76.6500000000073,-0.008260222726614768,0.02651520654839329
4666,76.6600000000073,-0.008260268957099996,0.02651505294721727
4667,76.67000000000729,-0.008260315152352486,0.026514899466432953
4668,76.6800000000073,-0.008260361312406764,0.026514746105919224
4669,76.6900000000073,-0.00826040743729732,0.026514592865555114
4670,76.7000000000073,-0.008260453527058599,0.026514439745219824
4671,76.7100000000073,-0.008260499581725003,0.026514286744792667
4672,76.7200000000073,-0.00826054560133089,0.026514133864153133
4673,76.73000000000731,-0.008260591585910589,0.026513981103180866
4674,76.74000000000731,-0.008260637535498374,0.026513828461755647
4675,76.7500000000073,-0.008260683450128481,0.026513675939757404
4676,76.76000000000731,-0.008260729329835103,0.02651352353706621
4677,76.77000000000731,-0.008260775174652405,0.026513371253562325
4678,76.7800000000073,-0.008260820984614486,0.026513219089126086
4679,76.79000000000731,-0.008260866759755426,0.02651306704363804
4680,76.80000000000732,-0.008260912500109255,0.026512915116978866
4681,76.81000000000732,-0.008260958205709958,0.026512763309029373
4682,76.82000000000733,-0.008261003876591481,0.026512611619670542
4683,76.83000000000732,-0.00826104951278774,0.026512460048783482
4684,76.84000000000732,-0.008261095114332595,0.02651230859624945
4685,76.85000000000733,-0.008261140681259875,0.026512157261949876
4686,76.86000000000732,-0.008261186213603354,0.026512006045766295
4687,76.87000000000732,-0.008261231711396788,0.026511854947580425
4688,76.88000000000733,-0.00826127717467387,0.026511703967274102
4689,76.89000000000733,-0.008261322603468265,0.02651155310472933
4690,76.90000000000734,-0.008261367997813594,0.02651140235982825
4691,76.91000000000733,-0.008261413357743438,0.026511251732453153
4692,76.92000000000733,-0.008261458683291334,0.02651110122248645
4693,76.93000000000734,-0.008261503974490788,0.02651095082981075
4694,76.94000000000733,-0.008261549231375252,0.026510800554308746
4695,76.95000000000734,-0.008261594453978149,0.026510650395863315
4696,76.96000000000734,-0.008261639642332855,0.026510500354357473
4697,76.97000000000735,-0.00826168479647271,0.026510350429674368
4698,76.98000000000735,-0.008261729916431012,0.026510200621697306
4699,76.99000000000734,-0.008261775002241017,0.02651005093030972
4700,77.00000000000735,-0.008261820053935944,0.0265099013553952
4701,77.01000000000735,-0.008261865071548972,0.026509751896837477
4702,77.02000000000734,-0.00826191005511324,0.026509602554520433
4703,77.03000000000735,-0.008261955004661838,0.02650945332832806
4704,77.04000000000735,-0.008261999920227834,0.026509304218144538
4705,77.05000000000736,-0.008262044801844242,0.026509155223854167
4706,77.06000000000736,-0.008262089649544039,0.026509006345341375
4707,77.07000000000735,-0.008262134463360167,0.02650885758249076
4708,77.08000000000736,-0.008262179243325524,0.02650870893518705
4709,77.09000000000736,-0.008262223989472971,0.026508560403315107
4710,77.10000000000736,-0.008262268701835327,0.02650841198675995
4711,77.11000000000736,-0.008262313380445375,0.026508263685406725
4712,77.12000000000737,-0.008262358025335856,0.026508115499140728
4713,77.13000000000737,-0.00826240263653947,0.026507967427847393
4714,77.14000000000738,-0.008262447214088885,0.026507819471412286
4715,77.15000000000737,-0.008262491758016714,0.02650767162972113
4716,77.16000000000737,-0.008262536268355556,0.026507523902659782
4717,77.17000000000738,-0.008262580745137945,0.026507376290114227
4718,77.18000000000737,-0.008262625188396395,0.026507228791970615
4719,77.19000000000737,-0.00826266959816337,0.02650708140811521
4720,77.20000000000738,-0.0082627139744713,0.026506934138434433
4721,77.21000000000738,-0.008262758317352573,0.026506786982814827
4722,77.22000000000739,-0.008262802626839542,0.026506639941143093
4723,77.23000000000738,-0.00826284690296452,0.026506493013306064
4724,77.24000000000738,-0.008262891145759779,0.026506346199190702
4725,77.25000000000739,-0.008262935355257552,0.026506199498684112
4726,77.26000000000738,-0.00826297953149004,0.026506052911673555
4727,77.27000000000739,-0.008263023674489394,0.026505906438046397
4728,77.28000000000739,-0.008263067784287741,0.02650576007769018
4729,77.2900000000074,-0.008263111860917159,0.026505613830492554
4730,77.3000000000074,-0.008263155904409689,0.026505467696341312
4731,77.31000000000739,-0.008263199914797336,0.026505321675124396
4732,77.3200000000074,-0.008263243892112066,0.02650517576672987
4733,77.3300000000074,-0.008263287836385807,0.026505029971045944
4734,77.3400000000074,-0.00826333174765045,0.026504884287960974
4735,77.3500000000074,-0.008263375625937843,0.02650473871736342
4736,77.3600000000074,-0.008263419471279804,0.026504593259141913
4737,77.37000000000741,-0.008263463283708108,0.026504447913185212
4738,77.38000000000741,-0.008263507063254487,0.026504302679382186
4739,77.3900000000074,-0.008263550809950646,0.026504157557621873
4740,77.40000000000741,-0.008263594523828246,0.026504012547793436
4741,77.41000000000741,-0.008263638204918912,0.026503867649786166
4742,77.4200000000074,-0.00826368185325423,0.026503722863489492
4743,77.43000000000741,-0.008263725468865746,0.026503578188792978
4744,77.44000000000742,-0.008263769051784973,0.02650343362558632
4745,77.45000000000742,-0.008263812602043388,0.02650328917375936
4746,77.46000000000743,-0.008263856119672423,0.026503144833202066
4747,77.47000000000742,-0.008263899604703476,0.02650300060380454
4748,77.48000000000742,-0.008263943057167917,0.026502856485457013
4749,77.49000000000743,-0.008263986477097057,0.026502712478049854
4750,77.50000000000742,-0.00826402986452219,0.026502568581473568
4751,77.51000000000742,-0.008264073219474569,0.026502424795618797
4752,77.52000000000743,-0.0082641165419854,0.026502281120376305
4753,77.53000000000743,-0.008264159832085862,0.026502137555636997
4754,77.54000000000744,-0.008264203089807088,0.026501994101291903
4755,77.55000000000743,-0.008264246315180185,0.026501850757232194
4756,77.56000000000743,-0.008264289508236216,0.026501707523349172
4757,77.57000000000744,-0.008264332669006209,0.026501564399534258
4758,77.58000000000743,-0.00826437579752115,0.02650142138567903
4759,77.59000000000744,-0.008264418893811996,0.026501278481675175
4760,77.60000000000744,-0.008264461957909667,0.026501135687414523
4761,77.61000000000745,-0.008264504989845036,0.026500993002789023
4762,77.62000000000745,-0.00826454798964895,0.026500850427690775
4763,77.63000000000744,-0.008264590957352224,0.026500707962012003
4764,77.64000000000745,-0.008264633892985615,0.026500565605645045
4765,77.65000000000745,-0.00826467679657986,0.02650042335848238
4766,77.66000000000744,-0.008264719668165664,0.026500281220416637
4767,77.67000000000745,-0.008264762507773683,0.026500139191340553
4768,77.68000000000745,-0.00826480531543454,0.026499997271146984
4769,77.69000000000746,-0.008264848091178828,0.02649985545972895
4770,77.70000000000746,-0.008264890835037099,0.026499713756979577
4771,77.71000000000745,-0.008264933547039867,0.026499572162792126
4772,77.72000000000746,-0.008264976227217611,0.02649943067705998
4773,77.73000000000746,-0.008265018875600778,0.026499289299676668
4774,77.74000000000746,-0.008265061492219773,0.026499148030535824
4775,77.75000000000746,-0.00826510407710497,0.02649900686953124
4776,77.76000000000747,-0.008265146630286706,0.02649886581655682
4777,77.77000000000747,-0.008265189151795277,0.026498724871506583
4778,77.78000000000748,-0.00826523164166095,0.026498584034274703
4779,77.79000000000747,-0.008265274099913957,0.02649844330475547
4780,77.80000000000747,-0.008265316526584484,0.02649830268284329
4781,77.81000000000748,-0.008265358921702694,0.026498162168432725
4782,77.82000000000747,-0.008265401285298707,0.02649802176141843
4783,77.83000000000747,-0.008265443617402609,0.026497881461695214
4784,77.84000000000748,-0.008265485918044446,0.02649774126915799
4785,77.85000000000748,-0.008265528187254241,0.026497601183701838
4786,77.86000000000749,-0.008265570425061966,0.026497461205221905
4787,77.87000000000748,-0.008265612631497572,0.026497321333613523
4788,77.88000000000748,-0.008265654806590963,0.026497181568772114
4789,77.89000000000749,-0.008265696950372017,0.026497041910593235
4790,77.90000000000748,-0.008265739062870568,0.026496902358972573
4791,77.91000000000749,-0.008265781144116427,0.026496762913805955
4792,77.92000000000749,-0.008265823194139349,0.026496623574989272
4793,77.9300000000075,-0.008265865212969082,0.026496484342418625
4794,77.9400000000075,-0.008265907200635313,0.026496345215990185
4795,77.95000000000749,-0.008265949157167711,0.026496206195600266
4796,77.9600000000075,-0.008265991082595901,0.026496067281145307
4797,77.9700000000075,-0.008266032976949481,0.02649592847252187
4798,77.9800000000075,-0.008266074840258004,0.02649578976962663
4799,77.9900000000075,-0.008266116672550996,0.0264956511723564
4800,78.0000000000075,-0.008266158473857952,0.026495512680608124
4801,78.01000000000751,-0.008266200244208316,0.026495374294278846
4802,78.02000000000751,-0.008266241983631514,0.026495236013265755
4803,78.0300000000075,-0.00826628369215693,0.02649509783746615
4804,78.04000000000751,-0.008266325369813915,0.026494959766777466
4805,78.05000000000751,-0.00826636701663179,0.026494821801097256
4806,78.0600000000075,-0.00826640863263983,0.02649468394032319
4807,78.07000000000751,-0.008266450217867281,0.026494546184353054
4808,78.08000000000752,-0.008266491772343365,0.02649440853308479
4809,78.09000000000752,-0.008266533296097254,0.026494270986416425
4810,78.10000000000753,-0.008266574789158095,0.026494133544246134
4811,78.11000000000752,-0.008266616251554997,0.026493996206472192
4812,78.12000000000752,-0.008266657683317035,0.026493858972993015
4813,78.13000000000753,-0.008266699084473255,0.026493721843707133
4814,78.14000000000752,-0.008266740455052666,0.02649358481851321
4815,78.15000000000752,-0.008266781795084239,0.026493447897309997
4816,78.16000000000753,-0.008266823104596912,0.026493311079996397
4817,78.17000000000753,-0.008266864383619597,0.026493174366471438
4818,78.18000000000754,-0.008266905632181165,0.026493037756634252
4819,78.19000000000753,-0.008266946850310453,0.026492901250384095
4820,78.20000000000753,-0.008266988038036268,0.026492764847620344
4821,78.21000000000754,-0.008267029195387379,0.026492628548242494
4822,78.22000000000753,-0.008267070322392524,0.026492492352150177
4823,78.23000000000754,-0.008267111419080412,0.02649235625924312
4824,78.24000000000754,-0.008267152485479705,0.026492220269421184
4825,78.25000000000755,-0.008267193521619046,0.02649208438258436
4826,78.26000000000755,-0.008267234527527036,0.026491948598632728
4827,78.27000000000754,-0.008267275503232247,0.026491812917466523
4828,78.28000000000755,-0.008267316448763213,0.02649167733898607
4829,78.29000000000755,-0.00826735736414844,0.026491541863091828
4830,78.30000000000754,-0.008267398249416398,0.02649140648968438
4831,78.31000000000755,-0.008267439104595525,0.026491271218664417
4832,78.32000000000755,-0.00826747992971422,0.026491136049932744
4833,78.33000000000756,-0.008267520724800857,0.026491000983390293
4834,78.34000000000756,-0.008267561489883767,0.02649086601893811
4835,78.35000000000755,-0.008267602224991268,0.02649073115647738
4836,78.36000000000756,-0.00826764293015162,0.02649059639590937
4837,78.37000000000756,-0.008267683605393063,0.026490461737135484
4838,78.38000000000756,-0.008267724250743808,0.026490327180057255
4839,78.39000000000756,-0.008267764866232024,0.026490192724576308
4840,78.40000000000757,-0.008267805451885848,0.026490058370594396
4841,78.41000000000757,-0.00826784600773339,0.026489924118013396
4842,78.42000000000758,-0.008267886533802726,0.0264897899667353
4843,78.43000000000757,-0.008267927030121892,0.0264896559166622
4844,78.44000000000757,-0.008267967496718907,0.026489521967696335
4845,78.45000000000758,-0.008268007933621738,0.02648938811974003
4846,78.46000000000757,-0.008268048340858333,0.02648925437269575
4847,78.47000000000757,-0.008268088718456603,0.026489120726466055
4848,78.48000000000758,-0.008268129066444425,0.026488987180953626
4849,78.49000000000758,-0.00826816938484965,0.026488853736061285
4850,78.50000000000759,-0.008268209673700089,0.026488720391691936
4851,78.51000000000758,-0.008268249933023523,0.026488587147748606
4852,78.52000000000758,-0.008268290162847703,0.02648845400413446
4853,78.53000000000759,-0.008268330363200349,0.02648832096075275
4854,78.54000000000758,-0.008268370534109141,0.02648818801750686
4855,78.55000000000759,-0.008268410675601736,0.02648805517430027
4856,78.56000000000759,-0.008268450787705753,0.0264879224310366
4857,78.5700000000076,-0.008268490870448782,0.026487789787619558
4858,78.5800000000076,-0.008268530923858382,0.026487657243953
4859,78.59000000000759,-0.008268570947962073,0.02648752479994086
4860,78.6000000000076,-0.008268610942787347,0.0264873924554872
4861,78.6100000000076,-0.008268650908361675,0.02648726021049621
4862,78.6200000000076,-0.008268690844712477,0.02648712806487217
4863,78.6300000000076,-0.008268730751867156,0.02648699601851949
4864,78.6400000000076,-0.00826877062985307,0.026486864071342688
4865,78.65000000000761,-0.008268810478697566,0.02648673222324639
4866,78.66000000000761,-0.008268850298427936,0.02648660047413534
4867,78.6700000000076,-0.008268890089071454,0.026486468823914408
4868,78.68000000000761,-0.00826892985065536,0.02648633727248854
4869,78.69000000000761,-0.00826896958320686,0.026486205819762836
4870,78.7000000000076,-0.008269009286753136,0.026486074465642495
4871,78.71000000000761,-0.008269048961321324,0.026485943210032795
4872,78.72000000000762,-0.008269088606938545,0.02648581205283918
4873,78.73000000000762,-0.00826912822363188,0.02648568099396717
4874,78.74000000000763,-0.008269167811428377,0.026485550033322407
4875,78.75000000000762,-0.008269207370355058,0.026485419170810643
4876,78.76000000000762,-0.008269246900438908,0.026485288406337737
4877,78.77000000000763,-0.008269286401706889,0.026485157739809678
4878,78.78000000000762,-0.008269325874185924,0.026485027171132554
4879,78.79000000000762,-0.00826936531790291,0.02648489670021254
4880,78.80000000000763,-0.008269404732884712,0.02648476632695597
4881,78.81000000000763,-0.008269444119158162,0.026484636051269248
4882,78.82000000000764,-0.008269483476750057,0.0264845058730589
4883,78.83000000000763,-0.008269522805687176,0.026484375792231583
4884,78.84000000000763,-0.008269562105996256,0.026484245808694032
4885,78.85000000000764,-0.008269601377704005,0.026484115922353106
4886,78.86000000000763,-0.008269640620837104,0.02648398613311578
4887,78.87000000000764,-0.008269679835422202,0.026483856440889127
4888,78.88000000000764,-0.00826971902148591,0.026483726845580337
4889,78.89000000000765,-0.008269758179054825,0.02648359734709672
4890,78.90000000000765,-0.008269797308155495,0.02648346794534567
4891,78.91000000000764,-0.008269836408814447,0.02648333864023471
4892,78.92000000000765,-0.008269875481058175,0.02648320943167146
4893,78.93000000000765,-0.00826991452491315,0.02648308031956365
4894,78.94000000000764,-0.008269953540405798,0.02648295130381913
4895,78.95000000000765,-0.008269992527562527,0.026482822384345843
4896,78.96000000000765,-0.008270031486409708,0.026482693561051856
4897,78.97000000000766,-0.008270070416973686,0.02648256483384532
4898,78.98000000000766,-0.008270109319280773,0.026482436202634536
4899,78.99000000000765,-0.008270148193357252,0.026482307667327867
4900,79.00000000000766,-0.008270187039229375,0.026482179227833805
4901,79.01000000000766,-0.008270225856923365,0.02648205088406096
4902,79.02000000000766,-0.008270264646465407,0.02648192263591801
4903,79.03000000000766,-0.008270303407881667,0.02648179448331379
4904,79.04000000000767,-0.008270342141198286,0.026481666426157225
4905,79.05000000000767,-0.008270380846441352,0.02648153846435732
4906,79.06000000000768,-0.008270419523636949,0.026481410597823225
4907,79.07000000000767,-0.008270458172811112,0.02648128282646417
4908,79.08000000000767,-0.008270496793989853,0.026481155150189506
4909,79.09000000000768,-0.008270535387199157,0.026481027568908678
4910,79.10000000000767,-0.008270573952464973,0.026480900082531247
4911,79.11000000000767,-0.00827061248981323,0.02648077269096689
4912,79.12000000000768,-0.008270650999269817,0.026480645394125358
4913,79.13000000000768,-0.008270689480860597,0.02648051819191654
4914,79.14000000000769,-0.008270727934611408,0.02648039108425041
4915,79.15000000000768,-0.00827076636054805,0.026480264071037065
4916,79.16000000000768,-0.0082708047586963,0.026480137152186684
4917,79.17000000000769,-0.008270843129081903,0.026480010327609577
4918,79.18000000000768,-0.008270881471730574,0.026479883597216133
4919,79.19000000000769,-0.008270919786668005,0.02647975696091688
4920,79.20000000000769,-0.00827095807391984,0.026479630418622398
4921,79.2100000000077,-0.00827099633351172,0.026479503970243425
4922,79.2200000000077,-0.00827103456546924,0.02647937761569079
4923,79.23000000000769,-0.008271072769817962,0.026479251354875392
4924,79.2400000000077,-0.008271110946583437,0.026479125187708275
4925,79.2500000000077,-0.008271149095791169,0.026478999114100576
4926,79.2600000000077,-0.008271187217466641,0.026478873133963517
4927,79.2700000000077,-0.008271225311635308,0.02647874724720846
4928,79.2800000000077,-0.00827126337832259,0.026478621453746822
4929,79.29000000000771,-0.008271301417553884,0.02647849575349017
4930,79.30000000000771,-0.008271339429354553,0.02647837014635015
4931,79.3100000000077,-0.008271377413749937,0.026478244632238513
4932,79.32000000000771,-0.008271415370765348,0.026478119211067127
4933,79.33000000000771,-0.008271453300426054,0.02647799388274792
4934,79.3400000000077,-0.008271491202757312,0.026477868647192995
4935,79.35000000000771,-0.008271529077784338,0.026477743504314477
4936,79.36000000000772,-0.00827156692553233,0.02647761845402466
4937,79.37000000000772,-0.008271604746026453,0.026477493496235904
4938,79.38000000000773,-0.008271642539291836,0.026477368630860684
4939,79.39000000000772,-0.008271680305353593,0.026477243857811566
4940,79.40000000000772,-0.008271718044236796,0.02647711917700123
4941,79.41000000000773,-0.008271755755966496,0.026476994588342444
4942,79.42000000000772,-0.008271793440567717,0.02647687009174809
4943,79.43000000000772,-0.00827183109806545,0.026476745687131157
4944,79.44000000000773,-0.008271868728484658,0.02647662137440472
4945,79.45000000000773,-0.008271906331850277,0.026476497153481944
4946,79.46000000000774,-0.008271943908187217,0.02647637302427614
4947,79.47000000000773,-0.008271981457520353,0.02647624898670067
4948,79.48000000000773,-0.00827201897987454,0.026476125040669034
4949,79.49000000000774,-0.008272056475274596,0.026476001186094795
4950,79.50000000000773,-0.008272093943745321,0.026475877422891658
4951,79.51000000000774,-0.008272131385311476,0.026475753750973396
4952,79.52000000000774,-0.008272168799997802,0.026475630170253898
4953,79.53000000000775,-0.00827220618782901,0.02647550668064715
4954,79.54000000000775,-0.008272243548829779,0.02647538328206723
4955,79.55000000000774,-0.008272280883024768,0.026475259974428338
4956,79.56000000000775,-0.008272318190438598,0.026475136757644745
4957,79.57000000000775,-0.008272355471095871,0.026475013631630847
4958,79.58000000000774,-0.00827239272502115,0.0264748905963011
4959,79.59000000000775,-0.00827242995223899,0.026474767651570124
4960,79.60000000000775,-0.008272467152773896,0.026474644797352564
4961,79.61000000000776,-0.00827250432665036,0.026474522033563225
4962,79.62000000000776,-0.008272541473892834,0.026474399360116974
4963,79.63000000000775,-0.008272578594525756,0.026474276776928794
4964,79.64000000000776,-0.008272615688573532,0.026474154283913753
4965,79.65000000000776,-0.008272652756060529,0.026474031880987032
4966,79.66000000000776,-0.008272689797011103,0.0264739095680639
4967,79.67000000000776,-0.008272726811449577,0.02647378734505973
4968,79.68000000000777,-0.008272763799400234,0.02647366521188998
4969,79.69000000000777,-0.00827280076088735,0.026473543168470233
4970,79.70000000000778,-0.008272837695935164,0.026473421214716138
4971,79.71000000000777,-0.008272874604567878,0.02647329935054346
4972,79.72000000000777,-0.008272911486809684,0.026473177575868062
4973,79.73000000000778,-0.008272948342684735,0.026473055890605893
4974,79.74000000000777,-0.00827298517221716,0.02647293429467301
4975,79.75000000000777,-0.008273021975431066,0.026472812787985564
4976,79.76000000000778,-0.008273058752350524,0.02647269137045979
4977,79.77000000000778,-0.00827309550299958,0.026472570042012047
4978,79.78000000000779,-0.008273132227402261,0.02647244880255877
4979,79.79000000000778,-0.00827316892558255,0.026472327652016486
4980,79.80000000000778,-0.008273205597564426,0.026472206590301837
4981,79.81000000000779,-0.00827324224337182,0.02647208561733155
4982,79.82000000000778,-0.008273278863028642,0.02647196473302244
4983,79.83000000000779,-0.008273315456558785,0.026471843937291444
4984,79.84000000000779,-0.008273352023986104,0.02647172323005557
4985,79.8500000000078,-0.008273388565334432,0.02647160261123193
4986,79.8600000000078,-0.00827342508062757,0.026471482080737723
4987,79.87000000000779,-0.0082734615698893,0.026471361638490266
4988,79.8800000000078,-0.00827349803314337,0.026471241284406952
4989,79.8900000000078,-0.00827353447041351,0.026471121018405278
4990,79.9000000000078,-0.008273570881723414,0.026471000840402825
4991,79.9100000000078,-0.008273607267096746,0.026470880750317272
4992,79.9200000000078,-0.008273643626557163,0.026470760748066407
4993,79.93000000000781,-0.008273679960128281,0.026470640833568107
4994,79.94000000000781,-0.008273716267833683,0.02647052100674032
4995,79.9500000000078,-0.00827375254969694,0.026470401267501123
4996,79.96000000000781,-0.008273788805741587,0.02647028161576866
4997,79.97000000000781,-0.00827382503599114,0.02647016205146119
4998,79.9800000000078,-0.00827386124046908,0.026470042574497053
4999,79.99000000000781,-0.008273897419198872,0.02646992318479468
5000,80.00000000000782,-0.00827393357220394,0.02646980388227261
5001,80.01000000000782,-0.008273969699507697,0.026469684666849465
5002,80.02000000000783,-0.008274005801133527,0.02646956553844397
5003,80.03000000000782,-0.008274041877104775,0.026469446496974927
5004,80.04000000000782,-0.008274077927444771,0.026469327542361233
5005,80.05000000000783,-0.008274113952176821,0.026469208674521898
5006,80.06000000000782,-0.008274149951324196,0.026469089893376013
5007,80.07000000000782,-0.008274185924910147,0.02646897119884275
5008,80.08000000000783,-0.008274221872957897,0.02646885259084139
5009,80.09000000000783,-0.008274257795490644,0.026468734069291303
5010,80.10000000000784,-0.008274293692531557,0.026468615634111948
5011,80.11000000000783,-0.008274329564103781,0.026468497285222874
5012,80.12000000000783,-0.008274365410230442,0.02646837902254374
5013,80.13000000000784,-0.008274401230934628,0.02646826084599427
5014,80.14000000000783,-0.008274437026239407,0.0264681427554943
5015,80.15000000000784,-0.008274472796167819,0.026468024750963735
5016,80.16000000000784,-0.008274508540742886,0.026467906832322613
5017,80.17000000000785,-0.008274544259987594,0.026467788999491017
5018,80.18000000000785,-0.008274579953924908,0.02646767125238915
5019,80.19000000000784,-0.00827461562257777,0.0264675535909373
5020,80.20000000000785,-0.008274651265969084,0.02646743601505584
5021,80.21000000000785,-0.00827468688412175,0.026467318524665242
5022,80.22000000000784,-0.008274722477058623,0.026467201119686066
5023,80.23000000000785,-0.008274758044802544,0.026467083800038965
5024,80.24000000000785,-0.008274793587376317,0.02646696656564467
5025,80.25000000000786,-0.008274829104802733,0.026466849416424028
5026,80.26000000000786,-0.008274864597104551,0.026466732352297944
5027,80.27000000000785,-0.008274900064304508,0.026466615373187445
5028,80.28000000000786,-0.00827493550642531,0.026466498479013622
5029,80.29000000000786,-0.00827497092348964,0.026466381669697673
5030,80.30000000000786,-0.00827500631552016,0.02646626494516088
5031,80.31000000000786,-0.008275041682539503,0.026466148305324615
5032,80.32000000000787,-0.008275077024570277,0.026466031750110336
5033,80.33000000000787,-0.008275112341635063,0.026465915279439606
5034,80.34000000000788,-0.008275147633756422,0.02646579889323405
5035,80.35000000000787,-0.008275182900956886,0.02646568259141541
5036,80.36000000000787,-0.008275218143258963,0.0264655663739055
5037,80.37000000000788,-0.00827525336068513,0.026465450240626236
5038,80.38000000000787,-0.008275288553257857,0.02646533419149961
5039,80.39000000000787,-0.008275323720999563,0.0264652182264477
5040,80.40000000000788,-0.008275358863932663,0.026465102345392687
5041,80.41000000000788,-0.00827539398207954,0.026464986548256835
5042,80.42000000000789,-0.008275429075462545,0.026464870834962496
5043,80.43000000000788,-0.008275464144104022,0.026464755205432122
5044,80.44000000000788,-0.008275499188026269,0.026464639659588216
5045,80.45000000000789,-0.008275534207251576,0.026464524197353418
5046,80.46000000000788,-0.008275569201802196,0.02646440881865042
5047,80.47000000000789,-0.008275604171700366,0.026464293523402013
5048,80.48000000000789,-0.008275639116968296,0.026464178311531084
5049,80.4900000000079,-0.008275674037628166,0.0264640631829606
5050,80.5000000000079,-0.008275708933702143,0.026463948137613616
5051,80.51000000000789,-0.008275743805212354,0.026463833175413263
5052,80.5200000000079,-0.008275778652180914,0.026463718296282787
5053,80.5300000000079,-0.008275813474629913,0.026463603500145497
5054,80.5400000000079,-0.008275848272581406,0.026463488786924803
5055,80.5500000000079,-0.008275883046057428,0.02646337415654418
5056,80.5600000000079,-0.008275917795080003,0.026463259608927234
5057,80.57000000000791,-0.008275952519671106,0.026463145143997592
5058,80.58000000000791,-0.008275987219852711,0.02646303076167904
5059,80.5900000000079,-0.008276021895646754,0.0264629164618954
5060,80.60000000000791,-0.008276056547075148,0.026462802244570587
5061,80.61000000000791,-0.008276091174159788,0.02646268810962863
5062,80.6200000000079,-0.008276125776922537,0.026462574056993614
5063,80.63000000000791,-0.008276160355385238,0.026462460086589715
5064,80.64000000000792,-0.008276194909569714,0.026462346198341213
5065,80.65000000000792,-0.008276229439497752,0.026462232392172456
5066,80.66000000000793,-0.00827626394519113,0.026462118668007885
5067,80.67000000000792,-0.008276298426671583,0.02646200502577202
5068,80.68000000000792,-0.008276332883960843,0.026461891465389475
5069,80.69000000000793,-0.008276367317080605,0.026461777986784944
5070,80.70000000000792,-0.008276401726052544,0.02646166458988321
5071,80.71000000000792,-0.008276436110898308,0.026461551274609137
5072,80.72000000000793,-0.00827647047163952,0.02646143804088768
5073,80.73000000000793,-0.008276504808297787,0.02646132488864386
5074,80.74000000000794,-0.00827653912089469,0.02646121181780282
5075,80.75000000000793,-0.008276573409451772,0.026461098828289734
5076,80.76000000000793,-0.008276607673990577,0.02646098592002992
5077,80.77000000000794,-0.008276641914532604,0.026460873092948735
5078,80.78000000000793,-0.008276676131099338,0.026460760346971642
5079,80.79000000000794,-0.008276710323712235,0.026460647682024174
5080,80.80000000000794,-0.00827674449239274,0.02646053509803198
5081,80.81000000000795,-0.008276778637162257,0.026460422594920745
5082,80.82000000000795,-0.008276812758042176,0.026460310172616276
5083,80.83000000000794,-0.008276846855053865,0.026460197831044446
5084,80.84000000000795,-0.008276880928218662,0.026460085570131214
5085,80.85000000000795,-0.008276914977557887,0.026459973389802625
5086,80.86000000000794,-0.008276949003092834,0.026459861289984815
5087,80.87000000000795,-0.00827698300484477,0.026459749270603974
5088,80.88000000000795,-0.00827701698283495,0.02645963733158642
5089,80.89000000000796,-0.008277050937084593,0.026459525472858517
5090,80.90000000000796,-0.0082770848676149,0.026459413694346727
5091,80.91000000000795,-0.008277118774447052,0.026459301995977593
5092,80.92000000000796,-0.008277152657602198,0.02645919037767774
5093,80.93000000000796,-0.008277186517101468,0.026459078839373863
5094,80.94000000000796,-0.008277220352965981,0.026458967380992786
5095,80.95000000000796,-0.00827725416521681,0.02645885600246135
5096,80.96000000000797,-0.008277287953875018,0.02645874470370652
5097,80.97000000000797,-0.008277321718961646,0.026458633484655335
5098,80.98000000000798,-0.008277355460497711,0.026458522345234915
5099,80.99000000000797,-0.008277389178504197,0.026458411285372452
5100,81.00000000000797,-0.008277422873002082,0.02645830030499524
5101,81.01000000000798,-0.008277456544012305,0.02645818940403064
5102,81.02000000000797,-0.008277490191555792,0.026458078582406095
5103,81.03000000000797,-0.008277523815653439,0.02645796784004912
5104,81.04000000000798,-0.00827755741632613,0.026457857176887357
5105,81.05000000000798,-0.008277590993594717,0.02645774659284847
5106,81.06000000000799,-0.008277624547480024,0.026457636087860226
5107,81.07000000000798,-0.008277658078002867,0.026457525661850494
5108,81.08000000000798,-0.008277691585184028,0.026457415314747202
5109,81.09000000000799,-0.008277725069044272,0.02645730504647836
5110,81.10000000000798,-0.00827775852960434,0.02645719485697207
5111,81.11000000000799,-0.008277791966884943,0.026457084746156496
5112,81.12000000000799,-0.008277825380906781,0.026456974713959903
5113,81.130000000008,-0.008277858771690523,0.026456864760310617
5114,81.140000000008,-0.008277892139256822,0.026456754885137063
5115,81.15000000000799,-0.008277925483626302,0.026456645088367745
5116,81.160000000008,-0.008277958804819565,0.026456535369931217
5117,81.170000000008,-0.008277992102857196,0.02645642572975615
5118,81.180000000008,-0.008278025377759754,0.026456316167771277
5119,81.190000000008,-0.008278058629547773,0.026456206683905418
5120,81.200000000008,-0.008278091858241767,0.026456097278087464
5121,81.21000000000801,-0.008278125063862232,0.026455987950246392
5122,81.22000000000801,-0.008278158246429636,0.026455878700311266
5123,81.230000000008,-0.008278191405964419,0.026455769528211198
5124,81.24000000000801,-0.008278224542487014,0.026455660433875417
5125,81.25000000000801,-0.008278257656017819,0.026455551417233204
5126,81.260000000008,-0.008278290746577212,0.026455442478213947
5127,81.27000000000801,-0.008278323814185558,0.02645533361674708
5128,81.28000000000802,-0.008278356858863186,0.026455224832762143
5129,81.29000000000802,-0.008278389880630413,0.026455116126188744
5130,81.30000000000803,-0.008278422879507525,0.026455007496956548
5131,81.31000000000802,-0.008278455855514795,0.026454898944995347
5132,81.32000000000802,-0.008278488808672468,0.02645479047023497
5133,81.33000000000803,-0.00827852173900077,0.026454682072605335
5134,81.34000000000802,-0.008278554646519906,0.026454573752036456
5135,81.35000000000802,-0.008278587531250055,0.0264544655084584
5136,81.36000000000803,-0.008278620393211374,0.026454357341801314
5137,81.37000000000803,-0.008278653232423997,0.02645424925199544
5138,81.38000000000804,-0.008278686048908046,0.0264541412389711
5139,81.39000000000803,-0.008278718842683611,0.026454033302658667
5140,81.40000000000803,-0.008278751613770764,0.026453925442988614
5141,81.41000000000804,-0.008278784362189547,0.026453817659891472
5142,81.42000000000803,-0.00827881708796,0.026453709953297884
5143,81.43000000000804,-0.008278849791102114,0.026453602323138526
5144,81.44000000000804,-0.008278882471635886,0.026453494769344187
5145,81.45000000000805,-0.008278915129581267,0.02645338729184571
5146,81.46000000000805,-0.00827894776495821,0.026453279890574038
5147,81.47000000000804,-0.008278980377786621,0.026453172565460162
5148,81.48000000000805,-0.008279012968086401,0.026453065316435164
5149,81.49000000000805,-0.008279045535877435,0.026452958143430225
5150,81.50000000000804,-0.008279078081179562,0.026452851046376555
5151,81.51000000000805,-0.008279110604012622,0.026452744025205477
5152,81.52000000000805,-0.008279143104396428,0.02645263707984838
5153,81.53000000000806,-0.008279175582350765,0.026452530210236736
5154,81.54000000000806,-0.0082792080378954,0.026452423416302065
5155,81.55000000000805,-0.00827924047105008,0.026452316697975996
5156,81.56000000000806,-0.008279272881834533,0.02645221005519023
5157,81.57000000000806,-0.008279305270268458,0.026452103487876515
5158,81.58000000000806,-0.008279337636371542,0.02645199699596672
5159,81.59000000000806,-0.008279369980163442,0.02645189057939274
5160,81.60000000000807,-0.008279402301663798,0.026451784238086588
5161,81.61000000000807,-0.008279434600892229,0.026451677971980326
5162,81.62000000000808,-0.008279466877868331,0.026451571781006104
5163,81.63000000000807,-0.008279499132611681,0.02645146566509614
5164,81.64000000000807,-0.008279531365141833,0.026451359624182734
5165,81.65000000000808,-0.008279563575478316,0.02645125365819825
5166,81.66000000000807,-0.00827959576364065,0.02645114776707514
5167,81.67000000000807,-0.008279627929648323,0.026451041950745928
5168,81.68000000000808,-0.008279660073520802,0.0264509362091432
5169,81.69000000000808,-0.008279692195277535,0.026450830542199637
5170,81.70000000000809,-0.008279724294937955,0.026450724949847973
5171,81.71000000000808,-0.008279756372521468,0.026450619432021042
5172,81.72000000000808,-0.008279788428047455,0.026450513988651718
5173,81.73000000000809,-0.008279820461535284,0.026450408619672974
5174,81.74000000000808,-0.008279852473004301,0.026450303325017868
5175,81.75000000000809,-0.008279884462473824,0.026450198104619498
5176,81.76000000000809,-0.008279916429963162,0.02645009295841107
5177,81.7700000000081,-0.008279948375491586,0.02644998788632582
5178,81.7800000000081,-0.008279980299078367,0.026449882888297117
5179,81.79000000000809,-0.008280012200742742,0.026449777964258354
5180,81.8000000000081,-0.008280044080503923,0.026449673114143014
5181,81.8100000000081,-0.008280075938381117,0.026449568337884664
5182,81.8200000000081,-0.008280107774393497,0.026449463635416927
5183,81.8300000000081,-0.008280139588560222,0.02644935900667352
5184,81.8400000000081,-0.008280171380900422,0.0264492544515882
5185,81.85000000000811,-0.008280203151433222,0.026449149970094836
5186,81.86000000000811,-0.008280234900177706,0.026449045562127342
5187,81.8700000000081,-0.008280266627152958,0.02644894122761972
5188,81.88000000000811,-0.008280298332378028,0.02644883696650604
5189,81.89000000000811,-0.008280330015871945,0.02644873277872043
5190,81.9000000000081,-0.008280361677653732,0.026448628664197123
5191,81.91000000000811,-0.008280393317742368,0.02644852462287039
5192,81.92000000000812,-0.008280424936156834,0.026448420654674603
5193,81.93000000000812,-0.008280456532916081,0.026448316759544194
5194,81.94000000000813,-0.008280488108039037,0.026448212937413656
5195,81.95000000000812,-0.008280519661544614,0.026448109188217578
5196,81.96000000000812,-0.008280551193451696,0.026448005511890582
5197,81.97000000000813,-0.008280582703779163,0.026447901908367415
5198,81.98000000000812,-0.008280614192545862,0.026447798377582866
5199,81.99000000000812,-0.008280645659770616,0.026447694919471784
5200,82.00000000000813,-0.008280677105472242,0.026447591533969115
5201,82.01000000000813,-0.008280708529669523,0.026447488221009858
5202,82.02000000000814,-0.008280739932381228,0.02644738498052909
5203,82.03000000000813,-0.00828077131362611,0.026447281812461976
5204,82.04000000000813,-0.008280802673422892,0.02644717871674371
5205,82.05000000000814,-0.008280834011790294,0.026447075693309622
5206,82.06000000000813,-0.008280865328746985,0.026446972742095027
5207,82.07000000000814,-0.008280896624311649,0.026446869863035394
5208,82.08000000000814,-0.008280927898502925,0.026446767056066217
5209,82.09000000000815,-0.008280959151339447,0.026446664321123064
5210,82.10000000000815,-0.008280990382839819,0.02644656165814159
5211,82.11000000000814,-0.008281021593022632,0.02644645906705751
5212,82.12000000000815,-0.008281052781906455,0.02644635654780661
5213,82.13000000000815,-0.008281083949509833,0.026446254100324747
5214,82.14000000000814,-0.008281115095851298,0.02644615172454785
5215,82.15000000000815,-0.008281146220949352,0.02644604942041191
5216,82.16000000000815,-0.00828117732482249,0.026445947187853012
5217,82.17000000000816,-0.00828120840748918,0.026445845026807274
5218,82.18000000000816,-0.00828123946896787,0.026445742937210914
5219,82.19000000000815,-0.00828127050927699,0.02644564091900021
5220,82.20000000000816,-0.00828130152843495,0.026445538972111503
5221,82.21000000000816,-0.00828133252646014,0.026445437096481235
5222,82.22000000000816,-0.00828136350337093,0.02644533529204586
5223,82.23000000000816,-0.008281394459185668,0.026445233558741947
5224,82.24000000000817,-0.00828142539392269,0.02644513189650613
5225,82.25000000000817,-0.008281456307600306,0.026445030305275098
5226,82.26000000000818,-0.008281487200236805,0.026444928784985607
5227,82.27000000000817,-0.008281518071850463,0.02644482733557451
5228,82.28000000000817,-0.008281548922459527,0.02644472595697869
5229,82.29000000000818,-0.008281579752082241,0.026444624649135138
5230,82.30000000000817,-0.00828161056073681,0.026444523411980878
5231,82.31000000000817,-0.008281641348441428,0.026444422245453018
5232,82.32000000000818,-0.008281672115214274,0.02644432114948874
5233,82.33000000000818,-0.008281702861073506,0.026444220124025312
5234,82.34000000000819,-0.00828173358603725,0.02644411916900001
5235,82.35000000000818,-0.008281764290123632,0.026444018284350248
5236,82.36000000000818,-0.00828179497335075,0.026443917470013466
5237,82.37000000000819,-0.008281825635736673,0.026443816725927178
5238,82.38000000000818,-0.00828185627729947,0.026443716052028984
5239,82.39000000000819,-0.008281886898057176,0.02644361544825654
5240,82.40000000000819,-0.008281917498027811,0.02644351491454756
5241,82.4100000000082,-0.008281948077229376,0.026443414450839843
5242,82.4200000000082,-0.008281978635679858,0.026443314057071243
5243,82.43000000000819,-0.008282009173397215,0.0264432137331797
5244,82.4400000000082,-0.008282039690399392,0.026443113479103195
5245,82.4500000000082,-0.008282070186704312,0.026443013294779796
5246,82.4600000000082,-0.00828210066232988,0.026442913180147628
5247,82.4700000000082,-0.00828213111729399,0.0264428131351449
5248,82.4800000000082,-0.008282161551614502,0.026442713159709873
5249,82.49000000000821,-0.008282191965309266,0.02644261325378087
5250,82.50000000000821,-0.008282222358396114,0.02644251341729631
5251,82.5100000000082,-0.008282252730892854,0.026442413650194632
5252,82.52000000000821,-0.008282283082817279,0.026442313952414382
5253,82.53000000000822,-0.008282313414187161,0.026442214323894174
5254,82.5400000000082,-0.008282343725020253,0.026442114764572647
5255,82.55000000000821,-0.008282374015334291,0.026442015274388556
5256,82.56000000000822,-0.008282404285146993,0.026441915853280696
5257,82.57000000000822,-0.008282434534476054,0.026441816501187917
5258,82.58000000000823,-0.008282464763339154,0.02644171721804918
5259,82.59000000000822,-0.00828249497175395,0.02644161800380346
5260,82.60000000000822,-0.008282525159738085,0.026441518858389832
5261,82.61000000000823,-0.008282555327309178,0.02644141978174742
5262,82.62000000000822,-0.008282585474484835,0.026441320773815433
5263,82.63000000000822,-0.008282615601282644,0.02644122183453313
5264,82.64000000000823,-0.008282645707720172,0.026441122963839842
5265,82.65000000000823,-0.00828267579381496,0.026441024161674955
5266,82.66000000000824,-0.00828270585958454,0.02644092542797794
5267,82.67000000000823,-0.008282735905046424,0.026440826762688323
5268,82.68000000000823,-0.008282765930218101,0.026440728165745685
5269,82.69000000000824,-0.008282795935117047,0.026440629637089687
5270,82.70000000000823,-0.008282825919760716,0.02644053117666006
5271,82.71000000000824,-0.008282855884166542,0.02644043278439658
5272,82.72000000000824,-0.008282885828351948,0.02644033446023912
5273,82.73000000000825,-0.008282915752334329,0.026440236204127575
5274,82.74000000000825,-0.00828294565613107,0.026440138016001948
5275,82.75000000000824,-0.00828297553975953,0.026440039895802285
5276,82.76000000000825,-0.008283005403237054,0.026439941843468682
5277,82.77000000000825,-0.008283035246580967,0.026439843858941325
5278,82.78000000000824,-0.008283065069808582,0.026439745942160465
5279,82.79000000000825,-0.008283094872937182,0.026439648093066398
5280,82.80000000000825,-0.008283124655984046,0.02643955031159952
5281,82.81000000000826,-0.008283154418966416,0.02643945259770024
5282,82.82000000000826,-0.008283184161901531,0.026439354951309058
5283,82.83000000000825,-0.008283213884806611,0.026439257372366555
5284,82.84000000000826,-0.00828324358769885,0.026439159860813355
5285,82.85000000000827,-0.008283273270595432,0.026439062416590154
5286,82.86000000000826,-0.008283302933513518,0.026438965039637708
5287,82.87000000000826,-0.008283332576470247,0.026438867729896835
5288,82.88000000000827,-0.00828336219948275,0.02643877048730842
5289,82.89000000000827,-0.008283391802568131,0.02643867331181341
5290,82.90000000000828,-0.008283421385743483,0.026438576203352823
5291,82.91000000000827,-0.008283450949025878,0.026438479161867746
5292,82.92000000000827,-0.008283480492432363,0.02643838218729929
5293,82.93000000000828,-0.008283510015979979,0.02643828527958868
5294,82.94000000000827,-0.008283539519685745,0.026438188438677183
5295,82.95000000000827,-0.008283569003566658,0.026438091664506124
5296,82.96000000000828,-0.008283598467639701,0.026437994957016892
5297,82.97000000000828,-0.008283627911921833,0.02643789831615095
5298,82.98000000000829,-0.008283657336430007,0.026437801741849815
5299,82.99000000000828,-0.008283686741181148,0.02643770523405507
5300,83.00000000000828,-0.008283716126192166,0.02643760879270835
5301,83.01000000000829,-0.008283745491479958,0.026437512417751392
5302,83.02000000000828,-0.00828377483706139,0.026437416109125932
5303,83.03000000000829,-0.008283804162953328,0.026437319866773834
5304,83.04000000000829,-0.008283833469172604,0.026437223690636964
5305,83.0500000000083,-0.008283862755736048,0.02643712758065731
5306,83.0600000000083,-0.008283892022660454,0.026437031536776873
5307,83.07000000000829,-0.008283921269962616,0.026436935558937738
5308,83.0800000000083,-0.0082839504976593,0.02643683964708206
5309,83.0900000000083,-0.00828397970576726,0.026436743801152053
5310,83.1000000000083,-0.00828400889430322,0.02643664802108996
5311,83.1100000000083,-0.008284038063283906,0.02643655230683814
5312,83.1200000000083,-0.008284067212726013,0.02643645665833897
5313,83.13000000000831,-0.008284096342646225,0.02643636107553492
5314,83.14000000000831,-0.008284125453061198,0.02643626555836849
5315,83.1500000000083,-0.00828415454398758,0.026436170106782276
5316,83.16000000000831,-0.008284183615442003,0.02643607472071891
5317,83.17000000000832,-0.008284212667441074,0.026435979400121084
5318,83.1800000000083,-0.008284241700001388,0.026435884144931577
5319,83.19000000000831,-0.008284270713139525,0.02643578895509322
5320,83.20000000000832,-0.008284299706872039,0.02643569383054889
5321,83.21000000000832,-0.008284328681215468,0.026435598771241523
5322,83.22000000000833,-0.008284357636186342,0.026435503777114153
5323,83.23000000000832,-0.008284386571801168,0.026435408848109833
5324,83.24000000000832,-0.008284415488076432,0.02643531398417169
5325,83.25000000000833,-0.008284444385028606,0.026435219185242925
5326,83.26000000000832,-0.008284473262674149,0.026435124451266803
5327,83.27000000000832,-0.008284502121029495,0.02643502978218661
5328,83.28000000000833,-0.008284530960111064,0.026434935177945734
5329,83.29000000000833,-0.008284559779935263,0.026434840638487615
5330,83.30000000000834,-0.008284588580518474,0.02643474616375574
5331,83.31000000000833,-0.00828461736187707,0.02643465175369367
5332,83.32000000000833,-0.008284646124027397,0.02643455740824502
5333,83.33000000000834,-0.008284674866985794,0.026434463127353456
5334,83.34000000000833,-0.00828470359076858,0.02643436891096273
5335,83.35000000000834,-0.008284732295392054,0.026434274759016625
5336,83.36000000000834,-0.008284760980872498,0.026434180671459015
5337,83.37000000000835,-0.008284789647226183,0.026434086648233806
5338,83.38000000000835,-0.008284818294469353,0.02643399268928497
5339,83.39000000000834,-0.008284846922618246,0.026433898794556553
5340,83.40000000000835,-0.00828487553168907,0.026433804963992648
5341,83.41000000000835,-0.008284904121698031,0.0264337111975374
5342,83.42000000000834,-0.00828493269266131,0.02643361749513505
5343,83.43000000000835,-0.008284961244595069,0.026433523856729854
5344,83.44000000000835,-0.00828498977751546,0.02643343028226615
5345,83.45000000000836,-0.008285018291438608,0.02643333677168833
5346,83.46000000000836,-0.008285046786380633,0.02643324332494085
5347,83.47000000000835,-0.00828507526235763,0.026433149941968218
5348,83.48000000000836,-0.00828510371938568,0.02643305662271502
5349,83.49000000000837,-0.008285132157480852,0.02643296336712587
5350,83.50000000000836,-0.008285160576659187,0.026432870175145465
5351,83.51000000000836,-0.00828518897693672,0.026432777046718557
5352,83.52000000000837,-0.008285217358329459,0.026432683981789946
5353,83.53000000000837,-0.008285245720853408,0.026432590980304503
5354,83.54000000000838,-0.008285274064524546,0.026432498042207153
5355,83.55000000000837,-0.008285302389358835,0.026432405167442878
5356,83.56000000000837,-0.008285330695372224,0.026432312355956715
5357,83.57000000000838,-0.00828535898258064,0.026432219607693774
5358,83.58000000000837,-0.008285387251000007,0.026432126922599216
5359,83.59000000000837,-0.008285415500646211,0.02643203430061825
5360,83.60000000000838,-0.00828544373153514,0.026431941741696153
5361,83.61000000000838,-0.008285471943682655,0.026431849245778263
5362,83.62000000000839,-0.00828550013710461,0.026431756812809962
5363,83.63000000000838,-0.008285528311816831,0.026431664442736716
5364,83.64000000000838,-0.008285556467835133,0.02643157213550402
5365,83.65000000000839,-0.00828558460517532,0.026431479891057444
5366,83.66000000000838,-0.008285612723853171,0.026431387709342617
5367,83.67000000000839,-0.00828564082388445,0.026431295590305205
5368,83.68000000000839,-0.00828566890528491,0.026431203533890963
5369,83.6900000000084,-0.008285696968070286,0.026431111540045682
5370,83.7000000000084,-0.008285725012256292,0.026431019608715224
5371,83.71000000000839,-0.008285753037858628,0.02643092773984548
5372,83.7200000000084,-0.008285781044892979,0.026430835933382434
5373,83.7300000000084,-0.008285809033375016,0.026430744189272118
5374,83.7400000000084,-0.008285837003320386,0.026430652507460604
5375,83.7500000000084,-0.008285864954744728,0.026430560887894035
5376,83.7600000000084,-0.008285892887663661,0.02643046933051861
5377,83.77000000000841,-0.008285920802092788,0.026430377835280582
5378,83.78000000000841,-0.008285948698047697,0.02643028640212627
5379,83.7900000000084,-0.00828597657554396,0.026430195031002045
5380,83.80000000000841,-0.00828600443459713,0.02643010372185432
5381,83.81000000000842,-0.008286032275222743,0.026430012474629574
5382,83.8200000000084,-0.008286060097436323,0.026429921289274353
5383,83.83000000000841,-0.00828608790125338,0.02642983016573526
5384,83.84000000000842,-0.008286115686689405,0.02642973910395895
5385,83.85000000000842,-0.00828614345375987,0.026429648103892114
5386,83.86000000000843,-0.00828617120248023,0.02642955716548152
5387,83.87000000000842,-0.008286198932865932,0.026429466288674
5388,83.88000000000842,-0.008286226644932407,0.026429375473416426
5389,83.89000000000843,-0.008286254338695056,0.026429284719655728
5390,83.90000000000842,-0.008286282014169278,0.026429194027338898
5391,83.91000000000842,-0.008286309671370454,0.02642910339641298
5392,83.92000000000843,-0.008286337310313946,0.02642901282682509
5393,83.93000000000843,-0.008286364931015098,0.02642892231852236
5394,83.94000000000844,-0.008286392533489244,0.026428831871452025
5395,83.95000000000843,-0.0082864201177517,0.02642874148556134
5396,83.96000000000843,-0.00828644768381776,0.02642865116079763
5397,83.97000000000844,-0.008286475231702716,0.026428560897108287
5398,83.98000000000843,-0.008286502761421833,0.026428470694440744
5399,83.99000000000844,-0.008286530272990358,0.02642838055274248
5400,84.00000000000844,-0.008286557766423532,0.02642829047196105
5401,84.01000000000845,-0.00828658524173658,0.02642820045204406
5402,84.02000000000845,-0.008286612698944701,0.02642811049293917
5403,84.03000000000844,-0.008286640138063085,0.02642802059459407
5404,84.04000000000845,-0.008286667559106913,0.02642793075695656
5405,84.05000000000845,-0.008286694962091327,0.026427840979974422
5406,84.06000000000844,-0.00828672234703149,0.026427751263595575
5407,84.07000000000845,-0.008286749713942514,0.026427661607767928
5408,84.08000000000845,-0.008286777062839517,0.026427572012439473
5409,84.09000000000846,-0.008286804393737591,0.026427482477558252
5410,84.10000000000846,-0.008286831706651822,0.02642739300307237
5411,84.11000000000845,-0.008286859001597268,0.02642730358892996
5412,84.12000000000846,-0.008286886278588984,0.02642721423507925
5413,84.13000000000847,-0.008286913537642,0.026427124941468476
5414,84.14000000000846,-0.008286940778771335,0.02642703570804597
5415,84.15000000000846,-0.008286968001991992,0.026426946534760097
5416,84.16000000000847,-0.00828699520731896,0.026426857421559282
5417,84.17000000000847,-0.008287022394767215,0.026426768368392004
5418,84.18000000000848,-0.008287049564351704,0.02642667937520678
5419,84.19000000000847,-0.008287076716087373,0.026426590441952214
5420,84.20000000000847,-0.008287103849989147,0.026426501568576934
5421,84.21000000000848,-0.008287130966071941,0.02642641275502965
5422,84.22000000000847,-0.008287158064350647,0.02642632400125909
5423,84.23000000000847,-0.008287185144840144,0.026426235307214076
5424,84.24000000000848,-0.0082872122075553,0.026426146672843442
5425,84.25000000000848,-0.00828723925251096,0.026426058098096103
5426,84.26000000000849,-0.008287266279721964,0.02642596958292104
5427,84.27000000000848,-0.008287293289203124,0.02642588112726724
5428,84.28000000000849,-0.00828732028096925,0.02642579273108379
5429,84.29000000000849,-0.008287347255035129,0.026425704394319814
5430,84.30000000000848,-0.008287374211415531,0.026425616116924483
5431,84.31000000000849,-0.008287401150125221,0.026425527898847022
5432,84.32000000000849,-0.008287428071178935,0.026425439740036735
5433,84.3300000000085,-0.008287454974591409,0.02642535164044293
5434,84.3400000000085,-0.008287481860377352,0.026425263600015014
5435,84.35000000000849,-0.00828750872855146,0.026425175618702425
5436,84.3600000000085,-0.00828753557912842,0.026425087696454654
5437,84.3700000000085,-0.008287562412122897,0.026424999833221254
5438,84.3800000000085,-0.008287589227549543,0.026424912028951822
5439,84.3900000000085,-0.008287616025423,0.02642482428359601
5440,84.4000000000085,-0.008287642805757887,0.02642473659710353
5441,84.41000000000851,-0.008287669568568816,0.02642464896942414
5442,84.42000000000851,-0.008287696313870378,0.026424561400507647
5443,84.4300000000085,-0.008287723041677148,0.026424473890303918
5444,84.44000000000851,-0.008287749752003694,0.02642438643876287
5445,84.45000000000852,-0.008287776444864562,0.02642429904583446
5446,84.4600000000085,-0.008287803120274289,0.026424211711468727
5447,84.47000000000851,-0.008287829778247387,0.026424124435615735
5448,84.48000000000852,-0.008287856418798364,0.026424037218225612
5449,84.49000000000852,-0.00828788304194171,0.02642395005924853
5450,84.50000000000853,-0.0082879096476919,0.02642386295863473
5451,84.51000000000852,-0.008287936236063385,0.026423775916334477
5452,84.52000000000852,-0.008287962807070618,0.026423688932298108
5453,84.53000000000853,-0.008287989360728028,0.026423602006476015
5454,84.54000000000852,-0.00828801589705003,0.026423515138818642
5455,84.55000000000852,-0.008288042416051024,0.026423428329276463
5456,84.56000000000853,-0.008288068917745393,0.026423341577800016
5457,84.57000000000853,-0.00828809540214751,0.026423254884339904
5458,84.58000000000854,-0.008288121869271737,0.026423168248846773
5459,84.59000000000853,-0.008288148319132405,0.0264230816712713
5460,84.60000000000854,-0.008288174751743848,0.026422995151564245
5461,84.61000000000854,-0.008288201167120379,0.0264229086896764
5462,84.62000000000853,-0.008288227565276295,0.026422822285558617
5463,84.63000000000854,-0.008288253946225876,0.0264227359391618
5464,84.64000000000854,-0.008288280309983399,0.026422649650436895
5465,84.65000000000855,-0.00828830665656311,0.026422563419334896
5466,84.66000000000855,-0.008288332985979257,0.026422477245806868
5467,84.67000000000854,-0.008288359298246058,0.02642239112980391
5468,84.68000000000855,-0.00828838559337773,0.026422305071277175
5469,84.69000000000855,-0.008288411871388464,0.026422219070177874
5470,84.70000000000854,-0.008288438132292445,0.026422133126457265
5471,84.71000000000855,-0.00828846437610384,0.026422047240066648
5472,84.72000000000855,-0.008288490602836806,0.02642196141095738
5473,84.73000000000856,-0.008288516812505477,0.02642187563908088
5474,84.74000000000856,-0.008288543005123975,0.026421789924388588
5475,84.75000000000855,-0.008288569180706423,0.026421704266832043
5476,84.76000000000856,-0.008288595339266899,0.026421618666362768
5477,84.77000000000857,-0.008288621480819502,0.026421533122932408
5478,84.78000000000856,-0.008288647605378285,0.026421447636492602
5479,84.79000000000856,-0.008288673712957308,0.026421362206995064
5480,84.80000000000857,-0.00828869980357061,0.026421276834391556
5481,84.81000000000857,-0.008288725877232212,0.02642119151863389
5482,84.82000000000858,-0.008288751933956126,0.026421106259673918
5483,84.83000000000857,-0.00828877797375635,0.026421021057463575
5484,84.84000000000857,-0.008288803996646863,0.026420935911954792
5485,84.85000000000858,-0.008288830002641636,0.026420850823099595
5486,84.86000000000857,-0.008288855991754617,0.02642076579085004
5487,84.87000000000857,-0.008288881963999748,0.026420680815158238
5488,84.88000000000858,-0.008288907919390956,0.026420595895976343
5489,84.89000000000858,-0.008288933857942151,0.02642051103325658
5490,84.90000000000859,-0.008288959779667227,0.026420426226951184
5491,84.91000000000858,-0.008288985684580074,0.026420341477012485
5492,84.92000000000859,-0.00828901157269455,0.02642025678339282
5493,84.93000000000859,-0.008289037444024523,0.026420172146044616
5494,84.94000000000858,-0.008289063298583822,0.02642008756492031
5495,84.95000000000859,-0.00828908913638628,0.02642000303997242
5496,84.96000000000859,-0.00828911495744571,0.026419918571153497
5497,84.9700000000086,-0.008289140761775905,0.02641983415841613
5498,84.9800000000086,-0.008289166549390659,0.026419749801713
5499,84.99000000000859,-0.008289192320303737,0.026419665500996795
5500,85.0000000000086,-0.008289218074528898,0.026419581256220258
5501,85.0100000000086,-0.008289243812079882,0.02641949706733619
5502,85.0200000000086,-0.008289269532970423,0.02641941293429744
5503,85.0300000000086,-0.008289295237214235,0.026419328857056917
5504,85.0400000000086,-0.008289320924825013,0.026419244835567547
5505,85.05000000000861,-0.008289346595816453,0.02641916086978233
5506,85.06000000000861,-0.008289372250202227,0.02641907695965432
5507,85.0700000000086,-0.008289397887995993,0.026418993105136596
5508,85.08000000000861,-0.008289423509211396,0.026418909306182292
5509,85.09000000000862,-0.008289449113862073,0.026418825562744615
5510,85.1000000000086,-0.00828947470196164,0.026418741874776778
5511,85.11000000000861,-0.008289500273523704,0.026418658242232083
5512,85.12000000000862,-0.008289525828561852,0.026418574665063862
5513,85.13000000000862,-0.008289551367089663,0.026418491143225482
5514,85.14000000000863,-0.008289576889120704,0.02641840767667038
5515,85.15000000000862,-0.008289602394668527,0.026418324265352042
5516,85.16000000000862,-0.008289627883746657,0.026418240909223966
5517,85.17000000000863,-0.00828965335636863,0.026418157608239748
5518,85.18000000000862,-0.008289678812547946,0.026418074362353
5519,85.19000000000862,-0.008289704252298108,0.026417991171517396
5520,85.20000000000863,-0.00828972967563259,0.026417908035686638
5521,85.21000000000863,-0.008289755082564871,0.02641782495481451
5522,85.22000000000864,-0.008289780473108396,0.026417741928854804
5523,85.23000000000863,-0.008289805847276613,0.026417658957761384
5524,85.24000000000864,-0.008289831205082945,0.026417576041488162
5525,85.25000000000864,-0.008289856546540809,0.026417493179989083
5526,85.26000000000863,-0.008289881871663607,0.026417410373218157
5527,85.27000000000864,-0.008289907180464722,0.02641732762112942
5528,85.28000000000864,-0.008289932472957534,0.02641724492367698
5529,85.29000000000865,-0.008289957749155401,0.02641716228081498
5530,85.30000000000865,-0.00828998300907167,0.026417079692497597
5531,85.31000000000864,-0.008290008252719668,0.026416997158679068
5532,85.32000000000865,-0.008290033480112724,0.02641691467931369
5533,85.33000000000865,-0.008290058691264143,0.026416832254355788
5534,85.34000000000864,-0.00829008388618722,0.026416749883759735
5535,85.35000000000865,-0.008290109064895232,0.02641666756747997
5536,85.36000000000865,-0.008290134227401443,0.02641658530547094
5537,85.37000000000866,-0.008290159373719111,0.026416503097687182
5538,85.38000000000866,-0.00829018450386148,0.026416420944083262
5539,85.39000000000865,-0.00829020961784177,0.026416338844613783
5540,85.40000000000866,-0.008290234715673198,0.0264162567992334
5541,85.41000000000867,-0.008290259797368962,0.026416174807896826
5542,85.42000000000866,-0.008290284862942254,0.02641609287055881
5543,85.43000000000866,-0.008290309912406242,0.026416010987174148
5544,85.44000000000867,-0.008290334945774087,0.026415929157697676
5545,85.45000000000867,-0.008290359963058942,0.026415847382084297
5546,85.46000000000868,-0.008290384964273938,0.026415765660288932
5547,85.47000000000867,-0.008290409949432195,0.02641568399226658
5548,85.48000000000867,-0.008290434918546825,0.026415602377972257
5549,85.49000000000868,-0.008290459871630919,0.026415520817361045
5550,85.50000000000867,-0.008290484808697563,0.026415439310388058
5551,85.51000000000867,-0.00829050972975982,0.02641535785700846
5552,85.52000000000868,-0.00829053463483075,0.02641527645717748
5553,85.53000000000868,-0.008290559523923397,0.026415195110850363
5554,85.54000000000869,-0.008290584397050788,0.026415113817982415
5555,85.55000000000868,-0.008290609254225935,0.02641503257852898
5556,85.56000000000869,-0.008290634095461855,0.026414951392445464
5557,85.57000000000869,-0.008290658920771521,0.026414870259687296
5558,85.58000000000868,-0.008290683730167924,0.026414789180209973
5559,85.59000000000869,-0.008290708523664026,0.026414708153969024
5560,85.60000000000869,-0.008290733301272772,0.02641462718092002
5561,85.6100000000087,-0.00829075806300711,0.0264145462610186
5562,85.6200000000087,-0.008290782808879958,0.026414465394220408
5563,85.63000000000869,-0.008290807538904233,0.02641438458048118
5564,85.6400000000087,-0.008290832253092831,0.02641430381975665
5565,85.6500000000087,-0.008290856951458647,0.026414223112002647
5566,85.6600000000087,-0.00829088163401455,0.026414142457175008
5567,85.6700000000087,-0.0082909063007734,0.026414061855229626
5568,85.6800000000087,-0.008290930951748045,0.02641398130612244
5569,85.69000000000871,-0.008290955586951325,0.026413900809809432
5570,85.70000000000871,-0.00829098020639606,0.026413820366246645
5571,85.7100000000087,-0.008291004810095062,0.026413739975390132
5572,85.72000000000871,-0.008291029398061128,0.02641365963719602
5573,85.73000000000872,-0.008291053970307043,0.02641357935162048
5574,85.7400000000087,-0.008291078526845574,0.026413499118619704
5575,85.75000000000871,-0.008291103067689485,0.026413418938149958
5576,85.76000000000872,-0.008291127592851524,0.026413338810167532
5577,85.77000000000872,-0.008291152102344419,0.02641325873462876
5578,85.78000000000873,-0.008291176596180897,0.026413178711490057
5579,85.79000000000872,-0.008291201074373662,0.02641309874070781
5580,85.80000000000872,-0.008291225536935414,0.026413018822238534
5581,85.81000000000873,-0.008291249983878831,0.026412938956038717
5582,85.82000000000872,-0.008291274415216588,0.02641285914206495
5583,85.83000000000872,-0.008291298830961344,0.02641277938027382
5584,85.84000000000873,-0.008291323231125736,0.026412699670621983
5585,85.85000000000873,-0.008291347615722406,0.02641262001306613
5586,85.86000000000874,-0.008291371984763969,0.026412540407563013
5587,85.87000000000873,-0.008291396338263035,0.02641246085406941
5588,85.88000000000874,-0.008291420676232194,0.026412381352542137
5589,85.89000000000874,-0.008291444998684038,0.026412301902938088
5590,85.90000000000873,-0.00829146930563113,0.026412222505214165
5591,85.91000000000874,-0.008291493597086029,0.026412143159327325
5592,85.92000000000874,-0.00829151787306128,0.026412063865234568
5593,85.93000000000875,-0.008291542133569415,0.02641198462289295
5594,85.94000000000875,-0.008291566378622958,0.026411905432259557
5595,85.95000000000874,-0.008291590608234414,0.026411826293291526
5596,85.96000000000875,-0.008291614822416278,0.02641174720594602
5597,85.97000000000875,-0.008291639021181036,0.02641166817018028
5598,85.98000000000874,-0.008291663204541154,0.026411589185951545
5599,85.99000000000875,-0.008291687372509094,0.026411510253217144
5600,86.00000000000875,-0.0082917115250973,0.026411431371934423
5601,86.01000000000876,-0.008291735662318205,0.02641135254206076
5602,86.02000000000876,-0.00829175978418423,0.026411273763553615
5603,86.03000000000876,-0.008291783890707788,0.02641119503637045
5604,86.04000000000876,-0.008291807981901274,0.026411116360468802
5605,86.05000000000877,-0.008291832057777069,0.02641103773580622
5606,86.06000000000876,-0.00829185611834755,0.02641095916234033
5607,86.07000000000876,-0.008291880163625075,0.026410880640028778
5608,86.08000000000877,-0.008291904193621987,0.02641080216882925
5609,86.09000000000877,-0.00829192820835063,0.026410723748699495
5610,86.10000000000878,-0.008291952207823321,0.026410645379597288
5611,86.11000000000877,-0.00829197619205237,0.026410567061480452
5612,86.12000000000877,-0.008292000161050082,0.026410488794306856
5613,86.13000000000878,-0.008292024114828737,0.026410410578034404
5614,86.14000000000877,-0.008292048053400614,0.026410332412621054
5615,86.15000000000877,-0.008292071976777976,0.026410254298024797
5616,86.16000000000878,-0.008292095884973066,0.026410176234203657
5617,86.17000000000878,-0.008292119777998132,0.026410098221115726
5618,86.18000000000879,-0.008292143655865392,0.026410020258719125
5619,86.19000000000878,-0.008292167518587067,0.026409942346972016
5620,86.20000000000879,-0.008292191366175355,0.026409864485832595
5621,86.21000000000879,-0.008292215198642443,0.026409786675259117
5622,86.22000000000878,-0.008292239016000513,0.026409708915209867
5623,86.23000000000879,-0.008292262818261733,0.026409631205643182
5624,86.24000000000879,-0.008292286605438251,0.026409553546517438
5625,86.2500000000088,-0.008292310377542213,0.026409475937791044
5626,86.2600000000088,-0.008292334134585747,0.026409398379422466
5627,86.27000000000879,-0.008292357876580971,0.02640932087137019
5628,86.2800000000088,-0.008292381603539989,0.026409243413592756
5629,86.2900000000088,-0.008292405315474899,0.026409166006048767
5630,86.3000000000088,-0.00829242901239778,0.026409088648696847
5631,86.3100000000088,-0.008292452694320704,0.026409011341495644
5632,86.3200000000088,-0.008292476361255728,0.026408934084403878
5633,86.33000000000881,-0.008292500013214896,0.026408856877380288
5634,86.34000000000881,-0.00829252365021025,0.02640877972038369
5635,86.3500000000088,-0.008292547272253807,0.026408702613372897
5636,86.36000000000881,-0.008292570879357577,0.02640862555630678
5637,86.37000000000882,-0.008292594471533564,0.026408548549144272
5638,86.3800000000088,-0.00829261804879375,0.02640847159184432
5639,86.39000000000881,-0.008292641611150111,0.02640839468436592
5640,86.40000000000882,-0.008292665158614612,0.02640831782666812
5641,86.41000000000882,-0.008292688691199208,0.026408241018709994
5642,86.42000000000883,-0.008292712208915833,0.026408164260450666
5643,86.43000000000882,-0.00829273571177642,0.026408087551849306
5644,86.44000000000882,-0.008292759199792884,0.026408010892865107
5645,86.45000000000883,-0.008292782672977127,0.02640793428345732
5646,86.46000000000882,-0.008292806131341049,0.026407857723585233
5647,86.47000000000882,-0.008292829574896523,0.02640778121320817
5648,86.48000000000883,-0.008292853003655426,0.026407704752285502
5649,86.49000000000883,-0.00829287641762961,0.02640762834077663
5650,86.50000000000884,-0.008292899816830929,0.02640755197864102
5651,86.51000000000883,-0.008292923201271214,0.026407475665838148
5652,86.52000000000884,-0.008292946570962285,0.026407399402327548
5653,86.53000000000884,-0.008292969925915957,0.0264073231880688
5654,86.54000000000883,-0.008292993266144032,0.026407247023021503
5655,86.55000000000884,-0.008293016591658296,0.026407170907145318
5656,86.56000000000884,-0.008293039902470524,0.026407094840399936
5657,86.57000000000885,-0.008293063198592488,0.026407018822745095
5658,86.58000000000885,-0.008293086480035933,0.026406942854140563
5659,86.59000000000884,-0.008293109746812608,0.026406866934546153
5660,86.60000000000885,-0.008293132998934244,0.02640679106392173
5661,86.61000000000885,-0.008293156236412552,0.026406715242227177
5662,86.62000000000884,-0.008293179459259252,0.026406639469422434
5663,86.63000000000885,-0.008293202667486031,0.026406563745467477
5664,86.64000000000885,-0.00829322586110458,0.026406488070322323
5665,86.65000000000886,-0.008293249040126564,0.026406412443947015
5666,86.66000000000886,-0.008293272204563655,0.02640633686630167
5667,86.67000000000886,-0.008293295354427499,0.026406261337346408
5668,86.68000000000886,-0.008293318489729735,0.026406185857041405
5669,86.69000000000887,-0.00829334161048199,0.02640611042534688
5670,86.70000000000886,-0.008293364716695884,0.026406035042223084
5671,86.71000000000886,-0.00829338780838302,0.026405959707630322
5672,86.72000000000887,-0.008293410885554988,0.026405884421528907
5673,86.73000000000887,-0.008293433948223378,0.026405809183879244
5674,86.74000000000888,-0.008293456996399756,0.02640573399464171
5675,86.75000000000887,-0.008293480030095682,0.026405658853776787
5676,86.76000000000887,-0.008293503049322706,0.026405583761244956
5677,86.77000000000888,-0.008293526054092362,0.026405508717006743
5678,86.78000000000887,-0.008293549044416182,0.026405433721022737
5679,86.79000000000887,-0.008293572020305675,0.026405358773253538
5680,86.80000000000888,-0.008293594981772349,0.026405283873659792
5681,86.81000000000888,-0.008293617928827691,0.02640520902220219
5682,86.82000000000889,-0.008293640861483188,0.02640513421884148
5683,86.83000000000888,-0.008293663779750306,0.026405059463538404
5684,86.84000000000889,-0.008293686683640498,0.026404984756253774
5685,86.85000000000889,-0.008293709573165227,0.026404910096948453
5686,86.86000000000888,-0.008293732448335913,0.026404835485583308
5687,86.87000000000889,-0.00829375530916399,0.02640476092211927
5688,86.88000000000889,-0.00829377815566087,0.02640468640651731
5689,86.8900000000089,-0.008293800987837954,0.026404611938738408
5690,86.9000000000089,-0.008293823805706639,0.02640453751874363
5691,86.91000000000889,-0.008293846609278297,0.026404463146494042
5692,86.9200000000089,-0.008293869398564304,0.026404388821950765
5693,86.9300000000089,-0.00829389217357602,0.02640431454507496
5694,86.9400000000089,-0.008293914934324787,0.026404240315827818
5695,86.9500000000089,-0.008293937680821942,0.026404166134170574
5696,86.9600000000089,-0.00829396041307881,0.026404092000064504
5697,86.97000000000891,-0.00829398313110671,0.02640401791347092
5698,86.98000000000891,-0.008294005834916943,0.026403943874351174
5699,86.9900000000089,-0.008294028524520802,0.02640386988266665
5700,87.00000000000891,-0.008294051199929563,0.02640379593837877
5701,87.01000000000892,-0.008294073861154501,0.026403722041449012
5702,87.0200000000089,-0.008294096508206877,0.026403648191838873
5703,87.03000000000891,-0.008294119141097931,0.026403574389509892
5704,87.04000000000892,-0.008294141759838914,0.026403500634423663
5705,87.05000000000892,-0.008294164364441041,0.026403426926541792
5706,87.06000000000893,-0.008294186954915529,0.026403353265825928
5707,87.07000000000892,-0.00829420953127359,0.026403279652237786
5708,87.08000000000892,-0.00829423209352641,0.02640320608573909
5709,87.09000000000893,-0.008294254641685175,0.026403132566291607
5710,87.10000000000892,-0.008294277175761054,0.02640305909385714
5711,87.11000000000892,-0.00829429969576522,0.026402985668397563
5712,87.12000000000893,-0.00829432220170881,0.026402912289874732
5713,87.13000000000893,-0.008294344693602965,0.026402838958250578
5714,87.14000000000894,-0.00829436717145882,0.02640276567348706
5715,87.15000000000893,-0.008294389635287489,0.026402692435546174
5716,87.16000000000894,-0.008294412085100084,0.026402619244389972
5717,87.17000000000894,-0.008294434520907695,0.02640254609998051
5718,87.18000000000893,-0.00829445694272141,0.026402473002279898
5719,87.19000000000894,-0.008294479350552306,0.0264023999512503
5720,87.20000000000894,-0.008294501744411445,0.026402326946853884
5721,87.21000000000895,-0.00829452412430988,0.026402253989052882
5722,87.22000000000895,-0.008294546490258656,0.02640218107780955
5723,87.23000000000894,-0.008294568842268804,0.0264021082130862
5724,87.24000000000895,-0.008294591180351347,0.02640203539484515
5725,87.25000000000895,-0.008294613504517292,0.02640196262304878
5726,87.26000000000894,-0.008294635814777641,0.0264018898976595
5727,87.27000000000895,-0.008294658111143384,0.026401817218639757
5728,87.28000000000895,-0.0082946803936255,0.026401744585952038
5729,87.29000000000896,-0.008294702662234957,0.026401671999558864
5730,87.30000000000896,-0.00829472491698271,0.026401599459422782
5731,87.31000000000896,-0.00829474715787971,0.026401526965506406
5732,87.32000000000896,-0.00829476938493689,0.02640145451777236
5733,87.33000000000897,-0.00829479159816518,0.02640138211618331
5734,87.34000000000896,-0.00829481379757549,0.026401309760701968
5735,87.35000000000896,-0.008294835983178728,0.026401237451291075
5736,87.36000000000897,-0.008294858154985785,0.026401165187913404
5737,87.37000000000897,-0.00829488031300755,0.02640109297053178
5738,87.38000000000898,-0.008294902457254892,0.026401020799109057
5739,87.39000000000897,-0.008294924587738672,0.02640094867360812
5740,87.40000000000897,-0.008294946704469749,0.026400876593991915
5741,87.41000000000898,-0.008294968807458955,0.02640080456022337
5742,87.42000000000897,-0.008294990896717133,0.02640073257226552
5743,87.43000000000897,-0.008295012972255092,0.02640066063008138
5744,87.44000000000898,-0.00829503503408365,0.026400588733634028
5745,87.45000000000898,-0.0082950570822136,0.026400516882886572
5746,87.46000000000899,-0.008295079116655743,0.026400445077802166
5747,87.47000000000898,-0.008295101137420848,0.026400373318343988
5748,87.48000000000899,-0.008295123144519684,0.026400301604475252
5749,87.49000000000899,-0.008295145137963013,0.026400229936159217
5750,87.50000000000898,-0.008295167117761583,0.02640015831335917
5751,87.51000000000899,-0.00829518908392613,0.02640008673603845
5752,87.52000000000899,-0.008295211036467381,0.026400015204160403
5753,87.530000000009,-0.00829523297539605,0.026399943717688428
5754,87.540000000009,-0.008295254900722849,0.02639987227658598
5755,87.55000000000899,-0.008295276812458473,0.026399800880816518
5756,87.560000000009,-0.008295298710613606,0.026399729530343554
5757,87.570000000009,-0.008295320595198925,0.026399658225130622
5758,87.580000000009,-0.008295342466225094,0.02639958696514131
5759,87.590000000009,-0.008295364323702767,0.026399515750339223
5760,87.600000000009,-0.008295386167642593,0.026399444580688023
5761,87.61000000000901,-0.008295407998055206,0.02639937345615139
5762,87.62000000000901,-0.008295429814951226,0.02639930237669305
5763,87.630000000009,-0.00829545161834127,0.02639923134227675
5764,87.64000000000901,-0.008295473408235941,0.0263991603528663
5765,87.65000000000902,-0.008295495184645837,0.026399089408425523
5766,87.660000000009,-0.008295516947581537,0.026399018508918275
5767,87.67000000000901,-0.008295538697053614,0.026398947654308464
5768,87.68000000000902,-0.008295560433072634,0.026398876844560024
5769,87.69000000000902,-0.00829558215564915,0.026398806079636933
5770,87.70000000000903,-0.008295603864793702,0.02639873535950318
5771,87.71000000000902,-0.008295625560516827,0.026398664684122827
5772,87.72000000000902,-0.008295647242829043,0.02639859405345993
5773,87.73000000000903,-0.008295668911740868,0.02639852346747862
5774,87.74000000000902,-0.008295690567262804,0.026398452926143037
5775,87.75000000000902,-0.008295712209405337,0.026398382429417357
5776,87.76000000000903,-0.008295733838178956,0.026398311977265807
5777,87.77000000000903,-0.00829575545359413,0.026398241569652633
5778,87.78000000000904,-0.008295777055661322,0.026398171206542122
5779,87.79000000000903,-0.008295798644390985,0.02639810088789861
5780,87.80000000000904,-0.008295820219793562,0.026398030613686445
5781,87.81000000000904,-0.008295841781879485,0.02639796038387002
5782,87.82000000000903,-0.008295863330659174,0.026397890198413758
5783,87.83000000000904,-0.008295884866143043,0.02639782005728213
5784,87.84000000000904,-0.008295906388341497,0.026397749960439632
5785,87.85000000000905,-0.008295927897264922,0.026397679907850784
5786,87.86000000000905,-0.008295949392923706,0.026397609899480177
5787,87.87000000000904,-0.008295970875328221,0.02639753993529239
5788,87.88000000000905,-0.008295992344488827,0.026397470015252063
5789,87.89000000000905,-0.008296013800415876,0.026397400139323873
5790,87.90000000000904,-0.008296035243119717,0.02639733030747253
5791,87.91000000000905,-0.008296056672610675,0.026397260519662763
5792,87.92000000000905,-0.008296078088899076,0.026397190775859343
5793,87.93000000000906,-0.008296099491995232,0.02639712107602708
5794,87.94000000000906,-0.00829612088190945,0.02639705142013083
5795,87.95000000000906,-0.008296142258652021,0.02639698180813546
5796,87.96000000000906,-0.008296163622233229,0.02639691224000588
5797,87.97000000000907,-0.008296184972663346,0.02639684271570705
5798,87.98000000000906,-0.008296206309952635,0.026396773235203928
5799,87.99000000000906,-0.008296227634111359,0.026396703798461554
5800,88.00000000000907,-0.008296248945149748,0.026396634405444947
5801,88.01000000000907,-0.008296270243078049,0.026396565056119217
5802,88.02000000000908,-0.00829629152790648,0.026396495750449465
5803,88.03000000000907,-0.008296312799645256,0.02639642648840085
5804,88.04000000000907,-0.008296334058304586,0.026396357269938546
5805,88.05000000000908,-0.008296355303894663,0.02639628809502778
5806,88.06000000000907,-0.008296376536425674,0.026396218963633804
5807,88.07000000000907,-0.008296397755907795,0.026396149875721912
5808,88.08000000000908,-0.00829641896235119,0.026396080831257406
5809,88.09000000000908,-0.008296440155766017,0.026396011830205648
5810,88.10000000000909,-0.00829646133616243,0.02639594287253204
5811,88.11000000000908,-0.00829648250355055,0.026395873958201976
5812,88.12000000000909,-0.00829650365794052,0.02639580508718094
5813,88.13000000000909,-0.008296524799342453,0.026395736259434404
5814,88.14000000000908,-0.008296545927766456,0.026395667474927897
5815,88.15000000000909,-0.008296567043222626,0.026395598733626974
5816,88.16000000000909,-0.008296588145721059,0.026395530035497224
5817,88.1700000000091,-0.008296609235271826,0.026395461380504255
5818,88.1800000000091,-0.008296630311885001,0.026395392768613756
5819,88.19000000000909,-0.008296651375570648,0.026395324199791396
5820,88.2000000000091,-0.008296672426338815,0.026395255674002898
5821,88.2100000000091,-0.008296693464199539,0.026395187191214028
5822,88.2200000000091,-0.008296714489162856,0.02639511875139057
5823,88.2300000000091,-0.00829673550123879,0.026395050354498344
5824,88.2400000000091,-0.008296756500437345,0.026394982000503206
5825,88.25000000000911,-0.008296777486768537,0.02639491368937107
5826,88.26000000000911,-0.008296798460242347,0.02639484542106782
5827,88.2700000000091,-0.008296819420868767,0.02639477719555944
5828,88.28000000000911,-0.00829684036865777,0.026394709012811914
5829,88.29000000000912,-0.008296861303619322,0.026394640872791256
5830,88.3000000000091,-0.008296882225763375,0.02639457277546353
5831,88.31000000000911,-0.008296903135099877,0.026394504720794812
5832,88.32000000000912,-0.008296924031638762,0.02639443670875123
5833,88.33000000000912,-0.008296944915389964,0.026394368739298953
5834,88.34000000000913,-0.008296965786363396,0.026394300812404143
5835,88.35000000000912,-0.008296986644568969,0.026394232928033026
5836,88.36000000000912,-0.00829700749001658,0.026394165086151868
5837,88.37000000000913,-0.008297028322716121,0.026394097286726943
5838,88.38000000000912,-0.008297049142677466,0.02639402952972456
5839,88.39000000000912,-0.008297069949910495,0.026393961815111083
5840,88.40000000000913,-0.008297090744425065,0.026393894142852894
5841,88.41000000000913,-0.008297111526231027,0.026393826512916406
5842,88.42000000000914,-0.008297132295338227,0.026393758925268063
5843,88.43000000000913,-0.008297153051756496,0.02639369137987435
5844,88.44000000000914,-0.008297173795495659,0.026393623876701782
5845,88.45000000000914,-0.008297194526565532,0.02639355641571689
5846,88.46000000000913,-0.008297215244975918,0.026393488996886275
5847,88.47000000000914,-0.00829723595073662,0.026393421620176535
5848,88.48000000000914,-0.00829725664385742,0.026393354285554314
5849,88.49000000000915,-0.008297277324348094,0.026393286992986282
5850,88.50000000000915,-0.00829729799221841,0.02639321974243914
5851,88.51000000000914,-0.008297318647478137,0.026393152533879655
5852,88.52000000000915,-0.008297339290137016,0.02639308536727457
5853,88.53000000000915,-0.008297359920204788,0.0263930182425907
5854,88.54000000000914,-0.008297380537691188,0.02639295115979488
5855,88.55000000000915,-0.008297401142605937,0.026392884118853977
5856,88.56000000000915,-0.00829742173495875,0.026392817119734888
5857,88.57000000000916,-0.00829744231475933,0.026392750162404548
5858,88.58000000000916,-0.008297462882017373,0.02639268324682992
5859,88.59000000000916,-0.00829748343674256,0.026392616372978003
5860,88.60000000000916,-0.008297503978944578,0.026392549540815814
5861,88.61000000000917,-0.008297524508633082,0.026392482750310427
5862,88.62000000000916,-0.008297545025817738,0.026392416001428918
5863,88.63000000000916,-0.008297565530508194,0.026392349294138417
5864,88.64000000000917,-0.008297586022714088,0.026392282628406084
5865,88.65000000000917,-0.008297606502445053,0.02639221600419909
5866,88.66000000000918,-0.008297626969710713,0.026392149421484677
5867,88.67000000000917,-0.008297647424520676,0.026392082880230063
5868,88.68000000000917,-0.00829766786688455,0.026392016380402557
5869,88.69000000000918,-0.008297688296811928,0.026391949921969457
5870,88.70000000000917,-0.008297708714312395,0.026391883504898104
5871,88.71000000000917,-0.008297729119395527,0.026391817129155885
5872,88.72000000000918,-0.008297749512070894,0.0263917507947102
5873,88.73000000000918,-0.008297769892348055,0.02639168450152849
5874,88.74000000000919,-0.008297790260236557,0.026391618249578228
5875,88.75000000000918,-0.008297810615745945,0.026391552038826906
5876,88.76000000000919,-0.008297830958885744,0.02639148586924206
5877,88.77000000000919,-0.008297851289665483,0.026391419740791257
5878,88.78000000000918,-0.008297871608094672,0.02639135365344209
5879,88.79000000000919,-0.008297891914182816,0.026391287607162184
5880,88.80000000000919,-0.008297912207939413,0.026391221601919198
5881,88.8100000000092,-0.008297932489373949,0.02639115563768082
5882,88.8200000000092,-0.0082979527584959,0.026391089714414766
5883,88.83000000000919,-0.00829797301531474,0.026391023832088793
5884,88.8400000000092,-0.008297993259839922,0.026390957990670674
5885,88.8500000000092,-0.008298013492080899,0.026390892190128225
5886,88.8600000000092,-0.008298033712047119,0.026390826430429292
5887,88.8700000000092,-0.00829805391974801,0.026390760711541755
5888,88.8800000000092,-0.008298074115193,0.026390695033433505
5889,88.89000000000921,-0.0082980942983915,0.02639062939607248
5890,88.90000000000921,-0.008298114469352922,0.026390563799426656
5891,88.9100000000092,-0.008298134628086661,0.02639049824346402
5892,88.92000000000921,-0.008298154774602108,0.026390432728152606
5893,88.93000000000922,-0.008298174908908643,0.026390367253460483
5894,88.9400000000092,-0.008298195031015634,0.02639030181935572
5895,88.95000000000921,-0.008298215140932454,0.026390236425806457
5896,88.96000000000922,-0.00829823523866844,0.02639017107278082
5897,88.97000000000922,-0.008298255324232956,0.026390105760247015
5898,88.98000000000923,-0.008298275397635326,0.02639004048817325
5899,88.99000000000922,-0.008298295458884882,0.02638997525652775
5900,89.00000000000922,-0.008298315507990942,0.0263899100652788
5901,89.01000000000923,-0.00829833554496282,0.02638984491439471
5902,89.02000000000922,-0.00829835556980981,0.026389779803843803
5903,89.03000000000922,-0.008298375582541212,0.02638971473359444
5904,89.04000000000923,-0.008298395583166305,0.026389649703615025
5905,89.05000000000923,-0.008298415571694369,0.02638958471387398
5906,89.06000000000924,-0.008298435548134664,0.02638951976433975
5907,89.07000000000923,-0.008298455512496458,0.026389454854980836
5908,89.08000000000924,-0.008298475464788993,0.02638938998576575
5909,89.09000000000924,-0.008298495405021509,0.02638932515666302
5910,89.10000000000923,-0.00829851533320324,0.026389260367641235
5911,89.11000000000924,-0.008298535249343411,0.026389195618669002
5912,89.12000000000924,-0.008298555153451237,0.026389130909714956
5913,89.13000000000925,-0.008298575045535921,0.026389066240747754
5914,89.14000000000925,-0.008298594925606662,0.026389001611736098
5915,89.15000000000924,-0.008298614793672651,0.026388937022648714
5916,89.16000000000925,-0.008298634649743066,0.02638887247345436
5917,89.17000000000925,-0.008298654493827077,0.026388807964121807
5918,89.18000000000924,-0.008298674325933852,0.026388743494619882
5919,89.19000000000925,-0.008298694146072542,0.026388679064917424
5920,89.20000000000925,-0.008298713954252291,0.026388614674983314
5921,89.21000000000926,-0.008298733750482247,0.02638855032478646
5922,89.22000000000926,-0.008298753534771523,0.02638848601429577
5923,89.23000000000926,-0.008298773307129255,0.02638842174348024
5924,89.24000000000926,-0.008298793067564546,0.02638835751230885
5925,89.25000000000927,-0.008298812816086501,0.026388293320750617
5926,89.26000000000926,-0.008298832552704215,0.02638822916877459
5927,89.27000000000926,-0.008298852277426773,0.02638816505634987
5928,89.28000000000927,-0.008298871990263258,0.026388100983445555
5929,89.29000000000927,-0.008298891691222738,0.026388036950030787
5930,89.30000000000928,-0.008298911380314267,0.026387972956074732
5931,89.31000000000927,-0.008298931057546905,0.026387909001546594
5932,89.32000000000927,-0.008298950722929695,0.026387845086415607
5933,89.33000000000928,-0.008298970376471673,0.026387781210651027
5934,89.34000000000927,-0.008298990018181861,0.026387717374222134
5935,89.35000000000927,-0.008299009648069289,0.02638765357709825
5936,89.36000000000928,-0.008299029266142954,0.026387589819248727
5937,89.37000000000928,-0.008299048872411867,0.026387526100642926
5938,89.38000000000929,-0.00829906846688502,0.02638746242125027
5939,89.39000000000928,-0.008299088049571395,0.026387398781040166
5940,89.40000000000929,-0.008299107620479971,0.026387335179982107
5941,89.41000000000929,-0.00829912717961972,0.026387271618045563
5942,89.42000000000928,-0.0082991467269996,0.02638720809520007
5943,89.43000000000929,-0.008299166262628561,0.026387144611415163
5944,89.44000000000929,-0.008299185786515546,0.026387081166660425
5945,89.4500000000093,-0.008299205298669496,0.02638701776090547
5946,89.4600000000093,-0.008299224799099331,0.026386954394119932
5947,89.47000000000929,-0.008299244287813973,0.02638689106627347
5948,89.4800000000093,-0.008299263764822335,0.02638682777733579
5949,89.4900000000093,-0.008299283230133313,0.0263867645272766
5950,89.5000000000093,-0.008299302683755805,0.026386701316065662
5951,89.5100000000093,-0.008299322125698698,0.026386638143672758
5952,89.5200000000093,-0.008299341555970861,0.026386575010067685
5953,89.53000000000931,-0.008299360974581173,0.026386511915220293
5954,89.54000000000931,-0.008299380381538489,0.026386448859100443
5955,89.5500000000093,-0.008299399776851665,0.026386385841678038
5956,89.56000000000931,-0.008299419160529543,0.026386322862922983
5957,89.57000000000932,-0.00829943853258096,0.026386259922805258
5958,89.5800000000093,-0.00829945789301474,0.026386197021294813
5959,89.59000000000931,-0.008299477241839711,0.02638613415836168
5960,89.60000000000932,-0.008299496579064676,0.026386071333975886
5961,89.61000000000932,-0.008299515904698445,0.0263860085481075
5962,89.62000000000933,-0.008299535218749814,0.026385945800726625
5963,89.63000000000932,-0.00829955452122756,0.026385883091803366
5964,89.64000000000932,-0.008299573812140469,0.026385820421307875
5965,89.65000000000933,-0.008299593091497316,0.02638575778921036
5966,89.66000000000932,-0.008299612359306855,0.026385695195480993
5967,89.67000000000932,-0.008299631615577847,0.026385632640090032
5968,89.68000000000933,-0.008299650860319033,0.026385570123007723
5969,89.69000000000933,-0.008299670093539156,0.026385507644204376
5970,89.70000000000934,-0.008299689315246946,0.026385445203650305
5971,89.71000000000933,-0.008299708525451118,0.026385382801315853
5972,89.72000000000934,-0.008299727724160396,0.02638532043717141
5973,89.73000000000934,-0.008299746911383483,0.02638525811118736
5974,89.74000000000933,-0.008299766087129073,0.026385195823334155
5975,89.75000000000934,-0.00829978525140586,0.02638513357358225
5976,89.76000000000934,-0.00829980440422252,0.02638507136190212
5977,89.77000000000935,-0.008299823545587734,0.026385009188264297
5978,89.78000000000935,-0.008299842675510167,0.026384947052639326
5979,89.79000000000934,-0.008299861793998472,0.026384884954997766
5980,89.80000000000935,-0.008299880901061304,0.02638482289531023
5981,89.81000000000935,-0.0082998999967073,0.026384760873547335
5982,89.82000000000934,-0.008299919080945097,0.026384698889679745
5983,89.83000000000935,-0.00829993815378332,0.02638463694367813
5984,89.84000000000935,-0.008299957215230585,0.026384575035513214
5985,89.85000000000936,-0.008299976265295503,0.026384513165155735
5986,89.86000000000936,-0.008299995303986679,0.026384451332576452
5987,89.87000000000936,-0.008300014331312704,0.026384389537746168
5988,89.88000000000936,-0.008300033347282165,0.026384327780635687
5989,89.89000000000937,-0.008300052351903637,0.026384266061215876
5990,89.90000000000936,-0.008300071345185693,0.026384204379457595
5991,89.91000000000936,-0.008300090327136899,0.026384142735331767
5992,89.92000000000937,-0.008300109297765803,0.026384081128809307
5993,89.93000000000937,-0.008300128257080954,0.026384019559861183
5994,89.94000000000938,-0.008300147205090895,0.026383958028458374
5995,89.95000000000937,-0.008300166141804146,0.026383896534571894
5996,89.96000000000937,-0.008300185067229241,0.026383835078172792
5997,89.97000000000938,-0.00830020398137469,0.026383773659232133
5998,89.98000000000937,-0.008300222884249,0.026383712277721
5999,89.99000000000937,-0.008300241775860669,0.026383650933610517
6000,90.00000000000938,-0.00830026065621819,0.026383589626871845
6001,90.01000000000938,-0.008300279525330051,0.026383528357476167
6002,90.02000000000939,-0.008300298383204724,0.02638346712539467
6003,90.03000000000938,-0.008300317229850675,0.026383405930598586
6004,90.04000000000939,-0.008300336065276366,0.026383344773059182
6005,90.05000000000939,-0.008300354889490252,0.02638328365274774
6006,90.06000000000938,-0.008300373702500774,0.02638322256963557
6007,90.07000000000939,-0.008300392504316372,0.02638316152369401
6008,90.08000000000939,-0.008300411294945471,0.026383100514894425
6009,90.0900000000094,-0.008300430074396497,0.02638303954320822
6010,90.1000000000094,-0.008300448842677862,0.026382978608606795
6011,90.11000000000939,-0.008300467599797974,0.026382917711061615
6012,90.1200000000094,-0.008300486345765226,0.02638285685054414
6013,90.1300000000094,-0.008300505080588013,0.02638279602702588
6014,90.1400000000094,-0.008300523804274717,0.026382735240478357
6015,90.1500000000094,-0.00830054251683371,0.026382674490873125
6016,90.1600000000094,-0.008300561218273363,0.026382613778181768
6017,90.17000000000941,-0.008300579908602036,0.02638255310237589
6018,90.18000000000941,-0.008300598587828077,0.026382492463427127
6019,90.1900000000094,-0.008300617255959835,0.026382431861307135
6020,90.20000000000941,-0.008300635913005646,0.026382371295987604
6021,90.21000000000942,-0.008300654558973834,0.026382310767440235
6022,90.2200000000094,-0.008300673193872725,0.0263822502756368
6023,90.23000000000941,-0.008300691817710633,0.026382189820549035
6024,90.24000000000942,-0.008300710430495862,0.026382129402148752
6025,90.25000000000942,-0.008300729032236711,0.026382069020407756
6026,90.26000000000943,-0.008300747622941472,0.026382008675297903
6027,90.27000000000942,-0.008300766202618428,0.02638194836679106
6028,90.28000000000942,-0.008300784771275854,0.026381888094859134
6029,90.29000000000943,-0.00830080332892202,0.026381827859474044
6030,90.30000000000942,-0.008300821875565186,0.02638176766060774
6031,90.31000000000942,-0.0083008404112136,0.026381707498232196
6032,90.32000000000943,-0.008300858935875512,0.026381647372319416
6033,90.33000000000943,-0.008300877449559162,0.026381587282841446
6034,90.34000000000944,-0.008300895952272777,0.026381527229770333
6035,90.35000000000943,-0.008300914444024579,0.026381467213078148
6036,90.36000000000944,-0.008300932924822787,0.026381407232737016
6037,90.37000000000944,-0.008300951394675604,0.026381347288719062
6038,90.38000000000943,-0.008300969853591234,0.026381287380996446
6039,90.39000000000944,-0.008300988301577867,0.026381227509541364
6040,90.40000000000944,-0.008301006738643691,0.026381167674326026
6041,90.41000000000945,-0.008301025164796881,0.026381107875322655
6042,90.42000000000945,-0.00830104358004561,0.026381048112503542
6043,90.43000000000944,-0.008301061984398037,0.026380988385840954
6044,90.44000000000945,-0.008301080377862324,0.026380928695307223
6045,90.45000000000945,-0.008301098760446612,0.02638086904087469
6046,90.46000000000944,-0.008301117132159044,0.02638080942251571
6047,90.47000000000945,-0.00830113549300775,0.026380749840202687
6048,90.48000000000945,-0.008301153843000864,0.026380690293908046
6049,90.49000000000946,-0.008301172182146497,0.026380630783604225
6050,90.50000000000946,-0.008301190510452758,0.026380571309263686
6051,90.51000000000946,-0.008301208827927757,0.026380511870858946
6052,90.52000000000946,-0.008301227134579587,0.026380452468362525
6053,90.53000000000947,-0.008301245430416332,0.026380393101746946
6054,90.54000000000946,-0.008301263715446079,0.026380333770984813
6055,90.55000000000946,-0.0083012819896769,0.02638027447604871
6056,90.56000000000947,-0.008301300253116862,0.026380215216911265
6057,90.57000000000947,-0.008301318505774022,0.026380155993545124
6058,90.58000000000948,-0.008301336747656436,0.02638009680592298
6059,90.59000000000947,-0.008301354978772142,0.02638003765401751
6060,90.60000000000947,-0.008301373199129183,0.02637997853780146
6061,90.61000000000948,-0.008301391408735585,0.02637991945724757
6062,90.62000000000947,-0.008301409607599375,0.026379860412328638
6063,90.63000000000947,-0.008301427795728556,0.026379801403017437
6064,90.64000000000948,-0.008301445973131151,0.026379742429286816
6065,90.65000000000948,-0.00830146413981515,0.026379683491109616
6066,90.66000000000949,-0.008301482295788554,0.02637962458845873
6067,90.67000000000948,-0.008301500441059343,0.026379565721307053
6068,90.68000000000949,-0.008301518575635497,0.026379506889627518
6069,90.69000000000949,-0.00830153669952499,0.02637944809339308
6070,90.70000000000948,-0.00830155481273578,0.026379389332576712
6071,90.71000000000949,-0.008301572915275831,0.026379330607151426
6072,90.72000000000949,-0.008301591007153088,0.026379271917090243
6073,90.7300000000095,-0.008301609088375496,0.02637921326236623
6074,90.7400000000095,-0.008301627158950987,0.02637915464295246
6075,90.75000000000949,-0.008301645218887493,0.026379096058822046
6076,90.7600000000095,-0.00830166326819293,0.026379037509948106
6077,90.7700000000095,-0.008301681306875214,0.026378978996303797
6078,90.7800000000095,-0.008301699334942255,0.026378920517862312
6079,90.7900000000095,-0.008301717352401948,0.026378862074596846
6080,90.8000000000095,-0.008301735359262182,0.026378803666480617
6081,90.81000000000951,-0.008301753355530846,0.026378745293486897
6082,90.82000000000951,-0.008301771341215819,0.02637868695558896
6083,90.8300000000095,-0.00830178931632497,0.026378628652760115
6084,90.84000000000951,-0.008301807280866162,0.026378570384973685
6085,90.85000000000952,-0.008301825234847252,0.02637851215220302
6086,90.8600000000095,-0.008301843178276085,0.02637845395442151
6087,90.87000000000951,-0.008301861111160507,0.026378395791602546
6088,90.88000000000952,-0.008301879033508354,0.026378337663719567
6089,90.89000000000952,-0.008301896945327448,0.02637827957074602
6090,90.90000000000953,-0.008301914846625617,0.02637822151265538
6091,90.91000000000952,-0.00830193273741067,0.026378163489421153
6092,90.92000000000952,-0.008301950617690415,0.026378105501016862
6093,90.93000000000953,-0.00830196848747265,0.026378047547416066
6094,90.94000000000952,-0.00830198634676517,0.026377989628592318
6095,90.95000000000952,-0.008302004195575755,0.026377931744519245
6096,90.96000000000953,-0.008302022033912186,0.026377873895170448
6097,90.97000000000953,-0.008302039861782238,0.026377816080519593
6098,90.98000000000954,-0.008302057679193672,0.02637775830054034
6099,90.99000000000953,-0.008302075486154241,0.0263777005552064
6100,91.00000000000954,-0.008302093282671702,0.026377642844491477
6101,91.01000000000954,-0.008302111068753793,0.026377585168369338
6102,91.02000000000953,-0.008302128844408254,0.026377527526813736
6103,91.03000000000954,-0.008302146609642812,0.026377469919798478
6104,91.04000000000954,-0.008302164364465188,0.02637741234729737
6105,91.05000000000955,-0.008302182108883099,0.02637735480928427
6106,91.06000000000955,-0.008302199842904251,0.02637729730573303
6107,91.07000000000954,-0.008302217566536348,0.026377239836617553
6108,91.08000000000955,-0.00830223527978708,0.026377182401911742
6109,91.09000000000955,-0.008302252982664139,0.026377125001589546
6110,91.10000000000954,-0.008302270675175203,0.026377067635624928
6111,91.11000000000955,-0.008302288357327943,0.026377010303991876
6112,91.12000000000955,-0.00830230602913003,0.0263769530066644
6113,91.13000000000956,-0.008302323690589121,0.026376895743616534
6114,91.14000000000956,-0.008302341341712868,0.02637683851482234
6115,91.15000000000956,-0.008302358982508916,0.0263767813202559
6116,91.16000000000956,-0.008302376612984904,0.02637672415989132
6117,91.17000000000957,-0.008302394233148463,0.026376667033702735
6118,91.18000000000956,-0.008302411843007226,0.0263766099416643
6119,91.19000000000956,-0.0083024294425688,0.02637655288375019
6120,91.20000000000957,-0.008302447031840798,0.026376495859934602
6121,91.21000000000957,-0.008302464610830831,0.026376438870191785
6122,91.22000000000958,-0.008302482179546496,0.02637638191449598
6123,91.23000000000957,-0.008302499737995371,0.026376324992821443
6124,91.24000000000957,-0.008302517286185054,0.026376268105142486
6125,91.25000000000958,-0.008302534824123116,0.026376211251433433
6126,91.26000000000957,-0.008302552351817129,0.02637615443166863
6127,91.27000000000957,-0.008302569869274651,0.02637609764582244
6128,91.28000000000958,-0.008302587376503247,0.026376040893869256
6129,91.29000000000958,-0.00830260487351046,0.0263759841757835
6130,91.30000000000959,-0.008302622360303834,0.026375927491539605
6131,91.31000000000958,-0.008302639836890908,0.026375870841112037
6132,91.32000000000959,-0.008302657303279205,0.026375814224475273
6133,91.33000000000959,-0.008302674759476254,0.02637575764160384
6134,91.34000000000958,-0.00830269220548957,0.026375701092472264
6135,91.35000000000959,-0.008302709641326659,0.026375644577055095
6136,91.36000000000959,-0.00830272706699502,0.02637558809532692
6137,91.3700000000096,-0.008302744482502155,0.02637553164726234
6138,91.3800000000096,-0.008302761887855555,0.026375475232835996
6139,91.3900000000096,-0.008302779283062691,0.02637541885202252
6140,91.4000000000096,-0.008302796668131048,0.026375362504796593
6141,91.4100000000096,-0.008302814043068091,0.02637530619113291
6142,91.4200000000096,-0.008302831407881283,0.026375249911006194
6143,91.4300000000096,-0.008302848762578077,0.026375193664391183
6144,91.4400000000096,-0.008302866107165918,0.026375137451262645
6145,91.45000000000961,-0.008302883441652257,0.02637508127159538
6146,91.46000000000961,-0.008302900766044523,0.026375025125364188
6147,91.4700000000096,-0.008302918080350143,0.026374969012543905
6148,91.48000000000961,-0.008302935384576542,0.0263749129331094
6149,91.49000000000962,-0.008302952678731133,0.026374856887035555
6150,91.5000000000096,-0.008302969962821325,0.026374800874297256
6151,91.51000000000961,-0.008302987236854522,0.026374744894869462
6152,91.52000000000962,-0.008303004500838115,0.0263746889487271
6153,91.53000000000962,-0.008303021754779491,0.026374633035845148
6154,91.54000000000963,-0.00830303899868604,0.026374577156198616
6155,91.55000000000962,-0.008303056232565132,0.02637452130976251
6156,91.56000000000962,-0.008303073456424134,0.026374465496511876
6157,91.57000000000963,-0.008303090670270408,0.026374409716421784
6158,91.58000000000962,-0.008303107874111313,0.026374353969467322
6159,91.59000000000962,-0.008303125067954198,0.0263742982556236
6160,91.60000000000963,-0.0083031422518064,0.02637424257486575
6161,91.61000000000963,-0.008303159425675253,0.02637418692716893
6162,91.62000000000964,-0.008303176589568096,0.026374131312508323
6163,91.63000000000963,-0.008303193743492246,0.026374075730859137
6164,91.64000000000964,-0.00830321088745502,0.026374020182196586
6165,91.65000000000964,-0.008303228021463719,0.026373964666495917
6166,91.66000000000963,-0.008303245145525657,0.02637390918373241
6167,91.67000000000964,-0.008303262259648123,0.02637385373388134
6168,91.68000000000964,-0.008303279363838413,0.02637379831691805
6169,91.69000000000965,-0.008303296458103805,0.02637374293281786
6170,91.70000000000965,-0.008303313542451578,0.026373687581556143
6171,91.71000000000964,-0.008303330616889001,0.026373632263108265
6172,91.72000000000965,-0.008303347681423339,0.02637357697744964
6173,91.73000000000965,-0.008303364736061847,0.026373521724555704
6174,91.74000000000964,-0.008303381780811778,0.0263734665044019
6175,91.75000000000965,-0.008303398815680376,0.026373411316963705
6176,91.76000000000965,-0.008303415840674877,0.02637335616221661
6177,91.77000000000966,-0.008303432855802513,0.026373301040136136
6178,91.78000000000966,-0.008303449861070511,0.026373245950697823
6179,91.79000000000966,-0.008303466856486084,0.026373190893877234
6180,91.80000000000966,-0.008303483842056448,0.026373135869649948
6181,91.81000000000967,-0.008303500817788807,0.02637308087799158
6182,91.82000000000966,-0.00830351778369036,0.026373025918877756
6183,91.83000000000966,-0.008303534739768303,0.02637297099228414
6184,91.84000000000967,-0.008303551686029819,0.026372916098186382
6185,91.85000000000967,-0.008303568622482086,0.026372861236560192
6186,91.86000000000968,-0.00830358554913228,0.026372806407381294
6187,91.87000000000967,-0.008303602465987568,0.026372751610625418
6188,91.88000000000967,-0.00830361937305511,0.026372696846268334
6189,91.89000000000968,-0.008303636270342057,0.026372642114285815
6190,91.90000000000967,-0.008303653157855563,0.026372587414653686
6191,91.91000000000967,-0.008303670035602766,0.026372532747347757
6192,91.92000000000968,-0.0083036869035908,0.026372478112343892
6193,91.93000000000968,-0.008303703761826795,0.026372423509617954
6194,91.94000000000969,-0.008303720610317875,0.026372368939145848
6195,91.95000000000968,-0.008303737449071152,0.026372314400903478
6196,91.96000000000969,-0.008303754278093739,0.0263722598948668
6197,91.97000000000969,-0.008303771097392738,0.02637220542101176
6198,91.98000000000968,-0.008303787906975245,0.026372150979314342
6199,91.99000000000969,-0.008303804706848354,0.026372096569750553
6200,92.00000000000969,-0.008303821497019144,0.02637204219229642
6201,92.0100000000097,-0.008303838277494697,0.02637198784692799
6202,92.0200000000097,-0.008303855048282087,0.026371933533621335
6203,92.0300000000097,-0.008303871809388373,0.026371879252352542
6204,92.0400000000097,-0.00830388856082062,0.026371825003097725
6205,92.0500000000097,-0.008303905302585875,0.026371770785833016
6206,92.0600000000097,-0.008303922034691191,0.02637171660053458
6207,92.0700000000097,-0.008303938757143605,0.02637166244717859
6208,92.0800000000097,-0.00830395546995015,0.026371608325741244
6209,92.09000000000971,-0.008303972173117857,0.026371554236198764
6210,92.10000000000971,-0.008303988866653744,0.026371500178527397
6211,92.1100000000097,-0.00830400555056483,0.02637144615270341
6212,92.12000000000971,-0.008304022224858121,0.026371392158703075
6213,92.13000000000972,-0.008304038889540623,0.026371338196502715
6214,92.1400000000097,-0.00830405554461933,0.026371284266078654
6215,92.15000000000971,-0.008304072190101233,0.026371230367407236
6216,92.16000000000972,-0.008304088825993318,0.026371176500464843
6217,92.17000000000972,-0.008304105452302563,0.026371122665227863
6218,92.18000000000973,-0.008304122069035934,0.026371068861672706
6219,92.19000000000972,-0.008304138676200406,0.026371015089775823
6220,92.20000000000972,-0.008304155273802932,0.02637096134951366
6221,92.21000000000973,-0.008304171861850463,0.026370907640862695
6222,92.22000000000972,-0.008304188440349955,0.026370853963799432
6223,92.23000000000972,-0.008304205009308346,0.026370800318300407
6224,92.24000000000973,-0.008304221568732567,0.026370746704342137
6225,92.25000000000973,-0.00830423811862955,0.026370693121901198
6226,92.26000000000974,-0.008304254659006211,0.026370639570954174
6227,92.27000000000973,-0.008304271189869478,0.026370586051477678
6228,92.28000000000974,-0.008304287711226254,0.026370532563448332
6229,92.29000000000974,-0.008304304223083443,0.02637047910684278
6230,92.30000000000973,-0.008304320725447942,0.026370425681637697
6231,92.31000000000974,-0.008304337218326647,0.026370372287809783
6232,92.32000000000974,-0.008304353701726443,0.02637031892533574
6233,92.33000000000975,-0.008304370175654208,0.0263702655941923
6234,92.34000000000975,-0.008304386640116818,0.02637021229435622
6235,92.35000000000974,-0.008304403095121139,0.026370159025804276
6236,92.36000000000975,-0.008304419540674032,0.026370105788513263
6237,92.37000000000975,-0.008304435976782352,0.02637005258246
6238,92.38000000000974,-0.00830445240345295,0.026369999407621324
6239,92.39000000000975,-0.008304468820692669,0.026369946263974094
6240,92.40000000000975,-0.008304485228508346,0.0263698931514952
6241,92.41000000000976,-0.00830450162690681,0.026369840070161518
6242,92.42000000000976,-0.00830451801589489,0.02636978701994999
6243,92.43000000000976,-0.008304534395479403,0.02636973400083756
6244,92.44000000000976,-0.008304550765667162,0.026369681012801183
6245,92.45000000000977,-0.008304567126464976,0.026369628055817846
6246,92.46000000000976,-0.008304583477879645,0.026369575129864556
6247,92.47000000000976,-0.008304599819917964,0.02636952223491834
6248,92.48000000000977,-0.00830461615258672,0.026369469370956237
6249,92.49000000000977,-0.0083046324758927,0.02636941653795532
6250,92.50000000000978,-0.008304648789842675,0.02636936373589267
6251,92.51000000000977,-0.008304665094443426,0.02636931096474541
6252,92.52000000000977,-0.008304681389701708,0.02636925822449065
6253,92.53000000000978,-0.008304697675624284,0.026369205515105555
6254,92.54000000000977,-0.008304713952217909,0.026369152836567288
6255,92.55000000000977,-0.008304730219489331,0.02636910018885305
6256,92.56000000000978,-0.008304746477445286,0.026369047571940044
6257,92.57000000000978,-0.008304762726092513,0.0263689949858055
6258,92.58000000000979,-0.008304778965437742,0.026368942430426683
6259,92.59000000000978,-0.008304795195487697,0.02636888990578085
6260,92.60000000000979,-0.008304811416249091,0.026368837411845297
6261,92.61000000000979,-0.00830482762772864,0.02636878494859735
6262,92.62000000000978,-0.008304843829933049,0.026368732516014334
6263,92.63000000000979,-0.008304860022869013,0.0263686801140736
6264,92.64000000000979,-0.008304876206543235,0.02636862774275254
6265,92.6500000000098,-0.008304892380962397,0.02636857540202853
6266,92.6600000000098,-0.00830490854613318,0.026368523091879002
6267,92.6700000000098,-0.008304924702062262,0.02636847081228138
6268,92.6800000000098,-0.008304940848756314,0.026368418563213123
6269,92.6900000000098,-0.008304956986222004,0.026368366344651718
6270,92.7000000000098,-0.008304973114465986,0.026368314156574653
6271,92.7100000000098,-0.008304989233494911,0.02636826199895944
6272,92.7200000000098,-0.00830500534331543,0.026368209871783625
6273,92.73000000000981,-0.008305021443934182,0.026368157775024763
6274,92.74000000000981,-0.008305037535357804,0.026368105708660435
6275,92.7500000000098,-0.008305053617592923,0.02636805367266823
6276,92.76000000000981,-0.008305069690646164,0.02636800166702578
6277,92.77000000000982,-0.008305085754524143,0.026367949691710708
6278,92.7800000000098,-0.008305101809233476,0.026367897746700685
6279,92.79000000000981,-0.008305117854780768,0.02636784583197338
6280,92.80000000000982,-0.008305133891172616,0.0263677939475065
6281,92.81000000000982,-0.008305149918415616,0.026367742093277753
6282,92.82000000000983,-0.008305165936516359,0.026367690269264884
6283,92.83000000000982,-0.008305181945481424,0.02636763847544565
6284,92.84000000000982,-0.008305197945317394,0.026367586711797834
6285,92.85000000000983,-0.008305213936030835,0.026367534978299224
6286,92.86000000000982,-0.008305229917628314,0.026367483274927637
6287,92.87000000000982,-0.008305245890116393,0.026367431601660926
6288,92.88000000000983,-0.008305261853501623,0.026367379958476943
6289,92.89000000000983,-0.008305277807790556,0.026367328345353557
6290,92.90000000000984,-0.00830529375298973,0.026367276762268667
6291,92.91000000000983,-0.008305309689105686,0.026367225209200203
6292,92.92000000000984,-0.008305325616144952,0.026367173686126087
6293,92.93000000000984,-0.008305341534114056,0.026367122193024284
6294,92.94000000000983,-0.008305357443019516,0.026367070729872773
6295,92.95000000000984,-0.00830537334286785,0.02636701929664954
6296,92.96000000000984,-0.008305389233665559,0.026366967893332607
6297,92.97000000000985,-0.008305405115419153,0.026366916519900016
6298,92.98000000000985,-0.008305420988135123,0.026366865176329805
6299,92.99000000000984,-0.008305436851819963,0.026366813862600064
6300,93.00000000000985,-0.008305452706480159,0.026366762578688883
6301,93.01000000000985,-0.008305468552122192,0.026366711324574375
6302,93.02000000000984,-0.008305484388752532,0.026366660100234682
6303,93.03000000000985,-0.00830550021637765,0.026366608905647942
6304,93.04000000000985,-0.00830551603500401,0.026366557740792336
6305,93.05000000000986,-0.008305531844638067,0.02636650660564606
6306,93.06000000000986,-0.008305547645286276,0.026366455500187316
6307,93.07000000000986,-0.008305563436955076,0.02636640442439435
6308,93.08000000000986,-0.008305579219650914,0.026366353378245392
6309,93.09000000000987,-0.008305594993380223,0.02636630236171873
6310,93.10000000000986,-0.008305610758149432,0.02636625137479265
6311,93.11000000000986,-0.008305626513964963,0.02636620041744545
6312,93.12000000000987,-0.008305642260833234,0.026366149489655464
6313,93.13000000000987,-0.008305657998760657,0.02636609859140105
6314,93.14000000000988,-0.008305673727753643,0.026366047722660567
6315,93.15000000000987,-0.008305689447818584,0.02636599688341239
6316,93.16000000000987,-0.008305705158961885,0.026365946073634943
6317,93.17000000000988,-0.008305720861189933,0.02636589529330665
6318,93.18000000000987,-0.008305736554509106,0.026365844542405932
6319,93.19000000000987,-0.00830575223892579,0.02636579382091128
6320,93.20000000000988,-0.008305767914446354,0.026365743128801154
6321,93.21000000000988,-0.008305783581077166,0.02636569246605407
6322,93.22000000000989,-0.008305799238824595,0.02636564183264855
6323,93.23000000000988,-0.008305814887694987,0.02636559122856312
6324,93.24000000000989,-0.008305830527694697,0.026365540653776345
6325,93.25000000000989,-0.008305846158830075,0.02636549010826682
6326,93.26000000000988,-0.008305861781107454,0.02636543959201312
6327,93.27000000000989,-0.00830587739453317,0.026365389104993864
6328,93.28000000000989,-0.008305892999113553,0.026365338647187694
6329,93.2900000000099,-0.008305908594854928,0.026365288218573264
6330,93.3000000000099,-0.008305924181763607,0.026365237819129243
6331,93.3100000000099,-0.00830593975984591,0.026365187448834333
6332,93.3200000000099,-0.008305955329108137,0.026365137107667226
6333,93.3300000000099,-0.008305970889556593,0.026365086795606674
6334,93.3400000000099,-0.008305986441197573,0.026365036512631407
6335,93.3500000000099,-0.008306001984037368,0.02636498625872021
6336,93.3600000000099,-0.008306017518082258,0.026364936033851857
6337,93.37000000000991,-0.00830603304333853,0.026364885838005163
6338,93.38000000000991,-0.008306048559812453,0.026364835671158944
6339,93.3900000000099,-0.008306064067510296,0.026364785533292044
6340,93.40000000000991,-0.008306079566438324,0.026364735424383338
6341,93.41000000000992,-0.008306095056602793,0.02636468534441169
6342,93.4200000000099,-0.008306110538009953,0.026364635293356007
6343,93.43000000000991,-0.008306126010666054,0.026364585271195208
6344,93.44000000000992,-0.008306141474577334,0.02636453527790823
6345,93.45000000000992,-0.008306156929750034,0.02636448531347403
6346,93.46000000000993,-0.008306172376190381,0.026364435377871583
6347,93.47000000000992,-0.008306187813904601,0.026364385471079877
6348,93.48000000000992,-0.008306203242898911,0.02636433559307793
6349,93.49000000000993,-0.008306218663179528,0.026364285743844768
6350,93.50000000000992,-0.008306234074752655,0.026364235923359434
6351,93.51000000000992,-0.008306249477624506,0.026364186131601006
6352,93.52000000000993,-0.00830626487180127,0.026364136368548573
6353,93.53000000000993,-0.008306280257289142,0.026364086634181234
6354,93.54000000000994,-0.008306295634094312,0.02636403692847811
6355,93.55000000000993,-0.008306311002222958,0.026363987251418336
6356,93.56000000000994,-0.008306326361681259,0.026363937602981086
6357,93.57000000000994,-0.008306341712475384,0.02636388798314554
6358,93.58000000000993,-0.008306357054611505,0.02636383839189089
6359,93.59000000000994,-0.008306372388095774,0.02636378882919634
6360,93.60000000000994,-0.008306387712934349,0.026363739295041138
6361,93.61000000000995,-0.008306403029133384,0.026363689789404534
6362,93.62000000000995,-0.008306418336699015,0.026363640312265797
6363,93.63000000000994,-0.008306433635637388,0.026363590863604215
6364,93.64000000000995,-0.008306448925954637,0.026363541443399106
6365,93.65000000000995,-0.008306464207656884,0.026363492051629776
6366,93.66000000000994,-0.00830647948075026,0.02636344268827558
6367,93.67000000000995,-0.008306494745240877,0.026363393353315882
6368,93.68000000000995,-0.008306510001134852,0.026363344046730065
6369,93.69000000000996,-0.00830652524843829,0.026363294768497518
6370,93.70000000000996,-0.008306540487157291,0.026363245518597665
6371,93.71000000000996,-0.008306555717297956,0.02636319629700994
6372,93.72000000000996,-0.008306570938866373,0.026363147103713794
6373,93.73000000000997,-0.00830658615186863,0.026363097938688698
6374,93.74000000000996,-0.00830660135631081,0.02636304880191415
6375,93.75000000000996,-0.008306616552198982,0.026362999693369644
6376,93.76000000000997,-0.008306631739539225,0.026362950613034723
6377,93.77000000000997,-0.008306646918337596,0.026362901560888916
6378,93.78000000000998,-0.008306662088600158,0.026362852536911785
6379,93.79000000000997,-0.008306677250332966,0.026362803541082922
6380,93.80000000000997,-0.008306692403542074,0.026362754573381924
6381,93.81000000000998,-0.00830670754823352,0.02636270563378839
6382,93.82000000000997,-0.008306722684413343,0.026362656722281975
6383,93.83000000000997,-0.008306737812087581,0.026362607838842318
6384,93.84000000000998,-0.008306752931262257,0.026362558983449098
6385,93.85000000000998,-0.0083067680419434,0.026362510156081986
6386,93.86000000000999,-0.008306783144137023,0.026362461356720712
6387,93.87000000000998,-0.008306798237849144,0.026362412585344976
6388,93.88000000000999,-0.00830681332308577,0.026362363841934543
6389,93.89000000000999,-0.008306828399852898,0.02636231512646915
6390,93.90000000000998,-0.008306843468156534,0.02636226643892859
6391,93.91000000000999,-0.008306858528002661,0.026362217779292648
6392,93.92000000000999,-0.008306873579397269,0.026362169147541133
6393,93.93000000001,-0.008306888622346348,0.02636212054365391
6394,93.94000000001,-0.008306903656855864,0.026362071967610784
6395,93.95000000001,-0.008306918682931794,0.02636202341939164
6396,93.96000000001,-0.008306933700580103,0.02636197489897636
6397,93.97000000001,-0.008306948709806751,0.026361926406344847
6398,93.98000000001,-0.0083069637106177,0.02636187794147703
6399,93.99000000001,-0.008306978703018896,0.02636182950435283
6400,94.00000000001,-0.008306993687016281,0.0263617810949522
6401,94.01000000001001,-0.008307008662615805,0.02636173271325513
6402,94.02000000001001,-0.008307023629823398,0.026361684359241595
6403,94.03000000001,-0.008307038588644993,0.026361636032891603
6404,94.04000000001001,-0.008307053539086512,0.026361587734185187
6405,94.05000000001002,-0.00830706848115388,0.02636153946310239
6406,94.06000000001,-0.008307083414853006,0.026361491219623254
6407,94.07000000001001,-0.00830709834018981,0.026361443003727888
6408,94.08000000001002,-0.008307113257170188,0.02636139481539636
6409,94.09000000001002,-0.008307128165800039,0.026361346654608788
6410,94.10000000001003,-0.008307143066085267,0.026361298521345316
6411,94.11000000001002,-0.008307157958031754,0.026361250415586082
6412,94.12000000001002,-0.00830717284164539,0.026361202337311245
6413,94.13000000001003,-0.008307187716932053,0.026361154286501
6414,94.14000000001002,-0.008307202583897612,0.026361106263135536
6415,94.15000000001002,-0.008307217442547945,0.02636105826719508
6416,94.16000000001003,-0.008307232292888917,0.02636101029865986
6417,94.17000000001003,-0.008307247134926381,0.026360962357510127
6418,94.18000000001004,-0.008307261968666192,0.02636091444372615
6419,94.19000000001003,-0.008307276794114206,0.026360866557288226
6420,94.20000000001004,-0.00830729161127626,0.02636081869817664
6421,94.21000000001004,-0.008307306420158197,0.026360770866371723
6422,94.22000000001003,-0.008307321220765855,0.026360723061853827
6423,94.23000000001004,-0.008307336013105059,0.026360675284603296
6424,94.24000000001004,-0.00830735079718163,0.026360627534600486
6425,94.25000000001005,-0.008307365573001395,0.02636057981182581
6426,94.26000000001005,-0.008307380340570165,0.026360532116259675
6427,94.27000000001004,-0.00830739509989375,0.02636048444788249
6428,94.28000000001005,-0.008307409850977953,0.026360436806674707
6429,94.29000000001005,-0.008307424593828572,0.02636038919261678
6430,94.30000000001004,-0.008307439328451406,0.026360341605689192
6431,94.31000000001005,-0.008307454054852247,0.02636029404587243
6432,94.32000000001005,-0.008307468773036873,0.026360246513147008
6433,94.33000000001006,-0.008307483483011064,0.026360199007493444
6434,94.34000000001006,-0.008307498184780597,0.026360151528892282
6435,94.35000000001006,-0.008307512878351242,0.0263601040773241
6436,94.36000000001006,-0.008307527563728762,0.026360056652769463
6437,94.37000000001007,-0.00830754224091892,0.02636000925520897
6438,94.38000000001006,-0.008307556909927467,0.026359961884623223
6439,94.39000000001006,-0.008307571570760156,0.02635991454099286
6440,94.40000000001007,-0.008307586223422732,0.02635986722429853
6441,94.41000000001007,-0.008307600867920937,0.026359819934520894
6442,94.42000000001008,-0.008307615504260497,0.02635977267164062
6443,94.43000000001007,-0.008307630132447152,0.02635972543563842
6444,94.44000000001007,-0.008307644752486625,0.026359678226495
6445,94.45000000001008,-0.008307659364384636,0.02635963104419109
6446,94.46000000001007,-0.008307673968146901,0.026359583888707436
6447,94.47000000001007,-0.00830768856377913,0.026359536760024806
6448,94.48000000001008,-0.00830770315128703,0.026359489658123986
6449,94.49000000001008,-0.008307717730676302,0.02635944258298576
6450,94.50000000001009,-0.00830773230195264,0.026359395534590952
6451,94.51000000001008,-0.008307746865121738,0.026359348512920384
6452,94.52000000001009,-0.008307761420189281,0.026359301517954917
6453,94.53000000001009,-0.008307775967160948,0.026359254549675394
6454,94.54000000001008,-0.008307790506042422,0.02635920760806272
6455,94.55000000001009,-0.008307805036839368,0.026359160693097777
6456,94.56000000001009,-0.00830781955955746,0.02635911380476149
6457,94.5700000000101,-0.008307834074202356,0.02635906694303479
6458,94.5800000000101,-0.008307848580779716,0.02635902010789861
6459,94.5900000000101,-0.008307863079295187,0.02635897329933392
6460,94.6000000000101,-0.00830787756975442,0.026358926517321715
6461,94.6100000000101,-0.008307892052163063,0.026358879761842972
6462,94.6200000000101,-0.008307906526526746,0.026358833032878722
6463,94.6300000000101,-0.008307920992851107,0.026358786330409993
6464,94.6400000000101,-0.008307935451141772,0.026358739654417825
6465,94.65000000001011,-0.008307949901404366,0.026358693004883273
6466,94.66000000001011,-0.008307964343644506,0.026358646381787434
6467,94.6700000000101,-0.00830797877786781,0.026358599785111403
6468,94.68000000001011,-0.008307993204079885,0.02635855321483628
6469,94.69000000001012,-0.008308007622286335,0.026358506670943204
6470,94.7000000000101,-0.008308022032492758,0.026358460153413327
6471,94.71000000001011,-0.008308036434704754,0.0263584136622278
6472,94.72000000001012,-0.008308050828927912,0.026358367197367807
6473,94.73000000001012,-0.008308065215167814,0.026358320758814537
6474,94.74000000001013,-0.008308079593430042,0.026358274346549207
6475,94.75000000001012,-0.008308093963720174,0.026358227960553045
6476,94.76000000001012,-0.008308108326043782,0.026358181600807294
6477,94.77000000001013,-0.00830812268040643,0.026358135267293213
6478,94.78000000001012,-0.008308137026813675,0.02635808895999207
6479,94.79000000001012,-0.008308151365271082,0.026358042678885165
6480,94.80000000001013,-0.008308165695784202,0.02635799642395382
6481,94.81000000001013,-0.008308180018358582,0.026357950195179346
6482,94.82000000001014,-0.008308194332999761,0.026357903992543077
6483,94.83000000001013,-0.008308208639713282,0.026357857816026394
6484,94.84000000001014,-0.008308222938504674,0.026357811665610652
6485,94.85000000001014,-0.008308237229379472,0.026357765541277247
6486,94.86000000001013,-0.008308251512343195,0.02635771944300758
6487,94.87000000001014,-0.008308265787401362,0.02635767337078308
6488,94.88000000001014,-0.008308280054559488,0.02635762732458519
6489,94.89000000001015,-0.008308294313823088,0.026357581304395344
6490,94.90000000001015,-0.008308308565197663,0.026357535310195038
6491,94.91000000001014,-0.008308322808688713,0.026357489341965742
6492,94.92000000001015,-0.008308337044301737,0.02635744339968896
6493,94.93000000001015,-0.008308351272042219,0.02635739748334621
6494,94.94000000001014,-0.008308365491915654,0.02635735159291904
6495,94.95000000001015,-0.008308379703927525,0.02635730572838899
6496,94.96000000001015,-0.0083083939080833,0.026357259889737628
6497,94.97000000001016,-0.008308408104388458,0.026357214076946533
6498,94.98000000001016,-0.008308422292848464,0.026357168289997304
6499,94.99000000001016,-0.008308436473468793,0.026357122528871575
6500,95.00000000001016,-0.008308450646254885,0.026357076793550947
6501,95.01000000001017,-0.008308464811212208,0.02635703108401709
6502,95.02000000001016,-0.008308478968346201,0.026356985400251637
6503,95.03000000001016,-0.008308493117662321,0.026356939742236307
6504,95.04000000001017,-0.008308507259165997,0.026356894109952757
6505,95.05000000001017,-0.008308521392862672,0.026356848503382713
6506,95.06000000001018,-0.008308535518757775,0.0263568029225079
6507,95.07000000001017,-0.008308549636856734,0.026356757367310066
6508,95.08000000001017,-0.008308563747164967,0.026356711837770944
6509,95.09000000001018,-0.008308577849687894,0.02635666633387234
6510,95.10000000001017,-0.008308591944430928,0.026356620855596025
6511,95.11000000001017,-0.008308606031399475,0.0263565754029238
6512,95.12000000001018,-0.00830862011059894,0.02635652997583749
6513,95.13000000001018,-0.008308634182034725,0.026356484574318943
6514,95.14000000001019,-0.008308648245712218,0.026356439198349985
6515,95.15000000001018,-0.008308662301636814,0.026356393847912503
6516,95.16000000001019,-0.008308676349813892,0.026356348522988366
6517,95.17000000001019,-0.00830869039024884,0.026356303223559484
6518,95.18000000001018,-0.008308704422947035,0.026356257949607772
6519,95.19000000001019,-0.008308718447913841,0.026356212701115152
6520,95.20000000001019,-0.00830873246515463,0.026356167478063578
6521,95.2100000000102,-0.008308746474674762,0.02635612228043499
6522,95.2200000000102,-0.008308760476479599,0.026356077108211397
6523,95.2300000000102,-0.008308774470574492,0.026356031961374763
6524,95.2400000000102,-0.008308788456964788,0.02635598683990711
6525,95.2500000000102,-0.008308802435655838,0.026355941743790464
6526,95.2600000000102,-0.008308816406652975,0.026355896673006855
6527,95.2700000000102,-0.008308830369961539,0.026355851627538337
6528,95.2800000000102,-0.008308844325586855,0.026355806607366975
6529,95.29000000001021,-0.008308858273534257,0.026355761612474875
6530,95.30000000001021,-0.008308872213809064,0.02635571664284412
6531,95.3100000000102,-0.008308886146416594,0.026355671698456824
6532,95.32000000001021,-0.008308900071362157,0.026355626779295125
6533,95.33000000001022,-0.008308913988651063,0.026355581885341175
6534,95.3400000000102,-0.00830892789828862,0.026355537016577116
6535,95.35000000001021,-0.008308941800280118,0.02635549217298514
6536,95.36000000001022,-0.008308955694630863,0.026355447354547448
6537,95.37000000001022,-0.008308969581346139,0.026355402561246237
6538,95.38000000001023,-0.008308983460431235,0.026355357793063725
6539,95.39000000001022,-0.008308997331891435,0.02635531304998217
6540,95.40000000001022,-0.008309011195732007,0.026355268331983792
6541,95.41000000001023,-0.008309025051958234,0.0263552236390509
6542,95.42000000001022,-0.008309038900575378,0.026355178971165752
6543,95.43000000001022,-0.008309052741588706,0.02635513432831066
6544,95.44000000001023,-0.00830906657500348,0.026355089710467933
6545,95.45000000001023,-0.008309080400824946,0.026355045117619894
6546,95.46000000001024,-0.008309094219058365,0.026355000549748903
6547,95.47000000001023,-0.008309108029708976,0.026354956006837318
6548,95.48000000001024,-0.008309121832782028,0.026354911488867514
6549,95.49000000001024,-0.008309135628282753,0.026354866995821867
6550,95.50000000001023,-0.00830914941621638,0.026354822527682797
6551,95.51000000001024,-0.008309163196588148,0.026354778084432727
6552,95.52000000001024,-0.008309176969403274,0.02635473366605409
6553,95.53000000001025,-0.00830919073466698,0.026354689272529326
6554,95.54000000001025,-0.008309204492384483,0.026354644903840922
6555,95.55000000001024,-0.008309218242560989,0.02635460055997134
6556,95.56000000001025,-0.008309231985201712,0.026354556240903087
6557,95.57000000001025,-0.008309245720311846,0.026354511946618666
6558,95.58000000001024,-0.008309259447896596,0.026354467677100618
6559,95.59000000001025,-0.008309273167961151,0.02635442343233147
6560,95.60000000001025,-0.008309286880510703,0.02635437921229378
6561,95.61000000001026,-0.008309300585550438,0.026354335016970126
6562,95.62000000001026,-0.00830931428308553,0.026354290846343092
6563,95.63000000001026,-0.008309327973121167,0.026354246700395278
6564,95.64000000001026,-0.008309341655662508,0.0263542025791093
6565,95.65000000001027,-0.008309355330714724,0.02635415848246778
6566,95.66000000001026,-0.008309368998282983,0.026354114410453374
6567,95.67000000001026,-0.008309382658372442,0.026354070363048755
6568,95.68000000001027,-0.008309396310988254,0.026354026340236567
6569,95.69000000001027,-0.008309409956135569,0.02635398234199953
6570,95.70000000001028,-0.008309423593819535,0.026353938368320333
6571,95.71000000001027,-0.008309437224045287,0.026353894419181692
6572,95.72000000001027,-0.008309450846817971,0.02635385049456636
6573,95.73000000001028,-0.008309464462142716,0.02635380659445707
6574,95.74000000001027,-0.008309478070024648,0.02635376271883659
6575,95.75000000001027,-0.008309491670468898,0.026353718867687715
6576,95.76000000001028,-0.00830950526348058,0.02635367504099321
6577,95.77000000001028,-0.00830951884906481,0.026353631238735905
6578,95.78000000001029,-0.008309532427226702,0.026353587460898602
6579,95.79000000001028,-0.008309545997971362,0.026353543707464174
6580,95.80000000001029,-0.008309559561303895,0.026353499978415445
6581,95.81000000001029,-0.008309573117229399,0.02635345627373529
6582,95.82000000001028,-0.008309586665752964,0.026353412593406584
6583,95.83000000001029,-0.008309600206879686,0.026353368937412237
6584,95.84000000001029,-0.008309613740614646,0.02635332530573515
6585,95.8500000000103,-0.00830962726696293,0.026353281698358252
6586,95.8600000000103,-0.008309640785929608,0.026353238115264473
6587,95.8700000000103,-0.008309654297519764,0.0263531945564368
6588,95.8800000000103,-0.008309667801738458,0.026353151021858163
6589,95.8900000000103,-0.008309681298590757,0.026353107511511566
6590,95.9000000000103,-0.008309694788081724,0.026353064025380003
6591,95.9100000000103,-0.008309708270216412,0.026353020563446485
6592,95.9200000000103,-0.008309721744999877,0.026352977125694052
6593,95.93000000001031,-0.00830973521243716,0.026352933712105734
6594,95.94000000001031,-0.008309748672533306,0.026352890322664572
6595,95.9500000000103,-0.008309762125293363,0.026352846957353675
6596,95.96000000001031,-0.008309775570722357,0.026352803616156096
6597,95.97000000001032,-0.008309789008825322,0.02635276029905495
6598,95.9800000000103,-0.008309802439607283,0.026352717006033356
6599,95.99000000001031,-0.008309815863073262,0.02635267373707442
6600,96.00000000001032,-0.00830982927922828,0.0263526304921613
6601,96.01000000001032,-0.00830984268807735,0.026352587271277147
6602,96.02000000001033,-0.008309856089625485,0.026352544074405147
6603,96.03000000001032,-0.008309869483877684,0.02635250090152847
6604,96.04000000001032,-0.008309882870838954,0.02635245775263032
6605,96.05000000001033,-0.00830989625051429,0.026352414627693922
6606,96.06000000001032,-0.008309909622908684,0.026352371526702483
6607,96.07000000001032,-0.008309922988027126,0.026352328449639258
6608,96.08000000001033,-0.008309936345874609,0.026352285396487526
6609,96.09000000001033,-0.0083099496964561,0.02635224236723052
6610,96.10000000001034,-0.008309963039776583,0.026352199361851555
6611,96.11000000001033,-0.00830997637584103,0.026352156380333905
6612,96.12000000001034,-0.008309989704654408,0.026352113422660903
6613,96.13000000001034,-0.008310003026221683,0.026352070488815875
6614,96.14000000001033,-0.008310016340547812,0.026352027578782165
6615,96.15000000001034,-0.008310029647637752,0.026351984692543115
6616,96.16000000001034,-0.00831004294749646,0.026351941830082118
6617,96.17000000001035,-0.008310056240128875,0.026351898991382544
6618,96.18000000001035,-0.008310069525539946,0.02635185617642779
6619,96.19000000001034,-0.008310082803734613,0.026351813385201282
6620,96.20000000001035,-0.008310096074717811,0.026351770617686447
6621,96.21000000001035,-0.008310109338494468,0.026351727873866714
6622,96.22000000001034,-0.00831012259506951,0.02635168515372554
6623,96.23000000001035,-0.008310135844447864,0.026351642457246395
6624,96.24000000001035,-0.008310149086634449,0.02635159978441277
6625,96.25000000001036,-0.008310162321634175,0.02635155713520816
6626,96.26000000001036,-0.008310175549451963,0.026351514509616075
6627,96.27000000001036,-0.008310188770092706,0.02635147190762004
6628,96.28000000001036,-0.008310201983561317,0.02635142932920359
6629,96.29000000001037,-0.008310215189862696,0.0263513867743503
6630,96.30000000001036,-0.008310228389001724,0.02635134424304371
6631,96.31000000001036,-0.008310241580983304,0.026351301735267414
6632,96.32000000001037,-0.00831025476581232,0.026351259251005
6633,96.33000000001037,-0.008310267943493646,0.02635121679024008
6634,96.34000000001038,-0.00831028111403217,0.026351174352956287
6635,96.35000000001037,-0.008310294277432765,0.026351131939137254
6636,96.36000000001037,-0.008310307433700296,0.026351089548766624
6637,96.37000000001038,-0.008310320582839634,0.026351047181828062
6638,96.38000000001037,-0.008310333724855637,0.026351004838305252
6639,96.39000000001037,-0.00831034685975317,0.026350962518181892
6640,96.40000000001038,-0.008310359987537073,0.026350920221441664
6641,96.41000000001038,-0.008310373108212211,0.026350877948068327
6642,96.42000000001039,-0.008310386221783424,0.026350835698045586
6643,96.43000000001038,-0.008310399328255553,0.02635079347135719
6644,96.44000000001039,-0.008310412427633435,0.0263507512679869
6645,96.45000000001039,-0.008310425519921906,0.026350709087918502
6646,96.46000000001038,-0.008310438605125798,0.02635066693113578
6647,96.47000000001039,-0.008310451683249934,0.026350624797622537
6648,96.48000000001039,-0.008310464754299135,0.026350582687362584
6649,96.4900000000104,-0.008310477818278218,0.026350540600339745
6650,96.5000000000104,-0.008310490875192,0.026350498536537887
6651,96.5100000000104,-0.00831050392504529,0.026350456495940842
6652,96.5200000000104,-0.008310516967842897,0.0263504144785325
6653,96.5300000000104,-0.008310530003589618,0.02635037248429673
6654,96.5400000000104,-0.008310543032290249,0.026350330513217432
6655,96.5500000000104,-0.008310556053949592,0.026350288565278532
6656,96.5600000000104,-0.00831056906857243,0.026350246640463943
6657,96.57000000001041,-0.008310582076163552,0.026350204738757602
6658,96.58000000001041,-0.008310595076727741,0.026350162860143463
6659,96.5900000000104,-0.008310608070269773,0.0263501210046055
6660,96.60000000001041,-0.008310621056794424,0.026350079172127686
6661,96.61000000001042,-0.008310634036306467,0.02635003736269402
6662,96.6200000000104,-0.008310647008810661,0.026349995576288494
6663,96.63000000001041,-0.008310659974311773,0.02634995381289514
6664,96.64000000001042,-0.00831067293281456,0.02634991207249798
6665,96.65000000001042,-0.008310685884323777,0.02634987035508108
6666,96.66000000001043,-0.008310698828844179,0.026349828660628485
6667,96.67000000001042,-0.0083107117663805,0.02634978698912427
6668,96.68000000001042,-0.008310724696937501,0.026349745340552528
6669,96.69000000001043,-0.008310737620519905,0.026349703714897355
6670,96.70000000001042,-0.008310750537132452,0.026349662112142864
6671,96.71000000001042,-0.008310763446779878,0.0263496205322732
6672,96.72000000001043,-0.008310776349466904,0.026349578975272476
6673,96.73000000001043,-0.008310789245198255,0.02634953744112486
6674,96.74000000001044,-0.008310802133978654,0.026349495929814525
6675,96.75000000001043,-0.008310815015812809,0.026349454441325634
6676,96.76000000001044,-0.008310827890705438,0.026349412975642406
6677,96.77000000001044,-0.008310840758661245,0.026349371532749025
6678,96.78000000001043,-0.008310853619684935,0.026349330112629733
6679,96.79000000001044,-0.008310866473781207,0.026349288715268735
6680,96.80000000001044,-0.00831087932095476,0.02634924734065031
6681,96.81000000001045,-0.008310892161210283,0.026349205988758697
6682,96.82000000001045,-0.008310904994552466,0.026349164659578185
6683,96.83000000001044,-0.00831091782098599,0.026349123353093043
6684,96.84000000001045,-0.00831093064051554,0.02634908206928759
6685,96.85000000001045,-0.00831094345314579,0.026349040808146124
6686,96.86000000001044,-0.008310956258881414,0.02634899956965298
6687,96.87000000001045,-0.008310969057727081,0.0263489583537925
6688,96.88000000001045,-0.008310981849687456,0.02634891716054903
6689,96.89000000001046,-0.008310994634767201,0.026348875989906942
6690,96.90000000001046,-0.00831100741297097,0.026348834841850608
6691,96.91000000001046,-0.008311020184303422,0.02634879371636443
6692,96.92000000001046,-0.008311032948769202,0.026348752613432797
6693,96.93000000001047,-0.008311045706372958,0.02634871153304015
6694,96.94000000001046,-0.008311058457119332,0.0263486704751709
6695,96.95000000001046,-0.008311071201012963,0.02634862943980951
6696,96.96000000001047,-0.008311083938058487,0.026348588426940434
6697,96.97000000001047,-0.00831109666826053,0.026348547436548124
6698,96.98000000001048,-0.008311109391623724,0.026348506468617083
6699,96.99000000001047,-0.008311122108152689,0.026348465523131803
6700,97.00000000001047,-0.008311134817852044,0.02634842460007679
6701,97.01000000001048,-0.008311147520726408,0.026348383699436578
6702,97.02000000001047,-0.008311160216780389,0.026348342821195688
6703,97.03000000001047,-0.008311172906018592,0.02634830196533867
6704,97.04000000001048,-0.008311185588445631,0.026348261131850098
6705,97.05000000001048,-0.0083111982640661,0.02634822032071454
6706,97.06000000001049,-0.008311210932884595,0.026348179531916587
6707,97.07000000001048,-0.008311223594905711,0.026348138765440832
6708,97.08000000001049,-0.00831123625013404,0.026348098021271905
6709,97.09000000001049,-0.008311248898574155,0.026348057299394392
6710,97.10000000001048,-0.008311261540230652,0.02634801659979298
6711,97.11000000001049,-0.008311274175108102,0.0263479759224523
6712,97.12000000001049,-0.008311286803211079,0.026347935267357018
6713,97.1300000000105,-0.008311299424544154,0.026347894634491806
6714,97.1400000000105,-0.008311312039111894,0.026347854023841363
6715,97.1500000000105,-0.008311324646918864,0.026347813435390402
6716,97.1600000000105,-0.008311337247969616,0.02634777286912361
6717,97.1700000000105,-0.008311349842268709,0.02634773232502574
6718,97.1800000000105,-0.008311362429820697,0.026347691803081524
6719,97.1900000000105,-0.00831137501063013,0.02634765130327573
6720,97.2000000000105,-0.008311387584701544,0.026347610825593108
6721,97.21000000001051,-0.008311400152039485,0.026347570370018437
6722,97.22000000001051,-0.008311412712648484,0.02634752993653652
6723,97.2300000000105,-0.008311425266533083,0.026347489525132172
6724,97.24000000001051,-0.008311437813697805,0.02634744913579019
6725,97.25000000001052,-0.008311450354147178,0.02634740876849542
6726,97.2600000000105,-0.008311462887885718,0.02634736842323269
6727,97.27000000001051,-0.008311475414917951,0.02634732809998687
6728,97.28000000001052,-0.008311487935248388,0.026347287798742826
6729,97.29000000001052,-0.00831150044888154,0.026347247519485435
6730,97.30000000001053,-0.008311512955821913,0.026347207262199593
6731,97.31000000001052,-0.008311525456074012,0.02634716702687021
6732,97.32000000001052,-0.008311537949642338,0.026347126813482207
6733,97.33000000001053,-0.008311550436531383,0.02634708662202051
6734,97.34000000001052,-0.008311562916745643,0.026347046452470067
6735,97.35000000001052,-0.0083115753902896,0.026347006304815825
6736,97.36000000001053,-0.008311587857167749,0.026346966179042777
6737,97.37000000001053,-0.008311600317384562,0.026346926075135873
6738,97.38000000001054,-0.008311612770944523,0.026346885993080136
6739,97.39000000001053,-0.008311625217852104,0.026346845932860553
6740,97.40000000001054,-0.008311637658111777,0.026346805894462165
6741,97.41000000001054,-0.008311650091728002,0.026346765877869983
6742,97.42000000001053,-0.00831166251870525,0.026346725883069064
6743,97.43000000001054,-0.008311674939047978,0.02634668591004446
6744,97.44000000001054,-0.00831168735276064,0.026346645958781244
6745,97.45000000001055,-0.008311699759847689,0.026346606029264495
6746,97.46000000001055,-0.008311712160313572,0.0263465661214793
6747,97.47000000001054,-0.008311724554162738,0.026346526235410787
6748,97.48000000001055,-0.008311736941399622,0.026346486371044055
6749,97.49000000001055,-0.008311749322028666,0.02634644652836425
6750,97.50000000001054,-0.008311761696054304,0.0263464067073565
6751,97.51000000001055,-0.008311774063480964,0.026346366908005972
6752,97.52000000001055,-0.00831178642431308,0.026346327130297838
6753,97.53000000001056,-0.008311798778555063,0.026346287374217268
6754,97.54000000001056,-0.008311811126211346,0.026346247639749475
6755,97.55000000001056,-0.008311823467286329,0.026346207926879632
6756,97.56000000001056,-0.008311835801784436,0.026346168235592986
6757,97.57000000001057,-0.008311848129710078,0.026346128565874764
6758,97.58000000001056,-0.008311860451067651,0.026346088917710196
6759,97.59000000001056,-0.00831187276586156,0.02634604929108454
6760,97.60000000001057,-0.008311885074096206,0.026346009685983066
6761,97.61000000001057,-0.00831189737577598,0.026345970102391054
6762,97.62000000001058,-0.008311909670905275,0.026345930540293803
6763,97.63000000001057,-0.008311921959488475,0.026345890999676602
6764,97.64000000001057,-0.008311934241529964,0.02634585148052478
6765,97.65000000001058,-0.008311946517034128,0.026345811982823646
6766,97.66000000001057,-0.00831195878600534,0.026345772506558566
6767,97.67000000001057,-0.00831197104844797,0.02634573305171487
6768,97.68000000001058,-0.008311983304366388,0.02634569361827794
6769,97.69000000001058,-0.008311995553764967,0.02634565420623315
6770,97.70000000001059,-0.008312007796648056,0.026345614815565865
6771,97.71000000001058,-0.00831202003302003,0.026345575446261524
6772,97.72000000001059,-0.008312032262885233,0.026345536098305526
6773,97.73000000001059,-0.008312044486248015,0.026345496771683265
6774,97.74000000001058,-0.008312056703112736,0.026345457466380225
6775,97.75000000001059,-0.00831206891348373,0.02634541818238184
6776,97.76000000001059,-0.008312081117365344,0.026345378919673562
6777,97.7700000000106,-0.00831209331476191,0.02634533967824087
6778,97.7800000000106,-0.008312105505677769,0.026345300458069248
6779,97.7900000000106,-0.008312117690117244,0.026345261259144197
6780,97.8000000000106,-0.008312129868084666,0.02634522208145123
6781,97.8100000000106,-0.00831214203958436,0.02634518292497586
6782,97.8200000000106,-0.008312154204620644,0.026345143789703623
6783,97.8300000000106,-0.008312166363197836,0.026345104675620075
6784,97.8400000000106,-0.008312178515320245,0.02634506558271076
6785,97.85000000001061,-0.008312190660992183,0.02634502651096125
6786,97.86000000001061,-0.008312202800217959,0.026344987460357138
6787,97.8700000000106,-0.00831221493300187,0.026344948430884002
6788,97.88000000001061,-0.008312227059348217,0.026344909422527447
6789,97.89000000001062,-0.0083122391792613,0.02634487043527311
6790,97.9000000000106,-0.008312251292745404,0.026344831469106607
6791,97.91000000001061,-0.008312263399804823,0.026344792524013578
6792,97.92000000001062,-0.008312275500443835,0.026344753599979672
6793,97.93000000001062,-0.008312287594666732,0.02634471469699057
6794,97.94000000001063,-0.008312299682477785,0.026344675815031936
6795,97.95000000001062,-0.008312311763881267,0.026344636954089458
6796,97.96000000001062,-0.008312323838881456,0.02634459811414884
6797,97.97000000001063,-0.008312335907482614,0.0263445592951958
6798,97.98000000001062,-0.008312347969689013,0.026344520497216056
6799,97.99000000001062,-0.008312360025504898,0.02634448172019533
6800,98.00000000001063,-0.008312372074934545,0.026344442964119398
6801,98.01000000001063,-0.008312384117982198,0.026344404228974
6802,98.02000000001064,-0.008312396154652107,0.02634436551474492
6803,98.03000000001063,-0.008312408184948524,0.026344326821417928
6804,98.04000000001064,-0.008312420208875687,0.026344288148978816
6805,98.05000000001064,-0.00831243222643784,0.0263442494974134
6806,98.06000000001063,-0.00831244423763922,0.026344210866707497
6807,98.07000000001064,-0.008312456242484058,0.026344172256846946
6808,98.08000000001064,-0.008312468240976586,0.02634413366781757
6809,98.09000000001065,-0.008312480233121028,0.026344095099605228
6810,98.10000000001065,-0.00831249221892161,0.026344056552195794
6811,98.11000000001064,-0.008312504198382552,0.026344018025575136
6812,98.12000000001065,-0.008312516171508067,0.026343979519729145
6813,98.13000000001065,-0.008312528138302367,0.026343941034643714
6814,98.14000000001064,-0.008312540098769665,0.026343902570304757
6815,98.15000000001065,-0.008312552052914167,0.026343864126698216
6816,98.16000000001065,-0.008312564000740076,0.026343825703809998
6817,98.17000000001066,-0.008312575942251587,0.02634378730162607
6818,98.18000000001066,-0.008312587877452902,0.026343748920132377
6819,98.19000000001066,-0.008312599806348206,0.026343710559314885
6820,98.20000000001066,-0.008312611728941694,0.026343672219159592
6821,98.21000000001067,-0.00831262364523755,0.02634363389965248
6822,98.22000000001066,-0.008312635555239957,0.026343595600779545
6823,98.23000000001066,-0.008312647458953094,0.02634355732252682
6824,98.24000000001067,-0.008312659356381133,0.02634351906488032
6825,98.25000000001067,-0.00831267124752825,0.026343480827826084
6826,98.26000000001068,-0.008312683132398616,0.02634344261135017
6827,98.27000000001067,-0.00831269501099639,0.02634340441543863
6828,98.28000000001067,-0.008312706883325742,0.026343366240077545
6829,98.29000000001068,-0.00831271874939082,0.02634332808525299
6830,98.30000000001067,-0.008312730609195792,0.026343289950951074
6831,98.31000000001067,-0.0083127424627448,0.02634325183715789
6832,98.32000000001068,-0.008312754310042001,0.02634321374385958
6833,98.33000000001068,-0.008312766151091533,0.026343175671042236
6834,98.34000000001069,-0.008312777985897538,0.026343137618692027
6835,98.35000000001068,-0.008312789814464165,0.026343099586795107
6836,98.36000000001069,-0.008312801636795536,0.026343061575337626
6837,98.37000000001069,-0.008312813452895796,0.02634302358430577
6838,98.38000000001068,-0.008312825262769063,0.02634298561368573
6839,98.39000000001069,-0.008312837066419462,0.02634294766346368
6840,98.40000000001069,-0.008312848863851127,0.026342909733625866
6841,98.4100000000107,-0.008312860655068168,0.026342871824158485
6842,98.4200000000107,-0.0083128724400747,0.02634283393504777
6843,98.4300000000107,-0.008312884218874838,0.026342796066279973
6844,98.4400000000107,-0.00831289599147269,0.026342758217841346
6845,98.4500000000107,-0.008312907757872362,0.026342720389718147
6846,98.4600000000107,-0.008312919518077954,0.026342682581896665
6847,98.4700000000107,-0.008312931272093567,0.026342644794363188
6848,98.4800000000107,-0.008312943019923299,0.026342607027104017
6849,98.49000000001071,-0.008312954761571234,0.026342569280105445
6850,98.50000000001071,-0.008312966497041472,0.02634253155335382
6851,98.5100000000107,-0.008312978226338093,0.026342493846835457
6852,98.52000000001071,-0.008312989949465178,0.02634245616053672
6853,98.53000000001072,-0.00831300166642681,0.026342418494443937
6854,98.5400000000107,-0.008313013377227063,0.0263423808485435
6855,98.55000000001071,-0.00831302508187001,0.026342343222821783
6856,98.56000000001072,-0.008313036780359719,0.026342305617265162
6857,98.57000000001072,-0.008313048472700259,0.026342268031860048
6858,98.58000000001073,-0.008313060158895689,0.026342230466592856
6859,98.59000000001072,-0.008313071838950073,0.026342192921449993
6860,98.60000000001072,-0.008313083512867466,0.02634215539641792
6861,98.61000000001073,-0.008313095180651918,0.02634211789148306
6862,98.62000000001072,-0.008313106842307487,0.026342080406631878
6863,98.63000000001072,-0.008313118497838208,0.026342042941850836
6864,98.64000000001073,-0.008313130147248132,0.02634200549712642
6865,98.65000000001073,-0.008313141790541299,0.02634196807244511
6866,98.66000000001074,-0.008313153427721744,0.02634193066779342
6867,98.67000000001073,-0.008313165058793495,0.026341893283157846
6868,98.68000000001074,-0.008313176683760594,0.02634185591852492
6869,98.69000000001074,-0.008313188302627065,0.026341818573881178
6870,98.70000000001073,-0.008313199915396923,0.02634178124921316
6871,98.71000000001074,-0.0083132115220742,0.02634174394450742
6872,98.72000000001074,-0.008313223122662907,0.02634170665975052
6873,98.73000000001075,-0.008313234717167063,0.026341669394929067
6874,98.74000000001075,-0.008313246305590674,0.02634163215002961
6875,98.75000000001074,-0.008313257887937747,0.026341594925038767
6876,98.76000000001075,-0.008313269464212295,0.026341557719943152
6877,98.77000000001075,-0.008313281034418312,0.026341520534729386
6878,98.78000000001074,-0.008313292598559799,0.02634148336938408
6879,98.79000000001075,-0.008313304156640751,0.026341446223893915
6880,98.80000000001075,-0.00831331570866516,0.026341409098245516
6881,98.81000000001076,-0.00831332725463701,0.026341371992425547
6882,98.82000000001077,-0.008313338794560293,0.026341334906420703
6883,98.83000000001076,-0.00831335032843899,0.02634129784021766
6884,98.84000000001076,-0.008313361856277079,0.02634126079380312
6885,98.85000000001077,-0.008313373378078534,0.02634122376716378
6886,98.86000000001076,-0.008313384893847331,0.026341186760286375
6887,98.87000000001076,-0.008313396403587442,0.026341149773157636
6888,98.88000000001077,-0.008313407907302823,0.02634111280576428
6889,98.89000000001077,-0.008313419404997444,0.02634107585809308
6890,98.90000000001078,-0.008313430896675272,0.0263410389301308
6891,98.91000000001077,-0.008313442382340254,0.02634100202186421
6892,98.92000000001077,-0.008313453861996344,0.026340965133280075
6893,98.93000000001078,-0.008313465335647495,0.026340928264365213
6894,98.94000000001077,-0.00831347680329766,0.02634089141510643
6895,98.95000000001077,-0.008313488264950776,0.026340854585490535
6896,98.96000000001078,-0.008313499720610781,0.026340817775504344
6897,98.97000000001078,-0.008313511170281625,0.02634078098513472
6898,98.98000000001079,-0.008313522613967233,0.026340744214368488
6899,98.99000000001078,-0.00831353405167154,0.026340707463192527
6900,99.00000000001079,-0.00831354548339847,0.026340670731593685
6901,99.01000000001079,-0.00831355690915196,0.026340634019558867
6902,99.02000000001078,-0.008313568328935922,0.026340597327074947
6903,99.03000000001079,-0.00831357974275428,0.026340560654128833
6904,99.04000000001079,-0.00831359115061095,0.026340524000707445
6905,99.0500000000108,-0.00831360255250984,0.026340487366797696
6906,99.0600000000108,-0.008313613948454864,0.02634045075238652
6907,99.0700000000108,-0.008313625338449926,0.02634041415746086
6908,99.0800000000108,-0.008313636722498931,0.02634037758200768
6909,99.0900000000108,-0.008313648100605782,0.026340341026013937
6910,99.1000000000108,-0.008313659472774376,0.02634030448946662
6911,99.1100000000108,-0.008313670839008603,0.026340267972352695
6912,99.1200000000108,-0.00831368219931236,0.02634023147465919
6913,99.13000000001081,-0.008313693553689529,0.026340194996373082
6914,99.14000000001082,-0.008313704902144,0.026340158537481412
6915,99.1500000000108,-0.008313716244679656,0.026340122097971205
6916,99.16000000001081,-0.008313727581300362,0.026340085677829476
6917,99.17000000001082,-0.008313738912010012,0.026340049277043316
6918,99.1800000000108,-0.008313750236812472,0.026340012895599764
6919,99.19000000001081,-0.008313761555711606,0.02633997653348588
6920,99.20000000001082,-0.00831377286871129,0.02633994019068877
6921,99.21000000001082,-0.008313784175815379,0.026339903867195508
6922,99.22000000001083,-0.008313795477027736,0.026339867562993207
6923,99.23000000001082,-0.008313806772352224,0.026339831278068975
6924,99.24000000001082,-0.00831381806179269,0.02633979501240994
6925,99.25000000001083,-0.008313829345352984,0.026339758766003224
6926,99.26000000001082,-0.00831384062303696,0.026339722538835993
6927,99.27000000001082,-0.008313851894848462,0.026339686330895385
6928,99.28000000001083,-0.008313863160791328,0.02633965014216857
6929,99.29000000001083,-0.008313874420869399,0.026339613972642725
6930,99.30000000001084,-0.008313885675086516,0.026339577822305043
6931,99.31000000001083,-0.008313896923446504,0.026339541691142703
6932,99.32000000001084,-0.008313908165953194,0.02633950557914292
6933,99.33000000001084,-0.008313919402610415,0.026339469486292916
6934,99.34000000001083,-0.008313930633421993,0.02633943341257992
6935,99.35000000001084,-0.008313941858391745,0.026339397357991165
6936,99.36000000001084,-0.00831395307752349,0.026339361322513893
6937,99.37000000001085,-0.008313964290821041,0.02633932530613538
6938,99.38000000001085,-0.008313975498288209,0.02633928930884287
6939,99.39000000001084,-0.008313986699928812,0.026339253330623678
6940,99.40000000001085,-0.008313997895746642,0.026339217371465055
6941,99.41000000001085,-0.008314009085745509,0.026339181431354323
6942,99.42000000001084,-0.008314020269929206,0.026339145510278782
6943,99.43000000001085,-0.008314031448301541,0.02633910960822576
6944,99.44000000001085,-0.008314042620866302,0.026339073725182596
6945,99.45000000001086,-0.008314053787627272,0.026339037861136602
6946,99.46000000001087,-0.008314064948588249,0.026339002016075162
6947,99.47000000001086,-0.008314076103753013,0.02633896618998562
6948,99.48000000001086,-0.008314087253125345,0.026338930382855338
6949,99.49000000001087,-0.008314098396709026,0.026338894594671716
6950,99.50000000001086,-0.008314109534507827,0.02633885882542214
6951,99.51000000001086,-0.008314120666525527,0.02633882307509401
6952,99.52000000001087,-0.008314131792765888,0.02633878734367474
6953,99.53000000001087,-0.008314142913232682,0.02633875163115175
6954,99.54000000001088,-0.008314154027929673,0.02633871593751248
6955,99.55000000001087,-0.008314165136860617,0.026338680262744357
6956,99.56000000001087,-0.008314176240029279,0.026338644606834858
6957,99.57000000001088,-0.008314187337439405,0.02633860896977143
6958,99.58000000001087,-0.008314198429094751,0.026338573351541543
6959,99.59000000001087,-0.008314209514999064,0.026338537752132685
6960,99.60000000001088,-0.008314220595156095,0.02633850217153235
6961,99.61000000001088,-0.008314231669569579,0.026338466609728044
6962,99.62000000001089,-0.008314242738243261,0.026338431066707274
6963,99.63000000001088,-0.008314253801180874,0.026338395542457566
6964,99.64000000001089,-0.008314264858386157,0.026338360036966456
6965,99.65000000001089,-0.008314275909862837,0.026338324550221486
6966,99.66000000001088,-0.008314286955614644,0.026338289082210215
6967,99.67000000001089,-0.0083142979956453,0.0263382536329202
6968,99.68000000001089,-0.008314309029958535,0.026338218202339017
6969,99.6900000000109,-0.00831432005855806,0.026338182790454242
6970,99.7000000000109,-0.008314331081447591,0.02633814739725348
6971,99.7100000000109,-0.008314342098630847,0.026338112022724337
6972,99.7200000000109,-0.008314353110111534,0.026338076666854417
6973,99.7300000000109,-0.00831436411589336,0.02633804132963134
6974,99.7400000000109,-0.008314375115980035,0.02633800601104275
6975,99.7500000000109,-0.008314386110375254,0.026337970711076287
6976,99.7600000000109,-0.008314397099082714,0.026337935429719603
6977,99.77000000001091,-0.008314408082106123,0.026337900166960377
6978,99.78000000001092,-0.00831441905944916,0.026337864922786263
6979,99.7900000000109,-0.00831443003111552,0.026337829697184942
6980,99.80000000001091,-0.00831444099710889,0.02633779449014411
6981,99.81000000001092,-0.008314451957432956,0.026337759301651487
6982,99.82000000001091,-0.0083144629120914,0.02633772413169478
6983,99.83000000001091,-0.008314473861087895,0.026337688980261696
6984,99.84000000001092,-0.008314484804426122,0.02633765384733998
6985,99.85000000001092,-0.00831449574210975,0.02633761873291737
6986,99.86000000001093,-0.008314506674142451,0.026337583636981625
6987,99.87000000001092,-0.008314517600527888,0.02633754855952051
6988,99.88000000001092,-0.008314528521269727,0.026337513500521773
6989,99.89000000001093,-0.008314539436371633,0.026337478459973227
6990,99.90000000001092,-0.008314550345837259,0.026337443437862654
6991,99.91000000001092,-0.008314561249670262,0.02633740843417785
6992,99.92000000001093,-0.008314572147874288,0.02633737344890661
6993,99.93000000001093,-0.008314583040453002,0.0263373384820368
6994,99.94000000001094,-0.008314593927410036,0.02633730353355621
6995,99.95000000001093,-0.00831460480874904,0.026337268603452695
6996,99.96000000001094,-0.00831461568447365,0.026337233691714108
6997,99.97000000001094,-0.00831462655458751,0.0263371987983283
6998,99.98000000001093,-0.008314637419094256,0.026337163923283162
6999,99.99000000001094,-0.008314648277997513,0.026337129066566548
7000,100.00000000001094,-0.008314659131300915,0.026337094228166366
7001,100.01000000001095,-0.00831466997900809,0.026337059408070504
7002,100.02000000001095,-0.008314680821122657,0.02633702460626688
7003,100.03000000001094,-0.008314691657648242,0.026336989822743403
7004,100.04000000001095,-0.008314702488588462,0.026336955057488006
7005,100.05000000001095,-0.008314713313946929,0.026336920310488628
7006,100.06000000001094,-0.008314724133727256,0.02633688558173321
7007,100.07000000001095,-0.008314734947933056,0.02633685087120972
7008,100.08000000001095,-0.008314745756567932,0.026336816178906115
7009,100.09000000001096,-0.008314756559635489,0.026336781504810374
7010,100.10000000001097,-0.008314767357139327,0.026336746848910488
7011,100.11000000001096,-0.008314778149083046,0.026336712211194442
7012,100.12000000001096,-0.008314788935470241,0.026336677591650256
7013,100.13000000001097,-0.008314799716304508,0.02633664299026594
7014,100.14000000001096,-0.008314810491589428,0.0263366084070295
7015,100.15000000001096,-0.008314821261328598,0.026336573841929004
7016,100.16000000001097,-0.008314832025525593,0.02633653929495247
7017,100.17000000001097,-0.008314842784183998,0.026336504766087957
7018,100.18000000001098,-0.008314853537307394,0.026336470255323537
7019,100.19000000001097,-0.008314864284899352,0.02633643576264727
7020,100.20000000001097,-0.00831487502696345,0.026336401288047245
7021,100.21000000001098,-0.008314885763503256,0.026336366831511547
7022,100.22000000001097,-0.008314896494522335,0.026336332393028284
7023,100.23000000001097,-0.008314907220024256,0.02633629797258557
7024,100.24000000001098,-0.008314917940012575,0.026336263570171506
7025,100.25000000001098,-0.008314928654490853,0.026336229185774242
7026,100.26000000001099,-0.008314939363462647,0.026336194819381906
7027,100.27000000001098,-0.008314950066931516,0.026336160470982656
7028,100.28000000001099,-0.008314960764900998,0.026336126140564634
7029,100.29000000001099,-0.00831497145737465,0.026336091828116016
7030,100.30000000001098,-0.008314982144356014,0.026336057533624984
7031,100.31000000001099,-0.008314992825848634,0.026336023257079722
7032,100.32000000001099,-0.008315003501856048,0.026335988998468417
7033,100.330000000011,-0.008315014172381792,0.026335954757779282
7034,100.340000000011,-0.008315024837429399,0.02633592053500053
7035,100.350000000011,-0.008315035497002406,0.026335886330120385
7036,100.360000000011,-0.008315046151104333,0.026335852143127076
7037,100.370000000011,-0.008315056799738712,0.02633581797400885
7038,100.380000000011,-0.008315067442909068,0.02633578382275397
7039,100.390000000011,-0.00831507808061891,0.026335749689350672
7040,100.400000000011,-0.008315088712871765,0.026335715573787243
7041,100.41000000001101,-0.008315099339671143,0.02633568147605196
7042,100.42000000001102,-0.008315109961020561,0.026335647396133116
7043,100.430000000011,-0.008315120576923523,0.026335613334019008
7044,100.44000000001101,-0.00831513118738354,0.026335579289697937
7045,100.45000000001102,-0.008315141792404106,0.026335545263158226
7046,100.46000000001101,-0.008315152391988736,0.02633551125438821
7047,100.47000000001101,-0.008315162986140918,0.026335477263376213
7048,100.48000000001102,-0.00831517357486415,0.02633544329011058
7049,100.49000000001102,-0.008315184158161926,0.026335409334579677
7050,100.50000000001103,-0.008315194736037734,0.02633537539677186
7051,100.51000000001102,-0.008315205308495062,0.026335341476675496
7052,100.52000000001102,-0.008315215875537395,0.026335307574278977
7053,100.53000000001103,-0.008315226437168217,0.02633527368957069
7054,100.54000000001102,-0.008315236993391007,0.026335239822539047
7055,100.55000000001102,-0.008315247544209235,0.02633520597317244
7056,100.56000000001103,-0.008315258089626378,0.0263351721414593
7057,100.57000000001104,-0.008315268629645909,0.026335138327388048
7058,100.58000000001104,-0.008315279164271295,0.026335104530947135
7059,100.59000000001103,-0.008315289693506003,0.02633507075212499
7060,100.60000000001104,-0.008315300217353494,0.02633503699091008
7061,100.61000000001104,-0.008315310735817228,0.02633500324729087
7062,100.62000000001103,-0.008315321248900664,0.026334969521255837
7063,100.63000000001104,-0.008315331756607256,0.026334935812793454
7064,100.64000000001104,-0.008315342258940456,0.026334902121892226
7065,100.65000000001105,-0.008315352755903713,0.026334868448540646
7066,100.66000000001105,-0.008315363247500476,0.02633483479272723
7067,100.67000000001104,-0.008315373733734185,0.02633480115444049
7068,100.68000000001105,-0.008315384214608285,0.026334767533668965
7069,100.69000000001105,-0.008315394690126215,0.0263347339304012
7070,100.70000000001104,-0.008315405160291407,0.02633470034462572
7071,100.71000000001105,-0.008315415625107295,0.026334666776331096
7072,100.72000000001105,-0.008315426084577315,0.026334633225505888
7073,100.73000000001106,-0.008315436538704887,0.02633459969213868
7074,100.74000000001107,-0.008315446987493444,0.02633456617621805
7075,100.75000000001106,-0.008315457430946402,0.026334532677732586
7076,100.76000000001106,-0.008315467869067188,0.026334499196670903
7077,100.77000000001107,-0.008315478301859212,0.026334465733021603
7078,100.78000000001106,-0.008315488729325894,0.026334432286773297
7079,100.79000000001106,-0.008315499151470646,0.026334398857914634
7080,100.80000000001107,-0.008315509568296872,0.02633436544643423
7081,100.81000000001107,-0.008315519979807985,0.026334332052320754
7082,100.82000000001108,-0.008315530386007386,0.026334298675562848
7083,100.83000000001107,-0.008315540786898475,0.026334265316149175
7084,100.84000000001107,-0.008315551182484653,0.026334231974068423
7085,100.85000000001108,-0.008315561572769315,0.026334198649309262
7086,100.86000000001107,-0.008315571957755858,0.026334165341860387
7087,100.87000000001107,-0.008315582337447669,0.026334132051710507
7088,100.88000000001108,-0.008315592711848134,0.02633409877884831
7089,100.89000000001109,-0.008315603080960647,0.02633406552326254
7090,100.90000000001109,-0.008315613444788582,0.026334032284941914
7091,100.91000000001108,-0.008315623803335328,0.026333999063875173
7092,100.92000000001109,-0.008315634156604253,0.02633396586005104
7093,100.93000000001109,-0.00831564450459874,0.026333932673458307
7094,100.94000000001108,-0.008315654847322157,0.026333899504085705
7095,100.95000000001109,-0.008315665184777879,0.02633386635192203
7096,100.96000000001109,-0.008315675516969268,0.026333833216956044
7097,100.9700000000111,-0.00831568584389969,0.026333800099176546
7098,100.9800000000111,-0.008315696165572506,0.026333766998572337
7099,100.9900000000111,-0.00831570648199108,0.02633373391513222
7100,101.0000000000111,-0.008315716793158765,0.02633370084884502
7101,101.0100000000111,-0.008315727099078914,0.026333667799699548
7102,101.0200000000111,-0.008315737399754882,0.026333634767684643
7103,101.0300000000111,-0.008315747695190017,0.026333601752789156
7104,101.0400000000111,-0.008315757985387664,0.026333568755001924
7105,101.05000000001111,-0.008315768270351173,0.026333535774311835
7106,101.06000000001112,-0.008315778550083874,0.02633350281070772
7107,101.0700000000111,-0.008315788824589119,0.026333469864178494
7108,101.08000000001111,-0.008315799093870228,0.02633343693471301
7109,101.09000000001112,-0.00831580935793055,0.02633340402230019
7110,101.10000000001111,-0.008315819616773409,0.02633337112692893
7111,101.11000000001111,-0.008315829870402134,0.026333338248588148
7112,101.12000000001112,-0.00831584011882005,0.026333305387266758
7113,101.13000000001112,-0.008315850362030482,0.026333272542953687
7114,101.14000000001113,-0.008315860600036749,0.02633323971563789
7115,101.15000000001112,-0.008315870832842171,0.026333206905308302
7116,101.16000000001112,-0.008315881060450059,0.02633317411195388
7117,101.17000000001113,-0.008315891282863733,0.026333141335563602
7118,101.18000000001112,-0.008315901500086497,0.026333108576126425
7119,101.19000000001112,-0.008315911712121664,0.026333075833631356
7120,101.20000000001113,-0.008315921918972536,0.02633304310806736
7121,101.21000000001114,-0.008315932120642414,0.026333010399423446
7122,101.22000000001114,-0.008315942317134601,0.026332977707688634
7123,101.23000000001113,-0.008315952508452398,0.02633294503285194
7124,101.24000000001114,-0.008315962694599093,0.02633291237490237
7125,101.25000000001114,-0.008315972875577983,0.026332879733828984
7126,101.26000000001113,-0.008315983051392356,0.026332847109620805
7127,101.27000000001114,-0.0083159932220455,0.026332814502266905
7128,101.28000000001114,-0.008316003387540703,0.02633278191175633
7129,101.29000000001115,-0.008316013547881244,0.026332749338078158
7130,101.30000000001115,-0.008316023703070403,0.026332716781221458
7131,101.31000000001114,-0.008316033853111455,0.026332684241175325
7132,101.32000000001115,-0.00831604399800768,0.02633265171792885
7133,101.33000000001115,-0.00831605413776235,0.026332619211471148
7134,101.34000000001114,-0.008316064272378729,0.026332586721791316
7135,101.35000000001115,-0.008316074401860088,0.026332554248878478
7136,101.36000000001115,-0.008316084526209694,0.026332521792721764
7137,101.37000000001116,-0.008316094645430806,0.026332489353310326
7138,101.38000000001117,-0.008316104759526684,0.026332456930633293
7139,101.39000000001116,-0.008316114868500585,0.02633242452467982
7140,101.40000000001116,-0.008316124972355763,0.02633239213543908
7141,101.41000000001117,-0.008316135071095467,0.026332359762900236
7142,101.42000000001116,-0.00831614516472296,0.026332327407052488
7143,101.43000000001116,-0.008316155253241475,0.026332295067885005
7144,101.44000000001117,-0.00831616533665426,0.02633226274538699
7145,101.45000000001117,-0.008316175414964563,0.026332230439547653
7146,101.46000000001118,-0.00831618548817562,0.026332198150356215
7147,101.47000000001117,-0.008316195556290661,0.026332165877801877
7148,101.48000000001117,-0.008316205619312936,0.026332133621873897
7149,101.49000000001118,-0.008316215677245662,0.02633210138256149
7150,101.50000000001117,-0.008316225730092077,0.026332069159853918
7151,101.51000000001117,-0.008316235777855405,0.026332036953740437
7152,101.52000000001118,-0.008316245820538875,0.02633200476421032
7153,101.53000000001119,-0.0083162558581457,0.026331972591252827
7154,101.54000000001119,-0.00831626589067911,0.026331940434857242
7155,101.55000000001118,-0.008316275918142322,0.026331908295012866
7156,101.56000000001119,-0.008316285940538543,0.02633187617170899
7157,101.57000000001119,-0.008316295957870989,0.026331844064934922
7158,101.58000000001118,-0.008316305970142867,0.026331811974679972
7159,101.59000000001119,-0.008316315977357396,0.026331779900933484
7160,101.60000000001119,-0.008316325979517767,0.026331747843684767
7161,101.6100000000112,-0.008316335976627188,0.026331715802923174
7162,101.6200000000112,-0.008316345968688858,0.02633168377863805
7163,101.6300000000112,-0.008316355955705977,0.02633165177081876
7164,101.6400000000112,-0.008316365937681737,0.02633161977945466
7165,101.6500000000112,-0.008316375914619336,0.02633158780453513
7166,101.6600000000112,-0.008316385886521956,0.026331555846049546
7167,101.6700000000112,-0.00831639585339279,0.02633152390398731
7168,101.6800000000112,-0.008316405815235024,0.02633149197833782
7169,101.69000000001121,-0.00831641577205184,0.02633146006909047
7170,101.70000000001122,-0.008316425723846416,0.026331428176234687
7171,101.7100000000112,-0.00831643567062193,0.026331396299759894
7172,101.72000000001121,-0.00831644561238156,0.026331364439655516
7173,101.73000000001122,-0.008316455549128481,0.02633133259591101
7174,101.74000000001121,-0.008316465480865858,0.0263313007685158
7175,101.75000000001121,-0.008316475407596861,0.026331268957459356
7176,101.76000000001122,-0.00831648532932466,0.02633123716273116
7177,101.77000000001122,-0.008316495246052416,0.026331205384320665
7178,101.78000000001123,-0.008316505157783287,0.026331173622217353
7179,101.79000000001122,-0.008316515064520432,0.026331141876410717
7180,101.80000000001122,-0.00831652496626701,0.026331110146890255
7181,101.81000000001123,-0.008316534863026175,0.026331078433645478
7182,101.82000000001122,-0.008316544754801076,0.026331046736665902
7183,101.83000000001122,-0.008316554641594864,0.026331015055941036
7184,101.84000000001123,-0.008316564523410681,0.026330983391460432
7185,101.85000000001124,-0.008316574400251676,0.02633095174321361
7186,101.86000000001124,-0.008316584272120989,0.026330920111190124
7187,101.87000000001123,-0.008316594139021758,0.026330888495379533
7188,101.88000000001124,-0.008316604000957123,0.0263308568957714
7189,101.89000000001124,-0.008316613857930212,0.026330825312355283
7190,101.90000000001123,-0.008316623709944161,0.026330793745120786
7191,101.91000000001124,-0.008316633557002103,0.02633076219405748
7192,101.92000000001124,-0.00831664339910716,0.02633073065915496
7193,101.93000000001125,-0.008316653236262465,0.02633069914040285
7194,101.94000000001125,-0.008316663068471128,0.026330667637790746
7195,101.95000000001124,-0.00831667289573628,0.026330636151308266
7196,101.96000000001125,-0.008316682718061026,0.02633060468094503
7197,101.97000000001125,-0.008316692535448495,0.026330573226690707
7198,101.98000000001124,-0.008316702347901795,0.026330541788534917
7199,101.99000000001125,-0.008316712155424035,0.02633051036646732
7200,102.00000000001125,-0.008316721958018324,0.026330478960477573
7201,102.01000000001126,-0.008316731755687767,0.026330447570555346
7202,102.02000000001127,-0.008316741548435466,0.026330416196690323
7203,102.03000000001126,-0.008316751336264527,0.026330384838872182
7204,102.04000000001126,-0.008316761119178045,0.026330353497090606
7205,102.05000000001127,-0.008316770897179117,0.026330322171335314
7206,102.06000000001126,-0.008316780670270838,0.026330290861596013
7207,102.07000000001126,-0.0083167904384563,0.02633025956786242
7208,102.08000000001127,-0.008316800201738587,0.026330228290124245
7209,102.09000000001127,-0.008316809960120792,0.026330197028371232
7210,102.10000000001128,-0.008316819713605997,0.02633016578259312
7211,102.11000000001127,-0.008316829462197285,0.026330134552779678
7212,102.12000000001127,-0.008316839205897732,0.026330103338920628
7213,102.13000000001128,-0.008316848944710423,0.026330072141005755
7214,102.14000000001127,-0.008316858678638427,0.02633004095902483
7215,102.15000000001127,-0.008316868407684816,0.02633000979296763
7216,102.16000000001128,-0.008316878131852667,0.026329978642823958
7217,102.17000000001129,-0.008316887851145042,0.026329947508583588
7218,102.18000000001129,-0.008316897565565008,0.026329916390236338
7219,102.19000000001128,-0.008316907275115632,0.026329885287772022
7220,102.20000000001129,-0.008316916979799971,0.02632985420118046
7221,102.21000000001129,-0.008316926679621084,0.02632982313045147
7222,102.22000000001128,-0.008316936374582027,0.026329792075574898
7223,102.23000000001129,-0.008316946064685858,0.026329761036540594
7224,102.24000000001129,-0.008316955749935625,0.0263297300133384
7225,102.2500000000113,-0.008316965430334378,0.026329699005958176
7226,102.2600000000113,-0.008316975105885166,0.026329668014389792
7227,102.2700000000113,-0.008316984776591029,0.02632963703862312
7228,102.2800000000113,-0.008316994442455018,0.02632960607864806
7229,102.2900000000113,-0.008317004103480168,0.02632957513445449
7230,102.3000000000113,-0.008317013759669513,0.026329544206032302
7231,102.3100000000113,-0.008317023411026095,0.026329513293371423
7232,102.3200000000113,-0.008317033057552943,0.026329482396461747
7233,102.33000000001131,-0.008317042699253091,0.02632945151529321
7234,102.34000000001132,-0.008317052336129567,0.026329420649855738
7235,102.3500000000113,-0.008317061968185395,0.026329389800139276
7236,102.36000000001131,-0.0083170715954236,0.02632935896613376
7237,102.37000000001132,-0.008317081217847206,0.026329328147829154
7238,102.38000000001131,-0.008317090835459227,0.02632929734521541
7239,102.39000000001131,-0.008317100448262692,0.026329266558282518
7240,102.40000000001132,-0.0083171100562606,0.02632923578702042
7241,102.41000000001132,-0.008317119659455972,0.02632920503141913
7242,102.42000000001133,-0.008317129257851818,0.02632917429146863
7243,102.43000000001132,-0.008317138851451147,0.02632914356715893
7244,102.44000000001132,-0.008317148440256963,0.02632911285848002
7245,102.45000000001133,-0.008317158024272266,0.026329082165421933
7246,102.46000000001132,-0.008317167603500064,0.02632905148797469
7247,102.47000000001132,-0.008317177177943348,0.026329020826128313
7248,102.48000000001133,-0.008317186747605121,0.02632899017987285
7249,102.49000000001134,-0.00831719631248838,0.026328959549198352
7250,102.50000000001134,-0.008317205872596104,0.02632892893409486
7251,102.51000000001133,-0.008317215427931297,0.026328898334552445
7252,102.52000000001134,-0.008317224978496936,0.02632886775056118
7253,102.53000000001134,-0.00831723452429601,0.026328837182111132
7254,102.54000000001133,-0.008317244065331507,0.0263288066291924
7255,102.55000000001134,-0.0083172536016064,0.026328776091795066
7256,102.56000000001134,-0.008317263133123672,0.026328745569909245
7257,102.57000000001135,-0.008317272659886297,0.026328715063525028
7258,102.58000000001135,-0.00831728218189725,0.02632868457263254
7259,102.59000000001134,-0.0083172916991595,0.0263286540972219
7260,102.60000000001135,-0.008317301211676021,0.026328623637283242
7261,102.61000000001135,-0.008317310719449779,0.026328593192806712
7262,102.62000000001134,-0.008317320222483738,0.02632856276378245
7263,102.63000000001135,-0.008317329720780857,0.026328532350200606
7264,102.64000000001136,-0.0083173392143441,0.026328501952051345
7265,102.65000000001136,-0.008317348703176427,0.026328471569324843
7266,102.66000000001137,-0.008317358187280787,0.026328441202011263
7267,102.67000000001136,-0.008317367666660145,0.02632841085010081
7268,102.68000000001136,-0.008317377141317445,0.026328380513583664
7269,102.69000000001137,-0.008317386611255636,0.026328350192450015
7270,102.70000000001136,-0.008317396076477664,0.026328319886690085
7271,102.71000000001136,-0.008317405536986478,0.02632828959629408
7272,102.72000000001137,-0.008317414992785018,0.026328259321252233
7273,102.73000000001137,-0.008317424443876224,0.026328229061554763
7274,102.74000000001138,-0.008317433890263038,0.026328198817191912
7275,102.75000000001137,-0.00831744333194839,0.026328168588153927
7276,102.76000000001137,-0.008317452768935214,0.02632813837443105
7277,102.77000000001138,-0.008317462201226448,0.02632810817601356
7278,102.78000000001137,-0.008317471628825016,0.02632807799289171
7279,102.79000000001137,-0.008317481051733846,0.026328047825055777
7280,102.80000000001138,-0.008317490469955863,0.02632801767249605
7281,102.81000000001139,-0.008317499883493987,0.026327987535202806
7282,102.82000000001139,-0.008317509292351144,0.026327957413166358
7283,102.83000000001138,-0.008317518696530246,0.026327927306376994
7284,102.84000000001139,-0.008317528096034213,0.026327897214825046
7285,102.85000000001139,-0.008317537490865959,0.026327867138500823
7286,102.86000000001138,-0.008317546881028393,0.026327837077394646
7287,102.87000000001139,-0.008317556266524423,0.026327807031496862
7288,102.88000000001139,-0.00831756564735696,0.026327777000797803
7289,102.8900000000114,-0.008317575023528909,0.026327746985287826
7290,102.9000000000114,-0.008317584395043171,0.026327716984957294
7291,102.9100000000114,-0.008317593761902647,0.026327686999796547
7292,102.9200000000114,-0.008317603124110236,0.026327657029795993
7293,102.9300000000114,-0.008317612481668832,0.02632762707494598
7294,102.9400000000114,-0.008317621834581332,0.02632759713523691
7295,102.9500000000114,-0.008317631182850626,0.026327567210659167
7296,102.9600000000114,-0.008317640526479597,0.026327537301203154
7297,102.97000000001141,-0.008317649865471151,0.0263275074068593
7298,102.98000000001142,-0.008317659199828154,0.026327477527617996
7299,102.9900000000114,-0.0083176685295535,0.026327447663469675
7300,103.00000000001141,-0.008317677854650068,0.02632741781440477
7301,103.01000000001142,-0.008317687175120733,0.026327387980413723
7302,103.02000000001141,-0.008317696490968373,0.02632735816148696
7303,103.03000000001141,-0.008317705802195867,0.02632732835761496
7304,103.04000000001142,-0.008317715108806082,0.026327298568788172
7305,103.05000000001142,-0.008317724410801891,0.02632726879499706
7306,103.06000000001143,-0.00831773370818616,0.0263272390362321
7307,103.07000000001142,-0.008317743000961757,0.026327209292483778
7308,103.08000000001142,-0.008317752289131548,0.026327179563742583
7309,103.09000000001143,-0.008317761572698387,0.02632714984999901
7310,103.10000000001142,-0.008317770851665136,0.026327120151243562
7311,103.11000000001142,-0.008317780126034655,0.026327090467466754
7312,103.12000000001143,-0.008317789395809797,0.0263270607986591
7313,103.13000000001144,-0.008317798660993417,0.026327031144811133
7314,103.14000000001144,-0.008317807921588361,0.026327001505913376
7315,103.15000000001143,-0.008317817177597485,0.026326971881956387
7316,103.16000000001144,-0.008317826429023628,0.026326942272930694
7317,103.17000000001144,-0.008317835675869639,0.02632691267882686
7318,103.18000000001143,-0.008317844918138358,0.02632688309963545
7319,103.19000000001144,-0.008317854155832628,0.026326853535347035
7320,103.20000000001144,-0.008317863388955281,0.026326823985952184
7321,103.21000000001145,-0.008317872617509159,0.026326794451441485
7322,103.22000000001145,-0.00831788184149709,0.026326764931805528
7323,103.23000000001144,-0.008317891060921912,0.026326735427034915
7324,103.24000000001145,-0.008317900275786449,0.026326705937120252
7325,103.25000000001145,-0.00831790948609353,0.02632667646205214
7326,103.26000000001144,-0.008317918691845982,0.026326647001821222
7327,103.27000000001145,-0.008317927893046625,0.026326617556418096
7328,103.28000000001146,-0.008317937089698281,0.026326588125833418
7329,103.29000000001146,-0.008317946281803767,0.026326558710057815
7330,103.30000000001147,-0.008317955469365904,0.026326529309081952
7331,103.31000000001146,-0.008317964652387506,0.026326499922896478
7332,103.32000000001146,-0.008317973830871383,0.02632647055149205
7333,103.33000000001147,-0.008317983004820345,0.02632644119485934
7334,103.34000000001146,-0.008317992174237199,0.026326411852989028
7335,103.35000000001146,-0.008318001339124755,0.0263263825258718
7336,103.36000000001147,-0.008318010499485815,0.026326353213498334
7337,103.37000000001147,-0.008318019655323179,0.026326323915859352
7338,103.38000000001148,-0.00831802880663965,0.02632629463294554
7339,103.39000000001147,-0.008318037953438029,0.02632626536474763
7340,103.40000000001147,-0.008318047095721103,0.026326236111256313
7341,103.41000000001148,-0.008318056233491671,0.02632620687246234
7342,103.42000000001147,-0.008318065366752524,0.02632617764835644
7343,103.43000000001147,-0.008318074495506448,0.02632614843892935
7344,103.44000000001148,-0.008318083619756236,0.026326119244171824
7345,103.45000000001149,-0.008318092739504667,0.026326090064074603
7346,103.46000000001149,-0.008318101854754529,0.026326060898628472
7347,103.47000000001148,-0.0083181109655086,0.02632603174782418
7348,103.48000000001149,-0.00831812007176966,0.02632600261165251
7349,103.49000000001149,-0.008318129173540485,0.02632597349010425
7350,103.50000000001148,-0.00831813827082385,0.026325944383170187
7351,103.51000000001149,-0.008318147363622531,0.02632591529084112
7352,103.52000000001149,-0.008318156451939293,0.026325886213107854
7353,103.5300000000115,-0.008318165535776908,0.026325857149961197
7354,103.5400000000115,-0.008318174615138141,0.026325828101391967
7355,103.5500000000115,-0.00831818369002576,0.026325799067391003
7356,103.5600000000115,-0.00831819276044252,0.026325770047949115
7357,103.5700000000115,-0.008318201826391184,0.02632574104305715
7358,103.5800000000115,-0.008318210887874518,0.02632571205270597
7359,103.5900000000115,-0.008318219944895268,0.026325683076886413
7360,103.6000000000115,-0.008318228997456193,0.026325654115589344
7361,103.61000000001151,-0.008318238045560042,0.02632562516880563
7362,103.62000000001152,-0.008318247089209568,0.02632559623652614
7363,103.6300000000115,-0.00831825612840752,0.02632556731874177
7364,103.64000000001151,-0.00831826516315664,0.026325538415443394
7365,103.65000000001152,-0.00831827419345967,0.026325509526621913
7366,103.66000000001151,-0.008318283219319357,0.026325480652268227
7367,103.67000000001151,-0.008318292240738441,0.026325451792373243
7368,103.68000000001152,-0.008318301257719658,0.02632542294692789
7369,103.69000000001152,-0.008318310270265738,0.026325394115923075
7370,103.70000000001153,-0.008318319278379425,0.026325365299349743
7371,103.71000000001152,-0.00831832828206344,0.02632533649719881
7372,103.72000000001152,-0.00831833728132052,0.02632530770946124
7373,103.73000000001153,-0.008318346276153387,0.026325278936127964
7374,103.74000000001152,-0.008318355266564775,0.026325250177189966
7375,103.75000000001153,-0.008318364252557397,0.026325221432638185
7376,103.76000000001153,-0.008318373234133982,0.026325192702463605
7377,103.77000000001154,-0.008318382211297243,0.0263251639866572
7378,103.78000000001154,-0.008318391184049903,0.026325135285209956
7379,103.79000000001153,-0.008318400152394673,0.026325106598112862
7380,103.80000000001154,-0.00831840911633427,0.026325077925356925
7381,103.81000000001154,-0.008318418075871404,0.026325049266933142
7382,103.82000000001153,-0.00831842703100878,0.026325020622832523
7383,103.83000000001154,-0.00831843598174911,0.026324991993046092
7384,103.84000000001154,-0.008318444928095102,0.026324963377564885
7385,103.85000000001155,-0.008318453870049449,0.026324934776379913
7386,103.86000000001155,-0.008318462807614859,0.02632490618948223
7387,103.87000000001154,-0.008318471740794033,0.026324877616862884
7388,103.88000000001155,-0.008318480669589666,0.02632484905851292
7389,103.89000000001155,-0.008318489594004446,0.026324820514423395
7390,103.90000000001154,-0.00831849851404108,0.02632479198458539
7391,103.91000000001155,-0.008318507429702247,0.026324763468989966
7392,103.92000000001156,-0.008318516340990642,0.026324734967628206
7393,103.93000000001156,-0.008318525247908949,0.026324706480491202
7394,103.94000000001157,-0.008318534150459859,0.02632467800757005
7395,103.95000000001156,-0.008318543048646045,0.026324649548855827
7396,103.96000000001156,-0.008318551942470198,0.026324621104339672
7397,103.97000000001157,-0.008318560831934992,0.026324592674012683
7398,103.98000000001156,-0.008318569717043103,0.026324564257865977
7399,103.99000000001156,-0.008318578597797213,0.026324535855890695
7400,104.00000000001157,-0.008318587474199987,0.02632450746807796
7401,104.01000000001157,-0.0083185963462541,0.026324479094418915
7402,104.02000000001158,-0.008318605213962221,0.02632445073490471
7403,104.03000000001157,-0.008318614077327017,0.026324422389526494
7404,104.04000000001157,-0.008318622936351152,0.026324394058275438
7405,104.05000000001158,-0.008318631791037288,0.026324365741142695
7406,104.06000000001157,-0.008318640641388092,0.026324337438119457
7407,104.07000000001158,-0.008318649487406219,0.0263243091491969
7408,104.08000000001158,-0.008318658329094328,0.0263242808743662
7409,104.09000000001159,-0.00831866716645507,0.02632425261361857
7410,104.10000000001159,-0.008318675999491104,0.026324224366945186
7411,104.11000000001158,-0.008318684828205076,0.02632419613433727
7412,104.12000000001159,-0.008318693652599643,0.026324167915786057
7413,104.13000000001159,-0.008318702472677447,0.026324139711282734
7414,104.14000000001158,-0.00831871128844113,0.026324111520818542
7415,104.15000000001159,-0.008318720099893342,0.026324083344384717
7416,104.16000000001159,-0.008318728907036721,0.026324055181972502
7417,104.1700000000116,-0.008318737709873908,0.02632402703357313
7418,104.1800000000116,-0.00831874650840754,0.026323998899177876
7419,104.1900000000116,-0.008318755302640255,0.026323970778777992
7420,104.2000000000116,-0.008318764092574683,0.026323942672364743
7421,104.2100000000116,-0.008318772878213459,0.02632391457992941
7422,104.2200000000116,-0.008318781659559212,0.026323886501463264
7423,104.2300000000116,-0.008318790436614563,0.026323858436957594
7424,104.2400000000116,-0.008318799209382154,0.026323830386403704
7425,104.25000000001161,-0.00831880797786459,0.026323802349792876
7426,104.26000000001162,-0.008318816742064507,0.02632377432711644
7427,104.2700000000116,-0.008318825501984518,0.02632374631836569
7428,104.28000000001161,-0.008318834257627243,0.026323718323531954
7429,104.29000000001162,-0.0083188430089953,0.026323690342606558
7430,104.30000000001161,-0.0083188517560913,0.026323662375580835
7431,104.31000000001161,-0.008318860498917858,0.026323634422446125
7432,104.32000000001162,-0.00831886923747758,0.02632360648319377
7433,104.33000000001162,-0.008318877971773083,0.026323578557815135
7434,104.34000000001163,-0.008318886701806966,0.026323550646301565
7435,104.35000000001162,-0.008318895427581836,0.026323522748644433
7436,104.36000000001162,-0.008318904149100297,0.02632349486483511
7437,104.37000000001163,-0.008318912866364948,0.026323466994864975
7438,104.38000000001162,-0.008318921579378389,0.026323439138725417
7439,104.39000000001163,-0.008318930288143213,0.026323411296407813
7440,104.40000000001163,-0.00831893899266202,0.026323383467903586
7441,104.41000000001164,-0.0083189476929374,0.026323355653204122
7442,104.42000000001164,-0.008318956388971947,0.026323327852300835
7443,104.43000000001163,-0.008318965080768246,0.026323300065185136
7444,104.44000000001164,-0.008318973768328887,0.02632327229184847
7445,104.45000000001164,-0.008318982451656458,0.026323244532282252
7446,104.46000000001163,-0.008318991130753538,0.026323216786477924
7447,104.47000000001164,-0.00831899980562271,0.02632318905442693
7448,104.48000000001164,-0.008319008476266555,0.026323161336120723
7449,104.49000000001165,-0.008319017142687651,0.026323133631550744
7450,104.50000000001165,-0.00831902580488857,0.02632310594070847
7451,104.51000000001164,-0.008319034462871888,0.026323078263585365
7452,104.52000000001165,-0.008319043116640178,0.026323050600172912
7453,104.53000000001165,-0.00831905176619601,0.02632302295046258
7454,104.54000000001164,-0.008319060411541951,0.02632299531444587
7455,104.55000000001165,-0.008319069052680574,0.02632296769211428
7456,104.56000000001166,-0.008319077689614433,0.026322940083459288
7457,104.57000000001166,-0.008319086322346096,0.026322912488472426
7458,104.58000000001167,-0.008319094950878124,0.026322884907145197
7459,104.59000000001166,-0.008319103575213073,0.026322857339469125
7460,104.60000000001166,-0.008319112195353504,0.026322829785435736
7461,104.61000000001167,-0.008319120811301968,0.026322802245036563
7462,104.62000000001166,-0.008319129423061022,0.02632277471826314
7463,104.63000000001166,-0.008319138030633215,0.02632274720510702
7464,104.64000000001167,-0.008319146634021096,0.026322719705559758
7465,104.65000000001167,-0.008319155233227212,0.026322692219612902
7466,104.66000000001168,-0.008319163828254112,0.026322664747258025
7467,104.67000000001167,-0.00831917241910434,0.0263226372884867
7468,104.68000000001167,-0.008319181005780428,0.026322609843290493
7469,104.69000000001168,-0.00831918958828493,0.026322582411661005
7470,104.70000000001167,-0.008319198166620377,0.026322554993589813
7471,104.71000000001168,-0.008319206740789304,0.026322527589068518
7472,104.72000000001168,-0.008319215310794246,0.02632250019808872
7473,104.73000000001169,-0.008319223876637739,0.02632247282064204
7474,104.74000000001169,-0.008319232438322314,0.02632244545672008
7475,104.75000000001168,-0.008319240995850493,0.02632241810631446
7476,104.76000000001169,-0.008319249549224809,0.026322390769416823
7477,104.77000000001169,-0.008319258098447784,0.02632236344601879
7478,104.78000000001168,-0.008319266643521946,0.026322336136112012
7479,104.79000000001169,-0.008319275184449809,0.026322308839688117
7480,104.80000000001169,-0.0083192837212339,0.02632228155673878
7481,104.8100000000117,-0.008319292253876733,0.026322254287255657
7482,104.8200000000117,-0.00831930078238082,0.026322227031230397
7483,104.8300000000117,-0.008319309306748684,0.026322199788654698
7484,104.8400000000117,-0.008319317826982829,0.026322172559520213
7485,104.8500000000117,-0.00831932634308577,0.026322145343818635
7486,104.8600000000117,-0.008319334855060012,0.026322118141541655
7487,104.8700000000117,-0.008319343362908061,0.02632209095268098
7488,104.8800000000117,-0.008319351866632428,0.026322063777228292
7489,104.89000000001171,-0.008319360366235613,0.026322036615175324
7490,104.90000000001172,-0.008319368861720113,0.026322009466513772
7491,104.9100000000117,-0.008319377353088433,0.026321982331235377
7492,104.92000000001171,-0.008319385840343066,0.026321955209331838
7493,104.93000000001172,-0.00831939432348651,0.02632192810079492
7494,104.94000000001171,-0.008319402802521256,0.02632190100561634
7495,104.95000000001171,-0.008319411277449798,0.026321873923787854
7496,104.96000000001172,-0.008319419748274628,0.026321846855301225
7497,104.97000000001172,-0.008319428214998228,0.02632181980014819
7498,104.98000000001173,-0.008319436677623094,0.026321792758320535
7499,104.99000000001172,-0.008319445136151701,0.02632176572981002
7500,105.00000000001172,-0.008319453590586539,0.02632173871460842
7501,105.01000000001173,-0.008319462040930084,0.026321711712707523
7502,105.02000000001172,-0.008319470487184817,0.02632168472409912
7503,105.03000000001173,-0.008319478929353216,0.026321657748775
7504,105.04000000001173,-0.008319487367437754,0.026321630786726967
7505,105.05000000001174,-0.008319495801440908,0.026321603837946832
7506,105.06000000001174,-0.00831950423136515,0.026321576902426418
7507,105.07000000001173,-0.008319512657212945,0.026321549980157524
7508,105.08000000001174,-0.008319521078986768,0.026321523071131992
7509,105.09000000001174,-0.008319529496689078,0.026321496175341644
7510,105.10000000001173,-0.008319537910322347,0.02632146929277833
7511,105.11000000001174,-0.008319546319889033,0.02632144242343389
7512,105.12000000001174,-0.008319554725391597,0.026321415567300162
7513,105.13000000001175,-0.008319563126832501,0.02632138872436902
7514,105.14000000001175,-0.008319571524214201,0.026321361894632325
7515,105.15000000001174,-0.008319579917539156,0.02632133507808194
7516,105.16000000001175,-0.008319588306809813,0.02632130827470974
7517,105.17000000001175,-0.00831959669202863,0.02632128148450761
7518,105.18000000001174,-0.00831960507319805,0.026321254707467427
7519,105.19000000001175,-0.008319613450320531,0.026321227943581098
7520,105.20000000001176,-0.00831962182339851,0.02632120119284051
7521,105.21000000001176,-0.00831963019243444,0.02632117445523758
7522,105.22000000001177,-0.00831963855743076,0.02632114773076421
7523,105.23000000001176,-0.008319646918389913,0.026321121019412322
7524,105.24000000001176,-0.008319655275314334,0.026321094321173837
7525,105.25000000001177,-0.00831966362820647,0.026321067636040685
7526,105.26000000001176,-0.008319671977068748,0.026321040964004803
7527,105.27000000001176,-0.008319680321903606,0.026321014305058132
7528,105.28000000001177,-0.008319688662713473,0.026320987659192614
7529,105.29000000001177,-0.008319696999500786,0.026320961026400202
7530,105.30000000001178,-0.008319705332267969,0.02632093440667287
7531,105.31000000001177,-0.008319713661017447,0.02632090780000257
7532,105.32000000001177,-0.008319721985751649,0.026320881206381264
7533,105.33000000001178,-0.008319730306473,0.026320854625800954
7534,105.34000000001177,-0.008319738623183918,0.026320828058253604
7535,105.35000000001178,-0.008319746935886826,0.026320801503731214
7536,105.36000000001178,-0.008319755244584138,0.02632077496222577
7537,105.37000000001179,-0.008319763549278275,0.026320748433729273
7538,105.38000000001179,-0.00831977184997165,0.026320721918233748
7539,105.39000000001178,-0.008319780146666674,0.026320695415731187
7540,105.40000000001179,-0.008319788439365764,0.02632066892621362
7541,105.41000000001179,-0.008319796728071321,0.026320642449673064
7542,105.42000000001178,-0.00831980501278576,0.026320615986101567
7543,105.43000000001179,-0.00831981329351148,0.026320589535491136
7544,105.44000000001179,-0.008319821570250893,0.026320563097833847
7545,105.4500000000118,-0.008319829843006393,0.02632053667312172
7546,105.4600000000118,-0.008319838111780385,0.02632051026134682
7547,105.4700000000118,-0.00831984637657527,0.026320483862501222
7548,105.4800000000118,-0.00831985463739344,0.026320457476576964
7549,105.4900000000118,-0.008319862894237293,0.026320431103566144
7550,105.5000000000118,-0.008319871147109224,0.02632040474346082
7551,105.5100000000118,-0.008319879396011625,0.026320378396253098
7552,105.5200000000118,-0.008319887640946879,0.026320352061935042
7553,105.53000000001181,-0.008319895881917385,0.026320325740498775
7554,105.54000000001182,-0.008319904118925527,0.02632029943193638
7555,105.5500000000118,-0.00831991235197368,0.026320273136239965
7556,105.56000000001181,-0.00831992058106424,0.026320246853401643
7557,105.57000000001182,-0.008319928806199582,0.02632022058341355
7558,105.58000000001181,-0.008319937027382084,0.02632019432626778
7559,105.59000000001181,-0.00831994524461413,0.02632016808195649
7560,105.60000000001182,-0.008319953457898092,0.026320141850471813
7561,105.61000000001182,-0.008319961667236345,0.026320115631805883
7562,105.62000000001183,-0.008319969872631264,0.02632008942595086
7563,105.63000000001182,-0.008319978074085216,0.026320063232898875
7564,105.64000000001182,-0.008319986271600573,0.02632003705264211
7565,105.65000000001183,-0.008319994465179703,0.026320010885172735
7566,105.66000000001182,-0.008320002654824972,0.026319984730482898
7567,105.67000000001183,-0.008320010840538742,0.02631995858856479
7568,105.68000000001183,-0.008320019022323379,0.026319932459410597
7569,105.69000000001184,-0.00832002720018124,0.0263199063430125
7570,105.70000000001184,-0.008320035374114682,0.026319880239362693
7571,105.71000000001183,-0.00832004354412607,0.02631985414845339
7572,105.72000000001184,-0.008320051710217756,0.02631982807027679
7573,105.73000000001184,-0.008320059872392089,0.026319802004825095
7574,105.74000000001183,-0.008320068030651427,0.026319775952090535
7575,105.75000000001184,-0.008320076184998122,0.026319749912065333
7576,105.76000000001184,-0.008320084335434515,0.02631972388474171
7577,105.77000000001185,-0.00832009248196296,0.026319697870111902
7578,105.78000000001185,-0.008320100624585798,0.026319671868168158
7579,105.79000000001184,-0.008320108763305377,0.02631964587890272
7580,105.80000000001185,-0.008320116898124036,0.026319619902307852
7581,105.81000000001185,-0.008320125029044117,0.026319593938375793
7582,105.82000000001185,-0.008320133156067954,0.02631956798709881
7583,105.83000000001185,-0.00832014127919789,0.02631954204846918
7584,105.84000000001186,-0.008320149398436255,0.02631951612247917
7585,105.85000000001186,-0.008320157513785386,0.02631949020912108
7586,105.86000000001187,-0.008320165625247612,0.026319464308387164
7587,105.87000000001186,-0.008320173732825266,0.026319438420269743
7588,105.88000000001186,-0.008320181836520673,0.026319412544761105
7589,105.89000000001187,-0.008320189936336164,0.02631938668185355
7590,105.90000000001186,-0.008320198032274061,0.026319360831539393
7591,105.91000000001186,-0.008320206124336685,0.02631933499381095
7592,105.92000000001187,-0.008320214212526366,0.02631930916866054
7593,105.93000000001187,-0.008320222296845415,0.02631928335608048
7594,105.94000000001188,-0.008320230377296154,0.026319257556063118
7595,105.95000000001187,-0.008320238453880897,0.026319231768600772
7596,105.96000000001187,-0.008320246526601963,0.026319205993685802
7597,105.97000000001188,-0.008320254595461665,0.026319180231310562
7598,105.98000000001187,-0.008320262660462312,0.02631915448146739
7599,105.99000000001188,-0.008320270721606213,0.02631912874414865
7600,106.00000000001188,-0.00832027877889568,0.026319103019346708
7601,106.01000000001189,-0.008320286832333016,0.02631907730705394
7602,106.02000000001189,-0.00832029488192053,0.026319051607262736
7603,106.03000000001188,-0.008320302927660521,0.02631902591996545
7604,106.04000000001189,-0.008320310969555291,0.02631900024515449
7605,106.05000000001189,-0.008320319007607142,0.02631897458282224
7606,106.06000000001188,-0.008320327041818374,0.02631894893296111
7607,106.07000000001189,-0.008320335072191279,0.026318923295563505
7608,106.08000000001189,-0.008320343098728152,0.02631889767062182
7609,106.0900000000119,-0.008320351121431287,0.026318872058128485
7610,106.1000000000119,-0.00832035914030298,0.02631884645807592
7611,106.1100000000119,-0.008320367155345516,0.026318820870456554
7612,106.1200000000119,-0.008320375166561183,0.02631879529526282
7613,106.1300000000119,-0.008320383173952272,0.026318769732487153
7614,106.1400000000119,-0.008320391177521062,0.026318744182121996
7615,106.1500000000119,-0.008320399177269844,0.026318718644159803
7616,106.1600000000119,-0.008320407173200893,0.02631869311859303
7617,106.17000000001191,-0.008320415165316489,0.026318667605414132
7618,106.18000000001192,-0.008320423153618913,0.026318642104615587
7619,106.1900000000119,-0.008320431138110443,0.02631861661618986
7620,106.20000000001191,-0.008320439118793349,0.026318591140129424
7621,106.21000000001192,-0.008320447095669911,0.026318565676426767
7622,106.22000000001191,-0.008320455068742398,0.02631854022507438
7623,106.23000000001191,-0.008320463038013077,0.02631851478606476
7624,106.24000000001192,-0.008320471003484218,0.026318489359390386
7625,106.25000000001192,-0.008320478965158092,0.02631846394504379
7626,106.26000000001193,-0.008320486923036958,0.026318438543017474
7627,106.27000000001192,-0.008320494877123085,0.02631841315330395
7628,106.28000000001192,-0.00832050282741873,0.026318387775895735
7629,106.29000000001193,-0.008320510773926159,0.026318362410785372
7630,106.30000000001192,-0.008320518716647626,0.02631833705796538
7631,106.31000000001193,-0.008320526655585393,0.026318311717428308
7632,106.32000000001193,-0.008320534590741705,0.026318286389166685
7633,106.33000000001194,-0.00832054252211883,0.02631826107317307
7634,106.34000000001194,-0.008320550449719008,0.026318235769440017
7635,106.35000000001193,-0.008320558373544498,0.026318210477960093
7636,106.36000000001194,-0.008320566293597547,0.026318185198725856
7637,106.37000000001194,-0.008320574209880397,0.02631815993172986
7638,106.38000000001193,-0.008320582122395299,0.026318134676964717
7639,106.39000000001194,-0.008320590031144498,0.026318109434422983
7640,106.40000000001194,-0.008320597936130231,0.02631808420409726
7641,106.41000000001195,-0.008320605837354743,0.026318058985980126
7642,106.42000000001195,-0.008320613734820272,0.02631803378006419
7643,106.43000000001194,-0.00832062162852906,0.026318008586342055
7644,106.44000000001195,-0.008320629518483336,0.02631798340480633
7645,106.45000000001195,-0.008320637404685336,0.02631795823544962
7646,106.46000000001195,-0.008320645287137295,0.026317933078264556
7647,106.47000000001195,-0.008320653165841444,0.02631790793324376
7648,106.48000000001196,-0.008320661040800011,0.026317882800379867
7649,106.49000000001196,-0.008320668912015225,0.026317857679665508
7650,106.50000000001197,-0.008320676779489314,0.02631783257109332
7651,106.51000000001196,-0.008320684643224498,0.026317807474655962
7652,106.52000000001196,-0.008320692503223006,0.026317782390346076
7653,106.53000000001197,-0.008320700359487057,0.02631775731815633
7654,106.54000000001196,-0.008320708212018869,0.026317732258079374
7655,106.55000000001196,-0.008320716060820663,0.02631770721010788
7656,106.56000000001197,-0.008320723905894655,0.026317682174234535
7657,106.57000000001197,-0.00832073174724306,0.026317657150452006
7658,106.58000000001198,-0.008320739584868092,0.026317632138752968
7659,106.59000000001197,-0.008320747418771967,0.026317607139130145
7660,106.60000000001197,-0.008320755248956884,0.026317582151576188
7661,106.61000000001198,-0.008320763075425062,0.02631755717608383
7662,106.62000000001197,-0.008320770898178707,0.02631753221264577
7663,106.63000000001198,-0.008320778717220022,0.026317507261254713
7664,106.64000000001198,-0.00832078653255121,0.02631748232190338
7665,106.65000000001199,-0.008320794344174482,0.026317457394584493
7666,106.66000000001199,-0.008320802152092023,0.026317432479290772
7667,106.67000000001198,-0.00832080995630605,0.026317407576014962
7668,106.68000000001199,-0.00832081775681875,0.026317382684749792
7669,106.69000000001199,-0.008320825553632321,0.02631735780548801
7670,106.70000000001198,-0.008320833346748959,0.026317332938222363
7671,106.71000000001199,-0.008320841136170855,0.026317308082945603
7672,106.72000000001199,-0.008320848921900202,0.02631728323965048
7673,106.730000000012,-0.008320856703939195,0.02631725840832979
7674,106.740000000012,-0.00832086448229001,0.026317233588976262
7675,106.750000000012,-0.008320872256954845,0.0263172087815827
7676,106.760000000012,-0.00832088002793588,0.026317183986141874
7677,106.770000000012,-0.008320887795235302,0.026317159202646573
7678,106.780000000012,-0.008320895558855285,0.026317134431089576
7679,106.790000000012,-0.00832090331879802,0.02631710967146369
7680,106.800000000012,-0.008320911075065681,0.02631708492376172
7681,106.81000000001201,-0.008320918827660444,0.02631706018797647
7682,106.82000000001202,-0.008320926576584488,0.026317035464100746
7683,106.830000000012,-0.008320934321839982,0.026317010752127362
7684,106.84000000001201,-0.008320942063429107,0.026316986052049157
7685,106.85000000001202,-0.008320949801354026,0.02631696136385894
7686,106.86000000001201,-0.008320957535616914,0.026316936687549555
7687,106.87000000001201,-0.008320965266219936,0.026316912023113835
7688,106.88000000001202,-0.008320972993165261,0.026316887370544627
7689,106.89000000001202,-0.008320980716455052,0.02631686272983478
7690,106.90000000001203,-0.008320988436091472,0.026316838100977145
7691,106.91000000001202,-0.008320996152076682,0.02631681348396457
7692,106.92000000001202,-0.008321003864412846,0.02631678887878994
7693,106.93000000001203,-0.008321011573102121,0.026316764285446114
7694,106.94000000001202,-0.008321019278146663,0.026316739703925965
7695,106.95000000001203,-0.008321026979548628,0.02631671513422238
7696,106.96000000001203,-0.008321034677310171,0.02631669057632823
7697,106.97000000001204,-0.008321042371433445,0.026316666030236413
7698,106.98000000001204,-0.0083210500619206,0.02631664149593984
7699,106.99000000001203,-0.008321057748773784,0.02631661697343138
7700,107.00000000001204,-0.008321065431995149,0.02631659246270396
7701,107.01000000001204,-0.008321073111586834,0.02631656796375048
7702,107.02000000001203,-0.008321080787550995,0.02631654347656387
7703,107.03000000001204,-0.008321088459889766,0.026316519001137042
7704,107.04000000001204,-0.008321096128605293,0.026316494537462917
7705,107.05000000001205,-0.008321103793699713,0.026316470085534432
7706,107.06000000001205,-0.008321111455175173,0.026316445645344525
7707,107.07000000001204,-0.008321119113033798,0.026316421216886137
7708,107.08000000001205,-0.008321126767277734,0.026316396800152218
7709,107.09000000001205,-0.008321134417909111,0.02631637239513571
7710,107.10000000001205,-0.008321142064930061,0.026316348001829575
7711,107.11000000001205,-0.008321149708342714,0.026316323620226775
7712,107.12000000001206,-0.008321157348149205,0.02631629925032028
7713,107.13000000001206,-0.008321164984351656,0.026316274892103062
7714,107.14000000001207,-0.0083211726169522,0.026316250545568097
7715,107.15000000001206,-0.008321180245952953,0.026316226210708362
7716,107.16000000001206,-0.00832118787135605,0.02631620188751686
7717,107.17000000001207,-0.008321195493163604,0.026316177575986564
7718,107.18000000001206,-0.008321203111377738,0.026316153276110487
7719,107.19000000001206,-0.008321210726000573,0.026316128987881625
7720,107.20000000001207,-0.008321218337034225,0.026316104711292993
7721,107.21000000001207,-0.00832122594448081,0.02631608044633759
7722,107.22000000001208,-0.008321233548342442,0.02631605619300845
7723,107.23000000001207,-0.008321241148621235,0.026316031951298585
7724,107.24000000001207,-0.008321248745319297,0.02631600772120103
7725,107.25000000001208,-0.008321256338438745,0.02631598350270882
7726,107.26000000001207,-0.00832126392798168,0.026315959295814977
7727,107.27000000001208,-0.008321271513950216,0.02631593510051257
7728,107.28000000001208,-0.008321279096346453,0.026315910916794624
7729,107.29000000001209,-0.008321286675172497,0.02631588674465421
7730,107.30000000001209,-0.008321294250430449,0.026315862584084374
7731,107.31000000001208,-0.008321301822122412,0.026315838435078183
7732,107.32000000001209,-0.008321309390250484,0.026315814297628713
7733,107.33000000001209,-0.008321316954816764,0.026315790171729032
7734,107.34000000001208,-0.00832132451582335,0.026315766057372222
7735,107.35000000001209,-0.008321332073272333,0.026315741954551358
7736,107.36000000001209,-0.008321339627165808,0.02631571786325954
7737,107.3700000000121,-0.008321347177505867,0.026315693783489847
7738,107.3800000000121,-0.008321354724294605,0.026315669715235402
7739,107.3900000000121,-0.008321362267534107,0.026315645658489283
7740,107.4000000000121,-0.008321369807226458,0.026315621613244612
7741,107.4100000000121,-0.008321377343373744,0.026315597579494494
7742,107.4200000000121,-0.008321384875978057,0.02631557355723206
7743,107.4300000000121,-0.008321392405041475,0.02631554954645043
7744,107.4400000000121,-0.008321399930566077,0.026315525547142723
7745,107.45000000001211,-0.008321407452553952,0.026315501559302096
7746,107.46000000001212,-0.00832141497100717,0.02631547758292166
7747,107.4700000000121,-0.00832142248592781,0.026315453617994568
7748,107.48000000001211,-0.008321429997317947,0.026315429664513973
7749,107.49000000001212,-0.00832143750517966,0.026315405722473022
7750,107.50000000001211,-0.008321445009515017,0.026315381791864885
7751,107.51000000001211,-0.008321452510326094,0.026315357872682712
7752,107.52000000001212,-0.008321460007614955,0.02631533396491968
7753,107.53000000001212,-0.008321467501383671,0.026315310068568954
7754,107.54000000001213,-0.008321474991634312,0.026315286183623728
7755,107.55000000001212,-0.008321482478368936,0.026315262310077168
7756,107.56000000001212,-0.008321489961589617,0.026315238447922475
7757,107.57000000001213,-0.00832149744129841,0.02631521459715283
7758,107.58000000001212,-0.008321504917497375,0.02631519075776144
7759,107.59000000001213,-0.008321512390188579,0.026315166929741507
7760,107.60000000001213,-0.008321519859374071,0.026315143113086227
7761,107.61000000001214,-0.008321527325055915,0.026315119307788827
7762,107.62000000001214,-0.008321534787236167,0.026315095513842528
7763,107.63000000001213,-0.008321542245916871,0.026315071731240532
7764,107.64000000001214,-0.008321549701100089,0.026315047959976093
7765,107.65000000001214,-0.008321557152787868,0.026315024200042416
7766,107.66000000001213,-0.008321564600982259,0.02631500045143276
7767,107.67000000001214,-0.008321572045685306,0.026314976714140355
7768,107.68000000001214,-0.008321579486899057,0.026314952988158447
7769,107.69000000001215,-0.008321586924625559,0.026314929273480295
7770,107.70000000001215,-0.008321594358866856,0.026314905570099148
7771,107.71000000001214,-0.008321601789624988,0.026314881878008272
7772,107.72000000001215,-0.008321609216901999,0.02631485819720094
7773,107.73000000001215,-0.008321616640699924,0.026314834527670413
7774,107.74000000001215,-0.008321624061020801,0.02631481086940997
7775,107.75000000001215,-0.008321631477866668,0.026314787222412893
7776,107.76000000001216,-0.008321638891239559,0.026314763586672462
7777,107.77000000001216,-0.008321646301141511,0.02631473996218198
7778,107.78000000001217,-0.008321653707574553,0.026314716348934734
7779,107.79000000001216,-0.008321661110540713,0.02631469274692402
7780,107.80000000001216,-0.00832166851004202,0.026314669156143142
7781,107.81000000001217,-0.008321675906080512,0.026314645576585437
7782,107.82000000001216,-0.008321683298658202,0.026314622008244182
7783,107.83000000001216,-0.008321690687777123,0.026314598451112715
7784,107.84000000001217,-0.008321698073439295,0.026314574905184362
7785,107.85000000001217,-0.008321705455646743,0.02631455137045245
7786,107.86000000001218,-0.008321712834401484,0.02631452784691031
7787,107.87000000001217,-0.008321720209705539,0.02631450433455128
7788,107.88000000001217,-0.008321727581560924,0.026314480833368712
7789,107.89000000001218,-0.00832173494996966,0.026314457343355947
7790,107.90000000001217,-0.008321742314933758,0.026314433864506343
7791,107.91000000001218,-0.00832174967645523,0.02631441039681325
7792,107.92000000001218,-0.00832175703453609,0.02631438694027003
7793,107.93000000001219,-0.008321764389178348,0.026314363494870062
7794,107.94000000001219,-0.008321771740384013,0.026314340060606713
7795,107.95000000001218,-0.008321779088155096,0.026314316637473356
7796,107.96000000001219,-0.008321786432493601,0.02631429322546338
7797,107.97000000001219,-0.008321793773401528,0.026314269824570163
7798,107.98000000001218,-0.008321801110880888,0.0263142464347871
7799,107.99000000001219,-0.008321808444933682,0.026314223056107595
7800,108.0000000000122,-0.008321815775561906,0.026314199688525036
7801,108.0100000000122,-0.008321823102767566,0.026314176332032833
7802,108.0200000000122,-0.008321830426552651,0.0263141529866244
7803,108.0300000000122,-0.008321837746919162,0.026314129652293138
7804,108.0400000000122,-0.008321845063869099,0.026314106329032493
7805,108.0500000000122,-0.008321852377404449,0.026314083016835865
7806,108.0600000000122,-0.008321859687527204,0.026314059715696694
7807,108.0700000000122,-0.008321866994239358,0.026314036425608416
7808,108.0800000000122,-0.008321874297542902,0.026314013146564466
7809,108.09000000001221,-0.00832188159743982,0.02631398987855829
7810,108.10000000001222,-0.008321888893932096,0.026313966621583324
7811,108.1100000000122,-0.008321896187021727,0.02631394337563304
7812,108.12000000001221,-0.008321903476710682,0.02631392014070088
7813,108.13000000001222,-0.008321910763000954,0.02631389691678031
7814,108.14000000001221,-0.008321918045894518,0.026313873703864798
7815,108.15000000001221,-0.008321925325393359,0.02631385050194782
7816,108.16000000001222,-0.00832193260149945,0.02631382731102285
7817,108.17000000001222,-0.00832193987421477,0.02631380413108337
7818,108.18000000001223,-0.008321947143541295,0.02631378096212285
7819,108.19000000001222,-0.008321954409480997,0.026313757804134797
7820,108.20000000001222,-0.00832196167203585,0.0263137346571127
7821,108.21000000001223,-0.008321968931207827,0.026313711521050064
7822,108.22000000001222,-0.008321976186998894,0.02631368839594039
7823,108.23000000001223,-0.008321983439411028,0.02631366528177719
7824,108.24000000001223,-0.008321990688446183,0.02631364217855396
7825,108.25000000001224,-0.008321997934106335,0.026313619086264242
7826,108.26000000001224,-0.008322005176393444,0.026313596004901546
7827,108.27000000001223,-0.008322012415309474,0.026313572934459406
7828,108.28000000001224,-0.008322019650856386,0.026313549874931345
7829,108.29000000001224,-0.00832202688303614,0.026313526826310902
7830,108.30000000001223,-0.008322034111850694,0.026313503788591628
7831,108.31000000001224,-0.00832204133730201,0.026313480761767052
7832,108.32000000001224,-0.00832204855939204,0.026313457745830746
7833,108.33000000001225,-0.008322055778122738,0.026313434740776246
7834,108.34000000001225,-0.008322062993496063,0.026313411746597126
7835,108.35000000001224,-0.008322070205513961,0.02631338876328694
7836,108.36000000001225,-0.008322077414178381,0.026313365790839257
7837,108.37000000001225,-0.008322084619491282,0.026313342829247664
7838,108.38000000001225,-0.008322091821454599,0.02631331987850572
7839,108.39000000001225,-0.00832209902007029,0.026313296938607025
7840,108.40000000001226,-0.008322106215340293,0.02631327400954515
7841,108.41000000001226,-0.008322113407266551,0.026313251091313695
7842,108.42000000001227,-0.008322120595851015,0.026313228183906266
7843,108.43000000001226,-0.008322127781095616,0.02631320528731645
7844,108.44000000001226,-0.008322134963002298,0.026313182401537863
7845,108.45000000001227,-0.008322142141573003,0.026313159526564107
7846,108.46000000001226,-0.008322149316809661,0.026313136662388804
7847,108.47000000001226,-0.00832215648871421,0.026313113809005566
7848,108.48000000001227,-0.008322163657288585,0.02631309096640802
7849,108.49000000001227,-0.008322170822534718,0.026313068134589796
7850,108.50000000001228,-0.008322177984454544,0.026313045313544524
7851,108.51000000001227,-0.00832218514304999,0.026313022503265848
7852,108.52000000001227,-0.008322192298322982,0.0263129997037474
7853,108.53000000001228,-0.008322199450275453,0.026312976914982834
7854,108.54000000001227,-0.008322206598909325,0.0263129541369658
7855,108.55000000001228,-0.008322213744226524,0.026312931369689957
7856,108.56000000001228,-0.008322220886228976,0.026312908613148955
7857,108.57000000001229,-0.008322228024918601,0.026312885867336478
7858,108.58000000001229,-0.008322235160297316,0.02631286313224617
7859,108.59000000001228,-0.008322242292367046,0.02631284040787172
7860,108.60000000001229,-0.008322249421129706,0.026312817694206812
7861,108.61000000001229,-0.008322256546587213,0.026312794991245107
7862,108.62000000001228,-0.008322263668741486,0.02631277229898032
7863,108.63000000001229,-0.008322270787594432,0.026312749617406123
7864,108.6400000000123,-0.00832227790314797,0.02631272694651622
7865,108.6500000000123,-0.008322285015404008,0.02631270428630431
7866,108.6600000000123,-0.008322292124364456,0.026312681636764097
7867,108.6700000000123,-0.008322299230031222,0.02631265899788929
7868,108.6800000000123,-0.008322306332406217,0.026312636369673608
7869,108.6900000000123,-0.00832231343149134,0.02631261375211076
7870,108.7000000000123,-0.008322320527288504,0.02631259114519449
7871,108.7100000000123,-0.00832232761979961,0.026312568548918506
7872,108.7200000000123,-0.008322334709026553,0.026312545963276545
7873,108.73000000001231,-0.008322341794971244,0.026312523388262347
7874,108.74000000001232,-0.00832234887763414,0.026312500823875814
7875,108.7500000000123,-0.008322355957020012,0.026312478270098357
7876,108.76000000001231,-0.008322363033129321,0.0263124557269299
7877,108.77000000001232,-0.008322370105963964,0.02631243319436419
7878,108.78000000001231,-0.008322377175527263,0.02631241067238887
7879,108.79000000001231,-0.008322384241818252,0.02631238816100997
7880,108.80000000001232,-0.008322391304840245,0.026312365660215095
7881,108.81000000001232,-0.008322398364595142,0.026312343169998035
7882,108.82000000001233,-0.008322405421084828,0.026312320690352574
7883,108.83000000001232,-0.00832241247431119,0.026312298221272488
7884,108.84000000001232,-0.008322419524276117,0.026312275762751556
7885,108.85000000001233,-0.008322426570981487,0.026312253314783568
7886,108.86000000001232,-0.008322433614429189,0.026312230877362328
7887,108.87000000001233,-0.008322440654621103,0.026312208450481624
7888,108.88000000001233,-0.008322447691559112,0.02631218603413527
7889,108.89000000001234,-0.008322454725245093,0.02631216362831706
7890,108.90000000001234,-0.008322461755680926,0.02631214123302082
7891,108.91000000001233,-0.008322468782868487,0.026312118848240352
7892,108.92000000001234,-0.00832247580680965,0.02631209647396949
7893,108.93000000001234,-0.008322482827506293,0.026312074110202054
7894,108.94000000001233,-0.008322489844960286,0.02631205175693187
7895,108.95000000001234,-0.008322496859173504,0.02631202941415278
7896,108.96000000001234,-0.008322503870147812,0.026312007081858615
7897,108.97000000001235,-0.00832251087788508,0.026311984760043216
7898,108.98000000001235,-0.008322517882387182,0.026311962448700436
7899,108.99000000001234,-0.008322524883655978,0.02631194014782413
7900,109.00000000001235,-0.008322531881693334,0.026311917857408138
7901,109.01000000001235,-0.008322538876501119,0.026311895577446343
7902,109.02000000001235,-0.00832254586808119,0.026311873307932592
7903,109.03000000001235,-0.008322552856435407,0.026311851048860753
7904,109.04000000001236,-0.008322559841565635,0.02631182880022471
7905,109.05000000001236,-0.00832256682347373,0.026311806562018338
7906,109.06000000001237,-0.00832257380216155,0.02631178433423551
7907,109.07000000001236,-0.00832258077763095,0.02631176211687012
7908,109.08000000001236,-0.008322587749883786,0.026311739909916056
7909,109.09000000001237,-0.008322594718921912,0.026311717713367218
7910,109.10000000001236,-0.008322601684747178,0.02631169552721749
7911,109.11000000001236,-0.008322608647361437,0.026311673351460802
7912,109.12000000001237,-0.008322615606766537,0.026311651186091033
7913,109.13000000001237,-0.008322622562964328,0.026311629031102117
7914,109.14000000001238,-0.008322629515956654,0.026311606886487954
7915,109.15000000001237,-0.008322636465745365,0.02631158475224248
7916,109.16000000001237,-0.008322643412332303,0.026311562628359608
7917,109.17000000001238,-0.00832265035571931,0.026311540514833275
7918,109.18000000001237,-0.008322657295908231,0.026311518411657405
7919,109.19000000001238,-0.008322664232900904,0.026311496318825945
7920,109.20000000001238,-0.008322671166699169,0.026311474236332837
7921,109.21000000001239,-0.008322678097304864,0.026311452164172026
7922,109.22000000001239,-0.008322685024719827,0.02631143010233746
7923,109.23000000001238,-0.008322691948945896,0.0263114080508231
7924,109.24000000001239,-0.008322698869984898,0.026311386009622902
7925,109.25000000001239,-0.008322705787838672,0.02631136397873083
7926,109.26000000001238,-0.008322712702509043,0.026311341958140836
7927,109.27000000001239,-0.008322719613997852,0.026311319947846926
7928,109.2800000000124,-0.008322726522306917,0.026311297947843048
7929,109.2900000000124,-0.008322733427438073,0.026311275958123197
7930,109.3000000000124,-0.008322740329393147,0.026311253978681354
7931,109.3100000000124,-0.00832274722817396,0.026311232009511503
7932,109.3200000000124,-0.008322754123782337,0.026311210050607638
7933,109.3300000000124,-0.008322761016220103,0.026311188101963773
7934,109.3400000000124,-0.008322767905489078,0.02631116616357389
7935,109.3500000000124,-0.00832277479159108,0.026311144235432005
7936,109.3600000000124,-0.008322781674527935,0.02631112231753212
7937,109.37000000001241,-0.008322788554301451,0.026311100409868265
7938,109.38000000001242,-0.008322795430913457,0.026311078512434447
7939,109.3900000000124,-0.008322802304365755,0.026311056625224687
7940,109.40000000001241,-0.008322809174660169,0.026311034748233025
7941,109.41000000001242,-0.008322816041798504,0.02631101288145348
7942,109.42000000001241,-0.00832282290578258,0.026310991024880093
7943,109.43000000001241,-0.0083228297666142,0.026310969178506907
7944,109.44000000001242,-0.008322836624295175,0.026310947342327955
7945,109.45000000001242,-0.008322843478827311,0.026310925516337298
7946,109.46000000001243,-0.00832285033021242,0.026310903700528986
7947,109.47000000001242,-0.008322857178452303,0.026310881894897074
7948,109.48000000001242,-0.008322864023548763,0.026310860099435614
7949,109.49000000001243,-0.008322870865503606,0.026310838314138687
7950,109.50000000001242,-0.008322877704318627,0.02631081653900035
7951,109.51000000001243,-0.008322884539995638,0.026310794774014684
7952,109.52000000001243,-0.008322891372536428,0.026310773019175764
7953,109.53000000001244,-0.008322898201942796,0.02631075127447767
7954,109.54000000001244,-0.008322905028216544,0.026310729539914497
7955,109.55000000001243,-0.00832291185135946,0.026310707815480318
7956,109.56000000001244,-0.008322918671373341,0.026310686101169246
7957,109.57000000001244,-0.008322925488259983,0.026310664396975367
7958,109.58000000001243,-0.008322932302021168,0.026310642702892784
7959,109.59000000001244,-0.008322939112658698,0.026310621018915608
7960,109.60000000001244,-0.008322945920174357,0.026310599345037954
7961,109.61000000001245,-0.00832295272456993,0.026310577681253933
7962,109.62000000001245,-0.008322959525847209,0.026310556027557663
7963,109.63000000001244,-0.008322966324007973,0.026310534383943263
7964,109.64000000001245,-0.00832297311905401,0.02631051275040487
7965,109.65000000001245,-0.008322979910987101,0.026310491126936605
7966,109.66000000001245,-0.008322986699809031,0.02631046951353262
7967,109.67000000001245,-0.008322993485521579,0.026310447910187038
7968,109.68000000001246,-0.00832300026812652,0.02631042631689401
7969,109.69000000001246,-0.008323007047625638,0.02631040473364769
7970,109.70000000001247,-0.008323013824020706,0.02631038316044222
7971,109.71000000001246,-0.0083230205973135,0.02631036159727176
7972,109.72000000001246,-0.008323027367505793,0.026310340044130482
7973,109.73000000001247,-0.008323034134599361,0.02631031850101253
7974,109.74000000001246,-0.008323040898595976,0.02631029696791208
7975,109.75000000001246,-0.008323047659497408,0.026310275444823318
7976,109.76000000001247,-0.008323054417305423,0.026310253931740406
7977,109.77000000001247,-0.008323061172021789,0.02631023242865753
7978,109.78000000001248,-0.00832306792364828,0.026310210935568876
7979,109.79000000001247,-0.008323074672186653,0.02631018945246863
7980,109.80000000001247,-0.008323081417638677,0.02631016797935099
7981,109.81000000001248,-0.008323088160006114,0.02631014651621014
7982,109.82000000001247,-0.008323094899290728,0.026310125063040302
7983,109.83000000001248,-0.00832310163549428,0.026310103619835677
7984,109.84000000001248,-0.008323108368618526,0.026310082186590457
7985,109.85000000001249,-0.00832311509866523,0.02631006076329887
7986,109.86000000001249,-0.00832312182563614,0.026310039349955135
7987,109.87000000001248,-0.008323128549533019,0.026310017946553466
7988,109.88000000001249,-0.00832313527035762,0.0263099965530881
7989,109.89000000001249,-0.0083231419881117,0.026309975169553256
7990,109.90000000001248,-0.008323148702797004,0.02630995379594317
7991,109.91000000001249,-0.008323155414415287,0.02630993243225208
7992,109.9200000000125,-0.008323162122968302,0.026309911078474232
7993,109.9300000000125,-0.008323168828457796,0.026309889734603877
7994,109.9400000000125,-0.008323175530885511,0.02630986840063525
7995,109.9500000000125,-0.008323182230253199,0.026309847076562608
7996,109.9600000000125,-0.008323188926562605,0.026309825762380223
7997,109.9700000000125,-0.008323195619815473,0.026309804458082345
7998,109.9800000000125,-0.008323202310013541,0.026309783163663246
7999,109.9900000000125,-0.008323208997158557,0.02630976187911719
8000,110.0000000000125,-0.008323215681252254,0.026309740604438445
8001,110.01000000001251,-0.008323222362296377,0.026309719339621312
8002,110.02000000001252,-0.008323229040292665,0.026309698084660063
8003,110.0300000000125,-0.008323235715242851,0.026309676839548976
8004,110.04000000001251,-0.008323242387148667,0.026309655604282344
8005,110.05000000001252,-0.008323249056011853,0.02630963437885446
8006,110.06000000001251,-0.008323255721834144,0.026309613163259638
8007,110.07000000001251,-0.008323262384617267,0.026309591957492162
8008,110.08000000001252,-0.008323269044362954,0.026309570761546348
8009,110.09000000001252,-0.008323275701072934,0.026309549575416494
8010,110.10000000001253,-0.008323282354748936,0.026309528399096928
8011,110.11000000001252,-0.00832328900539269,0.026309507232581967
8012,110.12000000001252,-0.008323295653005918,0.026309486075865925
8013,110.13000000001253,-0.008323302297590348,0.026309464928943132
8014,110.14000000001252,-0.008323308939147699,0.026309443791807916
8015,110.15000000001253,-0.008323315577679697,0.026309422664454612
8016,110.16000000001253,-0.008323322213188064,0.026309401546877567
8017,110.17000000001254,-0.008323328845674516,0.02630938043907111
8018,110.18000000001254,-0.008323335475140777,0.026309359341029594
8019,110.19000000001253,-0.008323342101588561,0.02630933825274737
8020,110.20000000001254,-0.008323348725019586,0.026309317174218784
8021,110.21000000001254,-0.008323355345435568,0.0263092961054382
8022,110.22000000001253,-0.008323361962838218,0.026309275046399974
8023,110.23000000001254,-0.008323368577229253,0.02630925399709848
8024,110.24000000001254,-0.008323375188610383,0.02630923295752809
8025,110.25000000001255,-0.008323381796983317,0.02630921192768316
8026,110.26000000001255,-0.008323388402349767,0.02630919090755808
8027,110.27000000001254,-0.00832339500471144,0.026309169897147232
8028,110.28000000001255,-0.008323401604070043,0.026309148896445
8029,110.29000000001255,-0.008323408200427287,0.026309127905445772
8030,110.30000000001255,-0.008323414793784869,0.02630910692414394
8031,110.31000000001255,-0.008323421384144493,0.026309085952533905
8032,110.32000000001256,-0.008323427971507869,0.026309064990610066
8033,110.33000000001256,-0.008323434555876691,0.026309044038366824
8034,110.34000000001257,-0.008323441137252663,0.0263090230957986
8035,110.35000000001256,-0.008323447715637481,0.026309002162899785
8036,110.36000000001256,-0.008323454291032846,0.026308981239664818
8037,110.37000000001257,-0.008323460863440452,0.026308960326088104
8038,110.38000000001256,-0.008323467432861997,0.026308939422164078
8039,110.39000000001256,-0.008323473999299173,0.026308918527887158
8040,110.40000000001257,-0.008323480562753671,0.026308897643251776
8041,110.41000000001257,-0.00832348712322719,0.026308876768252387
8042,110.42000000001258,-0.008323493680721413,0.02630885590288341
8043,110.43000000001257,-0.008323500235238037,0.0263088350471393
8044,110.44000000001257,-0.008323506786778746,0.0263088142010145
8045,110.45000000001258,-0.008323513335345227,0.02630879336450346
8046,110.46000000001257,-0.008323519880939169,0.02630877253760064
8047,110.47000000001258,-0.008323526423562252,0.026308751720300495
8048,110.48000000001258,-0.008323532963216168,0.026308730912597493
8049,110.49000000001259,-0.008323539499902593,0.026308710114486093
8050,110.50000000001259,-0.008323546033623208,0.026308689325960772
8051,110.51000000001258,-0.008323552564379699,0.02630866854701601
8052,110.52000000001259,-0.008323559092173742,0.026308647777646275
8053,110.53000000001259,-0.008323565617007013,0.02630862701784604
8054,110.54000000001258,-0.008323572138881196,0.026308606267609825
8055,110.55000000001259,-0.008323578657797958,0.02630858552693209
8056,110.5600000000126,-0.00832358517375898,0.026308564795807336
8057,110.5700000000126,-0.008323591686765934,0.02630854407423007
8058,110.5800000000126,-0.00832359819682049,0.026308523362194778
8059,110.5900000000126,-0.008323604703924323,0.026308502659695983
8060,110.6000000000126,-0.0083236112080791,0.026308481966728185
8061,110.6100000000126,-0.008323617709286493,0.02630846128328589
8062,110.6200000000126,-0.008323624207548168,0.026308440609363624
8063,110.6300000000126,-0.008323630702865788,0.0263084199449559
8064,110.6400000000126,-0.008323637195241027,0.026308399290057256
8065,110.65000000001261,-0.008323643684675544,0.02630837864466221
8066,110.66000000001262,-0.008323650171171,0.02630835800876529
8067,110.6700000000126,-0.008323656654729063,0.026308337382361043
8068,110.68000000001261,-0.00832366313535139,0.02630831676544401
8069,110.69000000001262,-0.008323669613039642,0.026308296158008723
8070,110.70000000001261,-0.00832367608779548,0.026308275560049728
8071,110.71000000001261,-0.008323682559620557,0.026308254971561588
8072,110.72000000001262,-0.008323689028516533,0.026308234392538852
8073,110.73000000001262,-0.008323695494485061,0.026308213822976073
8074,110.74000000001263,-0.008323701957527798,0.026308193262867822
8075,110.75000000001262,-0.008323708417646396,0.026308172712208665
8076,110.76000000001262,-0.008323714874842505,0.026308152170993162
8077,110.77000000001263,-0.008323721329117777,0.026308131639215894
8078,110.78000000001262,-0.008323727780473864,0.026308111116871445
8079,110.79000000001263,-0.008323734228912413,0.026308090603954386
8080,110.80000000001263,-0.008323740674435066,0.026308070100459297
8081,110.81000000001264,-0.008323747117043482,0.026308049606380782
8082,110.82000000001264,-0.008323753556739297,0.02630802912171343
8083,110.83000000001263,-0.008323759993524152,0.02630800864645183
8084,110.84000000001264,-0.008323766427399699,0.02630798818059058
8085,110.85000000001264,-0.008323772858367575,0.026307967724124297
8086,110.86000000001263,-0.00832377928642942,0.02630794727704757
8087,110.87000000001264,-0.008323785711586878,0.026307926839355036
8088,110.88000000001264,-0.008323792133841585,0.026307906411041287
8089,110.89000000001265,-0.008323798553195174,0.02630788599210094
8090,110.90000000001265,-0.008323804969649289,0.026307865582528636
8091,110.91000000001264,-0.008323811383205561,0.02630784518231899
8092,110.92000000001265,-0.008323817793865622,0.026307824791466632
8093,110.93000000001265,-0.00832382420163111,0.026307804409966197
8094,110.94000000001265,-0.00832383060650365,0.026307784037812323
8095,110.95000000001265,-0.008323837008484882,0.026307763674999655
8096,110.96000000001266,-0.008323843407576427,0.02630774332152282
8097,110.97000000001266,-0.00832384980377992,0.02630772297737649
8098,110.98000000001267,-0.008323856197096987,0.026307702642555306
8099,110.99000000001266,-0.008323862587529249,0.026307682317053917
8100,111.00000000001266,-0.008323868975078336,0.026307662000866996
8101,111.01000000001267,-0.00832387535974587,0.026307641693989196
8102,111.02000000001266,-0.008323881741533475,0.02630762139641519
8103,111.03000000001266,-0.008323888120442777,0.026307601108139646
8104,111.04000000001267,-0.00832389449647539,0.02630758082915724
8105,111.05000000001267,-0.008323900869632936,0.026307560559462644
8106,111.06000000001268,-0.008323907239917034,0.026307540299050552
8107,111.07000000001267,-0.008323913607329302,0.026307520047915627
8108,111.08000000001267,-0.008323919971871355,0.026307499806052587
8109,111.09000000001268,-0.008323926333544809,0.0263074795734561
8110,111.10000000001267,-0.008323932692351278,0.026307459350120875
8111,111.11000000001268,-0.008323939048292378,0.026307439136041614
8112,111.12000000001268,-0.008323945401369715,0.02630741893121301
8113,111.13000000001269,-0.008323951751584905,0.02630739873562978
8114,111.14000000001269,-0.008323958098939554,0.02630737854928663
8115,111.15000000001268,-0.008323964443435273,0.02630735837217827
8116,111.16000000001269,-0.00832397078507367,0.02630733820429943
8117,111.17000000001269,-0.00832397712385635,0.026307318045644824
8118,111.18000000001268,-0.00832398345978492,0.02630729789620918
8119,111.19000000001269,-0.008323989792860986,0.026307277755987235
8120,111.2000000000127,-0.008323996123086147,0.026307257624973705
8121,111.2100000000127,-0.008324002450462007,0.026307237503163338
8122,111.2200000000127,-0.008324008774990165,0.026307217390550867
8123,111.2300000000127,-0.008324015096672223,0.026307197287131042
8124,111.2400000000127,-0.00832402141550978,0.026307177192898604
8125,111.2500000000127,-0.008324027731504435,0.026307157107848315
8126,111.2600000000127,-0.008324034044657784,0.02630713703197492
8127,111.2700000000127,-0.008324040354971423,0.026307116965273183
8128,111.2800000000127,-0.008324046662446944,0.026307096907737866
8129,111.29000000001271,-0.008324052967085941,0.026307076859363728
8130,111.30000000001272,-0.008324059268890007,0.02630705682014553
8131,111.3100000000127,-0.008324065567860736,0.026307036790078068
8132,111.32000000001271,-0.008324071863999718,0.026307016769156106
8133,111.33000000001272,-0.00832407815730854,0.026306996757374423
8134,111.34000000001271,-0.008324084447788788,0.026306976754727804
8135,111.35000000001271,-0.008324090735442052,0.02630695676121104
8136,111.36000000001272,-0.008324097020269917,0.026306936776818907
8137,111.37000000001272,-0.00832410330227397,0.026306916801546218
8138,111.38000000001273,-0.008324109581455793,0.02630689683538776
8139,111.39000000001272,-0.008324115857816968,0.02630687687833834
8140,111.40000000001272,-0.008324122131359078,0.02630685693039276
8141,111.41000000001273,-0.008324128402083701,0.026306836991545825
8142,111.42000000001272,-0.00832413466999242,0.02630681706179235
8143,111.43000000001273,-0.008324140935086816,0.026306797141127155
8144,111.44000000001273,-0.008324147197368457,0.026306777229545053
8145,111.45000000001274,-0.008324153456838929,0.026306757327040867
8146,111.46000000001274,-0.008324159713499799,0.026306737433609433
8147,111.47000000001273,-0.00832416596735265,0.026306717549245573
8148,111.48000000001274,-0.008324172218399047,0.026306697673944116
8149,111.49000000001274,-0.008324178466640565,0.026306677807699907
8150,111.50000000001273,-0.008324184712078778,0.02630665795050779
8151,111.51000000001274,-0.008324190954715253,0.0263066381023626
8152,111.52000000001274,-0.008324197194551557,0.02630661826325919
8153,111.53000000001275,-0.008324203431589261,0.026306598433192406
8154,111.54000000001275,-0.008324209665829934,0.026306578612157107
8155,111.55000000001274,-0.008324215897275134,0.02630655880014815
8156,111.56000000001275,-0.008324222125926437,0.02630653899716041
8157,111.57000000001275,-0.008324228351785392,0.026306519203188727
8158,111.58000000001275,-0.008324234574853573,0.026306499418227984
8159,111.59000000001275,-0.008324240795132538,0.026306479642273055
8160,111.60000000001276,-0.008324247012623846,0.026306459875318815
8161,111.61000000001276,-0.008324253227329059,0.02630644011736014
8162,111.62000000001277,-0.008324259439249733,0.026306420368391915
8163,111.63000000001276,-0.008324265648387428,0.026306400628409027
8164,111.64000000001276,-0.008324271854743695,0.026306380897406362
8165,111.65000000001277,-0.008324278058320093,0.026306361175378826
8166,111.66000000001276,-0.008324284259118178,0.026306341462321296
8167,111.67000000001276,-0.008324290457139501,0.026306321758228696
8168,111.68000000001277,-0.008324296652385614,0.026306302063095914
8169,111.69000000001277,-0.008324302844858066,0.02630628237691786
8170,111.70000000001278,-0.008324309034558408,0.02630626269968945
8171,111.71000000001277,-0.008324315221488191,0.02630624303140559
8172,111.72000000001277,-0.00832432140564896,0.02630622337206121
8173,111.73000000001278,-0.008324327587042265,0.02630620372165122
8174,111.74000000001277,-0.008324333765669649,0.02630618408017055
8175,111.75000000001278,-0.008324339941532657,0.02630616444761413
8176,111.76000000001278,-0.008324346114632833,0.026306144823976894
8177,111.77000000001279,-0.008324352284971722,0.026306125209253767
8178,111.78000000001279,-0.008324358452550864,0.0263061056034397
8179,111.79000000001278,-0.008324364617371795,0.02630608600652963
8180,111.80000000001279,-0.008324370779436064,0.026306066418518504
8181,111.81000000001279,-0.0083243769387452,0.026306046839401267
8182,111.82000000001278,-0.008324383095300746,0.026306027269172874
8183,111.83000000001279,-0.008324389249104239,0.026306007707828292
8184,111.8400000000128,-0.008324395400157208,0.026305988155362458
8185,111.8500000000128,-0.008324401548461193,0.02630596861177036
8186,111.8600000000128,-0.008324407694017726,0.02630594907704695
8187,111.8700000000128,-0.008324413836828339,0.0263059295511872
8188,111.8800000000128,-0.008324419976894568,0.02630591003418609
8189,111.8900000000128,-0.008324426114217931,0.02630589052603858
8190,111.9000000000128,-0.008324432248799972,0.02630587102673967
8191,111.9100000000128,-0.008324438380642209,0.026305851536284338
8192,111.9200000000128,-0.00832444450974617,0.02630583205466756
8193,111.93000000001281,-0.008324450636113387,0.026305812581884344
8194,111.94000000001282,-0.008324456759745377,0.026305793117929667
8195,111.9500000000128,-0.00832446288064367,0.026305773662798543
8196,111.96000000001281,-0.008324468998809788,0.026305754216485965
8197,111.97000000001282,-0.008324475114245253,0.026305734778986935
8198,111.98000000001281,-0.008324481226951586,0.026305715350296466
8199,111.99000000001281,-0.008324487336930305,0.026305695930409566
8200,112.00000000001282,-0.008324493444182932,0.02630567651932125
8201,112.01000000001282,-0.008324499548710979,0.026305657117026534
8202,112.02000000001283,-0.00832450565051597,0.02630563772352044
8203,112.03000000001282,-0.00832451174959942,0.026305618338798003
8204,112.04000000001282,-0.008324517845962838,0.026305598962854233
8205,112.05000000001283,-0.008324523939607743,0.026305579595684175
8206,112.06000000001282,-0.008324530030535647,0.026305560237282866
8207,112.07000000001283,-0.008324536118748059,0.02630554088764533
8208,112.08000000001283,-0.008324542204246492,0.02630552154676662
8209,112.09000000001284,-0.00832454828703246,0.02630550221464178
8210,112.10000000001284,-0.008324554367107466,0.026305482891265865
8211,112.11000000001283,-0.008324560444473017,0.026305463576633905
8212,112.12000000001284,-0.008324566519130622,0.026305444270740976
8213,112.13000000001284,-0.00832457259108179,0.026305424973582136
8214,112.14000000001283,-0.00832457866032802,0.026305405685152442
8215,112.15000000001284,-0.008324584726870823,0.026305386405446954
8216,112.16000000001284,-0.008324590790711692,0.026305367134460744
8217,112.17000000001285,-0.008324596851852132,0.026305347872188887
8218,112.18000000001285,-0.00832460291029365,0.026305328618626462
8219,112.19000000001284,-0.00832460896603774,0.02630530937376854
8220,112.20000000001285,-0.0083246150190859,0.026305290137610203
8221,112.21000000001285,-0.008324621069439628,0.02630527091014654
8222,112.22000000001285,-0.008324627117100428,0.026305251691372652
8223,112.23000000001285,-0.008324633162069783,0.02630523248128361
8224,112.24000000001286,-0.008324639204349199,0.02630521327987452
8225,112.25000000001286,-0.008324645243940164,0.026305194087140483
8226,112.26000000001287,-0.008324651280844171,0.0263051749030766
8227,112.27000000001286,-0.008324657315062713,0.02630515572767797
8228,112.28000000001286,-0.00832466334659728,0.02630513656093971
8229,112.29000000001287,-0.008324669375449362,0.026305117402856935
8230,112.30000000001286,-0.008324675401620447,0.026305098253424752
8231,112.31000000001286,-0.00832468142511202,0.026305079112638276
8232,112.32000000001287,-0.008324687445925573,0.026305059980492637
8233,112.33000000001287,-0.00832469346406259,0.026305040856982966
8234,112.34000000001288,-0.008324699479524557,0.026305021742104386
8235,112.35000000001287,-0.008324705492312954,0.02630500263585203
8236,112.36000000001287,-0.008324711502429263,0.02630498353822103
8237,112.37000000001288,-0.008324717509874971,0.026304964449206533
8238,112.38000000001287,-0.008324723514651557,0.02630494536880367
8239,112.39000000001288,-0.008324729516760498,0.0263049262970076
8240,112.40000000001288,-0.008324735516203274,0.02630490723381346
8241,112.41000000001289,-0.008324741512981364,0.026304888179216408
8242,112.42000000001289,-0.008324747507096246,0.026304869133211603
8243,112.43000000001288,-0.008324753498549392,0.026304850095794193
8244,112.44000000001289,-0.008324759487342273,0.026304831066959338
8245,112.45000000001289,-0.008324765473476374,0.026304812046702226
8246,112.46000000001288,-0.008324771456953161,0.026304793035018002
8247,112.47000000001289,-0.008324777437774107,0.02630477403190185
8248,112.4800000000129,-0.008324783415940682,0.02630475503734894
8249,112.4900000000129,-0.008324789391454358,0.026304736051354454
8250,112.5000000000129,-0.008324795364316602,0.02630471707391357
8251,112.5100000000129,-0.008324801334528883,0.026304698105021476
8252,112.5200000000129,-0.008324807302092667,0.026304679144673365
8253,112.5300000000129,-0.008324813267009417,0.026304660192864412
8254,112.5400000000129,-0.008324819229280607,0.02630464124958983
8255,112.5500000000129,-0.008324825188907693,0.026304622314844817
8256,112.5600000000129,-0.008324831145892138,0.02630460338862455
8257,112.57000000001291,-0.00832483710023541,0.02630458447092426
8258,112.58000000001292,-0.008324843051938964,0.02630456556173914
8259,112.5900000000129,-0.008324849001004263,0.026304546661064417
8260,112.60000000001291,-0.008324854947432766,0.02630452776889529
8261,112.61000000001292,-0.008324860891225928,0.026304508885226972
8262,112.62000000001291,-0.008324866832385211,0.026304490010054703
8263,112.63000000001291,-0.00832487277091207,0.026304471143373698
8264,112.64000000001292,-0.008324878706807958,0.026304452285179178
8265,112.65000000001292,-0.008324884640074333,0.026304433435466387
8266,112.66000000001293,-0.008324890570712645,0.02630441459423055
8267,112.67000000001292,-0.008324896498724345,0.0263043957614669
8268,112.68000000001292,-0.008324902424110887,0.026304376937170682
8269,112.69000000001293,-0.008324908346873723,0.026304358121337145
8270,112.70000000001292,-0.008324914267014297,0.026304339313961526
8271,112.71000000001293,-0.008324920184534063,0.02630432051503908
8272,112.72000000001293,-0.008324926099434467,0.026304301724565063
8273,112.73000000001294,-0.00832493201171695,0.026304282942534715
8274,112.74000000001294,-0.008324937921382967,0.026304264168943322
8275,112.75000000001293,-0.00832494382843396,0.02630424540378613
8276,112.76000000001294,-0.008324949732871366,0.02630422664705841
8277,112.77000000001294,-0.008324955634696634,0.026304207898755427
8278,112.78000000001293,-0.008324961533911202,0.026304189158872452
8279,112.79000000001294,-0.008324967430516516,0.026304170427404773
8280,112.80000000001294,-0.008324973324514012,0.026304151704347658
8281,112.81000000001295,-0.008324979215905125,0.02630413298969638
8282,112.82000000001295,-0.008324985104691299,0.026304114283446253
8283,112.83000000001294,-0.00832499099087397,0.02630409558559254
8284,112.84000000001295,-0.008324996874454574,0.02630407689613054
8285,112.85000000001295,-0.008325002755434545,0.026304058215055548
8286,112.86000000001295,-0.008325008633815315,0.026304039542362864
8287,112.87000000001295,-0.00832501450959832,0.026304020878047785
8288,112.88000000001296,-0.008325020382784994,0.02630400222210562
8289,112.89000000001296,-0.008325026253376762,0.026303983574531672
8290,112.90000000001297,-0.008325032121375057,0.02630396493532125
8291,112.91000000001296,-0.008325037986781312,0.026303946304469677
8292,112.92000000001296,-0.00832504384959695,0.026303927681972265
8293,112.93000000001297,-0.008325049709823404,0.026303909067824333
8294,112.94000000001296,-0.008325055567462093,0.0263038904620212
8295,112.95000000001296,-0.008325061422514449,0.026303871864558202
8296,112.96000000001297,-0.008325067274981895,0.02630385327543067
8297,112.97000000001297,-0.008325073124865856,0.026303834694633925
8298,112.98000000001298,-0.008325078972167747,0.02630381612216331
8299,112.99000000001297,-0.008325084816889,0.02630379755801417
8300,113.00000000001297,-0.008325090659031026,0.026303779002181824
8301,113.01000000001298,-0.008325096498595256,0.026303760454661654
8302,113.02000000001297,-0.008325102335583099,0.026303741915448972
8303,113.03000000001298,-0.008325108169995975,0.026303723384539148
8304,113.04000000001298,-0.008325114001835308,0.02630370486192754
8305,113.05000000001299,-0.008325119831102503,0.0263036863476095
8306,113.06000000001299,-0.008325125657798986,0.026303667841580395
8307,113.07000000001298,-0.008325131481926162,0.02630364934383557
8308,113.08000000001299,-0.00832513730348545,0.02630363085437042
8309,113.09000000001299,-0.00832514312247826,0.026303612373180296
8310,113.10000000001298,-0.008325148938906006,0.026303593900260585
8311,113.11000000001299,-0.008325154752770092,0.026303575435606644
8312,113.120000000013,-0.00832516056407194,0.02630355697921388
8313,113.130000000013,-0.008325166372812942,0.02630353853107765
8314,113.140000000013,-0.00832517217899452,0.026303520091193355
8315,113.150000000013,-0.00832517798261807,0.026303501659556378
8316,113.160000000013,-0.008325183783685004,0.02630348323616212
8317,113.170000000013,-0.008325189582196729,0.026303464821005963
8318,113.180000000013,-0.00832519537815464,0.026303446414083317
8319,113.190000000013,-0.008325201171560149,0.02630342801538958
8320,113.200000000013,-0.008325206962414651,0.02630340962492015
8321,113.21000000001301,-0.008325212750719553,0.026303391242670445
8322,113.22000000001302,-0.008325218536476255,0.026303372868635877
8323,113.230000000013,-0.008325224319686148,0.026303354502811845
8324,113.24000000001301,-0.00832523010035064,0.026303336145193788
8325,113.25000000001302,-0.008325235878471124,0.0263033177957771
8326,113.26000000001301,-0.008325241654048994,0.026303299454557227
8327,113.27000000001301,-0.008325247427085656,0.026303281121529593
8328,113.28000000001302,-0.008325253197582492,0.026303262796689608
8329,113.29000000001302,-0.008325258965540901,0.026303244480032722
8330,113.30000000001303,-0.008325264730962274,0.02630322617155436
8331,113.31000000001302,-0.008325270493848009,0.026303207871249977
8332,113.32000000001302,-0.008325276254199489,0.026303189579115
8333,113.33000000001303,-0.008325282012018112,0.026303171295144884
8334,113.34000000001302,-0.008325287767305258,0.02630315301933506
8335,113.35000000001303,-0.008325293520062322,0.026303134751680994
8336,113.36000000001303,-0.00832529927029069,0.02630311649217814
8337,113.37000000001304,-0.008325305017991747,0.02630309824082195
8338,113.38000000001304,-0.008325310763166878,0.026303079997607882
8339,113.39000000001303,-0.008325316505817469,0.0263030617625314
8340,113.40000000001304,-0.008325322245944903,0.026303043535587975
8341,113.41000000001304,-0.008325327983550564,0.026303025316773084
8342,113.42000000001303,-0.008325333718635832,0.02630300710608218
8343,113.43000000001304,-0.008325339451202087,0.02630298890351074
8344,113.44000000001304,-0.008325345181250712,0.02630297070905426
8345,113.45000000001305,-0.008325350908783086,0.026302952522708214
8346,113.46000000001305,-0.008325356633800582,0.026302934344468076
8347,113.47000000001304,-0.008325362356304582,0.026302916174329338
8348,113.48000000001305,-0.008325368076296465,0.0263028980122875
8349,113.49000000001305,-0.008325373793777598,0.026302879858338048
8350,113.50000000001305,-0.008325379508749361,0.026302861712476477
8351,113.51000000001305,-0.008325385221213127,0.026302843574698292
8352,113.52000000001306,-0.008325390931170268,0.026302825444998987
8353,113.53000000001306,-0.008325396638622154,0.02630280732337407
8354,113.54000000001307,-0.008325402343570158,0.026302789209819058
8355,113.55000000001306,-0.008325408046015654,0.026302771104329464
8356,113.56000000001306,-0.008325413745960006,0.026302753006900794
8357,113.57000000001307,-0.008325419443404581,0.02630273491752856
8358,113.58000000001306,-0.00832542513835075,0.026302716836208297
8359,113.59000000001306,-0.00832543083079988,0.026302698762935527
8360,113.60000000001307,-0.008325436520753328,0.02630268069770576
8361,113.61000000001307,-0.008325442208212467,0.026302662640514538
8362,113.62000000001308,-0.00832544789317866,0.026302644591357397
8363,113.63000000001307,-0.008325453575653266,0.026302626550229875
8364,113.64000000001307,-0.008325459255637654,0.026302608517127502
8365,113.65000000001308,-0.008325464933133176,0.026302590492045815
8366,113.66000000001307,-0.008325470608141195,0.02630257247498037
8367,113.67000000001308,-0.008325476280663074,0.026302554465926713
8368,113.68000000001308,-0.008325481950700167,0.02630253646488039
8369,113.69000000001309,-0.008325487618253835,0.026302518471836955
8370,113.70000000001309,-0.008325493283325429,0.02630250048679197
8371,113.71000000001308,-0.008325498945916308,0.026302482509740984
8372,113.72000000001309,-0.008325504606027831,0.02630246454067957
8373,113.73000000001309,-0.008325510263661342,0.02630244657960329
8374,113.74000000001308,-0.008325515918818202,0.026302428626507716
8375,113.75000000001309,-0.008325521571499761,0.02630241068138841
8376,113.7600000000131,-0.008325527221707369,0.026302392744240954
8377,113.7700000000131,-0.008325532869442376,0.026302374815060925
8378,113.7800000000131,-0.008325538514706132,0.0263023568938439
8379,113.7900000000131,-0.008325544157499984,0.026302338980585465
8380,113.8000000000131,-0.008325549797825288,0.026302321075281215
8381,113.8100000000131,-0.008325555435683378,0.026302303177926718
8382,113.8200000000131,-0.008325561071075608,0.02630228528851758
8383,113.8300000000131,-0.00832556670400332,0.026302267407049395
8384,113.8400000000131,-0.008325572334467858,0.02630224953351776
8385,113.85000000001311,-0.008325577962470566,0.026302231667918268
8386,113.86000000001312,-0.008325583588012785,0.026302213810246538
8387,113.8700000000131,-0.008325589211095859,0.026302195960498174
8388,113.88000000001311,-0.008325594831721126,0.02630217811866878
8389,113.89000000001312,-0.008325600449889928,0.026302160284753965
8390,113.90000000001311,-0.008325606065603602,0.026302142458749345
8391,113.91000000001311,-0.008325611678863488,0.026302124640650557
8392,113.92000000001312,-0.008325617289670916,0.026302106830453198
8393,113.93000000001312,-0.008325622898027232,0.026302089028152908
8394,113.94000000001313,-0.008325628503933764,0.02630207123374531
8395,113.95000000001312,-0.008325634107391853,0.026302053447226036
8396,113.96000000001312,-0.008325639708402825,0.026302035668590715
8397,113.97000000001313,-0.008325645306968017,0.026302017897834984
8398,113.98000000001312,-0.008325650903088757,0.02630200013495448
8399,113.99000000001313,-0.00832565649676638,0.026301982379944848
8400,114.00000000001313,-0.008325662088002218,0.026301964632801746
8401,114.01000000001314,-0.008325667676797592,0.026301946893520795
8402,114.02000000001314,-0.008325673263153838,0.026301929162097667
8403,114.03000000001313,-0.00832567884707228,0.02630191143852801
8404,114.04000000001314,-0.008325684428554244,0.026301893722807473
8405,114.05000000001314,-0.008325690007601055,0.02630187601493172
8406,114.06000000001313,-0.008325695584214043,0.02630185831489642
8407,114.07000000001314,-0.008325701158394526,0.026301840622697227
8408,114.08000000001314,-0.008325706730143833,0.026301822938329823
8409,114.09000000001315,-0.008325712299463276,0.02630180526178986
8410,114.10000000001315,-0.008325717866354183,0.026301787593073018
8411,114.11000000001314,-0.008325723430817878,0.026301769932174993
8412,114.12000000001315,-0.008325728992855675,0.026301752279091446
8413,114.13000000001315,-0.008325734552468891,0.026301734633818057
8414,114.14000000001315,-0.008325740109658853,0.026301716996350526
8415,114.15000000001315,-0.008325745664426867,0.02630169936668452
8416,114.16000000001316,-0.00832575121677426,0.02630168174481576
8417,114.17000000001316,-0.008325756766702334,0.026301664130739907
8418,114.18000000001317,-0.008325762314212415,0.026301646524452684
8419,114.19000000001316,-0.008325767859305812,0.026301628925949776
8420,114.20000000001316,-0.008325773401983837,0.026301611335226887
8421,114.21000000001317,-0.008325778942247805,0.026301593752279733
8422,114.22000000001316,-0.008325784480099022,0.026301576177104012
8423,114.23000000001316,-0.0083257900155388,0.026301558609695436
8424,114.24000000001317,-0.008325795548568451,0.02630154105004972
8425,114.25000000001317,-0.00832580107918928,0.02630152349816258
8426,114.26000000001318,-0.0083258066074026,0.026301505954029747
8427,114.27000000001317,-0.008325812133209709,0.026301488417646922
8428,114.28000000001317,-0.008325817656611919,0.026301470889009842
8429,114.29000000001318,-0.008325823177610533,0.026301453368114243
8430,114.30000000001317,-0.008325828696206855,0.026301435854955847
8431,114.31000000001318,-0.008325834212402189,0.026301418349530387
8432,114.32000000001318,-0.008325839726197834,0.026301400851833603
8433,114.33000000001319,-0.0083258452375951,0.026301383361861237
8434,114.34000000001319,-0.00832585074659528,0.026301365879609028
8435,114.35000000001318,-0.008325856253199676,0.02630134840507272
8436,114.36000000001319,-0.008325861757409587,0.026301330938248064
8437,114.37000000001319,-0.008325867259226311,0.02630131347913081
8438,114.38000000001318,-0.008325872758651147,0.026301296027716706
8439,114.39000000001319,-0.008325878255685386,0.026301278584001518
8440,114.4000000000132,-0.00832588375033033,0.026301261147981005
8441,114.4100000000132,-0.008325889242587271,0.026301243719650924
8442,114.4200000000132,-0.008325894732457501,0.026301226299007035
8443,114.4300000000132,-0.008325900219942318,0.026301208886045112
8444,114.4400000000132,-0.008325905705043012,0.026301191480760936
8445,114.4500000000132,-0.008325911187760873,0.026301174083150268
8446,114.4600000000132,-0.008325916668097191,0.026301156693208875
8447,114.4700000000132,-0.008325922146053258,0.026301139310932555
8448,114.4800000000132,-0.008325927621630362,0.026301121936317083
8449,114.49000000001321,-0.00832593309482979,0.02630110456935825
8450,114.50000000001322,-0.00832593856565283,0.026301087210051827
8451,114.5100000000132,-0.008325944034100771,0.02630106985839362
8452,114.52000000001321,-0.008325949500174895,0.026301052514379416
8453,114.53000000001322,-0.008325954963876482,0.026301035178005007
8454,114.54000000001321,-0.008325960425206827,0.026301017849266195
8455,114.55000000001321,-0.008325965884167204,0.026301000528158782
8456,114.56000000001322,-0.008325971340758902,0.026300983214678577
8457,114.57000000001322,-0.008325976794983194,0.026300965908821382
8458,114.58000000001323,-0.008325982246841368,0.026300948610583
8459,114.59000000001322,-0.0083259876963347,0.02630093131995925
8460,114.60000000001322,-0.008325993143464471,0.026300914036945962
8461,114.61000000001323,-0.008325998588231957,0.02630089676153893
8462,114.62000000001322,-0.008326004030638434,0.02630087949373398
8463,114.63000000001323,-0.008326009470685182,0.026300862233526946
8464,114.64000000001323,-0.008326014908373475,0.02630084498091365
8465,114.65000000001324,-0.008326020343704582,0.026300827735889914
8466,114.66000000001324,-0.008326025776679786,0.02630081049845158
8467,114.67000000001323,-0.008326031207300355,0.026300793268594472
8468,114.68000000001324,-0.008326036635567559,0.02630077604631444
8469,114.69000000001324,-0.008326042061482677,0.026300758831607325
8470,114.70000000001323,-0.008326047485046971,0.02630074162446895
8471,114.71000000001324,-0.008326052906261717,0.026300724424895183
8472,114.72000000001324,-0.00832605832512818,0.026300707232881856
8473,114.73000000001325,-0.008326063741647629,0.026300690048424835
8474,114.74000000001325,-0.008326069155821333,0.026300672871519964
8475,114.75000000001324,-0.008326074567650556,0.026300655702163098
8476,114.76000000001325,-0.008326079977136563,0.026300638540350103
8477,114.77000000001325,-0.00832608538428062,0.026300621386076837
8478,114.78000000001325,-0.008326090789083996,0.026300604239339175
8479,114.79000000001325,-0.008326096191547942,0.026300587100132965
8480,114.80000000001326,-0.008326101591673732,0.026300569968454098
8481,114.81000000001326,-0.008326106989462621,0.02630055284429843
8482,114.82000000001327,-0.008326112384915868,0.026300535727661847
8483,114.83000000001326,-0.00832611777803474,0.026300518618540228
8484,114.84000000001326,-0.00832612316882049,0.026300501516929444
8485,114.85000000001327,-0.00832612855727438,0.02630048442282539
8486,114.86000000001326,-0.008326133943397662,0.02630046733622395
8487,114.87000000001326,-0.008326139327191596,0.02630045025712101
8488,114.88000000001327,-0.008326144708657442,0.02630043318551247
8489,114.89000000001327,-0.00832615008779645,0.026300416121394218
8490,114.90000000001328,-0.008326155464609873,0.026300399064762156
8491,114.91000000001327,-0.008326160839098967,0.026300382015612172
8492,114.92000000001327,-0.008326166211264982,0.02630036497394019
8493,114.93000000001328,-0.00832617158110917,0.026300347939742095
8494,114.94000000001327,-0.008326176948632783,0.026300330913013804
8495,114.95000000001328,-0.008326182313837072,0.02630031389375124
8496,114.96000000001328,-0.008326187676723286,0.026300296881950295
8497,114.97000000001329,-0.008326193037292672,0.0263002798776069
8498,114.98000000001329,-0.008326198395546476,0.026300262880716973
8499,114.99000000001328,-0.008326203751485949,0.026300245891276434
8500,115.00000000001329,-0.008326209105112331,0.0263002289092812
8501,115.01000000001329,-0.008326214456426874,0.02630021193472721
8502,115.02000000001328,-0.008326219805430817,0.026300194967610387
8503,115.03000000001329,-0.008326225152125407,0.026300178007926663
8504,115.0400000000133,-0.008326230496511884,0.026300161055671987
8505,115.0500000000133,-0.008326235838591491,0.02630014411084227
8506,115.0600000000133,-0.00832624117836547,0.02630012717343348
8507,115.0700000000133,-0.008326246515835061,0.026300110243441543
8508,115.0800000000133,-0.008326251851001502,0.026300093320862413
8509,115.0900000000133,-0.008326257183866035,0.026300076405692045
8510,115.1000000000133,-0.008326262514429895,0.02630005949792637
8511,115.1100000000133,-0.008326267842694319,0.02630004259756136
8512,115.1200000000133,-0.008326273168660544,0.026300025704592972
8513,115.13000000001331,-0.008326278492329807,0.026300008819017152
8514,115.14000000001332,-0.00832628381370334,0.02629999194082987
8515,115.1500000000133,-0.00832628913278238,0.026299975070027095
8516,115.16000000001331,-0.008326294449568155,0.026299958206604787
8517,115.17000000001332,-0.008326299764061905,0.02629994135055892
8518,115.18000000001331,-0.008326305076264853,0.02629992450188546
8519,115.19000000001331,-0.008326310386178235,0.026299907660580393
8520,115.20000000001332,-0.00832631569380328,0.02629989082663969
8521,115.21000000001332,-0.008326320999141216,0.026299874000059335
8522,115.22000000001333,-0.008326326302193276,0.02629985718083531
8523,115.23000000001332,-0.008326331602960675,0.02629984036896359
8524,115.24000000001332,-0.008326336901444655,0.026299823564440186
8525,115.25000000001333,-0.008326342197646434,0.02629980676726107
8526,115.26000000001332,-0.008326347491567238,0.026299789977422244
8527,115.27000000001333,-0.00832635278320829,0.0262997731949197
8528,115.28000000001333,-0.008326358072570822,0.026299756419749454
8529,115.29000000001334,-0.008326363359656041,0.02629973965190748
8530,115.30000000001334,-0.008326368644465182,0.0262997228913898
8531,115.31000000001333,-0.008326373926999463,0.026299706138192422
8532,115.32000000001334,-0.008326379207260102,0.026299689392311348
8533,115.33000000001334,-0.00832638448524832,0.02629967265374259
8534,115.34000000001333,-0.008326389760965336,0.02629965592248217
8535,115.35000000001334,-0.008326395034412373,0.02629963919852611
8536,115.36000000001334,-0.008326400305590637,0.026299622481870413
8537,115.37000000001335,-0.008326405574501353,0.026299605772511114
8538,115.38000000001335,-0.00832641084114573,0.02629958907044422
8539,115.39000000001334,-0.008326416105524993,0.02629957237566579
8540,115.40000000001335,-0.008326421367640351,0.026299555688171845
8541,115.41000000001335,-0.008326426627493014,0.026299539007958398
8542,115.42000000001335,-0.008326431885084196,0.0262995223350215
8543,115.43000000001335,-0.00832643714041511,0.026299505669357185
8544,115.44000000001336,-0.008326442393486967,0.026299489010961498
8545,115.45000000001336,-0.00832644764430098,0.02629947235983049
8546,115.46000000001337,-0.008326452892858353,0.026299455715960186
8547,115.47000000001336,-0.008326458139160296,0.026299439079346655
8548,115.48000000001336,-0.008326463383208022,0.026299422449985944
8549,115.49000000001337,-0.00832646862500273,0.02629940582787409
8550,115.50000000001336,-0.00832647386454563,0.02629938921300717
8551,115.51000000001336,-0.00832647910183793,0.02629937260538124
8552,115.52000000001337,-0.008326484336880833,0.026299356004992353
8553,115.53000000001337,-0.008326489569675539,0.02629933941183657
8554,115.54000000001338,-0.008326494800223254,0.026299322825909972
8555,115.55000000001337,-0.008326500028525185,0.026299306247208623
8556,115.56000000001337,-0.008326505254582527,0.02629928967572859
8557,115.57000000001338,-0.008326510478396484,0.02629927311146596
8558,115.58000000001337,-0.008326515699968255,0.026299256554416794
8559,115.59000000001338,-0.008326520919299042,0.026299240004577184
8560,115.60000000001338,-0.00832652613639004,0.02629922346194321
8561,115.61000000001339,-0.00832653135124245,0.026299206926510953
8562,115.62000000001339,-0.008326536563857463,0.0262991903982765
8563,115.63000000001338,-0.00832654177423628,0.026299173877235932
8564,115.64000000001339,-0.0083265469823801,0.026299157363385377
8565,115.65000000001339,-0.008326552188290112,0.026299140856720887
8566,115.66000000001338,-0.008326557391967505,0.02629912435723858
8567,115.67000000001339,-0.008326562593413484,0.02629910786493456
8568,115.6800000000134,-0.008326567792629235,0.026299091379804917
8569,115.6900000000134,-0.008326572989615953,0.02629907490184577
8570,115.7000000000134,-0.008326578184374822,0.02629905843105322
8571,115.7100000000134,-0.008326583376907037,0.026299041967423376
8572,115.7200000000134,-0.008326588567213787,0.02629902551095235
8573,115.7300000000134,-0.008326593755296261,0.026299009061636264
8574,115.7400000000134,-0.008326598941155646,0.02629899261947123
8575,115.7500000000134,-0.00832660412479313,0.026298976184453378
8576,115.7600000000134,-0.008326609306209895,0.026298959756578817
8577,115.77000000001341,-0.008326614485407127,0.026298943335843674
8578,115.78000000001342,-0.00832661966238602,0.026298926922244094
8579,115.7900000000134,-0.008326624837147748,0.02629891051577619
8580,115.80000000001341,-0.008326630009693496,0.026298894116436107
8581,115.81000000001342,-0.00832663518002445,0.02629887772421998
8582,115.82000000001341,-0.00832664034814179,0.026298861339123927
8583,115.83000000001341,-0.008326645514046695,0.026298844961144114
8584,115.84000000001342,-0.008326650677740348,0.026298828590276678
8585,115.85000000001342,-0.008326655839223925,0.026298812226517754
8586,115.86000000001343,-0.00832666099849861,0.02629879586986351
8587,115.87000000001342,-0.008326666155565573,0.026298779520310078
8588,115.88000000001342,-0.008326671310426,0.026298763177853617
8589,115.89000000001343,-0.00832667646308106,0.02629874684249029
8590,115.90000000001342,-0.008326681613531933,0.026298730514216245
8591,115.91000000001343,-0.008326686761779792,0.026298714193027647
8592,115.92000000001343,-0.008326691907825813,0.026298697878920665
8593,115.93000000001344,-0.008326697051671165,0.02629868157189146
8594,115.94000000001344,-0.008326702193317027,0.0262986652719362
8595,115.95000000001343,-0.008326707332764563,0.026298648979051056
8596,115.96000000001344,-0.00832671247001495,0.026298632693232196
8597,115.97000000001344,-0.00832671760506936,0.026298616414475808
8598,115.98000000001343,-0.00832672273792896,0.026298600142778072
8599,115.99000000001344,-0.008326727868594914,0.026298583878135155
8600,116.00000000001344,-0.008326732997068395,0.026298567620543244
8601,116.01000000001345,-0.008326738123350573,0.02629855136999854
8602,116.02000000001345,-0.008326743247442607,0.026298535126497206
8603,116.03000000001344,-0.00832674836934567,0.02629851889003545
8604,116.04000000001345,-0.008326753489060923,0.02629850266060946
8605,116.05000000001345,-0.00832675860658953,0.026298486438215432
8606,116.06000000001345,-0.008326763721932659,0.026298470222849573
8607,116.07000000001345,-0.008326768835091468,0.026298454014508074
8608,116.08000000001346,-0.008326773946067125,0.026298437813187144
8609,116.09000000001346,-0.008326779054860782,0.02629842161888298
8610,116.10000000001347,-0.008326784161473606,0.02629840543159179
8611,116.11000000001346,-0.008326789265906761,0.0262983892513098
8612,116.12000000001346,-0.008326794368161396,0.02629837307803321
8613,116.13000000001347,-0.008326799468238673,0.02629835691175824
8614,116.14000000001346,-0.008326804566139757,0.026298340752481116
8615,116.15000000001346,-0.008326809661865796,0.026298324600198045
8616,116.16000000001347,-0.00832681475541795,0.02629830845490525
8617,116.17000000001347,-0.008326819846797373,0.026298292316598967
8618,116.18000000001348,-0.008326824936005218,0.02629827618527541
8619,116.19000000001347,-0.008326830023042645,0.02629826006093083
8620,116.20000000001347,-0.008326835107910805,0.026298243943561443
8621,116.21000000001348,-0.008326840190610842,0.02629822783316348
8622,116.22000000001347,-0.008326845271143923,0.026298211729733206
8623,116.23000000001348,-0.008326850349511184,0.02629819563326683
8624,116.24000000001348,-0.008326855425713786,0.026298179543760614
8625,116.25000000001349,-0.008326860499752873,0.02629816346121079
8626,116.26000000001349,-0.008326865571629597,0.026298147385613625
8627,116.27000000001348,-0.0083268706413451,0.026298131316965345
8628,116.28000000001349,-0.008326875708900535,0.02629811525526221
8629,116.29000000001349,-0.00832688077429705,0.02629809920050049
8630,116.30000000001348,-0.008326885837535788,0.02629808315267643
8631,116.31000000001349,-0.008326890898617894,0.026298067111786283
8632,116.3200000000135,-0.008326895957544512,0.026298051077826328
8633,116.3300000000135,-0.008326901014316785,0.02629803505079281
8634,116.3400000000135,-0.008326906068935859,0.02629801903068202
8635,116.3500000000135,-0.008326911121402873,0.026298003017490197
8636,116.3600000000135,-0.00832691617171897,0.02629798701121364
8637,116.3700000000135,-0.008326921219885292,0.02629797101184861
8638,116.3800000000135,-0.008326926265902979,0.02629795501939139
8639,116.3900000000135,-0.008326931309773165,0.02629793903383825
8640,116.4000000000135,-0.008326936351496993,0.02629792305518548
8641,116.41000000001351,-0.008326941391075603,0.026297907083429366
8642,116.42000000001352,-0.008326946428510127,0.02629789111856618
8643,116.43000000001351,-0.008326951463801706,0.02629787516059223
8644,116.44000000001351,-0.008326956496951471,0.026297859209503793
8645,116.45000000001352,-0.00832696152796056,0.02629784326529716
8646,116.46000000001351,-0.00832696655683011,0.02629782732796864
8647,116.47000000001351,-0.008326971583561243,0.026297811397514522
8648,116.48000000001352,-0.00832697660815511,0.026297795473931115
8649,116.49000000001352,-0.008326981630612827,0.02629777955721472
8650,116.50000000001353,-0.008326986650935531,0.026297763647361635
8651,116.51000000001352,-0.008326991669124354,0.026297747744368168
8652,116.52000000001352,-0.008326996685180424,0.02629773184823064
8653,116.53000000001353,-0.00832700169910487,0.02629771595894536
8654,116.54000000001352,-0.008327006710898826,0.026297700076508643
8655,116.55000000001353,-0.008327011720563408,0.026297684200916795
8656,116.56000000001353,-0.008327016728099754,0.026297668332166152
8657,116.57000000001354,-0.008327021733508987,0.026297652470253036
8658,116.58000000001354,-0.008327026736792226,0.02629763661517375
8659,116.59000000001353,-0.008327031737950605,0.026297620766924653
8660,116.60000000001354,-0.008327036736985247,0.026297604925502045
8661,116.61000000001354,-0.008327041733897271,0.026297589090902282
8662,116.62000000001353,-0.0083270467286878,0.02629757326312167
8663,116.63000000001354,-0.008327051721357958,0.026297557442156578
8664,116.64000000001354,-0.008327056711908868,0.026297541628003324
8665,116.65000000001355,-0.008327061700341648,0.026297525820658262
8666,116.66000000001355,-0.008327066686657418,0.02629751002011772
8667,116.67000000001354,-0.0083270716708573,0.026297494226378067
8668,116.68000000001355,-0.008327076652942406,0.026297478439435615
8669,116.69000000001355,-0.008327081632913862,0.026297462659286765
8670,116.70000000001355,-0.008327086610772775,0.026297446885927816
8671,116.71000000001355,-0.008327091586520268,0.026297431119355157
8672,116.72000000001356,-0.008327096560157458,0.026297415359565143
8673,116.73000000001356,-0.008327101531685458,0.026297399606554132
8674,116.74000000001357,-0.008327106501105378,0.026297383860318477
8675,116.75000000001356,-0.008327111468418337,0.026297368120854554
8676,116.76000000001356,-0.008327116433625444,0.026297352388158723
8677,116.77000000001357,-0.008327121396727814,0.026297336662227364
8678,116.78000000001356,-0.008327126357726556,0.026297320943056837
8679,116.79000000001356,-0.00832713131662278,0.02629730523064352
8680,116.80000000001357,-0.008327136273417596,0.02629728952498379
8681,116.81000000001357,-0.00832714122811212,0.02629727382607403
8682,116.82000000001358,-0.008327146180707453,0.026297258133910626
8683,116.83000000001357,-0.008327151131204705,0.02629724244848995
8684,116.84000000001357,-0.008327156079604983,0.02629722676980839
8685,116.85000000001358,-0.008327161025909389,0.02629721109786233
8686,116.86000000001357,-0.008327165970119038,0.026297195432648173
8687,116.87000000001358,-0.008327170912235027,0.026297179774162304
8688,116.88000000001358,-0.008327175852258464,0.026297164122401125
8689,116.89000000001359,-0.008327180790190453,0.02629714847736103
8690,116.90000000001359,-0.008327185726032093,0.02629713283903841
8691,116.91000000001358,-0.008327190659784491,0.026297117207429683
8692,116.92000000001359,-0.008327195591448745,0.02629710158253125
8693,116.93000000001359,-0.008327200521025957,0.026297085964339502
8694,116.94000000001358,-0.008327205448517228,0.026297070352850862
8695,116.95000000001359,-0.008327210373923654,0.026297054748061745
8696,116.9600000000136,-0.00832721529724634,0.026297039149968563
8697,116.9700000000136,-0.008327220218486378,0.026297023558567723
8698,116.9800000000136,-0.008327225137644867,0.026297007973855653
8699,116.9900000000136,-0.008327230054722903,0.02629699239582877
8700,117.0000000000136,-0.008327234969721584,0.026296976824483495
8701,117.0100000000136,-0.008327239882642003,0.02629696125981626
8702,117.0200000000136,-0.008327244793485258,0.026296945701823487
8703,117.0300000000136,-0.008327249702252439,0.026296930150501607
8704,117.0400000000136,-0.008327254608944637,0.02629691460584705
8705,117.05000000001361,-0.008327259513562954,0.026296899067856268
8706,117.06000000001362,-0.00832726441610847,0.026296883536525664
8707,117.07000000001361,-0.008327269316582286,0.02629686801185172
8708,117.08000000001361,-0.008327274214985485,0.026296852493830843
8709,117.09000000001362,-0.008327279111319162,0.026296836982459486
8710,117.10000000001361,-0.008327284005584402,0.0262968214777341
8711,117.11000000001361,-0.008327288897782295,0.026296805979651137
8712,117.12000000001362,-0.008327293787913928,0.026296790488207034
8713,117.13000000001362,-0.008327298675980387,0.026296775003398245
8714,117.14000000001363,-0.008327303561982764,0.02629675952522125
8715,117.15000000001362,-0.008327308445922135,0.02629674405367248
8716,117.16000000001362,-0.00832731332779959,0.026296728588748403
8717,117.17000000001363,-0.008327318207616214,0.02629671313044548
8718,117.18000000001362,-0.00832732308537309,0.026296697678760184
8719,117.19000000001363,-0.0083273279610713,0.026296682233688973
8720,117.20000000001363,-0.008327332834711926,0.026296666795228317
8721,117.21000000001364,-0.00832733770629605,0.026296651363374685
8722,117.22000000001364,-0.008327342575824752,0.026296635938124556
8723,117.23000000001363,-0.008327347443299115,0.026296620519474408
8724,117.24000000001364,-0.008327352308720212,0.026296605107420705
8725,117.25000000001364,-0.008327357172089126,0.02629658970195994
8726,117.26000000001363,-0.008327362033406935,0.02629657430308859
8727,117.27000000001364,-0.008327366892674715,0.026296558910803142
8728,117.28000000001364,-0.008327371749893543,0.026296543525100087
8729,117.29000000001365,-0.008327376605064494,0.026296528145975908
8730,117.30000000001365,-0.00832738145818865,0.026296512773427108
8731,117.31000000001364,-0.008327386309267076,0.02629649740745016
8732,117.32000000001365,-0.00832739115830085,0.026296482048041574
8733,117.33000000001365,-0.008327396005291044,0.026296466695197848
8734,117.34000000001365,-0.008327400850238732,0.02629645134891548
8735,117.35000000001365,-0.00832740569314499,0.026296436009190977
8736,117.36000000001366,-0.008327410534010883,0.026296420676020844
8737,117.37000000001366,-0.008327415372837483,0.026296405349401582
8738,117.38000000001367,-0.008327420209625859,0.0262963900293297
8739,117.39000000001366,-0.008327425044377078,0.02629637471580171
8740,117.40000000001366,-0.008327429877092217,0.026296359408814144
8741,117.41000000001367,-0.008327434707772334,0.026296344108363488
8742,117.42000000001366,-0.008327439536418506,0.026296328814446285
8743,117.43000000001366,-0.008327444363031788,0.026296313527059047
8744,117.44000000001367,-0.008327449187613255,0.026296298246198297
8745,117.45000000001367,-0.00832745401016397,0.02629628297186056
8746,117.46000000001368,-0.008327458830684994,0.02629626770404236
8747,117.47000000001367,-0.008327463649177398,0.02629625244274024
8748,117.48000000001367,-0.008327468465642234,0.02629623718795071
8749,117.49000000001368,-0.008327473280080573,0.026296221939670326
8750,117.50000000001367,-0.008327478092493477,0.026296206697895615
8751,117.51000000001368,-0.008327482902882004,0.026296191462623113
8752,117.52000000001368,-0.008327487711247212,0.02629617623384936
8753,117.53000000001369,-0.008327492517590167,0.026296161011570913
8754,117.54000000001369,-0.008327497321911924,0.026296145795784296
8755,117.55000000001368,-0.008327502124213543,0.026296130586486072
8756,117.56000000001369,-0.008327506924496079,0.026296115383672786
8757,117.57000000001369,-0.00832751172276059,0.02629610018734098
8758,117.58000000001368,-0.008327516519008135,0.026296084997487226
8759,117.59000000001369,-0.008327521313239768,0.02629606981410807
8760,117.6000000000137,-0.008327526105456546,0.02629605463720008
8761,117.6100000000137,-0.00832753089565952,0.0262960394667598
8762,117.6200000000137,-0.008327535683849746,0.026296024302783806
8763,117.6300000000137,-0.00832754047002828,0.026296009145268657
8764,117.6400000000137,-0.008327545254196168,0.026295993994210926
8765,117.6500000000137,-0.00832755003635446,0.02629597884960717
8766,117.6600000000137,-0.00832755481650422,0.02629596371145398
8767,117.6700000000137,-0.008327559594646487,0.026295948579747923
8768,117.6800000000137,-0.008327564370782312,0.026295933454485557
8769,117.69000000001371,-0.00832756914491275,0.026295918335663485
8770,117.70000000001372,-0.008327573917038845,0.026295903223278284
8771,117.71000000001371,-0.008327578687161639,0.026295888117326506
8772,117.72000000001371,-0.008327583455282193,0.026295873017804783
8773,117.73000000001372,-0.008327588221401543,0.02629585792470967
8774,117.74000000001371,-0.00832759298552074,0.026295842838037767
8775,117.75000000001371,-0.008327597747640825,0.02629582775778566
8776,117.76000000001372,-0.008327602507762846,0.026295812683949954
8777,117.77000000001372,-0.008327607265887845,0.02629579761652723
8778,117.78000000001373,-0.008327612022016864,0.026295782555514093
8779,117.79000000001372,-0.008327616776150949,0.02629576750090714
8780,117.80000000001372,-0.00832762152829114,0.02629575245270298
8781,117.81000000001373,-0.008327626278438478,0.026295737410898214
8782,117.82000000001372,-0.008327631026594005,0.026295722375489446
8783,117.83000000001373,-0.008327635772758756,0.02629570734647329
8784,117.84000000001373,-0.008327640516933776,0.026295692323846348
8785,117.85000000001374,-0.008327645259120104,0.026295677307605243
8786,117.86000000001374,-0.008327649999318771,0.02629566229774659
8787,117.87000000001373,-0.008327654737530821,0.026295647294266995
8788,117.88000000001374,-0.008327659473757288,0.02629563229716308
8789,117.89000000001374,-0.008327664207999212,0.026295617306431485
8790,117.90000000001373,-0.00832766894025762,0.026295602322068814
8791,117.91000000001374,-0.008327673670533555,0.0262955873440717
8792,117.92000000001374,-0.008327678398828047,0.026295572372436772
8793,117.93000000001375,-0.008327683125142125,0.026295557407160653
8794,117.94000000001375,-0.008327687849476833,0.026295542448239992
8795,117.95000000001374,-0.008327692571833195,0.02629552749567141
8796,117.96000000001375,-0.008327697292212248,0.02629551254945155
8797,117.97000000001375,-0.008327702010615012,0.026295497609577043
8798,117.98000000001375,-0.008327706727042528,0.026295482676044542
8799,117.99000000001375,-0.00832771144149582,0.026295467748850675
8800,118.00000000001376,-0.008327716153975921,0.026295452827992102
8801,118.01000000001376,-0.008327720864483858,0.02629543791346546
8802,118.02000000001377,-0.008327725573020655,0.026295423005267406
8803,118.03000000001376,-0.008327730279587343,0.026295408103394594
8804,118.04000000001376,-0.008327734984184943,0.02629539320784366
8805,118.05000000001377,-0.00832773968681449,0.02629537831861128
8806,118.06000000001376,-0.008327744387476998,0.026295363435694104
8807,118.07000000001376,-0.008327749086173501,0.026295348559088796
8808,118.08000000001377,-0.008327753782905015,0.026295333688792017
8809,118.09000000001377,-0.008327758477672571,0.02629531882480043
8810,118.10000000001378,-0.008327763170477183,0.026295303967110696
8811,118.11000000001377,-0.008327767861319878,0.026295289115719496
8812,118.12000000001377,-0.008327772550201677,0.026295274270623496
8813,118.13000000001378,-0.0083277772371236,0.026295259431819366
8814,118.14000000001377,-0.008327781922086663,0.026295244599303786
8815,118.15000000001378,-0.008327786605091892,0.02629522977307342
8816,118.16000000001378,-0.0083277912861403,0.02629521495312497
8817,118.17000000001379,-0.008327795965232905,0.02629520013945509
8818,118.18000000001379,-0.008327800642370733,0.026295185332060496
8819,118.19000000001378,-0.008327805317554787,0.026295170530937845
8820,118.20000000001379,-0.008327809990786094,0.026295155736083837
8821,118.21000000001379,-0.008327814662065666,0.026295140947495167
8822,118.22000000001378,-0.008327819331394516,0.02629512616516852
8823,118.23000000001379,-0.008327823998773657,0.026295111389100588
8824,118.2400000000138,-0.00832782866420411,0.026295096619288076
8825,118.2500000000138,-0.008327833327686883,0.026295081855727674
8826,118.2600000000138,-0.008327837989222986,0.026295067098416097
8827,118.2700000000138,-0.008327842648813432,0.02629505234735002
8828,118.2800000000138,-0.008327847306459232,0.026295037602526165
8829,118.2900000000138,-0.008327851962161402,0.02629502286394125
8830,118.3000000000138,-0.008327856615920943,0.026295008131591965
8831,118.3100000000138,-0.008327861267738868,0.02629499340547503
8832,118.3200000000138,-0.008327865917616186,0.026294978685587153
8833,118.33000000001381,-0.008327870565553903,0.026294963971925045
8834,118.34000000001382,-0.00832787521155303,0.026294949264485442
8835,118.35000000001381,-0.008327879855614569,0.026294934563265048
8836,118.36000000001381,-0.008327884497739527,0.02629491986826058
8837,118.37000000001382,-0.008327889137928913,0.026294905179468774
8838,118.38000000001381,-0.008327893776183728,0.026294890496886356
8839,118.39000000001381,-0.008327898412504973,0.026294875820510037
8840,118.40000000001382,-0.008327903046893662,0.026294861150336562
8841,118.41000000001382,-0.008327907679350786,0.026294846486362666
8842,118.42000000001383,-0.008327912309877353,0.026294831828585066
8843,118.43000000001382,-0.008327916938474364,0.026294817177000513
8844,118.44000000001382,-0.008327921565142822,0.026294802531605734
8845,118.45000000001383,-0.008327926189883723,0.02629478789239748
8846,118.46000000001382,-0.008327930812698068,0.026294773259372482
8847,118.47000000001383,-0.00832793543358686,0.026294758632527504
8848,118.48000000001383,-0.00832794005255109,0.026294744011859262
8849,118.49000000001384,-0.008327944669591763,0.02629472939736453
8850,118.50000000001384,-0.008327949284709871,0.026294714789040042
8851,118.51000000001383,-0.008327953897906413,0.02629470018688256
8852,118.52000000001384,-0.008327958509182387,0.02629468559088884
8853,118.53000000001384,-0.008327963118538784,0.026294671001055626
8854,118.54000000001383,-0.0083279677259766,0.026294656417379693
8855,118.55000000001384,-0.008327972331496831,0.026294641839857785
8856,118.56000000001384,-0.008327976935100468,0.02629462726848667
8857,118.57000000001385,-0.008327981536788506,0.026294612703263127
8858,118.58000000001385,-0.008327986136561936,0.02629459814418391
8859,118.59000000001384,-0.00832799073442175,0.02629458359124579
8860,118.60000000001385,-0.008327995330368938,0.026294569044445538
8861,118.61000000001386,-0.008327999924404493,0.026294554503779925
8862,118.62000000001385,-0.008328004516529397,0.026294539969245717
8863,118.63000000001385,-0.00832800910674465,0.02629452544083972
8864,118.64000000001386,-0.008328013695051236,0.02629451091855868
8865,118.65000000001386,-0.008328018281450139,0.026294496402399403
8866,118.66000000001387,-0.008328022865942352,0.026294481892358654
8867,118.67000000001386,-0.008328027448528862,0.026294467388433235
8868,118.68000000001386,-0.008328032029210645,0.026294452890619914
8869,118.69000000001387,-0.0083280366079887,0.0262944383989155
8870,118.70000000001386,-0.008328041184864004,0.026294423913316774
8871,118.71000000001386,-0.008328045759837541,0.026294409433820522
8872,118.72000000001387,-0.008328050332910298,0.026294394960423552
8873,118.73000000001387,-0.008328054904083256,0.02629438049312266
8874,118.74000000001388,-0.008328059473357397,0.026294366031914637
8875,118.75000000001387,-0.008328064040733706,0.026294351576796292
8876,118.76000000001387,-0.008328068606213159,0.026294337127764425
8877,118.77000000001388,-0.008328073169796743,0.026294322684815855
8878,118.78000000001387,-0.008328077731485426,0.02629430824794736
8879,118.79000000001388,-0.008328082291280202,0.026294293817155773
8880,118.80000000001388,-0.00832808684918204,0.026294279392437905
8881,118.81000000001389,-0.008328091405191924,0.026294264973790556
8882,118.82000000001389,-0.008328095959310826,0.026294250561210552
8883,118.83000000001388,-0.008328100511539727,0.02629423615469471
8884,118.84000000001389,-0.008328105061879604,0.026294221754239847
8885,118.85000000001389,-0.008328109610331428,0.02629420735984279
8886,118.86000000001388,-0.00832811415689618,0.02629419297150036
8887,118.87000000001389,-0.008328118701574827,0.026294178589209367
8888,118.8800000000139,-0.008328123244368347,0.02629416421296666
8889,118.8900000000139,-0.008328127785277712,0.026294149842769052
8890,118.9000000000139,-0.0083281323243039,0.02629413547861339
8891,118.9100000000139,-0.008328136861447876,0.02629412112049651
8892,118.9200000000139,-0.008328141396710613,0.026294106768415218
8893,118.9300000000139,-0.008328145930093086,0.026294092422366386
8894,118.9400000000139,-0.008328150461596262,0.026294078082346843
8895,118.9500000000139,-0.008328154991221111,0.02629406374835342
8896,118.9600000000139,-0.008328159518968602,0.02629404942038297
8897,118.97000000001391,-0.0083281640448397,0.026294035098432332
8898,118.98000000001392,-0.008328168568835378,0.02629402078249836
8899,118.99000000001391,-0.008328173090956606,0.026294006472577913
8900,119.00000000001391,-0.008328177611204341,0.02629399216866782
8901,119.01000000001392,-0.008328182129579555,0.026293977870764946
8902,119.02000000001391,-0.008328186646083213,0.026293963578866143
8903,119.03000000001391,-0.008328191160716278,0.02629394929296828
8904,119.04000000001392,-0.00832819567347972,0.026293935013068207
8905,119.05000000001392,-0.008328200184374494,0.02629392073916278
8906,119.06000000001393,-0.008328204693401568,0.026293906471248872
8907,119.07000000001392,-0.008328209200561902,0.026293892209323346
8908,119.08000000001392,-0.008328213705856463,0.02629387795338307
8909,119.09000000001393,-0.008328218209286205,0.02629386370342491
8910,119.10000000001392,-0.008328222710852096,0.02629384945944574
8911,119.11000000001393,-0.00832822721055509,0.026293835221442432
8912,119.12000000001393,-0.008328231708396147,0.026293820989411864
8913,119.13000000001394,-0.008328236204376232,0.026293806763350913
8914,119.14000000001394,-0.008328240698496298,0.026293792543256457
8915,119.15000000001393,-0.0083282451907573,0.02629377832912537
8916,119.16000000001394,-0.008328249681160202,0.026293764120954546
8917,119.17000000001394,-0.008328254169705956,0.026293749918740866
8918,119.18000000001393,-0.008328258656395521,0.02629373572248122
8919,119.19000000001394,-0.00832826314122985,0.02629372153217249
8920,119.20000000001394,-0.008328267624209892,0.026293707347811564
8921,119.21000000001395,-0.008328272105336612,0.026293693169395352
8922,119.22000000001395,-0.008328276584610963,0.026293678996920745
8923,119.23000000001394,-0.008328281062033888,0.026293664830384623
8924,119.24000000001395,-0.008328285537606346,0.026293650669783897
8925,119.25000000001396,-0.008328290011329287,0.026293636515115466
8926,119.26000000001395,-0.008328294483203666,0.02629362236637624
8927,119.27000000001395,-0.008328298953230428,0.026293608223563112
8928,119.28000000001396,-0.008328303421410523,0.02629359408667298
8929,119.29000000001396,-0.008328307887744907,0.02629357995570278
8930,119.30000000001397,-0.008328312352234525,0.026293565830649412
8931,119.31000000001396,-0.008328316814880322,0.026293551711509773
8932,119.32000000001396,-0.00832832127568325,0.026293537598280795
8933,119.33000000001397,-0.008328325734644253,0.026293523490959387
8934,119.34000000001396,-0.008328330191764282,0.026293509389542464
8935,119.35000000001396,-0.008328334647044279,0.026293495294026963
8936,119.36000000001397,-0.008328339100485188,0.026293481204409778
8937,119.37000000001397,-0.008328343552087959,0.026293467120687856
8938,119.38000000001398,-0.008328348001853532,0.026293453042858118
8939,119.39000000001397,-0.00832835244978285,0.026293438970917484
8940,119.40000000001397,-0.008328356895876859,0.026293424904862892
8941,119.41000000001398,-0.0083283613401365,0.02629341084469127
8942,119.42000000001397,-0.008328365782562713,0.026293396790399555
8943,119.43000000001398,-0.008328370223156445,0.02629338274198468
8944,119.44000000001398,-0.008328374661918629,0.02629336869944358
8945,119.45000000001399,-0.008328379098850211,0.026293354662773202
8946,119.46000000001399,-0.008328383533952126,0.02629334063197047
8947,119.47000000001398,-0.008328387967225319,0.026293326607032357
8948,119.48000000001399,-0.00832839239867072,0.026293312587955784
8949,119.49000000001399,-0.008328396828289272,0.026293298574737705
8950,119.50000000001398,-0.008328401256081915,0.02629328456737507
8951,119.51000000001399,-0.008328405682049577,0.026293270565864828
8952,119.520000000014,-0.008328410106193201,0.02629325657020393
8953,119.530000000014,-0.00832841452851372,0.026293242580389335
8954,119.540000000014,-0.008328418949012071,0.02629322859641801
8955,119.550000000014,-0.008328423367689181,0.02629321461828689
8956,119.560000000014,-0.008328427784545995,0.026293200645992953
8957,119.570000000014,-0.008328432199583437,0.026293186679533148
8958,119.580000000014,-0.008328436612802444,0.026293172718904453
8959,119.590000000014,-0.008328441024203945,0.026293158764103833
8960,119.600000000014,-0.008328445433788875,0.026293144815128237
8961,119.61000000001401,-0.008328449841558165,0.02629313087197467
8962,119.62000000001402,-0.008328454247512738,0.02629311693464007
8963,119.63000000001401,-0.008328458651653534,0.02629310300312143
8964,119.64000000001401,-0.008328463053981472,0.02629308907741572
8965,119.65000000001402,-0.00832846745449749,0.026293075157519916
8966,119.66000000001401,-0.008328471853202507,0.026293061243430994
8967,119.67000000001401,-0.008328476250097461,0.026293047335145953
8968,119.68000000001402,-0.008328480645183269,0.026293033432661747
8969,119.69000000001402,-0.00832848503846086,0.026293019535975386
8970,119.70000000001403,-0.00832848942993116,0.026293005645083842
8971,119.71000000001402,-0.008328493819595096,0.026292991759984122
8972,119.72000000001402,-0.00832849820745359,0.026292977880673203
8973,119.73000000001403,-0.00832850259350757,0.02629296400714808
8974,119.74000000001402,-0.008328506977757956,0.026292950139405746
8975,119.75000000001403,-0.00832851136020567,0.026292936277443196
8976,119.76000000001403,-0.008328515740851633,0.02629292242125744
8977,119.77000000001404,-0.008328520119696774,0.026292908570845465
8978,119.78000000001404,-0.008328524496742004,0.026292894726204264
8979,119.79000000001403,-0.008328528871988254,0.026292880887330877
8980,119.80000000001404,-0.008328533245436438,0.026292867054222277
8981,119.81000000001404,-0.008328537617087474,0.026292853226875485
8982,119.82000000001403,-0.008328541986942287,0.026292839405287507
8983,119.83000000001404,-0.00832854635500179,0.026292825589455355
8984,119.84000000001404,-0.008328550721266901,0.02629281177937604
8985,119.85000000001405,-0.008328555085738537,0.02629279797504658
8986,119.86000000001405,-0.00832855944841762,0.026292784176463996
8987,119.87000000001404,-0.00832856380930506,0.026292770383625298
8988,119.88000000001405,-0.00832856816840177,0.02629275659652751
8989,119.89000000001406,-0.008328572525708676,0.026292742815167663
8990,119.90000000001405,-0.008328576881226684,0.026292729039542773
8991,119.91000000001405,-0.008328581234956708,0.026292715269649866
8992,119.92000000001406,-0.008328585586899667,0.026292701505485974
8993,119.93000000001406,-0.008328589937056464,0.02629268774704812
8994,119.94000000001407,-0.00832859428542802,0.026292673994333347
8995,119.95000000001406,-0.00832859863201524,0.02629266024733868
8996,119.96000000001406,-0.00832860297681904,0.026292646506061154
8997,119.97000000001407,-0.00832860731984033,0.026292632770497818
8998,119.98000000001406,-0.008328611661080015,0.026292619040645695
8999,119.99000000001406,-0.00832861600053901,0.026292605316501835
9000,120.00000000001407,-0.008328620338218223,0.026292591598063283
9001,120.01000000001407,-0.008328624674118556,0.026292577885327083
9002,120.02000000001408,-0.008328629008240926,0.02629256417829028
9003,120.03000000001407,-0.00832863334058623,0.026292550476949908
9004,120.04000000001407,-0.008328637671155381,0.026292536781303045
9005,120.05000000001408,-0.008328641999949286,0.026292523091346727
9006,120.06000000001407,-0.008328646326968846,0.026292509407078012
9007,120.07000000001408,-0.008328650652214971,0.02629249572849396
9008,120.08000000001408,-0.00832865497568856,0.026292482055591614
9009,120.09000000001409,-0.008328659297390519,0.026292468388368042
9010,120.10000000001409,-0.008328663617321753,0.026292454726820312
9011,120.11000000001408,-0.008328667935483161,0.026292441070945482
9012,120.12000000001409,-0.00832867225187565,0.026292427420740616
9013,120.13000000001409,-0.008328676566500113,0.026292413776202773
9014,120.14000000001408,-0.008328680879357463,0.026292400137329048
9015,120.15000000001409,-0.008328685190448588,0.026292386504116475
9016,120.1600000000141,-0.008328689499774396,0.026292372876562147
9017,120.1700000000141,-0.008328693807335783,0.026292359254663143
9018,120.1800000000141,-0.00832869811313365,0.02629234563841653
9019,120.1900000000141,-0.008328702417168895,0.026292332027819387
9020,120.2000000000141,-0.008328706719442414,0.0262923184228688
9021,120.2100000000141,-0.008328711019955103,0.026292304823561836
9022,120.2200000000141,-0.008328715318707861,0.02629229122989559
9023,120.2300000000141,-0.008328719615701584,0.026292277641867146
9024,120.2400000000141,-0.008328723910937167,0.02629226405947359
9025,120.25000000001411,-0.008328728204415506,0.02629225048271201
9026,120.26000000001412,-0.008328732496137492,0.026292236911579493
9027,120.27000000001411,-0.00832873678610402,0.026292223346073132
9028,120.28000000001411,-0.008328741074315986,0.026292209786190034
9029,120.29000000001412,-0.008328745360774284,0.02629219623192728
9030,120.30000000001411,-0.008328749645479798,0.026292182683281966
9031,120.31000000001411,-0.008328753928433427,0.026292169140251204
9032,120.32000000001412,-0.008328758209636059,0.02629215560283209
9033,120.33000000001412,-0.008328762489088587,0.026292142071021728
9034,120.34000000001413,-0.008328766766791897,0.026292128544817214
9035,120.35000000001412,-0.008328771042746881,0.026292115024215662
9036,120.36000000001413,-0.008328775316954432,0.026292101509214193
9037,120.37000000001413,-0.00832877958941543,0.026292087999809897
9038,120.38000000001412,-0.008328783860130768,0.0262920744959999
9039,120.39000000001413,-0.008328788129101332,0.026292060997781298
9040,120.40000000001413,-0.00832879239632801,0.026292047505151222
9041,120.41000000001414,-0.008328796661811685,0.02629203401810679
9042,120.42000000001414,-0.008328800925553244,0.02629202053664511
9043,120.43000000001413,-0.008328805187553575,0.02629200706076332
9044,120.44000000001414,-0.00832880944781356,0.026291993590458525
9045,120.45000000001414,-0.008328813706334088,0.026291980125727872
9046,120.46000000001413,-0.008328817963116034,0.026291966666568467
9047,120.47000000001414,-0.008328822218160285,0.02629195321297744
9048,120.48000000001414,-0.008328826471467723,0.026291939764951925
9049,120.49000000001415,-0.008328830723039232,0.026291926322489067
9050,120.50000000001415,-0.008328834972875688,0.02629191288558597
9051,120.51000000001414,-0.008328839220977978,0.026291899454239792
9052,120.52000000001415,-0.008328843467346981,0.026291886028447675
9053,120.53000000001416,-0.008328847711983573,0.026291872608206736
9054,120.54000000001415,-0.008328851954888637,0.02629185919351413
9055,120.55000000001415,-0.008328856196063052,0.026291845784366996
9056,120.56000000001416,-0.008328860435507695,0.026291832380762485
9057,120.57000000001416,-0.008328864673223439,0.02629181898269773
9058,120.58000000001417,-0.008328868909211166,0.026291805590169894
9059,120.59000000001416,-0.008328873143471752,0.026291792203176106
9060,120.60000000001416,-0.008328877376006072,0.02629177882171354
9061,120.61000000001417,-0.008328881606815003,0.026291765445779335
9062,120.62000000001416,-0.008328885835899417,0.026291752075370645
9063,120.63000000001416,-0.00832889006326019,0.02629173871048463
9064,120.64000000001417,-0.0083288942888982,0.02629172535111846
9065,120.65000000001417,-0.008328898512814315,0.02629171199726928
9066,120.66000000001418,-0.008328902735009408,0.026291698648934252
9067,120.67000000001417,-0.008328906955484354,0.02629168530611055
9068,120.68000000001418,-0.008328911174240021,0.026291671968795328
9069,120.69000000001418,-0.008328915391277284,0.026291658636985765
9070,120.70000000001417,-0.008328919606597008,0.026291645310679013
9071,120.71000000001418,-0.008328923820200075,0.026291631989872263
9072,120.72000000001418,-0.00832892803208734,0.02629161867456267
9073,120.73000000001419,-0.00832893224225968,0.02629160536474742
9074,120.74000000001419,-0.008328936450717962,0.026291592060423676
9075,120.75000000001418,-0.008328940657463054,0.026291578761588632
9076,120.76000000001419,-0.008328944862495826,0.026291565468239464
9077,120.77000000001419,-0.00832894906581714,0.026291552180373337
9078,120.78000000001418,-0.008328953267427866,0.02629153889798745
9079,120.79000000001419,-0.008328957467328871,0.026291525621078986
9080,120.8000000000142,-0.008328961665521013,0.02629151234964512
9081,120.8100000000142,-0.008328965862005168,0.026291499083683053
9082,120.8200000000142,-0.00832897005678219,0.026291485823189974
9083,120.8300000000142,-0.008328974249852954,0.026291472568163072
9084,120.8400000000142,-0.008328978441218307,0.02629145931859953
9085,120.8500000000142,-0.008328982630879129,0.026291446074496558
9086,120.8600000000142,-0.00832898681883627,0.026291432835851343
9087,120.8700000000142,-0.008328991005090597,0.02629141960266109
9088,120.8800000000142,-0.00832899518964297,0.026291406374923
9089,120.89000000001421,-0.008328999372494253,0.02629139315263427
9090,120.90000000001422,-0.008329003553645298,0.026291379935792093
9091,120.91000000001421,-0.008329007733096975,0.0262913667243937
9092,120.92000000001421,-0.008329011910850134,0.026291353518436283
9093,120.93000000001422,-0.008329016086905637,0.02629134031791705
9094,120.94000000001421,-0.008329020261264341,0.026291327122833216
9095,120.95000000001421,-0.008329024433927109,0.026291313933181987
9096,120.96000000001422,-0.008329028604894791,0.026291300748960588
9097,120.97000000001422,-0.008329032774168247,0.026291287570166227
9098,120.98000000001423,-0.00832903694174833,0.02629127439679612
9099,120.99000000001422,-0.008329041107635899,0.026291261228847486
9100,121.00000000001423,-0.008329045271831809,0.026291248066317566
9101,121.01000000001423,-0.008329049434336912,0.02629123490920355
9102,121.02000000001422,-0.00832905359515206,0.02629122175750268
9103,121.03000000001423,-0.00832905775427811,0.026291208611212178
9104,121.04000000001423,-0.008329061911715915,0.02629119547032928
9105,121.05000000001424,-0.008329066067466325,0.02629118233485121
9106,121.06000000001424,-0.008329070221530194,0.026291169204775186
9107,121.07000000001423,-0.008329074373908372,0.026291156080098462
9108,121.08000000001424,-0.00832907852460171,0.026291142960818265
9109,121.09000000001424,-0.008329082673611059,0.026291129846931834
9110,121.10000000001423,-0.008329086820937266,0.026291116738436395
9111,121.11000000001424,-0.008329090966581184,0.026291103635329206
9112,121.12000000001424,-0.008329095110543656,0.026291090537607475
9113,121.13000000001425,-0.008329099252825536,0.026291077445268488
9114,121.14000000001425,-0.00832910339342767,0.026291064358309465
9115,121.15000000001424,-0.008329107532350905,0.026291051276727664
9116,121.16000000001425,-0.008329111669596085,0.026291038200520315
9117,121.17000000001426,-0.008329115805164064,0.026291025129684693
9118,121.18000000001425,-0.008329119939055678,0.026291012064218026
9119,121.19000000001425,-0.008329124071271777,0.02629099900411758
9120,121.20000000001426,-0.008329128201813205,0.02629098594938061
9121,121.21000000001426,-0.008329132330680803,0.026290972900004365
9122,121.22000000001427,-0.00832913645787542,0.02629095985598611
9123,121.23000000001426,-0.008329140583397898,0.026290946817323108
9124,121.24000000001426,-0.008329144707249079,0.026290933784012614
9125,121.25000000001427,-0.008329148829429797,0.02629092075605189
9126,121.26000000001426,-0.008329152949940907,0.026290907733438205
9127,121.27000000001426,-0.008329157068783241,0.02629089471616883
9128,121.28000000001427,-0.008329161185957642,0.026290881704241025
9129,121.29000000001427,-0.008329165301464951,0.026290868697652073
9130,121.30000000001428,-0.008329169415306006,0.026290855696399225
9131,121.31000000001427,-0.008329173527481647,0.026290842700479777
9132,121.32000000001428,-0.00832917763799271,0.026290829709890984
9133,121.33000000001428,-0.008329181746840037,0.02629081672463014
9134,121.34000000001427,-0.008329185854024463,0.026290803744694512
9135,121.35000000001428,-0.008329189959546825,0.026290790770081382
9136,121.36000000001428,-0.00832919406340796,0.026290777800788038
9137,121.37000000001429,-0.008329198165608703,0.02629076483681176
9138,121.38000000001429,-0.00832920226614989,0.026290751878149828
9139,121.39000000001428,-0.008329206365032355,0.026290738924799533
9140,121.40000000001429,-0.008329210462256936,0.026290725976758172
9141,121.41000000001429,-0.008329214557824465,0.02629071303402302
9142,121.42000000001428,-0.00832921865173577,0.026290700096591374
9143,121.43000000001429,-0.008329222743991694,0.02629068716446054
9144,121.4400000000143,-0.00832922683459306,0.026290674237627792
9145,121.4500000000143,-0.008329230923540704,0.026290661316090442
9146,121.4600000000143,-0.00832923501083546,0.026290648399845785
9147,121.4700000000143,-0.008329239096478152,0.026290635488891118
9148,121.4800000000143,-0.008329243180469618,0.026290622583223747
9149,121.4900000000143,-0.008329247262810684,0.026290609682840974
9150,121.5000000000143,-0.00832925134350218,0.0262905967877401
9151,121.5100000000143,-0.008329255422544934,0.02629058389791844
9152,121.5200000000143,-0.008329259499939777,0.026290571013373305
9153,121.53000000001431,-0.008329263575687532,0.026290558134101985
9154,121.54000000001432,-0.00832926764978903,0.026290545260101807
9155,121.55000000001431,-0.0083292717222451,0.026290532391370088
9156,121.56000000001431,-0.008329275793056564,0.026290519527904135
9157,121.57000000001432,-0.008329279862224247,0.02629050666970127
9158,121.58000000001431,-0.008329283929748977,0.026290493816758798
9159,121.59000000001431,-0.00832928799563158,0.026290480969074055
9160,121.60000000001432,-0.008329292059872885,0.026290468126644366
9161,121.61000000001432,-0.0083292961224737,0.026290455289467028
9162,121.62000000001433,-0.008329300183434868,0.0262904424575394
9163,121.63000000001432,-0.008329304242757195,0.026290429630858776
9164,121.64000000001433,-0.008329308300441512,0.02629041680942251
9165,121.65000000001433,-0.00832931235648864,0.026290403993227913
9166,121.66000000001432,-0.008329316410899401,0.02629039118227233
9167,121.67000000001433,-0.008329320463674614,0.02629037837655309
9168,121.68000000001433,-0.008329324514815103,0.02629036557606753
9169,121.69000000001434,-0.008329328564321682,0.026290352780812983
9170,121.70000000001434,-0.008329332612195177,0.026290339990786782
9171,121.71000000001433,-0.008329336658436399,0.026290327205986272
9172,121.72000000001434,-0.008329340703046174,0.0262903144264088
9173,121.73000000001434,-0.008329344746025319,0.0262903016520517
9174,121.74000000001433,-0.008329348787374645,0.026290288882912315
9175,121.75000000001434,-0.008329352827094976,0.026290276118988
9176,121.76000000001434,-0.008329356865187126,0.0262902633602761
9177,121.77000000001435,-0.008329360901651912,0.026290250606773962
9178,121.78000000001435,-0.008329364936490148,0.02629023785847894
9179,121.79000000001435,-0.008329368969702645,0.02629022511538837
9180,121.80000000001435,-0.008329373001290228,0.02629021237749964
9181,121.81000000001436,-0.0083293770312537,0.026290199644810074
9182,121.82000000001435,-0.008329381059593882,0.026290186917317045
9183,121.83000000001435,-0.008329385086311583,0.026290174195017908
9184,121.84000000001436,-0.00832938911140762,0.02629016147791003
9185,121.85000000001436,-0.008329393134882799,0.026290148765990763
9186,121.86000000001437,-0.008329397156737932,0.02629013605925747
9187,121.87000000001436,-0.008329401176973835,0.02629012335770753
9188,121.88000000001436,-0.00832940519559132,0.026290110661338306
9189,121.89000000001437,-0.00832940921259119,0.026290097970147152
9190,121.90000000001436,-0.008329413227974258,0.026290085284131463
9191,121.91000000001436,-0.008329417241741332,0.026290072603288583
9192,121.92000000001437,-0.008329421253893226,0.026290059927615912
9193,121.93000000001437,-0.008329425264430741,0.026290047257110812
9194,121.94000000001438,-0.008329429273354685,0.026290034591770654
9195,121.95000000001437,-0.008329433280665873,0.02629002193159283
9196,121.96000000001438,-0.008329437286365104,0.026290009276574714
9197,121.97000000001438,-0.008329441290453187,0.026289996626713687
9198,121.98000000001437,-0.008329445292930927,0.026289983982007135
9199,121.99000000001438,-0.008329449293799127,0.02628997134245243
9200,122.00000000001438,-0.008329453293058599,0.02628995870804698
9201,122.01000000001439,-0.008329457290710138,0.02628994607878815
9202,122.02000000001439,-0.008329461286754554,0.02628993345467335
9203,122.03000000001438,-0.00832946528119265,0.02628992083569996
9204,122.04000000001439,-0.008329469274025227,0.02628990822186537
9205,122.05000000001439,-0.008329473265253087,0.026289895613166983
9206,122.06000000001438,-0.008329477254877034,0.026289883009602198
9207,122.07000000001439,-0.008329481242897868,0.026289870411168405
9208,122.0800000000144,-0.008329485229316386,0.026289857817862985
9209,122.0900000000144,-0.008329489214133397,0.026289845229683376
9210,122.1000000000144,-0.008329493197349696,0.026289832646626963
9211,122.1100000000144,-0.008329497178966083,0.026289820068691145
9212,122.1200000000144,-0.008329501158983357,0.026289807495873334
9213,122.1300000000144,-0.008329505137402311,0.026289794928170924
9214,122.1400000000144,-0.008329509114223754,0.02628978236558134
9215,122.1500000000144,-0.008329513089448473,0.026289769808101982
9216,122.1600000000144,-0.008329517063077276,0.026289757255730278
9217,122.17000000001441,-0.008329521035110952,0.026289744708463625
9218,122.18000000001442,-0.008329525005550295,0.02628973216629943
9219,122.19000000001441,-0.008329528974396106,0.026289719629235132
9220,122.20000000001441,-0.008329532941649178,0.02628970709726813
9221,122.21000000001442,-0.008329536907310309,0.026289694570395875
9222,122.22000000001441,-0.008329540871380284,0.02628968204861574
9223,122.23000000001441,-0.008329544833859911,0.026289669531925193
9224,122.24000000001442,-0.008329548794749966,0.026289657020321624
9225,122.25000000001442,-0.008329552754051258,0.026289644513802477
9226,122.26000000001443,-0.008329556711764568,0.026289632012365175
9227,122.27000000001442,-0.008329560667890692,0.026289619516007157
9228,122.28000000001443,-0.008329564622430426,0.026289607024725836
9229,122.29000000001443,-0.008329568575384552,0.02628959453851866
9230,122.30000000001442,-0.008329572526753865,0.026289582057383045
9231,122.31000000001443,-0.008329576476539154,0.02628956958131645
9232,122.32000000001443,-0.008329580424741214,0.0262895571103163
9233,122.33000000001444,-0.008329584371360823,0.026289544644380016
9234,122.34000000001444,-0.00832958831639878,0.026289532183505073
9235,122.35000000001443,-0.008329592259855866,0.02628951972768889
9236,122.36000000001444,-0.00832959620173287,0.026289507276928904
9237,122.37000000001444,-0.008329600142030583,0.02628949483122258
9238,122.38000000001443,-0.008329604080749784,0.026289482390567342
9239,122.39000000001444,-0.00832960801789127,0.026289469954960665
9240,122.40000000001444,-0.008329611953455817,0.02628945752439997
9241,122.41000000001445,-0.008329615887444214,0.026289445098882726
9242,122.42000000001445,-0.008329619819857245,0.02628943267840638
9243,122.43000000001445,-0.008329623750695696,0.02628942026296839
9244,122.44000000001445,-0.008329627679960348,0.02628940785256621
9245,122.45000000001446,-0.008329631607651987,0.026289395447197286
9246,122.46000000001445,-0.008329635533771394,0.02628938304685909
9247,122.47000000001445,-0.008329639458319353,0.026289370651549075
9248,122.48000000001446,-0.008329643381296645,0.02628935826126471
9249,122.49000000001446,-0.00832964730270405,0.02628934587600345
9250,122.50000000001447,-0.008329651222542351,0.026289333495762766
9251,122.51000000001446,-0.00832965514081233,0.02628932112054012
9252,122.52000000001446,-0.008329659057514763,0.026289308750332977
9253,122.53000000001447,-0.008329662972650432,0.026289296385138824
9254,122.54000000001446,-0.008329666886220116,0.026289284024955104
9255,122.55000000001446,-0.008329670798224593,0.02628927166977931
9256,122.56000000001447,-0.008329674708664641,0.02628925931960891
9257,122.57000000001447,-0.00832967861754104,0.02628924697444138
9258,122.58000000001448,-0.008329682524854564,0.026289234634274204
9259,122.59000000001447,-0.008329686430605993,0.026289222299104843
9260,122.60000000001448,-0.008329690334796096,0.026289209968930787
9261,122.61000000001448,-0.008329694237425663,0.026289197643749526
9262,122.62000000001447,-0.008329698138495456,0.026289185323558527
9263,122.63000000001448,-0.008329702038006254,0.02628917300835529
9264,122.64000000001448,-0.008329705935958833,0.026289160698137293
9265,122.65000000001449,-0.008329709832353968,0.026289148392902025
9266,122.66000000001449,-0.00832971372719243,0.026289136092646978
9267,122.67000000001448,-0.008329717620474995,0.02628912379736964
9268,122.68000000001449,-0.00832972151220243,0.026289111507067496
9269,122.69000000001449,-0.008329725402375513,0.02628909922173805
9270,122.70000000001448,-0.008329729290995014,0.026289086941378798
9271,122.71000000001449,-0.0083297331780617,0.02628907466598723
9272,122.7200000000145,-0.00832973706357635,0.026289062395560857
9273,122.7300000000145,-0.008329740947539728,0.026289050130097157
9274,122.7400000000145,-0.008329744829952607,0.026289037869593655
9275,122.7500000000145,-0.00832974871081575,0.02628902561404783
9276,122.7600000000145,-0.008329752590129936,0.02628901336345721
9277,122.7700000000145,-0.00832975646789593,0.026289001117819292
9278,122.7800000000145,-0.008329760344114494,0.026288988877131575
9279,122.7900000000145,-0.008329764218786404,0.02628897664139158
9280,122.8000000000145,-0.008329768091912416,0.026288964410596805
9281,122.81000000001451,-0.008329771963493311,0.026288952184744783
9282,122.82000000001452,-0.008329775833529847,0.026288939963833
9283,122.83000000001451,-0.00832977970202279,0.026288927747858994
9284,122.84000000001451,-0.008329783568972907,0.02628891553682027
9285,122.85000000001452,-0.008329787434380962,0.026288903330714347
9286,122.86000000001451,-0.008329791298247718,0.026288891129538743
9287,122.87000000001451,-0.00832979516057394,0.02628887893329098
9288,122.88000000001452,-0.008329799021360393,0.026288866741968592
9289,122.89000000001452,-0.008329802880607839,0.02628885455556909
9290,122.90000000001453,-0.008329806738317043,0.02628884237409001
9291,122.91000000001452,-0.008329810594488759,0.02628883019752886
9292,122.92000000001453,-0.008329814449123755,0.026288818025883183
9293,122.93000000001453,-0.008329818302222793,0.02628880585915051
9294,122.94000000001452,-0.00832982215378663,0.026288793697328363
9295,122.95000000001453,-0.00832982600381603,0.026288781540414283
9296,122.96000000001453,-0.008329829852311751,0.026288769388405808
9297,122.97000000001454,-0.008329833699274553,0.02628875724130046
9298,122.98000000001454,-0.008329837544705194,0.026288745099095793
9299,122.99000000001453,-0.008329841388604434,0.026288732961789338
9300,123.00000000001454,-0.008329845230973028,0.026288720829378626
9301,123.01000000001454,-0.008329849071811736,0.026288708701861216
9302,123.02000000001453,-0.008329852911121314,0.026288696579234636
9303,123.03000000001454,-0.00832985674890252,0.026288684461496438
9304,123.04000000001454,-0.00832986058515611,0.02628867234864418
9305,123.05000000001455,-0.00832986441988284,0.02628866024067539
9306,123.06000000001455,-0.008329868253083465,0.02628864813758763
9307,123.07000000001455,-0.008329872084758737,0.026288636039378442
9308,123.08000000001455,-0.008329875914909416,0.02628862394604539
9309,123.09000000001456,-0.008329879743536248,0.026288611857586006
9310,123.10000000001455,-0.008329883570639999,0.026288599773997876
9311,123.11000000001455,-0.008329887396221411,0.02628858769527853
9312,123.12000000001456,-0.008329891220281237,0.026288575621425538
9313,123.13000000001456,-0.008329895042820234,0.026288563552436455
9314,123.14000000001457,-0.008329898863839157,0.026288551488308862
9315,123.15000000001456,-0.008329902683338749,0.026288539429040293
9316,123.16000000001456,-0.008329906501319762,0.026288527374628317
9317,123.17000000001457,-0.008329910317782952,0.026288515325070518
9318,123.18000000001456,-0.008329914132729065,0.02628850328036445
9319,123.19000000001456,-0.008329917946158852,0.026288491240507677
9320,123.20000000001457,-0.00832992175807306,0.026288479205497782
9321,123.21000000001457,-0.008329925568472434,0.026288467175332317
9322,123.22000000001458,-0.008329929377357735,0.026288455150008886
9323,123.23000000001457,-0.008329933184729703,0.026288443129525035
9324,123.24000000001458,-0.00832993699058908,0.02628843111387835
9325,123.25000000001458,-0.00832994079493662,0.026288419103066396
9326,123.26000000001457,-0.008329944597773066,0.02628840709708678
9327,123.27000000001458,-0.008329948399099169,0.026288395095937066
9328,123.28000000001458,-0.00832995219891567,0.02628838309961483
9329,123.29000000001459,-0.008329955997223314,0.02628837110811765
9330,123.30000000001459,-0.008329959794022847,0.026288359121443134
9331,123.31000000001458,-0.008329963589315011,0.026288347139588844
9332,123.32000000001459,-0.008329967383100552,0.026288335162552388
9333,123.33000000001459,-0.008329971175380214,0.02628832319033134
9334,123.34000000001458,-0.00832997496615474,0.0262883112229233
9335,123.35000000001459,-0.008329978755424869,0.02628829926032585
9336,123.3600000000146,-0.008329982543191346,0.026288287302536593
9337,123.3700000000146,-0.00832998632945491,0.02628827534955311
9338,123.3800000000146,-0.008329990114216305,0.026288263401373014
9339,123.3900000000146,-0.008329993897476271,0.026288251457993895
9340,123.4000000000146,-0.008329997679235548,0.026288239519413354
9341,123.4100000000146,-0.008330001459494875,0.02628822758562898
9342,123.4200000000146,-0.00833000523825499,0.026288215656638386
9343,123.4300000000146,-0.00833000901551664,0.026288203732439182
9344,123.4400000000146,-0.008330012791280551,0.02628819181302896
9345,123.45000000001461,-0.00833001656554747,0.026288179898405324
9346,123.46000000001462,-0.00833002033831813,0.026288167988565894
9347,123.47000000001461,-0.008330024109593274,0.026288156083508277
9348,123.48000000001461,-0.00833002787937363,0.02628814418323007
9349,123.49000000001462,-0.008330031647659941,0.026288132287728902
9350,123.50000000001461,-0.008330035414452944,0.02628812039700238
9351,123.51000000001461,-0.008330039179753368,0.026288108511048118
9352,123.52000000001462,-0.008330042943561954,0.026288096629863728
9353,123.53000000001462,-0.008330046705879434,0.026288084753446836
9354,123.54000000001463,-0.00833005046670654,0.02628807288179506
9355,123.55000000001462,-0.008330054226044008,0.026288061014906012
9356,123.56000000001463,-0.008330057983892572,0.026288049152777326
9357,123.57000000001463,-0.008330061740252963,0.02628803729540661
9358,123.58000000001462,-0.008330065495125919,0.02628802544279151
9359,123.59000000001463,-0.008330069248512161,0.026288013594929632
9360,123.60000000001463,-0.008330073000412429,0.026288001751818616
9361,123.61000000001464,-0.008330076750827451,0.026287989913456083
9362,123.62000000001464,-0.00833008049975796,0.026287978079839673
9363,123.63000000001463,-0.008330084247204687,0.02628796625096701
9364,123.64000000001464,-0.008330087993168356,0.02628795442683573
9365,123.65000000001464,-0.0083300917376497,0.026287942607443472
9366,123.66000000001463,-0.008330095480649448,0.026287930792787864
9367,123.67000000001464,-0.00833009922216833,0.02628791898286655
9368,123.68000000001464,-0.008330102962207072,0.026287907177677167
9369,123.69000000001465,-0.0083301067007664,0.026287895377217353
9370,123.70000000001465,-0.008330110437847047,0.026287883581484758
9371,123.71000000001465,-0.008330114173449735,0.02628787179047702
9372,123.72000000001465,-0.00833011790757519,0.02628786000419178
9373,123.73000000001466,-0.008330121640224137,0.02628784822262669
9374,123.74000000001465,-0.008330125371397308,0.02628783644577939
9375,123.75000000001465,-0.008330129101095422,0.026287824673647542
9376,123.76000000001466,-0.008330132829319208,0.02628781290622879
9377,123.77000000001466,-0.008330136556069385,0.026287801143520778
9378,123.78000000001467,-0.00833014028134668,0.026287789385521166
9379,123.79000000001466,-0.008330144005151814,0.026287777632227605
9380,123.80000000001466,-0.008330147727485516,0.026287765883637758
9381,123.81000000001467,-0.008330151448348505,0.026287754139749295
9382,123.82000000001466,-0.0083301551677415,0.026287742400559838
9383,123.83000000001466,-0.008330158885665222,0.026287730666067065
9384,123.84000000001467,-0.008330162602120397,0.026287718936268658
9385,123.85000000001467,-0.00833016631710775,0.026287707211162255
9386,123.86000000001468,-0.008330170030627991,0.026287695490745524
9387,123.87000000001467,-0.008330173742681841,0.02628768377501613
9388,123.88000000001468,-0.008330177453270025,0.026287672063971753
9389,123.89000000001468,-0.008330181162393265,0.026287660357610057
9390,123.90000000001467,-0.00833018487005227,0.026287648655928704
9391,123.91000000001468,-0.008330188576247765,0.02628763695892537
9392,123.92000000001468,-0.008330192280980463,0.026287625266597725
9393,123.93000000001469,-0.008330195984251087,0.026287613578943447
9394,123.94000000001469,-0.00833019968606035,0.02628760189596021
9395,123.95000000001468,-0.008330203386408969,0.026287590217645686
9396,123.96000000001469,-0.008330207085297664,0.026287578543997575
9397,123.97000000001469,-0.008330210782727145,0.026287566875013525
9398,123.98000000001468,-0.00833021447869813,0.02628755521069124
9399,123.99000000001469,-0.008330218173211336,0.026287543551028393
9400,124.0000000000147,-0.008330221866267473,0.026287531896022672
9401,124.0100000000147,-0.008330225557867258,0.02628752024567176
9402,124.0200000000147,-0.008330229248011403,0.026287508599973336
9403,124.0300000000147,-0.008330232936700625,0.026287496958925106
9404,124.0400000000147,-0.008330236623935632,0.026287485322524753
9405,124.0500000000147,-0.008330240309717138,0.026287473690769954
9406,124.0600000000147,-0.008330243994045855,0.02628746206365842
9407,124.0700000000147,-0.008330247676922496,0.02628745044118783
9408,124.0800000000147,-0.008330251358347768,0.026287438823355883
9409,124.09000000001471,-0.008330255038322387,0.02628742721016028
9410,124.10000000001472,-0.008330258716847063,0.02628741560159872
9411,124.11000000001471,-0.008330262393922499,0.026287403997668893
9412,124.12000000001471,-0.008330266069549414,0.02628739239836851
9413,124.13000000001472,-0.008330269743728505,0.02628738080369526
9414,124.14000000001471,-0.008330273416460495,0.026287369213646862
9415,124.15000000001471,-0.008330277087746078,0.026287357628221004
9416,124.16000000001472,-0.008330280757585974,0.026287346047415408
9417,124.17000000001472,-0.008330284425980881,0.02628733447122776
9418,124.18000000001473,-0.008330288092931511,0.026287322899655796
9419,124.19000000001472,-0.00833029175843857,0.026287311332697207
9420,124.20000000001473,-0.008330295422502763,0.026287299770349708
9421,124.21000000001473,-0.008330299085124799,0.02628728821261102
9422,124.22000000001472,-0.008330302746305375,0.026287276659478838
9423,124.23000000001473,-0.008330306406045205,0.026287265110950902
9424,124.24000000001473,-0.00833031006434499,0.026287253567024913
9425,124.25000000001474,-0.008330313721205431,0.02628724202769859
9426,124.26000000001474,-0.008330317376627237,0.026287230492969656
9427,124.27000000001473,-0.008330321030611106,0.026287218962835833
9428,124.28000000001474,-0.008330324683157744,0.02628720743729484
9429,124.29000000001474,-0.008330328334267853,0.026287195916344406
9430,124.30000000001473,-0.008330331983942136,0.02628718439998225
9431,124.31000000001474,-0.008330335632181293,0.026287172888206103
9432,124.32000000001474,-0.008330339278986023,0.02628716138101369
9433,124.33000000001475,-0.00833034292435703,0.026287149878402742
9434,124.34000000001475,-0.008330346568295014,0.026287138380370986
9435,124.35000000001475,-0.008330350210800674,0.026287126886916156
9436,124.36000000001475,-0.00833035385187471,0.026287115398035993
9437,124.37000000001476,-0.008330357491517823,0.026287103913728214
9438,124.38000000001475,-0.008330361129730707,0.026287092433990567
9439,124.39000000001475,-0.00833036476651406,0.026287080958820788
9440,124.40000000001476,-0.008330368401868588,0.02628706948821661
9441,124.41000000001476,-0.00833037203579498,0.026287058022175777
9442,124.42000000001477,-0.008330375668293937,0.02628704656069604
9443,124.43000000001476,-0.008330379299366152,0.026287035103775117
9444,124.44000000001476,-0.008330382929012326,0.026287023651410772
9445,124.45000000001477,-0.008330386557233152,0.026287012203600746
9446,124.46000000001476,-0.008330390184029332,0.026287000760342794
9447,124.47000000001476,-0.00833039380940155,0.026286989321634646
9448,124.48000000001477,-0.008330397433350503,0.026286977887474056
9449,124.49000000001477,-0.008330401055876893,0.026286966457858787
9450,124.50000000001478,-0.008330404676981406,0.02628695503278657
9451,124.51000000001477,-0.00833040829666474,0.026286943612255184
9452,124.52000000001478,-0.008330411914927584,0.02628693219626236
9453,124.53000000001478,-0.008330415531770635,0.026286920784805868
9454,124.54000000001477,-0.00833041914719458,0.02628690937788346
9455,124.55000000001478,-0.008330422761200114,0.0262868979754929
9456,124.56000000001478,-0.00833042637378793,0.02628688657763194
9457,124.57000000001479,-0.008330429984958714,0.02628687518429835
9458,124.58000000001479,-0.00833043359471316,0.026286863795489886
9459,124.59000000001478,-0.008330437203051958,0.02628685241120431
9460,124.60000000001479,-0.008330440809975796,0.02628684103143939
9461,124.6100000000148,-0.008330444415485368,0.0262868296561929
9462,124.62000000001478,-0.008330448019581356,0.026286818285462598
9463,124.63000000001479,-0.008330451622264454,0.026286806919246265
9464,124.6400000000148,-0.008330455223535344,0.026286795557541653
9465,124.6500000000148,-0.008330458823394721,0.026286784200346552
9466,124.6600000000148,-0.008330462421843269,0.026286772847658724
9467,124.6700000000148,-0.008330466018881676,0.02628676149947595
9468,124.6800000000148,-0.008330469614510623,0.026286750155795995
9469,124.6900000000148,-0.008330473208730805,0.026286738816616653
9470,124.7000000000148,-0.008330476801542901,0.026286727481935696
9471,124.7100000000148,-0.008330480392947598,0.026286716151750888
9472,124.7200000000148,-0.008330483982945582,0.02628670482606004
9473,124.73000000001481,-0.008330487571537535,0.026286693504860906
9474,124.74000000001482,-0.008330491158724149,0.026286682188151295
9475,124.75000000001481,-0.008330494744506095,0.026286670875928963
9476,124.76000000001481,-0.008330498328884064,0.02628665956819172
9477,124.77000000001482,-0.008330501911858742,0.026286648264937353
9478,124.78000000001481,-0.008330505493430805,0.026286636966163637
9479,124.79000000001481,-0.008330509073600938,0.026286625671868367
9480,124.80000000001482,-0.00833051265236982,0.02628661438204934
9481,124.81000000001482,-0.008330516229738136,0.02628660309670435
9482,124.82000000001483,-0.008330519805706564,0.026286591815831185
9483,124.83000000001482,-0.008330523380275788,0.026286580539427635
9484,124.84000000001483,-0.008330526953446485,0.026286569267491518
9485,124.85000000001483,-0.008330530525219336,0.026286558000020614
9486,124.86000000001482,-0.008330534095595019,0.02628654673701273
9487,124.87000000001483,-0.008330537664574216,0.026286535478465663
9488,124.88000000001483,-0.0083305412321576,0.026286524224377217
9489,124.89000000001484,-0.008330544798345855,0.026286512974745196
9490,124.90000000001484,-0.008330548363139656,0.026286501729567396
9491,124.91000000001483,-0.008330551926539682,0.02628649048884164
9492,124.92000000001484,-0.008330555488546606,0.02628647925256572
9493,124.93000000001484,-0.008330559049161109,0.026286468020737454
9494,124.94000000001483,-0.008330562608383864,0.026286456793354646
9495,124.95000000001484,-0.00833056616621555,0.02628644557041511
9496,124.96000000001484,-0.008330569722656838,0.02628643435191666
9497,124.97000000001485,-0.00833057327770841,0.026286423137857114
9498,124.98000000001485,-0.00833057683137093,0.026286411928234266
9499,124.99000000001485,-0.00833058038364508,0.026286400723045954
9500,125.00000000001485,-0.008330583934531533,0.026286389522289993
9501,125.01000000001486,-0.00833058748403096,0.0262863783259642
9502,125.02000000001485,-0.008330591032144037,0.02628636713406639
9503,125.03000000001485,-0.008330594578871435,0.02628635594659439
9504,125.04000000001486,-0.008330598124213825,0.026286344763546014
9505,125.05000000001486,-0.008330601668171879,0.0262863335849191
9506,125.06000000001487,-0.00833060521074627,0.026286322410711466
9507,125.07000000001486,-0.008330608751937672,0.02628631124092094
9508,125.08000000001486,-0.00833061229174675,0.026286300075545343
9509,125.09000000001487,-0.008330615830174172,0.02628628891458251
9510,125.10000000001486,-0.008330619367220618,0.026286277758030274
9511,125.11000000001486,-0.008330622902886747,0.026286266605886458
9512,125.12000000001487,-0.00833062643717324,0.026286255458148916
9513,125.13000000001487,-0.008330629970080753,0.026286244314815455
9514,125.14000000001488,-0.008330633501609959,0.02628623317588393
9515,125.15000000001487,-0.00833063703176153,0.02628622204135217
9516,125.16000000001488,-0.008330640560536128,0.026286210911218015
9517,125.17000000001488,-0.008330644087934425,0.026286199785479306
9518,125.18000000001487,-0.008330647613957085,0.026286188664133882
9519,125.19000000001488,-0.008330651138604771,0.026286177547179584
9520,125.20000000001488,-0.008330654661878155,0.02628616643461425
9521,125.21000000001489,-0.0083306581837779,0.02628615532643574
9522,125.22000000001489,-0.008330661704304673,0.026286144222641885
9523,125.23000000001488,-0.008330665223459138,0.026286133123230537
9524,125.24000000001489,-0.008330668741241956,0.026286122028199552
9525,125.2500000000149,-0.008330672257653791,0.026286110937546767
9526,125.26000000001488,-0.008330675772695313,0.02628609985127004
9527,125.27000000001489,-0.008330679286367182,0.026286088769367225
9528,125.2800000000149,-0.008330682798670061,0.026286077691836177
9529,125.2900000000149,-0.008330686309604611,0.026286066618674744
9530,125.3000000000149,-0.008330689819171492,0.026286055549880772
9531,125.3100000000149,-0.008330693327371375,0.026286044485452145
9532,125.3200000000149,-0.00833069683420491,0.026286033425386702
9533,125.3300000000149,-0.008330700339672767,0.026286022369682315
9534,125.3400000000149,-0.008330703843775602,0.026286011318336834
9535,125.3500000000149,-0.008330707346514074,0.026286000271348118
9536,125.3600000000149,-0.008330710847888846,0.026285989228714043
9537,125.37000000001491,-0.00833071434790058,0.026285978190432473
9538,125.38000000001492,-0.008330717846549925,0.026285967156501267
9539,125.39000000001491,-0.00833072134383755,0.026285956126918295
9540,125.40000000001491,-0.008330724839764108,0.02628594510168143
9541,125.41000000001492,-0.008330728334330255,0.02628593408078853
9542,125.42000000001491,-0.00833073182753666,0.026285923064237486
9543,125.43000000001491,-0.008330735319383964,0.026285912052026145
9544,125.44000000001492,-0.008330738809872836,0.0262859010441524
9545,125.45000000001492,-0.008330742299003926,0.02628589004061412
9546,125.46000000001493,-0.008330745786777892,0.026285879041409176
9547,125.47000000001492,-0.008330749273195392,0.02628586804653546
9548,125.48000000001493,-0.008330752758257077,0.026285857055990843
9549,125.49000000001493,-0.008330756241963604,0.026285846069773192
9550,125.50000000001492,-0.008330759724315625,0.026285835087880408
9551,125.51000000001493,-0.008330763205313802,0.02628582411031036
9552,125.52000000001493,-0.008330766684958779,0.026285813137060937
9553,125.53000000001494,-0.008330770163251214,0.026285802168130024
9554,125.54000000001494,-0.008330773640191755,0.026285791203515495
9555,125.55000000001493,-0.008330777115781065,0.02628578024321527
9556,125.56000000001494,-0.00833078059001979,0.026285769287227197
9557,125.57000000001494,-0.008330784062908577,0.026285758335549192
9558,125.58000000001493,-0.00833078753444809,0.02628574738817915
9559,125.59000000001494,-0.008330791004638965,0.02628573644511494
9560,125.60000000001494,-0.008330794473481864,0.026285725506354468
9561,125.61000000001495,-0.00833079794097743,0.026285714571895626
9562,125.62000000001495,-0.00833080140712632,0.026285703641736317
9563,125.63000000001495,-0.008330804871929179,0.026285692715874442
9564,125.64000000001495,-0.008330808335386656,0.02628568179430788
9565,125.65000000001496,-0.008330811797499404,0.026285670877034557
9566,125.66000000001495,-0.008330815258268065,0.026285659964052344
9567,125.67000000001495,-0.00833081871769329,0.026285649055359166
9568,125.68000000001496,-0.00833082217577573,0.026285638150952917
9569,125.69000000001496,-0.008330825632516027,0.026285627250831504
9570,125.70000000001497,-0.008330829087914831,0.026285616354992835
9571,125.71000000001496,-0.008330832541972791,0.026285605463434815
9572,125.72000000001496,-0.008330835994690547,0.026285594576155348
9573,125.73000000001497,-0.00833083944606875,0.026285583693152353
9574,125.74000000001496,-0.008330842896108042,0.026285572814423733
9575,125.75000000001496,-0.008330846344809066,0.0262855619399674
9576,125.76000000001497,-0.008330849792172473,0.026285551069781272
9577,125.77000000001497,-0.008330853238198908,0.026285540203863273
9578,125.78000000001498,-0.008330856682889007,0.02628552934221129
9579,125.79000000001497,-0.008330860126243421,0.02628551848482327
9580,125.80000000001498,-0.008330863568262788,0.026285507631697114
9581,125.81000000001498,-0.008330867008947754,0.02628549678283075
9582,125.82000000001497,-0.008330870448298961,0.026285485938222084
9583,125.83000000001498,-0.008330873886317048,0.026285475097869052
9584,125.84000000001498,-0.00833087732300266,0.026285464261769576
9585,125.85000000001499,-0.008330880758356439,0.026285453429921578
9586,125.86000000001499,-0.008330884192379024,0.026285442602322986
9587,125.87000000001498,-0.008330887625071056,0.02628543177897171
9588,125.88000000001499,-0.008330891056433176,0.026285420959865705
9589,125.890000000015,-0.00833089448646602,0.026285410145002887
9590,125.90000000001498,-0.008330897915170233,0.026285399334381173
9591,125.91000000001499,-0.008330901342546455,0.026285388527998527
9592,125.920000000015,-0.00833090476859532,0.026285377725852856
9593,125.930000000015,-0.008330908193317464,0.026285366927942092
9594,125.940000000015,-0.008330911616713534,0.02628535613426419
9595,125.950000000015,-0.008330915038784161,0.026285345344817076
9596,125.960000000015,-0.008330918459529983,0.02628533455959868
9597,125.970000000015,-0.008330921878951639,0.026285323778606953
9598,125.980000000015,-0.008330925297049763,0.02628531300183982
9599,125.990000000015,-0.008330928713824997,0.02628530222929525
9600,126.000000000015,-0.008330932129277968,0.026285291460971156
9601,126.01000000001501,-0.008330935543409317,0.02628528069686549
9602,126.02000000001502,-0.008330938956219678,0.02628526993697621
9603,126.03000000001501,-0.008330942367709687,0.02628525918130124
9604,126.04000000001501,-0.008330945777879975,0.02628524842983855
9605,126.05000000001502,-0.008330949186731176,0.026285237682586074
9606,126.06000000001501,-0.00833095259426393,0.026285226939541762
9607,126.07000000001501,-0.008330956000478864,0.02628521620070358
9608,126.08000000001502,-0.008330959405376615,0.02628520546606946
9609,126.09000000001502,-0.008330962808957808,0.02628519473563736
9610,126.10000000001503,-0.008330966211223083,0.026285184009405247
9611,126.11000000001502,-0.00833096961217307,0.026285173287371063
9612,126.12000000001503,-0.008330973011808398,0.02628516256953277
9613,126.13000000001503,-0.008330976410129703,0.02628515185588833
9614,126.14000000001502,-0.00833097980713761,0.026285141146435695
9615,126.15000000001503,-0.00833098320283275,0.02628513044117283
9616,126.16000000001503,-0.008330986597215758,0.026285119740097694
9617,126.17000000001504,-0.008330989990287257,0.026285109043208247
9618,126.18000000001504,-0.008330993382047883,0.02628509835050246
9619,126.19000000001503,-0.00833099677249826,0.026285087661978297
9620,126.20000000001504,-0.00833100016163902,0.02628507697763373
9621,126.21000000001504,-0.008331003549470785,0.02628506629746671
9622,126.22000000001503,-0.008331006935994189,0.026285055621475217
9623,126.23000000001504,-0.008331010321209857,0.026285044949657218
9624,126.24000000001504,-0.008331013705118415,0.02628503428201068
9625,126.25000000001505,-0.008331017087720494,0.02628502361853359
9626,126.26000000001505,-0.008331020469016714,0.026285012959223912
9627,126.27000000001505,-0.00833102384900771,0.026285002304079624
9628,126.28000000001505,-0.008331027227694094,0.026284991653098687
9629,126.29000000001506,-0.008331030605076504,0.0262849810062791
9630,126.30000000001505,-0.008331033981155561,0.02628497036361882
9631,126.31000000001505,-0.008331037355931888,0.02628495972511585
9632,126.32000000001506,-0.008331040729406106,0.026284949090768145
9633,126.33000000001506,-0.008331044101578849,0.026284938460573712
9634,126.34000000001507,-0.008331047472450732,0.026284927834530517
9635,126.35000000001506,-0.00833105084202238,0.02628491721263655
9636,126.36000000001506,-0.008331054210294416,0.02628490659488979
9637,126.37000000001507,-0.008331057577267462,0.026284895981288237
9638,126.38000000001506,-0.008331060942942142,0.026284885371829866
9639,126.39000000001506,-0.008331064307319077,0.026284874766512676
9640,126.40000000001507,-0.008331067670398885,0.02628486416533464
9641,126.41000000001507,-0.008331071032182192,0.026284853568293763
9642,126.42000000001508,-0.008331074392669615,0.026284842975388044
9643,126.43000000001507,-0.008331077751861775,0.02628483238661546
9644,126.44000000001508,-0.008331081109759294,0.026284821801974022
9645,126.45000000001508,-0.008331084466362788,0.0262848112214617
9646,126.46000000001507,-0.00833108782167288,0.02628480064507653
9647,126.47000000001508,-0.008331091175690183,0.026284790072816477
9648,126.48000000001508,-0.008331094528415324,0.026284779504679546
9649,126.49000000001509,-0.008331097879848915,0.02628476894066375
9650,126.50000000001509,-0.008331101229991575,0.026284758380767083
9651,126.51000000001508,-0.00833110457884392,0.026284747824987544
9652,126.52000000001509,-0.008331107926406569,0.02628473727332314
9653,126.5300000000151,-0.008331111272680141,0.026284726725771895
9654,126.54000000001508,-0.008331114617665248,0.026284716182331785
9655,126.55000000001509,-0.00833111796136251,0.026284705643000835
9656,126.5600000000151,-0.008331121303772537,0.026284695107777045
9657,126.5700000000151,-0.008331124644895948,0.02628468457665843
9658,126.5800000000151,-0.00833112798473336,0.026284674049643002
9659,126.5900000000151,-0.008331131323285383,0.02628466352672877
9660,126.6000000000151,-0.008331134660552637,0.026284653007913758
9661,126.6100000000151,-0.008331137996535726,0.026284642493195957
9662,126.6200000000151,-0.008331141331235274,0.026284631982573407
9663,126.6300000000151,-0.008331144664651893,0.026284621476044115
9664,126.6400000000151,-0.008331147996786189,0.026284610973606095
9665,126.65000000001511,-0.00833115132763878,0.02628460047525737
9666,126.66000000001512,-0.008331154657210273,0.026284589980995962
9667,126.67000000001511,-0.008331157985501287,0.026284579490819898
9668,126.68000000001511,-0.008331161312512426,0.026284569004727178
9669,126.69000000001512,-0.008331164638244305,0.026284558522715842
9670,126.70000000001511,-0.008331167962697537,0.026284548044783917
9671,126.71000000001511,-0.008331171285872728,0.02628453757092943
9672,126.72000000001512,-0.00833117460777049,0.0262845271011504
9673,126.73000000001512,-0.008331177928391435,0.026284516635444864
9674,126.74000000001513,-0.008331181247736167,0.026284506173810833
9675,126.75000000001512,-0.008331184565805297,0.026284495716246366
9676,126.76000000001513,-0.008331187882599438,0.026284485262749475
9677,126.77000000001513,-0.008331191198119191,0.026284474813318196
9678,126.78000000001512,-0.008331194512365168,0.026284464367950563
9679,126.79000000001513,-0.008331197825337977,0.026284453926644614
9680,126.80000000001513,-0.008331201137038224,0.02628444348939838
9681,126.81000000001514,-0.008331204447466519,0.026284433056209915
9682,126.82000000001514,-0.00833120775662346,0.026284422627077232
9683,126.83000000001513,-0.008331211064509665,0.026284412201998394
9684,126.84000000001514,-0.008331214371125729,0.02628440178097142
9685,126.85000000001514,-0.008331217676472264,0.026284391363994374
9686,126.86000000001513,-0.008331220980549872,0.02628438095106528
9687,126.87000000001514,-0.00833122428335916,0.026284370542182193
9688,126.88000000001514,-0.008331227584900736,0.026284360137343168
9689,126.89000000001515,-0.008331230885175192,0.026284349736546225
9690,126.90000000001515,-0.008331234184183146,0.026284339339789436
9691,126.91000000001515,-0.00833123748192519,0.026284328947070834
9692,126.92000000001515,-0.008331240778401937,0.02628431855838848
9693,126.93000000001516,-0.008331244073613981,0.02628430817374042
9694,126.94000000001515,-0.008331247367561927,0.026284297793124703
9695,126.95000000001515,-0.008331250660246382,0.026284287416539397
9696,126.96000000001516,-0.008331253951667941,0.026284277043982528
9697,126.97000000001516,-0.008331257241827213,0.026284266675452184
9698,126.98000000001517,-0.008331260530724789,0.0262842563109464
9699,126.99000000001516,-0.008331263818361275,0.02628424595046324
9700,127.00000000001516,-0.00833126710473727,0.02628423559400076
9701,127.01000000001517,-0.008331270389853379,0.026284225241557033
9702,127.02000000001516,-0.008331273673710197,0.026284214893130108
9703,127.03000000001516,-0.008331276956308321,0.02628420454871805
9704,127.04000000001517,-0.008331280237648358,0.026284194208318918
9705,127.05000000001517,-0.008331283517730896,0.026284183871930784
9706,127.06000000001518,-0.008331286796556543,0.026284173539551713
9707,127.07000000001517,-0.008331290074125893,0.02628416321117977
9708,127.08000000001518,-0.008331293350439539,0.026284152886813014
9709,127.09000000001518,-0.008331296625498084,0.02628414256644953
9710,127.10000000001517,-0.008331299899302124,0.02628413225008738
9711,127.11000000001518,-0.008331303171852256,0.026284121937724638
9712,127.12000000001518,-0.008331306443149078,0.026284111629359373
9713,127.13000000001519,-0.008331309713193178,0.026284101324989664
9714,127.14000000001519,-0.008331312981985159,0.02628409102461357
9715,127.15000000001518,-0.008331316249525612,0.026284080728229187
9716,127.16000000001519,-0.008331319515815137,0.026284070435834587
9717,127.1700000000152,-0.00833132278085432,0.026284060147427835
9718,127.18000000001518,-0.008331326044643766,0.02628404986300703
9719,127.19000000001519,-0.008331329307184063,0.026284039582570237
9720,127.2000000000152,-0.0083313325684758,0.02628402930611554
9721,127.2100000000152,-0.00833133582851958,0.02628401903364103
9722,127.2200000000152,-0.00833133908731599,0.026284008765144782
9723,127.2300000000152,-0.00833134234486562,0.02628399850062488
9724,127.2400000000152,-0.008331345601169066,0.026283988240079412
9725,127.2500000000152,-0.00833134885622692,0.02628397798350647
9726,127.2600000000152,-0.008331352110039773,0.02628396773090413
9727,127.2700000000152,-0.008331355362608215,0.026283957482270495
9728,127.2800000000152,-0.008331358613932837,0.026283947237603644
9729,127.29000000001521,-0.008331361864014232,0.026283936996901677
9730,127.30000000001522,-0.008331365112852988,0.026283926760162682
9731,127.31000000001521,-0.008331368360449693,0.02628391652738475
9732,127.32000000001521,-0.00833137160680494,0.02628390629856598
9733,127.33000000001522,-0.008331374851919317,0.026283896073704467
9734,127.34000000001521,-0.008331378095793412,0.02628388585279831
9735,127.35000000001521,-0.008331381338427814,0.026283875635845604
9736,127.36000000001522,-0.008331384579823107,0.02628386542284444
9737,127.37000000001522,-0.008331387819979885,0.026283855213792933
9738,127.38000000001523,-0.008331391058898734,0.026283845008689168
9739,127.39000000001522,-0.00833139429658024,0.026283834807531267
9740,127.40000000001523,-0.008331397533024988,0.02628382461031731
9741,127.41000000001523,-0.00833140076823357,0.02628381441704543
9742,127.42000000001522,-0.008331404002206567,0.02628380422771371
9743,127.43000000001523,-0.008331407234944565,0.02628379404232026
9744,127.44000000001523,-0.008331410466448154,0.0262837838608632
9745,127.45000000001524,-0.00833141369671791,0.026283773683340624
9746,127.46000000001524,-0.008331416925754427,0.02628376350975065
9747,127.47000000001523,-0.008331420153558287,0.02628375334009139
9748,127.48000000001524,-0.00833142338013007,0.026283743174360948
9749,127.49000000001524,-0.008331426605470366,0.026283733012557438
9750,127.50000000001523,-0.008331429829579753,0.026283722854678986
9751,127.51000000001524,-0.008331433052458818,0.026283712700723705
9752,127.52000000001524,-0.008331436274108142,0.026283702550689698
9753,127.53000000001525,-0.008331439494528308,0.0262836924045751
9754,127.54000000001525,-0.008331442713719897,0.026283682262378018
9755,127.55000000001525,-0.008331445931683492,0.02628367212409657
9756,127.56000000001525,-0.008331449148419675,0.026283661989728885
9757,127.57000000001526,-0.008331452363929025,0.02628365185927309
9758,127.58000000001525,-0.008331455578212122,0.026283641732727285
9759,127.59000000001525,-0.008331458791269552,0.026283631610089616
9760,127.60000000001526,-0.00833146200310189,0.026283621491358194
9761,127.61000000001526,-0.008331465213709718,0.026283611376531162
9762,127.62000000001527,-0.008331468423093616,0.026283601265606638
9763,127.63000000001526,-0.00833147163125416,0.02628359115858274
9764,127.64000000001526,-0.00833147483819193,0.02628358105545761
9765,127.65000000001527,-0.008331478043907506,0.026283570956229376
9766,127.66000000001526,-0.008331481248401464,0.02628356086089617
9767,127.67000000001526,-0.008331484451674386,0.026283550769456123
9768,127.68000000001527,-0.008331487653726847,0.026283540681907375
9769,127.69000000001527,-0.008331490854559422,0.02628353059824805
9770,127.70000000001528,-0.008331494054172692,0.02628352051847629
9771,127.71000000001527,-0.008331497252567231,0.026283510442590235
9772,127.72000000001528,-0.008331500449743613,0.026283500370588016
9773,127.73000000001528,-0.008331503645702417,0.026283490302467776
9774,127.74000000001527,-0.00833150684044422,0.026283480238227658
9775,127.75000000001528,-0.008331510033969593,0.02628347017786579
9776,127.76000000001528,-0.008331513226279114,0.026283460121380338
9777,127.77000000001529,-0.008331516417373355,0.026283450068769428
9778,127.78000000001529,-0.008331519607252896,0.026283440020031214
9779,127.79000000001528,-0.008331522795918304,0.026283429975163832
9780,127.80000000001529,-0.008331525983370155,0.026283419934165424
9781,127.8100000000153,-0.008331529169609025,0.026283409897034156
9782,127.82000000001528,-0.008331532354635483,0.026283399863768167
9783,127.83000000001529,-0.008331535538450102,0.0262833898343656
9784,127.8400000000153,-0.008331538721053456,0.026283379808824624
9785,127.8500000000153,-0.008331541902446117,0.026283369787143372
9786,127.8600000000153,-0.008331545082628655,0.026283359769320006
9787,127.8700000000153,-0.008331548261601643,0.02628334975535268
9788,127.8800000000153,-0.008331551439365651,0.026283339745239546
9789,127.8900000000153,-0.008331554615921253,0.026283329738978768
9790,127.9000000000153,-0.008331557791269012,0.026283319736568493
9791,127.9100000000153,-0.008331560965409504,0.026283309738006883
9792,127.9200000000153,-0.0083315641383433,0.026283299743292108
9793,127.93000000001531,-0.008331567310070962,0.026283289752422306
9794,127.94000000001532,-0.008331570480593065,0.026283279765395653
9795,127.95000000001531,-0.008331573649910176,0.026283269782210315
9796,127.96000000001531,-0.008331576818022863,0.026283259802864445
9797,127.97000000001532,-0.008331579984931699,0.026283249827356227
9798,127.98000000001531,-0.008331583150637246,0.026283239855683798
9799,127.99000000001531,-0.008331586315140069,0.02628322988784534
9800,128.00000000001532,-0.00833158947844074,0.026283219923839026
9801,128.01000000001534,-0.008331592640539825,0.02628320996366301
9802,128.02000000001533,-0.008331595801437892,0.026283200007315485
9803,128.03000000001532,-0.008331598961135507,0.026283190054794597
9804,128.0400000000153,-0.00833160211963323,0.02628318010609853
9805,128.05000000001533,-0.008331605276931633,0.02628317016122546
9806,128.06000000001532,-0.00833160843303128,0.026283160220173553
9807,128.07000000001534,-0.008331611587932731,0.02628315028294099
9808,128.08000000001533,-0.00833161474163656,0.026283140349525953
9809,128.09000000001532,-0.008331617894143323,0.02628313041992661
9810,128.10000000001534,-0.008331621045453588,0.02628312049414113
9811,128.11000000001533,-0.008331624195567915,0.026283110572167718
9812,128.12000000001535,-0.008331627344486874,0.026283100654004538
9813,128.13000000001534,-0.00833163049221102,0.026283090739649764
9814,128.14000000001533,-0.00833163363874092,0.02628308082910159
9815,128.15000000001532,-0.008331636784077133,0.0262830709223582
9816,128.16000000001534,-0.008331639928220225,0.026283061019417773
9817,128.17000000001536,-0.008331643071170756,0.026283051120278497
9818,128.18000000001535,-0.008331646212929289,0.026283041224938564
9819,128.19000000001535,-0.008331649353496381,0.026283031333396153
9820,128.20000000001534,-0.008331652492872599,0.026283021445649455
9821,128.21000000001536,-0.008331655631058497,0.026283011561696667
9822,128.22000000001535,-0.008331658768054641,0.026283001681535974
9823,128.23000000001537,-0.008331661903861585,0.026282991805165568
9824,128.24000000001536,-0.008331665038479891,0.02628298193258363
9825,128.25000000001535,-0.008331668171910122,0.026282972063788386
9826,128.26000000001537,-0.00833167130415283,0.026282962198777994
9827,128.27000000001536,-0.008331674435208576,0.02628295233755067
9828,128.28000000001538,-0.008331677565077918,0.026282942480104612
9829,128.29000000001537,-0.00833168069376142,0.02628293262643801
9830,128.30000000001536,-0.008331683821259631,0.026282922776549065
9831,128.31000000001535,-0.00833168694757311,0.02628291293043598
9832,128.32000000001537,-0.008331690072702421,0.02628290308809696
9833,128.3300000000154,-0.008331693196648112,0.026282893249530193
9834,128.34000000001538,-0.008331696319410744,0.0262828834147339
9835,128.35000000001537,-0.008331699440990867,0.02628287358370627
9836,128.36000000001536,-0.008331702561389046,0.026282863756445517
9837,128.37000000001538,-0.008331705680605829,0.026282853932949837
9838,128.38000000001537,-0.008331708798641776,0.02628284411321746
9839,128.3900000000154,-0.008331711915497439,0.02628283429724657
9840,128.40000000001538,-0.008331715031173373,0.026282824485035387
9841,128.41000000001537,-0.008331718145670134,0.026282814676582125
9842,128.4200000000154,-0.008331721258988272,0.026282804871884995
9843,128.43000000001538,-0.008331724371128342,0.02628279507094219
9844,128.4400000000154,-0.008331727482090899,0.026282785273751944
9845,128.4500000000154,-0.008331730591876493,0.026282775480312465
9846,128.46000000001538,-0.008331733700485683,0.02628276569062198
9847,128.47000000001538,-0.00833173680791901,0.02628275590467868
9848,128.4800000000154,-0.008331739914177036,0.02628274612248081
9849,128.4900000000154,-0.008331743019260308,0.02628273634402657
9850,128.5000000000154,-0.008331746123169377,0.02628272656931418
9851,128.5100000000154,-0.008331749225904796,0.02628271679834187
9852,128.5200000000154,-0.008331752327467117,0.026282707031107855
9853,128.5300000000154,-0.008331755427856889,0.02628269726761037
9854,128.5400000000154,-0.00833175852707466,0.02628268750784762
9855,128.55000000001542,-0.008331761625120981,0.026282677751817845
9856,128.5600000000154,-0.008331764721996402,0.026282667999519255
9857,128.5700000000154,-0.008331767817701473,0.02628265825095009
9858,128.58000000001542,-0.00833177091223674,0.02628264850610857
9859,128.5900000000154,-0.008331774005602756,0.026282638764992938
9860,128.60000000001543,-0.008331777097800067,0.026282629027601402
9861,128.61000000001542,-0.008331780188829218,0.026282619293932205
9862,128.6200000000154,-0.00833178327869076,0.02628260956398358
9863,128.6300000000154,-0.008331786367385241,0.026282599837753755
9864,128.64000000001542,-0.008331789454913203,0.026282590115240968
9865,128.65000000001544,-0.008331792541275201,0.026282580396443454
9866,128.66000000001543,-0.008331795626471773,0.026282570681359432
9867,128.67000000001542,-0.008331798710503472,0.026282560969987167
9868,128.6800000000154,-0.008331801793370838,0.02628255126232488
9869,128.69000000001543,-0.008331804875074419,0.02628254155837081
9870,128.70000000001542,-0.008331807955614761,0.026282531858123195
9871,128.71000000001544,-0.008331811034992408,0.026282522161580283
9872,128.72000000001543,-0.008331814113207905,0.026282512468740315
9873,128.73000000001542,-0.008331817190261794,0.026282502779601525
9874,128.74000000001544,-0.008331820266154623,0.026282493094162175
9875,128.75000000001543,-0.008331823340886932,0.02628248341242049
9876,128.76000000001545,-0.008331826414459266,0.02628247373437472
9877,128.77000000001544,-0.008331829486872165,0.026282464060023117
9878,128.78000000001543,-0.008331832558126178,0.026282454389363934
9879,128.79000000001543,-0.008331835628221844,0.026282444722395406
9880,128.80000000001544,-0.008331838697159704,0.0262824350591158
9881,128.81000000001546,-0.0083318417649403,0.026282425399523336
9882,128.82000000001545,-0.008331844831564175,0.026282415743616307
9883,128.83000000001545,-0.008331847897031869,0.02628240609139294
9884,128.84000000001544,-0.008331850961343921,0.026282396442851484
9885,128.85000000001546,-0.00833185402450088,0.026282386797990213
9886,128.86000000001545,-0.008331857086503273,0.026282377156807365
9887,128.87000000001547,-0.008331860147351655,0.02628236751930122
9888,128.88000000001546,-0.00833186320704655,0.026282357885470002
9889,128.89000000001545,-0.008331866265588512,0.026282348255312005
9890,128.90000000001547,-0.008331869322978068,0.02628233862882546
9891,128.91000000001546,-0.008331872379215767,0.026282329006008645
9892,128.92000000001548,-0.008331875434302137,0.02628231938685981
9893,128.93000000001547,-0.008331878488237725,0.02628230977137723
9894,128.94000000001546,-0.008331881541023068,0.02628230015955916
9895,128.95000000001545,-0.0083318845926587,0.026282290551403874
9896,128.96000000001547,-0.008331887643145153,0.02628228094690962
9897,128.9700000000155,-0.008331890692482974,0.02628227134607468
9898,128.98000000001548,-0.008331893740672702,0.026282261748897327
9899,128.99000000001547,-0.008331896787714859,0.026282252155375805
9900,129.00000000001546,-0.008331899833609994,0.026282242565508408
9901,129.01000000001548,-0.008331902878358638,0.0262822329792934
9902,129.02000000001547,-0.008331905921961326,0.026282223396729035
9903,129.0300000000155,-0.008331908964418594,0.02628221381781361
9904,129.04000000001548,-0.008331912005730977,0.02628220424254539
9905,129.05000000001547,-0.008331915045899007,0.026282194670922646
9906,129.0600000000155,-0.008331918084923222,0.026282185102943657
9907,129.07000000001548,-0.008331921122804155,0.026282175538606692
9908,129.0800000000155,-0.00833192415954234,0.026282165977910044
9909,129.0900000000155,-0.008331927195138308,0.026282156420851972
9910,129.10000000001548,-0.008331930229592593,0.026282146867430765
9911,129.11000000001548,-0.008331933262905728,0.02628213731764471
9912,129.1200000000155,-0.008331936295078248,0.026282127771492088
9913,129.1300000000155,-0.008331939326110682,0.02628211822897116
9914,129.1400000000155,-0.00833194235600356,0.02628210869008023
9915,129.1500000000155,-0.00833194538475742,0.02628209915481758
9916,129.1600000000155,-0.008331948412372791,0.026282089623181494
9917,129.1700000000155,-0.008331951438850203,0.026282080095170256
9918,129.1800000000155,-0.008331954464190184,0.02628207057078215
9919,129.19000000001552,-0.008331957488393264,0.026282061050015463
9920,129.2000000000155,-0.008331960511459976,0.026282051532868493
9921,129.2100000000155,-0.008331963533390852,0.026282042019339525
9922,129.22000000001552,-0.00833196655418642,0.02628203250942685
9923,129.2300000000155,-0.008331969573847206,0.02628202300312876
9924,129.24000000001553,-0.00833197259237374,0.026282013500443548
9925,129.25000000001552,-0.008331975609766555,0.02628200400136951
9926,129.2600000000155,-0.008331978626026177,0.02628199450590495
9927,129.2700000000155,-0.008331981641153131,0.026281985014048142
9928,129.28000000001552,-0.008331984655147945,0.026281975525797394
9929,129.29000000001554,-0.00833198766801115,0.02628196604115101
9930,129.30000000001553,-0.008331990679743273,0.026281956560107286
9931,129.31000000001552,-0.008331993690344836,0.026281947082664504
9932,129.3200000000155,-0.008331996699816373,0.026281937608820995
9933,129.33000000001553,-0.008331999708158403,0.026281928138575047
9934,129.34000000001552,-0.008332002715371455,0.02628191867192495
9935,129.35000000001554,-0.008332005721456055,0.026281909208869022
9936,129.36000000001553,-0.008332008726412727,0.026281899749405563
9937,129.37000000001552,-0.008332011730241997,0.026281890293532888
9938,129.38000000001554,-0.008332014732944391,0.026281880841249283
9939,129.39000000001553,-0.008332017734520435,0.02628187139255308
9940,129.40000000001555,-0.008332020734970646,0.026281861947442562
9941,129.41000000001554,-0.008332023734295554,0.026281852505916057
9942,129.42000000001553,-0.00833202673249568,0.02628184306797187
9943,129.43000000001553,-0.008332029729571552,0.02628183363360832
9944,129.44000000001554,-0.008332032725523686,0.026281824202823705
9945,129.45000000001556,-0.008332035720352609,0.02628181477561634
9946,129.46000000001555,-0.008332038714058843,0.026281805351984548
9947,129.47000000001555,-0.00833204170664291,0.02628179593192664
9948,129.48000000001554,-0.008332044698105329,0.02628178651544093
9949,129.49000000001556,-0.008332047688446625,0.026281777102525737
9950,129.50000000001555,-0.00833205067766732,0.026281767693179383
9951,129.51000000001557,-0.008332053665767935,0.02628175828740018
9952,129.52000000001556,-0.008332056652748982,0.026281748885186446
9953,129.53000000001555,-0.008332059638610993,0.02628173948653651
9954,129.54000000001557,-0.008332062623354484,0.02628173009144869
9955,129.55000000001556,-0.008332065606979976,0.026281720699921313
9956,129.56000000001558,-0.008332068589487986,0.026281711311952696
9957,129.57000000001557,-0.008332071570879031,0.026281701927541163
9958,129.58000000001556,-0.008332074551153637,0.02628169254668505
9959,129.59000000001555,-0.008332077530312313,0.026281683169382664
9960,129.60000000001557,-0.008332080508355589,0.026281673795632354
9961,129.6100000000156,-0.008332083485283975,0.026281664425432436
9962,129.62000000001558,-0.008332086461097992,0.026281655058781248
9963,129.63000000001557,-0.008332089435798155,0.02628164569567711
9964,129.64000000001556,-0.008332092409384985,0.02628163633611836
9965,129.65000000001558,-0.008332095381858995,0.026281626980103327
9966,129.66000000001557,-0.008332098353220706,0.026281617627630344
9967,129.6700000000156,-0.00833210132347063,0.02628160827869775
9968,129.68000000001558,-0.008332104292609284,0.026281598933303875
9969,129.69000000001557,-0.008332107260637184,0.02628158959144705
9970,129.7000000000156,-0.008332110227554848,0.026281580253125627
9971,129.71000000001558,-0.00833211319336279,0.02628157091833793
9972,129.7200000000156,-0.00833211615806152,0.026281561587082298
9973,129.7300000000156,-0.008332119121651561,0.02628155225935709
9974,129.74000000001558,-0.008332122084133422,0.02628154293516062
9975,129.75000000001558,-0.008332125045507616,0.026281533614491245
9976,129.7600000000156,-0.008332128005774661,0.0262815242973473
9977,129.7700000000156,-0.008332130964935068,0.026281514983727137
9978,129.7800000000156,-0.00833213392298935,0.026281505673629094
9979,129.7900000000156,-0.008332136879938024,0.026281496367051523
9980,129.8000000000156,-0.008332139835781599,0.026281487063992765
9981,129.8100000000156,-0.008332142790520584,0.026281477764451163
9982,129.8200000000156,-0.008332145744155495,0.026281468468425065
9983,129.83000000001562,-0.008332148696686845,0.02628145917591283
9984,129.8400000000156,-0.008332151648115143,0.026281449886912802
9985,129.8500000000156,-0.008332154598440904,0.026281440601423338
9986,129.86000000001562,-0.008332157547664632,0.026281431319442775
9987,129.8700000000156,-0.008332160495786846,0.026281422040969483
9988,129.88000000001563,-0.008332163442808049,0.026281412766001804
9989,129.89000000001562,-0.008332166388728754,0.026281403494538096
9990,129.9000000000156,-0.008332169333549475,0.02628139422657672
9991,129.9100000000156,-0.008332172277270714,0.02628138496211602
9992,129.92000000001562,-0.008332175219892985,0.02628137570115437
9993,129.93000000001564,-0.008332178161416796,0.02628136644369012
9994,129.94000000001563,-0.008332181101842653,0.026281357189721615
9995,129.95000000001562,-0.00833218404117107,0.02628134793924724
9996,129.9600000000156,-0.008332186979402549,0.02628133869226534
9997,129.97000000001563,-0.008332189916537601,0.02628132944877428
9998,129.98000000001562,-0.008332192852576735,0.02628132020877243
9999,129.99000000001564,-0.008332195787520454,0.02628131097225814
10000,130.00000000001563,-0.00833219872136927,0.026281301739229795
10001,130.01000000001562,-0.008332201654123685,0.026281292509685743
10002,130.02000000001564,-0.008332204585784209,0.02628128328362436
10003,130.03000000001563,-0.008332207516351345,0.026281274061044
10004,130.04000000001565,-0.008332210445825598,0.02628126484194305
10005,130.05000000001564,-0.00833221337420748,0.02628125562631987
10006,130.06000000001563,-0.008332216301497494,0.02628124641417283
10007,130.07000000001563,-0.00833221922769614,0.026281237205500303
10008,130.08000000001564,-0.008332222152803926,0.026281228000300663
10009,130.09000000001566,-0.008332225076821357,0.026281218798572276
10010,130.10000000001565,-0.008332227999748937,0.02628120960031352
10011,130.11000000001565,-0.008332230921587165,0.02628120040552277
10012,130.12000000001564,-0.008332233842336556,0.026281191214198404
10013,130.13000000001566,-0.008332236761997602,0.026281182026338796
10014,130.14000000001565,-0.008332239680570813,0.02628117284194233
10015,130.15000000001567,-0.00833224259805669,0.026281163661007377
10016,130.16000000001566,-0.008332245514455732,0.026281154483532316
10017,130.17000000001565,-0.008332248429768445,0.026281145309515537
10018,130.18000000001567,-0.00833225134399533,0.0262811361389554
10019,130.19000000001566,-0.008332254257136885,0.026281126971850307
10020,130.20000000001568,-0.00833225716919362,0.026281117808198643
10021,130.21000000001567,-0.008332260080166028,0.026281108647998774
10022,130.22000000001566,-0.008332262990054613,0.026281099491249103
10023,130.23000000001565,-0.008332265898859879,0.026281090337948006
10024,130.24000000001567,-0.008332268806582319,0.026281081188093868
10025,130.2500000000157,-0.008332271713222436,0.02628107204168508
10026,130.26000000001568,-0.008332274618780732,0.026281062898720033
10027,130.27000000001567,-0.008332277523257702,0.02628105375919711
10028,130.28000000001566,-0.00833228042665385,0.026281044623114713
10029,130.29000000001568,-0.008332283328969677,0.02628103549047123
10030,130.30000000001567,-0.00833228623020567,0.026281026361265038
10031,130.3100000000157,-0.008332289130362337,0.02628101723549454
10032,130.32000000001568,-0.008332292029440176,0.026281008113158144
10033,130.33000000001567,-0.00833229492743968,0.02628099899425422
10034,130.3400000000157,-0.00833229782436135,0.02628098987878118
10035,130.35000000001568,-0.008332300720205682,0.026280980766737412
10036,130.3600000000157,-0.008332303614973174,0.02628097165812132
10037,130.3700000000157,-0.008332306508664324,0.026280962552931303
10038,130.38000000001568,-0.008332309401279622,0.02628095345116575
10039,130.39000000001568,-0.008332312292819569,0.026280944352823077
10040,130.4000000000157,-0.008332315183284662,0.02628093525790167
10041,130.4100000000157,-0.008332318072675393,0.026280926166399945
10042,130.4200000000157,-0.008332320960992259,0.02628091707831629
10043,130.4300000000157,-0.008332323848235757,0.02628090799364912
10044,130.4400000000157,-0.00833232673440638,0.026280898912396832
10045,130.4500000000157,-0.008332329619504622,0.026280889834557845
10046,130.4600000000157,-0.008332332503530977,0.026280880760130545
10047,130.47000000001572,-0.00833233538648594,0.026280871689113364
10048,130.4800000000157,-0.008332338268370003,0.02628086262150469
10049,130.4900000000157,-0.008332341149183662,0.026280853557302933
10050,130.50000000001572,-0.008332344028927411,0.026280844496506525
10051,130.5100000000157,-0.008332346907601736,0.02628083543911385
10052,130.52000000001573,-0.008332349785207136,0.026280826385123333
10053,130.53000000001572,-0.008332352661744102,0.02628081733453338
10054,130.5400000000157,-0.008332355537213124,0.02628080828734242
10055,130.5500000000157,-0.008332358411614695,0.02628079924354885
10056,130.56000000001572,-0.008332361284949309,0.02628079020315109
10057,130.57000000001574,-0.008332364157217453,0.02628078116614756
10058,130.58000000001573,-0.00833236702841962,0.026280772132536677
10059,130.59000000001572,-0.008332369898556301,0.026280763102316865
10060,130.6000000000157,-0.008332372767627988,0.026280754075486534
10061,130.61000000001573,-0.008332375635635167,0.026280745052044096
10062,130.62000000001572,-0.00833237850257833,0.026280736031987984
10063,130.63000000001574,-0.008332381368457965,0.026280727015316623
10064,130.64000000001573,-0.008332384233274566,0.02628071800202843
10065,130.65000000001572,-0.008332387097028616,0.026280708992121822
10066,130.66000000001574,-0.00833238995972061,0.02628069998559523
10067,130.67000000001573,-0.008332392821351032,0.02628069098244708
10068,130.68000000001575,-0.008332395681920369,0.026280681982675795
10069,130.69000000001574,-0.008332398541429111,0.026280672986279802
10070,130.70000000001573,-0.008332401399877749,0.026280663993257528
10071,130.71000000001573,-0.008332404257266767,0.02628065500360741
10072,130.72000000001574,-0.008332407113596651,0.02628064601732787
10073,130.73000000001576,-0.008332409968867895,0.02628063703441734
10074,130.74000000001575,-0.008332412823080974,0.026280628054874248
10075,130.75000000001575,-0.008332415676236382,0.02628061907869703
10076,130.76000000001574,-0.008332418528334605,0.026280610105884117
10077,130.77000000001576,-0.008332421379376129,0.02628060113643395
10078,130.78000000001575,-0.008332424229361434,0.02628059217034495
10079,130.79000000001577,-0.008332427078291009,0.026280583207615563
10080,130.80000000001576,-0.008332429926165345,0.026280574248244225
10081,130.81000000001575,-0.008332432772984915,0.026280565292229364
10082,130.82000000001577,-0.008332435618750215,0.026280556339569435
10083,130.83000000001576,-0.00833243846346172,0.026280547390262865
10084,130.84000000001578,-0.008332441307119917,0.026280538444308093
10085,130.85000000001577,-0.008332444149725294,0.02628052950170357
10086,130.86000000001576,-0.00833244699127833,0.02628052056244773
10087,130.87000000001575,-0.008332449831779505,0.02628051162653901
10088,130.88000000001577,-0.008332452671229312,0.026280502693975867
10089,130.8900000000158,-0.008332455509628226,0.02628049376475674
10090,130.90000000001578,-0.008332458346976728,0.02628048483888007
10091,130.91000000001577,-0.008332461183275306,0.026280475916344307
10092,130.92000000001576,-0.008332464018524437,0.026280466997147898
10093,130.93000000001578,-0.008332466852724605,0.02628045808128929
10094,130.94000000001577,-0.008332469685876288,0.026280449168766932
10095,130.9500000000158,-0.008332472517979975,0.026280440259579273
10096,130.96000000001578,-0.008332475349036137,0.026280431353724765
10097,130.97000000001577,-0.00833247817904526,0.02628042245120186
10098,130.9800000000158,-0.008332481008007826,0.026280413552009007
10099,130.99000000001578,-0.008332483835924309,0.02628040465614465
10100,131.0000000000158,-0.008332486662795192,0.026280395763607266
10101,131.0100000000158,-0.008332489488620953,0.02628038687439529
10102,131.02000000001578,-0.008332492313402079,0.026280377988507193
10103,131.03000000001578,-0.008332495137139037,0.02628036910594142
10104,131.0400000000158,-0.00833249795983231,0.02628036022669643
10105,131.0500000000158,-0.008332500781482382,0.026280351350770687
10106,131.0600000000158,-0.008332503602089725,0.026280342478162647
10107,131.0700000000158,-0.008332506421654817,0.02628033360887076
10108,131.0800000000158,-0.008332509240178136,0.026280324742893494
10109,131.0900000000158,-0.008332512057660163,0.02628031588022932
10110,131.1000000000158,-0.008332514874101374,0.0262803070208767
10111,131.11000000001582,-0.008332517689502241,0.026280298164834077
10112,131.1200000000158,-0.008332520503863246,0.02628028931209993
10113,131.1300000000158,-0.008332523317184861,0.026280280462672723
10114,131.14000000001582,-0.008332526129467567,0.026280271616550926
10115,131.1500000000158,-0.008332528940711835,0.026280262773733
10116,131.16000000001583,-0.008332531750918139,0.026280253934217405
10117,131.17000000001582,-0.008332534560086964,0.026280245098002628
10118,131.1800000000158,-0.008332537368218776,0.026280236265087124
10119,131.1900000000158,-0.008332540175314053,0.02628022743546937
10120,131.20000000001582,-0.00833254298137327,0.02628021860914783
10121,131.21000000001584,-0.008332545786396897,0.026280209786120987
10122,131.22000000001583,-0.008332548590385415,0.026280200966387304
10123,131.23000000001582,-0.00833255139333929,0.02628019214994526
10124,131.2400000000158,-0.008332554195259002,0.026280183336793324
10125,131.25000000001583,-0.00833255699614502,0.026280174526929975
10126,131.26000000001582,-0.008332559795997818,0.026280165720353684
10127,131.27000000001584,-0.008332562594817867,0.026280156917062942
10128,131.28000000001583,-0.008332565392605643,0.02628014811705621
10129,131.29000000001582,-0.008332568189361619,0.02628013932033198
10130,131.30000000001584,-0.00833257098508626,0.026280130526888722
10131,131.31000000001583,-0.008332573779780044,0.026280121736724924
10132,131.32000000001585,-0.008332576573443443,0.026280112949839063
10133,131.33000000001584,-0.00833257936607692,0.02628010416622962
10134,131.34000000001583,-0.008332582157680955,0.026280095385895076
10135,131.35000000001583,-0.008332584948256012,0.026280086608833925
10136,131.36000000001584,-0.008332587737802565,0.026280077835044637
10137,131.37000000001586,-0.008332590526321085,0.026280069064525714
10138,131.38000000001585,-0.008332593313812038,0.02628006029727562
10139,131.39000000001585,-0.008332596100275895,0.026280051533292863
10140,131.40000000001584,-0.008332598885713126,0.026280042772575923
10141,131.41000000001586,-0.008332601670124203,0.026280034015123296
10142,131.42000000001585,-0.008332604453509586,0.026280025260933454
10143,131.43000000001587,-0.008332607235869751,0.026280016510004903
10144,131.44000000001586,-0.008332610017205165,0.026280007762336122
10145,131.45000000001585,-0.008332612797516296,0.026279999017925625
10146,131.46000000001587,-0.008332615576803612,0.02627999027677188
10147,131.47000000001586,-0.00833261835506758,0.026279981538873395
10148,131.48000000001588,-0.008332621132308664,0.026279972804228665
10149,131.49000000001587,-0.008332623908527334,0.026279964072836174
10150,131.50000000001586,-0.008332626683724058,0.026279955344694433
10151,131.51000000001585,-0.0083326294578993,0.02627994661980192
10152,131.52000000001587,-0.008332632231053528,0.02627993789815716
10153,131.5300000000159,-0.008332635003187205,0.02627992917975862
10154,131.54000000001588,-0.008332637774300803,0.026279920464604832
10155,131.55000000001587,-0.00833264054439478,0.026279911752694275
10156,131.56000000001586,-0.008332643313469603,0.026279903044025454
10157,131.57000000001588,-0.008332646081525744,0.026279894338596878
10158,131.58000000001587,-0.008332648848563657,0.02627988563640704
10159,131.5900000000159,-0.008332651614583816,0.02627987693745446
10160,131.60000000001588,-0.008332654379586676,0.026279868241737614
10161,131.61000000001587,-0.008332657143572708,0.026279859549255043
10162,131.6200000000159,-0.008332659906542375,0.026279850860005227
10163,131.63000000001588,-0.008332662668496136,0.026279842173986687
10164,131.6400000000159,-0.008332665429434456,0.026279833491197915
10165,131.6500000000159,-0.008332668189357802,0.02627982481163744
10166,131.66000000001588,-0.008332670948266632,0.02627981613530376
10167,131.67000000001588,-0.008332673706161411,0.026279807462195385
10168,131.6800000000159,-0.008332676463042601,0.02627979879231084
10169,131.6900000000159,-0.008332679218910663,0.026279790125648614
10170,131.7000000000159,-0.008332681973766054,0.026279781462207233
10171,131.7100000000159,-0.008332684727609245,0.026279772801985218
10172,131.7200000000159,-0.008332687480440687,0.02627976414498106
10173,131.7300000000159,-0.00833269023226085,0.0262797554911933
10174,131.7400000000159,-0.008332692983070189,0.02627974684062044
10175,131.75000000001592,-0.008332695732869167,0.02627973819326101
10176,131.7600000000159,-0.008332698481658244,0.026279729549113506
10177,131.7700000000159,-0.008332701229437876,0.026279720908176464
10178,131.78000000001592,-0.00833270397620853,0.0262797122704484
10179,131.7900000000159,-0.008332706721970659,0.026279703635927833
10180,131.80000000001593,-0.008332709466724722,0.02627969500461328
10181,131.81000000001592,-0.008332712210471183,0.026279686376503273
10182,131.8200000000159,-0.008332714953210498,0.026279677751596325
10183,131.8300000000159,-0.00833271769494312,0.02627966912989096
10184,131.84000000001592,-0.008332720435669518,0.026279660511385708
10185,131.85000000001594,-0.008332723175390142,0.02627965189607909
10186,131.86000000001593,-0.008332725914105452,0.02627964328396964
10187,131.87000000001592,-0.008332728651815904,0.026279634675055875
10188,131.8800000000159,-0.008332731388521959,0.026279626069336332
10189,131.89000000001593,-0.008332734124224066,0.026279617466809527
10190,131.90000000001592,-0.008332736858922692,0.026279608867474
10191,131.91000000001594,-0.008332739592618288,0.02627960027132828
10192,131.92000000001593,-0.00833274232531131,0.026279591678370892
10193,131.93000000001592,-0.008332745057002211,0.02627958308860037
10194,131.94000000001594,-0.008332747787691452,0.026279574502015245
10195,131.95000000001593,-0.008332750517379488,0.026279565918614065
10196,131.96000000001595,-0.00833275324606677,0.026279557338395338
10197,131.97000000001594,-0.008332755973753754,0.026279548761357616
10198,131.98000000001593,-0.0083327587004409,0.02627954018749944
10199,131.99000000001593,-0.008332761426128654,0.026279531616819327
10200,132.00000000001594,-0.008332764150817478,0.02627952304931583
10201,132.01000000001596,-0.008332766874507819,0.02627951448498748
10202,132.02000000001595,-0.008332769597200135,0.02627950592383282
10203,132.03000000001595,-0.00833277231889488,0.026279497365850397
10204,132.04000000001594,-0.008332775039592505,0.026279488811038736
10205,132.05000000001596,-0.008332777759293461,0.02627948025939638
10206,132.06000000001595,-0.008332780477998205,0.026279471710921886
10207,132.07000000001597,-0.00833278319570719,0.02627946316561379
10208,132.08000000001596,-0.008332785912420863,0.026279454623470627
10209,132.09000000001595,-0.008332788628139682,0.02627944608449095
10210,132.10000000001597,-0.00833279134286409,0.0262794375486733
10211,132.11000000001596,-0.008332794056594546,0.026279429016016227
10212,132.12000000001598,-0.008332796769331503,0.026279420486518285
10213,132.13000000001597,-0.008332799481075404,0.026279411960178006
10214,132.14000000001596,-0.008332802191826702,0.026279403436993948
10215,132.15000000001595,-0.008332804901585854,0.02627939491696466
10216,132.16000000001597,-0.008332807610353302,0.026279386400088693
10217,132.170000000016,-0.008332810318129498,0.026279377886364592
10218,132.18000000001598,-0.008332813024914896,0.02627936937579092
10219,132.19000000001597,-0.008332815730709939,0.026279360868366214
10220,132.20000000001596,-0.008332818435515085,0.026279352364089043
10221,132.21000000001598,-0.008332821139330773,0.026279343862957952
10222,132.22000000001597,-0.00833282384215746,0.026279335364971502
10223,132.230000000016,-0.008332826543995588,0.026279326870128242
10224,132.24000000001598,-0.008332829244845609,0.02627931837842673
10225,132.25000000001597,-0.008332831944707972,0.02627930988986553
10226,132.260000000016,-0.008332834643583122,0.026279301404443192
10227,132.27000000001598,-0.008332837341471507,0.026279292922158286
10228,132.280000000016,-0.008332840038373574,0.02627928444300936
10229,132.290000000016,-0.008332842734289771,0.02627927596699498
10230,132.30000000001598,-0.008332845429220545,0.0262792674941137
10231,132.31000000001598,-0.008332848123166346,0.026279259024364097
10232,132.320000000016,-0.008332850816127607,0.026279250557744712
10233,132.330000000016,-0.008332853508104792,0.02627924209425413
10234,132.340000000016,-0.008332856199098336,0.026279233633890915
10235,132.350000000016,-0.008332858889108686,0.026279225176653622
10236,132.360000000016,-0.008332861578136291,0.02627921672254082
10237,132.370000000016,-0.00833286426618159,0.02627920827155107
10238,132.380000000016,-0.008332866953245036,0.026279199823682958
10239,132.39000000001602,-0.008332869639327061,0.026279191378935026
10240,132.400000000016,-0.008332872324428125,0.02627918293730587
10241,132.410000000016,-0.008332875008548662,0.02627917449879404
10242,132.42000000001602,-0.008332877691689116,0.02627916606339812
10243,132.430000000016,-0.008332880373849934,0.026279157631116677
10244,132.44000000001603,-0.008332883055031558,0.026279149201948276
10245,132.45000000001602,-0.008332885735234434,0.02627914077589151
10246,132.460000000016,-0.008332888414459002,0.026279132352944934
10247,132.470000000016,-0.008332891092705704,0.026279123933107128
10248,132.48000000001602,-0.008332893769974984,0.02627911551637667
10249,132.49000000001604,-0.008332896446267283,0.02627910710275213
10250,132.50000000001603,-0.008332899121583045,0.026279098692232095
10251,132.51000000001602,-0.008332901795922708,0.026279090284815128
10252,132.520000000016,-0.00833290446928672,0.026279081880499836
10253,132.53000000001603,-0.008332907141675514,0.026279073479284768
10254,132.54000000001602,-0.008332909813089538,0.02627906508116852
10255,132.55000000001604,-0.008332912483529232,0.02627905668614967
10256,132.56000000001603,-0.008332915152995026,0.026279048294226788
10257,132.57000000001602,-0.008332917821487379,0.02627903990539848
10258,132.58000000001604,-0.008332920489006718,0.02627903151966332
10259,132.59000000001603,-0.008332923155553482,0.026279023137019884
10260,132.60000000001605,-0.008332925821128118,0.026279014757466766
10261,132.61000000001604,-0.00833292848573106,0.026279006381002543
10262,132.62000000001603,-0.008332931149362751,0.026278998007625808
10263,132.63000000001603,-0.008332933812023624,0.026278989637335142
10264,132.64000000001604,-0.008332936473714124,0.026278981270129148
10265,132.65000000001606,-0.008332939134434683,0.026278972906006396
10266,132.66000000001605,-0.008332941794185748,0.02627896454496549
10267,132.67000000001605,-0.008332944452967748,0.02627895618700501
10268,132.68000000001604,-0.008332947110781128,0.026278947832123558
10269,132.69000000001606,-0.00833294976762632,0.02627893948031972
10270,132.70000000001605,-0.008332952423503761,0.026278931131592086
10271,132.71000000001607,-0.008332955078413891,0.026278922785939247
10272,132.72000000001606,-0.008332957732357149,0.02627891444335981
10273,132.73000000001605,-0.008332960385333965,0.026278906103852362
10274,132.74000000001607,-0.008332963037344779,0.02627889776741549
10275,132.75000000001606,-0.008332965688390027,0.026278889434047808
10276,132.76000000001608,-0.008332968338470142,0.026278881103747903
10277,132.77000000001607,-0.00833297098758557,0.02627887277651438
10278,132.78000000001606,-0.008332973635736728,0.02627886445234582
10279,132.79000000001605,-0.008332976282924065,0.026278856131240848
10280,132.80000000001607,-0.008332978929148013,0.02627884781319804
10281,132.8100000000161,-0.008332981574409004,0.02627883949821602
10282,132.82000000001608,-0.008332984218707477,0.026278831186293372
10283,132.83000000001607,-0.008332986862043862,0.02627882287742871
10284,132.84000000001606,-0.008332989504418594,0.026278814571620627
10285,132.85000000001608,-0.008332992145832106,0.02627880626886774
10286,132.86000000001607,-0.008332994786284836,0.02627879796916865
10287,132.8700000000161,-0.008332997425777207,0.026278789672521945
10288,132.88000000001608,-0.008333000064309664,0.02627878137892626
10289,132.89000000001607,-0.008333002701882631,0.026278773088380187
10290,132.9000000000161,-0.008333005338496546,0.026278764800882336
10291,132.91000000001608,-0.008333007974151837,0.026278756516431308
10292,132.9200000000161,-0.008333010608848938,0.026278748235025726
10293,132.9300000000161,-0.008333013242588283,0.026278739956664198
10294,132.94000000001608,-0.008333015875370301,0.026278731681345327
10295,132.95000000001608,-0.00833301850719542,0.026278723409067724
10296,132.9600000000161,-0.008333021138064079,0.026278715139830013
10297,132.9700000000161,-0.008333023767976705,0.02627870687363081
10298,132.9800000000161,-0.008333026396933728,0.026278698610468713
10299,132.9900000000161,-0.008333029024935577,0.02627869035034235
10300,133.0000000000161,-0.00833303165198268,0.026278682093250308
10301,133.0100000000161,-0.008333034278075477,0.02627867383919125
10302,133.0200000000161,-0.00833303690321439,0.026278665588163767
10303,133.03000000001612,-0.008333039527399848,0.026278657340166475
10304,133.0400000000161,-0.008333042150632283,0.02627864909519799
10305,133.0500000000161,-0.008333044772912123,0.026278640853256947
10306,133.06000000001612,-0.0083330473942398,0.026278632614341962
10307,133.0700000000161,-0.008333050014615737,0.02627862437845165
10308,133.08000000001613,-0.008333052634040364,0.026278616145584622
10309,133.09000000001612,-0.008333055252514113,0.02627860791573953
10310,133.1000000000161,-0.008333057870037405,0.026278599688914966
10311,133.1100000000161,-0.008333060486610675,0.026278591465109576
10312,133.12000000001612,-0.008333063102234346,0.02627858324432198
10313,133.13000000001614,-0.008333065716908845,0.02627857502655079
10314,133.14000000001613,-0.008333068330634599,0.02627856681179465
10315,133.15000000001612,-0.00833307094341204,0.02627855860005218
10316,133.1600000000161,-0.008333073555241587,0.026278550391322
10317,133.17000000001613,-0.00833307616612367,0.026278542185602747
10318,133.18000000001612,-0.008333078776058715,0.026278533982893055
10319,133.19000000001614,-0.008333081385047143,0.026278525783191536
10320,133.20000000001613,-0.008333083993089388,0.026278517586496845
10321,133.21000000001612,-0.00833308660018587,0.026278509392807594
10322,133.22000000001614,-0.008333089206337015,0.026278501202122426
10323,133.23000000001613,-0.008333091811543247,0.02627849301443996
10324,133.24000000001615,-0.008333094415804994,0.02627848482975885
10325,133.25000000001614,-0.008333097019122677,0.026278476648077722
10326,133.26000000001613,-0.008333099621496722,0.0262784684693952
10327,133.27000000001613,-0.00833310222292755,0.026278460293709928
10328,133.28000000001614,-0.008333104823415588,0.026278452121020552
10329,133.29000000001616,-0.008333107422961259,0.0262784439513257
10330,133.30000000001615,-0.008333110021564984,0.026278435784624007
10331,133.31000000001615,-0.008333112619227192,0.026278427620914122
10332,133.32000000001614,-0.008333115215948298,0.02627841946019468
10333,133.33000000001616,-0.008333117811728727,0.02627841130246431
10334,133.34000000001615,-0.008333120406568905,0.02627840314772167
10335,133.35000000001617,-0.008333123000469253,0.026278394995965397
10336,133.36000000001616,-0.00833312559343019,0.026278386847194135
10337,133.37000000001615,-0.008333128185452138,0.026278378701406514
10338,133.38000000001617,-0.008333130776535521,0.02627837055860119
10339,133.39000000001616,-0.008333133366680756,0.026278362418776808
10340,133.40000000001618,-0.008333135955888272,0.02627835428193202
10341,133.41000000001617,-0.008333138544158477,0.026278346148065446
10342,133.42000000001616,-0.008333141131491808,0.026278338017175766
10343,133.43000000001615,-0.00833314371788867,0.02627832988926161
10344,133.44000000001617,-0.008333146303349491,0.026278321764321627
10345,133.4500000000162,-0.008333148887874692,0.02627831364235447
10346,133.46000000001618,-0.00833315147146469,0.02627830552335879
10347,133.47000000001617,-0.008333154054119904,0.02627829740733323
10348,133.48000000001616,-0.008333156635840753,0.026278289294276443
10349,133.49000000001618,-0.008333159216627655,0.026278281184187093
10350,133.50000000001617,-0.008333161796481033,0.026278273077063825
10351,133.5100000000162,-0.0083331643754013,0.026278264972905287
10352,133.52000000001618,-0.008333166953388878,0.02627825687171014
10353,133.53000000001617,-0.008333169530444185,0.02627824877347704
10354,133.5400000000162,-0.00833317210656764,0.026278240678204643
10355,133.55000000001618,-0.008333174681759658,0.026278232585891605
10356,133.5600000000162,-0.008333177256020657,0.02627822449653658
10357,133.5700000000162,-0.008333179829351053,0.026278216410138222
10358,133.58000000001618,-0.008333182401751264,0.0262782083266952
10359,133.59000000001618,-0.008333184973221709,0.026278200246206168
10360,133.6000000000162,-0.0083331875437628,0.026278192168669785
10361,133.6100000000162,-0.008333190113374958,0.02627818409408472
10362,133.6200000000162,-0.008333192682058595,0.026278176022449626
10363,133.6300000000162,-0.00833319524981413,0.026278167953763167
10364,133.6400000000162,-0.008333197816641975,0.02627815988802401
10365,133.6500000000162,-0.00833320038254255,0.02627815182523082
10366,133.6600000000162,-0.008333202947516266,0.02627814376538225
10367,133.67000000001622,-0.008333205511563541,0.026278135708476983
10368,133.6800000000162,-0.008333208074684788,0.026278127654513667
10369,133.6900000000162,-0.008333210636880422,0.02627811960349098
10370,133.70000000001622,-0.008333213198150856,0.02627811155540758
10371,133.7100000000162,-0.008333215758496507,0.026278103510262153
10372,133.72000000001623,-0.008333218317917786,0.026278095468053354
10373,133.73000000001622,-0.00833322087641511,0.026278087428779854
10374,133.7400000000162,-0.008333223433988885,0.026278079392440326
10375,133.7500000000162,-0.008333225990639534,0.026278071359033442
10376,133.76000000001622,-0.008333228546367462,0.026278063328557862
10377,133.77000000001624,-0.008333231101173084,0.026278055301012276
10378,133.78000000001623,-0.008333233655056813,0.02627804727639535
10379,133.79000000001622,-0.008333236208019066,0.026278039254705763
10380,133.8000000000162,-0.008333238760060245,0.026278031235942172
10381,133.81000000001623,-0.008333241311180772,0.026278023220103277
10382,133.82000000001622,-0.008333243861381054,0.02627801520718774
10383,133.83000000001624,-0.0083332464106615,0.026278007197194236
10384,133.84000000001623,-0.008333248959022523,0.026277999190121443
10385,133.85000000001622,-0.008333251506464537,0.026277991185968054
10386,133.86000000001624,-0.008333254052987949,0.02627798318473273
10387,133.87000000001623,-0.00833325659859317,0.026277975186414164
10388,133.88000000001625,-0.008333259143280616,0.02627796719101103
10389,133.89000000001624,-0.008333261687050685,0.026277959198521997
10390,133.90000000001623,-0.008333264229903796,0.026277951208945768
10391,133.91000000001623,-0.008333266771840361,0.026277943222281025
10392,133.92000000001624,-0.00833326931286078,0.02627793523852643
10393,133.93000000001626,-0.008333271852965469,0.02627792725768069
10394,133.94000000001625,-0.008333274392154833,0.026277919279742466
10395,133.95000000001625,-0.008333276930429285,0.02627791130471047
10396,133.96000000001624,-0.008333279467789235,0.026277903332583383
10397,133.97000000001626,-0.008333282004235082,0.02627789536335987
10398,133.98000000001625,-0.008333284539767241,0.026277887397038634
10399,133.99000000001627,-0.008333287074386119,0.026277879433618367
10400,134.00000000001626,-0.008333289608092126,0.026277871473097764
10401,134.01000000001625,-0.008333292140885665,0.02627786351547549
10402,134.02000000001627,-0.008333294672767147,0.02627785556075025
10403,134.03000000001626,-0.008333297203736975,0.026277847608920747
10404,134.04000000001628,-0.008333299733795554,0.026277839659985647
10405,134.05000000001627,-0.0083333022629433,0.02627783171394366
10406,134.06000000001626,-0.008333304791180616,0.02627782377079349
10407,134.07000000001625,-0.008333307318507899,0.026277815830533797
10408,134.08000000001627,-0.008333309844925564,0.026277807893163307
10409,134.0900000000163,-0.008333312370434016,0.0262777999586807
10410,134.10000000001628,-0.008333314895033661,0.026277792027084683
10411,134.11000000001627,-0.0083333174187249,0.02627778409837394
10412,134.12000000001626,-0.00833331994150814,0.02627777617254717
10413,134.13000000001628,-0.008333322463383785,0.026277768249603085
10414,134.14000000001627,-0.008333324984352243,0.026277760329540375
10415,134.1500000000163,-0.008333327504413917,0.026277752412357736
10416,134.16000000001628,-0.008333330023569207,0.026277744498053864
10417,134.17000000001627,-0.008333332541818523,0.026277736586627482
10418,134.1800000000163,-0.008333335059162264,0.026277728678077268
10419,134.19000000001628,-0.00833333757560084,0.026277720772401942
10420,134.2000000000163,-0.008333340091134643,0.026277712869600185
10421,134.2100000000163,-0.00833334260576409,0.026277704969670728
10422,134.22000000001628,-0.008333345119489573,0.026277697072612256
10423,134.23000000001628,-0.0083333476323115,0.026277689178423484
10424,134.2400000000163,-0.008333350144230273,0.026277681287103116
10425,134.2500000000163,-0.008333352655246293,0.026277673398649854
10426,134.2600000000163,-0.00833335516535996,0.026277665513062404
10427,134.2700000000163,-0.008333357674571681,0.02627765763033949
10428,134.2800000000163,-0.008333360182881855,0.026277649750479807
10429,134.2900000000163,-0.00833336269029088,0.02627764187348206
10430,134.3000000000163,-0.008333365196799164,0.026277633999344973
10431,134.31000000001632,-0.008333367702407102,0.026277626128067243
10432,134.3200000000163,-0.0083333702071151,0.026277618259647598
10433,134.3300000000163,-0.008333372710923555,0.02627761039408474
10434,134.34000000001632,-0.008333375213832865,0.026277602531377373
10435,134.3500000000163,-0.008333377715843436,0.026277594671524237
10436,134.36000000001633,-0.008333380216955665,0.02627758681452402
10437,134.37000000001632,-0.00833338271716995,0.02627757896037545
10438,134.3800000000163,-0.008333385216486694,0.026277571109077236
10439,134.3900000000163,-0.008333387714906292,0.026277563260628103
10440,134.40000000001632,-0.008333390212429148,0.026277555415026757
10441,134.41000000001634,-0.008333392709055656,0.026277547572271926
10442,134.42000000001633,-0.008333395204786218,0.026277539732362323
10443,134.43000000001632,-0.00833339769962123,0.026277531895296666
10444,134.4400000000163,-0.008333400193561095,0.026277524061073684
10445,134.45000000001633,-0.008333402686606204,0.02627751622969209
10446,134.46000000001632,-0.008333405178756961,0.026277508401150607
10447,134.47000000001634,-0.008333407670013759,0.02627750057544795
10448,134.48000000001633,-0.008333410160376998,0.026277492752582853
10449,134.49000000001632,-0.008333412649847074,0.026277484932554038
10450,134.50000000001634,-0.008333415138424383,0.02627747711536022
10451,134.51000000001633,-0.008333417626109323,0.026277469301000125
10452,134.52000000001635,-0.008333420112902293,0.026277461489472492
10453,134.53000000001634,-0.008333422598803684,0.026277453680776032
10454,134.54000000001633,-0.008333425083813895,0.026277445874909478
10455,134.55000000001633,-0.008333427567933325,0.02627743807187156
10456,134.56000000001634,-0.008333430051162362,0.026277430271660997
10457,134.57000000001636,-0.008333432533501411,0.026277422474276526
10458,134.58000000001635,-0.008333435014950857,0.026277414679716875
10459,134.59000000001635,-0.008333437495511103,0.02627740688798078
10460,134.60000000001634,-0.008333439975182539,0.026277399099066956
10461,134.61000000001636,-0.008333442453965563,0.02627739131297415
10462,134.62000000001635,-0.008333444931860565,0.026277383529701086
10463,134.63000000001637,-0.008333447408867945,0.026277375749246504
10464,134.64000000001636,-0.008333449884988093,0.02627736797160912
10465,134.65000000001635,-0.008333452360221403,0.026277360196787693
10466,134.66000000001637,-0.008333454834568273,0.026277352424780947
10467,134.67000000001636,-0.008333457308029089,0.026277344655587613
10468,134.68000000001638,-0.00833345978060425,0.026277336889206433
10469,134.69000000001637,-0.008333462252294145,0.026277329125636142
10470,134.70000000001636,-0.008333464723099168,0.026277321364875473
10471,134.71000000001635,-0.008333467193019712,0.026277313606923168
10472,134.72000000001637,-0.008333469662056173,0.02627730585177798
10473,134.7300000000164,-0.008333472130208934,0.026277298099438618
10474,134.74000000001638,-0.008333474597478395,0.026277290349903858
10475,134.75000000001637,-0.008333477063864947,0.026277282603172414
10476,134.76000000001636,-0.008333479529368977,0.026277274859243038
10477,134.77000000001638,-0.008333481993990876,0.026277267118114477
10478,134.78000000001637,-0.008333484457731041,0.02627725937978546
10479,134.7900000000164,-0.00833348692058986,0.026277251644254745
10480,134.80000000001638,-0.008333489382567725,0.02627724391152108
10481,134.81000000001637,-0.00833349184366502,0.02627723618158319
10482,134.8200000000164,-0.00833349430388214,0.026277228454439833
10483,134.83000000001638,-0.00833349676321948,0.026277220730089756
10484,134.8400000000164,-0.00833349922167742,0.026277213008531707
10485,134.8500000000164,-0.008333501679256358,0.026277205289764433
10486,134.86000000001638,-0.008333504135956678,0.026277197573786677
10487,134.87000000001638,-0.008333506591778771,0.026277189860597197
10488,134.8800000000164,-0.008333509046723024,0.02627718215019474
10489,134.8900000000164,-0.00833351150078983,0.026277174442578054
10490,134.9000000000164,-0.008333513953979573,0.026277166737745886
10491,134.9100000000164,-0.008333516406292646,0.026277159035697
10492,134.9200000000164,-0.008333518857729436,0.02627715133643014
10493,134.9300000000164,-0.008333521308290327,0.026277143639944055
10494,134.9400000000164,-0.008333523757975709,0.026277135946237516
10495,134.95000000001642,-0.008333526206785973,0.026277128255309264
10496,134.9600000000164,-0.0083335286547215,0.02627712056715805
10497,134.9700000000164,-0.008333531101782683,0.02627711288178264
10498,134.98000000001642,-0.008333533547969904,0.026277105199181784
10499,134.9900000000164,-0.008333535993283552,0.026277097519354246
10500,135.00000000001643,-0.008333538437724016,0.026277089842298783
10501,135.01000000001642,-0.00833354088129168,0.026277082168014155
10502,135.0200000000164,-0.008333543323986928,0.026277074496499103
10503,135.0300000000164,-0.008333545765810151,0.026277066827752417
10504,135.04000000001642,-0.008333548206761729,0.026277059161772837
10505,135.05000000001644,-0.00833355064684205,0.026277051498559117
10506,135.06000000001643,-0.008333553086051501,0.026277043838110047
10507,135.07000000001642,-0.008333555524390465,0.026277036180424367
10508,135.0800000000164,-0.008333557961859325,0.02627702852550084
10509,135.09000000001643,-0.008333560398458471,0.026277020873338244
10510,135.10000000001642,-0.008333562834188284,0.026277013223935337
10511,135.11000000001644,-0.008333565269049149,0.02627700557729088
10512,135.12000000001643,-0.008333567703041446,0.026276997933403646
10513,135.13000000001642,-0.00833357013616557,0.0262769902922724
10514,135.14000000001644,-0.00833357256842189,0.026276982653895897
10515,135.15000000001643,-0.008333574999810802,0.026276975018272926
10516,135.16000000001645,-0.008333577430332684,0.026276967385402243
10517,135.17000000001644,-0.008333579859987917,0.026276959755282613
10518,135.18000000001643,-0.008333582288776887,0.026276952127912822
10519,135.19000000001643,-0.008333584716699973,0.026276944503291617
10520,135.20000000001644,-0.008333587143757565,0.026276936881417797
10521,135.21000000001646,-0.008333589569950036,0.026276929262290107
10522,135.22000000001646,-0.008333591995277776,0.02627692164590734
10523,135.23000000001645,-0.00833359441974116,0.026276914032268252
10524,135.24000000001644,-0.008333596843340571,0.026276906421371635
10525,135.25000000001646,-0.008333599266076396,0.026276898813216248
10526,135.26000000001645,-0.008333601687949015,0.026276891207800877
10527,135.27000000001647,-0.008333604108958802,0.02627688360512429
10528,135.28000000001646,-0.008333606529106143,0.02627687600518527
10529,135.29000000001645,-0.008333608948391419,0.026276868407982587
10530,135.30000000001647,-0.008333611366815007,0.026276860813515022
10531,135.31000000001646,-0.008333613784377292,0.02627685322178136
10532,135.32000000001648,-0.008333616201078652,0.026276845632780366
10533,135.33000000001647,-0.008333618616919466,0.026276838046510837
10534,135.34000000001646,-0.008333621031900116,0.026276830462971534
10535,135.35000000001645,-0.008333623446020975,0.026276822882161252
10536,135.36000000001647,-0.008333625859282427,0.026276815304078768
10537,135.3700000000165,-0.008333628271684853,0.026276807728722866
10538,135.38000000001648,-0.00833363068322863,0.02627680015609233
10539,135.39000000001647,-0.008333633093914135,0.026276792586185937
10540,135.40000000001646,-0.00833363550374175,0.026276785019002488
10541,135.41000000001648,-0.008333637912711848,0.02627677745454074
10542,135.42000000001647,-0.00833364032082481,0.026276769892799503
10543,135.4300000000165,-0.008333642728081014,0.026276762333777556
10544,135.44000000001648,-0.008333645134480839,0.026276754777473682
10545,135.45000000001647,-0.008333647540024658,0.026276747223886673
10546,135.4600000000165,-0.008333649944712852,0.02627673967301531
10547,135.47000000001648,-0.008333652348545797,0.026276732124858388
10548,135.4800000000165,-0.008333654751523869,0.026276724579414698
10549,135.4900000000165,-0.008333657153647443,0.02627671703668303
10550,135.50000000001648,-0.008333659554916904,0.026276709496662172
10551,135.51000000001648,-0.00833366195533262,0.026276701959350914
10552,135.5200000000165,-0.008333664354894967,0.026276694424748052
10553,135.5300000000165,-0.008333666753604323,0.02627668689285237
10554,135.5400000000165,-0.008333669151461066,0.026276679363662677
10555,135.5500000000165,-0.008333671548465567,0.026276671837177756
10556,135.5600000000165,-0.008333673944618201,0.0262766643133964
10557,135.5700000000165,-0.008333676339919348,0.026276656792317405
10558,135.5800000000165,-0.00833367873436938,0.026276649273939582
10559,135.59000000001652,-0.008333681127968671,0.026276641758261703
10560,135.6000000000165,-0.008333683520717599,0.02627663424528259
10561,135.6100000000165,-0.008333685912616533,0.026276626735001016
10562,135.62000000001652,-0.00833368830366585,0.0262766192274158
10563,135.6300000000165,-0.00833369069386592,0.026276611722525725
10564,135.64000000001653,-0.008333693083217124,0.02627660422032961
10565,135.65000000001652,-0.008333695471719828,0.026276596720826235
10566,135.6600000000165,-0.008333697859374411,0.026276589224014418
10567,135.6700000000165,-0.008333700246181245,0.02627658172989295
10568,135.68000000001652,-0.0083337026321407,0.026276574238460637
10569,135.69000000001654,-0.008333705017253149,0.02627656674971628
10570,135.70000000001653,-0.008333707401518968,0.026276559263658683
10571,135.71000000001652,-0.008333709784938527,0.026276551780286657
10572,135.7200000000165,-0.008333712167512197,0.026276544299599
10573,135.73000000001653,-0.008333714549240348,0.026276536821594507
10574,135.74000000001652,-0.00833371693012336,0.026276529346272018
10575,135.75000000001654,-0.008333719310161598,0.026276521873630304
10576,135.76000000001653,-0.008333721689355433,0.026276514403668183
10577,135.77000000001652,-0.008333724067705236,0.026276506936384475
10578,135.78000000001654,-0.008333726445211383,0.026276499471777976
10579,135.79000000001653,-0.008333728821874239,0.0262764920098475
10580,135.80000000001655,-0.00833373119769418,0.02627648455059186
10581,135.81000000001654,-0.008333733572671568,0.02627647709400985
10582,135.82000000001653,-0.00833373594680678,0.02627646964010031
10583,135.83000000001653,-0.008333738320100186,0.026276462188862034
10584,135.84000000001654,-0.00833374069255215,0.02627645474029383
10585,135.85000000001656,-0.008333743064163051,0.026276447294394528
10586,135.86000000001656,-0.008333745434933251,0.02627643985116292
10587,135.87000000001655,-0.00833374780486312,0.026276432410597836
10588,135.88000000001654,-0.008333750173953026,0.026276424972698085
10589,135.89000000001656,-0.008333752542203341,0.026276417537462488
10590,135.90000000001655,-0.008333754909614435,0.026276410104889857
10591,135.91000000001657,-0.008333757276186671,0.026276402674979014
10592,135.92000000001656,-0.008333759641920417,0.026276395247728766
10593,135.93000000001655,-0.008333762006816047,0.02627638782313794
10594,135.94000000001657,-0.008333764370873924,0.026276380401205356
10595,135.95000000001656,-0.00833376673409442,0.02627637298192983
10596,135.96000000001658,-0.0083337690964779,0.02627636556531018
10597,135.97000000001657,-0.008333771458024726,0.026276358151345235
10598,135.98000000001656,-0.008333773818735273,0.026276350740033802
10599,135.99000000001655,-0.008333776178609907,0.02627634333137472
10600,136.00000000001657,-0.00833377853764899,0.026276335925366802
10601,136.0100000000166,-0.008333780895852887,0.02627632852200886
10602,136.02000000001658,-0.008333783253221974,0.026276321121299743
10603,136.03000000001657,-0.008333785609756608,0.02627631372323826
10604,136.04000000001656,-0.008333787965457161,0.02627630632782324
10605,136.05000000001658,-0.008333790320323988,0.026276298935053496
10606,136.06000000001657,-0.008333792674357469,0.026276291544927877
10607,136.0700000000166,-0.00833379502755796,0.026276284157445196
10608,136.08000000001658,-0.00833379737992583,0.026276276772604287
10609,136.09000000001657,-0.008333799731461441,0.026276269390403964
10610,136.1000000000166,-0.008333802082165161,0.026276262010843075
10611,136.11000000001658,-0.008333804432037352,0.026276254633920443
10612,136.1200000000166,-0.008333806781078378,0.026276247259634893
10613,136.1300000000166,-0.008333809129288607,0.026276239887985255
10614,136.14000000001658,-0.008333811476668396,0.026276232518970363
10615,136.15000000001658,-0.008333813823218112,0.026276225152589056
10616,136.1600000000166,-0.008333816168938125,0.026276217788840164
10617,136.1700000000166,-0.008333818513828788,0.02627621042772251
10618,136.1800000000166,-0.008333820857890473,0.026276203069234935
10619,136.1900000000166,-0.008333823201123537,0.026276195713376277
10620,136.2000000000166,-0.008333825543528343,0.02627618836014536
10621,136.2100000000166,-0.008333827885105258,0.026276181009541037
10622,136.2200000000166,-0.008333830225854643,0.026276173661562128
10623,136.23000000001662,-0.008333832565776855,0.026276166316207477
10624,136.2400000000166,-0.008333834904872264,0.026276158973475926
10625,136.2500000000166,-0.008333837243141228,0.0262761516333663
10626,136.26000000001662,-0.008333839580584108,0.026276144295877452
10627,136.2700000000166,-0.008333841917201266,0.026276136961008216
10628,136.28000000001663,-0.008333844252993062,0.02627612962875742
10629,136.29000000001662,-0.00833384658795986,0.026276122299123923
10630,136.3000000000166,-0.008333848922102018,0.026276114972106558
10631,136.3100000000166,-0.008333851255419902,0.026276107647704168
10632,136.32000000001662,-0.008333853587913864,0.02627610032591559
10633,136.33000000001664,-0.008333855919584271,0.026276093006739682
10634,136.34000000001663,-0.008333858250431484,0.026276085690175276
10635,136.35000000001662,-0.008333860580455857,0.026276078376221212
10636,136.3600000000166,-0.008333862909657753,0.026276071064876345
10637,136.37000000001663,-0.008333865238037532,0.02627606375613951
10638,136.38000000001662,-0.008333867565595557,0.026276056450009574
10639,136.39000000001664,-0.00833386989233218,0.02627604914648536
10640,136.40000000001663,-0.008333872218247764,0.026276041845565732
10641,136.41000000001662,-0.008333874543342668,0.026276034547249524
10642,136.42000000001664,-0.008333876867617246,0.026276027251535588
10643,136.43000000001663,-0.008333879191071864,0.026276019958422783
10644,136.44000000001665,-0.008333881513706873,0.026276012667909954
10645,136.45000000001664,-0.008333883835522637,0.02627600537999595
10646,136.46000000001663,-0.008333886156519511,0.02627599809467962
10647,136.47000000001663,-0.008333888476697856,0.026275990811959818
10648,136.48000000001664,-0.008333890796058022,0.02627598353183539
10649,136.49000000001666,-0.008333893114600375,0.02627597625430521
10650,136.50000000001666,-0.008333895432325267,0.026275968979368104
10651,136.51000000001665,-0.008333897749233054,0.02627596170702294
10652,136.52000000001664,-0.0083339000653241,0.02627595443726858
10653,136.53000000001666,-0.008333902380598751,0.026275947170103855
10654,136.54000000001665,-0.008333904695057372,0.026275939905527644
10655,136.55000000001667,-0.008333907008700316,0.026275932643538797
10656,136.56000000001666,-0.008333909321527938,0.02627592538413617
10657,136.57000000001665,-0.008333911633540596,0.02627591812731862
10658,136.58000000001667,-0.008333913944738645,0.026275910873085007
10659,136.59000000001666,-0.00833391625512244,0.026275903621434185
10660,136.60000000001668,-0.008333918564692339,0.026275896372365017
10661,136.61000000001667,-0.008333920873448693,0.02627588912587637
10662,136.62000000001666,-0.008333923181391856,0.026275881881967094
10663,136.63000000001665,-0.008333925488522187,0.026275874640636052
10664,136.64000000001667,-0.00833392779484004,0.026275867401882112
10665,136.6500000000167,-0.008333930100345768,0.026275860165704133
10666,136.66000000001668,-0.008333932405039723,0.02627585293210097
10667,136.67000000001667,-0.008333934708922262,0.026275845701071505
10668,136.68000000001666,-0.00833393701199374,0.026275838472614586
10669,136.69000000001668,-0.00833393931425451,0.026275831246729088
10670,136.70000000001667,-0.008333941615704922,0.026275824023413875
10671,136.7100000000167,-0.008333943916345333,0.026275816802667808
10672,136.72000000001668,-0.008333946216176094,0.02627580958448976
10673,136.73000000001667,-0.008333948515197557,0.02627580236887859
10674,136.7400000000167,-0.008333950813410077,0.026275795155833167
10675,136.75000000001668,-0.008333953110814005,0.02627578794535237
10676,136.7600000000167,-0.008333955407409695,0.026275780737435063
10677,136.7700000000167,-0.008333957703197498,0.02627577353208011
10678,136.78000000001668,-0.00833395999817777,0.026275766329286396
10679,136.79000000001668,-0.008333962292350852,0.026275759129052757
10680,136.8000000000167,-0.008333964585717106,0.02627575193137811
10681,136.81000000001671,-0.008333966878276882,0.026275744736261306
10682,136.8200000000167,-0.008333969170030524,0.02627573754370121
10683,136.8300000000167,-0.008333971460978393,0.026275730353696708
10684,136.8400000000167,-0.00833397375112083,0.02627572316624666
10685,136.8500000000167,-0.008333976040458196,0.026275715981349958
10686,136.8600000000167,-0.008333978328990833,0.02627570879900547
10687,136.87000000001672,-0.008333980616719095,0.026275701619212066
10688,136.8800000000167,-0.008333982903643337,0.026275694441968638
10689,136.8900000000167,-0.008333985189763896,0.02627568726727403
10690,136.90000000001672,-0.008333987475081135,0.026275680095127162
10691,136.9100000000167,-0.008333989759595394,0.026275672925526877
10692,136.92000000001673,-0.00833399204330703,0.02627566575847208
10693,136.93000000001672,-0.008333994326216388,0.02627565859396163
10694,136.9400000000167,-0.008333996608323815,0.026275651431994416
10695,136.9500000000167,-0.008333998889629666,0.02627564427256932
10696,136.96000000001672,-0.00833400117013428,0.026275637115685212
10697,136.97000000001674,-0.00833400344983802,0.026275629961340995
10698,136.98000000001673,-0.008334005728741222,0.026275622809535527
10699,136.99000000001672,-0.008334008006844236,0.026275615660267704
10700,137.0000000000167,-0.008334010284147418,0.026275608513536417
10701,137.01000000001673,-0.008334012560651105,0.02627560136934053
10702,137.02000000001672,-0.008334014836355652,0.026275594227678944
10703,137.03000000001674,-0.008334017111261405,0.02627558708855054
10704,137.04000000001673,-0.008334019385368705,0.026275579951954193
10705,137.05000000001672,-0.008334021658677911,0.026275572817888802
10706,137.06000000001674,-0.00833402393118936,0.02627556568635326
10707,137.07000000001673,-0.0083340262029034,0.02627555855734643
10708,137.08000000001675,-0.008334028473820383,0.026275551430867225
10709,137.09000000001674,-0.008334030743940648,0.026275544306914516
10710,137.10000000001673,-0.008334033013264547,0.0262755371854872
10711,137.11000000001673,-0.008334035281792421,0.02627553006658417
10712,137.12000000001674,-0.008334037549524621,0.02627552295020431
10713,137.13000000001676,-0.008334039816461488,0.026275515836346516
10714,137.14000000001676,-0.008334042082603372,0.026275508725009673
10715,137.15000000001675,-0.008334044347950613,0.02627550161619268
10716,137.16000000001674,-0.008334046612503561,0.026275494509894432
10717,137.17000000001676,-0.008334048876262557,0.02627548740611381
10718,137.18000000001675,-0.00833405113922795,0.026275480304849726
10719,137.19000000001677,-0.008334053401400079,0.026275473206101053
10720,137.20000000001676,-0.008334055662779295,0.026275466109866703
10721,137.21000000001675,-0.00833405792336594,0.026275459016145575
10722,137.22000000001677,-0.008334060183160349,0.02627545192493654
10723,137.23000000001676,-0.008334062442162875,0.026275444836238518
10724,137.24000000001678,-0.008334064700373863,0.026275437750050402
10725,137.25000000001677,-0.008334066957793655,0.026275430666371086
10726,137.26000000001676,-0.00833406921442259,0.02627542358519947
10727,137.27000000001675,-0.008334071470261013,0.026275416506534456
10728,137.28000000001677,-0.008334073725309268,0.02627540943037494
10729,137.2900000000168,-0.008334075979567698,0.02627540235671982
10730,137.30000000001678,-0.008334078233036644,0.026275395285567996
10731,137.31000000001677,-0.008334080485716452,0.026275388216918376
10732,137.32000000001676,-0.008334082737607459,0.026275381150769866
10733,137.33000000001678,-0.00833408498871001,0.026275374087121352
10734,137.34000000001677,-0.008334087239024448,0.02627536702597176
10735,137.3500000000168,-0.008334089488551114,0.026275359967319983
10736,137.36000000001678,-0.008334091737290347,0.026275352911164913
10737,137.37000000001677,-0.008334093985242487,0.026275345857505465
10738,137.3800000000168,-0.008334096232407884,0.026275338806340556
10739,137.39000000001678,-0.008334098478786868,0.026275331757669072
10740,137.4000000000168,-0.008334100724379788,0.026275324711489932
10741,137.4100000000168,-0.00833410296918698,0.02627531766780204
10742,137.42000000001678,-0.008334105213208785,0.026275310626604303
10743,137.43000000001678,-0.008334107456445545,0.026275303587895628
10744,137.4400000000168,-0.0083341096988976,0.026275296551674935
10745,137.45000000001681,-0.008334111940565289,0.026275289517941117
10746,137.4600000000168,-0.008334114181448953,0.026275282486693093
10747,137.4700000000168,-0.008334116421548927,0.026275275457929775
10748,137.4800000000168,-0.008334118660865558,0.02627526843165007
10749,137.4900000000168,-0.00833412089939918,0.026275261407852895
10750,137.5000000000168,-0.008334123137150129,0.02627525438653715
10751,137.51000000001682,-0.008334125374118751,0.026275247367701766
10752,137.5200000000168,-0.008334127610305381,0.026275240351345645
10753,137.5300000000168,-0.008334129845710359,0.0262752333374677
10754,137.54000000001682,-0.008334132080334022,0.02627522632606686
10755,137.5500000000168,-0.00833413431417671,0.02627521931714202
10756,137.56000000001683,-0.008334136547238758,0.02627521231069211
10757,137.57000000001682,-0.008334138779520505,0.02627520530671604
10758,137.5800000000168,-0.008334141011022292,0.02627519830521273
10759,137.5900000000168,-0.00833414324174445,0.026275191306181094
10760,137.60000000001682,-0.00833414547168732,0.02627518430962006
10761,137.61000000001684,-0.008334147700851238,0.026275177315528527
10762,137.62000000001683,-0.008334149929236544,0.026275170323905434
10763,137.63000000001682,-0.00833415215684357,0.02627516333474969
10764,137.6400000000168,-0.00833415438367266,0.026275156348060224
10765,137.65000000001683,-0.00833415660972414,0.026275149363835945
10766,137.66000000001682,-0.008334158834998355,0.026275142382075782
10767,137.67000000001684,-0.008334161059495636,0.026275135402778652
10768,137.68000000001683,-0.00833416328321632,0.026275128425943487
10769,137.69000000001682,-0.008334165506160743,0.026275121451569208
10770,137.70000000001684,-0.008334167728329244,0.02627511447965473
10771,137.71000000001683,-0.008334169949722154,0.02627510751019899
10772,137.72000000001685,-0.008334172170339807,0.026275100543200893
10773,137.73000000001684,-0.008334174390182544,0.026275093578659387
10774,137.74000000001683,-0.008334176609250692,0.026275086616573386
10775,137.75000000001683,-0.008334178827544595,0.02627507965694182
10776,137.76000000001684,-0.008334181045064578,0.02627507269976361
10777,137.77000000001686,-0.008334183261810981,0.02627506574503769
10778,137.78000000001686,-0.008334185477784136,0.02627505879276299
10779,137.79000000001685,-0.008334187692984378,0.026275051842938428
10780,137.80000000001684,-0.008334189907412044,0.02627504489556295
10781,137.81000000001686,-0.00833419212106746,0.026275037950635467
10782,137.82000000001685,-0.008334194333950969,0.026275031008154932
10783,137.83000000001687,-0.008334196546062893,0.026275024068120257
10784,137.84000000001686,-0.008334198757403573,0.02627501713053038
10785,137.85000000001685,-0.008334200967973342,0.026275010195384238
10786,137.86000000001687,-0.008334203177772528,0.02627500326268075
10787,137.87000000001686,-0.008334205386801468,0.026274996332418865
10788,137.88000000001688,-0.008334207595060492,0.0262749894045975
10789,137.89000000001687,-0.008334209802549935,0.02627498247921561
10790,137.90000000001686,-0.008334212009270125,0.026274975556272114
10791,137.91000000001685,-0.008334214215221398,0.026274968635765956
10792,137.92000000001687,-0.008334216420404082,0.02627496171769607
10793,137.9300000000169,-0.00833421862481851,0.026274954802061386
10794,137.94000000001688,-0.008334220828465017,0.026274947888860853
10795,137.95000000001687,-0.008334223031343927,0.026274940978093398
10796,137.96000000001686,-0.008334225233455577,0.02627493406975797
10797,137.97000000001688,-0.008334227434800296,0.026274927163853497
10798,137.98000000001687,-0.008334229635378413,0.02627492026037892
10799,137.9900000000169,-0.008334231835190262,0.026274913359333192
10800,138.00000000001688,-0.00833423403423617,0.026274906460715234
10801,138.01000000001687,-0.00833423623251647,0.026274899564524
10802,138.0200000000169,-0.008334238430031492,0.02627489267075844
10803,138.03000000001688,-0.008334240626781562,0.02627488577941747
10804,138.0400000000169,-0.008334242822767013,0.02627487889050005
10805,138.0500000000169,-0.008334245017988174,0.026274872004005124
10806,138.06000000001688,-0.008334247212445375,0.026274865119931632
10807,138.07000000001688,-0.008334249406138942,0.02627485823827852
10808,138.0800000000169,-0.008334251599069207,0.026274851359044726
10809,138.09000000001691,-0.008334253791236501,0.02627484448222921
10810,138.1000000000169,-0.008334255982641146,0.0262748376078309
10811,138.1100000000169,-0.008334258173283477,0.02627483073584876
10812,138.1200000000169,-0.008334260363163818,0.02627482386628172
10813,138.1300000000169,-0.0083342625522825,0.026274816999128748
10814,138.1400000000169,-0.00833426474063985,0.026274810134388774
10815,138.15000000001692,-0.008334266928236193,0.026274803272060752
10816,138.1600000000169,-0.008334269115071864,0.026274796412143638
10817,138.1700000000169,-0.008334271301147183,0.026274789554636382
10818,138.18000000001692,-0.00833427348646248,0.026274782699537917
10819,138.1900000000169,-0.00833427567101808,0.026274775846847214
10820,138.20000000001693,-0.008334277854814314,0.026274768996563207
10821,138.21000000001692,-0.008334280037851508,0.026274762148684867
10822,138.2200000000169,-0.008334282220129987,0.026274755303211144
10823,138.2300000000169,-0.008334284401650079,0.026274748460140978
10824,138.24000000001692,-0.008334286582412108,0.026274741619473328
10825,138.25000000001694,-0.008334288762416403,0.026274734781207155
10826,138.26000000001693,-0.008334290941663288,0.026274727945341407
10827,138.27000000001692,-0.008334293120153088,0.026274721111875038
10828,138.2800000000169,-0.008334295297886133,0.02627471428080701
10829,138.29000000001693,-0.008334297474862742,0.02627470745213628
10830,138.30000000001692,-0.008334299651083246,0.026274700625861794
10831,138.31000000001694,-0.008334301826547968,0.026274693801982524
10832,138.32000000001693,-0.00833430400125723,0.026274686980497418
10833,138.33000000001692,-0.00833430617521136,0.026274680161405432
10834,138.34000000001694,-0.008334308348410686,0.026274673344705537
10835,138.35000000001693,-0.008334310520855525,0.026274666530396687
10836,138.36000000001695,-0.008334312692546206,0.026274659718477842
10837,138.37000000001694,-0.008334314863483053,0.026274652908947958
10838,138.38000000001693,-0.008334317033666388,0.026274646101806007
10839,138.39000000001693,-0.008334319203096536,0.026274639297050942
10840,138.40000000001695,-0.008334321371773822,0.026274632494681732
10841,138.41000000001696,-0.008334323539698565,0.02627462569469733
10842,138.42000000001696,-0.008334325706871095,0.026274618897096706
10843,138.43000000001695,-0.00833432787329173,0.026274612101878828
10844,138.44000000001694,-0.008334330038960794,0.02627460530904266
10845,138.45000000001696,-0.00833433220387861,0.026274598518587152
10846,138.46000000001695,-0.008334334368045497,0.026274591730511287
10847,138.47000000001697,-0.008334336531461784,0.02627458494481402
10848,138.48000000001696,-0.008334338694127794,0.026274578161494335
10849,138.49000000001695,-0.00833434085604384,0.02627457138055118
10850,138.50000000001697,-0.008334343017210255,0.026274564601983533
10851,138.51000000001696,-0.008334345177627352,0.02627455782579036
10852,138.52000000001698,-0.008334347337295456,0.026274551051970626
10853,138.53000000001697,-0.008334349496214888,0.026274544280523306
10854,138.54000000001696,-0.008334351654385974,0.026274537511447368
10855,138.55000000001695,-0.008334353811809029,0.02627453074474178
10856,138.56000000001697,-0.008334355968484374,0.02627452398040552
10857,138.570000000017,-0.008334358124412335,0.02627451721843755
10858,138.58000000001698,-0.008334360279593226,0.026274510458836855
10859,138.59000000001697,-0.008334362434027371,0.02627450370160239
10860,138.60000000001696,-0.008334364587715092,0.026274496946733138
10861,138.61000000001698,-0.008334366740656707,0.026274490194228076
10862,138.62000000001697,-0.008334368892852538,0.026274483444086175
10863,138.630000000017,-0.0083343710443029,0.02627447669630641
10864,138.64000000001698,-0.008334373195008115,0.02627446995088775
10865,138.65000000001697,-0.008334375344968505,0.026274463207829186
10866,138.660000000017,-0.00833437749418439,0.026274456467129677
10867,138.67000000001698,-0.008334379642656084,0.026274449728788205
10868,138.680000000017,-0.00833438179038391,0.02627444299280376
10869,138.690000000017,-0.008334383937368182,0.0262744362591753
10870,138.70000000001698,-0.008334386083609226,0.026274429527901825
10871,138.71000000001698,-0.008334388229107358,0.0262744227989823
10872,138.720000000017,-0.008334390373862894,0.0262744160724157
10873,138.73000000001701,-0.00833439251787615,0.026274409348201022
10874,138.740000000017,-0.008334394661147451,0.026274402626337227
10875,138.750000000017,-0.008334396803677112,0.02627439590682332
10876,138.760000000017,-0.008334398945465447,0.026274389189658257
10877,138.770000000017,-0.008334401086512776,0.02627438247484103
10878,138.780000000017,-0.008334403226819422,0.02627437576237063
10879,138.79000000001702,-0.008334405366385692,0.026274369052246036
10880,138.800000000017,-0.008334407505211909,0.026274362344466222
10881,138.810000000017,-0.00833440964329839,0.026274355639030186
10882,138.82000000001702,-0.008334411780645451,0.026274348935936907
10883,138.830000000017,-0.008334413917253407,0.02627434223518537
10884,138.84000000001703,-0.008334416053122577,0.026274335536774558
10885,138.85000000001702,-0.008334418188253274,0.026274328840703465
10886,138.860000000017,-0.00833442032264582,0.02627432214697108
10887,138.870000000017,-0.008334422456300523,0.026274315455576368
10888,138.88000000001702,-0.0083344245892177,0.026274308766518338
10889,138.89000000001704,-0.008334426721397675,0.026274302079795978
10890,138.90000000001703,-0.008334428852840756,0.026274295395408268
10891,138.91000000001702,-0.00833443098354726,0.026274288713354202
10892,138.920000000017,-0.008334433113517501,0.026274282033632773
10893,138.93000000001703,-0.008334435242751794,0.026274275356242972
10894,138.94000000001702,-0.008334437371250456,0.026274268681183776
10895,138.95000000001704,-0.0083344394990138,0.0262742620084542
10896,138.96000000001703,-0.008334441626042141,0.026274255338053224
10897,138.97000000001702,-0.008334443752335791,0.026274248669979825
10898,138.98000000001704,-0.00833444587789507,0.02627424200423303
10899,138.99000000001703,-0.008334448002720285,0.026274235340811806
10900,139.00000000001705,-0.008334450126811754,0.026274228679715152
10901,139.01000000001704,-0.00833445225016979,0.026274222020942074
10902,139.02000000001703,-0.008334454372794708,0.026274215364491562
10903,139.03000000001703,-0.008334456494686815,0.026274208710362595
10904,139.04000000001705,-0.00833445861584643,0.026274202058554196
10905,139.05000000001706,-0.00833446073627387,0.026274195409065355
10906,139.06000000001706,-0.008334462855969437,0.026274188761895054
10907,139.07000000001705,-0.00833446497493345,0.026274182117042303
10908,139.08000000001704,-0.00833446709316622,0.0262741754745061
10909,139.09000000001706,-0.008334469210668063,0.026274168834285447
10910,139.10000000001705,-0.008334471327439285,0.026274162196379333
10911,139.11000000001707,-0.008334473443480202,0.026274155560786765
10912,139.12000000001706,-0.008334475558791127,0.026274148927506742
10913,139.13000000001705,-0.008334477673372372,0.026274142296538277
10914,139.14000000001707,-0.008334479787224241,0.02627413566788035
10915,139.15000000001706,-0.008334481900347057,0.02627412904153197
10916,139.16000000001708,-0.00833448401274112,0.02627412241749215
10917,139.17000000001707,-0.008334486124406749,0.026274115795759882
10918,139.18000000001706,-0.00833448823534425,0.026274109176334177
10919,139.19000000001705,-0.008334490345553938,0.026274102559214033
10920,139.20000000001707,-0.00833449245503612,0.02627409594439845
10921,139.2100000000171,-0.008334494563791109,0.026274089331886446
10922,139.22000000001708,-0.008334496671819215,0.026274082721677028
10923,139.23000000001707,-0.008334498779120746,0.02627407611376919
10924,139.24000000001706,-0.008334500885696016,0.02627406950816194
10925,139.25000000001708,-0.008334502991545333,0.0262740629048543
10926,139.26000000001707,-0.008334505096669003,0.02627405630384526
10927,139.2700000000171,-0.008334507201067341,0.02627404970513384
10928,139.28000000001708,-0.008334509304740651,0.026274043108719038
10929,139.29000000001707,-0.008334511407689248,0.02627403651459987
10930,139.3000000000171,-0.008334513509913436,0.026274029922775343
10931,139.31000000001708,-0.008334515611413528,0.026274023333244474
10932,139.3200000000171,-0.008334517712189828,0.02627401674600626
10933,139.3300000000171,-0.00833451981224265,0.02627401016105974
10934,139.34000000001708,-0.008334521911572298,0.02627400357840389
10935,139.35000000001708,-0.008334524010179084,0.026273996998037747
10936,139.3600000000171,-0.008334526108063312,0.026273990419960314
10937,139.37000000001711,-0.008334528205225294,0.026273983844170613
10938,139.3800000000171,-0.008334530301665331,0.026273977270667638
10939,139.3900000000171,-0.00833453239738374,0.026273970699450422
10940,139.4000000000171,-0.008334534492380826,0.026273964130517986
10941,139.4100000000171,-0.008334536586656888,0.026273957563869323
10942,139.4200000000171,-0.00833453868021224,0.026273950999503453
10943,139.43000000001712,-0.008334540773047192,0.02627394443741941
10944,139.4400000000171,-0.008334542865162047,0.02627393787761621
10945,139.4500000000171,-0.008334544956557107,0.02627393132009284
10946,139.46000000001712,-0.00833454704723269,0.02627392476484836
10947,139.4700000000171,-0.00833454913718909,0.02627391821188175
10948,139.48000000001713,-0.008334551226426621,0.026273911661192053
10949,139.49000000001712,-0.008334553314945587,0.026273905112778276
10950,139.5000000000171,-0.008334555402746293,0.02627389856663945
10951,139.5100000000171,-0.00833455748982905,0.026273892022774595
10952,139.52000000001712,-0.008334559576194153,0.026273885481182712
10953,139.53000000001714,-0.00833456166184192,0.026273878941862856
10954,139.54000000001713,-0.008334563746772645,0.02627387240481402
10955,139.55000000001712,-0.008334565830986641,0.026273865870035235
10956,139.5600000000171,-0.008334567914484205,0.026273859337525525
10957,139.57000000001713,-0.00833456999726565,0.026273852807283917
10958,139.58000000001712,-0.00833457207933128,0.026273846279309437
10959,139.59000000001714,-0.008334574160681394,0.026273839753601095
10960,139.60000000001713,-0.0083345762413163,0.026273833230157934
10961,139.61000000001712,-0.0083345783212363,0.026273826708978966
10962,139.62000000001714,-0.008334580400441702,0.026273820190063222
10963,139.63000000001713,-0.008334582478932808,0.026273813673409734
10964,139.64000000001715,-0.00833458455670992,0.02627380715901752
10965,139.65000000001714,-0.00833458663377334,0.026273800646885608
10966,139.66000000001713,-0.008334588710123377,0.026273794137013036
10967,139.67000000001713,-0.008334590785760331,0.026273787629398825
10968,139.68000000001715,-0.00833459286068451,0.02627378112404201
10969,139.69000000001716,-0.008334594934896205,0.026273774620941596
10970,139.70000000001716,-0.008334597008395728,0.026273768120096644
10971,139.71000000001715,-0.008334599081183381,0.026273761621506176
10972,139.72000000001714,-0.008334601153259468,0.02627375512516922
10973,139.73000000001716,-0.008334603224624286,0.026273748631084802
10974,139.74000000001715,-0.008334605295278139,0.026273742139251953
10975,139.75000000001717,-0.008334607365221328,0.026273735649669717
10976,139.76000000001716,-0.008334609434454163,0.026273729162337136
10977,139.77000000001715,-0.008334611502976935,0.026273722677253215
10978,139.78000000001717,-0.008334613570789953,0.026273716194417006
10979,139.79000000001716,-0.008334615637893514,0.026273709713827535
10980,139.80000000001718,-0.008334617704287924,0.026273703235483854
10981,139.81000000001717,-0.008334619769973475,0.02627369675938497
10982,139.82000000001716,-0.008334621834950477,0.02627369028552995
10983,139.83000000001715,-0.008334623899219226,0.0262736838139178
10984,139.84000000001717,-0.008334625962780028,0.026273677344547584
10985,139.8500000000172,-0.008334628025633178,0.026273670877418324
10986,139.86000000001718,-0.008334630087778976,0.02627366441252906
10987,139.87000000001717,-0.008334632149217728,0.02627365794987884
10988,139.88000000001716,-0.008334634209949726,0.026273651489466688
10989,139.89000000001718,-0.008334636269975276,0.026273645031291648
10990,139.90000000001717,-0.008334638329294682,0.026273638575352774
10991,139.9100000000172,-0.00833464038790823,0.026273632121649088
10992,139.92000000001718,-0.008334642445816231,0.02627362567017964
10993,139.93000000001717,-0.00833464450301898,0.026273619220943473
10994,139.9400000000172,-0.008334646559516774,0.026273612773939622
10995,139.95000000001718,-0.008334648615309914,0.02627360632916713
10996,139.9600000000172,-0.008334650670398704,0.02627359988662505
10997,139.9700000000172,-0.008334652724783434,0.026273593446312405
10998,139.98000000001718,-0.00833465477846441,0.026273587008228273
10999,139.99000000001718,-0.008334656831441923,0.026273580572371658
11000,140.0000000000172,-0.008334658883716277,0.02627357413874163
11001,140.01000000001721,-0.008334660935287768,0.026273567707337235
11002,140.0200000000172,-0.008334662986156692,0.026273561278157505
11003,140.0300000000172,-0.008334665036323354,0.026273554851201503
11004,140.0400000000172,-0.008334667085788039,0.026273548426468247
11005,140.0500000000172,-0.00833466913455106,0.02627354200395683
11006,140.0600000000172,-0.008334671182612703,0.026273535583666265
11007,140.07000000001722,-0.008334673229973265,0.026273529165595597
11008,140.0800000000172,-0.00833467527663305,0.026273522749743903
11009,140.0900000000172,-0.008334677322592349,0.0262735163361102
11010,140.10000000001722,-0.008334679367851466,0.02627350992469357
11011,140.1100000000172,-0.008334681412410689,0.02627350351549304
11012,140.12000000001723,-0.008334683456270316,0.026273497108507658
11013,140.13000000001722,-0.008334685499430644,0.026273490703736496
11014,140.1400000000172,-0.008334687541891974,0.02627348430117859
11015,140.1500000000172,-0.0083346895836546,0.026273477900833005
11016,140.16000000001722,-0.008334691624718811,0.026273471502698778
11017,140.17000000001724,-0.008334693665084911,0.02627346510677497
11018,140.18000000001723,-0.008334695704753191,0.026273458713060634
11019,140.19000000001722,-0.008334697743723947,0.02627345232155483
11020,140.2000000000172,-0.008334699781997476,0.0262734459322566
11021,140.21000000001723,-0.008334701819574073,0.026273439545165016
11022,140.22000000001722,-0.00833470385645403,0.02627343316027912
11023,140.23000000001724,-0.008334705892637644,0.02627342677759797
11024,140.24000000001723,-0.008334707928125209,0.026273420397120623
11025,140.25000000001722,-0.008334709962917021,0.026273414018846145
11026,140.26000000001724,-0.008334711997013371,0.02627340764277358
11027,140.27000000001723,-0.008334714030414556,0.026273401268901993
11028,140.28000000001725,-0.008334716063120869,0.02627339489723044
11029,140.29000000001724,-0.008334718095132605,0.026273388527757985
11030,140.30000000001723,-0.008334720126450056,0.026273382160483683
11031,140.31000000001723,-0.008334722157073513,0.026273375795406586
11032,140.32000000001725,-0.008334724187003277,0.026273369432525777
11033,140.33000000001726,-0.008334726216239638,0.0262733630718403
11034,140.34000000001726,-0.008334728244782883,0.026273356713349214
11035,140.35000000001725,-0.008334730272633312,0.02627335035705159
11036,140.36000000001724,-0.008334732299791217,0.02627334400294648
11037,140.37000000001726,-0.00833473432625689,0.02627333765103296
11038,140.38000000001725,-0.008334736352030622,0.02627333130131009
11039,140.39000000001727,-0.008334738377112705,0.026273324953776923
11040,140.40000000001726,-0.008334740401503437,0.02627331860843254
11041,140.41000000001725,-0.008334742425203103,0.026273312265275992
11042,140.42000000001727,-0.008334744448211999,0.026273305924306354
11043,140.43000000001726,-0.008334746470530414,0.026273299585522675
11044,140.44000000001728,-0.00833474849215864,0.026273293248924037
11045,140.45000000001727,-0.008334750513096973,0.026273286914509513
11046,140.46000000001726,-0.008334752533345698,0.02627328058227815
11047,140.47000000001725,-0.008334754552905114,0.02627327425222903
11048,140.48000000001727,-0.008334756571775502,0.02627326792436121
11049,140.4900000000173,-0.008334758589957159,0.026273261598673766
11050,140.50000000001728,-0.008334760607450377,0.026273255275165764
11051,140.51000000001727,-0.008334762624255443,0.02627324895383628
11052,140.52000000001726,-0.00833476464037265,0.026273242634684387
11053,140.53000000001728,-0.00833476665580229,0.02627323631770914
11054,140.54000000001727,-0.008334768670544645,0.026273230002909608
11055,140.5500000000173,-0.008334770684600016,0.02627322369028489
11056,140.56000000001728,-0.008334772697968684,0.026273217379834027
11057,140.57000000001727,-0.008334774710650942,0.026273211071556106
11058,140.5800000000173,-0.00833477672264708,0.026273204765450198
11059,140.59000000001728,-0.008334778733957387,0.02627319846151538
11060,140.6000000000173,-0.008334780744582158,0.026273192159750727
11061,140.6100000000173,-0.008334782754521671,0.0262731858601553
11062,140.62000000001728,-0.008334784763776222,0.026273179562728188
11063,140.63000000001728,-0.008334786772346099,0.02627317326746846
11064,140.6400000000173,-0.008334788780231589,0.026273166974375185
11065,140.65000000001731,-0.008334790787432985,0.02627316068344745
11066,140.6600000000173,-0.00833479279395057,0.02627315439468434
11067,140.6700000000173,-0.008334794799784636,0.02627314810808491
11068,140.6800000000173,-0.008334796804935466,0.02627314182364825
11069,140.6900000000173,-0.008334798809403354,0.02627313554137343
11070,140.7000000000173,-0.008334800813188584,0.026273129261259534
11071,140.71000000001732,-0.00833480281629145,0.026273122983305648
11072,140.7200000000173,-0.008334804818712233,0.026273116707510844
11073,140.7300000000173,-0.00833480682045122,0.0262731104338742
11074,140.74000000001732,-0.0083348088215087,0.0262731041623948
11075,140.7500000000173,-0.008334810821884963,0.026273097893071723
11076,140.76000000001733,-0.008334812821580294,0.026273091625904053
11077,140.77000000001732,-0.008334814820594975,0.02627308536089086
11078,140.7800000000173,-0.0083348168189293,0.02627307909803125
11079,140.7900000000173,-0.008334818816583555,0.026273072837324288
11080,140.80000000001732,-0.008334820813558018,0.02627306657876905
11081,140.81000000001734,-0.008334822809852985,0.02627306032236465
11082,140.82000000001733,-0.008334824805468741,0.026273054068110143
11083,140.83000000001732,-0.008334826800405563,0.026273047816004615
11084,140.8400000000173,-0.008334828794663749,0.026273041566047175
11085,140.85000000001733,-0.008334830788243574,0.026273035318236885
11086,140.86000000001732,-0.00833483278114533,0.026273029072572833
11087,140.87000000001734,-0.0083348347733693,0.02627302282905413
11088,140.88000000001733,-0.00833483676491577,0.02627301658767982
11089,140.89000000001732,-0.008334838755785026,0.02627301034844903
11090,140.90000000001734,-0.00833484074597735,0.026273004111360833
11091,140.91000000001733,-0.00833484273549303,0.026272997876414312
11092,140.92000000001735,-0.008334844724332355,0.02627299164360857
11093,140.93000000001734,-0.008334846712495595,0.02627298541294268
11094,140.94000000001733,-0.008334848699983053,0.02627297918441575
11095,140.95000000001733,-0.008334850686794995,0.026272972958026844
11096,140.96000000001735,-0.008334852672931716,0.026272966733775067
11097,140.97000000001736,-0.008334854658393499,0.026272960511659522
11098,140.98000000001736,-0.008334856643180627,0.026272954291679286
11099,140.99000000001735,-0.00833485862729338,0.026272948073833444
11100,141.00000000001734,-0.008334860610732046,0.02627294185812111
11101,141.01000000001736,-0.008334862593496906,0.026272935644541362
11102,141.02000000001735,-0.008334864575588248,0.0262729294330933
11103,141.03000000001737,-0.00833486655700635,0.02627292322377602
11104,141.04000000001736,-0.008334868537751495,0.0262729170165886
11105,141.05000000001735,-0.008334870517823967,0.026272910811530156
11106,141.06000000001737,-0.008334872497224052,0.026272904608599764
11107,141.07000000001736,-0.008334874475952025,0.026272898407796532
11108,141.08000000001738,-0.008334876454008175,0.026272892209119554
11109,141.09000000001737,-0.008334878431392778,0.026272886012567928
11110,141.10000000001736,-0.008334880408106125,0.026272879818140752
11111,141.11000000001735,-0.00833488238414849,0.026272873625837113
11112,141.12000000001737,-0.008334884359520161,0.026272867435656128
11113,141.1300000000174,-0.008334886334221414,0.026272861247596875
11114,141.14000000001738,-0.008334888308252535,0.026272855061658475
11115,141.15000000001737,-0.008334890281613803,0.02627284887784
11116,141.16000000001736,-0.008334892254305499,0.02627284269614057
11117,141.17000000001738,-0.008334894226327903,0.02627283651655928
11118,141.18000000001737,-0.008334896197681302,0.026272830339095228
11119,141.1900000000174,-0.008334898168365969,0.02627282416374752
11120,141.20000000001738,-0.008334900138382189,0.026272817990515257
11121,141.21000000001737,-0.008334902107730241,0.026272811819397536
11122,141.2200000000174,-0.00833490407641041,0.026272805650393468
11123,141.23000000001738,-0.008334906044422968,0.026272799483502154
11124,141.2400000000174,-0.008334908011768203,0.026272793318722686
11125,141.2500000000174,-0.00833490997844639,0.026272787156054186
11126,141.26000000001738,-0.008334911944457808,0.026272780995495737
11127,141.27000000001738,-0.008334913909802745,0.02627277483704647
11128,141.2800000000174,-0.008334915874481468,0.026272768680705463
11129,141.29000000001741,-0.008334917838494268,0.026272762526471843
11130,141.3000000000174,-0.008334919801841418,0.026272756374344713
11131,141.3100000000174,-0.008334921764523199,0.02627275022432317
11132,141.3200000000174,-0.008334923726539888,0.02627274407640632
11133,141.3300000000174,-0.008334925687891768,0.02627273793059329
11134,141.3400000000174,-0.008334927648579111,0.026272731786883167
11135,141.35000000001742,-0.008334929608602203,0.026272725645275066
11136,141.3600000000174,-0.008334931567961317,0.0262727195057681
11137,141.3700000000174,-0.008334933526656738,0.026272713368361383
11138,141.38000000001742,-0.008334935484688734,0.026272707233054006
11139,141.3900000000174,-0.008334937442057593,0.0262727010998451
11140,141.40000000001743,-0.008334939398763586,0.02627269496873376
11141,141.41000000001742,-0.008334941354806995,0.026272688839719113
11142,141.4200000000174,-0.008334943310188095,0.02627268271280026
11143,141.4300000000174,-0.008334945264907164,0.02627267658797631
11144,141.44000000001742,-0.00833494721896448,0.026272670465246378
11145,141.45000000001744,-0.008334949172360318,0.026272664344609585
11146,141.46000000001743,-0.008334951125094957,0.026272658226065036
11147,141.47000000001742,-0.008334953077168677,0.026272652109611848
11148,141.4800000000174,-0.00833495502858175,0.026272645995249137
11149,141.49000000001743,-0.008334956979334457,0.026272639882976026
11150,141.50000000001742,-0.008334958929427067,0.02627263377279161
11151,141.51000000001744,-0.008334960878859862,0.02627262766469501
11152,141.52000000001743,-0.008334962827633121,0.02627262155868536
11153,141.53000000001742,-0.00833496477574711,0.02627261545476175
11154,141.54000000001744,-0.008334966723202117,0.02627260935292332
11155,141.55000000001743,-0.00833496866999841,0.026272603253169175
11156,141.56000000001745,-0.008334970616136264,0.026272597155498432
11157,141.57000000001744,-0.00833497256161596,0.026272591059910224
11158,141.58000000001744,-0.008334974506437774,0.02627258496640366
11159,141.59000000001743,-0.008334976450601977,0.02627257887497786
11160,141.60000000001745,-0.008334978394108841,0.026272572785631932
11161,141.61000000001746,-0.008334980336958646,0.026272566698365012
11162,141.62000000001746,-0.008334982279151668,0.026272560613176222
11163,141.63000000001745,-0.008334984220688176,0.02627255453006467
11164,141.64000000001744,-0.00833498616156845,0.026272548449029483
11165,141.65000000001746,-0.008334988101792765,0.026272542370069787
11166,141.66000000001745,-0.008334990041361389,0.026272536293184698
11167,141.67000000001747,-0.008334991980274603,0.026272530218373346
11168,141.68000000001746,-0.008334993918532678,0.026272524145634857
11169,141.69000000001745,-0.008334995856135886,0.026272518074968342
11170,141.70000000001747,-0.008334997793084501,0.026272512006372924
11171,141.71000000001746,-0.008334999729378801,0.02627250593984775
11172,141.72000000001748,-0.008335001665019054,0.026272499875391916
11173,141.73000000001747,-0.008335003600005539,0.02627249381300457
11174,141.74000000001746,-0.008335005534338526,0.026272487752684835
11175,141.75000000001745,-0.008335007468018287,0.02627248169443183
11176,141.76000000001747,-0.008335009401045097,0.026272475638244672
11177,141.7700000000175,-0.008335011333419226,0.026272469584122514
11178,141.78000000001748,-0.00833501326514095,0.026272463532064465
11179,141.79000000001747,-0.00833501519621054,0.026272457482069658
11180,141.80000000001746,-0.00833501712662827,0.02627245143413722
11181,141.81000000001748,-0.008335019056394409,0.02627244538826629
11182,141.82000000001747,-0.00833502098550923,0.026272439344455983
11183,141.8300000000175,-0.008335022913973008,0.02627243330270544
11184,141.84000000001748,-0.008335024841786014,0.02627242726301379
11185,141.85000000001747,-0.008335026768948517,0.026272421225380153
11186,141.8600000000175,-0.008335028695460786,0.026272415189803663
11187,141.87000000001748,-0.008335030621323099,0.02627240915628347
11188,141.8800000000175,-0.008335032546535726,0.026272403124818683
11189,141.8900000000175,-0.008335034471098936,0.02627239709540846
11190,141.90000000001749,-0.008335036395013,0.0262723910680519
11191,141.91000000001748,-0.008335038318278191,0.02627238504274816
11192,141.9200000000175,-0.008335040240894775,0.026272379019496375
11193,141.93000000001751,-0.008335042162863028,0.026272372998295667
11194,141.9400000000175,-0.00833504408418322,0.026272366979145173
11195,141.9500000000175,-0.00833504600485562,0.02627236096204405
11196,141.9600000000175,-0.008335047924880495,0.026272354946991396
11197,141.9700000000175,-0.00833504984425812,0.026272348933986375
11198,141.9800000000175,-0.008335051762988764,0.02627234292302812
11199,141.99000000001752,-0.008335053681072692,0.02627233691411575
11200,142.0000000000175,-0.008335055598510182,0.02627233090724843
11201,142.0100000000175,-0.008335057515301496,0.02627232490242527
11202,142.02000000001752,-0.008335059431446907,0.026272318899645427
11203,142.0300000000175,-0.008335061346946684,0.02627231289890804
11204,142.04000000001753,-0.008335063261801097,0.026272306900212233
11205,142.05000000001752,-0.008335065176010414,0.026272300903557165
11206,142.0600000000175,-0.008335067089574901,0.026272294908941965
11207,142.0700000000175,-0.008335069002494831,0.02627228891636577
11208,142.08000000001752,-0.008335070914770468,0.026272282925827718
11209,142.09000000001754,-0.008335072826402088,0.026272276937326967
11210,142.10000000001753,-0.008335074737389953,0.026272270950862653
11211,142.11000000001752,-0.008335076647734335,0.02627226496643391
11212,142.1200000000175,-0.008335078557435496,0.026272258984039884
11213,142.13000000001753,-0.00833508046649371,0.026272253003679722
11214,142.14000000001752,-0.008335082374909245,0.026272247025352566
11215,142.15000000001754,-0.008335084282682361,0.02627224104905755
11216,142.16000000001753,-0.008335086189813334,0.026272235074793832
11217,142.17000000001752,-0.00833508809630243,0.02627222910256056
11218,142.18000000001754,-0.008335090002149912,0.026272223132356855
11219,142.19000000001753,-0.00833509190735605,0.026272217164181887
11220,142.20000000001755,-0.008335093811921114,0.026272211198034797
11221,142.21000000001754,-0.008335095715845361,0.026272205233914714
11222,142.22000000001754,-0.00833509761912907,0.02627219927182081
11223,142.23000000001753,-0.008335099521772497,0.02627219331175222
11224,142.24000000001755,-0.008335101423775916,0.026272187353708086
11225,142.25000000001756,-0.008335103325139592,0.02627218139768757
11226,142.26000000001756,-0.00833510522586379,0.026272175443689812
11227,142.27000000001755,-0.008335107125948772,0.026272169491713963
11228,142.28000000001754,-0.008335109025394813,0.02627216354175917
11229,142.29000000001756,-0.008335110924202171,0.026272157593824595
11230,142.30000000001755,-0.008335112822371111,0.026272151647909362
11231,142.31000000001757,-0.008335114719901907,0.026272145704012654
11232,142.32000000001756,-0.008335116616794818,0.0262721397621336
11233,142.33000000001755,-0.00833511851305011,0.026272133822271355
11234,142.34000000001757,-0.008335120408668049,0.02627212788442508
11235,142.35000000001756,-0.008335122303648898,0.026272121948593914
11236,142.36000000001758,-0.008335124197992925,0.02627211601477703
11237,142.37000000001757,-0.008335126091700394,0.02627211008297356
11238,142.38000000001756,-0.008335127984771568,0.026272104153182662
11239,142.39000000001755,-0.00833512987720671,0.026272098225403502
11240,142.40000000001757,-0.008335131769006089,0.02627209229963522
11241,142.4100000000176,-0.008335133660169967,0.02627208637587699
11242,142.42000000001758,-0.008335135550698607,0.02627208045412795
11243,142.43000000001757,-0.008335137440592274,0.026272074534387253
11244,142.44000000001756,-0.008335139329851233,0.026272068616654078
11245,142.45000000001758,-0.008335141218475745,0.026272062700927558
11246,142.46000000001757,-0.008335143106466075,0.026272056787206864
11247,142.4700000000176,-0.00833514499382249,0.026272050875491157
11248,142.48000000001758,-0.008335146880545246,0.026272044965779576
11249,142.49000000001757,-0.00833514876663461,0.026272039058071295
11250,142.5000000000176,-0.008335150652090846,0.026272033152365468
11251,142.51000000001758,-0.008335152536914218,0.026272027248661258
11252,142.5200000000176,-0.008335154421104982,0.026272021346957816
11253,142.5300000000176,-0.008335156304663407,0.026272015447254316
11254,142.54000000001759,-0.008335158187589755,0.026272009549549905
11255,142.55000000001758,-0.008335160069884289,0.026272003653843752
11256,142.5600000000176,-0.008335161951547265,0.026271997760135012
11257,142.57000000001761,-0.008335163832578952,0.02627199186842285
11258,142.5800000000176,-0.008335165712979608,0.02627198597870643
11259,142.5900000000176,-0.008335167592749496,0.026271980090984914
11260,142.6000000000176,-0.00833516947188888,0.026271974205257467
11261,142.6100000000176,-0.008335171350398018,0.02627196832152325
11262,142.6200000000176,-0.008335173228277176,0.026271962439781422
11263,142.63000000001762,-0.00833517510552661,0.026271956560031152
11264,142.6400000000176,-0.008335176982146586,0.026271950682271613
11265,142.6500000000176,-0.008335178858137364,0.026271944806501964
11266,142.66000000001762,-0.0083351807334992,0.02627193893272136
11267,142.6700000000176,-0.008335182608232359,0.026271933060928974
11268,142.68000000001763,-0.008335184482337103,0.026271927191123978
11269,142.69000000001762,-0.008335186355813687,0.02627192132330553
11270,142.7000000000176,-0.00833518822866238,0.026271915457472806
11271,142.7100000000176,-0.008335190100883436,0.02627190959362497
11272,142.72000000001762,-0.008335191972477118,0.026271903731761196
11273,142.73000000001764,-0.008335193843443682,0.026271897871880636
11274,142.74000000001763,-0.008335195713783394,0.026271892013982476
11275,142.75000000001762,-0.008335197583496507,0.026271886158065878
11276,142.7600000000176,-0.00833519945258329,0.026271880304130017
11277,142.77000000001763,-0.008335201321043992,0.02627187445217405
11278,142.78000000001762,-0.008335203188878877,0.02627186860219716
11279,142.79000000001764,-0.008335205056088205,0.026271862754198513
11280,142.80000000001763,-0.008335206922672237,0.026271856908177283
11281,142.81000000001762,-0.008335208788631228,0.026271851064132642
11282,142.82000000001764,-0.00833521065396544,0.026271845222063762
11283,142.83000000001763,-0.008335212518675127,0.026271839381969815
11284,142.84000000001765,-0.008335214382760553,0.02627183354384997
11285,142.85000000001764,-0.008335216246221975,0.026271827707703404
11286,142.86000000001764,-0.00833521810905965,0.02627182187352929
11287,142.87000000001763,-0.008335219971273834,0.026271816041326806
11288,142.88000000001765,-0.008335221832864791,0.02627181021109512
11289,142.89000000001766,-0.008335223693832779,0.026271804382833424
11290,142.90000000001766,-0.008335225554178047,0.02627179855654086
11291,142.91000000001765,-0.008335227413900864,0.026271792732216644
11292,142.92000000001764,-0.008335229273001479,0.026271786909859925
11293,142.93000000001766,-0.008335231131480155,0.026271781089469887
11294,142.94000000001765,-0.008335232989337148,0.026271775271045718
11295,142.95000000001767,-0.008335234846572713,0.026271769454586574
11296,142.96000000001766,-0.008335236703187107,0.026271763640091643
11297,142.97000000001765,-0.008335238559180594,0.026271757827560117
11298,142.98000000001767,-0.008335240414553418,0.02627175201699116
11299,142.99000000001766,-0.008335242269305848,0.02627174620838395
11300,143.00000000001768,-0.008335244123438133,0.026271740401737676
11301,143.01000000001767,-0.008335245976950532,0.026271734597051507
11302,143.02000000001766,-0.008335247829843304,0.02627172879432463
11303,143.03000000001765,-0.008335249682116701,0.026271722993556235
11304,143.04000000001767,-0.008335251533770984,0.02627171719474549
11305,143.0500000000177,-0.008335253384806401,0.02627171139789158
11306,143.06000000001768,-0.008335255235223214,0.026271705602993682
11307,143.07000000001767,-0.008335257085021681,0.026271699810050998
11308,143.08000000001766,-0.00833525893420205,0.02627169401906269
11309,143.09000000001768,-0.008335260782764583,0.02627168823002795
11310,143.10000000001767,-0.00833526263070953,0.026271682442945955
11311,143.1100000000177,-0.008335264478037148,0.026271676657815903
11312,143.12000000001768,-0.0083352663247477,0.026271670874636967
11313,143.13000000001767,-0.008335268170841426,0.026271665093408336
11314,143.1400000000177,-0.008335270016318593,0.026271659314129205
11315,143.15000000001768,-0.00833527186117945,0.026271653536798736
11316,143.1600000000177,-0.008335273705424251,0.02627164776141613
11317,143.1700000000177,-0.008335275549053257,0.026271641987980574
11318,143.18000000001769,-0.008335277392066714,0.026271636216491253
11319,143.19000000001768,-0.00833527923446488,0.026271630446947355
11320,143.2000000000177,-0.008335281076248011,0.026271624679348075
11321,143.21000000001771,-0.00833528291741636,0.026271618913692587
11322,143.2200000000177,-0.008335284757970178,0.026271613149980094
11323,143.2300000000177,-0.008335286597909723,0.026271607388209776
11324,143.2400000000177,-0.008335288437235243,0.026271601628380825
11325,143.2500000000177,-0.008335290275946993,0.02627159587049243
11326,143.2600000000177,-0.008335292114045231,0.02627159011454377
11327,143.27000000001772,-0.008335293951530206,0.026271584360534065
11328,143.2800000000177,-0.008335295788402171,0.02627157860846248
11329,143.2900000000177,-0.008335297624661384,0.026271572858328214
11330,143.30000000001772,-0.008335299460308088,0.02627156711013046
11331,143.3100000000177,-0.008335301295342545,0.026271561363868413
11332,143.32000000001773,-0.008335303129765005,0.026271555619541268
11333,143.33000000001772,-0.008335304963575716,0.0262715498771482
11334,143.3400000000177,-0.008335306796774938,0.02627154413668843
11335,143.3500000000177,-0.008335308629362917,0.026271538398161126
11336,143.36000000001772,-0.008335310461339908,0.0262715326615655
11337,143.37000000001774,-0.008335312292706162,0.02627152692690074
11338,143.38000000001773,-0.00833531412346193,0.02627152119416604
11339,143.39000000001772,-0.008335315953607463,0.0262715154633606
11340,143.4000000000177,-0.008335317783143018,0.026271509734483604
11341,143.41000000001773,-0.00833531961206884,0.026271504007534266
11342,143.42000000001772,-0.008335321440385185,0.026271498282511782
11343,143.43000000001774,-0.008335323268092299,0.02627149255941532
11344,143.44000000001773,-0.008335325095190438,0.026271486838244117
11345,143.45000000001772,-0.008335326921679855,0.02627148111899735
11346,143.46000000001774,-0.008335328747560794,0.026271475401674224
11347,143.47000000001773,-0.008335330572833506,0.02627146968627393
11348,143.48000000001775,-0.008335332397498247,0.026271463972795665
11349,143.49000000001774,-0.008335334221555264,0.026271458261238636
11350,143.50000000001774,-0.008335336045004808,0.026271452551602043
11351,143.51000000001773,-0.00833533786784713,0.026271446843885087
11352,143.52000000001775,-0.00833533969008248,0.026271441138086972
11353,143.53000000001776,-0.008335341511711107,0.026271435434206885
11354,143.54000000001776,-0.008335343332733261,0.02627142973224404
11355,143.55000000001775,-0.00833534515314919,0.026271424032197635
11356,143.56000000001774,-0.008335346972959146,0.02627141833406687
11357,143.57000000001776,-0.008335348792163381,0.026271412637850954
11358,143.58000000001775,-0.00833535061076214,0.026271406943549087
11359,143.59000000001777,-0.00833535242875567,0.026271401251160467
11360,143.60000000001776,-0.008335354246144228,0.026271395560684297
11361,143.61000000001775,-0.008335356062928057,0.0262713898721198
11362,143.62000000001777,-0.008335357879107408,0.02627138418546616
11363,143.63000000001776,-0.00833535969468253,0.026271378500722593
11364,143.64000000001778,-0.008335361509653671,0.026271372817888307
11365,143.65000000001777,-0.00833536332402108,0.026271367136962497
11366,143.66000000001776,-0.008335365137785003,0.026271361457944373
11367,143.67000000001775,-0.008335366950945692,0.026271355780833148
11368,143.68000000001777,-0.00833536876350339,0.02627135010562802
11369,143.6900000000178,-0.008335370575458348,0.0262713444323282
11370,143.70000000001778,-0.008335372386810818,0.02627133876093291
11371,143.71000000001777,-0.008335374197561042,0.026271333091441328
11372,143.72000000001776,-0.00833537600770927,0.02627132742385269
11373,143.73000000001778,-0.008335377817255747,0.02627132175816619
11374,143.74000000001777,-0.008335379626200724,0.02627131609438104
11375,143.7500000000178,-0.008335381434544447,0.02627131043249646
11376,143.76000000001778,-0.00833538324228716,0.026271304772511644
11377,143.77000000001777,-0.008335385049429114,0.026271299114425817
11378,143.7800000000178,-0.008335386855970555,0.026271293458238178
11379,143.79000000001778,-0.008335388661911733,0.026271287803947958
11380,143.8000000000178,-0.008335390467252887,0.02627128215155434
11381,143.8100000000178,-0.008335392271994268,0.026271276501056554
11382,143.82000000001779,-0.008335394076136126,0.026271270852453815
11383,143.83000000001778,-0.0083353958796787,0.026271265205745326
11384,143.8400000000178,-0.00833539768262224,0.026271259560930304
11385,143.85000000001781,-0.00833539948496699,0.02627125391800797
11386,143.8600000000178,-0.0083354012867132,0.026271248276977525
11387,143.8700000000178,-0.008335403087861114,0.026271242637838206
11388,143.8800000000178,-0.008335404888410976,0.026271237000589195
11389,143.8900000000178,-0.008335406688363032,0.02627123136522973
11390,143.9000000000178,-0.008335408487717529,0.02627122573175902
11391,143.91000000001782,-0.008335410286474713,0.026271220100176296
11392,143.9200000000178,-0.008335412084634826,0.026271214470480746
11393,143.9300000000178,-0.008335413882198113,0.026271208842671603
11394,143.94000000001782,-0.008335415679164826,0.026271203216748095
11395,143.9500000000178,-0.008335417475535203,0.026271197592709423
11396,143.96000000001783,-0.008335419271309487,0.026271191970554806
11397,143.97000000001782,-0.008335421066487929,0.02627118635028347
11398,143.9800000000178,-0.008335422861070767,0.026271180731894623
11399,143.9900000000178,-0.008335424655058255,0.026271175115387506
11400,144.00000000001782,-0.008335426448450627,0.026271169500761308
11401,144.01000000001784,-0.008335428241248133,0.02627116388801528
11402,144.02000000001783,-0.008335430033451016,0.026271158277148623
11403,144.03000000001782,-0.008335431825059516,0.026271152668160557
11404,144.0400000000178,-0.008335433616073883,0.026271147061050312
11405,144.05000000001783,-0.008335435406494356,0.026271141455817104
11406,144.06000000001782,-0.00833543719632118,0.026271135852460152
11407,144.07000000001784,-0.0083354389855546,0.026271130250978693
11408,144.08000000001783,-0.008335440774194855,0.026271124651371932
11409,144.09000000001782,-0.008335442562242197,0.02627111905363911
11410,144.10000000001784,-0.008335444349696857,0.026271113457779435
11411,144.11000000001783,-0.008335446136559087,0.026271107863792133
11412,144.12000000001785,-0.008335447922829127,0.02627110227167644
11413,144.13000000001784,-0.008335449708507222,0.026271096681431568
11414,144.14000000001784,-0.008335451493593606,0.02627109109305674
11415,144.15000000001783,-0.008335453278088534,0.026271085506551196
11416,144.16000000001785,-0.008335455061992238,0.02627107992191414
11417,144.17000000001786,-0.008335456845304966,0.026271074339144832
11418,144.18000000001786,-0.008335458628026959,0.026271068758242467
11419,144.19000000001785,-0.008335460410158453,0.026271063179206283
11420,144.20000000001784,-0.008335462191699701,0.026271057602035505
11421,144.21000000001786,-0.00833546397265094,0.026271052026729372
11422,144.22000000001785,-0.008335465753012406,0.026271046453287088
11423,144.23000000001787,-0.008335467532784349,0.026271040881707907
11424,144.24000000001786,-0.008335469311967002,0.026271035311991042
11425,144.25000000001785,-0.008335471090560615,0.026271029744135733
11426,144.26000000001787,-0.008335472868565423,0.026271024178141207
11427,144.27000000001786,-0.008335474645981668,0.02627101861400668
11428,144.28000000001788,-0.008335476422809593,0.026271013051731393
11429,144.29000000001787,-0.00833547819904944,0.02627100749131459
11430,144.30000000001786,-0.008335479974701446,0.026271001932755483
11431,144.31000000001785,-0.008335481749765852,0.02627099637605331
11432,144.32000000001787,-0.0083354835242429,0.026270990821207298
11433,144.3300000000179,-0.008335485298132831,0.02627098526821669
11434,144.34000000001788,-0.008335487071435884,0.02627097971708071
11435,144.35000000001787,-0.008335488844152297,0.026270974167798597
11436,144.36000000001786,-0.008335490616282314,0.026270968620369574
11437,144.37000000001788,-0.008335492387826172,0.02627096307479289
11438,144.38000000001787,-0.00833549415878411,0.02627095753106776
11439,144.3900000000179,-0.008335495929156373,0.02627095198919344
11440,144.40000000001788,-0.008335497698943196,0.02627094644916915
11441,144.41000000001787,-0.008335499468144818,0.026270940910994134
11442,144.4200000000179,-0.008335501236761482,0.026270935374667622
11443,144.43000000001788,-0.008335503004793418,0.02627092984018884
11444,144.4400000000179,-0.00833550477224088,0.026270924307557047
11445,144.4500000000179,-0.008335506539104096,0.026270918776771474
11446,144.46000000001789,-0.008335508305383306,0.026270913247831342
11447,144.47000000001788,-0.008335510071078751,0.026270907720735908
11448,144.4800000000179,-0.008335511836190669,0.026270902195484395
11449,144.49000000001791,-0.008335513600719298,0.026270896672076046
11450,144.5000000000179,-0.008335515364664876,0.026270891150510105
11451,144.5100000000179,-0.008335517128027643,0.026270885630785806
11452,144.5200000000179,-0.008335518890807837,0.026270880112902396
11453,144.5300000000179,-0.008335520653005694,0.0262708745968591
11454,144.5400000000179,-0.008335522414621453,0.026270869082655173
11455,144.55000000001792,-0.00833552417565535,0.026270863570289845
11456,144.5600000000179,-0.008335525936107625,0.026270858059762366
11457,144.5700000000179,-0.008335527695978517,0.026270852551071974
11458,144.58000000001792,-0.008335529455268258,0.026270847044217904
11459,144.5900000000179,-0.00833553121397709,0.026270841539199404
11460,144.60000000001793,-0.008335532972105254,0.02627083603601573
11461,144.61000000001792,-0.00833553472965297,0.02627083053466609
11462,144.6200000000179,-0.008335536486620495,0.02627082503514976
11463,144.6300000000179,-0.008335538243008056,0.026270819537465965
11464,144.64000000001792,-0.008335539998815892,0.02627081404161397
11465,144.65000000001794,-0.008335541754044237,0.02627080854759299
11466,144.66000000001793,-0.00833554350869333,0.026270803055402286
11467,144.67000000001792,-0.008335545262763406,0.02627079756504111
11468,144.6800000000179,-0.008335547016254703,0.02627079207650869
11469,144.69000000001793,-0.008335548769167459,0.02627078658980429
11470,144.70000000001792,-0.008335550521501903,0.026270781104927143
11471,144.71000000001794,-0.008335552273258278,0.0262707756218765
11472,144.72000000001793,-0.008335554024436816,0.026270770140651607
11473,144.73000000001792,-0.008335555775037752,0.026270764661251708
11474,144.74000000001794,-0.008335557525061326,0.02627075918367606
11475,144.75000000001793,-0.008335559274507768,0.0262707537079239
11476,144.76000000001795,-0.008335561023377316,0.026270748233994487
11477,144.77000000001794,-0.008335562771670205,0.02627074276188706
11478,144.78000000001794,-0.008335564519386674,0.02627073729160088
11479,144.79000000001793,-0.008335566266526952,0.026270731823135197
11480,144.80000000001795,-0.008335568013091274,0.02627072635648923
11481,144.81000000001796,-0.008335569759079883,0.026270720891662273
11482,144.82000000001796,-0.008335571504493001,0.026270715428653547
11483,144.83000000001795,-0.008335573249330873,0.026270709967462315
11484,144.84000000001794,-0.008335574993593728,0.02627070450808782
11485,144.85000000001796,-0.008335576737281802,0.02627069905052933
11486,144.86000000001795,-0.008335578480395331,0.026270693594786086
11487,144.87000000001797,-0.008335580222934545,0.026270688140857333
11488,144.88000000001796,-0.008335581964899683,0.026270682688742338
11489,144.89000000001795,-0.00833558370629097,0.026270677238440343
11490,144.90000000001797,-0.008335585447108653,0.02627067178995061
11491,144.91000000001796,-0.008335587187352955,0.026270666343272388
11492,144.92000000001798,-0.008335588927024112,0.026270660898404935
11493,144.93000000001797,-0.008335590666122357,0.026270655455347496
11494,144.94000000001796,-0.008335592404647927,0.026270650014099346
11495,144.95000000001795,-0.00833559414260105,0.02627064457465972
11496,144.96000000001797,-0.008335595879981967,0.02627063913702788
11497,144.970000000018,-0.008335597616790901,0.02627063370120309
11498,144.98000000001798,-0.008335599353028095,0.0262706282671846
11499,144.99000000001797,-0.00833560108869377,0.02627062283497166
11500,145.00000000001796,-0.008335602823788167,0.026270617404563542
11501,145.01000000001798,-0.008335604558311517,0.026270611975959493
11502,145.02000000001797,-0.008335606292264054,0.02627060654915878
11503,145.030000000018,-0.008335608025646004,0.02627060112416065
11504,145.04000000001798,-0.008335609758457608,0.02627059570096437
11505,145.05000000001797,-0.00833561149069909,0.0262705902795692
11506,145.060000000018,-0.008335613222370683,0.026270584859974386
11507,145.07000000001798,-0.008335614953472625,0.026270579442179216
11508,145.080000000018,-0.008335616684005141,0.026270574026182915
11509,145.090000000018,-0.008335618413968468,0.026270568611984766
11510,145.10000000001799,-0.008335620143362834,0.026270563199584027
11511,145.11000000001798,-0.008335621872188469,0.02627055778897995
11512,145.120000000018,-0.008335623600445607,0.026270552380171803
11513,145.13000000001801,-0.00833562532813448,0.026270546973158858
11514,145.140000000018,-0.008335627055255316,0.02627054156794036
11515,145.150000000018,-0.008335628781808348,0.02627053616451558
11516,145.160000000018,-0.008335630507793807,0.02627053076288378
11517,145.170000000018,-0.008335632233211921,0.026270525363044223
11518,145.180000000018,-0.008335633958062924,0.02627051996499618
11519,145.19000000001802,-0.008335635682347046,0.0262705145687389
11520,145.200000000018,-0.008335637406064514,0.026270509174271657
11521,145.210000000018,-0.00833563912921556,0.026270503781593724
11522,145.22000000001802,-0.008335640851800418,0.026270498390704354
11523,145.230000000018,-0.008335642573819314,0.02627049300160281
11524,145.24000000001803,-0.008335644295272475,0.026270487614288372
11525,145.25000000001802,-0.00833564601616014,0.0262704822287603
11526,145.260000000018,-0.00833564773648253,0.026270476845017852
11527,145.270000000018,-0.008335649456239878,0.026270471463060302
11528,145.28000000001802,-0.008335651175432413,0.026270466082886926
11529,145.29000000001804,-0.008335652894060361,0.026270460704496967
11530,145.30000000001803,-0.00833565461212396,0.026270455327889727
11531,145.31000000001802,-0.008335656329623433,0.02627044995306445
11532,145.320000000018,-0.00833565804655901,0.02627044458002041
11533,145.33000000001803,-0.008335659762930917,0.02627043920875688
11534,145.34000000001802,-0.008335661478739386,0.026270433839273123
11535,145.35000000001804,-0.008335663193984646,0.02627042847156842
11536,145.36000000001803,-0.008335664908666924,0.026270423105642027
11537,145.37000000001802,-0.008335666622786453,0.026270417741493232
11538,145.38000000001804,-0.008335668336343456,0.026270412379121297
11539,145.39000000001803,-0.008335670049338158,0.026270407018525482
11540,145.40000000001805,-0.008335671761770797,0.026270401659705078
11541,145.41000000001804,-0.008335673473641596,0.026270396302659343
11542,145.42000000001804,-0.008335675184950781,0.02627039094738756
11543,145.43000000001803,-0.008335676895698583,0.026270385593888997
11544,145.44000000001805,-0.008335678605885228,0.026270380242162928
11545,145.45000000001806,-0.008335680315510945,0.026270374892208622
11546,145.46000000001806,-0.008335682024575958,0.026270369544025354
11547,145.47000000001805,-0.008335683733080496,0.026270364197612403
11548,145.48000000001804,-0.00833568544102479,0.026270358852969043
11549,145.49000000001806,-0.008335687148409064,0.02627035351009455
11550,145.50000000001805,-0.008335688855233543,0.026270348168988187
11551,145.51000000001807,-0.008335690561498459,0.026270342829649244
11552,145.52000000001806,-0.008335692267204034,0.02627033749207699
11553,145.53000000001805,-0.008335693972350497,0.026270332156270712
11554,145.54000000001807,-0.008335695676938076,0.026270326822229673
11555,145.55000000001806,-0.00833569738096699,0.02627032148995314
11556,145.56000000001808,-0.008335699084437473,0.02627031615944042
11557,145.57000000001807,-0.008335700787349753,0.026270310830690778
11558,145.58000000001806,-0.00833570248970405,0.026270305503703493
11559,145.59000000001805,-0.008335704191500592,0.026270300178477833
11560,145.60000000001807,-0.008335705892739608,0.02627029485501309
11561,145.6100000000181,-0.008335707593421317,0.02627028953330853
11562,145.62000000001808,-0.008335709293545953,0.026270284213363446
11563,145.63000000001807,-0.008335710993113735,0.026270278895177107
11564,145.64000000001806,-0.008335712692124896,0.02627027357874881
11565,145.65000000001808,-0.008335714390579653,0.02627026826407782
11566,145.66000000001807,-0.00833571608847823,0.026270262951163418
11567,145.6700000000181,-0.008335717785820861,0.026270257640004895
11568,145.68000000001808,-0.008335719482607766,0.026270252330601523
11569,145.69000000001807,-0.00833572117883917,0.026270247022952584
11570,145.7000000000181,-0.008335722874515302,0.02627024171705737
11571,145.71000000001808,-0.008335724569636379,0.026270236412915156
11572,145.7200000000181,-0.008335726264202634,0.026270231110525226
11573,145.7300000000181,-0.008335727958214285,0.026270225809886867
11574,145.74000000001809,-0.008335729651671559,0.026270220510999358
11575,145.75000000001808,-0.00833573134457468,0.026270215213861987
11576,145.7600000000181,-0.008335733036923875,0.026270209918474036
11577,145.77000000001811,-0.008335734728719364,0.026270204624834793
11578,145.7800000000181,-0.008335736419961371,0.026270199332943545
11579,145.7900000000181,-0.008335738110650123,0.026270194042799563
11580,145.8000000000181,-0.008335739800785839,0.026270188754402145
11581,145.8100000000181,-0.008335741490368748,0.026270183467750584
11582,145.8200000000181,-0.008335743179399073,0.026270178182844148
11583,145.83000000001812,-0.008335744867877033,0.026270172899682136
11584,145.8400000000181,-0.008335746555802853,0.026270167618263833
11585,145.8500000000181,-0.008335748243176762,0.02627016233858854
11586,145.86000000001812,-0.008335749929998974,0.026270157060655514
11587,145.8700000000181,-0.008335751616269716,0.02627015178446407
11588,145.88000000001813,-0.008335753301989213,0.026270146510013484
11589,145.89000000001812,-0.008335754987157684,0.026270141237303046
11590,145.9000000000181,-0.008335756671775356,0.026270135966332053
11591,145.9100000000181,-0.008335758355842448,0.02627013069709978
11592,145.92000000001812,-0.008335760039359184,0.02627012542960554
11593,145.93000000001814,-0.008335761722325783,0.026270120163848606
11594,145.94000000001813,-0.008335763404742473,0.02627011489982827
11595,145.95000000001812,-0.008335765086609475,0.026270109637543834
11596,145.9600000000181,-0.008335766767927005,0.02627010437699457
11597,145.97000000001813,-0.00833576844869529,0.02627009911817978
11598,145.98000000001812,-0.008335770128914554,0.026270093861098767
11599,145.99000000001814,-0.008335771808585014,0.02627008860575081
11600,146.00000000001813,-0.008335773487706895,0.026270083352135206
11601,146.01000000001812,-0.008335775166280413,0.026270078100251237
11602,146.02000000001814,-0.008335776844305797,0.026270072850098226
11603,146.03000000001813,-0.008335778521783264,0.026270067601675436
11604,146.04000000001815,-0.008335780198713035,0.026270062354982172
11605,146.05000000001814,-0.00833578187509533,0.026270057110017727
11606,146.06000000001814,-0.008335783550930374,0.02627005186678141
11607,146.07000000001813,-0.008335785226218384,0.026270046625272492
11608,146.08000000001815,-0.008335786900959584,0.02627004138549029
11609,146.09000000001816,-0.008335788575154192,0.02627003614743409
11610,146.10000000001816,-0.008335790248802431,0.026270030911103193
11611,146.11000000001815,-0.008335791921904515,0.02627002567649688
11612,146.12000000001814,-0.008335793594460676,0.026270020443614477
11613,146.13000000001816,-0.008335795266471125,0.026270015212455252
11614,146.14000000001815,-0.008335796937936082,0.026270009983018518
11615,146.15000000001817,-0.008335798608855772,0.026270004755303566
11616,146.16000000001816,-0.008335800279230412,0.02626999952930971
11617,146.17000000001815,-0.00833580194906022,0.02626999430503622
11618,146.18000000001817,-0.008335803618345421,0.026269989082482417
11619,146.19000000001816,-0.00833580528708623,0.0262699838616476
11620,146.20000000001818,-0.00833580695528287,0.026269978642531066
11621,146.21000000001817,-0.008335808622935556,0.02626997342513211
11622,146.22000000001816,-0.008335810290044507,0.02626996820945002
11623,146.23000000001815,-0.008335811956609951,0.026269962995484133
11624,146.24000000001817,-0.008335813622632096,0.026269957783233717
11625,146.2500000000182,-0.008335815288111168,0.026269952572698096
11626,146.26000000001818,-0.00833581695304738,0.02626994736387655
11627,146.27000000001817,-0.008335818617440961,0.0262699421567684
11628,146.28000000001816,-0.008335820281292117,0.026269936951372932
11629,146.29000000001818,-0.008335821944601075,0.02626993174768946
11630,146.30000000001817,-0.008335823607368049,0.02626992654571728
11631,146.3100000000182,-0.008335825269593259,0.026269921345455704
11632,146.32000000001818,-0.008335826931276926,0.02626991614690404
11633,146.33000000001817,-0.008335828592419265,0.026269910950061582
11634,146.3400000000182,-0.00833583025302049,0.02626990575492762
11635,146.35000000001818,-0.008335831913080828,0.026269900561501483
11636,146.3600000000182,-0.008335833572600494,0.02626989536978248
11637,146.3700000000182,-0.0083358352315797,0.02626989017976989
11638,146.38000000001819,-0.008335836890018669,0.026269884991463037
11639,146.39000000001818,-0.008335838547917614,0.02626987980486122
11640,146.4000000000182,-0.008335840205276756,0.026269874619963753
11641,146.41000000001821,-0.008335841862096316,0.026269869436769937
11642,146.4200000000182,-0.0083358435183765,0.02626986425527908
11643,146.4300000000182,-0.008335845174117538,0.026269859075490495
11644,146.4400000000182,-0.008335846829319635,0.026269853897403477
11645,146.4500000000182,-0.008335848483983015,0.026269848721017345
11646,146.4600000000182,-0.008335850138107895,0.0262698435463314
11647,146.47000000001822,-0.00833585179169449,0.026269838373344966
11648,146.4800000000182,-0.008335853444743016,0.026269833202057332
11649,146.4900000000182,-0.008335855097253689,0.026269828032467822
11650,146.50000000001822,-0.008335856749226723,0.026269822864575732
11651,146.5100000000182,-0.008335858400662345,0.026269817698380396
11652,146.52000000001823,-0.008335860051560758,0.0262698125338811
11653,146.53000000001822,-0.008335861701922184,0.026269807371077165
11654,146.5400000000182,-0.00833586335174684,0.026269802209967906
11655,146.5500000000182,-0.008335865001034939,0.026269797050552626
11656,146.56000000001822,-0.0083358666497867,0.026269791892830643
11657,146.57000000001824,-0.008335868298002334,0.026269786736801262
11658,146.58000000001823,-0.00833586994568206,0.02626978158246381
11659,146.59000000001822,-0.00833587159282609,0.026269776429817586
11660,146.6000000000182,-0.008335873239434643,0.0262697712788619
11661,146.61000000001823,-0.008335874885507934,0.02626976612959608
11662,146.62000000001822,-0.008335876531046177,0.026269760982019434
11663,146.63000000001824,-0.008335878176049584,0.026269755836131274
11664,146.64000000001823,-0.008335879820518376,0.026269750691930913
11665,146.65000000001822,-0.008335881464452764,0.026269745549417675
11666,146.66000000001824,-0.008335883107852963,0.026269740408590862
11667,146.67000000001823,-0.008335884750719186,0.02626973526944979
11668,146.68000000001825,-0.00833588639305165,0.026269730131993786
11669,146.69000000001824,-0.008335888034850568,0.02626972499622217
11670,146.70000000001824,-0.008335889676116157,0.02626971986213424
11671,146.71000000001823,-0.008335891316848629,0.026269714729729325
11672,146.72000000001825,-0.008335892957048195,0.026269709599006742
11673,146.73000000001826,-0.008335894596715075,0.026269704469965807
11674,146.74000000001826,-0.008335896235849481,0.02626969934260584
11675,146.75000000001825,-0.008335897874451619,0.026269694216926147
11676,146.76000000001824,-0.008335899512521719,0.026269689092926065
11677,146.77000000001826,-0.008335901150059976,0.0262696839706049
11678,146.78000000001825,-0.008335902787066614,0.026269678849961963
11679,146.79000000001827,-0.008335904423541847,0.026269673730996604
11680,146.80000000001826,-0.008335906059485884,0.02626966861370812
11681,146.81000000001825,-0.008335907694898939,0.026269663498095827
11682,146.82000000001827,-0.008335909329781229,0.026269658384159053
11683,146.83000000001826,-0.008335910964132961,0.026269653271897127
11684,146.84000000001828,-0.008335912597954352,0.026269648161309358
11685,146.85000000001827,-0.008335914231245613,0.02626964305239507
11686,146.86000000001826,-0.008335915864006956,0.026269637945153593
11687,146.87000000001825,-0.008335917496238597,0.02626963283958424
11688,146.88000000001827,-0.008335919127940742,0.02626962773568634
11689,146.8900000000183,-0.00833592075911361,0.026269622633459205
11690,146.90000000001828,-0.008335922389757411,0.02626961753290217
11691,146.91000000001827,-0.008335924019872352,0.026269612434014548
11692,146.92000000001826,-0.008335925649458653,0.026269607336795668
11693,146.93000000001828,-0.008335927278516522,0.026269602241244864
11694,146.94000000001827,-0.008335928907046174,0.02626959714736145
11695,146.9500000000183,-0.008335930535047812,0.026269592055144744
11696,146.96000000001828,-0.008335932162521657,0.026269586964594083
11697,146.97000000001827,-0.008335933789467915,0.026269581875708787
11698,146.9800000000183,-0.008335935415886803,0.02626957678848819
11699,146.99000000001828,-0.008335937041778525,0.026269571702931604
11700,147.0000000000183,-0.008335938667143298,0.026269566619038363
11701,147.0100000000183,-0.00833594029198133,0.026269561536807793
11702,147.02000000001829,-0.008335941916292833,0.026269556456239223
11703,147.03000000001828,-0.00833594354007802,0.026269551377331977
11704,147.0400000000183,-0.008335945163337098,0.026269546300085385
11705,147.05000000001831,-0.008335946786070279,0.026269541224498774
11706,147.0600000000183,-0.008335948408277772,0.026269536150571468
11707,147.0700000000183,-0.00833595002995979,0.026269531078302807
11708,147.0800000000183,-0.008335951651116546,0.02626952600769211
11709,147.0900000000183,-0.008335953271748244,0.026269520938738706
11710,147.1000000000183,-0.0083359548918551,0.02626951587144194
11711,147.11000000001832,-0.00833595651143732,0.026269510805801123
11712,147.1200000000183,-0.008335958130495112,0.026269505741815587
11713,147.1300000000183,-0.008335959749028695,0.026269500679484675
11714,147.14000000001832,-0.008335961367038269,0.0262694956188077
11715,147.1500000000183,-0.008335962984524048,0.026269490559784017
11716,147.16000000001833,-0.008335964601486244,0.02626948550241294
11717,147.17000000001832,-0.008335966217925064,0.02626948044669381
11718,147.1800000000183,-0.008335967833840713,0.02626947539262595
11719,147.1900000000183,-0.008335969449233406,0.0262694703402087
11720,147.20000000001832,-0.008335971064103352,0.02626946528944139
11721,147.21000000001834,-0.008335972678450756,0.02626946024032335
11722,147.22000000001833,-0.008335974292275835,0.026269455192853924
11723,147.23000000001832,-0.008335975905578786,0.026269450147032435
11724,147.2400000000183,-0.008335977518359829,0.02626944510285822
11725,147.25000000001833,-0.008335979130619165,0.02626944006033061
11726,147.26000000001832,-0.008335980742357006,0.026269435019448947
11727,147.27000000001834,-0.00833598235357356,0.026269429980212568
11728,147.28000000001833,-0.00833598396426904,0.02626942494262081
11729,147.29000000001832,-0.008335985574443643,0.026269419906672996
11730,147.30000000001834,-0.008335987184097586,0.026269414872368457
11731,147.31000000001833,-0.008335988793231074,0.02626940983970655
11732,147.32000000001835,-0.008335990401844318,0.026269404808686603
11733,147.33000000001834,-0.008335992009937525,0.026269399779307954
11734,147.34000000001834,-0.0083359936175109,0.02626939475156994
11735,147.35000000001833,-0.008335995224564654,0.0262693897254719
11736,147.36000000001835,-0.00833599683109899,0.026269384701013164
11737,147.37000000001836,-0.008335998437114122,0.02626937967819308
11738,147.38000000001836,-0.00833600004261025,0.026269374657010982
11739,147.39000000001835,-0.008336001647587587,0.026269369637466216
11740,147.40000000001834,-0.008336003252046338,0.026269364619558106
11741,147.41000000001836,-0.008336004855986711,0.026269359603286007
11742,147.42000000001835,-0.00833600645940891,0.02626935458864925
11743,147.43000000001837,-0.008336008062313147,0.02626934957564718
11744,147.44000000001836,-0.008336009664699624,0.026269344564279134
11745,147.45000000001835,-0.008336011266568553,0.026269339554544458
11746,147.46000000001837,-0.008336012867920134,0.026269334546442487
11747,147.47000000001836,-0.00833601446875458,0.02626932953997256
11748,147.48000000001838,-0.008336016069072093,0.026269324535134038
11749,147.49000000001837,-0.008336017668872877,0.026269319531926228
11750,147.50000000001836,-0.008336019268157146,0.02626931453034851
11751,147.51000000001835,-0.008336020866925099,0.026269309530400207
11752,147.52000000001837,-0.008336022465176948,0.02626930453208066
11753,147.5300000000184,-0.008336024062912895,0.026269299535389225
11754,147.54000000001838,-0.008336025660133145,0.026269294540325235
11755,147.55000000001837,-0.008336027256837904,0.02626928954688804
11756,147.56000000001836,-0.008336028853027385,0.026269284555076988
11757,147.57000000001838,-0.008336030448701784,0.026269279564891408
11758,147.58000000001837,-0.008336032043861307,0.026269274576330656
11759,147.5900000000184,-0.008336033638506164,0.026269269589394077
11760,147.60000000001838,-0.00833603523263656,0.02626926460408102
11761,147.61000000001837,-0.008336036826252698,0.026269259620390825
11762,147.6200000000184,-0.008336038419354782,0.026269254638322838
11763,147.63000000001838,-0.00833604001194302,0.02626924965787641
11764,147.6400000000184,-0.008336041604017618,0.026269244679050882
11765,147.6500000000184,-0.00833604319557877,0.026269239701845602
11766,147.66000000001839,-0.008336044786626697,0.026269234726259933
11767,147.67000000001838,-0.008336046377161592,0.0262692297522932
11768,147.6800000000184,-0.008336047967183664,0.026269224779944766
11769,147.69000000001841,-0.008336049556693113,0.02626921980921397
11770,147.7000000000184,-0.00833605114569015,0.026269214840100166
11771,147.7100000000184,-0.008336052734174974,0.026269209872602704
11772,147.7200000000184,-0.008336054322147788,0.026269204906720932
11773,147.7300000000184,-0.008336055909608802,0.026269199942454198
11774,147.7400000000184,-0.008336057496558216,0.026269194979801857
11775,147.75000000001842,-0.008336059082996235,0.02626919001876326
11776,147.7600000000184,-0.008336060668923059,0.026269185059337744
11777,147.7700000000184,-0.008336062254338894,0.026269180101524677
11778,147.78000000001842,-0.008336063839243948,0.026269175145323398
11779,147.7900000000184,-0.008336065423638414,0.026269170190733267
11780,147.80000000001843,-0.008336067007522508,0.026269165237753633
11781,147.81000000001842,-0.00833606859089642,0.02626916028638384
11782,147.8200000000184,-0.008336070173760363,0.02626915533662326
11783,147.8300000000184,-0.008336071756114538,0.026269150388471225
11784,147.84000000001842,-0.008336073337959146,0.026269145441927103
11785,147.85000000001844,-0.008336074919294391,0.026269140496990247
11786,147.86000000001843,-0.008336076500120472,0.026269135553659992
11787,147.87000000001842,-0.008336078080437596,0.026269130611935712
11788,147.8800000000184,-0.008336079660245967,0.02626912567181676
11789,147.89000000001843,-0.008336081239545783,0.02626912073330248
11790,147.90000000001842,-0.008336082818337247,0.026269115796392233
11791,147.91000000001844,-0.00833608439662056,0.02626911086108537
11792,147.92000000001843,-0.00833608597439593,0.02626910592738126
11793,147.93000000001842,-0.008336087551663556,0.026269100995279245
11794,147.94000000001844,-0.008336089128423636,0.026269096064778685
11795,147.95000000001843,-0.008336090704676377,0.026269091135878938
11796,147.96000000001845,-0.008336092280421977,0.02626908620857936
11797,147.97000000001844,-0.00833609385566064,0.026269081282879303
11798,147.98000000001844,-0.00833609543039257,0.02626907635877814
11799,147.99000000001843,-0.008336097004617963,0.02626907143627522
11800,148.00000000001845,-0.008336098578337024,0.026269066515369893
11801,148.01000000001847,-0.00833610015154995,0.026269061596061526
11802,148.02000000001846,-0.008336101724256948,0.026269056678349476
11803,148.03000000001845,-0.008336103296458213,0.026269051762233094
11804,148.04000000001844,-0.008336104868153955,0.026269046847711766
11805,148.05000000001846,-0.008336106439344368,0.026269041934784826
11806,148.06000000001845,-0.008336108010029649,0.026269037023451635
11807,148.07000000001847,-0.008336109580210006,0.026269032113711566
11808,148.08000000001846,-0.00833611114988564,0.02626902720556397
11809,148.09000000001845,-0.008336112719056746,0.02626902229900821
11810,148.10000000001847,-0.008336114287723528,0.026269017394043647
11811,148.11000000001846,-0.008336115855886183,0.02626901249066964
11812,148.12000000001848,-0.008336117423544918,0.026269007588885576
11813,148.13000000001847,-0.008336118990699925,0.02626900268869077
11814,148.14000000001846,-0.008336120557351409,0.026268997790084618
11815,148.15000000001845,-0.008336122123499568,0.02626899289306648
11816,148.16000000001847,-0.008336123689144607,0.02626898799763571
11817,148.1700000000185,-0.008336125254286715,0.02626898310379167
11818,148.18000000001848,-0.0083361268189261,0.02626897821153373
11819,148.19000000001847,-0.008336128383062958,0.026268973320861255
11820,148.20000000001846,-0.008336129946697494,0.02626896843177361
11821,148.21000000001848,-0.0083361315098299,0.026268963544270156
11822,148.22000000001847,-0.008336133072460379,0.026268958658350255
11823,148.2300000000185,-0.00833613463458913,0.026268953774013275
11824,148.24000000001848,-0.008336136196216353,0.02626894889125859
11825,148.25000000001847,-0.008336137757342243,0.026268944010085542
11826,148.2600000000185,-0.008336139317967003,0.02626893913049352
11827,148.27000000001848,-0.008336140878090832,0.026268934252481887
11828,148.2800000000185,-0.008336142437713925,0.026268929376050004
11829,148.2900000000185,-0.008336143996836484,0.026268924501197242
11830,148.30000000001849,-0.008336145555458705,0.026268919627922965
11831,148.31000000001848,-0.008336147113580787,0.026268914756226537
11832,148.3200000000185,-0.00833614867120293,0.026268909886107333
11833,148.33000000001852,-0.008336150228325331,0.026268905017564723
11834,148.3400000000185,-0.008336151784948188,0.026268900150598063
11835,148.3500000000185,-0.008336153341071703,0.026268895285206737
11836,148.3600000000185,-0.008336154896696066,0.0262688904213901
11837,148.3700000000185,-0.008336156451821479,0.026268885559147536
11838,148.3800000000185,-0.008336158006448144,0.02626888069847841
11839,148.39000000001852,-0.00833615956057625,0.026268875839382075
11840,148.4000000000185,-0.008336161114206,0.02626887098185792
11841,148.4100000000185,-0.008336162667337593,0.026268866125905323
11842,148.42000000001852,-0.008336164219971224,0.026268861271523638
11843,148.4300000000185,-0.008336165772107088,0.02626885641871224
11844,148.44000000001853,-0.008336167323745385,0.02626885156747049
11845,148.45000000001852,-0.008336168874886309,0.02626884671779778
11846,148.4600000000185,-0.008336170425530065,0.02626884186969349
11847,148.4700000000185,-0.008336171975676843,0.026268837023156962
11848,148.48000000001852,-0.008336173525326842,0.026268832178187585
11849,148.49000000001854,-0.008336175074480253,0.02626882733478472
11850,148.50000000001853,-0.00833617662313728,0.026268822492947763
11851,148.51000000001852,-0.008336178171298118,0.026268817652676066
11852,148.5200000000185,-0.008336179718962965,0.026268812813969023
11853,148.53000000001853,-0.008336181266132012,0.026268807976825986
11854,148.54000000001852,-0.008336182812805456,0.02626880314124634
11855,148.55000000001854,-0.0083361843589835,0.02626879830722947
11856,148.56000000001853,-0.008336185904666334,0.02626879347477474
11857,148.57000000001852,-0.008336187449854158,0.026268788643881522
11858,148.58000000001854,-0.008336188994547161,0.026268783814549196
11859,148.59000000001853,-0.008336190538745543,0.026268778986777135
11860,148.60000000001855,-0.008336192082449505,0.02626877416056473
11861,148.61000000001854,-0.008336193625659235,0.026268769335911345
11862,148.62000000001854,-0.008336195168374931,0.02626876451281636
11863,148.63000000001853,-0.008336196710596789,0.02626875969127914
11864,148.64000000001855,-0.008336198252324999,0.02626875487129907
11865,148.65000000001857,-0.008336199793559769,0.02626875005287555
11866,148.66000000001856,-0.00833620133430128,0.026268745236007925
11867,148.67000000001855,-0.008336202874549739,0.0262687404206956
11868,148.68000000001854,-0.008336204414305331,0.026268735606937932
11869,148.69000000001856,-0.008336205953568257,0.02626873079473431
11870,148.70000000001855,-0.00833620749233871,0.026268725984084116
11871,148.71000000001857,-0.008336209030616883,0.026268721174986718
11872,148.72000000001856,-0.008336210568402972,0.026268716367441505
11873,148.73000000001855,-0.008336212105697174,0.02626871156144786
11874,148.74000000001857,-0.008336213642499679,0.026268706757005156
11875,148.75000000001856,-0.008336215178810688,0.02626870195411279
11876,148.76000000001858,-0.008336216714630385,0.02626869715277012
11877,148.77000000001857,-0.008336218249958971,0.026268692352976533
11878,148.78000000001856,-0.008336219784796641,0.02626868755473143
11879,148.79000000001855,-0.008336221319143584,0.026268682758034168
11880,148.80000000001857,-0.008336222853000001,0.026268677962884145
11881,148.8100000000186,-0.00833622438636608,0.026268673169280735
11882,148.82000000001858,-0.008336225919242013,0.02626866837722332
11883,148.83000000001857,-0.008336227451627999,0.026268663586711295
11884,148.84000000001856,-0.00833622898352423,0.026268658797744027
11885,148.85000000001858,-0.0083362305149309,0.02626865401032092
11886,148.86000000001857,-0.0083362320458482,0.02626864922444134
11887,148.8700000000186,-0.00833623357627632,0.026268644440104672
11888,148.88000000001858,-0.008336235106215463,0.026268639657310314
11889,148.89000000001857,-0.008336236635665817,0.026268634876057646
11890,148.9000000000186,-0.00833623816462757,0.02626863009634604
11891,148.91000000001858,-0.008336239693100923,0.026268625318174903
11892,148.9200000000186,-0.00833624122108606,0.026268620541543605
11893,148.9300000000186,-0.00833624274858318,0.026268615766451533
11894,148.94000000001859,-0.008336244275592479,0.026268610992898078
11895,148.95000000001858,-0.008336245802114143,0.026268606220882635
11896,148.9600000000186,-0.008336247328148364,0.026268601450404567
11897,148.97000000001862,-0.008336248853695336,0.02626859668146328
11898,148.9800000000186,-0.008336250378755255,0.02626859191405817
11899,148.9900000000186,-0.008336251903328309,0.026268587148188596
11900,149.0000000000186,-0.008336253427414687,0.026268582383853968
11901,149.0100000000186,-0.00833625495101459,0.026268577621053668
11902,149.0200000000186,-0.008336256474128204,0.026268572859787096
11903,149.03000000001862,-0.00833625799675572,0.026268568100053614
11904,149.0400000000186,-0.008336259518897328,0.02626856334185263
11905,149.0500000000186,-0.008336261040553229,0.02626855858518354
11906,149.06000000001862,-0.008336262561723607,0.026268553830045723
11907,149.0700000000186,-0.008336264082408652,0.02626854907643857
11908,149.08000000001863,-0.008336265602608563,0.02626854432436148
11909,149.09000000001862,-0.00833626712232352,0.026268539573813816
11910,149.1000000000186,-0.008336268641553724,0.02626853482479501
11911,149.1100000000186,-0.008336270160299366,0.026268530077304432
11912,149.12000000001862,-0.008336271678560627,0.026268525331341462
11913,149.13000000001864,-0.008336273196337705,0.026268520586905514
11914,149.14000000001863,-0.008336274713630791,0.026268515843995956
11915,149.15000000001862,-0.008336276230440077,0.02626851110261222
11916,149.1600000000186,-0.00833627774676575,0.026268506362753654
11917,149.17000000001863,-0.008336279262608003,0.026268501624419675
11918,149.18000000001862,-0.008336280777967022,0.026268496887609676
11919,149.19000000001864,-0.008336282292843004,0.026268492152323044
11920,149.20000000001863,-0.008336283807236134,0.02626848741855917
11921,149.21000000001862,-0.008336285321146605,0.026268482686317457
11922,149.22000000001864,-0.008336286834574609,0.026268477955597305
11923,149.23000000001863,-0.00833628834752033,0.026268473226398095
11924,149.24000000001865,-0.008336289859983961,0.026268468498719222
11925,149.25000000001864,-0.008336291371965692,0.02626846377256009
11926,149.26000000001864,-0.008336292883465714,0.026268459047920096
11927,149.27000000001863,-0.008336294394484214,0.026268454324798622
11928,149.28000000001865,-0.008336295905021381,0.026268449603195083
11929,149.29000000001867,-0.008336297415077406,0.02626844488310886
11930,149.30000000001866,-0.00833629892465248,0.026268440164539355
11931,149.31000000001865,-0.008336300433746792,0.026268435447485968
11932,149.32000000001864,-0.00833630194236053,0.026268430731948095
11933,149.33000000001866,-0.00833630345049388,0.026268426017925128
11934,149.34000000001865,-0.008336304958147035,0.026268421305416477
11935,149.35000000001867,-0.008336306465320185,0.02626841659442153
11936,149.36000000001866,-0.008336307972013516,0.026268411884939682
11937,149.37000000001865,-0.008336309478227218,0.026268407176970352
11938,149.38000000001867,-0.008336310983961478,0.026268402470512917
11939,149.39000000001866,-0.008336312489216485,0.026268397765566782
11940,149.40000000001868,-0.008336313993992428,0.026268393062131353
11941,149.41000000001867,-0.008336315498289495,0.02626838836020602
11942,149.42000000001866,-0.00833631700210788,0.026268383659790197
11943,149.43000000001865,-0.00833631850544776,0.026268378960883267
11944,149.44000000001867,-0.008336320008309332,0.02626837426348466
11945,149.4500000000187,-0.008336321510692779,0.026268369567593736
11946,149.46000000001868,-0.008336323012598294,0.026268364873209934
11947,149.47000000001867,-0.008336324514026059,0.026268360180332632
11948,149.48000000001866,-0.008336326014976268,0.026268355488961243
11949,149.49000000001868,-0.008336327515449103,0.026268350799095164
11950,149.50000000001867,-0.008336329015444753,0.026268346110733802
11951,149.5100000000187,-0.008336330514963408,0.026268341423876556
11952,149.52000000001868,-0.008336332014005252,0.026268336738522826
11953,149.53000000001867,-0.008336333512570479,0.026268332054672033
11954,149.5400000000187,-0.008336335010659265,0.02626832737232355
11955,149.55000000001868,-0.008336336508271808,0.026268322691476814
11956,149.5600000000187,-0.008336338005408289,0.026268318012131205
11957,149.5700000000187,-0.008336339502068897,0.026268313334286135
11958,149.58000000001869,-0.00833634099825382,0.02626830865794102
11959,149.59000000001868,-0.008336342493963238,0.026268303983095233
11960,149.6000000000187,-0.008336343989197345,0.02626829930974822
11961,149.61000000001872,-0.008336345483956327,0.026268294637899356
11962,149.6200000000187,-0.008336346978240367,0.026268289967548063
11963,149.6300000000187,-0.008336348472049657,0.026268285298693746
11964,149.6400000000187,-0.008336349965384378,0.026268280631335808
11965,149.6500000000187,-0.008336351458244719,0.026268275965473657
11966,149.6600000000187,-0.008336352950630862,0.02626827130110669
11967,149.67000000001872,-0.008336354442543001,0.026268266638234335
11968,149.6800000000187,-0.008336355933981314,0.02626826197685598
11969,149.6900000000187,-0.008336357424945989,0.026268257316971043
11970,149.70000000001872,-0.008336358915437216,0.02626825265857893
11971,149.7100000000187,-0.008336360405455177,0.026268248001679047
11972,149.72000000001873,-0.00833636189500006,0.026268243346270814
11973,149.73000000001872,-0.008336363384072046,0.02626823869235362
11974,149.7400000000187,-0.008336364872671325,0.026268234039926886
11975,149.7500000000187,-0.00833636636079808,0.02626822938899003
11976,149.76000000001872,-0.008336367848452502,0.02626822473954245
11977,149.77000000001874,-0.008336369335634766,0.02626822009158355
11978,149.78000000001873,-0.008336370822345065,0.026268215445112753
11979,149.79000000001872,-0.008336372308583579,0.026268210800129466
11980,149.8000000000187,-0.0083363737943505,0.026268206156633105
11981,149.81000000001873,-0.008336375279646006,0.02626820151462307
11982,149.82000000001872,-0.008336376764470285,0.026268196874098777
11983,149.83000000001874,-0.00833637824882352,0.02626819223505964
11984,149.84000000001873,-0.008336379732705897,0.026268187597505075
11985,149.85000000001872,-0.008336381216117602,0.02626818296143449
11986,149.86000000001874,-0.008336382699058816,0.026268178326847295
11987,149.87000000001873,-0.008336384181529722,0.0262681736937429
11988,149.88000000001875,-0.008336385663530515,0.026268169062120733
11989,149.89000000001874,-0.008336387145061365,0.026268164431980188
11990,149.90000000001874,-0.008336388626122463,0.026268159803320694
11991,149.91000000001873,-0.008336390106713991,0.02626815517614165
11992,149.92000000001875,-0.008336391586836137,0.026268150550442487
11993,149.93000000001877,-0.00833639306648908,0.02626814592622261
11994,149.94000000001876,-0.008336394545673007,0.026268141303481436
11995,149.95000000001875,-0.008336396024388106,0.02626813668221839
11996,149.96000000001874,-0.00833639750263455,0.026268132062432864
11997,149.97000000001876,-0.008336398980412529,0.0262681274441243
11998,149.98000000001875,-0.008336400457722222,0.026268122827292087
11999,149.99000000001877,-0.008336401934563819,0.026268118211935663
